replication,problem_sha256,status,secondary_rule,secondary_status,secondary_value,secondary_normalized_value,secondary_normalization,prefix_size,greedy_size,maximal_size,prefix_indices,greedy_indices,maximal_indices,prefix_true,greedy_true,maximal_true,prefix_false,greedy_false,maximal_false,prefix_tpr,greedy_tpr,maximal_tpr,prefix_fdp,greedy_fdp,maximal_fdp,greedy_added,optimizer_added,elapsed_seconds,mip_solves,separation_calls,final_cut_count,initial_singleton_upper_bound,proof_upper_bound,message,method,selection_rule,K,ebh_seed_size,old_exported_prefix_size,separator_backend,separator_time_limit,separator_threads
1,c40de04628d14ad9afcd0556af4e33f20c9a0a0dd6181001fdadc11e63199326,proven_maximal,maximize_sum_testing_e_values_at_maximum_cardinality,proven_optimal,5324.9237306851,1.5261110403040976,3489.2111976491824,0,0,2,,,3;73,0,0,2,0,0,0,0.0,0.0,0.06666666666666667,0.0,0.0,0.0,0,2,10.00766038900474,21,14,1235,44,2,,original_uniform_floor_plus_prior_scores,maximum_cardinality_certified_superset_of_eBH_then_maximum_testing_evalue_sum,200,0,0,exact_dyadic_prefix_or_HiGHS_QUBO_MILP,300.0,1
2,fb73be025bc8cdc9f27ff38028d379f046aaf33d492b62aa4de68a731ca6e2b3,proven_maximal,maximize_sum_testing_e_values_at_maximum_cardinality,proven_optimal,35347.36846600983,2.478953534695434,14258.987904084548,10,10,10,14;29;66;68;86;95;135;142;162;184,14;29;66;68;86;95;135;142;162;184,14;29;66;68;86;95;135;142;162;184,10,10,10,0,0,0,0.3333333333333333,0.3333333333333333,0.3333333333333333,0.0,0.0,0.0,0,0,2.4768760160004604,9,6,599,49,10,,original_uniform_floor_plus_prior_scores,maximum_cardinality_certified_superset_of_eBH_then_maximum_testing_evalue_sum,200,10,10,exact_dyadic_prefix_or_HiGHS_QUBO_MILP,300.0,1
3,d39b2cbb53eab1cede807a2009444b4047864421ea0a5bdfa770aeabccf2678e,proven_maximal,maximize_sum_testing_e_values_at_maximum_cardinality,proven_optimal,23685.094114625437,1.6830483735959365,14072.73521439005,3,3,6,52;112;120,52;112;120,52;58;75;112;120;193,3,3,6,0,0,0,0.1,0.1,0.2,0.0,0.0,0.0,0,3,1.7927090419980232,13,8,679,50,6,,original_uniform_floor_plus_prior_scores,maximum_cardinality_certified_superset_of_eBH_then_maximum_testing_evalue_sum,200,3,3,exact_dyadic_prefix_or_HiGHS_QUBO_MILP,300.0,1
4,ec926bb6eb9e1427702da820b88e136756be483719a72ac704ddb21a56a50860,proven_maximal,maximize_sum_testing_e_values_at_maximum_cardinality,proven_optimal,11609.296666936185,3.0927966241552296,3753.6566666769313,5,5,12,78;110;155;162;168,78;110;155;162;168,1;41;78;84;110;128;154;155;162;164;168;172,5,5,12,0,0,0,0.16666666666666666,0.16666666666666666,0.4,0.0,0.0,0.0,0,7,4.633386451998376,9,8,637,50,12,,original_uniform_floor_plus_prior_scores,maximum_cardinality_certified_superset_of_eBH_then_maximum_testing_evalue_sum,200,5,5,exact_dyadic_prefix_or_HiGHS_QUBO_MILP,300.0,1
5,9426009fed68ad8d68c6467f82450c995d23cbc0a02dd93ac27b0bb93b14097b,proven_maximal,maximize_sum_testing_e_values_at_maximum_cardinality,proven_optimal,15958.823888572952,3.5196093028699944,4534.260059933257,8,8,10,25;27;40;41;54;73;129;174,25;27;40;41;54;73;129;174,10;25;27;40;41;54;73;129;156;174,8,8,10,0,0,0,0.26666666666666666,0.26666666666666666,0.3333333333333333,0.0,0.0,0.0,0,2,2.508576667001762,17,9,578,53,10,,original_uniform_floor_plus_prior_scores,maximum_cardinality_certified_superset_of_eBH_then_maximum_testing_evalue_sum,200,8,8,exact_dyadic_prefix_or_HiGHS_QUBO_MILP,300.0,1
6,6e7c53e764f0e115373951fe5976854f9a8bee9b39d40b59b8b7d29c85764fca,proven_maximal,maximize_sum_testing_e_values_at_maximum_cardinality,proven_optimal,3943.152434233715,1.0,3943.152434233715,0,0,1,,,173,0,0,1,0,0,0,0.0,0.0,0.03333333333333333,0.0,0.0,0.0,0,1,3.652302057002089,16,8,681,49,1,,original_uniform_floor_plus_prior_scores,maximum_cardinality_certified_superset_of_eBH_then_maximum_testing_evalue_sum,200,0,0,exact_dyadic_prefix_or_HiGHS_QUBO_MILP,300.0,1
7,8c940df256286422092df946c844914423f5040719d6aee46597d64eccda6164,proven_maximal,maximize_sum_testing_e_values_at_maximum_cardinality,proven_optimal,12036.465695457391,1.6576783274358857,7261.038222099171,2,2,3,3;19,3;19,3;19;82,2,2,3,0,0,0,0.06666666666666667,0.06666666666666667,0.1,0.0,0.0,0.0,0,1,2.2353625359974103,19,10,808,54,3,,original_uniform_floor_plus_prior_scores,maximum_cardinality_certified_superset_of_eBH_then_maximum_testing_evalue_sum,200,2,2,exact_dyadic_prefix_or_HiGHS_QUBO_MILP,300.0,1
8,1748647fa93a89769ff7705a14a2992a995ba28316d2142b12dc7a58a543cc40,proven_maximal,maximize_sum_testing_e_values_at_maximum_cardinality,proven_optimal,36550.56620157518,3.004517900728247,12165.20167602127,5,5,6,29;36;44;103;113,29;36;44;103;113,29;36;44;61;103;113,5,5,6,0,0,0,0.16666666666666666,0.16666666666666666,0.2,0.0,0.0,0.0,0,1,3.501421084998583,14,6,505,50,6,,original_uniform_floor_plus_prior_scores,maximum_cardinality_certified_superset_of_eBH_then_maximum_testing_evalue_sum,200,5,5,exact_dyadic_prefix_or_HiGHS_QUBO_MILP,300.0,1
9,9496b63f6c6127a6992f006afd7d141713f6fcda257dfab8a28a91989bd7eec8,proven_maximal,maximize_sum_testing_e_values_at_maximum_cardinality,proven_optimal,26150.12432797583,1.0,26150.12432797583,1,1,1,93,93,93,1,1,1,0,0,0,0.03333333333333333,0.03333333333333333,0.03333333333333333,0.0,0.0,0.0,0,0,2.9205836929977522,14,5,514,47,1,,original_uniform_floor_plus_prior_scores,maximum_cardinality_certified_superset_of_eBH_then_maximum_testing_evalue_sum,200,1,1,exact_dyadic_prefix_or_HiGHS_QUBO_MILP,300.0,1
10,0c798aa5a5e73fec144f10cf0bfed739bb646222b1446451082135a27b804208,proven_maximal,maximize_sum_testing_e_values_at_maximum_cardinality,proven_optimal,14270.282459898792,3.4716544596551806,4110.513481608471,5,5,8,67;71;124;136;151,67;71;124;136;151,48;67;71;72;124;136;148;151,5,5,8,0,0,0,0.16666666666666666,0.16666666666666666,0.26666666666666666,0.0,0.0,0.0,0,3,1.5703467209968949,12,10,725,44,8,,original_uniform_floor_plus_prior_scores,maximum_cardinality_certified_superset_of_eBH_then_maximum_testing_evalue_sum,200,5,5,exact_dyadic_prefix_or_HiGHS_QUBO_MILP,300.0,1
11,7bb1b0f1cddd4106b618b9a2e685b9f6f2077ee9f25d7ffde2965dd38c262ff8,proven_maximal,maximize_sum_testing_e_values_at_maximum_cardinality,proven_optimal,255762.61906130725,2.0132705414689704,127038.37551543947,3,3,5,20;91;112,20;91;112,12;20;91;112;166,3,3,5,0,0,0,0.1,0.1,0.16666666666666666,0.0,0.0,0.0,0,2,1.2095754550027777,11,9,718,43,5,,original_uniform_floor_plus_prior_scores,maximum_cardinality_certified_superset_of_eBH_then_maximum_testing_evalue_sum,200,3,3,exact_dyadic_prefix_or_HiGHS_QUBO_MILP,300.0,1
12,658a975dd91d2f5fbd13843e3645126ac476280e87139c03fee7994363b8a81e,proven_maximal,maximize_sum_testing_e_values_at_maximum_cardinality,proven_optimal,114746.84532741917,1.4846428365296498,77289.1920562118,3,3,6,4;34;36,4;34;36,4;30;34;36;99;199,3,3,6,0,0,0,0.1,0.1,0.2,0.0,0.0,0.0,0,3,3.101243613004044,14,12,708,69,6,,original_uniform_floor_plus_prior_scores,maximum_cardinality_certified_superset_of_eBH_then_maximum_testing_evalue_sum,200,3,3,exact_dyadic_prefix_or_HiGHS_QUBO_MILP,300.0,1
13,40140c9f14742b964d6a619aea173babb7594f54c57b35596424afcc108b012a,proven_maximal,maximize_sum_testing_e_values_at_maximum_cardinality,proven_optimal,39407.161467828984,4.3851016634759725,8986.601564122417,10,10,12,26;34;53;84;90;104;120;125;159;197,26;34;53;84;90;104;120;125;159;197,26;34;53;79;84;90;104;120;125;159;187;197,10,10,12,0,0,0,0.3333333333333333,0.3333333333333333,0.4,0.0,0.0,0.0,0,2,4.922935174996383,13,11,814,52,12,,original_uniform_floor_plus_prior_scores,maximum_cardinality_certified_superset_of_eBH_then_maximum_testing_evalue_sum,200,10,10,exact_dyadic_prefix_or_HiGHS_QUBO_MILP,300.0,1
14,134cb55642957d509ed8e51d6f3fc4092f23303651dd6c472e39591cadc51cbb,proven_maximal,maximize_sum_testing_e_values_at_maximum_cardinality,proven_optimal,171509.1088506728,2.1077980415986715,81368.85292890335,10,10,10,17;46;56;82;91;105;152;155;166;190,17;46;56;82;91;105;152;155;166;190,17;46;56;82;91;105;152;155;166;190,10,10,10,0,0,0,0.3333333333333333,0.3333333333333333,0.3333333333333333,0.0,0.0,0.0,0,0,2.5664869920001365,19,10,951,42,10,,original_uniform_floor_plus_prior_scores,maximum_cardinality_certified_superset_of_eBH_then_maximum_testing_evalue_sum,200,10,10,exact_dyadic_prefix_or_HiGHS_QUBO_MILP,300.0,1
15,4d5fdcfd18ec0873de6fec9cca1b330dd631ab3944e3f52992d1a5038ae54e01,proven_maximal,maximize_sum_testing_e_values_at_maximum_cardinality,proven_optimal,13725.667266397275,1.405017935417292,9769.033490893293,1,1,6,119,119,32;55;65;66;119;151,1,1,6,0,0,0,0.03333333333333333,0.03333333333333333,0.2,0.0,0.0,0.0,0,5,3.506076829995436,11,6,534,49,6,,original_uniform_floor_plus_prior_scores,maximum_cardinality_certified_superset_of_eBH_then_maximum_testing_evalue_sum,200,1,1,exact_dyadic_prefix_or_HiGHS_QUBO_MILP,300.0,1
16,a197fcba61da576aa83fc2110b5e419fb8900b7d3b4e07520b6021d210b8ab6c,proven_maximal,maximize_sum_testing_e_values_at_maximum_cardinality,proven_optimal,41512.50668698217,1.613124935193587,25734.21672512945,7,7,8,14;37;43;116;128;137;150,14;37;43;116;128;137;150,14;37;43;90;116;128;137;150,7,7,8,0,0,0,0.23333333333333334,0.23333333333333334,0.26666666666666666,0.0,0.0,0.0,0,1,2.9828555710046203,11,6,507,44,8,,original_uniform_floor_plus_prior_scores,maximum_cardinality_certified_superset_of_eBH_then_maximum_testing_evalue_sum,200,7,7,exact_dyadic_prefix_or_HiGHS_QUBO_MILP,300.0,1
17,58aa13726301012205ee7b932ed57d49f80be0ec2a67f15031ecdd34720d7807,proven_maximal,maximize_sum_testing_e_values_at_maximum_cardinality,proven_optimal,68887.16472018721,1.4801273114478257,46541.37802024841,5,5,8,79;86;96;104;124,79;86;96;104;124,71;79;86;96;104;121;124;154,5,5,8,0,0,0,0.16666666666666666,0.16666666666666666,0.26666666666666666,0.0,0.0,0.0,0,3,1.6120128239999758,11,7,577,55,8,,original_uniform_floor_plus_prior_scores,maximum_cardinality_certified_superset_of_eBH_then_maximum_testing_evalue_sum,200,5,5,exact_dyadic_prefix_or_HiGHS_QUBO_MILP,300.0,1
18,78b789db1a9de97de52b6d6f2afb64065031030eaa10fa40798b54525891c413,proven_maximal,maximize_sum_testing_e_values_at_maximum_cardinality,proven_optimal,49935.76656957716,1.4748821291269194,33857.462629327165,6,6,12,107;148;162;169;191;193,107;148;162;169;191;193,42;60;73;79;107;148;150;162;169;187;191;193,6,6,11,0,0,1,0.2,0.2,0.36666666666666664,0.0,0.0,0.08333333333333333,0,6,3.388461194001138,16,13,1022,52,12,,original_uniform_floor_plus_prior_scores,maximum_cardinality_certified_superset_of_eBH_then_maximum_testing_evalue_sum,200,6,6,exact_dyadic_prefix_or_HiGHS_QUBO_MILP,300.0,1
19,5d3e4daf7fef90c2eb063d2b8cbf5814070782c54dd27956cc3c81bbde338a7e,proven_maximal,maximize_sum_testing_e_values_at_maximum_cardinality,proven_optimal,25588.100928861575,3.9100291293329565,6544.222583126089,8,8,13,9;15;23;26;32;48;126;132,9;15;23;26;32;48;126;132,2;9;15;22;23;26;32;48;55;126;132;161;168,8,8,13,0,0,0,0.26666666666666666,0.26666666666666666,0.43333333333333335,0.0,0.0,0.0,0,5,8.208950931999425,12,8,714,55,13,,original_uniform_floor_plus_prior_scores,maximum_cardinality_certified_superset_of_eBH_then_maximum_testing_evalue_sum,200,8,8,exact_dyadic_prefix_or_HiGHS_QUBO_MILP,300.0,1
20,edc24248bc471ff705197e4c8354cd3aaac7e8ce0ed436a5df236467212ddce9,proven_maximal,maximize_sum_testing_e_values_at_maximum_cardinality,proven_optimal,24843.48618697801,1.8085285893097633,13736.85012989465,2,2,7,84;163,84;163,18;45;64;78;84;106;163,2,2,7,0,0,0,0.06666666666666667,0.06666666666666667,0.23333333333333334,0.0,0.0,0.0,0,5,4.504959817997587,16,12,771,48,7,,original_uniform_floor_plus_prior_scores,maximum_cardinality_certified_superset_of_eBH_then_maximum_testing_evalue_sum,200,2,2,exact_dyadic_prefix_or_HiGHS_QUBO_MILP,300.0,1
21,9527e305f3fd1bbcf33f659a13c9e354517baad56903957320f123c21b398695,proven_maximal,maximize_sum_testing_e_values_at_maximum_cardinality,proven_optimal,120418.48114365112,2.239438121824717,53771.73853124057,6,6,6,16;32;69;85;109;197,16;32;69;85;109;197,16;32;69;85;109;197,6,6,6,0,0,0,0.2,0.2,0.2,0.0,0.0,0.0,0,0,2.0853096959981485,11,6,524,49,6,,original_uniform_floor_plus_prior_scores,maximum_cardinality_certified_superset_of_eBH_then_maximum_testing_evalue_sum,200,6,6,exact_dyadic_prefix_or_HiGHS_QUBO_MILP,300.0,1
22,5e302616fdcca55927d294238fbf1148ca26ec83a93ef3f724129d19f51cdb48,proven_maximal,maximize_sum_testing_e_values_at_maximum_cardinality,proven_optimal,20231.61499441291,1.3674846051427392,14794.766184809165,5,5,5,57;89;106;152;173,57;89;106;152;173,57;89;106;152;173,5,5,5,0,0,0,0.16666666666666666,0.16666666666666666,0.16666666666666666,0.0,0.0,0.0,0,0,3.2301627400011057,16,8,722,51,5,,original_uniform_floor_plus_prior_scores,maximum_cardinality_certified_superset_of_eBH_then_maximum_testing_evalue_sum,200,5,5,exact_dyadic_prefix_or_HiGHS_QUBO_MILP,300.0,1
23,0365adec5204997268a4c9ec02b18639c50cdafb7b789aad8dfe45b3ceb9584e,proven_maximal,maximize_sum_testing_e_values_at_maximum_cardinality,proven_optimal,7636.551157577271,2.440491498354165,3129.1037738616424,2,2,5,62;111,62;111,22;27;62;111;188,2,2,5,0,0,0,0.06666666666666667,0.06666666666666667,0.16666666666666666,0.0,0.0,0.0,0,3,1.6014273289983976,13,11,820,50,5,,original_uniform_floor_plus_prior_scores,maximum_cardinality_certified_superset_of_eBH_then_maximum_testing_evalue_sum,200,2,2,exact_dyadic_prefix_or_HiGHS_QUBO_MILP,300.0,1
24,cfa5aea321d3e50650f6a51797db8f96eef6fd9200d3a9cdbfc491533eea735b,proven_maximal,maximize_sum_testing_e_values_at_maximum_cardinality,proven_optimal,92524.73101139975,1.1997038694533493,77122.97456668127,6,6,10,0;19;71;79;138;167,0;19;71;79;138;167,0;14;19;71;79;81;89;138;143;167,6,6,10,0,0,0,0.2,0.2,0.3333333333333333,0.0,0.0,0.0,0,4,3.2652676240031724,13,7,607,47,10,,original_uniform_floor_plus_prior_scores,maximum_cardinality_certified_superset_of_eBH_then_maximum_testing_evalue_sum,200,6,6,exact_dyadic_prefix_or_HiGHS_QUBO_MILP,300.0,1
25,5d791a201223344f42f15ea389a6958e5913f5f7bf5436699a4e702ad0b585c4,proven_maximal,maximize_sum_testing_e_values_at_maximum_cardinality,proven_optimal,10092.392815977912,2.9349539633802193,3438.688627454446,7,7,9,1;33;71;107;128;151;165,1;33;71;107;128;151;165,1;33;71;107;128;129;151;165;179,7,7,9,0,0,0,0.23333333333333334,0.23333333333333334,0.3,0.0,0.0,0.0,0,2,2.905745306001336,19,11,868,52,9,,original_uniform_floor_plus_prior_scores,maximum_cardinality_certified_superset_of_eBH_then_maximum_testing_evalue_sum,200,7,7,exact_dyadic_prefix_or_HiGHS_QUBO_MILP,300.0,1
26,6fc16e159c8254129353e3fc4c77f451a892aa47d7041b732af5fb28ab4859b3,proven_maximal,maximize_sum_testing_e_values_at_maximum_cardinality,proven_optimal,11414.67211329022,1.5809400424537783,7220.180276776025,3,3,3,50;130;166,50;130;166,50;130;166,3,3,3,0,0,0,0.1,0.1,0.1,0.0,0.0,0.0,0,0,4.233740650000982,20,10,853,52,3,,original_uniform_floor_plus_prior_scores,maximum_cardinality_certified_superset_of_eBH_then_maximum_testing_evalue_sum,200,3,3,exact_dyadic_prefix_or_HiGHS_QUBO_MILP,300.0,1
27,d071879666888b4e9754b4139a7dcb2f556ab26adf8caae9a7bf8d8986ce8172,proven_maximal,maximize_sum_testing_e_values_at_maximum_cardinality,proven_optimal,27930.595636474205,1.4272740197791254,19569.18941241328,8,8,8,4;11;19;25;69;84;153;185,4;11;19;25;69;84;153;185,4;11;19;25;69;84;153;185,8,8,8,0,0,0,0.26666666666666666,0.26666666666666666,0.26666666666666666,0.0,0.0,0.0,0,0,2.2991658099999768,19,9,916,47,8,,original_uniform_floor_plus_prior_scores,maximum_cardinality_certified_superset_of_eBH_then_maximum_testing_evalue_sum,200,8,8,exact_dyadic_prefix_or_HiGHS_QUBO_MILP,300.0,1
28,8d27d1580ab0eb80887630edfe9d6f5ba3d0f429a468daabf48c85ceeb6f66d0,proven_maximal,maximize_sum_testing_e_values_at_maximum_cardinality,proven_optimal,8062.277948119855,2.0739516867781598,3887.3991132572783,2,2,3,73;197,73;197,20;73;197,2,2,3,0,0,0,0.06666666666666667,0.06666666666666667,0.1,0.0,0.0,0.0,0,1,13.944958897998731,29,21,1499,54,3,,original_uniform_floor_plus_prior_scores,maximum_cardinality_certified_superset_of_eBH_then_maximum_testing_evalue_sum,200,2,2,exact_dyadic_prefix_or_HiGHS_QUBO_MILP,300.0,1
29,454049be58f37b686b6c8d09efcbd456df7a081bafaded66fe7e14fbad3f38ec,proven_maximal,maximize_sum_testing_e_values_at_maximum_cardinality,proven_optimal,45896.83818622255,2.0321820494880223,22585.003247019904,10,10,11,12;15;35;38;43;75;96;108;161;175,12;15;35;38;43;75;96;108;161;175,12;15;35;38;43;51;75;96;108;161;175,10,10,11,0,0,0,0.3333333333333333,0.3333333333333333,0.36666666666666664,0.0,0.0,0.0,0,1,4.042173643996648,17,10,826,54,11,,original_uniform_floor_plus_prior_scores,maximum_cardinality_certified_superset_of_eBH_then_maximum_testing_evalue_sum,200,10,10,exact_dyadic_prefix_or_HiGHS_QUBO_MILP,300.0,1
30,10add21de92802679f22a68f30566a2ffa5f5df3cc501d4cd2ded2f61b1bd25c,proven_maximal,maximize_sum_testing_e_values_at_maximum_cardinality,proven_optimal,6516.917624037828,2.133482395572049,3054.5917030126,4,4,4,47;92;94;119,47;92;94;119,47;92;94;119,4,4,4,0,0,0,0.13333333333333333,0.13333333333333333,0.13333333333333333,0.0,0.0,0.0,0,0,1.403264394000871,14,5,480,50,4,,original_uniform_floor_plus_prior_scores,maximum_cardinality_certified_superset_of_eBH_then_maximum_testing_evalue_sum,200,4,4,exact_dyadic_prefix_or_HiGHS_QUBO_MILP,300.0,1
31,9d5b8ce8c6579499a8a1228eb286b07ff85d4adebdba6aa3b06051fffe133fbc,proven_maximal,maximize_sum_testing_e_values_at_maximum_cardinality,proven_optimal,25491.27371079108,2.7060578529704826,9420.077136491707,10,10,12,2;46;67;94;129;137;145;156;158;168,2;46;67;94;129;137;145;156;158;168,2;46;67;70;78;94;129;137;145;156;158;168,10,10,12,0,0,0,0.3333333333333333,0.3333333333333333,0.4,0.0,0.0,0.0,0,2,5.887327775002632,17,9,757,53,12,,original_uniform_floor_plus_prior_scores,maximum_cardinality_certified_superset_of_eBH_then_maximum_testing_evalue_sum,200,10,10,exact_dyadic_prefix_or_HiGHS_QUBO_MILP,300.0,1
32,f09c7cc638256d91110c2716a3760f7c30a0c1870e32213ecbd198b4919d17fb,proven_maximal,maximize_sum_testing_e_values_at_maximum_cardinality,proven_optimal,14756.725349007478,2.972963830278992,4963.641063747036,6,6,9,2;8;9;65;132;186,2;8;9;65;132;186,2;8;9;57;65;132;172;186;187,6,6,9,0,0,0,0.2,0.2,0.3,0.0,0.0,0.0,0,3,2.3397389219971956,16,13,893,56,9,,original_uniform_floor_plus_prior_scores,maximum_cardinality_certified_superset_of_eBH_then_maximum_testing_evalue_sum,200,6,6,exact_dyadic_prefix_or_HiGHS_QUBO_MILP,300.0,1
33,99e47054d83b159d162ba5a5158de3deedc78393730fdaa2fb2cafb47b869f82,proven_maximal,maximize_sum_testing_e_values_at_maximum_cardinality,proven_optimal,48705.24006022452,2.2317391634789114,21823.89450221464,8,8,8,18;28;52;99;124;137;157;186,18;28;52;99;124;137;157;186,18;28;52;99;124;137;157;186,8,8,8,0,0,0,0.26666666666666666,0.26666666666666666,0.26666666666666666,0.0,0.0,0.0,0,0,3.0279919460008387,14,5,525,52,8,,original_uniform_floor_plus_prior_scores,maximum_cardinality_certified_superset_of_eBH_then_maximum_testing_evalue_sum,200,8,8,exact_dyadic_prefix_or_HiGHS_QUBO_MILP,300.0,1
34,c69c552693ad38983d8c4b350f01caf0bffa1e38968cd9a1b830c465778a2871,proven_maximal,maximize_sum_testing_e_values_at_maximum_cardinality,proven_optimal,61873.04058743728,1.868442916949935,33114.76097350592,3,3,5,81;82;156,81;82;156,81;82;96;156;197,3,3,5,0,0,0,0.1,0.1,0.16666666666666666,0.0,0.0,0.0,0,2,2.423986973997671,18,10,727,59,5,,original_uniform_floor_plus_prior_scores,maximum_cardinality_certified_superset_of_eBH_then_maximum_testing_evalue_sum,200,3,3,exact_dyadic_prefix_or_HiGHS_QUBO_MILP,300.0,1
35,5835ee57dde5a8c4526a48f5bd0d823f69aed47174fb94e9a82fd418ce11f796,proven_maximal,maximize_sum_testing_e_values_at_maximum_cardinality,proven_optimal,19307.504720036748,1.7770263314939512,10865.063942977633,3,3,10,4;119;185,4;119;185,4;39;65;111;119;121;144;147;165;185,3,3,10,0,0,0,0.1,0.1,0.3333333333333333,0.0,0.0,0.0,0,7,8.857053551997524,21,18,1057,61,10,,original_uniform_floor_plus_prior_scores,maximum_cardinality_certified_superset_of_eBH_then_maximum_testing_evalue_sum,200,3,3,exact_dyadic_prefix_or_HiGHS_QUBO_MILP,300.0,1
36,5bea00791c79f7b96fbb9697b213f90cd3c5b66b63f3cd05277f2eeb365cb9e9,proven_maximal,maximize_sum_testing_e_values_at_maximum_cardinality,proven_optimal,20614.041713128074,2.698535193946897,7638.97456641202,5,5,7,10;91;150;159;198,10;91;150;159;198,10;14;15;91;150;159;198,5,5,7,0,0,0,0.16666666666666666,0.16666666666666666,0.23333333333333334,0.0,0.0,0.0,0,2,5.80635011800041,19,14,1147,51,7,,original_uniform_floor_plus_prior_scores,maximum_cardinality_certified_superset_of_eBH_then_maximum_testing_evalue_sum,200,5,5,exact_dyadic_prefix_or_HiGHS_QUBO_MILP,300.0,1
37,e941e41af5f837e7ac7edc06f32615c6be7c760f3472b2294a4a63e1f9d7e5fb,proven_maximal,maximize_sum_testing_e_values_at_maximum_cardinality,proven_optimal,113606.0478292798,1.3062072052889613,86973.98649255474,7,7,7,4;12;81;124;144;181;186,4;12;81;124;144;181;186,4;12;81;124;144;181;186,7,7,7,0,0,0,0.23333333333333334,0.23333333333333334,0.23333333333333334,0.0,0.0,0.0,0,0,2.7369461429989315,18,9,694,52,7,,original_uniform_floor_plus_prior_scores,maximum_cardinality_certified_superset_of_eBH_then_maximum_testing_evalue_sum,200,7,7,exact_dyadic_prefix_or_HiGHS_QUBO_MILP,300.0,1
38,8b1f68087f3df5d91b6b67391482c5cf962835a1c1c0d4572c63611dd1b74b8e,proven_maximal,maximize_sum_testing_e_values_at_maximum_cardinality,proven_optimal,55184.563450390255,1.053754721936987,52369.45780793399,1,1,6,176,176,20;53;68;77;81;176,1,1,6,0,0,0,0.03333333333333333,0.03333333333333333,0.2,0.0,0.0,0.0,0,5,2.1032195950028836,21,16,867,58,6,,original_uniform_floor_plus_prior_scores,maximum_cardinality_certified_superset_of_eBH_then_maximum_testing_evalue_sum,200,1,1,exact_dyadic_prefix_or_HiGHS_QUBO_MILP,300.0,1
39,06a314a73fa493e45a83fb3b3746f7197003fae9f74a2155c143450df9d1c146,proven_maximal,maximize_sum_testing_e_values_at_maximum_cardinality,proven_optimal,19623.807751457527,2.5544045480855377,7682.341376257367,4,4,12,125;147;190;198,125;147;190;198,27;55;58;93;125;133;147;179;184;190;192;198,4,4,12,0,0,0,0.13333333333333333,0.13333333333333333,0.4,0.0,0.0,0.0,0,8,2.075379547997727,6,6,450,55,12,,original_uniform_floor_plus_prior_scores,maximum_cardinality_certified_superset_of_eBH_then_maximum_testing_evalue_sum,200,4,4,exact_dyadic_prefix_or_HiGHS_QUBO_MILP,300.0,1
40,4a980ed62d0bcbf9fbf7b38470aeffc9d498025b0c1c5693504256bb568df1bb,proven_maximal,maximize_sum_testing_e_values_at_maximum_cardinality,proven_optimal,16242.097707101157,1.956633412246593,8301.042804156192,3,3,3,93;123;192,93;123;192,93;123;192,3,3,3,0,0,0,0.1,0.1,0.1,0.0,0.0,0.0,0,0,2.441671802997007,13,6,572,55,3,,original_uniform_floor_plus_prior_scores,maximum_cardinality_certified_superset_of_eBH_then_maximum_testing_evalue_sum,200,3,3,exact_dyadic_prefix_or_HiGHS_QUBO_MILP,300.0,1
41,4d2d24106819c7d0d714eb07bb7e0953eb055c6e2b61f334e8d3fbc39e7ec728,proven_maximal,maximize_sum_testing_e_values_at_maximum_cardinality,proven_optimal,304232.67092002893,1.065769739524917,285458.16196249414,9,9,12,26;48;52;53;59;74;98;107;132,26;48;52;53;59;74;98;107;132,26;48;52;53;59;60;62;74;98;107;110;132,9,9,12,0,0,0,0.3,0.3,0.4,0.0,0.0,0.0,0,3,7.3264514280017465,14,9,618,45,12,,original_uniform_floor_plus_prior_scores,maximum_cardinality_certified_superset_of_eBH_then_maximum_testing_evalue_sum,200,9,9,exact_dyadic_prefix_or_HiGHS_QUBO_MILP,300.0,1
42,a19dcb4c3c2a7e245880123356dd03bd0f81e0ec06b0e67b867fc24fe83561dc,proven_maximal,maximize_sum_testing_e_values_at_maximum_cardinality,proven_optimal,5856.987158764781,1.4024957524093211,4176.117573763181,1,1,2,136,136,68;136,1,1,2,0,0,0,0.03333333333333333,0.03333333333333333,0.06666666666666667,0.0,0.0,0.0,0,1,1.8857412629949977,16,10,757,52,2,,original_uniform_floor_plus_prior_scores,maximum_cardinality_certified_superset_of_eBH_then_maximum_testing_evalue_sum,200,1,1,exact_dyadic_prefix_or_HiGHS_QUBO_MILP,300.0,1
43,fdb7b79a9b282e83a023a583497409d7a9d53ada53afcf9469accc73317940b6,proven_maximal,maximize_sum_testing_e_values_at_maximum_cardinality,proven_optimal,107910.62282919331,1.4892784541506274,72458.32539136372,6,6,7,32;53;75;84;113;180,32;53;75;84;113;180,32;53;75;84;113;156;180,6,6,7,0,0,0,0.2,0.2,0.23333333333333334,0.0,0.0,0.0,0,1,3.162649057005183,14,8,624,60,7,,original_uniform_floor_plus_prior_scores,maximum_cardinality_certified_superset_of_eBH_then_maximum_testing_evalue_sum,200,6,6,exact_dyadic_prefix_or_HiGHS_QUBO_MILP,300.0,1
44,8849e7fafda3b7d215216d0806c2ff9c8503976b704a6f0a66f4374d19ca86ff,proven_maximal,maximize_sum_testing_e_values_at_maximum_cardinality,proven_optimal,18319.137509046846,2.3598411414689173,7762.868943645857,6,6,8,23;48;94;109;154;191,23;48;94;109;154;191,23;48;54;94;109;122;154;191,6,6,8,0,0,0,0.2,0.2,0.26666666666666666,0.0,0.0,0.0,0,2,6.196330901002511,21,15,847,51,8,,original_uniform_floor_plus_prior_scores,maximum_cardinality_certified_superset_of_eBH_then_maximum_testing_evalue_sum,200,6,6,exact_dyadic_prefix_or_HiGHS_QUBO_MILP,300.0,1
45,accf11acf10cedd3b1b4ad6173082939d4175a72cb91298d27b9bdaca2fe5a58,proven_maximal,maximize_sum_testing_e_values_at_maximum_cardinality,proven_optimal,26656.930976091633,2.3075334957128004,11552.131756968178,8,8,9,13;54;56;76;79;83;130;195,13;54;56;76;79;83;130;195,13;54;56;76;79;83;130;178;195,8,8,9,0,0,0,0.26666666666666666,0.26666666666666666,0.3,0.0,0.0,0.0,0,1,2.0474460590048693,15,6,571,47,9,,original_uniform_floor_plus_prior_scores,maximum_cardinality_certified_superset_of_eBH_then_maximum_testing_evalue_sum,200,8,8,exact_dyadic_prefix_or_HiGHS_QUBO_MILP,300.0,1
46,22db653716855205787c898092fd1c5f9d99d0c39a7ac67a672e113bc7971745,proven_maximal,maximize_sum_testing_e_values_at_maximum_cardinality,proven_optimal,0.0,0.0,2403.336672079129,0,0,0,,,,0,0,0,0,0,0,0.0,0.0,0.0,0.0,0.0,0.0,0,0,1.513704217999475,14,7,538,44,0,,original_uniform_floor_plus_prior_scores,maximum_cardinality_certified_superset_of_eBH_then_maximum_testing_evalue_sum,200,0,0,exact_dyadic_prefix_or_HiGHS_QUBO_MILP,300.0,1
47,d3ef415c15f6c4939a5178c7c442749314a8c497e2b32c940b27880cb59f2899,proven_maximal,maximize_sum_testing_e_values_at_maximum_cardinality,proven_optimal,4906823.712274919,1.023269639777487,4795240.2001704285,15,15,15,7;40;47;61;85;102;115;128;131;134;158;168;170;175;182,7;40;47;61;85;102;115;128;131;134;158;168;170;175;182,7;40;47;61;85;102;115;128;131;134;158;168;170;175;182,15,15,15,0,0,0,0.5,0.5,0.5,0.0,0.0,0.0,0,0,5.269960088997323,18,8,646,52,15,,original_uniform_floor_plus_prior_scores,maximum_cardinality_certified_superset_of_eBH_then_maximum_testing_evalue_sum,200,15,15,exact_dyadic_prefix_or_HiGHS_QUBO_MILP,300.0,1
48,19316f7812064206504215f4f1d1028573eda275faf308edf8d6b1664d54cd0f,proven_maximal,maximize_sum_testing_e_values_at_maximum_cardinality,proven_optimal,5600.426987388968,5.108562690660539,1096.2823256779552,0,0,10,,,3;6;14;15;43;48;115;147;191;198,0,0,10,0,0,0,0.0,0.0,0.3333333333333333,0.0,0.0,0.0,0,10,2.1990194040045026,13,13,887,52,10,,original_uniform_floor_plus_prior_scores,maximum_cardinality_certified_superset_of_eBH_then_maximum_testing_evalue_sum,200,0,0,exact_dyadic_prefix_or_HiGHS_QUBO_MILP,300.0,1
49,47fc210902454ac6de1b757783da8fc7ec9ec1cacf5d79f8f09b384ca95bac94,proven_maximal,maximize_sum_testing_e_values_at_maximum_cardinality,proven_optimal,23003.4764527735,2.018560099777595,11395.982936206865,5,5,6,5;111;119;130;131,5;111;119;130;131,5;43;111;119;130;131,5,5,6,0,0,0,0.16666666666666666,0.16666666666666666,0.2,0.0,0.0,0.0,0,1,7.005418726002972,18,10,635,57,6,,original_uniform_floor_plus_prior_scores,maximum_cardinality_certified_superset_of_eBH_then_maximum_testing_evalue_sum,200,5,5,exact_dyadic_prefix_or_HiGHS_QUBO_MILP,300.0,1
50,5ebace5713d1f03037e909f435b068539ef75fc19a1d21b0e6ffbc9810311d88,proven_maximal,maximize_sum_testing_e_values_at_maximum_cardinality,proven_optimal,0.0,0.0,2897.1019654830657,0,0,0,,,,0,0,0,0,0,0,0.0,0.0,0.0,0.0,0.0,0.0,0,0,4.9213261589975446,22,12,946,54,0,,original_uniform_floor_plus_prior_scores,maximum_cardinality_certified_superset_of_eBH_then_maximum_testing_evalue_sum,200,0,0,exact_dyadic_prefix_or_HiGHS_QUBO_MILP,300.0,1
51,54d35704a9e6764e9c5a31c1a4fb5d20a676d747d861b8906e9d8648c6a658fe,proven_maximal,maximize_sum_testing_e_values_at_maximum_cardinality,proven_optimal,22507.482066780514,2.870387381197067,7841.269862813426,8,8,10,43;46;49;94;111;125;145;186,43;46;49;94;111;125;145;186,43;46;49;94;111;125;145;149;164;186,8,8,10,0,0,0,0.26666666666666666,0.26666666666666666,0.3333333333333333,0.0,0.0,0.0,0,2,1.6488880700053414,11,8,653,56,10,,original_uniform_floor_plus_prior_scores,maximum_cardinality_certified_superset_of_eBH_then_maximum_testing_evalue_sum,200,8,8,exact_dyadic_prefix_or_HiGHS_QUBO_MILP,300.0,1
52,f51280d69c2323844722c157d26b4772216ad4325040eee7bb4212a31bbceec9,proven_maximal,maximize_sum_testing_e_values_at_maximum_cardinality,proven_optimal,0.0,0.0,1013.8494479564496,0,0,0,,,,0,0,0,0,0,0,0.0,0.0,0.0,0.0,0.0,0.0,0,0,0.46761709400016116,3,3,300,57,0,,original_uniform_floor_plus_prior_scores,maximum_cardinality_certified_superset_of_eBH_then_maximum_testing_evalue_sum,200,0,0,exact_dyadic_prefix_or_HiGHS_QUBO_MILP,300.0,1
53,a107f95c4bc968a0790a07e2b5457b994ff20cbb91dfc19377aea33e4138ce66,proven_maximal,maximize_sum_testing_e_values_at_maximum_cardinality,proven_optimal,64572.410954738356,2.1386633033169993,30192.883028660275,8,8,9,0;4;17;29;75;86;145;152,0;4;17;29;75;86;145;152,0;4;17;29;75;86;132;145;152,8,8,9,0,0,0,0.26666666666666666,0.26666666666666666,0.3,0.0,0.0,0.0,0,1,6.069575603993144,21,13,1022,52,9,,original_uniform_floor_plus_prior_scores,maximum_cardinality_certified_superset_of_eBH_then_maximum_testing_evalue_sum,200,8,8,exact_dyadic_prefix_or_HiGHS_QUBO_MILP,300.0,1
54,415ee8a1c6d0224df0b58c5dd85344ba510df699599f52f3e0b03bcc72db776b,proven_maximal,maximize_sum_testing_e_values_at_maximum_cardinality,proven_optimal,187183.17056749636,2.1246439643824777,88100.95889261177,9,9,14,32;38;47;79;90;99;136;144;171,32;38;47;79;90;99;136;144;171,32;38;47;79;90;99;136;144;145;148;162;163;171;195,9,9,13,0,0,1,0.3,0.3,0.43333333333333335,0.0,0.0,0.07142857142857142,0,5,5.288655557000311,20,15,1178,57,14,,original_uniform_floor_plus_prior_scores,maximum_cardinality_certified_superset_of_eBH_then_maximum_testing_evalue_sum,200,9,9,exact_dyadic_prefix_or_HiGHS_QUBO_MILP,300.0,1
55,f8de2cb9cc601cf9bf7a57c9539440f68af468931fa7ee4b0845e2dee370282f,proven_maximal,maximize_sum_testing_e_values_at_maximum_cardinality,proven_optimal,31303.43500290036,2.743426724494007,11410.341207007785,9,9,10,40;65;79;99;109;150;155;159;194,40;65;79;99;109;150;155;159;194,40;65;79;80;99;109;150;155;159;194,9,9,10,0,0,0,0.3,0.3,0.3333333333333333,0.0,0.0,0.0,0,1,5.177526876999764,19,10,855,46,10,,original_uniform_floor_plus_prior_scores,maximum_cardinality_certified_superset_of_eBH_then_maximum_testing_evalue_sum,200,9,9,exact_dyadic_prefix_or_HiGHS_QUBO_MILP,300.0,1
56,4e1c9c80a6d979ba871e0003f860dc259644792718d3e14b34335bc8386e36e1,proven_maximal,maximize_sum_testing_e_values_at_maximum_cardinality,proven_optimal,24276.66798154254,4.4150530069753975,5498.613027564455,13,13,13,27;33;68;77;78;87;90;93;115;144;158;174;180,27;33;68;77;78;87;90;93;115;144;158;174;180,27;33;68;77;78;87;90;93;115;144;158;174;180,12,12,12,1,1,1,0.4,0.4,0.4,0.07692307692307693,0.07692307692307693,0.07692307692307693,0,0,4.084152539995557,11,6,526,53,13,,original_uniform_floor_plus_prior_scores,maximum_cardinality_certified_superset_of_eBH_then_maximum_testing_evalue_sum,200,13,13,exact_dyadic_prefix_or_HiGHS_QUBO_MILP,300.0,1
57,761324d814afb13195ac1c9d812a53cbdc3a0227cbabf6b733da1f0891d33f04,proven_maximal,maximize_sum_testing_e_values_at_maximum_cardinality,proven_optimal,12272.74282390361,1.44394124531923,8499.475213197005,1,1,7,77,77,3;21;73;77;124;175;183,1,1,7,0,0,0,0.03333333333333333,0.03333333333333333,0.23333333333333334,0.0,0.0,0.0,0,6,1.4818813000019873,13,9,605,51,7,,original_uniform_floor_plus_prior_scores,maximum_cardinality_certified_superset_of_eBH_then_maximum_testing_evalue_sum,200,1,1,exact_dyadic_prefix_or_HiGHS_QUBO_MILP,300.0,1
58,71075a1a01831c3d67c69e4f0318a632141a3a4d27b221c1ad568ba5d5016a86,proven_maximal,maximize_sum_testing_e_values_at_maximum_cardinality,proven_optimal,48106.10162821436,1.4481316802652697,33219.42492094521,4,4,5,109;126;131;199,109;126;131;199,50;109;126;131;199,4,4,5,0,0,0,0.13333333333333333,0.13333333333333333,0.16666666666666666,0.0,0.0,0.0,0,1,3.7459141190047376,17,11,673,56,5,,original_uniform_floor_plus_prior_scores,maximum_cardinality_certified_superset_of_eBH_then_maximum_testing_evalue_sum,200,4,4,exact_dyadic_prefix_or_HiGHS_QUBO_MILP,300.0,1
59,7bab768733085bf880cf8865abf2f06bd520109079935c143448340a373a0e57,proven_maximal,maximize_sum_testing_e_values_at_maximum_cardinality,proven_optimal,77971.72769859016,2.2360175297097085,34870.8034094495,10,10,12,59;88;109;112;123;134;145;157;174;183,59;88;109;112;123;134;145;157;174;183,42;59;88;109;112;122;123;134;145;157;174;183,10,10,12,0,0,0,0.3333333333333333,0.3333333333333333,0.4,0.0,0.0,0.0,0,2,5.063692584000819,15,8,618,58,12,,original_uniform_floor_plus_prior_scores,maximum_cardinality_certified_superset_of_eBH_then_maximum_testing_evalue_sum,200,10,10,exact_dyadic_prefix_or_HiGHS_QUBO_MILP,300.0,1
60,99c88418b40b247c091dbc99daa112c6adf37316cc695241e2a3b6e4ed3f0b5c,proven_maximal,maximize_sum_testing_e_values_at_maximum_cardinality,proven_optimal,11351.650370361458,1.8500319893101371,6135.921127825688,4,4,4,127;162;171;181,127;162;171;181,127;162;171;181,4,4,4,0,0,0,0.13333333333333333,0.13333333333333333,0.13333333333333333,0.0,0.0,0.0,0,0,4.846975401000236,13,6,609,49,4,,original_uniform_floor_plus_prior_scores,maximum_cardinality_certified_superset_of_eBH_then_maximum_testing_evalue_sum,200,4,4,exact_dyadic_prefix_or_HiGHS_QUBO_MILP,300.0,1
61,5a1ee0a60b9328fbdc7d80b87b883b6a80f22671684fcf0f66de05ec12806b3c,proven_maximal,maximize_sum_testing_e_values_at_maximum_cardinality,proven_optimal,35342.76473261122,1.0,35342.76473261122,1,1,1,38,38,38,1,1,1,0,0,0,0.03333333333333333,0.03333333333333333,0.03333333333333333,0.0,0.0,0.0,0,0,5.070165348995943,17,13,926,68,1,,original_uniform_floor_plus_prior_scores,maximum_cardinality_certified_superset_of_eBH_then_maximum_testing_evalue_sum,200,1,1,exact_dyadic_prefix_or_HiGHS_QUBO_MILP,300.0,1
62,3b8b8bdaa0487e0277fd9cfa87a42c9fabc0f9b5e26181cd57bb8e8f02fdb57d,proven_maximal,maximize_sum_testing_e_values_at_maximum_cardinality,proven_optimal,31965.1825728756,2.8809031362083233,11095.542287112892,16,16,17,12;32;41;42;48;50;59;83;87;98;112;132;138;151;172;196,12;32;41;42;48;50;59;83;87;98;112;132;138;151;172;196,12;32;41;42;48;50;59;73;83;87;98;112;132;138;151;172;196,16,16,17,0,0,0,0.5333333333333333,0.5333333333333333,0.5666666666666667,0.0,0.0,0.0,0,1,7.863956225002767,19,12,998,52,17,,original_uniform_floor_plus_prior_scores,maximum_cardinality_certified_superset_of_eBH_then_maximum_testing_evalue_sum,200,16,16,exact_dyadic_prefix_or_HiGHS_QUBO_MILP,300.0,1
63,4f3ee370bddace841bf22b13c9f6120cc807c78924584af35a82b96c5aa45685,proven_maximal,maximize_sum_testing_e_values_at_maximum_cardinality,proven_optimal,26595.363201067827,3.5683376459153804,7453.152094928886,11,11,17,8;14;19;41;79;93;147;148;176;179;186,8;14;19;41;79;93;147;148;176;179;186,8;14;19;41;65;79;87;93;116;139;147;148;176;178;179;186;197,11,11,17,0,0,0,0.36666666666666664,0.36666666666666664,0.5666666666666667,0.0,0.0,0.0,0,6,5.922324694998679,11,10,666,55,17,,original_uniform_floor_plus_prior_scores,maximum_cardinality_certified_superset_of_eBH_then_maximum_testing_evalue_sum,200,11,11,exact_dyadic_prefix_or_HiGHS_QUBO_MILP,300.0,1
64,1ce572b8cf3daa7df9c7bd896623082bec4d02a92acc90d6fed7faa2040dbd83,proven_maximal,maximize_sum_testing_e_values_at_maximum_cardinality,proven_optimal,5278.059341091289,1.7201583917834422,3068.356592220006,0,0,4,,,10;47;119;192,0,0,4,0,0,0,0.0,0.0,0.13333333333333333,0.0,0.0,0.0,0,4,6.975043854996329,17,11,680,51,4,,original_uniform_floor_plus_prior_scores,maximum_cardinality_certified_superset_of_eBH_then_maximum_testing_evalue_sum,200,0,0,exact_dyadic_prefix_or_HiGHS_QUBO_MILP,300.0,1
65,0fbdfcf505c07082ba2f47603d34f3f8afdb4e55071b38edfa9353c9d547e7dc,proven_maximal,maximize_sum_testing_e_values_at_maximum_cardinality,proven_optimal,51370.549530621625,1.5738397617416662,32640.26667732246,8,8,9,47;61;88;112;113;154;163;195,47;61;88;112;113;154;163;195,11;47;61;88;112;113;154;163;195,8,8,9,0,0,0,0.26666666666666666,0.26666666666666666,0.3,0.0,0.0,0.0,0,1,3.585029203000886,13,9,733,54,9,,original_uniform_floor_plus_prior_scores,maximum_cardinality_certified_superset_of_eBH_then_maximum_testing_evalue_sum,200,8,8,exact_dyadic_prefix_or_HiGHS_QUBO_MILP,300.0,1
66,362b2602881892eb2893d2e90dad8a4eaac9e3854575c903911862055015ee24,proven_maximal,maximize_sum_testing_e_values_at_maximum_cardinality,proven_optimal,27431.569062749357,1.8790554302239533,14598.594922492495,10,10,14,0;81;88;108;124;128;141;151;177;184,0;81;88;108;124;128;141;151;177;184,0;11;69;81;88;108;115;124;128;132;141;151;177;184,10,10,14,0,0,0,0.3333333333333333,0.3333333333333333,0.4666666666666667,0.0,0.0,0.0,0,4,9.114954632001172,12,7,604,47,14,,original_uniform_floor_plus_prior_scores,maximum_cardinality_certified_superset_of_eBH_then_maximum_testing_evalue_sum,200,10,10,exact_dyadic_prefix_or_HiGHS_QUBO_MILP,300.0,1
67,efe2cbdf3f8c5b67785144da6fbc6197b37fe518be331547ec2dab469feb1ee0,proven_maximal,maximize_sum_testing_e_values_at_maximum_cardinality,proven_optimal,13056.15099815632,2.516257065917824,5188.719060146578,6,6,6,6;51;71;111;132;138,6;51;71;111;132;138,6;51;71;111;132;138,6,6,6,0,0,0,0.2,0.2,0.2,0.0,0.0,0.0,0,0,2.529070402997604,10,6,621,61,6,,original_uniform_floor_plus_prior_scores,maximum_cardinality_certified_superset_of_eBH_then_maximum_testing_evalue_sum,200,6,6,exact_dyadic_prefix_or_HiGHS_QUBO_MILP,300.0,1
68,9ea6192777718ad55750bb45e0fb9efc56312fea092bf558271683b64ede44bc,proven_maximal,maximize_sum_testing_e_values_at_maximum_cardinality,proven_optimal,15974.107089912823,1.8117184968581799,8817.102169909162,9,9,11,12;34;39;44;58;69;71;106;156,12;34;39;44;58;69;71;106;156,12;34;39;44;51;58;69;71;106;150;156,9,9,11,0,0,0,0.3,0.3,0.36666666666666664,0.0,0.0,0.0,0,2,4.981156200999976,15,9,801,63,11,,original_uniform_floor_plus_prior_scores,maximum_cardinality_certified_superset_of_eBH_then_maximum_testing_evalue_sum,200,9,9,exact_dyadic_prefix_or_HiGHS_QUBO_MILP,300.0,1
69,51e07e374b4d362772f0b6760d8f653605fdaa084fa50bba125a2ea47b8f98f5,proven_maximal,maximize_sum_testing_e_values_at_maximum_cardinality,proven_optimal,53789.51616064893,1.8872550405747668,28501.455820336418,6,6,9,11;46;79;115;139;148,11;46;79;115;139;148,11;46;53;66;79;115;139;141;148,6,6,9,0,0,0,0.2,0.2,0.3,0.0,0.0,0.0,0,3,20.5723784399961,24,19,1627,49,9,,original_uniform_floor_plus_prior_scores,maximum_cardinality_certified_superset_of_eBH_then_maximum_testing_evalue_sum,200,6,6,exact_dyadic_prefix_or_HiGHS_QUBO_MILP,300.0,1
70,cdf3777e823e1d3d404c2d40ecaf6f4fe8d5e0adb06c8392d29f7a0808497e5c,proven_maximal,maximize_sum_testing_e_values_at_maximum_cardinality,proven_optimal,43242.63717209151,1.8689175905077702,23137.79772405204,13,13,17,40;45;73;76;117;122;143;150;154;158;162;173;183,40;45;73;76;117;122;143;150;154;158;162;173;183,14;15;40;45;73;76;117;122;142;143;150;154;156;158;162;173;183,13,13,17,0,0,0,0.43333333333333335,0.43333333333333335,0.5666666666666667,0.0,0.0,0.0,0,4,7.548675799000193,11,7,443,49,17,,original_uniform_floor_plus_prior_scores,maximum_cardinality_certified_superset_of_eBH_then_maximum_testing_evalue_sum,200,13,13,exact_dyadic_prefix_or_HiGHS_QUBO_MILP,300.0,1
71,5369a378c1d58159294c1b595b6e35cfa0bf58f30d6b131ee2829ff8e9fca44c,proven_maximal,maximize_sum_testing_e_values_at_maximum_cardinality,proven_optimal,53574.7059907203,1.4620219355840023,36644.25593540768,6,6,6,16;36;70;138;152;176,16;36;70;138;152;176,16;36;70;138;152;176,6,6,6,0,0,0,0.2,0.2,0.2,0.0,0.0,0.0,0,0,2.317729398004303,19,11,1020,51,6,,original_uniform_floor_plus_prior_scores,maximum_cardinality_certified_superset_of_eBH_then_maximum_testing_evalue_sum,200,6,6,exact_dyadic_prefix_or_HiGHS_QUBO_MILP,300.0,1
72,b49960c62e4edb75eed0b751652f5cfc3a7e0d2c5beabe258334d218bf03aca6,proven_maximal,maximize_sum_testing_e_values_at_maximum_cardinality,proven_optimal,4794.589966681565,3.509256208174778,1366.269568894005,0,0,7,,,32;52;63;87;91;160;199,0,0,7,0,0,0,0.0,0.0,0.23333333333333334,0.0,0.0,0.0,0,7,3.891157841004315,18,15,1210,55,7,,original_uniform_floor_plus_prior_scores,maximum_cardinality_certified_superset_of_eBH_then_maximum_testing_evalue_sum,200,0,0,exact_dyadic_prefix_or_HiGHS_QUBO_MILP,300.0,1
73,25d6e10cfa42699105574affb2f5e22a0934f624d5d1c6da7665b3a65018f29c,proven_maximal,maximize_sum_testing_e_values_at_maximum_cardinality,proven_optimal,11376.766486433884,2.3760678822152452,4788.064588385054,3,3,4,13;52;142,13;52;142,13;41;52;142,3,3,4,0,0,0,0.1,0.1,0.13333333333333333,0.0,0.0,0.0,0,1,3.868009712998173,14,8,606,49,4,,original_uniform_floor_plus_prior_scores,maximum_cardinality_certified_superset_of_eBH_then_maximum_testing_evalue_sum,200,3,3,exact_dyadic_prefix_or_HiGHS_QUBO_MILP,300.0,1
74,a3ecb110408e9d02deb6887c08c0c01c743e3b6e80b101ac2d469990d0c36d7a,proven_maximal,maximize_sum_testing_e_values_at_maximum_cardinality,proven_optimal,18218.886758926576,3.1588148269454774,5767.6336718173325,7,7,8,36;87;102;129;136;155;193,36;87;102;129;136;155;193,36;87;102;124;129;136;155;193,7,7,8,0,0,0,0.23333333333333334,0.23333333333333334,0.26666666666666666,0.0,0.0,0.0,0,1,5.754250737001712,15,8,686,55,8,,original_uniform_floor_plus_prior_scores,maximum_cardinality_certified_superset_of_eBH_then_maximum_testing_evalue_sum,200,7,7,exact_dyadic_prefix_or_HiGHS_QUBO_MILP,300.0,1
75,b05f234ea094c972751599c1bada143e8be99dcbd909427854d6a6c950eda612,proven_maximal,maximize_sum_testing_e_values_at_maximum_cardinality,proven_optimal,8386.703469734206,1.0492882977381937,7992.754219991082,1,1,2,189,189,140;189,1,1,2,0,0,0,0.03333333333333333,0.03333333333333333,0.06666666666666667,0.0,0.0,0.0,0,1,2.263447721998091,15,10,727,51,2,,original_uniform_floor_plus_prior_scores,maximum_cardinality_certified_superset_of_eBH_then_maximum_testing_evalue_sum,200,1,1,exact_dyadic_prefix_or_HiGHS_QUBO_MILP,300.0,1
76,d624fa5446dd47e2fa199b5d06297f0a5992e4dd150b74218ea6dab60aedd59b,proven_maximal,maximize_sum_testing_e_values_at_maximum_cardinality,proven_optimal,78128.3803841091,1.9600900227688636,39859.58781308592,11,11,13,4;31;33;45;68;73;87;108;114;131;145,4;31;33;45;68;73;87;108;114;131;145,4;31;33;45;68;73;87;104;108;114;130;131;145,11,11,13,0,0,0,0.36666666666666664,0.36666666666666664,0.43333333333333335,0.0,0.0,0.0,0,2,7.057163500001479,9,7,666,38,13,,original_uniform_floor_plus_prior_scores,maximum_cardinality_certified_superset_of_eBH_then_maximum_testing_evalue_sum,200,11,11,exact_dyadic_prefix_or_HiGHS_QUBO_MILP,300.0,1
77,b11283faaf88e3b1f4ae99dd774d7b83ea02edba872ecbb7db625fdef6698c9d,proven_maximal,maximize_sum_testing_e_values_at_maximum_cardinality,proven_optimal,15811.263503410324,3.9602387322968586,3992.502617194522,7,7,7,32;43;131;161;163;178;188,32;43;131;161;163;178;188,32;43;131;161;163;178;188,7,7,7,0,0,0,0.23333333333333334,0.23333333333333334,0.23333333333333334,0.0,0.0,0.0,0,0,1.5536312900003395,10,6,537,60,7,,original_uniform_floor_plus_prior_scores,maximum_cardinality_certified_superset_of_eBH_then_maximum_testing_evalue_sum,200,7,7,exact_dyadic_prefix_or_HiGHS_QUBO_MILP,300.0,1
78,ec871b9d41ca15fc25c3573276a95e87469025a3e78b18a4dc3bd70cc7680266,proven_maximal,maximize_sum_testing_e_values_at_maximum_cardinality,proven_optimal,75091.63811715222,1.4758266933182687,50881.067849718296,8,8,11,16;18;58;93;103;126;164;182,16;18;58;93;103;126;164;182,16;18;39;58;67;93;103;126;164;182;190,8,8,11,0,0,0,0.26666666666666666,0.26666666666666666,0.36666666666666664,0.0,0.0,0.0,0,3,2.673647632000211,13,7,604,50,11,,original_uniform_floor_plus_prior_scores,maximum_cardinality_certified_superset_of_eBH_then_maximum_testing_evalue_sum,200,8,8,exact_dyadic_prefix_or_HiGHS_QUBO_MILP,300.0,1
79,dcd8100456810512f30831eef0e9562ef7e555a185478bff7d97f12aa38a09ab,proven_maximal,maximize_sum_testing_e_values_at_maximum_cardinality,proven_optimal,29381.75903486983,1.4967747117063441,19630.04773201587,5,5,7,11;20;36;113;181,11;20;36;113;181,11;20;36;113;121;158;181,4,4,6,1,1,1,0.13333333333333333,0.13333333333333333,0.2,0.2,0.2,0.14285714285714285,0,2,4.988660565999453,14,9,717,49,7,,original_uniform_floor_plus_prior_scores,maximum_cardinality_certified_superset_of_eBH_then_maximum_testing_evalue_sum,200,5,5,exact_dyadic_prefix_or_HiGHS_QUBO_MILP,300.0,1
80,bc1d12864835b36fa3dadec1f4455661a180937db6c8e1d34b81a612969142b7,proven_maximal,maximize_sum_testing_e_values_at_maximum_cardinality,proven_optimal,9146.834977842534,2.7770626865542543,3293.708500758338,0,0,9,,,18;20;36;53;90;144;156;163;164,0,0,9,0,0,0,0.0,0.0,0.3,0.0,0.0,0.0,0,9,3.4789330920029897,12,11,897,45,9,,original_uniform_floor_plus_prior_scores,maximum_cardinality_certified_superset_of_eBH_then_maximum_testing_evalue_sum,200,0,0,exact_dyadic_prefix_or_HiGHS_QUBO_MILP,300.0,1
81,9891508284e0bf6a5598f14ef7c711a8308c3ff4cb2e5586a4afa20d774cd7fa,proven_maximal,maximize_sum_testing_e_values_at_maximum_cardinality,proven_optimal,34854.00881593247,3.3134040113264276,10519.09416925576,9,9,13,33;77;85;94;131;138;144;149;163,33;77;85;94;131;138;144;149;163,17;33;34;77;85;94;131;138;144;149;163;172;179,9,9,13,0,0,0,0.3,0.3,0.43333333333333335,0.0,0.0,0.0,0,4,10.582526979997056,15,10,862,51,13,,original_uniform_floor_plus_prior_scores,maximum_cardinality_certified_superset_of_eBH_then_maximum_testing_evalue_sum,200,9,9,exact_dyadic_prefix_or_HiGHS_QUBO_MILP,300.0,1
82,a96ee4e1188a805994c14f1efbc4ef588a8e77b5db5553b74b60161fa46f5e9a,proven_maximal,maximize_sum_testing_e_values_at_maximum_cardinality,proven_optimal,0.0,0.0,847.7414527974512,0,0,0,,,,0,0,0,0,0,0,0.0,0.0,0.0,0.0,0.0,0.0,0,0,1.4636819119987194,3,3,300,44,0,,original_uniform_floor_plus_prior_scores,maximum_cardinality_certified_superset_of_eBH_then_maximum_testing_evalue_sum,200,0,0,exact_dyadic_prefix_or_HiGHS_QUBO_MILP,300.0,1
83,da2fe7238700f3b50a59b54d6cbde2e9a5126277427d244635b623f70afb034b,proven_maximal,maximize_sum_testing_e_values_at_maximum_cardinality,proven_optimal,38358.627324662564,3.1971242132755378,11997.853309979202,7,7,8,57;79;124;134;158;163;173,57;79;124;134;158;163;173,57;79;101;124;134;158;163;173,7,7,8,0,0,0,0.23333333333333334,0.23333333333333334,0.26666666666666666,0.0,0.0,0.0,0,1,1.8026150330042583,10,7,522,46,8,,original_uniform_floor_plus_prior_scores,maximum_cardinality_certified_superset_of_eBH_then_maximum_testing_evalue_sum,200,7,7,exact_dyadic_prefix_or_HiGHS_QUBO_MILP,300.0,1
84,b4a94789f59419d2465ae530955a75ee4d993688f4c95f9927c82527cc8ebd3b,proven_maximal,maximize_sum_testing_e_values_at_maximum_cardinality,proven_optimal,477527.8273423383,1.1645884526422776,410039.9812988862,6,6,8,17;26;42;89;111;130,17;26;42;89;111;130,17;26;42;89;107;111;130;143,6,6,8,0,0,0,0.2,0.2,0.26666666666666666,0.0,0.0,0.0,0,2,5.279295068001375,13,8,591,43,8,,original_uniform_floor_plus_prior_scores,maximum_cardinality_certified_superset_of_eBH_then_maximum_testing_evalue_sum,200,6,6,exact_dyadic_prefix_or_HiGHS_QUBO_MILP,300.0,1
85,972fabded283ca941b736cb102bc7a28b97bb70994e4f55e3b7da7e52aa06b1c,proven_maximal,maximize_sum_testing_e_values_at_maximum_cardinality,proven_optimal,15265.357123641365,1.365068489821869,11182.850704900073,2,2,3,85;147,85;147,85;147;199,2,2,3,0,0,0,0.06666666666666667,0.06666666666666667,0.1,0.0,0.0,0.0,0,1,15.509818024998822,23,15,1099,58,3,,original_uniform_floor_plus_prior_scores,maximum_cardinality_certified_superset_of_eBH_then_maximum_testing_evalue_sum,200,2,2,exact_dyadic_prefix_or_HiGHS_QUBO_MILP,300.0,1
86,a6914c5165c562252db276a1e795e29bc01ca0f71c707c597ca8f9b23e8a3f67,proven_maximal,maximize_sum_testing_e_values_at_maximum_cardinality,proven_optimal,615883.3141791355,1.0246653618465718,601058.001091438,10,10,10,2;6;50;55;67;75;131;163;176;182,2;6;50;55;67;75;131;163;176;182,2;6;50;55;67;75;131;163;176;182,10,10,10,0,0,0,0.3333333333333333,0.3333333333333333,0.3333333333333333,0.0,0.0,0.0,0,0,3.089318516998901,14,6,571,43,10,,original_uniform_floor_plus_prior_scores,maximum_cardinality_certified_superset_of_eBH_then_maximum_testing_evalue_sum,200,10,10,exact_dyadic_prefix_or_HiGHS_QUBO_MILP,300.0,1
87,0170314ad1a483206bf499ae00635f3269cf184eef57875566c2cd887320d6ce,proven_maximal,maximize_sum_testing_e_values_at_maximum_cardinality,proven_optimal,13997.793239412584,2.5560776900804623,5476.278476876792,7,7,8,27;57;85;96;114;120;144,27;57;85;96;114;120;144,27;57;85;96;114;120;144;194,7,7,8,0,0,0,0.23333333333333334,0.23333333333333334,0.26666666666666666,0.0,0.0,0.0,0,1,2.394588476003264,12,8,541,55,8,,original_uniform_floor_plus_prior_scores,maximum_cardinality_certified_superset_of_eBH_then_maximum_testing_evalue_sum,200,7,7,exact_dyadic_prefix_or_HiGHS_QUBO_MILP,300.0,1
88,8172dbdcf0ad28c90fd5565a3dc038520b9d822cb9806434388039f381771817,proven_maximal,maximize_sum_testing_e_values_at_maximum_cardinality,proven_optimal,18496.55699317737,2.301825685944711,8035.602828711181,5,5,9,41;44;52;64;130,41;44;52;64;130,41;44;50;52;64;93;106;130;141,5,5,9,0,0,0,0.16666666666666666,0.16666666666666666,0.3,0.0,0.0,0.0,0,4,8.570176001994696,17,12,933,40,9,,original_uniform_floor_plus_prior_scores,maximum_cardinality_certified_superset_of_eBH_then_maximum_testing_evalue_sum,200,5,5,exact_dyadic_prefix_or_HiGHS_QUBO_MILP,300.0,1
89,0bde47c443b019f65e5bf670881a37c6ec139d56efc050026b6bfbd54fd77669,proven_maximal,maximize_sum_testing_e_values_at_maximum_cardinality,proven_optimal,35397.900734354684,4.450634314417584,7953.450729412915,9,9,14,7;67;74;81;95;111;137;183;197,7;67;74;81;95;111;137;183;197,3;7;67;74;81;82;95;99;101;111;125;137;183;197,8,8,13,1,1,1,0.26666666666666666,0.26666666666666666,0.43333333333333335,0.1111111111111111,0.1111111111111111,0.07142857142857142,0,5,5.61944530600158,9,6,502,46,14,,original_uniform_floor_plus_prior_scores,maximum_cardinality_certified_superset_of_eBH_then_maximum_testing_evalue_sum,200,9,9,exact_dyadic_prefix_or_HiGHS_QUBO_MILP,300.0,1
90,599c598ca8ce50cbe28fc7f35fd576b03070ad5f31f86cd81cf364ebe31f541b,proven_maximal,maximize_sum_testing_e_values_at_maximum_cardinality,proven_optimal,142621.1649650179,1.0,142621.1649650179,1,1,1,96,96,96,1,1,1,0,0,0,0.03333333333333333,0.03333333333333333,0.03333333333333333,0.0,0.0,0.0,0,0,7.472120094993443,19,11,921,66,1,,original_uniform_floor_plus_prior_scores,maximum_cardinality_certified_superset_of_eBH_then_maximum_testing_evalue_sum,200,1,1,exact_dyadic_prefix_or_HiGHS_QUBO_MILP,300.0,1
91,fa5741483cbece64394f1b58438870590d3266316952e8f99ebf4b18738cc9a7,proven_maximal,maximize_sum_testing_e_values_at_maximum_cardinality,proven_optimal,31319.554776001816,1.5685290832671919,19967.468318001644,7,7,8,41;103;107;129;163;171;190,41;103;107;129;163;171;190,41;103;107;129;162;163;171;190,7,7,8,0,0,0,0.23333333333333334,0.23333333333333334,0.26666666666666666,0.0,0.0,0.0,0,1,4.203740384997218,21,12,805,52,8,,original_uniform_floor_plus_prior_scores,maximum_cardinality_certified_superset_of_eBH_then_maximum_testing_evalue_sum,200,7,7,exact_dyadic_prefix_or_HiGHS_QUBO_MILP,300.0,1
92,5575ae0763c2309cc87af456bea0c2b2f49eb4695ee0923bcc51e08f9e92e6ec,proven_maximal,maximize_sum_testing_e_values_at_maximum_cardinality,proven_optimal,36015.844362185984,2.781482144751068,12948.43629686836,4,4,8,67;73;99;192,67;73;99;192,39;52;58;67;73;91;99;192,4,4,8,0,0,0,0.13333333333333333,0.13333333333333333,0.26666666666666666,0.0,0.0,0.0,0,4,5.161253385995224,14,9,615,55,8,,original_uniform_floor_plus_prior_scores,maximum_cardinality_certified_superset_of_eBH_then_maximum_testing_evalue_sum,200,4,4,exact_dyadic_prefix_or_HiGHS_QUBO_MILP,300.0,1
93,8441e1727a18291c294bc34f89098ed49616fc4dd697921a20c51aaa0dfed08a,proven_maximal,maximize_sum_testing_e_values_at_maximum_cardinality,proven_optimal,8762.914395935555,1.8118173386584595,4836.533026239808,1,1,5,107,107,51;69;107;155;196,1,1,5,0,0,0,0.03333333333333333,0.03333333333333333,0.16666666666666666,0.0,0.0,0.0,0,4,4.328294426995853,10,8,789,59,5,,original_uniform_floor_plus_prior_scores,maximum_cardinality_certified_superset_of_eBH_then_maximum_testing_evalue_sum,200,1,1,exact_dyadic_prefix_or_HiGHS_QUBO_MILP,300.0,1
94,ab6f64b58b0ec4e13dcf53188ea798a473c3ace8530df52c6fc48f2b8c04071f,proven_maximal,maximize_sum_testing_e_values_at_maximum_cardinality,proven_optimal,52463.456586127686,1.2425846761246868,42221.232559979886,2,2,2,6;32,6;32,6;32,2,2,2,0,0,0,0.06666666666666667,0.06666666666666667,0.06666666666666667,0.0,0.0,0.0,0,0,6.481023405998712,13,10,872,51,2,,original_uniform_floor_plus_prior_scores,maximum_cardinality_certified_superset_of_eBH_then_maximum_testing_evalue_sum,200,2,2,exact_dyadic_prefix_or_HiGHS_QUBO_MILP,300.0,1
95,1a3ba5ff44996b61bd161a6a38a1c6b687ce34c014da57d2e48846aec012dad3,proven_maximal,maximize_sum_testing_e_values_at_maximum_cardinality,proven_optimal,14940.113533409633,3.1303038800731007,4772.735844757904,5,5,7,19;26;108;111;183,19;26;108;111;183,19;26;77;108;111;156;183,5,5,7,0,0,0,0.16666666666666666,0.16666666666666666,0.23333333333333334,0.0,0.0,0.0,0,2,5.991964435997943,23,17,1100,53,7,,original_uniform_floor_plus_prior_scores,maximum_cardinality_certified_superset_of_eBH_then_maximum_testing_evalue_sum,200,5,5,exact_dyadic_prefix_or_HiGHS_QUBO_MILP,300.0,1
96,9e79938f198000260b744601a3cf54eca024ad5e1f2f4f0fee186f21e5d487c2,proven_maximal,maximize_sum_testing_e_values_at_maximum_cardinality,proven_optimal,42954.66870295448,1.2718835201061447,33772.48625673655,6,6,6,55;130;137;143;156;172,55;130;137;143;156;172,55;130;137;143;156;172,6,6,6,0,0,0,0.2,0.2,0.2,0.0,0.0,0.0,0,0,5.373110426000494,20,11,809,46,6,,original_uniform_floor_plus_prior_scores,maximum_cardinality_certified_superset_of_eBH_then_maximum_testing_evalue_sum,200,6,6,exact_dyadic_prefix_or_HiGHS_QUBO_MILP,300.0,1
97,1fd8debc5158f8fbc51d330adcffa90867affd1d8760ffd3c4bb8756d7aac99d,proven_maximal,maximize_sum_testing_e_values_at_maximum_cardinality,proven_optimal,22536.384179668534,3.302042314692351,6824.983459295322,8,8,10,9;35;73;103;112;114;142;167,9;35;73;103;112;114;142;167,9;35;73;103;112;114;142;167;174;181,8,8,10,0,0,0,0.26666666666666666,0.26666666666666666,0.3333333333333333,0.0,0.0,0.0,0,2,5.815274337997835,19,12,927,63,10,,original_uniform_floor_plus_prior_scores,maximum_cardinality_certified_superset_of_eBH_then_maximum_testing_evalue_sum,200,8,8,exact_dyadic_prefix_or_HiGHS_QUBO_MILP,300.0,1
98,9f7227b9f68dcda9a715c19dd66273c0d39fecbc12dbca198346a4c5fcf6289c,proven_maximal,maximize_sum_testing_e_values_at_maximum_cardinality,proven_optimal,20741.3037724322,1.3508756261999908,15353.969951162288,3,3,8,19;34;140,19;34;140,19;34;120;140;161;189;192;193,3,3,8,0,0,0,0.1,0.1,0.26666666666666666,0.0,0.0,0.0,0,5,33.28906484199979,38,31,2466,51,8,,original_uniform_floor_plus_prior_scores,maximum_cardinality_certified_superset_of_eBH_then_maximum_testing_evalue_sum,200,3,3,exact_dyadic_prefix_or_HiGHS_QUBO_MILP,300.0,1
99,e37eeb70fbca030aaa96d9c4116f64ce4b7a75a053553553a7dc2ad857c43ffc,proven_maximal,maximize_sum_testing_e_values_at_maximum_cardinality,proven_optimal,235733.60266107743,1.0633574495253422,221688.015414105,7,7,12,37;73;90;148;158;190;195,37;73;90;148;158;190;195,8;37;73;90;117;148;149;153;158;190;193;195,7,7,12,0,0,0,0.23333333333333334,0.23333333333333334,0.4,0.0,0.0,0.0,0,5,2.116945311005111,13,8,581,54,12,,original_uniform_floor_plus_prior_scores,maximum_cardinality_certified_superset_of_eBH_then_maximum_testing_evalue_sum,200,7,7,exact_dyadic_prefix_or_HiGHS_QUBO_MILP,300.0,1
100,d927d11cd65479c3deba73c9186baa8c0bb6dbb1bb885ee42a4eb558710cbbd4,proven_maximal,maximize_sum_testing_e_values_at_maximum_cardinality,proven_optimal,161660.0098849325,1.1165172853397116,144789.52722684073,8,8,9,29;81;90;114;121;151;156;168,29;81;90;114;121;151;156;168,0;29;81;90;114;121;151;156;168,8,8,9,0,0,0,0.26666666666666666,0.26666666666666666,0.3,0.0,0.0,0.0,0,1,4.821963610003877,19,10,770,49,9,,original_uniform_floor_plus_prior_scores,maximum_cardinality_certified_superset_of_eBH_then_maximum_testing_evalue_sum,200,8,8,exact_dyadic_prefix_or_HiGHS_QUBO_MILP,300.0,1
101,7b57934f016c579b444b8cdc9269f53dc720d7bae8a5a707324c3979c1b05fb4,proven_maximal,maximize_sum_testing_e_values_at_maximum_cardinality,proven_optimal,40486.13057818677,1.720638526268044,23529.712929303416,6,6,7,4;65;66;113;160;194,4;65;66;113;160;194,4;65;66;113;132;160;194,6,6,7,0,0,0,0.2,0.2,0.23333333333333334,0.0,0.0,0.0,0,1,3.307457978997263,22,14,1144,57,7,,original_uniform_floor_plus_prior_scores,maximum_cardinality_certified_superset_of_eBH_then_maximum_testing_evalue_sum,200,6,6,exact_dyadic_prefix_or_HiGHS_QUBO_MILP,300.0,1
102,9f048627cd0836650d8b7eb3326aa06d6d4240664c35af068216fce3e8cc59df,proven_maximal,maximize_sum_testing_e_values_at_maximum_cardinality,proven_optimal,411488.6748271947,1.7386276078060208,236674.4166374152,10,10,10,26;42;49;57;76;93;109;157;158;190,26;42;49;57;76;93;109;157;158;190,26;42;49;57;76;93;109;157;158;190,10,10,10,0,0,0,0.3333333333333333,0.3333333333333333,0.3333333333333333,0.0,0.0,0.0,0,0,5.54727465200267,21,11,838,50,10,,original_uniform_floor_plus_prior_scores,maximum_cardinality_certified_superset_of_eBH_then_maximum_testing_evalue_sum,200,10,10,exact_dyadic_prefix_or_HiGHS_QUBO_MILP,300.0,1
103,bebf9ab7f0ff4bc5138a89703f4d6db7556422a80f4c2fbc49a4773b7754cc12,proven_maximal,maximize_sum_testing_e_values_at_maximum_cardinality,proven_optimal,7249.276643788322,2.8432862140282844,2549.6119975617084,2,2,9,27;172,27;172,9;15;19;25;26;27;51;97;172,2,2,9,0,0,0,0.06666666666666667,0.06666666666666667,0.3,0.0,0.0,0.0,0,7,2.384195140999509,17,15,1099,64,9,,original_uniform_floor_plus_prior_scores,maximum_cardinality_certified_superset_of_eBH_then_maximum_testing_evalue_sum,200,2,2,exact_dyadic_prefix_or_HiGHS_QUBO_MILP,300.0,1
104,395015e0ba952bc021aa69d9bba354bf65fc912d8f0c08224847e033c1167880,proven_maximal,maximize_sum_testing_e_values_at_maximum_cardinality,proven_optimal,946780.1802810584,1.0684047362683904,886162.4702150524,6,6,17,11;83;126;146;160;185,11;83;126;146;160;185,9;11;21;50;55;76;83;86;95;111;126;146;160;162;184;185;190,6,6,17,0,0,0,0.2,0.2,0.5666666666666667,0.0,0.0,0.0,0,11,7.444990454001527,14,14,1264,60,17,,original_uniform_floor_plus_prior_scores,maximum_cardinality_certified_superset_of_eBH_then_maximum_testing_evalue_sum,200,6,6,exact_dyadic_prefix_or_HiGHS_QUBO_MILP,300.0,1
105,03e1dcb8d0260d342175f90186079f0d5720975eee6df2f0e571a00211a23c67,proven_maximal,maximize_sum_testing_e_values_at_maximum_cardinality,proven_optimal,137467.33829168277,1.1832376447598234,116178.97630326512,9,9,11,51;97;102;125;149;160;161;174;182,51;97;102;125;149;160;161;174;182,51;97;102;125;126;149;160;161;163;174;182,9,9,11,0,0,0,0.3,0.3,0.36666666666666664,0.0,0.0,0.0,0,2,2.9008647669979837,16,9,749,50,11,,original_uniform_floor_plus_prior_scores,maximum_cardinality_certified_superset_of_eBH_then_maximum_testing_evalue_sum,200,9,9,exact_dyadic_prefix_or_HiGHS_QUBO_MILP,300.0,1
106,d153b14011ff81e59760ac7d23bb38639116ed6dee8555567f57d6865534424d,proven_maximal,maximize_sum_testing_e_values_at_maximum_cardinality,proven_optimal,49579.75885723629,1.1025307867925205,44969.04707892428,1,1,9,14,14,14;39;83;84;87;113;167;191;195,1,1,9,0,0,0,0.03333333333333333,0.03333333333333333,0.3,0.0,0.0,0.0,0,8,3.6486523389976355,12,11,1014,60,9,,original_uniform_floor_plus_prior_scores,maximum_cardinality_certified_superset_of_eBH_then_maximum_testing_evalue_sum,200,1,1,exact_dyadic_prefix_or_HiGHS_QUBO_MILP,300.0,1
107,851398a9bc1e2af03e7c9763f86bb901281b95f261abcd2d13a45f8bf33777ef,proven_maximal,maximize_sum_testing_e_values_at_maximum_cardinality,proven_optimal,9027.634844474724,2.708179751056912,3333.469590026858,0,0,7,,,21;83;97;111;125;149;171,0,0,7,0,0,0,0.0,0.0,0.23333333333333334,0.0,0.0,0.0,0,7,1.5839236329993582,12,10,737,54,7,,original_uniform_floor_plus_prior_scores,maximum_cardinality_certified_superset_of_eBH_then_maximum_testing_evalue_sum,200,0,0,exact_dyadic_prefix_or_HiGHS_QUBO_MILP,300.0,1
108,a556636e36cd58b8e3e0a42ff4f868b8cd574810ed9d1c8f73492aad1779776a,proven_maximal,maximize_sum_testing_e_values_at_maximum_cardinality,proven_optimal,28513.40599234439,2.6241861867027954,10865.618505587272,7,7,12,12;21;32;80;147;154;191,12;21;32;80;147;154;191,9;12;21;32;50;80;147;154;157;166;175;191,7,7,12,0,0,0,0.23333333333333334,0.23333333333333334,0.4,0.0,0.0,0.0,0,5,3.5671466149942717,10,7,649,59,12,,original_uniform_floor_plus_prior_scores,maximum_cardinality_certified_superset_of_eBH_then_maximum_testing_evalue_sum,200,7,7,exact_dyadic_prefix_or_HiGHS_QUBO_MILP,300.0,1
109,0086236257304eaf684d24d4a62f190b4de9a04fbca48f5fa9f5169e29a53d5b,proven_maximal,maximize_sum_testing_e_values_at_maximum_cardinality,proven_optimal,30352.559751833433,2.9068762319822263,10441.641586898846,9,9,13,33;84;92;99;114;129;134;158;194,33;84;92;99;114;129;134;158;194,8;15;33;68;84;89;92;99;114;129;134;158;194,9,9,13,0,0,0,0.3,0.3,0.43333333333333335,0.0,0.0,0.0,0,4,2.6690614040053333,12,8,700,46,13,,original_uniform_floor_plus_prior_scores,maximum_cardinality_certified_superset_of_eBH_then_maximum_testing_evalue_sum,200,9,9,exact_dyadic_prefix_or_HiGHS_QUBO_MILP,300.0,1
110,a03391c70facf685833a8cd80992a2539b52a56313992cfaa271b7031392b17a,proven_maximal,maximize_sum_testing_e_values_at_maximum_cardinality,proven_optimal,36051.89024228945,2.353972019717172,15315.343572614369,5,5,6,2;76;139;158;161,2;76;139;158;161,2;58;76;139;158;161,5,5,6,0,0,0,0.16666666666666666,0.16666666666666666,0.2,0.0,0.0,0.0,0,1,5.602362254001491,20,15,1220,59,6,,original_uniform_floor_plus_prior_scores,maximum_cardinality_certified_superset_of_eBH_then_maximum_testing_evalue_sum,200,5,5,exact_dyadic_prefix_or_HiGHS_QUBO_MILP,300.0,1
111,6e2ad18ce7e6e536f1f4ae8522a813fcdfb46773c619e8b5edfd86046f87816d,proven_maximal,maximize_sum_testing_e_values_at_maximum_cardinality,proven_optimal,44935.519228824254,1.2832388995575277,35017.26704537902,3,3,3,16;137;146,16;137;146,16;137;146,3,3,3,0,0,0,0.1,0.1,0.1,0.0,0.0,0.0,0,0,3.2335410289961146,25,15,1093,51,3,,original_uniform_floor_plus_prior_scores,maximum_cardinality_certified_superset_of_eBH_then_maximum_testing_evalue_sum,200,3,3,exact_dyadic_prefix_or_HiGHS_QUBO_MILP,300.0,1
112,6457adbec396aea363b8fd7993592da0f2ca53aa459c975c82a03c74027d4442,proven_maximal,maximize_sum_testing_e_values_at_maximum_cardinality,proven_optimal,252020.88261724226,1.2302711337860173,204849.8706473565,9,9,9,10;36;65;99;106;139;152;162;165,10;36;65;99;106;139;152;162;165,10;36;65;99;106;139;152;162;165,9,9,9,0,0,0,0.3,0.3,0.3,0.0,0.0,0.0,0,0,2.1333010290036327,12,7,581,59,9,,original_uniform_floor_plus_prior_scores,maximum_cardinality_certified_superset_of_eBH_then_maximum_testing_evalue_sum,200,9,9,exact_dyadic_prefix_or_HiGHS_QUBO_MILP,300.0,1
113,bc89dab472a2727fad4d3054db1d8591c3b020df2dd15a127048454fb2e535a4,proven_maximal,maximize_sum_testing_e_values_at_maximum_cardinality,proven_optimal,58914.63563422599,2.5305370066377573,23281.4756234306,9,9,14,16;31;37;106;109;116;120;154;186,16;31;37;106;109;116;120;154;186,4;16;21;31;37;99;106;109;116;120;125;154;170;186,9,9,14,0,0,0,0.3,0.3,0.4666666666666667,0.0,0.0,0.0,0,5,8.641342771996278,11,6,483,54,14,,original_uniform_floor_plus_prior_scores,maximum_cardinality_certified_superset_of_eBH_then_maximum_testing_evalue_sum,200,9,9,exact_dyadic_prefix_or_HiGHS_QUBO_MILP,300.0,1
114,6540b968ca874b1b93e3b7882712025302660630065ac43fab667554c11dae94,proven_maximal,maximize_sum_testing_e_values_at_maximum_cardinality,proven_optimal,234020.68634090983,1.88719397625985,124004.57466736173,8,8,9,35;54;57;91;92;142;168;197,35;54;57;91;92;142;168;197,35;54;57;85;91;92;142;168;197,8,8,9,0,0,0,0.26666666666666666,0.26666666666666666,0.3,0.0,0.0,0.0,0,1,3.5024066909973044,19,12,719,62,9,,original_uniform_floor_plus_prior_scores,maximum_cardinality_certified_superset_of_eBH_then_maximum_testing_evalue_sum,200,8,8,exact_dyadic_prefix_or_HiGHS_QUBO_MILP,300.0,1
115,830780e8dcb73bb8f0dc780bba79ceeee8f5e6c60fe78e4ce671c18b307dd9d7,proven_maximal,maximize_sum_testing_e_values_at_maximum_cardinality,proven_optimal,188310.33341536744,1.2028198183980907,156557.39166832002,11,11,16,20;35;59;78;89;110;111;129;158;160;178,20;35;59;78;89;110;111;129;158;160;178,20;21;35;42;49;59;78;89;110;111;122;129;158;160;178;196,11,11,16,0,0,0,0.36666666666666664,0.36666666666666664,0.5333333333333333,0.0,0.0,0.0,0,5,28.20255136099877,7,6,542,47,16,,original_uniform_floor_plus_prior_scores,maximum_cardinality_certified_superset_of_eBH_then_maximum_testing_evalue_sum,200,11,11,exact_dyadic_prefix_or_HiGHS_QUBO_MILP,300.0,1
116,413d7803ca3bdcd0c95fab0190197f7d53eef71cacc31f739c04447a217a5d0b,proven_maximal,maximize_sum_testing_e_values_at_maximum_cardinality,proven_optimal,30996.391581425916,1.8298627099429479,16939.189706965684,10,10,10,5;91;109;112;117;119;145;152;155;199,5;91;109;112;117;119;145;152;155;199,5;91;109;112;117;119;145;152;155;199,10,10,10,0,0,0,0.3333333333333333,0.3333333333333333,0.3333333333333333,0.0,0.0,0.0,0,0,1.3151624120000633,10,7,704,51,10,,original_uniform_floor_plus_prior_scores,maximum_cardinality_certified_superset_of_eBH_then_maximum_testing_evalue_sum,200,10,10,exact_dyadic_prefix_or_HiGHS_QUBO_MILP,300.0,1
117,978be2afc5787dfe1bfda127f80bb2693d0efad06c598bfb2b65647c51fa6349,proven_maximal,maximize_sum_testing_e_values_at_maximum_cardinality,proven_optimal,166390.52098993547,1.1577821895274338,143714.87357034767,5,5,9,10;87;102;163;167,10;87;102;163;167,10;87;102;110;134;163;167;182;189,5,5,9,0,0,0,0.16666666666666666,0.16666666666666666,0.3,0.0,0.0,0.0,0,4,3.2871784620001563,18,12,1042,54,9,,original_uniform_floor_plus_prior_scores,maximum_cardinality_certified_superset_of_eBH_then_maximum_testing_evalue_sum,200,5,5,exact_dyadic_prefix_or_HiGHS_QUBO_MILP,300.0,1
118,3d0133cc723fc4056d2cef73ba9fc493f7ff81857798b0eebd74c8ccfec3f9ea,proven_maximal,maximize_sum_testing_e_values_at_maximum_cardinality,proven_optimal,7509.861214131803,4.099887021787099,1831.7239412266367,5,5,7,1;20;50;105;195,1;20;50;105;195,1;20;50;105;194;195;198,5,5,7,0,0,0,0.16666666666666666,0.16666666666666666,0.23333333333333334,0.0,0.0,0.0,0,2,4.453972561001137,18,10,826,65,7,,original_uniform_floor_plus_prior_scores,maximum_cardinality_certified_superset_of_eBH_then_maximum_testing_evalue_sum,200,5,5,exact_dyadic_prefix_or_HiGHS_QUBO_MILP,300.0,1
119,d519dff6cc84bf29aac06645d1c1f7e2f82e38d75ec3cb5d2e1623b9a0c49743,proven_maximal,maximize_sum_testing_e_values_at_maximum_cardinality,proven_optimal,14533.937862619889,2.0399411545348123,7124.684861772007,3,3,10,17;82;158,17;82;158,17;34;80;82;151;158;164;170;180;191,3,3,10,0,0,0,0.1,0.1,0.3333333333333333,0.0,0.0,0.0,0,7,1.5958839420054574,8,7,610,60,10,,original_uniform_floor_plus_prior_scores,maximum_cardinality_certified_superset_of_eBH_then_maximum_testing_evalue_sum,200,3,3,exact_dyadic_prefix_or_HiGHS_QUBO_MILP,300.0,1
120,560cebe7bcb46ee87fa095b3ae0468fd32cae084428e7d1e4c74d82ea990e343,proven_maximal,maximize_sum_testing_e_values_at_maximum_cardinality,proven_optimal,35218.021610916476,2.215346049783468,15897.300385354583,9,9,11,3;56;60;80;117;167;171;180;191,3;56;60;80;117;167;171;180;191,3;56;60;80;84;117;167;171;180;191;194,9,9,11,0,0,0,0.3,0.3,0.36666666666666664,0.0,0.0,0.0,0,2,2.5813925089969416,18,11,909,52,11,,original_uniform_floor_plus_prior_scores,maximum_cardinality_certified_superset_of_eBH_then_maximum_testing_evalue_sum,200,9,9,exact_dyadic_prefix_or_HiGHS_QUBO_MILP,300.0,1
121,be070f897575dac9261666c2ec3aa71279c227ad2e3d237037c319812b7e3e48,proven_maximal,maximize_sum_testing_e_values_at_maximum_cardinality,proven_optimal,37268.04200413686,1.467277673936815,25399.44733442576,7,7,10,14;29;33;56;111;144;183,14;29;33;56;111;144;183,14;29;33;56;60;111;144;162;183;191,7,7,10,0,0,0,0.23333333333333334,0.23333333333333334,0.3333333333333333,0.0,0.0,0.0,0,3,2.193438681999396,15,9,777,48,10,,original_uniform_floor_plus_prior_scores,maximum_cardinality_certified_superset_of_eBH_then_maximum_testing_evalue_sum,200,7,7,exact_dyadic_prefix_or_HiGHS_QUBO_MILP,300.0,1
122,2e236e9621daf372c0fec1116e388bd588712677d49d5edd3393245f943e0165,proven_maximal,maximize_sum_testing_e_values_at_maximum_cardinality,proven_optimal,30637.370174260206,2.376981695121242,12889.190622352477,5,5,9,62;121;132;168;172,62;121;132;168;172,62;94;121;132;156;168;172;178;192,5,5,9,0,0,0,0.16666666666666666,0.16666666666666666,0.3,0.0,0.0,0.0,0,4,4.551945459999843,12,9,544,48,9,,original_uniform_floor_plus_prior_scores,maximum_cardinality_certified_superset_of_eBH_then_maximum_testing_evalue_sum,200,5,5,exact_dyadic_prefix_or_HiGHS_QUBO_MILP,300.0,1
123,a311f2826c0cc5ce742fdc0bfc4638e12d2bfaa160699d0526ef40ad025ad523,proven_maximal,maximize_sum_testing_e_values_at_maximum_cardinality,proven_optimal,38022.60176452112,2.025050226162804,18776.12775885011,15,15,17,5;13;43;65;71;75;83;102;108;111;143;153;159;171;180,5;13;43;65;71;75;83;102;108;111;143;153;159;171;180,5;13;43;54;65;71;75;83;102;108;111;143;153;159;171;180;198,15,15,17,0,0,0,0.5,0.5,0.5666666666666667,0.0,0.0,0.0,0,2,3.729134752000391,15,8,722,57,17,,original_uniform_floor_plus_prior_scores,maximum_cardinality_certified_superset_of_eBH_then_maximum_testing_evalue_sum,200,15,15,exact_dyadic_prefix_or_HiGHS_QUBO_MILP,300.0,1
124,3d08d551ee3ffead33bb2def7d44de830712a0d61a29bb9932ea39872f567e88,proven_maximal,maximize_sum_testing_e_values_at_maximum_cardinality,proven_optimal,49198.521359062026,2.590387476486719,18992.726688822942,14,14,16,1;4;16;20;21;32;37;45;92;93;105;115;158;160,1;4;16;20;21;32;37;45;92;93;105;115;158;160,1;4;16;20;21;32;37;41;45;92;93;105;115;123;158;160,14,14,16,0,0,0,0.4666666666666667,0.4666666666666667,0.5333333333333333,0.0,0.0,0.0,0,2,40.5193811479985,14,7,617,44,16,,original_uniform_floor_plus_prior_scores,maximum_cardinality_certified_superset_of_eBH_then_maximum_testing_evalue_sum,200,14,14,exact_dyadic_prefix_or_HiGHS_QUBO_MILP,300.0,1
125,e115bb83924861897b30f4106329469ddee88889a92ddad34c22964dc48e6efd,proven_maximal,maximize_sum_testing_e_values_at_maximum_cardinality,proven_optimal,19845.900099419985,1.5225408252717036,13034.724435634364,5,5,7,111;137;163;177;192,111;137;163;177;192,84;111;137;149;163;177;192,5,5,7,0,0,0,0.16666666666666666,0.16666666666666666,0.23333333333333334,0.0,0.0,0.0,0,2,6.684166466999159,13,9,724,44,7,,original_uniform_floor_plus_prior_scores,maximum_cardinality_certified_superset_of_eBH_then_maximum_testing_evalue_sum,200,5,5,exact_dyadic_prefix_or_HiGHS_QUBO_MILP,300.0,1
126,95063249157e5b6dd40496743dd6c312f99b5df7aec99d188ccf648354c2ac51,proven_maximal,maximize_sum_testing_e_values_at_maximum_cardinality,proven_optimal,57093.8836194042,1.1247169283516627,50762.89169318236,6,6,7,21;37;71;81;94;155,21;37;71;81;94;155,21;37;46;71;81;94;155,6,6,7,0,0,0,0.2,0.2,0.23333333333333334,0.0,0.0,0.0,0,1,2.8534145669982536,14,9,705,58,7,,original_uniform_floor_plus_prior_scores,maximum_cardinality_certified_superset_of_eBH_then_maximum_testing_evalue_sum,200,6,6,exact_dyadic_prefix_or_HiGHS_QUBO_MILP,300.0,1
127,8b6ebd55e50d011d25b586fae6c8c8734d329d309ad1a140cf0988361e61e5e2,proven_maximal,maximize_sum_testing_e_values_at_maximum_cardinality,proven_optimal,703493.2427699363,1.07791408497652,652643.1489994496,13,13,15,3;16;17;22;75;94;116;133;147;154;158;186;193,3;16;17;22;75;94;116;133;147;154;158;186;193,3;16;17;22;48;75;80;94;116;133;147;154;158;186;193,13,13,15,0,0,0,0.43333333333333335,0.43333333333333335,0.5,0.0,0.0,0.0,0,2,9.03552125600254,11,8,646,60,15,,original_uniform_floor_plus_prior_scores,maximum_cardinality_certified_superset_of_eBH_then_maximum_testing_evalue_sum,200,13,13,exact_dyadic_prefix_or_HiGHS_QUBO_MILP,300.0,1
128,5de0632054c08eda168666e45533e1d32657013c576bcf8508080449f8b19ecb,proven_maximal,maximize_sum_testing_e_values_at_maximum_cardinality,proven_optimal,16393.161575747672,1.840823485707181,8905.34138825917,3,3,6,17;41;157,17;41;157,17;41;61;157;166;171,3,3,6,0,0,0,0.1,0.1,0.2,0.0,0.0,0.0,0,3,4.497112652999931,13,10,737,60,6,,original_uniform_floor_plus_prior_scores,maximum_cardinality_certified_superset_of_eBH_then_maximum_testing_evalue_sum,200,3,3,exact_dyadic_prefix_or_HiGHS_QUBO_MILP,300.0,1
129,0bc23eb026f79235dff8e299d92434416865bd1c87aa05c3726b1651aff74e63,proven_maximal,maximize_sum_testing_e_values_at_maximum_cardinality,proven_optimal,27957.116156464315,2.5925191279840885,10783.764661440871,5,5,5,84;101;143;174;195,84;101;143;174;195,84;101;143;174;195,5,5,5,0,0,0,0.16666666666666666,0.16666666666666666,0.16666666666666666,0.0,0.0,0.0,0,0,5.588976471997739,20,11,1020,57,5,,original_uniform_floor_plus_prior_scores,maximum_cardinality_certified_superset_of_eBH_then_maximum_testing_evalue_sum,200,5,5,exact_dyadic_prefix_or_HiGHS_QUBO_MILP,300.0,1
130,7c7ff1e10aaff52b387d3d082a88b674ea44e85a966c6f1ed2481ffa41449676,proven_maximal,maximize_sum_testing_e_values_at_maximum_cardinality,proven_optimal,336303.14712497516,1.2037149831248606,279387.6888131172,16,16,16,5;8;32;52;59;64;71;80;87;103;142;150;172;179;180;196,5;8;32;52;59;64;71;80;87;103;142;150;172;179;180;196,5;8;32;52;59;64;71;80;87;103;142;150;172;179;180;196,16,16,16,0,0,0,0.5333333333333333,0.5333333333333333,0.5333333333333333,0.0,0.0,0.0,0,0,2.9720579970016843,14,6,599,59,16,,original_uniform_floor_plus_prior_scores,maximum_cardinality_certified_superset_of_eBH_then_maximum_testing_evalue_sum,200,16,16,exact_dyadic_prefix_or_HiGHS_QUBO_MILP,300.0,1
131,9bfabe4e322a3f485ac341fa0074b7d14b7dccaf56f7691c68c1ddbf13e1ff79,proven_maximal,maximize_sum_testing_e_values_at_maximum_cardinality,proven_optimal,133157.14798990177,1.1839184167866712,112471.55724742408,4,4,10,35;53;56;185,35;53;56;185,30;35;37;53;56;93;118;156;185;197,4,4,10,0,0,0,0.13333333333333333,0.13333333333333333,0.3333333333333333,0.0,0.0,0.0,0,6,1.9960675370020908,13,11,752,47,10,,original_uniform_floor_plus_prior_scores,maximum_cardinality_certified_superset_of_eBH_then_maximum_testing_evalue_sum,200,4,4,exact_dyadic_prefix_or_HiGHS_QUBO_MILP,300.0,1
132,be190e3fc0fae9c1380781de2baad1158eea4a9bacabbeb88d5d5471f3293ec6,proven_maximal,maximize_sum_testing_e_values_at_maximum_cardinality,proven_optimal,67462.09007142656,1.901855905585143,35471.7146936905,3,3,5,41;136;189,41;136;189,20;41;136;186;189,2,2,4,1,1,1,0.06666666666666667,0.06666666666666667,0.13333333333333333,0.3333333333333333,0.3333333333333333,0.2,0,2,2.1868379620063934,19,12,973,51,5,,original_uniform_floor_plus_prior_scores,maximum_cardinality_certified_superset_of_eBH_then_maximum_testing_evalue_sum,200,3,3,exact_dyadic_prefix_or_HiGHS_QUBO_MILP,300.0,1
133,7cd73050c39db1e7e0c973f92640d254359e11fc5ba3790ce5951acb42c423a0,proven_maximal,maximize_sum_testing_e_values_at_maximum_cardinality,proven_optimal,98362.73222765971,1.331625108563255,73866.68484629829,10,10,11,17;83;93;112;132;134;137;161;171;174,17;83;93;112;132;134;137;161;171;174,17;83;93;112;113;132;134;137;161;171;174,10,10,11,0,0,0,0.3333333333333333,0.3333333333333333,0.36666666666666664,0.0,0.0,0.0,0,1,2.7865978379995795,11,6,504,51,11,,original_uniform_floor_plus_prior_scores,maximum_cardinality_certified_superset_of_eBH_then_maximum_testing_evalue_sum,200,10,10,exact_dyadic_prefix_or_HiGHS_QUBO_MILP,300.0,1
134,840ee63e3ae55935037461aaf8dff1c85b542ed37ffa7229b0ecd48006a95dd7,proven_maximal,maximize_sum_testing_e_values_at_maximum_cardinality,proven_optimal,48699.33515019753,2.1615980284075684,22529.32067396172,11,11,13,9;30;35;38;46;47;87;101;130;158;181,9;30;35;38;46;47;87;101;130;158;181,9;22;30;35;38;46;47;87;89;101;130;158;181,11,11,13,0,0,0,0.36666666666666664,0.36666666666666664,0.43333333333333335,0.0,0.0,0.0,0,2,5.965468827998848,14,6,537,54,13,,original_uniform_floor_plus_prior_scores,maximum_cardinality_certified_superset_of_eBH_then_maximum_testing_evalue_sum,200,11,11,exact_dyadic_prefix_or_HiGHS_QUBO_MILP,300.0,1
135,73d3be18daac4a5305663fee885fec990b6acf5875221fa099a19872a35dedd9,proven_maximal,maximize_sum_testing_e_values_at_maximum_cardinality,proven_optimal,18369.791932989654,2.058757737361664,8922.755504263887,6,6,10,5;6;12;81;108;144,5;6;12;81;108;144,5;6;7;12;21;53;81;94;108;144,6,6,10,0,0,0,0.2,0.2,0.3333333333333333,0.0,0.0,0.0,0,4,1.9888346099978662,15,9,702,51,10,,original_uniform_floor_plus_prior_scores,maximum_cardinality_certified_superset_of_eBH_then_maximum_testing_evalue_sum,200,6,6,exact_dyadic_prefix_or_HiGHS_QUBO_MILP,300.0,1
136,c6a19aaf484e04f1609becabb37b82d054cc4aed9a3f47a52990a5d8e7cfe09c,proven_maximal,maximize_sum_testing_e_values_at_maximum_cardinality,proven_optimal,46630.415837542845,3.143499049538178,14833.920768766728,8,8,11,14;21;43;51;85;94;148;154,14;21;43;51;85;94;148;154,14;21;43;51;55;63;85;94;100;148;154,8,8,11,0,0,0,0.26666666666666666,0.26666666666666666,0.36666666666666664,0.0,0.0,0.0,0,3,4.9910490839974955,14,7,515,59,11,,original_uniform_floor_plus_prior_scores,maximum_cardinality_certified_superset_of_eBH_then_maximum_testing_evalue_sum,200,8,8,exact_dyadic_prefix_or_HiGHS_QUBO_MILP,300.0,1
137,73a5520b0d37fbf8e8159753beec511a1894db27e5c5ecb3c65433d44a9de47f,proven_maximal,maximize_sum_testing_e_values_at_maximum_cardinality,proven_optimal,142949.11752663803,1.9027600048116469,75127.24524645896,9,9,9,22;25;49;108;109;131;148;191;199,22;25;49;108;109;131;148;191;199,22;25;49;108;109;131;148;191;199,9,9,9,0,0,0,0.3,0.3,0.3,0.0,0.0,0.0,0,0,1.442933008998807,15,9,725,54,9,,original_uniform_floor_plus_prior_scores,maximum_cardinality_certified_superset_of_eBH_then_maximum_testing_evalue_sum,200,9,9,exact_dyadic_prefix_or_HiGHS_QUBO_MILP,300.0,1
138,98139ec876ebd3907c015c5250504599ce882d1f0852b52a34f46a52993b49f9,proven_maximal,maximize_sum_testing_e_values_at_maximum_cardinality,proven_optimal,76137.87540219353,1.9119544167492508,39822.01392209178,9,9,9,6;10;81;104;110;113;124;125;137,6;10;81;104;110;113;124;125;137,6;10;81;104;110;113;124;125;137,9,9,9,0,0,0,0.3,0.3,0.3,0.0,0.0,0.0,0,0,1.8979490679994342,15,6,700,49,9,,original_uniform_floor_plus_prior_scores,maximum_cardinality_certified_superset_of_eBH_then_maximum_testing_evalue_sum,200,9,9,exact_dyadic_prefix_or_HiGHS_QUBO_MILP,300.0,1
139,a3aecae920edf77801abff5a608e54cd9bd58fcdd2e0a7171eedf1152ce6e122,proven_maximal,maximize_sum_testing_e_values_at_maximum_cardinality,proven_optimal,0.0,0.0,1671.4503109031275,0,0,0,,,,0,0,0,0,0,0,0.0,0.0,0.0,0.0,0.0,0.0,0,0,2.1750908749963855,15,9,735,57,0,,original_uniform_floor_plus_prior_scores,maximum_cardinality_certified_superset_of_eBH_then_maximum_testing_evalue_sum,200,0,0,exact_dyadic_prefix_or_HiGHS_QUBO_MILP,300.0,1
140,c81a9bc2c555222532f91e0c6e30007728b8abbd8ed2dc068fadc7efc173b6a5,proven_maximal,maximize_sum_testing_e_values_at_maximum_cardinality,proven_optimal,57398.45372681187,1.3813566558403316,41552.23307762919,6,6,11,3;12;42;65;164;174,3;12;42;65;164;174,3;12;42;65;103;122;164;168;174;182;189,6,6,11,0,0,0,0.2,0.2,0.36666666666666664,0.0,0.0,0.0,0,5,6.9011728830009815,17,13,1177,57,11,,original_uniform_floor_plus_prior_scores,maximum_cardinality_certified_superset_of_eBH_then_maximum_testing_evalue_sum,200,6,6,exact_dyadic_prefix_or_HiGHS_QUBO_MILP,300.0,1
141,d382afefa76d609121d657fb5cf669f76bb287284469273e7e5fa47fc65c3853,proven_maximal,maximize_sum_testing_e_values_at_maximum_cardinality,proven_optimal,17650.446790770384,3.789321573427208,4657.943763481293,6,6,9,18;19;31;61;122;145,18;19;31;61;122;145,18;19;31;61;79;122;133;145;188,6,6,9,0,0,0,0.2,0.2,0.3,0.0,0.0,0.0,0,3,3.7474805370002287,13,11,860,56,9,,original_uniform_floor_plus_prior_scores,maximum_cardinality_certified_superset_of_eBH_then_maximum_testing_evalue_sum,200,6,6,exact_dyadic_prefix_or_HiGHS_QUBO_MILP,300.0,1
142,1b486805bdb63808ab8fd90eea837c305660a76c794ad4f595b0a70172006666,proven_maximal,maximize_sum_testing_e_values_at_maximum_cardinality,proven_optimal,10653.875815658828,3.1867069341085372,3343.22422361038,8,8,10,30;32;65;84;93;168;181;187,30;32;65;84;93;168;181;187,18;30;31;32;65;84;93;168;181;187,8,8,10,0,0,0,0.26666666666666666,0.26666666666666666,0.3333333333333333,0.0,0.0,0.0,0,2,2.1095617950049927,17,9,743,64,10,,original_uniform_floor_plus_prior_scores,maximum_cardinality_certified_superset_of_eBH_then_maximum_testing_evalue_sum,200,8,8,exact_dyadic_prefix_or_HiGHS_QUBO_MILP,300.0,1
143,e26c5dd75239ec5523f7970d2a4f0e6caab3ee933a1e3b457ae735eea124657e,proven_maximal,maximize_sum_testing_e_values_at_maximum_cardinality,proven_optimal,131917.0224733848,1.2236484386493456,107806.30964478152,4,4,4,75;82;105;143,75;82;105;143,75;82;105;143,4,4,4,0,0,0,0.13333333333333333,0.13333333333333333,0.13333333333333333,0.0,0.0,0.0,0,0,2.1782295650045853,18,11,839,47,4,,original_uniform_floor_plus_prior_scores,maximum_cardinality_certified_superset_of_eBH_then_maximum_testing_evalue_sum,200,4,4,exact_dyadic_prefix_or_HiGHS_QUBO_MILP,300.0,1
144,cd0447f6b66cad0d9be5079849f8728a2f4b8b491f835e85173bd66f1bcd26d2,proven_maximal,maximize_sum_testing_e_values_at_maximum_cardinality,proven_optimal,10344.669045179127,1.5258850298248898,6779.455098505213,3,3,4,7;34;174,7;34;174,7;34;93;174,3,3,4,0,0,0,0.1,0.1,0.13333333333333333,0.0,0.0,0.0,0,1,4.413456068999949,18,9,662,49,4,,original_uniform_floor_plus_prior_scores,maximum_cardinality_certified_superset_of_eBH_then_maximum_testing_evalue_sum,200,3,3,exact_dyadic_prefix_or_HiGHS_QUBO_MILP,300.0,1
145,ff9ad8de74d40da5f6ade7079003de3169e7c9e0e68dcf05320a74e26a30674d,proven_maximal,maximize_sum_testing_e_values_at_maximum_cardinality,proven_optimal,0.0,0.0,1301.738098528617,0,0,0,,,,0,0,0,0,0,0,0.0,0.0,0.0,0.0,0.0,0.0,0,0,2.309822877003171,21,12,854,53,0,,original_uniform_floor_plus_prior_scores,maximum_cardinality_certified_superset_of_eBH_then_maximum_testing_evalue_sum,200,0,0,exact_dyadic_prefix_or_HiGHS_QUBO_MILP,300.0,1
146,5f528ca458970018c35d2baba40ae5c0f67d22dcae7bfa125c83a55384d3aa98,proven_maximal,maximize_sum_testing_e_values_at_maximum_cardinality,proven_optimal,430157.0431697963,1.3409143762440932,320793.8185991174,8,8,14,9;23;43;111;123;125;130;197,9;23;43;111;123;125;130;197,9;23;43;46;56;99;108;111;121;123;125;130;162;197,8,8,14,0,0,0,0.26666666666666666,0.26666666666666666,0.4666666666666667,0.0,0.0,0.0,0,6,9.95687313900271,15,11,931,53,14,,original_uniform_floor_plus_prior_scores,maximum_cardinality_certified_superset_of_eBH_then_maximum_testing_evalue_sum,200,8,8,exact_dyadic_prefix_or_HiGHS_QUBO_MILP,300.0,1
147,523774667aae2ac9d7cef116c45de66008d56703297c3e1a9a62a1d0ec29df4e,proven_maximal,maximize_sum_testing_e_values_at_maximum_cardinality,proven_optimal,6415.89223697976,1.351242266987095,4748.143537047184,1,1,2,89,89,89;188,1,1,2,0,0,0,0.03333333333333333,0.03333333333333333,0.06666666666666667,0.0,0.0,0.0,0,1,0.9469464939975296,10,7,545,52,2,,original_uniform_floor_plus_prior_scores,maximum_cardinality_certified_superset_of_eBH_then_maximum_testing_evalue_sum,200,1,1,exact_dyadic_prefix_or_HiGHS_QUBO_MILP,300.0,1
148,9bc5aacfbf078dba84ff6e9fbcd02d3c3eb9a40801cb1b8e2cd2f31a9b721ba4,proven_maximal,maximize_sum_testing_e_values_at_maximum_cardinality,proven_optimal,162490.7554772094,1.2094894953466242,134346.56200188134,4,4,4,3;10;94;151,3;10;94;151,3;10;94;151,4,4,4,0,0,0,0.13333333333333333,0.13333333333333333,0.13333333333333333,0.0,0.0,0.0,0,0,4.812745236995397,19,10,847,52,4,,original_uniform_floor_plus_prior_scores,maximum_cardinality_certified_superset_of_eBH_then_maximum_testing_evalue_sum,200,4,4,exact_dyadic_prefix_or_HiGHS_QUBO_MILP,300.0,1
149,37d9770dcc9fba8cb54e2750844cce87adc790654ee1df0cab918a5296d5b3cb,proven_maximal,maximize_sum_testing_e_values_at_maximum_cardinality,proven_optimal,38058.45665612185,1.9553143313451968,19464.11175227197,4,4,6,35;42;61;170,35;42;61;170,12;35;42;61;104;170,4,4,6,0,0,0,0.13333333333333333,0.13333333333333333,0.2,0.0,0.0,0.0,0,2,1.2917597720006597,12,11,823,48,6,,original_uniform_floor_plus_prior_scores,maximum_cardinality_certified_superset_of_eBH_then_maximum_testing_evalue_sum,200,4,4,exact_dyadic_prefix_or_HiGHS_QUBO_MILP,300.0,1
150,d2d3dd5d2bbe83036593484f92a81d7002f75017325109f59dd30cfd2b3c0277,proven_maximal,maximize_sum_testing_e_values_at_maximum_cardinality,proven_optimal,30392.862174637055,1.8788828302911684,16176.028480672798,10,10,14,7;12;20;35;58;66;130;167;170;180,7;12;20;35;58;66;130;167;170;180,7;12;20;35;37;58;66;95;130;153;167;170;180;196,10,10,14,0,0,0,0.3333333333333333,0.3333333333333333,0.4666666666666667,0.0,0.0,0.0,0,4,4.22904598700552,14,9,768,54,14,,original_uniform_floor_plus_prior_scores,maximum_cardinality_certified_superset_of_eBH_then_maximum_testing_evalue_sum,200,10,10,exact_dyadic_prefix_or_HiGHS_QUBO_MILP,300.0,1
151,891677eb0f0d8cbcc782116994d1271225d42457b4204bd0a3fc2a5e62056a65,proven_maximal,maximize_sum_testing_e_values_at_maximum_cardinality,proven_optimal,3084.108041049214,2.743843030522647,1124.0103776861292,0,0,4,,,22;96;133;173,0,0,4,0,0,0,0.0,0.0,0.13333333333333333,0.0,0.0,0.0,0,4,3.4038544639988686,14,9,712,49,4,,original_uniform_floor_plus_prior_scores,maximum_cardinality_certified_superset_of_eBH_then_maximum_testing_evalue_sum,200,0,0,exact_dyadic_prefix_or_HiGHS_QUBO_MILP,300.0,1
152,20af5c1897442686ddf2639672402289c04cc52006a1ec7ee03693fa6673fd4d,proven_maximal,maximize_sum_testing_e_values_at_maximum_cardinality,proven_optimal,18984.09142044121,1.0,18984.09142044121,1,1,1,111,111,111,1,1,1,0,0,0,0.03333333333333333,0.03333333333333333,0.03333333333333333,0.0,0.0,0.0,0,0,1.7756260309979552,16,13,812,57,1,,original_uniform_floor_plus_prior_scores,maximum_cardinality_certified_superset_of_eBH_then_maximum_testing_evalue_sum,200,1,1,exact_dyadic_prefix_or_HiGHS_QUBO_MILP,300.0,1
153,edb3546c830cbdcb8eef57b8ce36184887bdae9a957f369ac9da705e0a8b78ea,proven_maximal,maximize_sum_testing_e_values_at_maximum_cardinality,proven_optimal,15779.18715595151,2.8722196082271085,5493.725866488075,7,7,7,11;50;79;144;150;163;182,11;50;79;144;150;163;182,11;50;79;144;150;163;182,7,7,7,0,0,0,0.23333333333333334,0.23333333333333334,0.23333333333333334,0.0,0.0,0.0,0,0,4.810721720998117,15,8,721,52,7,,original_uniform_floor_plus_prior_scores,maximum_cardinality_certified_superset_of_eBH_then_maximum_testing_evalue_sum,200,7,7,exact_dyadic_prefix_or_HiGHS_QUBO_MILP,300.0,1
154,804a22c542d5633a82715c8e11c4e4bf1a856f3536054cfc3b135df0834ebb5d,proven_maximal,maximize_sum_testing_e_values_at_maximum_cardinality,proven_optimal,73637.37996483693,2.5239403608797466,29175.562587053297,8,8,12,0;38;43;44;99;122;140;198,0;38;43;44;99;122;140;198,0;38;43;44;65;78;99;122;140;149;153;198,8,8,12,0,0,0,0.26666666666666666,0.26666666666666666,0.4,0.0,0.0,0.0,0,4,6.6399754700032645,18,12,878,49,12,,original_uniform_floor_plus_prior_scores,maximum_cardinality_certified_superset_of_eBH_then_maximum_testing_evalue_sum,200,8,8,exact_dyadic_prefix_or_HiGHS_QUBO_MILP,300.0,1
155,6b024756581c7ddca2f24c807cf8d0cf369bc1b5f625c03199edbca862fd2569,proven_maximal,maximize_sum_testing_e_values_at_maximum_cardinality,proven_optimal,129968.9386638141,1.5510857054303508,83792.23547015672,10,10,13,40;78;95;121;129;138;165;171;177;185,40;78;95;121;129;138;165;171;177;185,23;40;78;95;121;126;129;138;147;165;171;177;185,10,10,13,0,0,0,0.3333333333333333,0.3333333333333333,0.43333333333333335,0.0,0.0,0.0,0,3,26.999228073000268,20,13,645,56,13,,original_uniform_floor_plus_prior_scores,maximum_cardinality_certified_superset_of_eBH_then_maximum_testing_evalue_sum,200,10,10,exact_dyadic_prefix_or_HiGHS_QUBO_MILP,300.0,1
156,174e884cb5d5a3862c2f7903c656e6eb04e9dde9a6f4fe99ad9adb65be4000ef,proven_maximal,maximize_sum_testing_e_values_at_maximum_cardinality,proven_optimal,64821.91674078187,1.6058201842481894,40366.858865415306,8,8,12,28;43;63;70;101;148;150;167,28;43;63;70;101;148;150;167,28;31;43;63;70;74;79;87;101;148;150;167,8,8,12,0,0,0,0.26666666666666666,0.26666666666666666,0.4,0.0,0.0,0.0,0,4,5.367270082999312,17,11,812,53,12,,original_uniform_floor_plus_prior_scores,maximum_cardinality_certified_superset_of_eBH_then_maximum_testing_evalue_sum,200,8,8,exact_dyadic_prefix_or_HiGHS_QUBO_MILP,300.0,1
157,690aba0b0b3da6b9f3d1789e09119edb517f796d31c9a18060856c536a322415,proven_maximal,maximize_sum_testing_e_values_at_maximum_cardinality,proven_optimal,9122.03268885909,1.0,9122.03268885909,1,1,1,16,16,16,1,1,1,0,0,0,0.03333333333333333,0.03333333333333333,0.03333333333333333,0.0,0.0,0.0,0,0,8.902859815003467,18,11,998,50,1,,original_uniform_floor_plus_prior_scores,maximum_cardinality_certified_superset_of_eBH_then_maximum_testing_evalue_sum,200,1,1,exact_dyadic_prefix_or_HiGHS_QUBO_MILP,300.0,1
158,9e443c3fbda5aafb0ed5f694223cec30a39fbcf40f57e3c8850c9ba83e200e11,proven_maximal,maximize_sum_testing_e_values_at_maximum_cardinality,proven_optimal,0.0,0.0,2474.2796850765767,0,0,0,,,,0,0,0,0,0,0,0.0,0.0,0.0,0.0,0.0,0.0,0,0,5.422375412999827,18,8,598,48,0,,original_uniform_floor_plus_prior_scores,maximum_cardinality_certified_superset_of_eBH_then_maximum_testing_evalue_sum,200,0,0,exact_dyadic_prefix_or_HiGHS_QUBO_MILP,300.0,1
159,94d107d2042d514790b3552a32d6eff74b0461834691a2abb835180c53191a09,proven_maximal,maximize_sum_testing_e_values_at_maximum_cardinality,proven_optimal,98281.55340194752,1.1659023741383812,84296.55482482315,5,5,5,25;50;51;144;189,25;50;51;144;189,25;50;51;144;189,5,5,5,0,0,0,0.16666666666666666,0.16666666666666666,0.16666666666666666,0.0,0.0,0.0,0,0,8.94268583200028,20,12,1149,47,5,,original_uniform_floor_plus_prior_scores,maximum_cardinality_certified_superset_of_eBH_then_maximum_testing_evalue_sum,200,5,5,exact_dyadic_prefix_or_HiGHS_QUBO_MILP,300.0,1
160,72ce20dcd1a997ebd32ebb26b4e96ddc26a7ffaa929518127229fdeb997d8b1b,proven_maximal,maximize_sum_testing_e_values_at_maximum_cardinality,proven_optimal,13375.872468290774,1.706360132260133,7838.8332072514895,4,4,5,40;55;160;192,40;55;160;192,40;55;160;183;192,4,4,5,0,0,0,0.13333333333333333,0.13333333333333333,0.16666666666666666,0.0,0.0,0.0,0,1,3.8270800780010177,13,7,619,46,5,,original_uniform_floor_plus_prior_scores,maximum_cardinality_certified_superset_of_eBH_then_maximum_testing_evalue_sum,200,4,4,exact_dyadic_prefix_or_HiGHS_QUBO_MILP,300.0,1
161,1003ff1cd0fab4364d1530ba507664ecdd75978f28f1fe70db3e4d62bba9a7a1,proven_maximal,maximize_sum_testing_e_values_at_maximum_cardinality,proven_optimal,63102.05260128482,1.668445117686872,37820.87401758192,12,12,14,5;6;23;39;43;56;86;89;122;147;157;192,5;6;23;39;43;56;86;89;122;147;157;192,5;6;23;39;43;49;56;86;89;122;147;157;158;192,11,11,12,1,1,2,0.36666666666666664,0.36666666666666664,0.4,0.08333333333333333,0.08333333333333333,0.14285714285714285,0,2,15.774820902995998,17,10,722,49,14,,original_uniform_floor_plus_prior_scores,maximum_cardinality_certified_superset_of_eBH_then_maximum_testing_evalue_sum,200,12,12,exact_dyadic_prefix_or_HiGHS_QUBO_MILP,300.0,1
162,aa1955d61e8413fb0294db67e60ad074a1190ddd53baa6c26ad4377b71f87260,proven_maximal,maximize_sum_testing_e_values_at_maximum_cardinality,proven_optimal,50370.73276349546,1.7747826492571597,28381.35294176911,6,6,9,41;58;101;126;138;166,41;58;101;126;138;166,41;58;87;101;110;126;138;143;166,6,6,9,0,0,0,0.2,0.2,0.3,0.0,0.0,0.0,0,3,4.964046695000434,12,9,767,53,9,,original_uniform_floor_plus_prior_scores,maximum_cardinality_certified_superset_of_eBH_then_maximum_testing_evalue_sum,200,6,6,exact_dyadic_prefix_or_HiGHS_QUBO_MILP,300.0,1
163,94f415b991f767105cf5046c2110a93c857fc6a1fb6b52bc6aa9644226d49a7c,proven_maximal,maximize_sum_testing_e_values_at_maximum_cardinality,proven_optimal,25017.158624530188,2.5519736278362517,9803.06314753791,9,9,11,7;8;39;43;63;84;106;112;171,7;8;39;43;63;84;106;112;171,7;8;39;43;63;84;106;112;129;159;171,9,9,11,0,0,0,0.3,0.3,0.36666666666666664,0.0,0.0,0.0,0,2,5.519895033001376,16,10,710,54,11,,original_uniform_floor_plus_prior_scores,maximum_cardinality_certified_superset_of_eBH_then_maximum_testing_evalue_sum,200,9,9,exact_dyadic_prefix_or_HiGHS_QUBO_MILP,300.0,1
164,9b9ce494b5f5ec10b1517b4b02c9d406170f9fca8b8420be02793ae4579d40ac,proven_maximal,maximize_sum_testing_e_values_at_maximum_cardinality,proven_optimal,58185.2389882448,1.1354604366945933,51243.73963889592,4,4,7,20;22;120;181,20;22;120;181,20;22;120;146;157;170;181,4,4,7,0,0,0,0.13333333333333333,0.13333333333333333,0.23333333333333334,0.0,0.0,0.0,0,3,3.3442068279982777,14,9,675,52,7,,original_uniform_floor_plus_prior_scores,maximum_cardinality_certified_superset_of_eBH_then_maximum_testing_evalue_sum,200,4,4,exact_dyadic_prefix_or_HiGHS_QUBO_MILP,300.0,1
165,cdbd933560149aa809ff20dccc8ace4178159c507a34a71687f18401993cbb4a,proven_maximal,maximize_sum_testing_e_values_at_maximum_cardinality,proven_optimal,57050.669616225685,1.4672043889109503,38883.92786132014,13,13,19,40;61;64;66;80;85;87;103;106;107;145;164;192,40;61;64;66;80;85;87;103;106;107;145;164;192,33;40;61;64;66;77;80;85;87;103;106;107;116;145;153;157;164;187;192,13,13,18,0,0,1,0.43333333333333335,0.43333333333333335,0.6,0.0,0.0,0.05263157894736842,0,6,5.051845892994606,12,9,624,55,19,,original_uniform_floor_plus_prior_scores,maximum_cardinality_certified_superset_of_eBH_then_maximum_testing_evalue_sum,200,13,13,exact_dyadic_prefix_or_HiGHS_QUBO_MILP,300.0,1
166,c382821f34322e411cd782868d96f5d7029e596da7d2c86042c66b12bc497b84,proven_maximal,maximize_sum_testing_e_values_at_maximum_cardinality,proven_optimal,11756.838962366697,1.6048581570164628,7325.78073081763,1,1,8,42,42,42;55;60;95;103;113;141;180,1,1,8,0,0,0,0.03333333333333333,0.03333333333333333,0.26666666666666666,0.0,0.0,0.0,0,7,3.767525666000438,15,13,1125,54,8,,original_uniform_floor_plus_prior_scores,maximum_cardinality_certified_superset_of_eBH_then_maximum_testing_evalue_sum,200,1,1,exact_dyadic_prefix_or_HiGHS_QUBO_MILP,300.0,1
167,9dd7e0ba22ea3fb4989bebd5d8e287689fa58a886809503cb4461a4922ef4954,proven_maximal,maximize_sum_testing_e_values_at_maximum_cardinality,proven_optimal,25660.763062537706,2.601961822977229,9862.08284684824,9,9,12,44;48;68;70;173;176;189;194;199,44;48;68;70;173;176;189;194;199,9;42;44;48;68;70;112;173;176;189;194;199,9,9,12,0,0,0,0.3,0.3,0.4,0.0,0.0,0.0,0,3,6.880505665998498,17,11,923,57,12,,original_uniform_floor_plus_prior_scores,maximum_cardinality_certified_superset_of_eBH_then_maximum_testing_evalue_sum,200,9,9,exact_dyadic_prefix_or_HiGHS_QUBO_MILP,300.0,1
168,b8d0bcc905bcce445f59fd35d75bbae7c51d9e611eb5b549d8c02c038aa00f8d,proven_maximal,maximize_sum_testing_e_values_at_maximum_cardinality,proven_optimal,30013.360287640407,1.6322628111730733,18387.57832512917,4,4,4,11;167;171;174,11;167;171;174,11;167;171;174,4,4,4,0,0,0,0.13333333333333333,0.13333333333333333,0.13333333333333333,0.0,0.0,0.0,0,0,1.5322074700015946,18,8,632,45,4,,original_uniform_floor_plus_prior_scores,maximum_cardinality_certified_superset_of_eBH_then_maximum_testing_evalue_sum,200,4,4,exact_dyadic_prefix_or_HiGHS_QUBO_MILP,300.0,1
169,da28606669b6264e12665f32b5ede4886583ef9a34469818b1d16be35b132804,proven_maximal,maximize_sum_testing_e_values_at_maximum_cardinality,proven_optimal,31206.599613949355,1.990627048781605,15676.76860065267,5,5,7,50;55;57;67;195,50;55;57;67;195,37;50;55;57;67;88;195,5,5,7,0,0,0,0.16666666666666666,0.16666666666666666,0.23333333333333334,0.0,0.0,0.0,0,2,4.158882085001096,16,12,940,53,7,,original_uniform_floor_plus_prior_scores,maximum_cardinality_certified_superset_of_eBH_then_maximum_testing_evalue_sum,200,5,5,exact_dyadic_prefix_or_HiGHS_QUBO_MILP,300.0,1
170,84472e57d31c97f8d57a5c8247c7e11f86e788297159e9fec98aa66586b8caa5,proven_maximal,maximize_sum_testing_e_values_at_maximum_cardinality,proven_optimal,132336.59263422186,1.4074147109367625,94028.14366359707,6,6,6,41;95;101;141;157;194,41;95;101;141;157;194,41;95;101;141;157;194,6,6,6,0,0,0,0.2,0.2,0.2,0.0,0.0,0.0,0,0,8.974790379004844,22,12,1094,51,6,,original_uniform_floor_plus_prior_scores,maximum_cardinality_certified_superset_of_eBH_then_maximum_testing_evalue_sum,200,6,6,exact_dyadic_prefix_or_HiGHS_QUBO_MILP,300.0,1
171,5511f55d8fa35e8adffe5011347eb7d2498320167a5cb6b521f24ea3a190ba11,proven_maximal,maximize_sum_testing_e_values_at_maximum_cardinality,proven_optimal,8797.421813495812,1.3947793281699583,6307.393317220011,1,1,3,152,152,34;146;152,1,1,3,0,0,0,0.03333333333333333,0.03333333333333333,0.1,0.0,0.0,0.0,0,2,1.8910483630024828,15,11,936,43,3,,original_uniform_floor_plus_prior_scores,maximum_cardinality_certified_superset_of_eBH_then_maximum_testing_evalue_sum,200,1,1,exact_dyadic_prefix_or_HiGHS_QUBO_MILP,300.0,1
172,ce174fa243b38583a37e72c672cfd365f4382cabf2dd26865cd7a6312e28652a,proven_maximal,maximize_sum_testing_e_values_at_maximum_cardinality,proven_optimal,49585.83713731478,1.3277896069282533,37344.649241552725,8,8,10,17;24;44;51;72;112;118;167,17;24;44;51;72;112;118;167,17;24;44;51;72;112;118;124;167;193,8,8,10,0,0,0,0.26666666666666666,0.26666666666666666,0.3333333333333333,0.0,0.0,0.0,0,2,1.325558495002042,12,8,629,51,10,,original_uniform_floor_plus_prior_scores,maximum_cardinality_certified_superset_of_eBH_then_maximum_testing_evalue_sum,200,8,8,exact_dyadic_prefix_or_HiGHS_QUBO_MILP,300.0,1
173,278c350688c2580a64e94d69e1ed5551c99d74fef51b8111104150a6683addfb,proven_maximal,maximize_sum_testing_e_values_at_maximum_cardinality,proven_optimal,6053.657433043597,2.407760315062552,2514.227597810676,0,0,6,,,41;47;50;81;116;128,0,0,6,0,0,0,0.0,0.0,0.2,0.0,0.0,0.0,0,6,3.628096196000115,14,11,828,52,6,,original_uniform_floor_plus_prior_scores,maximum_cardinality_certified_superset_of_eBH_then_maximum_testing_evalue_sum,200,0,0,exact_dyadic_prefix_or_HiGHS_QUBO_MILP,300.0,1
174,b43e9e93ac14c783ddcaafcf1e6f0cd0d74103d4afdcd4e4208710757e404bc4,proven_maximal,maximize_sum_testing_e_values_at_maximum_cardinality,proven_optimal,129998.68547383686,1.327053421905808,97960.40108705129,9,9,10,10;37;73;75;115;126;130;158;161,10;37;73;75;115;126;130;158;161,10;37;73;75;115;123;126;130;158;161,9,9,10,0,0,0,0.3,0.3,0.3333333333333333,0.0,0.0,0.0,0,1,2.004985403000319,15,8,611,50,10,,original_uniform_floor_plus_prior_scores,maximum_cardinality_certified_superset_of_eBH_then_maximum_testing_evalue_sum,200,9,9,exact_dyadic_prefix_or_HiGHS_QUBO_MILP,300.0,1
175,edef4d8ed870f5c7b8beeabe6d5a123c2bc5deb8929169906cc16072232f0d53,proven_maximal,maximize_sum_testing_e_values_at_maximum_cardinality,proven_optimal,33843.59481694495,3.804079717350536,8896.657623283541,10,10,13,8;43;81;86;94;118;156;185;186;194,8;43;81;86;94;118;156;185;186;194,8;11;43;81;86;94;104;105;118;156;185;186;194,10,10,13,0,0,0,0.3333333333333333,0.3333333333333333,0.43333333333333335,0.0,0.0,0.0,0,3,10.929248041997198,17,11,675,53,13,,original_uniform_floor_plus_prior_scores,maximum_cardinality_certified_superset_of_eBH_then_maximum_testing_evalue_sum,200,10,10,exact_dyadic_prefix_or_HiGHS_QUBO_MILP,300.0,1
176,69cf5a3bd5b668c03b864658095ba182c9787d6bcb0c36e451c28ea5fd748dcf,proven_maximal,maximize_sum_testing_e_values_at_maximum_cardinality,proven_optimal,60781.26865738131,1.8337023366308596,33146.747671739,7,7,8,24;30;50;53;72;110;191,24;30;50;53;72;110;191,24;30;50;53;72;110;142;191,7,7,8,0,0,0,0.23333333333333334,0.23333333333333334,0.26666666666666666,0.0,0.0,0.0,0,1,2.20923120900261,18,11,915,52,8,,original_uniform_floor_plus_prior_scores,maximum_cardinality_certified_superset_of_eBH_then_maximum_testing_evalue_sum,200,7,7,exact_dyadic_prefix_or_HiGHS_QUBO_MILP,300.0,1
177,251419d07437bd8f02ebbe881038e3977f2211494591ab4c5e575b81931924de,proven_maximal,maximize_sum_testing_e_values_at_maximum_cardinality,proven_optimal,26405.477159387712,1.8852510866127365,14006.345015204788,7,7,9,55;63;65;85;112;171;192,55;63;65;85;112;171;192,2;55;63;65;85;112;165;171;192,7,7,9,0,0,0,0.23333333333333334,0.23333333333333334,0.3,0.0,0.0,0.0,0,2,4.199730603999342,16,9,736,51,9,,original_uniform_floor_plus_prior_scores,maximum_cardinality_certified_superset_of_eBH_then_maximum_testing_evalue_sum,200,7,7,exact_dyadic_prefix_or_HiGHS_QUBO_MILP,300.0,1
178,1c51035fa10d08230570cbd05f55692184e1b9449915c6382e3c692b93ba67a0,proven_maximal,maximize_sum_testing_e_values_at_maximum_cardinality,proven_optimal,0.0,0.0,1624.5354370741106,0,0,0,,,,0,0,0,0,0,0,0.0,0.0,0.0,0.0,0.0,0.0,0,0,2.402492670000356,23,13,730,47,0,,original_uniform_floor_plus_prior_scores,maximum_cardinality_certified_superset_of_eBH_then_maximum_testing_evalue_sum,200,0,0,exact_dyadic_prefix_or_HiGHS_QUBO_MILP,300.0,1
179,8ba8cd1a4f78f56360b24e868974a7e2cf95df9bf58b20685c1f94ce54e7a661,proven_maximal,maximize_sum_testing_e_values_at_maximum_cardinality,proven_optimal,61595.58559349415,2.3719962116025872,25967.82629424119,10,10,11,14;30;37;53;61;81;94;132;147;185,14;30;37;53;61;81;94;132;147;185,14;30;37;53;61;81;94;132;147;175;185,10,10,11,0,0,0,0.3333333333333333,0.3333333333333333,0.36666666666666664,0.0,0.0,0.0,0,1,5.066085171994928,12,7,577,55,11,,original_uniform_floor_plus_prior_scores,maximum_cardinality_certified_superset_of_eBH_then_maximum_testing_evalue_sum,200,10,10,exact_dyadic_prefix_or_HiGHS_QUBO_MILP,300.0,1
180,3e8cbf07a796c9a7975596e47a507ae7040e031f9577dcab7e01392680894d7e,proven_maximal,maximize_sum_testing_e_values_at_maximum_cardinality,proven_optimal,15034.466688643117,2.523713540945388,5957.279399868488,5,5,5,37;70;86;117;191,37;70;86;117;191,37;70;86;117;191,5,5,5,0,0,0,0.16666666666666666,0.16666666666666666,0.16666666666666666,0.0,0.0,0.0,0,0,1.6752492519954103,15,7,703,54,5,,original_uniform_floor_plus_prior_scores,maximum_cardinality_certified_superset_of_eBH_then_maximum_testing_evalue_sum,200,5,5,exact_dyadic_prefix_or_HiGHS_QUBO_MILP,300.0,1
181,698a886eac62a4050b7d452faa0febdee1980074945673934b62252e1ebf8a0e,proven_maximal,maximize_sum_testing_e_values_at_maximum_cardinality,proven_optimal,17222.858747784932,1.7200857307861233,10012.790897296523,3,3,3,111;130;137,111;130;137,111;130;137,3,3,3,0,0,0,0.1,0.1,0.1,0.0,0.0,0.0,0,0,3.080219595998642,14,10,830,56,3,,original_uniform_floor_plus_prior_scores,maximum_cardinality_certified_superset_of_eBH_then_maximum_testing_evalue_sum,200,3,3,exact_dyadic_prefix_or_HiGHS_QUBO_MILP,300.0,1
182,29df781b67a4f4896ef732b2f4fda12c6968903836edaefd56f4a45594e8b448,proven_maximal,maximize_sum_testing_e_values_at_maximum_cardinality,proven_optimal,42388.46306244481,2.423996736664933,17487.01325430214,6,6,6,0;8;50;55;67;106,0;8;50;55;67;106,0;8;50;55;67;106,6,6,6,0,0,0,0.2,0.2,0.2,0.0,0.0,0.0,0,0,1.077569755994773,9,8,715,62,6,,original_uniform_floor_plus_prior_scores,maximum_cardinality_certified_superset_of_eBH_then_maximum_testing_evalue_sum,200,6,6,exact_dyadic_prefix_or_HiGHS_QUBO_MILP,300.0,1
183,8764ebe31a882f9cb9266a5bcccbddf7fe4a9f10f872a23a71f0b80df0a730c8,proven_maximal,maximize_sum_testing_e_values_at_maximum_cardinality,proven_optimal,55208.04779510414,1.688289252446853,32700.58594230261,8,8,15,6;31;51;65;98;153;167;190,6;31;51;65;98;153;167;190,6;9;31;51;65;98;122;135;142;153;156;162;163;167;190,8,8,15,0,0,0,0.26666666666666666,0.26666666666666666,0.5,0.0,0.0,0.0,0,7,9.526026851002825,18,15,1298,65,15,,original_uniform_floor_plus_prior_scores,maximum_cardinality_certified_superset_of_eBH_then_maximum_testing_evalue_sum,200,8,8,exact_dyadic_prefix_or_HiGHS_QUBO_MILP,300.0,1
184,b4dc570c8e6ac9644c5830a8dc6d0a2e94dd5f8bae8b0e27fcd3a65f64dd6689,proven_maximal,maximize_sum_testing_e_values_at_maximum_cardinality,proven_optimal,141180.89004006234,1.2723866612067454,110957.53700071396,8,8,8,4;24;69;127;146;155;179;181,4;24;69;127;146;155;179;181,4;24;69;127;146;155;179;181,8,8,8,0,0,0,0.26666666666666666,0.26666666666666666,0.26666666666666666,0.0,0.0,0.0,0,0,3.9185936720023165,17,8,788,59,8,,original_uniform_floor_plus_prior_scores,maximum_cardinality_certified_superset_of_eBH_then_maximum_testing_evalue_sum,200,8,8,exact_dyadic_prefix_or_HiGHS_QUBO_MILP,300.0,1
185,dc476fcadeed197ce5d52a9c3dc36a92a28f47872d0b284554029d81380a8450,proven_maximal,maximize_sum_testing_e_values_at_maximum_cardinality,proven_optimal,36211.29111297699,1.432145383733377,25284.64744171424,7,7,7,8;28;67;78;86;132;178,8;28;67;78;86;132;178,8;28;67;78;86;132;178,7,7,7,0,0,0,0.23333333333333334,0.23333333333333334,0.23333333333333334,0.0,0.0,0.0,0,0,2.554183057996852,9,7,638,53,7,,original_uniform_floor_plus_prior_scores,maximum_cardinality_certified_superset_of_eBH_then_maximum_testing_evalue_sum,200,7,7,exact_dyadic_prefix_or_HiGHS_QUBO_MILP,300.0,1
186,814f509133b635216f9574397455aac6d83e65e19e77190bf81e213454d75628,proven_maximal,maximize_sum_testing_e_values_at_maximum_cardinality,proven_optimal,32548.52038497462,2.0149213696883073,16153.742212784027,6,6,9,29;62;150;161;164;184,29;62;150;161;164;184,1;29;62;150;151;161;164;168;184,6,6,9,0,0,0,0.2,0.2,0.3,0.0,0.0,0.0,0,3,7.272566439001821,16,10,695,59,9,,original_uniform_floor_plus_prior_scores,maximum_cardinality_certified_superset_of_eBH_then_maximum_testing_evalue_sum,200,6,6,exact_dyadic_prefix_or_HiGHS_QUBO_MILP,300.0,1
187,451a00c2dd106a17ee771cac8a7e38b2d0c00a024e1605cbfcedf65bffc3ea05,proven_maximal,maximize_sum_testing_e_values_at_maximum_cardinality,proven_optimal,98999.8446339923,2.0467396358231,48369.53508948847,12,12,13,0;28;34;37;52;56;83;110;122;124;191;194,0;28;34;37;52;56;83;110;122;124;191;194,0;5;28;34;37;52;56;83;110;122;124;191;194,12,12,13,0,0,0,0.4,0.4,0.43333333333333335,0.0,0.0,0.0,0,1,18.42285610799445,20,11,952,51,13,,original_uniform_floor_plus_prior_scores,maximum_cardinality_certified_superset_of_eBH_then_maximum_testing_evalue_sum,200,12,12,exact_dyadic_prefix_or_HiGHS_QUBO_MILP,300.0,1
188,0fbaced41e0b08d2b9dcc981b99a8f3339ac7b686f3eade61239891832c13184,proven_maximal,maximize_sum_testing_e_values_at_maximum_cardinality,proven_optimal,25409.708655806837,2.6131460219618345,9723.79975793712,5,5,5,28;46;60;140;150,28;46;60;140;150,28;46;60;140;150,5,5,5,0,0,0,0.16666666666666666,0.16666666666666666,0.16666666666666666,0.0,0.0,0.0,0,0,2.9113088970043464,10,7,537,48,5,,original_uniform_floor_plus_prior_scores,maximum_cardinality_certified_superset_of_eBH_then_maximum_testing_evalue_sum,200,5,5,exact_dyadic_prefix_or_HiGHS_QUBO_MILP,300.0,1
189,f9c8bd850b3156f04535f71ae9079fa3dd57935d3fd60d850beee4810824215e,proven_maximal,maximize_sum_testing_e_values_at_maximum_cardinality,proven_optimal,48857.55445418807,3.971666122264496,12301.526097649748,14,14,15,11;19;44;63;102;118;138;159;168;171;182;190;195;196,11;19;44;63;102;118;138;159;168;171;182;190;195;196,11;19;44;63;102;118;138;158;159;168;171;182;190;195;196,14,14,15,0,0,0,0.4666666666666667,0.4666666666666667,0.5,0.0,0.0,0.0,0,1,40.97443269500218,16,9,627,52,15,,original_uniform_floor_plus_prior_scores,maximum_cardinality_certified_superset_of_eBH_then_maximum_testing_evalue_sum,200,14,14,exact_dyadic_prefix_or_HiGHS_QUBO_MILP,300.0,1
190,ca9ab13ba82fc939cfe2438e17dde770110a1bfc2a1f41b7e9154fb679ce5022,proven_maximal,maximize_sum_testing_e_values_at_maximum_cardinality,proven_optimal,0.0,0.0,1373.0433554097349,0,0,0,,,,0,0,0,0,0,0,0.0,0.0,0.0,0.0,0.0,0.0,0,0,0.6943346279949765,3,3,300,47,0,,original_uniform_floor_plus_prior_scores,maximum_cardinality_certified_superset_of_eBH_then_maximum_testing_evalue_sum,200,0,0,exact_dyadic_prefix_or_HiGHS_QUBO_MILP,300.0,1
191,84eb229439cd66cbfda28b34921959517aac878c558b98f2b7f2c94d85912f19,proven_maximal,maximize_sum_testing_e_values_at_maximum_cardinality,proven_optimal,43610.149372899636,2.177073391255595,20031.54764927246,11,11,17,10;18;42;50;85;101;120;157;177;183;197,10;18;42;50;85;101;120;157;177;183;197,10;18;42;49;50;85;101;120;125;129;136;157;174;177;183;191;197,11,11,17,0,0,0,0.36666666666666664,0.36666666666666664,0.5666666666666667,0.0,0.0,0.0,0,6,5.6840788509944105,8,6,537,52,17,,original_uniform_floor_plus_prior_scores,maximum_cardinality_certified_superset_of_eBH_then_maximum_testing_evalue_sum,200,11,11,exact_dyadic_prefix_or_HiGHS_QUBO_MILP,300.0,1
192,4d14937b9d76ec3ae5b5a3f12ef251ca1856b8871d25ade0cba1b9067192dbaf,proven_maximal,maximize_sum_testing_e_values_at_maximum_cardinality,proven_optimal,54507.23672861288,1.3157618431776252,41426.36983375,8,8,12,0;21;58;61;110;135;139;162,0;21;58;61;110;135;139;162,0;5;20;21;58;61;110;135;139;148;162;182,8,8,12,0,0,0,0.26666666666666666,0.26666666666666666,0.4,0.0,0.0,0.0,0,4,5.335391171996889,15,10,808,50,12,,original_uniform_floor_plus_prior_scores,maximum_cardinality_certified_superset_of_eBH_then_maximum_testing_evalue_sum,200,8,8,exact_dyadic_prefix_or_HiGHS_QUBO_MILP,300.0,1
193,3c26d0d07ec2b139c6738d8c6a115b33a8d4b639895a88ba008531285da2ca6a,proven_maximal,maximize_sum_testing_e_values_at_maximum_cardinality,proven_optimal,442521.8564478407,1.0617454210745751,416787.15788571193,6,6,6,79;86;160;163;184;195,79;86;160;163;184;195,79;86;160;163;184;195,6,6,6,0,0,0,0.2,0.2,0.2,0.0,0.0,0.0,0,0,1.9620567840029253,10,5,439,39,6,,original_uniform_floor_plus_prior_scores,maximum_cardinality_certified_superset_of_eBH_then_maximum_testing_evalue_sum,200,6,6,exact_dyadic_prefix_or_HiGHS_QUBO_MILP,300.0,1
194,1d91dd6c3ff48dbb1b5bf66ca4698aa1a391c2304ac7c02313f78bf366760bc1,proven_maximal,maximize_sum_testing_e_values_at_maximum_cardinality,proven_optimal,20004.42692101396,2.2647038028377082,8833.131686337132,6,6,7,30;54;157;163;186;196,30;54;157;163;186;196,12;30;54;157;163;186;196,6,6,7,0,0,0,0.2,0.2,0.23333333333333334,0.0,0.0,0.0,0,1,8.269598332000896,24,15,1307,57,7,,original_uniform_floor_plus_prior_scores,maximum_cardinality_certified_superset_of_eBH_then_maximum_testing_evalue_sum,200,6,6,exact_dyadic_prefix_or_HiGHS_QUBO_MILP,300.0,1
195,0550333d956950b4c17312d78abe4938908f16cf05aff57f9dc5572ef5070f11,proven_maximal,maximize_sum_testing_e_values_at_maximum_cardinality,proven_optimal,37345.025303882496,1.4172310968655915,26350.695653289247,5,5,7,25;61;104;173;176,25;61;104;173;176,25;61;100;104;173;174;176,5,5,7,0,0,0,0.16666666666666666,0.16666666666666666,0.23333333333333334,0.0,0.0,0.0,0,2,3.619921923003858,18,14,747,58,7,,original_uniform_floor_plus_prior_scores,maximum_cardinality_certified_superset_of_eBH_then_maximum_testing_evalue_sum,200,5,5,exact_dyadic_prefix_or_HiGHS_QUBO_MILP,300.0,1
196,259582c00136f758d090f694831c0f6a0b37c73aa075be06b9d5eace6551f5b9,proven_maximal,maximize_sum_testing_e_values_at_maximum_cardinality,proven_optimal,9169.728743124026,1.5245530844029014,6014.699545024629,2,2,2,154;186,154;186,154;186,2,2,2,0,0,0,0.06666666666666667,0.06666666666666667,0.06666666666666667,0.0,0.0,0.0,0,0,1.7474611720026587,16,6,522,45,2,,original_uniform_floor_plus_prior_scores,maximum_cardinality_certified_superset_of_eBH_then_maximum_testing_evalue_sum,200,2,2,exact_dyadic_prefix_or_HiGHS_QUBO_MILP,300.0,1
197,9b1d7de4019f49ed53d950e4a1be74d6581b7e6a4c406033101fbbb0c2d1757e,proven_maximal,maximize_sum_testing_e_values_at_maximum_cardinality,proven_optimal,222848.37911019212,1.4264427191196958,156226.65819186845,12,12,13,8;46;47;54;73;75;93;102;108;119;137;196,8;46;47;54;73;75;93;102;108;119;137;196,8;16;46;47;54;73;75;93;102;108;119;137;196,12,12,13,0,0,0,0.4,0.4,0.43333333333333335,0.0,0.0,0.0,0,1,6.47346707899851,10,7,627,67,13,,original_uniform_floor_plus_prior_scores,maximum_cardinality_certified_superset_of_eBH_then_maximum_testing_evalue_sum,200,12,12,exact_dyadic_prefix_or_HiGHS_QUBO_MILP,300.0,1
198,f4ce8d469f640b6eb8c335d377cddc24ffe95c23395c7f8355e10d332b2cfd9d,proven_maximal,maximize_sum_testing_e_values_at_maximum_cardinality,proven_optimal,86872.14719567685,1.7426040445714353,49851.91413178524,8,8,10,18;46;79;106;115;127;157;196,18;46;79;106;115;127;157;196,18;46;57;79;106;115;127;157;173;196,8,8,9,0,0,1,0.26666666666666666,0.26666666666666666,0.3,0.0,0.0,0.1,0,2,1.821835310998722,16,8,714,57,10,,original_uniform_floor_plus_prior_scores,maximum_cardinality_certified_superset_of_eBH_then_maximum_testing_evalue_sum,200,8,8,exact_dyadic_prefix_or_HiGHS_QUBO_MILP,300.0,1
199,6ce277b0fc6ee1e2f7e0d6b0b9984d4d2469049b2f757838ae58d45fd9e73605,proven_maximal,maximize_sum_testing_e_values_at_maximum_cardinality,proven_optimal,116166.87739996742,1.2558365135908207,92501.59247863464,7,7,9,59;106;124;128;146;172;191,59;106;124;128;146;172;191,5;59;106;124;128;146;172;190;191,7,7,9,0,0,0,0.23333333333333334,0.23333333333333334,0.3,0.0,0.0,0.0,0,2,2.963215283001773,13,8,544,46,9,,original_uniform_floor_plus_prior_scores,maximum_cardinality_certified_superset_of_eBH_then_maximum_testing_evalue_sum,200,7,7,exact_dyadic_prefix_or_HiGHS_QUBO_MILP,300.0,1
200,0e5c1c2ffb3ed3d687637fc7cc358d49d85f55e6006a52715700cd38f321fef7,proven_maximal,maximize_sum_testing_e_values_at_maximum_cardinality,proven_optimal,188332.30899127843,1.403531189906283,134184.62685097422,12,12,12,3;4;18;20;73;93;97;127;134;137;143;197,3;4;18;20;73;93;97;127;134;137;143;197,3;4;18;20;73;93;97;127;134;137;143;197,12,12,12,0,0,0,0.4,0.4,0.4,0.0,0.0,0.0,0,0,1.7464855360012734,13,6,679,54,12,,original_uniform_floor_plus_prior_scores,maximum_cardinality_certified_superset_of_eBH_then_maximum_testing_evalue_sum,200,12,12,exact_dyadic_prefix_or_HiGHS_QUBO_MILP,300.0,1
201,7ac0118e57766dae374dfed8ec9f91c8df3d13ee9539a66c8f16b969b65dcbaf,proven_maximal,maximize_sum_testing_e_values_at_maximum_cardinality,proven_optimal,185158.42948711017,1.2893428856901195,143606.81828092944,7,7,9,4;27;136;151;184;188;193,4;27;136;151;184;188;193,4;27;136;148;151;180;184;188;193,7,7,9,0,0,0,0.23333333333333334,0.23333333333333334,0.3,0.0,0.0,0.0,0,2,1.7649053150016698,13,7,517,44,9,,original_uniform_floor_plus_prior_scores,maximum_cardinality_certified_superset_of_eBH_then_maximum_testing_evalue_sum,200,7,7,exact_dyadic_prefix_or_HiGHS_QUBO_MILP,300.0,1
202,7e44b580a7ce7894bffeeacdf96d411b21bc30011a074870556e5d47d315c96b,proven_maximal,maximize_sum_testing_e_values_at_maximum_cardinality,proven_optimal,164245.71738270673,1.9366095795041605,84810.95989660412,7,7,8,53;71;73;97;102;114;156,53;71;73;97;102;114;156,9;53;71;73;97;102;114;156,7,7,8,0,0,0,0.23333333333333334,0.23333333333333334,0.26666666666666666,0.0,0.0,0.0,0,1,3.712918630997592,16,9,634,55,8,,original_uniform_floor_plus_prior_scores,maximum_cardinality_certified_superset_of_eBH_then_maximum_testing_evalue_sum,200,7,7,exact_dyadic_prefix_or_HiGHS_QUBO_MILP,300.0,1
203,7998a8fda779d5a6a6d6dfbca95107378ccb78f2b8161934a319ec9c3adf9263,proven_maximal,maximize_sum_testing_e_values_at_maximum_cardinality,proven_optimal,8985.224971958609,1.0,8985.224971958609,1,1,1,1,1,1,1,1,1,0,0,0,0.03333333333333333,0.03333333333333333,0.03333333333333333,0.0,0.0,0.0,0,0,1.9671478050004225,19,9,804,50,1,,original_uniform_floor_plus_prior_scores,maximum_cardinality_certified_superset_of_eBH_then_maximum_testing_evalue_sum,200,1,1,exact_dyadic_prefix_or_HiGHS_QUBO_MILP,300.0,1
204,52745a35c0fc6d96b34be7b46ee416f9ce78e0c42e8fc5c92bcfc7e729117178,proven_maximal,maximize_sum_testing_e_values_at_maximum_cardinality,proven_optimal,52295.40956455298,1.1159135320754123,46863.31696981241,4,4,5,13;80;152;160,13;80;152;160,13;25;80;152;160,4,4,5,0,0,0,0.13333333333333333,0.13333333333333333,0.16666666666666666,0.0,0.0,0.0,0,1,4.931245014995511,14,10,649,35,5,,original_uniform_floor_plus_prior_scores,maximum_cardinality_certified_superset_of_eBH_then_maximum_testing_evalue_sum,200,4,4,exact_dyadic_prefix_or_HiGHS_QUBO_MILP,300.0,1
205,0224dc38478dc3cf936a81edaffad29e004de1524e1336fae48bc805f1807d58,proven_maximal,maximize_sum_testing_e_values_at_maximum_cardinality,proven_optimal,21835.243555634486,1.8310718252692912,11924.84273653396,7,7,8,77;83;95;144;152;155;169,77;83;95;144;152;155;169,61;77;83;95;144;152;155;169,7,7,8,0,0,0,0.23333333333333334,0.23333333333333334,0.26666666666666666,0.0,0.0,0.0,0,1,1.3574862590030534,12,7,566,53,8,,original_uniform_floor_plus_prior_scores,maximum_cardinality_certified_superset_of_eBH_then_maximum_testing_evalue_sum,200,7,7,exact_dyadic_prefix_or_HiGHS_QUBO_MILP,300.0,1
206,9fb1c2516e8e555bea211a8b1b56e49ddf49f1e2f512955cfffd54553deada54,proven_maximal,maximize_sum_testing_e_values_at_maximum_cardinality,proven_optimal,12305.021835051184,2.279316834080907,5398.556993509399,6,6,8,14;139;167;173;182;187,14;139;167;173;182;187,13;14;95;139;167;173;182;187,6,6,8,0,0,0,0.2,0.2,0.26666666666666666,0.0,0.0,0.0,0,2,4.094020308999461,17,10,725,55,8,,original_uniform_floor_plus_prior_scores,maximum_cardinality_certified_superset_of_eBH_then_maximum_testing_evalue_sum,200,6,6,exact_dyadic_prefix_or_HiGHS_QUBO_MILP,300.0,1
207,1e587e36cd4e051b2c905de99575d8609ef71fe7c5376e5766763a2f954cfba9,proven_maximal,maximize_sum_testing_e_values_at_maximum_cardinality,proven_optimal,555746.8702196799,1.0189836848019176,545393.2957991498,7,7,8,10;16;85;91;124;153;191,10;16;85;91;124;153;191,10;16;85;91;124;153;191;192,7,7,8,0,0,0,0.23333333333333334,0.23333333333333334,0.26666666666666666,0.0,0.0,0.0,0,1,1.602928009997413,16,8,581,51,8,,original_uniform_floor_plus_prior_scores,maximum_cardinality_certified_superset_of_eBH_then_maximum_testing_evalue_sum,200,7,7,exact_dyadic_prefix_or_HiGHS_QUBO_MILP,300.0,1
208,1423e845befa12b595ea55e0eb8dee33181204364640af6c4669989b4a067928,proven_maximal,maximize_sum_testing_e_values_at_maximum_cardinality,proven_optimal,23794.505061963475,2.6518019753511135,8972.956986659212,8,8,14,38;46;64;96;103;136;163;180,38;46;64;96;103;136;163;180,19;38;43;46;64;85;96;103;136;163;171;180;183;188,8,8,14,0,0,0,0.26666666666666666,0.26666666666666666,0.4666666666666667,0.0,0.0,0.0,0,6,3.982595580004272,11,10,671,51,14,,original_uniform_floor_plus_prior_scores,maximum_cardinality_certified_superset_of_eBH_then_maximum_testing_evalue_sum,200,8,8,exact_dyadic_prefix_or_HiGHS_QUBO_MILP,300.0,1
209,6e5862f51a9c7f3b5899516f6b9cb88b14d9469daa063267e47ccb01a4cf2d5f,proven_maximal,maximize_sum_testing_e_values_at_maximum_cardinality,proven_optimal,7227.873553970035,2.7419740522342386,2636.010923619265,4,4,4,29;30;64;195,29;30;64;195,29;30;64;195,4,4,4,0,0,0,0.13333333333333333,0.13333333333333333,0.13333333333333333,0.0,0.0,0.0,0,0,6.596927493999829,19,10,858,50,4,,original_uniform_floor_plus_prior_scores,maximum_cardinality_certified_superset_of_eBH_then_maximum_testing_evalue_sum,200,4,4,exact_dyadic_prefix_or_HiGHS_QUBO_MILP,300.0,1
210,06ddd2cac37e7ac3edf00a386950972a13a6922cb2c4146755c21aa9544cfa97,proven_maximal,maximize_sum_testing_e_values_at_maximum_cardinality,proven_optimal,72262.57635152033,1.1245057383705852,64261.63414357421,4,4,6,16;29;136;184,16;29;136;184,16;25;29;136;184;190,4,4,6,0,0,0,0.13333333333333333,0.13333333333333333,0.2,0.0,0.0,0.0,0,2,3.6432982750047813,15,8,704,63,6,,original_uniform_floor_plus_prior_scores,maximum_cardinality_certified_superset_of_eBH_then_maximum_testing_evalue_sum,200,4,4,exact_dyadic_prefix_or_HiGHS_QUBO_MILP,300.0,1
211,6e64f43c69c2c91e079c03c77215901fefd114ac9ca4768e6a3a234eee8e61e4,proven_maximal,maximize_sum_testing_e_values_at_maximum_cardinality,proven_optimal,43781.00211276344,1.4759156480721638,29663.62079699476,9,9,14,28;33;41;49;79;141;167;170;196,28;33;41;49;79;141;167;170;196,28;33;41;49;60;77;79;81;141;158;161;167;170;196,9,9,13,0,0,1,0.3,0.3,0.43333333333333335,0.0,0.0,0.07142857142857142,0,5,5.553454367000086,15,11,684,46,14,,original_uniform_floor_plus_prior_scores,maximum_cardinality_certified_superset_of_eBH_then_maximum_testing_evalue_sum,200,9,9,exact_dyadic_prefix_or_HiGHS_QUBO_MILP,300.0,1
212,b3f705e4f3fdc4b4639eae67044ff3593131e2a6d4148582347fb4c1f1557195,proven_maximal,maximize_sum_testing_e_values_at_maximum_cardinality,proven_optimal,59599.41689295989,2.3850019978828905,24989.252397215965,9,9,9,6;74;94;101;104;123;142;153;177,6;74;94;101;104;123;142;153;177,6;74;94;101;104;123;142;153;177,9,9,9,0,0,0,0.3,0.3,0.3,0.0,0.0,0.0,0,0,1.9656015309956274,10,7,696,60,9,,original_uniform_floor_plus_prior_scores,maximum_cardinality_certified_superset_of_eBH_then_maximum_testing_evalue_sum,200,9,9,exact_dyadic_prefix_or_HiGHS_QUBO_MILP,300.0,1
213,7d709e41a39e33863a5e96b67d173d4cb74591c1d465414097a225629c973233,proven_maximal,maximize_sum_testing_e_values_at_maximum_cardinality,proven_optimal,64569.72515622625,1.4928509521027684,43252.62683811535,3,3,8,7;100;180,7;100;180,7;13;18;100;107;120;180;186,3,3,8,0,0,0,0.1,0.1,0.26666666666666666,0.0,0.0,0.0,0,5,5.62641219800571,12,11,532,41,8,,original_uniform_floor_plus_prior_scores,maximum_cardinality_certified_superset_of_eBH_then_maximum_testing_evalue_sum,200,3,3,exact_dyadic_prefix_or_HiGHS_QUBO_MILP,300.0,1
214,7fa5202c812b8c5c7e78e9a76d8632b67899c15e7ab86bd509251cd034cfb2ae,proven_maximal,maximize_sum_testing_e_values_at_maximum_cardinality,proven_optimal,59239.89230628793,2.414360964613357,24536.468727978623,13,13,17,27;43;61;67;72;98;105;109;114;115;122;153;167,27;43;61;67;72;98;105;109;114;115;122;153;167,27;43;45;61;67;72;98;105;109;114;115;122;151;153;156;167;187,13,13,17,0,0,0,0.43333333333333335,0.43333333333333335,0.5666666666666667,0.0,0.0,0.0,0,4,27.381214008993993,16,11,616,59,17,,original_uniform_floor_plus_prior_scores,maximum_cardinality_certified_superset_of_eBH_then_maximum_testing_evalue_sum,200,13,13,exact_dyadic_prefix_or_HiGHS_QUBO_MILP,300.0,1
215,cf585c820fc240ce4e8a55c9ad7260b5a69fa0f6168e2e92d8b9a3ac3ffdb2a4,proven_maximal,maximize_sum_testing_e_values_at_maximum_cardinality,proven_optimal,8076.962475331815,2.4276419649964596,3327.081419662143,2,2,4,46;122,46;122,46;80;101;122,2,2,4,0,0,0,0.06666666666666667,0.06666666666666667,0.13333333333333333,0.0,0.0,0.0,0,2,2.025563223003701,14,9,713,50,4,,original_uniform_floor_plus_prior_scores,maximum_cardinality_certified_superset_of_eBH_then_maximum_testing_evalue_sum,200,2,2,exact_dyadic_prefix_or_HiGHS_QUBO_MILP,300.0,1
216,f03577d3d8568c73d7beabb2796ff9aeb5d81e8becfeaa85a677c71859bcc76c,proven_maximal,maximize_sum_testing_e_values_at_maximum_cardinality,proven_optimal,25613.764958602205,1.9043471750953267,13450.155146904895,6,6,7,23;33;55;87;114;163,23;33;55;87;114;163,23;33;52;55;87;114;163,6,6,7,0,0,0,0.2,0.2,0.23333333333333334,0.0,0.0,0.0,0,1,4.636379392002709,25,19,1292,58,7,,original_uniform_floor_plus_prior_scores,maximum_cardinality_certified_superset_of_eBH_then_maximum_testing_evalue_sum,200,6,6,exact_dyadic_prefix_or_HiGHS_QUBO_MILP,300.0,1
217,10cb70c404335da4f2dba47c24bc1129bc3c574b79edc8b14d4bb3bd1d7ce71f,proven_maximal,maximize_sum_testing_e_values_at_maximum_cardinality,proven_optimal,5558.043882280291,1.0,5558.043882280291,1,1,1,146,146,146,1,1,1,0,0,0,0.03333333333333333,0.03333333333333333,0.03333333333333333,0.0,0.0,0.0,0,0,5.684551286998612,16,12,1032,49,1,,original_uniform_floor_plus_prior_scores,maximum_cardinality_certified_superset_of_eBH_then_maximum_testing_evalue_sum,200,1,1,exact_dyadic_prefix_or_HiGHS_QUBO_MILP,300.0,1
218,617f85441d43b8cac904bd626ac959e0c17b0e5c1ff50d95f6a59bd14c801d92,proven_maximal,maximize_sum_testing_e_values_at_maximum_cardinality,proven_optimal,76928.93316887625,1.5245029787953261,50461.64831351532,6,6,6,9;16;40;54;112;178,9;16;40;54;112;178,9;16;40;54;112;178,6,6,6,0,0,0,0.2,0.2,0.2,0.0,0.0,0.0,0,0,4.148556168998766,18,9,680,59,6,,original_uniform_floor_plus_prior_scores,maximum_cardinality_certified_superset_of_eBH_then_maximum_testing_evalue_sum,200,6,6,exact_dyadic_prefix_or_HiGHS_QUBO_MILP,300.0,1
219,fa63a7ae716afee4a2e6763702f628c574a56e2d98a1a89aece482b38f17746e,proven_maximal,maximize_sum_testing_e_values_at_maximum_cardinality,proven_optimal,48807.8363979831,1.08160230616977,45125.49216987537,2,2,2,26;35,26;35,26;35,2,2,2,0,0,0,0.06666666666666667,0.06666666666666667,0.06666666666666667,0.0,0.0,0.0,0,0,1.4792294219951145,14,8,643,56,2,,original_uniform_floor_plus_prior_scores,maximum_cardinality_certified_superset_of_eBH_then_maximum_testing_evalue_sum,200,2,2,exact_dyadic_prefix_or_HiGHS_QUBO_MILP,300.0,1
220,349bf581f4166e12ec2f8cb891833d345bdcc7c1a48a09c4c7182b8f10c67ec9,proven_maximal,maximize_sum_testing_e_values_at_maximum_cardinality,proven_optimal,67405.36153804835,1.3193458723348246,51089.98553863832,7,7,12,8;33;34;50;82;115;184,8;33;34;50;82;115;184,3;7;8;33;34;50;82;91;96;115;174;184,7,7,12,0,0,0,0.23333333333333334,0.23333333333333334,0.4,0.0,0.0,0.0,0,5,2.623845762995188,10,7,646,46,12,,original_uniform_floor_plus_prior_scores,maximum_cardinality_certified_superset_of_eBH_then_maximum_testing_evalue_sum,200,7,7,exact_dyadic_prefix_or_HiGHS_QUBO_MILP,300.0,1
221,50b4bc91059f0374599314e63a501a3832bd970ad2e386322b83746e67346774,proven_maximal,maximize_sum_testing_e_values_at_maximum_cardinality,proven_optimal,159769.94686793076,1.0566712817301034,151201.18208033164,2,2,2,5;22,5;22,5;22,2,2,2,0,0,0,0.06666666666666667,0.06666666666666667,0.06666666666666667,0.0,0.0,0.0,0,0,6.2064544949971605,16,7,747,66,2,,original_uniform_floor_plus_prior_scores,maximum_cardinality_certified_superset_of_eBH_then_maximum_testing_evalue_sum,200,2,2,exact_dyadic_prefix_or_HiGHS_QUBO_MILP,300.0,1
222,7f75428d7eaa2f68c22182dc016766160535b85045ec1f158533cfe79aeb3e65,proven_maximal,maximize_sum_testing_e_values_at_maximum_cardinality,proven_optimal,47410.43502310052,1.4829995384128996,31969.28508409314,10,10,11,11;17;51;57;71;89;107;137;179;186,11;17;51;57;71;89;107;137;179;186,11;17;36;51;57;71;89;107;137;179;186,10,10,11,0,0,0,0.3333333333333333,0.3333333333333333,0.36666666666666664,0.0,0.0,0.0,0,1,5.596875617004116,12,8,719,48,11,,original_uniform_floor_plus_prior_scores,maximum_cardinality_certified_superset_of_eBH_then_maximum_testing_evalue_sum,200,10,10,exact_dyadic_prefix_or_HiGHS_QUBO_MILP,300.0,1
223,af5b33c64f3f8c790b9a1c645de7118e070e07da3ea2177f0f1bd37263904d24,proven_maximal,maximize_sum_testing_e_values_at_maximum_cardinality,proven_optimal,129273.1148758491,1.7145216895159883,75398.93817986232,9,9,10,17;55;99;102;111;138;169;191;197,17;55;99;102;111;138;169;191;197,17;55;99;102;111;135;138;169;191;197,9,9,10,0,0,0,0.3,0.3,0.3333333333333333,0.0,0.0,0.0,0,1,5.375701823002601,19,10,684,44,10,,original_uniform_floor_plus_prior_scores,maximum_cardinality_certified_superset_of_eBH_then_maximum_testing_evalue_sum,200,9,9,exact_dyadic_prefix_or_HiGHS_QUBO_MILP,300.0,1
224,f910c89dace3e0dd430ac7d879db8f0aa39279bcdf312782ce5170f52a016e42,proven_maximal,maximize_sum_testing_e_values_at_maximum_cardinality,proven_optimal,110084.96897598551,1.1725453912074695,93885.4647346502,6,6,6,41;47;85;104;109;118,41;47;85;104;109;118,41;47;85;104;109;118,6,6,6,0,0,0,0.2,0.2,0.2,0.0,0.0,0.0,0,0,2.37872270099615,14,8,728,60,6,,original_uniform_floor_plus_prior_scores,maximum_cardinality_certified_superset_of_eBH_then_maximum_testing_evalue_sum,200,6,6,exact_dyadic_prefix_or_HiGHS_QUBO_MILP,300.0,1
225,d1ee2bff08edb175570452ae98a115093b6ac78c80fd22ed51e6f8d15efd1437,proven_maximal,maximize_sum_testing_e_values_at_maximum_cardinality,proven_optimal,56016.60855383638,1.637015158217058,34218.7476228665,8,8,8,42;50;57;85;98;141;157;175,42;50;57;85;98;141;157;175,42;50;57;85;98;141;157;175,8,8,8,0,0,0,0.26666666666666666,0.26666666666666666,0.26666666666666666,0.0,0.0,0.0,0,0,3.819713867997052,16,7,800,56,8,,original_uniform_floor_plus_prior_scores,maximum_cardinality_certified_superset_of_eBH_then_maximum_testing_evalue_sum,200,8,8,exact_dyadic_prefix_or_HiGHS_QUBO_MILP,300.0,1
226,884dcabb11b8b546e6d61b020315f2a56151faeeda304a33685d191b0645b3ad,proven_maximal,maximize_sum_testing_e_values_at_maximum_cardinality,proven_optimal,20112.031857882404,1.8492462957894527,10875.799456067843,4,4,5,68;79;136;177,68;79;136;177,68;79;109;136;177,4,4,5,0,0,0,0.13333333333333333,0.13333333333333333,0.16666666666666666,0.0,0.0,0.0,0,1,2.6974491880027927,21,12,945,56,5,,original_uniform_floor_plus_prior_scores,maximum_cardinality_certified_superset_of_eBH_then_maximum_testing_evalue_sum,200,4,4,exact_dyadic_prefix_or_HiGHS_QUBO_MILP,300.0,1
227,f8776eea13f0df8da9d9b6d2b9349b47468fa7a1c3f4ef592edeef9c4a36dc3d,proven_maximal,maximize_sum_testing_e_values_at_maximum_cardinality,proven_optimal,29966.956238250772,3.9979370704914072,7495.604785636953,13,13,21,9;25;36;38;44;51;132;138;151;153;166;177;191,9;25;36;38;44;51;132;138;151;153;166;177;191,5;9;13;25;36;38;44;46;51;54;100;113;132;138;151;153;165;166;177;184;191,13,13,21,0,0,0,0.43333333333333335,0.43333333333333335,0.7,0.0,0.0,0.0,0,8,6.154042130001471,8,7,664,50,21,,original_uniform_floor_plus_prior_scores,maximum_cardinality_certified_superset_of_eBH_then_maximum_testing_evalue_sum,200,13,13,exact_dyadic_prefix_or_HiGHS_QUBO_MILP,300.0,1
228,dffbc24820f1d04013143ce2d43d38bcc1efed44d0b84629250d235100aba604,proven_maximal,maximize_sum_testing_e_values_at_maximum_cardinality,proven_optimal,23263.162502836272,2.041393127465354,11395.728823541407,7,7,7,61;62;72;120;145;172;190,61;62;72;120;145;172;190,61;62;72;120;145;172;190,7,7,7,0,0,0,0.23333333333333334,0.23333333333333334,0.23333333333333334,0.0,0.0,0.0,0,0,1.2337614569987636,14,5,511,55,7,,original_uniform_floor_plus_prior_scores,maximum_cardinality_certified_superset_of_eBH_then_maximum_testing_evalue_sum,200,7,7,exact_dyadic_prefix_or_HiGHS_QUBO_MILP,300.0,1
229,ec03e3cc9f79c52b0c1f1f406903202c8b62be8a8f1020b4634c8434a615ea1e,proven_maximal,maximize_sum_testing_e_values_at_maximum_cardinality,proven_optimal,37018.5070883245,1.3504266920705903,27412.45215729892,5,5,9,3;5;165;166;175,3;5;165;166;175,3;5;71;93;139;165;166;175;177,5,5,9,0,0,0,0.16666666666666666,0.16666666666666666,0.3,0.0,0.0,0.0,0,4,5.374567971994111,19,14,791,47,9,,original_uniform_floor_plus_prior_scores,maximum_cardinality_certified_superset_of_eBH_then_maximum_testing_evalue_sum,200,5,5,exact_dyadic_prefix_or_HiGHS_QUBO_MILP,300.0,1
230,886704aae9067f47ea66b9591904e893627ebe7f36255d2593cd778a9816d967,proven_maximal,maximize_sum_testing_e_values_at_maximum_cardinality,proven_optimal,254306.33944572264,1.1580430332676874,219600.0771475117,7,7,8,7;17;66;87;112;131;139,7;17;66;87;112;131;139,7;17;66;87;112;131;139;171,7,7,8,0,0,0,0.23333333333333334,0.23333333333333334,0.26666666666666666,0.0,0.0,0.0,0,1,1.4307151179964421,14,8,632,51,8,,original_uniform_floor_plus_prior_scores,maximum_cardinality_certified_superset_of_eBH_then_maximum_testing_evalue_sum,200,7,7,exact_dyadic_prefix_or_HiGHS_QUBO_MILP,300.0,1
231,6107045117c8b8f5f168cac4b1279d348a478abac860aeb2c6a4ae9503be3ced,proven_maximal,maximize_sum_testing_e_values_at_maximum_cardinality,proven_optimal,10438.247366959178,2.813533559909124,3710.01345628034,4,4,9,4;33;88;197,4;33;88;197,2;4;33;35;69;88;93;161;197,4,4,9,0,0,0,0.13333333333333333,0.13333333333333333,0.3,0.0,0.0,0.0,0,5,1.0558358769994811,11,7,488,49,9,,original_uniform_floor_plus_prior_scores,maximum_cardinality_certified_superset_of_eBH_then_maximum_testing_evalue_sum,200,4,4,exact_dyadic_prefix_or_HiGHS_QUBO_MILP,300.0,1
232,570bb3451c3eb6895451453ca8bf5e60fb38c7b56fc0dbbac643dcdfdfbb0aeb,proven_maximal,maximize_sum_testing_e_values_at_maximum_cardinality,proven_optimal,269165.70419589453,1.0677431387688165,252088.441894613,11,11,15,0;2;20;39;49;95;105;148;173;174;199,0;2;20;39;49;95;105;148;173;174;199,0;2;4;20;39;49;61;95;105;121;133;148;173;174;199,11,11,15,0,0,0,0.36666666666666664,0.36666666666666664,0.5,0.0,0.0,0.0,0,4,7.2537354989981395,17,11,926,42,15,,original_uniform_floor_plus_prior_scores,maximum_cardinality_certified_superset_of_eBH_then_maximum_testing_evalue_sum,200,11,11,exact_dyadic_prefix_or_HiGHS_QUBO_MILP,300.0,1
233,471c103d5be0f2ec0ef6ff609a2324177aa16e563341238cacf770d5c33e0064,proven_maximal,maximize_sum_testing_e_values_at_maximum_cardinality,proven_optimal,94584.41326890978,1.7979826576974798,52605.85404646551,13,13,17,13;30;34;76;88;111;121;130;143;163;164;170;175,13;30;34;76;88;111;121;130;143;163;164;170;175,13;30;34;45;76;88;105;111;121;130;143;163;164;170;175;177;183,13,13,17,0,0,0,0.43333333333333335,0.43333333333333335,0.5666666666666667,0.0,0.0,0.0,0,4,1.8462287500005914,13,8,701,61,17,,original_uniform_floor_plus_prior_scores,maximum_cardinality_certified_superset_of_eBH_then_maximum_testing_evalue_sum,200,13,13,exact_dyadic_prefix_or_HiGHS_QUBO_MILP,300.0,1
234,933b6bd45dccb6b0ebb7e32f62729f2ffaba760d0e86f84e3a28e78703be5bd3,proven_maximal,maximize_sum_testing_e_values_at_maximum_cardinality,proven_optimal,57881.50987826912,1.177046009228015,49175.2314051272,4,4,8,35;51;59;103,35;51;59;103,35;36;51;54;59;63;103;155,4,4,8,0,0,0,0.13333333333333333,0.13333333333333333,0.26666666666666666,0.0,0.0,0.0,0,4,3.0417608419957105,14,9,806,60,8,,original_uniform_floor_plus_prior_scores,maximum_cardinality_certified_superset_of_eBH_then_maximum_testing_evalue_sum,200,4,4,exact_dyadic_prefix_or_HiGHS_QUBO_MILP,300.0,1
235,848777768a3e756b1e70c05d8a54bb40a6546f39eb41aad2c9a8062110fd7a90,proven_maximal,maximize_sum_testing_e_values_at_maximum_cardinality,proven_optimal,35641.44562072407,2.14262840639029,16634.450245513926,7,7,9,44;70;73;128;154;155;191,44;70;73;128;154;155;191,44;70;73;127;128;147;154;155;191,7,7,9,0,0,0,0.23333333333333334,0.23333333333333334,0.3,0.0,0.0,0.0,0,2,7.9537265980034135,19,11,813,51,9,,original_uniform_floor_plus_prior_scores,maximum_cardinality_certified_superset_of_eBH_then_maximum_testing_evalue_sum,200,7,7,exact_dyadic_prefix_or_HiGHS_QUBO_MILP,300.0,1
236,959b8df9850438ac54a2552d0941f85e232a8fd2c37cd4cd715613c0e8af1c02,proven_maximal,maximize_sum_testing_e_values_at_maximum_cardinality,proven_optimal,7218.089633626159,1.8240743028051738,3957.124785172258,0,0,6,,,31;52;53;132;133;166,0,0,6,0,0,0,0.0,0.0,0.2,0.0,0.0,0.0,0,6,1.5396842690024641,13,9,591,49,6,,original_uniform_floor_plus_prior_scores,maximum_cardinality_certified_superset_of_eBH_then_maximum_testing_evalue_sum,200,0,0,exact_dyadic_prefix_or_HiGHS_QUBO_MILP,300.0,1
237,db55323b87e3a4172d415d59e3793e44f04e8c64ee7b7da093b75b0356f8b774,proven_maximal,maximize_sum_testing_e_values_at_maximum_cardinality,proven_optimal,42253.70629277557,2.1642627436180177,19523.371835223512,16,16,16,16;17;19;20;51;54;61;66;110;112;115;164;169;173;174;193,16;17;19;20;51;54;61;66;110;112;115;164;169;173;174;193,16;17;19;20;51;54;61;66;110;112;115;164;169;173;174;193,16,16,16,0,0,0,0.5333333333333333,0.5333333333333333,0.5333333333333333,0.0,0.0,0.0,0,0,2.8154040009976598,18,10,908,52,16,,original_uniform_floor_plus_prior_scores,maximum_cardinality_certified_superset_of_eBH_then_maximum_testing_evalue_sum,200,16,16,exact_dyadic_prefix_or_HiGHS_QUBO_MILP,300.0,1
238,aca00bb08b3f3a539caeadbdab6dc8bc2a4fe58e2a691d85d8d7ea72d1469f2d,proven_maximal,maximize_sum_testing_e_values_at_maximum_cardinality,proven_optimal,84004.46326190174,1.2044951619516362,69742.46631741535,6,6,9,9;21;57;90;119;177,9;21;57;90;119;177,9;21;26;41;57;90;105;119;177,6,6,9,0,0,0,0.2,0.2,0.3,0.0,0.0,0.0,0,3,3.918186593997234,14,10,711,48,9,,original_uniform_floor_plus_prior_scores,maximum_cardinality_certified_superset_of_eBH_then_maximum_testing_evalue_sum,200,6,6,exact_dyadic_prefix_or_HiGHS_QUBO_MILP,300.0,1
239,fb702b4a9ee74abb0e90daa1e1db85f53a7659466cbe077233826e975624b684,proven_maximal,maximize_sum_testing_e_values_at_maximum_cardinality,proven_optimal,68403.5918988166,2.2913329513252068,29853.18735946033,5,5,5,3;9;56;130;172,3;9;56;130;172,3;9;56;130;172,5,5,5,0,0,0,0.16666666666666666,0.16666666666666666,0.16666666666666666,0.0,0.0,0.0,0,0,1.936162999998487,15,11,721,50,5,,original_uniform_floor_plus_prior_scores,maximum_cardinality_certified_superset_of_eBH_then_maximum_testing_evalue_sum,200,5,5,exact_dyadic_prefix_or_HiGHS_QUBO_MILP,300.0,1
240,1fea50133582441f4890f8073312a61eec7b15d74ea284fbc19354208daade04,proven_maximal,maximize_sum_testing_e_values_at_maximum_cardinality,proven_optimal,19555.509067050083,2.938451871714437,6655.038067933521,11,11,13,17;27;56;70;94;103;129;158;175;191;196,17;27;56;70;94;103;129;158;175;191;196,17;27;35;56;70;94;103;129;146;158;175;191;196,11,11,13,0,0,0,0.36666666666666664,0.36666666666666664,0.43333333333333335,0.0,0.0,0.0,0,2,7.120412702002795,16,10,905,55,13,,original_uniform_floor_plus_prior_scores,maximum_cardinality_certified_superset_of_eBH_then_maximum_testing_evalue_sum,200,11,11,exact_dyadic_prefix_or_HiGHS_QUBO_MILP,300.0,1
241,3ea8c825f34ddc4b063e8310644e1be4b8a8981220b17a553c570f30abe8e699,proven_maximal,maximize_sum_testing_e_values_at_maximum_cardinality,proven_optimal,7097.087168813108,2.777404556556652,2555.294709248939,4,4,5,1;51;67;188,1;51;67;188,1;51;67;90;188,4,4,5,0,0,0,0.13333333333333333,0.13333333333333333,0.16666666666666666,0.0,0.0,0.0,0,1,2.968737422997947,21,12,886,57,5,,original_uniform_floor_plus_prior_scores,maximum_cardinality_certified_superset_of_eBH_then_maximum_testing_evalue_sum,200,4,4,exact_dyadic_prefix_or_HiGHS_QUBO_MILP,300.0,1
242,2e88428bff9f0eab5c2519f803a4611e45744f337f4cc0ed5068ef695de0901c,proven_maximal,maximize_sum_testing_e_values_at_maximum_cardinality,proven_optimal,108604.14078827779,2.050979735570844,52952.32268984377,5,5,5,4;36;174;175;177,4;36;174;175;177,4;36;174;175;177,5,5,5,0,0,0,0.16666666666666666,0.16666666666666666,0.16666666666666666,0.0,0.0,0.0,0,0,1.663226365999435,9,6,564,53,5,,original_uniform_floor_plus_prior_scores,maximum_cardinality_certified_superset_of_eBH_then_maximum_testing_evalue_sum,200,5,5,exact_dyadic_prefix_or_HiGHS_QUBO_MILP,300.0,1
243,78f276c0d18f1854f4cbb877dfc3b6845c5a4696d4629576eac568ca47895229,proven_maximal,maximize_sum_testing_e_values_at_maximum_cardinality,proven_optimal,209283.91023449713,1.2974908301824164,161298.95130362775,8,8,11,16;34;37;88;110;130;177;190,16;34;37;88;110;130;177;190,16;34;37;45;68;88;110;130;161;177;190,8,8,11,0,0,0,0.26666666666666666,0.26666666666666666,0.36666666666666664,0.0,0.0,0.0,0,3,7.638994373999594,17,11,769,61,11,,original_uniform_floor_plus_prior_scores,maximum_cardinality_certified_superset_of_eBH_then_maximum_testing_evalue_sum,200,8,8,exact_dyadic_prefix_or_HiGHS_QUBO_MILP,300.0,1
244,2891fff59f51c56f30ce4e561b27635fe0564e956ce4932700cecdfe02f3e2df,proven_maximal,maximize_sum_testing_e_values_at_maximum_cardinality,proven_optimal,3711.3888000278753,1.0,3711.3888000278753,0,0,1,,,20,0,0,1,0,0,0,0.0,0.0,0.03333333333333333,0.0,0.0,0.0,0,1,6.626418642998033,23,14,1000,51,1,,original_uniform_floor_plus_prior_scores,maximum_cardinality_certified_superset_of_eBH_then_maximum_testing_evalue_sum,200,0,0,exact_dyadic_prefix_or_HiGHS_QUBO_MILP,300.0,1
245,3b1c4867c8ada00c2973ea0b3a77163d86df6140a7640dfac6fa7eaa20bdaa67,proven_maximal,maximize_sum_testing_e_values_at_maximum_cardinality,proven_optimal,72273.34265877565,2.4676122201494324,29288.776440894333,11,11,15,0;15;28;39;57;80;116;126;127;147;155,0;15;28;39;57;80;116;126;127;147;155,0;15;28;30;39;57;80;99;112;116;126;127;131;147;155,10,10,14,1,1,1,0.3333333333333333,0.3333333333333333,0.4666666666666667,0.09090909090909091,0.09090909090909091,0.06666666666666667,0,4,7.615122964998591,12,7,606,53,15,,original_uniform_floor_plus_prior_scores,maximum_cardinality_certified_superset_of_eBH_then_maximum_testing_evalue_sum,200,11,11,exact_dyadic_prefix_or_HiGHS_QUBO_MILP,300.0,1
246,e397ea79eceab11ec6634a1ca56a53d2bade8420811933875cbcacadd894a86b,proven_maximal,maximize_sum_testing_e_values_at_maximum_cardinality,proven_optimal,47279.46180085198,2.3489509078225086,20127.905459156795,15,15,18,13;26;27;53;71;75;90;120;121;151;164;170;181;186;189,13;26;27;53;71;75;90;120;121;151;164;170;181;186;189,7;13;22;26;27;53;71;75;90;118;120;121;151;164;170;181;186;189,14,14,17,1,1,1,0.4666666666666667,0.4666666666666667,0.5666666666666667,0.06666666666666667,0.06666666666666667,0.05555555555555555,0,3,2.213320805996773,9,6,501,52,18,,original_uniform_floor_plus_prior_scores,maximum_cardinality_certified_superset_of_eBH_then_maximum_testing_evalue_sum,200,15,15,exact_dyadic_prefix_or_HiGHS_QUBO_MILP,300.0,1
247,a577ea7d17a01f1bf3ec9301a3811be3f45f16d41d4c606820a05606d23ca92f,proven_maximal,maximize_sum_testing_e_values_at_maximum_cardinality,proven_optimal,35089.64128067247,1.1806939577352351,29719.506101293315,4,4,5,55;71;79;151,55;71;79;151,33;55;71;79;151,4,4,5,0,0,0,0.13333333333333333,0.13333333333333333,0.16666666666666666,0.0,0.0,0.0,0,1,2.994524067005841,18,15,1121,51,5,,original_uniform_floor_plus_prior_scores,maximum_cardinality_certified_superset_of_eBH_then_maximum_testing_evalue_sum,200,4,4,exact_dyadic_prefix_or_HiGHS_QUBO_MILP,300.0,1
248,8d8a5c711642ee58106528c17403b9695283f1160aabff4999360735829fe69f,proven_maximal,maximize_sum_testing_e_values_at_maximum_cardinality,proven_optimal,111745.04208047397,1.2803648594326018,87275.93643111557,10,10,14,26;27;48;65;101;102;120;162;168;193,26;27;48;65;101;102;120;162;168;193,3;26;27;48;51;65;101;102;120;141;162;168;188;193,10,10,14,0,0,0,0.3333333333333333,0.3333333333333333,0.4666666666666667,0.0,0.0,0.0,0,4,22.606447222999122,24,18,930,51,14,,original_uniform_floor_plus_prior_scores,maximum_cardinality_certified_superset_of_eBH_then_maximum_testing_evalue_sum,200,10,10,exact_dyadic_prefix_or_HiGHS_QUBO_MILP,300.0,1
249,8f8bf754dc9871fdf21315f806e8fdee93abe358daacc6bd182546dbb1e95413,proven_maximal,maximize_sum_testing_e_values_at_maximum_cardinality,proven_optimal,4368.3045644307695,1.0,4368.3045644307695,1,1,1,95,95,95,1,1,1,0,0,0,0.03333333333333333,0.03333333333333333,0.03333333333333333,0.0,0.0,0.0,0,0,6.6496828379968065,20,10,856,48,1,,original_uniform_floor_plus_prior_scores,maximum_cardinality_certified_superset_of_eBH_then_maximum_testing_evalue_sum,200,1,1,exact_dyadic_prefix_or_HiGHS_QUBO_MILP,300.0,1
250,f635655eab911901e97b12cb2b7e7931e6dcf1f12ffd3f08ed368a35c8653742,proven_maximal,maximize_sum_testing_e_values_at_maximum_cardinality,proven_optimal,23142.229562257286,2.006137238808029,11535.716058990822,6,6,9,10;40;57;106;149;160,10;40;57;106;149;160,10;40;57;84;106;137;149;160;176,6,6,9,0,0,0,0.2,0.2,0.3,0.0,0.0,0.0,0,3,2.4847710149988416,18,14,827,52,9,,original_uniform_floor_plus_prior_scores,maximum_cardinality_certified_superset_of_eBH_then_maximum_testing_evalue_sum,200,6,6,exact_dyadic_prefix_or_HiGHS_QUBO_MILP,300.0,1
251,9512f601c3899132a2a78547354da76d3c1ef15694f2aa8d295a355bf5356474,proven_maximal,maximize_sum_testing_e_values_at_maximum_cardinality,proven_optimal,0.0,0.0,2840.515868953613,0,0,0,,,,0,0,0,0,0,0,0.0,0.0,0.0,0.0,0.0,0.0,0,0,1.8587066159961978,19,10,762,58,0,,original_uniform_floor_plus_prior_scores,maximum_cardinality_certified_superset_of_eBH_then_maximum_testing_evalue_sum,200,0,0,exact_dyadic_prefix_or_HiGHS_QUBO_MILP,300.0,1
252,b9fd37e3ceb72e0231844f058d7bb133dbcbf047e38bfb4d676e0d54b52fd160,proven_maximal,maximize_sum_testing_e_values_at_maximum_cardinality,proven_optimal,15156.370286819492,2.178322307296633,6957.818058443806,9,9,10,16;42;50;57;74;80;84;127;134,16;42;50;57;74;80;84;127;134,16;42;50;57;74;80;84;127;134;148,9,9,10,0,0,0,0.3,0.3,0.3333333333333333,0.0,0.0,0.0,0,1,2.5305029669980286,20,12,803,56,10,,original_uniform_floor_plus_prior_scores,maximum_cardinality_certified_superset_of_eBH_then_maximum_testing_evalue_sum,200,9,9,exact_dyadic_prefix_or_HiGHS_QUBO_MILP,300.0,1
253,5544989edc2fedfe39685a3123c68ee3b865a780b21dc33e69b8677a2994e0eb,proven_maximal,maximize_sum_testing_e_values_at_maximum_cardinality,proven_optimal,30434.665573745482,1.9730852381589454,15424.911699275388,8,8,13,22;45;57;104;135;139;162;173,22;45;57;104;135;139;162;173,16;22;45;57;104;135;137;139;154;155;162;169;173,8,8,13,0,0,0,0.26666666666666666,0.26666666666666666,0.43333333333333335,0.0,0.0,0.0,0,5,2.373702227996546,12,9,718,53,13,,original_uniform_floor_plus_prior_scores,maximum_cardinality_certified_superset_of_eBH_then_maximum_testing_evalue_sum,200,8,8,exact_dyadic_prefix_or_HiGHS_QUBO_MILP,300.0,1
254,93035bc0eeff21039385ccec330a5df677b0b87fa76c8033352188e78f8ef62b,proven_maximal,maximize_sum_testing_e_values_at_maximum_cardinality,proven_optimal,7894.501039949066,1.5054519974380143,5243.940725698307,2,2,2,108;139,108;139,108;139,2,2,2,0,0,0,0.06666666666666667,0.06666666666666667,0.06666666666666667,0.0,0.0,0.0,0,0,1.8183842419966822,15,9,808,57,2,,original_uniform_floor_plus_prior_scores,maximum_cardinality_certified_superset_of_eBH_then_maximum_testing_evalue_sum,200,2,2,exact_dyadic_prefix_or_HiGHS_QUBO_MILP,300.0,1
255,1e2b55c3fb42d43abb12b9c5b4e59babf736baa0e650ddb8e996d813d08546bc,proven_maximal,maximize_sum_testing_e_values_at_maximum_cardinality,proven_optimal,121291.56423414357,1.1731390488409459,103390.61201140554,9,9,13,28;50;58;102;111;180;186;189;193,28;50;58;102;111;180;186;189;193,21;28;42;50;58;102;111;130;158;180;186;189;193,9,9,13,0,0,0,0.3,0.3,0.43333333333333335,0.0,0.0,0.0,0,4,3.2072443979996024,17,11,919,58,13,,original_uniform_floor_plus_prior_scores,maximum_cardinality_certified_superset_of_eBH_then_maximum_testing_evalue_sum,200,9,9,exact_dyadic_prefix_or_HiGHS_QUBO_MILP,300.0,1
256,de3d01c32c9066ec8ea2d27331e99198fde1d8b2697d0d56f4868e4df21af041,proven_maximal,maximize_sum_testing_e_values_at_maximum_cardinality,proven_optimal,27528.546424357097,2.4243532578319407,11355.006262154808,4,4,8,54;58;123;141,54;58;123;141,54;58;73;123;126;133;141;154,4,4,8,0,0,0,0.13333333333333333,0.13333333333333333,0.26666666666666666,0.0,0.0,0.0,0,4,4.583946126003866,12,9,771,40,8,,original_uniform_floor_plus_prior_scores,maximum_cardinality_certified_superset_of_eBH_then_maximum_testing_evalue_sum,200,4,4,exact_dyadic_prefix_or_HiGHS_QUBO_MILP,300.0,1
257,159de1e2fbcf6e5ddab32264244feae2a2d9c93f6a71c36dc6945db93822ca0e,proven_maximal,maximize_sum_testing_e_values_at_maximum_cardinality,proven_optimal,16205.583718359903,3.8843919871981845,4171.974345475109,7,7,7,39;43;65;70;74;84;99,39;43;65;70;74;84;99,39;43;65;70;74;84;99,7,7,7,0,0,0,0.23333333333333334,0.23333333333333334,0.23333333333333334,0.0,0.0,0.0,0,0,1.2917225070050335,13,6,575,60,7,,original_uniform_floor_plus_prior_scores,maximum_cardinality_certified_superset_of_eBH_then_maximum_testing_evalue_sum,200,7,7,exact_dyadic_prefix_or_HiGHS_QUBO_MILP,300.0,1
258,e246ba16e3d4c2c132a0d8ac7976e1c1f74a49bac86e2857bba6eb357f8364b6,proven_maximal,maximize_sum_testing_e_values_at_maximum_cardinality,proven_optimal,22263.006132477676,4.955208088845182,4492.849893144669,15,15,17,44;56;61;64;82;110;139;146;148;152;155;185;196;198;199,44;56;61;64;82;110;139;146;148;152;155;185;196;198;199,0;44;56;61;64;76;82;110;139;146;148;152;155;185;196;198;199,15,15,17,0,0,0,0.5,0.5,0.5666666666666667,0.0,0.0,0.0,0,2,1.4333405469951686,7,6,600,47,17,,original_uniform_floor_plus_prior_scores,maximum_cardinality_certified_superset_of_eBH_then_maximum_testing_evalue_sum,200,15,15,exact_dyadic_prefix_or_HiGHS_QUBO_MILP,300.0,1
259,02d4c6b68190c574148a60aa272e7238278275b79b3b4c9d45140ba18198f194,proven_maximal,maximize_sum_testing_e_values_at_maximum_cardinality,proven_optimal,65881.66761912734,1.4200481955014634,46393.96594272807,7,7,8,26;56;57;64;74;131;161,26;56;57;64;74;131;161,26;56;57;64;74;87;131;161,7,7,8,0,0,0,0.23333333333333334,0.23333333333333334,0.26666666666666666,0.0,0.0,0.0,0,1,2.492355984999449,18,10,793,51,8,,original_uniform_floor_plus_prior_scores,maximum_cardinality_certified_superset_of_eBH_then_maximum_testing_evalue_sum,200,7,7,exact_dyadic_prefix_or_HiGHS_QUBO_MILP,300.0,1
260,cc90be90b0e20a4c814c965590f45fdbfed85ccda289d3f0ad05d58856fafee3,proven_maximal,maximize_sum_testing_e_values_at_maximum_cardinality,proven_optimal,87339.09824893269,2.9163408175147394,29948.1794872527,10,10,10,27;44;84;86;96;136;142;155;162;168,27;44;84;86;96;136;142;155;162;168,27;44;84;86;96;136;142;155;162;168,10,10,10,0,0,0,0.3333333333333333,0.3333333333333333,0.3333333333333333,0.0,0.0,0.0,0,0,3.4584889040052076,21,14,1338,65,10,,original_uniform_floor_plus_prior_scores,maximum_cardinality_certified_superset_of_eBH_then_maximum_testing_evalue_sum,200,10,10,exact_dyadic_prefix_or_HiGHS_QUBO_MILP,300.0,1
261,716d115abe6c7f465f3962c37a3b71c4a468e9ad77eeec1b868e644d1016a266,proven_maximal,maximize_sum_testing_e_values_at_maximum_cardinality,proven_optimal,0.0,0.0,1622.7177863302409,0,0,0,,,,0,0,0,0,0,0,0.0,0.0,0.0,0.0,0.0,0.0,0,0,6.639507815998513,18,11,713,55,0,,original_uniform_floor_plus_prior_scores,maximum_cardinality_certified_superset_of_eBH_then_maximum_testing_evalue_sum,200,0,0,exact_dyadic_prefix_or_HiGHS_QUBO_MILP,300.0,1
262,3f8b730ea7c4e2c4d3cfffb78140c9df0fd72b09ef049b581580f0872fbdd880,proven_maximal,maximize_sum_testing_e_values_at_maximum_cardinality,proven_optimal,13594.55817864059,1.8613007962677472,7303.794317339893,3,3,7,29;107;118,29;107;118,3;9;29;70;82;107;118,3,3,7,0,0,0,0.1,0.1,0.23333333333333334,0.0,0.0,0.0,0,4,2.374657186002878,16,12,980,58,7,,original_uniform_floor_plus_prior_scores,maximum_cardinality_certified_superset_of_eBH_then_maximum_testing_evalue_sum,200,3,3,exact_dyadic_prefix_or_HiGHS_QUBO_MILP,300.0,1
263,af229d6989c93c55b4cb2411020b9fe292acf2435a8fbdfffea6a5864f974811,proven_maximal,maximize_sum_testing_e_values_at_maximum_cardinality,proven_optimal,406115.9872681906,1.4308732449378596,283823.87378123595,7,7,7,3;36;66;80;94;111;114,3;36;66;80;94;111;114,3;36;66;80;94;111;114,7,7,7,0,0,0,0.23333333333333334,0.23333333333333334,0.23333333333333334,0.0,0.0,0.0,0,0,1.6925385650029057,15,6,598,41,7,,original_uniform_floor_plus_prior_scores,maximum_cardinality_certified_superset_of_eBH_then_maximum_testing_evalue_sum,200,7,7,exact_dyadic_prefix_or_HiGHS_QUBO_MILP,300.0,1
264,e452a9d66699e8cb65f8338be242a18d8c306baf0c4577f40f97a36671b9501c,proven_maximal,maximize_sum_testing_e_values_at_maximum_cardinality,proven_optimal,92287.47076544193,1.1773287383429676,78387.17238426713,5,5,10,58;102;124;152;167,58;102;124;152;167,1;38;58;102;113;120;124;152;167;169,5,5,10,0,0,0,0.16666666666666666,0.16666666666666666,0.3333333333333333,0.0,0.0,0.0,0,5,3.184415949996037,18,15,1275,52,10,,original_uniform_floor_plus_prior_scores,maximum_cardinality_certified_superset_of_eBH_then_maximum_testing_evalue_sum,200,5,5,exact_dyadic_prefix_or_HiGHS_QUBO_MILP,300.0,1
265,4b0986331e29881b1ea2072b47e6e0f1f44756f7b6b30d46e1056957e32bbc8c,proven_maximal,maximize_sum_testing_e_values_at_maximum_cardinality,proven_optimal,15294.39018211222,2.107061468405267,7258.635028662836,4,4,5,17;50;73;168,17;50;73;168,17;50;73;79;168,4,4,5,0,0,0,0.13333333333333333,0.13333333333333333,0.16666666666666666,0.0,0.0,0.0,0,1,1.5039175229976536,13,7,611,48,5,,original_uniform_floor_plus_prior_scores,maximum_cardinality_certified_superset_of_eBH_then_maximum_testing_evalue_sum,200,4,4,exact_dyadic_prefix_or_HiGHS_QUBO_MILP,300.0,1
266,e3c34d73acb099d0c15779ec8507dcc98cdc33decc39edcc511b1adf4b4150b0,proven_maximal,maximize_sum_testing_e_values_at_maximum_cardinality,proven_optimal,11403.00885848206,1.8026100441362334,6325.832309420035,3,3,5,81;147;191,81;147;191,60;81;147;168;191,3,3,5,0,0,0,0.1,0.1,0.16666666666666666,0.0,0.0,0.0,0,2,2.2902842680050526,20,12,948,62,5,,original_uniform_floor_plus_prior_scores,maximum_cardinality_certified_superset_of_eBH_then_maximum_testing_evalue_sum,200,3,3,exact_dyadic_prefix_or_HiGHS_QUBO_MILP,300.0,1
267,be58ac89be5e2bbf8f5f5c4c4b09dde1c05dc7e27931d117d434993b2f31ae5f,proven_maximal,maximize_sum_testing_e_values_at_maximum_cardinality,proven_optimal,8804.894306649268,5.640289955108493,1561.071217389196,10,10,10,26;32;56;62;70;83;99;107;155;174,26;32;56;62;70;83;99;107;155;174,26;32;56;62;70;83;99;107;155;174,10,10,10,0,0,0,0.3333333333333333,0.3333333333333333,0.3333333333333333,0.0,0.0,0.0,0,0,2.069677325998782,18,8,732,58,10,,original_uniform_floor_plus_prior_scores,maximum_cardinality_certified_superset_of_eBH_then_maximum_testing_evalue_sum,200,10,10,exact_dyadic_prefix_or_HiGHS_QUBO_MILP,300.0,1
268,9eaf99197ceba09a861c3ca468e316be936cf3b9e57cd6d22998ad3d77471b2a,proven_maximal,maximize_sum_testing_e_values_at_maximum_cardinality,proven_optimal,123832.25283338012,1.0,123832.25283338012,1,1,1,166,166,166,1,1,1,0,0,0,0.03333333333333333,0.03333333333333333,0.03333333333333333,0.0,0.0,0.0,0,0,3.5195274729994708,12,6,581,56,1,,original_uniform_floor_plus_prior_scores,maximum_cardinality_certified_superset_of_eBH_then_maximum_testing_evalue_sum,200,1,1,exact_dyadic_prefix_or_HiGHS_QUBO_MILP,300.0,1
269,7e74fd1419eb04cd25935f0cfd4265d6efaf095fbbdce2c2d27a2ff617d66f43,proven_maximal,maximize_sum_testing_e_values_at_maximum_cardinality,proven_optimal,41412.483145706174,1.648957272725634,25114.34579335925,11,11,11,12;18;28;70;108;124;135;166;173;194;196,12;18;28;70;108;124;135;166;173;194;196,12;18;28;70;108;124;135;166;173;194;196,11,11,11,0,0,0,0.36666666666666664,0.36666666666666664,0.36666666666666664,0.0,0.0,0.0,0,0,1.8527505969977938,16,8,793,55,11,,original_uniform_floor_plus_prior_scores,maximum_cardinality_certified_superset_of_eBH_then_maximum_testing_evalue_sum,200,11,11,exact_dyadic_prefix_or_HiGHS_QUBO_MILP,300.0,1
270,8749975e2c7f481f40a24a7f3081736611bce1b5fb77bc396c96e6eb7f2c57c7,proven_maximal,maximize_sum_testing_e_values_at_maximum_cardinality,proven_optimal,46325.25365387275,3.407158475274244,13596.448181103173,8,8,11,36;52;85;93;95;114;176;187,36;52;85;93;95;114;176;187,36;43;52;85;88;93;95;102;114;176;187,8,8,11,0,0,0,0.26666666666666666,0.26666666666666666,0.36666666666666664,0.0,0.0,0.0,0,3,1.829477829996904,14,7,606,58,11,,original_uniform_floor_plus_prior_scores,maximum_cardinality_certified_superset_of_eBH_then_maximum_testing_evalue_sum,200,8,8,exact_dyadic_prefix_or_HiGHS_QUBO_MILP,300.0,1
271,cc6ba7bab8d704a374ca04f6b3895820a4c69ce62e8d8ce5511ad1f53f1f7c12,proven_maximal,maximize_sum_testing_e_values_at_maximum_cardinality,proven_optimal,43447.397299733835,2.7059443342651166,16056.279040763537,16,16,17,2;12;30;42;52;72;77;82;91;103;104;136;147;166;167;168,2;12;30;42;52;72;77;82;91;103;104;136;147;166;167;168,2;12;30;42;49;52;72;77;82;91;103;104;136;147;166;167;168,16,16,17,0,0,0,0.5333333333333333,0.5333333333333333,0.5666666666666667,0.0,0.0,0.0,0,1,8.010324820999813,14,6,600,45,17,,original_uniform_floor_plus_prior_scores,maximum_cardinality_certified_superset_of_eBH_then_maximum_testing_evalue_sum,200,16,16,exact_dyadic_prefix_or_HiGHS_QUBO_MILP,300.0,1
272,78e7054878716e232353a285868fe55bda19405bbf9f660c952330219e8b5fcb,proven_maximal,maximize_sum_testing_e_values_at_maximum_cardinality,proven_optimal,12525.383765651082,2.143860034252277,5842.444733114125,3,3,10,35;53;107,35;53;107,35;41;53;94;95;97;107;121;182;195,2,2,9,1,1,1,0.06666666666666667,0.06666666666666667,0.3,0.3333333333333333,0.3333333333333333,0.1,0,7,1.2307434100002865,9,7,475,39,10,,original_uniform_floor_plus_prior_scores,maximum_cardinality_certified_superset_of_eBH_then_maximum_testing_evalue_sum,200,3,3,exact_dyadic_prefix_or_HiGHS_QUBO_MILP,300.0,1
273,e22a5edccee642f51051100d600e3f1dca279fe0ee6e7de03c245d4e5f56cb5d,proven_maximal,maximize_sum_testing_e_values_at_maximum_cardinality,proven_optimal,204867.9426164271,1.0876518719587975,188358.01040591407,6,6,12,40;60;91;95;111;119,40;60;91;95;111;119,17;40;55;60;89;91;95;111;119;147;169;183,6,6,12,0,0,0,0.2,0.2,0.4,0.0,0.0,0.0,0,6,2.762540978001198,16,14,841,62,12,,original_uniform_floor_plus_prior_scores,maximum_cardinality_certified_superset_of_eBH_then_maximum_testing_evalue_sum,200,6,6,exact_dyadic_prefix_or_HiGHS_QUBO_MILP,300.0,1
274,1ede3ea38fbf6bdb5317ccaad9e4520c71b91412796d633b6b5695d4b6e31156,proven_maximal,maximize_sum_testing_e_values_at_maximum_cardinality,proven_optimal,68590.5311251262,2.361275847121523,29048.08059962178,8,8,8,2;61;75;89;114;133;135;143,2;61;75;89;114;133;135;143,2;61;75;89;114;133;135;143,8,8,8,0,0,0,0.26666666666666666,0.26666666666666666,0.26666666666666666,0.0,0.0,0.0,0,0,3.292627252994862,15,6,561,57,8,,original_uniform_floor_plus_prior_scores,maximum_cardinality_certified_superset_of_eBH_then_maximum_testing_evalue_sum,200,8,8,exact_dyadic_prefix_or_HiGHS_QUBO_MILP,300.0,1
275,af7af172edf56a556f7d4ae1ff59e8ee25a89590e1fb4f8e981ab930279f4844,proven_maximal,maximize_sum_testing_e_values_at_maximum_cardinality,proven_optimal,43668.982793006195,1.501287246282049,29087.693178738988,8,8,8,29;91;133;143;151;164;178;197,29;91;133;143;151;164;178;197,29;91;133;143;151;164;178;197,8,8,8,0,0,0,0.26666666666666666,0.26666666666666666,0.26666666666666666,0.0,0.0,0.0,0,0,1.3416516889992636,15,7,703,57,8,,original_uniform_floor_plus_prior_scores,maximum_cardinality_certified_superset_of_eBH_then_maximum_testing_evalue_sum,200,8,8,exact_dyadic_prefix_or_HiGHS_QUBO_MILP,300.0,1
276,9d7ac9767454993734e3430fd41263e9e109a871bb21caaa1b5b3b8015eec778,proven_maximal,maximize_sum_testing_e_values_at_maximum_cardinality,proven_optimal,194184.7519454633,1.3860700181709178,140097.3611720661,12,12,12,6;13;23;27;28;42;45;52;118;126;159;185,6;13;23;27;28;42;45;52;118;126;159;185,6;13;23;27;28;42;45;52;118;126;159;185,12,12,12,0,0,0,0.4,0.4,0.4,0.0,0.0,0.0,0,0,1.7285737599959248,14,7,643,56,12,,original_uniform_floor_plus_prior_scores,maximum_cardinality_certified_superset_of_eBH_then_maximum_testing_evalue_sum,200,12,12,exact_dyadic_prefix_or_HiGHS_QUBO_MILP,300.0,1
277,b1f4e22723baf6d95c1e1c675d6bfaf38dce506f214e535a04365344a97e0be6,proven_maximal,maximize_sum_testing_e_values_at_maximum_cardinality,proven_optimal,16269.391341103008,2.2660856132626224,7179.513097776994,8,8,9,1;23;45;48;77;124;157;179,1;23;45;48;77;124;157;179,1;23;45;48;77;124;136;157;179,8,8,9,0,0,0,0.26666666666666666,0.26666666666666666,0.3,0.0,0.0,0.0,0,1,1.8356356540025445,11,10,710,54,9,,original_uniform_floor_plus_prior_scores,maximum_cardinality_certified_superset_of_eBH_then_maximum_testing_evalue_sum,200,8,8,exact_dyadic_prefix_or_HiGHS_QUBO_MILP,300.0,1
278,a8745c2cd49376bbf1035db245a47e3fd4c03db49a9a49f9e8b0c79ec45f97a7,proven_maximal,maximize_sum_testing_e_values_at_maximum_cardinality,proven_optimal,55501.004770199856,1.9495187330480381,28469.07999874667,6,6,6,2;11;18;109;127;199,2;11;18;109;127;199,2;11;18;109;127;199,6,6,6,0,0,0,0.2,0.2,0.2,0.0,0.0,0.0,0,0,3.069617686996935,13,7,694,44,6,,original_uniform_floor_plus_prior_scores,maximum_cardinality_certified_superset_of_eBH_then_maximum_testing_evalue_sum,200,6,6,exact_dyadic_prefix_or_HiGHS_QUBO_MILP,300.0,1
279,847769faca457cc70f6b97e11df15e78dd98cfce3f317067b729f15d38df83e0,proven_maximal,maximize_sum_testing_e_values_at_maximum_cardinality,proven_optimal,57256.06831800571,1.4607550566377492,39196.21435355029,6,6,6,13;54;62;134;150;186,13;54;62;134;150;186,13;54;62;134;150;186,6,6,6,0,0,0,0.2,0.2,0.2,0.0,0.0,0.0,0,0,2.34997359499539,17,7,665,54,6,,original_uniform_floor_plus_prior_scores,maximum_cardinality_certified_superset_of_eBH_then_maximum_testing_evalue_sum,200,6,6,exact_dyadic_prefix_or_HiGHS_QUBO_MILP,300.0,1
280,f69125e1e2775572a1f2e09075a8141c0887029b4ea9d83fea5143cd03d6b81a,proven_maximal,maximize_sum_testing_e_values_at_maximum_cardinality,proven_optimal,3628.0176857428482,1.1760892195984807,3084.815016824541,0,0,2,,,123;152,0,0,2,0,0,0,0.0,0.0,0.06666666666666667,0.0,0.0,0.0,0,2,3.0880633400010993,16,10,702,59,2,,original_uniform_floor_plus_prior_scores,maximum_cardinality_certified_superset_of_eBH_then_maximum_testing_evalue_sum,200,0,0,exact_dyadic_prefix_or_HiGHS_QUBO_MILP,300.0,1
281,f0e36b337ce14cf395bd032af928cb342598fb68be62b2af651038c0654b6cfb,proven_maximal,maximize_sum_testing_e_values_at_maximum_cardinality,proven_optimal,5391.4835959437405,2.5876567309274137,2083.538953024669,3,3,4,32;158;167,32;158;167,32;49;158;167,3,3,4,0,0,0,0.1,0.1,0.13333333333333333,0.0,0.0,0.0,0,1,2.671636118000606,19,10,656,57,4,,original_uniform_floor_plus_prior_scores,maximum_cardinality_certified_superset_of_eBH_then_maximum_testing_evalue_sum,200,3,3,exact_dyadic_prefix_or_HiGHS_QUBO_MILP,300.0,1
282,b8899d841d126bfca8a85028174b665b0382c48178ea7285e9d2d37cfce5457b,proven_maximal,maximize_sum_testing_e_values_at_maximum_cardinality,proven_optimal,148189.26719784748,1.4290632744213216,103696.7850551296,9,9,12,13;16;27;33;40;67;132;147;151,13;16;27;33;40;67;132;147;151,13;16;20;27;33;40;67;96;132;147;151;173,9,9,12,0,0,0,0.3,0.3,0.4,0.0,0.0,0.0,0,3,6.127501256996766,15,8,715,56,12,,original_uniform_floor_plus_prior_scores,maximum_cardinality_certified_superset_of_eBH_then_maximum_testing_evalue_sum,200,9,9,exact_dyadic_prefix_or_HiGHS_QUBO_MILP,300.0,1
283,a0d0a90b4ef4a10a8bf52edda7f6b8c4a13add922f3f1d6f1c7b3231e87529a8,proven_maximal,maximize_sum_testing_e_values_at_maximum_cardinality,proven_optimal,16349.7363174139,2.070296918577689,7897.290562865884,8,8,12,1;38;63;66;71;102;118;138,1;38;63;66;71;102;118;138,1;34;38;51;63;66;71;102;118;138;163;176,8,8,12,0,0,0,0.26666666666666666,0.26666666666666666,0.4,0.0,0.0,0.0,0,4,4.188496397000563,12,8,561,41,12,,original_uniform_floor_plus_prior_scores,maximum_cardinality_certified_superset_of_eBH_then_maximum_testing_evalue_sum,200,8,8,exact_dyadic_prefix_or_HiGHS_QUBO_MILP,300.0,1
284,101660d4acb3ba1f61a46a97096460aa062b1e9fde2e1ef1c04024f80de961d6,proven_maximal,maximize_sum_testing_e_values_at_maximum_cardinality,proven_optimal,78120.32014054738,2.334554641873829,33462.6222660799,9,9,9,15;53;55;59;86;111;175;186;192,15;53;55;59;86;111;175;186;192,15;53;55;59;86;111;175;186;192,9,9,9,0,0,0,0.3,0.3,0.3,0.0,0.0,0.0,0,0,3.113248793000821,9,6,608,57,9,,original_uniform_floor_plus_prior_scores,maximum_cardinality_certified_superset_of_eBH_then_maximum_testing_evalue_sum,200,9,9,exact_dyadic_prefix_or_HiGHS_QUBO_MILP,300.0,1
285,8b373aed9e7c5d2d64d0e123de01bdccf1c636514bf7d8e2a58d86e37ef79e17,proven_maximal,maximize_sum_testing_e_values_at_maximum_cardinality,proven_optimal,74925.09998742196,1.1740372220513935,63818.33435954053,11,11,12,6;9;37;81;89;119;120;151;161;175;193,6;9;37;81;89;119;120;151;161;175;193,6;9;37;81;89;119;120;151;161;175;187;193,11,11,12,0,0,0,0.36666666666666664,0.36666666666666664,0.4,0.0,0.0,0.0,0,1,3.3874314410059014,16,7,657,49,12,,original_uniform_floor_plus_prior_scores,maximum_cardinality_certified_superset_of_eBH_then_maximum_testing_evalue_sum,200,11,11,exact_dyadic_prefix_or_HiGHS_QUBO_MILP,300.0,1
286,18574b390d29fc5e6abf311e6bd1485ab1ff1c7d2ec008541a4b1f5544886939,proven_maximal,maximize_sum_testing_e_values_at_maximum_cardinality,proven_optimal,178520.52075410262,1.3687027304498525,130430.45562963709,10,10,10,5;8;30;89;118;145;156;175;177;192,5;8;30;89;118;145;156;175;177;192,5;8;30;89;118;145;156;175;177;192,10,10,10,0,0,0,0.3333333333333333,0.3333333333333333,0.3333333333333333,0.0,0.0,0.0,0,0,8.904200848999608,21,12,919,50,10,,original_uniform_floor_plus_prior_scores,maximum_cardinality_certified_superset_of_eBH_then_maximum_testing_evalue_sum,200,10,10,exact_dyadic_prefix_or_HiGHS_QUBO_MILP,300.0,1
287,e093d4b4bd5c9bc00b3704339ad5f919343c6157d1f2c8d499cc90cd95042da9,proven_maximal,maximize_sum_testing_e_values_at_maximum_cardinality,proven_optimal,16374.526632716057,3.8297762242009905,4275.583134399005,7,7,10,20;61;101;114;133;166;199,20;61;101;114;133;166;199,20;38;61;101;111;114;133;165;166;199,7,7,10,0,0,0,0.23333333333333334,0.23333333333333334,0.3333333333333333,0.0,0.0,0.0,0,3,2.973370954001439,19,17,1046,59,10,,original_uniform_floor_plus_prior_scores,maximum_cardinality_certified_superset_of_eBH_then_maximum_testing_evalue_sum,200,7,7,exact_dyadic_prefix_or_HiGHS_QUBO_MILP,300.0,1
288,d80c7848d7bb18ec8b1d25503af974bb6cbd54d43615968fa6cdab26bb80dea7,proven_maximal,maximize_sum_testing_e_values_at_maximum_cardinality,proven_optimal,70043.67428558585,1.579135136683511,44355.71893656366,8,8,12,60;61;75;94;101;135;156;180,60;61;75;94;101;135;156;180,2;40;60;61;66;75;94;101;135;156;168;180,8,8,12,0,0,0,0.26666666666666666,0.26666666666666666,0.4,0.0,0.0,0.0,0,4,2.6441093769972213,12,8,742,49,12,,original_uniform_floor_plus_prior_scores,maximum_cardinality_certified_superset_of_eBH_then_maximum_testing_evalue_sum,200,8,8,exact_dyadic_prefix_or_HiGHS_QUBO_MILP,300.0,1
289,52128814b66089e8f37653f1eb6cdc119115735f4e5faad79e3fe63f198766e4,proven_maximal,maximize_sum_testing_e_values_at_maximum_cardinality,proven_optimal,12444.981507840279,3.43683981813566,3621.0536907103087,3,3,10,9;101;130,9;101;130,9;16;22;85;101;130;156;187;196;198,3,3,10,0,0,0,0.1,0.1,0.3333333333333333,0.0,0.0,0.0,0,7,2.288475044995721,8,8,703,50,10,,original_uniform_floor_plus_prior_scores,maximum_cardinality_certified_superset_of_eBH_then_maximum_testing_evalue_sum,200,3,3,exact_dyadic_prefix_or_HiGHS_QUBO_MILP,300.0,1
290,a6f4628668b13953481c870d719455ffda591332ad677f331c2e029233fe3e1a,proven_maximal,maximize_sum_testing_e_values_at_maximum_cardinality,proven_optimal,8460.395179890818,2.0640235353433525,4098.981932627732,4,4,4,49;72;125;157,49;72;125;157,49;72;125;157,4,4,4,0,0,0,0.13333333333333333,0.13333333333333333,0.13333333333333333,0.0,0.0,0.0,0,0,2.680137442002888,21,11,747,57,4,,original_uniform_floor_plus_prior_scores,maximum_cardinality_certified_superset_of_eBH_then_maximum_testing_evalue_sum,200,4,4,exact_dyadic_prefix_or_HiGHS_QUBO_MILP,300.0,1
291,38bcf951a9233241ea121a4aca2874402e3efee662b8f6c29480e324fd667957,proven_maximal,maximize_sum_testing_e_values_at_maximum_cardinality,proven_optimal,36494.02325473481,1.4929136043049656,24444.8326745102,6,6,8,35;41;72;92;109;139,35;41;72;92;109;139,35;41;46;72;92;100;109;139,6,6,8,0,0,0,0.2,0.2,0.26666666666666666,0.0,0.0,0.0,0,2,2.756730631001119,21,13,778,44,8,,original_uniform_floor_plus_prior_scores,maximum_cardinality_certified_superset_of_eBH_then_maximum_testing_evalue_sum,200,6,6,exact_dyadic_prefix_or_HiGHS_QUBO_MILP,300.0,1
292,27a54412559d1ded6ba67d2d9a3fa353f51baec6be2936109cde550dd6790e06,proven_maximal,maximize_sum_testing_e_values_at_maximum_cardinality,proven_optimal,344288.46264009643,1.0354061153024952,332515.38459333143,8,8,11,27;54;83;84;126;129;180;197,27;54;83;84;126;129;180;197,27;54;83;84;126;129;148;180;193;197;199,8,8,11,0,0,0,0.26666666666666666,0.26666666666666666,0.36666666666666664,0.0,0.0,0.0,0,3,3.1347360770014348,12,8,616,60,11,,original_uniform_floor_plus_prior_scores,maximum_cardinality_certified_superset_of_eBH_then_maximum_testing_evalue_sum,200,8,8,exact_dyadic_prefix_or_HiGHS_QUBO_MILP,300.0,1
293,48209188f406d7b4569ba8807d625657ec0d9fe5547c12c3a983514ea31022f7,proven_maximal,maximize_sum_testing_e_values_at_maximum_cardinality,proven_optimal,133451.75735905874,2.2581503654882065,59097.81713327439,13,13,14,3;21;55;58;81;111;115;117;128;142;167;175;187,3;21;55;58;81;111;115;117;128;142;167;175;187,3;21;55;58;81;83;111;115;117;128;142;167;175;187,13,13,14,0,0,0,0.43333333333333335,0.43333333333333335,0.4666666666666667,0.0,0.0,0.0,0,1,5.111593213005108,20,11,867,51,14,,original_uniform_floor_plus_prior_scores,maximum_cardinality_certified_superset_of_eBH_then_maximum_testing_evalue_sum,200,13,13,exact_dyadic_prefix_or_HiGHS_QUBO_MILP,300.0,1
294,46dbaee5538a2f47913c6dbc1e401c9f3203ff27298dc91956800298fd318b2f,proven_maximal,maximize_sum_testing_e_values_at_maximum_cardinality,proven_optimal,34718.57557643951,2.5969738939693534,13368.858137951393,10,10,16,3;10;46;54;66;108;114;125;134;149,3;10;46;54;66;108;114;125;134;149,3;10;36;46;54;62;66;108;111;114;119;125;134;143;149;163,10,10,16,0,0,0,0.3333333333333333,0.3333333333333333,0.5333333333333333,0.0,0.0,0.0,0,6,12.840568011997675,14,13,1038,65,16,,original_uniform_floor_plus_prior_scores,maximum_cardinality_certified_superset_of_eBH_then_maximum_testing_evalue_sum,200,10,10,exact_dyadic_prefix_or_HiGHS_QUBO_MILP,300.0,1
295,85acd2a1887ddb006444957b72a6c90f7a3473e1b77d0dbcc6a5bdcee5d07222,proven_maximal,maximize_sum_testing_e_values_at_maximum_cardinality,proven_optimal,56504.575201302076,1.870304252438983,30211.43491900684,10,10,11,34;39;54;58;87;96;124;144;164;175,34;39;54;58;87;96;124;144;164;175,34;39;54;58;87;96;122;124;144;164;175,10,10,11,0,0,0,0.3333333333333333,0.3333333333333333,0.36666666666666664,0.0,0.0,0.0,0,1,2.46869383000012,9,7,537,56,11,,original_uniform_floor_plus_prior_scores,maximum_cardinality_certified_superset_of_eBH_then_maximum_testing_evalue_sum,200,10,10,exact_dyadic_prefix_or_HiGHS_QUBO_MILP,300.0,1
296,84c04706157834ce1850414f8ea71089b1f33c0811c3c172dd6b1d7276d7b108,proven_maximal,maximize_sum_testing_e_values_at_maximum_cardinality,proven_optimal,14206.546246989255,1.6721220935480838,8496.117778603306,4,4,4,54;62;124;129,54;62;124;129,54;62;124;129,4,4,4,0,0,0,0.13333333333333333,0.13333333333333333,0.13333333333333333,0.0,0.0,0.0,0,0,7.26063648499985,20,11,868,73,4,,original_uniform_floor_plus_prior_scores,maximum_cardinality_certified_superset_of_eBH_then_maximum_testing_evalue_sum,200,4,4,exact_dyadic_prefix_or_HiGHS_QUBO_MILP,300.0,1
297,7b02f84d07657e2ce3aa39cca83a90dc81a6367b5382283d8e6f572f6c21a56a,proven_maximal,maximize_sum_testing_e_values_at_maximum_cardinality,proven_optimal,28778.966218608446,1.7529834172586882,16417.13545905239,4,4,8,10;118;184;185,10;118;184;185,10;16;72;102;118;151;184;185,4,4,8,0,0,0,0.13333333333333333,0.13333333333333333,0.26666666666666666,0.0,0.0,0.0,0,4,2.0389044449984794,9,9,623,55,8,,original_uniform_floor_plus_prior_scores,maximum_cardinality_certified_superset_of_eBH_then_maximum_testing_evalue_sum,200,4,4,exact_dyadic_prefix_or_HiGHS_QUBO_MILP,300.0,1
298,32a89d94c4f507bbedd86d92a8af7a385409030a6f61a61e926955c4ed6ee6d1,proven_maximal,maximize_sum_testing_e_values_at_maximum_cardinality,proven_optimal,88853.72895610593,4.2460465353745445,20926.22589409942,15,15,16,4;7;25;35;59;63;81;98;131;154;159;176;177;193;196,4;7;25;35;59;63;81;98;131;154;159;176;177;193;196,2;4;7;25;35;59;63;81;98;131;154;159;176;177;193;196,15,15,16,0,0,0,0.5,0.5,0.5333333333333333,0.0,0.0,0.0,0,1,13.648327445000177,21,12,883,60,16,,original_uniform_floor_plus_prior_scores,maximum_cardinality_certified_superset_of_eBH_then_maximum_testing_evalue_sum,200,15,15,exact_dyadic_prefix_or_HiGHS_QUBO_MILP,300.0,1
299,4aacfbcc624ba4bf345cd48febef23aeeb2b97e2fa19d0b54cf9cca4b1a0cc1f,proven_maximal,maximize_sum_testing_e_values_at_maximum_cardinality,proven_optimal,54857.867334225644,2.18341045005724,25124.853337945457,12,12,14,49;57;68;94;97;119;137;163;165;176;177;188,49;57;68;94;97;119;137;163;165;176;177;188,49;57;68;87;94;97;119;121;137;163;165;176;177;188,12,12,14,0,0,0,0.4,0.4,0.4666666666666667,0.0,0.0,0.0,0,2,5.157273532997351,13,7,587,58,14,,original_uniform_floor_plus_prior_scores,maximum_cardinality_certified_superset_of_eBH_then_maximum_testing_evalue_sum,200,12,12,exact_dyadic_prefix_or_HiGHS_QUBO_MILP,300.0,1
300,f690bc34a52ed2600e77541a63879e18928a25660b080ff257ef6612bc006e39,proven_maximal,maximize_sum_testing_e_values_at_maximum_cardinality,proven_optimal,163250.8855029644,1.0345272102283805,157802.40856779923,2,2,5,37;122,37;122,37;62;103;122;134,2,2,5,0,0,0,0.06666666666666667,0.06666666666666667,0.16666666666666666,0.0,0.0,0.0,0,3,11.205294994993892,22,16,1176,55,5,,original_uniform_floor_plus_prior_scores,maximum_cardinality_certified_superset_of_eBH_then_maximum_testing_evalue_sum,200,2,2,exact_dyadic_prefix_or_HiGHS_QUBO_MILP,300.0,1
301,37a61cb5140c98d90659aa56d61db0f0b093fca49ab440565cd11931e42d112f,proven_maximal,maximize_sum_testing_e_values_at_maximum_cardinality,proven_optimal,37166.79639428472,1.529351135404415,24302.33027188782,2,2,10,27;178,27;178,6;27;49;98;118;122;173;174;178;184,2,2,10,0,0,0,0.06666666666666667,0.06666666666666667,0.3333333333333333,0.0,0.0,0.0,0,8,2.2169655350007815,11,9,713,49,10,,original_uniform_floor_plus_prior_scores,maximum_cardinality_certified_superset_of_eBH_then_maximum_testing_evalue_sum,200,2,2,exact_dyadic_prefix_or_HiGHS_QUBO_MILP,300.0,1
302,164ff33877bd49f0ebe505bc66037e81cf53e51f1abb4e08ec7f67c233cf2b7c,proven_maximal,maximize_sum_testing_e_values_at_maximum_cardinality,proven_optimal,195033.38941227106,1.111725663552414,175433.01895996567,6,6,8,12;63;78;105;137;173,12;63;78;105;137;173,12;63;78;90;105;113;137;173,6,6,8,0,0,0,0.2,0.2,0.26666666666666666,0.0,0.0,0.0,0,2,2.6688467219937593,17,10,744,53,8,,original_uniform_floor_plus_prior_scores,maximum_cardinality_certified_superset_of_eBH_then_maximum_testing_evalue_sum,200,6,6,exact_dyadic_prefix_or_HiGHS_QUBO_MILP,300.0,1
303,2005db4ba6daf446ebd39faf2b35dfa214f49f0a33dee1f9e194fb49cb98fc17,proven_maximal,maximize_sum_testing_e_values_at_maximum_cardinality,proven_optimal,72576.12994668366,1.4291858500582457,50781.45011282183,8,8,8,19;23;38;106;163;174;189;199,19;23;38;106;163;174;189;199,19;23;38;106;163;174;189;199,8,8,8,0,0,0,0.26666666666666666,0.26666666666666666,0.26666666666666666,0.0,0.0,0.0,0,0,1.7554611219966318,13,7,662,59,8,,original_uniform_floor_plus_prior_scores,maximum_cardinality_certified_superset_of_eBH_then_maximum_testing_evalue_sum,200,8,8,exact_dyadic_prefix_or_HiGHS_QUBO_MILP,300.0,1
304,058d27e6e3a3833702db4c5f83fb9dfb090a8121d783e10c670b0f1bd477e601,proven_maximal,maximize_sum_testing_e_values_at_maximum_cardinality,proven_optimal,24609.08109185592,1.7550510156688173,14021.86083034051,3,3,11,60;84;182,60;84;182,1;51;60;81;84;117;118;142;163;171;182,3,3,11,0,0,0,0.1,0.1,0.36666666666666664,0.0,0.0,0.0,0,8,2.0044591830010177,12,10,666,56,11,,original_uniform_floor_plus_prior_scores,maximum_cardinality_certified_superset_of_eBH_then_maximum_testing_evalue_sum,200,3,3,exact_dyadic_prefix_or_HiGHS_QUBO_MILP,300.0,1
305,b4d912b0b6a9def245d9d2726927a62ea98795a0ca815e2b4a3a85ef11311f9e,proven_maximal,maximize_sum_testing_e_values_at_maximum_cardinality,proven_optimal,17711.558572421578,1.4405337868905175,12295.135826458529,1,1,8,171,171,13;17;44;48;116;129;147;171,1,1,8,0,0,0,0.03333333333333333,0.03333333333333333,0.26666666666666666,0.0,0.0,0.0,0,7,1.7285975449995021,16,13,704,71,8,,original_uniform_floor_plus_prior_scores,maximum_cardinality_certified_superset_of_eBH_then_maximum_testing_evalue_sum,200,1,1,exact_dyadic_prefix_or_HiGHS_QUBO_MILP,300.0,1
306,e3aa59436104585450314f822abc4e73b973c40a256480123159726066920600,proven_maximal,maximize_sum_testing_e_values_at_maximum_cardinality,proven_optimal,5407.915394494325,1.0,5407.915394494325,1,1,1,147,147,147,1,1,1,0,0,0,0.03333333333333333,0.03333333333333333,0.03333333333333333,0.0,0.0,0.0,0,0,1.2275223539982107,13,8,685,62,1,,original_uniform_floor_plus_prior_scores,maximum_cardinality_certified_superset_of_eBH_then_maximum_testing_evalue_sum,200,1,1,exact_dyadic_prefix_or_HiGHS_QUBO_MILP,300.0,1
307,7b1bebfa462265623cc9c71b941712bd1058f0a53b3b0a90ea8a8c47b147f998,proven_maximal,maximize_sum_testing_e_values_at_maximum_cardinality,proven_optimal,20519.91813957587,2.939442160601653,6980.8885558666,11,11,11,19;47;48;57;64;65;135;139;165;173;180,19;47;48;57;64;65;135;139;165;173;180,19;47;48;57;64;65;135;139;165;173;180,11,11,11,0,0,0,0.36666666666666664,0.36666666666666664,0.36666666666666664,0.0,0.0,0.0,0,0,1.8133644620029372,16,6,622,60,11,,original_uniform_floor_plus_prior_scores,maximum_cardinality_certified_superset_of_eBH_then_maximum_testing_evalue_sum,200,11,11,exact_dyadic_prefix_or_HiGHS_QUBO_MILP,300.0,1
308,38198c944a24c3979262aaa7103382978cc9ff6665a8e2f5017dd80489f764d9,proven_maximal,maximize_sum_testing_e_values_at_maximum_cardinality,proven_optimal,79536.61158766081,1.955500326806791,40673.279619205736,10,10,13,24;27;41;116;125;166;168;169;172;199,24;27;41;116;125;166;168;169;172;199,24;27;41;64;67;116;125;126;166;168;169;172;199,10,10,13,0,0,0,0.3333333333333333,0.3333333333333333,0.43333333333333335,0.0,0.0,0.0,0,3,3.2890303029998904,11,10,623,47,13,,original_uniform_floor_plus_prior_scores,maximum_cardinality_certified_superset_of_eBH_then_maximum_testing_evalue_sum,200,10,10,exact_dyadic_prefix_or_HiGHS_QUBO_MILP,300.0,1
309,ce24820dc552822d65bedd1a7a51ea37fd28b9d8c76ace0c5ea0f25e2adbc2b6,proven_maximal,maximize_sum_testing_e_values_at_maximum_cardinality,proven_optimal,65091.7869149427,2.687544616856888,24219.797694398178,7,7,10,56;62;149;153;162;167;193,56;62;149;153;162;167;193,48;50;56;62;122;149;153;162;167;193,7,7,10,0,0,0,0.23333333333333334,0.23333333333333334,0.3333333333333333,0.0,0.0,0.0,0,3,2.3824364229949424,16,9,629,50,10,,original_uniform_floor_plus_prior_scores,maximum_cardinality_certified_superset_of_eBH_then_maximum_testing_evalue_sum,200,7,7,exact_dyadic_prefix_or_HiGHS_QUBO_MILP,300.0,1
310,8041068a497bd6254ddbaec154a19b8058d16bac49961c383e618613c12666d9,proven_maximal,maximize_sum_testing_e_values_at_maximum_cardinality,proven_optimal,104842.85995659196,2.1585052006629666,48571.97468154831,13,13,14,9;17;24;37;54;65;66;81;93;97;142;175;199,9;17;24;37;54;65;66;81;93;97;142;175;199,9;17;24;37;50;54;65;66;81;93;97;142;175;199,13,13,14,0,0,0,0.43333333333333335,0.43333333333333335,0.4666666666666667,0.0,0.0,0.0,0,1,4.818586635999964,17,11,919,52,14,,original_uniform_floor_plus_prior_scores,maximum_cardinality_certified_superset_of_eBH_then_maximum_testing_evalue_sum,200,13,13,exact_dyadic_prefix_or_HiGHS_QUBO_MILP,300.0,1
311,55053c5fe594142f24d192921e092c797e19e16477c8fa24f1c3b9cfa7bc8f0b,proven_maximal,maximize_sum_testing_e_values_at_maximum_cardinality,proven_optimal,26197.22552456785,1.9713173955716148,13289.197154865844,6,6,8,17;36;43;69;106;143,17;36;43;69;106;143,17;36;43;69;72;75;106;143,6,6,8,0,0,0,0.2,0.2,0.26666666666666666,0.0,0.0,0.0,0,2,5.854828549003287,14,8,713,51,8,,original_uniform_floor_plus_prior_scores,maximum_cardinality_certified_superset_of_eBH_then_maximum_testing_evalue_sum,200,6,6,exact_dyadic_prefix_or_HiGHS_QUBO_MILP,300.0,1
312,e108f141a8bdc378047c34b30a2c88d91144ae73f1f363bf2a2ccbef55b67161,proven_maximal,maximize_sum_testing_e_values_at_maximum_cardinality,proven_optimal,66174.3448521936,1.5326235871147682,43177.16718478131,4,4,6,3;10;48;153,3;10;48;153,3;10;48;50;86;153,4,4,6,0,0,0,0.13333333333333333,0.13333333333333333,0.2,0.0,0.0,0.0,0,2,2.119083813006,18,10,801,55,6,,original_uniform_floor_plus_prior_scores,maximum_cardinality_certified_superset_of_eBH_then_maximum_testing_evalue_sum,200,4,4,exact_dyadic_prefix_or_HiGHS_QUBO_MILP,300.0,1
313,87e2676ccb70d006df14a91cc99ce26df442b16b31f5cbe7db56e210999b5a3a,proven_maximal,maximize_sum_testing_e_values_at_maximum_cardinality,proven_optimal,151791.6207669264,1.3805221241767185,109952.327535097,6,6,7,4;19;160;173;184;196,4;19;160;173;184;196,4;19;31;160;173;184;196,6,6,7,0,0,0,0.2,0.2,0.23333333333333334,0.0,0.0,0.0,0,1,3.2083473589955247,19,15,910,42,7,,original_uniform_floor_plus_prior_scores,maximum_cardinality_certified_superset_of_eBH_then_maximum_testing_evalue_sum,200,6,6,exact_dyadic_prefix_or_HiGHS_QUBO_MILP,300.0,1
314,08b0d0a86387e0f2f2e2be99848e8f13ad1623783692aec83f7f62abb4643533,proven_maximal,maximize_sum_testing_e_values_at_maximum_cardinality,proven_optimal,56086.1135209586,1.5369389376929694,36492.08966307208,5,5,11,43;58;144;154;158,43;58;144;154;158,30;43;53;54;58;84;92;144;154;158;174,5,5,11,0,0,0,0.16666666666666666,0.16666666666666666,0.36666666666666664,0.0,0.0,0.0,0,6,3.019945686995925,18,14,851,53,11,,original_uniform_floor_plus_prior_scores,maximum_cardinality_certified_superset_of_eBH_then_maximum_testing_evalue_sum,200,5,5,exact_dyadic_prefix_or_HiGHS_QUBO_MILP,300.0,1
315,c5861420a5b4527e5a3dab5e9b1ea2c15636839e27fc73fa7a9e3f609e73b26b,proven_maximal,maximize_sum_testing_e_values_at_maximum_cardinality,proven_optimal,25757.749074849875,1.761882601377468,14619.446865933096,4,4,5,79;85;86;164,79;85;86;164,69;79;85;86;164,4,4,5,0,0,0,0.13333333333333333,0.13333333333333333,0.16666666666666666,0.0,0.0,0.0,0,1,2.8098308369953884,21,12,749,58,5,,original_uniform_floor_plus_prior_scores,maximum_cardinality_certified_superset_of_eBH_then_maximum_testing_evalue_sum,200,4,4,exact_dyadic_prefix_or_HiGHS_QUBO_MILP,300.0,1
316,b5d4f7a71d5074affc634f0fd996dd3101aeca03b72099b5332ff9468c891374,proven_maximal,maximize_sum_testing_e_values_at_maximum_cardinality,proven_optimal,50489.95179427862,1.9699676915773157,25629.83748929013,5,5,11,6;34;37;51;135,6;34;37;51;135,6;30;34;37;43;51;54;65;135;140;183,5,5,10,0,0,1,0.16666666666666666,0.16666666666666666,0.3333333333333333,0.0,0.0,0.09090909090909091,0,6,1.9761184499948286,13,9,606,52,11,,original_uniform_floor_plus_prior_scores,maximum_cardinality_certified_superset_of_eBH_then_maximum_testing_evalue_sum,200,5,5,exact_dyadic_prefix_or_HiGHS_QUBO_MILP,300.0,1
317,6d02f98bae04d9edd7c028ce279596ca1c519e6273d95dd0fc77ae1e336115ca,proven_maximal,maximize_sum_testing_e_values_at_maximum_cardinality,proven_optimal,51064.964336593424,2.1536967743541586,23710.37786965464,11,11,15,15;27;34;51;65;75;82;93;119;137;157,15;27;34;51;65;75;82;93;119;137;157,0;15;27;34;35;37;51;65;75;82;93;119;137;157;189,11,11,15,0,0,0,0.36666666666666664,0.36666666666666664,0.5,0.0,0.0,0.0,0,4,7.230120826003258,15,9,716,51,15,,original_uniform_floor_plus_prior_scores,maximum_cardinality_certified_superset_of_eBH_then_maximum_testing_evalue_sum,200,11,11,exact_dyadic_prefix_or_HiGHS_QUBO_MILP,300.0,1
318,7d1ce005b3d0eb4a95c990b36fd74d0c9ae073cf8a68f71ba1802a3fb666e7b7,proven_maximal,maximize_sum_testing_e_values_at_maximum_cardinality,proven_optimal,18654.33645756503,3.32151197035952,5616.218343944697,6,6,7,77;101;110;135;141;173,77;101;110;135;141;173,77;101;110;135;141;169;173,6,6,7,0,0,0,0.2,0.2,0.23333333333333334,0.0,0.0,0.0,0,1,4.065638059000776,11,8,662,51,7,,original_uniform_floor_plus_prior_scores,maximum_cardinality_certified_superset_of_eBH_then_maximum_testing_evalue_sum,200,6,6,exact_dyadic_prefix_or_HiGHS_QUBO_MILP,300.0,1
319,564a587bf2e4d9899b2824415a895a13cbe537be4948b43ee24d14fa29aca8a6,proven_maximal,maximize_sum_testing_e_values_at_maximum_cardinality,proven_optimal,2955025.097991727,1.011270021135241,2922093.047586289,10,10,13,4;41;44;55;66;87;92;100;125;133,4;41;44;55;66;87;92;100;125;133,4;6;30;41;42;44;55;66;87;92;100;125;133,10,10,13,0,0,0,0.3333333333333333,0.3333333333333333,0.43333333333333335,0.0,0.0,0.0,0,3,2.8009550429997034,11,6,507,50,13,,original_uniform_floor_plus_prior_scores,maximum_cardinality_certified_superset_of_eBH_then_maximum_testing_evalue_sum,200,10,10,exact_dyadic_prefix_or_HiGHS_QUBO_MILP,300.0,1
320,c0c67d855eacd8c0fca8438025595b754686cc6e68d97fdf3a412957cc7e057c,proven_maximal,maximize_sum_testing_e_values_at_maximum_cardinality,proven_optimal,34617.89290540985,1.5814869028990093,21889.45911720932,6,6,12,49;63;112;115;168;191,49;63;112;115;168;191,33;43;49;63;88;112;115;149;168;180;191;199,6,6,12,0,0,0,0.2,0.2,0.4,0.0,0.0,0.0,0,6,2.3865183719972265,12,11,740,58,12,,original_uniform_floor_plus_prior_scores,maximum_cardinality_certified_superset_of_eBH_then_maximum_testing_evalue_sum,200,6,6,exact_dyadic_prefix_or_HiGHS_QUBO_MILP,300.0,1
321,83b7591b4da60fc4253e61ad2917e7b8fe0a73b5e4348a1741706f55268f546f,proven_maximal,maximize_sum_testing_e_values_at_maximum_cardinality,proven_optimal,238130.6804767454,1.1882857225711247,200398.50345209552,6,6,9,21;33;77;169;172;180,21;33;77;169;172;180,21;33;77;98;109;169;172;177;180,6,6,9,0,0,0,0.2,0.2,0.3,0.0,0.0,0.0,0,3,1.8435822340034065,12,10,818,54,9,,original_uniform_floor_plus_prior_scores,maximum_cardinality_certified_superset_of_eBH_then_maximum_testing_evalue_sum,200,6,6,exact_dyadic_prefix_or_HiGHS_QUBO_MILP,300.0,1
322,567412d06fd3b5ee629a61e70333d4b4f00970af7e98a131bd7f88db3a9b464b,proven_maximal,maximize_sum_testing_e_values_at_maximum_cardinality,proven_optimal,48994.512879662245,1.1896235800221346,41184.887137787424,4,4,7,81;100;133;193,81;100;133;193,81;100;131;133;173;189;193,4,4,7,0,0,0,0.13333333333333333,0.13333333333333333,0.23333333333333334,0.0,0.0,0.0,0,3,1.6812359059986193,14,12,938,54,7,,original_uniform_floor_plus_prior_scores,maximum_cardinality_certified_superset_of_eBH_then_maximum_testing_evalue_sum,200,4,4,exact_dyadic_prefix_or_HiGHS_QUBO_MILP,300.0,1
323,edc96f8512bba4531c5a59877aff7d97609f7e2d3bcc8111d9131e7dfa2f76c6,proven_maximal,maximize_sum_testing_e_values_at_maximum_cardinality,proven_optimal,46063.722972324744,1.8714307580934781,24614.174354627048,5,5,9,46;54;164;179;191,46;54;164;179;191,21;46;54;69;84;130;164;179;191,5,5,9,0,0,0,0.16666666666666666,0.16666666666666666,0.3,0.0,0.0,0.0,0,4,6.959465471001749,16,13,954,49,9,,original_uniform_floor_plus_prior_scores,maximum_cardinality_certified_superset_of_eBH_then_maximum_testing_evalue_sum,200,5,5,exact_dyadic_prefix_or_HiGHS_QUBO_MILP,300.0,1
324,0e2bfc8bdc6b03b346825c9ffc66a3ade53c2b15b4231f2cc0aa11bfbc3ef6d9,proven_maximal,maximize_sum_testing_e_values_at_maximum_cardinality,proven_optimal,19966.599269285303,1.8030038486686188,11074.074680444592,6,6,9,28;63;96;114;171;188,28;63;96;114;171;188,10;28;29;63;96;114;171;178;188,6,6,9,0,0,0,0.2,0.2,0.3,0.0,0.0,0.0,0,3,1.9514393270001165,15,9,703,45,9,,original_uniform_floor_plus_prior_scores,maximum_cardinality_certified_superset_of_eBH_then_maximum_testing_evalue_sum,200,6,6,exact_dyadic_prefix_or_HiGHS_QUBO_MILP,300.0,1
325,6a16dce399159e868573f9c874a141a55f04a88b7a9d4cd36fa33e446a2ada9b,proven_maximal,maximize_sum_testing_e_values_at_maximum_cardinality,proven_optimal,9454.985408347498,2.3358189552501814,4047.824591497421,5,5,5,12;29;65;78;93,12;29;65;78;93,12;29;65;78;93,5,5,5,0,0,0,0.16666666666666666,0.16666666666666666,0.16666666666666666,0.0,0.0,0.0,0,0,1.864740150005673,17,7,708,54,5,,original_uniform_floor_plus_prior_scores,maximum_cardinality_certified_superset_of_eBH_then_maximum_testing_evalue_sum,200,5,5,exact_dyadic_prefix_or_HiGHS_QUBO_MILP,300.0,1
326,54c2b832c50d1b0d5a5274108a8b2d2b6bc50e14b5a3416529d78c5ec4320c07,proven_maximal,maximize_sum_testing_e_values_at_maximum_cardinality,proven_optimal,44770.83041612657,1.8625321242415445,24037.615154883857,6,6,7,17;42;59;66;148;193,17;42;59;66;148;193,17;42;59;66;146;148;193,5,5,6,1,1,1,0.16666666666666666,0.16666666666666666,0.2,0.16666666666666666,0.16666666666666666,0.14285714285714285,0,1,2.5397797510013334,21,15,974,60,7,,original_uniform_floor_plus_prior_scores,maximum_cardinality_certified_superset_of_eBH_then_maximum_testing_evalue_sum,200,6,6,exact_dyadic_prefix_or_HiGHS_QUBO_MILP,300.0,1
327,245ac88381d412f823f831deccd8394e0ed435c01f19e05138b7420ba7c1071b,proven_maximal,maximize_sum_testing_e_values_at_maximum_cardinality,proven_optimal,23529.29937087397,3.245834556769074,7249.0753793364,9,9,13,13;21;75;104;109;130;154;162;180,13;21;75;104;109;130;154;162;180,13;21;75;104;109;121;130;154;162;174;180;188;193,9,9,13,0,0,0,0.3,0.3,0.43333333333333335,0.0,0.0,0.0,0,4,2.2861334059998626,11,7,516,61,13,,original_uniform_floor_plus_prior_scores,maximum_cardinality_certified_superset_of_eBH_then_maximum_testing_evalue_sum,200,9,9,exact_dyadic_prefix_or_HiGHS_QUBO_MILP,300.0,1
328,a8950cb168e590d95d0bf5c0d1c24b231b40351b27bc185a8849fc7e2e633c85,proven_maximal,maximize_sum_testing_e_values_at_maximum_cardinality,proven_optimal,40847.574803101816,2.962347413921763,13788.921114092063,10,10,11,19;30;47;52;68;85;111;130;151;188,19;30;47;52;68;85;111;130;151;188,19;30;47;52;56;68;85;111;130;151;188,10,10,11,0,0,0,0.3333333333333333,0.3333333333333333,0.36666666666666664,0.0,0.0,0.0,0,1,1.4056337389993132,11,8,681,62,11,,original_uniform_floor_plus_prior_scores,maximum_cardinality_certified_superset_of_eBH_then_maximum_testing_evalue_sum,200,10,10,exact_dyadic_prefix_or_HiGHS_QUBO_MILP,300.0,1
329,2b3f3ef9e2299cfaabf3d224e906b6990954a9fac50ff0e8525cec6d4280c66d,proven_maximal,maximize_sum_testing_e_values_at_maximum_cardinality,proven_optimal,56550.90053304902,2.5901795145386064,21832.81128417176,10,10,10,10;21;37;41;42;69;72;79;134;191,10;21;37;41;42;69;72;79;134;191,10;21;37;41;42;69;72;79;134;191,10,10,10,0,0,0,0.3333333333333333,0.3333333333333333,0.3333333333333333,0.0,0.0,0.0,0,0,3.145354945998406,23,14,1173,54,10,,original_uniform_floor_plus_prior_scores,maximum_cardinality_certified_superset_of_eBH_then_maximum_testing_evalue_sum,200,10,10,exact_dyadic_prefix_or_HiGHS_QUBO_MILP,300.0,1
330,b13411c47dae9fd69b764a4206a60d19d5f3e3c834cbd1f9e7da0cbf8f9df2ea,proven_maximal,maximize_sum_testing_e_values_at_maximum_cardinality,proven_optimal,64672.29110025285,3.312030977161922,19526.4753096212,8,8,9,77;80;120;123;129;145;147;198,77;80;120;123;129;145;147;198,26;77;80;120;123;129;145;147;198,8,8,9,0,0,0,0.26666666666666666,0.26666666666666666,0.3,0.0,0.0,0.0,0,1,1.8936788200007868,14,9,626,49,9,,original_uniform_floor_plus_prior_scores,maximum_cardinality_certified_superset_of_eBH_then_maximum_testing_evalue_sum,200,8,8,exact_dyadic_prefix_or_HiGHS_QUBO_MILP,300.0,1
331,cf94a3409fe7b3fe137ce7210bd86169c91bf47ae1b8fb8b62d62598ea856678,proven_maximal,maximize_sum_testing_e_values_at_maximum_cardinality,proven_optimal,31233.81749142303,1.566982075369783,19932.466351953863,4,4,7,4;20;101;112,4;20;101;112,4;20;39;101;111;112;115,4,4,7,0,0,0,0.13333333333333333,0.13333333333333333,0.23333333333333334,0.0,0.0,0.0,0,3,1.4692256750058732,14,10,688,53,7,,original_uniform_floor_plus_prior_scores,maximum_cardinality_certified_superset_of_eBH_then_maximum_testing_evalue_sum,200,4,4,exact_dyadic_prefix_or_HiGHS_QUBO_MILP,300.0,1
332,c8132fa0f62bfff9a6b2946fb39f2d3a5dcbe8195ea7d9a6e270e4e2d7cdb0b5,proven_maximal,maximize_sum_testing_e_values_at_maximum_cardinality,proven_optimal,8418.219016670071,2.0062436101445074,4196.010381841773,2,2,5,38;155,38;155,16;38;43;150;155,2,2,5,0,0,0,0.06666666666666667,0.06666666666666667,0.16666666666666666,0.0,0.0,0.0,0,3,1.9898768960047164,18,13,877,53,5,,original_uniform_floor_plus_prior_scores,maximum_cardinality_certified_superset_of_eBH_then_maximum_testing_evalue_sum,200,2,2,exact_dyadic_prefix_or_HiGHS_QUBO_MILP,300.0,1
333,3558e53c5e481ab2c3c9c544fc2a4d770618c18c32ded9114a849c2cd3ad9e09,proven_maximal,maximize_sum_testing_e_values_at_maximum_cardinality,proven_optimal,94614.89773108228,1.1257370718096837,84047.06578507152,4,4,6,11;37;106;167,11;37;106;167,11;37;45;79;106;167,4,4,6,0,0,0,0.13333333333333333,0.13333333333333333,0.2,0.0,0.0,0.0,0,2,1.6516708380004275,13,7,648,53,6,,original_uniform_floor_plus_prior_scores,maximum_cardinality_certified_superset_of_eBH_then_maximum_testing_evalue_sum,200,4,4,exact_dyadic_prefix_or_HiGHS_QUBO_MILP,300.0,1
334,dadf8e6f09abbbdaac51175905fc17bb100d3a07c5f8f6b0e35b00f877f76609,proven_maximal,maximize_sum_testing_e_values_at_maximum_cardinality,proven_optimal,102025.31762878278,1.5027683416369286,67891.58036005011,6,6,16,99;109;130;154;181;187,99;109;130;154;181;187,38;47;55;65;74;99;109;125;126;130;148;154;160;177;181;187,6,6,16,0,0,0,0.2,0.2,0.5333333333333333,0.0,0.0,0.0,0,10,23.747896336994017,9,9,593,60,16,,original_uniform_floor_plus_prior_scores,maximum_cardinality_certified_superset_of_eBH_then_maximum_testing_evalue_sum,200,6,6,exact_dyadic_prefix_or_HiGHS_QUBO_MILP,300.0,1
335,96a6509f4ef54b7c8e5491a559320bec03ae516d0bffa083087021875cedd574,proven_maximal,maximize_sum_testing_e_values_at_maximum_cardinality,proven_optimal,122159.16387784173,2.1155071089841293,57744.624614616776,4,4,7,41;121;128;175,41;121;128;175,13;41;63;121;128;163;175,4,4,7,0,0,0,0.13333333333333333,0.13333333333333333,0.23333333333333334,0.0,0.0,0.0,0,3,1.321954109997023,12,8,518,43,7,,original_uniform_floor_plus_prior_scores,maximum_cardinality_certified_superset_of_eBH_then_maximum_testing_evalue_sum,200,4,4,exact_dyadic_prefix_or_HiGHS_QUBO_MILP,300.0,1
336,f8ec0c1cade5ce53514ca0de587db53a9ca5be8168a845917308dbcdf1102172,proven_maximal,maximize_sum_testing_e_values_at_maximum_cardinality,proven_optimal,16870.0086961103,1.9649444412880588,8585.488903213816,2,2,4,43;86,43;86,10;43;86;185,2,2,4,0,0,0,0.06666666666666667,0.06666666666666667,0.13333333333333333,0.0,0.0,0.0,0,2,1.7072280510037672,14,10,998,47,4,,original_uniform_floor_plus_prior_scores,maximum_cardinality_certified_superset_of_eBH_then_maximum_testing_evalue_sum,200,2,2,exact_dyadic_prefix_or_HiGHS_QUBO_MILP,300.0,1
337,469660fef12a3bc4788546f5cec829d07dfb91edc1c961a83c0e6cee97dee130,proven_maximal,maximize_sum_testing_e_values_at_maximum_cardinality,proven_optimal,12462.030802942589,2.7219598805054566,4578.330082010041,3,3,5,16;152;170,16;152;170,16;74;141;152;170,3,3,5,0,0,0,0.1,0.1,0.16666666666666666,0.0,0.0,0.0,0,2,1.9387602019996848,17,13,1027,60,5,,original_uniform_floor_plus_prior_scores,maximum_cardinality_certified_superset_of_eBH_then_maximum_testing_evalue_sum,200,3,3,exact_dyadic_prefix_or_HiGHS_QUBO_MILP,300.0,1
338,288a36fe778cdc645f226b42e74d296dd01122e7feba3f2e19398423e3083660,proven_maximal,maximize_sum_testing_e_values_at_maximum_cardinality,proven_optimal,104735.89102654949,2.093064171391631,50039.50306832349,12,12,14,5;21;32;70;71;117;123;125;146;164;176;184,5;21;32;70;71;117;123;125;146;164;176;184,5;21;32;70;71;117;123;125;145;146;164;169;176;184,11,11,13,1,1,1,0.36666666666666664,0.36666666666666664,0.43333333333333335,0.08333333333333333,0.08333333333333333,0.07142857142857142,0,2,15.023602743000083,15,7,601,51,14,,original_uniform_floor_plus_prior_scores,maximum_cardinality_certified_superset_of_eBH_then_maximum_testing_evalue_sum,200,12,12,exact_dyadic_prefix_or_HiGHS_QUBO_MILP,300.0,1
339,6e13c7ff72dccace26318db861097f6c517a851c097b9c3552d2640f37150e6e,proven_maximal,maximize_sum_testing_e_values_at_maximum_cardinality,proven_optimal,74155.66068184678,1.5591197777141728,47562.516839191456,3,3,6,60;150;158,60;150;158,51;60;84;118;150;158,3,3,6,0,0,0,0.1,0.1,0.2,0.0,0.0,0.0,0,3,1.7172105419958825,16,9,679,45,6,,original_uniform_floor_plus_prior_scores,maximum_cardinality_certified_superset_of_eBH_then_maximum_testing_evalue_sum,200,3,3,exact_dyadic_prefix_or_HiGHS_QUBO_MILP,300.0,1
340,9738d69b0c804c76920f44ec29bf8bdffb79d38306577a6f6c8fa21c0ae2bd13,proven_maximal,maximize_sum_testing_e_values_at_maximum_cardinality,proven_optimal,15084.51754431887,1.618325207312933,9321.066912975544,6,6,6,1;23;40;84;98;197,1;23;40;84;98;197,1;23;40;84;98;197,6,6,6,0,0,0,0.2,0.2,0.2,0.0,0.0,0.0,0,0,1.7212968220046605,17,8,711,57,6,,original_uniform_floor_plus_prior_scores,maximum_cardinality_certified_superset_of_eBH_then_maximum_testing_evalue_sum,200,6,6,exact_dyadic_prefix_or_HiGHS_QUBO_MILP,300.0,1
341,15e524f28b68a45e148e2b3caa23a67dc550a73cb5d37a46cc9bfa066537e736,proven_maximal,maximize_sum_testing_e_values_at_maximum_cardinality,proven_optimal,59852.574836448504,1.3236680866690997,45217.20772694801,5,5,5,30;48;52;109;121,30;48;52;109;121,30;48;52;109;121,5,5,5,0,0,0,0.16666666666666666,0.16666666666666666,0.16666666666666666,0.0,0.0,0.0,0,0,1.2843753100023605,13,11,796,55,5,,original_uniform_floor_plus_prior_scores,maximum_cardinality_certified_superset_of_eBH_then_maximum_testing_evalue_sum,200,5,5,exact_dyadic_prefix_or_HiGHS_QUBO_MILP,300.0,1
342,22191708c93088afea005f04275d9cfb31ebc33cb880c1b9b13f19b9eda461ac,proven_maximal,maximize_sum_testing_e_values_at_maximum_cardinality,proven_optimal,155478.81798381562,1.2308737529077922,126315.81233779296,3,3,4,148;175;180,148;175;180,2;148;175;180,3,3,4,0,0,0,0.1,0.1,0.13333333333333333,0.0,0.0,0.0,0,1,1.612172831002681,16,8,723,64,4,,original_uniform_floor_plus_prior_scores,maximum_cardinality_certified_superset_of_eBH_then_maximum_testing_evalue_sum,200,3,3,exact_dyadic_prefix_or_HiGHS_QUBO_MILP,300.0,1
343,ed6ed4307b23f89d02232c6dbcc869c29651a1e0285f761f67cb3914f3a3129b,proven_maximal,maximize_sum_testing_e_values_at_maximum_cardinality,proven_optimal,9234.742871859986,1.7940896738090268,5147.31398696127,1,1,7,38,38,11;25;38;41;64;136;192,1,1,7,0,0,0,0.03333333333333333,0.03333333333333333,0.23333333333333334,0.0,0.0,0.0,0,6,1.6156554459957988,14,10,860,54,7,,original_uniform_floor_plus_prior_scores,maximum_cardinality_certified_superset_of_eBH_then_maximum_testing_evalue_sum,200,1,1,exact_dyadic_prefix_or_HiGHS_QUBO_MILP,300.0,1
344,ad83b26dba27a6b20ec5f21666597506f0cb2661adc0e241189956c4acd307bc,proven_maximal,maximize_sum_testing_e_values_at_maximum_cardinality,proven_optimal,326282.4946862042,2.151488783495734,151654.28571561555,8,8,9,14;19;21;22;50;100;104;199,14;19;21;22;50;100;104;199,14;19;21;22;50;100;104;183;199,8,8,9,0,0,0,0.26666666666666666,0.26666666666666666,0.3,0.0,0.0,0.0,0,1,2.0969754129982903,14,8,630,53,9,,original_uniform_floor_plus_prior_scores,maximum_cardinality_certified_superset_of_eBH_then_maximum_testing_evalue_sum,200,8,8,exact_dyadic_prefix_or_HiGHS_QUBO_MILP,300.0,1
345,b53995cf957afb38939a57ef43f64dc5aa81074c4c2189bc27375199bedf3350,proven_maximal,maximize_sum_testing_e_values_at_maximum_cardinality,proven_optimal,194654.87487800425,1.0565557268104806,184235.3128553156,7,7,12,31;32;50;87;126;138;195,31;32;50;87;126;138;195,10;31;32;40;50;87;101;126;138;170;189;195,7,7,12,0,0,0,0.23333333333333334,0.23333333333333334,0.4,0.0,0.0,0.0,0,5,2.2361364789976506,12,9,680,61,12,,original_uniform_floor_plus_prior_scores,maximum_cardinality_certified_superset_of_eBH_then_maximum_testing_evalue_sum,200,7,7,exact_dyadic_prefix_or_HiGHS_QUBO_MILP,300.0,1
346,0584377a971035be40543db766559c6954b7cc29aa9dcc73d14b5d984c8345d7,proven_maximal,maximize_sum_testing_e_values_at_maximum_cardinality,proven_optimal,17171.03489524086,2.8640933766729972,5995.277610392425,10,10,10,0;11;18;40;61;78;85;93;136;178,0;11;18;40;61;78;85;93;136;178,0;11;18;40;61;78;85;93;136;178,10,10,10,0,0,0,0.3333333333333333,0.3333333333333333,0.3333333333333333,0.0,0.0,0.0,0,0,2.9877132320034434,18,8,900,46,10,,original_uniform_floor_plus_prior_scores,maximum_cardinality_certified_superset_of_eBH_then_maximum_testing_evalue_sum,200,10,10,exact_dyadic_prefix_or_HiGHS_QUBO_MILP,300.0,1
347,9d1895314d5f0ceb21a7c14015cf96b6824d8dec41e545a33a3d5c56d90b63b4,proven_maximal,maximize_sum_testing_e_values_at_maximum_cardinality,proven_optimal,33040.14939561448,1.778238006245825,18580.27400132341,8,8,11,62;66;68;139;154;155;190;194,62;66;68;139;154;155;190;194,22;54;62;66;68;139;154;155;190;194;195,8,8,11,0,0,0,0.26666666666666666,0.26666666666666666,0.36666666666666664,0.0,0.0,0.0,0,3,2.6607329820035375,16,10,684,50,11,,original_uniform_floor_plus_prior_scores,maximum_cardinality_certified_superset_of_eBH_then_maximum_testing_evalue_sum,200,8,8,exact_dyadic_prefix_or_HiGHS_QUBO_MILP,300.0,1
348,d009194a8c545bc5c293f57505e9d6c30a32b2782a265c0b507d173df38b5d41,proven_maximal,maximize_sum_testing_e_values_at_maximum_cardinality,proven_optimal,429830.5863985356,1.0215445312862244,420765.3932201437,10,10,10,1;7;11;13;27;57;119;129;175;181,1;7;11;13;27;57;119;129;175;181,1;7;11;13;27;57;119;129;175;181,10,10,10,0,0,0,0.3333333333333333,0.3333333333333333,0.3333333333333333,0.0,0.0,0.0,0,0,1.3363845220010262,11,6,542,45,10,,original_uniform_floor_plus_prior_scores,maximum_cardinality_certified_superset_of_eBH_then_maximum_testing_evalue_sum,200,10,10,exact_dyadic_prefix_or_HiGHS_QUBO_MILP,300.0,1
349,92423fcf958c8d478bfb1857c73b21b88323897c267fd2d24b566a81a6aa3fee,proven_maximal,maximize_sum_testing_e_values_at_maximum_cardinality,proven_optimal,169007.4091539938,1.362336807375041,124056.99401136956,5,5,6,84;126;138;145;180,84;126;138;145;180,84;126;138;145;180;195,5,5,6,0,0,0,0.16666666666666666,0.16666666666666666,0.2,0.0,0.0,0.0,0,1,2.9737319750056486,15,8,597,56,6,,original_uniform_floor_plus_prior_scores,maximum_cardinality_certified_superset_of_eBH_then_maximum_testing_evalue_sum,200,5,5,exact_dyadic_prefix_or_HiGHS_QUBO_MILP,300.0,1
350,b8512247b78c368a5dfdcb09bbcc0f7b8fb291d430c90ec45681c3048dbf487b,proven_maximal,maximize_sum_testing_e_values_at_maximum_cardinality,proven_optimal,49786.13342561265,2.06018345716883,24165.87379748712,7,7,10,48;68;100;167;193;195;198,48;68;100;167;193;195;198,48;51;62;68;100;167;169;193;195;198,7,7,10,0,0,0,0.23333333333333334,0.23333333333333334,0.3333333333333333,0.0,0.0,0.0,0,3,3.4996046550004394,20,13,885,47,10,,original_uniform_floor_plus_prior_scores,maximum_cardinality_certified_superset_of_eBH_then_maximum_testing_evalue_sum,200,7,7,exact_dyadic_prefix_or_HiGHS_QUBO_MILP,300.0,1
351,308eb610210b18b2482d948080be8e687bd8caf4869b8807084de04e089f1c96,proven_maximal,maximize_sum_testing_e_values_at_maximum_cardinality,proven_optimal,68053.75637657731,2.3956553273154286,28407.156739378846,5,5,5,55;68;125;169;178,55;68;125;169;178,55;68;125;169;178,5,5,5,0,0,0,0.16666666666666666,0.16666666666666666,0.16666666666666666,0.0,0.0,0.0,0,0,1.9072517800013884,18,9,665,52,5,,original_uniform_floor_plus_prior_scores,maximum_cardinality_certified_superset_of_eBH_then_maximum_testing_evalue_sum,200,5,5,exact_dyadic_prefix_or_HiGHS_QUBO_MILP,300.0,1
352,598a3a4affee32cfd83386632bbbb7f4c1709240bed6cdfe68d8a44c8bc56fe6,proven_maximal,maximize_sum_testing_e_values_at_maximum_cardinality,proven_optimal,227909.54011604778,1.05542983925412,215940.01954418223,6,6,11,10;11;79;105;141;144,10;11;79;105;141;144,10;11;49;79;104;105;125;141;144;171;187,6,6,11,0,0,0,0.2,0.2,0.36666666666666664,0.0,0.0,0.0,0,5,3.581693385000108,17,14,1248,64,11,,original_uniform_floor_plus_prior_scores,maximum_cardinality_certified_superset_of_eBH_then_maximum_testing_evalue_sum,200,6,6,exact_dyadic_prefix_or_HiGHS_QUBO_MILP,300.0,1
353,45f37ebea206befd969c8eafbc27d34c2659c403b69471dc5d25dd96f289e469,proven_maximal,maximize_sum_testing_e_values_at_maximum_cardinality,proven_optimal,256328.12944448326,2.1151829957194743,121184.84781847156,13,13,14,4;9;12;36;93;94;111;152;157;161;188;189;195,4;9;12;36;93;94;111;152;157;161;188;189;195,4;9;12;36;93;94;111;126;152;157;161;188;189;195,13,13,14,0,0,0,0.43333333333333335,0.43333333333333335,0.4666666666666667,0.0,0.0,0.0,0,1,4.961571062995063,15,9,739,61,14,,original_uniform_floor_plus_prior_scores,maximum_cardinality_certified_superset_of_eBH_then_maximum_testing_evalue_sum,200,13,13,exact_dyadic_prefix_or_HiGHS_QUBO_MILP,300.0,1
354,794215ad719c5f83abc8dab97fe4ae32d5f02212c4a3193493215bfa5d7581ee,proven_maximal,maximize_sum_testing_e_values_at_maximum_cardinality,proven_optimal,203756.39371058936,1.152173048311561,176845.30462605582,5,5,8,29;37;93;94;169,29;37;93;94;169,0;29;37;45;93;94;165;169,5,5,8,0,0,0,0.16666666666666666,0.16666666666666666,0.26666666666666666,0.0,0.0,0.0,0,3,2.3212994929999695,16,9,672,62,8,,original_uniform_floor_plus_prior_scores,maximum_cardinality_certified_superset_of_eBH_then_maximum_testing_evalue_sum,200,5,5,exact_dyadic_prefix_or_HiGHS_QUBO_MILP,300.0,1
355,b6a05c9dbaa52e6087faa8cfe43aabf7791aa69052fff8e26951bc98782fdc60,proven_maximal,maximize_sum_testing_e_values_at_maximum_cardinality,proven_optimal,34173.695441497555,2.7414465346586585,12465.57064289148,12,12,14,13;19;42;66;77;110;121;130;146;150;169;190,13;19;42;66;77;110;121;130;146;150;169;190,11;13;19;42;66;77;110;121;130;146;150;161;169;190,12,12,14,0,0,0,0.4,0.4,0.4666666666666667,0.0,0.0,0.0,0,2,4.888968747996842,10,9,654,58,14,,original_uniform_floor_plus_prior_scores,maximum_cardinality_certified_superset_of_eBH_then_maximum_testing_evalue_sum,200,12,12,exact_dyadic_prefix_or_HiGHS_QUBO_MILP,300.0,1
356,5231ff2d3d8c67dcacfeae811791fc4512e869fc359261215c29356ec1c01a6a,proven_maximal,maximize_sum_testing_e_values_at_maximum_cardinality,proven_optimal,13140.298780543397,3.8385391346941344,3423.255128956879,11,11,13,4;12;26;32;38;45;83;143;149;156;166,4;12;26;32;38;45;83;143;149;156;166,4;12;26;32;38;45;77;83;113;143;149;156;166,11,11,13,0,0,0,0.36666666666666664,0.36666666666666664,0.43333333333333335,0.0,0.0,0.0,0,2,6.786212975996023,13,9,621,49,13,,original_uniform_floor_plus_prior_scores,maximum_cardinality_certified_superset_of_eBH_then_maximum_testing_evalue_sum,200,11,11,exact_dyadic_prefix_or_HiGHS_QUBO_MILP,300.0,1
357,0695fe9eed1141045bedb9b5288dfd2626a7edcb66be177884ae9775f5a24b6c,proven_maximal,maximize_sum_testing_e_values_at_maximum_cardinality,proven_optimal,38385.451625597656,1.1763016990590551,32632.318440331142,3,3,4,84;149;188,84;149;188,64;84;149;188,3,3,4,0,0,0,0.1,0.1,0.13333333333333333,0.0,0.0,0.0,0,1,2.141233263995673,15,9,688,57,4,,original_uniform_floor_plus_prior_scores,maximum_cardinality_certified_superset_of_eBH_then_maximum_testing_evalue_sum,200,3,3,exact_dyadic_prefix_or_HiGHS_QUBO_MILP,300.0,1
358,a123e1bdaea11ca98596d0d120bf74daa0c2707c27c91f0cdb4f15a52571c5b6,proven_maximal,maximize_sum_testing_e_values_at_maximum_cardinality,proven_optimal,86381.8739545284,1.5393840175868156,56114.571132122845,11,11,12,10;16;37;43;46;51;102;172;179;180;186,10;16;37;43;46;51;102;172;179;180;186,10;16;37;43;46;51;102;147;172;179;180;186,11,11,12,0,0,0,0.36666666666666664,0.36666666666666664,0.4,0.0,0.0,0.0,0,1,6.087288736001938,23,14,1196,43,12,,original_uniform_floor_plus_prior_scores,maximum_cardinality_certified_superset_of_eBH_then_maximum_testing_evalue_sum,200,11,11,exact_dyadic_prefix_or_HiGHS_QUBO_MILP,300.0,1
359,52a7b7757c7b59115bef55490e0ee38cdda672d8a011bd11f6c8d0063a43cb9f,proven_maximal,maximize_sum_testing_e_values_at_maximum_cardinality,proven_optimal,26255.680269098644,2.7322028225468333,9609.711274884165,4,4,8,121;138;142;147,121;138;142;147,45;75;100;103;121;138;142;147,4,4,8,0,0,0,0.13333333333333333,0.13333333333333333,0.26666666666666666,0.0,0.0,0.0,0,4,2.1993096040023374,16,11,813,56,8,,original_uniform_floor_plus_prior_scores,maximum_cardinality_certified_superset_of_eBH_then_maximum_testing_evalue_sum,200,4,4,exact_dyadic_prefix_or_HiGHS_QUBO_MILP,300.0,1
360,bfda5f6709143f178ba289500f121bc60bbdfd4c9bac4281d81a397af5bd1f5f,proven_maximal,maximize_sum_testing_e_values_at_maximum_cardinality,proven_optimal,44588.37065675767,3.0552402861481,14594.06347150932,13,13,15,9;50;59;138;142;144;146;151;156;166;172;195;198,9;50;59;138;142;144;146;151;156;166;172;195;198,9;50;59;114;138;142;144;146;151;156;159;166;172;195;198,13,13,15,0,0,0,0.43333333333333335,0.43333333333333335,0.5,0.0,0.0,0.0,0,2,6.444098590996873,12,7,609,58,15,,original_uniform_floor_plus_prior_scores,maximum_cardinality_certified_superset_of_eBH_then_maximum_testing_evalue_sum,200,13,13,exact_dyadic_prefix_or_HiGHS_QUBO_MILP,300.0,1
361,6f258778b469b9b02fa6a31d50bb9c728d409af7513ef3ab329e4640b2a47618,proven_maximal,maximize_sum_testing_e_values_at_maximum_cardinality,proven_optimal,171386.92427117215,1.119431527938462,153101.74851587147,5,5,10,79;95;96;112;144,79;95;96;112;144,5;60;79;95;96;112;128;144;167;194,5,5,10,0,0,0,0.16666666666666666,0.16666666666666666,0.3333333333333333,0.0,0.0,0.0,0,5,1.3689738210014184,9,7,446,59,10,,original_uniform_floor_plus_prior_scores,maximum_cardinality_certified_superset_of_eBH_then_maximum_testing_evalue_sum,200,5,5,exact_dyadic_prefix_or_HiGHS_QUBO_MILP,300.0,1
362,2d5373f39052c306e663ebd5145b67be7595a044aa02e61324430b15bc1c5ce2,proven_maximal,maximize_sum_testing_e_values_at_maximum_cardinality,proven_optimal,103385.19523459065,1.3452784368855881,76850.40687482843,3,3,4,27;126;186,27;126;186,27;124;126;186,3,3,4,0,0,0,0.1,0.1,0.13333333333333333,0.0,0.0,0.0,0,1,2.104252777004149,18,10,719,58,4,,original_uniform_floor_plus_prior_scores,maximum_cardinality_certified_superset_of_eBH_then_maximum_testing_evalue_sum,200,3,3,exact_dyadic_prefix_or_HiGHS_QUBO_MILP,300.0,1
363,4b780582a44662025bb1e27ee65b7c7d42627604835fa971133815a527e27181,proven_maximal,maximize_sum_testing_e_values_at_maximum_cardinality,proven_optimal,337789.7370170581,1.5222217988181108,221905.72837632868,8,8,8,10;11;35;38;66;110;167;182,10;11;35;38;66;110;167;182,10;11;35;38;66;110;167;182,8,8,8,0,0,0,0.26666666666666666,0.26666666666666666,0.26666666666666666,0.0,0.0,0.0,0,0,1.3581838979953318,14,7,711,60,8,,original_uniform_floor_plus_prior_scores,maximum_cardinality_certified_superset_of_eBH_then_maximum_testing_evalue_sum,200,8,8,exact_dyadic_prefix_or_HiGHS_QUBO_MILP,300.0,1
364,7a7cdd6a01313a06a1830d71303653ed8e6a1b1633ae2c0f8e27715f6d1dc855,proven_maximal,maximize_sum_testing_e_values_at_maximum_cardinality,proven_optimal,121936.83170666892,1.2366707386780618,98600.8869563884,11,11,18,2;6;58;66;81;122;129;143;179;184;190,2;6;58;66;81;122;129;143;179;184;190,2;6;31;44;58;66;73;81;122;129;136;143;153;166;179;184;186;190,10,10,16,1,1,2,0.3333333333333333,0.3333333333333333,0.5333333333333333,0.09090909090909091,0.09090909090909091,0.1111111111111111,0,7,4.189553875003185,18,15,935,63,18,,original_uniform_floor_plus_prior_scores,maximum_cardinality_certified_superset_of_eBH_then_maximum_testing_evalue_sum,200,11,11,exact_dyadic_prefix_or_HiGHS_QUBO_MILP,300.0,1
365,af96b974e952e967b5c61c4b9191a0027f4dd6291be3360607bbf7de296c8f61,proven_maximal,maximize_sum_testing_e_values_at_maximum_cardinality,proven_optimal,54532.120963294125,3.3036242046597564,16506.75669659299,10,10,14,26;35;51;59;121;134;165;171;194;195,26;35;51;59;121;134;165;171;194;195,26;35;51;59;77;99;104;121;134;137;165;171;194;195,10,10,14,0,0,0,0.3333333333333333,0.3333333333333333,0.4666666666666667,0.0,0.0,0.0,0,4,8.580220233998261,18,12,884,53,14,,original_uniform_floor_plus_prior_scores,maximum_cardinality_certified_superset_of_eBH_then_maximum_testing_evalue_sum,200,10,10,exact_dyadic_prefix_or_HiGHS_QUBO_MILP,300.0,1
366,3a6e69a7160900f21a41e9f9bb009bf0dafa0860b035ad34ce5c6c0ee3e5d2ad,proven_maximal,maximize_sum_testing_e_values_at_maximum_cardinality,proven_optimal,69220.73973032256,4.288892574419556,16139.536845287075,11,11,11,7;14;38;39;50;79;87;88;175;198;199,7;14;38;39;50;79;87;88;175;198;199,7;14;38;39;50;79;87;88;175;198;199,11,11,11,0,0,0,0.36666666666666664,0.36666666666666664,0.36666666666666664,0.0,0.0,0.0,0,0,1.6858180569979595,16,8,659,42,11,,original_uniform_floor_plus_prior_scores,maximum_cardinality_certified_superset_of_eBH_then_maximum_testing_evalue_sum,200,11,11,exact_dyadic_prefix_or_HiGHS_QUBO_MILP,300.0,1
367,0c7ff0c81f74fd34cd3d1f38bd9d3f9435fee6701b214ca39c4e359bd606f5d4,proven_maximal,maximize_sum_testing_e_values_at_maximum_cardinality,proven_optimal,33749.29257239036,4.036442189981677,8361.148502548866,16,16,17,2;77;83;86;91;99;110;125;137;149;153;154;160;165;172;192,2;77;83;86;91;99;110;125;137;149;153;154;160;165;172;192,2;60;77;83;86;91;99;110;125;137;149;153;154;160;165;172;192,16,16,17,0,0,0,0.5333333333333333,0.5333333333333333,0.5666666666666667,0.0,0.0,0.0,0,1,1.9687363209959585,17,11,929,51,17,,original_uniform_floor_plus_prior_scores,maximum_cardinality_certified_superset_of_eBH_then_maximum_testing_evalue_sum,200,16,16,exact_dyadic_prefix_or_HiGHS_QUBO_MILP,300.0,1
368,2e457acf81f50578d9d976bfcddbc5d6c9ab427d77d154bda564d442ba169bc9,proven_maximal,maximize_sum_testing_e_values_at_maximum_cardinality,proven_optimal,40282.49487469189,2.092704122794113,19249.01587182232,14,14,14,19;26;55;105;108;122;129;143;150;154;157;170;189;192,19;26;55;105;108;122;129;143;150;154;157;170;189;192,19;26;55;105;108;122;129;143;150;154;157;170;189;192,14,14,14,0,0,0,0.4666666666666667,0.4666666666666667,0.4666666666666667,0.0,0.0,0.0,0,0,5.04624108599819,12,7,624,50,14,,original_uniform_floor_plus_prior_scores,maximum_cardinality_certified_superset_of_eBH_then_maximum_testing_evalue_sum,200,14,14,exact_dyadic_prefix_or_HiGHS_QUBO_MILP,300.0,1
369,401fc7b48a41bea860ade3be145fb837051fedc7bd786e91b53387317c32082d,proven_maximal,maximize_sum_testing_e_values_at_maximum_cardinality,proven_optimal,197012.23038868676,1.0796511984462913,182477.6656314594,9,9,14,5;8;19;36;51;123;125;126;193,5;8;19;36;51;123;125;126;193,4;5;8;19;36;38;51;120;123;125;126;155;157;193,9,9,14,0,0,0,0.3,0.3,0.4666666666666667,0.0,0.0,0.0,0,5,3.5888052139998763,13,11,783,53,14,,original_uniform_floor_plus_prior_scores,maximum_cardinality_certified_superset_of_eBH_then_maximum_testing_evalue_sum,200,9,9,exact_dyadic_prefix_or_HiGHS_QUBO_MILP,300.0,1
370,59c0bafff9791137dec55880c7154e2b7ad874ca351081457c198e0acda93081,proven_maximal,maximize_sum_testing_e_values_at_maximum_cardinality,proven_optimal,107249.24797117186,1.047833561624543,102353.3239428736,2,2,5,53;141,53;141,34;53;62;141;158,2,2,5,0,0,0,0.06666666666666667,0.06666666666666667,0.16666666666666666,0.0,0.0,0.0,0,3,1.3799646719999146,15,12,788,54,5,,original_uniform_floor_plus_prior_scores,maximum_cardinality_certified_superset_of_eBH_then_maximum_testing_evalue_sum,200,2,2,exact_dyadic_prefix_or_HiGHS_QUBO_MILP,300.0,1
371,ed6741f00deb81efc9e07f3366a10fab4b9abcd7e63d1f56eef4a7cb5019e95c,proven_maximal,maximize_sum_testing_e_values_at_maximum_cardinality,proven_optimal,56775.97180207734,1.936409336512538,29320.23241755823,7,7,11,51;53;69;103;116;157;162,51;53;69;103;116;157;162,51;53;58;67;69;103;110;116;157;158;162,7,7,11,0,0,0,0.23333333333333334,0.23333333333333334,0.36666666666666664,0.0,0.0,0.0,0,4,2.2329315149981994,14,8,606,45,11,,original_uniform_floor_plus_prior_scores,maximum_cardinality_certified_superset_of_eBH_then_maximum_testing_evalue_sum,200,7,7,exact_dyadic_prefix_or_HiGHS_QUBO_MILP,300.0,1
372,e01a1706cc4c46142d5d553c0062ae14c393bcdb030172ef266b42ff62f8ab36,proven_maximal,maximize_sum_testing_e_values_at_maximum_cardinality,proven_optimal,15111.518676387102,1.630060748934295,9270.524847780518,3,3,3,8;53;183,8;53;183,8;53;183,3,3,3,0,0,0,0.1,0.1,0.1,0.0,0.0,0.0,0,0,1.3980652579994057,16,7,630,47,3,,original_uniform_floor_plus_prior_scores,maximum_cardinality_certified_superset_of_eBH_then_maximum_testing_evalue_sum,200,3,3,exact_dyadic_prefix_or_HiGHS_QUBO_MILP,300.0,1
373,a395e484f219f9124a05516c65581cc4f932ace6c3be7980806c1c036eda42e3,proven_maximal,maximize_sum_testing_e_values_at_maximum_cardinality,proven_optimal,22814.17211238668,4.131688089521327,5521.755664530281,7,7,8,10;39;45;77;78;89;169,10;39;45;77;78;89;169,10;39;45;77;78;89;106;169,7,7,8,0,0,0,0.23333333333333334,0.23333333333333334,0.26666666666666666,0.0,0.0,0.0,0,1,1.3650114850024693,14,5,500,46,8,,original_uniform_floor_plus_prior_scores,maximum_cardinality_certified_superset_of_eBH_then_maximum_testing_evalue_sum,200,7,7,exact_dyadic_prefix_or_HiGHS_QUBO_MILP,300.0,1
374,41179afce41b739cfb393a03122ac26248057f9f3b5be9471790019dbc737f24,proven_maximal,maximize_sum_testing_e_values_at_maximum_cardinality,proven_optimal,53724.487348333205,3.092041120901166,17375.088250015047,15,15,18,5;19;26;36;39;48;53;55;57;71;99;157;158;184;189,5;19;26;36;39;48;53;55;57;71;99;157;158;184;189,5;19;20;26;36;39;48;53;55;57;71;99;104;157;158;171;184;189,15,15,18,0,0,0,0.5,0.5,0.6,0.0,0.0,0.0,0,3,2.2279261120056617,16,12,1046,61,18,,original_uniform_floor_plus_prior_scores,maximum_cardinality_certified_superset_of_eBH_then_maximum_testing_evalue_sum,200,15,15,exact_dyadic_prefix_or_HiGHS_QUBO_MILP,300.0,1
375,d126c4b188d0fe6c82965d936ca7a4858d1ea655aca7b41e0980c003647dd090,proven_maximal,maximize_sum_testing_e_values_at_maximum_cardinality,proven_optimal,16201.586404185766,3.6434505196454032,4446.769982692828,5,5,5,34;44;54;130;187,34;44;54;130;187,34;44;54;130;187,5,5,5,0,0,0,0.16666666666666666,0.16666666666666666,0.16666666666666666,0.0,0.0,0.0,0,0,0.9824430860026041,13,8,771,73,5,,original_uniform_floor_plus_prior_scores,maximum_cardinality_certified_superset_of_eBH_then_maximum_testing_evalue_sum,200,5,5,exact_dyadic_prefix_or_HiGHS_QUBO_MILP,300.0,1
376,b38bbca6e7c8942f34c071cf5b4de14b336ffcd6b93314af92dac25bd7bd635a,proven_maximal,maximize_sum_testing_e_values_at_maximum_cardinality,proven_optimal,45216.00938138324,1.780399873785515,25396.547172992232,10,10,12,20;47;75;78;87;108;128;152;167;170,20;47;75;78;87;108;128;152;167;170,20;47;75;78;87;96;108;128;144;152;167;170,10,10,12,0,0,0,0.3333333333333333,0.3333333333333333,0.4,0.0,0.0,0.0,0,2,22.713128417999542,22,14,905,46,12,,original_uniform_floor_plus_prior_scores,maximum_cardinality_certified_superset_of_eBH_then_maximum_testing_evalue_sum,200,10,10,exact_dyadic_prefix_or_HiGHS_QUBO_MILP,300.0,1
377,82f6b637ce54d2a78726babdd3c60ec169595461f7ad0e3e1b1936190f6ccfd6,proven_maximal,maximize_sum_testing_e_values_at_maximum_cardinality,proven_optimal,45719.5020762762,4.5348594496763726,10081.790314259672,10,10,13,2;64;74;84;85;88;91;138;158;186,2;64;74;84;85;88;91;138;158;186,2;59;64;74;77;79;84;85;88;91;138;158;186,10,10,13,0,0,0,0.3333333333333333,0.3333333333333333,0.43333333333333335,0.0,0.0,0.0,0,3,2.8383007399970666,17,10,794,51,13,,original_uniform_floor_plus_prior_scores,maximum_cardinality_certified_superset_of_eBH_then_maximum_testing_evalue_sum,200,10,10,exact_dyadic_prefix_or_HiGHS_QUBO_MILP,300.0,1
378,33527a41dc4e90cbb37d48f89e47e4daffa7b6c690dc14c4a07b423b6f3a6739,proven_maximal,maximize_sum_testing_e_values_at_maximum_cardinality,proven_optimal,23167.582836899808,2.4135501521528138,9598.964751668833,13,13,13,35;52;72;73;108;121;157;159;174;177;187;192;194,35;52;72;73;108;121;157;159;174;177;187;192;194,35;52;72;73;108;121;157;159;174;177;187;192;194,13,13,13,0,0,0,0.43333333333333335,0.43333333333333335,0.43333333333333335,0.0,0.0,0.0,0,0,0.9418405149990576,12,5,526,53,13,,original_uniform_floor_plus_prior_scores,maximum_cardinality_certified_superset_of_eBH_then_maximum_testing_evalue_sum,200,13,13,exact_dyadic_prefix_or_HiGHS_QUBO_MILP,300.0,1
379,5b9018c1400316687463118aadbe20259de8313c160ff3d9a9d8d0a1bdcaade4,proven_maximal,maximize_sum_testing_e_values_at_maximum_cardinality,proven_optimal,4980.730231760745,1.788573524662137,2784.750060918859,2,2,2,1;121,1;121,1;121,2,2,2,0,0,0,0.06666666666666667,0.06666666666666667,0.06666666666666667,0.0,0.0,0.0,0,0,1.5643209940026281,20,10,896,58,2,,original_uniform_floor_plus_prior_scores,maximum_cardinality_certified_superset_of_eBH_then_maximum_testing_evalue_sum,200,2,2,exact_dyadic_prefix_or_HiGHS_QUBO_MILP,300.0,1
380,b3cf467c35153aa33877fb8fd82f934c4df60dbbaaee1b6bfae08b8a3e71a821,proven_maximal,maximize_sum_testing_e_values_at_maximum_cardinality,proven_optimal,20040.427943775005,3.3819573469129782,5925.689146277299,12,12,17,29;35;47;71;74;78;96;103;127;147;169;179,29;35;47;71;74;78;96;103;127;147;169;179,29;35;36;47;71;74;78;96;100;101;103;119;127;147;156;169;179,12,12,17,0,0,0,0.4,0.4,0.5666666666666667,0.0,0.0,0.0,0,5,1.993490966000536,16,11,851,53,17,,original_uniform_floor_plus_prior_scores,maximum_cardinality_certified_superset_of_eBH_then_maximum_testing_evalue_sum,200,12,12,exact_dyadic_prefix_or_HiGHS_QUBO_MILP,300.0,1
381,45503fdc40b443247959dd128e16eb74f7e058171f3e46b44b61a728aff9762c,proven_maximal,maximize_sum_testing_e_values_at_maximum_cardinality,proven_optimal,72071.84871118596,1.4045909853192873,51311.62698926393,6,6,9,87;139;148;159;165;177,87;139;148;159;165;177,87;89;130;139;148;159;165;177;189,6,6,9,0,0,0,0.2,0.2,0.3,0.0,0.0,0.0,0,3,1.3799251090022153,14,11,669,47,9,,original_uniform_floor_plus_prior_scores,maximum_cardinality_certified_superset_of_eBH_then_maximum_testing_evalue_sum,200,6,6,exact_dyadic_prefix_or_HiGHS_QUBO_MILP,300.0,1
382,576c491d059e8b2f00cfb3fefb56a9ebe4f3f9e6d96320dd9040f0606d7f71c1,proven_maximal,maximize_sum_testing_e_values_at_maximum_cardinality,proven_optimal,242977.69829953826,1.8845354226826665,128932.41239989833,12,12,13,14;29;70;96;112;147;149;156;157;169;180;185,14;29;70;96;112;147;149;156;157;169;180;185,14;29;47;70;96;112;147;149;156;157;169;180;185,12,12,13,0,0,0,0.4,0.4,0.43333333333333335,0.0,0.0,0.0,0,1,2.8415258250024635,17,8,727,52,13,,original_uniform_floor_plus_prior_scores,maximum_cardinality_certified_superset_of_eBH_then_maximum_testing_evalue_sum,200,12,12,exact_dyadic_prefix_or_HiGHS_QUBO_MILP,300.0,1
383,b8d5f6ad1619ebd3f185830ad8eba7c4b6770b4a6433897731f58ce4455a94e1,proven_maximal,maximize_sum_testing_e_values_at_maximum_cardinality,proven_optimal,18454.485434472816,2.0741321520471816,8897.449189174431,6,6,10,6;22;44;61;63;140,6;22;44;61;63;140,6;22;44;47;61;63;140;153;162;175,6,6,10,0,0,0,0.2,0.2,0.3333333333333333,0.0,0.0,0.0,0,4,1.7528904549981235,16,12,1062,54,10,,original_uniform_floor_plus_prior_scores,maximum_cardinality_certified_superset_of_eBH_then_maximum_testing_evalue_sum,200,6,6,exact_dyadic_prefix_or_HiGHS_QUBO_MILP,300.0,1
384,5f44d84d7d8df8c8119355fb081ed0fc780d34e4aa06cc75c08210bcc1b68143,proven_maximal,maximize_sum_testing_e_values_at_maximum_cardinality,proven_optimal,39507.35927603827,1.40412050523235,28136.729809740013,5,5,6,5;11;63;73;140,5;11;63;73;140,5;11;63;73;103;140,5,5,6,0,0,0,0.16666666666666666,0.16666666666666666,0.2,0.0,0.0,0.0,0,1,1.6579999989990029,17,8,719,45,6,,original_uniform_floor_plus_prior_scores,maximum_cardinality_certified_superset_of_eBH_then_maximum_testing_evalue_sum,200,5,5,exact_dyadic_prefix_or_HiGHS_QUBO_MILP,300.0,1
385,a7f76fdfce8feb86db4419e7292ec3c589c57f281c258533f91222ed379ae281,proven_maximal,maximize_sum_testing_e_values_at_maximum_cardinality,proven_optimal,27392.83034528658,2.3220871521891824,11796.64179247604,6,6,6,59;82;93;140;146;185,59;82;93;140;146;185,59;82;93;140;146;185,6,6,6,0,0,0,0.2,0.2,0.2,0.0,0.0,0.0,0,0,1.6532979859985062,13,7,661,46,6,,original_uniform_floor_plus_prior_scores,maximum_cardinality_certified_superset_of_eBH_then_maximum_testing_evalue_sum,200,6,6,exact_dyadic_prefix_or_HiGHS_QUBO_MILP,300.0,1
386,66960bda7cb21e19880af9f91ac3c7d3a52815ca80e8710a4b51d32dc0c4866a,proven_maximal,maximize_sum_testing_e_values_at_maximum_cardinality,proven_optimal,16183.638091113255,4.057938775426929,3988.142499614377,10,10,11,2;11;12;13;121;163;170;182;190;193,2;11;12;13;121;163;170;182;190;193,2;11;12;13;69;121;163;170;182;190;193,10,10,11,0,0,0,0.3333333333333333,0.3333333333333333,0.36666666666666664,0.0,0.0,0.0,0,1,3.7454507410002407,23,14,931,67,11,,original_uniform_floor_plus_prior_scores,maximum_cardinality_certified_superset_of_eBH_then_maximum_testing_evalue_sum,200,10,10,exact_dyadic_prefix_or_HiGHS_QUBO_MILP,300.0,1
387,672dade25e5b4aecb20047920b7e1c0c343097322f18c69078188ca15d027e8c,proven_maximal,maximize_sum_testing_e_values_at_maximum_cardinality,proven_optimal,26646.039702007143,1.8218653385086858,14625.69111931107,9,9,14,13;21;35;51;64;74;92;132;174,13;21;35;51;64;74;92;132;174,13;21;35;36;39;43;51;64;74;92;115;132;174;184,9,9,14,0,0,0,0.3,0.3,0.4666666666666667,0.0,0.0,0.0,0,5,5.126773878000677,13,11,969,57,14,,original_uniform_floor_plus_prior_scores,maximum_cardinality_certified_superset_of_eBH_then_maximum_testing_evalue_sum,200,9,9,exact_dyadic_prefix_or_HiGHS_QUBO_MILP,300.0,1
388,71433d15bb6392c665a76c6c17329d5b5c88986bd52a4c0a07211f479387dd52,proven_maximal,maximize_sum_testing_e_values_at_maximum_cardinality,proven_optimal,258071.55463280668,1.0363723067996518,249014.32905877163,9,9,11,2;17;30;47;95;101;110;125;168,2;17;30;47;95;101;110;125;168,2;17;30;47;65;95;101;104;110;125;168,9,9,11,0,0,0,0.3,0.3,0.36666666666666664,0.0,0.0,0.0,0,2,5.316273137003009,20,16,1332,50,11,,original_uniform_floor_plus_prior_scores,maximum_cardinality_certified_superset_of_eBH_then_maximum_testing_evalue_sum,200,9,9,exact_dyadic_prefix_or_HiGHS_QUBO_MILP,300.0,1
389,c12724ef56987bfe9a1e5e0404dfed51d8d8d8911bf0f3f13219161df5595ad9,proven_maximal,maximize_sum_testing_e_values_at_maximum_cardinality,proven_optimal,196238.9688436998,1.0765168084170578,182290.6686726568,5,5,9,7;50;56;88;166,7;50;56;88;166,7;25;43;50;56;73;88;166;168,5,5,9,0,0,0,0.16666666666666666,0.16666666666666666,0.3,0.0,0.0,0.0,0,4,2.670513593002397,14,9,828,48,9,,original_uniform_floor_plus_prior_scores,maximum_cardinality_certified_superset_of_eBH_then_maximum_testing_evalue_sum,200,5,5,exact_dyadic_prefix_or_HiGHS_QUBO_MILP,300.0,1
390,e9d14ef024e92b6e29f59dd8416b2b2ec95007a4627af22b2ae040d8c1bc967e,proven_maximal,maximize_sum_testing_e_values_at_maximum_cardinality,proven_optimal,38684.97131487826,1.8557594352587727,20845.89768473084,8,8,15,6;34;53;99;101;104;121;152,6;34;53;99;101;104;121;152,6;15;25;34;44;53;99;101;104;107;121;152;159;167;169,8,8,15,0,0,0,0.26666666666666666,0.26666666666666666,0.5,0.0,0.0,0.0,0,7,6.820875992001675,7,6,600,61,15,,original_uniform_floor_plus_prior_scores,maximum_cardinality_certified_superset_of_eBH_then_maximum_testing_evalue_sum,200,8,8,exact_dyadic_prefix_or_HiGHS_QUBO_MILP,300.0,1
391,c0ed6414c3f85905ab5bd77cb42678b19efdb60c5e43381ee028fa63e1011df2,proven_maximal,maximize_sum_testing_e_values_at_maximum_cardinality,proven_optimal,47715.360085825116,1.923747233775012,24803.341753059834,9,9,11,73;77;90;112;116;143;145;154;161,73;77;90;112;116;143;145;154;161,73;77;90;109;112;116;143;145;154;161;180,9,9,11,0,0,0,0.3,0.3,0.36666666666666664,0.0,0.0,0.0,0,2,5.466190285995253,28,20,1893,52,11,,original_uniform_floor_plus_prior_scores,maximum_cardinality_certified_superset_of_eBH_then_maximum_testing_evalue_sum,200,9,9,exact_dyadic_prefix_or_HiGHS_QUBO_MILP,300.0,1
392,e1694903196454d9c9f741a506db8e15f9f6e3ec30718ed2d6b6f48c734169fe,proven_maximal,maximize_sum_testing_e_values_at_maximum_cardinality,proven_optimal,20755.96539481494,1.5091683427479097,13753.24727327785,6,6,7,1;19;67;69;137;172,1;19;67;69;137;172,1;19;67;69;137;172;173,6,6,7,0,0,0,0.2,0.2,0.23333333333333334,0.0,0.0,0.0,0,1,1.482734896002512,11,8,659,56,7,,original_uniform_floor_plus_prior_scores,maximum_cardinality_certified_superset_of_eBH_then_maximum_testing_evalue_sum,200,6,6,exact_dyadic_prefix_or_HiGHS_QUBO_MILP,300.0,1
393,ee4f552b8fbdaeb1dc3aa2bcec857bcb6860a10302679817becf7422ecd2efee,proven_maximal,maximize_sum_testing_e_values_at_maximum_cardinality,proven_optimal,73709.57896384192,1.1325819056691275,65081.01409256969,9,9,9,67;73;75;128;133;156;172;176;184,67;73;75;128;133;156;172;176;184,67;73;75;128;133;156;172;176;184,9,9,9,0,0,0,0.3,0.3,0.3,0.0,0.0,0.0,0,0,0.8192181140038883,10,5,567,49,9,,original_uniform_floor_plus_prior_scores,maximum_cardinality_certified_superset_of_eBH_then_maximum_testing_evalue_sum,200,9,9,exact_dyadic_prefix_or_HiGHS_QUBO_MILP,300.0,1
394,5b1a8bd86772b87c0fec5dc48753fb227a5190a45062f2b238919fa495d64430,proven_maximal,maximize_sum_testing_e_values_at_maximum_cardinality,proven_optimal,12045.43377302177,2.4772802978035777,4862.362076548855,4,4,4,1;19;38;179,1;19;38;179,1;19;38;179,4,4,4,0,0,0,0.13333333333333333,0.13333333333333333,0.13333333333333333,0.0,0.0,0.0,0,0,1.9547127870027907,18,12,1040,60,4,,original_uniform_floor_plus_prior_scores,maximum_cardinality_certified_superset_of_eBH_then_maximum_testing_evalue_sum,200,4,4,exact_dyadic_prefix_or_HiGHS_QUBO_MILP,300.0,1
395,05db045ebc0bab3ab81690698de7ad075fc81a7d770aceb2f478e49d07953e0c,proven_maximal,maximize_sum_testing_e_values_at_maximum_cardinality,proven_optimal,44442.989144271,1.1848208715481945,37510.30236849032,5,5,7,10;52;54;97;103,10;52;54;97;103,10;15;52;54;97;103;192,5,5,7,0,0,0,0.16666666666666666,0.16666666666666666,0.23333333333333334,0.0,0.0,0.0,0,2,4.867815290002909,27,19,1744,53,7,,original_uniform_floor_plus_prior_scores,maximum_cardinality_certified_superset_of_eBH_then_maximum_testing_evalue_sum,200,5,5,exact_dyadic_prefix_or_HiGHS_QUBO_MILP,300.0,1
396,8dde813a4ab01daef03781bfc708400ebdcdb9cfb21d1b81bf624e1f62180073,proven_maximal,maximize_sum_testing_e_values_at_maximum_cardinality,proven_optimal,130782.54002438893,1.449723102324996,90212.08244156846,3,3,3,62;75;82,62;75;82,62;75;82,3,3,3,0,0,0,0.1,0.1,0.1,0.0,0.0,0.0,0,0,1.5838533389978693,12,9,869,43,3,,original_uniform_floor_plus_prior_scores,maximum_cardinality_certified_superset_of_eBH_then_maximum_testing_evalue_sum,200,3,3,exact_dyadic_prefix_or_HiGHS_QUBO_MILP,300.0,1
397,2c25fbb6cf6b64379bec027dd1cbf9026df0c573af603a5d072e7b3434424457,proven_maximal,maximize_sum_testing_e_values_at_maximum_cardinality,proven_optimal,0.0,0.0,1548.362634388542,0,0,0,,,,0,0,0,0,0,0,0.0,0.0,0.0,0.0,0.0,0.0,0,0,2.186251743005414,16,8,807,49,0,,original_uniform_floor_plus_prior_scores,maximum_cardinality_certified_superset_of_eBH_then_maximum_testing_evalue_sum,200,0,0,exact_dyadic_prefix_or_HiGHS_QUBO_MILP,300.0,1
398,d177a3810575e710eb17f81c5f794a7760f2e394e898e6bc515ce96a041775c8,proven_maximal,maximize_sum_testing_e_values_at_maximum_cardinality,proven_optimal,14519.700029476506,4.039575059421262,3594.3632228377755,8,8,12,31;44;120;125;136;155;159;173,31;44;120;125;136;155;159;173,31;33;35;44;60;84;120;125;136;155;159;173,8,8,12,0,0,0,0.26666666666666666,0.26666666666666666,0.4,0.0,0.0,0.0,0,4,2.811702471000899,15,10,904,50,12,,original_uniform_floor_plus_prior_scores,maximum_cardinality_certified_superset_of_eBH_then_maximum_testing_evalue_sum,200,8,8,exact_dyadic_prefix_or_HiGHS_QUBO_MILP,300.0,1
399,c9fc9d38c8f65fb12a2c5aa70e47416a7decaa2f2889cccb99001c2d01a35585,proven_maximal,maximize_sum_testing_e_values_at_maximum_cardinality,proven_optimal,70442.16316057957,1.1810127958926984,59645.55456601474,7,7,16,26;54;121;131;132;190;198,26;54;121;131;132;190;198,6;9;24;26;48;54;62;84;93;102;121;130;131;132;190;198,7,7,16,0,0,0,0.23333333333333334,0.23333333333333334,0.5333333333333333,0.0,0.0,0.0,0,9,11.441317900003924,11,10,747,46,16,,original_uniform_floor_plus_prior_scores,maximum_cardinality_certified_superset_of_eBH_then_maximum_testing_evalue_sum,200,7,7,exact_dyadic_prefix_or_HiGHS_QUBO_MILP,300.0,1
400,807f094da79e9ae8f46cfa9ee89123cfc40ecf3beb3848bd1e9b08dae6dfc519,proven_maximal,maximize_sum_testing_e_values_at_maximum_cardinality,proven_optimal,428348.27545209037,1.068556944547892,400866.1191503698,10,10,12,8;11;42;44;81;88;97;112;117;197,8;11;42;44;81;88;97;112;117;197,8;11;42;44;57;70;81;88;97;112;117;197,10,10,12,0,0,0,0.3333333333333333,0.3333333333333333,0.4,0.0,0.0,0.0,0,2,4.098747595999157,13,11,657,51,12,,original_uniform_floor_plus_prior_scores,maximum_cardinality_certified_superset_of_eBH_then_maximum_testing_evalue_sum,200,10,10,exact_dyadic_prefix_or_HiGHS_QUBO_MILP,300.0,1
401,f9a77fab9768d34e795676efc6ee20f10cf07717e70458738402c5644a105236,proven_maximal,maximize_sum_testing_e_values_at_maximum_cardinality,proven_optimal,2450940.124094481,1.0365259099110304,2364571.9809405017,3,3,11,43;84;175,43;84;175,43;64;74;80;84;123;143;170;175;187;197,3,3,10,0,0,1,0.1,0.1,0.3333333333333333,0.0,0.0,0.09090909090909091,0,8,0.8533080739944126,7,7,603,52,11,,original_uniform_floor_plus_prior_scores,maximum_cardinality_certified_superset_of_eBH_then_maximum_testing_evalue_sum,200,3,3,exact_dyadic_prefix_or_HiGHS_QUBO_MILP,300.0,1
402,54eaddf695fd93bfa2c8abf8c6fecd31389541b7ce3c54408e0ad82742046ea5,proven_maximal,maximize_sum_testing_e_values_at_maximum_cardinality,proven_optimal,50013.40592155335,1.4467917583424963,34568.48964833111,5,5,5,22;99;105;134;172,22;99;105;134;172,22;99;105;134;172,5,5,5,0,0,0,0.16666666666666666,0.16666666666666666,0.16666666666666666,0.0,0.0,0.0,0,0,1.4878837319993181,18,9,873,63,5,,original_uniform_floor_plus_prior_scores,maximum_cardinality_certified_superset_of_eBH_then_maximum_testing_evalue_sum,200,5,5,exact_dyadic_prefix_or_HiGHS_QUBO_MILP,300.0,1
403,9f200f9cb6ab1a76930bf0c76b21e319819650fb472d3330e5709e218f5bb154,proven_maximal,maximize_sum_testing_e_values_at_maximum_cardinality,proven_optimal,7181.250681970626,2.1402982348272186,3355.2570221833366,0,0,6,,,19;90;97;102;155;172,0,0,6,0,0,0,0.0,0.0,0.2,0.0,0.0,0.0,0,6,2.207116744000814,18,15,1192,56,6,,original_uniform_floor_plus_prior_scores,maximum_cardinality_certified_superset_of_eBH_then_maximum_testing_evalue_sum,200,0,0,exact_dyadic_prefix_or_HiGHS_QUBO_MILP,300.0,1
404,0c2a140e212127783f489d9aa11068fa69aed57f0d8cdaf2a3fb7da6e4d73596,proven_maximal,maximize_sum_testing_e_values_at_maximum_cardinality,proven_optimal,68197.21656007363,1.245420168057418,54758.400666054986,7,7,13,28;39;51;68;94;130;184,28;39;51;68;94;130;184,4;28;39;47;51;56;68;79;88;94;130;137;184,7,7,13,0,0,0,0.23333333333333334,0.23333333333333334,0.43333333333333335,0.0,0.0,0.0,0,6,2.5394461149990093,12,9,609,52,13,,original_uniform_floor_plus_prior_scores,maximum_cardinality_certified_superset_of_eBH_then_maximum_testing_evalue_sum,200,7,7,exact_dyadic_prefix_or_HiGHS_QUBO_MILP,300.0,1
405,24fe36ae9ec22c465840c5ec5bb2ad9e5af3208786527f5a2de9e96153b39389,proven_maximal,maximize_sum_testing_e_values_at_maximum_cardinality,proven_optimal,23980.86171648833,1.8353563547707072,13066.05207983399,6,6,6,16;47;115;142;180;187,16;47;115;142;180;187,16;47;115;142;180;187,6,6,6,0,0,0,0.2,0.2,0.2,0.0,0.0,0.0,0,0,1.2021678989985958,10,9,752,60,6,,original_uniform_floor_plus_prior_scores,maximum_cardinality_certified_superset_of_eBH_then_maximum_testing_evalue_sum,200,6,6,exact_dyadic_prefix_or_HiGHS_QUBO_MILP,300.0,1
406,e156cecb4dbfe3b0a71fe6f25a9a7a017f93dd83dcedede65133961256731188,proven_maximal,maximize_sum_testing_e_values_at_maximum_cardinality,proven_optimal,31008.50129269024,2.2266325643906124,13926.18691947348,7,7,7,44;109;126;162;176;191;198,44;109;126;162;176;191;198,44;109;126;162;176;191;198,7,7,7,0,0,0,0.23333333333333334,0.23333333333333334,0.23333333333333334,0.0,0.0,0.0,0,0,2.066692353997496,20,11,773,65,7,,original_uniform_floor_plus_prior_scores,maximum_cardinality_certified_superset_of_eBH_then_maximum_testing_evalue_sum,200,7,7,exact_dyadic_prefix_or_HiGHS_QUBO_MILP,300.0,1
407,e490f141b21645b7f4aa72060d9be084bdc8bd0e98fd767e23493fdd4bc621b2,proven_maximal,maximize_sum_testing_e_values_at_maximum_cardinality,proven_optimal,31071.963183343145,1.6579043356496375,18741.710553020435,3,3,10,11;34;146,11;34;146,4;11;17;23;34;108;146;175;180;186,3,3,10,0,0,0,0.1,0.1,0.3333333333333333,0.0,0.0,0.0,0,7,2.095093566997093,15,12,790,51,10,,original_uniform_floor_plus_prior_scores,maximum_cardinality_certified_superset_of_eBH_then_maximum_testing_evalue_sum,200,3,3,exact_dyadic_prefix_or_HiGHS_QUBO_MILP,300.0,1
408,6787b261d236711148a17defad18ee28498c7cc554ba6105167db71279710e22,proven_maximal,maximize_sum_testing_e_values_at_maximum_cardinality,proven_optimal,81438.60505556797,1.2623174530362458,64515.15413946318,6,6,9,2;29;84;97;112;153,2;29;84;97;112;153,2;11;29;73;84;97;112;121;153,6,6,9,0,0,0,0.2,0.2,0.3,0.0,0.0,0.0,0,3,1.919507917998999,15,8,668,53,9,,original_uniform_floor_plus_prior_scores,maximum_cardinality_certified_superset_of_eBH_then_maximum_testing_evalue_sum,200,6,6,exact_dyadic_prefix_or_HiGHS_QUBO_MILP,300.0,1
409,5cde7131b340d00991f2a9be774fe42f404ccb75a383e0327239a139eeebbbcf,proven_maximal,maximize_sum_testing_e_values_at_maximum_cardinality,proven_optimal,31953.431948983765,1.424278446033292,22434.82097055962,4,4,9,63;146;163;197,63;146;163;197,29;59;63;145;146;156;163;192;197,4,4,9,0,0,0,0.13333333333333333,0.13333333333333333,0.3,0.0,0.0,0.0,0,5,1.7350702149997232,15,10,799,53,9,,original_uniform_floor_plus_prior_scores,maximum_cardinality_certified_superset_of_eBH_then_maximum_testing_evalue_sum,200,4,4,exact_dyadic_prefix_or_HiGHS_QUBO_MILP,300.0,1
410,3d1e7883514280a785a906d13377ca14649c199d00a33f1210c5379d746ada8e,proven_maximal,maximize_sum_testing_e_values_at_maximum_cardinality,proven_optimal,17810.859268246615,1.876681639455699,9490.613055399404,8,8,10,47;52;119;133;136;139;145;158,47;52;119;133;136;139;145;158,47;52;54;82;119;133;136;139;145;158,8,8,10,0,0,0,0.26666666666666666,0.26666666666666666,0.3333333333333333,0.0,0.0,0.0,0,2,1.4928334029973485,11,7,605,47,10,,original_uniform_floor_plus_prior_scores,maximum_cardinality_certified_superset_of_eBH_then_maximum_testing_evalue_sum,200,8,8,exact_dyadic_prefix_or_HiGHS_QUBO_MILP,300.0,1
411,72473305303f7ff08ce5994a607d7ee1c05742eccc6f3c7a89fd18531cac0b5a,proven_maximal,maximize_sum_testing_e_values_at_maximum_cardinality,proven_optimal,24189.55415011528,1.8157687940012524,13321.935165991512,4,4,14,35;50;141;144,35;50;141;144,3;9;21;35;39;50;112;120;124;139;141;144;176;177,4,4,14,0,0,0,0.13333333333333333,0.13333333333333333,0.4666666666666667,0.0,0.0,0.0,0,10,14.971304021004471,12,12,662,54,14,,original_uniform_floor_plus_prior_scores,maximum_cardinality_certified_superset_of_eBH_then_maximum_testing_evalue_sum,200,4,4,exact_dyadic_prefix_or_HiGHS_QUBO_MILP,300.0,1
412,65e5d3c26136586d078e66ccda667b251d1ab66111bf32a070bab36f25f564f8,proven_maximal,maximize_sum_testing_e_values_at_maximum_cardinality,proven_optimal,50211.63578240704,1.5040198701853138,33384.9550646032,7,7,7,8;69;82;87;99;151;164,8;69;82;87;99;151;164,8;69;82;87;99;151;164,7,7,7,0,0,0,0.23333333333333334,0.23333333333333334,0.23333333333333334,0.0,0.0,0.0,0,0,1.275174087000778,13,8,733,55,7,,original_uniform_floor_plus_prior_scores,maximum_cardinality_certified_superset_of_eBH_then_maximum_testing_evalue_sum,200,7,7,exact_dyadic_prefix_or_HiGHS_QUBO_MILP,300.0,1
413,608a225ad5e118ee1ef217efae3ba7cce4ed8e8cc4ceebb5d73a9429fde26dab,proven_maximal,maximize_sum_testing_e_values_at_maximum_cardinality,proven_optimal,23150.651458114302,2.329042761399276,9939.98557768236,8,8,13,18;49;51;54;67;70;86;189,18;49;51;54;67;70;86;189,18;45;49;51;54;67;70;86;87;96;148;163;189,8,8,13,0,0,0,0.26666666666666666,0.26666666666666666,0.43333333333333335,0.0,0.0,0.0,0,5,4.658906087002833,13,11,836,47,13,,original_uniform_floor_plus_prior_scores,maximum_cardinality_certified_superset_of_eBH_then_maximum_testing_evalue_sum,200,8,8,exact_dyadic_prefix_or_HiGHS_QUBO_MILP,300.0,1
414,a43251151079d8b097c993ad078d54b8b4fd7a2a7f33d756c9abda59bf89a665,proven_maximal,maximize_sum_testing_e_values_at_maximum_cardinality,proven_optimal,54210.57794431755,1.836473905639625,29518.83921565254,11,11,12,23;36;48;70;80;107;125;127;141;148;155,23;36;48;70;80;107;125;127;141;148;155,23;36;48;70;80;102;107;125;127;141;148;155,11,11,12,0,0,0,0.36666666666666664,0.36666666666666664,0.4,0.0,0.0,0.0,0,1,2.065375676000258,15,8,703,50,12,,original_uniform_floor_plus_prior_scores,maximum_cardinality_certified_superset_of_eBH_then_maximum_testing_evalue_sum,200,11,11,exact_dyadic_prefix_or_HiGHS_QUBO_MILP,300.0,1
415,e91369522a058c48409452de3c586d924c5d0a39467b8d0715144bd776baaa54,proven_maximal,maximize_sum_testing_e_values_at_maximum_cardinality,proven_optimal,10695.715758767385,1.6535287865621502,6468.418237220311,1,1,7,71,71,71;86;91;171;175;187;188,1,1,7,0,0,0,0.03333333333333333,0.03333333333333333,0.23333333333333334,0.0,0.0,0.0,0,6,2.486109921002935,17,14,1207,51,7,,original_uniform_floor_plus_prior_scores,maximum_cardinality_certified_superset_of_eBH_then_maximum_testing_evalue_sum,200,1,1,exact_dyadic_prefix_or_HiGHS_QUBO_MILP,300.0,1
416,8b7651c626eae2bdee240e7ee0ad9ed25e33616a77b31926144e5e0b287605ba,proven_maximal,maximize_sum_testing_e_values_at_maximum_cardinality,proven_optimal,0.0,0.0,3193.096600505052,0,0,0,,,,0,0,0,0,0,0,0.0,0.0,0.0,0.0,0.0,0.0,0,0,1.1505007180021494,15,9,865,54,0,,original_uniform_floor_plus_prior_scores,maximum_cardinality_certified_superset_of_eBH_then_maximum_testing_evalue_sum,200,0,0,exact_dyadic_prefix_or_HiGHS_QUBO_MILP,300.0,1
417,23004b68469aa4720d84bce7b81f673eab6d1f6552d52c61360ce6bba3d190bc,proven_maximal,maximize_sum_testing_e_values_at_maximum_cardinality,proven_optimal,17302.26484755672,1.3436136183572207,12877.411043742964,4,4,4,50;55;72;79,50;55;72;79,50;55;72;79,4,4,4,0,0,0,0.13333333333333333,0.13333333333333333,0.13333333333333333,0.0,0.0,0.0,0,0,1.2732952009973815,11,4,449,39,4,,original_uniform_floor_plus_prior_scores,maximum_cardinality_certified_superset_of_eBH_then_maximum_testing_evalue_sum,200,4,4,exact_dyadic_prefix_or_HiGHS_QUBO_MILP,300.0,1
418,b1a2546ef9bb1ecacd0f74da7cb53a464977adcada218c6da16fd071384a2084,proven_maximal,maximize_sum_testing_e_values_at_maximum_cardinality,proven_optimal,15118.59428597858,3.8861643802177066,3890.3640728474847,9,9,9,3;10;17;33;35;57;147;188;192,3;10;17;33;35;57;147;188;192,3;10;17;33;35;57;147;188;192,9,9,9,0,0,0,0.3,0.3,0.3,0.0,0.0,0.0,0,0,0.9015272200049367,11,7,711,64,9,,original_uniform_floor_plus_prior_scores,maximum_cardinality_certified_superset_of_eBH_then_maximum_testing_evalue_sum,200,9,9,exact_dyadic_prefix_or_HiGHS_QUBO_MILP,300.0,1
419,7ad22868601033f648b23ae2dc0ee1d0f8c4ebaa9f2427f1669df77464270a3c,proven_maximal,maximize_sum_testing_e_values_at_maximum_cardinality,proven_optimal,14401.001283910573,3.107301093293394,4634.568988178456,8,8,8,34;53;84;126;139;144;147;191,34;53;84;126;139;144;147;191,34;53;84;126;139;144;147;191,8,8,8,0,0,0,0.26666666666666666,0.26666666666666666,0.26666666666666666,0.0,0.0,0.0,0,0,1.3793356949972804,13,6,512,46,8,,original_uniform_floor_plus_prior_scores,maximum_cardinality_certified_superset_of_eBH_then_maximum_testing_evalue_sum,200,8,8,exact_dyadic_prefix_or_HiGHS_QUBO_MILP,300.0,1
420,1fa0b7ce21cd72d15668c59f900384c8e5dbcd9f4124f68be991da9341d26415,proven_maximal,maximize_sum_testing_e_values_at_maximum_cardinality,proven_optimal,54425.79595867518,1.5678692227508169,34713.22427210189,4,4,6,15;49;89;110,15;49;89;110,15;26;49;89;110;167,4,4,6,0,0,0,0.13333333333333333,0.13333333333333333,0.2,0.0,0.0,0.0,0,2,1.2841649330002838,14,11,673,54,6,,original_uniform_floor_plus_prior_scores,maximum_cardinality_certified_superset_of_eBH_then_maximum_testing_evalue_sum,200,4,4,exact_dyadic_prefix_or_HiGHS_QUBO_MILP,300.0,1
421,5351ef670f884bcfd5a38ee16eeb37d248d463fbe64b0184cdba07ac6d02c7c8,proven_maximal,maximize_sum_testing_e_values_at_maximum_cardinality,proven_optimal,63531.53053606531,1.2196487695717577,52090.02142344017,2,2,6,71;105,71;105,52;71;85;105;117;138,2,2,6,0,0,0,0.06666666666666667,0.06666666666666667,0.2,0.0,0.0,0.0,0,4,0.9980241500015836,9,8,687,46,6,,original_uniform_floor_plus_prior_scores,maximum_cardinality_certified_superset_of_eBH_then_maximum_testing_evalue_sum,200,2,2,exact_dyadic_prefix_or_HiGHS_QUBO_MILP,300.0,1
422,bcf93698ca5eb2c5f0be6515aa8eb173d4a16f61ef215ccd5bd551c8c4d63f26,proven_maximal,maximize_sum_testing_e_values_at_maximum_cardinality,proven_optimal,45268.26761815587,2.9019274734046214,15599.379389398002,6,6,14,57;62;79;121;126;184,57;62;79;121;126;184,16;28;31;57;62;68;79;121;126;167;168;181;184;197,6,6,14,0,0,0,0.2,0.2,0.4666666666666667,0.0,0.0,0.0,0,8,4.31833876100427,17,15,1142,58,14,,original_uniform_floor_plus_prior_scores,maximum_cardinality_certified_superset_of_eBH_then_maximum_testing_evalue_sum,200,6,6,exact_dyadic_prefix_or_HiGHS_QUBO_MILP,300.0,1
423,4335d83edc22a5885f1ffbe046677ff4c48f6d31df9364ccce8756f8dc96b02b,proven_maximal,maximize_sum_testing_e_values_at_maximum_cardinality,proven_optimal,255704.5387348288,1.111977201765173,229954.83929789093,5,5,6,1;8;101;112;127,1;8;101;112;127,1;8;101;112;127;132,5,5,6,0,0,0,0.16666666666666666,0.16666666666666666,0.2,0.0,0.0,0.0,0,1,2.087378018994059,19,13,1101,52,6,,original_uniform_floor_plus_prior_scores,maximum_cardinality_certified_superset_of_eBH_then_maximum_testing_evalue_sum,200,5,5,exact_dyadic_prefix_or_HiGHS_QUBO_MILP,300.0,1
424,391ef74e82e8e8e739a38dd9b0878324e71153917f8871dfd73a9e8cd41cfd2c,proven_maximal,maximize_sum_testing_e_values_at_maximum_cardinality,proven_optimal,25928.89814962988,2.2203199393862088,11678.00085459654,7,7,11,2;35;61;88;100;125;138,2;35;61;88;100;125;138,2;6;18;25;35;61;88;100;125;130;138,7,7,11,0,0,0,0.23333333333333334,0.23333333333333334,0.36666666666666664,0.0,0.0,0.0,0,4,1.736220521001087,12,10,972,45,11,,original_uniform_floor_plus_prior_scores,maximum_cardinality_certified_superset_of_eBH_then_maximum_testing_evalue_sum,200,7,7,exact_dyadic_prefix_or_HiGHS_QUBO_MILP,300.0,1
425,016bbae89f4f780a8d6cd4962433ffe7641909b71f8f3df10f8f7835581cd71a,proven_maximal,maximize_sum_testing_e_values_at_maximum_cardinality,proven_optimal,39820.688697348,1.156140223380797,34442.78461388009,3,3,3,39;127;158,39;127;158,39;127;158,3,3,3,0,0,0,0.1,0.1,0.1,0.0,0.0,0.0,0,0,1.8843439359989134,18,8,856,54,3,,original_uniform_floor_plus_prior_scores,maximum_cardinality_certified_superset_of_eBH_then_maximum_testing_evalue_sum,200,3,3,exact_dyadic_prefix_or_HiGHS_QUBO_MILP,300.0,1
426,471c2e31a6d4673df4da3f1ffbf4961f6a2c7b5414d9ebeaf29315a8df699b07,proven_maximal,maximize_sum_testing_e_values_at_maximum_cardinality,proven_optimal,14783.753084196349,1.7080185350733161,8655.499211875802,2,2,2,40;199,40;199,40;199,2,2,2,0,0,0,0.06666666666666667,0.06666666666666667,0.06666666666666667,0.0,0.0,0.0,0,0,0.9382263959996635,11,6,583,50,2,,original_uniform_floor_plus_prior_scores,maximum_cardinality_certified_superset_of_eBH_then_maximum_testing_evalue_sum,200,2,2,exact_dyadic_prefix_or_HiGHS_QUBO_MILP,300.0,1
427,37d0a3a0e2a00e6bd73d6d4d239261ae338be36beb3dc2e2bc4b1c52c78bd034,proven_maximal,maximize_sum_testing_e_values_at_maximum_cardinality,proven_optimal,139901.21436011023,1.187851392809894,117776.6976634764,6,6,8,11;56;58;84;123;146,11;56;58;84;123;146,5;11;56;58;79;84;123;146,6,6,8,0,0,0,0.2,0.2,0.26666666666666666,0.0,0.0,0.0,0,2,1.3291296719980892,13,7,581,51,8,,original_uniform_floor_plus_prior_scores,maximum_cardinality_certified_superset_of_eBH_then_maximum_testing_evalue_sum,200,6,6,exact_dyadic_prefix_or_HiGHS_QUBO_MILP,300.0,1
428,bcb4da5fe4cb20090216030def4fcade6c4b225c34b78eeea24121c8196f8af2,proven_maximal,maximize_sum_testing_e_values_at_maximum_cardinality,proven_optimal,699124.1835154074,1.0586337822295706,660402.2989357036,9,9,11,16;18;81;102;105;125;140;148;155,16;18;81;102;105;125;140;148;155,16;18;24;81;102;105;125;140;148;155;185,9,9,11,0,0,0,0.3,0.3,0.36666666666666664,0.0,0.0,0.0,0,2,1.7703918519982835,16,8,639,54,11,,original_uniform_floor_plus_prior_scores,maximum_cardinality_certified_superset_of_eBH_then_maximum_testing_evalue_sum,200,9,9,exact_dyadic_prefix_or_HiGHS_QUBO_MILP,300.0,1
429,cca55a3587ec110bf1a70c47a02a29e16c8bc206c6b21aec68b3842ee887e092,proven_maximal,maximize_sum_testing_e_values_at_maximum_cardinality,proven_optimal,24984.69253725453,2.602319214899263,9600.933042421431,9,9,9,1;64;79;84;109;134;155;197;198,1;64;79;84;109;134;155;197;198,1;64;79;84;109;134;155;197;198,9,9,9,0,0,0,0.3,0.3,0.3,0.0,0.0,0.0,0,0,2.3459853259992087,22,12,1046,56,9,,original_uniform_floor_plus_prior_scores,maximum_cardinality_certified_superset_of_eBH_then_maximum_testing_evalue_sum,200,9,9,exact_dyadic_prefix_or_HiGHS_QUBO_MILP,300.0,1
430,f09b171e7e27cd0d19a69cdff361eba5380593b92580b9330dfd0b62ec40bc31,proven_maximal,maximize_sum_testing_e_values_at_maximum_cardinality,proven_optimal,63146.386966893355,2.370831582970722,26634.69957987023,6,6,14,28;77;121;134;150;169,28;77;121;134;150;169,10;28;37;42;73;77;89;98;121;134;150;168;169;174,6,6,14,0,0,0,0.2,0.2,0.4666666666666667,0.0,0.0,0.0,0,8,5.8968797420020564,19,17,1534,49,14,,original_uniform_floor_plus_prior_scores,maximum_cardinality_certified_superset_of_eBH_then_maximum_testing_evalue_sum,200,6,6,exact_dyadic_prefix_or_HiGHS_QUBO_MILP,300.0,1
431,72698cc54f15fa6ed98e6760c0d78081dcfa584e4809a855eae102fa1acfb660,proven_maximal,maximize_sum_testing_e_values_at_maximum_cardinality,proven_optimal,52316.363097684974,1.5597601565843149,33541.287022135155,6,6,11,31;64;89;110;113;151,31;64;89;110;113;151,7;8;31;64;89;96;110;113;150;151;191,6,6,11,0,0,0,0.2,0.2,0.36666666666666664,0.0,0.0,0.0,0,5,1.5159687460036366,14,9,689,51,11,,original_uniform_floor_plus_prior_scores,maximum_cardinality_certified_superset_of_eBH_then_maximum_testing_evalue_sum,200,6,6,exact_dyadic_prefix_or_HiGHS_QUBO_MILP,300.0,1
432,0fb7bc3e76ba7fb4341b881f44e549ea16a9c33149ca2583d59cd7cd558de05a,proven_maximal,maximize_sum_testing_e_values_at_maximum_cardinality,proven_optimal,20815.345281631868,1.338767623406325,15548.139137597198,1,1,7,20,20,20;34;41;102;131;149;168,1,1,7,0,0,0,0.03333333333333333,0.03333333333333333,0.23333333333333334,0.0,0.0,0.0,0,6,0.8556895209985669,11,9,709,61,7,,original_uniform_floor_plus_prior_scores,maximum_cardinality_certified_superset_of_eBH_then_maximum_testing_evalue_sum,200,1,1,exact_dyadic_prefix_or_HiGHS_QUBO_MILP,300.0,1
433,d508de4fb367c89093f76324e39f107e763c58d822b506ff2a2d230d8e221ff5,proven_maximal,maximize_sum_testing_e_values_at_maximum_cardinality,proven_optimal,25451.446212685405,4.841559739218172,5256.869187530747,9,9,9,14;69;73;86;97;131;171;182;193,14;69;73;86;97;131;171;182;193,14;69;73;86;97;131;171;182;193,9,9,9,0,0,0,0.3,0.3,0.3,0.0,0.0,0.0,0,0,1.2250975470014964,14,6,564,53,9,,original_uniform_floor_plus_prior_scores,maximum_cardinality_certified_superset_of_eBH_then_maximum_testing_evalue_sum,200,9,9,exact_dyadic_prefix_or_HiGHS_QUBO_MILP,300.0,1
434,35cfafcbc70027cff1cbecb18d4c3533c66b7311462f7a3354daf72145201871,proven_maximal,maximize_sum_testing_e_values_at_maximum_cardinality,proven_optimal,92677.45479611495,1.744033039153789,53139.73572489336,6,6,10,40;55;72;79;97;167,40;55;72;79;97;167,40;55;62;72;79;97;122;127;167;176,6,6,10,0,0,0,0.2,0.2,0.3333333333333333,0.0,0.0,0.0,0,4,1.5680925130000105,16,11,831,67,10,,original_uniform_floor_plus_prior_scores,maximum_cardinality_certified_superset_of_eBH_then_maximum_testing_evalue_sum,200,6,6,exact_dyadic_prefix_or_HiGHS_QUBO_MILP,300.0,1
435,ba60afd0def18a5dc3f8f47b3603e45a41875939e4f990fbb04ccc2cca9a3e6b,proven_maximal,maximize_sum_testing_e_values_at_maximum_cardinality,proven_optimal,86104.78988608999,1.1672143863663236,73769.47276510563,6,6,6,20;35;84;95;160;181,20;35;84;95;160;181,20;35;84;95;160;181,6,6,6,0,0,0,0.2,0.2,0.2,0.0,0.0,0.0,0,0,1.3479888520014356,16,6,639,56,6,,original_uniform_floor_plus_prior_scores,maximum_cardinality_certified_superset_of_eBH_then_maximum_testing_evalue_sum,200,6,6,exact_dyadic_prefix_or_HiGHS_QUBO_MILP,300.0,1
436,196fad5a445c6649042e5b2c8f89859ad60696ceec14b4d1dd84df877f068ca9,proven_maximal,maximize_sum_testing_e_values_at_maximum_cardinality,proven_optimal,67114.73222435011,1.7433638087838745,38497.261378373805,5,5,5,33;54;56;164;193,33;54;56;164;193,33;54;56;164;193,5,5,5,0,0,0,0.16666666666666666,0.16666666666666666,0.16666666666666666,0.0,0.0,0.0,0,0,1.0912640919996193,14,7,544,47,5,,original_uniform_floor_plus_prior_scores,maximum_cardinality_certified_superset_of_eBH_then_maximum_testing_evalue_sum,200,5,5,exact_dyadic_prefix_or_HiGHS_QUBO_MILP,300.0,1
437,ea57a3db812988a9cc4273e95014e07852f59920bf61021c574105575e6be303,proven_maximal,maximize_sum_testing_e_values_at_maximum_cardinality,proven_optimal,7423.426325788531,3.040378039911244,2441.6129271888963,4,4,4,22;55;130;194,22;55;130;194,22;55;130;194,4,4,4,0,0,0,0.13333333333333333,0.13333333333333333,0.13333333333333333,0.0,0.0,0.0,0,0,1.0389787310050451,14,12,859,58,4,,original_uniform_floor_plus_prior_scores,maximum_cardinality_certified_superset_of_eBH_then_maximum_testing_evalue_sum,200,4,4,exact_dyadic_prefix_or_HiGHS_QUBO_MILP,300.0,1
438,d4817b74b5270d694f7a297e462001293be8e2efa504cc61ddadadea6399b4c7,proven_maximal,maximize_sum_testing_e_values_at_maximum_cardinality,proven_optimal,12080.020742536177,3.2094389182991416,3763.904236862076,7,7,8,14;65;95;113;116;172;194,14;65;95;113;116;172;194,14;65;95;112;113;116;172;194,7,7,8,0,0,0,0.23333333333333334,0.23333333333333334,0.26666666666666666,0.0,0.0,0.0,0,1,1.871415640001942,16,9,796,54,8,,original_uniform_floor_plus_prior_scores,maximum_cardinality_certified_superset_of_eBH_then_maximum_testing_evalue_sum,200,7,7,exact_dyadic_prefix_or_HiGHS_QUBO_MILP,300.0,1
439,fdf5bb4077a3089828fe0f9a6add23d316ec9c864fe379aa7c8f906e9b53d764,proven_maximal,maximize_sum_testing_e_values_at_maximum_cardinality,proven_optimal,14297.065812798583,2.8179717168576035,5073.530627461949,7,7,7,0;17;33;65;160;171;199,0;17;33;65;160;171;199,0;17;33;65;160;171;199,7,7,7,0,0,0,0.23333333333333334,0.23333333333333334,0.23333333333333334,0.0,0.0,0.0,0,0,1.084681835003721,13,7,735,61,7,,original_uniform_floor_plus_prior_scores,maximum_cardinality_certified_superset_of_eBH_then_maximum_testing_evalue_sum,200,7,7,exact_dyadic_prefix_or_HiGHS_QUBO_MILP,300.0,1
440,0b41d3b913a3b0aaa01ae359482a7e41f3073af246c24deb1a64febe086d63cd,proven_maximal,maximize_sum_testing_e_values_at_maximum_cardinality,proven_optimal,14141.090844981014,2.859721191449714,4944.9194163618085,8,8,10,2;24;29;80;111;126;137;195,2;24;29;80;111;126;137;195,2;22;24;29;58;80;111;126;137;195,8,8,10,0,0,0,0.26666666666666666,0.26666666666666666,0.3333333333333333,0.0,0.0,0.0,0,2,1.9054973590027657,15,11,756,61,10,,original_uniform_floor_plus_prior_scores,maximum_cardinality_certified_superset_of_eBH_then_maximum_testing_evalue_sum,200,8,8,exact_dyadic_prefix_or_HiGHS_QUBO_MILP,300.0,1
441,89c19d6ff874b6aab3118393daab1debe02741dcca7e4ed9e664d96abca9b8ce,proven_maximal,maximize_sum_testing_e_values_at_maximum_cardinality,proven_optimal,9902.20287053114,1.817865572811417,5447.159030145945,3,3,5,21;72;75,21;72;75,21;72;75;175;177,3,3,5,0,0,0,0.1,0.1,0.16666666666666666,0.0,0.0,0.0,0,2,1.7866151280031772,14,11,654,48,5,,original_uniform_floor_plus_prior_scores,maximum_cardinality_certified_superset_of_eBH_then_maximum_testing_evalue_sum,200,3,3,exact_dyadic_prefix_or_HiGHS_QUBO_MILP,300.0,1
442,628c9be78fea123fe32236d3274c97192bc5020f8296ef57baf235b07a207154,proven_maximal,maximize_sum_testing_e_values_at_maximum_cardinality,proven_optimal,32702.534308344188,2.123893313402846,15397.446802988914,4,4,8,46;124;126;156,46;124;126;156,30;46;90;124;126;148;156;161,4,4,8,0,0,0,0.13333333333333333,0.13333333333333333,0.26666666666666666,0.0,0.0,0.0,0,4,2.5672156369982986,16,10,858,50,8,,original_uniform_floor_plus_prior_scores,maximum_cardinality_certified_superset_of_eBH_then_maximum_testing_evalue_sum,200,4,4,exact_dyadic_prefix_or_HiGHS_QUBO_MILP,300.0,1
443,69e0846d2dd74e9ab561780b896e10fe085cdbd88c859d4c9fef123547069224,proven_maximal,maximize_sum_testing_e_values_at_maximum_cardinality,proven_optimal,28471.159573334597,3.0807734604251342,9241.562204773632,7,7,10,38;90;97;123;134;170;199,38;90;97;123;134;170;199,1;10;38;76;90;97;123;134;170;199,7,7,10,0,0,0,0.23333333333333334,0.23333333333333334,0.3333333333333333,0.0,0.0,0.0,0,3,2.4161823179965722,16,9,556,53,10,,original_uniform_floor_plus_prior_scores,maximum_cardinality_certified_superset_of_eBH_then_maximum_testing_evalue_sum,200,7,7,exact_dyadic_prefix_or_HiGHS_QUBO_MILP,300.0,1
444,dc65a00f10f8c06bdd8866957fd4230ddd5cb6c4938d973be658a8fb5fd38b3e,proven_maximal,maximize_sum_testing_e_values_at_maximum_cardinality,proven_optimal,14992.867565622277,1.6895866907042696,8873.689434291653,3,3,7,85;110;145,85;110;145,65;85;110;142;145;146;176,3,3,7,0,0,0,0.1,0.1,0.23333333333333334,0.0,0.0,0.0,0,4,1.8659273399971426,12,9,658,52,7,,original_uniform_floor_plus_prior_scores,maximum_cardinality_certified_superset_of_eBH_then_maximum_testing_evalue_sum,200,3,3,exact_dyadic_prefix_or_HiGHS_QUBO_MILP,300.0,1
445,821b0f61133df22a68ac17e1cee4e92cb6f18936f2440f622b48838f7b05478c,proven_maximal,maximize_sum_testing_e_values_at_maximum_cardinality,proven_optimal,57352.231388718275,2.5090020232212793,22858.583156933608,10,10,10,11;16;27;42;48;66;80;154;155;197,11;16;27;42;48;66;80;154;155;197,11;16;27;42;48;66;80;154;155;197,10,10,10,0,0,0,0.3333333333333333,0.3333333333333333,0.3333333333333333,0.0,0.0,0.0,0,0,1.8753963589988416,13,6,606,49,10,,original_uniform_floor_plus_prior_scores,maximum_cardinality_certified_superset_of_eBH_then_maximum_testing_evalue_sum,200,10,10,exact_dyadic_prefix_or_HiGHS_QUBO_MILP,300.0,1
446,51e49b9c8d4e7780575f697aca3f66a0f3e9f776d528487e397dca8588228328,proven_maximal,maximize_sum_testing_e_values_at_maximum_cardinality,proven_optimal,36871.10118726258,3.599292482009386,10243.985830981555,9,9,11,29;59;103;121;137;167;184;187;191,29;59;103;121;137;167;184;187;191,29;40;59;69;103;121;137;167;184;187;191,9,9,11,0,0,0,0.3,0.3,0.36666666666666664,0.0,0.0,0.0,0,2,1.6431045470017125,8,6,520,48,11,,original_uniform_floor_plus_prior_scores,maximum_cardinality_certified_superset_of_eBH_then_maximum_testing_evalue_sum,200,9,9,exact_dyadic_prefix_or_HiGHS_QUBO_MILP,300.0,1
447,e00f697c43d122a9507a133eaac6892fb3d254fc1b07a43ce222c69c4ac481fe,proven_maximal,maximize_sum_testing_e_values_at_maximum_cardinality,proven_optimal,15428.369647444033,2.2174137097517406,6957.821889344852,3,3,5,30;110;112,30;110;112,30;49;98;110;112,3,3,5,0,0,0,0.1,0.1,0.16666666666666666,0.0,0.0,0.0,0,2,5.383544520998839,30,26,1107,57,5,,original_uniform_floor_plus_prior_scores,maximum_cardinality_certified_superset_of_eBH_then_maximum_testing_evalue_sum,200,3,3,exact_dyadic_prefix_or_HiGHS_QUBO_MILP,300.0,1
448,391fb4a0b3ffeca0f4e70a77e42683353de59210a581265c5db40d8bf23fed82,proven_maximal,maximize_sum_testing_e_values_at_maximum_cardinality,proven_optimal,307606.87922717497,1.0618441929761797,289691.16303683125,6,6,6,34;63;72;76;162;192,34;63;72;76;162;192,34;63;72;76;162;192,6,6,6,0,0,0,0.2,0.2,0.2,0.0,0.0,0.0,0,0,2.6488309240012313,19,9,777,63,6,,original_uniform_floor_plus_prior_scores,maximum_cardinality_certified_superset_of_eBH_then_maximum_testing_evalue_sum,200,6,6,exact_dyadic_prefix_or_HiGHS_QUBO_MILP,300.0,1
449,43444a171d016b28387ab66427eca9f32f51cba660eee15c1efd5317f628e66b,proven_maximal,maximize_sum_testing_e_values_at_maximum_cardinality,proven_optimal,39593.47990951438,1.6427051958247025,24102.60831350016,5,5,7,34;52;137;166;172,34;52;137;166;172,34;52;119;131;137;166;172,5,5,6,0,0,1,0.16666666666666666,0.16666666666666666,0.2,0.0,0.0,0.14285714285714285,0,2,2.160702944995137,15,10,821,49,7,,original_uniform_floor_plus_prior_scores,maximum_cardinality_certified_superset_of_eBH_then_maximum_testing_evalue_sum,200,5,5,exact_dyadic_prefix_or_HiGHS_QUBO_MILP,300.0,1
450,549072653c90da58a496ccea49e0ea152472364f2502b41fc4d0f6befee198ae,proven_maximal,maximize_sum_testing_e_values_at_maximum_cardinality,proven_optimal,10828.542630647202,1.5428788655988628,7018.401037235119,1,1,6,64,64,39;64;82;113;127;140,1,1,6,0,0,0,0.03333333333333333,0.03333333333333333,0.2,0.0,0.0,0.0,0,5,2.742975569999544,17,13,1029,45,6,,original_uniform_floor_plus_prior_scores,maximum_cardinality_certified_superset_of_eBH_then_maximum_testing_evalue_sum,200,1,1,exact_dyadic_prefix_or_HiGHS_QUBO_MILP,300.0,1
451,a337d02342c0d01405cef4ddecc0f9065182d3f90a3910e43551f0d06758442b,proven_maximal,maximize_sum_testing_e_values_at_maximum_cardinality,proven_optimal,10619.104022737045,2.7195589395600406,3904.7155287816495,6,6,8,10;22;26;35;52;54,10;22;26;35;52;54,10;22;26;35;52;54;141;147,6,6,8,0,0,0,0.2,0.2,0.26666666666666666,0.0,0.0,0.0,0,2,3.2933922779993736,21,13,824,70,8,,original_uniform_floor_plus_prior_scores,maximum_cardinality_certified_superset_of_eBH_then_maximum_testing_evalue_sum,200,6,6,exact_dyadic_prefix_or_HiGHS_QUBO_MILP,300.0,1
452,7ddee676db780ef2e04fd0c972b7625771226180cc0384276e05e0a2ef29dcde,proven_maximal,maximize_sum_testing_e_values_at_maximum_cardinality,proven_optimal,72968.78953974132,2.663546546335206,27395.34987295027,9,9,10,9;11;20;37;84;101;159;176;188,9;11;20;37;84;101;159;176;188,9;11;20;37;84;88;101;159;176;188,9,9,10,0,0,0,0.3,0.3,0.3333333333333333,0.0,0.0,0.0,0,1,1.8977878139994573,13,8,556,57,10,,original_uniform_floor_plus_prior_scores,maximum_cardinality_certified_superset_of_eBH_then_maximum_testing_evalue_sum,200,9,9,exact_dyadic_prefix_or_HiGHS_QUBO_MILP,300.0,1
453,6f3d8fd3e7a76bf39f7aba2fb014a0642873cad7321dcec24f53f3720c95fd2d,proven_maximal,maximize_sum_testing_e_values_at_maximum_cardinality,proven_optimal,12130.100616769087,3.3077432177580013,3667.183278208309,4,4,8,24;137;146;186,24;137;146;186,7;24;50;137;143;146;163;186,4,4,8,0,0,0,0.13333333333333333,0.13333333333333333,0.26666666666666666,0.0,0.0,0.0,0,4,1.6785467869995045,15,11,775,55,8,,original_uniform_floor_plus_prior_scores,maximum_cardinality_certified_superset_of_eBH_then_maximum_testing_evalue_sum,200,4,4,exact_dyadic_prefix_or_HiGHS_QUBO_MILP,300.0,1
454,fb0254e0822de86ee2894758943bd8cb444b005f6b5d20ee055fbd1361af1018,proven_maximal,maximize_sum_testing_e_values_at_maximum_cardinality,proven_optimal,37374.79453462943,1.168110483377241,31995.941365555955,4,4,5,30;75;89;151,30;75;89;151,30;75;89;92;151,4,4,5,0,0,0,0.13333333333333333,0.13333333333333333,0.16666666666666666,0.0,0.0,0.0,0,1,1.9232970980010577,16,9,814,57,5,,original_uniform_floor_plus_prior_scores,maximum_cardinality_certified_superset_of_eBH_then_maximum_testing_evalue_sum,200,4,4,exact_dyadic_prefix_or_HiGHS_QUBO_MILP,300.0,1
455,52a63228e041fb47110792080c4ad6cbf3e90316ad8b18a85e60a1245f764940,proven_maximal,maximize_sum_testing_e_values_at_maximum_cardinality,proven_optimal,5533.070210139826,1.0,5533.070210139826,1,1,1,90,90,90,1,1,1,0,0,0,0.03333333333333333,0.03333333333333333,0.03333333333333333,0.0,0.0,0.0,0,0,1.4413230459977058,12,9,756,49,1,,original_uniform_floor_plus_prior_scores,maximum_cardinality_certified_superset_of_eBH_then_maximum_testing_evalue_sum,200,1,1,exact_dyadic_prefix_or_HiGHS_QUBO_MILP,300.0,1
456,337156c742fe6745f9976cc6860eae9f3ad1242125928532b87dfb5b87e07d0e,proven_maximal,maximize_sum_testing_e_values_at_maximum_cardinality,proven_optimal,113337.5513958619,3.6004118590093257,31479.05179577077,14,14,14,16;17;34;39;65;66;80;96;117;122;124;151;155;179,16;17;34;39;65;66;80;96;117;122;124;151;155;179,16;17;34;39;65;66;80;96;117;122;124;151;155;179,14,14,14,0,0,0,0.4666666666666667,0.4666666666666667,0.4666666666666667,0.0,0.0,0.0,0,0,1.2213191780028865,12,5,547,52,14,,original_uniform_floor_plus_prior_scores,maximum_cardinality_certified_superset_of_eBH_then_maximum_testing_evalue_sum,200,14,14,exact_dyadic_prefix_or_HiGHS_QUBO_MILP,300.0,1
457,ececc364fdd71f2424d3619934c9cd383b4cc6542ddbe2586a6b57660adaf4c7,proven_maximal,maximize_sum_testing_e_values_at_maximum_cardinality,proven_optimal,510997.1288162964,1.0,510997.1288162964,1,1,1,179,179,179,1,1,1,0,0,0,0.03333333333333333,0.03333333333333333,0.03333333333333333,0.0,0.0,0.0,0,0,1.9241084009991027,20,10,758,63,1,,original_uniform_floor_plus_prior_scores,maximum_cardinality_certified_superset_of_eBH_then_maximum_testing_evalue_sum,200,1,1,exact_dyadic_prefix_or_HiGHS_QUBO_MILP,300.0,1
458,d54110b85d0133e2103ed02d9379c0670b4c029457003c7c6b9560eb2ddbcdb3,proven_maximal,maximize_sum_testing_e_values_at_maximum_cardinality,proven_optimal,50994.308229213944,2.7326936294914934,18660.821571389653,7,7,10,19;22;36;56;97;149;188,19;22;36;56;97;149;188,10;19;22;36;56;57;97;131;149;188,7,7,10,0,0,0,0.23333333333333334,0.23333333333333334,0.3333333333333333,0.0,0.0,0.0,0,3,1.6899457440013066,14,10,872,54,10,,original_uniform_floor_plus_prior_scores,maximum_cardinality_certified_superset_of_eBH_then_maximum_testing_evalue_sum,200,7,7,exact_dyadic_prefix_or_HiGHS_QUBO_MILP,300.0,1
459,07ff2dd6ae026c52437b0a0156bf11382613633e542b29607c0c7c9a6969519d,proven_maximal,maximize_sum_testing_e_values_at_maximum_cardinality,proven_optimal,21737.01742934593,3.1273204893247972,6950.684301000136,9,9,15,12;21;59;87;94;103;122;158;162,12;21;59;87;94;103;122;158;162,12;21;50;59;72;81;87;94;103;122;124;126;158;162;191,9,9,15,0,0,0,0.3,0.3,0.5,0.0,0.0,0.0,0,6,5.647468143004517,12,8,607,58,15,,original_uniform_floor_plus_prior_scores,maximum_cardinality_certified_superset_of_eBH_then_maximum_testing_evalue_sum,200,9,9,exact_dyadic_prefix_or_HiGHS_QUBO_MILP,300.0,1
460,b1a66351a7edfaa089d992131424332ffcce385d86ffe9a98f83e1f1c008001a,proven_maximal,maximize_sum_testing_e_values_at_maximum_cardinality,proven_optimal,95820.02087292938,1.312390498813027,73011.82152689496,6,6,6,41;127;145;146;182;186,41;127;145;146;182;186,41;127;145;146;182;186,6,6,6,0,0,0,0.2,0.2,0.2,0.0,0.0,0.0,0,0,1.2925237660019775,15,7,732,58,6,,original_uniform_floor_plus_prior_scores,maximum_cardinality_certified_superset_of_eBH_then_maximum_testing_evalue_sum,200,6,6,exact_dyadic_prefix_or_HiGHS_QUBO_MILP,300.0,1
461,f8891cd8118dc6a5a73771a75e84c454cd1efc8943f46ff20f79f03f69942089,proven_maximal,maximize_sum_testing_e_values_at_maximum_cardinality,proven_optimal,85336.17634433346,1.1553599784333668,73861.1150959606,8,8,8,61;64;97;132;135;160;185;194,61;64;97;132;135;160;185;194,61;64;97;132;135;160;185;194,8,8,8,0,0,0,0.26666666666666666,0.26666666666666666,0.26666666666666666,0.0,0.0,0.0,0,0,1.2325477019985556,13,7,722,52,8,,original_uniform_floor_plus_prior_scores,maximum_cardinality_certified_superset_of_eBH_then_maximum_testing_evalue_sum,200,8,8,exact_dyadic_prefix_or_HiGHS_QUBO_MILP,300.0,1
462,f832eb6b38e3774c8109f1fea99abad0270fea508b46f3bec3df496c3ced9079,proven_maximal,maximize_sum_testing_e_values_at_maximum_cardinality,proven_optimal,31575.67931843354,2.069611700921595,15256.81329708995,5,5,13,56;66;127;128;148,56;66;127;128;148,4;19;56;66;67;72;109;117;127;128;148;165;173,5,5,13,0,0,0,0.16666666666666666,0.16666666666666666,0.43333333333333335,0.0,0.0,0.0,0,8,4.6147623249999015,19,17,1627,57,13,,original_uniform_floor_plus_prior_scores,maximum_cardinality_certified_superset_of_eBH_then_maximum_testing_evalue_sum,200,5,5,exact_dyadic_prefix_or_HiGHS_QUBO_MILP,300.0,1
463,b8fefc02723b7237ab26db1ab17e0b7edb4a008364576ed03086c696e699009d,proven_maximal,maximize_sum_testing_e_values_at_maximum_cardinality,proven_optimal,5559.585786971724,2.6532121399459214,2095.4169865531526,3,3,4,69;116;158,69;116;158,69;116;128;158,3,3,4,0,0,0,0.1,0.1,0.13333333333333333,0.0,0.0,0.0,0,1,4.138521866996598,30,22,1747,58,4,,original_uniform_floor_plus_prior_scores,maximum_cardinality_certified_superset_of_eBH_then_maximum_testing_evalue_sum,200,3,3,exact_dyadic_prefix_or_HiGHS_QUBO_MILP,300.0,1
464,d0e6687e4338fd232718d18c437a45abe939a773b8b6e50f95209354c176a6fc,proven_maximal,maximize_sum_testing_e_values_at_maximum_cardinality,proven_optimal,9930.89624749936,1.391159296838165,7138.575912960047,2,2,2,17;29,17;29,17;29,2,2,2,0,0,0,0.06666666666666667,0.06666666666666667,0.06666666666666667,0.0,0.0,0.0,0,0,1.0963243219957803,14,7,660,50,2,,original_uniform_floor_plus_prior_scores,maximum_cardinality_certified_superset_of_eBH_then_maximum_testing_evalue_sum,200,2,2,exact_dyadic_prefix_or_HiGHS_QUBO_MILP,300.0,1
465,f1ea5d82046db73f49e27833cd884fe5883920df8b1f662c06b0bd7d5d0eae82,proven_maximal,maximize_sum_testing_e_values_at_maximum_cardinality,proven_optimal,32268.232032446336,2.2214169695780703,14525.968097999752,4,4,9,44;55;68;103,44;55;68;103,9;44;55;68;69;103;145;162;182,4,4,9,0,0,0,0.13333333333333333,0.13333333333333333,0.3,0.0,0.0,0.0,0,5,1.4564417740039062,15,10,671,55,9,,original_uniform_floor_plus_prior_scores,maximum_cardinality_certified_superset_of_eBH_then_maximum_testing_evalue_sum,200,4,4,exact_dyadic_prefix_or_HiGHS_QUBO_MILP,300.0,1
466,2e26848caf9d426015cd5867b51e1690ebad55e57fe64b796295ea99de71de2c,proven_maximal,maximize_sum_testing_e_values_at_maximum_cardinality,proven_optimal,386426.0110693121,1.0486262335402523,368506.90809508425,10,10,18,1;21;32;34;71;80;132;154;194;199,1;21;32;34;71;80;132;154;194;199,1;21;32;34;71;72;80;82;132;138;154;170;177;180;185;191;194;199,10,10,18,0,0,0,0.3333333333333333,0.3333333333333333,0.6,0.0,0.0,0.0,0,8,1.2769419100004598,9,7,606,62,18,,original_uniform_floor_plus_prior_scores,maximum_cardinality_certified_superset_of_eBH_then_maximum_testing_evalue_sum,200,10,10,exact_dyadic_prefix_or_HiGHS_QUBO_MILP,300.0,1
467,b4f1d2f016d16e45ac46472399e0ea7f9e678c53101e6c555173f01b38d9bd11,proven_maximal,maximize_sum_testing_e_values_at_maximum_cardinality,proven_optimal,30085.625218995796,2.1830421618846567,13781.513588827058,4,4,5,34;91;104;176,34;91;104;176,34;91;104;176;197,4,4,5,0,0,0,0.13333333333333333,0.13333333333333333,0.16666666666666666,0.0,0.0,0.0,0,1,1.2151526769957854,13,8,623,49,5,,original_uniform_floor_plus_prior_scores,maximum_cardinality_certified_superset_of_eBH_then_maximum_testing_evalue_sum,200,4,4,exact_dyadic_prefix_or_HiGHS_QUBO_MILP,300.0,1
468,622f0c67d5230d490edc6765a91ffc92578aaa49b1db3d84291c3bfb3fbfcf9a,proven_maximal,maximize_sum_testing_e_values_at_maximum_cardinality,proven_optimal,16040.305300393442,1.336968165965363,11997.52223629908,3,3,4,114;121;129,114;121;129,40;114;121;129,3,3,4,0,0,0,0.1,0.1,0.13333333333333333,0.0,0.0,0.0,0,1,2.810408297998947,23,14,1183,48,4,,original_uniform_floor_plus_prior_scores,maximum_cardinality_certified_superset_of_eBH_then_maximum_testing_evalue_sum,200,3,3,exact_dyadic_prefix_or_HiGHS_QUBO_MILP,300.0,1
469,4667f93f62abe865036dc6059b68effe04255f51cae1372a32c8ae3ee2e18ee6,proven_maximal,maximize_sum_testing_e_values_at_maximum_cardinality,proven_optimal,37172.502733658155,2.4777536234790674,15002.501613321603,8,8,8,0;31;70;82;104;108;164;186,0;31;70;82;104;108;164;186,0;31;70;82;104;108;164;186,8,8,8,0,0,0,0.26666666666666666,0.26666666666666666,0.26666666666666666,0.0,0.0,0.0,0,0,1.157938821001153,13,8,690,53,8,,original_uniform_floor_plus_prior_scores,maximum_cardinality_certified_superset_of_eBH_then_maximum_testing_evalue_sum,200,8,8,exact_dyadic_prefix_or_HiGHS_QUBO_MILP,300.0,1
470,bb7893ea96c5fe721848c01bd577d85538c50e27585efc8be7179c446f0e3f0e,proven_maximal,maximize_sum_testing_e_values_at_maximum_cardinality,proven_optimal,82588.34989615068,2.7461837493327,30073.86156014468,8,8,8,18;39;42;62;97;137;172;185,18;39;42;62;97;137;172;185,18;39;42;62;97;137;172;185,8,8,8,0,0,0,0.26666666666666666,0.26666666666666666,0.26666666666666666,0.0,0.0,0.0,0,0,1.975202496003476,21,12,1109,52,8,,original_uniform_floor_plus_prior_scores,maximum_cardinality_certified_superset_of_eBH_then_maximum_testing_evalue_sum,200,8,8,exact_dyadic_prefix_or_HiGHS_QUBO_MILP,300.0,1
471,ccb5f2dc01ecb8a0ad74f2e41c0fdf606c46f2fae71c977c3c633dbfae49d3a2,proven_maximal,maximize_sum_testing_e_values_at_maximum_cardinality,proven_optimal,25769.45006339329,1.5955247100273482,16151.08177356375,2,2,2,37;62,37;62,37;62,2,2,2,0,0,0,0.06666666666666667,0.06666666666666667,0.06666666666666667,0.0,0.0,0.0,0,0,3.900745509999979,26,16,1503,56,2,,original_uniform_floor_plus_prior_scores,maximum_cardinality_certified_superset_of_eBH_then_maximum_testing_evalue_sum,200,2,2,exact_dyadic_prefix_or_HiGHS_QUBO_MILP,300.0,1
472,7717abf6faa30aaf49e63bdefaab9817c1b7de46381e7e7d27e5bdbdeb730f85,proven_maximal,maximize_sum_testing_e_values_at_maximum_cardinality,proven_optimal,81271.50057874424,1.532991653367058,53014.96612864119,3,3,4,32;40;79,32;40;79,32;40;79;185,3,3,4,0,0,0,0.1,0.1,0.13333333333333333,0.0,0.0,0.0,0,1,1.965956999003538,17,12,1061,63,4,,original_uniform_floor_plus_prior_scores,maximum_cardinality_certified_superset_of_eBH_then_maximum_testing_evalue_sum,200,3,3,exact_dyadic_prefix_or_HiGHS_QUBO_MILP,300.0,1
473,2e95f765f7728335e02208635ed388180613121c9ed8b3d14bc6f0dc4c6166f9,proven_maximal,maximize_sum_testing_e_values_at_maximum_cardinality,proven_optimal,13295.79610775687,1.7041527382939337,7801.997913090582,4,4,4,56;160;188;199,56;160;188;199,56;160;188;199,4,4,4,0,0,0,0.13333333333333333,0.13333333333333333,0.13333333333333333,0.0,0.0,0.0,0,0,1.4913830069999676,17,9,733,48,4,,original_uniform_floor_plus_prior_scores,maximum_cardinality_certified_superset_of_eBH_then_maximum_testing_evalue_sum,200,4,4,exact_dyadic_prefix_or_HiGHS_QUBO_MILP,300.0,1
474,28386d469c46a2e12b00b7f3ed3b56d0c6cd5b4e17dc981386cd9b0e4d8f1a8a,proven_maximal,maximize_sum_testing_e_values_at_maximum_cardinality,proven_optimal,30733.01980766007,3.323643193480056,9246.786739307216,5,5,8,65;90;115;162;165,65;90;115;162;165,20;65;90;111;115;156;162;165,5,5,8,0,0,0,0.16666666666666666,0.16666666666666666,0.26666666666666666,0.0,0.0,0.0,0,3,1.8372086669987766,17,14,1163,53,8,,original_uniform_floor_plus_prior_scores,maximum_cardinality_certified_superset_of_eBH_then_maximum_testing_evalue_sum,200,5,5,exact_dyadic_prefix_or_HiGHS_QUBO_MILP,300.0,1
475,3dd682e414bc2d743c6d755716ff72b1db5298df8332bd42a7bf1ff103dbc7ec,proven_maximal,maximize_sum_testing_e_values_at_maximum_cardinality,proven_optimal,22836.60480360228,1.987345339005794,11491.009818669316,9,9,9,5;6;47;68;73;101;162;164;186,5;6;47;68;73;101;162;164;186,5;6;47;68;73;101;162;164;186,9,9,9,0,0,0,0.3,0.3,0.3,0.0,0.0,0.0,0,0,1.0332713019961375,11,7,519,63,9,,original_uniform_floor_plus_prior_scores,maximum_cardinality_certified_superset_of_eBH_then_maximum_testing_evalue_sum,200,9,9,exact_dyadic_prefix_or_HiGHS_QUBO_MILP,300.0,1
476,4f6bce854051ccb6be2fee63f56f830aa8557ed2b631efdad9610bb270988d3c,proven_maximal,maximize_sum_testing_e_values_at_maximum_cardinality,proven_optimal,12968.899111515379,2.06381141564191,6283.955507379362,3,3,10,96;168;171,96;168;171,86;88;91;96;104;118;135;141;168;171,3,3,10,0,0,0,0.1,0.1,0.3333333333333333,0.0,0.0,0.0,0,7,0.9522621020005317,11,9,653,58,10,,original_uniform_floor_plus_prior_scores,maximum_cardinality_certified_superset_of_eBH_then_maximum_testing_evalue_sum,200,3,3,exact_dyadic_prefix_or_HiGHS_QUBO_MILP,300.0,1
477,fe63bc214c827898779d1b6853e8c3c00d93cd85b77591488fb1d6cfb4bf18f0,proven_maximal,maximize_sum_testing_e_values_at_maximum_cardinality,proven_optimal,19815.496296516845,4.565890851851687,4339.897062690562,10,10,12,2;22;40;56;63;70;88;157;189;194,2;22;40;56;63;70;88;157;189;194,2;22;40;52;56;63;70;88;157;189;193;194,10,10,12,0,0,0,0.3333333333333333,0.3333333333333333,0.4,0.0,0.0,0.0,0,2,1.214285120004206,7,6,443,45,12,,original_uniform_floor_plus_prior_scores,maximum_cardinality_certified_superset_of_eBH_then_maximum_testing_evalue_sum,200,10,10,exact_dyadic_prefix_or_HiGHS_QUBO_MILP,300.0,1
478,02bb909530f6a5b01f5db0d6c2103bfdbf86026a14b3314b96acb45a95b3c2e2,proven_maximal,maximize_sum_testing_e_values_at_maximum_cardinality,proven_optimal,152086.28367567575,1.0442239188190612,145645.27869431867,5,5,10,93;115;116;128;186,93;115;116;128;186,61;68;93;115;116;128;134;147;186;194,5,5,10,0,0,0,0.16666666666666666,0.16666666666666666,0.3333333333333333,0.0,0.0,0.0,0,5,0.8732632400060538,9,7,512,47,10,,original_uniform_floor_plus_prior_scores,maximum_cardinality_certified_superset_of_eBH_then_maximum_testing_evalue_sum,200,5,5,exact_dyadic_prefix_or_HiGHS_QUBO_MILP,300.0,1
479,bef2481c0a168aa1d75248271f4e73cd0529a2543d867bf37b2a50c4742f4726,proven_maximal,maximize_sum_testing_e_values_at_maximum_cardinality,proven_optimal,4879.910899011044,1.0,4879.910899011044,1,1,1,39,39,39,1,1,1,0,0,0,0.03333333333333333,0.03333333333333333,0.03333333333333333,0.0,0.0,0.0,0,0,1.0412485069973627,14,10,643,45,1,,original_uniform_floor_plus_prior_scores,maximum_cardinality_certified_superset_of_eBH_then_maximum_testing_evalue_sum,200,1,1,exact_dyadic_prefix_or_HiGHS_QUBO_MILP,300.0,1
480,fde172d7c93a5190643d3b6c940b259d8d5d603692d62ef41af7e58861b67b06,proven_maximal,maximize_sum_testing_e_values_at_maximum_cardinality,proven_optimal,20125.615059533113,2.8487852102751288,7064.630561455853,7,7,10,16;25;44;113;176;179;182,16;25;44;113;176;179;182,16;25;44;99;113;138;176;177;179;182,7,7,10,0,0,0,0.23333333333333334,0.23333333333333334,0.3333333333333333,0.0,0.0,0.0,0,3,1.2281520620017545,14,9,772,58,10,,original_uniform_floor_plus_prior_scores,maximum_cardinality_certified_superset_of_eBH_then_maximum_testing_evalue_sum,200,7,7,exact_dyadic_prefix_or_HiGHS_QUBO_MILP,300.0,1
481,a6271dc8614d92d9fd853ffc8302d7ebae1f5ddf645046e30bc583bf9b7f6757,proven_maximal,maximize_sum_testing_e_values_at_maximum_cardinality,proven_optimal,123047.87389238132,1.2952231295803536,95001.29443507412,10,10,12,8;44;52;53;87;90;103;120;121;143,8;44;52;53;87;90;103;120;121;143,8;44;52;53;87;90;103;120;121;143;167;172,9,9,11,1,1,1,0.3,0.3,0.36666666666666664,0.1,0.1,0.08333333333333333,0,2,3.2915591089986265,17,9,687,51,12,,original_uniform_floor_plus_prior_scores,maximum_cardinality_certified_superset_of_eBH_then_maximum_testing_evalue_sum,200,10,10,exact_dyadic_prefix_or_HiGHS_QUBO_MILP,300.0,1
482,8860eb5005ef426554e3c343fcf6006fe18bd6639f8a81248224ea2c51588f95,proven_maximal,maximize_sum_testing_e_values_at_maximum_cardinality,proven_optimal,7401857.078250611,1.0019144987310036,7387713.310492654,9,9,10,18;30;61;66;106;118;126;159;164,18;30;61;66;106;118;126;159;164,18;27;30;61;66;106;118;126;159;164,9,9,10,0,0,0,0.3,0.3,0.3333333333333333,0.0,0.0,0.0,0,1,1.4694711940028355,14,9,820,66,10,,original_uniform_floor_plus_prior_scores,maximum_cardinality_certified_superset_of_eBH_then_maximum_testing_evalue_sum,200,9,9,exact_dyadic_prefix_or_HiGHS_QUBO_MILP,300.0,1
483,74518256cc365ad0d195f5d33dc73c1dc5311c92a691c8192e1f39252c7b4421,proven_maximal,maximize_sum_testing_e_values_at_maximum_cardinality,proven_optimal,7323.21292829538,3.720221059494199,1968.4886492446888,7,7,7,13;20;53;58;103;117;162,13;20;53;58;103;117;162,13;20;53;58;103;117;162,7,7,7,0,0,0,0.23333333333333334,0.23333333333333334,0.23333333333333334,0.0,0.0,0.0,0,0,1.5438528720042086,17,7,653,55,7,,original_uniform_floor_plus_prior_scores,maximum_cardinality_certified_superset_of_eBH_then_maximum_testing_evalue_sum,200,7,7,exact_dyadic_prefix_or_HiGHS_QUBO_MILP,300.0,1
484,fb85c585db8aa595b6fb184b5fb276eb8a5ed41997e8426b882b931f77b819d1,proven_maximal,maximize_sum_testing_e_values_at_maximum_cardinality,proven_optimal,77584.63821211692,3.6834857433559787,21062.831138157333,15,15,15,12;20;34;36;40;58;66;120;121;122;129;140;169;187;189,12;20;34;36;40;58;66;120;121;122;129;140;169;187;189,12;20;34;36;40;58;66;120;121;122;129;140;169;187;189,15,15,15,0,0,0,0.5,0.5,0.5,0.0,0.0,0.0,0,0,0.4233896680016187,6,5,436,50,15,,original_uniform_floor_plus_prior_scores,maximum_cardinality_certified_superset_of_eBH_then_maximum_testing_evalue_sum,200,15,15,exact_dyadic_prefix_or_HiGHS_QUBO_MILP,300.0,1
485,3aab96a0e887b882a4ce235844b63be6605205209b91694b497681c481753dd1,proven_maximal,maximize_sum_testing_e_values_at_maximum_cardinality,proven_optimal,79424.41204893854,1.5463858713998333,51361.31512702018,4,4,5,117;127;139;177,117;127;139;177,29;117;127;139;177,4,4,5,0,0,0,0.13333333333333333,0.13333333333333333,0.16666666666666666,0.0,0.0,0.0,0,1,1.33269743299752,15,10,657,45,5,,original_uniform_floor_plus_prior_scores,maximum_cardinality_certified_superset_of_eBH_then_maximum_testing_evalue_sum,200,4,4,exact_dyadic_prefix_or_HiGHS_QUBO_MILP,300.0,1
486,4da56c89dbba47f4d5fbfe919e754afe239a4128b07a03999832059ccbaef469,proven_maximal,maximize_sum_testing_e_values_at_maximum_cardinality,proven_optimal,38901.80495102774,1.7048183529112337,22818.73894928281,11,11,13,9;45;55;85;95;108;115;130;157;176;195,9;45;55;85;95;108;115;130;157;176;195,9;45;55;85;95;108;115;126;130;157;176;195;199,11,11,13,0,0,0,0.36666666666666664,0.36666666666666664,0.43333333333333335,0.0,0.0,0.0,0,2,2.258483548001095,14,8,577,46,13,,original_uniform_floor_plus_prior_scores,maximum_cardinality_certified_superset_of_eBH_then_maximum_testing_evalue_sum,200,11,11,exact_dyadic_prefix_or_HiGHS_QUBO_MILP,300.0,1
487,a4c19d20b7ef33eac737cedce16c2ac16aca3c88542cf2b39d2c1c6c925c6298,proven_maximal,maximize_sum_testing_e_values_at_maximum_cardinality,proven_optimal,10864.654100682705,2.0304582679449346,5350.838415250478,3,3,3,7;64;141,7;64;141,7;64;141,3,3,3,0,0,0,0.1,0.1,0.1,0.0,0.0,0.0,0,0,1.5768288700055564,16,11,917,45,3,,original_uniform_floor_plus_prior_scores,maximum_cardinality_certified_superset_of_eBH_then_maximum_testing_evalue_sum,200,3,3,exact_dyadic_prefix_or_HiGHS_QUBO_MILP,300.0,1
488,1995d7aa0704e0f440573f0edbd7c34599ec30bf556c0bcc06b38d45df07bf34,proven_maximal,maximize_sum_testing_e_values_at_maximum_cardinality,proven_optimal,18675.24341831203,1.4033276082171489,13307.828698701303,5,5,6,31;124;126;158;168,31;124;126;158;168,18;31;124;126;158;168,5,5,6,0,0,0,0.16666666666666666,0.16666666666666666,0.2,0.0,0.0,0.0,0,1,1.6512332229976892,20,12,793,56,6,,original_uniform_floor_plus_prior_scores,maximum_cardinality_certified_superset_of_eBH_then_maximum_testing_evalue_sum,200,5,5,exact_dyadic_prefix_or_HiGHS_QUBO_MILP,300.0,1
489,158bdf27971deecd9d27943067fe64f124146bcbeff517921e2a19f3bbd4320d,proven_maximal,maximize_sum_testing_e_values_at_maximum_cardinality,proven_optimal,22824.220249184287,1.1776496853001082,19381.16278048157,2,2,3,152;193,152;193,152;193;198,2,2,3,0,0,0,0.06666666666666667,0.06666666666666667,0.1,0.0,0.0,0.0,0,1,1.6810572309987037,18,9,706,48,3,,original_uniform_floor_plus_prior_scores,maximum_cardinality_certified_superset_of_eBH_then_maximum_testing_evalue_sum,200,2,2,exact_dyadic_prefix_or_HiGHS_QUBO_MILP,300.0,1
490,acd499d30fd9af76a826526053bbcb58f5f4858fd65fcc7ab942798c7dfd9619,proven_maximal,maximize_sum_testing_e_values_at_maximum_cardinality,proven_optimal,131754.9268806067,1.3526398320788902,97405.7718514106,8,8,8,2;6;49;56;57;152;166;194,2;6;49;56;57;152;166;194,2;6;49;56;57;152;166;194,8,8,8,0,0,0,0.26666666666666666,0.26666666666666666,0.26666666666666666,0.0,0.0,0.0,0,0,1.4386033569971914,16,8,722,60,8,,original_uniform_floor_plus_prior_scores,maximum_cardinality_certified_superset_of_eBH_then_maximum_testing_evalue_sum,200,8,8,exact_dyadic_prefix_or_HiGHS_QUBO_MILP,300.0,1
491,c08c7b102e38f264bad036f95caba3af1f2fe7a9639c1f1a90879a78335da21b,proven_maximal,maximize_sum_testing_e_values_at_maximum_cardinality,proven_optimal,18916.52446858481,2.1684131899379913,8723.671556861242,12,12,19,4;30;59;63;65;109;116;125;131;167;171;197,4;30;59;63;65;109;116;125;131;167;171;197,4;13;28;30;37;59;63;65;80;109;116;121;125;131;151;167;171;196;197,12,12,18,0,0,1,0.4,0.4,0.6,0.0,0.0,0.05263157894736842,0,7,7.013463082003,18,16,1037,62,19,,original_uniform_floor_plus_prior_scores,maximum_cardinality_certified_superset_of_eBH_then_maximum_testing_evalue_sum,200,12,12,exact_dyadic_prefix_or_HiGHS_QUBO_MILP,300.0,1
492,4065567dab1f50cf398e49704e7458b1deaa61e8602c2b5dd7d914bde15396fd,proven_maximal,maximize_sum_testing_e_values_at_maximum_cardinality,proven_optimal,29928.154058321594,1.8733774051332694,15975.507111548912,9,9,13,3;39;74;96;104;131;150;193;194,3;39;74;96;104;131;150;193;194,3;39;74;96;97;104;116;131;150;173;193;194;198,9,9,13,0,0,0,0.3,0.3,0.43333333333333335,0.0,0.0,0.0,0,4,2.026299896002456,12,11,740,58,13,,original_uniform_floor_plus_prior_scores,maximum_cardinality_certified_superset_of_eBH_then_maximum_testing_evalue_sum,200,9,9,exact_dyadic_prefix_or_HiGHS_QUBO_MILP,300.0,1
493,aecae77846bfaf01ff39491273c916967ba54ed81b400529dedf46314eb17511,proven_maximal,maximize_sum_testing_e_values_at_maximum_cardinality,proven_optimal,33209.68103888575,2.5718059220083047,12912.981012561222,9,9,16,27;43;45;93;115;162;175;189;195,27;43;45;93;115;162;175;189;195,4;21;27;43;45;93;115;127;132;136;142;162;175;189;195;199,9,9,16,0,0,0,0.3,0.3,0.5333333333333333,0.0,0.0,0.0,0,7,9.27357638599642,6,6,579,54,16,,original_uniform_floor_plus_prior_scores,maximum_cardinality_certified_superset_of_eBH_then_maximum_testing_evalue_sum,200,9,9,exact_dyadic_prefix_or_HiGHS_QUBO_MILP,300.0,1
494,d66a73360ae83e5afa277e76dd395462315060905ba076f6bb56392a37dbb838,proven_maximal,maximize_sum_testing_e_values_at_maximum_cardinality,proven_optimal,8662.317856314456,2.1103805531097453,4104.623615655538,3,3,3,3;110;166,3;110;166,3;110;166,3,3,3,0,0,0,0.1,0.1,0.1,0.0,0.0,0.0,0,0,1.3673715449986048,16,8,731,47,3,,original_uniform_floor_plus_prior_scores,maximum_cardinality_certified_superset_of_eBH_then_maximum_testing_evalue_sum,200,3,3,exact_dyadic_prefix_or_HiGHS_QUBO_MILP,300.0,1
495,5618687761e2e013eab94eef9d35347ad5786799eff72d4b89ae3957343a7257,proven_maximal,maximize_sum_testing_e_values_at_maximum_cardinality,proven_optimal,127816.94744451271,1.0652882647108581,119983.43704575112,6,6,6,64;88;130;177;192;194,64;88;130;177;192;194,64;88;130;177;192;194,6,6,6,0,0,0,0.2,0.2,0.2,0.0,0.0,0.0,0,0,1.0550629350036616,12,8,733,44,6,,original_uniform_floor_plus_prior_scores,maximum_cardinality_certified_superset_of_eBH_then_maximum_testing_evalue_sum,200,6,6,exact_dyadic_prefix_or_HiGHS_QUBO_MILP,300.0,1
496,bf85a3aba92a0d7bee90181175f9504d1bc4b89a63032a0af48979621961df5a,proven_maximal,maximize_sum_testing_e_values_at_maximum_cardinality,proven_optimal,37924.1553890994,2.156455726045586,17586.33619556987,8,8,10,13;26;68;101;113;115;135;198,13;26;68;101;113;115;135;198,13;26;68;90;92;101;113;115;135;198,8,8,10,0,0,0,0.26666666666666666,0.26666666666666666,0.3333333333333333,0.0,0.0,0.0,0,2,2.708215284998005,20,12,730,55,10,,original_uniform_floor_plus_prior_scores,maximum_cardinality_certified_superset_of_eBH_then_maximum_testing_evalue_sum,200,8,8,exact_dyadic_prefix_or_HiGHS_QUBO_MILP,300.0,1
497,6c2c27610f2948b7e8fc0f917857cb2ff34d4f996076d3fee041937ab2d17e22,proven_maximal,maximize_sum_testing_e_values_at_maximum_cardinality,proven_optimal,14982.807463757757,3.028211919244652,4947.74073390974,6,6,6,60;128;175;187;190;198,60;128;175;187;190;198,60;128;175;187;190;198,6,6,6,0,0,0,0.2,0.2,0.2,0.0,0.0,0.0,0,0,0.9166289530039649,10,6,520,52,6,,original_uniform_floor_plus_prior_scores,maximum_cardinality_certified_superset_of_eBH_then_maximum_testing_evalue_sum,200,6,6,exact_dyadic_prefix_or_HiGHS_QUBO_MILP,300.0,1
498,8d3cc2042e611cb28b45384fe9d4eab941c3a85c3903fec3c07523f47887e5e9,proven_maximal,maximize_sum_testing_e_values_at_maximum_cardinality,proven_optimal,22143.912281774432,2.358792807162981,9387.815756657255,8,8,8,18;25;42;99;115;138;146;185,18;25;42;99;115;138;146;185,18;25;42;99;115;138;146;185,8,8,8,0,0,0,0.26666666666666666,0.26666666666666666,0.26666666666666666,0.0,0.0,0.0,0,0,1.4379640990009648,12,7,679,56,8,,original_uniform_floor_plus_prior_scores,maximum_cardinality_certified_superset_of_eBH_then_maximum_testing_evalue_sum,200,8,8,exact_dyadic_prefix_or_HiGHS_QUBO_MILP,300.0,1
499,3ce0f683a5f7e23009fb22a9e981464d4982a55e9270ea89163aa82bf8d2a534,proven_maximal,maximize_sum_testing_e_values_at_maximum_cardinality,proven_optimal,21771.967983343955,3.1831751585188925,6839.70152414556,5,5,9,88;103;154;163;172,88;103;154;163;172,35;67;88;90;103;154;163;167;172,5,5,9,0,0,0,0.16666666666666666,0.16666666666666666,0.3,0.0,0.0,0.0,0,4,3.5728890120008145,27,22,1305,48,9,,original_uniform_floor_plus_prior_scores,maximum_cardinality_certified_superset_of_eBH_then_maximum_testing_evalue_sum,200,5,5,exact_dyadic_prefix_or_HiGHS_QUBO_MILP,300.0,1
500,12d5dcd255f3f993b811d61d16b31415d14300a71961da7302e2cb5992d5ad4b,proven_maximal,maximize_sum_testing_e_values_at_maximum_cardinality,proven_optimal,72065.9929044033,1.2734291187235882,56592.07241674989,9,9,9,1;4;8;67;134;147;168;181;195,1;4;8;67;134;147;168;181;195,1;4;8;67;134;147;168;181;195,9,9,9,0,0,0,0.3,0.3,0.3,0.0,0.0,0.0,0,0,0.9801761330018053,12,5,486,49,9,,original_uniform_floor_plus_prior_scores,maximum_cardinality_certified_superset_of_eBH_then_maximum_testing_evalue_sum,200,9,9,exact_dyadic_prefix_or_HiGHS_QUBO_MILP,300.0,1
