replication,problem_sha256,status,secondary_rule,secondary_status,secondary_value,secondary_normalized_value,secondary_normalization,prefix_size,greedy_size,maximal_size,prefix_indices,greedy_indices,maximal_indices,prefix_true,greedy_true,maximal_true,prefix_false,greedy_false,maximal_false,prefix_tpr,greedy_tpr,maximal_tpr,prefix_fdp,greedy_fdp,maximal_fdp,greedy_added,optimizer_added,elapsed_seconds,mip_solves,separation_calls,final_cut_count,initial_singleton_upper_bound,proof_upper_bound,message,method,selection_rule,K,ebh_seed_size,old_exported_prefix_size,separator_backend,separator_time_limit,separator_threads,ordinary_eBH_required
1,1aa4314f3ae316efaf8a40f7d6d93c66f35734b166a3ccfa0bf56652350bc15b,proven_maximal,maximize_sum_testing_e_values_at_maximum_cardinality,proven_optimal,7045.039626586838,2.0190923470993547,3489.2111976491824,0,0,9,,,3;8;43;73;88;100;105;160;179,0,0,9,0,0,0,0.0,0.0,0.3,0.0,0.0,0.0,0,9,0.41650075199868297,5,4,240,44,9,,method1_proportional_scores_gamma1,unrestricted_maximum_cardinality_then_maximum_testing_evalue_sum,200,0,0,exact_fixed_count_order_statistics,300.0,1,False
2,d82eb088ca3e7745c978b869aff7df89dc621ddfa4de8224f3c25d547232d34a,proven_maximal,maximize_sum_testing_e_values_at_maximum_cardinality,proven_optimal,11005.644568230246,0.7718391124434316,14258.987904084548,0,0,4,,,29;95;162;188,0,0,4,0,0,0,0.0,0.0,0.13333333333333333,0.0,0.0,0.0,0,4,0.34866006399533944,5,4,247,49,4,,method1_proportional_scores_gamma1,unrestricted_maximum_cardinality_then_maximum_testing_evalue_sum,200,0,10,exact_fixed_count_order_statistics,300.0,1,False
3,e6d030c44d54008a3471dc0cba17c5ad4aec02941a55e2d8031b186db8646e6b,proven_maximal,maximize_sum_testing_e_values_at_maximum_cardinality,proven_optimal,8294.596597777283,0.5894089863423039,14072.73521439005,0,0,3,,,58;112;120,0,0,3,0,0,0,0.0,0.0,0.1,0.0,0.0,0.0,0,3,0.17989595200197073,3,3,248,50,3,,method1_proportional_scores_gamma1,unrestricted_maximum_cardinality_then_maximum_testing_evalue_sum,200,0,3,exact_fixed_count_order_statistics,300.0,1,False
4,aabec4d2d1a73b71c01929fcc484fa683a9a2815c6536d2fd35756e5535fe4c6,proven_maximal,maximize_sum_testing_e_values_at_maximum_cardinality,proven_optimal,833.2974135826347,0.2219961726868172,3753.6566666769313,0,0,4,,,1;41;84;172,0,0,4,0,0,0,0.0,0.0,0.13333333333333333,0.0,0.0,0.0,0,4,0.5086592750012642,6,4,248,50,4,,method1_proportional_scores_gamma1,unrestricted_maximum_cardinality_then_maximum_testing_evalue_sum,200,0,5,exact_fixed_count_order_statistics,300.0,1,False
5,8f05fe620a2441f5d790ad8762d450eaa67f8ece77dfed32f2a88e2c4ba14e29,proven_maximal,maximize_sum_testing_e_values_at_maximum_cardinality,proven_optimal,3474.015655900697,0.7661703585550038,4534.260059933257,0,0,5,,,10;54;67;129;156,0,0,5,0,0,0,0.0,0.0,0.16666666666666666,0.0,0.0,0.0,0,5,0.1845603289984865,3,3,250,53,5,,method1_proportional_scores_gamma1,unrestricted_maximum_cardinality_then_maximum_testing_evalue_sum,200,0,8,exact_fixed_count_order_statistics,300.0,1,False
6,92d7c2e4538e8a1d850fe5fdf4684880d30fa90c11a4e3be382717aa0433b1db,proven_maximal,maximize_sum_testing_e_values_at_maximum_cardinality,proven_optimal,0.0,0.0,3943.152434233715,0,0,0,,,,0,0,0,0,0,0,0.0,0.0,0.0,0.0,0.0,0.0,0,0,0.14130059899616754,3,3,249,49,0,,method1_proportional_scores_gamma1,unrestricted_maximum_cardinality_then_maximum_testing_evalue_sum,200,0,0,exact_fixed_count_order_statistics,300.0,1,False
7,3fd04e956a8e11dd985d1a13237b3a6740ee2b819c93ba8ca42981100e4e290c,proven_maximal,maximize_sum_testing_e_values_at_maximum_cardinality,proven_optimal,12036.465695457391,1.6576783274358857,7261.038222099171,0,0,3,,,3;19;82,0,0,3,0,0,0,0.0,0.0,0.1,0.0,0.0,0.0,0,3,0.31448543300211895,4,4,254,54,3,,method1_proportional_scores_gamma1,unrestricted_maximum_cardinality_then_maximum_testing_evalue_sum,200,0,2,exact_fixed_count_order_statistics,300.0,1,False
8,69ba1e5b96e0364a30d2287cb187614c10cf959699bc3ce488a1ebbeeebbd664,proven_maximal,maximize_sum_testing_e_values_at_maximum_cardinality,proven_optimal,10324.49147983209,0.8486905317963295,12165.20167602127,0,0,2,,,29;61,0,0,2,0,0,0,0.0,0.0,0.06666666666666667,0.0,0.0,0.0,0,2,0.17731035700126085,3,3,248,50,2,,method1_proportional_scores_gamma1,unrestricted_maximum_cardinality_then_maximum_testing_evalue_sum,200,0,5,exact_fixed_count_order_statistics,300.0,1,False
9,10ceb30c940885f8593dea97488d1a3960e95119595fd0fa23ab0c2ea0f9ef50,proven_maximal,maximize_sum_testing_e_values_at_maximum_cardinality,proven_optimal,0.0,0.0,26150.12432797583,0,0,0,,,,0,0,0,0,0,0,0.0,0.0,0.0,0.0,0.0,0.0,0,0,0.12763996900321217,3,3,247,47,0,,method1_proportional_scores_gamma1,unrestricted_maximum_cardinality_then_maximum_testing_evalue_sum,200,0,1,exact_fixed_count_order_statistics,300.0,1,False
10,7da5573fb55ab632e599c860f9b6aa22aaebd3b0902544381fd824a3caf552e8,proven_maximal,maximize_sum_testing_e_values_at_maximum_cardinality,proven_optimal,7011.539943401596,1.7057576808282195,4110.513481608471,0,0,9,,,4;19;67;72;120;123;136;148;196,0,0,9,0,0,0,0.0,0.0,0.3,0.0,0.0,0.0,0,9,0.4987775790068554,5,4,244,44,9,,method1_proportional_scores_gamma1,unrestricted_maximum_cardinality_then_maximum_testing_evalue_sum,200,0,5,exact_fixed_count_order_statistics,300.0,1,False
11,91cbe1af1c4e6fbb132a5d9e5073718b6223ec903ad58d35364b8e0d236ef15a,proven_maximal,maximize_sum_testing_e_values_at_maximum_cardinality,proven_optimal,254273.8250895564,2.001551295487508,127038.37551543947,0,0,5,,,12;20;91;129;166,0,0,5,0,0,0,0.0,0.0,0.16666666666666666,0.0,0.0,0.0,0,5,0.4848757959989598,10,9,251,43,5,,method1_proportional_scores_gamma1,unrestricted_maximum_cardinality_then_maximum_testing_evalue_sum,200,0,3,exact_fixed_count_order_statistics,300.0,1,False
12,53a9d0881a4503030001f058b914879849218cf835d9234d39e2e9d04b06074b,proven_maximal,maximize_sum_testing_e_values_at_maximum_cardinality,proven_optimal,99110.48930460427,1.282333100759056,77289.1920562118,0,0,7,,,4;11;30;36;66;99;199,0,0,7,0,0,0,0.0,0.0,0.23333333333333334,0.0,0.0,0.0,0,7,0.5141530339969904,8,7,269,69,7,,method1_proportional_scores_gamma1,unrestricted_maximum_cardinality_then_maximum_testing_evalue_sum,200,0,3,exact_fixed_count_order_statistics,300.0,1,False
13,92b3ad14773f871c18cd3d0654787cb1d5a0add593f44d6ff078c930333b8543,proven_maximal,maximize_sum_testing_e_values_at_maximum_cardinality,proven_optimal,38134.21685469138,4.243452497875971,8986.601564122417,0,0,16,,,4;26;34;53;74;79;84;87;90;104;125;126;141;159;187;197,0,0,16,0,0,0,0.0,0.0,0.5333333333333333,0.0,0.0,0.0,0,16,0.3437052640001639,8,8,268,52,16,,method1_proportional_scores_gamma1,unrestricted_maximum_cardinality_then_maximum_testing_evalue_sum,200,0,10,exact_fixed_count_order_statistics,300.0,1,False
14,66d8ce1d1057562ba88324d332d8857ab465f51afd848c41f1d8445118e199c3,proven_maximal,maximize_sum_testing_e_values_at_maximum_cardinality,proven_optimal,0.0,0.0,81368.85292890335,0,0,0,,,,0,0,0,0,0,0,0.0,0.0,0.0,0.0,0.0,0.0,0,0,0.16307717699964996,3,3,242,42,0,,method1_proportional_scores_gamma1,unrestricted_maximum_cardinality_then_maximum_testing_evalue_sum,200,0,10,exact_fixed_count_order_statistics,300.0,1,False
15,969b2d3fcf337bd04764c2303b4c00e5677aeb4670fe2bc2c5de75600df49e9e,proven_maximal,maximize_sum_testing_e_values_at_maximum_cardinality,proven_optimal,2039.1607884427863,0.20873720929953765,9769.033490893293,0,0,3,,,32;65;151,0,0,3,0,0,0,0.0,0.0,0.1,0.0,0.0,0.0,0,3,0.47564579200115986,5,4,248,49,3,,method1_proportional_scores_gamma1,unrestricted_maximum_cardinality_then_maximum_testing_evalue_sum,200,0,1,exact_fixed_count_order_statistics,300.0,1,False
16,d81903b4f6ab5a643786cbeea122ad75b1dcc6527225e79eedcbd65390e282cc,proven_maximal,maximize_sum_testing_e_values_at_maximum_cardinality,proven_optimal,6717.026104363484,0.2610153701629594,25734.21672512945,0,0,2,,,90;128,0,0,2,0,0,0,0.0,0.0,0.06666666666666667,0.0,0.0,0.0,0,2,0.13082658399798675,3,3,242,44,2,,method1_proportional_scores_gamma1,unrestricted_maximum_cardinality_then_maximum_testing_evalue_sum,200,0,7,exact_fixed_count_order_statistics,300.0,1,False
17,a6b70a4bc21c0cb36bfd56ace7fc92f1b8cd4abd84ae171d85508a49b79f544d,proven_maximal,maximize_sum_testing_e_values_at_maximum_cardinality,proven_optimal,820.977373703734,0.017639730678936007,46541.37802024841,0,0,3,,,71;121;154,0,0,3,0,0,0,0.0,0.0,0.1,0.0,0.0,0.0,0,3,0.5310113430023193,7,5,256,55,3,,method1_proportional_scores_gamma1,unrestricted_maximum_cardinality_then_maximum_testing_evalue_sum,200,0,5,exact_fixed_count_order_statistics,300.0,1,False
18,4e344d0d4b5f9d71f803a3f517c935ff9f9a698165a4e4c2f02e39643bfc255e,proven_maximal,maximize_sum_testing_e_values_at_maximum_cardinality,proven_optimal,45017.40476805597,1.3296154310471606,33857.462629327165,0,0,8,,,42;53;60;72;79;120;148;169,0,0,8,0,0,0,0.0,0.0,0.26666666666666666,0.0,0.0,0.0,0,8,0.49693944299360737,7,5,251,52,8,,method1_proportional_scores_gamma1,unrestricted_maximum_cardinality_then_maximum_testing_evalue_sum,200,0,6,exact_fixed_count_order_statistics,300.0,1,False
19,7d2f1664c84d519d628b2fd47aed899bced9c1c2bd90b0c258f7c0e41ace2c42,proven_maximal,maximize_sum_testing_e_values_at_maximum_cardinality,proven_optimal,19254.25908021823,2.942176681133105,6544.222583126089,0,0,13,,,9;12;15;22;23;26;55;68;126;132;150;161;168,0,0,13,0,0,0,0.0,0.0,0.43333333333333335,0.0,0.0,0.0,0,13,0.39345328800118295,8,8,272,55,13,,method1_proportional_scores_gamma1,unrestricted_maximum_cardinality_then_maximum_testing_evalue_sum,200,0,8,exact_fixed_count_order_statistics,300.0,1,False
20,9e31fab12cdb3c2a7a20544ea204a62d8310b074694f1439e038ba8527c0a5cc,proven_maximal,maximize_sum_testing_e_values_at_maximum_cardinality,proven_optimal,24857.98947403551,1.8095843835362677,13736.85012989465,0,0,9,,,45;64;72;78;84;106;112;115;163,0,0,9,0,0,0,0.0,0.0,0.3,0.0,0.0,0.0,0,9,0.9904874470012146,36,35,294,48,9,,method1_proportional_scores_gamma1,unrestricted_maximum_cardinality_then_maximum_testing_evalue_sum,200,0,2,exact_fixed_count_order_statistics,300.0,1,False
21,58ba733e8f3111bb4228aac19df37567208200b65953dac2f7852965befa2a0b,proven_maximal,maximize_sum_testing_e_values_at_maximum_cardinality,proven_optimal,111873.89094978511,2.08053326906639,53771.73853124057,0,0,4,,,69;85;109;197,0,0,4,0,0,0,0.0,0.0,0.13333333333333333,0.0,0.0,0.0,0,4,0.3971112379949773,5,4,246,49,4,,method1_proportional_scores_gamma1,unrestricted_maximum_cardinality_then_maximum_testing_evalue_sum,200,0,6,exact_fixed_count_order_statistics,300.0,1,False
22,e26b52b2b4fdf867a7a45f305688be58a538e5dc088e088dfa7f35970f77306a,proven_maximal,maximize_sum_testing_e_values_at_maximum_cardinality,proven_optimal,0.0,0.0,14794.766184809165,0,0,0,,,,0,0,0,0,0,0,0.0,0.0,0.0,0.0,0.0,0.0,0,0,0.4976974680030253,8,5,254,51,0,,method1_proportional_scores_gamma1,unrestricted_maximum_cardinality_then_maximum_testing_evalue_sum,200,0,5,exact_fixed_count_order_statistics,300.0,1,False
23,aaad73ea8a6e5aed6508f2841d299d19f896f4f74620305f97d8ebfa304b7988,proven_maximal,maximize_sum_testing_e_values_at_maximum_cardinality,proven_optimal,8213.691067189517,2.624934058052335,3129.1037738616424,0,0,11,,,16;19;22;23;27;51;62;111;132;174;188,0,0,11,0,0,0,0.0,0.0,0.36666666666666664,0.0,0.0,0.0,0,11,0.3421572580045904,7,7,255,50,11,,method1_proportional_scores_gamma1,unrestricted_maximum_cardinality_then_maximum_testing_evalue_sum,200,0,2,exact_fixed_count_order_statistics,300.0,1,False
24,963f25e386ed47d3d278b5a2ccc409b3823f36ca1782a3995a1a1198ff4aa3e5,proven_maximal,maximize_sum_testing_e_values_at_maximum_cardinality,proven_optimal,82103.07410267043,1.0645734888205503,77122.97456668127,0,0,7,,,19;79;81;89;105;138;167,0,0,7,0,0,0,0.0,0.0,0.23333333333333334,0.0,0.0,0.0,0,7,0.3871949759995914,6,5,247,47,7,,method1_proportional_scores_gamma1,unrestricted_maximum_cardinality_then_maximum_testing_evalue_sum,200,0,6,exact_fixed_count_order_statistics,300.0,1,False
25,aabdee9b869bf74d5d8e7804108a3b98f8a7e4e92ec7e068fbd96588b9a76596,proven_maximal,maximize_sum_testing_e_values_at_maximum_cardinality,proven_optimal,9530.632030663668,2.771589132720894,3438.688627454446,0,0,9,,,1;71;107;128;129;151;154;165;179,0,0,9,0,0,0,0.0,0.0,0.3,0.0,0.0,0.0,0,9,0.4704988180019427,6,5,254,52,9,,method1_proportional_scores_gamma1,unrestricted_maximum_cardinality_then_maximum_testing_evalue_sum,200,0,7,exact_fixed_count_order_statistics,300.0,1,False
26,8557ef0f2c41b4903367f5a7c472e726988e8c83e125d3a4bea6b73f1b94fa29,proven_maximal,maximize_sum_testing_e_values_at_maximum_cardinality,proven_optimal,0.0,0.0,7220.180276776025,0,0,0,,,,0,0,0,0,0,0,0.0,0.0,0.0,0.0,0.0,0.0,0,0,0.16660965500341263,3,3,252,52,0,,method1_proportional_scores_gamma1,unrestricted_maximum_cardinality_then_maximum_testing_evalue_sum,200,0,3,exact_fixed_count_order_statistics,300.0,1,False
27,587a6374dfcab3b3a6cb24ba0d61d7261277bc71281004adabfbd5b8eeb74a61,proven_maximal,maximize_sum_testing_e_values_at_maximum_cardinality,proven_optimal,3027.8778475754034,0.15472678933010564,19569.18941241328,0,0,2,,,4;19,0,0,2,0,0,0,0.0,0.0,0.06666666666666667,0.0,0.0,0.0,0,2,0.5271817569955601,6,4,247,47,2,,method1_proportional_scores_gamma1,unrestricted_maximum_cardinality_then_maximum_testing_evalue_sum,200,0,8,exact_fixed_count_order_statistics,300.0,1,False
28,363c60ee4c3336d5c56e03e40ef3a79353116bc1c65ab1a9e2aff765b0c1fe9e,proven_maximal,maximize_sum_testing_e_values_at_maximum_cardinality,proven_optimal,5232.813802454296,1.346096361602986,3887.3991132572783,0,0,10,,,3;10;20;69;73;110;115;131;178;189,0,0,10,0,0,0,0.0,0.0,0.3333333333333333,0.0,0.0,0.0,0,10,0.19357587700505974,5,5,254,54,10,,method1_proportional_scores_gamma1,unrestricted_maximum_cardinality_then_maximum_testing_evalue_sum,200,0,2,exact_fixed_count_order_statistics,300.0,1,False
29,4130950dd628e92b3550bf5bb53d65241b0615210cdb99bf67a634e84dcbca2d,proven_maximal,maximize_sum_testing_e_values_at_maximum_cardinality,proven_optimal,10805.05709787107,0.47841733648175583,22585.003247019904,0,0,5,,,12;38;51;75;96,0,0,5,0,0,0,0.0,0.0,0.16666666666666666,0.0,0.0,0.0,0,5,0.49728247199527686,8,6,255,54,5,,method1_proportional_scores_gamma1,unrestricted_maximum_cardinality_then_maximum_testing_evalue_sum,200,0,10,exact_fixed_count_order_statistics,300.0,1,False
30,7a692df00c5071f172b935357de706d24c78d4a049f258a83a822ff339491fab,proven_maximal,maximize_sum_testing_e_values_at_maximum_cardinality,proven_optimal,0.0,0.0,3054.5917030126,0,0,0,,,,0,0,0,0,0,0,0.0,0.0,0.0,0.0,0.0,0.0,0,0,0.12929146300302818,3,3,250,50,0,,method1_proportional_scores_gamma1,unrestricted_maximum_cardinality_then_maximum_testing_evalue_sum,200,0,4,exact_fixed_count_order_statistics,300.0,1,False
31,0fde08832dd7d0215f327b9ea9a076460883c9201eefb9d29bac51d154301d22,proven_maximal,maximize_sum_testing_e_values_at_maximum_cardinality,proven_optimal,21381.58981058349,2.2697892491511564,9420.077136491707,0,0,7,,,67;70;129;137;145;158;168,0,0,7,0,0,0,0.0,0.0,0.23333333333333334,0.0,0.0,0.0,0,7,0.5247931139965658,8,6,253,53,7,,method1_proportional_scores_gamma1,unrestricted_maximum_cardinality_then_maximum_testing_evalue_sum,200,0,10,exact_fixed_count_order_statistics,300.0,1,False
32,b1f1871dac7f072aadf177d06cf2ba64678b54d556d9c9b572349f26ee3c2264,proven_maximal,maximize_sum_testing_e_values_at_maximum_cardinality,proven_optimal,8215.854558197323,1.6552072264458224,4963.641063747036,0,0,11,,,1;2;57;65;118;132;152;162;172;186;187,0,0,11,0,0,0,0.0,0.0,0.36666666666666664,0.0,0.0,0.0,0,11,1.3433516349978163,28,27,339,56,11,,method1_proportional_scores_gamma1,unrestricted_maximum_cardinality_then_maximum_testing_evalue_sum,200,0,6,exact_fixed_count_order_statistics,300.0,1,False
33,fee6eaa1e515938b91c96fcdea62ce6122284695d3827d5acf47dc2080871ac8,proven_maximal,maximize_sum_testing_e_values_at_maximum_cardinality,proven_optimal,20709.762970963322,0.9489490049020234,21823.89450221464,0,0,4,,,18;28;99;186,0,0,4,0,0,0,0.0,0.0,0.13333333333333333,0.0,0.0,0.0,0,4,0.447955287003424,5,4,251,52,4,,method1_proportional_scores_gamma1,unrestricted_maximum_cardinality_then_maximum_testing_evalue_sum,200,0,8,exact_fixed_count_order_statistics,300.0,1,False
34,b4de88b644bc53df7c5c75c7f4a245213dfd30516167c9430689e253e755cff2,proven_maximal,maximize_sum_testing_e_values_at_maximum_cardinality,proven_optimal,59651.09809546931,1.80134466750928,33114.76097350592,0,0,3,,,81;82;96,0,0,3,0,0,0,0.0,0.0,0.1,0.0,0.0,0.0,0,3,0.8634089210027014,11,7,266,59,3,,method1_proportional_scores_gamma1,unrestricted_maximum_cardinality_then_maximum_testing_evalue_sum,200,0,3,exact_fixed_count_order_statistics,300.0,1,False
35,a8d5f8e331551a8d01ebb67798dfd7a1a8cf109d6cd8b9fb1233f5775f71cdbe,proven_maximal,maximize_sum_testing_e_values_at_maximum_cardinality,proven_optimal,17507.395728409792,1.6113476938831333,10865.063942977633,0,0,10,,,1;4;39;44;111;119;147;162;173;185,0,0,10,0,0,0,0.0,0.0,0.3333333333333333,0.0,0.0,0.0,0,10,1.0904108320028172,17,16,302,61,10,,method1_proportional_scores_gamma1,unrestricted_maximum_cardinality_then_maximum_testing_evalue_sum,200,0,3,exact_fixed_count_order_statistics,300.0,1,False
36,90135a731f66ef09027a96284ca5a0a2e98765a5a4d1e249e90c3dc98bffe8ff,proven_maximal,maximize_sum_testing_e_values_at_maximum_cardinality,proven_optimal,16926.612902574667,2.2158226546531092,7638.97456641202,0,0,7,,,14;15;140;150;159;168;198,0,0,7,0,0,0,0.0,0.0,0.23333333333333334,0.0,0.0,0.0,0,7,0.47678435599664226,5,4,249,51,7,,method1_proportional_scores_gamma1,unrestricted_maximum_cardinality_then_maximum_testing_evalue_sum,200,0,5,exact_fixed_count_order_statistics,300.0,1,False
37,bbff92a823cd2acc91a3690bd3afbe25bc697a5c34c9a7c9d52e1fdaf62d9522,proven_maximal,maximize_sum_testing_e_values_at_maximum_cardinality,proven_optimal,105248.90256778838,1.2101193335181666,86973.98649255474,0,0,5,,,12;81;124;125;144,0,0,5,0,0,0,0.0,0.0,0.16666666666666666,0.0,0.0,0.0,0,5,0.3506859480039566,5,4,248,52,5,,method1_proportional_scores_gamma1,unrestricted_maximum_cardinality_then_maximum_testing_evalue_sum,200,0,7,exact_fixed_count_order_statistics,300.0,1,False
38,3072eebf3d6ad62e0c2a5d16c5780cc70bf0823cb673816b715b44e4f0344c57,proven_maximal,maximize_sum_testing_e_values_at_maximum_cardinality,proven_optimal,53353.130667929334,1.0187833309942407,52369.45780793399,0,0,7,,,19;53;68;81;152;176;183,0,0,7,0,0,0,0.0,0.0,0.23333333333333334,0.0,0.0,0.0,0,7,0.41858823700022185,6,5,257,58,7,,method1_proportional_scores_gamma1,unrestricted_maximum_cardinality_then_maximum_testing_evalue_sum,200,0,1,exact_fixed_count_order_statistics,300.0,1,False
39,51dde3d70e5759ecd3712ba4b2c228554520e878c6a6528fbea871b361eab7be,proven_maximal,maximize_sum_testing_e_values_at_maximum_cardinality,proven_optimal,16980.85417089517,2.210374850481819,7682.341376257367,0,0,7,,,93;125;133;147;190;192;198,0,0,7,0,0,0,0.0,0.0,0.23333333333333334,0.0,0.0,0.0,0,7,0.39128405500377994,5,4,251,55,7,,method1_proportional_scores_gamma1,unrestricted_maximum_cardinality_then_maximum_testing_evalue_sum,200,0,4,exact_fixed_count_order_statistics,300.0,1,False
40,b135e1fb9560c5f2daa8a8edaf7c69504d89fa7dcde73ad27b78f4da4bfd9dee,proven_maximal,maximize_sum_testing_e_values_at_maximum_cardinality,proven_optimal,14490.817175751301,1.7456622640827721,8301.042804156192,0,0,2,,,93;192,0,0,2,0,0,0,0.0,0.0,0.06666666666666667,0.0,0.0,0.0,0,2,0.272514558993862,3,3,254,55,2,,method1_proportional_scores_gamma1,unrestricted_maximum_cardinality_then_maximum_testing_evalue_sum,200,0,3,exact_fixed_count_order_statistics,300.0,1,False
41,44579496a7ad4e2e12501a456075ee2f8392f5f7da8a23363fecb2fd1db06700,proven_maximal,maximize_sum_testing_e_values_at_maximum_cardinality,proven_optimal,293144.2917645088,1.026925591299171,285458.16196249414,0,0,9,,,9;26;40;55;60;62;74;110;132,0,0,9,0,0,0,0.0,0.0,0.3,0.0,0.0,0.0,0,9,0.4850003410028876,8,7,259,45,9,,method1_proportional_scores_gamma1,unrestricted_maximum_cardinality_then_maximum_testing_evalue_sum,200,0,9,exact_fixed_count_order_statistics,300.0,1,False
42,6eec4eefc8bea0f9db43cce7825bc7254b5ab75da4089e135fdb8a5a237aaebd,proven_maximal,maximize_sum_testing_e_values_at_maximum_cardinality,proven_optimal,2270.7838531843518,0.5437547705674637,4176.117573763181,0,0,4,,,68;143;154;175,0,0,4,0,0,0,0.0,0.0,0.13333333333333333,0.0,0.0,0.0,0,4,0.54054529700079,6,4,253,52,4,,method1_proportional_scores_gamma1,unrestricted_maximum_cardinality_then_maximum_testing_evalue_sum,200,0,1,exact_fixed_count_order_statistics,300.0,1,False
43,3da803c74711696cfe1594a37b077feefba8f9ed2a68bed07d4ef43668e90ef6,proven_maximal,maximize_sum_testing_e_values_at_maximum_cardinality,proven_optimal,80370.04255550982,1.1091898980746953,72458.32539136372,0,0,2,,,84;180,0,0,2,0,0,0,0.0,0.0,0.06666666666666667,0.0,0.0,0.0,0,2,0.63842803100124,7,4,261,60,2,,method1_proportional_scores_gamma1,unrestricted_maximum_cardinality_then_maximum_testing_evalue_sum,200,0,6,exact_fixed_count_order_statistics,300.0,1,False
44,d02b7d002316684ab1c84dd8aef4a3ee3fe83c3ff8c9bb3183191ff4824b736b,proven_maximal,maximize_sum_testing_e_values_at_maximum_cardinality,proven_optimal,14838.867887251774,1.9115185371508605,7762.868943645857,0,0,9,,,23;30;47;48;54;95;101;122;154,0,0,9,0,0,0,0.0,0.0,0.3,0.0,0.0,0.0,0,9,0.6225634509974043,11,10,281,51,9,,method1_proportional_scores_gamma1,unrestricted_maximum_cardinality_then_maximum_testing_evalue_sum,200,0,6,exact_fixed_count_order_statistics,300.0,1,False
45,c628c9ad6940c02b03f977c3995cfa48251c91db659771ea214ec36e4a5c4b28,proven_maximal,maximize_sum_testing_e_values_at_maximum_cardinality,proven_optimal,9716.336321810126,0.8410860026721292,11552.131756968178,0,0,5,,,13;54;79;178;195,0,0,5,0,0,0,0.0,0.0,0.16666666666666666,0.0,0.0,0.0,0,5,0.19395295000140322,3,3,243,47,5,,method1_proportional_scores_gamma1,unrestricted_maximum_cardinality_then_maximum_testing_evalue_sum,200,0,8,exact_fixed_count_order_statistics,300.0,1,False
46,aa4e0bff32ba04619be37748c9354909836dfe2bef738c4c266d27dddbdab5fc,proven_maximal,maximize_sum_testing_e_values_at_maximum_cardinality,proven_optimal,0.0,0.0,2403.336672079129,0,0,0,,,,0,0,0,0,0,0,0.0,0.0,0.0,0.0,0.0,0.0,0,0,0.12262290700164158,3,3,244,44,0,,method1_proportional_scores_gamma1,unrestricted_maximum_cardinality_then_maximum_testing_evalue_sum,200,0,0,exact_fixed_count_order_statistics,300.0,1,False
47,9b1a859d45bab9af8df0c42f963174aeb577e3af1e76b19e9eb572677c1f9eb9,proven_maximal,maximize_sum_testing_e_values_at_maximum_cardinality,proven_optimal,4900190.693913296,1.0218863892864298,4795240.2001704285,0,0,13,,,78;79;85;111;115;128;131;134;158;168;170;175;182,0,0,13,0,0,0,0.0,0.0,0.43333333333333335,0.0,0.0,0.0,0,13,0.95549963900703,14,14,277,52,13,,method1_proportional_scores_gamma1,unrestricted_maximum_cardinality_then_maximum_testing_evalue_sum,200,0,15,exact_fixed_count_order_statistics,300.0,1,False
48,090e33c1a441ec91c4f8e2ba14547a90076f9599546c029122d13dc13b04bd4b,proven_maximal,maximize_sum_testing_e_values_at_maximum_cardinality,proven_optimal,4297.733106837133,3.9202794810902013,1096.2823256779552,0,0,10,,,3;6;14;15;43;89;147;191;193;198,0,0,10,0,0,0,0.0,0.0,0.3333333333333333,0.0,0.0,0.0,0,10,0.5344340129959164,11,11,262,52,10,,method1_proportional_scores_gamma1,unrestricted_maximum_cardinality_then_maximum_testing_evalue_sum,200,0,0,exact_fixed_count_order_statistics,300.0,1,False
49,2d812f0a4313ef9c84a342b9e7937442406640a8633b79b5fad8ef4ca5008e5c,proven_maximal,maximize_sum_testing_e_values_at_maximum_cardinality,proven_optimal,11867.877170163318,1.0414088224419122,11395.982936206865,0,0,6,,,34;43;111;119;130;131,0,0,6,0,0,0,0.0,0.0,0.2,0.0,0.0,0.0,0,6,0.1752928999994765,3,3,254,57,6,,method1_proportional_scores_gamma1,unrestricted_maximum_cardinality_then_maximum_testing_evalue_sum,200,0,5,exact_fixed_count_order_statistics,300.0,1,False
50,de9d25dc72954da7d033fc1a8f5b3123d7416a43a7f8544380a27f8416a92661,proven_maximal,maximize_sum_testing_e_values_at_maximum_cardinality,proven_optimal,908.5534299403017,0.31360768131915184,2897.1019654830657,0,0,2,,,25;72,0,0,2,0,0,0,0.0,0.0,0.06666666666666667,0.0,0.0,0.0,0,2,0.5546258550020866,7,5,256,54,2,,method1_proportional_scores_gamma1,unrestricted_maximum_cardinality_then_maximum_testing_evalue_sum,200,0,0,exact_fixed_count_order_statistics,300.0,1,False
51,c1cee41adc85ec3395a9a722021f7214517135dd8eedf6f00e419c21f76dfbcd,proven_maximal,maximize_sum_testing_e_values_at_maximum_cardinality,proven_optimal,5724.903401228497,0.7300990147499423,7841.269862813426,0,0,3,,,43;149;164,0,0,3,0,0,0,0.0,0.0,0.1,0.0,0.0,0.0,0,3,0.4037805150001077,5,4,254,56,3,,method1_proportional_scores_gamma1,unrestricted_maximum_cardinality_then_maximum_testing_evalue_sum,200,0,8,exact_fixed_count_order_statistics,300.0,1,False
52,54136ebb7ab6c3bbf510bf561f8eeb9bef7b57915ed268d79b395647d61b8e65,proven_maximal,maximize_sum_testing_e_values_at_maximum_cardinality,proven_optimal,108.58620634785154,0.10710289044070764,1013.8494479564496,0,0,1,,,59,0,0,1,0,0,0,0.0,0.0,0.03333333333333333,0.0,0.0,0.0,0,1,0.1709895069943741,3,3,256,57,1,,method1_proportional_scores_gamma1,unrestricted_maximum_cardinality_then_maximum_testing_evalue_sum,200,0,0,exact_fixed_count_order_statistics,300.0,1,False
53,24830ec111ca8a2569622780f2b5e8e39560af2bd075f757815971c67eff2e7e,proven_maximal,maximize_sum_testing_e_values_at_maximum_cardinality,proven_optimal,39052.69175934298,1.2934403025465513,30192.883028660275,0,0,7,,,0;4;10;86;93;120;145,0,0,7,0,0,0,0.0,0.0,0.23333333333333334,0.0,0.0,0.0,0,7,0.6081473610029207,10,7,256,52,7,,method1_proportional_scores_gamma1,unrestricted_maximum_cardinality_then_maximum_testing_evalue_sum,200,0,8,exact_fixed_count_order_statistics,300.0,1,False
54,5c6d7bbb5c4fc0d5bb94ac5ac5d9dd792ee55a1d46e8b4eeac4be597d5733f86,proven_maximal,maximize_sum_testing_e_values_at_maximum_cardinality,proven_optimal,186833.97523006322,2.1206803828071763,88100.95889261177,0,0,15,,,32;38;47;74;79;90;99;118;136;144;145;162;164;171;195,0,0,15,0,0,0,0.0,0.0,0.5,0.0,0.0,0.0,0,15,0.19180242500442546,5,5,252,57,15,,method1_proportional_scores_gamma1,unrestricted_maximum_cardinality_then_maximum_testing_evalue_sum,200,0,9,exact_fixed_count_order_statistics,300.0,1,False
55,7e9ec5e57d1cec4f840241b6f45daac5280712660c602a7090e969c34fbfe60f,proven_maximal,maximize_sum_testing_e_values_at_maximum_cardinality,proven_optimal,29344.596953589436,2.5717545532790145,11410.341207007785,0,0,11,,,32;40;79;80;96;99;109;126;155;159;194,0,0,11,0,0,0,0.0,0.0,0.36666666666666664,0.0,0.0,0.0,0,11,0.38039959800516954,7,7,251,46,11,,method1_proportional_scores_gamma1,unrestricted_maximum_cardinality_then_maximum_testing_evalue_sum,200,0,9,exact_fixed_count_order_statistics,300.0,1,False
56,874442988a66094ca5767bc62fe6e2005358b2d03b9c013abc36161037eb9a47,proven_maximal,maximize_sum_testing_e_values_at_maximum_cardinality,proven_optimal,0.0,0.0,5498.613027564455,0,0,0,,,,0,0,0,0,0,0,0.0,0.0,0.0,0.0,0.0,0.0,0,0,0.17932171499705873,3,3,253,53,0,,method1_proportional_scores_gamma1,unrestricted_maximum_cardinality_then_maximum_testing_evalue_sum,200,0,13,exact_fixed_count_order_statistics,300.0,1,False
57,91aa70ad425f68b4b8d4d60a95f356b5a627a6a9783d7dd1cf6de512968ea1c6,proven_maximal,maximize_sum_testing_e_values_at_maximum_cardinality,proven_optimal,943.2961163508396,0.11098286572872147,8499.475213197005,0,0,3,,,21;73;175,0,0,3,0,0,0,0.0,0.0,0.1,0.0,0.0,0.0,0,3,0.1342061269970145,3,3,249,51,3,,method1_proportional_scores_gamma1,unrestricted_maximum_cardinality_then_maximum_testing_evalue_sum,200,0,1,exact_fixed_count_order_statistics,300.0,1,False
58,546f46dbe56442d5c8e412179384d4201a507672d40ba6c9e395bb80032771e9,proven_maximal,maximize_sum_testing_e_values_at_maximum_cardinality,proven_optimal,35481.463843161706,1.0680938615764615,33219.42492094521,0,0,5,,,13;50;109;131;162,0,0,5,0,0,0,0.0,0.0,0.16666666666666666,0.0,0.0,0.0,0,5,0.48207968399947276,7,5,258,56,5,,method1_proportional_scores_gamma1,unrestricted_maximum_cardinality_then_maximum_testing_evalue_sum,200,0,4,exact_fixed_count_order_statistics,300.0,1,False
59,56828d8a3cac9a2d7b46a9e9680639adab7cb78c607d0e783542d1028af85891,proven_maximal,maximize_sum_testing_e_values_at_maximum_cardinality,proven_optimal,12246.837619208258,0.3512060641507771,34870.8034094495,0,0,3,,,59;122;174,0,0,3,0,0,0,0.0,0.0,0.1,0.0,0.0,0.0,0,3,0.3939462089983863,5,4,256,58,3,,method1_proportional_scores_gamma1,unrestricted_maximum_cardinality_then_maximum_testing_evalue_sum,200,0,10,exact_fixed_count_order_statistics,300.0,1,False
60,521965938d57539d258acbc20ef7a474728d9b02b852d2eb656a37096435d8b8,proven_maximal,maximize_sum_testing_e_values_at_maximum_cardinality,proven_optimal,6135.921127825688,1.0,6135.921127825688,0,0,1,,,181,0,0,1,0,0,0,0.0,0.0,0.03333333333333333,0.0,0.0,0.0,0,1,0.15719663100026082,3,3,248,49,1,,method1_proportional_scores_gamma1,unrestricted_maximum_cardinality_then_maximum_testing_evalue_sum,200,0,4,exact_fixed_count_order_statistics,300.0,1,False
61,35e3f97364a9fca9a8cc8d2a34f50d2b1cfdee46880e393e5813325a98a4543d,proven_maximal,maximize_sum_testing_e_values_at_maximum_cardinality,proven_optimal,2365.747584295899,0.06693725299065224,35342.76473261122,0,0,7,,,31;83;134;139;167;186;196,0,0,7,0,0,0,0.0,0.0,0.23333333333333334,0.0,0.0,0.0,0,7,0.6062959039991256,11,8,282,68,7,,method1_proportional_scores_gamma1,unrestricted_maximum_cardinality_then_maximum_testing_evalue_sum,200,0,1,exact_fixed_count_order_statistics,300.0,1,False
62,e1b3e693a39cb2efaa1f71dc64051f12ad4a340091bf5458cc7321ffb45684f9,proven_maximal,maximize_sum_testing_e_values_at_maximum_cardinality,proven_optimal,12010.903188847831,1.0824980769798067,11095.542287112892,0,0,10,,,12;48;50;73;87;98;112;132;138;172,0,0,10,0,0,0,0.0,0.0,0.3333333333333333,0.0,0.0,0.0,0,10,0.297082295997825,8,8,263,52,10,,method1_proportional_scores_gamma1,unrestricted_maximum_cardinality_then_maximum_testing_evalue_sum,200,0,16,exact_fixed_count_order_statistics,300.0,1,False
63,af5c4cf75175f53e48c34bef90c7d157458e705479ba97b02f42b10430e2a807,proven_maximal,maximize_sum_testing_e_values_at_maximum_cardinality,proven_optimal,25850.91770973336,3.4684543372356895,7453.152094928886,0,0,19,,,8;14;19;41;65;79;87;93;104;116;125;147;148;161;174;176;178;179;197,0,0,19,0,0,0,0.0,0.0,0.6333333333333333,0.0,0.0,0.0,0,19,0.2528422710020095,5,5,266,55,19,,method1_proportional_scores_gamma1,unrestricted_maximum_cardinality_then_maximum_testing_evalue_sum,200,0,11,exact_fixed_count_order_statistics,300.0,1,False
64,eb3451c4e824b462b73e39afd67bd0e3da0299447b3ddb8afde8915809d6e056,proven_maximal,maximize_sum_testing_e_values_at_maximum_cardinality,proven_optimal,1290.2685718923742,0.4205080254243995,3068.356592220006,0,0,4,,,10;42;167;192,0,0,4,0,0,0,0.0,0.0,0.13333333333333333,0.0,0.0,0.0,0,4,3.5285156589961844,10,6,256,51,4,,method1_proportional_scores_gamma1,unrestricted_maximum_cardinality_then_maximum_testing_evalue_sum,200,0,0,exact_fixed_count_order_statistics,300.0,1,False
65,55097e75a914ba95fcc83947e4421c8d5a278db4b4037ee04fb48616075e6046,proven_maximal,maximize_sum_testing_e_values_at_maximum_cardinality,proven_optimal,47314.83082329814,1.449584689091133,32640.26667732246,0,0,8,,,11;32;47;88;89;112;154;163,0,0,8,0,0,0,0.0,0.0,0.26666666666666666,0.0,0.0,0.0,0,8,0.42678274500212865,6,5,254,54,8,,method1_proportional_scores_gamma1,unrestricted_maximum_cardinality_then_maximum_testing_evalue_sum,200,0,8,exact_fixed_count_order_statistics,300.0,1,False
66,2b133ec0a0221e2b1832fa1adb286589031890e6c3106be0094e4a918735c481,proven_maximal,maximize_sum_testing_e_values_at_maximum_cardinality,proven_optimal,11661.684471730074,0.7988223889795425,14598.594922492495,0,0,10,,,11;69;81;108;124;128;132;141;151;184,0,0,10,0,0,0,0.0,0.0,0.3333333333333333,0.0,0.0,0.0,0,10,0.18444624100084184,5,5,242,47,10,,method1_proportional_scores_gamma1,unrestricted_maximum_cardinality_then_maximum_testing_evalue_sum,200,0,10,exact_fixed_count_order_statistics,300.0,1,False
67,83780aa546ac65b1d17ba3ae6f707ef46654988272e6100255f44adb9f7a89b2,proven_maximal,maximize_sum_testing_e_values_at_maximum_cardinality,proven_optimal,1202.3405675744957,0.23172204037975613,5188.719060146578,0,0,1,,,51,0,0,1,0,0,0,0.0,0.0,0.03333333333333333,0.0,0.0,0.0,0,1,0.1695270639975206,3,3,260,61,1,,method1_proportional_scores_gamma1,unrestricted_maximum_cardinality_then_maximum_testing_evalue_sum,200,0,6,exact_fixed_count_order_statistics,300.0,1,False
68,1e52815ba396d39849052713323e728e73c6f98da07783c5b00c1c3307e62457,proven_maximal,maximize_sum_testing_e_values_at_maximum_cardinality,proven_optimal,12652.97814943341,1.4350495101004106,8817.102169909162,0,0,6,,,12;34;51;92;106;150,0,0,6,0,0,0,0.0,0.0,0.2,0.0,0.0,0.0,0,6,7.0681535199983045,7,5,270,63,6,,method1_proportional_scores_gamma1,unrestricted_maximum_cardinality_then_maximum_testing_evalue_sum,200,0,9,exact_fixed_count_order_statistics,300.0,1,False
69,189f42c4bf966a9970916f843bf52a6a1daeaa6f6ee510d66f5e518aab5430b1,proven_maximal,maximize_sum_testing_e_values_at_maximum_cardinality,proven_optimal,47990.909120551165,1.683805536919577,28501.455820336418,0,0,9,,,9;11;53;65;66;79;130;139;148,0,0,9,0,0,0,0.0,0.0,0.3,0.0,0.0,0.0,0,9,8.50485119500081,15,14,292,49,9,,method1_proportional_scores_gamma1,unrestricted_maximum_cardinality_then_maximum_testing_evalue_sum,200,0,6,exact_fixed_count_order_statistics,300.0,1,False
70,89502c26ac1c8b48c6da216959b2fa911bbfeeb34ebd90077916af8f72d5a430,proven_maximal,maximize_sum_testing_e_values_at_maximum_cardinality,proven_optimal,5066.504102482175,0.21897088750220503,23137.79772405204,0,0,5,,,15;45;142;150;156,0,0,5,0,0,0,0.0,0.0,0.16666666666666666,0.0,0.0,0.0,0,5,9.943253338999057,10,7,252,49,5,,method1_proportional_scores_gamma1,unrestricted_maximum_cardinality_then_maximum_testing_evalue_sum,200,0,13,exact_fixed_count_order_statistics,300.0,1,False
71,cdc465ce0db0ec69873b7e80b5a1520ac71972c0342eae403b608bda01e6ddbd,proven_maximal,maximize_sum_testing_e_values_at_maximum_cardinality,proven_optimal,2907.1091114677465,0.0793332825911943,36644.25593540768,0,0,2,,,16;36,0,0,2,0,0,0,0.0,0.0,0.06666666666666667,0.0,0.0,0.0,0,2,3.9880949719954515,3,3,249,51,2,,method1_proportional_scores_gamma1,unrestricted_maximum_cardinality_then_maximum_testing_evalue_sum,200,0,6,exact_fixed_count_order_statistics,300.0,1,False
72,89d76472f310c3c42a7d0900e80f15b93fab0b54a9eec7ba3a1c2284072e6341,proven_maximal,maximize_sum_testing_e_values_at_maximum_cardinality,proven_optimal,3044.293317549923,2.2281791140340466,1366.269568894005,0,0,10,,,52;53;63;69;87;91;120;165;196;199,0,0,10,0,0,0,0.0,0.0,0.3333333333333333,0.0,0.0,0.0,0,10,3.4915192389962613,5,5,259,55,10,,method1_proportional_scores_gamma1,unrestricted_maximum_cardinality_then_maximum_testing_evalue_sum,200,0,0,exact_fixed_count_order_statistics,300.0,1,False
73,5506584dc71333613ddfdceb8fb9e12243d1f45343a31e0a29e91743f2437736,proven_maximal,maximize_sum_testing_e_values_at_maximum_cardinality,proven_optimal,5463.289781555982,1.1410225740916065,4788.064588385054,0,0,2,,,13;41,0,0,2,0,0,0,0.0,0.0,0.06666666666666667,0.0,0.0,0.0,0,2,2.1563282620045356,3,3,247,49,2,,method1_proportional_scores_gamma1,unrestricted_maximum_cardinality_then_maximum_testing_evalue_sum,200,0,3,exact_fixed_count_order_statistics,300.0,1,False
74,3fdfb38ede5808894ace115b52b9af0333917ea22a6960d509d3b720158b93c4,proven_maximal,maximize_sum_testing_e_values_at_maximum_cardinality,proven_optimal,8407.332515715401,1.4576744977401317,5767.6336718173325,0,0,7,,,36;70;102;124;138;155;193,0,0,7,0,0,0,0.0,0.0,0.23333333333333334,0.0,0.0,0.0,0,7,2.4355724369961536,6,5,256,55,7,,method1_proportional_scores_gamma1,unrestricted_maximum_cardinality_then_maximum_testing_evalue_sum,200,0,7,exact_fixed_count_order_statistics,300.0,1,False
75,813d055ad2413a4ed12f2d6a76b1e7bc30944439190ccb43b730be723f24c639,proven_maximal,maximize_sum_testing_e_values_at_maximum_cardinality,proven_optimal,469.01763888528455,0.05868035297672494,7992.754219991082,0,0,2,,,128;140,0,0,2,0,0,0,0.0,0.0,0.06666666666666667,0.0,0.0,0.0,0,2,0.6240494060039055,3,3,250,51,2,,method1_proportional_scores_gamma1,unrestricted_maximum_cardinality_then_maximum_testing_evalue_sum,200,0,1,exact_fixed_count_order_statistics,300.0,1,False
76,6e5859e2804f3623c4ce1b63cf7e63d351da995852f162012672e54486a04461,proven_maximal,maximize_sum_testing_e_values_at_maximum_cardinality,proven_optimal,55019.048182823295,1.3803215537708224,39859.58781308592,0,0,9,,,4;31;45;68;87;104;108;130;145,0,0,9,0,0,0,0.0,0.0,0.3,0.0,0.0,0.0,0,9,0.5475235320045613,6,5,235,38,9,,method1_proportional_scores_gamma1,unrestricted_maximum_cardinality_then_maximum_testing_evalue_sum,200,0,11,exact_fixed_count_order_statistics,300.0,1,False
77,f600c1d8a0a1082e8a9727e5a37dca3a242d67dff88b38756b7e4f57948f8ad1,proven_maximal,maximize_sum_testing_e_values_at_maximum_cardinality,proven_optimal,0.0,0.0,3992.502617194522,0,0,0,,,,0,0,0,0,0,0,0.0,0.0,0.0,0.0,0.0,0.0,0,0,0.20013810899399687,3,3,260,60,0,,method1_proportional_scores_gamma1,unrestricted_maximum_cardinality_then_maximum_testing_evalue_sum,200,0,7,exact_fixed_count_order_statistics,300.0,1,False
78,b50b811187cf12dd656552a45c7458080f9a68135c9783b286cf8faf77aaaace,proven_maximal,maximize_sum_testing_e_values_at_maximum_cardinality,proven_optimal,66352.0937660854,1.3040625240425798,50881.067849718296,0,0,6,,,16;39;67;103;126;182,0,0,6,0,0,0,0.0,0.0,0.2,0.0,0.0,0.0,0,6,0.375762499999837,5,4,247,50,6,,method1_proportional_scores_gamma1,unrestricted_maximum_cardinality_then_maximum_testing_evalue_sum,200,0,8,exact_fixed_count_order_statistics,300.0,1,False
79,3b2525e9d671a6897d4386a3fa4fe0456d4ebf534dde3219e9fea002e13482ff,proven_maximal,maximize_sum_testing_e_values_at_maximum_cardinality,proven_optimal,20094.282375666535,1.023649185676381,19630.04773201587,0,0,3,,,20;62;121,0,0,3,0,0,0,0.0,0.0,0.1,0.0,0.0,0.0,0,3,0.38236597899958724,5,4,248,49,3,,method1_proportional_scores_gamma1,unrestricted_maximum_cardinality_then_maximum_testing_evalue_sum,200,0,5,exact_fixed_count_order_statistics,300.0,1,False
80,c24835719df7b144b916500b44bfbaf273cd04419001db8a30dbce486b29d38b,proven_maximal,maximize_sum_testing_e_values_at_maximum_cardinality,proven_optimal,2244.8031027970824,0.681542735879706,3293.708500758338,0,0,5,,,20;90;124;163;164,0,0,5,0,0,0,0.0,0.0,0.16666666666666666,0.0,0.0,0.0,0,5,0.4386980630006292,7,5,250,45,5,,method1_proportional_scores_gamma1,unrestricted_maximum_cardinality_then_maximum_testing_evalue_sum,200,0,0,exact_fixed_count_order_statistics,300.0,1,False
81,c42dc39de8111ddd8c40d65974e9945809f304edea5a978786d8619b90cae6e6,proven_maximal,maximize_sum_testing_e_values_at_maximum_cardinality,proven_optimal,20627.54352957164,1.9609619609509652,10519.09416925576,0,0,9,,,17;34;77;131;137;138;163;172;179,0,0,9,0,0,0,0.0,0.0,0.3,0.0,0.0,0.0,0,9,0.5242709390004165,6,5,250,51,9,,method1_proportional_scores_gamma1,unrestricted_maximum_cardinality_then_maximum_testing_evalue_sum,200,0,9,exact_fixed_count_order_statistics,300.0,1,False
82,7e09da12718076551ae6f1dde8397805109a004b23837b3c40f0cc7a66efb45f,proven_maximal,maximize_sum_testing_e_values_at_maximum_cardinality,proven_optimal,1094.6941232838926,1.2913065884315618,847.7414527974512,0,0,2,,,49;106,0,0,2,0,0,0,0.0,0.0,0.06666666666666667,0.0,0.0,0.0,0,2,0.14348563099338207,3,3,242,44,2,,method1_proportional_scores_gamma1,unrestricted_maximum_cardinality_then_maximum_testing_evalue_sum,200,0,0,exact_fixed_count_order_statistics,300.0,1,False
83,2342cbd0b222d0954a3761d908cd22a6fcbf7332e3c36418dec339ebe8df57c8,proven_maximal,maximize_sum_testing_e_values_at_maximum_cardinality,proven_optimal,17206.54285010727,1.4341351244722875,11997.853309979202,0,0,3,,,79;124;158,0,0,3,0,0,0,0.0,0.0,0.1,0.0,0.0,0.0,0,3,0.447282503999304,5,4,245,46,3,,method1_proportional_scores_gamma1,unrestricted_maximum_cardinality_then_maximum_testing_evalue_sum,200,0,7,exact_fixed_count_order_statistics,300.0,1,False
84,96b3fdcda895ccf96567e8a2ae7d51254585b7e5d8db7c4c9eaba4eac0de2411,proven_maximal,maximize_sum_testing_e_values_at_maximum_cardinality,proven_optimal,475036.60621580953,1.158512896013294,410039.9812988862,0,0,7,,,26;42;89;107;111;127;144,0,0,7,0,0,0,0.0,0.0,0.23333333333333334,0.0,0.0,0.0,0,7,0.6182431350025581,7,5,240,43,7,,method1_proportional_scores_gamma1,unrestricted_maximum_cardinality_then_maximum_testing_evalue_sum,200,0,6,exact_fixed_count_order_statistics,300.0,1,False
85,ae813732f5002daf319da511fff76582beac8ca3e0f618c9b6b6eb3f0f65fe9b,proven_maximal,maximize_sum_testing_e_values_at_maximum_cardinality,proven_optimal,4955.397281551565,0.4431246926492743,11182.850704900073,0,0,5,,,91;106;147;193;199,0,0,5,0,0,0,0.0,0.0,0.16666666666666666,0.0,0.0,0.0,0,5,0.5591085190026206,8,7,265,58,5,,method1_proportional_scores_gamma1,unrestricted_maximum_cardinality_then_maximum_testing_evalue_sum,200,0,2,exact_fixed_count_order_statistics,300.0,1,False
86,6fbcef0c9f293c599a7e1d54c1fe21053e360770ffd354f9013f865c457c35ab,proven_maximal,maximize_sum_testing_e_values_at_maximum_cardinality,proven_optimal,609459.6485851182,1.0139780977516712,601058.001091438,0,0,8,,,2;6;50;55;67;75;131;182,0,0,8,0,0,0,0.0,0.0,0.26666666666666666,0.0,0.0,0.0,0,8,0.34041097899898887,5,5,245,43,8,,method1_proportional_scores_gamma1,unrestricted_maximum_cardinality_then_maximum_testing_evalue_sum,200,0,10,exact_fixed_count_order_statistics,300.0,1,False
87,3b0283e37d68b133c599c1cf33ab51a38c2b38ed4547e55ff86ffa666c277df3,proven_maximal,maximize_sum_testing_e_values_at_maximum_cardinality,proven_optimal,0.0,0.0,5476.278476876792,0,0,0,,,,0,0,0,0,0,0,0.0,0.0,0.0,0.0,0.0,0.0,0,0,0.5239235389963142,5,3,256,55,0,,method1_proportional_scores_gamma1,unrestricted_maximum_cardinality_then_maximum_testing_evalue_sum,200,0,7,exact_fixed_count_order_statistics,300.0,1,False
88,cf16dc18f1802991890d895002ef9c2aecac99969efc742d959cb215cd077536,proven_maximal,maximize_sum_testing_e_values_at_maximum_cardinality,proven_optimal,7906.488942671273,0.9839322713190124,8035.602828711181,0,0,10,,,44;50;52;64;71;78;93;104;106;189,0,0,10,0,0,0,0.0,0.0,0.3333333333333333,0.0,0.0,0.0,0,10,0.43948118400294334,10,10,265,40,10,,method1_proportional_scores_gamma1,unrestricted_maximum_cardinality_then_maximum_testing_evalue_sum,200,0,5,exact_fixed_count_order_statistics,300.0,1,False
89,5fc132cfffb013e7724f562a7e3307935aaf067119dadb61b7924b0c88ef2a0f,proven_maximal,maximize_sum_testing_e_values_at_maximum_cardinality,proven_optimal,18357.766575965565,2.3081511661442886,7953.450729412915,0,0,6,,,7;82;99;137;183;197,0,0,6,0,0,0,0.0,0.0,0.2,0.0,0.0,0.0,0,6,0.3850392589956755,5,4,245,46,6,,method1_proportional_scores_gamma1,unrestricted_maximum_cardinality_then_maximum_testing_evalue_sum,200,0,9,exact_fixed_count_order_statistics,300.0,1,False
90,8e4a84a5dd57121bf718a5f38236c633970869a49f27dd1826bc153bdd836cc0,proven_maximal,maximize_sum_testing_e_values_at_maximum_cardinality,proven_optimal,508.67862989609955,0.003566641949817674,142621.1649650179,0,0,2,,,117;156,0,0,2,0,0,0,0.0,0.0,0.06666666666666667,0.0,0.0,0.0,0,2,0.39825491899682675,5,4,267,66,2,,method1_proportional_scores_gamma1,unrestricted_maximum_cardinality_then_maximum_testing_evalue_sum,200,0,1,exact_fixed_count_order_statistics,300.0,1,False
91,42b2bd14795aabad9c72b07033304f2b381eb6ca9e6dc1843e6d83dab65a8f9f,proven_maximal,maximize_sum_testing_e_values_at_maximum_cardinality,proven_optimal,30127.871704311034,1.5088478531426688,19967.468318001644,0,0,7,,,103;107;129;162;163;171;190,0,0,7,0,0,0,0.0,0.0,0.23333333333333334,0.0,0.0,0.0,0,7,0.5367023229991901,6,5,250,52,7,,method1_proportional_scores_gamma1,unrestricted_maximum_cardinality_then_maximum_testing_evalue_sum,200,0,7,exact_fixed_count_order_statistics,300.0,1,False
92,ba7000f0bbdef8c293c026818ae2f64cf9717524d137e30188f3f9ec31fa7307,proven_maximal,maximize_sum_testing_e_values_at_maximum_cardinality,proven_optimal,16856.57973349193,1.3018235829425036,12948.43629686836,0,0,7,,,39;52;58;82;99;119;192,0,0,7,0,0,0,0.0,0.0,0.23333333333333334,0.0,0.0,0.0,0,7,0.6763566049994552,6,4,257,55,7,,method1_proportional_scores_gamma1,unrestricted_maximum_cardinality_then_maximum_testing_evalue_sum,200,0,4,exact_fixed_count_order_statistics,300.0,1,False
93,e80ea6ee44043a91a362b3d56d5e49fa7fd28bd94c2ae222e74fbd0029c12395,proven_maximal,maximize_sum_testing_e_values_at_maximum_cardinality,proven_optimal,8953.927638291529,1.8513111747016877,4836.533026239808,0,0,9,,,23;51;69;79;91;107;155;185;196,0,0,9,0,0,0,0.0,0.0,0.3,0.0,0.0,0.0,0,9,0.5493627649993869,5,4,256,59,9,,method1_proportional_scores_gamma1,unrestricted_maximum_cardinality_then_maximum_testing_evalue_sum,200,0,1,exact_fixed_count_order_statistics,300.0,1,False
94,d26db012b9d222ecd1a0edbdddd606a186de9862c088b9ad9e68b20a38a38534,proven_maximal,maximize_sum_testing_e_values_at_maximum_cardinality,proven_optimal,1085.6115466800077,0.02571245510508907,42221.232559979886,0,0,5,,,15;63;85;88;113,0,0,5,0,0,0,0.0,0.0,0.16666666666666666,0.0,0.0,0.0,0,5,0.6128735809979844,7,5,254,51,5,,method1_proportional_scores_gamma1,unrestricted_maximum_cardinality_then_maximum_testing_evalue_sum,200,0,2,exact_fixed_count_order_statistics,300.0,1,False
95,851659d552b13c9fb2a62e3bbaf10fceb5bf9ff67aa202e31f40712846dc72fb,proven_maximal,maximize_sum_testing_e_values_at_maximum_cardinality,proven_optimal,10880.769518133775,2.279776185410425,4772.735844757904,0,0,10,,,19;37;72;77;97;111;146;156;183;199,0,0,10,0,0,0,0.0,0.0,0.3333333333333333,0.0,0.0,0.0,0,10,0.20853124299901538,4,4,254,53,10,,method1_proportional_scores_gamma1,unrestricted_maximum_cardinality_then_maximum_testing_evalue_sum,200,0,5,exact_fixed_count_order_statistics,300.0,1,False
96,61131c96fc2a45fd327be20281712e4843135acd6b646e978656c73fe7144f00,proven_maximal,maximize_sum_testing_e_values_at_maximum_cardinality,proven_optimal,35109.09023044651,1.039576712343568,33772.48625673655,0,0,4,,,55;141;156;192,0,0,4,0,0,0,0.0,0.0,0.13333333333333333,0.0,0.0,0.0,0,4,0.5195112210058141,7,5,248,46,4,,method1_proportional_scores_gamma1,unrestricted_maximum_cardinality_then_maximum_testing_evalue_sum,200,0,6,exact_fixed_count_order_statistics,300.0,1,False
97,dc611cd21020cc66411a6fd7ce273dcc24c1d558a53f8385af50163581a5e3aa,proven_maximal,maximize_sum_testing_e_values_at_maximum_cardinality,proven_optimal,14905.60055752113,2.1839760706262763,6824.983459295322,0,0,8,,,35;103;114;142;166;167;174;181,0,0,8,0,0,0,0.0,0.0,0.26666666666666666,0.0,0.0,0.0,0,8,0.447446622994903,6,5,263,63,8,,method1_proportional_scores_gamma1,unrestricted_maximum_cardinality_then_maximum_testing_evalue_sum,200,0,8,exact_fixed_count_order_statistics,300.0,1,False
98,b2d29e3c74b75c893a40a51a2adbc20625912f9b8c765f802ea074b23e0f9b78,proven_maximal,maximize_sum_testing_e_values_at_maximum_cardinality,proven_optimal,19066.79299185424,1.2418151821647203,15353.969951162288,0,0,10,,,19;21;33;120;134;140;161;184;192;193,0,0,10,0,0,0,0.0,0.0,0.3333333333333333,0.0,0.0,0.0,0,10,0.2289052400010405,8,8,259,51,10,,method1_proportional_scores_gamma1,unrestricted_maximum_cardinality_then_maximum_testing_evalue_sum,200,0,3,exact_fixed_count_order_statistics,300.0,1,False
99,cf278cfebb3e2625d85b0ff41408b75e0cbb091745b49c3ac3e76e625a6abcce,proven_maximal,maximize_sum_testing_e_values_at_maximum_cardinality,proven_optimal,235742.42242837342,1.0633972341175741,221688.015414105,0,0,13,,,0;8;37;73;90;117;148;149;153;158;190;193;195,0,0,13,0,0,0,0.0,0.0,0.43333333333333335,0.0,0.0,0.0,0,13,0.32617958699847804,6,6,268,54,13,,method1_proportional_scores_gamma1,unrestricted_maximum_cardinality_then_maximum_testing_evalue_sum,200,0,7,exact_fixed_count_order_statistics,300.0,1,False
100,dcda553e2877d1d503ab3503a551d19c5b1a41b9c25ea6cb4627378c39b90f4c,proven_maximal,maximize_sum_testing_e_values_at_maximum_cardinality,proven_optimal,159103.66582340846,1.098861698568446,144789.52722684073,0,0,11,,,0;38;64;66;73;81;90;114;121;151;168,0,0,11,0,0,0,0.0,0.0,0.36666666666666664,0.0,0.0,0.0,0,11,0.35051612600364024,9,9,259,49,11,,method1_proportional_scores_gamma1,unrestricted_maximum_cardinality_then_maximum_testing_evalue_sum,200,0,8,exact_fixed_count_order_statistics,300.0,1,False
101,f8b4fe509a650501814542265f5a807345a6ad73fe14afb5bc893d63426bdcc9,proven_maximal,maximize_sum_testing_e_values_at_maximum_cardinality,proven_optimal,32440.871842918077,1.3787194064113246,23529.712929303416,0,0,5,,,4;99;113;132;194,0,0,5,0,0,0,0.0,0.0,0.16666666666666666,0.0,0.0,0.0,0,5,0.6808960479975212,8,6,262,57,5,,method1_proportional_scores_gamma1,unrestricted_maximum_cardinality_then_maximum_testing_evalue_sum,200,0,6,exact_fixed_count_order_statistics,300.0,1,False
102,5c34182d63e1ba4830509e1475a458664aa9e221b1ade47c7ee647dd6b472ca6,proven_maximal,maximize_sum_testing_e_values_at_maximum_cardinality,proven_optimal,409961.39260673296,1.7321745139644438,236674.4166374152,0,0,11,,,26;42;49;57;76;109;126;142;157;158;181,0,0,11,0,0,0,0.0,0.0,0.36666666666666664,0.0,0.0,0.0,0,11,0.5455346009985078,11,11,279,50,11,,method1_proportional_scores_gamma1,unrestricted_maximum_cardinality_then_maximum_testing_evalue_sum,200,0,10,exact_fixed_count_order_statistics,300.0,1,False
103,688ac4329dd6f4ed5c19b8cb3384df90aa8857ef43674d462b0b14cee5253a0a,proven_maximal,maximize_sum_testing_e_values_at_maximum_cardinality,proven_optimal,7751.886965211013,3.0404182960483555,2549.6119975617084,0,0,16,,,9;15;19;24;25;26;27;28;32;51;97;108;160;172;185;191,0,0,15,0,0,1,0.0,0.0,0.5,0.0,0.0,0.0625,0,16,1.9938211899934686,14,14,334,64,16,,method1_proportional_scores_gamma1,unrestricted_maximum_cardinality_then_maximum_testing_evalue_sum,200,0,2,exact_fixed_count_order_statistics,300.0,1,False
104,659d7a176903ccd2857869e30635171b6c67d822a89d8c8f4ba05a5d6c49a68b,proven_maximal,maximize_sum_testing_e_values_at_maximum_cardinality,proven_optimal,941960.8987467539,1.0629663638521731,886162.4702150524,0,0,6,,,11;126;146;160;185;190,0,0,6,0,0,0,0.0,0.0,0.2,0.0,0.0,0.0,0,6,0.5049938840020332,8,6,260,60,6,,method1_proportional_scores_gamma1,unrestricted_maximum_cardinality_then_maximum_testing_evalue_sum,200,0,6,exact_fixed_count_order_statistics,300.0,1,False
105,ca612a77991144b95547b02f16aded920f582ec02f9cf5e1955ac8c3cadf61e3,proven_maximal,maximize_sum_testing_e_values_at_maximum_cardinality,proven_optimal,130488.21678995134,1.1231654895059018,116178.97630326512,0,0,9,,,51;102;125;126;149;156;163;174;182,0,0,9,0,0,0,0.0,0.0,0.3,0.0,0.0,0.0,0,9,0.2690363489964511,3,3,244,50,9,,method1_proportional_scores_gamma1,unrestricted_maximum_cardinality_then_maximum_testing_evalue_sum,200,0,9,exact_fixed_count_order_statistics,300.0,1,False
106,b91845a2456da3a5613ad831ae964c5ed4b9065f8969aa94bda29ecd40ad99b3,proven_maximal,maximize_sum_testing_e_values_at_maximum_cardinality,proven_optimal,2667.411331196247,0.0593166078550592,44969.04707892428,0,0,7,,,39;83;84;92;171;191;195,0,0,7,0,0,0,0.0,0.0,0.23333333333333334,0.0,0.0,0.0,0,7,0.6902150239984621,7,5,259,60,7,,method1_proportional_scores_gamma1,unrestricted_maximum_cardinality_then_maximum_testing_evalue_sum,200,0,1,exact_fixed_count_order_statistics,300.0,1,False
107,23b60697f65984008dbc76e43d1305530b97aeda5776e39d225619cb5e329d8a,proven_maximal,maximize_sum_testing_e_values_at_maximum_cardinality,proven_optimal,4973.316436613299,1.491933945188091,3333.469590026858,0,0,6,,,21;83;97;125;149;150,0,0,6,0,0,0,0.0,0.0,0.2,0.0,0.0,0.0,0,6,0.567076070998155,5,4,251,54,6,,method1_proportional_scores_gamma1,unrestricted_maximum_cardinality_then_maximum_testing_evalue_sum,200,0,0,exact_fixed_count_order_statistics,300.0,1,False
108,c9b1483cd76f2dbdd6c5c2529e231fac8a13691184f667c9421e648d508b447e,proven_maximal,maximize_sum_testing_e_values_at_maximum_cardinality,proven_optimal,15280.838566108672,1.4063477894287402,10865.618505587272,0,0,7,,,21;32;147;154;157;166;175,0,0,7,0,0,0,0.0,0.0,0.23333333333333334,0.0,0.0,0.0,0,7,0.621787370997481,6,4,255,59,7,,method1_proportional_scores_gamma1,unrestricted_maximum_cardinality_then_maximum_testing_evalue_sum,200,0,7,exact_fixed_count_order_statistics,300.0,1,False
109,9fcf782db621debb50e342f8958803d94b841d8c61eb56cfa8ed193c3fbaa885,proven_maximal,maximize_sum_testing_e_values_at_maximum_cardinality,proven_optimal,21319.46044153317,2.04177286340519,10441.641586898846,0,0,8,,,8;15;33;68;84;92;114;134,0,0,8,0,0,0,0.0,0.0,0.26666666666666666,0.0,0.0,0.0,0,8,0.6150974279953516,6,4,242,46,8,,method1_proportional_scores_gamma1,unrestricted_maximum_cardinality_then_maximum_testing_evalue_sum,200,0,9,exact_fixed_count_order_statistics,300.0,1,False
110,3595f4be6e6c1d1673cc2749006dcc58613c6aa775abcc27403eacfd1adfdf1d,proven_maximal,maximize_sum_testing_e_values_at_maximum_cardinality,proven_optimal,16678.639644162813,1.0890150498475384,15315.343572614369,0,0,7,,,2;17;58;74;139;147;161,0,0,7,0,0,0,0.0,0.0,0.23333333333333334,0.0,0.0,0.0,0,7,0.5103672129989718,9,7,272,59,7,,method1_proportional_scores_gamma1,unrestricted_maximum_cardinality_then_maximum_testing_evalue_sum,200,0,5,exact_fixed_count_order_statistics,300.0,1,False
111,e9b8e72ac627bdf6a4bf74a03da998be56a8f4e600d2d337bab34439106c8b80,proven_maximal,maximize_sum_testing_e_values_at_maximum_cardinality,proven_optimal,39375.42185410415,1.1244573085351686,35017.26704537902,0,0,9,,,8;16;81;89;137;149;153;188;189,0,0,8,0,0,1,0.0,0.0,0.26666666666666666,0.0,0.0,0.1111111111111111,0,9,0.4551305639979546,6,5,254,51,9,,method1_proportional_scores_gamma1,unrestricted_maximum_cardinality_then_maximum_testing_evalue_sum,200,0,3,exact_fixed_count_order_statistics,300.0,1,False
112,5c91082467be5aba3aaa9a6cd87da2024bfeec8eb7e63eba6c5aded643b05129,proven_maximal,maximize_sum_testing_e_values_at_maximum_cardinality,proven_optimal,205702.66808295666,1.0041630362416398,204849.8706473565,0,0,3,,,88;139;165,0,0,3,0,0,0,0.0,0.0,0.1,0.0,0.0,0.0,0,3,0.6764215859948308,9,6,264,59,3,,method1_proportional_scores_gamma1,unrestricted_maximum_cardinality_then_maximum_testing_evalue_sum,200,0,9,exact_fixed_count_order_statistics,300.0,1,False
113,d3b78f8e7c5b2fe6a80d4a2455517644a1c0d34979eb547ec52fec09104e4296,proven_maximal,maximize_sum_testing_e_values_at_maximum_cardinality,proven_optimal,31542.733997729752,1.3548425584323778,23281.4756234306,0,0,5,,,21;37;109;125;154,0,0,5,0,0,0,0.0,0.0,0.16666666666666666,0.0,0.0,0.0,0,5,0.3685699729976477,5,4,251,54,5,,method1_proportional_scores_gamma1,unrestricted_maximum_cardinality_then_maximum_testing_evalue_sum,200,0,9,exact_fixed_count_order_statistics,300.0,1,False
114,0116013e82c78bdfe25ee17afed3d9597f43e7561d596903f90076bb0eee044e,proven_maximal,maximize_sum_testing_e_values_at_maximum_cardinality,proven_optimal,130128.94160552885,1.0493882338985923,124004.57466736173,0,0,8,,,18;35;57;85;91;103;142;168,0,0,8,0,0,0,0.0,0.0,0.26666666666666666,0.0,0.0,0.0,0,8,0.5303950019952026,8,7,265,62,8,,method1_proportional_scores_gamma1,unrestricted_maximum_cardinality_then_maximum_testing_evalue_sum,200,0,8,exact_fixed_count_order_statistics,300.0,1,False
115,ba87105664a952085bc638ac2260c5a9e42a6344201dde68b9bc0922bc615fbc,proven_maximal,maximize_sum_testing_e_values_at_maximum_cardinality,proven_optimal,25936.408111244386,0.1656670939318716,156557.39166832002,0,0,11,,,20;21;35;42;49;59;89;111;160;178;196,0,0,11,0,0,0,0.0,0.0,0.36666666666666664,0.0,0.0,0.0,0,11,0.17254468399914913,6,6,246,47,11,,method1_proportional_scores_gamma1,unrestricted_maximum_cardinality_then_maximum_testing_evalue_sum,200,0,11,exact_fixed_count_order_statistics,300.0,1,False
116,2c14d969c8180e429f559aaa7629b16e70a28f84b7e004f5c64043daa58a8dcd,proven_maximal,maximize_sum_testing_e_values_at_maximum_cardinality,proven_optimal,22635.779763337116,1.336296490854512,16939.189706965684,0,0,4,,,109;112;117;155,0,0,4,0,0,0,0.0,0.0,0.13333333333333333,0.0,0.0,0.0,0,4,0.16451013700134354,3,3,248,51,4,,method1_proportional_scores_gamma1,unrestricted_maximum_cardinality_then_maximum_testing_evalue_sum,200,0,10,exact_fixed_count_order_statistics,300.0,1,False
117,bb045e236c955092d8022c7bcb54e417fbed24ba143690bbfc72f0be9edaaa4d,proven_maximal,maximize_sum_testing_e_values_at_maximum_cardinality,proven_optimal,165333.5509260524,1.1504275571388407,143714.87357034767,0,0,13,,,10;51;56;68;98;100;102;110;134;163;167;182;189,0,0,13,0,0,0,0.0,0.0,0.43333333333333335,0.0,0.0,0.0,0,13,0.19318708500213688,4,4,250,54,13,,method1_proportional_scores_gamma1,unrestricted_maximum_cardinality_then_maximum_testing_evalue_sum,200,0,5,exact_fixed_count_order_statistics,300.0,1,False
118,8fb7ec9410b0d94fa357ae69c7d7c3587cf13ff77100046dcb4b3382d6400d92,proven_maximal,maximize_sum_testing_e_values_at_maximum_cardinality,proven_optimal,7888.330610458167,4.306506255072284,1831.7239412266367,0,0,11,,,1;6;20;50;59;105;126;180;194;195;198,0,0,11,0,0,0,0.0,0.0,0.36666666666666664,0.0,0.0,0.0,0,11,0.15235031700285617,3,3,258,65,11,,method1_proportional_scores_gamma1,unrestricted_maximum_cardinality_then_maximum_testing_evalue_sum,200,0,5,exact_fixed_count_order_statistics,300.0,1,False
119,54e6cd66532a31243ba5cd252a8b98b5c55af10b4a48b64073db9f5aa3e15480,proven_maximal,maximize_sum_testing_e_values_at_maximum_cardinality,proven_optimal,1981.0787906445041,0.2780584445600002,7124.684861772007,0,0,3,,,80;82;170,0,0,3,0,0,0,0.0,0.0,0.1,0.0,0.0,0.0,0,3,0.4985092810020433,7,5,260,60,3,,method1_proportional_scores_gamma1,unrestricted_maximum_cardinality_then_maximum_testing_evalue_sum,200,0,3,exact_fixed_count_order_statistics,300.0,1,False
120,c1802ca1861a41d151b6b4b88a27009ba4e3aa426ad04f2b997d9fc0310e9621,proven_maximal,maximize_sum_testing_e_values_at_maximum_cardinality,proven_optimal,25142.786196286626,1.581575839093376,15897.300385354583,0,0,7,,,56;80;84;117;171;182;194,0,0,7,0,0,0,0.0,0.0,0.23333333333333334,0.0,0.0,0.0,0,7,0.49108554599661147,7,5,255,52,7,,method1_proportional_scores_gamma1,unrestricted_maximum_cardinality_then_maximum_testing_evalue_sum,200,0,9,exact_fixed_count_order_statistics,300.0,1,False
121,03413ed73f1bac2b66a87076f1b964f53d590988caec1f8c854c20c7cdabe977,proven_maximal,maximize_sum_testing_e_values_at_maximum_cardinality,proven_optimal,36225.508950559495,1.4262321724402391,25399.44733442576,0,0,9,,,14;29;33;56;124;144;162;183;191,0,0,9,0,0,0,0.0,0.0,0.3,0.0,0.0,0.0,0,9,0.37906788799591595,6,5,245,48,9,,method1_proportional_scores_gamma1,unrestricted_maximum_cardinality_then_maximum_testing_evalue_sum,200,0,7,exact_fixed_count_order_statistics,300.0,1,False
122,f37e512cc59b75a82b76df84c1700d1e1be66a30ed27f8e4bc2d806220bd474c,proven_maximal,maximize_sum_testing_e_values_at_maximum_cardinality,proven_optimal,11067.295062722493,0.8586493432356841,12889.190622352477,0,0,3,,,47;94;121,0,0,3,0,0,0,0.0,0.0,0.1,0.0,0.0,0.0,0,3,0.4870826800033683,8,5,250,48,3,,method1_proportional_scores_gamma1,unrestricted_maximum_cardinality_then_maximum_testing_evalue_sum,200,0,5,exact_fixed_count_order_statistics,300.0,1,False
123,85770e1aebbb22b1701b6e36977552d50a101c06544e071af2702d0276d9061c,proven_maximal,maximize_sum_testing_e_values_at_maximum_cardinality,proven_optimal,32931.45353704712,1.753900163015503,18776.12775885011,0,0,13,,,5;43;54;71;75;102;111;128;153;159;171;180;198,0,0,13,0,0,0,0.0,0.0,0.43333333333333335,0.0,0.0,0.0,0,13,0.8183667859993875,17,16,296,57,13,,method1_proportional_scores_gamma1,unrestricted_maximum_cardinality_then_maximum_testing_evalue_sum,200,0,15,exact_fixed_count_order_statistics,300.0,1,False
124,80a007d0191ba46e91e925a551f3bdb34fba5a473bb512c268485e22e06e02fd,proven_maximal,maximize_sum_testing_e_values_at_maximum_cardinality,proven_optimal,25769.02035390157,1.356783613859216,18992.726688822942,0,0,9,,,1;4;16;20;32;41;92;93;123,0,0,9,0,0,0,0.0,0.0,0.3,0.0,0.0,0.0,0,9,0.301453373998811,6,5,242,44,9,,method1_proportional_scores_gamma1,unrestricted_maximum_cardinality_then_maximum_testing_evalue_sum,200,0,14,exact_fixed_count_order_statistics,300.0,1,False
125,462639dfb6dc7c97ceb85cf94be8bbe25e14c808bfe2d66a7b71e84ceb0a3942,proven_maximal,maximize_sum_testing_e_values_at_maximum_cardinality,proven_optimal,2617.1351541142203,0.20078177847469406,13034.724435634364,0,0,2,,,149;163,0,0,2,0,0,0,0.0,0.0,0.06666666666666667,0.0,0.0,0.0,0,2,0.3229801060006139,6,5,244,44,2,,method1_proportional_scores_gamma1,unrestricted_maximum_cardinality_then_maximum_testing_evalue_sum,200,0,5,exact_fixed_count_order_statistics,300.0,1,False
126,51e93d22404cb604c664caceff57051786724ecdae75eea30ec73e6bebb4b942,proven_maximal,maximize_sum_testing_e_values_at_maximum_cardinality,proven_optimal,50994.79181145935,1.0045683000030539,50762.89169318236,0,0,2,,,46;71,0,0,2,0,0,0,0.0,0.0,0.06666666666666667,0.0,0.0,0.0,0,2,0.4568553920034901,7,5,259,58,2,,method1_proportional_scores_gamma1,unrestricted_maximum_cardinality_then_maximum_testing_evalue_sum,200,0,6,exact_fixed_count_order_statistics,300.0,1,False
127,30355db08aeecc50d5a43051cd58cb1698159f3ba770e4b455f78299546202f0,proven_maximal,maximize_sum_testing_e_values_at_maximum_cardinality,proven_optimal,700043.850423051,1.0726288194341276,652643.1489994496,0,0,11,,,16;22;48;75;80;94;147;154;158;186;193,0,0,11,0,0,0,0.0,0.0,0.36666666666666664,0.0,0.0,0.0,0,11,0.23607564400299452,5,5,254,60,11,,method1_proportional_scores_gamma1,unrestricted_maximum_cardinality_then_maximum_testing_evalue_sum,200,0,13,exact_fixed_count_order_statistics,300.0,1,False
128,8a051cb7ead8bb3901cb2ab90f55ca68a27f3c13871c7faa14d5b3fc0596d6be,proven_maximal,maximize_sum_testing_e_values_at_maximum_cardinality,proven_optimal,645.3841286508051,0.07247157638467196,8905.34138825917,0,0,1,,,61,0,0,1,0,0,0,0.0,0.0,0.03333333333333333,0.0,0.0,0.0,0,1,0.1672831350006163,3,3,259,60,1,,method1_proportional_scores_gamma1,unrestricted_maximum_cardinality_then_maximum_testing_evalue_sum,200,0,3,exact_fixed_count_order_statistics,300.0,1,False
129,55c19251a1f075437edc48bd658233c86144bb561e63d764e7d7e3d643df9d20,proven_maximal,maximize_sum_testing_e_values_at_maximum_cardinality,proven_optimal,0.0,0.0,10783.764661440871,0,0,0,,,,0,0,0,0,0,0,0.0,0.0,0.0,0.0,0.0,0.0,0,0,0.4842356419976568,7,4,259,57,0,,method1_proportional_scores_gamma1,unrestricted_maximum_cardinality_then_maximum_testing_evalue_sum,200,0,5,exact_fixed_count_order_statistics,300.0,1,False
130,d5b0053cbb9b9eee4c5b5610963eef9907131cd65c292beed639f6578655b668,proven_maximal,maximize_sum_testing_e_values_at_maximum_cardinality,proven_optimal,292535.21525686583,1.0470583600143635,279387.6888131172,0,0,5,,,8;32;64;150;180,0,0,5,0,0,0,0.0,0.0,0.16666666666666666,0.0,0.0,0.0,0,5,0.5026006550033344,7,4,259,59,5,,method1_proportional_scores_gamma1,unrestricted_maximum_cardinality_then_maximum_testing_evalue_sum,200,0,16,exact_fixed_count_order_statistics,300.0,1,False
131,e92e9df63514706249b871ea15c17e74cbbe90ac4eb322d69b332fcaf21b4cb4,proven_maximal,maximize_sum_testing_e_values_at_maximum_cardinality,proven_optimal,130517.75763634249,1.160451236122026,112471.55724742408,0,0,10,,,30;35;53;64;109;110;118;180;185;197,0,0,10,0,0,0,0.0,0.0,0.3333333333333333,0.0,0.0,0.0,0,10,0.1802448890011874,6,6,255,47,10,,method1_proportional_scores_gamma1,unrestricted_maximum_cardinality_then_maximum_testing_evalue_sum,200,0,4,exact_fixed_count_order_statistics,300.0,1,False
132,4836059ca55effc9c1e7a9985d565bf670cafd7a25244acd84173102cf0a85cb,proven_maximal,maximize_sum_testing_e_values_at_maximum_cardinality,proven_optimal,66830.04362611688,1.8840375832748852,35471.7146936905,0,0,7,,,41;136;142;145;186;189;199,0,0,6,0,0,1,0.0,0.0,0.2,0.0,0.0,0.14285714285714285,0,7,0.46202307700150413,8,6,260,51,7,,method1_proportional_scores_gamma1,unrestricted_maximum_cardinality_then_maximum_testing_evalue_sum,200,0,3,exact_fixed_count_order_statistics,300.0,1,False
133,49efbccc8419d8bba10aa87aef78eb17a948b7b0a970aa5b6e898a682d8cb780,proven_maximal,maximize_sum_testing_e_values_at_maximum_cardinality,proven_optimal,81723.76316127602,1.1063683625619145,73866.68484629829,0,0,6,,,17;83;112;113;137;161,0,0,6,0,0,0,0.0,0.0,0.2,0.0,0.0,0.0,0,6,0.36249400199449155,5,4,248,51,6,,method1_proportional_scores_gamma1,unrestricted_maximum_cardinality_then_maximum_testing_evalue_sum,200,0,10,exact_fixed_count_order_statistics,300.0,1,False
134,a1d60cd8c8b8ac41093d10605ef0b2e8159eeef1d7fa256b3fb053aebeb492aa,proven_maximal,maximize_sum_testing_e_values_at_maximum_cardinality,proven_optimal,16851.40316365009,0.7479765327822828,22529.32067396172,0,0,7,,,22;30;38;47;87;101;130,0,0,7,0,0,0,0.0,0.0,0.23333333333333334,0.0,0.0,0.0,0,7,0.5653287239983911,6,4,254,54,7,,method1_proportional_scores_gamma1,unrestricted_maximum_cardinality_then_maximum_testing_evalue_sum,200,0,11,exact_fixed_count_order_statistics,300.0,1,False
135,8083a337ec9027f96bf641e6e8fac050d3ac74b7c62f5569197b0535767cc79b,proven_maximal,maximize_sum_testing_e_values_at_maximum_cardinality,proven_optimal,13791.016750374827,1.5456006548408237,8922.755504263887,0,0,6,,,7;12;81;94;108;144,0,0,6,0,0,0,0.0,0.0,0.2,0.0,0.0,0.0,0,6,0.8491557409943198,13,9,260,51,6,,method1_proportional_scores_gamma1,unrestricted_maximum_cardinality_then_maximum_testing_evalue_sum,200,0,6,exact_fixed_count_order_statistics,300.0,1,False
136,6157eba53e3b709de434714a8f491138fdc414ea6d142792592fd674d65cc621,proven_maximal,maximize_sum_testing_e_values_at_maximum_cardinality,proven_optimal,34655.41016493659,2.336227266219772,14833.920768766728,0,0,5,,,14;51;100;148;154,0,0,5,0,0,0,0.0,0.0,0.16666666666666666,0.0,0.0,0.0,0,5,0.5174386009966838,5,4,256,59,5,,method1_proportional_scores_gamma1,unrestricted_maximum_cardinality_then_maximum_testing_evalue_sum,200,0,8,exact_fixed_count_order_statistics,300.0,1,False
137,feea5f923808ab45d109be380b54cd19649d07c252f0d0d6a12305112173b249,proven_maximal,maximize_sum_testing_e_values_at_maximum_cardinality,proven_optimal,139726.64955181253,1.85986653834347,75127.24524645896,0,0,9,,,22;25;104;108;109;131;148;168;199,0,0,9,0,0,0,0.0,0.0,0.3,0.0,0.0,0.0,0,9,0.5114737550029531,5,4,251,54,9,,method1_proportional_scores_gamma1,unrestricted_maximum_cardinality_then_maximum_testing_evalue_sum,200,0,9,exact_fixed_count_order_statistics,300.0,1,False
138,23d66378e9b091d11ddf68bd412a5329a8c3aae1154e72127fc1e6e2120470b9,proven_maximal,maximize_sum_testing_e_values_at_maximum_cardinality,proven_optimal,19693.242026001015,0.49453154389753085,39822.01392209178,0,0,3,,,113;125;137,0,0,3,0,0,0,0.0,0.0,0.1,0.0,0.0,0.0,0,3,0.3491337950035813,5,4,248,49,3,,method1_proportional_scores_gamma1,unrestricted_maximum_cardinality_then_maximum_testing_evalue_sum,200,0,9,exact_fixed_count_order_statistics,300.0,1,False
139,05db999b0d2e5848e3445b10fbc566983920aee7544b136db2e68db1b8ace703,proven_maximal,maximize_sum_testing_e_values_at_maximum_cardinality,proven_optimal,0.0,0.0,1671.4503109031275,0,0,0,,,,0,0,0,0,0,0,0.0,0.0,0.0,0.0,0.0,0.0,0,0,0.15046433500538114,3,3,257,57,0,,method1_proportional_scores_gamma1,unrestricted_maximum_cardinality_then_maximum_testing_evalue_sum,200,0,0,exact_fixed_count_order_statistics,300.0,1,False
140,c83f504a3fb2bfbadddcb1af0d51e47e3751c7eb9c9f5ff9ba38acbc2e4fd540,proven_maximal,maximize_sum_testing_e_values_at_maximum_cardinality,proven_optimal,48868.894219979826,1.1760834641228888,41552.23307762919,0,0,12,,,9;12;42;49;88;103;122;159;164;181;182;189,0,0,12,0,0,0,0.0,0.0,0.4,0.0,0.0,0.0,0,12,0.17215894700348144,4,4,256,57,12,,method1_proportional_scores_gamma1,unrestricted_maximum_cardinality_then_maximum_testing_evalue_sum,200,0,6,exact_fixed_count_order_statistics,300.0,1,False
141,e43e6db024dd2478011c9cb73221dfa3f714072d60d952c912dd6cbc79968259,proven_maximal,maximize_sum_testing_e_values_at_maximum_cardinality,proven_optimal,16494.965912087784,3.541254843265784,4657.943763481293,0,0,9,,,18;19;31;61;63;79;133;138;145,0,0,9,0,0,0,0.0,0.0,0.3,0.0,0.0,0.0,0,9,0.4321677269981592,6,5,256,56,9,,method1_proportional_scores_gamma1,unrestricted_maximum_cardinality_then_maximum_testing_evalue_sum,200,0,6,exact_fixed_count_order_statistics,300.0,1,False
142,eefe715974964dbceff68ac746e8b2612b14e8c9e3365c6f1717efcdf66dd0b9,proven_maximal,maximize_sum_testing_e_values_at_maximum_cardinality,proven_optimal,7635.675080108126,2.283925507055069,3343.22422361038,0,0,9,,,18;30;31;62;65;84;93;123;168,0,0,9,0,0,0,0.0,0.0,0.3,0.0,0.0,0.0,0,9,0.3819901969982311,5,4,260,64,9,,method1_proportional_scores_gamma1,unrestricted_maximum_cardinality_then_maximum_testing_evalue_sum,200,0,8,exact_fixed_count_order_statistics,300.0,1,False
143,12913d81c3d6ddac0044dd941983fc9405a1dec115efdfc14a8a287ece95b08a,proven_maximal,maximize_sum_testing_e_values_at_maximum_cardinality,proven_optimal,22971.6273090839,0.21308240106515755,107806.30964478152,0,0,3,,,82;141;143,0,0,3,0,0,0,0.0,0.0,0.1,0.0,0.0,0.0,0,3,0.32735668800160056,5,4,246,47,3,,method1_proportional_scores_gamma1,unrestricted_maximum_cardinality_then_maximum_testing_evalue_sum,200,0,4,exact_fixed_count_order_statistics,300.0,1,False
144,ca6bb4af6ecdcf21fd7975e1998beed35ce8a3fe5eb701da0db18aa435c66759,proven_maximal,maximize_sum_testing_e_values_at_maximum_cardinality,proven_optimal,173.2744347773598,0.025558755424984626,6779.455098505213,0,0,1,,,93,0,0,1,0,0,0,0.0,0.0,0.03333333333333333,0.0,0.0,0.0,0,1,0.3387480620003771,5,4,249,49,1,,method1_proportional_scores_gamma1,unrestricted_maximum_cardinality_then_maximum_testing_evalue_sum,200,0,3,exact_fixed_count_order_statistics,300.0,1,False
145,50a8bacc4c1950223b0b3b1c0dfa06bbe965fbc862b24d2929b354151a38d559,proven_maximal,maximize_sum_testing_e_values_at_maximum_cardinality,proven_optimal,2150.460845951412,1.6519919393786853,1301.738098528617,0,0,6,,,4;42;57;124;143;188,0,0,6,0,0,0,0.0,0.0,0.2,0.0,0.0,0.0,0,6,0.4765354309929535,7,6,266,53,6,,method1_proportional_scores_gamma1,unrestricted_maximum_cardinality_then_maximum_testing_evalue_sum,200,0,0,exact_fixed_count_order_statistics,300.0,1,False
146,ee416d282cb6a7e895fa2069819445823393ffb5960abd9b17ec98e27d62aaf4,proven_maximal,maximize_sum_testing_e_values_at_maximum_cardinality,proven_optimal,425983.14250302606,1.3279032132329187,320793.8185991174,0,0,8,,,41;43;56;108;111;125;130;197,0,0,8,0,0,0,0.0,0.0,0.26666666666666666,0.0,0.0,0.0,0,8,0.479972588000237,8,6,253,53,8,,method1_proportional_scores_gamma1,unrestricted_maximum_cardinality_then_maximum_testing_evalue_sum,200,0,8,exact_fixed_count_order_statistics,300.0,1,False
147,17ce1ad2956d81a4056031c07e10067922e4935d174a9530ed1b45bd362e156b,proven_maximal,maximize_sum_testing_e_values_at_maximum_cardinality,proven_optimal,1667.748699932577,0.3512422669870951,4748.143537047184,0,0,1,,,188,0,0,1,0,0,0,0.0,0.0,0.03333333333333333,0.0,0.0,0.0,0,1,0.13211988200055202,3,3,251,52,1,,method1_proportional_scores_gamma1,unrestricted_maximum_cardinality_then_maximum_testing_evalue_sum,200,0,1,exact_fixed_count_order_statistics,300.0,1,False
148,69a77462ce1f4ff0efce336b9195169de98e1eef1bd44f4b0b58d241839e8daa,proven_maximal,maximize_sum_testing_e_values_at_maximum_cardinality,proven_optimal,134466.62676117185,1.000893694319389,134346.56200188134,0,0,4,,,56;83;151;198,0,0,4,0,0,0,0.0,0.0,0.13333333333333333,0.0,0.0,0.0,0,4,0.3265141469964874,7,6,257,52,4,,method1_proportional_scores_gamma1,unrestricted_maximum_cardinality_then_maximum_testing_evalue_sum,200,0,4,exact_fixed_count_order_statistics,300.0,1,False
149,e0e0920e558a719b6cf0c28546723b381b248ac44d46d9074414a1b6d874fadf,proven_maximal,maximize_sum_testing_e_values_at_maximum_cardinality,proven_optimal,38406.99794658382,1.973221199888596,19464.11175227197,0,0,12,,,11;12;35;42;60;61;94;104;121;122;170;185,0,0,12,0,0,0,0.0,0.0,0.4,0.0,0.0,0.0,0,12,0.1899435529994662,5,5,256,48,12,,method1_proportional_scores_gamma1,unrestricted_maximum_cardinality_then_maximum_testing_evalue_sum,200,0,4,exact_fixed_count_order_statistics,300.0,1,False
150,6204eda739034ada6c9e36ef984b3602cb059222128b1c37ae6f6dc846892159,proven_maximal,maximize_sum_testing_e_values_at_maximum_cardinality,proven_optimal,29650.578719373883,1.8329949625645472,16176.028480672798,0,0,15,,,7;12;20;35;37;60;66;95;130;153;167;170;180;185;196,0,0,15,0,0,0,0.0,0.0,0.5,0.0,0.0,0.0,0,15,0.27343914000084624,8,8,267,54,15,,method1_proportional_scores_gamma1,unrestricted_maximum_cardinality_then_maximum_testing_evalue_sum,200,0,10,exact_fixed_count_order_statistics,300.0,1,False
151,35203bc18cbf96651dfbeee5cf6bed63255e70193da00a0a896b2ab0c27ecdf6,proven_maximal,maximize_sum_testing_e_values_at_maximum_cardinality,proven_optimal,1960.097663363085,1.7438430305226473,1124.0103776861292,0,0,3,,,96;133;173,0,0,3,0,0,0,0.0,0.0,0.1,0.0,0.0,0.0,0,3,0.3994712729981984,6,4,248,49,3,,method1_proportional_scores_gamma1,unrestricted_maximum_cardinality_then_maximum_testing_evalue_sum,200,0,0,exact_fixed_count_order_statistics,300.0,1,False
152,4af4db51a185cbc184bdaa29756392d52b798f02a1522d3a5436e171187f5d04,proven_maximal,maximize_sum_testing_e_values_at_maximum_cardinality,proven_optimal,3204.7769106019805,0.16881381571683865,18984.09142044121,0,0,5,,,22;28;158;162;184,0,0,5,0,0,0,0.0,0.0,0.16666666666666666,0.0,0.0,0.0,0,5,0.37469649899867363,8,7,262,57,5,,method1_proportional_scores_gamma1,unrestricted_maximum_cardinality_then_maximum_testing_evalue_sum,200,0,1,exact_fixed_count_order_statistics,300.0,1,False
153,298b493e481e21d1e679cf13ec5ae3055ec353a7806afb39c54af3a590ee16c0,proven_maximal,maximize_sum_testing_e_values_at_maximum_cardinality,proven_optimal,6165.709102961237,1.1223183050636516,5493.725866488075,0,0,4,,,11;50;187;188,0,0,4,0,0,0,0.0,0.0,0.13333333333333333,0.0,0.0,0.0,0,4,0.34737822199531365,5,4,252,52,4,,method1_proportional_scores_gamma1,unrestricted_maximum_cardinality_then_maximum_testing_evalue_sum,200,0,7,exact_fixed_count_order_statistics,300.0,1,False
154,82b9e94a6d550b0cbee96759840c2ddcace2d40fec0eae2d5c962faeeb1a69d3,proven_maximal,maximize_sum_testing_e_values_at_maximum_cardinality,proven_optimal,60082.9611170893,2.0593591276197434,29175.562587053297,0,0,10,,,0;38;44;78;99;122;149;153;172;198,0,0,10,0,0,0,0.0,0.0,0.3333333333333333,0.0,0.0,0.0,0,10,0.27517028800502885,8,8,267,49,10,,method1_proportional_scores_gamma1,unrestricted_maximum_cardinality_then_maximum_testing_evalue_sum,200,0,8,exact_fixed_count_order_statistics,300.0,1,False
155,6cea65928683d83d15a286ac162e7d01d5fae1871ccb66be9e339661637f70e4,proven_maximal,maximize_sum_testing_e_values_at_maximum_cardinality,proven_optimal,127447.11951729549,1.520989609624233,83792.23547015672,0,0,9,,,40;121;126;129;138;147;165;171;177,0,0,9,0,0,0,0.0,0.0,0.3,0.0,0.0,0.0,0,9,0.3966202500014333,7,6,257,56,9,,method1_proportional_scores_gamma1,unrestricted_maximum_cardinality_then_maximum_testing_evalue_sum,200,0,10,exact_fixed_count_order_statistics,300.0,1,False
156,0a7dea9d6c3fc40a97903d60e2151f506ac3167de966fe31969b0375936283ff,proven_maximal,maximize_sum_testing_e_values_at_maximum_cardinality,proven_optimal,53532.27985308625,1.3261443014816925,40366.858865415306,0,0,5,,,63;70;101;148;150,0,0,5,0,0,0,0.0,0.0,0.16666666666666666,0.0,0.0,0.0,0,5,0.45403208499919856,7,5,252,53,5,,method1_proportional_scores_gamma1,unrestricted_maximum_cardinality_then_maximum_testing_evalue_sum,200,0,8,exact_fixed_count_order_statistics,300.0,1,False
157,e948e8405290ba5f539bba62e147b63eaba2598cca10694e18d7a3243af4bbcd,proven_maximal,maximize_sum_testing_e_values_at_maximum_cardinality,proven_optimal,1267.9075581495622,0.13899397222047685,9122.03268885909,0,0,4,,,5;38;71;91,0,0,4,0,0,0,0.0,0.0,0.13333333333333333,0.0,0.0,0.0,0,4,0.48303623300307663,9,7,253,50,4,,method1_proportional_scores_gamma1,unrestricted_maximum_cardinality_then_maximum_testing_evalue_sum,200,0,1,exact_fixed_count_order_statistics,300.0,1,False
158,f2d928317ebe84719b845aaf1b5be6d423c4c86f505794c8695616672f2905d5,proven_maximal,maximize_sum_testing_e_values_at_maximum_cardinality,proven_optimal,0.0,0.0,2474.2796850765767,0,0,0,,,,0,0,0,0,0,0,0.0,0.0,0.0,0.0,0.0,0.0,0,0,0.1432907359994715,3,3,248,48,0,,method1_proportional_scores_gamma1,unrestricted_maximum_cardinality_then_maximum_testing_evalue_sum,200,0,0,exact_fixed_count_order_statistics,300.0,1,False
159,a8d3c982010f257f424ca98493631130eb7a9c9aa98ca1d80535ff54207f1590,proven_maximal,maximize_sum_testing_e_values_at_maximum_cardinality,proven_optimal,97994.93452729196,1.1625022485312175,84296.55482482315,0,0,9,,,0;25;50;51;64;142;144;146;173,0,0,9,0,0,0,0.0,0.0,0.3,0.0,0.0,0.0,0,9,0.33202981900103623,7,6,253,47,9,,method1_proportional_scores_gamma1,unrestricted_maximum_cardinality_then_maximum_testing_evalue_sum,200,0,5,exact_fixed_count_order_statistics,300.0,1,False
160,e7f2322e58ded6549d069827c629d5a272d53550a2b3af4fb8f1e649847148f8,proven_maximal,maximize_sum_testing_e_values_at_maximum_cardinality,proven_optimal,10169.781552673721,1.2973590946246867,7838.8332072514895,0,0,3,,,160;183;192,0,0,3,0,0,0,0.0,0.0,0.1,0.0,0.0,0.0,0,3,0.12274644600256579,3,3,243,46,3,,method1_proportional_scores_gamma1,unrestricted_maximum_cardinality_then_maximum_testing_evalue_sum,200,0,4,exact_fixed_count_order_statistics,300.0,1,False
161,a2e9fe3d7d6c56daa323c9ae8ef10bc44fad48421f23c214693a0991167312e5,proven_maximal,maximize_sum_testing_e_values_at_maximum_cardinality,proven_optimal,23902.662117241052,0.631996555820718,37820.87401758192,0,0,11,,,6;23;39;45;49;89;130;147;157;158;192,0,0,10,0,0,1,0.0,0.0,0.3333333333333333,0.0,0.0,0.09090909090909091,0,11,0.1775795760040637,6,6,247,49,11,,method1_proportional_scores_gamma1,unrestricted_maximum_cardinality_then_maximum_testing_evalue_sum,200,0,12,exact_fixed_count_order_statistics,300.0,1,False
162,9b08ada64440a5cd466d56772623ce3c7ebb1582cf60a18a46c1722cb84a91a5,proven_maximal,maximize_sum_testing_e_values_at_maximum_cardinality,proven_optimal,43953.306481577325,1.5486684715756034,28381.35294176911,0,0,5,,,110;126;138;143;166,0,0,5,0,0,0,0.0,0.0,0.16666666666666666,0.0,0.0,0.0,0,5,0.4346296190051362,18,17,271,53,5,,method1_proportional_scores_gamma1,unrestricted_maximum_cardinality_then_maximum_testing_evalue_sum,200,0,6,exact_fixed_count_order_statistics,300.0,1,False
163,4b6d64c27ea7dd8130966c605020e392e713a171c1264646bd695c1e34f69ba6,proven_maximal,maximize_sum_testing_e_values_at_maximum_cardinality,proven_optimal,22054.086743770553,2.24971383044794,9803.06314753791,0,0,11,,,8;43;52;63;84;106;112;129;159;163;171,0,0,11,0,0,0,0.0,0.0,0.36666666666666664,0.0,0.0,0.0,0,11,0.21052336700086016,6,6,253,54,11,,method1_proportional_scores_gamma1,unrestricted_maximum_cardinality_then_maximum_testing_evalue_sum,200,0,9,exact_fixed_count_order_statistics,300.0,1,False
164,7d84f9ffc7ca5c6e4f0be9d775818d1e611d3d9aae542eaae569ac5771d4743e,proven_maximal,maximize_sum_testing_e_values_at_maximum_cardinality,proven_optimal,55101.59951123007,1.0752845108401474,51243.73963889592,0,0,7,,,0;21;26;120;146;170;181,0,0,7,0,0,0,0.0,0.0,0.23333333333333334,0.0,0.0,0.0,0,7,0.32259941700613126,5,4,248,52,7,,method1_proportional_scores_gamma1,unrestricted_maximum_cardinality_then_maximum_testing_evalue_sum,200,0,4,exact_fixed_count_order_statistics,300.0,1,False
165,14d60bd4e5a3da9b16f729014589d3464c557cba06ce08563409c868b578b702,proven_maximal,maximize_sum_testing_e_values_at_maximum_cardinality,proven_optimal,54302.086213965245,1.3965175125217313,38883.92786132014,0,0,12,,,40;64;66;80;85;87;103;106;153;164;187;192,0,0,12,0,0,0,0.0,0.0,0.4,0.0,0.0,0.0,0,12,0.18962013800046407,6,6,254,55,12,,method1_proportional_scores_gamma1,unrestricted_maximum_cardinality_then_maximum_testing_evalue_sum,200,0,13,exact_fixed_count_order_statistics,300.0,1,False
166,e6e6a3ca37490c0436e015fd69e54c0935c6a254b55af4c2a1c2dfd6adccdcfb,proven_maximal,maximize_sum_testing_e_values_at_maximum_cardinality,proven_optimal,0.0,0.0,7325.78073081763,0,0,0,,,,0,0,0,0,0,0,0.0,0.0,0.0,0.0,0.0,0.0,0,0,0.6196579519964871,11,6,259,54,0,,method1_proportional_scores_gamma1,unrestricted_maximum_cardinality_then_maximum_testing_evalue_sum,200,0,1,exact_fixed_count_order_statistics,300.0,1,False
167,debd422295870ed3f6805a0ea6a00905d7db163839082c5dab82ebab9b78acbf,proven_maximal,maximize_sum_testing_e_values_at_maximum_cardinality,proven_optimal,22548.154315348344,2.286348093552506,9862.08284684824,0,0,10,,,9;42;44;48;70;81;112;173;176;194,0,0,10,0,0,0,0.0,0.0,0.3333333333333333,0.0,0.0,0.0,0,10,0.3409930470006657,8,8,265,57,10,,method1_proportional_scores_gamma1,unrestricted_maximum_cardinality_then_maximum_testing_evalue_sum,200,0,9,exact_fixed_count_order_statistics,300.0,1,False
168,1b52e9c24e7f465e3c5d8d3b82d6b8f51b7a78a46260f423a230afd0897e7a37,proven_maximal,maximize_sum_testing_e_values_at_maximum_cardinality,proven_optimal,24555.842127438682,1.3354581932020775,18387.57832512917,0,0,4,,,11;167;174;186,0,0,4,0,0,0,0.0,0.0,0.13333333333333333,0.0,0.0,0.0,0,4,0.3890572680029436,7,5,245,45,4,,method1_proportional_scores_gamma1,unrestricted_maximum_cardinality_then_maximum_testing_evalue_sum,200,0,4,exact_fixed_count_order_statistics,300.0,1,False
169,7072ebc06d57ffd26d3cbc24d533c534946dbd7cd996ebe7ec63a7929204f0aa,proven_maximal,maximize_sum_testing_e_values_at_maximum_cardinality,proven_optimal,525.1131200386487,0.03349626019336579,15676.76860065267,0,0,2,,,37;88,0,0,2,0,0,0,0.0,0.0,0.06666666666666667,0.0,0.0,0.0,0,2,0.7293739470042055,15,10,266,53,2,,method1_proportional_scores_gamma1,unrestricted_maximum_cardinality_then_maximum_testing_evalue_sum,200,0,5,exact_fixed_count_order_statistics,300.0,1,False
170,f95ac8acaf1ef3440af3cfecf1d13e945b44e8f179c5c9120ab801a86e8a21cc,proven_maximal,maximize_sum_testing_e_values_at_maximum_cardinality,proven_optimal,112018.50176711554,1.1913295041523129,94028.14366359707,0,0,4,,,41;49;101;157,0,0,4,0,0,0,0.0,0.0,0.13333333333333333,0.0,0.0,0.0,0,4,0.6349109549992136,11,7,259,51,4,,method1_proportional_scores_gamma1,unrestricted_maximum_cardinality_then_maximum_testing_evalue_sum,200,0,6,exact_fixed_count_order_statistics,300.0,1,False
171,ad7e4af295fa52922a562ec2540c4b7cdb6b1fed28b2a1531ad6e4844f6707c0,proven_maximal,maximize_sum_testing_e_values_at_maximum_cardinality,proven_optimal,9042.346702631447,1.43361072440887,6307.393317220011,0,0,7,,,21;22;34;80;103;146;152,0,0,7,0,0,0,0.0,0.0,0.23333333333333334,0.0,0.0,0.0,0,7,0.48547014700307045,10,7,250,43,7,,method1_proportional_scores_gamma1,unrestricted_maximum_cardinality_then_maximum_testing_evalue_sum,200,0,1,exact_fixed_count_order_statistics,300.0,1,False
172,0d728e27e72ad841d90ac9948b10ef52e8e719dc8155d7bf36beaae64757e1dc,proven_maximal,maximize_sum_testing_e_values_at_maximum_cardinality,proven_optimal,46430.08562123188,1.2432861618518016,37344.649241552725,0,0,9,,,17;24;44;51;72;118;164;167;193,0,0,9,0,0,0,0.0,0.0,0.3,0.0,0.0,0.0,0,9,0.3516363070011721,7,6,258,51,9,,method1_proportional_scores_gamma1,unrestricted_maximum_cardinality_then_maximum_testing_evalue_sum,200,0,8,exact_fixed_count_order_statistics,300.0,1,False
173,c38488bf4b81bd5725d9b73dd2381cddb8842c5e21509f7e23c97c95bd9661be,proven_maximal,maximize_sum_testing_e_values_at_maximum_cardinality,proven_optimal,3002.8154688492937,1.194329213259797,2514.227597810676,0,0,5,,,22;50;70;116;128,0,0,4,0,0,1,0.0,0.0,0.13333333333333333,0.0,0.0,0.2,0,5,0.31627464100165525,6,5,253,52,5,,method1_proportional_scores_gamma1,unrestricted_maximum_cardinality_then_maximum_testing_evalue_sum,200,0,0,exact_fixed_count_order_statistics,300.0,1,False
174,be87fc32135dbe771170313a81960b6a74c52d51faa929bc876c4dd846097611,proven_maximal,maximize_sum_testing_e_values_at_maximum_cardinality,proven_optimal,98043.29216722392,1.0008461692607706,97960.40108705129,0,0,2,,,37;123,0,0,2,0,0,0,0.0,0.0,0.06666666666666667,0.0,0.0,0.0,0,2,0.15323232600349002,3,3,248,50,2,,method1_proportional_scores_gamma1,unrestricted_maximum_cardinality_then_maximum_testing_evalue_sum,200,0,9,exact_fixed_count_order_statistics,300.0,1,False
175,9b370cfb730f409afbbc330114cab4fb01bd2768c013f49d0ddaae9eb3d16eb7,proven_maximal,maximize_sum_testing_e_values_at_maximum_cardinality,proven_optimal,24156.203549374415,2.7151998618172004,8896.657623283541,0,0,8,,,8;11;43;81;104;105;118;156,0,0,8,0,0,0,0.0,0.0,0.26666666666666666,0.0,0.0,0.0,0,8,0.15685007099818904,3,3,247,53,8,,method1_proportional_scores_gamma1,unrestricted_maximum_cardinality_then_maximum_testing_evalue_sum,200,0,10,exact_fixed_count_order_statistics,300.0,1,False
176,8d7942e508145e86ecd791a680387d57088057b99f348dc740219d2a22f478f0,proven_maximal,maximize_sum_testing_e_values_at_maximum_cardinality,proven_optimal,50520.940550731095,1.5241598075036897,33146.747671739,0,0,6,,,30;53;72;110;142;191,0,0,6,0,0,0,0.0,0.0,0.2,0.0,0.0,0.0,0,6,0.7015504910013988,15,11,279,52,6,,method1_proportional_scores_gamma1,unrestricted_maximum_cardinality_then_maximum_testing_evalue_sum,200,0,7,exact_fixed_count_order_statistics,300.0,1,False
177,469c5f55344344730955d01841727dc2a4d51ba47dde33ee3b235c81a00dbec2,proven_maximal,maximize_sum_testing_e_values_at_maximum_cardinality,proven_optimal,25725.52938069817,1.836705389790945,14006.345015204788,0,0,9,,,2;15;55;63;85;112;165;171;192,0,0,9,0,0,0,0.0,0.0,0.3,0.0,0.0,0.0,0,9,0.48452722499496303,11,10,269,51,9,,method1_proportional_scores_gamma1,unrestricted_maximum_cardinality_then_maximum_testing_evalue_sum,200,0,7,exact_fixed_count_order_statistics,300.0,1,False
178,b5047c490dacc7ccf8da9b94ad84165692624ff953be7cfb88e28b737aceae50,proven_maximal,maximize_sum_testing_e_values_at_maximum_cardinality,proven_optimal,1538.9591862164466,0.9473226321170364,1624.5354370741106,0,0,2,,,75;103,0,0,2,0,0,0,0.0,0.0,0.06666666666666667,0.0,0.0,0.0,0,2,0.3097984619962517,5,4,246,47,2,,method1_proportional_scores_gamma1,unrestricted_maximum_cardinality_then_maximum_testing_evalue_sum,200,0,0,exact_fixed_count_order_statistics,300.0,1,False
179,e345b06b47069fff76b40d141f80ee66fd65769a65de78f8bcbde98c74396dc3,proven_maximal,maximize_sum_testing_e_values_at_maximum_cardinality,proven_optimal,56260.16784508959,2.1665335868934954,25967.82629424119,0,0,5,,,30;94;132;147;175,0,0,5,0,0,0,0.0,0.0,0.16666666666666666,0.0,0.0,0.0,0,5,0.30478309799946146,5,4,252,55,5,,method1_proportional_scores_gamma1,unrestricted_maximum_cardinality_then_maximum_testing_evalue_sum,200,0,10,exact_fixed_count_order_statistics,300.0,1,False
180,cac6ffff85764ed89766b4ea4a882fa4853126f1159b45ce9a18e9f5a94e7bdd,proven_maximal,maximize_sum_testing_e_values_at_maximum_cardinality,proven_optimal,0.0,0.0,5957.279399868488,0,0,0,,,,0,0,0,0,0,0,0.0,0.0,0.0,0.0,0.0,0.0,0,0,0.453872449004848,7,4,257,54,0,,method1_proportional_scores_gamma1,unrestricted_maximum_cardinality_then_maximum_testing_evalue_sum,200,0,5,exact_fixed_count_order_statistics,300.0,1,False
181,255019f7754190cd3e040a732472bb65976f585da03f00f00b36858ba5ddb832,proven_maximal,maximize_sum_testing_e_values_at_maximum_cardinality,proven_optimal,17663.712145702026,1.7641147535070636,10012.790897296523,0,0,6,,,74;100;111;130;137;193,0,0,6,0,0,0,0.0,0.0,0.2,0.0,0.0,0.0,0,6,0.3898959919970366,6,5,258,56,6,,method1_proportional_scores_gamma1,unrestricted_maximum_cardinality_then_maximum_testing_evalue_sum,200,0,3,exact_fixed_count_order_statistics,300.0,1,False
182,e0c4fd90fdb789f63556fee2047ddc9e3272030e9a8a45654e8d090c1d830f68,proven_maximal,maximize_sum_testing_e_values_at_maximum_cardinality,proven_optimal,5971.449000629164,0.3414790687117524,17487.01325430214,0,0,2,,,8;99,0,0,2,0,0,0,0.0,0.0,0.06666666666666667,0.0,0.0,0.0,0,2,0.23452996599371545,3,3,261,62,2,,method1_proportional_scores_gamma1,unrestricted_maximum_cardinality_then_maximum_testing_evalue_sum,200,0,6,exact_fixed_count_order_statistics,300.0,1,False
183,649e05829c1150171f9958d520e175a5cbf27edde5c0c35847e6cdc2ee5a0279,proven_maximal,maximize_sum_testing_e_values_at_maximum_cardinality,proven_optimal,52833.00082515453,1.6156591480768525,32700.58594230261,0,0,13,,,6;9;31;51;122;135;142;153;156;162;163;167;190,0,0,13,0,0,0,0.0,0.0,0.43333333333333335,0.0,0.0,0.0,0,13,0.23265049399924465,7,7,260,65,13,,method1_proportional_scores_gamma1,unrestricted_maximum_cardinality_then_maximum_testing_evalue_sum,200,0,8,exact_fixed_count_order_statistics,300.0,1,False
184,8b261802b2aadf983834d11efbe142687caa8f276e383c2952631d0449b10f89,proven_maximal,maximize_sum_testing_e_values_at_maximum_cardinality,proven_optimal,24981.24352645897,0.22514237609923,110957.53700071396,0,0,4,,,4;127;146;149,0,0,4,0,0,0,0.0,0.0,0.13333333333333333,0.0,0.0,0.0,0,4,0.4406402189997607,7,5,260,59,4,,method1_proportional_scores_gamma1,unrestricted_maximum_cardinality_then_maximum_testing_evalue_sum,200,0,8,exact_fixed_count_order_statistics,300.0,1,False
185,d052541bd62f6dc745378c0c10eff9ee3fa13bb1fa182345d8aaa9df18754ea7,proven_maximal,maximize_sum_testing_e_values_at_maximum_cardinality,proven_optimal,25284.64744171424,1.0,25284.64744171424,0,0,1,,,132,0,0,1,0,0,0,0.0,0.0,0.03333333333333333,0.0,0.0,0.0,0,1,0.1435821529958048,3,3,252,53,1,,method1_proportional_scores_gamma1,unrestricted_maximum_cardinality_then_maximum_testing_evalue_sum,200,0,7,exact_fixed_count_order_statistics,300.0,1,False
186,1527ca1d3043f546da526c5de377bd0a3a7ac7530aa6c3cdc17046cd16e0cab7,proven_maximal,maximize_sum_testing_e_values_at_maximum_cardinality,proven_optimal,22811.925562910998,1.4121759071317668,16153.742212784027,0,0,5,,,1;29;37;161;164,0,0,5,0,0,0,0.0,0.0,0.16666666666666666,0.0,0.0,0.0,0,5,0.4809502780044568,11,9,288,59,5,,method1_proportional_scores_gamma1,unrestricted_maximum_cardinality_then_maximum_testing_evalue_sum,200,0,6,exact_fixed_count_order_statistics,300.0,1,False
187,a511bf1f52e0c69e0149f6208298f9f6afabb8ae3e064f18e9443fc423bf59ca,proven_maximal,maximize_sum_testing_e_values_at_maximum_cardinality,proven_optimal,68935.19952187162,1.4251780463536525,48369.53508948847,0,0,10,,,0;5;28;34;52;83;110;124;130;194,0,0,10,0,0,0,0.0,0.0,0.3333333333333333,0.0,0.0,0.0,0,10,0.2565237020025961,8,8,271,51,10,,method1_proportional_scores_gamma1,unrestricted_maximum_cardinality_then_maximum_testing_evalue_sum,200,0,12,exact_fixed_count_order_statistics,300.0,1,False
188,9cf475d3a8e74863df0d9dbe8a308fb72ade3b05b0527a5efd6f6cf3a3a29e24,proven_maximal,maximize_sum_testing_e_values_at_maximum_cardinality,proven_optimal,12627.437940155944,1.2986114743723212,9723.79975793712,0,0,3,,,28;46;129,0,0,3,0,0,0,0.0,0.0,0.1,0.0,0.0,0.0,0,3,0.12314519199571805,3,3,247,48,3,,method1_proportional_scores_gamma1,unrestricted_maximum_cardinality_then_maximum_testing_evalue_sum,200,0,5,exact_fixed_count_order_statistics,300.0,1,False
189,4a4c00196a3e9b300c2bbd35b917a6141bdc9bf56eb5bc3b475181a716bb93e5,proven_maximal,maximize_sum_testing_e_values_at_maximum_cardinality,proven_optimal,23617.846729262623,1.9199119313964548,12301.526097649748,0,0,11,,,19;44;99;118;138;158;159;182;190;195;196,0,0,11,0,0,0,0.0,0.0,0.36666666666666664,0.0,0.0,0.0,0,11,0.21020241000223905,7,7,255,52,11,,method1_proportional_scores_gamma1,unrestricted_maximum_cardinality_then_maximum_testing_evalue_sum,200,0,14,exact_fixed_count_order_statistics,300.0,1,False
190,e794c6c2791f7c197e2cc1529644ff733952f02f811e64370d50086ebcc99dc4,proven_maximal,maximize_sum_testing_e_values_at_maximum_cardinality,proven_optimal,145.16797756372864,0.10572716221361309,1373.0433554097349,0,0,1,,,133,0,0,1,0,0,0,0.0,0.0,0.03333333333333333,0.0,0.0,0.0,0,1,0.16047945500031346,3,3,246,47,1,,method1_proportional_scores_gamma1,unrestricted_maximum_cardinality_then_maximum_testing_evalue_sum,200,0,0,exact_fixed_count_order_statistics,300.0,1,False
191,8488be6642a290e3526ff4afd763d626c64789b583e414e2a26f8c54d1adf4a8,proven_maximal,maximize_sum_testing_e_values_at_maximum_cardinality,proven_optimal,36869.54779365315,1.8405741003737295,20031.54764927246,0,0,11,,,42;49;89;101;125;129;136;157;177;191;197,0,0,11,0,0,0,0.0,0.0,0.36666666666666664,0.0,0.0,0.0,0,11,0.1888697760005016,5,5,250,52,11,,method1_proportional_scores_gamma1,unrestricted_maximum_cardinality_then_maximum_testing_evalue_sum,200,0,11,exact_fixed_count_order_statistics,300.0,1,False
192,b9adc8c2d0bc98b274ec64346030f9ef7ceb9dc4d7558e17a84d77bd809e46f8,proven_maximal,maximize_sum_testing_e_values_at_maximum_cardinality,proven_optimal,46947.94869142102,1.1332865727755028,41426.36983375,0,0,7,,,0;20;21;110;135;139;173,0,0,7,0,0,0,0.0,0.0,0.23333333333333334,0.0,0.0,0.0,0,7,0.5879035059988382,10,7,258,50,7,,method1_proportional_scores_gamma1,unrestricted_maximum_cardinality_then_maximum_testing_evalue_sum,200,0,8,exact_fixed_count_order_statistics,300.0,1,False
193,d7758105f37bb7ce354c3bfadcbd2b75af7b6a504e114b86c827ac60f2dcdada,proven_maximal,maximize_sum_testing_e_values_at_maximum_cardinality,proven_optimal,416787.15788571193,1.0,416787.15788571193,0,0,1,,,184,0,0,1,0,0,0,0.0,0.0,0.03333333333333333,0.0,0.0,0.0,0,1,0.11065250399406068,3,3,238,39,1,,method1_proportional_scores_gamma1,unrestricted_maximum_cardinality_then_maximum_testing_evalue_sum,200,0,6,exact_fixed_count_order_statistics,300.0,1,False
194,2c9d4a7e744174e880c9376906bdbeb29b821642103fb747494ce354b8e12e09,proven_maximal,maximize_sum_testing_e_values_at_maximum_cardinality,proven_optimal,9201.598977059542,1.0417142304458504,8833.131686337132,0,0,2,,,12;157,0,0,2,0,0,0,0.0,0.0,0.06666666666666667,0.0,0.0,0.0,0,2,0.38160366299416637,5,4,258,57,2,,method1_proportional_scores_gamma1,unrestricted_maximum_cardinality_then_maximum_testing_evalue_sum,200,0,6,exact_fixed_count_order_statistics,300.0,1,False
195,9f1bdaf34cec36c1129ad259b2cd4089a7cda258b7f508ac21b867d5f083b665,proven_maximal,maximize_sum_testing_e_values_at_maximum_cardinality,proven_optimal,10242.171331879486,0.3886869427145844,26350.695653289247,0,0,6,,,1;61;100;173;174;176,0,0,6,0,0,0,0.0,0.0,0.2,0.0,0.0,0.0,0,6,0.44018029700237093,8,7,266,58,6,,method1_proportional_scores_gamma1,unrestricted_maximum_cardinality_then_maximum_testing_evalue_sum,200,0,5,exact_fixed_count_order_statistics,300.0,1,False
196,8992770aa6d5188293c93df158dd0cbe7f7889b9ee34b00b234616a0f389a3f8,proven_maximal,maximize_sum_testing_e_values_at_maximum_cardinality,proven_optimal,0.0,0.0,6014.699545024629,0,0,0,,,,0,0,0,0,0,0,0.0,0.0,0.0,0.0,0.0,0.0,0,0,0.11584836000110954,3,3,245,45,0,,method1_proportional_scores_gamma1,unrestricted_maximum_cardinality_then_maximum_testing_evalue_sum,200,0,2,exact_fixed_count_order_statistics,300.0,1,False
197,e906012cb1472c7d8321126bc07b43550d70da186e08b59c7398ddeeeed98cf3,proven_maximal,maximize_sum_testing_e_values_at_maximum_cardinality,proven_optimal,213509.73551052317,1.3666664702531304,156226.65819186845,0,0,8,,,8;16;47;75;93;102;119;196,0,0,8,0,0,0,0.0,0.0,0.26666666666666666,0.0,0.0,0.0,0,8,0.15118341699417215,3,3,262,67,8,,method1_proportional_scores_gamma1,unrestricted_maximum_cardinality_then_maximum_testing_evalue_sum,200,0,12,exact_fixed_count_order_statistics,300.0,1,False
198,139218d17dc101f2d93a972037884c04159b673b2538fc1d411989429fd75d0d,proven_maximal,maximize_sum_testing_e_values_at_maximum_cardinality,proven_optimal,58404.09510935623,1.1715517072215724,49851.91413178524,0,0,3,,,115;157;173,0,0,3,0,0,0,0.0,0.0,0.1,0.0,0.0,0.0,0,3,0.4168694179970771,6,4,258,57,3,,method1_proportional_scores_gamma1,unrestricted_maximum_cardinality_then_maximum_testing_evalue_sum,200,0,8,exact_fixed_count_order_statistics,300.0,1,False
199,821aefd6b9228fbc58bdafa0fa325b4dc0089fce123750965919cf845a543e70,proven_maximal,maximize_sum_testing_e_values_at_maximum_cardinality,proven_optimal,104757.94110579201,1.1324987851424098,92501.59247863464,0,0,7,,,5;59;103;106;124;190;191,0,0,7,0,0,0,0.0,0.0,0.23333333333333334,0.0,0.0,0.0,0,7,0.12531222599500325,3,3,241,46,7,,method1_proportional_scores_gamma1,unrestricted_maximum_cardinality_then_maximum_testing_evalue_sum,200,0,7,exact_fixed_count_order_statistics,300.0,1,False
200,f5be69eccd6f7db31403e943569910318c0cd3d09748ab61bdea7244f0eb2626,proven_maximal,maximize_sum_testing_e_values_at_maximum_cardinality,proven_optimal,182779.47397409217,1.3621491393130116,134184.62685097422,0,0,9,,,3;4;11;18;20;93;97;134;177,0,0,9,0,0,0,0.0,0.0,0.3,0.0,0.0,0.0,0,9,0.2584010760037927,4,4,250,54,9,,method1_proportional_scores_gamma1,unrestricted_maximum_cardinality_then_maximum_testing_evalue_sum,200,0,12,exact_fixed_count_order_statistics,300.0,1,False
201,56ad8b695fce891ebb59db054829337005fbac84a78fd81f214b4c4516404afe,proven_maximal,maximize_sum_testing_e_values_at_maximum_cardinality,proven_optimal,175579.2584254392,1.2226387335033355,143606.81828092944,0,0,9,,,27;136;148;151;180;184;188;193;195,0,0,9,0,0,0,0.0,0.0,0.3,0.0,0.0,0.0,0,9,0.312539440994442,6,5,242,44,9,,method1_proportional_scores_gamma1,unrestricted_maximum_cardinality_then_maximum_testing_evalue_sum,200,0,7,exact_fixed_count_order_statistics,300.0,1,False
202,1403938509fa1e9b84378ef26ba1d60f3cfbd27bb7abd197241cfd049d1e35f8,proven_maximal,maximize_sum_testing_e_values_at_maximum_cardinality,proven_optimal,162075.82406950666,1.911024521678551,84810.95989660412,0,0,11,,,9;20;27;53;71;73;92;97;102;114;165,0,0,11,0,0,0,0.0,0.0,0.36666666666666664,0.0,0.0,0.0,0,11,1.0888285110049765,15,14,281,55,11,,method1_proportional_scores_gamma1,unrestricted_maximum_cardinality_then_maximum_testing_evalue_sum,200,0,7,exact_fixed_count_order_statistics,300.0,1,False
203,346d081a817bc2a7ec1ea934e2bd10643d3cf50d7ac211e526f9adf6525b8d0b,proven_maximal,maximize_sum_testing_e_values_at_maximum_cardinality,proven_optimal,578.5543995667167,0.06438952851734805,8985.224971958609,0,0,2,,,150;175,0,0,2,0,0,0,0.0,0.0,0.06666666666666667,0.0,0.0,0.0,0,2,0.3247462849976728,6,5,251,50,2,,method1_proportional_scores_gamma1,unrestricted_maximum_cardinality_then_maximum_testing_evalue_sum,200,0,1,exact_fixed_count_order_statistics,300.0,1,False
204,5debf097bcf5553fd9fb060ff8a59c80ba00be48308c6cded21ea37d3ff8c124,proven_maximal,maximize_sum_testing_e_values_at_maximum_cardinality,proven_optimal,2521.718340582936,0.05381006944530478,46863.31696981241,0,0,6,,,25;47;80;114;121;161,0,0,5,0,0,1,0.0,0.0,0.16666666666666666,0.0,0.0,0.16666666666666666,0,6,0.4608008740033256,16,14,262,35,6,,method1_proportional_scores_gamma1,unrestricted_maximum_cardinality_then_maximum_testing_evalue_sum,200,0,4,exact_fixed_count_order_statistics,300.0,1,False
205,c56a08ffe85ec35c8cd7fa94c3a8d8e0f53c6d932f27ff07b83dce25d55fab10,proven_maximal,maximize_sum_testing_e_values_at_maximum_cardinality,proven_optimal,12162.68273180972,1.019944916719706,11924.84273653396,0,0,2,,,61;155,0,0,2,0,0,0,0.0,0.0,0.06666666666666667,0.0,0.0,0.0,0,2,0.12743574599880958,3,3,251,53,2,,method1_proportional_scores_gamma1,unrestricted_maximum_cardinality_then_maximum_testing_evalue_sum,200,0,7,exact_fixed_count_order_statistics,300.0,1,False
206,7dc6cfc96bd5780316955f104e2215b2361315c4eb84c27842404003d9dd7371,proven_maximal,maximize_sum_testing_e_values_at_maximum_cardinality,proven_optimal,4452.1621200682775,0.8246948444595552,5398.556993509399,0,0,8,,,13;14;53;69;95;157;173;187,0,0,8,0,0,0,0.0,0.0,0.26666666666666666,0.0,0.0,0.0,0,8,0.4557544790004613,8,6,258,55,8,,method1_proportional_scores_gamma1,unrestricted_maximum_cardinality_then_maximum_testing_evalue_sum,200,0,6,exact_fixed_count_order_statistics,300.0,1,False
207,8e9b12d6b04b6a158ee4fcff2d22b4b21814a7b4638f0bc717a95055b010ab6c,proven_maximal,maximize_sum_testing_e_values_at_maximum_cardinality,proven_optimal,554625.6599999066,1.0169279018863422,545393.2957991498,0,0,9,,,9;10;13;16;85;91;124;153;192,0,0,9,0,0,0,0.0,0.0,0.3,0.0,0.0,0.0,0,9,0.12912238699937006,3,3,245,51,9,,method1_proportional_scores_gamma1,unrestricted_maximum_cardinality_then_maximum_testing_evalue_sum,200,0,7,exact_fixed_count_order_statistics,300.0,1,False
208,6f3ca275685a2546571aff449a48a54574bddf5bde5295c4ef350eb2f265835f,proven_maximal,maximize_sum_testing_e_values_at_maximum_cardinality,proven_optimal,16048.692445931154,1.7885622844054623,8972.956986659212,0,0,11,,,19;38;43;46;64;85;96;136;149;163;188,0,0,11,0,0,0,0.0,0.0,0.36666666666666664,0.0,0.0,0.0,0,11,0.5582313429986243,11,11,264,51,11,,method1_proportional_scores_gamma1,unrestricted_maximum_cardinality_then_maximum_testing_evalue_sum,200,0,8,exact_fixed_count_order_statistics,300.0,1,False
209,31a88af5a4d540b0f0453a94b3609da50a647d93655d3aaefbf6984cc5314d88,proven_maximal,maximize_sum_testing_e_values_at_maximum_cardinality,proven_optimal,6401.373524319457,2.428432092963529,2636.010923619265,0,0,5,,,30;40;64;111;195,0,0,5,0,0,0,0.0,0.0,0.16666666666666666,0.0,0.0,0.0,0,5,0.2667252679966623,5,5,251,50,5,,method1_proportional_scores_gamma1,unrestricted_maximum_cardinality_then_maximum_testing_evalue_sum,200,0,4,exact_fixed_count_order_statistics,300.0,1,False
210,bd846c8cb0c6cfa64d5b39671de0fa075b88dfb67a1a93cbaa888e73eea4ac86,proven_maximal,maximize_sum_testing_e_values_at_maximum_cardinality,proven_optimal,66957.86072002127,1.041957018559832,64261.63414357421,0,0,3,,,16;184;190,0,0,3,0,0,0,0.0,0.0,0.1,0.0,0.0,0.0,0,3,0.4433661410002969,7,5,263,63,3,,method1_proportional_scores_gamma1,unrestricted_maximum_cardinality_then_maximum_testing_evalue_sum,200,0,4,exact_fixed_count_order_statistics,300.0,1,False
211,2a5d574f77c5f3cd8649ae0f94e496c9c3efdcbf454ff7c5d4971483ea7b7079,proven_maximal,maximize_sum_testing_e_values_at_maximum_cardinality,proven_optimal,42189.16026248387,1.4222525480354737,29663.62079699476,0,0,12,,,28;33;41;49;60;77;79;81;141;158;167;196,0,0,12,0,0,0,0.0,0.0,0.4,0.0,0.0,0.0,0,12,0.18335933900380041,5,5,240,46,12,,method1_proportional_scores_gamma1,unrestricted_maximum_cardinality_then_maximum_testing_evalue_sum,200,0,9,exact_fixed_count_order_statistics,300.0,1,False
212,aaef41c11d1ddbd0cbeac4dd5962b16a405f9611f7e5104151ac9e85293fa5fc,proven_maximal,maximize_sum_testing_e_values_at_maximum_cardinality,proven_optimal,27479.325299894346,1.099645754226557,24989.252397215965,0,0,3,,,74;94;177,0,0,3,0,0,0,0.0,0.0,0.1,0.0,0.0,0.0,0,3,0.3876302510034293,5,4,261,60,3,,method1_proportional_scores_gamma1,unrestricted_maximum_cardinality_then_maximum_testing_evalue_sum,200,0,9,exact_fixed_count_order_statistics,300.0,1,False
213,4a4a715e625c0a10ab5d2bcab1e33ad1522132471efa51a102dab875585d9dc9,proven_maximal,maximize_sum_testing_e_values_at_maximum_cardinality,proven_optimal,56930.368662989116,1.3162291593540991,43252.62683811535,0,0,11,,,13;18;66;67;100;107;120;169;180;186;195,0,0,11,0,0,0,0.0,0.0,0.36666666666666664,0.0,0.0,0.0,0,11,0.7143565939986729,16,14,253,41,11,,method1_proportional_scores_gamma1,unrestricted_maximum_cardinality_then_maximum_testing_evalue_sum,200,0,3,exact_fixed_count_order_statistics,300.0,1,False
214,e2c0939618b7626ff7c8b614e6595bedb99067b6269195f0d2b0356c9eb86c1e,proven_maximal,maximize_sum_testing_e_values_at_maximum_cardinality,proven_optimal,51282.197294735546,2.090039844904785,24536.468727978623,0,0,10,,,43;45;77;105;114;115;122;151;153;167,0,0,10,0,0,0,0.0,0.0,0.3333333333333333,0.0,0.0,0.0,0,10,0.3348180190005223,7,7,271,59,10,,method1_proportional_scores_gamma1,unrestricted_maximum_cardinality_then_maximum_testing_evalue_sum,200,0,13,exact_fixed_count_order_statistics,300.0,1,False
215,5a2ed2c3ae15639e0bdad82cb74a2d6934315237bd99bb0b5cc508e3c23e98b1,proven_maximal,maximize_sum_testing_e_values_at_maximum_cardinality,proven_optimal,3495.1913269371425,1.050527740704365,3327.081419662143,0,0,2,,,80;122,0,0,2,0,0,0,0.0,0.0,0.06666666666666667,0.0,0.0,0.0,0,2,0.3186629229967366,5,4,249,50,2,,method1_proportional_scores_gamma1,unrestricted_maximum_cardinality_then_maximum_testing_evalue_sum,200,0,2,exact_fixed_count_order_statistics,300.0,1,False
216,2bc15e4d8f0376b43e66700919e742532d35382d3aa58a73b876a8e76ee0a78c,proven_maximal,maximize_sum_testing_e_values_at_maximum_cardinality,proven_optimal,23958.923962053592,1.7813120889960097,13450.155146904895,0,0,8,,,23;52;55;72;87;107;154;163,0,0,7,0,0,1,0.0,0.0,0.23333333333333334,0.0,0.0,0.125,0,8,0.4245228939980734,12,11,276,58,8,,method1_proportional_scores_gamma1,unrestricted_maximum_cardinality_then_maximum_testing_evalue_sum,200,0,6,exact_fixed_count_order_statistics,300.0,1,False
217,594de435bedecbf4b8a871d09366a56dd43ca7313c68656741a1025123f58cc0,proven_maximal,maximize_sum_testing_e_values_at_maximum_cardinality,proven_optimal,0.0,0.0,5558.043882280291,0,0,0,,,,0,0,0,0,0,0,0.0,0.0,0.0,0.0,0.0,0.0,0,0,0.6237912819997291,11,6,258,49,0,,method1_proportional_scores_gamma1,unrestricted_maximum_cardinality_then_maximum_testing_evalue_sum,200,0,1,exact_fixed_count_order_statistics,300.0,1,False
218,74e573dfb09d7e381b3522d63b66186512c3b86054bd144b972ab52ced26b0de,proven_maximal,maximize_sum_testing_e_values_at_maximum_cardinality,proven_optimal,72777.52500141907,1.442234398473401,50461.64831351532,0,0,8,,,6;9;16;54;79;112;155;178,0,0,8,0,0,0,0.0,0.0,0.26666666666666666,0.0,0.0,0.0,0,8,0.2140021759987576,3,3,256,59,8,,method1_proportional_scores_gamma1,unrestricted_maximum_cardinality_then_maximum_testing_evalue_sum,200,0,6,exact_fixed_count_order_statistics,300.0,1,False
219,bae965687ac0fb6e150cd102f7b02d19103fbf88c7b67b278210824577740702,proven_maximal,maximize_sum_testing_e_values_at_maximum_cardinality,proven_optimal,700.3769069154624,0.01552064860099224,45125.49216987537,0,0,1,,,178,0,0,1,0,0,0,0.0,0.0,0.03333333333333333,0.0,0.0,0.0,0,1,0.13009650699677877,3,3,255,56,1,,method1_proportional_scores_gamma1,unrestricted_maximum_cardinality_then_maximum_testing_evalue_sum,200,0,2,exact_fixed_count_order_statistics,300.0,1,False
220,574cfeb8582592d564936a6fe178770ffa036550b74668a87ca3ff0e238064ad,proven_maximal,maximize_sum_testing_e_values_at_maximum_cardinality,proven_optimal,63650.96022887731,1.245859820820254,51089.98553863832,0,0,9,,,3;7;8;34;50;82;91;96;184,0,0,9,0,0,0,0.0,0.0,0.3,0.0,0.0,0.0,0,9,0.36224295400461415,6,5,241,46,9,,method1_proportional_scores_gamma1,unrestricted_maximum_cardinality_then_maximum_testing_evalue_sum,200,0,7,exact_fixed_count_order_statistics,300.0,1,False
221,8d334080ce3d92ae5ea3e46bac6e7f329cd7d0a387dd7e585ee9f81f548a28fa,proven_maximal,maximize_sum_testing_e_values_at_maximum_cardinality,proven_optimal,159817.21564549368,1.05698390347626,151201.18208033164,0,0,3,,,5;22;147,0,0,3,0,0,0,0.0,0.0,0.1,0.0,0.0,0.0,0,3,0.32329589500295697,5,4,264,66,3,,method1_proportional_scores_gamma1,unrestricted_maximum_cardinality_then_maximum_testing_evalue_sum,200,0,2,exact_fixed_count_order_statistics,300.0,1,False
222,c058c55aba97093ab48f8fd2c106eec2757aad1ec161187369e0d64bc7e23608,proven_maximal,maximize_sum_testing_e_values_at_maximum_cardinality,proven_optimal,43260.466813390085,1.3531884338231595,31969.28508409314,0,0,5,,,17;36;107;137;186,0,0,5,0,0,0,0.0,0.0,0.16666666666666666,0.0,0.0,0.0,0,5,0.4008000450048712,6,4,248,48,5,,method1_proportional_scores_gamma1,unrestricted_maximum_cardinality_then_maximum_testing_evalue_sum,200,0,10,exact_fixed_count_order_statistics,300.0,1,False
223,c2995debe80761a7c9dc88514db3493904baffb7d1253868f662209ebb0baff6,proven_maximal,maximize_sum_testing_e_values_at_maximum_cardinality,proven_optimal,99793.36578580603,1.3235380788486888,75398.93817986232,0,0,6,,,102;105;111;135;138;197,0,0,6,0,0,0,0.0,0.0,0.2,0.0,0.0,0.0,0,6,0.47700386100041214,8,5,245,44,6,,method1_proportional_scores_gamma1,unrestricted_maximum_cardinality_then_maximum_testing_evalue_sum,200,0,9,exact_fixed_count_order_statistics,300.0,1,False
224,fff109faf6d4853ff3f00fce67c539b814a1ea99da6cc4259d1770046154f01d,proven_maximal,maximize_sum_testing_e_values_at_maximum_cardinality,proven_optimal,0.0,0.0,93885.4647346502,0,0,0,,,,0,0,0,0,0,0,0.0,0.0,0.0,0.0,0.0,0.0,0,0,0.1649530139984563,3,3,260,60,0,,method1_proportional_scores_gamma1,unrestricted_maximum_cardinality_then_maximum_testing_evalue_sum,200,0,6,exact_fixed_count_order_statistics,300.0,1,False
225,b9b0cae86d70fd704bcdfda379a4bac6a9a1fe93ee0f315aca8af40386e1b69f,proven_maximal,maximize_sum_testing_e_values_at_maximum_cardinality,proven_optimal,42466.137623583825,1.2410196332026497,34218.7476228665,0,0,4,,,42;50;85;175,0,0,4,0,0,0,0.0,0.0,0.13333333333333333,0.0,0.0,0.0,0,4,0.17106069199508056,3,3,253,56,4,,method1_proportional_scores_gamma1,unrestricted_maximum_cardinality_then_maximum_testing_evalue_sum,200,0,8,exact_fixed_count_order_statistics,300.0,1,False
226,7ab6a36e557a3e3baa6c3c9358b0d697289ff60384cc26a419442a9e816a8044,proven_maximal,maximize_sum_testing_e_values_at_maximum_cardinality,proven_optimal,20413.19790467142,1.876937689696223,10875.799456067843,0,0,8,,,29;68;79;100;109;136;141;177,0,0,8,0,0,0,0.0,0.0,0.26666666666666666,0.0,0.0,0.0,0,8,0.36449439299758524,8,7,261,56,8,,method1_proportional_scores_gamma1,unrestricted_maximum_cardinality_then_maximum_testing_evalue_sum,200,0,4,exact_fixed_count_order_statistics,300.0,1,False
227,7c71665dc88072b0a683a54692aeb105e60cbcf29a2d457667423af0c3901c50,proven_maximal,maximize_sum_testing_e_values_at_maximum_cardinality,proven_optimal,26126.508142534934,3.4855770667896526,7495.604785636953,0,0,18,,,5;9;13;25;38;44;46;51;54;100;113;118;132;138;153;166;184;191,0,0,18,0,0,0,0.0,0.0,0.6,0.0,0.0,0.0,0,18,0.1816794670012314,5,5,247,50,18,,method1_proportional_scores_gamma1,unrestricted_maximum_cardinality_then_maximum_testing_evalue_sum,200,0,13,exact_fixed_count_order_statistics,300.0,1,False
228,9527fb280299d17a9396b5579d08b4899b788b6d35268c6e0b5253873533e340,proven_maximal,maximize_sum_testing_e_values_at_maximum_cardinality,proven_optimal,0.0,0.0,11395.728823541407,0,0,0,,,,0,0,0,0,0,0,0.0,0.0,0.0,0.0,0.0,0.0,0,0,0.1336096179948072,3,3,255,55,0,,method1_proportional_scores_gamma1,unrestricted_maximum_cardinality_then_maximum_testing_evalue_sum,200,0,7,exact_fixed_count_order_statistics,300.0,1,False
229,22e4fe78ed4818747819777c43a3052ad8d0e35697e58e999d4bd4b76ff486db,proven_maximal,maximize_sum_testing_e_values_at_maximum_cardinality,proven_optimal,34185.897071692845,1.2470937249803975,27412.45215729892,0,0,7,,,71;93;139;165;175;177;178,0,0,7,0,0,0,0.0,0.0,0.23333333333333334,0.0,0.0,0.0,0,7,0.5082816460053436,9,6,247,47,7,,method1_proportional_scores_gamma1,unrestricted_maximum_cardinality_then_maximum_testing_evalue_sum,200,0,5,exact_fixed_count_order_statistics,300.0,1,False
230,ef506607ca089828120eba220b6738cbc43a2d13c521c9fe691c95ce74085082,proven_maximal,maximize_sum_testing_e_values_at_maximum_cardinality,proven_optimal,222049.21179760946,1.011152703960357,219600.0771475117,0,0,4,,,7;17;131;171,0,0,4,0,0,0,0.0,0.0,0.13333333333333333,0.0,0.0,0.0,0,4,0.40816409599938197,6,4,251,51,4,,method1_proportional_scores_gamma1,unrestricted_maximum_cardinality_then_maximum_testing_evalue_sum,200,0,7,exact_fixed_count_order_statistics,300.0,1,False
231,7032990d2d5e50c5b63c830a242a4f311fe3dce8b2cf46eea14d4dfd4ed34712,proven_maximal,maximize_sum_testing_e_values_at_maximum_cardinality,proven_optimal,418.2103398692859,0.11272475013839536,3710.01345628034,0,0,2,,,93;161,0,0,2,0,0,0,0.0,0.0,0.06666666666666667,0.0,0.0,0.0,0,2,0.56305408100161,7,4,250,49,2,,method1_proportional_scores_gamma1,unrestricted_maximum_cardinality_then_maximum_testing_evalue_sum,200,0,4,exact_fixed_count_order_statistics,300.0,1,False
232,14e0682c8f3c7b2eb96cd6a3d68ddf47078b00f4e79dbba3045146cdfc44b32d,proven_maximal,maximize_sum_testing_e_values_at_maximum_cardinality,proven_optimal,14959.608118730846,0.05934269737358603,252088.441894613,0,0,14,,,0;4;39;61;95;104;105;121;133;148;167;173;174;199,0,0,14,0,0,0,0.0,0.0,0.4666666666666667,0.0,0.0,0.0,0,14,0.18938100499508437,7,7,249,42,14,,method1_proportional_scores_gamma1,unrestricted_maximum_cardinality_then_maximum_testing_evalue_sum,200,0,11,exact_fixed_count_order_statistics,300.0,1,False
233,b12d384ecc04c25a160beedc4c49637444503fde461ce0eaeb0b5cf4548f7af9,proven_maximal,maximize_sum_testing_e_values_at_maximum_cardinality,proven_optimal,94118.70399818312,1.789129854541479,52605.85404646551,0,0,16,,,13;30;34;45;88;105;111;121;130;143;163;164;170;175;177;183,0,0,16,0,0,0,0.0,0.0,0.5333333333333333,0.0,0.0,0.0,0,16,0.746204178998596,17,16,275,61,16,,method1_proportional_scores_gamma1,unrestricted_maximum_cardinality_then_maximum_testing_evalue_sum,200,0,13,exact_fixed_count_order_statistics,300.0,1,False
234,33a6e549d56ad43fdb68f9af7a8d24a5e35e91c9c37e42fb86469263f1ea1647,proven_maximal,maximize_sum_testing_e_values_at_maximum_cardinality,proven_optimal,53255.48290044787,1.0829737121459737,49175.2314051272,0,0,5,,,36;51;59;103;155,0,0,5,0,0,0,0.0,0.0,0.16666666666666666,0.0,0.0,0.0,0,5,0.3582184299957589,5,4,258,60,5,,method1_proportional_scores_gamma1,unrestricted_maximum_cardinality_then_maximum_testing_evalue_sum,200,0,4,exact_fixed_count_order_statistics,300.0,1,False
235,87a6df3754d6a205cc233d4167898ba308d6fdaca284dfce1bbdbe4b50fc89d2,proven_maximal,maximize_sum_testing_e_values_at_maximum_cardinality,proven_optimal,10722.980573014001,0.6446248847872706,16634.450245513926,0,0,6,,,15;127;154;155;185;191,0,0,6,0,0,0,0.0,0.0,0.2,0.0,0.0,0.0,0,6,0.49326809299964225,9,7,262,51,6,,method1_proportional_scores_gamma1,unrestricted_maximum_cardinality_then_maximum_testing_evalue_sum,200,0,7,exact_fixed_count_order_statistics,300.0,1,False
236,42d9ff8b21365fd035c5a786f139f2f3b535665d6dc82073c30b7670623d4543,proven_maximal,maximize_sum_testing_e_values_at_maximum_cardinality,proven_optimal,6277.584906965098,1.5864005427596914,3957.124785172258,0,0,8,,,31;52;53;120;128;132;166;186,0,0,8,0,0,0,0.0,0.0,0.26666666666666666,0.0,0.0,0.0,0,8,0.14797021099366248,3,3,244,49,8,,method1_proportional_scores_gamma1,unrestricted_maximum_cardinality_then_maximum_testing_evalue_sum,200,0,0,exact_fixed_count_order_statistics,300.0,1,False
237,dfbab915d93f365520fbb51280ca2d243547edab09816b012bc30f5d85392767,proven_maximal,maximize_sum_testing_e_values_at_maximum_cardinality,proven_optimal,38103.64850647414,1.9516940428153207,19523.371835223512,0,0,8,,,17;19;51;66;110;164;169;174,0,0,8,0,0,0,0.0,0.0,0.26666666666666666,0.0,0.0,0.0,0,8,0.37406259900308214,5,4,248,52,8,,method1_proportional_scores_gamma1,unrestricted_maximum_cardinality_then_maximum_testing_evalue_sum,200,0,16,exact_fixed_count_order_statistics,300.0,1,False
238,7aed746494d2593e130224b390528214648eaa1218e7b87e05daaa9af2468f2a,proven_maximal,maximize_sum_testing_e_values_at_maximum_cardinality,proven_optimal,78887.43422702458,1.1311248137969225,69742.46631741535,0,0,5,,,9;41;57;163;177,0,0,5,0,0,0,0.0,0.0,0.16666666666666666,0.0,0.0,0.0,0,5,0.3201691380018019,5,4,248,48,5,,method1_proportional_scores_gamma1,unrestricted_maximum_cardinality_then_maximum_testing_evalue_sum,200,0,6,exact_fixed_count_order_statistics,300.0,1,False
239,5603f175f622e80b3675309997a50c032a80523ac49993a1bc44ad450ed464a3,proven_maximal,maximize_sum_testing_e_values_at_maximum_cardinality,proven_optimal,68985.06466455426,2.310810696154802,29853.18735946033,0,0,11,,,3;5;9;56;106;107;130;149;158;172;198,0,0,11,0,0,0,0.0,0.0,0.36666666666666664,0.0,0.0,0.0,0,11,0.8567354879996856,12,12,286,50,11,,method1_proportional_scores_gamma1,unrestricted_maximum_cardinality_then_maximum_testing_evalue_sum,200,0,5,exact_fixed_count_order_statistics,300.0,1,False
240,3f76b383fefca991b88ec7e22a1c0ecb7660176fb7959bf8a462d5fcba678f63,proven_maximal,maximize_sum_testing_e_values_at_maximum_cardinality,proven_optimal,1476.3770205024002,0.22184351245354111,6655.038067933521,0,0,4,,,17;35;56;146,0,0,4,0,0,0,0.0,0.0,0.13333333333333333,0.0,0.0,0.0,0,4,0.31371966700680787,5,4,253,55,4,,method1_proportional_scores_gamma1,unrestricted_maximum_cardinality_then_maximum_testing_evalue_sum,200,0,11,exact_fixed_count_order_statistics,300.0,1,False
241,eccc608f3055acf287b8d5f2bebac4553358690c17d6cef0fdb2a12402177028,proven_maximal,maximize_sum_testing_e_values_at_maximum_cardinality,proven_optimal,2734.9985476008446,1.0703260714709204,2555.294709248939,0,0,5,,,1;51;71;90;182,0,0,5,0,0,0,0.0,0.0,0.16666666666666666,0.0,0.0,0.0,0,5,0.3542506250014412,6,5,259,57,5,,method1_proportional_scores_gamma1,unrestricted_maximum_cardinality_then_maximum_testing_evalue_sum,200,0,4,exact_fixed_count_order_statistics,300.0,1,False
242,a69080026f6f50f7cf1fb90b51f0a303ccc80041a317de696332e82bca576815,proven_maximal,maximize_sum_testing_e_values_at_maximum_cardinality,proven_optimal,54077.84645730214,1.0212554182760003,52952.32268984377,0,0,3,,,36;174;175,0,0,3,0,0,0,0.0,0.0,0.1,0.0,0.0,0.0,0,3,0.1295669760002056,3,3,251,53,3,,method1_proportional_scores_gamma1,unrestricted_maximum_cardinality_then_maximum_testing_evalue_sum,200,0,5,exact_fixed_count_order_statistics,300.0,1,False
243,b50cf229d9a4ec758839256178ed8c02d9d9962329dae984091e5e9807d77fac,proven_maximal,maximize_sum_testing_e_values_at_maximum_cardinality,proven_optimal,207331.85526020493,1.2853887367805958,161298.95130362775,0,0,12,,,14;16;34;37;45;68;88;130;161;177;190;197,0,0,12,0,0,0,0.0,0.0,0.4,0.0,0.0,0.0,0,12,1.133585621995735,14,14,278,61,12,,method1_proportional_scores_gamma1,unrestricted_maximum_cardinality_then_maximum_testing_evalue_sum,200,0,8,exact_fixed_count_order_statistics,300.0,1,False
244,ce932a22770d2ac193d98073c73b6893b340364b4575aec98b6fee15637f85f6,proven_maximal,maximize_sum_testing_e_values_at_maximum_cardinality,proven_optimal,5578.724787362987,1.5031367199580616,3711.3888000278753,0,0,6,,,20;53;97;117;129;171,0,0,6,0,0,0,0.0,0.0,0.2,0.0,0.0,0.0,0,6,0.31807217199821025,5,4,251,51,6,,method1_proportional_scores_gamma1,unrestricted_maximum_cardinality_then_maximum_testing_evalue_sum,200,0,0,exact_fixed_count_order_statistics,300.0,1,False
245,cd2af35b02a1a12487faa744bba7dd741bc988cbd7e3679a87a93755ae244526,proven_maximal,maximize_sum_testing_e_values_at_maximum_cardinality,proven_optimal,66590.06690117344,2.273569434884188,29288.776440894333,0,0,10,,,0;15;30;39;57;99;126;127;131;147,0,0,10,0,0,0,0.0,0.0,0.3333333333333333,0.0,0.0,0.0,0,10,0.24766133799857926,6,6,260,53,10,,method1_proportional_scores_gamma1,unrestricted_maximum_cardinality_then_maximum_testing_evalue_sum,200,0,11,exact_fixed_count_order_statistics,300.0,1,False
246,39d6f677c6a45b467cfdd1b671bca6e26f5b61660b6094620cf924d9811b7fa0,proven_maximal,maximize_sum_testing_e_values_at_maximum_cardinality,proven_optimal,43264.59900389803,2.149483417024679,20127.905459156795,0,0,12,,,7;13;27;53;71;84;118;120;121;170;181;186,0,0,11,0,0,1,0.0,0.0,0.36666666666666664,0.0,0.0,0.08333333333333333,0,12,0.1541147390016704,3,3,244,52,12,,method1_proportional_scores_gamma1,unrestricted_maximum_cardinality_then_maximum_testing_evalue_sum,200,0,15,exact_fixed_count_order_statistics,300.0,1,False
247,f10804b591e42e10f74f1b99cde56464b7c3f4169eb4bc40998697563f65230d,proven_maximal,maximize_sum_testing_e_values_at_maximum_cardinality,proven_optimal,32221.171839501974,1.0841758853489087,29719.506101293315,0,0,8,,,14;33;55;59;71;102;117;191,0,0,8,0,0,0,0.0,0.0,0.26666666666666666,0.0,0.0,0.0,0,8,0.4461617529959767,10,8,276,51,8,,method1_proportional_scores_gamma1,unrestricted_maximum_cardinality_then_maximum_testing_evalue_sum,200,0,4,exact_fixed_count_order_statistics,300.0,1,False
248,cc4d66cbc6fbd9c7bb46710c6533eb6eb36c1f55ad4dbd18712847d054903005,proven_maximal,maximize_sum_testing_e_values_at_maximum_cardinality,proven_optimal,103864.5014032359,1.1900703177812733,87275.93643111557,0,0,10,,,26;48;51;101;120;130;141;168;188;193,0,0,10,0,0,0,0.0,0.0,0.3333333333333333,0.0,0.0,0.0,0,10,0.8581848920002813,27,26,327,51,10,,method1_proportional_scores_gamma1,unrestricted_maximum_cardinality_then_maximum_testing_evalue_sum,200,0,10,exact_fixed_count_order_statistics,300.0,1,False
249,bfda0a4275b048d9c3d0f76a3a7d1b4938bb8ad7f4a690dfb49c6b1cc5e8228b,proven_maximal,maximize_sum_testing_e_values_at_maximum_cardinality,proven_optimal,221.667939910035,0.05074461650750773,4368.3045644307695,0,0,1,,,21,0,0,1,0,0,0,0.0,0.0,0.03333333333333333,0.0,0.0,0.0,0,1,0.14921511699503753,3,3,247,48,1,,method1_proportional_scores_gamma1,unrestricted_maximum_cardinality_then_maximum_testing_evalue_sum,200,0,1,exact_fixed_count_order_statistics,300.0,1,False
250,7e6e036e9624af13ff173cfa70519f832cfe7d30a4bcfeaf0101d2dc0bf59c61,proven_maximal,maximize_sum_testing_e_values_at_maximum_cardinality,proven_optimal,16116.137283744923,1.3970643175795028,11535.716058990822,0,0,7,,,10;49;84;106;137;149;157,0,0,7,0,0,0,0.0,0.0,0.23333333333333334,0.0,0.0,0.0,0,7,0.6089740370007348,13,10,270,52,7,,method1_proportional_scores_gamma1,unrestricted_maximum_cardinality_then_maximum_testing_evalue_sum,200,0,6,exact_fixed_count_order_statistics,300.0,1,False
251,6bc763e4e47cbf1a62fe94391dbd7686750d40ebf5edfc8103ccae09a57f2982,proven_maximal,maximize_sum_testing_e_values_at_maximum_cardinality,proven_optimal,2840.515868953613,1.0,2840.515868953613,0,0,1,,,168,0,0,1,0,0,0,0.0,0.0,0.03333333333333333,0.0,0.0,0.0,0,1,0.21563604899711208,3,3,257,58,1,,method1_proportional_scores_gamma1,unrestricted_maximum_cardinality_then_maximum_testing_evalue_sum,200,0,0,exact_fixed_count_order_statistics,300.0,1,False
252,c6a564115729d400a08621a97708cb695d019c0f297e5c90d47713fd9c454e09,proven_maximal,maximize_sum_testing_e_values_at_maximum_cardinality,proven_optimal,8782.147029123464,1.2621984299324562,6957.818058443806,0,0,6,,,42;57;70;134;148;161,0,0,6,0,0,0,0.0,0.0,0.2,0.0,0.0,0.0,0,6,0.4806382559982012,7,5,255,56,6,,method1_proportional_scores_gamma1,unrestricted_maximum_cardinality_then_maximum_testing_evalue_sum,200,0,9,exact_fixed_count_order_statistics,300.0,1,False
253,73a898e23e34a570604b67dc11fc8d0bfcd4e2697f801fd668a567e0f8601f50,proven_maximal,maximize_sum_testing_e_values_at_maximum_cardinality,proven_optimal,28380.469044319692,1.839911281025545,15424.911699275388,0,0,10,,,16;45;57;104;137;154;155;162;169;173,0,0,10,0,0,0,0.0,0.0,0.3333333333333333,0.0,0.0,0.0,0,10,0.12348869100242155,3,3,245,53,10,,method1_proportional_scores_gamma1,unrestricted_maximum_cardinality_then_maximum_testing_evalue_sum,200,0,8,exact_fixed_count_order_statistics,300.0,1,False
254,36a6b598afbdf0fa8d8cbf7bf96979889a696969b9036750f6201d04eb310071,proven_maximal,maximize_sum_testing_e_values_at_maximum_cardinality,proven_optimal,5617.191072860409,1.0711774535003726,5243.940725698307,0,0,4,,,20;24;115;139,0,0,4,0,0,0,0.0,0.0,0.13333333333333333,0.0,0.0,0.0,0,4,0.5122143029948347,8,6,258,57,4,,method1_proportional_scores_gamma1,unrestricted_maximum_cardinality_then_maximum_testing_evalue_sum,200,0,2,exact_fixed_count_order_statistics,300.0,1,False
255,ccfa0e746af35ff1e82294c5fc74398577913fb447fdcaf75be73fd702315ee9,proven_maximal,maximize_sum_testing_e_values_at_maximum_cardinality,proven_optimal,103651.25130709216,1.0025209183949686,103390.61201140554,0,0,3,,,111;130;158,0,0,3,0,0,0,0.0,0.0,0.1,0.0,0.0,0.0,0,3,0.45796213900030125,5,4,258,58,3,,method1_proportional_scores_gamma1,unrestricted_maximum_cardinality_then_maximum_testing_evalue_sum,200,0,9,exact_fixed_count_order_statistics,300.0,1,False
256,d52ca6e8fafb27cb6682fa6bcb1bd784be1aeb401c9d298f3247160a3bf047aa,proven_maximal,maximize_sum_testing_e_values_at_maximum_cardinality,proven_optimal,26458.90073894034,2.330152897152107,11355.006262154808,0,0,9,,,17;27;54;58;73;126;133;141;154,0,0,9,0,0,0,0.0,0.0,0.3,0.0,0.0,0.0,0,9,0.4702505149980425,7,6,248,40,9,,method1_proportional_scores_gamma1,unrestricted_maximum_cardinality_then_maximum_testing_evalue_sum,200,0,4,exact_fixed_count_order_statistics,300.0,1,False
257,dcf3661ce864d22c24673079c21d983a536499367d9e575f59f536bc0dc74a1b,proven_maximal,maximize_sum_testing_e_values_at_maximum_cardinality,proven_optimal,0.0,0.0,4171.974345475109,0,0,0,,,,0,0,0,0,0,0,0.0,0.0,0.0,0.0,0.0,0.0,0,0,0.2595645559995319,3,3,260,60,0,,method1_proportional_scores_gamma1,unrestricted_maximum_cardinality_then_maximum_testing_evalue_sum,200,0,7,exact_fixed_count_order_statistics,300.0,1,False
258,5e00ed68e6493e61a50f6ba7b505660624314f6c0ced023cfbc56bfa274dbad9,proven_maximal,maximize_sum_testing_e_values_at_maximum_cardinality,proven_optimal,16482.01955315578,3.668499937713156,4492.849893144669,0,0,10,,,0;44;64;82;146;148;152;196;198;199,0,0,10,0,0,0,0.0,0.0,0.3333333333333333,0.0,0.0,0.0,0,10,0.1468732950015692,4,4,241,47,10,,method1_proportional_scores_gamma1,unrestricted_maximum_cardinality_then_maximum_testing_evalue_sum,200,0,15,exact_fixed_count_order_statistics,300.0,1,False
259,6a78999cd24987bf86747a81eae6dff9052a300226ac4387f73310bbbe3b9147,proven_maximal,maximize_sum_testing_e_values_at_maximum_cardinality,proven_optimal,1245.682142500843,0.026850089600845922,46393.96594272807,0,0,3,,,72;87;131,0,0,3,0,0,0,0.0,0.0,0.1,0.0,0.0,0.0,0,3,0.8255093050029245,10,6,255,51,3,,method1_proportional_scores_gamma1,unrestricted_maximum_cardinality_then_maximum_testing_evalue_sum,200,0,7,exact_fixed_count_order_statistics,300.0,1,False
260,4e38e0904829e43f28847b2501e22ed5320911cded8d8cb68070177acb0d1438,proven_maximal,maximize_sum_testing_e_values_at_maximum_cardinality,proven_optimal,84594.37277407513,2.8246916581384296,29948.1794872527,0,0,7,,,44;84;110;136;142;155;162,0,0,7,0,0,0,0.0,0.0,0.23333333333333334,0.0,0.0,0.0,0,7,0.6350643979967572,9,6,266,65,7,,method1_proportional_scores_gamma1,unrestricted_maximum_cardinality_then_maximum_testing_evalue_sum,200,0,10,exact_fixed_count_order_statistics,300.0,1,False
261,a2c2e9c2c8d9332090d60244e9977a70c6977d408d8b117ee2ed7ee14572583d,proven_maximal,maximize_sum_testing_e_values_at_maximum_cardinality,proven_optimal,1539.9511334764602,0.9489950418051702,1622.7177863302409,0,0,7,,,9;15;95;103;112;186;192,0,0,7,0,0,0,0.0,0.0,0.23333333333333334,0.0,0.0,0.0,0,7,0.3566823569999542,7,7,263,55,7,,method1_proportional_scores_gamma1,unrestricted_maximum_cardinality_then_maximum_testing_evalue_sum,200,0,0,exact_fixed_count_order_statistics,300.0,1,False
262,453426819be4a258b40c6413104d9bef896792a5e26b4b7d45badbc87dfcffef,proven_maximal,maximize_sum_testing_e_values_at_maximum_cardinality,proven_optimal,10604.09262929802,1.4518607957131144,7303.794317339893,0,0,7,,,3;9;29;70;82;86;118,0,0,7,0,0,0,0.0,0.0,0.23333333333333334,0.0,0.0,0.0,0,7,0.4256234360000235,8,7,261,58,7,,method1_proportional_scores_gamma1,unrestricted_maximum_cardinality_then_maximum_testing_evalue_sum,200,0,3,exact_fixed_count_order_statistics,300.0,1,False
263,93ffcd4ec2c3c359ddefe8b7f2714eab39a90c3da2dc7ab4709199f06c8e5507,proven_maximal,maximize_sum_testing_e_values_at_maximum_cardinality,proven_optimal,119366.56254000659,0.4205656168022399,283823.87378123595,0,0,5,,,3;66;73;100;111,0,0,5,0,0,0,0.0,0.0,0.16666666666666666,0.0,0.0,0.0,0,5,0.3143253249945701,5,4,238,41,5,,method1_proportional_scores_gamma1,unrestricted_maximum_cardinality_then_maximum_testing_evalue_sum,200,0,7,exact_fixed_count_order_statistics,300.0,1,False
264,66a23615722dc40c7c70a7953f540e48630b5c0cdd553d459e2e670a41bfdd1f,proven_maximal,maximize_sum_testing_e_values_at_maximum_cardinality,proven_optimal,88240.54441106002,1.1257013325916387,78387.17238426713,0,0,11,,,1;38;41;74;102;113;134;152;165;167;169,0,0,11,0,0,0,0.0,0.0,0.36666666666666664,0.0,0.0,0.0,0,11,0.4850767480020295,8,8,271,52,11,,method1_proportional_scores_gamma1,unrestricted_maximum_cardinality_then_maximum_testing_evalue_sum,200,0,5,exact_fixed_count_order_statistics,300.0,1,False
265,f92d8642ed19c4e64ad6d12753caabe47609ae3e4377ef426f2bf8f296ab0749,proven_maximal,maximize_sum_testing_e_values_at_maximum_cardinality,proven_optimal,0.0,0.0,7258.635028662836,0,0,0,,,,0,0,0,0,0,0,0.0,0.0,0.0,0.0,0.0,0.0,0,0,0.1866726380030741,3,3,248,48,0,,method1_proportional_scores_gamma1,unrestricted_maximum_cardinality_then_maximum_testing_evalue_sum,200,0,4,exact_fixed_count_order_statistics,300.0,1,False
266,06021c69b2f048db84761db0306ca0b0bdf8c468f4b58dd27757be625ccc8b30,proven_maximal,maximize_sum_testing_e_values_at_maximum_cardinality,proven_optimal,3285.025169313962,0.519303232939341,6325.832309420035,0,0,3,,,60;147;168,0,0,3,0,0,0,0.0,0.0,0.1,0.0,0.0,0.0,0,3,0.5169559350033524,7,5,262,62,3,,method1_proportional_scores_gamma1,unrestricted_maximum_cardinality_then_maximum_testing_evalue_sum,200,0,3,exact_fixed_count_order_statistics,300.0,1,False
267,14705274bcd0a78c935dfc1d836e4315593675222021bdcbca99b7377b41fc80,proven_maximal,maximize_sum_testing_e_values_at_maximum_cardinality,proven_optimal,5214.813387876101,3.3405352233689785,1561.071217389196,0,0,8,,,26;43;56;70;83;107;155;171,0,0,8,0,0,0,0.0,0.0,0.26666666666666666,0.0,0.0,0.0,0,8,0.3773480660020141,6,6,273,58,8,,method1_proportional_scores_gamma1,unrestricted_maximum_cardinality_then_maximum_testing_evalue_sum,200,0,10,exact_fixed_count_order_statistics,300.0,1,False
268,ff7ba05b66fcd74a9e2ae26730250309c6b476c31e3e59cd04d92e052b675741,proven_maximal,maximize_sum_testing_e_values_at_maximum_cardinality,proven_optimal,0.0,0.0,123832.25283338012,0,0,0,,,,0,0,0,0,0,0,0.0,0.0,0.0,0.0,0.0,0.0,0,0,0.16361843000049703,3,3,256,56,0,,method1_proportional_scores_gamma1,unrestricted_maximum_cardinality_then_maximum_testing_evalue_sum,200,0,1,exact_fixed_count_order_statistics,300.0,1,False
269,6e31573f9521f9f7a7885b6001bc0b32378794fb5319da2f8cbb151548584a45,proven_maximal,maximize_sum_testing_e_values_at_maximum_cardinality,proven_optimal,33741.49137713937,1.343514645165924,25114.34579335925,0,0,3,,,12;28;70,0,0,3,0,0,0,0.0,0.0,0.1,0.0,0.0,0.0,0,3,0.5936179870041087,8,6,258,55,3,,method1_proportional_scores_gamma1,unrestricted_maximum_cardinality_then_maximum_testing_evalue_sum,200,0,11,exact_fixed_count_order_statistics,300.0,1,False
270,42c57a7e48629fb269c25e0b4aa0466b90cbf968ee354ef4b3d32f93b2cd5b1f,proven_maximal,maximize_sum_testing_e_values_at_maximum_cardinality,proven_optimal,24641.5059100743,1.812348753281165,13596.448181103173,0,0,3,,,52;85;102,0,0,3,0,0,0,0.0,0.0,0.1,0.0,0.0,0.0,0,3,0.725888341999962,8,5,259,58,3,,method1_proportional_scores_gamma1,unrestricted_maximum_cardinality_then_maximum_testing_evalue_sum,200,0,8,exact_fixed_count_order_statistics,300.0,1,False
271,afea47f8a3cc98ffddf2564b6b7f2ce0523721200e153fa50f22d082b64a5258,proven_maximal,maximize_sum_testing_e_values_at_maximum_cardinality,proven_optimal,24795.679318114002,1.5442979818152733,16056.279040763537,0,0,7,,,30;49;72;77;136;147;167,0,0,7,0,0,0,0.0,0.0,0.23333333333333334,0.0,0.0,0.0,0,7,0.48262978099955944,5,4,240,45,7,,method1_proportional_scores_gamma1,unrestricted_maximum_cardinality_then_maximum_testing_evalue_sum,200,0,16,exact_fixed_count_order_statistics,300.0,1,False
272,3f0fba410c1dc8bea4ce733d64ef7b28b550bc6d114dd926bd96f97e83fec12b,proven_maximal,maximize_sum_testing_e_values_at_maximum_cardinality,proven_optimal,0.0,0.0,5842.444733114125,0,0,0,,,,0,0,0,0,0,0,0.0,0.0,0.0,0.0,0.0,0.0,0,0,0.13666761799686356,3,3,239,39,0,,method1_proportional_scores_gamma1,unrestricted_maximum_cardinality_then_maximum_testing_evalue_sum,200,0,3,exact_fixed_count_order_statistics,300.0,1,False
273,18ce4ec299158c10ff94a4658952aea8b02bb9c8288533751e96af31ff0a42f7,proven_maximal,maximize_sum_testing_e_values_at_maximum_cardinality,proven_optimal,196389.86192555347,1.0426414119703784,188358.01040591407,0,0,13,,,17;40;55;59;89;91;111;119;147;167;169;176;183,0,0,13,0,0,0,0.0,0.0,0.43333333333333335,0.0,0.0,0.0,0,13,0.5027631260018097,10,10,294,62,13,,method1_proportional_scores_gamma1,unrestricted_maximum_cardinality_then_maximum_testing_evalue_sum,200,0,6,exact_fixed_count_order_statistics,300.0,1,False
274,13d951689e1f612e63fad7b94d47006e2ebc59244a42274769e4ebcfe77b59c4,proven_maximal,maximize_sum_testing_e_values_at_maximum_cardinality,proven_optimal,35679.698456916936,1.2282979708263928,29048.08059962178,0,0,5,,,2;22;61;75;89,0,0,5,0,0,0,0.0,0.0,0.16666666666666666,0.0,0.0,0.0,0,5,0.40658607600198593,5,4,255,57,5,,method1_proportional_scores_gamma1,unrestricted_maximum_cardinality_then_maximum_testing_evalue_sum,200,0,8,exact_fixed_count_order_statistics,300.0,1,False
275,aab69c945132495c51fa605441504ca47624e50d44952aa90bfc246b10dbbe25,proven_maximal,maximize_sum_testing_e_values_at_maximum_cardinality,proven_optimal,37696.64808148913,1.2959655428792363,29087.693178738988,0,0,7,,,29;91;118;133;151;164;178,0,0,6,0,0,1,0.0,0.0,0.2,0.0,0.0,0.14285714285714285,0,7,0.6274558920049458,9,6,258,57,7,,method1_proportional_scores_gamma1,unrestricted_maximum_cardinality_then_maximum_testing_evalue_sum,200,0,8,exact_fixed_count_order_statistics,300.0,1,False
276,e3c1b5ec84054afa6a537f0bc063cf1f362932c9eb0e2fca8aa22f5296c7e68c,proven_maximal,maximize_sum_testing_e_values_at_maximum_cardinality,proven_optimal,149165.8120829535,1.0647296339846801,140097.3611720661,0,0,4,,,13;42;52;118,0,0,4,0,0,0,0.0,0.0,0.13333333333333333,0.0,0.0,0.0,0,4,0.6038165369973285,11,9,265,56,4,,method1_proportional_scores_gamma1,unrestricted_maximum_cardinality_then_maximum_testing_evalue_sum,200,0,12,exact_fixed_count_order_statistics,300.0,1,False
277,2c559c6b0c6c394c99e2cabcb3516f20cfe7524f46f1878324345fff978606db,proven_maximal,maximize_sum_testing_e_values_at_maximum_cardinality,proven_optimal,12279.607890822266,1.7103677817127214,7179.513097776994,0,0,6,,,23;45;48;77;116;136,0,0,6,0,0,0,0.0,0.0,0.2,0.0,0.0,0.0,0,6,0.30331320699770004,5,5,256,54,6,,method1_proportional_scores_gamma1,unrestricted_maximum_cardinality_then_maximum_testing_evalue_sum,200,0,8,exact_fixed_count_order_statistics,300.0,1,False
278,ea21e101e0d705bb05e2b9cd1eaec72c6ce91a29e2d3ed199281211fab544dcf,proven_maximal,maximize_sum_testing_e_values_at_maximum_cardinality,proven_optimal,51356.89314408668,1.8039533819269056,28469.07999874667,0,0,5,,,2;11;18;109;126,0,0,5,0,0,0,0.0,0.0,0.16666666666666666,0.0,0.0,0.0,0,5,0.16717761399922892,3,3,240,44,5,,method1_proportional_scores_gamma1,unrestricted_maximum_cardinality_then_maximum_testing_evalue_sum,200,0,6,exact_fixed_count_order_statistics,300.0,1,False
279,a4fcb2ced5502f87510f4a8f0f15f649ffb6fb873bba8e546b0104700ec39d16,proven_maximal,maximize_sum_testing_e_values_at_maximum_cardinality,proven_optimal,42083.09507314136,1.073652029085038,39196.21435355029,0,0,4,,,54;134;150;168,0,0,4,0,0,0,0.0,0.0,0.13333333333333333,0.0,0.0,0.0,0,4,0.43933669500256656,5,4,252,54,4,,method1_proportional_scores_gamma1,unrestricted_maximum_cardinality_then_maximum_testing_evalue_sum,200,0,6,exact_fixed_count_order_statistics,300.0,1,False
280,30bf60cc394556a2582670e072ec8b46823c9eb2dd1c35c47b60e23dd2cbca49,proven_maximal,maximize_sum_testing_e_values_at_maximum_cardinality,proven_optimal,543.2026689183072,0.17608921959848056,3084.815016824541,0,0,1,,,152,0,0,1,0,0,0,0.0,0.0,0.03333333333333333,0.0,0.0,0.0,0,1,0.22780784199858317,3,3,258,59,1,,method1_proportional_scores_gamma1,unrestricted_maximum_cardinality_then_maximum_testing_evalue_sum,200,0,0,exact_fixed_count_order_statistics,300.0,1,False
281,a641cd36e1a3adb5ba667bc84c3fb6c97d56e0f5b46b063d11ed6ccdf2dc6615,proven_maximal,maximize_sum_testing_e_values_at_maximum_cardinality,proven_optimal,1982.3753477164357,0.9514462615823073,2083.538953024669,0,0,4,,,49;77;90;158,0,0,4,0,0,0,0.0,0.0,0.13333333333333333,0.0,0.0,0.0,0,4,0.2734936810011277,4,4,256,57,4,,method1_proportional_scores_gamma1,unrestricted_maximum_cardinality_then_maximum_testing_evalue_sum,200,0,3,exact_fixed_count_order_statistics,300.0,1,False
282,0838a67a93b20390d2d8fc8373368e7e5a34206bbe6fb662041300366ef0cd9a,proven_maximal,maximize_sum_testing_e_values_at_maximum_cardinality,proven_optimal,1387.0065857355366,0.013375598722739045,103696.7850551296,0,0,4,,,16;20;96;173,0,0,4,0,0,0,0.0,0.0,0.13333333333333333,0.0,0.0,0.0,0,4,0.5967604730030871,7,5,260,56,4,,method1_proportional_scores_gamma1,unrestricted_maximum_cardinality_then_maximum_testing_evalue_sum,200,0,9,exact_fixed_count_order_statistics,300.0,1,False
283,ff7f8b35b6597e70e922c043bf4f2ca965a662b670c9a6430111ea6b8f28d2e1,proven_maximal,maximize_sum_testing_e_values_at_maximum_cardinality,proven_optimal,12610.646147405227,1.5968319826931747,7897.290562865884,0,0,7,,,34;38;51;63;102;138;176,0,0,7,0,0,0,0.0,0.0,0.23333333333333334,0.0,0.0,0.0,0,7,0.4939000099984696,7,5,240,41,7,,method1_proportional_scores_gamma1,unrestricted_maximum_cardinality_then_maximum_testing_evalue_sum,200,0,8,exact_fixed_count_order_statistics,300.0,1,False
284,ec4d89370e7424b367df46ee8b7d6379d5e3f786da8b27f69eede64f2654ef4b,proven_maximal,maximize_sum_testing_e_values_at_maximum_cardinality,proven_optimal,0.0,0.0,33462.6222660799,0,0,0,,,,0,0,0,0,0,0,0.0,0.0,0.0,0.0,0.0,0.0,0,0,0.20479789000091841,3,3,257,57,0,,method1_proportional_scores_gamma1,unrestricted_maximum_cardinality_then_maximum_testing_evalue_sum,200,0,9,exact_fixed_count_order_statistics,300.0,1,False
285,ec3560ecf8b4eddd7b4938703bd567848495ddeec9fa0db526a2f175ef1d7f10,proven_maximal,maximize_sum_testing_e_values_at_maximum_cardinality,proven_optimal,67498.12876584684,1.057660458287348,63818.33435954053,0,0,7,,,9;18;120;151;161;175;187,0,0,7,0,0,0,0.0,0.0,0.23333333333333334,0.0,0.0,0.0,0,7,0.4863159010055824,7,5,249,49,7,,method1_proportional_scores_gamma1,unrestricted_maximum_cardinality_then_maximum_testing_evalue_sum,200,0,11,exact_fixed_count_order_statistics,300.0,1,False
286,536936482f521ac85129b2c2f176237af9566c5e00b42d00fed5620baa7b779d,proven_maximal,maximize_sum_testing_e_values_at_maximum_cardinality,proven_optimal,0.0,0.0,130430.45562963709,0,0,0,,,,0,0,0,0,0,0,0.0,0.0,0.0,0.0,0.0,0.0,0,0,1.188432773000386,24,14,301,50,0,,method1_proportional_scores_gamma1,unrestricted_maximum_cardinality_then_maximum_testing_evalue_sum,200,0,10,exact_fixed_count_order_statistics,300.0,1,False
287,46ad5d0fcd95bf5551ebbd7788115d3461b2f7533dbd58c709abfc3a51329407,proven_maximal,maximize_sum_testing_e_values_at_maximum_cardinality,proven_optimal,5291.108438145689,1.2375173799279735,4275.583134399005,0,0,4,,,101;119;165;199,0,0,4,0,0,0,0.0,0.0,0.13333333333333333,0.0,0.0,0.0,0,4,0.3726009809979587,7,6,259,59,4,,method1_proportional_scores_gamma1,unrestricted_maximum_cardinality_then_maximum_testing_evalue_sum,200,0,7,exact_fixed_count_order_statistics,300.0,1,False
288,47421a869e41939f19311b2ec8c067af1c8ca196c48e729005bf21ecf4bf6135,proven_maximal,maximize_sum_testing_e_values_at_maximum_cardinality,proven_optimal,22885.74679828023,0.51595932490714,44355.71893656366,0,0,7,,,2;40;60;61;75;168;180,0,0,7,0,0,0,0.0,0.0,0.23333333333333334,0.0,0.0,0.0,0,7,0.6765167420016951,13,10,272,49,7,,method1_proportional_scores_gamma1,unrestricted_maximum_cardinality_then_maximum_testing_evalue_sum,200,0,8,exact_fixed_count_order_statistics,300.0,1,False
289,d337517b4b4f34743bedd0d34653517208782903dce9a7af7b738a5a7f0ba381,proven_maximal,maximize_sum_testing_e_values_at_maximum_cardinality,proven_optimal,4506.681338321489,1.2445773311462431,3621.0536907103087,0,0,5,,,85;130;158;187;196,0,0,5,0,0,0,0.0,0.0,0.16666666666666666,0.0,0.0,0.0,0,5,0.7352742580042104,15,10,271,50,5,,method1_proportional_scores_gamma1,unrestricted_maximum_cardinality_then_maximum_testing_evalue_sum,200,0,3,exact_fixed_count_order_statistics,300.0,1,False
290,595e144d3eb27bbfa92404442a5683a1b9d27336ecfd5e297690430c2af4d809,proven_maximal,maximize_sum_testing_e_values_at_maximum_cardinality,proven_optimal,0.0,0.0,4098.981932627732,0,0,0,,,,0,0,0,0,0,0,0.0,0.0,0.0,0.0,0.0,0.0,0,0,0.13603406800393714,3,3,257,57,0,,method1_proportional_scores_gamma1,unrestricted_maximum_cardinality_then_maximum_testing_evalue_sum,200,0,4,exact_fixed_count_order_statistics,300.0,1,False
291,c03724e084cfe32f014b2d460b4416dc440086d21a9bc27a191a813c0d5d3d7e,proven_maximal,maximize_sum_testing_e_values_at_maximum_cardinality,proven_optimal,9348.622314179267,0.3824375661989098,24444.8326745102,0,0,9,,,35;41;44;46;55;109;127;169;187,0,0,9,0,0,0,0.0,0.0,0.3,0.0,0.0,0.0,0,9,0.3810818590063718,9,8,266,44,9,,method1_proportional_scores_gamma1,unrestricted_maximum_cardinality_then_maximum_testing_evalue_sum,200,0,6,exact_fixed_count_order_statistics,300.0,1,False
292,4c9a245ed4aef5b4bb217aaf84baa7526aef3076916c9a0d0489a3cdc7f516a4,proven_maximal,maximize_sum_testing_e_values_at_maximum_cardinality,proven_optimal,339895.8237612281,1.022195782540778,332515.38459333143,0,0,7,,,23;27;84;129;148;180;193,0,0,7,0,0,0,0.0,0.0,0.23333333333333334,0.0,0.0,0.0,0,7,0.35804058199573774,5,4,258,60,7,,method1_proportional_scores_gamma1,unrestricted_maximum_cardinality_then_maximum_testing_evalue_sum,200,0,8,exact_fixed_count_order_statistics,300.0,1,False
293,f15144ba6d111f3f02a8ca68bfc94e198da0275983af7158b349c22af2d5e1cf,proven_maximal,maximize_sum_testing_e_values_at_maximum_cardinality,proven_optimal,130540.19508180242,2.2088835326593337,59097.81713327439,0,0,12,,,3;13;21;55;58;81;83;90;111;115;117;167,0,0,12,0,0,0,0.0,0.0,0.4,0.0,0.0,0.0,0,12,0.6344417700020131,16,15,291,51,12,,method1_proportional_scores_gamma1,unrestricted_maximum_cardinality_then_maximum_testing_evalue_sum,200,0,13,exact_fixed_count_order_statistics,300.0,1,False
294,c3f859c6ed26318302e3bd1f746908010a2a1dd5546e7a084019c922c46254e4,proven_maximal,maximize_sum_testing_e_values_at_maximum_cardinality,proven_optimal,34802.14209273298,2.6032247282164644,13368.858137951393,0,0,18,,,3;4;10;36;46;54;62;66;108;111;114;119;125;129;134;143;149;163,0,0,18,0,0,0,0.0,0.0,0.6,0.0,0.0,0.0,0,18,0.38040712899965,6,6,257,65,18,,method1_proportional_scores_gamma1,unrestricted_maximum_cardinality_then_maximum_testing_evalue_sum,200,0,10,exact_fixed_count_order_statistics,300.0,1,False
295,d6d99aacf7219366bb082fecdc693d37f2fcb6e87733f578a069eef1b8c20177,proven_maximal,maximize_sum_testing_e_values_at_maximum_cardinality,proven_optimal,0.0,0.0,30211.43491900684,0,0,0,,,,0,0,0,0,0,0,0.0,0.0,0.0,0.0,0.0,0.0,0,0,0.29939975899469573,5,3,256,56,0,,method1_proportional_scores_gamma1,unrestricted_maximum_cardinality_then_maximum_testing_evalue_sum,200,0,10,exact_fixed_count_order_statistics,300.0,1,False
296,67655555b28f6537dbaa7c2a516ca9497f0cc16894cfb4074441d26b86a0798d,proven_maximal,maximize_sum_testing_e_values_at_maximum_cardinality,proven_optimal,2293.612547528855,0.26996006968089686,8496.117778603306,0,0,4,,,62;63;144;167,0,0,4,0,0,0,0.0,0.0,0.13333333333333333,0.0,0.0,0.0,0,4,0.35112517900415696,5,4,275,73,4,,method1_proportional_scores_gamma1,unrestricted_maximum_cardinality_then_maximum_testing_evalue_sum,200,0,4,exact_fixed_count_order_statistics,300.0,1,False
297,92e65d6875a7163f5f6430f7bc040b3b434c77cab9a24551749393668a0d0c38,proven_maximal,maximize_sum_testing_e_values_at_maximum_cardinality,proven_optimal,21311.53182638246,1.2981273060417677,16417.13545905239,0,0,10,,,10;16;72;73;97;102;118;140;151;184,0,0,10,0,0,0,0.0,0.0,0.3333333333333333,0.0,0.0,0.0,0,10,0.27998856300109765,9,9,278,55,10,,method1_proportional_scores_gamma1,unrestricted_maximum_cardinality_then_maximum_testing_evalue_sum,200,0,4,exact_fixed_count_order_statistics,300.0,1,False
298,857866b6b71d1166c41533ac8f70778972feda831cd1589d6661b1e882640bde,proven_maximal,maximize_sum_testing_e_values_at_maximum_cardinality,proven_optimal,77306.40578139278,3.6942354618847397,20926.22589409942,0,0,15,,,2;7;9;25;35;44;59;63;98;131;154;159;176;177;196,0,0,15,0,0,0,0.0,0.0,0.5,0.0,0.0,0.0,0,15,0.1697717559945886,4,4,258,60,15,,method1_proportional_scores_gamma1,unrestricted_maximum_cardinality_then_maximum_testing_evalue_sum,200,0,15,exact_fixed_count_order_statistics,300.0,1,False
299,3481bcab208a3096c01115f231b4703ce0d759df9bdee7277c08a2ef0578be80,proven_maximal,maximize_sum_testing_e_values_at_maximum_cardinality,proven_optimal,33405.59462909165,1.3295836668085137,25124.853337945457,0,0,7,,,49;68;87;119;165;176;179,0,0,7,0,0,0,0.0,0.0,0.23333333333333334,0.0,0.0,0.0,0,7,0.39739231100247707,11,10,281,58,7,,method1_proportional_scores_gamma1,unrestricted_maximum_cardinality_then_maximum_testing_evalue_sum,200,0,12,exact_fixed_count_order_statistics,300.0,1,False
300,60259c666b9129a1f8437498f4d356a7d021e2c1514966594083afe7c5080ca3,proven_maximal,maximize_sum_testing_e_values_at_maximum_cardinality,proven_optimal,157990.54371889413,1.0011922197690288,157802.40856779923,0,0,3,,,23;103;122,0,0,3,0,0,0,0.0,0.0,0.1,0.0,0.0,0.0,0,3,0.6247821569995722,12,8,268,55,3,,method1_proportional_scores_gamma1,unrestricted_maximum_cardinality_then_maximum_testing_evalue_sum,200,0,2,exact_fixed_count_order_statistics,300.0,1,False
301,390a2c67357c34c33b162646402f6490cfc2daf3782d81aac796db0474b1cfe1,proven_maximal,maximize_sum_testing_e_values_at_maximum_cardinality,proven_optimal,26888.663926997957,1.1064232781866983,24302.33027188782,0,0,7,,,6;49;98;132;174;178;184,0,0,7,0,0,0,0.0,0.0,0.23333333333333334,0.0,0.0,0.0,0,7,0.3042485839978326,5,4,245,49,7,,method1_proportional_scores_gamma1,unrestricted_maximum_cardinality_then_maximum_testing_evalue_sum,200,0,2,exact_fixed_count_order_statistics,300.0,1,False
302,0354a8b0e3cbe65ae76f00a3fcf59489db1dcf24b7ee9b64f5720bbd5e264ae8,proven_maximal,maximize_sum_testing_e_values_at_maximum_cardinality,proven_optimal,191420.33107730854,1.091130576285592,175433.01895996567,0,0,7,,,12;78;90;105;112;113;137,0,0,7,0,0,0,0.0,0.0,0.23333333333333334,0.0,0.0,0.0,0,7,0.3504682459970354,7,6,251,53,7,,method1_proportional_scores_gamma1,unrestricted_maximum_cardinality_then_maximum_testing_evalue_sum,200,0,6,exact_fixed_count_order_statistics,300.0,1,False
303,c26e43270aeb205f0bc29359977c4ca2389de8bc2660ad3f47021e088f67bc6f,proven_maximal,maximize_sum_testing_e_values_at_maximum_cardinality,proven_optimal,10536.374004858926,0.20748470123342524,50781.45011282183,0,0,2,,,23;189,0,0,2,0,0,0,0.0,0.0,0.06666666666666667,0.0,0.0,0.0,0,2,0.13842589499836322,3,3,257,59,2,,method1_proportional_scores_gamma1,unrestricted_maximum_cardinality_then_maximum_testing_evalue_sum,200,0,8,exact_fixed_count_order_statistics,300.0,1,False
304,84684f838d5809d287f83f97f16088eab32547b80227c4f6512b80386e21fa59,proven_maximal,maximize_sum_testing_e_values_at_maximum_cardinality,proven_optimal,22653.467738764695,1.6155821265710404,14021.86083034051,0,0,8,,,51;60;84;118;163;165;171;182,0,0,8,0,0,0,0.0,0.0,0.26666666666666666,0.0,0.0,0.0,0,8,0.14466906600137008,3,3,251,56,8,,method1_proportional_scores_gamma1,unrestricted_maximum_cardinality_then_maximum_testing_evalue_sum,200,0,3,exact_fixed_count_order_statistics,300.0,1,False
305,5997508106da4aea3a71660691bdcdf4fa5d4f6bbd0fe6f782dd0d49421d3a11,proven_maximal,maximize_sum_testing_e_values_at_maximum_cardinality,proven_optimal,14399.140497236516,1.1711249636014816,12295.135826458529,0,0,6,,,17;44;112;116;129;171,0,0,6,0,0,0,0.0,0.0,0.2,0.0,0.0,0.0,0,6,0.1932545140007278,3,3,266,71,6,,method1_proportional_scores_gamma1,unrestricted_maximum_cardinality_then_maximum_testing_evalue_sum,200,0,1,exact_fixed_count_order_statistics,300.0,1,False
306,f5f504bc55bac28ef0680077e795dde59c35c99ec90a4c0e24f527aaa5270f86,proven_maximal,maximize_sum_testing_e_values_at_maximum_cardinality,proven_optimal,756.9507798316481,0.1399708990644126,5407.915394494325,0,0,3,,,36;65;107,0,0,3,0,0,0,0.0,0.0,0.1,0.0,0.0,0.0,0,3,0.16093082400038838,3,3,260,62,3,,method1_proportional_scores_gamma1,unrestricted_maximum_cardinality_then_maximum_testing_evalue_sum,200,0,1,exact_fixed_count_order_statistics,300.0,1,False
307,b453556b8416dcff42eb0deaff51879ea27bbccfb92cac09d60e027d4f085e44,proven_maximal,maximize_sum_testing_e_values_at_maximum_cardinality,proven_optimal,0.0,0.0,6980.8885558666,0,0,0,,,,0,0,0,0,0,0,0.0,0.0,0.0,0.0,0.0,0.0,0,0,0.1348794959994848,3,3,260,60,0,,method1_proportional_scores_gamma1,unrestricted_maximum_cardinality_then_maximum_testing_evalue_sum,200,0,11,exact_fixed_count_order_statistics,300.0,1,False
308,e9b89d612e71848e651b0e669c6b1315269a79c3f8e144881e74c3978ec4d04b,proven_maximal,maximize_sum_testing_e_values_at_maximum_cardinality,proven_optimal,52363.891442843254,1.2874273216492054,40673.279619205736,0,0,12,,,24;27;38;41;43;51;64;67;126;166;172;199,0,0,12,0,0,0,0.0,0.0,0.4,0.0,0.0,0.0,0,12,0.38337419900199166,10,10,256,47,12,,method1_proportional_scores_gamma1,unrestricted_maximum_cardinality_then_maximum_testing_evalue_sum,200,0,10,exact_fixed_count_order_statistics,300.0,1,False
309,04b792e3c293fca171932422f909ca2c312f2c63c2bee035dd002b7671f7d50e,proven_maximal,maximize_sum_testing_e_values_at_maximum_cardinality,proven_optimal,24593.32964209419,1.0154225874389697,24219.797694398178,0,0,2,,,48;62,0,0,2,0,0,0,0.0,0.0,0.06666666666666667,0.0,0.0,0.0,0,2,0.14536435700574657,3,3,248,50,2,,method1_proportional_scores_gamma1,unrestricted_maximum_cardinality_then_maximum_testing_evalue_sum,200,0,7,exact_fixed_count_order_statistics,300.0,1,False
310,398113e9c6c605a2c6e9d6e7dbf66213ba743f1a633960ef85d92b36d5254852,proven_maximal,maximize_sum_testing_e_values_at_maximum_cardinality,proven_optimal,76657.4661341381,1.578224205145586,48571.97468154831,0,0,7,,,37;50;54;90;142;175;199,0,0,7,0,0,0,0.0,0.0,0.23333333333333334,0.0,0.0,0.0,0,7,0.5152006670032279,7,4,253,52,7,,method1_proportional_scores_gamma1,unrestricted_maximum_cardinality_then_maximum_testing_evalue_sum,200,0,13,exact_fixed_count_order_statistics,300.0,1,False
311,cc72704159758ce386fa969be24c12eebfe441a9b1c700f232a6fc2f2f5f1d24,proven_maximal,maximize_sum_testing_e_values_at_maximum_cardinality,proven_optimal,24732.84633961879,1.8611241936886196,13289.197154865844,0,0,10,,,3;36;43;69;72;75;106;143;144;196,0,0,10,0,0,0,0.0,0.0,0.3333333333333333,0.0,0.0,0.0,0,10,0.30935049699473893,9,9,281,51,10,,method1_proportional_scores_gamma1,unrestricted_maximum_cardinality_then_maximum_testing_evalue_sum,200,0,6,exact_fixed_count_order_statistics,300.0,1,False
312,4f7c5334353960429278c1f02824643b30bb165bfb4ab0c220dca79248d4d986,proven_maximal,maximize_sum_testing_e_values_at_maximum_cardinality,proven_optimal,65264.875468064,1.511559922140236,43177.16718478131,0,0,9,,,3;9;10;50;86;88;111;153;157,0,0,9,0,0,0,0.0,0.0,0.3,0.0,0.0,0.0,0,9,0.3186064140027156,6,5,254,55,9,,method1_proportional_scores_gamma1,unrestricted_maximum_cardinality_then_maximum_testing_evalue_sum,200,0,4,exact_fixed_count_order_statistics,300.0,1,False
313,a790cbccaa0886bacdc03c25b34fa9f5d386f9dd4aa54c4e06d5a623d2fb8636,proven_maximal,maximize_sum_testing_e_values_at_maximum_cardinality,proven_optimal,148806.83374315768,1.3533759319070189,109952.327535097,0,0,11,,,4;19;31;56;57;87;105;127;172;173;184,0,0,11,0,0,0,0.0,0.0,0.36666666666666664,0.0,0.0,0.0,0,11,0.30743508099840255,8,8,250,42,11,,method1_proportional_scores_gamma1,unrestricted_maximum_cardinality_then_maximum_testing_evalue_sum,200,0,6,exact_fixed_count_order_statistics,300.0,1,False
314,89937d6b65e3e7b7054f9850fcc679d54a7e4934701ce1985286245790bb9bbd,proven_maximal,maximize_sum_testing_e_values_at_maximum_cardinality,proven_optimal,50024.84178064595,1.37084070116347,36492.08966307208,0,0,10,,,43;53;54;58;84;90;112;154;174;187,0,0,10,0,0,0,0.0,0.0,0.3333333333333333,0.0,0.0,0.0,0,10,0.2398874779973994,5,5,248,53,10,,method1_proportional_scores_gamma1,unrestricted_maximum_cardinality_then_maximum_testing_evalue_sum,200,0,5,exact_fixed_count_order_statistics,300.0,1,False
315,d1402a7005763e62146d773eb2066950eb562de8e2068bc8d9e466a791ba6c77,proven_maximal,maximize_sum_testing_e_values_at_maximum_cardinality,proven_optimal,24920.086286478152,1.7045847572077488,14619.446865933096,0,0,9,,,22;33;69;79;80;86;116;164;169,0,0,9,0,0,0,0.0,0.0,0.3,0.0,0.0,0.0,0,9,0.430353757001285,8,7,271,58,9,,method1_proportional_scores_gamma1,unrestricted_maximum_cardinality_then_maximum_testing_evalue_sum,200,0,4,exact_fixed_count_order_statistics,300.0,1,False
316,20d517aa8db25c3df4a0ba854be6b27ba23f3d6b4fd961a6e3c4c6456bc96961,proven_maximal,maximize_sum_testing_e_values_at_maximum_cardinality,proven_optimal,48767.72959475354,1.9027717056392563,25629.83748929013,0,0,11,,,6;30;37;43;51;65;135;140;145;163;183,0,0,11,0,0,0,0.0,0.0,0.36666666666666664,0.0,0.0,0.0,0,11,0.1802088559998083,5,5,249,52,11,,method1_proportional_scores_gamma1,unrestricted_maximum_cardinality_then_maximum_testing_evalue_sum,200,0,5,exact_fixed_count_order_statistics,300.0,1,False
317,a2799f12c8a374e1eb6f6c1bded630d3666b917a67f051cddaeaf7c00c0e26dc,proven_maximal,maximize_sum_testing_e_values_at_maximum_cardinality,proven_optimal,45516.98134337908,1.919707125445406,23710.37786965464,0,0,10,,,15;27;35;37;51;75;82;93;102;189,0,0,10,0,0,0,0.0,0.0,0.3333333333333333,0.0,0.0,0.0,0,10,0.1861332729968126,7,7,253,51,10,,method1_proportional_scores_gamma1,unrestricted_maximum_cardinality_then_maximum_testing_evalue_sum,200,0,11,exact_fixed_count_order_statistics,300.0,1,False
318,6a11032405f5a0eef0478c7bb6fee96f45c85cae4a143efcee136ca4dc6be750,proven_maximal,maximize_sum_testing_e_values_at_maximum_cardinality,proven_optimal,2657.185835677065,0.47312723134099544,5616.218343944697,0,0,2,,,77;141,0,0,2,0,0,0,0.0,0.0,0.06666666666666667,0.0,0.0,0.0,0,2,0.3520217440018314,5,4,250,51,2,,method1_proportional_scores_gamma1,unrestricted_maximum_cardinality_then_maximum_testing_evalue_sum,200,0,6,exact_fixed_count_order_statistics,300.0,1,False
319,15629bb26115b3a4da5a3d39fade537a9db8402127a42185523262eba62ef1df,proven_maximal,maximize_sum_testing_e_values_at_maximum_cardinality,proven_optimal,2929701.3720315145,1.0026037242214139,2922093.047586289,0,0,5,,,4;6;87;92;125,0,0,5,0,0,0,0.0,0.0,0.16666666666666666,0.0,0.0,0.0,0,5,0.39975833900098223,6,4,250,50,5,,method1_proportional_scores_gamma1,unrestricted_maximum_cardinality_then_maximum_testing_evalue_sum,200,0,10,exact_fixed_count_order_statistics,300.0,1,False
320,0804561d1f40a4e85ae9781f138fe66b82c6500467c4693f7ca8d8d1472876e7,proven_maximal,maximize_sum_testing_e_values_at_maximum_cardinality,proven_optimal,25544.77567652518,1.1669898072740443,21889.45911720932,0,0,9,,,43;49;88;90;109;112;115;149;159,0,0,9,0,0,0,0.0,0.0,0.3,0.0,0.0,0.0,0,9,0.1813228680039174,5,5,261,58,9,,method1_proportional_scores_gamma1,unrestricted_maximum_cardinality_then_maximum_testing_evalue_sum,200,0,6,exact_fixed_count_order_statistics,300.0,1,False
321,4b9900089e929cbedda5e9cdca8d0308c4a01c734d8efe07f963dece88b59b5b,proven_maximal,maximize_sum_testing_e_values_at_maximum_cardinality,proven_optimal,208145.26104739285,1.0386567637075652,200398.50345209552,0,0,10,,,13;21;98;109;114;138;177;180;195;196,0,0,10,0,0,0,0.0,0.0,0.3333333333333333,0.0,0.0,0.0,0,10,0.3644161920019542,9,9,279,54,10,,method1_proportional_scores_gamma1,unrestricted_maximum_cardinality_then_maximum_testing_evalue_sum,200,0,6,exact_fixed_count_order_statistics,300.0,1,False
322,e77f5da153fac7bdd92053625fa3344ca49b417e55508ee84342c0c3fcbfd28e,proven_maximal,maximize_sum_testing_e_values_at_maximum_cardinality,proven_optimal,42165.35674790658,1.0238065387150126,41184.887137787424,0,0,6,,,6;51;81;131;173;189,0,0,6,0,0,0,0.0,0.0,0.2,0.0,0.0,0.0,0,6,0.4875625560016488,8,6,255,54,6,,method1_proportional_scores_gamma1,unrestricted_maximum_cardinality_then_maximum_testing_evalue_sum,200,0,4,exact_fixed_count_order_statistics,300.0,1,False
323,ae77d392dd52bc9a72e058f4df3c4e1f64b606c5dc6d4b6cc321524f79525f1d,proven_maximal,maximize_sum_testing_e_values_at_maximum_cardinality,proven_optimal,45376.207433357464,1.8434990660098052,24614.174354627048,0,0,13,,,18;21;37;46;48;54;62;84;147;164;179;191;199,0,0,13,0,0,0,0.0,0.0,0.43333333333333335,0.0,0.0,0.0,0,13,0.1643320630028029,4,4,247,49,13,,method1_proportional_scores_gamma1,unrestricted_maximum_cardinality_then_maximum_testing_evalue_sum,200,0,5,exact_fixed_count_order_statistics,300.0,1,False
324,58aad90a48fdffe3beac67c922c75d7c6c8efe51351347d4c5ea28b645a5537e,proven_maximal,maximize_sum_testing_e_values_at_maximum_cardinality,proven_optimal,14749.33064198041,1.3318792827021344,11074.074680444592,0,0,6,,,10;28;29;96;114;188,0,0,6,0,0,0,0.0,0.0,0.2,0.0,0.0,0.0,0,6,0.311551867001981,5,4,241,45,6,,method1_proportional_scores_gamma1,unrestricted_maximum_cardinality_then_maximum_testing_evalue_sum,200,0,6,exact_fixed_count_order_statistics,300.0,1,False
325,7177e1f610229e6bf561d75f4e00b312b17669952d87602d1a8f1c3f7d21037d,proven_maximal,maximize_sum_testing_e_values_at_maximum_cardinality,proven_optimal,4988.676545083541,1.2324339734390686,4047.824591497421,0,0,3,,,65;93;172,0,0,3,0,0,0,0.0,0.0,0.1,0.0,0.0,0.0,0,3,0.4710181729969918,7,5,255,54,3,,method1_proportional_scores_gamma1,unrestricted_maximum_cardinality_then_maximum_testing_evalue_sum,200,0,5,exact_fixed_count_order_statistics,300.0,1,False
326,472b226c1a9c41189a3c0bd1a09614ea85aac10d6567f19d48ec931d3c19af12,proven_maximal,maximize_sum_testing_e_values_at_maximum_cardinality,proven_optimal,39768.578911974706,1.6544311345252027,24037.615154883857,0,0,7,,,36;42;59;122;146;148;179,0,0,7,0,0,0,0.0,0.0,0.23333333333333334,0.0,0.0,0.0,0,7,0.6841523080001934,9,6,262,60,7,,method1_proportional_scores_gamma1,unrestricted_maximum_cardinality_then_maximum_testing_evalue_sum,200,0,6,exact_fixed_count_order_statistics,300.0,1,False
327,a37b01be003ba73f888326e75d9acaa6c7afeb1df620e201b84e4c79f00495b4,proven_maximal,maximize_sum_testing_e_values_at_maximum_cardinality,proven_optimal,7331.936794881604,1.011430618556044,7249.0753793364,0,0,2,,,21;121,0,0,2,0,0,0,0.0,0.0,0.06666666666666667,0.0,0.0,0.0,0,2,0.5163176990026841,5,4,260,61,2,,method1_proportional_scores_gamma1,unrestricted_maximum_cardinality_then_maximum_testing_evalue_sum,200,0,9,exact_fixed_count_order_statistics,300.0,1,False
328,f00b306eabdd30c3134bdea3c557bf0d3c9b57b4e06cc8c1135b0bf608970880,proven_maximal,maximize_sum_testing_e_values_at_maximum_cardinality,proven_optimal,37835.0529913493,2.7438733370287007,13788.921114092063,0,0,8,,,30;47;52;68;85;111;130;151,0,0,8,0,0,0,0.0,0.0,0.26666666666666666,0.0,0.0,0.0,0,8,0.416612601999077,5,4,260,62,8,,method1_proportional_scores_gamma1,unrestricted_maximum_cardinality_then_maximum_testing_evalue_sum,200,0,10,exact_fixed_count_order_statistics,300.0,1,False
329,04ed20b1b70a999bb70451858d74aec6b2925517c2e24bda692b46e54de40957,proven_maximal,maximize_sum_testing_e_values_at_maximum_cardinality,proven_optimal,50755.25444091181,2.324723727984041,21832.81128417176,0,0,12,,,10;21;37;41;56;72;79;96;126;134;172;186,0,0,12,0,0,0,0.0,0.0,0.4,0.0,0.0,0.0,0,12,0.4662369879952166,6,6,262,54,12,,method1_proportional_scores_gamma1,unrestricted_maximum_cardinality_then_maximum_testing_evalue_sum,200,0,10,exact_fixed_count_order_statistics,300.0,1,False
330,4f6b5c4f937c1f0114c7f2ca05e94943d31c0c740ae19b85acedf41549214735,proven_maximal,maximize_sum_testing_e_values_at_maximum_cardinality,proven_optimal,41263.611947353704,2.1132135366500093,19526.4753096212,0,0,6,,,9;26;80;120;129;147,0,0,6,0,0,0,0.0,0.0,0.2,0.0,0.0,0.0,0,6,0.4781850579965976,8,6,254,49,6,,method1_proportional_scores_gamma1,unrestricted_maximum_cardinality_then_maximum_testing_evalue_sum,200,0,8,exact_fixed_count_order_statistics,300.0,1,False
331,ef507d3381aee30c68210d5671165b4e1b84bf53c4a87b8e7ae76bf3440b07a3,proven_maximal,maximize_sum_testing_e_values_at_maximum_cardinality,proven_optimal,26572.659282206117,1.333134536038053,19932.466351953863,0,0,7,,,4;20;39;101;111;115;126,0,0,7,0,0,0,0.0,0.0,0.23333333333333334,0.0,0.0,0.0,0,7,0.4768044299999019,8,6,252,53,7,,method1_proportional_scores_gamma1,unrestricted_maximum_cardinality_then_maximum_testing_evalue_sum,200,0,4,exact_fixed_count_order_statistics,300.0,1,False
332,94b3a8880db1545bfbca3593ffc610433f208600ff90daa632c8f885f8acdb76,proven_maximal,maximize_sum_testing_e_values_at_maximum_cardinality,proven_optimal,1569.89204312634,0.3741392180343607,4196.010381841773,0,0,7,,,2;16;43;54;106;150;161,0,0,6,0,0,1,0.0,0.0,0.2,0.0,0.0,0.14285714285714285,0,7,0.5713708550028969,10,7,261,53,7,,method1_proportional_scores_gamma1,unrestricted_maximum_cardinality_then_maximum_testing_evalue_sum,200,0,2,exact_fixed_count_order_statistics,300.0,1,False
333,c72e43c82b8b50e63bf44068d6585d795c84afd3db0b08af8b60242044bfb2a8,proven_maximal,maximize_sum_testing_e_values_at_maximum_cardinality,proven_optimal,93156.53422504272,1.1083853238049535,84047.06578507152,0,0,7,,,11;37;45;50;54;79;106,0,0,7,0,0,0,0.0,0.0,0.23333333333333334,0.0,0.0,0.0,0,7,0.2765913300027023,4,4,251,53,7,,method1_proportional_scores_gamma1,unrestricted_maximum_cardinality_then_maximum_testing_evalue_sum,200,0,4,exact_fixed_count_order_statistics,300.0,1,False
334,3390bf3d809d564a18fd3e62a58840d96d7204a05ccdb2fc6a2a68c532e5f9d7,proven_maximal,maximize_sum_testing_e_values_at_maximum_cardinality,proven_optimal,95804.00734676121,1.4111323795775976,67891.58036005011,0,0,11,,,38;47;65;74;99;126;130;148;154;160;181,0,0,11,0,0,0,0.0,0.0,0.36666666666666664,0.0,0.0,0.0,0,11,0.2566723659983836,5,5,253,60,11,,method1_proportional_scores_gamma1,unrestricted_maximum_cardinality_then_maximum_testing_evalue_sum,200,0,6,exact_fixed_count_order_statistics,300.0,1,False
335,89a22eb644863d81fd9e11410b44e69329fe7d51c638893655c24de97326c2e2,proven_maximal,maximize_sum_testing_e_values_at_maximum_cardinality,proven_optimal,116660.16729899312,2.0202775250090235,57744.624614616776,0,0,8,,,13;41;63;124;128;163;175;182,0,0,8,0,0,0,0.0,0.0,0.26666666666666666,0.0,0.0,0.0,0,8,0.22319590199913364,4,4,239,43,8,,method1_proportional_scores_gamma1,unrestricted_maximum_cardinality_then_maximum_testing_evalue_sum,200,0,4,exact_fixed_count_order_statistics,300.0,1,False
336,0126d467ae8161dc14260d02ddd32a7518ebe994f0b22154de9f3bb22ad42453,proven_maximal,maximize_sum_testing_e_values_at_maximum_cardinality,proven_optimal,16418.212147806193,1.9123211657358667,8585.488903213816,0,0,10,,,10;12;43;72;83;86;109;130;141;152,0,0,10,0,0,0,0.0,0.0,0.3333333333333333,0.0,0.0,0.0,0,10,0.13225501799752237,4,4,242,47,10,,method1_proportional_scores_gamma1,unrestricted_maximum_cardinality_then_maximum_testing_evalue_sum,200,0,2,exact_fixed_count_order_statistics,300.0,1,False
337,ac03c080f65af14ac9d57d441a9df6e2d76661076b610e886957afdf366d294f,proven_maximal,maximize_sum_testing_e_values_at_maximum_cardinality,proven_optimal,13101.266909603477,2.8615819905784465,4578.330082010041,0,0,9,,,5;7;16;74;97;141;152;170;171,0,0,9,0,0,0,0.0,0.0,0.3,0.0,0.0,0.0,0,9,0.3557821669965051,6,5,267,60,9,,method1_proportional_scores_gamma1,unrestricted_maximum_cardinality_then_maximum_testing_evalue_sum,200,0,3,exact_fixed_count_order_statistics,300.0,1,False
338,a424a2b4c35518c3c06fd9622c5c963b66165dd674dbec6a9ffb2f3d72f3a106,proven_maximal,maximize_sum_testing_e_values_at_maximum_cardinality,proven_optimal,31318.357780180475,0.6258726777805661,50039.50306832349,0,0,7,,,5;70;117;123;125;145;169,0,0,7,0,0,0,0.0,0.0,0.23333333333333334,0.0,0.0,0.0,0,7,0.3268843120022211,5,4,247,51,7,,method1_proportional_scores_gamma1,unrestricted_maximum_cardinality_then_maximum_testing_evalue_sum,200,0,12,exact_fixed_count_order_statistics,300.0,1,False
339,89cd7e5e27d7c21d822347d2331c1358af9bd1814fb09ca3d9f97c863c544c9b,proven_maximal,maximize_sum_testing_e_values_at_maximum_cardinality,proven_optimal,73754.09453796146,1.5506768657201961,47562.516839191456,0,0,6,,,51;60;84;91;150;158,0,0,6,0,0,0,0.0,0.0,0.2,0.0,0.0,0.0,0,6,0.3127878500017687,6,5,243,45,6,,method1_proportional_scores_gamma1,unrestricted_maximum_cardinality_then_maximum_testing_evalue_sum,200,0,3,exact_fixed_count_order_statistics,300.0,1,False
340,0acba633a8dceaae548162e973a9fe909f875db1aa7eeea5f7ac6cb3b37369f9,proven_maximal,maximize_sum_testing_e_values_at_maximum_cardinality,proven_optimal,10928.840524032626,1.1724881524902429,9321.066912975544,0,0,2,,,23;84,0,0,2,0,0,0,0.0,0.0,0.06666666666666667,0.0,0.0,0.0,0,2,0.1522643499993137,3,3,255,57,2,,method1_proportional_scores_gamma1,unrestricted_maximum_cardinality_then_maximum_testing_evalue_sum,200,0,6,exact_fixed_count_order_statistics,300.0,1,False
341,f7a1096eb44949a3bdab4e4d70ad9cfa5e0571106eaad7c17a4f1aa1fae1eff4,proven_maximal,maximize_sum_testing_e_values_at_maximum_cardinality,proven_optimal,52595.62890809342,1.16317728475631,45217.20772694801,0,0,6,,,8;52;109;121;148;153,0,0,6,0,0,0,0.0,0.0,0.2,0.0,0.0,0.0,0,6,0.6218128339969553,11,8,273,55,6,,method1_proportional_scores_gamma1,unrestricted_maximum_cardinality_then_maximum_testing_evalue_sum,200,0,5,exact_fixed_count_order_statistics,300.0,1,False
342,acca2bc9db37b28b6573f9c1c94211ba8a4ecf833dc3efb4330a9f1a4c41f89f,proven_maximal,maximize_sum_testing_e_values_at_maximum_cardinality,proven_optimal,26637.04051251691,0.2108765325538524,126315.81233779296,0,0,2,,,2;175,0,0,2,0,0,0,0.0,0.0,0.06666666666666667,0.0,0.0,0.0,0,2,0.3148477849972551,5,4,263,64,2,,method1_proportional_scores_gamma1,unrestricted_maximum_cardinality_then_maximum_testing_evalue_sum,200,0,3,exact_fixed_count_order_statistics,300.0,1,False
343,15f830d19bc753fa8aec826083b3b0635bc337066c17b644da4261b92c6a9922,proven_maximal,maximize_sum_testing_e_values_at_maximum_cardinality,proven_optimal,7339.953980672107,1.4259775096807856,5147.31398696127,0,0,6,,,25;36;38;41;64;136,0,0,6,0,0,0,0.0,0.0,0.2,0.0,0.0,0.0,0,6,0.48311329699936323,6,4,253,54,6,,method1_proportional_scores_gamma1,unrestricted_maximum_cardinality_then_maximum_testing_evalue_sum,200,0,1,exact_fixed_count_order_statistics,300.0,1,False
344,e825b9264727884d3402edac101607337e9531982b8bc9cb803b137d403a0952,proven_maximal,maximize_sum_testing_e_values_at_maximum_cardinality,proven_optimal,325544.28567859664,2.146621073993664,151654.28571561555,0,0,9,,,10;14;19;21;22;100;104;183;199,0,0,9,0,0,0,0.0,0.0,0.3,0.0,0.0,0.0,0,9,0.3804605890036328,7,6,255,53,9,,method1_proportional_scores_gamma1,unrestricted_maximum_cardinality_then_maximum_testing_evalue_sum,200,0,8,exact_fixed_count_order_statistics,300.0,1,False
345,b0c088fceccb04b04de2199de9169a956aa8d43bac5dedc4e400e7bd901d04ca,proven_maximal,maximize_sum_testing_e_values_at_maximum_cardinality,proven_optimal,191481.18524763532,1.039329443851028,184235.3128553156,0,0,9,,,10;32;40;50;87;126;170;189;195,0,0,9,0,0,0,0.0,0.0,0.3,0.0,0.0,0.0,0,9,0.3132787569993525,5,4,254,61,9,,method1_proportional_scores_gamma1,unrestricted_maximum_cardinality_then_maximum_testing_evalue_sum,200,0,7,exact_fixed_count_order_statistics,300.0,1,False
346,0feb661726586aee2fe7a15fa4e8b29be43710cdc05853bcd38f3519419cc8ee,proven_maximal,maximize_sum_testing_e_values_at_maximum_cardinality,proven_optimal,6841.660639133262,1.1411749519778178,5995.277610392425,0,0,3,,,11;136;178,0,0,3,0,0,0,0.0,0.0,0.1,0.0,0.0,0.0,0,3,0.38794823300122516,6,4,245,46,3,,method1_proportional_scores_gamma1,unrestricted_maximum_cardinality_then_maximum_testing_evalue_sum,200,0,10,exact_fixed_count_order_statistics,300.0,1,False
347,f9a2d80a302d81dcd769e3a4f7efd052a43c9eb1b4a0aff3b3b641b48d929fbf,proven_maximal,maximize_sum_testing_e_values_at_maximum_cardinality,proven_optimal,26002.242006841596,1.399454174087505,18580.27400132341,0,0,9,,,22;41;54;62;66;126;154;194;195,0,0,9,0,0,0,0.0,0.0,0.3,0.0,0.0,0.0,0,9,0.3484746090034605,5,4,250,50,9,,method1_proportional_scores_gamma1,unrestricted_maximum_cardinality_then_maximum_testing_evalue_sum,200,0,8,exact_fixed_count_order_statistics,300.0,1,False
348,d2630f1e08fef692082488b88c4e68f4abc2a953607442e66878568a4e13a710,proven_maximal,maximize_sum_testing_e_values_at_maximum_cardinality,proven_optimal,427078.4963533064,1.0150038554379393,420765.3932201437,0,0,7,,,7;13;27;57;129;148;175,0,0,7,0,0,0,0.0,0.0,0.23333333333333334,0.0,0.0,0.0,0,7,0.315910982004425,5,4,241,45,7,,method1_proportional_scores_gamma1,unrestricted_maximum_cardinality_then_maximum_testing_evalue_sum,200,0,10,exact_fixed_count_order_statistics,300.0,1,False
349,9f9469c68b90e3dc0ed43fec6030b5ffbf051a3ce4701f633d9986a49af596e1,proven_maximal,maximize_sum_testing_e_values_at_maximum_cardinality,proven_optimal,126144.67646121263,1.016828413959891,124056.99401136956,0,0,3,,,84;138;195,0,0,3,0,0,0,0.0,0.0,0.1,0.0,0.0,0.0,0,3,0.2060269830035395,3,3,254,56,3,,method1_proportional_scores_gamma1,unrestricted_maximum_cardinality_then_maximum_testing_evalue_sum,200,0,5,exact_fixed_count_order_statistics,300.0,1,False
350,30074ad3d3df9dc4ccc80b5370371fa2f7e297f8475583ae5b435b81f4ec940e,proven_maximal,maximize_sum_testing_e_values_at_maximum_cardinality,proven_optimal,24087.92757742173,0.996774533347373,24165.87379748712,0,0,9,,,48;51;62;68;92;146;169;193;195,0,0,9,0,0,0,0.0,0.0,0.3,0.0,0.0,0.0,0,9,0.34664934600004926,8,7,252,47,9,,method1_proportional_scores_gamma1,unrestricted_maximum_cardinality_then_maximum_testing_evalue_sum,200,0,7,exact_fixed_count_order_statistics,300.0,1,False
351,25c3ad220959fa4fe1c2c1aad9093857d85a67755ab32665c328c9c485b594f1,proven_maximal,maximize_sum_testing_e_values_at_maximum_cardinality,proven_optimal,0.0,0.0,28407.156739378846,0,0,0,,,,0,0,0,0,0,0,0.0,0.0,0.0,0.0,0.0,0.0,0,0,0.1418797779988381,3,3,252,52,0,,method1_proportional_scores_gamma1,unrestricted_maximum_cardinality_then_maximum_testing_evalue_sum,200,0,5,exact_fixed_count_order_statistics,300.0,1,False
352,d535190d7912f325622314fd9f416d08acdc8d4f20fd7b677b4f80a7f06deede,proven_maximal,maximize_sum_testing_e_values_at_maximum_cardinality,proven_optimal,226024.57635568656,1.0467007312159708,215940.01954418223,0,0,14,,,10;11;40;49;79;104;105;116;122;125;144;145;171;187,0,0,14,0,0,0,0.0,0.0,0.4666666666666667,0.0,0.0,0.0,0,14,0.4943992660046206,11,11,285,64,14,,method1_proportional_scores_gamma1,unrestricted_maximum_cardinality_then_maximum_testing_evalue_sum,200,0,6,exact_fixed_count_order_statistics,300.0,1,False
353,b61c7d39e89af0c339952f801bd1f217bd58d6bc4d22129a39998a535a8e6850,proven_maximal,maximize_sum_testing_e_values_at_maximum_cardinality,proven_optimal,236146.3723793226,1.9486460281986513,121184.84781847156,0,0,6,,,4;12;36;126;189;195,0,0,6,0,0,0,0.0,0.0,0.2,0.0,0.0,0.0,0,6,0.3928308750037104,6,5,258,61,6,,method1_proportional_scores_gamma1,unrestricted_maximum_cardinality_then_maximum_testing_evalue_sum,200,0,13,exact_fixed_count_order_statistics,300.0,1,False
354,d9d569969bbe5147154fdaad3b84615b291386d1bc710a89716e248e9c73bfac,proven_maximal,maximize_sum_testing_e_values_at_maximum_cardinality,proven_optimal,204145.9620259756,1.1543759245270762,176845.30462605582,0,0,12,,,0;22;29;37;45;73;84;93;94;165;169;191,0,0,12,0,0,0,0.0,0.0,0.4,0.0,0.0,0.0,0,12,0.867051117005758,10,10,284,62,12,,method1_proportional_scores_gamma1,unrestricted_maximum_cardinality_then_maximum_testing_evalue_sum,200,0,5,exact_fixed_count_order_statistics,300.0,1,False
355,8b73cd435312bda57e6b8f5cd6164e2ea9f01e2da807678ca0b3299638bde3b0,proven_maximal,maximize_sum_testing_e_values_at_maximum_cardinality,proven_optimal,21762.314415437948,1.7457936775520146,12465.57064289148,0,0,8,,,11;19;42;66;110;130;161;186,0,0,8,0,0,0,0.0,0.0,0.26666666666666666,0.0,0.0,0.0,0,8,0.1936007830008748,3,3,255,58,8,,method1_proportional_scores_gamma1,unrestricted_maximum_cardinality_then_maximum_testing_evalue_sum,200,0,12,exact_fixed_count_order_statistics,300.0,1,False
356,0199629fe7a1b5642a7617ec2884fe63186d32271c55956f5c25fd41cc631bbc,proven_maximal,maximize_sum_testing_e_values_at_maximum_cardinality,proven_optimal,4137.925374824159,1.2087692032714639,3423.255128956879,0,0,8,,,4;26;32;45;55;77;166;180,0,0,8,0,0,0,0.0,0.0,0.26666666666666666,0.0,0.0,0.0,0,8,0.4557046459958656,11,10,285,49,8,,method1_proportional_scores_gamma1,unrestricted_maximum_cardinality_then_maximum_testing_evalue_sum,200,0,11,exact_fixed_count_order_statistics,300.0,1,False
357,cdc7469b80e0927537539e44deeed3bcc92777334540121dda5771343a863d22,proven_maximal,maximize_sum_testing_e_values_at_maximum_cardinality,proven_optimal,637.1353983062977,0.01952467457901628,32632.318440331142,0,0,1,,,64,0,0,1,0,0,0,0.0,0.0,0.03333333333333333,0.0,0.0,0.0,0,1,0.5895569730055286,9,5,261,57,1,,method1_proportional_scores_gamma1,unrestricted_maximum_cardinality_then_maximum_testing_evalue_sum,200,0,3,exact_fixed_count_order_statistics,300.0,1,False
358,5ce42249492af5ea558631a7b9d84de31fb1849e72d8f87dfd848ef735d9bee9,proven_maximal,maximize_sum_testing_e_values_at_maximum_cardinality,proven_optimal,59024.594957047826,1.0518586129451701,56114.571132122845,0,0,7,,,46;51;64;90;147;172;180,0,0,7,0,0,0,0.0,0.0,0.23333333333333334,0.0,0.0,0.0,0,7,0.3182482880001771,5,4,244,43,7,,method1_proportional_scores_gamma1,unrestricted_maximum_cardinality_then_maximum_testing_evalue_sum,200,0,11,exact_fixed_count_order_statistics,300.0,1,False
359,c1a8732fb732d31b3fefbf697b08768c24edb226ed9ca9a0323e8a2b98127f77,proven_maximal,maximize_sum_testing_e_values_at_maximum_cardinality,proven_optimal,19455.725126990194,2.0245899767914426,9609.711274884165,0,0,7,,,21;45;75;103;138;142;147,0,0,7,0,0,0,0.0,0.0,0.23333333333333334,0.0,0.0,0.0,0,7,0.4224000000031083,7,5,256,56,7,,method1_proportional_scores_gamma1,unrestricted_maximum_cardinality_then_maximum_testing_evalue_sum,200,0,4,exact_fixed_count_order_statistics,300.0,1,False
360,58b9b96581456b18be7508cf400e81640b54e27fa7517c388303214d2adf4933,proven_maximal,maximize_sum_testing_e_values_at_maximum_cardinality,proven_optimal,24896.26979817796,1.7059176045643978,14594.06347150932,0,0,8,,,9;114;138;142;144;156;166;198,0,0,8,0,0,0,0.0,0.0,0.26666666666666666,0.0,0.0,0.0,0,8,0.3705599240056472,5,4,255,58,8,,method1_proportional_scores_gamma1,unrestricted_maximum_cardinality_then_maximum_testing_evalue_sum,200,0,13,exact_fixed_count_order_statistics,300.0,1,False
361,5fbe4634db653836c58f961a4911c2a342b9daf30c4a88659f98db14f08d210f,proven_maximal,maximize_sum_testing_e_values_at_maximum_cardinality,proven_optimal,12546.518958637607,0.08194889398886883,153101.74851587147,0,0,7,,,5;60;95;112;128;144;167,0,0,7,0,0,0,0.0,0.0,0.23333333333333334,0.0,0.0,0.0,0,7,0.40358846099843504,5,4,255,59,7,,method1_proportional_scores_gamma1,unrestricted_maximum_cardinality_then_maximum_testing_evalue_sum,200,0,5,exact_fixed_count_order_statistics,300.0,1,False
362,238bda90c07eef3ecdf2942148ddb17303f4bd4d54ad1da2235418f51c78aba7,proven_maximal,maximize_sum_testing_e_values_at_maximum_cardinality,proven_optimal,93583.12732845223,1.2177310587421812,76850.40687482843,0,0,3,,,27;124;186,0,0,3,0,0,0,0.0,0.0,0.1,0.0,0.0,0.0,0,3,0.3146774170018034,5,4,256,58,3,,method1_proportional_scores_gamma1,unrestricted_maximum_cardinality_then_maximum_testing_evalue_sum,200,0,3,exact_fixed_count_order_statistics,300.0,1,False
363,17a9e027631a1874eb268fcc691161136fc7d7b20f9a57e0bc51344512312e76,proven_maximal,maximize_sum_testing_e_values_at_maximum_cardinality,proven_optimal,240291.95269498153,1.0828560148184718,221905.72837632868,0,0,3,,,11;19;182,0,0,3,0,0,0,0.0,0.0,0.1,0.0,0.0,0.0,0,3,0.8757596790019306,12,7,269,60,3,,method1_proportional_scores_gamma1,unrestricted_maximum_cardinality_then_maximum_testing_evalue_sum,200,0,8,exact_fixed_count_order_statistics,300.0,1,False
364,07aede69aebb8bf6a20bfc5b61374f7bcb5b2a8acfb697ddb56c17c861f337d5,proven_maximal,maximize_sum_testing_e_values_at_maximum_cardinality,proven_optimal,118866.46956189034,1.2055314432867676,98600.8869563884,0,0,11,,,2;6;58;66;73;81;90;136;153;179;190,0,0,11,0,0,0,0.0,0.0,0.36666666666666664,0.0,0.0,0.0,0,11,0.3288728359984816,7,7,268,63,11,,method1_proportional_scores_gamma1,unrestricted_maximum_cardinality_then_maximum_testing_evalue_sum,200,0,11,exact_fixed_count_order_statistics,300.0,1,False
365,5d2ee1949afba18c24b2b3e652b9ed067945f39bc731a42aaae42b4cbf724617,proven_maximal,maximize_sum_testing_e_values_at_maximum_cardinality,proven_optimal,48759.33363880862,2.953901516514906,16506.75669659299,0,0,11,,,26;35;59;77;99;104;121;134;137;165;194,0,0,11,0,0,0,0.0,0.0,0.36666666666666664,0.0,0.0,0.0,0,11,0.17350886900385376,4,4,246,53,11,,method1_proportional_scores_gamma1,unrestricted_maximum_cardinality_then_maximum_testing_evalue_sum,200,0,10,exact_fixed_count_order_statistics,300.0,1,False
366,93a2b8dac36cbd7f35aa04a8563890914f7bcc6522c30f877dca044ba56a4f54,proven_maximal,maximize_sum_testing_e_values_at_maximum_cardinality,proven_optimal,0.0,0.0,16139.536845287075,0,0,0,,,,0,0,0,0,0,0,0.0,0.0,0.0,0.0,0.0,0.0,0,0,0.58105456699559,8,4,249,42,0,,method1_proportional_scores_gamma1,unrestricted_maximum_cardinality_then_maximum_testing_evalue_sum,200,0,11,exact_fixed_count_order_statistics,300.0,1,False
367,e54467016f6e2cded280fe0e8fc6bce4cf368e765e92c0ae1930f973239964dd,proven_maximal,maximize_sum_testing_e_values_at_maximum_cardinality,proven_optimal,33182.81796683696,3.9686913773533985,8361.148502548866,0,0,16,,,2;60;77;83;86;91;99;110;125;149;153;154;160;172;181;192,0,0,16,0,0,0,0.0,0.0,0.5333333333333333,0.0,0.0,0.0,0,16,0.824945738997485,16,15,271,51,16,,method1_proportional_scores_gamma1,unrestricted_maximum_cardinality_then_maximum_testing_evalue_sum,200,0,16,exact_fixed_count_order_statistics,300.0,1,False
368,be511b15159c686f4250f7b4d9a564e95e33910d7c2749fc76a6c32e9bab1c6a,proven_maximal,maximize_sum_testing_e_values_at_maximum_cardinality,proven_optimal,25586.918656539987,1.329258535964709,19249.01587182232,0,0,4,,,55;122;143;154,0,0,4,0,0,0,0.0,0.0,0.13333333333333333,0.0,0.0,0.0,0,4,0.3948826729974826,5,4,248,50,4,,method1_proportional_scores_gamma1,unrestricted_maximum_cardinality_then_maximum_testing_evalue_sum,200,0,14,exact_fixed_count_order_statistics,300.0,1,False
369,87080ed347d447a7c659e0f4d1b1e702f452671b534fd688f1da597812edd4b4,proven_maximal,maximize_sum_testing_e_values_at_maximum_cardinality,proven_optimal,194471.47695817356,1.0657275578641907,182477.6656314594,0,0,13,,,4;5;8;19;25;36;38;123;126;130;135;157;193,0,0,13,0,0,0,0.0,0.0,0.43333333333333335,0.0,0.0,0.0,0,13,0.25934705899999244,8,8,270,53,13,,method1_proportional_scores_gamma1,unrestricted_maximum_cardinality_then_maximum_testing_evalue_sum,200,0,9,exact_fixed_count_order_statistics,300.0,1,False
370,f5acea1f3a2685969855992b074df200be7a324e5a81630fb668f9237bcd42f9,proven_maximal,maximize_sum_testing_e_values_at_maximum_cardinality,proven_optimal,1546.0737630713159,0.01510526188611349,102353.3239428736,0,0,6,,,34;62;73;109;120;193,0,0,6,0,0,0,0.0,0.0,0.2,0.0,0.0,0.0,0,6,0.42410791399743175,7,5,253,54,6,,method1_proportional_scores_gamma1,unrestricted_maximum_cardinality_then_maximum_testing_evalue_sum,200,0,2,exact_fixed_count_order_statistics,300.0,1,False
371,6e6298e2d2e11519ac23cc35af3ac01d122be5f78721423d3c823c448463a9ed,proven_maximal,maximize_sum_testing_e_values_at_maximum_cardinality,proven_optimal,19724.418676352543,0.672723817309876,29320.23241755823,0,0,7,,,53;67;103;110;116;158;195,0,0,7,0,0,0,0.0,0.0,0.23333333333333334,0.0,0.0,0.0,0,7,0.46216721100063296,14,12,266,45,7,,method1_proportional_scores_gamma1,unrestricted_maximum_cardinality_then_maximum_testing_evalue_sum,200,0,7,exact_fixed_count_order_statistics,300.0,1,False
372,2cb60661e26effe10c323e518ed1f515d4abe1a52335a60a11c59c971fb7d2b4,proven_maximal,maximize_sum_testing_e_values_at_maximum_cardinality,proven_optimal,11364.615095567795,1.2258869138664386,9270.524847780518,0,0,2,,,53;183,0,0,2,0,0,0,0.0,0.0,0.06666666666666667,0.0,0.0,0.0,0,2,0.4198634790009237,7,5,248,47,2,,method1_proportional_scores_gamma1,unrestricted_maximum_cardinality_then_maximum_testing_evalue_sum,200,0,3,exact_fixed_count_order_statistics,300.0,1,False
373,e05dbf0d849e6bf3320ca7b862057dc77978e18a44822e746c7fe0931eb8e219,proven_maximal,maximize_sum_testing_e_values_at_maximum_cardinality,proven_optimal,197.3630032564585,0.03574279907462142,5521.755664530281,0,0,1,,,106,0,0,1,0,0,0,0.0,0.0,0.03333333333333333,0.0,0.0,0.0,0,1,0.3064292139970348,5,4,246,46,1,,method1_proportional_scores_gamma1,unrestricted_maximum_cardinality_then_maximum_testing_evalue_sum,200,0,7,exact_fixed_count_order_statistics,300.0,1,False
374,78c1de9c25377aafc07b111908df03da913a3c61ae9827d568b16109fb2b0b6b,proven_maximal,maximize_sum_testing_e_values_at_maximum_cardinality,proven_optimal,33873.82130613182,1.9495625471774212,17375.088250015047,0,0,7,,,20;36;48;55;71;184;189,0,0,7,0,0,0,0.0,0.0,0.23333333333333334,0.0,0.0,0.0,0,7,0.5081982269985019,10,8,272,61,7,,method1_proportional_scores_gamma1,unrestricted_maximum_cardinality_then_maximum_testing_evalue_sum,200,0,15,exact_fixed_count_order_statistics,300.0,1,False
375,5e484032b324186acdcccfd1c2a4591b5bdbc4d524d64596e5bfaa60810b32bf,proven_maximal,maximize_sum_testing_e_values_at_maximum_cardinality,proven_optimal,0.0,0.0,4446.769982692828,0,0,0,,,,0,0,0,0,0,0,0.0,0.0,0.0,0.0,0.0,0.0,0,0,0.21471784800087335,3,3,273,73,0,,method1_proportional_scores_gamma1,unrestricted_maximum_cardinality_then_maximum_testing_evalue_sum,200,0,5,exact_fixed_count_order_statistics,300.0,1,False
376,af4c1d7bdf67ea45e3e067e4ad9d26ea010158aece093807ba578dbc5523a5fa,proven_maximal,maximize_sum_testing_e_values_at_maximum_cardinality,proven_optimal,36.84638877436608,0.0014508424520617551,25396.547172992232,0,0,1,,,144,0,0,1,0,0,0,0.0,0.0,0.03333333333333333,0.0,0.0,0.0,0,1,0.9081456920030178,11,4,252,46,1,,method1_proportional_scores_gamma1,unrestricted_maximum_cardinality_then_maximum_testing_evalue_sum,200,0,10,exact_fixed_count_order_statistics,300.0,1,False
377,0acb3384b65b47a330b84f483541301cf13de5e97116be374d37c991e18e6e99,proven_maximal,maximize_sum_testing_e_values_at_maximum_cardinality,proven_optimal,36221.393390959216,3.5927540904840805,10081.790314259672,0,0,15,,,2;7;59;62;64;74;77;79;85;88;91;103;138;177;186,0,0,15,0,0,0,0.0,0.0,0.5,0.0,0.0,0.0,0,15,0.6748308069945779,14,14,282,51,15,,method1_proportional_scores_gamma1,unrestricted_maximum_cardinality_then_maximum_testing_evalue_sum,200,0,10,exact_fixed_count_order_statistics,300.0,1,False
378,cf422a75cb873658b28ab97335201a83a85ba82609712a44a091b08ae45dd7eb,proven_maximal,maximize_sum_testing_e_values_at_maximum_cardinality,proven_optimal,10746.329444463765,1.1195300454244772,9598.964751668833,0,0,3,,,73;121;159,0,0,3,0,0,0,0.0,0.0,0.1,0.0,0.0,0.0,0,3,0.5891083930036984,8,4,254,53,3,,method1_proportional_scores_gamma1,unrestricted_maximum_cardinality_then_maximum_testing_evalue_sum,200,0,13,exact_fixed_count_order_statistics,300.0,1,False
379,a4b4a8760844c802f65ae25e4943ab0b19f533e44faca4eac114eebb1b2a7dac,proven_maximal,maximize_sum_testing_e_values_at_maximum_cardinality,proven_optimal,2784.750060918859,1.0,2784.750060918859,0,0,1,,,121,0,0,1,0,0,0,0.0,0.0,0.03333333333333333,0.0,0.0,0.0,0,1,0.16713123899535276,3,3,257,58,1,,method1_proportional_scores_gamma1,unrestricted_maximum_cardinality_then_maximum_testing_evalue_sum,200,0,2,exact_fixed_count_order_statistics,300.0,1,False
380,897adac3ebf3a2e7ae03cebcb91da20ea7b03f5c776003a7a017774e62b50472,proven_maximal,maximize_sum_testing_e_values_at_maximum_cardinality,proven_optimal,8213.00820913616,1.3860005151123773,5925.689146277299,0,0,9,,,11;36;47;71;74;91;96;156;169,0,0,9,0,0,0,0.0,0.0,0.3,0.0,0.0,0.0,0,9,1.3543164570000954,16,14,317,53,9,,method1_proportional_scores_gamma1,unrestricted_maximum_cardinality_then_maximum_testing_evalue_sum,200,0,12,exact_fixed_count_order_statistics,300.0,1,False
381,680cd9c2ef23807d290d37f2b6cd86d1f2f42efefecbc0268c1b6d18a56e87ca,proven_maximal,maximize_sum_testing_e_values_at_maximum_cardinality,proven_optimal,72478.7244681992,1.4125204894275545,51311.62698926393,0,0,15,,,27;41;87;89;96;119;130;139;148;158;159;165;172;177;189,0,0,15,0,0,0,0.0,0.0,0.5,0.0,0.0,0.0,0,15,0.40963096700579626,10,10,269,47,15,,method1_proportional_scores_gamma1,unrestricted_maximum_cardinality_then_maximum_testing_evalue_sum,200,0,6,exact_fixed_count_order_statistics,300.0,1,False
382,a5741adc883bf9a6f2d1f340026f75834e6735ba640b9118e36fe807719c12bd,proven_maximal,maximize_sum_testing_e_values_at_maximum_cardinality,proven_optimal,135445.98702685584,1.0505192953867561,128932.41239989833,0,0,6,,,29;47;112;149;169;185,0,0,6,0,0,0,0.0,0.0,0.2,0.0,0.0,0.0,0,6,0.41466865399706876,7,5,253,52,6,,method1_proportional_scores_gamma1,unrestricted_maximum_cardinality_then_maximum_testing_evalue_sum,200,0,12,exact_fixed_count_order_statistics,300.0,1,False
383,b1143c3284ab59053df5623a5dacc79110e5da77b94d655691ac220e3116f2c3,proven_maximal,maximize_sum_testing_e_values_at_maximum_cardinality,proven_optimal,16209.767986073604,1.8218444007296053,8897.449189174431,0,0,7,,,6;22;44;47;61;63;162,0,0,7,0,0,0,0.0,0.0,0.23333333333333334,0.0,0.0,0.0,0,7,0.31507109600352123,5,4,250,54,7,,method1_proportional_scores_gamma1,unrestricted_maximum_cardinality_then_maximum_testing_evalue_sum,200,0,6,exact_fixed_count_order_statistics,300.0,1,False
384,1874b8865cb674bc475ac64d43b02404a0c4c324fc44a954e725675afccb7089,proven_maximal,maximize_sum_testing_e_values_at_maximum_cardinality,proven_optimal,38674.80557338477,1.3745309364273322,28136.729809740013,0,0,7,,,4;5;63;73;103;124;140,0,0,7,0,0,0,0.0,0.0,0.23333333333333334,0.0,0.0,0.0,0,7,0.23554056099965237,4,4,245,45,7,,method1_proportional_scores_gamma1,unrestricted_maximum_cardinality_then_maximum_testing_evalue_sum,200,0,5,exact_fixed_count_order_statistics,300.0,1,False
385,53287f559b35fba619d36c3dc904eb93dba840058a1a8a43daa44e777732b969,proven_maximal,maximize_sum_testing_e_values_at_maximum_cardinality,proven_optimal,11796.64179247604,1.0,11796.64179247604,0,0,1,,,185,0,0,1,0,0,0,0.0,0.0,0.03333333333333333,0.0,0.0,0.0,0,1,0.31422652800392825,5,4,246,46,1,,method1_proportional_scores_gamma1,unrestricted_maximum_cardinality_then_maximum_testing_evalue_sum,200,0,6,exact_fixed_count_order_statistics,300.0,1,False
386,c4f240bea3f98c2586cc98c5c05f08e0e84e26b6cb76db2a01c7840b8c85261d,proven_maximal,maximize_sum_testing_e_values_at_maximum_cardinality,proven_optimal,6808.858262937743,1.7072755709195717,3988.142499614377,0,0,10,,,11;12;24;48;65;69;121;139;182;190,0,0,10,0,0,0,0.0,0.0,0.3333333333333333,0.0,0.0,0.0,0,10,1.24189589600428,17,15,295,67,10,,method1_proportional_scores_gamma1,unrestricted_maximum_cardinality_then_maximum_testing_evalue_sum,200,0,10,exact_fixed_count_order_statistics,300.0,1,False
387,f842ff993af3c56c3e1a5ac6896d737f854900f427b92af915d00cb79d6b814b,proven_maximal,maximize_sum_testing_e_values_at_maximum_cardinality,proven_optimal,23013.33880004603,1.5734872706056473,14625.69111931107,0,0,11,,,21;35;36;39;43;51;64;74;115;174;184,0,0,11,0,0,0,0.0,0.0,0.36666666666666664,0.0,0.0,0.0,0,11,0.5445633720009937,10,10,275,57,11,,method1_proportional_scores_gamma1,unrestricted_maximum_cardinality_then_maximum_testing_evalue_sum,200,0,9,exact_fixed_count_order_statistics,300.0,1,False
388,774f072919cad27289b64ee2b5552953adb37622253d0ff8ad4528f8985af866,proven_maximal,maximize_sum_testing_e_values_at_maximum_cardinality,proven_optimal,634.447704598876,0.0025478361305430563,249014.32905877163,0,0,1,,,17,0,0,1,0,0,0,0.0,0.0,0.03333333333333333,0.0,0.0,0.0,0,1,0.39242535900120856,5,4,250,50,1,,method1_proportional_scores_gamma1,unrestricted_maximum_cardinality_then_maximum_testing_evalue_sum,200,0,9,exact_fixed_count_order_statistics,300.0,1,False
389,73ae3374c00a62f2e4ad3eea98bc02374dc34d7bd4490791dc5d09b1905718f3,proven_maximal,maximize_sum_testing_e_values_at_maximum_cardinality,proven_optimal,183185.22521345192,1.0049073084613098,182290.6686726568,0,0,6,,,10;25;43;73;166;168,0,0,6,0,0,0,0.0,0.0,0.2,0.0,0.0,0.0,0,6,0.5100086820020806,8,5,249,48,6,,method1_proportional_scores_gamma1,unrestricted_maximum_cardinality_then_maximum_testing_evalue_sum,200,0,5,exact_fixed_count_order_statistics,300.0,1,False
390,ed14d6f296decc1e7a89066041c692efcf665ae3a8273ded18ca2eb9ce0a2432,proven_maximal,maximize_sum_testing_e_values_at_maximum_cardinality,proven_optimal,37325.10291310646,1.790525094078643,20845.89768473084,0,0,12,,,6;15;34;53;99;101;104;107;152;159;167;169,0,0,12,0,0,0,0.0,0.0,0.4,0.0,0.0,0.0,0,12,0.4131442279976909,7,7,271,61,12,,method1_proportional_scores_gamma1,unrestricted_maximum_cardinality_then_maximum_testing_evalue_sum,200,0,8,exact_fixed_count_order_statistics,300.0,1,False
391,a291d4ee030f336609458e5fe6111961e0046135b65f24dafedb98d0f7bbd380,proven_maximal,maximize_sum_testing_e_values_at_maximum_cardinality,proven_optimal,43143.65393907458,1.7394290805089687,24803.341753059834,0,0,10,,,30;73;77;90;109;112;116;122;154;161,0,0,10,0,0,0,0.0,0.0,0.3333333333333333,0.0,0.0,0.0,0,10,1.0489736449962948,13,13,286,52,10,,method1_proportional_scores_gamma1,unrestricted_maximum_cardinality_then_maximum_testing_evalue_sum,200,0,9,exact_fixed_count_order_statistics,300.0,1,False
392,7ef8d192029aae3cbf3c7ab4b7251a549299fc5eb42669aa6dfc7c860d06b467,proven_maximal,maximize_sum_testing_e_values_at_maximum_cardinality,proven_optimal,19391.416456017687,1.4099518514216371,13753.24727327785,0,0,6,,,1;19;67;69;172;173,0,0,6,0,0,0,0.0,0.0,0.2,0.0,0.0,0.0,0,6,0.13380569300352363,3,3,253,56,6,,method1_proportional_scores_gamma1,unrestricted_maximum_cardinality_then_maximum_testing_evalue_sum,200,0,6,exact_fixed_count_order_statistics,300.0,1,False
393,ca6bc667bdcfb2aa331cfacc90ca0b79e647e9bdbefed40aaa17afef2d37464f,proven_maximal,maximize_sum_testing_e_values_at_maximum_cardinality,proven_optimal,68075.0012399857,1.0460040026905146,65081.01409256969,0,0,2,,,75;172,0,0,2,0,0,0,0.0,0.0,0.06666666666666667,0.0,0.0,0.0,0,2,0.3035419119987637,5,4,248,49,2,,method1_proportional_scores_gamma1,unrestricted_maximum_cardinality_then_maximum_testing_evalue_sum,200,0,9,exact_fixed_count_order_statistics,300.0,1,False
394,161de8cd4de8ac33c4571e4dc667e49a8772988de00aac1d85c036919cbd5b2e,proven_maximal,maximize_sum_testing_e_values_at_maximum_cardinality,proven_optimal,7790.44302986351,1.602193112569048,4862.362076548855,0,0,5,,,1;12;19;38;189,0,0,5,0,0,0,0.0,0.0,0.16666666666666666,0.0,0.0,0.0,0,5,0.3956395200002589,8,7,267,60,5,,method1_proportional_scores_gamma1,unrestricted_maximum_cardinality_then_maximum_testing_evalue_sum,200,0,4,exact_fixed_count_order_statistics,300.0,1,False
395,f9fc9b09dfd9c7bc020529e07eeb79b2dc48338515ed9f11f575a21caeee8fe1,proven_maximal,maximize_sum_testing_e_values_at_maximum_cardinality,proven_optimal,3298.6836387402086,0.08794073708963736,37510.30236849032,0,0,6,,,8;15;54;97;176;192,0,0,6,0,0,0,0.0,0.0,0.2,0.0,0.0,0.0,0,6,0.49668202199973166,8,6,260,53,6,,method1_proportional_scores_gamma1,unrestricted_maximum_cardinality_then_maximum_testing_evalue_sum,200,0,5,exact_fixed_count_order_statistics,300.0,1,False
396,f536f2a98e45fdbe8bd9142d20eef125f695f73562b0af998a7cded851a9cc2d,proven_maximal,maximize_sum_testing_e_values_at_maximum_cardinality,proven_optimal,131995.6556463307,1.4631704764361915,90212.08244156846,0,0,7,,,17;53;61;62;75;82;195,0,0,7,0,0,0,0.0,0.0,0.23333333333333334,0.0,0.0,0.0,0,7,0.538164161000168,8,6,246,43,7,,method1_proportional_scores_gamma1,unrestricted_maximum_cardinality_then_maximum_testing_evalue_sum,200,0,3,exact_fixed_count_order_statistics,300.0,1,False
397,3c2280334d0adb708461dba86d1ecdc1e994f62dfb832e1a83161a912eaece8d,proven_maximal,maximize_sum_testing_e_values_at_maximum_cardinality,proven_optimal,1941.1771191257553,1.2536966961181792,1548.362634388542,0,0,8,,,7;30;91;142;152;153;180;198,0,0,8,0,0,0,0.0,0.0,0.26666666666666666,0.0,0.0,0.0,0,8,0.6277399339960539,9,7,263,49,8,,method1_proportional_scores_gamma1,unrestricted_maximum_cardinality_then_maximum_testing_evalue_sum,200,0,0,exact_fixed_count_order_statistics,300.0,1,False
398,b793a4bf48fbf280af497dd4e8fb4a841d33af6d1796af10e16c594b65ab664a,proven_maximal,maximize_sum_testing_e_values_at_maximum_cardinality,proven_optimal,2132.46533063874,0.593280422270497,3594.3632228377755,0,0,1,,,173,0,0,1,0,0,0,0.0,0.0,0.03333333333333333,0.0,0.0,0.0,0,1,0.501248263004527,6,4,251,50,1,,method1_proportional_scores_gamma1,unrestricted_maximum_cardinality_then_maximum_testing_evalue_sum,200,0,8,exact_fixed_count_order_statistics,300.0,1,False
399,9eb91bba2f91b8fb37477dcc679c2accf4e0639a4860d004ab4a97c07d3cf816,proven_maximal,maximize_sum_testing_e_values_at_maximum_cardinality,proven_optimal,65376.20741697842,1.0960784570226618,59645.55456601474,0,0,15,,,6;9;24;48;54;62;84;93;102;130;131;132;136;147;156,0,0,15,0,0,0,0.0,0.0,0.5,0.0,0.0,0.0,0,15,0.7087515960010933,16,15,278,46,15,,method1_proportional_scores_gamma1,unrestricted_maximum_cardinality_then_maximum_testing_evalue_sum,200,0,7,exact_fixed_count_order_statistics,300.0,1,False
400,8caf82499e99aa4abca1129542aca220dd51bff361b671107b8c3a568bc74a4c,proven_maximal,maximize_sum_testing_e_values_at_maximum_cardinality,proven_optimal,426212.39032188134,1.0632287688099773,400866.1191503698,0,0,14,,,4;8;11;42;44;57;70;80;81;88;97;112;117;139,0,0,14,0,0,0,0.0,0.0,0.4666666666666667,0.0,0.0,0.0,0,14,0.4396704149985453,8,8,268,51,14,,method1_proportional_scores_gamma1,unrestricted_maximum_cardinality_then_maximum_testing_evalue_sum,200,0,10,exact_fixed_count_order_statistics,300.0,1,False
401,06e4a566203073d1288abd655b1057a59ef0e344608f287302930d0a0d002e96,proven_maximal,maximize_sum_testing_e_values_at_maximum_cardinality,proven_optimal,2449003.88505387,1.0357070559889598,2364571.9809405017,0,0,7,,,43;80;84;123;175;187;197,0,0,7,0,0,0,0.0,0.0,0.23333333333333334,0.0,0.0,0.0,0,7,0.24174039600620745,3,3,247,52,7,,method1_proportional_scores_gamma1,unrestricted_maximum_cardinality_then_maximum_testing_evalue_sum,200,0,3,exact_fixed_count_order_statistics,300.0,1,False
402,07379a74d325dcd2cdbf9dde6072bbfff0a9c6ee967aca5b2d232a6b2acf4448,proven_maximal,maximize_sum_testing_e_values_at_maximum_cardinality,proven_optimal,50054.05049960862,1.4479675279080386,34568.48964833111,0,0,7,,,22;47;99;105;134;143;172,0,0,7,0,0,0,0.0,0.0,0.23333333333333334,0.0,0.0,0.0,0,7,0.7174174040046637,7,5,266,63,7,,method1_proportional_scores_gamma1,unrestricted_maximum_cardinality_then_maximum_testing_evalue_sum,200,0,5,exact_fixed_count_order_statistics,300.0,1,False
403,c8f9ce5461fd965b835ba377e56f070213b32dd37e0132cfa7212946c01e874d,proven_maximal,maximize_sum_testing_e_values_at_maximum_cardinality,proven_optimal,4777.777681266844,1.4239677168331633,3355.2570221833366,0,0,4,,,90;97;102;172,0,0,4,0,0,0,0.0,0.0,0.13333333333333333,0.0,0.0,0.0,0,4,0.800387334995321,10,7,262,56,4,,method1_proportional_scores_gamma1,unrestricted_maximum_cardinality_then_maximum_testing_evalue_sum,200,0,0,exact_fixed_count_order_statistics,300.0,1,False
404,4484e0da7c9cc410a1b711205828a6be1a0bc7d4a8f548a899ff2230f8f3364b,proven_maximal,maximize_sum_testing_e_values_at_maximum_cardinality,proven_optimal,62630.54502076342,1.1437614002409755,54758.400666054986,0,0,9,,,28;47;51;56;68;79;88;94;184,0,0,9,0,0,0,0.0,0.0,0.3,0.0,0.0,0.0,0,9,0.7238110660036909,9,8,262,52,9,,method1_proportional_scores_gamma1,unrestricted_maximum_cardinality_then_maximum_testing_evalue_sum,200,0,7,exact_fixed_count_order_statistics,300.0,1,False
405,6b548ef0af24f3b8fc52610ed32f6627d55dfff85a2adfdb6be4ab9c673a1000,proven_maximal,maximize_sum_testing_e_values_at_maximum_cardinality,proven_optimal,1720.767816989823,0.13169760892394103,13066.05207983399,0,0,1,,,142,0,0,1,0,0,0,0.0,0.0,0.03333333333333333,0.0,0.0,0.0,0,1,0.5118737070006318,7,6,262,60,1,,method1_proportional_scores_gamma1,unrestricted_maximum_cardinality_then_maximum_testing_evalue_sum,200,0,6,exact_fixed_count_order_statistics,300.0,1,False
406,dfd6ea8d913799643270026e3206ace4ab94eac3cbd255bfd3fb03e74d4869a1,proven_maximal,maximize_sum_testing_e_values_at_maximum_cardinality,proven_optimal,0.0,0.0,13926.18691947348,0,0,0,,,,0,0,0,0,0,0,0.0,0.0,0.0,0.0,0.0,0.0,0,0,0.16496657999960007,3,3,265,65,0,,method1_proportional_scores_gamma1,unrestricted_maximum_cardinality_then_maximum_testing_evalue_sum,200,0,7,exact_fixed_count_order_statistics,300.0,1,False
407,0f704c8653ee4b5f93d5416b11f69ade6bcadca4badea0965d0805b6e9af0102,proven_maximal,maximize_sum_testing_e_values_at_maximum_cardinality,proven_optimal,29448.887759782483,1.571302025846113,18741.710553020435,0,0,8,,,4;11;34;108;146;170;175;186,0,0,8,0,0,0,0.0,0.0,0.26666666666666666,0.0,0.0,0.0,0,8,0.5179596689995378,6,5,247,51,8,,method1_proportional_scores_gamma1,unrestricted_maximum_cardinality_then_maximum_testing_evalue_sum,200,0,3,exact_fixed_count_order_statistics,300.0,1,False
408,0cf3046e2411115e7006f817a202b37635eca0271aa5bb20452bb021d64a45bb,proven_maximal,maximize_sum_testing_e_values_at_maximum_cardinality,proven_optimal,80538.25467858661,1.248361811311589,64515.15413946318,0,0,10,,,2;11;29;52;84;97;112;121;126;175,0,0,10,0,0,0,0.0,0.0,0.3333333333333333,0.0,0.0,0.0,0,10,0.4446785070031183,6,6,256,53,10,,method1_proportional_scores_gamma1,unrestricted_maximum_cardinality_then_maximum_testing_evalue_sum,200,0,6,exact_fixed_count_order_statistics,300.0,1,False
409,93dc2ba41105b42e78fd55b76510370e1a91303df76949c7ac27918df43af3d5,proven_maximal,maximize_sum_testing_e_values_at_maximum_cardinality,proven_optimal,0.0,0.0,22434.82097055962,0,0,0,,,,0,0,0,0,0,0,0.0,0.0,0.0,0.0,0.0,0.0,0,0,3.057723256002646,8,4,260,53,0,,method1_proportional_scores_gamma1,unrestricted_maximum_cardinality_then_maximum_testing_evalue_sum,200,0,4,exact_fixed_count_order_statistics,300.0,1,False
410,5c830a3495f21b7aaf079130adb2ae98a0c04504492747c21822fcb3f6b0a417,proven_maximal,maximize_sum_testing_e_values_at_maximum_cardinality,proven_optimal,11706.850787353138,1.2335189222252476,9490.613055399404,0,0,5,,,54;82;119;133;158,0,0,5,0,0,0,0.0,0.0,0.16666666666666666,0.0,0.0,0.0,0,5,1.1077947450030479,6,4,245,47,5,,method1_proportional_scores_gamma1,unrestricted_maximum_cardinality_then_maximum_testing_evalue_sum,200,0,8,exact_fixed_count_order_statistics,300.0,1,False
411,aa2d6615a82effeb04b603d03421236119e953272938b7c55f82648a72d81863,proven_maximal,maximize_sum_testing_e_values_at_maximum_cardinality,proven_optimal,9521.671660831964,0.7147363759237523,13321.935165991512,0,0,13,,,9;20;23;39;45;50;112;124;139;141;144;158;177,0,0,13,0,0,0,0.0,0.0,0.43333333333333335,0.0,0.0,0.0,0,13,1.4000903269989067,7,7,263,54,13,,method1_proportional_scores_gamma1,unrestricted_maximum_cardinality_then_maximum_testing_evalue_sum,200,0,4,exact_fixed_count_order_statistics,300.0,1,False
412,302257da527440ae8617fbc02b93260289df039a3b324cce7a75784878fb057c,proven_maximal,maximize_sum_testing_e_values_at_maximum_cardinality,proven_optimal,0.0,0.0,33384.9550646032,0,0,0,,,,0,0,0,0,0,0,0.0,0.0,0.0,0.0,0.0,0.0,0,0,0.42501756199635565,3,3,255,55,0,,method1_proportional_scores_gamma1,unrestricted_maximum_cardinality_then_maximum_testing_evalue_sum,200,0,7,exact_fixed_count_order_statistics,300.0,1,False
413,85f70407c2257dafe7069ac18c1afd88803a3e6e66abb61c2bbb84bb76829cca,proven_maximal,maximize_sum_testing_e_values_at_maximum_cardinality,proven_optimal,7762.849507123169,0.7809719085058452,9939.98557768236,0,0,9,,,27;45;49;54;67;69;70;148;163,0,0,9,0,0,0,0.0,0.0,0.3,0.0,0.0,0.0,0,9,2.7082487549996586,9,8,265,47,9,,method1_proportional_scores_gamma1,unrestricted_maximum_cardinality_then_maximum_testing_evalue_sum,200,0,8,exact_fixed_count_order_statistics,300.0,1,False
414,b12e9a433879c8c8bfc98f54537a3e5b6a3e4de61674222fcf6198f3697d5b9f,proven_maximal,maximize_sum_testing_e_values_at_maximum_cardinality,proven_optimal,53947.81553290569,1.8275723899163197,29518.83921565254,0,0,14,,,23;36;40;48;70;73;80;102;107;125;127;148;155;178,0,0,14,0,0,0,0.0,0.0,0.4666666666666667,0.0,0.0,0.0,0,14,2.2379813700026716,9,9,257,50,14,,method1_proportional_scores_gamma1,unrestricted_maximum_cardinality_then_maximum_testing_evalue_sum,200,0,11,exact_fixed_count_order_statistics,300.0,1,False
415,87070abd2c77a26bb5b33c2dcb9bb484ea8e2fc544adeceadfcd1a33aba53a8b,proven_maximal,maximize_sum_testing_e_values_at_maximum_cardinality,proven_optimal,8071.074100106839,1.2477662705334343,6468.418237220311,0,0,4,,,71;91;171;187,0,0,4,0,0,0,0.0,0.0,0.13333333333333333,0.0,0.0,0.0,0,4,1.9444285740028135,9,6,254,51,4,,method1_proportional_scores_gamma1,unrestricted_maximum_cardinality_then_maximum_testing_evalue_sum,200,0,1,exact_fixed_count_order_statistics,300.0,1,False
416,aab4b65f12c230111801251177f58545827223e342df4f0ffbbf4b64d1f4ded3,proven_maximal,maximize_sum_testing_e_values_at_maximum_cardinality,proven_optimal,1159.175224430101,0.3630254168466918,3193.096600505052,0,0,2,,,19;34,0,0,2,0,0,0,0.0,0.0,0.06666666666666667,0.0,0.0,0.0,0,2,0.2501310200022999,3,3,253,54,2,,method1_proportional_scores_gamma1,unrestricted_maximum_cardinality_then_maximum_testing_evalue_sum,200,0,0,exact_fixed_count_order_statistics,300.0,1,False
417,e170430e211f59e91e8f21e3e400ab09c9f7ec64a940faa4132964afb99b3150,proven_maximal,maximize_sum_testing_e_values_at_maximum_cardinality,proven_optimal,16277.920521094198,1.2640677901637314,12877.411043742964,0,0,6,,,25;44;55;72;79;143,0,0,6,0,0,0,0.0,0.0,0.2,0.0,0.0,0.0,0,6,0.5813674069941044,6,4,241,39,6,,method1_proportional_scores_gamma1,unrestricted_maximum_cardinality_then_maximum_testing_evalue_sum,200,0,4,exact_fixed_count_order_statistics,300.0,1,False
418,41c4d2ef0d40f4e6fbd639a84d8ab03bae75927c6b4531f940321702f7d1599d,proven_maximal,maximize_sum_testing_e_values_at_maximum_cardinality,proven_optimal,2764.300261969345,0.7105505320858218,3890.3640728474847,0,0,2,,,35;147,0,0,2,0,0,0,0.0,0.0,0.06666666666666667,0.0,0.0,0.0,0,2,0.6427393150006537,8,5,266,64,2,,method1_proportional_scores_gamma1,unrestricted_maximum_cardinality_then_maximum_testing_evalue_sum,200,0,9,exact_fixed_count_order_statistics,300.0,1,False
419,b9963ca12052b71a44eea48d596fc14d5585e1306ef9b583d0b1d5ec79198aa2,proven_maximal,maximize_sum_testing_e_values_at_maximum_cardinality,proven_optimal,0.0,0.0,4634.568988178456,0,0,0,,,,0,0,0,0,0,0,0.0,0.0,0.0,0.0,0.0,0.0,0,0,0.5450191879936028,7,4,251,46,0,,method1_proportional_scores_gamma1,unrestricted_maximum_cardinality_then_maximum_testing_evalue_sum,200,0,8,exact_fixed_count_order_statistics,300.0,1,False
420,6612a9ae813d36a11a2b40ccb824eea82cd9b84925ef49270c7956ae26c73d1a,proven_maximal,maximize_sum_testing_e_values_at_maximum_cardinality,proven_optimal,342.3759743876384,0.009862983965531459,34713.22427210189,0,0,1,,,26,0,0,1,0,0,0,0.0,0.0,0.03333333333333333,0.0,0.0,0.0,0,1,0.3936188529987703,5,4,254,54,1,,method1_proportional_scores_gamma1,unrestricted_maximum_cardinality_then_maximum_testing_evalue_sum,200,0,4,exact_fixed_count_order_statistics,300.0,1,False
421,63ff90d81858be5b8efec112c61f7a6dc887df25f664d15c01333778323e9ee1,proven_maximal,maximize_sum_testing_e_values_at_maximum_cardinality,proven_optimal,60875.23234950036,1.1686543926454769,52090.02142344017,0,0,2,,,71;105,0,0,2,0,0,0,0.0,0.0,0.06666666666666667,0.0,0.0,0.0,0,2,0.2814967500016792,5,5,247,46,2,,method1_proportional_scores_gamma1,unrestricted_maximum_cardinality_then_maximum_testing_evalue_sum,200,0,2,exact_fixed_count_order_statistics,300.0,1,False
422,ebd6db99cb74baca105ff9ac05113a952f7a6a3257a41dac110e7a8f4680f18d,proven_maximal,maximize_sum_testing_e_values_at_maximum_cardinality,proven_optimal,42752.889345846124,2.7406788615515563,15599.379389398002,0,0,11,,,22;57;62;77;121;126;167;168;181;184;197,0,0,11,0,0,0,0.0,0.0,0.36666666666666664,0.0,0.0,0.0,0,11,0.7515073489994393,13,13,293,58,11,,method1_proportional_scores_gamma1,unrestricted_maximum_cardinality_then_maximum_testing_evalue_sum,200,0,6,exact_fixed_count_order_statistics,300.0,1,False
423,877d63f39c3defec2eb999aff203d0a78a159a24e23ef24f9798701bfbe2420b,proven_maximal,maximize_sum_testing_e_values_at_maximum_cardinality,proven_optimal,245916.00690811593,1.0694100096304058,229954.83929789093,0,0,8,,,1;8;9;23;32;64;112;132,0,0,8,0,0,0,0.0,0.0,0.26666666666666666,0.0,0.0,0.0,0,8,0.7238414259991259,9,7,261,52,8,,method1_proportional_scores_gamma1,unrestricted_maximum_cardinality_then_maximum_testing_evalue_sum,200,0,5,exact_fixed_count_order_statistics,300.0,1,False
424,fa40597311e3054462724d4518f0db6d73cd9cc3e207ee5e26fc32dfdd0fbbb2,proven_maximal,maximize_sum_testing_e_values_at_maximum_cardinality,proven_optimal,24656.377822981012,2.111352630469803,11678.00085459654,0,0,11,,,2;6;13;18;27;61;88;100;125;130;138,0,0,11,0,0,0,0.0,0.0,0.36666666666666664,0.0,0.0,0.0,0,11,0.41843365800014,9,9,262,45,11,,method1_proportional_scores_gamma1,unrestricted_maximum_cardinality_then_maximum_testing_evalue_sum,200,0,7,exact_fixed_count_order_statistics,300.0,1,False
425,e0e9a84f6dd6b5684dbae1041b2217ad510deee07e32d458392c0cdf3dae9d45,proven_maximal,maximize_sum_testing_e_values_at_maximum_cardinality,proven_optimal,34442.78461388009,1.0,34442.78461388009,0,0,1,,,158,0,0,1,0,0,0,0.0,0.0,0.03333333333333333,0.0,0.0,0.0,0,1,0.40175615699990885,5,4,254,54,1,,method1_proportional_scores_gamma1,unrestricted_maximum_cardinality_then_maximum_testing_evalue_sum,200,0,3,exact_fixed_count_order_statistics,300.0,1,False
426,bb607cf67da786edca15e52846764c3ef463e0cdd4e1d8e91ea3b21d4ee126da,proven_maximal,maximize_sum_testing_e_values_at_maximum_cardinality,proven_optimal,6189.515178024845,0.7150962672993493,8655.499211875802,0,0,2,,,144;199,0,0,2,0,0,0,0.0,0.0,0.06666666666666667,0.0,0.0,0.0,0,2,0.14587354700051947,3,3,249,50,2,,method1_proportional_scores_gamma1,unrestricted_maximum_cardinality_then_maximum_testing_evalue_sum,200,0,2,exact_fixed_count_order_statistics,300.0,1,False
427,9764f9ee878ff7c7cec79c577d6860bca9ec221b14fedc8b3a8c82559c27578d,proven_maximal,maximize_sum_testing_e_values_at_maximum_cardinality,proven_optimal,118069.1489097944,1.0024830993916438,117776.6976634764,0,0,3,,,5;58;79,0,0,3,0,0,0,0.0,0.0,0.1,0.0,0.0,0.0,0,3,0.5581797010017908,6,4,250,51,3,,method1_proportional_scores_gamma1,unrestricted_maximum_cardinality_then_maximum_testing_evalue_sum,200,0,6,exact_fixed_count_order_statistics,300.0,1,False
428,6ba3bab3dbc1d2a077d85cacde930d42e156991144bdbe75fdff3f99e4670384,proven_maximal,maximize_sum_testing_e_values_at_maximum_cardinality,proven_optimal,699128.8047488093,1.0586407798330153,660402.2989357036,0,0,12,,,16;18;24;81;102;105;113;125;140;148;155;185,0,0,12,0,0,0,0.0,0.0,0.4,0.0,0.0,0.0,0,12,0.813616286002798,14,14,263,54,12,,method1_proportional_scores_gamma1,unrestricted_maximum_cardinality_then_maximum_testing_evalue_sum,200,0,9,exact_fixed_count_order_statistics,300.0,1,False
429,2b8b9906e9d47dfdceaef9d3e1a9a7911775a9765a82354d9d0f69efc2011141,proven_maximal,maximize_sum_testing_e_values_at_maximum_cardinality,proven_optimal,13777.321956549918,1.4349982335753453,9600.933042421431,0,0,3,,,134;197;198,0,0,3,0,0,0,0.0,0.0,0.1,0.0,0.0,0.0,0,3,0.569961991001037,6,5,258,56,3,,method1_proportional_scores_gamma1,unrestricted_maximum_cardinality_then_maximum_testing_evalue_sum,200,0,9,exact_fixed_count_order_statistics,300.0,1,False
430,402e342d0a3bf267b9f98130a409c7f90e31e0d47019fc4a427c87773d80a054,proven_maximal,maximize_sum_testing_e_values_at_maximum_cardinality,proven_optimal,12405.22995828855,0.46575445392536285,26634.69957987023,0,0,5,,,73;89;98;134;150,0,0,5,0,0,0,0.0,0.0,0.16666666666666666,0.0,0.0,0.0,0,5,0.5961689949981519,9,8,257,49,5,,method1_proportional_scores_gamma1,unrestricted_maximum_cardinality_then_maximum_testing_evalue_sum,200,0,6,exact_fixed_count_order_statistics,300.0,1,False
431,ba9bd4bbd07b62cb7e0e20d3ec102d31418c5db7015a761d553034e7eb29f913,proven_maximal,maximize_sum_testing_e_values_at_maximum_cardinality,proven_optimal,52452.509549821065,1.563819227187248,33541.287022135155,0,0,13,,,7;8;31;64;89;96;105;110;113;122;150;151;191,0,0,12,0,0,1,0.0,0.0,0.4,0.0,0.0,0.07692307692307693,0,13,0.16835737800283823,4,4,242,51,13,,method1_proportional_scores_gamma1,unrestricted_maximum_cardinality_then_maximum_testing_evalue_sum,200,0,6,exact_fixed_count_order_statistics,300.0,1,False
432,76fbd69aed4dce1621ca905310f428ee7a1b25723e281882957932e13fd2fa60,proven_maximal,maximize_sum_testing_e_values_at_maximum_cardinality,proven_optimal,976.8705930140204,0.06282877869621287,15548.139137597198,0,0,2,,,34;131,0,0,2,0,0,0,0.0,0.0,0.06666666666666667,0.0,0.0,0.0,0,2,0.4648878070001956,5,4,260,61,2,,method1_proportional_scores_gamma1,unrestricted_maximum_cardinality_then_maximum_testing_evalue_sum,200,0,1,exact_fixed_count_order_statistics,300.0,1,False
433,d1bf7214174922d36c0c697621dd0c4488dda8ad0fe97533dc575bb2bce0fc88,proven_maximal,maximize_sum_testing_e_values_at_maximum_cardinality,proven_optimal,23739.760337957494,4.515950367239121,5256.869187530747,0,0,8,,,14;69;73;86;97;131;182;193,0,0,8,0,0,0,0.0,0.0,0.26666666666666666,0.0,0.0,0.0,0,8,0.6305606070018257,8,6,259,53,8,,method1_proportional_scores_gamma1,unrestricted_maximum_cardinality_then_maximum_testing_evalue_sum,200,0,9,exact_fixed_count_order_statistics,300.0,1,False
434,cb90e339debe564d54e1349442a989c741c89d16edacac2807f865331355638d,proven_maximal,maximize_sum_testing_e_values_at_maximum_cardinality,proven_optimal,34334.656444857355,0.6461201956782268,53139.73572489336,0,0,5,,,40;62;97;122;176,0,0,5,0,0,0,0.0,0.0,0.16666666666666666,0.0,0.0,0.0,0,5,0.25580477000039537,3,3,263,67,5,,method1_proportional_scores_gamma1,unrestricted_maximum_cardinality_then_maximum_testing_evalue_sum,200,0,6,exact_fixed_count_order_statistics,300.0,1,False
435,a994e549fed26194160171de0094d8efd4cdf002f7cea811e60f0cb8671eb022,proven_maximal,maximize_sum_testing_e_values_at_maximum_cardinality,proven_optimal,0.0,0.0,73769.47276510563,0,0,0,,,,0,0,0,0,0,0,0.0,0.0,0.0,0.0,0.0,0.0,0,0,0.13391928099736106,3,3,256,56,0,,method1_proportional_scores_gamma1,unrestricted_maximum_cardinality_then_maximum_testing_evalue_sum,200,0,6,exact_fixed_count_order_statistics,300.0,1,False
436,6bd05d8e161d1522398f4a9f4cf897753ed6b40ca0d5e5fdc66d395a1130ad14,proven_maximal,maximize_sum_testing_e_values_at_maximum_cardinality,proven_optimal,42601.77743942514,1.1066183908696707,38497.261378373805,0,0,4,,,33;54;106;193,0,0,4,0,0,0,0.0,0.0,0.13333333333333333,0.0,0.0,0.0,0,4,0.4692038580033113,5,4,245,47,4,,method1_proportional_scores_gamma1,unrestricted_maximum_cardinality_then_maximum_testing_evalue_sum,200,0,5,exact_fixed_count_order_statistics,300.0,1,False
437,b7ff938e2e4be003cb55420ff5927a4004c2cf021d311fc480ff43f5fea5f4b4,proven_maximal,maximize_sum_testing_e_values_at_maximum_cardinality,proven_optimal,7616.827650476067,3.1195885169421813,2441.6129271888963,0,0,6,,,22;55;60;130;150;194,0,0,6,0,0,0,0.0,0.0,0.2,0.0,0.0,0.0,0,6,0.5483796710032038,10,9,263,58,6,,method1_proportional_scores_gamma1,unrestricted_maximum_cardinality_then_maximum_testing_evalue_sum,200,0,4,exact_fixed_count_order_statistics,300.0,1,False
438,56b9c43760db8aa1a228a3dd26ceb57ba8837c0ab27e0906b0d524382f27a35e,proven_maximal,maximize_sum_testing_e_values_at_maximum_cardinality,proven_optimal,4642.745103026206,1.2334918241429038,3763.904236862076,0,0,3,,,14;112;113,0,0,3,0,0,0,0.0,0.0,0.1,0.0,0.0,0.0,0,3,0.4788015970043489,6,4,253,54,3,,method1_proportional_scores_gamma1,unrestricted_maximum_cardinality_then_maximum_testing_evalue_sum,200,0,7,exact_fixed_count_order_statistics,300.0,1,False
439,a8cc9bc36efdda07b50909ba04cd36502d91d705acb4db14f8fab4fc6c6b0507,proven_maximal,maximize_sum_testing_e_values_at_maximum_cardinality,proven_optimal,6524.091530912576,1.285907587824354,5073.530627461949,0,0,2,,,17;65,0,0,2,0,0,0,0.0,0.0,0.06666666666666667,0.0,0.0,0.0,0,2,0.3051840730040567,3,3,259,61,2,,method1_proportional_scores_gamma1,unrestricted_maximum_cardinality_then_maximum_testing_evalue_sum,200,0,7,exact_fixed_count_order_statistics,300.0,1,False
440,c7ef572089f1fac93c41b1685ec492214a64f60cb9c1d6985b49df51e9aa0c8d,proven_maximal,maximize_sum_testing_e_values_at_maximum_cardinality,proven_optimal,7840.644527361054,1.585596016270323,4944.9194163618085,0,0,5,,,29;58;137;195;199,0,0,5,0,0,0,0.0,0.0,0.16666666666666666,0.0,0.0,0.0,0,5,0.7453063470020425,7,5,260,61,5,,method1_proportional_scores_gamma1,unrestricted_maximum_cardinality_then_maximum_testing_evalue_sum,200,0,8,exact_fixed_count_order_statistics,300.0,1,False
441,b52ea394116862ffbb2f4fe1acef8f780b7e77a695a92f99199250a6af8c6e5c,proven_maximal,maximize_sum_testing_e_values_at_maximum_cardinality,proven_optimal,8857.117133259613,1.626006709964241,5447.159030145945,0,0,8,,,21;37;72;79;166;175;177;199,0,0,8,0,0,0,0.0,0.0,0.26666666666666666,0.0,0.0,0.0,0,8,0.5559586879971903,8,7,257,48,8,,method1_proportional_scores_gamma1,unrestricted_maximum_cardinality_then_maximum_testing_evalue_sum,200,0,3,exact_fixed_count_order_statistics,300.0,1,False
442,08816c91081bba4f745c84ef59c75b58a9ce5365603c3e3b63b9c1e39f773d10,proven_maximal,maximize_sum_testing_e_values_at_maximum_cardinality,proven_optimal,0.0,0.0,15397.446802988914,0,0,0,,,,0,0,0,0,0,0,0.0,0.0,0.0,0.0,0.0,0.0,0,0,0.943433594002272,13,7,269,50,0,,method1_proportional_scores_gamma1,unrestricted_maximum_cardinality_then_maximum_testing_evalue_sum,200,0,4,exact_fixed_count_order_statistics,300.0,1,False
443,a2a09d51c2efb1a7cdfb01bcd17704e4bdd4f9a61a317ccaf874129d96a4a6ec,proven_maximal,maximize_sum_testing_e_values_at_maximum_cardinality,proven_optimal,18617.494519718442,2.0145397614812106,9241.562204773632,0,0,8,,,10;38;76;78;97;134;170;199,0,0,8,0,0,0,0.0,0.0,0.26666666666666666,0.0,0.0,0.0,0,8,0.3674264770015725,5,4,248,53,8,,method1_proportional_scores_gamma1,unrestricted_maximum_cardinality_then_maximum_testing_evalue_sum,200,0,7,exact_fixed_count_order_statistics,300.0,1,False
444,910e9000751196a233fccf239cb439f33cce35d5faaa5ee33ec30209adf930df,proven_maximal,maximize_sum_testing_e_values_at_maximum_cardinality,proven_optimal,10748.234279513714,1.2112475153770916,8873.689434291653,0,0,3,,,65;85;145,0,0,3,0,0,0,0.0,0.0,0.1,0.0,0.0,0.0,0,3,0.4114605259965174,5,4,251,52,3,,method1_proportional_scores_gamma1,unrestricted_maximum_cardinality_then_maximum_testing_evalue_sum,200,0,3,exact_fixed_count_order_statistics,300.0,1,False
445,89cdc7ca9970c08266860a605c1e738d913a22039577c2f40cf937e9ed3abe8f,proven_maximal,maximize_sum_testing_e_values_at_maximum_cardinality,proven_optimal,26706.565022780094,1.168338599091138,22858.583156933608,0,0,5,,,11;16;66;80;155,0,0,5,0,0,0,0.0,0.0,0.16666666666666666,0.0,0.0,0.0,0,5,0.31959975299832877,5,4,247,49,5,,method1_proportional_scores_gamma1,unrestricted_maximum_cardinality_then_maximum_testing_evalue_sum,200,0,10,exact_fixed_count_order_statistics,300.0,1,False
446,0554008808d096a21cf9123f81944519244b7b334fbb12f9f801995ac0fde78c,proven_maximal,maximize_sum_testing_e_values_at_maximum_cardinality,proven_optimal,2754.9936215209664,0.26893766420379644,10243.985830981555,0,0,5,,,38;40;58;69;121,0,0,5,0,0,0,0.0,0.0,0.16666666666666666,0.0,0.0,0.0,0,5,0.614810232000309,7,5,251,48,5,,method1_proportional_scores_gamma1,unrestricted_maximum_cardinality_then_maximum_testing_evalue_sum,200,0,9,exact_fixed_count_order_statistics,300.0,1,False
447,0d362ccfba6642de68d5fde413dfbb0871468cf706bd564e7a934a585aa49597,proven_maximal,maximize_sum_testing_e_values_at_maximum_cardinality,proven_optimal,0.0,0.0,6957.821889344852,0,0,0,,,,0,0,0,0,0,0,0.0,0.0,0.0,0.0,0.0,0.0,0,0,0.19443770899670199,3,3,257,57,0,,method1_proportional_scores_gamma1,unrestricted_maximum_cardinality_then_maximum_testing_evalue_sum,200,0,3,exact_fixed_count_order_statistics,300.0,1,False
448,d5ab63c3950e1dfda1b8053fed1571b89b32f20c5e343879d8b66ec9bca0c5c3,proven_maximal,maximize_sum_testing_e_values_at_maximum_cardinality,proven_optimal,289691.16303683125,1.0,289691.16303683125,0,0,1,,,34,0,0,1,0,0,0,0.0,0.0,0.03333333333333333,0.0,0.0,0.0,0,1,0.5498902719991747,5,4,263,63,1,,method1_proportional_scores_gamma1,unrestricted_maximum_cardinality_then_maximum_testing_evalue_sum,200,0,6,exact_fixed_count_order_statistics,300.0,1,False
449,b5c3b6cb4d9f88a0e4f3e87c65276c194a7dbc0d9d2dc46601504a44763cfec7,proven_maximal,maximize_sum_testing_e_values_at_maximum_cardinality,proven_optimal,36561.583840083964,1.516913993893573,24102.60831350016,0,0,5,,,16;52;119;166;172,0,0,5,0,0,0,0.0,0.0,0.16666666666666666,0.0,0.0,0.0,0,5,0.4371191259997431,6,5,249,49,5,,method1_proportional_scores_gamma1,unrestricted_maximum_cardinality_then_maximum_testing_evalue_sum,200,0,5,exact_fixed_count_order_statistics,300.0,1,False
450,85f676e566e9bc43d5124ef83262e63a2ac04e2e6b94b8d328de1ccf1e960193,proven_maximal,maximize_sum_testing_e_values_at_maximum_cardinality,proven_optimal,11364.861336782089,1.6192949471663773,7018.401037235119,0,0,11,,,15;16;34;39;59;64;82;113;127;140;149,0,0,11,0,0,0,0.0,0.0,0.36666666666666664,0.0,0.0,0.0,0,11,0.6762933409991092,14,14,254,45,11,,method1_proportional_scores_gamma1,unrestricted_maximum_cardinality_then_maximum_testing_evalue_sum,200,0,1,exact_fixed_count_order_statistics,300.0,1,False
451,0c9167061ab956eee5596690d1531f40f965bfb36237dbf31a5cfabeac2ec1d5,proven_maximal,maximize_sum_testing_e_values_at_maximum_cardinality,proven_optimal,1223.7410129091331,0.3134008108629018,3904.7155287816495,0,0,3,,,22;141;142,0,0,3,0,0,0,0.0,0.0,0.1,0.0,0.0,0.0,0,3,0.5166248549940065,6,5,270,70,3,,method1_proportional_scores_gamma1,unrestricted_maximum_cardinality_then_maximum_testing_evalue_sum,200,0,6,exact_fixed_count_order_statistics,300.0,1,False
452,84c1c451c95f494f2812c2e23878a0430a2ebb6f9bf8118fa85dba6ccbee711b,proven_maximal,maximize_sum_testing_e_values_at_maximum_cardinality,proven_optimal,64354.452149452,2.3491013054370424,27395.34987295027,0,0,7,,,9;11;37;74;88;101;159,0,0,7,0,0,0,0.0,0.0,0.23333333333333334,0.0,0.0,0.0,0,7,0.36015429100370966,5,4,254,57,7,,method1_proportional_scores_gamma1,unrestricted_maximum_cardinality_then_maximum_testing_evalue_sum,200,0,9,exact_fixed_count_order_statistics,300.0,1,False
453,bcdea756ffae73623995365bc3c8bea9f93364263fe4340316214c5c194823bd,proven_maximal,maximize_sum_testing_e_values_at_maximum_cardinality,proven_optimal,12130.100616769087,3.3077432177580013,3667.183278208309,0,0,8,,,7;24;50;137;143;146;163;186,0,0,8,0,0,0,0.0,0.0,0.26666666666666666,0.0,0.0,0.0,0,8,0.3498429719984415,6,5,250,55,8,,method1_proportional_scores_gamma1,unrestricted_maximum_cardinality_then_maximum_testing_evalue_sum,200,0,4,exact_fixed_count_order_statistics,300.0,1,False
454,f0e5214ba0593c63037aa839d8339a82140a03e10e508b7f18a320d1288a7d8d,proven_maximal,maximize_sum_testing_e_values_at_maximum_cardinality,proven_optimal,35931.58164878756,1.1230043597800932,31995.941365555955,0,0,6,,,75;89;92;132;148;151,0,0,6,0,0,0,0.0,0.0,0.2,0.0,0.0,0.0,0,6,0.6348454830003902,6,4,257,57,6,,method1_proportional_scores_gamma1,unrestricted_maximum_cardinality_then_maximum_testing_evalue_sum,200,0,4,exact_fixed_count_order_statistics,300.0,1,False
455,420012ac2f11bc98af09b6447116641de67f9a8df640820932297b182e3b8991,proven_maximal,maximize_sum_testing_e_values_at_maximum_cardinality,proven_optimal,7356.041842013238,1.3294683715620779,5533.070210139826,0,0,7,,,54;68;90;128;131;151;195,0,0,7,0,0,0,0.0,0.0,0.23333333333333334,0.0,0.0,0.0,0,7,0.46353906000149436,8,7,257,49,7,,method1_proportional_scores_gamma1,unrestricted_maximum_cardinality_then_maximum_testing_evalue_sum,200,0,1,exact_fixed_count_order_statistics,300.0,1,False
456,8d0f34ed6bcc2d832dc8973dd2560f99a5630a8bea17954e6c3aa82b2dc7e51c,proven_maximal,maximize_sum_testing_e_values_at_maximum_cardinality,proven_optimal,69618.20885124052,2.21157261352433,31479.05179577077,0,0,9,,,16;17;34;65;80;96;122;151;179,0,0,9,0,0,0,0.0,0.0,0.3,0.0,0.0,0.0,0,9,0.3490492049968452,5,4,248,52,9,,method1_proportional_scores_gamma1,unrestricted_maximum_cardinality_then_maximum_testing_evalue_sum,200,0,14,exact_fixed_count_order_statistics,300.0,1,False
457,b76369811fd915148e0cbae45cfafef4937ff319fde96fc14dc31f540786fc20,proven_maximal,maximize_sum_testing_e_values_at_maximum_cardinality,proven_optimal,512217.9690460267,1.002389133247301,510997.1288162964,0,0,5,,,14;124;127;149;179,0,0,5,0,0,0,0.0,0.0,0.16666666666666666,0.0,0.0,0.0,0,5,0.5471580250014085,7,6,267,63,5,,method1_proportional_scores_gamma1,unrestricted_maximum_cardinality_then_maximum_testing_evalue_sum,200,0,1,exact_fixed_count_order_statistics,300.0,1,False
458,81191890f4b3c8813f769b37ca6f02255f6fd89260d617b87bb52e6832b6647f,proven_maximal,maximize_sum_testing_e_values_at_maximum_cardinality,proven_optimal,35666.131078447295,1.911284074069375,18660.821571389653,0,0,5,,,10;19;56;57;188,0,0,5,0,0,0,0.0,0.0,0.16666666666666666,0.0,0.0,0.0,0,5,0.4020331840001745,5,4,251,54,5,,method1_proportional_scores_gamma1,unrestricted_maximum_cardinality_then_maximum_testing_evalue_sum,200,0,7,exact_fixed_count_order_statistics,300.0,1,False
459,1ca6ec014a6e99ce195e195a1f49bbac22d885964240e7928dbefde946257e2b,proven_maximal,maximize_sum_testing_e_values_at_maximum_cardinality,proven_optimal,14721.317012960386,2.117966573570624,6950.684301000136,0,0,11,,,12;50;72;81;87;94;103;122;126;129;191,0,0,11,0,0,0,0.0,0.0,0.36666666666666664,0.0,0.0,0.0,0,11,0.22943602200393798,6,6,260,58,11,,method1_proportional_scores_gamma1,unrestricted_maximum_cardinality_then_maximum_testing_evalue_sum,200,0,9,exact_fixed_count_order_statistics,300.0,1,False
460,e42b485b4bf880a34aa625a07d6d24aee29c17b05f0a391b28c51367ed53d7bf,proven_maximal,maximize_sum_testing_e_values_at_maximum_cardinality,proven_optimal,7726.882087740077,0.105830561765861,73011.82152689496,0,0,1,,,182,0,0,1,0,0,0,0.0,0.0,0.03333333333333333,0.0,0.0,0.0,0,1,0.21121140700415708,3,3,257,58,1,,method1_proportional_scores_gamma1,unrestricted_maximum_cardinality_then_maximum_testing_evalue_sum,200,0,6,exact_fixed_count_order_statistics,300.0,1,False
461,118bf7bdcf2f9966a6cb73bf268d60bf0a3515a6306c1944e350fe2b8d2f0a9e,proven_maximal,maximize_sum_testing_e_values_at_maximum_cardinality,proven_optimal,77115.4335003301,1.044059968498194,73861.1150959606,0,0,3,,,64;97;185,0,0,3,0,0,0,0.0,0.0,0.1,0.0,0.0,0.0,0,3,0.6207892360034748,9,6,256,52,3,,method1_proportional_scores_gamma1,unrestricted_maximum_cardinality_then_maximum_testing_evalue_sum,200,0,8,exact_fixed_count_order_statistics,300.0,1,False
462,796ee962dcca05d7e68560572ad82acef6ebe30d135097ef55366d361c08e679,proven_maximal,maximize_sum_testing_e_values_at_maximum_cardinality,proven_optimal,30578.800981935583,2.004271821807514,15256.81329708995,0,0,12,,,19;56;66;67;72;109;127;128;148;165;173;197,0,0,12,0,0,0,0.0,0.0,0.4,0.0,0.0,0.0,0,12,0.36939207200339297,7,7,277,57,12,,method1_proportional_scores_gamma1,unrestricted_maximum_cardinality_then_maximum_testing_evalue_sum,200,0,5,exact_fixed_count_order_statistics,300.0,1,False
463,ae9fe10e0ea93e95f32de7e2e701d8f0c35964ea14c845d5cb18f6137a6d97e0,proven_maximal,maximize_sum_testing_e_values_at_maximum_cardinality,proven_optimal,4663.445543356485,2.2255453560236718,2095.4169865531526,0,0,11,,,10;44;57;59;65;88;92;116;128;158;190,0,0,11,0,0,0,0.0,0.0,0.36666666666666664,0.0,0.0,0.0,0,11,0.41308763899724,7,7,277,58,11,,method1_proportional_scores_gamma1,unrestricted_maximum_cardinality_then_maximum_testing_evalue_sum,200,0,3,exact_fixed_count_order_statistics,300.0,1,False
464,de548c5db5bf8bee05f96b54b40f99bd39933d6a98bbe0d21e771fcf13b297e7,proven_maximal,maximize_sum_testing_e_values_at_maximum_cardinality,proven_optimal,10011.129421462605,1.4023986777653301,7138.575912960047,0,0,3,,,0;17;29,0,0,3,0,0,0,0.0,0.0,0.1,0.0,0.0,0.0,0,3,0.378829619003227,5,4,248,50,3,,method1_proportional_scores_gamma1,unrestricted_maximum_cardinality_then_maximum_testing_evalue_sum,200,0,2,exact_fixed_count_order_statistics,300.0,1,False
465,57d3f7fe8079802240229febbb10202f43bcbe40c6447da570bb4bb4c3264525,proven_maximal,maximize_sum_testing_e_values_at_maximum_cardinality,proven_optimal,13878.8280385448,0.9554494368231427,14525.968097999752,0,0,2,,,44;68,0,0,2,0,0,0,0.0,0.0,0.06666666666666667,0.0,0.0,0.0,0,2,0.44300577199464897,6,5,255,55,2,,method1_proportional_scores_gamma1,unrestricted_maximum_cardinality_then_maximum_testing_evalue_sum,200,0,4,exact_fixed_count_order_statistics,300.0,1,False
466,b4c38f614f717d8ab05df0107fb0ff914fee15c6c7389ced3b239d13602bcb82,proven_maximal,maximize_sum_testing_e_values_at_maximum_cardinality,proven_optimal,377788.5073881235,1.0251870428725975,368506.90809508425,0,0,10,,,32;34;72;80;132;154;170;177;180;194,0,0,10,0,0,0,0.0,0.0,0.3333333333333333,0.0,0.0,0.0,0,10,0.2889629290002631,7,7,266,62,10,,method1_proportional_scores_gamma1,unrestricted_maximum_cardinality_then_maximum_testing_evalue_sum,200,0,10,exact_fixed_count_order_statistics,300.0,1,False
467,8cfb3d1725904a9d0fe09565a9b171f45b560f6dbea345c65dc8fe2447020e64,proven_maximal,maximize_sum_testing_e_values_at_maximum_cardinality,proven_optimal,15139.431236907096,1.0985318223087577,13781.513588827058,0,0,3,,,104;176;197,0,0,3,0,0,0,0.0,0.0,0.1,0.0,0.0,0.0,0,3,0.8097266619952279,10,7,252,49,3,,method1_proportional_scores_gamma1,unrestricted_maximum_cardinality_then_maximum_testing_evalue_sum,200,0,4,exact_fixed_count_order_statistics,300.0,1,False
468,43d62808f1f64d65ea7095fd5172700b131985760aa82d9027c94cb3ce228db2,proven_maximal,maximize_sum_testing_e_values_at_maximum_cardinality,proven_optimal,2124.4648185701485,0.1770752974428735,11997.52223629908,0,0,5,,,40;121;128;136;174,0,0,5,0,0,0,0.0,0.0,0.16666666666666666,0.0,0.0,0.0,0,5,0.4624273119989084,6,5,247,48,5,,method1_proportional_scores_gamma1,unrestricted_maximum_cardinality_then_maximum_testing_evalue_sum,200,0,3,exact_fixed_count_order_statistics,300.0,1,False
469,a4f6ab89d545b08b6f413a85748cb4e67a3da138d02ad9305ed6fd867e8313c1,proven_maximal,maximize_sum_testing_e_values_at_maximum_cardinality,proven_optimal,22596.488920252094,1.5061814024527311,15002.501613321603,0,0,4,,,25;60;104;186,0,0,4,0,0,0,0.0,0.0,0.13333333333333333,0.0,0.0,0.0,0,4,0.6718798349975259,7,5,254,53,4,,method1_proportional_scores_gamma1,unrestricted_maximum_cardinality_then_maximum_testing_evalue_sum,200,0,8,exact_fixed_count_order_statistics,300.0,1,False
470,b41f06cb7e9f40c8638ce0aae4e010813399aab2bcf0f2d8f4e5e72479841859,proven_maximal,maximize_sum_testing_e_values_at_maximum_cardinality,proven_optimal,51795.50330185879,1.7222764425603618,30073.86156014468,0,0,7,,,18;39;42;62;172;185;191,0,0,7,0,0,0,0.0,0.0,0.23333333333333334,0.0,0.0,0.0,0,7,0.6524672730010934,9,7,260,52,7,,method1_proportional_scores_gamma1,unrestricted_maximum_cardinality_then_maximum_testing_evalue_sum,200,0,8,exact_fixed_count_order_statistics,300.0,1,False
471,9c0917d633392e3aa40f3df550af434a6127d6e0b5d16625cfb62decce3f0e12,proven_maximal,maximize_sum_testing_e_values_at_maximum_cardinality,proven_optimal,26876.69123919156,1.6640799431270044,16151.08177356375,0,0,6,,,36;37;62;84;90;100,0,0,6,0,0,0,0.0,0.0,0.2,0.0,0.0,0.0,0,6,0.7640687989987782,11,7,265,56,6,,method1_proportional_scores_gamma1,unrestricted_maximum_cardinality_then_maximum_testing_evalue_sum,200,0,2,exact_fixed_count_order_statistics,300.0,1,False
472,ec2b106d6fe6067e1069c77bd9c5d7f159d8bcc3b3058faf4442f259905b79a3,proven_maximal,maximize_sum_testing_e_values_at_maximum_cardinality,proven_optimal,82239.84616357548,1.5512571669671527,53014.96612864119,0,0,11,,,5;32;40;59;79;94;100;121;137;141;185,0,0,11,0,0,0,0.0,0.0,0.36666666666666664,0.0,0.0,0.0,0,11,0.7147456249949755,13,13,297,63,11,,method1_proportional_scores_gamma1,unrestricted_maximum_cardinality_then_maximum_testing_evalue_sum,200,0,3,exact_fixed_count_order_statistics,300.0,1,False
473,c60e3a79158cb3d542810abe541970121dbb4ef22ff9e0b35936724d0605e1b4,proven_maximal,maximize_sum_testing_e_values_at_maximum_cardinality,proven_optimal,10824.889507591135,1.3874509616861848,7801.997913090582,0,0,4,,,39;44;188;199,0,0,4,0,0,0,0.0,0.0,0.13333333333333333,0.0,0.0,0.0,0,4,0.12693471199600026,3,3,247,48,4,,method1_proportional_scores_gamma1,unrestricted_maximum_cardinality_then_maximum_testing_evalue_sum,200,0,4,exact_fixed_count_order_statistics,300.0,1,False
474,eb5e57b820a9fa6644997cd2feb462f05bdaf9bd91c69301a97285a03c019952,proven_maximal,maximize_sum_testing_e_values_at_maximum_cardinality,proven_optimal,20707.1747891068,2.2393914094593055,9246.786739307216,0,0,6,,,20;65;90;111;115;156,0,0,6,0,0,0,0.0,0.0,0.2,0.0,0.0,0.0,0,6,0.7271789160004118,12,8,261,53,6,,method1_proportional_scores_gamma1,unrestricted_maximum_cardinality_then_maximum_testing_evalue_sum,200,0,5,exact_fixed_count_order_statistics,300.0,1,False
475,7ee3853ee0e8ded7af5bdd82fbef8f047b96b8ef522f723b2758653517c8a35f,proven_maximal,maximize_sum_testing_e_values_at_maximum_cardinality,proven_optimal,1133.3904905846018,0.09863280150915849,11491.009818669316,0,0,1,,,73,0,0,1,0,0,0,0.0,0.0,0.03333333333333333,0.0,0.0,0.0,0,1,0.16047454699582886,3,3,262,63,1,,method1_proportional_scores_gamma1,unrestricted_maximum_cardinality_then_maximum_testing_evalue_sum,200,0,9,exact_fixed_count_order_statistics,300.0,1,False
476,03601ef64b57ab4d97a2e9cafbddaef76c5756558a1065f2fd47518f3e46e2a1,proven_maximal,maximize_sum_testing_e_values_at_maximum_cardinality,proven_optimal,8495.302712261893,1.3519037017823736,6283.955507379362,0,0,8,,,86;88;91;104;108;118;135;168,0,0,8,0,0,0,0.0,0.0,0.26666666666666666,0.0,0.0,0.0,0,8,0.4782143660049769,7,5,255,58,8,,method1_proportional_scores_gamma1,unrestricted_maximum_cardinality_then_maximum_testing_evalue_sum,200,0,3,exact_fixed_count_order_statistics,300.0,1,False
477,208ffecbbcfae151beb8892588f26edc4f2f65f3ceb74d8cf389b7939321358f,proven_maximal,maximize_sum_testing_e_values_at_maximum_cardinality,proven_optimal,4917.993843389977,1.1332051825996579,4339.897062690562,0,0,3,,,52;157;194,0,0,3,0,0,0,0.0,0.0,0.1,0.0,0.0,0.0,0,3,0.3222560819995124,5,4,244,45,3,,method1_proportional_scores_gamma1,unrestricted_maximum_cardinality_then_maximum_testing_evalue_sum,200,0,10,exact_fixed_count_order_statistics,300.0,1,False
478,386fd572734fef876ee58fd31eca08d1fc493256dda7a3710ab7e2365dfc175a,proven_maximal,maximize_sum_testing_e_values_at_maximum_cardinality,proven_optimal,147690.99250194026,1.0140458642117411,145645.27869431867,0,0,5,,,68;128;134;147;186,0,0,5,0,0,0,0.0,0.0,0.16666666666666666,0.0,0.0,0.0,0,5,0.4254594129961333,5,4,244,47,5,,method1_proportional_scores_gamma1,unrestricted_maximum_cardinality_then_maximum_testing_evalue_sum,200,0,5,exact_fixed_count_order_statistics,300.0,1,False
479,6718cf6a426e0c5cf57751058397be0971be3b47f80d601febecfa5700342dd6,proven_maximal,maximize_sum_testing_e_values_at_maximum_cardinality,proven_optimal,4879.910899011044,1.0,4879.910899011044,0,0,1,,,39,0,0,1,0,0,0,0.0,0.0,0.03333333333333333,0.0,0.0,0.0,0,1,0.8375426519996836,14,9,260,45,1,,method1_proportional_scores_gamma1,unrestricted_maximum_cardinality_then_maximum_testing_evalue_sum,200,0,1,exact_fixed_count_order_statistics,300.0,1,False
480,40778f464250e36870c0b17fd9e40a580598806ec81d0e18223c4071c7e75281,proven_maximal,maximize_sum_testing_e_values_at_maximum_cardinality,proven_optimal,17363.400985948003,2.457793204457363,7064.630561455853,0,0,9,,,16;44;99;113;138;169;176;179;182,0,0,9,0,0,0,0.0,0.0,0.3,0.0,0.0,0.0,0,9,0.4941426049990696,7,6,258,58,9,,method1_proportional_scores_gamma1,unrestricted_maximum_cardinality_then_maximum_testing_evalue_sum,200,0,7,exact_fixed_count_order_statistics,300.0,1,False
481,2f625de33c3f0e81540839215c108c4366b1750ba2c72b6509ce76b23cac1bcc,proven_maximal,maximize_sum_testing_e_values_at_maximum_cardinality,proven_optimal,109117.06317704335,1.1485850148243637,95001.29443507412,0,0,7,,,53;57;90;120;121;167;172,0,0,7,0,0,0,0.0,0.0,0.23333333333333334,0.0,0.0,0.0,0,7,0.6093750260042725,10,7,254,51,7,,method1_proportional_scores_gamma1,unrestricted_maximum_cardinality_then_maximum_testing_evalue_sum,200,0,10,exact_fixed_count_order_statistics,300.0,1,False
482,5d3f45b62029fc1658a96f5fdf943c7998682d125b34200f31b671bc958b78be,proven_maximal,maximize_sum_testing_e_values_at_maximum_cardinality,proven_optimal,7399621.081298507,1.0016118344480072,7387713.310492654,0,0,8,,,18;27;61;106;118;126;159;164,0,0,8,0,0,0,0.0,0.0,0.26666666666666666,0.0,0.0,0.0,0,8,0.4557294979967992,5,4,263,66,8,,method1_proportional_scores_gamma1,unrestricted_maximum_cardinality_then_maximum_testing_evalue_sum,200,0,9,exact_fixed_count_order_statistics,300.0,1,False
483,5e89dfbb87f03ac65a9afd5828c5140994eeceb5de5e2629fca4aa66172073d9,proven_maximal,maximize_sum_testing_e_values_at_maximum_cardinality,proven_optimal,635.4116973889894,0.32279164913285,1968.4886492446888,0,0,1,,,103,0,0,1,0,0,0,0.0,0.0,0.03333333333333333,0.0,0.0,0.0,0,1,0.43029784000100335,5,4,255,55,1,,method1_proportional_scores_gamma1,unrestricted_maximum_cardinality_then_maximum_testing_evalue_sum,200,0,7,exact_fixed_count_order_statistics,300.0,1,False
484,f163ff5720900d1641e734f699b168f33f8d59dda8c4dce25abf2ca40e0f7095,proven_maximal,maximize_sum_testing_e_values_at_maximum_cardinality,proven_optimal,0.0,0.0,21062.831138157333,0,0,0,,,,0,0,0,0,0,0,0.0,0.0,0.0,0.0,0.0,0.0,0,0,0.40506222599651664,5,3,251,50,0,,method1_proportional_scores_gamma1,unrestricted_maximum_cardinality_then_maximum_testing_evalue_sum,200,0,15,exact_fixed_count_order_statistics,300.0,1,False
485,2e9630185187ae44f52ef748c72adca4a59555605bd3b430dcd27b654d9f72a5,proven_maximal,maximize_sum_testing_e_values_at_maximum_cardinality,proven_optimal,562.4212266408213,0.010950288660831866,51361.31512702018,0,0,1,,,29,0,0,1,0,0,0,0.0,0.0,0.03333333333333333,0.0,0.0,0.0,0,1,0.4507788749979227,7,5,247,45,1,,method1_proportional_scores_gamma1,unrestricted_maximum_cardinality_then_maximum_testing_evalue_sum,200,0,4,exact_fixed_count_order_statistics,300.0,1,False
486,9d351d712e02f533635e40342adf0c967199e1cdf27a8fd43871893c86a3ecd8,proven_maximal,maximize_sum_testing_e_values_at_maximum_cardinality,proven_optimal,37179.08600866422,1.6293225533321047,22818.73894928281,0,0,14,,,24;30;45;55;85;95;108;115;126;157;173;176;195;199,0,0,14,0,0,0,0.0,0.0,0.4666666666666667,0.0,0.0,0.0,0,14,0.19177037799818208,5,5,245,46,14,,method1_proportional_scores_gamma1,unrestricted_maximum_cardinality_then_maximum_testing_evalue_sum,200,0,11,exact_fixed_count_order_statistics,300.0,1,False
487,fa7936af366be1de06bf3f82e5665bc542fe71790778dca6c462c782dd11c567,proven_maximal,maximize_sum_testing_e_values_at_maximum_cardinality,proven_optimal,5805.764729950085,1.0850196323258459,5350.838415250478,0,0,3,,,7;141;150,0,0,3,0,0,0,0.0,0.0,0.1,0.0,0.0,0.0,0,3,0.31668238100246526,4,4,244,45,3,,method1_proportional_scores_gamma1,unrestricted_maximum_cardinality_then_maximum_testing_evalue_sum,200,0,3,exact_fixed_count_order_statistics,300.0,1,False
488,265f66656c640636c7ee7e80f0fe9b4631c938cc2db475ccb864433e7d485cd3,proven_maximal,maximize_sum_testing_e_values_at_maximum_cardinality,proven_optimal,300.28148230731506,0.022564273188804964,13307.828698701303,0,0,2,,,18;79,0,0,2,0,0,0,0.0,0.0,0.06666666666666667,0.0,0.0,0.0,0,2,0.57120869600476,7,5,257,56,2,,method1_proportional_scores_gamma1,unrestricted_maximum_cardinality_then_maximum_testing_evalue_sum,200,0,5,exact_fixed_count_order_statistics,300.0,1,False
489,7898fc1584bd5ececc8bfe6d09ebf0b368a72895837926cf8a91e5e552eb550d,proven_maximal,maximize_sum_testing_e_values_at_maximum_cardinality,proven_optimal,20116.252535184612,1.0379280522551175,19381.16278048157,0,0,2,,,152;198,0,0,2,0,0,0,0.0,0.0,0.06666666666666667,0.0,0.0,0.0,0,2,0.3730983089990332,6,5,248,48,2,,method1_proportional_scores_gamma1,unrestricted_maximum_cardinality_then_maximum_testing_evalue_sum,200,0,2,exact_fixed_count_order_statistics,300.0,1,False
490,2716d7ae1f851b8f0e1a45ee213f19937e8dec38a13889fe16e687e686f7b5ee,proven_maximal,maximize_sum_testing_e_values_at_maximum_cardinality,proven_optimal,0.0,0.0,97405.7718514106,0,0,0,,,,0,0,0,0,0,0,0.0,0.0,0.0,0.0,0.0,0.0,0,0,0.1541406830001506,3,3,260,60,0,,method1_proportional_scores_gamma1,unrestricted_maximum_cardinality_then_maximum_testing_evalue_sum,200,0,8,exact_fixed_count_order_statistics,300.0,1,False
491,fdd19c67bf12cf089752136e0f21342b90066c216d6ee40fac08a53201dea58f,proven_maximal,maximize_sum_testing_e_values_at_maximum_cardinality,proven_optimal,17170.76362656485,1.9682955180791852,8723.671556861242,0,0,19,,,13;28;30;37;48;59;63;65;80;85;109;116;121;125;131;151;158;167;197,0,0,18,0,0,1,0.0,0.0,0.6,0.0,0.0,0.05263157894736842,0,19,0.2667910300006042,7,7,268,62,19,,method1_proportional_scores_gamma1,unrestricted_maximum_cardinality_then_maximum_testing_evalue_sum,200,0,12,exact_fixed_count_order_statistics,300.0,1,False
492,cefae2c6d402b8c76d66e176e0169bcb8811a718dfa525ac910be8cab018a8bd,proven_maximal,maximize_sum_testing_e_values_at_maximum_cardinality,proven_optimal,29574.212430541626,1.8512221379916025,15975.507111548912,0,0,13,,,3;39;74;96;97;104;116;131;150;157;173;194;198,0,0,13,0,0,0,0.0,0.0,0.43333333333333335,0.0,0.0,0.0,0,13,0.7770934419968398,16,15,263,58,13,,method1_proportional_scores_gamma1,unrestricted_maximum_cardinality_then_maximum_testing_evalue_sum,200,0,9,exact_fixed_count_order_statistics,300.0,1,False
493,3f6795fc51930f2c4a3232ec4ace848a7dd2f33b3503b175c48ad406bd5f4121,proven_maximal,maximize_sum_testing_e_values_at_maximum_cardinality,proven_optimal,30370.13714390127,2.351907519600504,12912.981012561222,0,0,14,,,4;21;27;28;43;45;93;106;115;127;136;142;175;195,0,0,14,0,0,0,0.0,0.0,0.4666666666666667,0.0,0.0,0.0,0,14,0.22759079000388738,7,7,263,54,14,,method1_proportional_scores_gamma1,unrestricted_maximum_cardinality_then_maximum_testing_evalue_sum,200,0,9,exact_fixed_count_order_statistics,300.0,1,False
494,47c646f00b4cd03c6047d0e3adbcd78a58ca73f43a67c648327dced11cc91e3b,proven_maximal,maximize_sum_testing_e_values_at_maximum_cardinality,proven_optimal,0.0,0.0,4104.623615655538,0,0,0,,,,0,0,0,0,0,0,0.0,0.0,0.0,0.0,0.0,0.0,0,0,0.1417117790042539,3,3,247,47,0,,method1_proportional_scores_gamma1,unrestricted_maximum_cardinality_then_maximum_testing_evalue_sum,200,0,3,exact_fixed_count_order_statistics,300.0,1,False
495,7a3a63c474e1a986439d65c42a0f7b1a8390215433b9a3838d05cdfe378f2ed0,proven_maximal,maximize_sum_testing_e_values_at_maximum_cardinality,proven_optimal,938.0342549539002,0.007818031205392262,119983.43704575112,0,0,1,,,194,0,0,1,0,0,0,0.0,0.0,0.03333333333333333,0.0,0.0,0.0,0,1,0.14288887499424163,3,3,243,44,1,,method1_proportional_scores_gamma1,unrestricted_maximum_cardinality_then_maximum_testing_evalue_sum,200,0,6,exact_fixed_count_order_statistics,300.0,1,False
496,2b88e92a3914079ca82f2556492694ea76dc44f3aa3e9c367fba657b2addaef1,proven_maximal,maximize_sum_testing_e_values_at_maximum_cardinality,proven_optimal,36113.38167815353,2.053490919117693,17586.33619556987,0,0,11,,,4;13;26;31;85;90;92;101;113;115;135,0,0,11,0,0,0,0.0,0.0,0.36666666666666664,0.0,0.0,0.0,0,11,0.8804949559998931,17,16,306,55,11,,method1_proportional_scores_gamma1,unrestricted_maximum_cardinality_then_maximum_testing_evalue_sum,200,0,8,exact_fixed_count_order_statistics,300.0,1,False
497,58d5f8aaf278156819b451bd9f7fde167ed96fd347079727ba55a05330e29060,proven_maximal,maximize_sum_testing_e_values_at_maximum_cardinality,proven_optimal,0.0,0.0,4947.74073390974,0,0,0,,,,0,0,0,0,0,0,0.0,0.0,0.0,0.0,0.0,0.0,0,0,0.16274813899508445,3,3,252,52,0,,method1_proportional_scores_gamma1,unrestricted_maximum_cardinality_then_maximum_testing_evalue_sum,200,0,6,exact_fixed_count_order_statistics,300.0,1,False
498,de56fbe0b99746db53c273fe10217540f908bb87a7069d910fafad7f97cfd7cb,proven_maximal,maximize_sum_testing_e_values_at_maximum_cardinality,proven_optimal,15168.72647235434,1.615788684561435,9387.815756657255,0,0,4,,,42;99;138;185,0,0,4,0,0,0,0.0,0.0,0.13333333333333333,0.0,0.0,0.0,0,4,0.33872824299760396,6,5,254,56,4,,method1_proportional_scores_gamma1,unrestricted_maximum_cardinality_then_maximum_testing_evalue_sum,200,0,8,exact_fixed_count_order_statistics,300.0,1,False
499,57d34215636f48c7afd66908729702055a762a64ad56abd1b90d2040fb014639,proven_maximal,maximize_sum_testing_e_values_at_maximum_cardinality,proven_optimal,20664.531448328948,3.021262166978907,6839.70152414556,0,0,10,,,14;35;67;73;88;90;103;154;161;163,0,0,10,0,0,0,0.0,0.0,0.3333333333333333,0.0,0.0,0.0,0,10,0.2764223740014131,8,8,257,48,10,,method1_proportional_scores_gamma1,unrestricted_maximum_cardinality_then_maximum_testing_evalue_sum,200,0,5,exact_fixed_count_order_statistics,300.0,1,False
500,c6118491b871ce401a83ea8c6739bc251c5ebd73dafc7035dd1442662096fcb5,proven_maximal,maximize_sum_testing_e_values_at_maximum_cardinality,proven_optimal,0.0,0.0,56592.07241674989,0,0,0,,,,0,0,0,0,0,0,0.0,0.0,0.0,0.0,0.0,0.0,0,0,0.371048774002702,5,3,250,49,0,,method1_proportional_scores_gamma1,unrestricted_maximum_cardinality_then_maximum_testing_evalue_sum,200,0,9,exact_fixed_count_order_statistics,300.0,1,False
