replication,method,scenario,parameter,severity,status,elapsed_seconds,selected_indices,rejections,true_discoveries,false_discoveries,tpr,fdp
1,mean_naive_full_data,signed_square,gamma,1.0,proven_maximum_cardinality,0.019727000035345554,0;3;8;17;18;37;43;53;58;73;88;91;95;99;100;105;107;114;122;153;156;160;179;190;194,25,23,2,0.7666666666666667,0.08
2,mean_naive_full_data,signed_square,gamma,1.0,proven_maximum_cardinality,0.015153300017118454,14;19;23;24;29;66;68;69;86;95;107;116;124;127;135;142;162;169;177;179;184;188,22,22,0,0.7333333333333333,0.0
3,mean_naive_full_data,signed_square,gamma,1.0,proven_maximum_cardinality,0.025199600029736757,23;28;52;58;68;69;75;91;92;99;112;116;120;132;140;170;183;193,18,18,0,0.6,0.0
4,mean_naive_full_data,signed_square,gamma,1.0,proven_maximum_cardinality,0.026907899882644415,1;2;5;16;19;23;25;41;51;76;78;84;98;110;128;144;151;154;155;162;164;168;170;172;178;183;184;193,28,26,2,0.8666666666666667,0.07142857142857142
5,mean_naive_full_data,signed_square,gamma,1.0,proven_maximum_cardinality,0.02066519996151328,4;10;13;25;27;29;33;40;41;50;53;54;58;62;67;73;109;123;124;129;139;156;174;178;179;188,26,23,3,0.7666666666666667,0.11538461538461539
6,mean_naive_full_data,signed_square,gamma,1.0,proven_maximum_cardinality,0.01815229980275035,3;4;30;38;56;68;76;77;92;98;119;148;164;167;173;192;193;196;199,19,19,0,0.6333333333333333,0.0
7,mean_naive_full_data,signed_square,gamma,1.0,proven_maximum_cardinality,0.030213800026103854,3;19;25;28;61;67;76;79;82;83;89;101;105;108;113;115;118;134;151;157;163;173;174;177;199,25,22,3,0.7333333333333333,0.12
8,mean_naive_full_data,signed_square,gamma,1.0,proven_maximum_cardinality,0.024832299910485744,0;13;22;27;29;36;40;44;46;49;54;58;61;63;65;68;75;92;103;113;117;140;154;170;198,25,23,2,0.7666666666666667,0.08
9,mean_naive_full_data,signed_square,gamma,1.0,proven_maximum_cardinality,0.02098229993134737,0;38;57;62;63;67;73;93;107;112;118;129;131;135;138;140;148;156;175;182;186;199,22,21,1,0.7,0.045454545454545456
10,mean_naive_full_data,signed_square,gamma,1.0,proven_maximum_cardinality,0.017128099920228124,4;5;14;15;19;28;31;35;41;48;64;67;71;72;77;98;109;114;120;123;124;126;136;137;148;151;154;156;157;170;196;199,32,29,3,0.9666666666666667,0.09375
11,mean_naive_full_data,signed_square,gamma,1.0,proven_maximum_cardinality,0.0303700000513345,12;20;25;27;39;41;61;72;85;87;91;112;114;127;128;129;144;149;166;177;183;184;193,23,23,0,0.7666666666666667,0.0
12,mean_naive_full_data,signed_square,gamma,1.0,proven_maximum_cardinality,0.019227599957957864,4;11;13;15;17;30;34;36;41;63;64;66;68;69;83;99;103;112;121;126;136;143;144;183;198;199,26,26,0,0.8666666666666667,0.0
13,mean_naive_full_data,signed_square,gamma,1.0,proven_maximum_cardinality,0.023242600029334426,4;9;15;26;34;42;53;65;74;79;84;87;90;95;97;104;120;122;125;126;136;141;159;178;182;187;197,27,23,4,0.7666666666666667,0.14814814814814814
14,mean_naive_full_data,signed_square,gamma,1.0,proven_maximum_cardinality,0.027906799921765924,17;32;46;56;61;65;82;91;92;98;100;102;104;105;114;116;126;152;155;160;166;190;191;196,24,22,2,0.7333333333333333,0.08333333333333333
15,mean_naive_full_data,signed_square,gamma,1.0,proven_maximum_cardinality,0.0302689999807626,11;27;32;33;34;39;55;65;66;68;70;82;87;104;119;148;150;151;152;169;178;195,22,22,0,0.7333333333333333,0.0
16,mean_naive_full_data,signed_square,gamma,1.0,proven_maximum_cardinality,0.023470999905839562,5;8;12;14;17;37;40;43;69;75;84;90;91;101;116;128;137;146;150;151;165;166;176;185,24,23,1,0.7666666666666667,0.041666666666666664
17,mean_naive_full_data,signed_square,gamma,1.0,proven_maximum_cardinality,0.027791099855676293,4;26;29;42;57;62;71;79;86;96;98;104;110;121;124;125;134;150;154;158;161,21,19,2,0.6333333333333333,0.09523809523809523
18,mean_naive_full_data,signed_square,gamma,1.0,proven_maximum_cardinality,0.020965300034731627,0;7;11;33;42;50;53;60;72;73;75;79;103;107;115;120;146;148;159;162;169;180;186;187;191;193;199,27,25,2,0.8333333333333334,0.07407407407407407
19,mean_naive_full_data,signed_square,gamma,1.0,proven_maximum_cardinality,0.03424470010213554,2;5;9;12;15;21;22;23;26;31;32;48;50;55;58;68;70;109;126;132;150;157;159;161;168;175,26,24,2,0.8,0.07692307692307693
20,mean_naive_full_data,signed_square,gamma,1.0,proven_maximum_cardinality,0.019858899991959333,6;10;11;16;18;27;36;43;45;50;57;64;65;72;78;84;89;95;106;110;112;115;133;163;199,25,24,1,0.8,0.04
21,mean_naive_full_data,signed_square,gamma,1.0,proven_maximum_cardinality,0.023344699991866946,8;12;15;16;20;21;32;44;54;61;69;71;73;78;85;109;113;129;136;145;147;154;160;171;172;176;195;196;197,29,26,3,0.8666666666666667,0.10344827586206896
22,mean_naive_full_data,signed_square,gamma,1.0,proven_maximum_cardinality,0.019060999853536487,9;10;11;16;21;22;34;38;43;51;57;62;74;76;77;89;90;106;114;119;129;137;141;152;164;173;181;197,28,27,1,0.9,0.03571428571428571
23,mean_naive_full_data,signed_square,gamma,1.0,proven_maximum_cardinality,0.024637100053951144,3;4;14;16;19;22;23;27;30;33;37;51;57;62;79;90;111;120;132;134;140;141;145;165;174;186;188;193,28,24,4,0.8,0.14285714285714285
24,mean_naive_full_data,signed_square,gamma,1.0,proven_maximum_cardinality,0.03756800014525652,0;1;14;19;71;79;81;85;89;98;109;112;116;120;122;133;138;141;142;143;167;172;178,23,20,3,0.6666666666666666,0.13043478260869565
25,mean_naive_full_data,signed_square,gamma,1.0,proven_maximum_cardinality,0.030034000054001808,1;4;33;47;52;60;62;66;71;72;79;82;97;107;128;129;132;142;151;154;165;179;196,23,23,0,0.7666666666666667,0.0
26,mean_naive_full_data,signed_square,gamma,1.0,proven_maximum_cardinality,0.03157920017838478,2;10;16;19;20;28;38;49;50;63;74;85;95;108;111;112;113;117;130;141;166;168;172;175;181;184,26,24,2,0.8,0.07692307692307693
27,mean_naive_full_data,signed_square,gamma,1.0,proven_maximum_cardinality,0.03156580007635057,4;9;11;19;21;25;28;63;64;68;69;74;84;86;120;139;152;153;163;183;185,21,21,0,0.7,0.0
28,mean_naive_full_data,signed_square,gamma,1.0,proven_maximum_cardinality,0.013119899900630116,0;3;10;15;20;21;22;33;69;73;84;101;110;115;122;125;127;131;138;152;158;177;178;183;189;197,26,24,2,0.8,0.07692307692307693
29,mean_naive_full_data,signed_square,gamma,1.0,proven_maximum_cardinality,0.02363749989308417,12;15;17;22;30;34;35;38;42;43;51;64;75;86;96;104;108;138;147;151;158;159;161;165;175;194,26,25,1,0.8333333333333334,0.038461538461538464
30,mean_naive_full_data,signed_square,gamma,1.0,proven_maximum_cardinality,0.014989100163802505,32;34;37;38;40;41;76;78;81;92;94;107;109;116;118;119;124;127;128;140;141;147;180;186;188;191;194;198,28,27,1,0.9,0.03571428571428571
31,mean_naive_full_data,signed_square,gamma,1.0,proven_maximum_cardinality,0.024505400098860264,2;18;19;25;39;45;46;67;70;78;94;96;111;113;126;129;137;145;156;158;165;168;171;181;199,25,25,0,0.8333333333333334,0.0
32,mean_naive_full_data,signed_square,gamma,1.0,proven_maximum_cardinality,0.0239975000731647,1;2;8;9;44;49;57;59;65;77;81;91;93;99;102;118;132;146;152;162;172;176;186;187;195;198,26,24,2,0.8,0.07692307692307693
33,mean_naive_full_data,signed_square,gamma,1.0,proven_maximum_cardinality,0.037788699846714735,0;9;10;18;28;52;68;82;85;90;96;99;100;111;114;124;135;137;153;154;157;170;178;186;195,25,24,1,0.8,0.04
34,mean_naive_full_data,signed_square,gamma,1.0,proven_maximum_cardinality,0.02293400000780821,14;23;35;50;68;78;81;82;91;96;100;107;108;111;116;118;123;130;133;136;142;143;156;182;184;189;197,27,26,1,0.8666666666666667,0.037037037037037035
35,mean_naive_full_data,signed_square,gamma,1.0,proven_maximum_cardinality,0.020803599851205945,4;21;32;39;44;65;84;98;109;111;119;121;144;147;154;162;164;165;168;173;174;179;185;191,24,24,0,0.8,0.0
36,mean_naive_full_data,signed_square,gamma,1.0,proven_maximum_cardinality,0.015187500044703484,10;14;15;35;40;42;46;47;84;91;94;95;96;140;147;150;156;159;168;175;184;194;195;198,24,23,1,0.7666666666666667,0.041666666666666664
37,mean_naive_full_data,signed_square,gamma,1.0,proven_maximum_cardinality,0.020435099955648184,3;4;12;20;21;22;57;59;81;86;95;101;102;105;113;122;124;125;128;144;145;148;149;162;163;174;180;181;182;186,30,28,2,0.9333333333333333,0.06666666666666667
38,mean_naive_full_data,signed_square,gamma,1.0,proven_maximum_cardinality,0.020679199835285544,19;20;30;40;53;55;60;68;77;80;81;82;85;90;91;96;99;108;117;129;130;139;145;148;149;152;170;174;176;183;197,31,26,5,0.8666666666666667,0.16129032258064516
39,mean_naive_full_data,signed_square,gamma,1.0,proven_maximum_cardinality,0.017616900149732828,13;27;55;56;58;59;74;79;81;93;105;108;125;129;147;164;179;181;184;190;192;194;198,23,22,1,0.7333333333333333,0.043478260869565216
40,mean_naive_full_data,signed_square,gamma,1.0,proven_maximum_cardinality,0.02401779987849295,14;20;26;46;64;69;79;80;90;91;93;109;123;125;133;135;152;157;179;181;187;192,22,22,0,0.7333333333333333,0.0
41,mean_naive_full_data,signed_square,gamma,1.0,proven_maximum_cardinality,0.01731590018607676,9;17;20;26;40;48;49;52;53;55;59;60;62;74;95;98;101;107;110;114;126;132;135;136;156;164;185;194,28,28,0,0.9333333333333333,0.0
42,mean_naive_full_data,signed_square,gamma,1.0,proven_maximum_cardinality,0.027387400157749653,5;9;15;18;21;24;29;30;44;49;65;68;74;75;79;82;104;109;119;136;140;143;154;163;165;175;181;193;199,29,29,0,0.9666666666666667,0.0
43,mean_naive_full_data,signed_square,gamma,1.0,proven_maximum_cardinality,0.027709099929779768,16;17;32;47;53;62;75;81;83;84;91;101;105;108;113;156;162;165;166;167;173;180;188;197;198,25,23,2,0.7666666666666667,0.08
44,mean_naive_full_data,signed_square,gamma,1.0,proven_maximum_cardinality,0.027370300143957138,4;11;23;30;32;47;48;65;87;94;95;101;109;111;113;114;122;130;148;154;171;191;198,23,22,1,0.7333333333333333,0.043478260869565216
45,mean_naive_full_data,signed_square,gamma,1.0,proven_maximum_cardinality,0.020445900037884712,1;4;13;17;40;54;56;76;77;79;96;103;121;130;144;145;146;147;176;178;184;190;195,23,22,1,0.7333333333333333,0.043478260869565216
46,mean_naive_full_data,signed_square,gamma,1.0,proven_maximum_cardinality,0.026745500043034554,8;10;11;21;23;36;37;42;45;66;72;93;114;120;126;127;132;136;173;175;182;187;191;192;194,25,25,0,0.8333333333333334,0.0
47,mean_naive_full_data,signed_square,gamma,1.0,proven_maximum_cardinality,0.013697199989110231,7;24;40;47;61;70;79;85;111;115;116;122;128;131;134;139;142;158;168;170;175;182;183;186;192,25,24,1,0.8,0.04
48,mean_naive_full_data,signed_square,gamma,1.0,proven_maximum_cardinality,0.0260451000649482,3;6;8;14;15;30;43;48;55;68;89;115;124;135;136;147;180;189;191;193,20,19,1,0.6333333333333333,0.05
49,mean_naive_full_data,signed_square,gamma,1.0,proven_maximum_cardinality,0.027164699975401163,5;21;23;34;43;83;85;89;91;98;111;117;119;130;131;140;143;150;156;162;177;185;187;188,24,22,2,0.7333333333333333,0.08333333333333333
50,mean_naive_full_data,signed_square,gamma,1.0,proven_maximum_cardinality,0.019523499999195337,5;9;25;38;47;61;62;72;85;98;99;103;123;127;134;151;152;153;154;171;178;180;187,23,22,1,0.7333333333333333,0.043478260869565216
51,mean_naive_full_data,signed_square,gamma,1.0,proven_maximum_cardinality,0.026144899893552065,9;33;34;40;43;46;47;49;53;65;77;88;91;92;94;111;125;126;128;144;145;149;153;164;186;194,26,25,1,0.8333333333333334,0.038461538461538464
52,mean_naive_full_data,signed_square,gamma,1.0,proven_maximum_cardinality,0.02771049994044006,2;7;8;16;29;45;57;59;60;69;71;78;82;89;110;116;125;127;131;136;138;148;151;158;165;166;189;199,28,27,1,0.9,0.03571428571428571
53,mean_naive_full_data,signed_square,gamma,1.0,proven_maximum_cardinality,0.029931999975815415,0;4;10;17;24;25;29;30;36;37;45;51;66;75;78;86;90;93;120;124;132;133;138;145;150;152;153;167;175;191,30,25,5,0.8333333333333334,0.16666666666666666
54,mean_naive_full_data,signed_square,gamma,1.0,proven_maximum_cardinality,0.015807999996468425,10;32;38;47;48;70;74;75;79;86;90;99;103;110;118;136;143;144;145;148;160;162;164;166;171;179;186;195,28,28,0,0.9333333333333333,0.0
55,mean_naive_full_data,signed_square,gamma,1.0,proven_maximum_cardinality,0.017297300044447184,31;32;40;61;65;76;79;80;83;85;96;99;106;108;109;112;126;135;150;155;158;159;164;194;195;197,26,26,0,0.8666666666666667,0.0
56,mean_naive_full_data,signed_square,gamma,1.0,proven_maximum_cardinality,0.022062300005927682,5;13;15;27;30;43;68;77;78;87;90;91;93;111;115;125;136;144;149;151;158;171;174;179;180;186;193,27,25,2,0.8333333333333334,0.07407407407407407
57,mean_naive_full_data,signed_square,gamma,1.0,proven_maximum_cardinality,0.016711500007659197,3;7;15;18;20;21;25;29;35;52;71;73;77;88;95;116;124;129;131;142;150;163;167;172;175;181;183;185;195,29,27,2,0.9,0.06896551724137931
58,mean_naive_full_data,signed_square,gamma,1.0,proven_maximum_cardinality,0.01652539987117052,8;10;13;41;49;50;53;59;65;70;80;84;85;88;94;98;99;104;109;112;126;131;132;138;141;145;160;162;175;199,30,25,5,0.8333333333333334,0.16666666666666666
59,mean_naive_full_data,signed_square,gamma,1.0,proven_maximum_cardinality,0.032141200033947825,35;39;42;51;54;59;67;78;80;88;91;100;106;109;112;122;123;126;134;143;145;153;157;165;172;174;183;190;197,29,26,3,0.8666666666666667,0.10344827586206896
60,mean_naive_full_data,signed_square,gamma,1.0,proven_maximum_cardinality,0.03636200004257262,9;10;14;40;58;105;110;115;127;131;149;154;162;170;171;176;181;184;195;198,20,18,2,0.6,0.1
61,mean_naive_full_data,signed_square,gamma,1.0,proven_maximum_cardinality,0.027920099906623363,0;6;7;31;38;70;73;77;83;107;116;117;118;134;137;139;178;182;186;191;196;197,22,21,1,0.7,0.045454545454545456
62,mean_naive_full_data,signed_square,gamma,1.0,proven_maximum_cardinality,0.017525099916383624,12;41;42;48;50;59;61;73;74;79;81;83;87;94;97;98;108;112;113;132;133;138;151;172;196,25,25,0,0.8333333333333334,0.0
63,mean_naive_full_data,signed_square,gamma,1.0,proven_maximum_cardinality,0.023552199825644493,0;8;14;24;41;65;72;79;87;91;93;95;104;116;125;139;147;148;161;174;176;178;179;181;186;197,26,25,1,0.8333333333333334,0.038461538461538464
64,mean_naive_full_data,signed_square,gamma,1.0,proven_maximum_cardinality,0.023997799959033728,2;7;10;42;47;62;91;92;98;105;108;119;122;130;134;140;142;159;167;184;187;188;189;192;193;194,26,26,0,0.8666666666666667,0.0
65,mean_naive_full_data,signed_square,gamma,1.0,proven_maximum_cardinality,0.01814779988490045,10;11;15;16;32;35;36;47;61;73;88;89;96;106;112;113;120;132;139;147;149;154;155;163;176;195;197,27,25,2,0.8333333333333334,0.07407407407407407
66,mean_naive_full_data,signed_square,gamma,1.0,proven_maximum_cardinality,0.030958699993789196,0;6;11;25;33;36;42;44;50;53;65;69;81;88;99;108;109;115;124;128;132;141;151;177;184;199,26,24,2,0.8,0.07692307692307693
67,mean_naive_full_data,signed_square,gamma,1.0,proven_maximum_cardinality,0.03954869997687638,2;6;16;24;30;43;51;71;76;90;96;111;116;118;119;122;128;132;138;153;154;159;172;182;184;195,26,24,2,0.8,0.07692307692307693
68,mean_naive_full_data,signed_square,gamma,1.0,proven_maximum_cardinality,0.02555889985524118,11;12;31;34;39;44;51;52;58;63;69;71;78;79;85;92;98;102;106;131;144;150;156;175;183;184;191;194,28,26,2,0.8666666666666667,0.07142857142857142
69,mean_naive_full_data,signed_square,gamma,1.0,proven_maximum_cardinality,0.01645729993470013,9;11;19;20;31;46;50;53;65;66;68;79;86;97;99;115;119;126;130;139;141;142;148;151;154;159;163;173;183;195;199,31,28,3,0.9333333333333333,0.0967741935483871
70,mean_naive_full_data,signed_square,gamma,1.0,proven_maximum_cardinality,0.033830600092187524,0;14;15;27;40;44;45;51;73;76;112;117;119;125;133;142;143;150;154;155;156;158;162;167;171;173;174;194,28,26,2,0.8666666666666667,0.07142857142857142
71,mean_naive_full_data,signed_square,gamma,1.0,proven_maximum_cardinality,0.01947910012677312,16;17;18;36;56;70;83;87;96;112;121;138;139;152;161;165;169;173;176;178;191,21,21,0,0.7,0.0
72,mean_naive_full_data,signed_square,gamma,1.0,proven_maximum_cardinality,0.023995500057935715,3;6;27;32;38;44;50;52;53;63;75;78;81;84;87;89;91;92;114;120;160;163;165;190;192;196;199,27,24,3,0.8,0.1111111111111111
73,mean_naive_full_data,signed_square,gamma,1.0,proven_maximum_cardinality,0.01951330015435815,12;13;29;41;52;68;90;91;92;114;124;128;131;142;155;165;174;186;193;196;198;199,22,21,1,0.7,0.045454545454545456
74,mean_naive_full_data,signed_square,gamma,1.0,proven_maximum_cardinality,0.02477359981276095,18;36;52;70;94;102;115;119;124;129;136;138;155;156;185;193;199,17,17,0,0.5666666666666667,0.0
75,mean_naive_full_data,signed_square,gamma,1.0,proven_maximum_cardinality,0.02875950001180172,1;2;5;7;8;16;24;30;32;44;45;47;68;69;87;110;112;119;128;140;145;151;160;172;182;189;195,27,26,1,0.8666666666666667,0.037037037037037035
76,mean_naive_full_data,signed_square,gamma,1.0,proven_maximum_cardinality,0.011296400101855397,4;5;19;31;33;39;45;58;67;68;73;87;101;104;108;109;114;115;130;131;137;145;146;158;161;169;178,27,26,1,0.8666666666666667,0.037037037037037035
77,mean_naive_full_data,signed_square,gamma,1.0,proven_maximum_cardinality,0.027297399938106537,6;26;32;33;43;48;56;61;64;72;91;108;115;119;131;132;134;136;137;143;146;157;161;163;165;178;183;188,28,27,1,0.9,0.03571428571428571
78,mean_naive_full_data,signed_square,gamma,1.0,proven_maximum_cardinality,0.03104089992120862,16;18;21;24;38;39;49;58;67;73;93;98;102;103;114;119;122;126;136;150;161;164;166;179;182;183;190;198,28,26,2,0.8666666666666667,0.07142857142857142
79,mean_naive_full_data,signed_square,gamma,1.0,proven_maximum_cardinality,0.034643700113520026,0;11;20;21;36;44;53;60;62;64;69;79;86;87;93;113;119;121;130;158;176;179;181;187,24,22,2,0.7333333333333333,0.08333333333333333
80,mean_naive_full_data,signed_square,gamma,1.0,proven_maximum_cardinality,0.02125820005312562,11;15;18;20;32;36;53;73;76;79;84;90;101;106;115;116;120;124;130;144;156;160;163;164;168;184,26,25,1,0.8333333333333334,0.038461538461538464
81,mean_naive_full_data,signed_square,gamma,1.0,proven_maximum_cardinality,0.010894699953496456,0;1;2;13;17;33;34;36;37;77;79;83;85;94;110;123;124;127;128;131;137;138;140;144;149;163;172;179;185;197,30,27,3,0.9,0.1
82,mean_naive_full_data,signed_square,gamma,1.0,proven_maximum_cardinality,0.00871920003555715,7;12;26;27;36;40;42;49;53;56;73;94;104;106;114;119;121;125;127;139;145;149;183;190;193,25,24,1,0.8,0.04
83,mean_naive_full_data,signed_square,gamma,1.0,proven_maximum_cardinality,0.032763499999418855,3;9;14;39;46;57;79;87;90;91;92;93;101;105;112;124;134;135;139;144;158;163;164;173;178;192,26,23,3,0.7666666666666667,0.11538461538461539
84,mean_naive_full_data,signed_square,gamma,1.0,proven_maximum_cardinality,0.015116300201043487,0;3;13;17;26;42;48;54;56;60;61;66;89;107;111;122;127;130;143;144;181;182;185,23,22,1,0.7333333333333333,0.043478260869565216
85,mean_naive_full_data,signed_square,gamma,1.0,proven_maximum_cardinality,0.025882800109684467,10;18;25;43;55;59;68;71;85;91;106;107;111;123;124;132;147;170;175;176;189;190;193;197;199,25,24,1,0.8,0.04
86,mean_naive_full_data,signed_square,gamma,1.0,proven_maximum_cardinality,0.04157619993202388,2;6;16;21;22;36;46;50;51;55;67;75;88;90;99;101;110;118;126;131;139;147;163;176;182,25,23,2,0.7666666666666667,0.08
87,mean_naive_full_data,signed_square,gamma,1.0,proven_maximum_cardinality,0.0186810998711735,0;2;11;27;30;46;57;64;74;84;85;87;96;97;103;111;114;117;120;141;144;156;174;194;198,25,23,2,0.7666666666666667,0.08
88,mean_naive_full_data,signed_square,gamma,1.0,proven_maximum_cardinality,0.02703749993816018,4;12;15;41;44;50;52;64;71;76;78;93;97;103;104;106;114;130;133;141;143;144;167;171;181;189;192,27,27,0,0.9,0.0
89,mean_naive_full_data,signed_square,gamma,1.0,proven_maximum_cardinality,0.022559900069609284,3;7;30;35;38;51;67;74;81;82;89;95;99;101;109;111;125;137;158;169;172;183;197;199,24,23,1,0.7666666666666667,0.041666666666666664
90,mean_naive_full_data,signed_square,gamma,1.0,proven_maximum_cardinality,0.018371300073340535,2;3;25;32;38;40;46;65;71;76;77;85;90;92;96;106;108;117;123;148;153;156;173;176;182;184;199,27,25,2,0.8333333333333334,0.07407407407407407
91,mean_naive_full_data,signed_square,gamma,1.0,proven_maximum_cardinality,0.01880900003015995,24;31;32;41;44;52;62;71;76;98;103;107;113;119;126;129;135;149;162;163;171;176;177;180;190;199,26,25,1,0.8333333333333334,0.038461538461538464
92,mean_naive_full_data,signed_square,gamma,1.0,proven_maximum_cardinality,0.017806400079280138,10;13;23;36;39;44;45;52;58;67;73;82;91;99;119;136;141;149;163;164;170;173;181;185;190;192,26,25,1,0.8333333333333334,0.038461538461538464
93,mean_naive_full_data,signed_square,gamma,1.0,proven_maximum_cardinality,0.027078100014477968,23;29;33;50;51;54;55;69;77;79;91;107;129;130;144;155;178;182;183;184;192;196;198,23,23,0,0.7666666666666667,0.0
94,mean_naive_full_data,signed_square,gamma,1.0,proven_maximum_cardinality,0.02621549996547401,6;12;15;17;18;32;39;44;59;63;65;71;85;87;88;97;106;113;130;131;137;138;162;166;185,25,22,3,0.7333333333333333,0.12
95,mean_naive_full_data,signed_square,gamma,1.0,proven_maximum_cardinality,0.027509199921041727,16;18;19;24;26;27;28;37;41;68;72;74;77;82;90;97;108;110;111;123;126;146;156;161;163;173;183;199,28,27,1,0.9,0.03571428571428571
96,mean_naive_full_data,signed_square,gamma,1.0,proven_maximum_cardinality,0.026774399913847446,3;22;47;52;53;55;71;83;89;101;123;126;127;130;133;141;143;152;155;156;162;164;172;186;192;193,26,26,0,0.8666666666666667,0.0
97,mean_naive_full_data,signed_square,gamma,1.0,proven_maximum_cardinality,0.013612200040370226,2;9;10;14;17;21;25;26;35;71;73;78;92;95;103;112;114;127;131;142;154;164;166;167;174;181;183;184;185,29,28,1,0.9333333333333333,0.034482758620689655
98,mean_naive_full_data,signed_square,gamma,1.0,proven_maximum_cardinality,0.01388130011036992,4;9;15;19;21;33;34;44;51;65;91;108;120;121;134;137;140;143;161;163;166;179;180;183;184;189;192;193,28,27,1,0.9,0.03571428571428571
99,mean_naive_full_data,signed_square,gamma,1.0,proven_maximum_cardinality,0.016416599974036217,0;8;11;18;23;33;36;37;73;81;90;94;103;117;126;133;148;149;153;155;158;190;193;195,24,23,1,0.7666666666666667,0.041666666666666664
100,mean_naive_full_data,signed_square,gamma,1.0,proven_maximum_cardinality,0.023397699929773808,0;23;27;29;38;50;59;64;66;73;81;82;90;113;114;116;121;129;138;150;151;156;168;188,24,22,2,0.7333333333333333,0.08333333333333333
101,mean_naive_full_data,signed_square,gamma,1.0,proven_maximum_cardinality,0.03430840000510216,2;4;22;28;34;36;45;55;65;66;89;99;108;112;113;117;119;120;132;151;159;160;161;173;182;193;194,27,25,2,0.8333333333333334,0.07407407407407407
102,mean_naive_full_data,signed_square,gamma,1.0,proven_maximum_cardinality,0.014470000052824616,3;11;16;26;28;32;42;44;49;57;67;76;93;96;105;109;110;122;126;131;136;142;157;158;161;175;181;197,28,27,1,0.9,0.03571428571428571
103,mean_naive_full_data,signed_square,gamma,1.0,proven_maximum_cardinality,0.014148599933832884,9;15;19;22;24;25;26;27;28;30;32;51;53;65;97;103;108;110;134;144;145;156;160;170;172;185;191,27,26,1,0.8666666666666667,0.037037037037037035
104,mean_naive_full_data,signed_square,gamma,1.0,proven_maximum_cardinality,0.02308449987322092,9;11;21;22;24;29;50;55;56;62;63;68;76;83;86;95;104;111;126;146;160;162;174;184;185;190;193,27,27,0,0.9,0.0
105,mean_naive_full_data,signed_square,gamma,1.0,proven_maximum_cardinality,0.027351099997758865,9;18;43;51;78;95;97;102;109;125;126;129;148;149;156;160;161;163;169;172;174;177;180;182;187,25,24,1,0.8,0.04
106,mean_naive_full_data,signed_square,gamma,1.0,proven_maximum_cardinality,0.015618799952790141,14;39;47;51;55;63;75;77;80;83;84;87;92;93;113;118;132;144;150;167;171;176;186;191;195;196,26,26,0,0.8666666666666667,0.0
107,mean_naive_full_data,signed_square,gamma,1.0,proven_maximum_cardinality,0.031100000021979213,0;1;12;21;41;55;71;79;83;89;91;92;94;97;109;111;117;125;132;137;139;149;150;160;165;171;174;176,28,25,3,0.8333333333333334,0.10714285714285714
108,mean_naive_full_data,signed_square,gamma,1.0,proven_maximum_cardinality,0.03321280004456639,9;12;21;28;32;50;56;60;71;80;89;98;107;116;133;147;154;157;160;166;175;190;191;196,24,21,3,0.7,0.125
109,mean_naive_full_data,signed_square,gamma,1.0,proven_maximum_cardinality,0.03435690002515912,8;13;14;15;20;30;33;40;68;84;89;92;94;99;102;114;127;129;134;139;150;160;168;180;183;194,26,24,2,0.8,0.07692307692307693
110,mean_naive_full_data,signed_square,gamma,1.0,proven_maximum_cardinality,0.01836450002156198,2;5;17;23;44;58;74;76;82;86;108;112;116;117;139;147;158;161;165;168;178;190;192;195;196,25,24,1,0.8,0.04
111,mean_naive_full_data,signed_square,gamma,1.0,proven_maximum_cardinality,0.017954100156202912,8;16;20;48;65;76;81;89;118;125;130;137;145;146;149;153;160;169;175;177;182;187;188;189;193;198,26,25,1,0.8333333333333334,0.038461538461538464
112,mean_naive_full_data,signed_square,gamma,1.0,proven_maximum_cardinality,0.02088589989580214,4;10;17;18;32;36;44;46;47;65;83;88;99;106;139;152;155;162;165;166;168;180;186;188;191,25,23,2,0.7666666666666667,0.08
113,mean_naive_full_data,signed_square,gamma,1.0,proven_maximum_cardinality,0.01633480004966259,4;7;10;16;17;21;23;31;37;42;69;70;73;93;99;106;108;109;116;120;125;154;155;164;170;186,26,26,0,0.8666666666666667,0.0
114,mean_naive_full_data,signed_square,gamma,1.0,proven_maximum_cardinality,0.017366799991577864,16;18;34;35;37;41;54;57;85;91;92;99;103;133;142;150;157;165;168;174;177;183;188;197,24,22,2,0.7333333333333333,0.08333333333333333
115,mean_naive_full_data,signed_square,gamma,1.0,proven_maximum_cardinality,0.0341692001093179,20;21;35;42;47;49;59;63;78;89;110;111;115;122;129;139;150;160;171;178;191;194;196;198,24,24,0,0.8,0.0
116,mean_naive_full_data,signed_square,gamma,1.0,proven_maximum_cardinality,0.023201399948447943,5;9;11;12;17;19;24;27;47;74;109;112;117;119;133;145;152;155;163;170;174;179;184;190;192;199,26,25,1,0.8333333333333334,0.038461538461538464
117,mean_naive_full_data,signed_square,gamma,1.0,proven_maximum_cardinality,0.01928599993698299,8;10;50;51;56;68;80;87;88;97;98;100;102;105;110;134;139;151;157;163;165;167;171;182;184;185;189,27,25,2,0.8333333333333334,0.07407407407407407
118,mean_naive_full_data,signed_square,gamma,1.0,proven_maximum_cardinality,0.040730200009420514,1;6;8;20;37;50;52;59;60;85;100;105;126;133;165;180;189;191;193;194;195;198;199,23,20,3,0.6666666666666666,0.13043478260869565
119,mean_naive_full_data,signed_square,gamma,1.0,proven_maximum_cardinality,0.025909400079399347,12;13;16;17;22;28;34;35;55;80;82;98;103;129;132;141;142;143;151;158;162;164;170;180;191,25,25,0,0.8333333333333334,0.0
120,mean_naive_full_data,signed_square,gamma,1.0,proven_maximum_cardinality,0.01582650002092123,3;8;23;28;53;56;57;60;62;80;83;84;116;117;118;129;142;159;167;171;180;181;182;191;194,25,25,0,0.8333333333333334,0.0
121,mean_naive_full_data,signed_square,gamma,1.0,proven_maximum_cardinality,0.022925300057977438,12;14;29;33;42;56;60;79;87;90;91;96;111;121;122;124;144;162;174;183;187;191;199,23,23,0,0.7666666666666667,0.0
122,mean_naive_full_data,signed_square,gamma,1.0,proven_maximum_cardinality,0.026597199961543083,2;35;40;46;47;55;62;85;94;101;104;116;121;132;156;164;172;178;181;192,20,20,0,0.6666666666666666,0.0
123,mean_naive_full_data,signed_square,gamma,1.0,proven_maximum_cardinality,0.021982799982652068,5;13;24;41;43;44;54;65;66;71;75;83;91;100;102;108;111;127;128;131;143;149;153;159;171;180;183;198,28,26,2,0.8666666666666667,0.07142857142857142
124,mean_naive_full_data,signed_square,gamma,1.0,proven_maximum_cardinality,0.01535080000758171,0;1;3;4;16;20;21;32;37;41;45;56;82;92;93;99;102;105;123;125;141;158;160;162,24,24,0,0.8,0.0
125,mean_naive_full_data,signed_square,gamma,1.0,proven_maximum_cardinality,0.03033490013331175,5;40;42;47;51;52;56;73;78;83;84;102;111;116;117;136;137;142;143;149;163;172;173;177;192;196,26,26,0,0.8666666666666667,0.0
126,mean_naive_full_data,signed_square,gamma,1.0,proven_maximum_cardinality,0.018296599853783846,8;12;16;21;25;37;46;69;71;81;84;93;94;105;117;147;153;155;161;171;177;183,22,22,0,0.7333333333333333,0.0
127,mean_naive_full_data,signed_square,gamma,1.0,proven_maximum_cardinality,0.026960100047290325,3;16;17;22;34;47;48;70;75;80;94;116;119;121;131;133;147;154;158;160;167;169;186;193,24,24,0,0.8,0.0
128,mean_naive_full_data,signed_square,gamma,1.0,proven_maximum_cardinality,0.022586100036278367,17;26;28;30;41;51;53;61;77;86;87;92;111;121;128;136;157;162;166;167;171;183;186;194;195,25,23,2,0.7666666666666667,0.08
129,mean_naive_full_data,signed_square,gamma,1.0,proven_maximum_cardinality,0.03140090010128915,2;8;12;18;35;45;60;64;67;69;81;84;85;101;113;115;119;120;126;127;143;155;165;174;175;195,26,25,1,0.8333333333333334,0.038461538461538464
130,mean_naive_full_data,signed_square,gamma,1.0,proven_maximum_cardinality,0.022704500006511807,5;8;14;32;52;59;61;64;71;75;80;87;103;111;118;132;142;150;171;172;176;179;180;184;195;196,26,24,2,0.8,0.07692307692307693
131,mean_naive_full_data,signed_square,gamma,1.0,proven_maximum_cardinality,0.017090899869799614,30;35;37;43;53;56;64;67;75;90;93;105;108;109;110;118;127;147;155;156;163;180;182;185;192;196;197,27,27,0,0.9,0.0
132,mean_naive_full_data,signed_square,gamma,1.0,proven_maximum_cardinality,0.020593699999153614,20;22;30;41;53;67;76;81;84;97;98;107;108;119;136;140;142;145;146;159;160;180;186;188;189;199,26,24,2,0.8,0.07692307692307693
133,mean_naive_full_data,signed_square,gamma,1.0,proven_maximum_cardinality,0.026388700120151043,17;21;56;76;83;84;87;93;110;112;113;124;127;132;134;137;138;161;162;171;174;188,22,22,0,0.7333333333333333,0.0
134,mean_naive_full_data,signed_square,gamma,1.0,proven_maximum_cardinality,0.02803039993159473,9;10;22;24;30;35;38;40;46;47;63;67;73;78;81;87;89;98;101;130;145;158;181,23,23,0,0.7666666666666667,0.0
135,mean_naive_full_data,signed_square,gamma,1.0,proven_maximum_cardinality,0.013441599905490875,5;6;7;12;14;21;28;49;53;66;80;81;86;88;94;102;108;117;120;127;132;144;172;195,24,24,0,0.8,0.0
136,mean_naive_full_data,signed_square,gamma,1.0,proven_maximum_cardinality,0.02432919992133975,2;8;10;21;31;43;51;55;63;66;85;92;93;94;100;106;108;109;115;119;130;142;148;154;166;186,26,25,1,0.8333333333333334,0.038461538461538464
137,mean_naive_full_data,signed_square,gamma,1.0,proven_maximum_cardinality,0.02097970014438033,2;5;22;25;29;30;49;55;80;81;92;96;98;104;108;109;117;131;148;149;161;168;173;175;191;195;199,27,25,2,0.8333333333333334,0.07407407407407407
138,mean_naive_full_data,signed_square,gamma,1.0,proven_maximum_cardinality,0.018464500084519386,6;9;10;21;22;46;60;63;81;82;86;88;98;104;110;113;121;124;125;135;137;140;153;172;177;191;197,27,26,1,0.8666666666666667,0.037037037037037035
139,mean_naive_full_data,signed_square,gamma,1.0,proven_maximum_cardinality,0.01917780004441738,2;8;16;31;36;39;48;51;52;55;56;71;90;98;100;105;132;147;152;154;168;169;170;177;193,25,24,1,0.8,0.04
140,mean_naive_full_data,signed_square,gamma,1.0,proven_maximum_cardinality,0.02179640019312501,2;3;9;12;42;46;47;49;65;88;103;110;111;122;137;144;152;159;164;168;170;174;182;186;189;196,26,25,1,0.8333333333333334,0.038461538461538464
141,mean_naive_full_data,signed_square,gamma,1.0,proven_maximum_cardinality,0.01731679984368384,2;3;8;18;19;21;31;43;47;61;63;70;79;111;122;133;138;145;149;151;161;188;190,23,23,0,0.7666666666666667,0.0
142,mean_naive_full_data,signed_square,gamma,1.0,proven_maximum_cardinality,0.030640400014817715,1;18;23;30;31;32;44;49;62;65;71;84;93;110;117;123;168;177;181;187;189,21,20,1,0.6666666666666666,0.047619047619047616
143,mean_naive_full_data,signed_square,gamma,1.0,proven_maximum_cardinality,0.05387820000760257,3;15;19;21;28;29;30;36;38;52;57;82;95;97;98;105;127;141;143;144;146;148;164;170;172;192;194;196,28,23,5,0.7666666666666667,0.17857142857142858
144,mean_naive_full_data,signed_square,gamma,1.0,proven_maximum_cardinality,0.026928900042548776,7;11;22;34;43;48;51;58;60;66;79;80;84;93;116;139;144;146;151;174;179;180;183;199,24,23,1,0.7666666666666667,0.041666666666666664
145,mean_naive_full_data,signed_square,gamma,1.0,proven_maximum_cardinality,0.023907100083306432,4;10;17;21;24;27;36;38;41;42;50;51;57;69;72;75;106;124;143;164;174;176;187;188;190,25,24,1,0.8,0.04
146,mean_naive_full_data,signed_square,gamma,1.0,proven_maximum_cardinality,0.034151900094002485,9;21;23;31;41;43;46;56;70;89;99;102;108;111;121;123;125;130;132;134;135;143;162;163;193;197,26,25,1,0.8333333333333334,0.038461538461538464
147,mean_naive_full_data,signed_square,gamma,1.0,proven_maximum_cardinality,0.019811399979516864,4;5;18;24;38;40;41;43;63;78;88;89;94;97;107;122;145;146;176;180;181;186;187;188;193,25,22,3,0.7333333333333333,0.12
148,mean_naive_full_data,signed_square,gamma,1.0,proven_maximum_cardinality,0.025361600099131465,3;10;16;18;40;46;47;49;52;56;66;83;91;99;112;119;137;151;152;153;155;166;169;175;197;198,26,25,1,0.8333333333333334,0.038461538461538464
149,mean_naive_full_data,signed_square,gamma,1.0,proven_maximum_cardinality,0.023495800094678998,11;12;15;19;21;35;42;60;61;70;90;94;104;121;122;125;128;150;162;170;185;188,22,22,0,0.7333333333333333,0.0
150,mean_naive_full_data,signed_square,gamma,1.0,proven_maximum_cardinality,0.025754299946129322,7;12;20;35;37;43;58;60;66;69;86;95;96;101;106;119;130;134;137;148;153;160;164;166;167;170;172;176;180;185;187;196,32,28,4,0.9333333333333333,0.125
151,mean_naive_full_data,signed_square,gamma,1.0,proven_maximum_cardinality,0.02294249995611608,22;32;39;46;57;66;88;90;96;101;113;119;121;123;128;133;137;144;148;158;162;173;174;178,24,24,0,0.8,0.0
152,mean_naive_full_data,signed_square,gamma,1.0,proven_maximum_cardinality,0.021750899963080883,22;28;77;83;96;103;111;112;114;126;131;135;148;151;156;157;158;162;178;184;195,21,21,0,0.7,0.0
153,mean_naive_full_data,signed_square,gamma,1.0,proven_maximum_cardinality,0.02519149985164404,4;11;19;33;35;45;50;67;79;104;119;134;144;150;158;159;163;181;182;187;188;189;195;198;199,25,23,2,0.7666666666666667,0.08
154,mean_naive_full_data,signed_square,gamma,1.0,proven_maximum_cardinality,0.02029479993507266,0;12;21;22;32;38;41;43;44;50;64;65;70;77;78;94;99;122;137;140;149;151;153;156;172;178;198,27,27,0,0.9,0.0
155,mean_naive_full_data,signed_square,gamma,1.0,proven_maximum_cardinality,0.014375800034031272,2;21;23;40;78;90;95;102;106;119;121;126;129;138;147;149;165;166;170;171;172;177;185;196;199,25,23,2,0.7666666666666667,0.08
156,mean_naive_full_data,signed_square,gamma,1.0,proven_maximum_cardinality,0.01419049990363419,1;16;28;31;35;39;42;43;63;70;74;79;85;87;98;101;106;115;129;145;148;150;167;173;177;178;185,27,25,2,0.8333333333333334,0.07407407407407407
157,mean_naive_full_data,signed_square,gamma,1.0,proven_maximum_cardinality,0.02140670013613999,1;5;16;17;21;31;37;38;54;56;69;71;80;91;108;118;121;124;137;145;159;172;179;184,24,23,1,0.7666666666666667,0.041666666666666664
158,mean_naive_full_data,signed_square,gamma,1.0,proven_maximum_cardinality,0.026396399829536676,1;3;25;28;35;38;54;61;78;81;85;86;88;89;99;107;121;122;123;128;136;141;180;184;188;193,26,26,0,0.8666666666666667,0.0
159,mean_naive_full_data,signed_square,gamma,1.0,proven_maximum_cardinality,0.024159600026905537,0;2;8;11;15;18;25;27;50;51;57;64;94;103;104;106;113;134;142;144;146;148;153;170;173;187;189;192,28,27,1,0.9,0.03571428571428571
160,mean_naive_full_data,signed_square,gamma,1.0,proven_maximum_cardinality,0.01921779988333583,11;30;33;34;40;41;43;55;61;92;109;127;129;134;141;160;167;173;177;180;183;192,22,22,0,0.7333333333333333,0.0
161,mean_naive_full_data,signed_square,gamma,1.0,proven_maximum_cardinality,0.021481800125911832,5;6;22;23;28;39;43;45;49;51;53;56;73;74;89;106;107;130;147;150;157;173;174;192,24,24,0,0.8,0.0
162,mean_naive_full_data,signed_square,gamma,1.0,proven_maximum_cardinality,0.022810300113633275,11;19;22;32;41;58;72;81;87;101;108;110;116;126;133;138;143;150;157;160;161;166;170;184;188;196;197,27,26,1,0.8666666666666667,0.037037037037037035
163,mean_naive_full_data,signed_square,gamma,1.0,proven_maximum_cardinality,0.024812899995595217,1;2;7;8;12;13;20;32;39;43;52;63;67;69;77;84;106;109;112;117;129;148;159;163;171;186;196,27,25,2,0.8333333333333334,0.07407407407407407
164,mean_naive_full_data,signed_square,gamma,1.0,proven_maximum_cardinality,0.031145300017669797,0;6;7;20;21;22;26;58;62;76;86;89;97;120;135;144;146;154;157;170;173;181;198,23,21,2,0.7,0.08695652173913043
165,mean_naive_full_data,signed_square,gamma,1.0,proven_maximum_cardinality,0.03630550019443035,5;26;32;33;40;61;64;66;77;80;85;87;103;106;107;113;128;130;133;145;153;157;164;180;192,25,24,1,0.8,0.04
166,mean_naive_full_data,signed_square,gamma,1.0,proven_maximum_cardinality,0.03278380003757775,15;29;42;55;60;85;89;95;103;113;115;138;141;142;149;153;180;184;191;196,20,19,1,0.6333333333333333,0.05
167,mean_naive_full_data,signed_square,gamma,1.0,proven_maximum_cardinality,0.028215000173076987,2;9;14;40;42;44;45;48;51;63;68;70;73;77;81;104;111;112;113;119;122;125;148;149;173;176;189;194;199,29,28,1,0.9333333333333333,0.034482758620689655
168,mean_naive_full_data,signed_square,gamma,1.0,proven_maximum_cardinality,0.016044999938458204,11;22;24;26;39;52;60;91;113;121;134;136;140;143;147;149;159;165;167;171;172;174;183;186;191;195,26,25,1,0.8333333333333334,0.038461538461538464
169,mean_naive_full_data,signed_square,gamma,1.0,proven_maximum_cardinality,0.03000120003707707,10;13;14;16;17;26;27;37;46;48;50;55;57;62;64;65;67;77;84;88;110;122;141;163;174;176;190;195,28,26,2,0.8666666666666667,0.07142857142857142
170,mean_naive_full_data,signed_square,gamma,1.0,proven_maximum_cardinality,0.03562130010686815,5;20;24;27;41;49;57;64;72;78;92;95;96;101;103;109;114;122;136;141;151;157;158;162;168;173;186;187;189;194;195,31,26,5,0.8666666666666667,0.16129032258064516
171,mean_naive_full_data,signed_square,gamma,1.0,proven_maximum_cardinality,0.01573770004324615,20;21;22;25;27;30;31;34;35;45;52;57;71;80;92;95;96;103;106;114;128;129;146;152;154;156;161;167,28,24,4,0.8,0.14285714285714285
172,mean_naive_full_data,signed_square,gamma,1.0,proven_maximum_cardinality,0.02752829995006323,0;1;16;17;20;24;27;43;44;46;49;51;63;72;102;112;114;118;124;133;144;148;153;164;167;188;193,27,25,2,0.8333333333333334,0.07407407407407407
173,mean_naive_full_data,signed_square,gamma,1.0,proven_maximum_cardinality,0.023921400075778365,4;5;22;25;41;47;50;65;67;71;80;81;82;85;99;104;110;112;116;125;128;137;145;173;175;193;195,27,26,1,0.8666666666666667,0.037037037037037035
174,mean_naive_full_data,signed_square,gamma,1.0,proven_maximum_cardinality,0.02258270001038909,2;3;10;21;37;42;44;70;73;75;81;111;115;123;126;130;148;155;158;161;162;169;180;197;198,25,24,1,0.8,0.04
175,mean_naive_full_data,signed_square,gamma,1.0,proven_maximum_cardinality,0.015581700019538403,0;1;5;8;10;11;13;37;41;43;53;54;58;59;72;80;81;94;104;105;107;114;118;122;135;136;139;152;156;160;185;186;194,33,29,4,0.9666666666666667,0.12121212121212122
176,mean_naive_full_data,signed_square,gamma,1.0,proven_maximum_cardinality,0.026414299849420786,10;13;24;30;33;37;41;50;53;56;70;71;72;78;90;110;123;131;139;142;143;145;155;160;172;182;191,27,26,1,0.8666666666666667,0.037037037037037035
177,mean_naive_full_data,signed_square,gamma,1.0,proven_maximum_cardinality,0.023276800056919456,2;10;14;15;39;55;63;65;73;75;84;85;104;110;112;114;116;123;125;129;131;142;144;165;168;171;173;192,28,25,3,0.8333333333333334,0.10714285714285714
178,mean_naive_full_data,signed_square,gamma,1.0,proven_maximum_cardinality,0.02467030007392168,5;22;34;48;51;52;58;62;65;66;75;81;82;94;97;103;109;124;128;137;147;149;198,23,23,0,0.7666666666666667,0.0
179,mean_naive_full_data,signed_square,gamma,1.0,proven_maximum_cardinality,0.028432699851691723,8;12;14;19;30;34;37;47;53;59;61;67;69;71;81;90;94;122;130;132;147;152;167;175;185,25,23,2,0.7666666666666667,0.08
180,mean_naive_full_data,signed_square,gamma,1.0,proven_maximum_cardinality,0.024478600127622485,16;17;27;34;37;61;62;70;78;86;94;98;114;117;120;121;139;161;162;191;193;194;196;197,24,23,1,0.7666666666666667,0.041666666666666664
181,mean_naive_full_data,signed_square,gamma,1.0,proven_maximum_cardinality,0.02805999992415309,11;16;32;35;36;43;56;60;72;74;76;86;87;100;104;111;124;127;130;131;137;147;149;151;154;177;193,27,24,3,0.8,0.1111111111111111
182,mean_naive_full_data,signed_square,gamma,1.0,proven_maximum_cardinality,0.03468519984744489,0;3;8;17;21;46;50;55;65;67;81;87;92;94;99;101;106;120;123;126;141;144;152;174;193;194;195,27,24,3,0.8,0.1111111111111111
183,mean_naive_full_data,signed_square,gamma,1.0,proven_maximum_cardinality,0.014332700055092573,0;6;9;17;31;45;51;62;65;84;98;109;122;135;139;141;142;153;155;156;162;163;166;167;187,25,24,1,0.8,0.04
184,mean_naive_full_data,signed_square,gamma,1.0,proven_maximum_cardinality,0.029072399949654937,4;6;22;24;39;41;43;44;59;67;69;77;102;109;110;112;123;127;137;146;149;151;155;179;181;199,26,25,1,0.8333333333333334,0.038461538461538464
185,mean_naive_full_data,signed_square,gamma,1.0,proven_maximum_cardinality,0.04322059988044202,8;12;13;20;28;49;54;59;64;67;78;86;119;128;132;136;150;152;163;178;180;181;194,23,22,1,0.7333333333333333,0.043478260869565216
186,mean_naive_full_data,signed_square,gamma,1.0,proven_maximum_cardinality,0.024714899947866797,1;29;37;43;48;50;56;62;72;73;91;93;117;118;130;150;151;157;161;164;168;181;182;183;184;191,26,24,2,0.8,0.07692307692307693
187,mean_naive_full_data,signed_square,gamma,1.0,proven_maximum_cardinality,0.022185900015756488,0;5;28;34;37;52;56;60;67;81;83;100;107;110;111;122;124;128;130;157;171;191;192;194,24,22,2,0.7333333333333333,0.08333333333333333
188,mean_naive_full_data,signed_square,gamma,1.0,proven_maximum_cardinality,0.022468300070613623,2;5;14;28;34;46;50;60;68;77;92;108;109;116;122;129;135;140;150;156;159;170;192,23,22,1,0.7333333333333333,0.043478260869565216
189,mean_naive_full_data,signed_square,gamma,1.0,proven_maximum_cardinality,0.011607300024479628,8;11;19;21;24;32;44;63;87;90;99;102;114;118;130;135;137;138;158;159;164;168;171;182;190;194;195;196,28,25,3,0.8333333333333334,0.10714285714285714
190,mean_naive_full_data,signed_square,gamma,1.0,proven_maximum_cardinality,0.032657799776643515,4;13;14;22;36;46;59;62;74;89;95;101;127;133;135;136;140;143;155;166,20,19,1,0.6333333333333333,0.05
191,mean_naive_full_data,signed_square,gamma,1.0,proven_maximum_cardinality,0.016356599982827902,5;10;18;42;45;49;50;52;85;89;98;101;120;125;129;136;152;157;172;174;177;183;190;191;197,25,24,1,0.8,0.04
192,mean_naive_full_data,signed_square,gamma,1.0,proven_maximum_cardinality,0.01553050009533763,0;5;20;21;26;58;61;72;73;81;108;110;115;124;127;130;135;139;146;147;148;158;159;162;173;182;184,27,26,1,0.8666666666666667,0.037037037037037035
193,mean_naive_full_data,signed_square,gamma,1.0,proven_maximum_cardinality,0.03243199991993606,16;24;30;51;58;75;79;83;86;90;128;143;160;163;173;176;177;182;184;195,20,20,0,0.6666666666666666,0.0
194,mean_naive_full_data,signed_square,gamma,1.0,proven_maximum_cardinality,0.042698000092059374,1;9;12;20;30;40;47;54;58;72;80;84;85;90;100;111;157;161;163;166;181;186;196,23,22,1,0.7333333333333333,0.043478260869565216
195,mean_naive_full_data,signed_square,gamma,1.0,proven_maximum_cardinality,0.03163660014979541,1;13;25;27;34;36;37;39;50;61;67;71;78;80;97;100;104;113;140;143;157;166;173;174;176;180;194,27,24,3,0.8,0.1111111111111111
196,mean_naive_full_data,signed_square,gamma,1.0,proven_maximum_cardinality,0.043327700113877654,10;44;51;54;56;60;66;69;71;79;80;87;99;105;107;116;133;143;144;148;154;172;186;195,24,22,2,0.7333333333333333,0.08333333333333333
197,mean_naive_full_data,signed_square,gamma,1.0,proven_maximum_cardinality,0.02589079993776977,8;16;46;47;48;52;54;62;69;73;75;92;93;100;102;108;117;119;121;137;146;164;170;189;196,25,24,1,0.8,0.04
198,mean_naive_full_data,signed_square,gamma,1.0,proven_maximum_cardinality,0.03310919995419681,4;18;38;46;50;79;83;93;106;110;115;126;127;157;166;168;173;196,18,18,0,0.6,0.0
199,mean_naive_full_data,signed_square,gamma,1.0,proven_maximum_cardinality,0.04047529981471598,4;5;24;37;59;82;83;103;104;105;106;107;124;128;145;146;152;159;167;168;172;179;190;191,24,23,1,0.7666666666666667,0.041666666666666664
200,mean_naive_full_data,signed_square,gamma,1.0,proven_maximum_cardinality,0.021567899966612458,1;3;4;11;16;18;20;31;50;66;73;76;80;84;85;93;97;109;127;134;137;143;151;177;197;198,26,25,1,0.8333333333333334,0.038461538461538464
201,mean_naive_full_data,signed_square,gamma,1.0,proven_maximum_cardinality,0.022370700025931,4;8;27;32;39;41;43;49;50;62;68;86;90;111;113;136;148;151;159;171;179;180;184;188;193;195;199,27,26,1,0.8666666666666667,0.037037037037037035
202,mean_naive_full_data,signed_square,gamma,1.0,proven_maximum_cardinality,0.035269000101834536,8;9;18;19;20;27;53;56;60;71;73;78;92;96;97;102;105;114;145;147;150;155;156;165;166;174;184,27,24,3,0.8,0.1111111111111111
203,mean_naive_full_data,signed_square,gamma,1.0,proven_maximum_cardinality,0.021044099936261773,1;2;6;34;59;65;75;82;95;100;106;125;130;132;147;150;162;164;175;185;189,21,21,0,0.7,0.0
204,mean_naive_full_data,signed_square,gamma,1.0,proven_maximum_cardinality,0.01880429987795651,2;7;13;15;25;30;32;47;50;67;73;80;91;102;114;121;128;134;135;152;156;160;161;176;178;186;189,27,24,3,0.8,0.1111111111111111
205,mean_naive_full_data,signed_square,gamma,1.0,proven_maximum_cardinality,0.037999099818989635,2;11;14;18;32;36;42;52;56;59;61;66;77;83;95;114;138;141;142;144;152;155;156;169;180;181,26,25,1,0.8333333333333334,0.038461538461538464
206,mean_naive_full_data,signed_square,gamma,1.0,proven_maximum_cardinality,0.011030699824914336,13;14;53;60;67;69;72;78;95;127;135;139;141;157;164;167;168;169;173;179;182;185;187;196,24,23,1,0.7666666666666667,0.041666666666666664
207,mean_naive_full_data,signed_square,gamma,1.0,proven_maximum_cardinality,0.030483199981972575,9;10;13;14;16;21;36;42;57;61;66;79;85;88;91;121;124;140;153;165;179;191;192;193,24,24,0,0.8,0.0
208,mean_naive_full_data,signed_square,gamma,1.0,proven_maximum_cardinality,0.026024699909612536,7;19;37;38;43;44;46;57;63;64;72;77;85;96;103;118;132;136;140;149;163;167;171;180;183;188,26,26,0,0.8666666666666667,0.0
209,mean_naive_full_data,signed_square,gamma,1.0,proven_maximum_cardinality,0.01605780003592372,13;22;28;29;30;40;55;58;61;64;87;97;101;111;112;123;131;134;135;162;178;195,22,21,1,0.7,0.045454545454545456
210,mean_naive_full_data,signed_square,gamma,1.0,proven_maximum_cardinality,0.017794999992474914,12;13;16;25;27;28;29;33;51;68;74;77;80;83;89;102;105;110;122;136;154;156;184;190;195;198,26,23,3,0.7666666666666667,0.11538461538461539
211,mean_naive_full_data,signed_square,gamma,1.0,proven_maximum_cardinality,0.025190599961206317,14;16;28;33;41;49;54;55;57;60;65;66;76;77;79;81;106;111;122;131;141;158;161;167;170;186;192;193;196,29,26,3,0.8666666666666667,0.10344827586206896
212,mean_naive_full_data,signed_square,gamma,1.0,proven_maximum_cardinality,0.02674470003694296,6;10;11;27;28;30;74;77;90;94;97;99;101;104;112;123;127;140;142;147;150;153;154;163;164;175;177;179;183;188;189,31,29,2,0.9666666666666667,0.06451612903225806
213,mean_naive_full_data,signed_square,gamma,1.0,proven_maximum_cardinality,0.024530000053346157,7;14;17;18;42;66;67;72;75;82;91;92;93;95;100;107;120;123;127;137;163;169;177;180;186;195,26,24,2,0.8,0.07692307692307693
214,mean_naive_full_data,signed_square,gamma,1.0,proven_maximum_cardinality,0.04877600003965199,18;27;43;45;46;56;59;61;67;72;74;77;95;98;105;109;114;115;122;139;151;153;156;167;182;183;187;193,28,25,3,0.8333333333333334,0.10714285714285714
215,mean_naive_full_data,signed_square,gamma,1.0,proven_maximum_cardinality,0.015794700011610985,7;10;32;46;52;57;75;80;84;98;101;104;116;119;122;124;125;139;149;198,20,20,0,0.6666666666666666,0.0
216,mean_naive_full_data,signed_square,gamma,1.0,proven_maximum_cardinality,0.01805210020393133,5;6;23;27;33;39;45;47;52;53;55;72;74;84;87;91;92;101;113;114;128;140;142;154;163;171;182,27,26,1,0.8666666666666667,0.037037037037037035
217,mean_naive_full_data,signed_square,gamma,1.0,proven_maximum_cardinality,0.03024669992737472,8;9;11;34;44;45;47;50;52;54;75;78;83;101;105;121;131;146;158;169;170;174;180;197,24,23,1,0.7666666666666667,0.041666666666666664
218,mean_naive_full_data,signed_square,gamma,1.0,proven_maximum_cardinality,0.023015900049358606,6;9;10;16;20;30;40;52;54;62;71;79;96;97;98;106;110;112;126;145;155;167;178,23,21,2,0.7,0.08695652173913043
219,mean_naive_full_data,signed_square,gamma,1.0,proven_maximum_cardinality,0.02831359999254346,1;26;29;35;36;38;44;53;59;72;83;96;100;106;115;118;131;132;143;145;170;178;197,23,22,1,0.7333333333333333,0.043478260869565216
220,mean_naive_full_data,signed_square,gamma,1.0,proven_maximum_cardinality,0.01751290005631745,3;7;8;13;21;34;50;61;69;82;83;91;93;95;96;113;115;128;135;136;151;164;174;184;196,25,24,1,0.8,0.04
221,mean_naive_full_data,signed_square,gamma,1.0,proven_maximum_cardinality,0.024164000060409307,5;22;34;37;42;52;62;72;75;79;87;89;93;100;103;136;141;147;153;156;162;164;174;183;190,25,24,1,0.8,0.04
222,mean_naive_full_data,signed_square,gamma,1.0,proven_maximum_cardinality,0.01542060007341206,11;17;21;22;25;28;30;31;36;40;51;57;64;69;71;89;95;97;107;124;137;149;173;174;175;179;186,27,26,1,0.8666666666666667,0.037037037037037035
223,mean_naive_full_data,signed_square,gamma,1.0,proven_maximum_cardinality,0.01480880007147789,16;17;55;63;69;73;86;90;99;102;105;111;131;135;136;138;143;145;151;153;164;168;169;188;191;194;197,27,24,3,0.8,0.1111111111111111
224,mean_naive_full_data,signed_square,gamma,1.0,proven_maximum_cardinality,0.036209199810400605,3;6;7;9;20;22;26;44;47;49;66;83;85;88;95;102;104;112;115;118;130;184;190;191;199,25,20,5,0.6666666666666666,0.2
225,mean_naive_full_data,signed_square,gamma,1.0,proven_maximum_cardinality,0.012547200080007315,1;6;18;28;42;50;55;57;74;82;85;98;106;111;115;135;139;141;157;165;170;175;183;190,24,23,1,0.7666666666666667,0.041666666666666664
226,mean_naive_full_data,signed_square,gamma,1.0,proven_maximum_cardinality,0.010272999992594123,11;29;56;68;79;94;98;100;103;108;109;121;124;131;136;141;146;154;166;168;170;176;177;181;194,25,25,0,0.8333333333333334,0.0
227,mean_naive_full_data,signed_square,gamma,1.0,proven_maximum_cardinality,0.021843000082299113,5;9;13;14;25;36;38;44;46;50;51;52;54;60;95;100;112;113;118;132;136;138;151;153;165;166;170;184;191,29,29,0,0.9666666666666667,0.0
228,mean_naive_full_data,signed_square,gamma,1.0,proven_maximum_cardinality,0.03144310018979013,1;18;24;25;38;49;50;61;62;63;66;68;72;120;133;140;145;146;163;165;172;180;184;190;199,25,24,1,0.8,0.04
229,mean_naive_full_data,signed_square,gamma,1.0,proven_maximum_cardinality,0.023612899938598275,3;5;7;22;29;41;46;49;54;71;93;98;106;113;115;121;130;139;140;164;165;166;168;170;175;177;178;183;185,29,28,1,0.9333333333333333,0.034482758620689655
230,mean_naive_full_data,signed_square,gamma,1.0,proven_maximum_cardinality,0.0269875000230968,4;7;16;17;18;31;41;44;49;58;66;69;70;74;96;97;98;112;127;130;131;134;139;140;147;151;170;171;183,29,24,5,0.8,0.1724137931034483
231,mean_naive_full_data,signed_square,gamma,1.0,proven_maximum_cardinality,0.037102899979799986,4;5;33;34;35;69;70;75;80;88;93;97;105;108;117;131;141;151;161;171;176;178;195;197,24,23,1,0.7666666666666667,0.041666666666666664
232,mean_naive_full_data,signed_square,gamma,1.0,proven_maximum_cardinality,0.02421099995262921,0;2;4;14;16;20;30;34;39;45;49;57;61;95;103;104;105;106;108;115;121;124;125;133;147;148;167;173;174;199,30,28,2,0.9333333333333333,0.06666666666666667
233,mean_naive_full_data,signed_square,gamma,1.0,proven_maximum_cardinality,0.0283653000369668,13;14;25;30;34;35;45;50;72;81;88;93;105;108;111;130;141;143;147;161;163;164;168;170;172;175;177;183;190,29,25,4,0.8333333333333334,0.13793103448275862
234,mean_naive_full_data,signed_square,gamma,1.0,proven_maximum_cardinality,0.036503600189462304,8;20;35;36;37;40;43;48;49;51;54;59;63;71;73;78;103;121;145;154;155,21,20,1,0.6666666666666666,0.047619047619047616
235,mean_naive_full_data,signed_square,gamma,1.0,proven_maximum_cardinality,0.013620800105854869,12;15;24;30;44;52;54;60;70;73;85;89;98;100;109;120;127;128;146;147;149;154;155;166;173;183;185;191;198,29,28,1,0.9333333333333333,0.034482758620689655
236,mean_naive_full_data,signed_square,gamma,1.0,proven_maximum_cardinality,0.03692330000922084,1;4;5;27;31;52;53;68;94;101;107;118;120;124;128;132;133;134;136;166;172;179;186;192,24,22,2,0.7333333333333333,0.08333333333333333
237,mean_naive_full_data,signed_square,gamma,1.0,proven_maximum_cardinality,0.026205699890851974,1;3;6;16;17;19;20;51;54;61;66;87;109;110;112;115;121;126;161;164;169;173;174;177;178;193;196,27,26,1,0.8666666666666667,0.037037037037037035
238,mean_naive_full_data,signed_square,gamma,1.0,proven_maximum_cardinality,0.021394000155851245,9;10;21;25;26;41;44;53;55;57;58;60;72;90;100;105;108;119;127;132;136;141;159;163;173;177;180;182;196,29,27,2,0.9,0.06896551724137931
239,mean_naive_full_data,signed_square,gamma,1.0,proven_maximum_cardinality,0.014481999911367893,3;5;9;28;29;46;56;64;88;97;102;106;107;130;147;149;156;158;160;170;172;179;198,23,23,0,0.7666666666666667,0.0
240,mean_naive_full_data,signed_square,gamma,1.0,proven_maximum_cardinality,0.01477320003323257,2;17;24;27;28;32;35;51;52;56;70;84;94;103;109;115;129;134;141;146;158;175;177;191;196,25,25,0,0.8333333333333334,0.0
241,mean_naive_full_data,signed_square,gamma,1.0,proven_maximum_cardinality,0.019692600006237626,1;2;6;22;24;39;47;51;60;61;66;67;69;71;73;76;89;90;106;118;141;142;168;171;182;183;188,27,25,2,0.8333333333333334,0.07407407407407407
242,mean_naive_full_data,signed_square,gamma,1.0,proven_maximum_cardinality,0.015806799987331033,4;12;17;35;36;46;54;57;68;86;88;108;113;118;135;137;139;142;144;157;160;170;174;175;177;193;194,27,25,2,0.8333333333333334,0.07407407407407407
243,mean_naive_full_data,signed_square,gamma,1.0,proven_maximum_cardinality,0.01698019984178245,14;16;28;34;37;39;45;47;68;71;88;93;110;120;130;136;138;161;163;171;174;177;190;197,24,23,1,0.7666666666666667,0.041666666666666664
244,mean_naive_full_data,signed_square,gamma,1.0,proven_maximum_cardinality,0.016279999865218997,11;13;20;23;33;41;53;61;86;88;95;97;100;114;117;118;120;121;122;124;129;136;146;164;171;173;174,27,24,3,0.8,0.1111111111111111
245,mean_naive_full_data,signed_square,gamma,1.0,proven_maximum_cardinality,0.01667440007440746,0;15;18;23;28;30;39;55;57;61;76;81;89;93;99;103;104;112;116;126;127;131;132;147;155;164;181;187;189;197,30,27,3,0.9,0.1
246,mean_naive_full_data,signed_square,gamma,1.0,proven_maximum_cardinality,0.01850240002386272,7;13;22;26;27;36;40;53;71;75;84;90;105;118;120;121;151;153;164;170;181;186;188;189,24,23,1,0.7666666666666667,0.041666666666666664
247,mean_naive_full_data,signed_square,gamma,1.0,proven_maximum_cardinality,0.02303289994597435,4;14;16;19;27;33;37;38;43;53;55;56;59;71;77;79;86;102;104;117;123;126;139;149;151;184;191;194,28,27,1,0.9,0.03571428571428571
248,mean_naive_full_data,signed_square,gamma,1.0,proven_maximum_cardinality,0.01789510017260909,3;12;21;23;26;27;48;51;65;66;69;71;77;79;101;102;117;120;130;140;141;143;162;168;188;191;193;197,28,26,2,0.8666666666666667,0.07142857142857142
249,mean_naive_full_data,signed_square,gamma,1.0,proven_maximum_cardinality,0.033003299962729216,7;21;36;41;44;45;49;64;73;76;77;95;98;99;110;113;138;157;160;197,20,20,0,0.6666666666666666,0.0
250,mean_naive_full_data,signed_square,gamma,1.0,proven_maximum_cardinality,0.021171600092202425,9;10;40;46;49;57;58;68;82;84;106;127;128;137;141;149;157;160;162;169;172;174;176;180;196,25,23,2,0.7666666666666667,0.08
251,mean_naive_full_data,signed_square,gamma,1.0,proven_maximum_cardinality,0.01247120019979775,2;21;31;34;42;44;48;58;59;60;62;63;75;76;96;114;131;133;134;140;142;163;168;177;178;184;192;194,28,26,2,0.8666666666666667,0.07142857142857142
252,mean_naive_full_data,signed_square,gamma,1.0,proven_maximum_cardinality,0.03386009996756911,1;2;7;10;16;17;42;50;57;60;70;74;77;79;80;84;106;111;114;127;134;148;151;161;167;173;174;179;189,29,27,2,0.9,0.06896551724137931
253,mean_naive_full_data,signed_square,gamma,1.0,proven_maximum_cardinality,0.03554800013080239,16;33;45;57;68;85;101;104;108;110;122;135;137;154;155;162;165;169;173;187,20,20,0,0.6666666666666666,0.0
254,mean_naive_full_data,signed_square,gamma,1.0,proven_maximum_cardinality,0.017614899901673198,7;11;20;24;42;44;49;51;52;62;64;68;74;80;88;107;108;110;115;118;120;121;123;126;128;139;145;173;199,29,22,7,0.7333333333333333,0.2413793103448276
255,mean_naive_full_data,signed_square,gamma,1.0,proven_maximum_cardinality,0.030340999830514193,6;21;28;34;38;42;50;58;70;87;102;111;118;130;136;157;158;167;180;189;193,21,21,0,0.7,0.0
256,mean_naive_full_data,signed_square,gamma,1.0,proven_maximum_cardinality,0.014745800057426095,4;17;27;35;37;39;46;54;58;63;64;73;77;84;89;112;123;126;133;141;146;154;168,23,22,1,0.7333333333333333,0.043478260869565216
257,mean_naive_full_data,signed_square,gamma,1.0,proven_maximum_cardinality,0.021040600026026368,21;26;27;39;40;43;54;65;68;70;74;75;83;84;92;99;114;133;138;139;142;153;157;160;163,25,23,2,0.7666666666666667,0.08
258,mean_naive_full_data,signed_square,gamma,1.0,proven_maximum_cardinality,0.02709400001913309,0;15;23;33;44;56;61;64;76;82;95;110;115;136;139;146;148;152;155;185;196;198;199,23,23,0,0.7666666666666667,0.0
259,mean_naive_full_data,signed_square,gamma,1.0,proven_maximum_cardinality,0.027044299989938736,18;26;28;29;30;32;56;57;64;67;68;70;72;74;87;89;94;103;111;113;131;145;155;161;165;168;179;190,28,28,0,0.9333333333333333,0.0
260,mean_naive_full_data,signed_square,gamma,1.0,proven_maximum_cardinality,0.02339320001192391,27;31;33;44;45;47;51;59;77;81;84;86;88;101;107;110;116;133;136;142;143;155;161;162;168;171;174;179,28,27,1,0.9,0.03571428571428571
261,mean_naive_full_data,signed_square,gamma,1.0,proven_maximum_cardinality,0.03209450002759695,9;15;20;25;45;53;62;63;74;77;86;90;95;99;103;112;138;139;155;160;165;186;187;188;192;193;197,27,22,5,0.7333333333333333,0.18518518518518517
262,mean_naive_full_data,signed_square,gamma,1.0,proven_maximum_cardinality,0.03830379992723465,3;9;25;29;30;43;57;65;70;82;86;89;97;102;107;118;123;142;162;195;197,21,21,0,0.7,0.0
263,mean_naive_full_data,signed_square,gamma,1.0,proven_maximum_cardinality,0.021212699823081493,3;19;36;39;52;56;64;66;73;80;84;94;100;111;114;139;184;187,18,18,0,0.6,0.0
264,mean_naive_full_data,signed_square,gamma,1.0,proven_maximum_cardinality,0.03356299991719425,0;1;2;8;13;32;38;41;58;67;68;74;100;102;105;113;120;124;129;134;152;165;167;169;176;195;198,27,25,2,0.8333333333333334,0.07407407407407407
265,mean_naive_full_data,signed_square,gamma,1.0,proven_maximum_cardinality,0.029505300102755427,17;50;57;73;79;80;85;99;109;110;113;115;121;127;134;168,16,14,2,0.4666666666666667,0.125
266,mean_naive_full_data,signed_square,gamma,1.0,proven_maximum_cardinality,0.023175699869170785,9;24;36;42;53;57;60;61;65;81;90;93;98;113;115;132;133;141;147;151;167;168;170;171;186;195,26,21,5,0.7,0.19230769230769232
267,mean_naive_full_data,signed_square,gamma,1.0,proven_maximum_cardinality,0.021802400005981326,26;32;43;53;56;62;67;70;83;92;99;102;106;107;109;143;155;167;171;174;186,21,21,0,0.7,0.0
268,mean_naive_full_data,signed_square,gamma,1.0,proven_maximum_cardinality,0.02952830004505813,9;11;14;19;38;42;44;47;70;72;80;125;134;140;147;153;160;162;166;172;186,21,21,0,0.7,0.0
269,mean_naive_full_data,signed_square,gamma,1.0,proven_maximum_cardinality,0.039778799982741475,12;18;28;62;68;70;76;94;98;102;108;116;119;121;123;124;135;139;149;161;173;175;194;196,24,22,2,0.7333333333333333,0.08333333333333333
270,mean_naive_full_data,signed_square,gamma,1.0,proven_maximum_cardinality,0.028944999910891056,5;16;23;26;30;36;37;43;51;52;67;85;88;93;95;96;102;103;114;137;138;160;163;176;187;189,26,23,3,0.7666666666666667,0.11538461538461539
271,mean_naive_full_data,signed_square,gamma,1.0,proven_maximum_cardinality,0.03083790000528097,2;12;13;30;42;49;52;59;70;72;77;82;91;103;104;126;135;136;143;147;157;158;166;167;168;179;183;190,28,25,3,0.8333333333333334,0.10714285714285714
272,mean_naive_full_data,signed_square,gamma,1.0,proven_maximum_cardinality,0.028748900163918734,9;13;35;40;53;56;62;63;64;81;90;94;95;97;103;107;121;123;132;155;164;175;195,23,21,2,0.7,0.08695652173913043
273,mean_naive_full_data,signed_square,gamma,1.0,proven_maximum_cardinality,0.023271000012755394,13;17;30;38;40;45;55;59;60;89;91;95;111;119;125;132;147;148;165;167;169;176;183;184;193,25,25,0,0.8333333333333334,0.0
274,mean_naive_full_data,signed_square,gamma,1.0,proven_maximum_cardinality,0.019833400147035718,2;4;5;10;15;22;26;33;38;40;55;56;58;61;63;75;78;85;89;112;114;119;126;133;135;143;176;184;190;192,30,26,4,0.8666666666666667,0.13333333333333333
275,mean_naive_full_data,signed_square,gamma,1.0,proven_maximum_cardinality,0.010608899872750044,12;29;33;34;37;46;55;63;70;89;90;91;93;107;116;118;133;139;143;147;151;157;164;170;176;178;185;190;192;197,30,26,4,0.8666666666666667,0.13333333333333333
276,mean_naive_full_data,signed_square,gamma,1.0,proven_maximum_cardinality,0.02495729993097484,1;2;6;13;16;23;27;28;37;42;45;52;108;118;126;132;136;142;159;163;173;177;181;194,24,24,0,0.8,0.0
277,mean_naive_full_data,signed_square,gamma,1.0,proven_maximum_cardinality,0.022231000009924173,1;23;28;31;44;45;48;56;62;77;78;84;86;89;97;98;112;116;124;127;132;136;147;150;157;164;167;179,28,26,2,0.8666666666666667,0.07142857142857142
278,mean_naive_full_data,signed_square,gamma,1.0,proven_maximum_cardinality,0.03126429999247193,2;11;16;18;31;36;42;48;65;71;81;90;95;109;110;116;118;122;126;127;132;148;152;153;162;186;191;199,28,26,2,0.8666666666666667,0.07142857142857142
279,mean_naive_full_data,signed_square,gamma,1.0,proven_maximum_cardinality,0.015241399873048067,13;19;47;54;57;62;66;78;82;83;115;120;127;134;139;147;150;162;168;175;186;188;199,23,23,0,0.7666666666666667,0.0
280,mean_naive_full_data,signed_square,gamma,1.0,proven_maximum_cardinality,0.023071799892932177,0;1;2;4;10;22;44;45;52;56;70;83;87;104;108;119;122;123;135;151;152;163;170;172;179;186;190,27,24,3,0.8,0.1111111111111111
281,mean_naive_full_data,signed_square,gamma,1.0,proven_maximum_cardinality,0.01800159993581474,2;9;25;27;32;33;39;40;49;54;77;82;84;90;102;107;113;128;141;144;149;154;158;166;167;172,26,26,0,0.8666666666666667,0.0
282,mean_naive_full_data,signed_square,gamma,1.0,proven_maximum_cardinality,0.01808439986780286,5;13;16;20;21;27;33;40;57;66;67;71;76;87;96;132;134;136;147;151;160;171;173;180,24,24,0,0.8,0.0
283,mean_naive_full_data,signed_square,gamma,1.0,proven_maximum_cardinality,0.01112979999743402,1;3;11;14;16;28;34;38;51;61;63;66;80;82;96;102;104;118;138;140;163;164;176;181,24,24,0,0.8,0.0
284,mean_naive_full_data,signed_square,gamma,1.0,proven_maximum_cardinality,0.035440499894320965,15;36;38;44;45;55;59;65;69;111;115;131;152;158;168;174;175;186;188;192;197,21,21,0,0.7,0.0
285,mean_naive_full_data,signed_square,gamma,1.0,proven_maximum_cardinality,0.013172899838536978,2;4;6;9;18;33;37;41;49;71;81;82;89;119;120;128;132;136;138;151;161;175;187;191;193,25,25,0,0.8333333333333334,0.0
286,mean_naive_full_data,signed_square,gamma,1.0,proven_maximum_cardinality,0.013334900140762329,5;8;16;30;31;47;52;66;67;71;79;89;94;108;115;118;119;120;128;145;156;170;175;177;179;182;192;196,28,25,3,0.8333333333333334,0.10714285714285714
287,mean_naive_full_data,signed_square,gamma,1.0,proven_maximum_cardinality,0.028583799954503775,20;37;38;47;53;60;61;70;76;82;87;90;101;106;111;114;115;118;119;125;128;133;165;166;169;176;199,27,24,3,0.8,0.1111111111111111
288,mean_naive_full_data,signed_square,gamma,1.0,proven_maximum_cardinality,0.02712520002387464,2;26;36;40;48;60;61;64;66;72;75;94;97;101;126;135;136;137;154;156;161;163;166;167;168;180;186;197,28,23,5,0.7666666666666667,0.17857142857142858
289,mean_naive_full_data,signed_square,gamma,1.0,proven_maximum_cardinality,0.03171540005132556,6;9;16;22;30;36;41;58;68;85;87;101;118;121;130;145;156;158;179;187;196;198,22,20,2,0.6666666666666666,0.09090909090909091
290,mean_naive_full_data,signed_square,gamma,1.0,proven_maximum_cardinality,0.024766100104898214,13;23;25;30;43;49;62;66;72;89;99;102;125;140;152;154;155;157;161;176;177;193;195,23,22,1,0.7333333333333333,0.043478260869565216
291,mean_naive_full_data,signed_square,gamma,1.0,proven_maximum_cardinality,0.01956019992940128,3;26;30;35;41;44;46;55;57;72;92;100;109;124;127;135;138;139;169;179;185;187;196,23,21,2,0.7,0.08695652173913043
292,mean_naive_full_data,signed_square,gamma,1.0,proven_maximum_cardinality,0.015489400131627917,8;14;23;27;29;51;54;71;83;84;88;107;109;113;118;126;129;130;141;145;148;165;180;191;193;197;199,27,25,2,0.8333333333333334,0.07407407407407407
293,mean_naive_full_data,signed_square,gamma,1.0,proven_maximum_cardinality,0.0368707999587059,3;4;13;21;48;55;58;81;83;90;95;111;114;115;117;128;137;142;145;147;160;167;184;186;188;197,26,24,2,0.8,0.07692307692307693
294,mean_naive_full_data,signed_square,gamma,1.0,proven_maximum_cardinality,0.017996300011873245,3;4;10;25;36;46;52;54;62;66;77;88;102;108;111;113;114;119;125;129;134;143;145;149;163;179;182;188,28,26,2,0.8666666666666667,0.07142857142857142
295,mean_naive_full_data,signed_square,gamma,1.0,proven_maximum_cardinality,0.013889600057154894,7;10;30;34;39;54;55;58;59;61;71;72;79;87;96;97;110;116;119;122;124;131;132;144;163;164;175,27,24,3,0.8,0.1111111111111111
296,mean_naive_full_data,signed_square,gamma,1.0,proven_maximum_cardinality,0.04200819996185601,12;14;19;24;25;45;54;58;62;63;67;70;82;94;109;116;124;129;137;142;144;152;160;166;167;189,26,22,4,0.7333333333333333,0.15384615384615385
297,mean_naive_full_data,signed_square,gamma,1.0,proven_maximum_cardinality,0.030564700020477176,0;1;10;16;17;32;41;43;50;51;62;72;73;95;97;102;104;118;140;141;142;151;155;183;184;185;198,27,25,2,0.8333333333333334,0.07407407407407407
298,mean_naive_full_data,signed_square,gamma,1.0,proven_maximum_cardinality,0.03329940000548959,2;4;5;7;9;25;35;44;48;55;59;63;78;81;88;98;109;118;131;152;154;156;159;166;168;176;177;186;190;193;196,31,26,5,0.8666666666666667,0.16129032258064516
299,mean_naive_full_data,signed_square,gamma,1.0,proven_maximum_cardinality,0.013804899994283915,3;4;17;24;25;42;49;56;57;68;76;87;94;97;107;119;121;125;133;137;148;163;165;176;177;178;179;188;193,29,29,0,0.9666666666666667,0.0
300,mean_naive_full_data,signed_square,gamma,1.0,proven_maximum_cardinality,0.03164869989268482,0;13;23;30;37;39;50;55;62;79;84;86;103;110;112;122;123;134;142;149;152;153;165;166;191;196,26,26,0,0.8666666666666667,0.0
301,mean_naive_full_data,signed_square,gamma,1.0,proven_maximum_cardinality,0.030217899940907955,3;6;12;27;29;31;47;49;55;58;90;94;95;98;105;118;122;126;132;137;142;168;173;174;178;184;190,27,25,2,0.8333333333333334,0.07407407407407407
302,mean_naive_full_data,signed_square,gamma,1.0,proven_maximum_cardinality,0.0252984999679029,12;22;25;33;49;60;61;63;78;90;102;105;108;112;113;121;123;133;137;140;173;178;184,23,22,1,0.7333333333333333,0.043478260869565216
303,mean_naive_full_data,signed_square,gamma,1.0,proven_maximum_cardinality,0.021303099812939763,6;9;18;19;23;32;38;48;60;68;80;81;90;106;110;111;147;163;168;174;182;189;194;199,24,22,2,0.7333333333333333,0.08333333333333333
304,mean_naive_full_data,signed_square,gamma,1.0,proven_maximum_cardinality,0.018253899877890944,1;26;36;50;51;58;60;65;72;81;84;86;102;109;111;112;117;118;128;132;138;141;142;158;160;163;165;171;181;182,30,29,1,0.9666666666666667,0.03333333333333333
305,mean_naive_full_data,signed_square,gamma,1.0,proven_maximum_cardinality,0.026344100013375282,0;13;14;17;21;22;44;48;58;74;75;100;112;116;120;129;139;147;153;162;171,21,20,1,0.6666666666666666,0.047619047619047616
306,mean_naive_full_data,signed_square,gamma,1.0,proven_maximum_cardinality,0.016154099954292178,3;9;23;24;32;34;36;64;65;87;107;111;121;131;132;135;139;141;147;154;186,21,20,1,0.6666666666666666,0.047619047619047616
307,mean_naive_full_data,signed_square,gamma,1.0,proven_maximum_cardinality,0.0212183000985533,16;19;41;47;48;51;52;57;61;64;65;74;101;112;117;121;127;135;139;143;158;162;165;173;175;180;190;192;195;196,30,29,1,0.9666666666666667,0.03333333333333333
308,mean_naive_full_data,signed_square,gamma,1.0,proven_maximum_cardinality,0.022905000019818544,20;22;24;27;37;38;40;41;43;51;64;67;68;88;98;116;125;126;151;154;166;168;169;172;177;199,26,25,1,0.8333333333333334,0.038461538461538464
309,mean_naive_full_data,signed_square,gamma,1.0,proven_maximum_cardinality,0.019094000104814768,13;43;48;50;56;62;65;70;96;98;107;115;122;124;131;149;152;153;162;167;169;172;174;178;184;185;193,27,26,1,0.8666666666666667,0.037037037037037035
310,mean_naive_full_data,signed_square,gamma,1.0,proven_maximum_cardinality,0.032287799986079335,9;17;24;34;37;47;50;54;65;66;68;81;83;90;93;97;116;136;142;169;175;178;183;199,24,24,0,0.8,0.0
311,mean_naive_full_data,signed_square,gamma,1.0,proven_maximum_cardinality,0.013703699922189116,3;17;33;36;43;52;69;70;71;72;75;102;106;110;132;135;136;137;143;144;152;162;187;191;196;198,26,25,1,0.8333333333333334,0.038461538461538464
312,mean_naive_full_data,signed_square,gamma,1.0,proven_maximum_cardinality,0.04073769995011389,3;6;8;9;10;19;20;24;37;39;48;50;86;88;91;94;104;110;111;119;139;144;153;157;192;194;197,27,23,4,0.7666666666666667,0.14814814814814814
313,mean_naive_full_data,signed_square,gamma,1.0,proven_maximum_cardinality,0.01679229992441833,4;9;19;28;31;34;36;45;55;56;57;67;87;92;97;105;122;127;132;139;160;172;173;178;184;194;195;196,28,28,0,0.9333333333333333,0.0
314,mean_naive_full_data,signed_square,gamma,1.0,proven_maximum_cardinality,0.03633789997547865,10;20;43;53;54;58;79;84;90;92;104;106;112;115;152;154;157;158;164;174;177;183;187;192,24,21,3,0.7,0.125
315,mean_naive_full_data,signed_square,gamma,1.0,proven_maximum_cardinality,0.023426700150594115,22;25;33;45;67;69;79;80;85;86;91;99;116;125;136;152;156;160;164;168;169;178;179,23,22,1,0.7333333333333333,0.043478260869565216
316,mean_naive_full_data,signed_square,gamma,1.0,proven_maximum_cardinality,0.012134299846366048,6;7;13;18;24;30;34;37;43;51;54;55;65;97;112;117;127;135;140;145;163;169;183;188,24,23,1,0.7666666666666667,0.041666666666666664
317,mean_naive_full_data,signed_square,gamma,1.0,proven_maximum_cardinality,0.021206500008702278,0;15;27;34;35;37;47;51;59;65;75;77;82;93;102;117;123;130;137;157;189,21,21,0,0.7,0.0
318,mean_naive_full_data,signed_square,gamma,1.0,proven_maximum_cardinality,0.021420700009912252,0;5;28;34;49;51;56;59;61;65;77;86;101;106;110;123;135;141;165;168;169;172;173;174;188,25,25,0,0.8333333333333334,0.0
319,mean_naive_full_data,signed_square,gamma,1.0,proven_maximum_cardinality,0.0231884999666363,4;6;26;30;41;42;43;44;45;53;55;66;74;75;82;83;87;92;96;100;124;125;133;144;151;169;170;172;181,29,24,5,0.8,0.1724137931034483
320,mean_naive_full_data,signed_square,gamma,1.0,proven_maximum_cardinality,0.013177100103348494,31;33;43;49;56;63;77;88;90;102;109;112;115;117;123;142;143;149;153;157;159;165;168;180;188;190;191;199,28,27,1,0.9,0.03571428571428571
321,mean_naive_full_data,signed_square,gamma,1.0,proven_maximum_cardinality,0.017335399985313416,13;19;21;33;47;54;58;77;90;98;105;109;114;117;121;135;138;144;145;146;161;169;172;177;180;194;195;196,28,26,2,0.8666666666666667,0.07142857142857142
322,mean_naive_full_data,signed_square,gamma,1.0,proven_maximum_cardinality,0.03741330001503229,8;10;17;19;21;28;31;44;51;59;72;81;88;100;113;122;126;131;133;138;160;164;172;173;183;189;193,27,23,4,0.7666666666666667,0.14814814814814814
323,mean_naive_full_data,signed_square,gamma,1.0,proven_maximum_cardinality,0.008842899929732084,11;16;18;21;37;41;46;48;54;58;59;62;69;72;84;88;105;109;130;142;147;164;165;170;179;191;199,27,24,3,0.8,0.1111111111111111
324,mean_naive_full_data,signed_square,gamma,1.0,proven_maximum_cardinality,0.01689319987781346,0;2;10;25;28;29;61;62;63;65;72;73;96;114;125;128;131;134;162;171;177;178;186;188;189,25,25,0,0.8333333333333334,0.0
325,mean_naive_full_data,signed_square,gamma,1.0,proven_maximum_cardinality,0.016338499961420894,12;19;22;24;29;42;52;56;58;65;77;78;91;93;96;100;117;133;137;145;151;163;170;171;172;187,26,24,2,0.8,0.07692307692307693
326,mean_naive_full_data,signed_square,gamma,1.0,proven_maximum_cardinality,0.01780140004120767,5;12;17;22;36;42;46;57;59;68;87;89;107;111;114;122;128;131;140;146;148;167;173;178;179;181;193;195;199,29,25,4,0.8333333333333334,0.13793103448275862
327,mean_naive_full_data,signed_square,gamma,1.0,proven_maximum_cardinality,0.031175199896097183,13;21;42;44;53;57;61;75;77;78;97;104;109;119;121;130;136;154;160;162;174;180;186;188;189;190;193,27,25,2,0.8333333333333334,0.07407407407407407
328,mean_naive_full_data,signed_square,gamma,1.0,proven_maximum_cardinality,0.0276184999383986,12;17;19;30;47;52;56;59;68;75;85;86;93;94;99;111;116;120;122;130;145;148;149;151;160;178;188;198,28,24,4,0.8,0.14285714285714285
329,mean_naive_full_data,signed_square,gamma,1.0,proven_maximum_cardinality,0.01674670004285872,3;10;21;23;30;37;41;42;56;66;69;72;79;82;96;107;116;126;134;151;166;167;172;185;186;191;199,27,27,0,0.9,0.0
330,mean_naive_full_data,signed_square,gamma,1.0,proven_maximum_cardinality,0.014356800122186542,9;21;26;31;52;77;80;102;120;123;129;134;145;147;148;149;151;165;169;181;186;187;197;198,24,22,2,0.7333333333333333,0.08333333333333333
331,mean_naive_full_data,signed_square,gamma,1.0,proven_maximum_cardinality,0.01642380002886057,4;9;20;32;39;73;75;85;86;92;99;111;112;115;123;126;136;137;144;151;175;182;183;187;189,25,25,0,0.8333333333333334,0.0
332,mean_naive_full_data,signed_square,gamma,1.0,proven_maximum_cardinality,0.02972240000963211,2;12;16;38;43;58;65;69;96;103;106;120;130;136;138;147;150;155;156;157;159;161;192,23,22,1,0.7333333333333333,0.043478260869565216
333,mean_naive_full_data,signed_square,gamma,1.0,proven_maximum_cardinality,0.032569600036367774,11;22;25;37;45;50;54;57;76;79;87;98;100;106;115;136;150,17,16,1,0.5333333333333333,0.058823529411764705
334,mean_naive_full_data,signed_square,gamma,1.0,proven_maximum_cardinality,0.015653299866244197,0;29;38;40;47;55;59;65;74;75;80;99;107;109;112;125;126;130;148;151;154;160;172;175;177;181;183;187;197,29,24,5,0.8,0.1724137931034483
335,mean_naive_full_data,signed_square,gamma,1.0,proven_maximum_cardinality,0.01730250008404255,1;13;15;18;40;41;51;60;63;67;75;82;85;91;93;94;95;121;124;128;131;132;133;159;160;163;168;175;182;195,30,27,3,0.9,0.1
336,mean_naive_full_data,signed_square,gamma,1.0,proven_maximum_cardinality,0.020477700047194958,0;10;12;18;21;32;38;43;45;72;83;86;91;105;109;111;118;130;136;141;152;171;192,23,23,0,0.7666666666666667,0.0
337,mean_naive_full_data,signed_square,gamma,1.0,proven_maximum_cardinality,0.012755000032484531,5;7;16;42;45;48;56;74;75;82;97;98;102;105;118;129;137;140;141;152;161;170;171;184,24,22,2,0.7333333333333333,0.08333333333333333
338,mean_naive_full_data,signed_square,gamma,1.0,proven_maximum_cardinality,0.04079120000824332,3;5;13;19;21;29;32;70;71;72;79;100;117;123;125;145;146;167;169;176;179;184,22,21,1,0.7,0.045454545454545456
339,mean_naive_full_data,signed_square,gamma,1.0,proven_maximum_cardinality,0.023444100050255656,7;14;36;40;47;51;57;60;62;76;84;86;91;97;118;132;138;146;148;150;158;159;164,23,21,2,0.7,0.08695652173913043
340,mean_naive_full_data,signed_square,gamma,1.0,proven_maximum_cardinality,0.013373399851843715,1;3;11;18;23;25;31;32;40;42;67;84;96;97;98;110;112;114;119;130;139;142;147;173;192;197;198,27,24,3,0.8,0.1111111111111111
341,mean_naive_full_data,signed_square,gamma,1.0,proven_maximum_cardinality,0.02990589989349246,8;24;30;37;38;45;48;52;63;66;69;75;98;109;116;120;121;133;148;153;168;170;184;187,24,23,1,0.7666666666666667,0.041666666666666664
342,mean_naive_full_data,signed_square,gamma,1.0,proven_maximum_cardinality,0.02637239987961948,2;5;31;50;54;76;82;101;117;126;137;140;142;148;152;154;155;165;167;170;175;176;180;185,24,21,3,0.7,0.125
343,mean_naive_full_data,signed_square,gamma,1.0,proven_maximum_cardinality,0.01975740003399551,5;10;11;20;27;29;36;38;41;58;64;99;109;112;117;123;136;145;192,19,19,0,0.6333333333333333,0.0
344,mean_naive_full_data,signed_square,gamma,1.0,proven_maximum_cardinality,0.022827799897640944,10;14;19;21;22;26;30;33;35;36;45;50;52;64;65;93;100;104;119;143;159;160;179;183;199,25,24,1,0.8,0.04
345,mean_naive_full_data,signed_square,gamma,1.0,proven_maximum_cardinality,0.024782799882814288,10;12;14;26;31;32;40;50;56;61;78;87;91;101;102;106;108;125;126;127;138;161;170;183;189;195,26,25,1,0.8333333333333334,0.038461538461538464
346,mean_naive_full_data,signed_square,gamma,1.0,proven_maximum_cardinality,0.0243130000308156,0;11;14;25;40;45;50;61;69;75;78;85;93;104;112;113;119;136;178;182;192;193,22,21,1,0.7,0.045454545454545456
347,mean_naive_full_data,signed_square,gamma,1.0,proven_maximum_cardinality,0.024995699990540743,1;2;10;12;22;30;38;41;54;62;63;66;68;76;118;125;126;139;154;155;176;186;190;194;195,25,25,0,0.8333333333333334,0.0
348,mean_naive_full_data,signed_square,gamma,1.0,proven_maximum_cardinality,0.027580599999055266,1;7;11;13;18;27;40;57;81;83;89;91;119;129;130;144;148;165;169;175;181;197,22,22,0,0.7333333333333333,0.0
349,mean_naive_full_data,signed_square,gamma,1.0,proven_maximum_cardinality,0.043232500087469816,2;13;37;41;47;59;66;84;85;88;89;95;126;136;138;145;152;156;180;182;184;195,22,22,0,0.7333333333333333,0.0
350,mean_naive_full_data,signed_square,gamma,1.0,proven_maximum_cardinality,0.022870700107887387,9;33;36;39;45;48;51;62;65;68;86;92;98;100;108;118;129;146;165;166;167;169;183;191;193;195,26,25,1,0.8333333333333334,0.038461538461538464
351,mean_naive_full_data,signed_square,gamma,1.0,proven_maximum_cardinality,0.023498700000345707,0;1;22;32;33;43;44;55;68;91;92;98;101;106;118;125;127;131;149;164;167;169;178;179,24,23,1,0.7666666666666667,0.041666666666666664
352,mean_naive_full_data,signed_square,gamma,1.0,proven_maximum_cardinality,0.028040899895131588,10;11;14;40;49;59;79;104;105;108;116;119;122;125;126;141;144;145;147;171;182;183;187;196,24,23,1,0.7666666666666667,0.041666666666666664
353,mean_naive_full_data,signed_square,gamma,1.0,proven_maximum_cardinality,0.018915999913588166,0;4;9;12;29;36;55;73;90;108;111;112;121;126;142;152;157;159;161;173;184;188;189;194;195,25,25,0,0.8333333333333334,0.0
354,mean_naive_full_data,signed_square,gamma,1.0,proven_maximum_cardinality,0.022621599957346916,0;22;29;37;45;54;55;73;84;93;94;109;115;122;128;136;165;169;173;191,20,20,0,0.6666666666666666,0.0
355,mean_naive_full_data,signed_square,gamma,1.0,proven_maximum_cardinality,0.019222700037062168,5;11;13;15;19;30;40;42;66;67;77;81;82;86;110;111;121;130;137;144;146;150;158;161;169;186;190,27,26,1,0.8666666666666667,0.037037037037037035
356,mean_naive_full_data,signed_square,gamma,1.0,proven_maximum_cardinality,0.010971799958497286,4;12;26;32;35;38;44;45;47;55;76;77;83;90;94;98;113;115;127;138;143;149;156;166;180;181;184;197,28,27,1,0.9,0.03571428571428571
357,mean_naive_full_data,signed_square,gamma,1.0,proven_maximum_cardinality,0.02103259996511042,27;28;32;43;56;63;64;65;68;81;84;85;91;96;107;114;115;124;149;159;160;165;173;176;183;188;191,27,23,4,0.7666666666666667,0.14814814814814814
358,mean_naive_full_data,signed_square,gamma,1.0,proven_maximum_cardinality,0.020862399833276868,10;11;14;26;31;37;43;46;51;54;55;64;70;74;90;93;95;101;102;122;147;172;175;179;180;181;186,27,24,3,0.8,0.1111111111111111
359,mean_naive_full_data,signed_square,gamma,1.0,proven_maximum_cardinality,0.012191100046038628,10;21;29;34;35;38;40;45;62;68;75;94;100;102;103;110;113;121;138;139;140;142;144;147;148;161;165;177;193,29,28,1,0.9333333333333333,0.034482758620689655
360,mean_naive_full_data,signed_square,gamma,1.0,proven_maximum_cardinality,0.021738499868661165,9;17;20;35;45;46;50;58;59;80;90;94;103;114;138;142;144;146;147;150;151;156;159;166;172;186;195;198,28,26,2,0.8666666666666667,0.07142857142857142
361,mean_naive_full_data,signed_square,gamma,1.0,proven_maximum_cardinality,0.029679300030693412,5;14;29;46;60;62;79;94;95;96;100;112;117;122;125;126;128;142;144;157;167;168;173;186;187;194,26,25,1,0.8333333333333334,0.038461538461538464
362,mean_naive_full_data,signed_square,gamma,1.0,proven_maximum_cardinality,0.027893299935385585,14;27;43;69;72;73;78;85;101;114;122;124;126;141;142;149;150;154;156;164;168;186;191;199,24,22,2,0.7333333333333333,0.08333333333333333
363,mean_naive_full_data,signed_square,gamma,1.0,proven_maximum_cardinality,0.023475500056520104,10;11;13;14;19;20;35;37;38;54;66;68;105;110;127;152;159;164;166;167;168;182;189;192;194,25,24,1,0.8,0.04
364,mean_naive_full_data,signed_square,gamma,1.0,proven_maximum_cardinality,0.017215699888765812,2;6;13;18;31;38;58;66;73;76;79;81;90;106;109;122;126;129;136;143;151;153;154;165;166;171;179;184;186;190,30,29,1,0.9666666666666667,0.03333333333333333
365,mean_naive_full_data,signed_square,gamma,1.0,proven_maximum_cardinality,0.03434800007380545,1;20;21;26;27;28;35;36;51;59;66;72;77;80;85;86;91;92;95;99;104;109;120;121;130;134;137;152;159;165;171;173;195,33,25,8,0.8333333333333334,0.24242424242424243
366,mean_naive_full_data,signed_square,gamma,1.0,proven_maximum_cardinality,0.017652699956670403,1;7;14;22;30;31;33;38;39;47;50;54;73;79;81;87;88;99;110;137;142;160;165;167;175;198;199,27,25,2,0.8333333333333334,0.07407407407407407
367,mean_naive_full_data,signed_square,gamma,1.0,proven_maximum_cardinality,0.02581249992363155,2;31;34;60;64;67;77;83;86;91;97;99;108;110;116;124;125;137;149;153;154;160;172;181;189;192;193;198,28,26,2,0.8666666666666667,0.07142857142857142
368,mean_naive_full_data,signed_square,gamma,1.0,proven_maximum_cardinality,0.0361733001191169,26;27;28;32;53;55;60;98;105;108;114;122;129;143;146;150;151;154;157;166;170;189;192,23,22,1,0.7333333333333333,0.043478260869565216
369,mean_naive_full_data,signed_square,gamma,1.0,proven_maximum_cardinality,0.031005199998617172,4;5;8;19;25;36;38;39;40;47;51;67;77;101;120;121;123;125;126;130;135;155;157;174;175;181;193,27,25,2,0.8333333333333334,0.07407407407407407
370,mean_naive_full_data,signed_square,gamma,1.0,proven_maximum_cardinality,0.021566999843344092,1;5;10;16;34;45;53;56;62;73;80;91;93;105;109;120;125;129;141;145;149;158;168;173;191;193,26,24,2,0.8,0.07692307692307693
371,mean_naive_full_data,signed_square,gamma,1.0,proven_maximum_cardinality,0.017832000041380525,10;13;34;45;49;51;53;58;67;69;85;86;93;102;103;110;116;125;131;145;152;157;158;162;190;195,26,25,1,0.8333333333333334,0.038461538461538464
372,mean_naive_full_data,signed_square,gamma,1.0,proven_maximum_cardinality,0.02363880001939833,1;8;20;21;28;31;37;40;53;69;81;102;108;110;116;135;139;141;146;147;163;164;170;176;183;194,26,23,3,0.7666666666666667,0.11538461538461539
373,mean_naive_full_data,signed_square,gamma,1.0,proven_maximum_cardinality,0.04903100011870265,3;9;10;14;17;28;34;39;45;68;69;75;77;78;89;92;94;106;120;157;158;160;175,23,22,1,0.7333333333333333,0.043478260869565216
374,mean_naive_full_data,signed_square,gamma,1.0,proven_maximum_cardinality,0.02553689992055297,5;19;20;26;35;36;39;48;53;55;57;71;74;80;99;104;113;134;141;157;158;171;184;189;195,25,25,0,0.8333333333333334,0.0
375,mean_naive_full_data,signed_square,gamma,1.0,proven_maximum_cardinality,0.04097809991799295,16;34;39;42;44;47;54;57;58;68;73;92;93;99;100;108;113;130;131;135;175;184;187;191,24,20,4,0.6666666666666666,0.16666666666666666
376,mean_naive_full_data,signed_square,gamma,1.0,proven_maximum_cardinality,0.02097629988566041,8;13;14;15;20;47;49;63;75;78;87;90;91;92;96;107;108;112;128;144;146;152;170;179;186;188,26,24,2,0.8,0.07692307692307693
377,mean_naive_full_data,signed_square,gamma,1.0,proven_maximum_cardinality,0.030099399853497744,2;4;7;20;34;40;59;62;64;65;74;77;79;82;84;85;88;91;103;119;134;138;143;147;158;177;186,27,25,2,0.8333333333333334,0.07407407407407407
378,mean_naive_full_data,signed_square,gamma,1.0,proven_maximum_cardinality,0.013462899951264262,10;13;16;35;52;59;63;72;73;82;99;105;108;112;115;121;143;157;159;170;176;177;185;187;188;190;192;194;195;196,30,27,3,0.9,0.1
379,mean_naive_full_data,signed_square,gamma,1.0,proven_maximum_cardinality,0.02595439995639026,1;5;9;15;36;42;43;55;69;83;97;118;121;122;125;139;152;168;181;191;193,21,20,1,0.6666666666666666,0.047619047619047616
380,mean_naive_full_data,signed_square,gamma,1.0,proven_maximum_cardinality,0.0452587001491338,6;9;11;29;35;36;44;47;67;71;74;78;91;96;98;100;103;117;119;127;135;147;156;163;169;179,26,25,1,0.8333333333333334,0.038461538461538464
381,mean_naive_full_data,signed_square,gamma,1.0,proven_maximum_cardinality,0.020607199985533953,2;9;15;27;29;39;40;41;85;87;89;91;96;100;111;114;119;124;130;139;148;158;159;164;165;172;177;183;189,29,28,1,0.9333333333333333,0.034482758620689655
382,mean_naive_full_data,signed_square,gamma,1.0,proven_maximum_cardinality,0.02272360003553331,14;21;29;47;60;61;66;70;72;75;81;82;84;110;112;117;129;147;149;156;157;169;179;180;185;187,26,24,2,0.8,0.07692307692307693
383,mean_naive_full_data,signed_square,gamma,1.0,proven_maximum_cardinality,0.022952300030738115,0;6;12;22;26;38;44;47;51;61;63;86;87;101;104;106;129;140;153;162;168;173;174;178;188;193;199,27,25,2,0.8333333333333334,0.07407407407407407
384,mean_naive_full_data,signed_square,gamma,1.0,proven_maximum_cardinality,0.03345160000026226,4;5;11;15;36;63;67;73;88;91;103;116;132;136;140;149;153;164;176;180;191,21,19,2,0.6333333333333333,0.09523809523809523
385,mean_naive_full_data,signed_square,gamma,1.0,proven_maximum_cardinality,0.020073599880561233,6;17;20;31;42;58;59;61;79;82;93;100;104;127;133;140;146;150;153;167;169;184;185;186,24,22,2,0.7333333333333333,0.08333333333333333
386,mean_naive_full_data,signed_square,gamma,1.0,proven_maximum_cardinality,0.028460900066420436,2;11;12;13;24;48;59;61;65;68;69;75;95;113;116;121;132;139;163;170;176;182;190;193;197,25,25,0,0.8333333333333334,0.0
387,mean_naive_full_data,signed_square,gamma,1.0,proven_maximum_cardinality,0.03111080010421574,13;21;35;36;39;43;51;64;74;84;90;92;93;104;107;110;115;132;156;161;174;176;182;184,24,24,0,0.8,0.0
388,mean_naive_full_data,signed_square,gamma,1.0,proven_maximum_cardinality,0.015584699809551239,1;2;14;17;21;30;32;41;47;55;65;70;95;97;101;104;105;110;125;137;145;152;160;164;168;192,26,24,2,0.8,0.07692307692307693
389,mean_naive_full_data,signed_square,gamma,1.0,proven_maximum_cardinality,0.0219824998639524,3;5;7;10;21;31;43;47;50;56;58;69;73;77;84;88;102;146;166;168;199,21,21,0,0.7,0.0
390,mean_naive_full_data,signed_square,gamma,1.0,proven_maximum_cardinality,0.013089000014588237,5;6;12;15;21;25;34;48;53;68;99;101;104;107;121;132;133;152;159;167;169;178;184,23,23,0,0.7666666666666667,0.0
391,mean_naive_full_data,signed_square,gamma,1.0,proven_maximum_cardinality,0.016153200063854456,8;21;24;30;40;46;64;72;73;77;89;90;101;102;105;109;112;113;115;116;122;143;145;150;154;161;177;180;186,29,28,1,0.9333333333333333,0.034482758620689655
392,mean_naive_full_data,signed_square,gamma,1.0,proven_maximum_cardinality,0.014556299895048141,1;13;15;18;19;27;33;49;57;67;69;74;99;105;117;118;129;132;136;137;146;152;166;171;172;173;180,27,25,2,0.8333333333333334,0.07407407407407407
393,mean_naive_full_data,signed_square,gamma,1.0,proven_maximum_cardinality,0.01380839990451932,0;8;13;25;28;52;59;67;69;73;75;96;100;119;121;128;133;140;142;143;156;165;172;174;176;184;190,27,26,1,0.8666666666666667,0.037037037037037035
394,mean_naive_full_data,signed_square,gamma,1.0,proven_maximum_cardinality,0.019536699866876006,1;10;12;18;19;20;27;38;45;50;63;64;67;72;80;101;105;112;119;126;138;140;141;149;153;162;179;189;197,29,26,3,0.8666666666666667,0.10344827586206896
395,mean_naive_full_data,signed_square,gamma,1.0,proven_maximum_cardinality,0.02087590005248785,2;3;8;10;15;19;25;31;38;48;52;54;59;81;90;97;99;102;103;116;118;130;168;176;179;181;190;192,28,25,3,0.8333333333333334,0.10714285714285714
396,mean_naive_full_data,signed_square,gamma,1.0,proven_maximum_cardinality,0.030870200134813786,0;17;32;39;53;61;62;69;72;75;82;85;99;120;132;133;140;143;149;178;182;193;195;196,24,23,1,0.7666666666666667,0.041666666666666664
397,mean_naive_full_data,signed_square,gamma,1.0,proven_maximum_cardinality,0.023632300086319447,5;7;20;30;35;46;61;63;83;84;91;99;103;118;127;131;142;143;152;153;155;168;180;191;198,25,24,1,0.8,0.04
398,mean_naive_full_data,signed_square,gamma,1.0,proven_maximum_cardinality,0.025078800041228533,6;8;33;35;44;60;84;91;116;120;122;125;136;153;155;159;172;173;195,19,19,0,0.6333333333333333,0.0
399,mean_naive_full_data,signed_square,gamma,1.0,proven_maximum_cardinality,0.012264600023627281,3;6;7;9;24;26;48;54;62;81;83;84;92;93;102;109;121;129;130;131;132;136;147;148;156;185;186;190;191;198,30,30,0,1.0,0.0
400,mean_naive_full_data,signed_square,gamma,1.0,proven_maximum_cardinality,0.025492300046607852,4;8;11;16;26;42;44;57;70;80;81;86;88;93;97;101;112;114;117;142;147;148;149;182;188;197,26,25,1,0.8333333333333334,0.038461538461538464
401,mean_naive_full_data,signed_square,gamma,1.0,proven_maximum_cardinality,0.036101500038057566,14;43;58;60;64;66;74;80;84;99;117;123;124;132;138;154;161;166;170;175;179;187;197,23,21,2,0.7,0.08695652173913043
402,mean_naive_full_data,signed_square,gamma,1.0,proven_maximum_cardinality,0.011419099988415837,7;10;17;22;38;41;44;47;49;50;56;60;69;77;97;99;100;102;105;134;142;143;151;154;172;194,26,26,0,0.8666666666666667,0.0
403,mean_naive_full_data,signed_square,gamma,1.0,proven_maximum_cardinality,0.045800400199368596,16;20;22;25;27;38;48;56;57;90;97;102;110;111;116;120;130;132;137;148;155;166;172;186,24,22,2,0.7333333333333333,0.08333333333333333
404,mean_naive_full_data,signed_square,gamma,1.0,proven_maximum_cardinality,0.019282500026747584,11;24;28;39;47;48;49;51;56;60;68;74;79;88;91;94;130;137;141;143;157;163;184;189,24,24,0,0.8,0.0
405,mean_naive_full_data,signed_square,gamma,1.0,proven_maximum_cardinality,0.032554700039327145,16;18;47;53;69;71;73;82;93;96;103;106;115;117;137;142;173;176;178;180;187,21,19,2,0.6333333333333333,0.09523809523809523
406,mean_naive_full_data,signed_square,gamma,1.0,proven_maximum_cardinality,0.042426600120961666,10;29;34;44;55;77;88;98;105;106;109;112;114;126;127;140;143;150;162;167;176;179;191;192;198,25,23,2,0.7666666666666667,0.08
407,mean_naive_full_data,signed_square,gamma,1.0,proven_maximum_cardinality,0.02443900005891919,1;4;11;17;19;23;27;32;34;50;54;95;108;119;130;136;146;148;149;156;159;170;175;176;180;181;186,27,24,3,0.8,0.1111111111111111
408,mean_naive_full_data,signed_square,gamma,1.0,proven_maximum_cardinality,0.015686400001868606,2;5;11;16;29;40;52;67;73;84;91;94;97;104;106;112;119;121;126;130;143;145;146;153;171;175;192,27,25,2,0.8333333333333334,0.07407407407407407
409,mean_naive_full_data,signed_square,gamma,1.0,proven_maximum_cardinality,0.0324458999093622,29;47;59;63;70;71;76;79;86;90;95;103;128;133;144;145;146;152;156;163;192;197,22,21,1,0.7,0.045454545454545456
410,mean_naive_full_data,signed_square,gamma,1.0,proven_maximum_cardinality,0.024681400042027235,3;8;16;29;40;47;52;54;68;79;82;98;99;119;121;133;136;145;147;158;174;191;193,23,22,1,0.7333333333333333,0.043478260869565216
411,mean_naive_full_data,signed_square,gamma,1.0,proven_maximum_cardinality,0.027665400179103017,3;9;13;17;20;21;23;35;39;45;50;87;112;120;124;128;139;141;144;176;177;187,22,22,0,0.7333333333333333,0.0
412,mean_naive_full_data,signed_square,gamma,1.0,proven_maximum_cardinality,0.02499060006812215,8;11;18;36;56;62;69;82;85;87;89;95;99;102;103;120;121;130;144;147;151;153;159;164;171;179;188,27,26,1,0.8666666666666667,0.037037037037037035
413,mean_naive_full_data,signed_square,gamma,1.0,proven_maximum_cardinality,0.021048099966719747,24;25;27;43;45;49;51;54;67;69;70;75;79;86;87;88;93;96;101;141;148;156;157;163;164;165;185;189;199,29,27,2,0.9,0.06896551724137931
414,mean_naive_full_data,signed_square,gamma,1.0,proven_maximum_cardinality,0.02408459992147982,23;24;36;40;47;48;57;59;70;71;73;80;81;88;99;102;107;125;127;132;141;148;155;178;181;186,26,26,0,0.8666666666666667,0.0
415,mean_naive_full_data,signed_square,gamma,1.0,proven_maximum_cardinality,0.047933800145983696,11;13;21;29;37;44;46;50;54;60;67;71;81;86;91;109;121;127;131;135;140;144;171;175;176;187;188;191;199,29,27,2,0.9,0.06896551724137931
416,mean_naive_full_data,signed_square,gamma,1.0,proven_maximum_cardinality,0.030336800031363964,10;16;19;26;34;39;40;72;74;87;89;92;102;109;114;117;135;170;183;184;186,21,21,0,0.7,0.0
417,mean_naive_full_data,signed_square,gamma,1.0,proven_maximum_cardinality,0.0166915999725461,6;7;8;25;38;44;50;55;61;72;79;80;83;93;97;102;107;115;127;132;143;147;172;181;193,25,25,0,0.8333333333333334,0.0
418,mean_naive_full_data,signed_square,gamma,1.0,proven_maximum_cardinality,0.03391900006681681,3;10;14;17;21;33;35;51;57;60;65;72;75;76;80;89;90;138;147;159;166;172;174;188;190;192,26,26,0,0.8666666666666667,0.0
419,mean_naive_full_data,signed_square,gamma,1.0,proven_maximum_cardinality,0.03266980010084808,7;8;34;49;53;54;65;79;84;89;102;116;126;139;144;147;152;163;164;169;183;189;191,23,22,1,0.7333333333333333,0.043478260869565216
420,mean_naive_full_data,signed_square,gamma,1.0,proven_maximum_cardinality,0.029371700016781688,1;15;23;26;31;32;35;49;57;89;90;91;101;104;110;128;130;131;135;136;146;152;167;171;174;176;194;198,28,26,2,0.8666666666666667,0.07142857142857142
421,mean_naive_full_data,signed_square,gamma,1.0,proven_maximum_cardinality,0.02657669992186129,2;14;36;52;54;65;71;72;78;84;85;89;93;95;102;104;105;115;117;128;138;142;162;169;176;182;186,27,26,1,0.8666666666666667,0.037037037037037035
422,mean_naive_full_data,signed_square,gamma,1.0,proven_maximum_cardinality,0.03605269989930093,3;6;11;13;16;22;28;31;39;62;68;77;79;98;108;120;121;126;163;167;168;174;181;184;197,25,25,0,0.8333333333333334,0.0
423,mean_naive_full_data,signed_square,gamma,1.0,proven_maximum_cardinality,0.02637430001050234,1;5;8;9;23;32;51;55;64;75;78;86;88;110;112;120;121;127;132;140;147;152;156;177;182;186;189,27,26,1,0.8666666666666667,0.037037037037037035
424,mean_naive_full_data,signed_square,gamma,1.0,proven_maximum_cardinality,0.022542099934071302,2;12;13;18;27;29;44;48;52;61;62;63;66;68;80;88;95;100;122;123;125;130;138;147;178;185;188,27,23,4,0.7666666666666667,0.14814814814814814
425,mean_naive_full_data,signed_square,gamma,1.0,proven_maximum_cardinality,0.030973099870607257,11;12;16;22;24;26;30;33;34;35;36;39;56;57;73;79;81;84;92;94;96;119;141;142;158;165;181;196,28,25,3,0.8333333333333334,0.10714285714285714
426,mean_naive_full_data,signed_square,gamma,1.0,proven_maximum_cardinality,0.05730270012281835,9;10;12;14;15;16;17;26;35;36;40;57;63;97;103;115;133;144;159;181;187;189;199,23,21,2,0.7,0.08695652173913043
427,mean_naive_full_data,signed_square,gamma,1.0,proven_maximum_cardinality,0.017200900008901954,5;8;11;56;58;64;79;80;81;84;89;92;99;106;109;119;123;132;137;146;159;165;166;191;195,25,25,0,0.8333333333333334,0.0
428,mean_naive_full_data,signed_square,gamma,1.0,proven_maximum_cardinality,0.02277530007995665,4;11;16;18;24;35;43;45;51;56;57;81;85;95;102;105;113;121;125;129;140;143;148;154;155;160;164;185;192,29,26,3,0.8666666666666667,0.10344827586206896
429,mean_naive_full_data,signed_square,gamma,1.0,proven_maximum_cardinality,0.025682099862024188,1;17;24;29;36;51;61;64;79;84;96;109;127;134;144;148;149;155;165;167;172;193;197;198,24,23,1,0.7666666666666667,0.041666666666666664
430,mean_naive_full_data,signed_square,gamma,1.0,proven_maximum_cardinality,0.027092699892818928,14;15;17;20;28;34;37;42;45;46;73;77;87;89;93;98;103;121;134;139;150;163;168;169;174;180;182;185,28,26,2,0.8666666666666667,0.07142857142857142
431,mean_naive_full_data,signed_square,gamma,1.0,proven_maximum_cardinality,0.018485899781808257,0;7;8;14;16;26;31;37;61;64;68;73;84;86;89;95;96;105;107;110;113;138;143;150;151;184;191,27,25,2,0.8333333333333334,0.07407407407407407
432,mean_naive_full_data,signed_square,gamma,1.0,proven_maximum_cardinality,0.051164699951186776,4;19;20;23;34;41;46;48;70;73;82;102;110;118;123;131;134;142;144;146;149;154;158;164;168;179;191,27,24,3,0.8,0.1111111111111111
433,mean_naive_full_data,signed_square,gamma,1.0,proven_maximum_cardinality,0.021181999938562512,11;14;18;28;32;34;36;44;58;69;73;86;91;97;102;111;119;130;131;133;164;171;177;182;193,25,23,2,0.7666666666666667,0.08
434,mean_naive_full_data,signed_square,gamma,1.0,proven_maximum_cardinality,0.04433170007541776,7;10;23;30;36;40;48;49;55;62;68;72;78;79;86;97;102;122;127;128;152;158;167;176;182;195,26,25,1,0.8333333333333334,0.038461538461538464
435,mean_naive_full_data,signed_square,gamma,1.0,proven_maximum_cardinality,0.030843300046399236,6;16;20;33;35;36;37;39;43;49;84;85;87;94;95;99;107;121;150;157;160;168;171;181;199,25,23,2,0.7666666666666667,0.08
436,mean_naive_full_data,signed_square,gamma,1.0,proven_maximum_cardinality,0.0157579998485744,10;12;32;33;35;37;43;54;56;72;74;90;100;106;131;151;155;164;183;193,20,18,2,0.6,0.1
437,mean_naive_full_data,signed_square,gamma,1.0,proven_maximum_cardinality,0.028563600033521652,9;22;26;27;30;38;47;55;58;59;75;86;101;106;113;114;124;130;133;136;140;150;151;165;175;177;185;194,28,25,3,0.8333333333333334,0.10714285714285714
438,mean_naive_full_data,signed_square,gamma,1.0,proven_maximum_cardinality,0.024191000033169985,4;7;14;43;54;62;63;65;68;81;95;100;112;113;116;117;128;131;133;141;156;166;171;172;174;194,26,25,1,0.8333333333333334,0.038461538461538464
439,mean_naive_full_data,signed_square,gamma,1.0,proven_maximum_cardinality,0.046181000070646405,0;17;29;33;57;65;68;69;76;109;119;150;152;160;162;163;165;166;171;172;189;199,22,20,2,0.6666666666666666,0.09090909090909091
440,mean_naive_full_data,signed_square,gamma,1.0,proven_maximum_cardinality,0.0225103001575917,2;3;22;24;26;28;29;40;58;73;80;88;105;107;110;111;116;126;137;175;181;195;199,23,23,0,0.7666666666666667,0.0
441,mean_naive_full_data,signed_square,gamma,1.0,proven_maximum_cardinality,0.0402689001057297,6;13;21;29;37;45;57;69;72;74;75;79;81;113;127;133;135;141;166;168;173;175;177;197;199,25,24,1,0.8,0.04
442,mean_naive_full_data,signed_square,gamma,1.0,proven_maximum_cardinality,0.022802099818363786,9;14;25;30;46;50;58;70;82;90;116;124;126;137;142;148;152;156;161;169;170;180;190,23,22,1,0.7333333333333333,0.043478260869565216
443,mean_naive_full_data,signed_square,gamma,1.0,proven_maximum_cardinality,0.0277859999332577,1;6;10;38;52;56;57;66;67;73;76;78;79;80;82;85;90;97;123;128;134;147;151;170;184;185;191;199,28,24,4,0.8,0.14285714285714285
444,mean_naive_full_data,signed_square,gamma,1.0,proven_maximum_cardinality,0.01649759989231825,0;10;24;27;40;42;49;65;76;84;85;101;110;113;130;142;145;146;154;156;164;170;172;176;184;193;197,27,25,2,0.8333333333333334,0.07407407407407407
445,mean_naive_full_data,signed_square,gamma,1.0,proven_maximum_cardinality,0.02519630012102425,11;15;16;27;42;48;55;59;63;66;67;80;89;100;107;129;133;135;150;151;154;155;156;170;180;184;187;197,28,25,3,0.8333333333333334,0.10714285714285714
446,mean_naive_full_data,signed_square,gamma,1.0,proven_maximum_cardinality,0.019619999919086695,7;9;11;19;29;38;40;46;58;59;69;82;103;121;125;128;137;142;151;167;169;181;184;187;191,25,25,0,0.8333333333333334,0.0
447,mean_naive_full_data,signed_square,gamma,1.0,proven_maximum_cardinality,0.020726200193166733,1;5;7;9;13;18;22;30;34;38;49;56;68;96;98;104;110;112;119;141;146;161;167;178;189;194;197,27,25,2,0.8333333333333334,0.07407407407407407
448,mean_naive_full_data,signed_square,gamma,1.0,proven_maximum_cardinality,0.03391049988567829,3;23;28;34;37;46;47;48;55;60;63;64;66;72;76;106;132;133;149;150;155;162;166;191;192;195;198,27,26,1,0.8666666666666667,0.037037037037037035
449,mean_naive_full_data,signed_square,gamma,1.0,proven_maximum_cardinality,0.0359013001434505,2;16;19;32;34;52;60;61;65;82;84;96;98;103;113;119;126;130;131;137;150;155;157;166;172;181,26,24,2,0.8,0.07692307692307693
450,mean_naive_full_data,signed_square,gamma,1.0,proven_maximum_cardinality,0.018871600041165948,0;4;11;15;16;17;34;37;39;59;64;82;86;113;124;127;134;138;140;145;149;163;168;176;181;183;191,27,27,0,0.9,0.0
451,mean_naive_full_data,signed_square,gamma,1.0,proven_maximum_cardinality,0.027138999896124005,10;13;22;26;30;35;39;42;43;52;54;66;75;82;88;98;102;126;127;129;138;141;142;147;158;169;178,27,26,1,0.8666666666666667,0.037037037037037035
452,mean_naive_full_data,signed_square,gamma,1.0,proven_maximum_cardinality,0.027633799938485026,9;11;19;20;37;40;44;47;66;71;72;74;84;86;88;91;101;103;134;145;150;159;170;176;188,25,24,1,0.8,0.04
453,mean_naive_full_data,signed_square,gamma,1.0,proven_maximum_cardinality,0.01864170003682375,7;8;14;24;25;30;41;50;52;66;81;90;118;135;137;141;143;146;151;153;156;163;166;186,24,22,2,0.7333333333333333,0.08333333333333333
454,mean_naive_full_data,signed_square,gamma,1.0,proven_maximum_cardinality,0.02459259983152151,22;29;30;31;34;47;57;71;75;76;79;83;89;92;99;111;123;132;146;148;151;156;164;167;172;178,26,25,1,0.8333333333333334,0.038461538461538464
455,mean_naive_full_data,signed_square,gamma,1.0,proven_maximum_cardinality,0.017993099987506866,13;15;33;37;43;50;51;54;68;82;90;97;101;114;116;120;128;130;131;144;151;156;162;163;167;176;189;191;195,29,28,1,0.9333333333333333,0.034482758620689655
456,mean_naive_full_data,signed_square,gamma,1.0,proven_maximum_cardinality,0.02360749989748001,5;16;17;25;34;39;47;65;66;75;80;85;94;96;99;117;121;122;124;134;143;151;155;170;179;188,26,25,1,0.8333333333333334,0.038461538461538464
457,mean_naive_full_data,signed_square,gamma,1.0,proven_maximum_cardinality,0.01447179983370006,11;14;22;42;71;98;101;102;103;113;116;120;124;125;127;145;149;151;154;162;174;179;180;181;183;196,26,24,2,0.8,0.07692307692307693
458,mean_naive_full_data,signed_square,gamma,1.0,proven_maximum_cardinality,0.01719400007277727,4;10;19;21;22;36;42;55;56;57;75;76;92;97;116;125;129;131;142;145;149;172;175;181;188;193;197,27,23,4,0.7666666666666667,0.14814814814814814
459,mean_naive_full_data,signed_square,gamma,1.0,proven_maximum_cardinality,0.02819660003297031,12;19;21;37;41;43;50;58;59;67;72;75;77;78;81;87;94;96;97;103;122;124;126;129;133;158;162;173;191,29,26,3,0.8666666666666667,0.10344827586206896
460,mean_naive_full_data,signed_square,gamma,1.0,proven_maximum_cardinality,0.015883899992331862,2;17;21;32;36;40;41;53;54;56;59;61;62;92;100;104;109;110;113;127;130;132;136;145;146;170;182;183;186,29,26,3,0.8666666666666667,0.10344827586206896
461,mean_naive_full_data,signed_square,gamma,1.0,proven_maximum_cardinality,0.02265649987384677,4;13;26;34;48;51;52;55;58;61;64;76;77;78;82;97;98;102;118;126;131;132;135;160;181;185;194;197,28,27,1,0.9,0.03571428571428571
462,mean_naive_full_data,signed_square,gamma,1.0,proven_maximum_cardinality,0.02149690012447536,3;4;15;19;36;56;64;66;67;72;84;105;109;117;122;127;128;148;153;165;173;191;197,23,22,1,0.7333333333333333,0.043478260869565216
463,mean_naive_full_data,signed_square,gamma,1.0,proven_maximum_cardinality,0.014950900105759501,0;9;10;16;29;34;43;44;53;57;59;65;69;71;88;92;108;116;118;128;137;142;158;160;180;190;191,27,27,0,0.9,0.0
464,mean_naive_full_data,signed_square,gamma,1.0,proven_maximum_cardinality,0.0222546998411417,0;3;8;9;17;19;23;25;29;38;50;79;99;106;114;153;155;186;187;188;189,21,19,2,0.6333333333333333,0.09523809523809523
465,mean_naive_full_data,signed_square,gamma,1.0,proven_maximum_cardinality,0.01574370008893311,3;4;9;12;38;43;44;55;68;69;102;103;109;116;117;120;132;162;163;167;169;173;177;182;183;191,26,25,1,0.8333333333333334,0.038461538461538464
466,mean_naive_full_data,signed_square,gamma,1.0,proven_maximum_cardinality,0.02974709984846413,8;21;32;34;46;65;71;72;80;82;86;117;132;138;142;154;170;177;180;185;194;197;199,23,23,0,0.7666666666666667,0.0
467,mean_naive_full_data,signed_square,gamma,1.0,proven_maximum_cardinality,0.03186349989846349,1;2;18;19;34;52;91;93;95;104;112;119;133;135;140;142;151;153;176;189;197,21,20,1,0.6666666666666666,0.047619047619047616
468,mean_naive_full_data,signed_square,gamma,1.0,proven_maximum_cardinality,0.03266129991970956,2;19;24;37;40;45;82;87;91;103;114;121;129;136;161;174;177;196,18,18,0,0.6,0.0
469,mean_naive_full_data,signed_square,gamma,1.0,proven_maximum_cardinality,0.02193380007520318,0;17;22;25;29;30;31;33;41;46;55;60;62;70;78;82;104;108;110;130;135;161;163;164;186,25,25,0,0.8333333333333334,0.0
470,mean_naive_full_data,signed_square,gamma,1.0,proven_maximum_cardinality,0.028022200101986527,5;18;31;33;39;42;47;62;85;90;94;97;103;125;132;137;146;153;154;172;173;185;191,23,22,1,0.7333333333333333,0.043478260869565216
471,mean_naive_full_data,signed_square,gamma,1.0,proven_maximum_cardinality,0.021137199830263853,5;7;24;30;36;37;41;58;62;76;83;84;87;88;90;91;95;100;101;117;128;152;165;166;169;179;182;184;189;196,30,26,4,0.8666666666666667,0.13333333333333333
472,mean_naive_full_data,signed_square,gamma,1.0,proven_maximum_cardinality,0.0322310000192374,5;22;32;40;43;59;65;79;90;94;100;101;116;117;121;137;141;151;185,19,18,1,0.6,0.05263157894736842
473,mean_naive_full_data,signed_square,gamma,1.0,proven_maximum_cardinality,0.01733459997922182,1;2;38;39;44;47;51;56;57;68;89;91;119;127;133;134;136;137;146;149;159;160;162;188;194;199,26,24,2,0.8,0.07692307692307693
474,mean_naive_full_data,signed_square,gamma,1.0,proven_maximum_cardinality,0.041511100018396974,10;11;15;19;20;21;24;65;75;83;90;111;115;122;134;139;147;149;156;162;165;178;187,23,23,0,0.7666666666666667,0.0
475,mean_naive_full_data,signed_square,gamma,1.0,proven_maximum_cardinality,0.02924219984561205,1;6;36;37;38;45;49;68;73;90;100;101;139;140;143;162;164;179;180;186;188;192,22,20,2,0.6666666666666666,0.09090909090909091
476,mean_naive_full_data,signed_square,gamma,1.0,proven_maximum_cardinality,0.026171599980443716,10;29;62;66;76;79;81;86;88;90;91;93;96;104;107;108;113;118;121;134;135;141;162;165;168;171;188;196,28,26,2,0.8666666666666667,0.07142857142857142
477,mean_naive_full_data,signed_square,gamma,1.0,proven_maximum_cardinality,0.021022999892011285,0;2;5;11;22;27;37;40;46;52;56;63;70;88;89;93;103;123;125;127;129;138;157;170;176;188;189;193;194;199,30,27,3,0.9,0.1
478,mean_naive_full_data,signed_square,gamma,1.0,proven_maximum_cardinality,0.02748230006545782,4;37;47;52;61;68;72;84;93;99;101;114;115;116;128;134;136;147;161;186;194,21,20,1,0.6666666666666666,0.047619047619047616
479,mean_naive_full_data,signed_square,gamma,1.0,proven_maximum_cardinality,0.032662499928846955,7;29;39;44;53;75;79;85;99;105;107;109;123;152;155;162;164;175;176;178;191;196;199,23,23,0,0.7666666666666667,0.0
480,mean_naive_full_data,signed_square,gamma,1.0,proven_maximum_cardinality,0.02941740001551807,1;16;25;44;59;61;62;65;80;88;99;113;124;130;138;147;155;169;176;177;179;182,22,21,1,0.7,0.045454545454545456
481,mean_naive_full_data,signed_square,gamma,1.0,proven_maximum_cardinality,0.04577850014902651,8;19;24;32;33;40;44;47;48;52;53;55;57;66;87;90;96;103;105;110;120;121;130;135;143;167;172,27,23,4,0.7666666666666667,0.14814814814814814
482,mean_naive_full_data,signed_square,gamma,1.0,proven_maximum_cardinality,0.03505400009453297,3;11;12;14;18;23;25;27;30;47;66;74;82;106;113;118;119;126;128;147;159;164;192;199,24,23,1,0.7666666666666667,0.041666666666666664
483,mean_naive_full_data,signed_square,gamma,1.0,proven_maximum_cardinality,0.01689159986563027,4;5;10;13;20;24;25;27;31;53;55;58;63;69;77;78;90;103;112;115;117;136;150;155;160;162;182;193,28,25,3,0.8333333333333334,0.10714285714285714
484,mean_naive_full_data,signed_square,gamma,1.0,proven_maximum_cardinality,0.03409600001759827,12;20;34;36;42;58;64;66;75;96;105;111;120;121;129;132;140;145;148;152;154;169;174;187;189,25,25,0,0.8333333333333334,0.0
485,mean_naive_full_data,signed_square,gamma,1.0,proven_maximum_cardinality,0.057566599920392036,1;9;29;34;45;46;67;86;104;117;118;127;139;155;175;177;188;190;196,19,18,1,0.6,0.05263157894736842
486,mean_naive_full_data,signed_square,gamma,1.0,proven_maximum_cardinality,0.02541639981791377,9;24;30;37;41;45;55;68;85;95;101;108;115;126;130;132;157;173;176;185;195;199,22,22,0,0.7333333333333333,0.0
487,mean_naive_full_data,signed_square,gamma,1.0,proven_maximum_cardinality,0.018357100198045373,4;7;9;11;50;64;72;74;76;77;85;113;119;120;137;141;142;150;155;157;160;170;176;188;193;197,26,26,0,0.8666666666666667,0.0
488,mean_naive_full_data,signed_square,gamma,1.0,proven_maximum_cardinality,0.02061809995211661,5;8;18;25;31;34;57;72;74;79;86;105;112;113;114;123;124;126;129;134;135;147;158;168;171;183;194,27,25,2,0.8333333333333334,0.07407407407407407
489,mean_naive_full_data,signed_square,gamma,1.0,proven_maximum_cardinality,0.019582000095397234,5;7;9;17;20;22;45;51;54;74;76;83;105;107;110;117;123;138;139;141;152;154;180;189;193;198,26,25,1,0.8333333333333334,0.038461538461538464
490,mean_naive_full_data,signed_square,gamma,1.0,proven_maximum_cardinality,0.019754900131374598,2;6;23;28;37;39;45;49;50;56;57;78;101;105;107;124;127;145;152;155;159;164;166;187;194;195;198,27,25,2,0.8333333333333334,0.07407407407407407
491,mean_naive_full_data,signed_square,gamma,1.0,proven_maximum_cardinality,0.02337150019593537,4;13;18;28;30;37;46;48;59;65;80;85;97;106;109;116;125;131;151;152;158;160;167;171;189;196;197,27,27,0,0.9,0.0
492,mean_naive_full_data,signed_square,gamma,1.0,proven_maximum_cardinality,0.017810699995607138,3;16;20;29;35;39;59;67;74;79;96;97;104;105;116;128;131;136;141;144;150;157;164;170;173;179;193;194;198,29,26,3,0.8666666666666667,0.10344827586206896
493,mean_naive_full_data,signed_square,gamma,1.0,proven_maximum_cardinality,0.02178740012459457,4;21;27;32;43;45;69;79;87;93;106;115;118;123;126;127;133;142;162;175;184;189;194;195;196,25,23,2,0.7666666666666667,0.08
494,mean_naive_full_data,signed_square,gamma,1.0,proven_maximum_cardinality,0.02859919983893633,3;7;21;28;39;51;58;67;69;79;96;103;110;122;129;131;134;141;144;159;166;171;172;176;181;183;194;198,28,23,5,0.7666666666666667,0.17857142857142858
495,mean_naive_full_data,signed_square,gamma,1.0,proven_maximum_cardinality,0.016654800157994032,3;11;12;27;36;40;45;55;58;60;64;71;83;84;88;114;130;156;160;170;171;177;185;190;192;194;197,27,25,2,0.8333333333333334,0.07407407407407407
496,mean_naive_full_data,signed_square,gamma,1.0,proven_maximum_cardinality,0.033667700132355094,13;17;26;28;31;35;44;64;68;85;90;92;101;108;113;115;127;135;170;179;181;182;185;186;194;198,26,21,5,0.7,0.19230769230769232
497,mean_naive_full_data,signed_square,gamma,1.0,proven_maximum_cardinality,0.013952699955552816,22;28;38;40;50;60;65;75;99;106;108;124;128;132;138;148;154;164;165;173;175;177;187;190;193,25,24,1,0.8,0.04
498,mean_naive_full_data,signed_square,gamma,1.0,proven_maximum_cardinality,0.038756699999794364,18;25;29;41;42;78;89;99;107;115;119;126;128;130;138;142;146;160;176;179;185;191,22,20,2,0.6666666666666666,0.09090909090909091
499,mean_naive_full_data,signed_square,gamma,1.0,proven_maximum_cardinality,0.046658100094646215,14;32;35;67;73;88;90;103;109;110;119;147;154;161;163;167;172;173;175;179;197,21,21,0,0.7,0.0
500,mean_naive_full_data,signed_square,gamma,1.0,proven_maximum_cardinality,0.02899360004812479,1;4;8;15;18;20;24;28;32;64;65;67;68;81;89;96;97;118;134;147;153;167;168;177;179;181;183,27,24,3,0.8,0.1111111111111111
