replication,problem_sha256,status,secondary_rule,secondary_status,secondary_value,secondary_normalized_value,secondary_normalization,prefix_size,greedy_size,maximal_size,prefix_indices,greedy_indices,maximal_indices,prefix_true,greedy_true,maximal_true,prefix_false,greedy_false,maximal_false,prefix_tpr,greedy_tpr,maximal_tpr,prefix_fdp,greedy_fdp,maximal_fdp,greedy_added,optimizer_added,elapsed_seconds,mip_solves,separation_calls,final_cut_count,initial_singleton_upper_bound,proof_upper_bound,message,method,selection_rule,K,ebh_seed_size,old_exported_prefix_size,separator_backend,separator_time_limit,separator_threads,ordinary_eBH_required
1,b299f79ab72930b6536eae1d75df5fc557a32acb7b5a20fa7585a0b1c3efe6d8,proven_maximal,maximize_sum_testing_e_values_at_maximum_cardinality,proven_optimal,7412.055603914356,2.1242782921561605,3489.2111976491824,0,0,11,,,0;3;8;18;43;53;73;88;100;160;179,0,0,11,0,0,0,0.0,0.0,0.36666666666666664,0.0,0.0,0.0,0,11,1.434229499893263,7,7,249,44,11,,method1_proportional_scores_gamma1,unrestricted_maximum_cardinality_then_maximum_testing_evalue_sum,200,0,0,exact_fixed_count_order_statistics,300.0,1,False
2,1bc8366d369917d8ad095eec9dbb5451934c2fcdba5d146351a4f74fee8542ae,proven_maximal,maximize_sum_testing_e_values_at_maximum_cardinality,proven_optimal,36054.31502102538,2.528532548281177,14258.987904084548,0,0,18,,,14;19;29;66;68;69;86;95;107;116;127;135;142;162;169;177;184;188,0,0,18,0,0,0,0.0,0.0,0.6,0.0,0.0,0.0,0,18,1.1655828999355435,4,4,242,49,18,,method1_proportional_scores_gamma1,unrestricted_maximum_cardinality_then_maximum_testing_evalue_sum,200,0,10,exact_fixed_count_order_statistics,300.0,1,False
3,2b46e217d79d43129a56e3d1f539cfcc12707accae7b9ef203ccd7fec4839ebe,proven_maximal,maximize_sum_testing_e_values_at_maximum_cardinality,proven_optimal,9738.88679284854,0.6920393686431376,14072.73521439005,0,0,9,,,58;68;69;75;91;92;112;120;140,0,0,9,0,0,0,0.0,0.0,0.3,0.0,0.0,0.0,0,9,0.7822443000040948,3,3,244,50,9,,method1_proportional_scores_gamma1,unrestricted_maximum_cardinality_then_maximum_testing_evalue_sum,200,0,3,exact_fixed_count_order_statistics,300.0,1,False
4,e46bfa0d7d10ddcb2b6baef2f48a049b1c883a15391ab50b601bcfb5e47534c7,proven_maximal,maximize_sum_testing_e_values_at_maximum_cardinality,proven_optimal,1032.4025754994088,0.27503915972511755,3753.6566666769313,0,0,1,,,162,0,0,1,0,0,0,0.0,0.0,0.03333333333333333,0.0,0.0,0.0,0,1,2.2653489001095295,6,4,251,50,1,,method1_proportional_scores_gamma1,unrestricted_maximum_cardinality_then_maximum_testing_evalue_sum,200,0,5,exact_fixed_count_order_statistics,300.0,1,False
5,49d9ab4bc405ed77a0dae3d6b47668f04958225dd49cf5583012eb2080a8af65,proven_maximal,maximize_sum_testing_e_values_at_maximum_cardinality,proven_optimal,15096.10235562701,3.3293419777623474,4534.260059933257,0,0,13,,,10;25;27;40;41;50;54;58;67;73;129;178;179,0,0,13,0,0,0,0.0,0.0,0.43333333333333335,0.0,0.0,0.0,0,13,0.8961898998823017,3,3,246,53,13,,method1_proportional_scores_gamma1,unrestricted_maximum_cardinality_then_maximum_testing_evalue_sum,200,0,8,exact_fixed_count_order_statistics,300.0,1,False
6,07463faa1bdeab1502270fbe48ddd1efd8da86949cf3829ab03328284c7f1e29,proven_maximal,maximize_sum_testing_e_values_at_maximum_cardinality,proven_optimal,0.0,0.0,3943.152434233715,0,0,0,,,,0,0,0,0,0,0,0.0,0.0,0.0,0.0,0.0,0.0,0,0,0.6658045002259314,3,3,249,49,0,,method1_proportional_scores_gamma1,unrestricted_maximum_cardinality_then_maximum_testing_evalue_sum,200,0,0,exact_fixed_count_order_statistics,300.0,1,False
7,c966ec83c50a3502fa9a2d5d4aead043a61a23853c6ecdc15b622ff1c47b33f8,proven_maximal,maximize_sum_testing_e_values_at_maximum_cardinality,proven_optimal,12476.981408514737,1.7183467469625346,7261.038222099171,0,0,6,,,3;19;67;82;157;174,0,0,6,0,0,0,0.0,0.0,0.2,0.0,0.0,0.0,0,6,1.3407934000715613,4,4,254,54,6,,method1_proportional_scores_gamma1,unrestricted_maximum_cardinality_then_maximum_testing_evalue_sum,200,0,2,exact_fixed_count_order_statistics,300.0,1,False
8,a478620e8d9555ffb874898c38c850853bf944f9f561237797e1e6184950f419,proven_maximal,maximize_sum_testing_e_values_at_maximum_cardinality,proven_optimal,32747.175514411443,2.691872801332931,12165.20167602127,0,0,11,,,0;13;27;29;44;49;61;63;68;75;113,0,0,11,0,0,0,0.0,0.0,0.36666666666666664,0.0,0.0,0.0,0,11,1.9818719001486897,11,11,276,50,11,,method1_proportional_scores_gamma1,unrestricted_maximum_cardinality_then_maximum_testing_evalue_sum,200,0,5,exact_fixed_count_order_statistics,300.0,1,False
9,0f0e60644b31f0883e003524fe4e6682a32bb2bab58f98a8b8fa82ef29cca4c3,proven_maximal,maximize_sum_testing_e_values_at_maximum_cardinality,proven_optimal,0.0,0.0,26150.12432797583,0,0,0,,,,0,0,0,0,0,0,0.0,0.0,0.0,0.0,0.0,0.0,0,0,0.5654148999601603,3,3,247,47,0,,method1_proportional_scores_gamma1,unrestricted_maximum_cardinality_then_maximum_testing_evalue_sum,200,0,1,exact_fixed_count_order_statistics,300.0,1,False
10,5e7dd89f25ed13823822a85178c09d2ea79784152efe21c8bcb6af2d0b239f85,proven_maximal,maximize_sum_testing_e_values_at_maximum_cardinality,proven_optimal,12374.4797772868,3.0104462210508514,4110.513481608471,0,0,8,,,19;28;67;71;72;136;148;151,0,0,8,0,0,0,0.0,0.0,0.26666666666666666,0.0,0.0,0.0,0,8,2.3542671999894083,6,4,244,44,8,,method1_proportional_scores_gamma1,unrestricted_maximum_cardinality_then_maximum_testing_evalue_sum,200,0,5,exact_fixed_count_order_statistics,300.0,1,False
11,44cfa6371a4f6d56fb589958143c65e5ab3324e4db140f8be6abaa34f538cc3a,proven_maximal,maximize_sum_testing_e_values_at_maximum_cardinality,proven_optimal,254783.59585333325,2.0055640259849543,127038.37551543947,0,0,4,,,20;91;112;129,0,0,4,0,0,0,0.0,0.0,0.13333333333333333,0.0,0.0,0.0,0,4,1.1641565999016166,4,4,241,43,4,,method1_proportional_scores_gamma1,unrestricted_maximum_cardinality_then_maximum_testing_evalue_sum,200,0,3,exact_fixed_count_order_statistics,300.0,1,False
12,a5f6d74a73451acb78382a6b88fcf89bd278714a587e64746e14e47d9596dd3c,proven_maximal,maximize_sum_testing_e_values_at_maximum_cardinality,proven_optimal,98324.8704114309,1.2721684338467403,77289.1920562118,0,0,6,,,4;30;36;66;183;199,0,0,6,0,0,0,0.0,0.0,0.2,0.0,0.0,0.0,0,6,2.277858299901709,5,4,266,69,6,,method1_proportional_scores_gamma1,unrestricted_maximum_cardinality_then_maximum_testing_evalue_sum,200,0,3,exact_fixed_count_order_statistics,300.0,1,False
13,90c916159b1de65574352e4e1b1f3892cc169e7f68680caffb34e20105d60467,proven_maximal,maximize_sum_testing_e_values_at_maximum_cardinality,proven_optimal,36142.01723526696,4.021766957996474,8986.601564122417,0,0,8,,,26;34;90;104;125;126;159;197,0,0,8,0,0,0,0.0,0.0,0.26666666666666666,0.0,0.0,0.0,0,8,1.7220460998360068,5,4,247,52,8,,method1_proportional_scores_gamma1,unrestricted_maximum_cardinality_then_maximum_testing_evalue_sum,200,0,10,exact_fixed_count_order_statistics,300.0,1,False
14,ff643e5a821f884d0c539a46fe8093ff2f8d178477b964c7395b38d28823c7c1,proven_maximal,maximize_sum_testing_e_values_at_maximum_cardinality,proven_optimal,0.0,0.0,81368.85292890335,0,0,0,,,,0,0,0,0,0,0,0.0,0.0,0.0,0.0,0.0,0.0,0,0,0.8293490998912603,3,3,242,42,0,,method1_proportional_scores_gamma1,unrestricted_maximum_cardinality_then_maximum_testing_evalue_sum,200,0,10,exact_fixed_count_order_statistics,300.0,1,False
15,b492b12372d346f8d5f4133a96cd1ed9c054f8ed6b6ceeccaf94fd84d33ea285,proven_maximal,maximize_sum_testing_e_values_at_maximum_cardinality,proven_optimal,0.0,0.0,9769.033490893293,0,0,0,,,,0,0,0,0,0,0,0.0,0.0,0.0,0.0,0.0,0.0,0,0,0.8845530999824405,3,3,249,49,0,,method1_proportional_scores_gamma1,unrestricted_maximum_cardinality_then_maximum_testing_evalue_sum,200,0,1,exact_fixed_count_order_statistics,300.0,1,False
16,a0355afef8720cfd6bb605e1401178abb5a32c8f7508bef5efe6221525b8aa16,proven_maximal,maximize_sum_testing_e_values_at_maximum_cardinality,proven_optimal,0.0,0.0,25734.21672512945,0,0,0,,,,0,0,0,0,0,0,0.0,0.0,0.0,0.0,0.0,0.0,0,0,0.6420384000521153,3,3,244,44,0,,method1_proportional_scores_gamma1,unrestricted_maximum_cardinality_then_maximum_testing_evalue_sum,200,0,7,exact_fixed_count_order_statistics,300.0,1,False
17,a9886a8acc2f0c48d159e94424c79d2012970cff5b7caa4aff2446ebcbca15e6,proven_maximal,maximize_sum_testing_e_values_at_maximum_cardinality,proven_optimal,51721.54310546705,1.1113023572908594,46541.37802024841,0,0,4,,,71;86;96;154,0,0,4,0,0,0,0.0,0.0,0.13333333333333333,0.0,0.0,0.0,0,4,0.8198543000034988,3,3,252,55,4,,method1_proportional_scores_gamma1,unrestricted_maximum_cardinality_then_maximum_testing_evalue_sum,200,0,5,exact_fixed_count_order_statistics,300.0,1,False
18,54662756f049f055d2f32d30580cdf23c0e990d2b97fcf9943d92223577e9d0b,proven_maximal,maximize_sum_testing_e_values_at_maximum_cardinality,proven_optimal,46586.02614889125,1.375945582777921,33857.462629327165,0,0,13,,,0;42;53;72;73;79;107;120;148;159;169;180;186,0,0,13,0,0,0,0.0,0.0,0.43333333333333335,0.0,0.0,0.0,0,13,1.6494787998963147,9,9,275,52,13,,method1_proportional_scores_gamma1,unrestricted_maximum_cardinality_then_maximum_testing_evalue_sum,200,0,6,exact_fixed_count_order_statistics,300.0,1,False
19,11196922d1f3d911ce09e2a3b7e433412ffec882d32aa52a1a1d856ded68f10d,proven_maximal,maximize_sum_testing_e_values_at_maximum_cardinality,proven_optimal,23727.615807270697,3.625734838000624,6544.222583126089,0,0,13,,,9;12;15;22;23;32;48;55;68;132;161;168;175,0,0,13,0,0,0,0.0,0.0,0.43333333333333335,0.0,0.0,0.0,0,13,4.766068900004029,11,11,297,55,13,,method1_proportional_scores_gamma1,unrestricted_maximum_cardinality_then_maximum_testing_evalue_sum,200,0,8,exact_fixed_count_order_statistics,300.0,1,False
20,2a20cf0464ea5544111cbcc6e387a70336e896852a78647309afc4edb34b6fac,proven_maximal,maximize_sum_testing_e_values_at_maximum_cardinality,proven_optimal,25461.421653563648,1.853512370944016,13736.85012989465,0,0,15,,,6;10;16;18;45;57;65;72;78;84;106;110;112;115;163,0,0,15,0,0,0,0.0,0.0,0.5,0.0,0.0,0.0,0,15,1.325696500018239,7,7,268,48,15,,method1_proportional_scores_gamma1,unrestricted_maximum_cardinality_then_maximum_testing_evalue_sum,200,0,2,exact_fixed_count_order_statistics,300.0,1,False
21,cf6cffae1cd64121c0313b14f1cb6bde4078a4fba449d5a0a5dfafca3d16de0e,proven_maximal,maximize_sum_testing_e_values_at_maximum_cardinality,proven_optimal,118120.38868313917,2.1967001980884997,53771.73853124057,0,0,6,,,32;69;85;109;147;197,0,0,6,0,0,0,0.0,0.0,0.2,0.0,0.0,0.0,0,6,0.8155238998588175,3,3,245,49,6,,method1_proportional_scores_gamma1,unrestricted_maximum_cardinality_then_maximum_testing_evalue_sum,200,0,6,exact_fixed_count_order_statistics,300.0,1,False
22,755053b8e84d3aac370fe271bad207fb0c77c52bd4742c091d6a1ee6c0c43ab0,proven_maximal,maximize_sum_testing_e_values_at_maximum_cardinality,proven_optimal,18725.39102955321,1.265676712672884,14794.766184809165,0,0,10,,,9;21;38;77;89;114;119;129;152;173,0,0,10,0,0,0,0.0,0.0,0.3333333333333333,0.0,0.0,0.0,0,10,1.7568238000385463,7,7,262,51,10,,method1_proportional_scores_gamma1,unrestricted_maximum_cardinality_then_maximum_testing_evalue_sum,200,0,5,exact_fixed_count_order_statistics,300.0,1,False
23,e334eff5f6a908266d4d0c4e30d1e53a361f8d53fdcf282c2a9042eb932e0014,proven_maximal,maximize_sum_testing_e_values_at_maximum_cardinality,proven_optimal,0.0,0.0,3129.1037738616424,0,0,0,,,,0,0,0,0,0,0,0.0,0.0,0.0,0.0,0.0,0.0,0,0,2.012162199942395,5,3,250,50,0,,method1_proportional_scores_gamma1,unrestricted_maximum_cardinality_then_maximum_testing_evalue_sum,200,0,2,exact_fixed_count_order_statistics,300.0,1,False
24,7f9770bf452c920d439ffc8faaf78fa68250f15861919d4d977418ecf3203338,proven_maximal,maximize_sum_testing_e_values_at_maximum_cardinality,proven_optimal,82987.98080096846,1.0760474588440083,77122.97456668127,0,0,10,,,0;14;19;79;81;85;89;122;138;142,0,0,10,0,0,0,0.0,0.0,0.3333333333333333,0.0,0.0,0.0,0,10,1.8010542001575232,8,8,254,47,10,,method1_proportional_scores_gamma1,unrestricted_maximum_cardinality_then_maximum_testing_evalue_sum,200,0,6,exact_fixed_count_order_statistics,300.0,1,False
25,0ccc00e441782c3b3e3b175af217773e1630f43df5d3a85d49568eef6bfecb3d,proven_maximal,maximize_sum_testing_e_values_at_maximum_cardinality,proven_optimal,4240.664405989706,1.233221400778278,3438.688627454446,0,0,3,,,107;128;129,0,0,3,0,0,0,0.0,0.0,0.1,0.0,0.0,0.0,0,3,2.147599100135267,5,4,250,52,3,,method1_proportional_scores_gamma1,unrestricted_maximum_cardinality_then_maximum_testing_evalue_sum,200,0,7,exact_fixed_count_order_statistics,300.0,1,False
26,3a88b9e45f6ba3bb9e1eabb538dd0a5a868c21ce20b671f49f4f4642b621aa96,proven_maximal,maximize_sum_testing_e_values_at_maximum_cardinality,proven_optimal,34.88126451494619,0.004831079443700742,7220.180276776025,0,0,1,,,16,0,0,1,0,0,0,0.0,0.0,0.03333333333333333,0.0,0.0,0.0,0,1,1.7012801000382751,5,4,252,52,1,,method1_proportional_scores_gamma1,unrestricted_maximum_cardinality_then_maximum_testing_evalue_sum,200,0,3,exact_fixed_count_order_statistics,300.0,1,False
27,066de0a0424ef3a530a3e4f863a02328fc1089dbe90549a300246568c44d2301,proven_maximal,maximize_sum_testing_e_values_at_maximum_cardinality,proven_optimal,0.0,0.0,19569.189412413278,0,0,0,,,,0,0,0,0,0,0,0.0,0.0,0.0,0.0,0.0,0.0,0,0,0.8904786999337375,3,3,247,47,0,,method1_proportional_scores_gamma1,unrestricted_maximum_cardinality_then_maximum_testing_evalue_sum,200,0,8,exact_fixed_count_order_statistics,300.0,1,False
28,8a1ed8a72037a021a8e15591ff7957d867207d3d09406754591851c78b152af1,proven_maximal,maximize_sum_testing_e_values_at_maximum_cardinality,proven_optimal,673.624776481925,0.17328418226588785,3887.3991132572783,0,0,4,,,10;110;178;189,0,0,4,0,0,0,0.0,0.0,0.13333333333333333,0.0,0.0,0.0,0,4,2.02138529997319,5,4,254,54,4,,method1_proportional_scores_gamma1,unrestricted_maximum_cardinality_then_maximum_testing_evalue_sum,200,0,2,exact_fixed_count_order_statistics,300.0,1,False
29,364247cf56397ab655a1b5eba8fa2bc6f0df8b16800c8c758594b266e5042464,proven_maximal,maximize_sum_testing_e_values_at_maximum_cardinality,proven_optimal,39964.52451598193,1.7695159960295892,22585.003247019904,0,0,9,,,35;38;43;51;75;96;108;138;159,0,0,9,0,0,0,0.0,0.0,0.3,0.0,0.0,0.0,0,9,2.1438947999849916,8,7,258,54,9,,method1_proportional_scores_gamma1,unrestricted_maximum_cardinality_then_maximum_testing_evalue_sum,200,0,10,exact_fixed_count_order_statistics,300.0,1,False
30,3bc95d689339772223c0f542f678d5c1875027f9de787dd21d7609533a0500b5,proven_maximal,maximize_sum_testing_e_values_at_maximum_cardinality,proven_optimal,5421.694703112235,1.7749327014032916,3054.5917030126,0,0,14,,,37;40;81;94;107;109;118;119;124;127;128;140;141;198,0,0,14,0,0,0,0.0,0.0,0.4666666666666667,0.0,0.0,0.0,0,14,3.575585899874568,14,14,339,50,14,,method1_proportional_scores_gamma1,unrestricted_maximum_cardinality_then_maximum_testing_evalue_sum,200,0,4,exact_fixed_count_order_statistics,300.0,1,False
31,350200bb2a353b9069ce90ec2e583bd05de820e04658e303444db89e1b1bb985,proven_maximal,maximize_sum_testing_e_values_at_maximum_cardinality,proven_optimal,21787.544761597084,2.3128839016822913,9420.077136491707,0,0,9,,,46;67;111;113;129;137;145;156;168,0,0,9,0,0,0,0.0,0.0,0.3,0.0,0.0,0.0,0,9,1.7630926000420004,5,5,257,53,9,,method1_proportional_scores_gamma1,unrestricted_maximum_cardinality_then_maximum_testing_evalue_sum,200,0,10,exact_fixed_count_order_statistics,300.0,1,False
32,b0e1b0a2147c100319aaeaff294a7116178d764afaf3a9a31a4324c6f8d3be21,proven_maximal,maximize_sum_testing_e_values_at_maximum_cardinality,proven_optimal,15162.105348783945,3.054633716269992,4963.641063747036,0,0,16,,,1;2;8;9;57;65;77;118;132;152;162;172;176;186;187;198,0,0,16,0,0,0,0.0,0.0,0.5333333333333333,0.0,0.0,0.0,0,16,2.6159236999228597,15,14,275,56,16,,method1_proportional_scores_gamma1,unrestricted_maximum_cardinality_then_maximum_testing_evalue_sum,200,0,6,exact_fixed_count_order_statistics,300.0,1,False
33,c527641f1afaaa5d8420be4620801eab7654decb3b66c41aa2e4d62d3179529e,proven_maximal,maximize_sum_testing_e_values_at_maximum_cardinality,proven_optimal,46238.562934019355,2.118712722393667,21823.894502214636,0,0,10,,,0;9;28;52;99;100;111;124;157;186,0,0,10,0,0,0,0.0,0.0,0.3333333333333333,0.0,0.0,0.0,0,10,1.4519400999415666,14,14,292,52,10,,method1_proportional_scores_gamma1,unrestricted_maximum_cardinality_then_maximum_testing_evalue_sum,200,0,8,exact_fixed_count_order_statistics,300.0,1,False
34,3f30cbcdbe77f7313a8193e6cc89dbf0a1e53b3d329153884282d2dee7106db8,proven_maximal,maximize_sum_testing_e_values_at_maximum_cardinality,proven_optimal,28667.23865624524,0.8656936608777275,33114.76097350592,0,0,6,,,14;82;130;143;156;184,0,0,6,0,0,0,0.0,0.0,0.2,0.0,0.0,0.0,0,6,2.5480098999105394,8,5,263,59,6,,method1_proportional_scores_gamma1,unrestricted_maximum_cardinality_then_maximum_testing_evalue_sum,200,0,3,exact_fixed_count_order_statistics,300.0,1,False
35,1069ebe5d1972a71babd83e9aef6fabb09ba51e095bb8f8bef7df35e0e04a521,proven_maximal,maximize_sum_testing_e_values_at_maximum_cardinality,proven_optimal,12557.17250224435,1.1557384814435785,10865.063942977633,0,0,6,,,44;109;119;147;173;185,0,0,6,0,0,0,0.0,0.0,0.2,0.0,0.0,0.0,0,6,1.088198299985379,4,4,262,61,6,,method1_proportional_scores_gamma1,unrestricted_maximum_cardinality_then_maximum_testing_evalue_sum,200,0,3,exact_fixed_count_order_statistics,300.0,1,False
36,a1e219d677ee85c539b5c2f31a9d51dbecb8d751f27e4e7467d1fa7006659389,proven_maximal,maximize_sum_testing_e_values_at_maximum_cardinality,proven_optimal,0.0,0.0,7638.97456641202,0,0,0,,,,0,0,0,0,0,0,0.0,0.0,0.0,0.0,0.0,0.0,0,0,0.52171970019117,3,3,251,51,0,,method1_proportional_scores_gamma1,unrestricted_maximum_cardinality_then_maximum_testing_evalue_sum,200,0,5,exact_fixed_count_order_statistics,300.0,1,False
37,31751295ee06e80920097eb706d45b0c9b0a47887233287b6720f099d3d36181,proven_maximal,maximize_sum_testing_e_values_at_maximum_cardinality,proven_optimal,109564.62051665815,1.2597401238591868,86973.98649255474,0,0,18,,,12;20;21;22;81;95;101;102;105;113;122;124;125;144;149;162;180;186,0,0,18,0,0,0,0.0,0.0,0.6,0.0,0.0,0.0,0,18,1.391974400030449,9,9,299,52,18,,method1_proportional_scores_gamma1,unrestricted_maximum_cardinality_then_maximum_testing_evalue_sum,200,0,7,exact_fixed_count_order_statistics,300.0,1,False
38,335b667af88d372f7b5470b47ff700a5379102c78aa6b8e313afbd4c9ab5ddb8,proven_maximal,maximize_sum_testing_e_values_at_maximum_cardinality,proven_optimal,53203.37630295699,1.0159237565162773,52369.45780793399,0,0,6,,,68;81;108;117;152;176,0,0,6,0,0,0,0.0,0.0,0.2,0.0,0.0,0.0,0,6,3.275481899967417,10,6,267,58,6,,method1_proportional_scores_gamma1,unrestricted_maximum_cardinality_then_maximum_testing_evalue_sum,200,0,1,exact_fixed_count_order_statistics,300.0,1,False
39,417ea17dd4f5109369cb3ae7297fd0f4bb1c83327ecb93983e66729014214005,proven_maximal,maximize_sum_testing_e_values_at_maximum_cardinality,proven_optimal,18282.74419553076,2.379840116456479,7682.341376257367,0,0,11,,,55;58;93;108;125;147;164;190;192;194;198,0,0,11,0,0,0,0.0,0.0,0.36666666666666664,0.0,0.0,0.0,0,11,0.8079244000837207,5,5,248,55,11,,method1_proportional_scores_gamma1,unrestricted_maximum_cardinality_then_maximum_testing_evalue_sum,200,0,4,exact_fixed_count_order_statistics,300.0,1,False
40,e7ad44bebf3b07438465acaf2f52977a6df99e05e66a191088279035e4c5275c,proven_maximal,maximize_sum_testing_e_values_at_maximum_cardinality,proven_optimal,0.0,0.0,8301.042804156192,0,0,0,,,,0,0,0,0,0,0,0.0,0.0,0.0,0.0,0.0,0.0,0,0,0.5078479999210685,3,3,255,55,0,,method1_proportional_scores_gamma1,unrestricted_maximum_cardinality_then_maximum_testing_evalue_sum,200,0,3,exact_fixed_count_order_statistics,300.0,1,False
41,fe71311f87df8e98c524f8964c98139b1d2dca07ad7300a7819571a99996d463,proven_maximal,maximize_sum_testing_e_values_at_maximum_cardinality,proven_optimal,301954.6843953555,1.057789633056731,285458.16196249414,0,0,11,,,26;40;52;59;60;62;74;98;114;132;164,0,0,11,0,0,0,0.0,0.0,0.36666666666666664,0.0,0.0,0.0,0,11,0.5376037999521941,4,4,240,45,11,,method1_proportional_scores_gamma1,unrestricted_maximum_cardinality_then_maximum_testing_evalue_sum,200,0,9,exact_fixed_count_order_statistics,300.0,1,False
42,c8e9d3199b58cd22089680e4aa0f30cf1800aeac2bb56d4e36cdebc979a9e2fb,proven_maximal,maximize_sum_testing_e_values_at_maximum_cardinality,proven_optimal,0.0,0.0,4176.117573763181,0,0,0,,,,0,0,0,0,0,0,0.0,0.0,0.0,0.0,0.0,0.0,0,0,0.6658453000709414,3,3,252,52,0,,method1_proportional_scores_gamma1,unrestricted_maximum_cardinality_then_maximum_testing_evalue_sum,200,0,1,exact_fixed_count_order_statistics,300.0,1,False
43,0b6618747cf17c6ebc1a16547b5dd76f7bcbb5a92644441928cdebc6e7c1a447,proven_maximal,maximize_sum_testing_e_values_at_maximum_cardinality,proven_optimal,106638.08207286749,1.4717160726098928,72458.32539136372,0,0,11,,,53;62;75;81;83;84;91;113;156;180;197,0,0,11,0,0,0,0.0,0.0,0.36666666666666664,0.0,0.0,0.0,0,11,1.2558882001321763,8,8,289,60,11,,method1_proportional_scores_gamma1,unrestricted_maximum_cardinality_then_maximum_testing_evalue_sum,200,0,6,exact_fixed_count_order_statistics,300.0,1,False
44,52e34ecd3a65209e64acf8a9066e2541b7b7f0ef255f481d3e05bf485932cbaf,proven_maximal,maximize_sum_testing_e_values_at_maximum_cardinality,proven_optimal,0.0,0.0,7762.868943645857,0,0,0,,,,0,0,0,0,0,0,0.0,0.0,0.0,0.0,0.0,0.0,0,0,0.5952573998365551,3,3,251,51,0,,method1_proportional_scores_gamma1,unrestricted_maximum_cardinality_then_maximum_testing_evalue_sum,200,0,6,exact_fixed_count_order_statistics,300.0,1,False
45,d619b23923b9c63cbcd6dd2dd6b1c3646b5d10f18a1fbeb0c3c852eaeac164bf,proven_maximal,maximize_sum_testing_e_values_at_maximum_cardinality,proven_optimal,0.0,0.0,11552.131756968178,0,0,0,,,,0,0,0,0,0,0,0.0,0.0,0.0,0.0,0.0,0.0,0,0,0.6095211999490857,3,3,247,47,0,,method1_proportional_scores_gamma1,unrestricted_maximum_cardinality_then_maximum_testing_evalue_sum,200,0,8,exact_fixed_count_order_statistics,300.0,1,False
46,2d88e70d89eab341a74c647a907ac91af524157ffa388ba28ccd75b7542d2a4f,proven_maximal,maximize_sum_testing_e_values_at_maximum_cardinality,proven_optimal,1521.6108232207341,0.6331242896170627,2403.336672079129,0,0,5,,,11;132;175;182;194,0,0,5,0,0,0,0.0,0.0,0.16666666666666666,0.0,0.0,0.0,0,5,2.387893799925223,9,6,246,44,5,,method1_proportional_scores_gamma1,unrestricted_maximum_cardinality_then_maximum_testing_evalue_sum,200,0,0,exact_fixed_count_order_statistics,300.0,1,False
47,0ed780e4ba753f5b7777bb75d27f42e17202e7a01ef071ee485d2e70891bccdf,proven_maximal,maximize_sum_testing_e_values_at_maximum_cardinality,proven_optimal,4900040.33114096,1.0218550326148013,4795240.2001704285,0,0,16,,,24;40;61;79;85;111;115;128;131;134;158;168;175;182;183;192,0,0,16,0,0,0,0.0,0.0,0.5333333333333333,0.0,0.0,0.0,0,16,5.978215199895203,16,14,334,52,16,,method1_proportional_scores_gamma1,unrestricted_maximum_cardinality_then_maximum_testing_evalue_sum,200,0,15,exact_fixed_count_order_statistics,300.0,1,False
48,2f60658aaef3bd9b54e43b1453d0d7779b0b20968f1579b3983ed3fdf756e8d4,proven_maximal,maximize_sum_testing_e_values_at_maximum_cardinality,proven_optimal,4068.8782819457333,3.7115241089283146,1096.2823256779552,0,0,7,,,3;14;43;55;115;147;191,0,0,7,0,0,0,0.0,0.0,0.23333333333333334,0.0,0.0,0.0,0,7,1.479087500134483,5,4,249,52,7,,method1_proportional_scores_gamma1,unrestricted_maximum_cardinality_then_maximum_testing_evalue_sum,200,0,0,exact_fixed_count_order_statistics,300.0,1,False
49,dafd244bbc3c288965754d204bbdd367b3d47cb827e06c5d03e23351aeb73f8b,proven_maximal,maximize_sum_testing_e_values_at_maximum_cardinality,proven_optimal,5132.566283747505,0.45038381616389744,11395.982936206865,0,0,3,,,43;111;131,0,0,3,0,0,0,0.0,0.0,0.1,0.0,0.0,0.0,0,3,0.8777463000733405,3,3,254,57,3,,method1_proportional_scores_gamma1,unrestricted_maximum_cardinality_then_maximum_testing_evalue_sum,200,0,5,exact_fixed_count_order_statistics,300.0,1,False
50,096e591ba5361f01849c9016127fe6b0c252ac6610a928e9d86a0bef003822d7,proven_maximal,maximize_sum_testing_e_values_at_maximum_cardinality,proven_optimal,561.6599966764965,0.1938695991263962,2897.1019654830657,0,0,2,,,62;85,0,0,2,0,0,0,0.0,0.0,0.06666666666666667,0.0,0.0,0.0,0,2,2.381980099948123,7,5,255,54,2,,method1_proportional_scores_gamma1,unrestricted_maximum_cardinality_then_maximum_testing_evalue_sum,200,0,0,exact_fixed_count_order_statistics,300.0,1,False
51,5987f0bd8b556b64baafc7e8299ec01df0575e8a13a20a144a3b357a946fbc44,proven_maximal,maximize_sum_testing_e_values_at_maximum_cardinality,proven_optimal,21867.54031565594,2.7887753767232195,7841.269862813426,0,0,17,,,33;40;43;46;47;49;53;77;92;111;125;126;145;149;164;186;194,0,0,17,0,0,0,0.0,0.0,0.5666666666666667,0.0,0.0,0.0,0,17,1.33312730002217,7,7,270,56,17,,method1_proportional_scores_gamma1,unrestricted_maximum_cardinality_then_maximum_testing_evalue_sum,200,0,8,exact_fixed_count_order_statistics,300.0,1,False
52,a55f0b11d453f0e38004445e74e6b0095f99b2748d85331ca98ca92cba0bde6a,proven_maximal,maximize_sum_testing_e_values_at_maximum_cardinality,proven_optimal,508.2421754868783,0.501299454777343,1013.8494479564496,0,0,4,,,7;59;71;165,0,0,4,0,0,0,0.0,0.0,0.13333333333333333,0.0,0.0,0.0,0,4,1.9754726001992822,5,4,255,57,4,,method1_proportional_scores_gamma1,unrestricted_maximum_cardinality_then_maximum_testing_evalue_sum,200,0,0,exact_fixed_count_order_statistics,300.0,1,False
53,4d606f12eeb567a5b936d4e922129f931a7d1894ae405e321822069edc1cfd0d,proven_maximal,maximize_sum_testing_e_values_at_maximum_cardinality,proven_optimal,65130.238735914856,2.1571387758529275,30192.883028660275,0,0,16,,,0;4;10;17;24;29;37;75;86;93;120;124;132;145;152;175,0,0,16,0,0,0,0.0,0.0,0.5333333333333333,0.0,0.0,0.0,0,16,1.9509789999574423,7,7,269,52,16,,method1_proportional_scores_gamma1,unrestricted_maximum_cardinality_then_maximum_testing_evalue_sum,200,0,8,exact_fixed_count_order_statistics,300.0,1,False
54,0ba1e1dffbd7092065f132ba0e53d8a498fc35ff7f04c2b3aa66deae195af249,proven_maximal,maximize_sum_testing_e_values_at_maximum_cardinality,proven_optimal,187387.59418416373,2.126964298000146,88100.95889261177,0,0,21,,,32;38;47;48;74;79;86;90;99;103;110;118;136;143;144;145;148;162;164;171;195,0,0,21,0,0,0,0.0,0.0,0.7,0.0,0.0,0.0,0,21,3.365415400126949,15,15,269,57,21,,method1_proportional_scores_gamma1,unrestricted_maximum_cardinality_then_maximum_testing_evalue_sum,200,0,9,exact_fixed_count_order_statistics,300.0,1,False
55,9e107c82204a822a3b428dddd3ff4fa3b2698c4fd2e480fdaf49916767301aae,proven_maximal,maximize_sum_testing_e_values_at_maximum_cardinality,proven_optimal,20277.9367658011,1.7771542846893293,11410.341207007785,0,0,7,,,40;65;76;79;109;155;194,0,0,7,0,0,0,0.0,0.0,0.23333333333333334,0.0,0.0,0.0,0,7,0.8357927999459207,3,3,243,46,7,,method1_proportional_scores_gamma1,unrestricted_maximum_cardinality_then_maximum_testing_evalue_sum,200,0,9,exact_fixed_count_order_statistics,300.0,1,False
56,2683df5bb4c72a9420822c98a0e58e95656495878e90f4ad389fb5505ebafe14,proven_maximal,maximize_sum_testing_e_values_at_maximum_cardinality,proven_optimal,2958.0176521888884,0.5379570515983568,5498.613027564455,0,0,2,,,68;158,0,0,2,0,0,0,0.0,0.0,0.06666666666666667,0.0,0.0,0.0,0,2,0.7010945999063551,4,4,253,53,2,,method1_proportional_scores_gamma1,unrestricted_maximum_cardinality_then_maximum_testing_evalue_sum,200,0,13,exact_fixed_count_order_statistics,300.0,1,False
57,7717ae636ad125964d622001c23e3c73b3f943bacbae2938c68096823f9cbb02,proven_maximal,maximize_sum_testing_e_values_at_maximum_cardinality,proven_optimal,10856.799206305266,1.2773493579283672,8499.475213197005,0,0,6,,,21;29;52;77;175;183,0,0,6,0,0,0,0.0,0.0,0.2,0.0,0.0,0.0,0,6,2.1361930000130087,7,5,250,51,6,,method1_proportional_scores_gamma1,unrestricted_maximum_cardinality_then_maximum_testing_evalue_sum,200,0,1,exact_fixed_count_order_statistics,300.0,1,False
58,7909ec73f8909af8deaf1cea078cd5333fc1bf21e03f5b90f1d4165b6649a3ea,proven_maximal,maximize_sum_testing_e_values_at_maximum_cardinality,proven_optimal,0.0,0.0,33219.42492094521,0,0,0,,,,0,0,0,0,0,0,0.0,0.0,0.0,0.0,0.0,0.0,0,0,1.0760035999119282,3,3,256,56,0,,method1_proportional_scores_gamma1,unrestricted_maximum_cardinality_then_maximum_testing_evalue_sum,200,0,4,exact_fixed_count_order_statistics,300.0,1,False
59,2452c08ac416fe63d45123c97f9ad9962482644765901f15b4fa5d9fb30a3d55,proven_maximal,maximize_sum_testing_e_values_at_maximum_cardinality,proven_optimal,12044.483233375682,0.34540308956896,34870.8034094495,0,0,2,,,59;174,0,0,2,0,0,0,0.0,0.0,0.06666666666666667,0.0,0.0,0.0,0,2,1.3976409998722374,5,5,259,58,2,,method1_proportional_scores_gamma1,unrestricted_maximum_cardinality_then_maximum_testing_evalue_sum,200,0,10,exact_fixed_count_order_statistics,300.0,1,False
60,18dcb50220975c5c9ba9b73dc4924326e281d6d6a6fe804e2cf71c3642e4f941,proven_maximal,maximize_sum_testing_e_values_at_maximum_cardinality,proven_optimal,183.23842580020573,0.029863230309340322,6135.921127825688,0,0,1,,,184,0,0,1,0,0,0,0.0,0.0,0.03333333333333333,0.0,0.0,0.0,0,1,0.5695742999669164,3,3,248,49,1,,method1_proportional_scores_gamma1,unrestricted_maximum_cardinality_then_maximum_testing_evalue_sum,200,0,4,exact_fixed_count_order_statistics,300.0,1,False
61,686f1691ae88c23c82e64eb259e18680be91125bbd23af2ef160519864345153,proven_maximal,maximize_sum_testing_e_values_at_maximum_cardinality,proven_optimal,0.0,0.0,35342.76473261122,0,0,0,,,,0,0,0,0,0,0,0.0,0.0,0.0,0.0,0.0,0.0,0,0,0.8365404999349266,3,3,268,68,0,,method1_proportional_scores_gamma1,unrestricted_maximum_cardinality_then_maximum_testing_evalue_sum,200,0,1,exact_fixed_count_order_statistics,300.0,1,False
62,84021c18a3da78ac73f47c5bd5bef64157e29e115f761f661c36eeb34ae740c2,proven_maximal,maximize_sum_testing_e_values_at_maximum_cardinality,proven_optimal,27415.870400481097,2.4708905334283418,11095.542287112892,0,0,17,,,12;42;48;50;59;73;74;83;87;98;108;112;132;138;151;172;196,0,0,17,0,0,0,0.0,0.0,0.5666666666666667,0.0,0.0,0.0,0,17,0.8647626000456512,5,5,243,52,17,,method1_proportional_scores_gamma1,unrestricted_maximum_cardinality_then_maximum_testing_evalue_sum,200,0,16,exact_fixed_count_order_statistics,300.0,1,False
63,22a6aba42187859bbe05a4bffb6ff44f583c40c65438414b48d03d72170fc4e9,proven_maximal,maximize_sum_testing_e_values_at_maximum_cardinality,proven_optimal,23448.778411591284,3.146155896583111,7453.152094928886,0,0,14,,,0;8;14;41;65;79;116;139;147;161;174;176;178;179,0,0,14,0,0,0,0.0,0.0,0.4666666666666667,0.0,0.0,0.0,0,14,4.853476400021464,35,34,383,55,14,,method1_proportional_scores_gamma1,unrestricted_maximum_cardinality_then_maximum_testing_evalue_sum,200,0,11,exact_fixed_count_order_statistics,300.0,1,False
64,05a306d6854eac16003748691ed99663b7841067d12fd6686f2fe7ced4990223,proven_maximal,maximize_sum_testing_e_values_at_maximum_cardinality,proven_optimal,7030.210381147164,2.291197313562793,3068.356592220006,0,0,20,,,2;7;10;42;47;62;91;92;98;105;108;119;122;130;134;142;159;187;188;192,0,0,20,0,0,0,0.0,0.0,0.6666666666666666,0.0,0.0,0.0,0,20,0.8764925000723451,4,4,237,51,20,,method1_proportional_scores_gamma1,unrestricted_maximum_cardinality_then_maximum_testing_evalue_sum,200,0,0,exact_fixed_count_order_statistics,300.0,1,False
65,ed33c7bea4066ea05eb3288f86a9149570929df4f477a82220f1944c3061cdbb,proven_maximal,maximize_sum_testing_e_values_at_maximum_cardinality,proven_optimal,49476.611751811426,1.5158151813197773,32640.26667732246,0,0,9,,,11;47;89;96;112;113;154;163;195,0,0,9,0,0,0,0.0,0.0,0.3,0.0,0.0,0.0,0,9,1.2132536000572145,5,5,255,54,9,,method1_proportional_scores_gamma1,unrestricted_maximum_cardinality_then_maximum_testing_evalue_sum,200,0,8,exact_fixed_count_order_statistics,300.0,1,False
66,b56eab9b52eab9ae9f301c7f196e4b6823572a1f136552b21b615a06f2fb6916,proven_maximal,maximize_sum_testing_e_values_at_maximum_cardinality,proven_optimal,0.0,0.0,14598.594922492495,0,0,0,,,,0,0,0,0,0,0,0.0,0.0,0.0,0.0,0.0,0.0,0,0,0.8179771001450717,3,3,247,47,0,,method1_proportional_scores_gamma1,unrestricted_maximum_cardinality_then_maximum_testing_evalue_sum,200,0,10,exact_fixed_count_order_statistics,300.0,1,False
67,240ba1ff67498133a48bf9f4b47910993fdf7f74155192a630dca992e36a65e0,proven_maximal,maximize_sum_testing_e_values_at_maximum_cardinality,proven_optimal,12129.62966292681,2.337692506054501,5188.719060146578,0,0,7,,,30;51;71;111;132;138;182,0,0,7,0,0,0,0.0,0.0,0.23333333333333334,0.0,0.0,0.0,0,7,1.4543325998820364,6,6,260,61,7,,method1_proportional_scores_gamma1,unrestricted_maximum_cardinality_then_maximum_testing_evalue_sum,200,0,6,exact_fixed_count_order_statistics,300.0,1,False
68,ba7adde0c9c6e4598a8d04ef538c101891a29211bb2476eac9c0978ddf58c897,proven_maximal,maximize_sum_testing_e_values_at_maximum_cardinality,proven_optimal,8817.102169909162,1.0,8817.102169909162,0,0,1,,,106,0,0,1,0,0,0,0.0,0.0,0.03333333333333333,0.0,0.0,0.0,0,1,0.44881309987977147,3,3,262,63,1,,method1_proportional_scores_gamma1,unrestricted_maximum_cardinality_then_maximum_testing_evalue_sum,200,0,9,exact_fixed_count_order_statistics,300.0,1,False
69,ecb99896744db1bb86cefa9bf36bfbbeddf06b388ebb1876c8b942ec90f84d9b,proven_maximal,maximize_sum_testing_e_values_at_maximum_cardinality,proven_optimal,48435.861681441944,1.6994171100158992,28501.455820336418,0,0,8,,,11;20;53;66;115;126;139;148,0,0,8,0,0,0,0.0,0.0,0.26666666666666666,0.0,0.0,0.0,0,8,0.9087043998297304,8,6,247,49,8,,method1_proportional_scores_gamma1,unrestricted_maximum_cardinality_then_maximum_testing_evalue_sum,200,0,6,exact_fixed_count_order_statistics,300.0,1,False
70,e7f3cb2d6b29fde52977bc5ca837501c9b691b9a6ef16b0e310e528156bc4048,proven_maximal,maximize_sum_testing_e_values_at_maximum_cardinality,proven_optimal,0.0,0.0,23137.797724052038,0,0,0,,,,0,0,0,0,0,0,0.0,0.0,0.0,0.0,0.0,0.0,0,0,0.9884870001114905,7,3,252,49,0,,method1_proportional_scores_gamma1,unrestricted_maximum_cardinality_then_maximum_testing_evalue_sum,200,0,13,exact_fixed_count_order_statistics,300.0,1,False
71,a1e470dd6b6e9deaabe972f808d48d26e3abcb15253ec1dcd234bf7c363ea9e0,proven_maximal,maximize_sum_testing_e_values_at_maximum_cardinality,proven_optimal,0.0,0.0,36644.25593540768,0,0,0,,,,0,0,0,0,0,0,0.0,0.0,0.0,0.0,0.0,0.0,0,0,0.43137070001102984,3,3,251,51,0,,method1_proportional_scores_gamma1,unrestricted_maximum_cardinality_then_maximum_testing_evalue_sum,200,0,6,exact_fixed_count_order_statistics,300.0,1,False
72,a1b58d8c4dff73c275400c4673ad5549afb50e84ec1aa275d6c1baa7e63a01d8,proven_maximal,maximize_sum_testing_e_values_at_maximum_cardinality,proven_optimal,5241.8688824322435,3.8366285847056782,1366.269568894005,0,0,13,,,3;32;52;53;63;87;91;92;120;160;165;190;196,0,0,13,0,0,0,0.0,0.0,0.43333333333333335,0.0,0.0,0.0,0,13,1.4905363998841494,16,15,297,55,13,,method1_proportional_scores_gamma1,unrestricted_maximum_cardinality_then_maximum_testing_evalue_sum,200,0,0,exact_fixed_count_order_statistics,300.0,1,False
73,81befdd1732db45936ed489492c0c6bb847e42386815c5aa7294a19b37bb80b9,proven_maximal,maximize_sum_testing_e_values_at_maximum_cardinality,proven_optimal,11865.050574984398,2.4780473103405463,4788.064588385054,0,0,6,,,13;41;52;68;142;165,0,0,6,0,0,0,0.0,0.0,0.2,0.0,0.0,0.0,0,6,0.7757784000132233,4,4,245,49,6,,method1_proportional_scores_gamma1,unrestricted_maximum_cardinality_then_maximum_testing_evalue_sum,200,0,3,exact_fixed_count_order_statistics,300.0,1,False
74,9351c2b1a5c8c65319a346630e1981eabb64249ce4c58ff6fe34173bc2dcfa61,proven_maximal,maximize_sum_testing_e_values_at_maximum_cardinality,proven_optimal,1876.519561234597,0.32535345828288736,5767.6336718173325,0,0,2,,,36;193,0,0,2,0,0,0,0.0,0.0,0.06666666666666667,0.0,0.0,0.0,0,2,0.26266729994677007,3,3,254,55,2,,method1_proportional_scores_gamma1,unrestricted_maximum_cardinality_then_maximum_testing_evalue_sum,200,0,7,exact_fixed_count_order_statistics,300.0,1,False
75,50d7073b2aa04c210c45d3b030bcbe771293fc5d9069c48c7e6bcba2fbe3d4df,proven_maximal,maximize_sum_testing_e_values_at_maximum_cardinality,proven_optimal,0.0,0.0,7992.754219991082,0,0,0,,,,0,0,0,0,0,0,0.0,0.0,0.0,0.0,0.0,0.0,0,0,0.216786399949342,3,3,251,51,0,,method1_proportional_scores_gamma1,unrestricted_maximum_cardinality_then_maximum_testing_evalue_sum,200,0,1,exact_fixed_count_order_statistics,300.0,1,False
76,ca3d3ebef2d75e2ec0f1cd8de76c2c02b0144f9fc689eac44e9555dd27da13fa,proven_maximal,maximize_sum_testing_e_values_at_maximum_cardinality,proven_optimal,60457.17644789461,1.5167536787233533,39859.58781308592,0,0,19,,,4;5;19;31;33;45;68;87;104;108;109;114;115;131;145;146;161;169;178,0,0,19,0,0,0,0.0,0.0,0.6333333333333333,0.0,0.0,0.0,0,19,0.4603953000623733,9,9,248,38,19,,method1_proportional_scores_gamma1,unrestricted_maximum_cardinality_then_maximum_testing_evalue_sum,200,0,11,exact_fixed_count_order_statistics,300.0,1,False
77,b34cf2d8c96499d519ff1dd5b420b832d4e9c0bdfe4ab125fe44dc8d1c16106c,proven_maximal,maximize_sum_testing_e_values_at_maximum_cardinality,proven_optimal,4027.748845451413,1.0088281039829745,3992.502617194522,0,0,2,,,43;146,0,0,2,0,0,0,0.0,0.0,0.06666666666666667,0.0,0.0,0.0,0,2,0.9499088001903147,10,9,270,60,2,,method1_proportional_scores_gamma1,unrestricted_maximum_cardinality_then_maximum_testing_evalue_sum,200,0,7,exact_fixed_count_order_statistics,300.0,1,False
78,e503c1fc33b3983bb9e39f74a9f34a4bf82f2dfb96b9f88dd72a4596a213b3e9,proven_maximal,maximize_sum_testing_e_values_at_maximum_cardinality,proven_optimal,0.0,0.0,50881.067849718296,0,0,0,,,,0,0,0,0,0,0,0.0,0.0,0.0,0.0,0.0,0.0,0,0,0.29713510000146925,3,3,250,50,0,,method1_proportional_scores_gamma1,unrestricted_maximum_cardinality_then_maximum_testing_evalue_sum,200,0,8,exact_fixed_count_order_statistics,300.0,1,False
79,1272012b34d55676ceadbd6bc1c5fd67112a15743601c074dd903e783508141a,proven_maximal,maximize_sum_testing_e_values_at_maximum_cardinality,proven_optimal,27514.516724233185,1.4016530728734826,19630.04773201587,0,0,7,,,0;11;20;36;158;176;181,0,0,7,0,0,0,0.0,0.0,0.23333333333333334,0.0,0.0,0.0,0,7,0.7449200998526067,5,4,245,49,7,,method1_proportional_scores_gamma1,unrestricted_maximum_cardinality_then_maximum_testing_evalue_sum,200,0,5,exact_fixed_count_order_statistics,300.0,1,False
80,aaab7e565d4646a7be3548ccb08c81af17a3a4b626a42a40103d0597b832ff29,proven_maximal,maximize_sum_testing_e_values_at_maximum_cardinality,proven_optimal,8603.708592151957,2.6121645525616657,3293.708500758338,0,0,11,,,11;18;53;90;124;130;144;156;163;164;184,0,0,11,0,0,0,0.0,0.0,0.36666666666666664,0.0,0.0,0.0,0,11,2.1199696001131088,17,15,313,45,11,,method1_proportional_scores_gamma1,unrestricted_maximum_cardinality_then_maximum_testing_evalue_sum,200,0,0,exact_fixed_count_order_statistics,300.0,1,False
81,37cd15fce1df7572ab6193516b64756c7fd38191f3e09804632ce8d6e25fe871,proven_maximal,maximize_sum_testing_e_values_at_maximum_cardinality,proven_optimal,33450.97073160002,3.180023887357852,10519.09416925576,0,0,18,,,0;17;33;34;36;77;83;85;94;127;131;137;138;140;149;163;172;179,0,0,18,0,0,0,0.0,0.0,0.6,0.0,0.0,0.0,0,18,1.0927490000613034,13,13,262,51,18,,method1_proportional_scores_gamma1,unrestricted_maximum_cardinality_then_maximum_testing_evalue_sum,200,0,9,exact_fixed_count_order_statistics,300.0,1,False
82,6a17cdb50e39eef1c969e68a8d92cf61904a775ac315252002f1927454efdefc,proven_maximal,maximize_sum_testing_e_values_at_maximum_cardinality,proven_optimal,0.0,0.0,847.7414527974512,0,0,0,,,,0,0,0,0,0,0,0.0,0.0,0.0,0.0,0.0,0.0,0,0,0.4066896000877023,3,3,244,44,0,,method1_proportional_scores_gamma1,unrestricted_maximum_cardinality_then_maximum_testing_evalue_sum,200,0,0,exact_fixed_count_order_statistics,300.0,1,False
83,47733735bcc1decd3a77bddd3391969f540576c989e3ce7f3bc2cd1af922ad18,proven_maximal,maximize_sum_testing_e_values_at_maximum_cardinality,proven_optimal,10560.072262438343,0.8801634750489085,11997.853309979202,0,0,2,,,101;124,0,0,2,0,0,0,0.0,0.0,0.06666666666666667,0.0,0.0,0.0,0,2,0.29726479994133115,3,3,244,46,2,,method1_proportional_scores_gamma1,unrestricted_maximum_cardinality_then_maximum_testing_evalue_sum,200,0,7,exact_fixed_count_order_statistics,300.0,1,False
84,75ea2720022cb21607e84efe39b034abe4d48cc666e33d1a309c9f686513fa22,proven_maximal,maximize_sum_testing_e_values_at_maximum_cardinality,proven_optimal,478011.34369833884,1.165767645838192,410039.9812988862,0,0,13,,,3;17;26;42;61;89;107;111;127;130;143;144;185,0,0,13,0,0,0,0.0,0.0,0.43333333333333335,0.0,0.0,0.0,0,13,0.3527381999883801,3,3,234,43,13,,method1_proportional_scores_gamma1,unrestricted_maximum_cardinality_then_maximum_testing_evalue_sum,200,0,6,exact_fixed_count_order_statistics,300.0,1,False
85,c412df7ccb1651a739303aad18b940b980a606f7685d74272a7f52686a596a50,proven_maximal,maximize_sum_testing_e_values_at_maximum_cardinality,proven_optimal,17025.955605907537,1.5225058489287662,11182.850704900073,0,0,11,,,25;55;85;91;107;111;147;170;175;189;193,0,0,11,0,0,0,0.0,0.0,0.36666666666666664,0.0,0.0,0.0,0,11,3.6101520999800414,31,30,334,58,11,,method1_proportional_scores_gamma1,unrestricted_maximum_cardinality_then_maximum_testing_evalue_sum,200,0,2,exact_fixed_count_order_statistics,300.0,1,False
86,972d97741e5c88cd446535369f2c559c4814f0d9535e8695ab6b24e1268ffc8c,proven_maximal,maximize_sum_testing_e_values_at_maximum_cardinality,proven_optimal,609776.057445258,1.0145045175972855,601058.001091438,0,0,10,,,2;6;50;55;67;75;88;131;147;182,0,0,10,0,0,0,0.0,0.0,0.3333333333333333,0.0,0.0,0.0,0,10,0.7769536999985576,5,5,242,43,10,,method1_proportional_scores_gamma1,unrestricted_maximum_cardinality_then_maximum_testing_evalue_sum,200,0,10,exact_fixed_count_order_statistics,300.0,1,False
87,b67dc531e07077d86672f5688d5b8b92355c04d4ef4116f6c544707eb2f592ad,proven_maximal,maximize_sum_testing_e_values_at_maximum_cardinality,proven_optimal,0.0,0.0,5476.278476876792,0,0,0,,,,0,0,0,0,0,0,0.0,0.0,0.0,0.0,0.0,0.0,0,0,0.288074400043115,3,3,255,55,0,,method1_proportional_scores_gamma1,unrestricted_maximum_cardinality_then_maximum_testing_evalue_sum,200,0,7,exact_fixed_count_order_statistics,300.0,1,False
88,86c2c3415f02ed4c15a4dbdc68375e4d5ca541b094fa2f813d31e18ac752431d,proven_maximal,maximize_sum_testing_e_values_at_maximum_cardinality,proven_optimal,0.0,0.0,8035.602828711181,0,0,0,,,,0,0,0,0,0,0,0.0,0.0,0.0,0.0,0.0,0.0,0,0,0.2741208001971245,3,3,240,40,0,,method1_proportional_scores_gamma1,unrestricted_maximum_cardinality_then_maximum_testing_evalue_sum,200,0,5,exact_fixed_count_order_statistics,300.0,1,False
89,f216f855716af4b6682bf0d7edbc4b6108a42d9f7c02c8472d3fd172be70fad4,proven_maximal,maximize_sum_testing_e_values_at_maximum_cardinality,proven_optimal,24466.25042690984,3.0761805484543205,7953.450729412915,0,0,5,,,111;125;137;183;197,0,0,5,0,0,0,0.0,0.0,0.16666666666666666,0.0,0.0,0.0,0,5,0.6608833998907357,5,4,242,46,5,,method1_proportional_scores_gamma1,unrestricted_maximum_cardinality_then_maximum_testing_evalue_sum,200,0,9,exact_fixed_count_order_statistics,300.0,1,False
90,e6d622208d179ac4b4c35163a7ce75f1dc5d263ab15ffadc8ff3007a9f865b2c,proven_maximal,maximize_sum_testing_e_values_at_maximum_cardinality,proven_optimal,147116.6174668186,1.0315202340613565,142621.1649650179,0,0,17,,,2;3;32;38;40;46;71;90;92;96;108;117;156;173;182;184;199,0,0,17,0,0,0,0.0,0.0,0.5666666666666667,0.0,0.0,0.0,0,17,3.7386893001385033,17,16,315,66,17,,method1_proportional_scores_gamma1,unrestricted_maximum_cardinality_then_maximum_testing_evalue_sum,200,0,1,exact_fixed_count_order_statistics,300.0,1,False
91,cfc30f7467435301a2ef12b91792c83ab4bbf2f2e8b460f7047a3a6b09e8cede,proven_maximal,maximize_sum_testing_e_values_at_maximum_cardinality,proven_optimal,28258.847487432547,1.4152443883912826,19967.468318001644,0,0,6,,,41;107;129;162;171;190,0,0,6,0,0,0,0.0,0.0,0.2,0.0,0.0,0.0,0,6,1.2117971000261605,18,17,275,52,6,,method1_proportional_scores_gamma1,unrestricted_maximum_cardinality_then_maximum_testing_evalue_sum,200,0,7,exact_fixed_count_order_statistics,300.0,1,False
92,e497f36dd7860906f9ac09fc70affda23cb59f538faf7cef35d298b62b264dfd,proven_maximal,maximize_sum_testing_e_values_at_maximum_cardinality,proven_optimal,15817.42715884178,1.2215704503768767,12948.43629686836,0,0,2,,,99;192,0,0,2,0,0,0,0.0,0.0,0.06666666666666667,0.0,0.0,0.0,0,2,0.5639510001055896,4,4,255,55,2,,method1_proportional_scores_gamma1,unrestricted_maximum_cardinality_then_maximum_testing_evalue_sum,200,0,4,exact_fixed_count_order_statistics,300.0,1,False
93,9975351b5a2fb52c884fd5c092d0dc802221dc1b18363ab0fcbb88263278e140,proven_maximal,maximize_sum_testing_e_values_at_maximum_cardinality,proven_optimal,8264.587413776346,1.7087834134364837,4836.533026239808,0,0,12,,,23;29;51;69;79;107;130;144;155;178;183;184,0,0,12,0,0,0,0.0,0.0,0.4,0.0,0.0,0.0,0,12,1.32273850007914,16,15,310,59,12,,method1_proportional_scores_gamma1,unrestricted_maximum_cardinality_then_maximum_testing_evalue_sum,200,0,1,exact_fixed_count_order_statistics,300.0,1,False
94,613e4cfdbf92737200a16bca466295972c9b18dc06072b3df8a868d84c31f9da,proven_maximal,maximize_sum_testing_e_values_at_maximum_cardinality,proven_optimal,54353.5765269197,1.2873517240337427,42221.232559979886,0,0,13,,,6;15;17;32;39;65;71;88;106;113;162;166;185,0,0,13,0,0,0,0.0,0.0,0.43333333333333335,0.0,0.0,0.0,0,13,0.7138660000637174,10,10,307,51,13,,method1_proportional_scores_gamma1,unrestricted_maximum_cardinality_then_maximum_testing_evalue_sum,200,0,2,exact_fixed_count_order_statistics,300.0,1,False
95,cc9849e66038e7111b81f857d1871f7ec51084e41a418a0834a04c3a70595999,proven_maximal,maximize_sum_testing_e_values_at_maximum_cardinality,proven_optimal,10793.519026820799,2.261495162921236,4772.735844757904,0,0,5,,,19;108;111;146;183,0,0,5,0,0,0,0.0,0.0,0.16666666666666666,0.0,0.0,0.0,0,5,0.9368765000253916,7,4,254,53,5,,method1_proportional_scores_gamma1,unrestricted_maximum_cardinality_then_maximum_testing_evalue_sum,200,0,5,exact_fixed_count_order_statistics,300.0,1,False
96,dd625462bbea285c2100d82306d621bcf453182df30f860d2efca01d2ede9ae6,proven_maximal,maximize_sum_testing_e_values_at_maximum_cardinality,proven_optimal,38522.541580092,1.1406486714435473,33772.48625673655,0,0,13,,,55;83;89;101;141;143;152;155;156;172;186;192;193,0,0,13,0,0,0,0.0,0.0,0.43333333333333335,0.0,0.0,0.0,0,13,1.5673912998754531,12,12,293,46,13,,method1_proportional_scores_gamma1,unrestricted_maximum_cardinality_then_maximum_testing_evalue_sum,200,0,6,exact_fixed_count_order_statistics,300.0,1,False
97,d130078fc4fdb2e225340780769c849f34ce0f0af586f5b5deba774838f4a1d9,proven_maximal,maximize_sum_testing_e_values_at_maximum_cardinality,proven_optimal,10515.380470350676,1.5407188212345333,6824.983459295322,0,0,4,,,103;114;167;174,0,0,4,0,0,0,0.0,0.0,0.13333333333333333,0.0,0.0,0.0,0,4,0.500478999922052,3,3,259,63,4,,method1_proportional_scores_gamma1,unrestricted_maximum_cardinality_then_maximum_testing_evalue_sum,200,0,8,exact_fixed_count_order_statistics,300.0,1,False
98,f62486fa7b18b8c6615eb912e2f044c465f52524080248ffba503cb296901f0d,proven_maximal,maximize_sum_testing_e_values_at_maximum_cardinality,proven_optimal,20891.995075699007,1.3606901109062999,15353.969951162288,0,0,15,,,4;19;21;33;34;108;120;140;143;161;166;183;184;192;193,0,0,15,0,0,0,0.0,0.0,0.5,0.0,0.0,0.0,0,15,0.6457275999709964,9,9,257,51,15,,method1_proportional_scores_gamma1,unrestricted_maximum_cardinality_then_maximum_testing_evalue_sum,200,0,3,exact_fixed_count_order_statistics,300.0,1,False
99,359036c31b58f9aed70d1424eacc82f9f9991c14a254228f68fe7d96dcd293c8,proven_maximal,maximize_sum_testing_e_values_at_maximum_cardinality,proven_optimal,235368.2245573328,1.0617092859876691,221688.015414105,0,0,19,,,0;11;18;36;37;73;81;90;103;117;126;133;149;153;155;158;190;193;195,0,0,19,0,0,0,0.0,0.0,0.6333333333333333,0.0,0.0,0.0,0,19,0.5582684001419693,5,5,261,54,19,,method1_proportional_scores_gamma1,unrestricted_maximum_cardinality_then_maximum_testing_evalue_sum,200,0,7,exact_fixed_count_order_statistics,300.0,1,False
100,72f2e6aa538e443c1f9a5a8fd32652c7436161be00e874a2ce3c5fe0318a83dd,proven_maximal,maximize_sum_testing_e_values_at_maximum_cardinality,proven_optimal,159170.83607310033,1.09932561506143,144789.52722684073,0,0,10,,,0;29;38;73;81;90;114;121;138;151,0,0,10,0,0,0,0.0,0.0,0.3333333333333333,0.0,0.0,0.0,0,10,0.3248862000182271,4,4,242,49,10,,method1_proportional_scores_gamma1,unrestricted_maximum_cardinality_then_maximum_testing_evalue_sum,200,0,8,exact_fixed_count_order_statistics,300.0,1,False
101,107beb7192ad7c4074a86f0f6dd1718d020be0abceafd2a30e24a4095bb686b6,proven_maximal,maximize_sum_testing_e_values_at_maximum_cardinality,proven_optimal,32802.80300897645,1.394101284088533,23529.712929303416,0,0,9,,,2;4;45;55;99;112;113;132;194,0,0,9,0,0,0,0.0,0.0,0.3,0.0,0.0,0.0,0,9,1.2677707001566887,5,4,255,57,9,,method1_proportional_scores_gamma1,unrestricted_maximum_cardinality_then_maximum_testing_evalue_sum,200,0,6,exact_fixed_count_order_statistics,300.0,1,False
102,9f043a7096cd6aa724843e9a4182d27e1ac33a44a81f50f3d9980c076a9771be,proven_maximal,maximize_sum_testing_e_values_at_maximum_cardinality,proven_optimal,409481.8553236641,1.7301483664412685,236674.4166374152,0,0,11,,,26;28;32;42;57;76;93;109;157;158;161,0,0,11,0,0,0,0.0,0.0,0.36666666666666664,0.0,0.0,0.0,0,11,1.5479669999331236,9,9,256,50,11,,method1_proportional_scores_gamma1,unrestricted_maximum_cardinality_then_maximum_testing_evalue_sum,200,0,10,exact_fixed_count_order_statistics,300.0,1,False
103,1910175335a69c19e1b27dda33e8bc4c55200d7299609aa33500a435b58d1dc2,proven_maximal,maximize_sum_testing_e_values_at_maximum_cardinality,proven_optimal,7040.643529938957,2.761456855659682,2549.6119975617084,0,0,12,,,15;19;24;25;26;27;28;30;32;51;97;172,0,0,12,0,0,0,0.0,0.0,0.4,0.0,0.0,0.0,0,12,2.1733182999305427,12,12,293,64,12,,method1_proportional_scores_gamma1,unrestricted_maximum_cardinality_then_maximum_testing_evalue_sum,200,0,2,exact_fixed_count_order_statistics,300.0,1,False
104,af79108618335fab9245cf6725be56223deb5bea0196bbe253ebe3866fd032d8,proven_maximal,maximize_sum_testing_e_values_at_maximum_cardinality,proven_optimal,946350.8859596918,1.0679202942661665,886162.4702150524,0,0,21,,,9;11;21;22;24;50;55;56;63;76;83;111;126;146;160;162;174;184;185;190;193,0,0,21,0,0,0,0.0,0.0,0.7,0.0,0.0,0.0,0,21,0.6065404999535531,7,7,267,60,21,,method1_proportional_scores_gamma1,unrestricted_maximum_cardinality_then_maximum_testing_evalue_sum,200,0,6,exact_fixed_count_order_statistics,300.0,1,False
105,d55095db138dbc78148b97f02dd10838dfd7d8f6e28bccfb4ff0c6873fd09e5d,proven_maximal,maximize_sum_testing_e_values_at_maximum_cardinality,proven_optimal,122253.73572911636,1.0522879407199641,116178.97630326512,0,0,2,,,174;182,0,0,2,0,0,0,0.0,0.0,0.06666666666666667,0.0,0.0,0.0,0,2,0.3819597999099642,3,3,248,50,2,,method1_proportional_scores_gamma1,unrestricted_maximum_cardinality_then_maximum_testing_evalue_sum,200,0,9,exact_fixed_count_order_statistics,300.0,1,False
106,4bfb859065c672facd77270503910566a3e2348ddd99283fa1b7682c986e3acc,proven_maximal,maximize_sum_testing_e_values_at_maximum_cardinality,proven_optimal,47874.48151250325,1.0646096509112077,44969.04707892428,0,0,12,,,14;39;75;77;83;92;93;150;176;186;191;195,0,0,12,0,0,0,0.0,0.0,0.4,0.0,0.0,0.0,0,12,1.9037579998839647,17,16,296,60,12,,method1_proportional_scores_gamma1,unrestricted_maximum_cardinality_then_maximum_testing_evalue_sum,200,0,1,exact_fixed_count_order_statistics,300.0,1,False
107,1fcc3291124ce128cb357269edc284a38bd4a03c9548bede38a05ef7857d8ea9,proven_maximal,maximize_sum_testing_e_values_at_maximum_cardinality,proven_optimal,0.0,0.0,3333.469590026858,0,0,0,,,,0,0,0,0,0,0,0.0,0.0,0.0,0.0,0.0,0.0,0,0,0.315889400197193,3,3,254,54,0,,method1_proportional_scores_gamma1,unrestricted_maximum_cardinality_then_maximum_testing_evalue_sum,200,0,0,exact_fixed_count_order_statistics,300.0,1,False
108,f4c362941e4347e2c2be976590a5a0a182d7917118775236c23d64956debdce1,proven_maximal,maximize_sum_testing_e_values_at_maximum_cardinality,proven_optimal,27882.699241662973,2.566140089248049,10865.618505587272,0,0,15,,,9;21;32;50;56;60;80;116;147;154;157;166;175;190;191,0,0,14,0,0,1,0.0,0.0,0.4666666666666667,0.0,0.0,0.06666666666666667,0,15,0.9479246998671442,11,11,281,59,15,,method1_proportional_scores_gamma1,unrestricted_maximum_cardinality_then_maximum_testing_evalue_sum,200,0,7,exact_fixed_count_order_statistics,300.0,1,False
109,a19b596cf1fd96c4671702396fd896c3ece5ff06335ff61b8377de2467f6dd67,proven_maximal,maximize_sum_testing_e_values_at_maximum_cardinality,proven_optimal,16234.389225360199,1.5547736522319946,10441.641586898846,0,0,6,,,15;33;92;99;114;134,0,0,6,0,0,0,0.0,0.0,0.2,0.0,0.0,0.0,0,6,0.8891831999644637,5,4,243,46,6,,method1_proportional_scores_gamma1,unrestricted_maximum_cardinality_then_maximum_testing_evalue_sum,200,0,9,exact_fixed_count_order_statistics,300.0,1,False
110,4424b5bab177aadc7beb626ca79d556a3d22f33880fb577385627655525b3e80,proven_maximal,maximize_sum_testing_e_values_at_maximum_cardinality,proven_optimal,32837.21370817243,2.1440729391725313,15315.343572614369,0,0,10,,,2;23;58;74;76;108;158;161;168;195,0,0,10,0,0,0,0.0,0.0,0.3333333333333333,0.0,0.0,0.0,0,10,0.6826657000929117,7,7,260,59,10,,method1_proportional_scores_gamma1,unrestricted_maximum_cardinality_then_maximum_testing_evalue_sum,200,0,5,exact_fixed_count_order_statistics,300.0,1,False
111,6de2724c20542ac6f52450070a73dd62ebc14a0d6ce0972b84a30338aa33926d,proven_maximal,maximize_sum_testing_e_values_at_maximum_cardinality,proven_optimal,46565.42343600353,1.329784628128152,35017.26704537902,0,0,8,,,8;16;76;137;146;160;177;189,0,0,8,0,0,0,0.0,0.0,0.26666666666666666,0.0,0.0,0.0,0,8,1.833989500068128,24,23,303,51,8,,method1_proportional_scores_gamma1,unrestricted_maximum_cardinality_then_maximum_testing_evalue_sum,200,0,3,exact_fixed_count_order_statistics,300.0,1,False
112,db5085b35a832443ed63dfcf75ea242be4bec50cb6374d5096d35daeda144434,proven_maximal,maximize_sum_testing_e_values_at_maximum_cardinality,proven_optimal,242421.93081067092,1.1834126623784582,204849.8706473565,0,0,8,,,10;32;36;88;139;152;162;165,0,0,8,0,0,0,0.0,0.0,0.26666666666666666,0.0,0.0,0.0,0,8,0.8556414998602122,10,9,271,59,8,,method1_proportional_scores_gamma1,unrestricted_maximum_cardinality_then_maximum_testing_evalue_sum,200,0,9,exact_fixed_count_order_statistics,300.0,1,False
113,b57eee78b71d479b743415082d760bf35ea7de703f169252adec1c0d43a40043,proven_maximal,maximize_sum_testing_e_values_at_maximum_cardinality,proven_optimal,58244.40203859538,2.501748728503184,23281.4756234306,0,0,15,,,4;16;17;21;31;37;42;70;99;106;109;120;125;154;164,0,0,15,0,0,0,0.0,0.0,0.5,0.0,0.0,0.0,0,15,6.132568799890578,50,49,417,54,15,,method1_proportional_scores_gamma1,unrestricted_maximum_cardinality_then_maximum_testing_evalue_sum,200,0,9,exact_fixed_count_order_statistics,300.0,1,False
114,5aa5469c4fb440c73fa5d5cec781e2e8338fa2ac1ee96f25c546fc5cdaf78aa3,proven_maximal,maximize_sum_testing_e_values_at_maximum_cardinality,proven_optimal,230187.03232705742,1.856278552178633,124004.57466736173,0,0,8,,,18;54;85;91;142;168;177;197,0,0,8,0,0,0,0.0,0.0,0.26666666666666666,0.0,0.0,0.0,0,8,0.515719800023362,4,4,263,62,8,,method1_proportional_scores_gamma1,unrestricted_maximum_cardinality_then_maximum_testing_evalue_sum,200,0,8,exact_fixed_count_order_statistics,300.0,1,False
115,b80e61393c72bc8a9eb8ac4e377b75352988e92db6baa0b7e6429217a94c3f8d,proven_maximal,maximize_sum_testing_e_values_at_maximum_cardinality,proven_optimal,185538.84119621504,1.1851170948816947,156557.39166832002,0,0,15,,,20;35;49;59;78;89;110;111;115;122;129;160;194;196;198,0,0,15,0,0,0,0.0,0.0,0.5,0.0,0.0,0.0,0,15,2.471313600195572,16,15,271,47,15,,method1_proportional_scores_gamma1,unrestricted_maximum_cardinality_then_maximum_testing_evalue_sum,200,0,11,exact_fixed_count_order_statistics,300.0,1,False
116,d7d6da6ce4a55ac8964198fce217d81ce79b1457551ff60fe0f85c9f662cdf36,proven_maximal,maximize_sum_testing_e_values_at_maximum_cardinality,proven_optimal,24085.756332075052,1.4218954240869373,16939.189706965684,0,0,6,,,109;112;117;152;155;174,0,0,6,0,0,0,0.0,0.0,0.2,0.0,0.0,0.0,0,6,1.6535027001518756,8,4,251,51,6,,method1_proportional_scores_gamma1,unrestricted_maximum_cardinality_then_maximum_testing_evalue_sum,200,0,10,exact_fixed_count_order_statistics,300.0,1,False
117,4387009004652625000d0303bc1a8500c5ccef3d0ed3f6260ae4c0b5e4ede9c9,proven_maximal,maximize_sum_testing_e_values_at_maximum_cardinality,proven_optimal,166676.93477196642,1.1597751202166207,143714.87357034767,0,0,11,,,10;87;100;102;110;134;151;163;167;182;189,0,0,11,0,0,0,0.0,0.0,0.36666666666666664,0.0,0.0,0.0,0,11,0.5782049000263214,4,4,247,54,11,,method1_proportional_scores_gamma1,unrestricted_maximum_cardinality_then_maximum_testing_evalue_sum,200,0,5,exact_fixed_count_order_statistics,300.0,1,False
118,10e93f190ada4f3ee4930cca817a6b7cb1ccd84cc2a3bfdf162322c419621d6e,proven_maximal,maximize_sum_testing_e_values_at_maximum_cardinality,proven_optimal,8442.190683574066,4.608877185893333,1831.7239412266367,0,0,14,,,1;8;20;50;59;60;105;133;165;180;193;194;195;198,0,0,14,0,0,0,0.0,0.0,0.4666666666666667,0.0,0.0,0.0,0,14,2.069987199967727,15,15,290,65,14,,method1_proportional_scores_gamma1,unrestricted_maximum_cardinality_then_maximum_testing_evalue_sum,200,0,5,exact_fixed_count_order_statistics,300.0,1,False
119,539135ebffd8095d9277e3f8eb51aeb2a1f9be94bc13dda26c8821a94abfeda9,proven_maximal,maximize_sum_testing_e_values_at_maximum_cardinality,proven_optimal,61.81498396947211,0.008676170970191919,7124.684861772007,0,0,1,,,80,0,0,1,0,0,0,0.0,0.0,0.03333333333333333,0.0,0.0,0.0,0,1,0.7773124999366701,5,4,260,60,1,,method1_proportional_scores_gamma1,unrestricted_maximum_cardinality_then_maximum_testing_evalue_sum,200,0,3,exact_fixed_count_order_statistics,300.0,1,False
120,eb726bf712fb27663fc14d4fe375d79ecd5b15e7c053e260727e806142872b57,proven_maximal,maximize_sum_testing_e_values_at_maximum_cardinality,proven_optimal,29972.470595459832,1.8853811571096704,15897.300385354583,0,0,18,,,3;23;28;53;56;57;62;80;84;117;118;142;159;167;171;180;191;194,0,0,18,0,0,0,0.0,0.0,0.6,0.0,0.0,0.0,0,18,0.4573248999658972,7,7,253,52,18,,method1_proportional_scores_gamma1,unrestricted_maximum_cardinality_then_maximum_testing_evalue_sum,200,0,9,exact_fixed_count_order_statistics,300.0,1,False
121,5ec339ef68f2a015bba0979431c51fbd00953c3d0c75417e415ab3b142bcceb7,proven_maximal,maximize_sum_testing_e_values_at_maximum_cardinality,proven_optimal,36210.64150591941,1.4256468272378682,25399.44733442576,0,0,12,,,29;33;56;79;111;121;144;162;183;187;191;199,0,0,12,0,0,0,0.0,0.0,0.4,0.0,0.0,0.0,0,12,0.7933142001274973,8,8,253,48,12,,method1_proportional_scores_gamma1,unrestricted_maximum_cardinality_then_maximum_testing_evalue_sum,200,0,7,exact_fixed_count_order_statistics,300.0,1,False
122,a5fa2bd78284330bffd73a6b4c497a29594022bc9e6c013dfd7bff84919799a6,proven_maximal,maximize_sum_testing_e_values_at_maximum_cardinality,proven_optimal,28415.321003220168,2.204585364261913,12889.190622352477,0,0,17,,,2;35;46;47;55;62;94;101;116;121;132;156;164;172;178;181;192,0,0,17,0,0,0,0.0,0.0,0.5666666666666667,0.0,0.0,0.0,0,17,1.0649495001416653,10,10,267,48,17,,method1_proportional_scores_gamma1,unrestricted_maximum_cardinality_then_maximum_testing_evalue_sum,200,0,5,exact_fixed_count_order_statistics,300.0,1,False
123,7cb15867a01c79a0b72e6fb96454fa5294d207ed79b4bd154d6a2536249ffa46,proven_maximal,maximize_sum_testing_e_values_at_maximum_cardinality,proven_optimal,32318.611034552803,1.721260711986765,18776.12775885011,0,0,11,,,5;43;54;71;75;102;111;159;171;180;198,0,0,11,0,0,0,0.0,0.0,0.36666666666666664,0.0,0.0,0.0,0,11,31.63194450014271,137,136,691,57,11,,method1_proportional_scores_gamma1,unrestricted_maximum_cardinality_then_maximum_testing_evalue_sum,200,0,15,exact_fixed_count_order_statistics,300.0,1,False
124,fa06a91da78f0e4332a259161c36baa4a2dce0db39ab6e66669c5c5f8e1c7cd5,proven_maximal,maximize_sum_testing_e_values_at_maximum_cardinality,proven_optimal,29862.316775059695,1.5723027695982912,18992.726688822942,0,0,9,,,16;20;32;37;92;93;105;123;125,0,0,9,0,0,0,0.0,0.0,0.3,0.0,0.0,0.0,0,9,3.4965603000018746,13,12,258,44,9,,method1_proportional_scores_gamma1,unrestricted_maximum_cardinality_then_maximum_testing_evalue_sum,200,0,14,exact_fixed_count_order_statistics,300.0,1,False
125,9c4572853e0d5ba7318777af47b613d5f25f82252882f3aece1993a38abd4039,proven_maximal,maximize_sum_testing_e_values_at_maximum_cardinality,proven_optimal,21657.857076617005,1.661550820162235,13034.724435634364,0,0,21,,,5;42;51;52;56;73;78;83;84;111;116;136;137;142;143;149;163;173;177;192;196,0,0,21,0,0,0,0.0,0.0,0.7,0.0,0.0,0.0,0,21,1.327599999960512,5,5,251,44,21,,method1_proportional_scores_gamma1,unrestricted_maximum_cardinality_then_maximum_testing_evalue_sum,200,0,5,exact_fixed_count_order_statistics,300.0,1,False
126,1778f18bd647e46f5e1b061a8a0d066a99ded13b6840722551078f49ce3558b0,proven_maximal,maximize_sum_testing_e_values_at_maximum_cardinality,proven_optimal,51756.91372011244,1.0195816667209991,50762.89169318236,0,0,3,,,46;71;81,0,0,3,0,0,0,0.0,0.0,0.1,0.0,0.0,0.0,0,3,3.845370100112632,6,4,258,58,3,,method1_proportional_scores_gamma1,unrestricted_maximum_cardinality_then_maximum_testing_evalue_sum,200,0,6,exact_fixed_count_order_statistics,300.0,1,False
127,2fe45defaf728bb288b698ef1837ab28882f319c3c3a6ae5b91ea23cceca5d60,proven_maximal,maximize_sum_testing_e_values_at_maximum_cardinality,proven_optimal,695805.5095546339,1.0661347025880152,652643.1489994496,0,0,12,,,16;48;75;80;94;116;119;147;158;160;186;193,0,0,12,0,0,0,0.0,0.0,0.4,0.0,0.0,0.0,0,12,1.9410695999395102,5,5,257,60,12,,method1_proportional_scores_gamma1,unrestricted_maximum_cardinality_then_maximum_testing_evalue_sum,200,0,13,exact_fixed_count_order_statistics,300.0,1,False
128,3a1a1270393dde56eaeb67de9521b1332f40cf85fbcfe1aaa26cad9a68b6a88d,proven_maximal,maximize_sum_testing_e_values_at_maximum_cardinality,proven_optimal,0.0,0.0,8905.34138825917,0,0,0,,,,0,0,0,0,0,0,0.0,0.0,0.0,0.0,0.0,0.0,0,0,1.1721169999800622,3,3,260,60,0,,method1_proportional_scores_gamma1,unrestricted_maximum_cardinality_then_maximum_testing_evalue_sum,200,0,3,exact_fixed_count_order_statistics,300.0,1,False
129,79a6bc6772aa745060eeda42eeb6d38269db633d6f5ead82b1f2ac08c3b8d669,proven_maximal,maximize_sum_testing_e_values_at_maximum_cardinality,proven_optimal,13960.894808396444,1.2946216137594253,10783.764661440871,0,0,4,,,69;101;115;143,0,0,4,0,0,0,0.0,0.0,0.13333333333333333,0.0,0.0,0.0,0,4,3.7245982999447733,8,5,263,57,4,,method1_proportional_scores_gamma1,unrestricted_maximum_cardinality_then_maximum_testing_evalue_sum,200,0,5,exact_fixed_count_order_statistics,300.0,1,False
130,5c3d4cf689b936e0706c91cd98d84be6e2d6d3dcfb17f2a1dd8bf0342b67ef86,proven_maximal,maximize_sum_testing_e_values_at_maximum_cardinality,proven_optimal,288823.2891181384,1.0337724269279904,279387.6888131172,0,0,3,,,8;150;180,0,0,3,0,0,0,0.0,0.0,0.1,0.0,0.0,0.0,0,3,3.3328472999855876,7,4,259,59,3,,method1_proportional_scores_gamma1,unrestricted_maximum_cardinality_then_maximum_testing_evalue_sum,200,0,16,exact_fixed_count_order_statistics,300.0,1,False
131,08017781ec93ea98dff0c9a639946478abd45e1cac665aa3b0a8dc8debc87096,proven_maximal,maximize_sum_testing_e_values_at_maximum_cardinality,proven_optimal,132901.75181054056,1.1816476544213972,112471.55724742408,0,0,13,,,30;35;43;53;56;64;90;118;156;180;182;185;197,0,0,13,0,0,0,0.0,0.0,0.43333333333333335,0.0,0.0,0.0,0,13,3.428799199871719,15,14,283,47,13,,method1_proportional_scores_gamma1,unrestricted_maximum_cardinality_then_maximum_testing_evalue_sum,200,0,4,exact_fixed_count_order_statistics,300.0,1,False
132,1458688bfb31836822b4f4af908a46441d6e325282f47127077b41d81602268e,proven_maximal,maximize_sum_testing_e_values_at_maximum_cardinality,proven_optimal,68754.52886783957,1.9382916631337597,35471.7146936905,0,0,15,,,20;41;53;76;84;97;98;136;142;145;146;160;186;189;199,0,0,14,0,0,1,0.0,0.0,0.4666666666666667,0.0,0.0,0.06666666666666667,0,15,1.274517900077626,10,10,285,51,15,,method1_proportional_scores_gamma1,unrestricted_maximum_cardinality_then_maximum_testing_evalue_sum,200,0,3,exact_fixed_count_order_statistics,300.0,1,False
133,762942c14b6c8b33800c5c1640272622eeb7c32163de7472632b176740335947,proven_maximal,maximize_sum_testing_e_values_at_maximum_cardinality,proven_optimal,96722.2592949667,1.3094165454457076,73866.68484629829,0,0,10,,,17;83;112;113;132;134;137;161;171;174,0,0,10,0,0,0,0.0,0.0,0.3333333333333333,0.0,0.0,0.0,0,10,2.786585799884051,15,14,264,51,10,,method1_proportional_scores_gamma1,unrestricted_maximum_cardinality_then_maximum_testing_evalue_sum,200,0,10,exact_fixed_count_order_statistics,300.0,1,False
134,f5e3279f8237cb25606db2c3aa9a7b1ec787e89a1d19cf1af3fc0008a026869c,proven_maximal,maximize_sum_testing_e_values_at_maximum_cardinality,proven_optimal,36723.29229055349,1.6300221751913038,22529.320673961716,0,0,5,,,9;22;47;87;101,0,0,5,0,0,0,0.0,0.0,0.16666666666666666,0.0,0.0,0.0,0,5,1.6549293000716716,10,9,260,54,5,,method1_proportional_scores_gamma1,unrestricted_maximum_cardinality_then_maximum_testing_evalue_sum,200,0,11,exact_fixed_count_order_statistics,300.0,1,False
135,ce03f3a70a9f4ca70b2e64349e46741079bda0849d0411fa2c58cf6b6e2bcd30,proven_maximal,maximize_sum_testing_e_values_at_maximum_cardinality,proven_optimal,15245.094161445051,1.7085634761772783,8922.755504263887,0,0,9,,,5;12;21;28;49;66;81;94;108,0,0,9,0,0,0,0.0,0.0,0.3,0.0,0.0,0.0,0,9,1.7455531999003142,7,6,252,51,9,,method1_proportional_scores_gamma1,unrestricted_maximum_cardinality_then_maximum_testing_evalue_sum,200,0,6,exact_fixed_count_order_statistics,300.0,1,False
136,57647283f713ed4e265ebb4d9dca2668ffa78a2b1edd1f9a3826f7710313b3ca,proven_maximal,maximize_sum_testing_e_values_at_maximum_cardinality,proven_optimal,41684.12298967096,2.8100543099460364,14833.920768766728,0,0,11,,,43;51;55;66;93;94;100;148;154;166;186,0,0,11,0,0,0,0.0,0.0,0.36666666666666664,0.0,0.0,0.0,0,11,1.3163872000295669,12,12,276,59,11,,method1_proportional_scores_gamma1,unrestricted_maximum_cardinality_then_maximum_testing_evalue_sum,200,0,8,exact_fixed_count_order_statistics,300.0,1,False
137,195b18eac627b148051628ac710d58717bf28e1442e95b0f9b641897692e3b80,proven_maximal,maximize_sum_testing_e_values_at_maximum_cardinality,proven_optimal,13919.965813373608,0.1852851887182661,75127.24524645896,0,0,1,,,109,0,0,1,0,0,0,0.0,0.0,0.03333333333333333,0.0,0.0,0.0,0,1,0.5099067001137882,3,3,253,54,1,,method1_proportional_scores_gamma1,unrestricted_maximum_cardinality_then_maximum_testing_evalue_sum,200,0,9,exact_fixed_count_order_statistics,300.0,1,False
138,5a743ba3ff67dbaeadddad99d9bc970f8e16c366a68c18acdc62b97910a5e4de,proven_maximal,maximize_sum_testing_e_values_at_maximum_cardinality,proven_optimal,185.73523809211164,0.004664134728481741,39822.01392209178,0,0,1,,,177,0,0,1,0,0,0,0.0,0.0,0.03333333333333333,0.0,0.0,0.0,0,1,0.5493797000963241,3,3,248,49,1,,method1_proportional_scores_gamma1,unrestricted_maximum_cardinality_then_maximum_testing_evalue_sum,200,0,9,exact_fixed_count_order_statistics,300.0,1,False
139,ee2dd19a61309931478a5c1e9b5b414ecd6a2f342c8702074d1ab68abb06a8d0,proven_maximal,maximize_sum_testing_e_values_at_maximum_cardinality,proven_optimal,0.0,0.0,1671.4503109031275,0,0,0,,,,0,0,0,0,0,0,0.0,0.0,0.0,0.0,0.0,0.0,0,0,0.4170819001737982,3,3,257,57,0,,method1_proportional_scores_gamma1,unrestricted_maximum_cardinality_then_maximum_testing_evalue_sum,200,0,0,exact_fixed_count_order_statistics,300.0,1,False
140,1b121099b74efd2e8a45b822de46a995a5dd8537c4217ef27f9c874e03d38acc,proven_maximal,maximize_sum_testing_e_values_at_maximum_cardinality,proven_optimal,45270.06308690981,1.0894736512075018,41552.23307762919,0,0,10,,,9;12;46;49;65;103;122;164;168;189,0,0,10,0,0,0,0.0,0.0,0.3333333333333333,0.0,0.0,0.0,0,10,3.329851600108668,15,14,259,57,10,,method1_proportional_scores_gamma1,unrestricted_maximum_cardinality_then_maximum_testing_evalue_sum,200,0,6,exact_fixed_count_order_statistics,300.0,1,False
141,bdc26f027d952793bfb837dfd7f05a3f39b066add4d517d6c8d3df49e76effca,proven_maximal,maximize_sum_testing_e_values_at_maximum_cardinality,proven_optimal,14927.041522852942,3.204641850741591,4657.943763481293,0,0,12,,,3;18;19;47;61;63;79;145;149;151;161;190,0,0,12,0,0,0,0.0,0.0,0.4,0.0,0.0,0.0,0,12,3.7392649999819696,31,31,294,56,12,,method1_proportional_scores_gamma1,unrestricted_maximum_cardinality_then_maximum_testing_evalue_sum,200,0,6,exact_fixed_count_order_statistics,300.0,1,False
142,d59bbdc409c62552444c7bf812b9cafe828c263f2531048c004cc5e5960e25c2,proven_maximal,maximize_sum_testing_e_values_at_maximum_cardinality,proven_optimal,7321.549873932885,2.1899667459415193,3343.22422361038,0,0,7,,,23;65;84;93;123;168;187,0,0,7,0,0,0,0.0,0.0,0.23333333333333334,0.0,0.0,0.0,0,7,2.123464700067416,11,8,281,64,7,,method1_proportional_scores_gamma1,unrestricted_maximum_cardinality_then_maximum_testing_evalue_sum,200,0,8,exact_fixed_count_order_statistics,300.0,1,False
143,8996febb361a2d62183146ccd563264f3e4b0cf49f6c377177f1d6578e1a3c0a,proven_maximal,maximize_sum_testing_e_values_at_maximum_cardinality,proven_optimal,130777.93695386541,1.2130824010651575,107806.30964478152,0,0,4,,,82;105;141;143,0,0,4,0,0,0,0.0,0.0,0.13333333333333333,0.0,0.0,0.0,0,4,0.5880265000741929,3,3,243,47,4,,method1_proportional_scores_gamma1,unrestricted_maximum_cardinality_then_maximum_testing_evalue_sum,200,0,4,exact_fixed_count_order_statistics,300.0,1,False
144,7fb055d6813154a39c88e12b9fbdb86d346c51701c5d06460f15210d5e73a85d,proven_maximal,maximize_sum_testing_e_values_at_maximum_cardinality,proven_optimal,6779.455098505213,1.0,6779.455098505213,0,0,1,,,34,0,0,1,0,0,0,0.0,0.0,0.03333333333333333,0.0,0.0,0.0,0,1,1.2718144999817014,5,4,249,49,1,,method1_proportional_scores_gamma1,unrestricted_maximum_cardinality_then_maximum_testing_evalue_sum,200,0,3,exact_fixed_count_order_statistics,300.0,1,False
145,7b341964584056cf53706a0b861e67feb7cd07f7f2687d0c609d1e91c91ff6e2,proven_maximal,maximize_sum_testing_e_values_at_maximum_cardinality,proven_optimal,349.44143145342144,0.2684421942081919,1301.738098528617,0,0,1,,,4,0,0,1,0,0,0,0.0,0.0,0.03333333333333333,0.0,0.0,0.0,0,1,0.6461056999396533,3,3,252,53,1,,method1_proportional_scores_gamma1,unrestricted_maximum_cardinality_then_maximum_testing_evalue_sum,200,0,0,exact_fixed_count_order_statistics,300.0,1,False
146,5c327f5d54d3b9cdff9868cd619c199398ad57edb441136e57c19cba153bc169,proven_maximal,maximize_sum_testing_e_values_at_maximum_cardinality,proven_optimal,427677.93628681666,1.3331863380487012,320793.8185991174,0,0,10,,,9;43;46;70;108;111;121;125;130;197,0,0,10,0,0,0,0.0,0.0,0.3333333333333333,0.0,0.0,0.0,0,10,2.065690199844539,8,8,256,53,10,,method1_proportional_scores_gamma1,unrestricted_maximum_cardinality_then_maximum_testing_evalue_sum,200,0,8,exact_fixed_count_order_statistics,300.0,1,False
147,11476c81b73a862eee73cd0f19dab06cbbc6ca4b2a25295f49cbfb3f2d4eab03,proven_maximal,maximize_sum_testing_e_values_at_maximum_cardinality,proven_optimal,2984.4891233191515,0.6285591621299577,4748.143537047184,0,0,9,,,18;24;97;107;145;146;176;187;188,0,0,9,0,0,0,0.0,0.0,0.3,0.0,0.0,0.0,0,9,6.7040210999548435,31,29,333,52,9,,method1_proportional_scores_gamma1,unrestricted_maximum_cardinality_then_maximum_testing_evalue_sum,200,0,1,exact_fixed_count_order_statistics,300.0,1,False
148,1f433f4e90e839d9dfaa8ecad66c2edbb6e2e8f1cc62b48dda1e2ff26409da84,proven_maximal,maximize_sum_testing_e_values_at_maximum_cardinality,proven_optimal,134776.41319207306,1.003199569708272,134346.56200188134,0,0,6,,,40;91;137;151;166;175,0,0,6,0,0,0,0.0,0.0,0.2,0.0,0.0,0.0,0,6,2.4030243000015616,11,9,264,52,6,,method1_proportional_scores_gamma1,unrestricted_maximum_cardinality_then_maximum_testing_evalue_sum,200,0,4,exact_fixed_count_order_statistics,300.0,1,False
149,446202fada0f572b6b15c266bd845c396218efe06cc89e555cbf828bf0dae315,proven_maximal,maximize_sum_testing_e_values_at_maximum_cardinality,proven_optimal,38236.46234837616,1.9644596596560833,19464.11175227197,0,0,9,,,11;12;35;42;60;61;94;104;170,0,0,9,0,0,0,0.0,0.0,0.3,0.0,0.0,0.0,0,9,1.1819378000218421,5,5,252,48,9,,method1_proportional_scores_gamma1,unrestricted_maximum_cardinality_then_maximum_testing_evalue_sum,200,0,4,exact_fixed_count_order_statistics,300.0,1,False
150,54fbe2a6b530f45f59a3713eef1ae1a03b9d94ea4c134747d4047eefc340cdff,proven_maximal,maximize_sum_testing_e_values_at_maximum_cardinality,proven_optimal,27402.981345487213,1.6940487820127441,16176.028480672798,0,0,9,,,12;35;66;95;130;153;167;170;180,0,0,9,0,0,0,0.0,0.0,0.3,0.0,0.0,0.0,0,9,1.3661353001371026,6,6,260,54,9,,method1_proportional_scores_gamma1,unrestricted_maximum_cardinality_then_maximum_testing_evalue_sum,200,0,10,exact_fixed_count_order_statistics,300.0,1,False
151,6f3338f7e6b9fc30987b7b930651322afcc7ae60528ed9d861fbac8c7f65f122,proven_maximal,maximize_sum_testing_e_values_at_maximum_cardinality,proven_optimal,2429.6859644327724,2.1616223592476853,1124.0103776861292,0,0,6,,,88;96;119;128;133;173,0,0,6,0,0,0,0.0,0.0,0.2,0.0,0.0,0.0,0,6,3.7759616998955607,19,15,275,49,6,,method1_proportional_scores_gamma1,unrestricted_maximum_cardinality_then_maximum_testing_evalue_sum,200,0,0,exact_fixed_count_order_statistics,300.0,1,False
152,97c755d4fe281c86f979c056ce447f301d7775e7af509aebf91c379c8ccadc6b,proven_maximal,maximize_sum_testing_e_values_at_maximum_cardinality,proven_optimal,0.0,0.0,18984.09142044121,0,0,0,,,,0,0,0,0,0,0,0.0,0.0,0.0,0.0,0.0,0.0,0,0,0.7474368000403047,3,3,257,57,0,,method1_proportional_scores_gamma1,unrestricted_maximum_cardinality_then_maximum_testing_evalue_sum,200,0,1,exact_fixed_count_order_statistics,300.0,1,False
153,4b0df3a555a5a188b0b894441e2d73fedddcb711d251d057467cc7bbd0866872,proven_maximal,maximize_sum_testing_e_values_at_maximum_cardinality,proven_optimal,12336.922622656606,2.245638556141339,5493.725866488075,0,0,10,,,11;104;119;144;159;163;187;188;189;198,0,0,10,0,0,0,0.0,0.0,0.3333333333333333,0.0,0.0,0.0,0,10,2.0629783999174833,10,10,282,52,10,,method1_proportional_scores_gamma1,unrestricted_maximum_cardinality_then_maximum_testing_evalue_sum,200,0,7,exact_fixed_count_order_statistics,300.0,1,False
154,17432136c35f85ff4f91e8588cdeeabe8a60940f44a8052e0e0d21cb16c62fe5,proven_maximal,maximize_sum_testing_e_values_at_maximum_cardinality,proven_optimal,73185.71091545794,2.508459286674877,29175.562587053297,0,0,16,,,0;21;22;38;43;44;50;64;78;94;99;122;137;149;172;198,0,0,16,0,0,0,0.0,0.0,0.5333333333333333,0.0,0.0,0.0,0,16,2.436809599865228,11,11,276,49,16,,method1_proportional_scores_gamma1,unrestricted_maximum_cardinality_then_maximum_testing_evalue_sum,200,0,8,exact_fixed_count_order_statistics,300.0,1,False
155,a58ad60608a1f6a8b95f872bcb23dc61f90fa1548873d244403b8fe6d96d765d,proven_maximal,maximize_sum_testing_e_values_at_maximum_cardinality,proven_optimal,123067.40181363917,1.4687208322240144,83792.23547015672,0,0,11,,,40;90;119;121;126;129;138;147;149;165;177,0,0,11,0,0,0,0.0,0.0,0.36666666666666664,0.0,0.0,0.0,0,11,2.539684700081125,11,11,284,56,11,,method1_proportional_scores_gamma1,unrestricted_maximum_cardinality_then_maximum_testing_evalue_sum,200,0,10,exact_fixed_count_order_statistics,300.0,1,False
156,24fdd39b4f24a720224aa574607274ffe3893848c22f7d5f7a53f5ce4a4014a5,proven_maximal,maximize_sum_testing_e_values_at_maximum_cardinality,proven_optimal,57735.827792508215,1.4302779412438738,40366.858865415306,0,0,11,,,28;31;39;63;70;79;101;148;150;173;185,0,0,11,0,0,0,0.0,0.0,0.36666666666666664,0.0,0.0,0.0,0,11,1.2294143000617623,4,4,249,53,11,,method1_proportional_scores_gamma1,unrestricted_maximum_cardinality_then_maximum_testing_evalue_sum,200,0,8,exact_fixed_count_order_statistics,300.0,1,False
157,cbba92c22a0f05862fd514452389ccdec2bbfc95a70e7ed529067947036ee4c4,proven_maximal,maximize_sum_testing_e_values_at_maximum_cardinality,proven_optimal,865.7952025514096,0.09491253014350864,9122.03268885909,0,0,2,,,38;159,0,0,2,0,0,0,0.0,0.0,0.06666666666666667,0.0,0.0,0.0,0,2,1.0028611000161618,3,3,248,50,2,,method1_proportional_scores_gamma1,unrestricted_maximum_cardinality_then_maximum_testing_evalue_sum,200,0,1,exact_fixed_count_order_statistics,300.0,1,False
158,6b524d5cba957de43637d5e9dbc25c6997bdc5534fbdfbefebe34d782e8486f1,proven_maximal,maximize_sum_testing_e_values_at_maximum_cardinality,proven_optimal,0.0,0.0,2474.2796850765767,0,0,0,,,,0,0,0,0,0,0,0.0,0.0,0.0,0.0,0.0,0.0,0,0,0.6179485998582095,3,3,248,48,0,,method1_proportional_scores_gamma1,unrestricted_maximum_cardinality_then_maximum_testing_evalue_sum,200,0,0,exact_fixed_count_order_statistics,300.0,1,False
159,4d00076f7c558759648907aa19ab58aa175e14f8dd763e1b741be84576921e53,proven_maximal,maximize_sum_testing_e_values_at_maximum_cardinality,proven_optimal,99435.69681811359,1.179593840160504,84296.55482482315,0,0,14,,,0;18;25;50;51;64;94;106;113;142;144;148;173;189,0,0,14,0,0,0,0.0,0.0,0.4666666666666667,0.0,0.0,0.0,0,14,0.6024809000082314,3,3,239,47,14,,method1_proportional_scores_gamma1,unrestricted_maximum_cardinality_then_maximum_testing_evalue_sum,200,0,5,exact_fixed_count_order_statistics,300.0,1,False
160,c57c4ab35dc28137ce3ff3506a870e8385b218d809a97a9d587c9ab36d107e48,proven_maximal,maximize_sum_testing_e_values_at_maximum_cardinality,proven_optimal,10975.711787293254,1.400171619564494,7838.8332072514895,0,0,10,,,11;33;41;43;134;141;160;173;183;192,0,0,10,0,0,0,0.0,0.0,0.3333333333333333,0.0,0.0,0.0,0,10,1.3419725000858307,5,5,246,46,10,,method1_proportional_scores_gamma1,unrestricted_maximum_cardinality_then_maximum_testing_evalue_sum,200,0,4,exact_fixed_count_order_statistics,300.0,1,False
161,620f45e9a6a9ab9ce8b2f99d2956ed5dc98f608f0a54fccbf20d1b95603efe15,proven_maximal,maximize_sum_testing_e_values_at_maximum_cardinality,proven_optimal,521.0101350548726,0.013775729635773856,37820.87401758192,0,0,1,,,192,0,0,1,0,0,0,0.0,0.0,0.03333333333333333,0.0,0.0,0.0,0,1,2.001810100162402,6,4,250,49,1,,method1_proportional_scores_gamma1,unrestricted_maximum_cardinality_then_maximum_testing_evalue_sum,200,0,12,exact_fixed_count_order_statistics,300.0,1,False
162,4eec8d7404255249ae96b912f53506fbc6fda1f80ea95472d9798f081373ce00,proven_maximal,maximize_sum_testing_e_values_at_maximum_cardinality,proven_optimal,49066.65054694731,1.728834092145602,28381.35294176911,0,0,17,,,11;58;72;81;87;101;108;110;116;126;138;143;150;160;166;196;197,0,0,17,0,0,0,0.0,0.0,0.5666666666666667,0.0,0.0,0.0,0,17,3.395103899994865,15,14,301,53,17,,method1_proportional_scores_gamma1,unrestricted_maximum_cardinality_then_maximum_testing_evalue_sum,200,0,6,exact_fixed_count_order_statistics,300.0,1,False
163,31cb8675515244ac4624bc7c017cf736b50eb7e0899150c0a4a6ec817dc37180,proven_maximal,maximize_sum_testing_e_values_at_maximum_cardinality,proven_optimal,22891.245541800978,2.335111505177872,9803.06314753791,0,0,11,,,7;39;43;52;63;84;106;112;129;163;171,0,0,11,0,0,0,0.0,0.0,0.36666666666666664,0.0,0.0,0.0,0,11,4.405036699958146,17,16,294,54,11,,method1_proportional_scores_gamma1,unrestricted_maximum_cardinality_then_maximum_testing_evalue_sum,200,0,9,exact_fixed_count_order_statistics,300.0,1,False
164,c06e0035b9bd42da0de861d0615c0e036be4b236a8690fda1b4039767081020c,proven_maximal,maximize_sum_testing_e_values_at_maximum_cardinality,proven_optimal,59304.857038431546,1.1573093114659598,51243.73963889592,0,0,14,,,0;20;21;22;26;120;135;144;146;157;170;173;181;198,0,0,14,0,0,0,0.0,0.0,0.4666666666666667,0.0,0.0,0.0,0,14,2.729466199874878,17,16,258,52,14,,method1_proportional_scores_gamma1,unrestricted_maximum_cardinality_then_maximum_testing_evalue_sum,200,0,4,exact_fixed_count_order_statistics,300.0,1,False
165,41e715e5267bbdd34285c0024de4b756b210c7ebd1adc910fcbf338e0eb153f7,proven_maximal,maximize_sum_testing_e_values_at_maximum_cardinality,proven_optimal,52330.803728129555,1.3458209241300882,38883.92786132014,0,0,16,,,5;26;32;33;40;61;77;80;85;87;103;106;128;153;164;180,0,0,16,0,0,0,0.0,0.0,0.5333333333333333,0.0,0.0,0.0,0,16,0.7510790000669658,5,5,255,55,16,,method1_proportional_scores_gamma1,unrestricted_maximum_cardinality_then_maximum_testing_evalue_sum,200,0,13,exact_fixed_count_order_statistics,300.0,1,False
166,76af8ffaa1f4d613e5cc2f6297922769f6af7be235516c1ce15c10cba318c5f0,proven_maximal,maximize_sum_testing_e_values_at_maximum_cardinality,proven_optimal,12056.359499407401,1.6457439749308183,7325.78073081763,0,0,16,,,15;29;42;55;60;89;95;103;113;138;141;149;153;180;184;191,0,0,16,0,0,0,0.0,0.0,0.5333333333333333,0.0,0.0,0.0,0,16,3.5730109999421984,15,15,278,54,16,,method1_proportional_scores_gamma1,unrestricted_maximum_cardinality_then_maximum_testing_evalue_sum,200,0,1,exact_fixed_count_order_statistics,300.0,1,False
167,6e7044c274e99c2181fb3dfd87fe39acda5fc2a25f3fd46cb15d6068ead8cc54,proven_maximal,maximize_sum_testing_e_values_at_maximum_cardinality,proven_optimal,23463.929964037794,2.3792063328221262,9862.08284684824,0,0,9,,,42;44;48;70;112;125;173;189;194,0,0,9,0,0,0,0.0,0.0,0.3,0.0,0.0,0.0,0,9,12.989436500007287,92,91,455,57,9,,method1_proportional_scores_gamma1,unrestricted_maximum_cardinality_then_maximum_testing_evalue_sum,200,0,9,exact_fixed_count_order_statistics,300.0,1,False
168,3bf4fad279d3098ad07fa59081d6dc22e473df0828d1544fa8e0a9c9f9ec2b47,proven_maximal,maximize_sum_testing_e_values_at_maximum_cardinality,proven_optimal,31745.035399916305,1.726439166626544,18387.57832512917,0,0,13,,,11;22;26;91;136;140;149;159;167;171;174;186;191,0,0,13,0,0,0,0.0,0.0,0.43333333333333335,0.0,0.0,0.0,0,13,4.306794899981469,11,11,275,45,13,,method1_proportional_scores_gamma1,unrestricted_maximum_cardinality_then_maximum_testing_evalue_sum,200,0,4,exact_fixed_count_order_statistics,300.0,1,False
169,1b859509fb52782a7aeb390d9189d852556b7dcccafb8d42396eed48378b4bb5,proven_maximal,maximize_sum_testing_e_values_at_maximum_cardinality,proven_optimal,10924.417371324873,0.6968539020771193,15676.76860065267,0,0,4,,,50;55;88;141,0,0,4,0,0,0,0.0,0.0,0.13333333333333333,0.0,0.0,0.0,0,4,3.0541900999378413,5,4,252,53,4,,method1_proportional_scores_gamma1,unrestricted_maximum_cardinality_then_maximum_testing_evalue_sum,200,0,5,exact_fixed_count_order_statistics,300.0,1,False
170,d43b767ef791567137df7274658d60fa5d6b583329c60888255fef2d403dfc01,proven_maximal,maximize_sum_testing_e_values_at_maximum_cardinality,proven_optimal,132810.49768295058,1.4124547450187306,94028.14366359707,0,0,14,,,41;78;95;101;103;109;136;151;157;158;162;189;194;195,0,0,14,0,0,0,0.0,0.0,0.4666666666666667,0.0,0.0,0.0,0,14,4.85918530006893,16,15,263,51,14,,method1_proportional_scores_gamma1,unrestricted_maximum_cardinality_then_maximum_testing_evalue_sum,200,0,6,exact_fixed_count_order_statistics,300.0,1,False
171,f1a7b9dd939cf1b40bb848453f8a79dbb77efb950ab3de40101bbe195480c6f9,proven_maximal,maximize_sum_testing_e_values_at_maximum_cardinality,proven_optimal,1848.9591224779583,0.29314156094088145,6307.393317220011,0,0,1,,,34,0,0,1,0,0,0,0.0,0.0,0.03333333333333333,0.0,0.0,0.0,0,1,1.0508353000041097,3,3,242,43,1,,method1_proportional_scores_gamma1,unrestricted_maximum_cardinality_then_maximum_testing_evalue_sum,200,0,1,exact_fixed_count_order_statistics,300.0,1,False
172,262af602845b5252b96fbbe7d278c575d531b676b2be8c6eaa5b3ba6042b9728,proven_maximal,maximize_sum_testing_e_values_at_maximum_cardinality,proven_optimal,45475.83438456074,1.2177336059689265,37344.649241552725,0,0,11,,,16;17;20;24;51;72;118;124;164;167;193,0,0,11,0,0,0,0.0,0.0,0.36666666666666664,0.0,0.0,0.0,0,11,1.8595503000542521,9,9,263,51,11,,method1_proportional_scores_gamma1,unrestricted_maximum_cardinality_then_maximum_testing_evalue_sum,200,0,8,exact_fixed_count_order_statistics,300.0,1,False
173,2764fb365b5b4e3c1f38c744023e98337e9d54f0337392fedc291d339a18f45e,proven_maximal,maximize_sum_testing_e_values_at_maximum_cardinality,proven_optimal,3172.1655883222693,1.2616859313311606,2514.227597810676,0,0,5,,,22;50;71;128;137,0,0,5,0,0,0,0.0,0.0,0.16666666666666666,0.0,0.0,0.0,0,5,2.0862016000319272,5,4,250,52,5,,method1_proportional_scores_gamma1,unrestricted_maximum_cardinality_then_maximum_testing_evalue_sum,200,0,0,exact_fixed_count_order_statistics,300.0,1,False
174,095e0607488ff57bba46495cb130e58915f9bafc99ccc641b1ce94ba09c5c6c3,proven_maximal,maximize_sum_testing_e_values_at_maximum_cardinality,proven_optimal,119261.6651252369,1.2174477013345066,97960.40108705129,0,0,10,,,10;37;70;73;115;123;126;148;158;161,0,0,10,0,0,0,0.0,0.0,0.3333333333333333,0.0,0.0,0.0,0,10,2.1430037999525666,15,14,267,50,10,,method1_proportional_scores_gamma1,unrestricted_maximum_cardinality_then_maximum_testing_evalue_sum,200,0,9,exact_fixed_count_order_statistics,300.0,1,False
175,d9fe6a62267615f63e602d9763f160adf7538b3366bfdf9ee4292a742d21d796,proven_maximal,maximize_sum_testing_e_values_at_maximum_cardinality,proven_optimal,23611.205400183342,2.6539411091183496,8896.657623283541,0,0,7,,,8;11;43;58;81;105;194,0,0,7,0,0,0,0.0,0.0,0.23333333333333334,0.0,0.0,0.0,0,7,1.2840965001378208,7,5,254,53,7,,method1_proportional_scores_gamma1,unrestricted_maximum_cardinality_then_maximum_testing_evalue_sum,200,0,10,exact_fixed_count_order_statistics,300.0,1,False
176,b91ed6b33756d0691d6703e55bbebf145a4b1b6f206459c8930a0408de9fb7bf,proven_maximal,maximize_sum_testing_e_values_at_maximum_cardinality,proven_optimal,61261.5278968372,1.8481912163306728,33146.747671739,0,0,17,,,10;13;24;30;33;37;50;53;56;70;72;78;110;155;160;182;191,0,0,17,0,0,0,0.0,0.0,0.5666666666666667,0.0,0.0,0.0,0,17,1.3962671000044793,10,10,300,52,17,,method1_proportional_scores_gamma1,unrestricted_maximum_cardinality_then_maximum_testing_evalue_sum,200,0,7,exact_fixed_count_order_statistics,300.0,1,False
177,a2b19658a85512dcd4473f5c21c6682abca9287582656f6f5dddde021d2cd6db,proven_maximal,maximize_sum_testing_e_values_at_maximum_cardinality,proven_optimal,23941.714296207672,1.709347747054453,14006.345015204788,0,0,12,,,15;55;63;65;75;104;112;114;144;165;171;192,0,0,12,0,0,0,0.0,0.0,0.4,0.0,0.0,0.0,0,12,0.7286592000164092,8,8,262,51,12,,method1_proportional_scores_gamma1,unrestricted_maximum_cardinality_then_maximum_testing_evalue_sum,200,0,7,exact_fixed_count_order_statistics,300.0,1,False
178,b45dfe47326d61057e8f63b89bb947961b885057995314a1045a13155d36bce2,proven_maximal,maximize_sum_testing_e_values_at_maximum_cardinality,proven_optimal,1460.61548161474,0.899097334709669,1624.5354370741106,0,0,1,,,103,0,0,1,0,0,0,0.0,0.0,0.03333333333333333,0.0,0.0,0.0,0,1,0.4678363997954875,3,3,246,47,1,,method1_proportional_scores_gamma1,unrestricted_maximum_cardinality_then_maximum_testing_evalue_sum,200,0,0,exact_fixed_count_order_statistics,300.0,1,False
179,fb08b7a6804e41e04b6a4e6415ce4104c41ba1cc554b81227e414e9f6bcb6ef0,proven_maximal,maximize_sum_testing_e_values_at_maximum_cardinality,proven_optimal,62249.67273981515,2.3971845788886874,25967.82629424119,0,0,18,,,14;30;37;47;53;61;67;69;71;81;94;122;130;132;147;152;175;185,0,0,18,0,0,0,0.0,0.0,0.6,0.0,0.0,0.0,0,18,0.6732230999041349,4,4,247,55,18,,method1_proportional_scores_gamma1,unrestricted_maximum_cardinality_then_maximum_testing_evalue_sum,200,0,10,exact_fixed_count_order_statistics,300.0,1,False
180,501eae5e74660b71b94d91c1c0aae248cae9924530f981863f59299229e3cab0,proven_maximal,maximize_sum_testing_e_values_at_maximum_cardinality,proven_optimal,828.1687239741083,0.13901794231648607,5957.279399868488,0,0,1,,,37,0,0,1,0,0,0,0.0,0.0,0.03333333333333333,0.0,0.0,0.0,0,1,1.291006000014022,5,4,254,54,1,,method1_proportional_scores_gamma1,unrestricted_maximum_cardinality_then_maximum_testing_evalue_sum,200,0,5,exact_fixed_count_order_statistics,300.0,1,False
181,e9adfd1b53fde35300753ebda71a20bcefd757d4b759f846f8fffde3100d7249,proven_maximal,maximize_sum_testing_e_values_at_maximum_cardinality,proven_optimal,17261.423066164512,1.7239372362030587,10012.790897296523,0,0,4,,,111;124;130;137,0,0,4,0,0,0,0.0,0.0,0.13333333333333333,0.0,0.0,0.0,0,4,1.111435600090772,5,4,254,56,4,,method1_proportional_scores_gamma1,unrestricted_maximum_cardinality_then_maximum_testing_evalue_sum,200,0,3,exact_fixed_count_order_statistics,300.0,1,False
182,55d02edc5b53310399aa1813a7deb31464e137e6ba4d1c88d9bc00fa847cc5f0,proven_maximal,maximize_sum_testing_e_values_at_maximum_cardinality,proven_optimal,17683.39540712363,1.0112301712113803,17487.01325430214,0,0,4,,,8;55;99;194,0,0,4,0,0,0,0.0,0.0,0.13333333333333333,0.0,0.0,0.0,0,4,0.6568845000583678,3,3,259,62,4,,method1_proportional_scores_gamma1,unrestricted_maximum_cardinality_then_maximum_testing_evalue_sum,200,0,6,exact_fixed_count_order_statistics,300.0,1,False
183,0d66d3ecae07363a6d9d3e78e5a9a59f296eb655568c70436e348bb5237496b7,proven_maximal,maximize_sum_testing_e_values_at_maximum_cardinality,proven_optimal,54420.949136457806,1.664219388376677,32700.58594230261,0,0,20,,,0;6;9;31;45;51;62;65;98;109;122;135;141;142;153;155;156;162;167;187,0,0,20,0,0,0,0.0,0.0,0.6666666666666666,0.0,0.0,0.0,0,20,1.5709243000019342,10,10,289,65,20,,method1_proportional_scores_gamma1,unrestricted_maximum_cardinality_then_maximum_testing_evalue_sum,200,0,8,exact_fixed_count_order_statistics,300.0,1,False
184,bb18b72ee2fd7c87e3afa6e18808dbbb4a6e18281dbac1f526a5d7b6718aeb72,proven_maximal,maximize_sum_testing_e_values_at_maximum_cardinality,proven_optimal,4171.537142932164,0.037595797957423314,110957.53700071396,0,0,4,,,24;39;149;179,0,0,4,0,0,0,0.0,0.0,0.13333333333333333,0.0,0.0,0.0,0,4,1.3587815000209957,7,6,264,59,4,,method1_proportional_scores_gamma1,unrestricted_maximum_cardinality_then_maximum_testing_evalue_sum,200,0,8,exact_fixed_count_order_statistics,300.0,1,False
185,32f7facf874f3bd4c4fb69d1df6925acb3aedc32be17d164c849d912368ea460,proven_maximal,maximize_sum_testing_e_values_at_maximum_cardinality,proven_optimal,31042.670212448,1.2277280228647467,25284.64744171424,0,0,5,,,8;128;132;152;178,0,0,5,0,0,0,0.0,0.0,0.16666666666666666,0.0,0.0,0.0,0,5,1.5352163000497967,6,4,251,53,5,,method1_proportional_scores_gamma1,unrestricted_maximum_cardinality_then_maximum_testing_evalue_sum,200,0,7,exact_fixed_count_order_statistics,300.0,1,False
186,ab8fcf7c87cbbd3d0a840c80684c2175dcafbdf09646997cffcd7a4390cba5df,proven_maximal,maximize_sum_testing_e_values_at_maximum_cardinality,proven_optimal,31311.58059031635,1.9383484135048565,16153.742212784027,0,0,8,,,29;62;91;150;161;164;181;184,0,0,8,0,0,0,0.0,0.0,0.26666666666666666,0.0,0.0,0.0,0,8,5.362870899960399,17,15,315,59,8,,method1_proportional_scores_gamma1,unrestricted_maximum_cardinality_then_maximum_testing_evalue_sum,200,0,6,exact_fixed_count_order_statistics,300.0,1,False
187,16551c0ffde27922565c236116e35f4a1438d33fd13e60724a1a0c00f5e12d22,proven_maximal,maximize_sum_testing_e_values_at_maximum_cardinality,proven_optimal,48505.73593590419,1.00281583947755,48369.53508948847,0,0,10,,,5;28;34;37;83;110;122;130;191;194,0,0,10,0,0,0,0.0,0.0,0.3333333333333333,0.0,0.0,0.0,0,10,0.9181480000261217,6,6,260,51,10,,method1_proportional_scores_gamma1,unrestricted_maximum_cardinality_then_maximum_testing_evalue_sum,200,0,12,exact_fixed_count_order_statistics,300.0,1,False
188,3b669af40cf1b48c8c6e0498756cc70de1eebae29c559874bb46dec0c198e9d8,proven_maximal,maximize_sum_testing_e_values_at_maximum_cardinality,proven_optimal,21543.0657196245,2.215498699676515,9723.79975793712,0,0,4,,,2;46;60;140,0,0,4,0,0,0,0.0,0.0,0.13333333333333333,0.0,0.0,0.0,0,4,0.6755301000084728,3,3,246,48,4,,method1_proportional_scores_gamma1,unrestricted_maximum_cardinality_then_maximum_testing_evalue_sum,200,0,5,exact_fixed_count_order_statistics,300.0,1,False
189,db9d7dc2127a9d905c1ef47b243775b29884aa47dd8dbac2acd2991839c3cc29,proven_maximal,maximize_sum_testing_e_values_at_maximum_cardinality,proven_optimal,47757.913325291825,3.882275495429478,12301.526097649748,0,0,13,,,11;19;44;63;102;118;138;158;159;168;182;190;195,0,0,13,0,0,0,0.0,0.0,0.43333333333333335,0.0,0.0,0.0,0,13,0.6055105999112129,4,4,242,52,13,,method1_proportional_scores_gamma1,unrestricted_maximum_cardinality_then_maximum_testing_evalue_sum,200,0,14,exact_fixed_count_order_statistics,300.0,1,False
190,f8254a999af66a2987b214651d4afcc6beb3cf77b42e8b83e5c361c842300510,proven_maximal,maximize_sum_testing_e_values_at_maximum_cardinality,proven_optimal,0.0,0.0,1373.0433554097349,0,0,0,,,,0,0,0,0,0,0,0.0,0.0,0.0,0.0,0.0,0.0,0,0,0.503246400039643,3,3,247,47,0,,method1_proportional_scores_gamma1,unrestricted_maximum_cardinality_then_maximum_testing_evalue_sum,200,0,0,exact_fixed_count_order_statistics,300.0,1,False
191,16ee2a20f2d2bb62e7681374e830ae775dc25e8a52c9096323fa8e8c94a2f295,proven_maximal,maximize_sum_testing_e_values_at_maximum_cardinality,proven_optimal,42594.93362931941,2.1263925471513154,20031.54764927246,0,0,17,,,5;10;18;42;49;50;85;89;101;125;136;157;174;177;190;191;197,0,0,17,0,0,0,0.0,0.0,0.5666666666666667,0.0,0.0,0.0,0,17,3.6201181998476386,17,16,291,52,17,,method1_proportional_scores_gamma1,unrestricted_maximum_cardinality_then_maximum_testing_evalue_sum,200,0,11,exact_fixed_count_order_statistics,300.0,1,False
192,e9bd133bdfdd13322ca1ce842ce80dca6c77c0d26d1ea9e38605d85268b78929,proven_maximal,maximize_sum_testing_e_values_at_maximum_cardinality,proven_optimal,7698.866974987249,0.1858445962290182,41426.36983375,0,0,11,,,0;20;61;73;110;135;139;148;162;173;182,0,0,11,0,0,0,0.0,0.0,0.36666666666666664,0.0,0.0,0.0,0,11,1.144340300001204,6,6,249,50,11,,method1_proportional_scores_gamma1,unrestricted_maximum_cardinality_then_maximum_testing_evalue_sum,200,0,8,exact_fixed_count_order_statistics,300.0,1,False
193,f60e73f4eab0474165560b6686da93df93f706d18f97447d1ccdea8bfb927e8c,proven_maximal,maximize_sum_testing_e_values_at_maximum_cardinality,proven_optimal,435461.5871961527,1.044805673488533,416787.15788571193,0,0,4,,,30;79;176;184,0,0,4,0,0,0,0.0,0.0,0.13333333333333333,0.0,0.0,0.0,0,4,0.5227431000676006,3,3,236,39,4,,method1_proportional_scores_gamma1,unrestricted_maximum_cardinality_then_maximum_testing_evalue_sum,200,0,6,exact_fixed_count_order_statistics,300.0,1,False
194,30d72feedf9512625bb6cfaed483d4b591c248fdbd5378f6564a3a2148e19efe,proven_maximal,maximize_sum_testing_e_values_at_maximum_cardinality,proven_optimal,8833.131686337132,1.0,8833.131686337132,0,0,1,,,157,0,0,1,0,0,0,0.0,0.0,0.03333333333333333,0.0,0.0,0.0,0,1,0.6673610999714583,3,3,256,57,1,,method1_proportional_scores_gamma1,unrestricted_maximum_cardinality_then_maximum_testing_evalue_sum,200,0,6,exact_fixed_count_order_statistics,300.0,1,False
195,3dd9bc993081a6a0aeb7e69fd5c2e7a05add3271787a13f0283d9b86158412aa,proven_maximal,maximize_sum_testing_e_values_at_maximum_cardinality,proven_optimal,6187.086801013572,0.23479785438762274,26350.695653289247,0,0,4,,,1;100;174;176,0,0,4,0,0,0,0.0,0.0,0.13333333333333333,0.0,0.0,0.0,0,4,1.4907704999204725,5,4,258,58,4,,method1_proportional_scores_gamma1,unrestricted_maximum_cardinality_then_maximum_testing_evalue_sum,200,0,5,exact_fixed_count_order_statistics,300.0,1,False
196,dac7e7cdd2c087e43f41e1411a47ee442c30e9a971b09a3d531d391abd859669,proven_maximal,maximize_sum_testing_e_values_at_maximum_cardinality,proven_optimal,0.0,0.0,6014.699545024629,0,0,0,,,,0,0,0,0,0,0,0.0,0.0,0.0,0.0,0.0,0.0,0,0,0.48186299996450543,3,3,245,45,0,,method1_proportional_scores_gamma1,unrestricted_maximum_cardinality_then_maximum_testing_evalue_sum,200,0,2,exact_fixed_count_order_statistics,300.0,1,False
197,fbffaa43f39c74425310010507155014bd8ec0daf1b4b907dc3f04868b7a6900,proven_maximal,maximize_sum_testing_e_values_at_maximum_cardinality,proven_optimal,220412.59191913705,1.4108513519404555,156226.65819186845,0,0,11,,,8;16;46;47;54;93;102;119;121;170;196,0,0,11,0,0,0,0.0,0.0,0.36666666666666664,0.0,0.0,0.0,0,11,2.7748852998483926,8,8,270,67,11,,method1_proportional_scores_gamma1,unrestricted_maximum_cardinality_then_maximum_testing_evalue_sum,200,0,12,exact_fixed_count_order_statistics,300.0,1,False
198,b360868ce29dacf3b1e488cb8424420a945588bf365c80d279dfe140a1b9a067,proven_maximal,maximize_sum_testing_e_values_at_maximum_cardinality,proven_optimal,85930.59919206126,1.7237171468461727,49851.91413178524,0,0,10,,,4;18;46;83;106;115;127;157;173;196,0,0,10,0,0,0,0.0,0.0,0.3333333333333333,0.0,0.0,0.0,0,10,0.9246440001297742,5,5,252,57,10,,method1_proportional_scores_gamma1,unrestricted_maximum_cardinality_then_maximum_testing_evalue_sum,200,0,8,exact_fixed_count_order_statistics,300.0,1,False
199,4729dd0ac2f0aa21924d200321c409895a204dc802eec90e5e26f40a7dd4aef2,proven_maximal,maximize_sum_testing_e_values_at_maximum_cardinality,proven_optimal,113718.59626545133,1.2293690650970925,92501.59247863464,0,0,11,,,4;5;24;59;82;106;124;152;172;190;191,0,0,11,0,0,0,0.0,0.0,0.36666666666666664,0.0,0.0,0.0,0,11,1.2086028000339866,8,8,270,46,11,,method1_proportional_scores_gamma1,unrestricted_maximum_cardinality_then_maximum_testing_evalue_sum,200,0,7,exact_fixed_count_order_statistics,300.0,1,False
200,ad73f072e1360c1fa295c18a16b0391fc14b8f5552d4dd831e83869346b97574,proven_maximal,maximize_sum_testing_e_values_at_maximum_cardinality,proven_optimal,36973.654000704504,0.27554314431091675,134184.62685097422,0,0,8,,,3;4;18;73;93;97;143;177,0,0,8,0,0,0,0.0,0.0,0.26666666666666666,0.0,0.0,0.0,0,8,1.556040600175038,5,4,250,54,8,,method1_proportional_scores_gamma1,unrestricted_maximum_cardinality_then_maximum_testing_evalue_sum,200,0,12,exact_fixed_count_order_statistics,300.0,1,False
201,e703f5d7e2509ca77e77097b3e26a912f8a788fc2632886fbcb0ab589f64de8c,proven_maximal,maximize_sum_testing_e_values_at_maximum_cardinality,proven_optimal,185832.20094279485,1.2940346646999896,143606.81828092944,0,0,17,,,4;27;32;39;41;49;68;90;111;113;136;148;151;159;184;188;193,0,0,17,0,0,0,0.0,0.0,0.5666666666666667,0.0,0.0,0.0,0,17,3.3058317000977695,21,21,316,44,17,,method1_proportional_scores_gamma1,unrestricted_maximum_cardinality_then_maximum_testing_evalue_sum,200,0,7,exact_fixed_count_order_statistics,300.0,1,False
202,3c81e3c24884b63b2c580e4477f0438d9ef6c1d87b7a2b7328a718588b5f9dae,proven_maximal,maximize_sum_testing_e_values_at_maximum_cardinality,proven_optimal,162065.46278252965,1.9109023524802582,84810.95989660412,0,0,13,,,18;19;20;27;53;56;71;73;92;97;102;114;155,0,0,13,0,0,0,0.0,0.0,0.43333333333333335,0.0,0.0,0.0,0,13,5.738978199893609,14,14,308,55,13,,method1_proportional_scores_gamma1,unrestricted_maximum_cardinality_then_maximum_testing_evalue_sum,200,0,7,exact_fixed_count_order_statistics,300.0,1,False
203,b741704ac12bf205ec0aada3fbf08f9a3630f2418dc6587a8e85188c4095a855,proven_maximal,maximize_sum_testing_e_values_at_maximum_cardinality,proven_optimal,0.0,0.0,8985.224971958609,0,0,0,,,,0,0,0,0,0,0,0.0,0.0,0.0,0.0,0.0,0.0,0,0,0.6309470001142472,3,3,250,50,0,,method1_proportional_scores_gamma1,unrestricted_maximum_cardinality_then_maximum_testing_evalue_sum,200,0,1,exact_fixed_count_order_statistics,300.0,1,False
204,d29e8635309a02ec44ca04c2f6fe205ea0e0bc62818d31684531b47273650588,proven_maximal,maximize_sum_testing_e_values_at_maximum_cardinality,proven_optimal,49558.847101267085,1.0575189787182806,46863.31696981241,0,0,7,,,25;30;32;47;80;152;156,0,0,7,0,0,0,0.0,0.0,0.23333333333333334,0.0,0.0,0.0,0,7,1.5533084000926465,7,6,241,35,7,,method1_proportional_scores_gamma1,unrestricted_maximum_cardinality_then_maximum_testing_evalue_sum,200,0,4,exact_fixed_count_order_statistics,300.0,1,False
205,08d88b433a64ef1347c3862210d9a2835f5c8cab00d2122b83b176a6f4fe47fa,proven_maximal,maximize_sum_testing_e_values_at_maximum_cardinality,proven_optimal,13418.41769143238,1.1252490274209301,11924.84273653396,0,0,2,,,152;155,0,0,2,0,0,0,0.0,0.0,0.06666666666666667,0.0,0.0,0.0,0,2,0.5287069999612868,3,3,252,53,2,,method1_proportional_scores_gamma1,unrestricted_maximum_cardinality_then_maximum_testing_evalue_sum,200,0,7,exact_fixed_count_order_statistics,300.0,1,False
206,fdfbca2b9978b77f588f76e83eeb6fc779b6f23eb7b12ceb835dfaccdee95db9,proven_maximal,maximize_sum_testing_e_values_at_maximum_cardinality,proven_optimal,11342.100035366213,2.100950318576361,5398.556993509399,0,0,9,,,14;69;72;95;139;173;182;185;187,0,0,9,0,0,0,0.0,0.0,0.3,0.0,0.0,0.0,0,9,3.610490299994126,24,23,288,55,9,,method1_proportional_scores_gamma1,unrestricted_maximum_cardinality_then_maximum_testing_evalue_sum,200,0,6,exact_fixed_count_order_statistics,300.0,1,False
207,b8ff538a38c6ca6be658b428e8838734fcfb9585f1ba7fab5ff9fe924d4224a6,proven_maximal,maximize_sum_testing_e_values_at_maximum_cardinality,proven_optimal,557383.2195583845,1.0219839954975358,545393.2957991498,0,0,20,,,9;10;13;14;16;21;36;57;66;85;91;121;124;140;153;165;179;191;192;193,0,0,20,0,0,0,0.0,0.0,0.6666666666666666,0.0,0.0,0.0,0,20,1.623022799845785,6,6,255,51,20,,method1_proportional_scores_gamma1,unrestricted_maximum_cardinality_then_maximum_testing_evalue_sum,200,0,7,exact_fixed_count_order_statistics,300.0,1,False
208,ae43ff3388f90d949f44315da3781f665a57504c4a1b46caf95e7b2725975c2f,proven_maximal,maximize_sum_testing_e_values_at_maximum_cardinality,proven_optimal,23937.549494666462,2.6677437025783437,8972.956986659212,0,0,18,,,7;19;37;38;46;57;64;85;96;103;136;140;149;163;171;180;183;188,0,0,18,0,0,0,0.0,0.0,0.6,0.0,0.0,0.0,0,18,1.3665273000951856,6,6,249,51,18,,method1_proportional_scores_gamma1,unrestricted_maximum_cardinality_then_maximum_testing_evalue_sum,200,0,8,exact_fixed_count_order_statistics,300.0,1,False
209,3964320d49e539c18d6b517dc0cfefd97138260cb420d20b9b87931079078d3b,proven_maximal,maximize_sum_testing_e_values_at_maximum_cardinality,proven_optimal,2156.6003256615854,0.8181302688611605,2636.010923619265,0,0,2,,,29;101,0,0,2,0,0,0,0.0,0.0,0.06666666666666667,0.0,0.0,0.0,0,2,1.1331420999486,3,3,249,50,2,,method1_proportional_scores_gamma1,unrestricted_maximum_cardinality_then_maximum_testing_evalue_sum,200,0,4,exact_fixed_count_order_statistics,300.0,1,False
210,c64f164fec835fde920f7a6e1f7256e68d509c2bdcc9c915e22eced4cf5b9bc4,proven_maximal,maximize_sum_testing_e_values_at_maximum_cardinality,proven_optimal,69820.17536482889,1.0864985974187291,64261.63414357421,0,0,7,,,13;16;27;29;77;184;190,0,0,7,0,0,0,0.0,0.0,0.23333333333333334,0.0,0.0,0.0,0,7,1.9766725001391023,5,4,262,63,7,,method1_proportional_scores_gamma1,unrestricted_maximum_cardinality_then_maximum_testing_evalue_sum,200,0,4,exact_fixed_count_order_statistics,300.0,1,False
211,efb45c3e2649d4e7114b81d42a96489a249aeb5b99480296aeb9f047cfec989e,proven_maximal,maximize_sum_testing_e_values_at_maximum_cardinality,proven_optimal,41179.16707145545,1.3882043380094495,29663.620796994757,0,0,9,,,28;33;41;49;60;122;141;167;196,0,0,9,0,0,0,0.0,0.0,0.3,0.0,0.0,0.0,0,9,49.362800900125876,179,178,803,46,9,,method1_proportional_scores_gamma1,unrestricted_maximum_cardinality_then_maximum_testing_evalue_sum,200,0,9,exact_fixed_count_order_statistics,300.0,1,False
212,4bff7ca85486d9afd9d6df4b2b35c626ef88b856fcf6fda8c685ac77955f5c4b,proven_maximal,maximize_sum_testing_e_values_at_maximum_cardinality,proven_optimal,58259.94319192965,2.331400006125047,24989.252397215965,0,0,13,,,74;90;94;97;101;104;112;123;140;142;153;163;177,0,0,13,0,0,0,0.0,0.0,0.43333333333333335,0.0,0.0,0.0,0,13,4.150404199957848,14,14,276,60,13,,method1_proportional_scores_gamma1,unrestricted_maximum_cardinality_then_maximum_testing_evalue_sum,200,0,9,exact_fixed_count_order_statistics,300.0,1,False
213,86cc5e475247d620e2c687ce6c2228767ae06e4566dcbe27cc16d5e610e0a47b,proven_maximal,maximize_sum_testing_e_values_at_maximum_cardinality,proven_optimal,55476.10681888212,1.2826066501467404,43252.62683811535,0,0,3,,,100;107;180,0,0,3,0,0,0,0.0,0.0,0.1,0.0,0.0,0.0,0,3,1.4834901001304388,6,5,241,41,3,,method1_proportional_scores_gamma1,unrestricted_maximum_cardinality_then_maximum_testing_evalue_sum,200,0,3,exact_fixed_count_order_statistics,300.0,1,False
214,24fb10fcb91e39d6d5ab58531fce3c368f9bb311ca354bc8c3282ac827d763d6,proven_maximal,maximize_sum_testing_e_values_at_maximum_cardinality,proven_optimal,58259.00592064424,2.3743842916650935,24536.468727978623,0,0,20,,,27;43;45;46;56;61;67;72;77;95;98;105;114;115;122;151;153;156;167;193,0,0,20,0,0,0,0.0,0.0,0.6666666666666666,0.0,0.0,0.0,0,20,1.102735900087282,8,8,270,59,20,,method1_proportional_scores_gamma1,unrestricted_maximum_cardinality_then_maximum_testing_evalue_sum,200,0,13,exact_fixed_count_order_statistics,300.0,1,False
215,acb3bc8254bbc1a09f42f1fcee85cea5cf09f51270fe8b155b144f7a7a15ea56,proven_maximal,maximize_sum_testing_e_values_at_maximum_cardinality,proven_optimal,0.0,0.0,3327.081419662143,0,0,0,,,,0,0,0,0,0,0,0.0,0.0,0.0,0.0,0.0,0.0,0,0,0.6691638000775129,3,3,250,50,0,,method1_proportional_scores_gamma1,unrestricted_maximum_cardinality_then_maximum_testing_evalue_sum,200,0,2,exact_fixed_count_order_statistics,300.0,1,False
216,6ed5071742bd2874d6759f622b60b3b6e9837ae1e3fa58c51ef5de9339ff5c6c,proven_maximal,maximize_sum_testing_e_values_at_maximum_cardinality,proven_optimal,27442.68081035389,2.04032448032162,13450.155146904895,0,0,20,,,5;6;23;33;39;45;47;52;53;55;72;84;87;91;92;114;142;154;163;171,0,0,20,0,0,0,0.0,0.0,0.6666666666666666,0.0,0.0,0.0,0,20,2.1714814000297338,11,11,305,58,20,,method1_proportional_scores_gamma1,unrestricted_maximum_cardinality_then_maximum_testing_evalue_sum,200,0,6,exact_fixed_count_order_statistics,300.0,1,False
217,f080dc5c8c1fa14382268e7210cec636a728b3fc79edac6db9073a83a3858d0d,proven_maximal,maximize_sum_testing_e_values_at_maximum_cardinality,proven_optimal,2208.1475031017326,0.39728860546451805,5558.043882280291,0,0,3,,,8;34;180,0,0,3,0,0,0,0.0,0.0,0.1,0.0,0.0,0.0,0,3,0.7701422998216003,3,3,246,49,3,,method1_proportional_scores_gamma1,unrestricted_maximum_cardinality_then_maximum_testing_evalue_sum,200,0,1,exact_fixed_count_order_statistics,300.0,1,False
218,c88ce2a103a58e41fed6b3a153739bf64067891290c2e4676a98c4eab9b6bb1e,proven_maximal,maximize_sum_testing_e_values_at_maximum_cardinality,proven_optimal,54780.9663040611,1.08559605432843,50461.64831351532,0,0,3,,,9;16;167,0,0,3,0,0,0,0.0,0.0,0.1,0.0,0.0,0.0,0,3,1.1285806999076158,3,3,257,59,3,,method1_proportional_scores_gamma1,unrestricted_maximum_cardinality_then_maximum_testing_evalue_sum,200,0,6,exact_fixed_count_order_statistics,300.0,1,False
219,04005729b9581993c38f673255f4873a3bfc251bd767ca1a149499adef1bc7a5,proven_maximal,maximize_sum_testing_e_values_at_maximum_cardinality,proven_optimal,45912.46360365884,1.0174396199562967,45125.49216987537,0,0,5,,,35;38;131;178;197,0,0,5,0,0,0,0.0,0.0,0.16666666666666666,0.0,0.0,0.0,0,5,1.7300220001488924,13,12,270,56,5,,method1_proportional_scores_gamma1,unrestricted_maximum_cardinality_then_maximum_testing_evalue_sum,200,0,2,exact_fixed_count_order_statistics,300.0,1,False
220,a8e7eba3e55706ccfd1fa000cdc5df4a478c7d3dd9fb88af3f96e971b015e525,proven_maximal,maximize_sum_testing_e_values_at_maximum_cardinality,proven_optimal,57168.001756223486,1.1189668807596058,51089.98553863832,0,0,8,,,3;8;34;50;91;96;115;151,0,0,8,0,0,0,0.0,0.0,0.26666666666666666,0.0,0.0,0.0,0,8,1.4515980000142008,5,4,242,46,8,,method1_proportional_scores_gamma1,unrestricted_maximum_cardinality_then_maximum_testing_evalue_sum,200,0,7,exact_fixed_count_order_statistics,300.0,1,False
221,b7eadc1f57dbb8bf0ef9c801943ee62197d553b27db8ba9168c4e2ebbf50c759,proven_maximal,maximize_sum_testing_e_values_at_maximum_cardinality,proven_optimal,9245.588013981724,0.06114759082418838,151201.18208033164,0,0,6,,,5;42;62;72;89;147,0,0,6,0,0,0,0.0,0.0,0.2,0.0,0.0,0.0,0,6,2.8299769000150263,9,7,274,66,6,,method1_proportional_scores_gamma1,unrestricted_maximum_cardinality_then_maximum_testing_evalue_sum,200,0,2,exact_fixed_count_order_statistics,300.0,1,False
222,e6b98381293a4371e0e087db220ce732b28b5ac4b17e92018286ca09e7f732fe,proven_maximal,maximize_sum_testing_e_values_at_maximum_cardinality,proven_optimal,3345.962697793242,0.10466179299887074,31969.28508409314,0,0,1,,,186,0,0,1,0,0,0,0.0,0.0,0.03333333333333333,0.0,0.0,0.0,0,1,2.2565640001557767,5,4,248,48,1,,method1_proportional_scores_gamma1,unrestricted_maximum_cardinality_then_maximum_testing_evalue_sum,200,0,10,exact_fixed_count_order_statistics,300.0,1,False
223,8ceaca64f6f274ef7474bff42b5b3b715f07ddb50be33f171e77645a2b2be13e,proven_maximal,maximize_sum_testing_e_values_at_maximum_cardinality,proven_optimal,104721.72244577427,1.388901819757238,75398.93817986232,0,0,13,,,55;63;73;99;102;111;135;138;145;151;168;194;197,0,0,13,0,0,0,0.0,0.0,0.43333333333333335,0.0,0.0,0.0,0,13,1.2016384999733418,7,7,247,44,13,,method1_proportional_scores_gamma1,unrestricted_maximum_cardinality_then_maximum_testing_evalue_sum,200,0,9,exact_fixed_count_order_statistics,300.0,1,False
224,80ec36799678ce4ddb5fd49f1054cc3418a757ed5e2374f13066afb45c6b08ce,proven_maximal,maximize_sum_testing_e_values_at_maximum_cardinality,proven_optimal,0.0,0.0,93885.4647346502,0,0,0,,,,0,0,0,0,0,0,0.0,0.0,0.0,0.0,0.0,0.0,0,0,1.1105379001237452,3,3,260,60,0,,method1_proportional_scores_gamma1,unrestricted_maximum_cardinality_then_maximum_testing_evalue_sum,200,0,6,exact_fixed_count_order_statistics,300.0,1,False
225,bed3b4f96d7e8108b1c9e8a8e566fbde9bf4073b4b4dbad86783f3349f900450,proven_maximal,maximize_sum_testing_e_values_at_maximum_cardinality,proven_optimal,50975.762250858425,1.4897027446087518,34218.7476228665,0,0,13,,,6;42;50;55;57;74;82;85;98;139;157;170;175,0,0,13,0,0,0,0.0,0.0,0.43333333333333335,0.0,0.0,0.0,0,13,1.4859541999176145,5,5,262,56,13,,method1_proportional_scores_gamma1,unrestricted_maximum_cardinality_then_maximum_testing_evalue_sum,200,0,8,exact_fixed_count_order_statistics,300.0,1,False
226,5ad9cd7d2e84dc82626c052b0d6aac7a50a2231720dea189968e72a8e04c3382,proven_maximal,maximize_sum_testing_e_values_at_maximum_cardinality,proven_optimal,21192.977697055027,1.9486363078560636,10875.799456067843,0,0,10,,,11;68;79;100;109;124;131;136;166;177,0,0,10,0,0,0,0.0,0.0,0.3333333333333333,0.0,0.0,0.0,0,10,5.700122500071302,24,23,296,56,10,,method1_proportional_scores_gamma1,unrestricted_maximum_cardinality_then_maximum_testing_evalue_sum,200,0,4,exact_fixed_count_order_statistics,300.0,1,False
227,48b22d6ade4e97d299a1097c8049578b9d093f2ec9c867000066eb4eec047aaa,proven_maximal,maximize_sum_testing_e_values_at_maximum_cardinality,proven_optimal,23570.16820463873,3.1445318795094144,7495.604785636953,0,0,14,,,5;9;13;25;46;50;51;100;113;132;138;153;184;191,0,0,14,0,0,0,0.0,0.0,0.4666666666666667,0.0,0.0,0.0,0,14,0.9323676000349224,5,5,244,50,14,,method1_proportional_scores_gamma1,unrestricted_maximum_cardinality_then_maximum_testing_evalue_sum,200,0,13,exact_fixed_count_order_statistics,300.0,1,False
228,57412743b324f2d1373c013c21ab7372d79482680eb6be3041eb606f94ac3b66,proven_maximal,maximize_sum_testing_e_values_at_maximum_cardinality,proven_optimal,14511.381648090755,1.2734053146397273,11395.728823541407,0,0,2,,,62;190,0,0,2,0,0,0,0.0,0.0,0.06666666666666667,0.0,0.0,0.0,0,2,1.483653699979186,5,4,255,55,2,,method1_proportional_scores_gamma1,unrestricted_maximum_cardinality_then_maximum_testing_evalue_sum,200,0,7,exact_fixed_count_order_statistics,300.0,1,False
229,e68280075f11e9e1649519a0fb3bf8dc64265d939172f36c78728ba2ddbe14cb,proven_maximal,maximize_sum_testing_e_values_at_maximum_cardinality,proven_optimal,36925.23856231425,1.3470242775228127,27412.45215729892,0,0,14,,,3;5;7;22;41;46;71;93;115;139;165;175;177;178,0,0,14,0,0,0,0.0,0.0,0.4666666666666667,0.0,0.0,0.0,0,14,1.7675441999454051,9,9,267,47,14,,method1_proportional_scores_gamma1,unrestricted_maximum_cardinality_then_maximum_testing_evalue_sum,200,0,5,exact_fixed_count_order_statistics,300.0,1,False
230,5aa55aa05102b96cbf8f5cb5dec82c4149516cc0c8e7c830c814c31cfc53c817,proven_maximal,maximize_sum_testing_e_values_at_maximum_cardinality,proven_optimal,222854.68580133817,1.0148206170785643,219600.0771475117,0,0,9,,,7;16;17;31;98;131;139;147;171,0,0,9,0,0,0,0.0,0.0,0.3,0.0,0.0,0.0,0,9,1.5697558999527246,6,5,247,51,9,,method1_proportional_scores_gamma1,unrestricted_maximum_cardinality_then_maximum_testing_evalue_sum,200,0,7,exact_fixed_count_order_statistics,300.0,1,False
231,a1851b7ba2c220692e306c8f9d1d681422ac2b8c7e1ada031081538f37e3f343,proven_maximal,maximize_sum_testing_e_values_at_maximum_cardinality,proven_optimal,7929.9227753467785,2.137437739456967,3710.01345628034,0,0,8,,,33;69;88;93;117;161;195;197,0,0,8,0,0,0,0.0,0.0,0.26666666666666666,0.0,0.0,0.0,0,8,1.9899862001184374,13,12,266,49,8,,method1_proportional_scores_gamma1,unrestricted_maximum_cardinality_then_maximum_testing_evalue_sum,200,0,4,exact_fixed_count_order_statistics,300.0,1,False
232,09fa42672b63e53050e6aac2e8482236c4a5631c07f595b1b30ee57603c0ebf2,proven_maximal,maximize_sum_testing_e_values_at_maximum_cardinality,proven_optimal,260861.22611914243,1.0348004222589346,252088.441894613,0,0,16,,,2;4;20;39;49;61;103;105;106;124;125;147;148;173;174;199,0,0,15,0,0,1,0.0,0.0,0.5,0.0,0.0,0.0625,0,16,3.3225161000154912,15,14,276,42,16,,method1_proportional_scores_gamma1,unrestricted_maximum_cardinality_then_maximum_testing_evalue_sum,200,0,11,exact_fixed_count_order_statistics,300.0,1,False
233,bbba80bbbd376651ffe95d9cfef8cb81b348a4addb53b42ef2fdaa2bd376dafd,proven_maximal,maximize_sum_testing_e_values_at_maximum_cardinality,proven_optimal,88662.75819992356,1.6854161919243784,52605.85404646551,0,0,13,,,13;30;34;45;72;81;88;111;130;163;170;175;183,0,0,13,0,0,0,0.0,0.0,0.43333333333333335,0.0,0.0,0.0,0,13,1.5615766998380423,5,5,254,61,13,,method1_proportional_scores_gamma1,unrestricted_maximum_cardinality_then_maximum_testing_evalue_sum,200,0,13,exact_fixed_count_order_statistics,300.0,1,False
234,6efa0d7aef03426588917ea6bff67162be5a88c98e814a849cc3ee5a14b558ce,proven_maximal,maximize_sum_testing_e_values_at_maximum_cardinality,proven_optimal,52516.68162934624,1.0679498627406694,49175.2314051272,0,0,3,,,51;59;103,0,0,3,0,0,0,0.0,0.0,0.1,0.0,0.0,0.0,0,3,1.8959441999904811,5,4,259,60,3,,method1_proportional_scores_gamma1,unrestricted_maximum_cardinality_then_maximum_testing_evalue_sum,200,0,4,exact_fixed_count_order_statistics,300.0,1,False
235,84ce51bf080b61dd16c97fd53f1e879c522450f5d74d7488162b24cf188ea5d5,proven_maximal,maximize_sum_testing_e_values_at_maximum_cardinality,proven_optimal,24770.68762502799,1.4891197039534438,16634.450245513926,0,0,8,,,44;73;127;147;149;155;173;185,0,0,8,0,0,0,0.0,0.0,0.26666666666666666,0.0,0.0,0.0,0,8,2.37033939990215,14,13,283,51,8,,method1_proportional_scores_gamma1,unrestricted_maximum_cardinality_then_maximum_testing_evalue_sum,200,0,7,exact_fixed_count_order_statistics,300.0,1,False
236,c679499ab3b4620b558456d55f3ec5410742a50a4a8d778c504ac9adfdbae95d,proven_maximal,maximize_sum_testing_e_values_at_maximum_cardinality,proven_optimal,5117.385178280673,1.2932079365947788,3957.1247851722583,0,0,4,,,31;52;166;192,0,0,4,0,0,0,0.0,0.0,0.13333333333333333,0.0,0.0,0.0,0,4,0.6638097998220474,3,3,247,49,4,,method1_proportional_scores_gamma1,unrestricted_maximum_cardinality_then_maximum_testing_evalue_sum,200,0,0,exact_fixed_count_order_statistics,300.0,1,False
237,95e432de4a3dbd01e998adf4874adef2175117ee3d7b1fae61ec68cde872ea96,proven_maximal,maximize_sum_testing_e_values_at_maximum_cardinality,proven_optimal,1330.9501658156137,0.06817214654562648,19523.371835223512,0,0,2,,,54;110,0,0,2,0,0,0,0.0,0.0,0.06666666666666667,0.0,0.0,0.0,0,2,1.5196484001353383,5,4,251,52,2,,method1_proportional_scores_gamma1,unrestricted_maximum_cardinality_then_maximum_testing_evalue_sum,200,0,16,exact_fixed_count_order_statistics,300.0,1,False
238,427c7a3efdddae468e09b0370bd478e8a2a638f34d8d2ff7b56f93cc9b4f65dd,proven_maximal,maximize_sum_testing_e_values_at_maximum_cardinality,proven_optimal,78956.45558789681,1.1321144742508287,69742.46631741535,0,0,8,,,9;10;26;100;119;136;163;177,0,0,8,0,0,0,0.0,0.0,0.26666666666666666,0.0,0.0,0.0,0,8,2.2239124001935124,7,5,246,48,8,,method1_proportional_scores_gamma1,unrestricted_maximum_cardinality_then_maximum_testing_evalue_sum,200,0,6,exact_fixed_count_order_statistics,300.0,1,False
239,d9e77f530dd2f7224e60b7663a9f17d084ada754ce57769f6b350987846654c0,proven_maximal,maximize_sum_testing_e_values_at_maximum_cardinality,proven_optimal,69062.38755978586,2.3134008013352156,29853.18735946033,0,0,13,,,3;9;28;56;97;106;107;130;156;160;172;179;198,0,0,13,0,0,0,0.0,0.0,0.43333333333333335,0.0,0.0,0.0,0,13,1.7565556999761611,12,12,276,50,13,,method1_proportional_scores_gamma1,unrestricted_maximum_cardinality_then_maximum_testing_evalue_sum,200,0,5,exact_fixed_count_order_statistics,300.0,1,False
240,e3907aa7a66fe87bc7002035151cac9706490556df89cc482f1730dff69ad9e0,proven_maximal,maximize_sum_testing_e_values_at_maximum_cardinality,proven_optimal,12497.57837304973,1.8779123793848405,6655.038067933521,0,0,19,,,2;17;24;27;28;32;35;51;52;70;94;109;115;129;146;175;177;191;196,0,0,19,0,0,0,0.0,0.0,0.6333333333333333,0.0,0.0,0.0,0,19,1.0673837999347597,6,6,251,55,19,,method1_proportional_scores_gamma1,unrestricted_maximum_cardinality_then_maximum_testing_evalue_sum,200,0,11,exact_fixed_count_order_statistics,300.0,1,False
241,88641e7e4a0afd5606e986f7fa8b3574bd9a1c136b9b2f4ccd30245b95aea746,proven_maximal,maximize_sum_testing_e_values_at_maximum_cardinality,proven_optimal,2245.853121570962,0.8789018008146194,2555.294709248939,0,0,7,,,22;51;66;71;90;142;182,0,0,7,0,0,0,0.0,0.0,0.23333333333333334,0.0,0.0,0.0,0,7,1.4685756999533623,5,4,256,57,7,,method1_proportional_scores_gamma1,unrestricted_maximum_cardinality_then_maximum_testing_evalue_sum,200,0,4,exact_fixed_count_order_statistics,300.0,1,False
242,bccbb1457e0acd84fbe1fc3fe3633b6346c9ec01da782ed74ce78c15329caeae,proven_maximal,maximize_sum_testing_e_values_at_maximum_cardinality,proven_optimal,108599.02169238501,2.050883061890961,52952.32268984377,0,0,7,,,4;36;137;160;174;177;193,0,0,7,0,0,0,0.0,0.0,0.23333333333333334,0.0,0.0,0.0,0,7,2.038433999987319,9,7,266,53,7,,method1_proportional_scores_gamma1,unrestricted_maximum_cardinality_then_maximum_testing_evalue_sum,200,0,5,exact_fixed_count_order_statistics,300.0,1,False
243,9ba46dd7026798e2a81f2ae39d4e1f4341606e9ff80f1281d1fa26267feb15da,proven_maximal,maximize_sum_testing_e_values_at_maximum_cardinality,proven_optimal,209401.4722157595,1.2982196754744175,161298.95130362775,0,0,14,,,14;16;34;37;68;88;93;110;130;136;161;177;190;197,0,0,14,0,0,0,0.0,0.0,0.4666666666666667,0.0,0.0,0.0,0,14,3.8595759999006987,10,10,324,61,14,,method1_proportional_scores_gamma1,unrestricted_maximum_cardinality_then_maximum_testing_evalue_sum,200,0,8,exact_fixed_count_order_statistics,300.0,1,False
244,5d4968d3838eef7d31d11e9c5ca28e568a8be089db5f74e9da9dea13ecace830,proven_maximal,maximize_sum_testing_e_values_at_maximum_cardinality,proven_optimal,930.4124821073224,0.2506911919603611,3711.3888000278753,0,0,1,,,122,0,0,1,0,0,0,0.0,0.0,0.03333333333333333,0.0,0.0,0.0,0,1,0.7508738001342863,3,3,250,51,1,,method1_proportional_scores_gamma1,unrestricted_maximum_cardinality_then_maximum_testing_evalue_sum,200,0,0,exact_fixed_count_order_statistics,300.0,1,False
245,81dc07964b7eddf7785c3805053d04e89c28147bf931e0938008fe0901c5d1b3,proven_maximal,maximize_sum_testing_e_values_at_maximum_cardinality,proven_optimal,0.0,0.0,29288.776440894333,0,0,0,,,,0,0,0,0,0,0,0.0,0.0,0.0,0.0,0.0,0.0,0,0,0.6330364001914859,3,3,253,53,0,,method1_proportional_scores_gamma1,unrestricted_maximum_cardinality_then_maximum_testing_evalue_sum,200,0,11,exact_fixed_count_order_statistics,300.0,1,False
246,0e3a542838a4022d17ee0f5288cc483ea69b9d1c2f2d8ad3e04f364235d09fd9,proven_maximal,maximize_sum_testing_e_values_at_maximum_cardinality,proven_optimal,43609.21812434229,2.16660487663922,20127.905459156795,0,0,13,,,7;13;27;53;71;75;84;118;120;121;170;186;188,0,0,12,0,0,1,0.0,0.0,0.4,0.0,0.0,0.07692307692307693,0,13,1.2024101000279188,9,9,254,52,13,,method1_proportional_scores_gamma1,unrestricted_maximum_cardinality_then_maximum_testing_evalue_sum,200,0,15,exact_fixed_count_order_statistics,300.0,1,False
247,0de30b67e5363b545a631ee62b37725ee49b9caed92218c4bb11037862dc488d,proven_maximal,maximize_sum_testing_e_values_at_maximum_cardinality,proven_optimal,34651.0535241423,1.1659363855523284,29719.506101293315,0,0,12,,,14;33;56;59;71;79;102;117;139;151;184;194,0,0,12,0,0,0,0.0,0.0,0.4,0.0,0.0,0.0,0,12,0.9533967999741435,5,5,258,51,12,,method1_proportional_scores_gamma1,unrestricted_maximum_cardinality_then_maximum_testing_evalue_sum,200,0,4,exact_fixed_count_order_statistics,300.0,1,False
248,3f721ec8c26a816c146383df9590c591ad57bddfea5bda88b6bccf7a87cc0b33,proven_maximal,maximize_sum_testing_e_values_at_maximum_cardinality,proven_optimal,63.15160561712235,0.0007235855402934133,87275.93643111557,0,0,1,,,188,0,0,1,0,0,0,0.0,0.0,0.03333333333333333,0.0,0.0,0.0,0,1,0.8432897999882698,3,3,250,51,1,,method1_proportional_scores_gamma1,unrestricted_maximum_cardinality_then_maximum_testing_evalue_sum,200,0,10,exact_fixed_count_order_statistics,300.0,1,False
249,e1c996340be6b6ec1e619510471457dbee196fed4ad64f176ea185cffd5bae06,proven_maximal,maximize_sum_testing_e_values_at_maximum_cardinality,proven_optimal,2498.9640763248876,0.5720672722027855,4368.3045644307695,0,0,13,,,7;21;41;45;49;64;73;76;98;110;138;157;160,0,0,13,0,0,0,0.0,0.0,0.43333333333333335,0.0,0.0,0.0,0,13,1.876655099913478,9,9,264,48,13,,method1_proportional_scores_gamma1,unrestricted_maximum_cardinality_then_maximum_testing_evalue_sum,200,0,1,exact_fixed_count_order_statistics,300.0,1,False
250,2bea55630b8ec8e947099051f240ffbccf65f72513433b25ac6ac8543b60e363,proven_maximal,maximize_sum_testing_e_values_at_maximum_cardinality,proven_optimal,13850.75298550148,1.200684284761529,11535.716058990822,0,0,5,,,82;84;106;149;169,0,0,5,0,0,0,0.0,0.0,0.16666666666666666,0.0,0.0,0.0,0,5,4.199836499989033,9,4,254,52,5,,method1_proportional_scores_gamma1,unrestricted_maximum_cardinality_then_maximum_testing_evalue_sum,200,0,6,exact_fixed_count_order_statistics,300.0,1,False
251,98952a3d7c77529c3beae57071edbed7c40f71fa60c29ef9e3b1ec53240a8201,proven_maximal,maximize_sum_testing_e_values_at_maximum_cardinality,proven_optimal,0.0,0.0,2840.515868953613,0,0,0,,,,0,0,0,0,0,0,0.0,0.0,0.0,0.0,0.0,0.0,0,0,0.8585310999769717,3,3,258,58,0,,method1_proportional_scores_gamma1,unrestricted_maximum_cardinality_then_maximum_testing_evalue_sum,200,0,0,exact_fixed_count_order_statistics,300.0,1,False
252,2422b94223c2839700d618c618ff1f2da7926aa279e8d64abd1da07202d25873,proven_maximal,maximize_sum_testing_e_values_at_maximum_cardinality,proven_optimal,10450.539555380252,1.501985172305243,6957.818058443806,0,0,7,,,2;16;42;57;80;134;161,0,0,7,0,0,0,0.0,0.0,0.23333333333333334,0.0,0.0,0.0,0,7,2.0831096000038087,5,4,254,56,7,,method1_proportional_scores_gamma1,unrestricted_maximum_cardinality_then_maximum_testing_evalue_sum,200,0,9,exact_fixed_count_order_statistics,300.0,1,False
253,0de8a8d61be4b644e28720c9a84857f9ccdbc51743c551e6aa680243e7f0e687,proven_maximal,maximize_sum_testing_e_values_at_maximum_cardinality,proven_optimal,26389.55225299278,1.7108397615159427,15424.911699275388,0,0,11,,,16;85;104;110;137;154;155;162;169;173;187,0,0,11,0,0,0,0.0,0.0,0.36666666666666664,0.0,0.0,0.0,0,11,1.1110241999849677,5,5,247,53,11,,method1_proportional_scores_gamma1,unrestricted_maximum_cardinality_then_maximum_testing_evalue_sum,200,0,8,exact_fixed_count_order_statistics,300.0,1,False
254,ad9890c1e270a78b6f8f8a0e955cc3fb20cfccc56c074b335667dd4b6ad9ce4a,proven_maximal,maximize_sum_testing_e_values_at_maximum_cardinality,proven_optimal,7419.447248351329,1.414861005577694,5243.940725698307,0,0,10,,,7;20;24;62;74;80;115;120;128;139,0,0,10,0,0,0,0.0,0.0,0.3333333333333333,0.0,0.0,0.0,0,10,1.7666245999280363,6,6,256,57,10,,method1_proportional_scores_gamma1,unrestricted_maximum_cardinality_then_maximum_testing_evalue_sum,200,0,2,exact_fixed_count_order_statistics,300.0,1,False
255,d35617fded5012f363ab4e5a8a9184fe57de57653160458d409289bdf849f3d7,proven_maximal,maximize_sum_testing_e_values_at_maximum_cardinality,proven_optimal,104402.77599703352,1.009789708813372,103390.61201140554,0,0,2,,,50;111,0,0,2,0,0,0,0.0,0.0,0.06666666666666667,0.0,0.0,0.0,0,2,0.9407619000412524,3,3,257,58,2,,method1_proportional_scores_gamma1,unrestricted_maximum_cardinality_then_maximum_testing_evalue_sum,200,0,9,exact_fixed_count_order_statistics,300.0,1,False
256,62ae6dfa5999cd13c83dcce966c83e7e7c250b57c99de90ee7168d3afb55383c,proven_maximal,maximize_sum_testing_e_values_at_maximum_cardinality,proven_optimal,15513.131155442103,1.3661930955640196,11355.006262154808,0,0,10,,,4;17;27;54;58;63;73;84;112;154,0,0,10,0,0,0,0.0,0.0,0.3333333333333333,0.0,0.0,0.0,0,10,2.4104007000569254,11,11,285,40,10,,method1_proportional_scores_gamma1,unrestricted_maximum_cardinality_then_maximum_testing_evalue_sum,200,0,4,exact_fixed_count_order_statistics,300.0,1,False
257,145fb0d67404165f0f5a04c403b08bf0c75ff43025ea0105e4316f3525b23678,proven_maximal,maximize_sum_testing_e_values_at_maximum_cardinality,proven_optimal,0.0,0.0,4171.974345475109,0,0,0,,,,0,0,0,0,0,0,0.0,0.0,0.0,0.0,0.0,0.0,0,0,0.6985182000789791,3,3,260,60,0,,method1_proportional_scores_gamma1,unrestricted_maximum_cardinality_then_maximum_testing_evalue_sum,200,0,7,exact_fixed_count_order_statistics,300.0,1,False
258,f5436f154291abec8c11eb211d092f9f4290476df49639fc93bca5c2501a6ce8,proven_maximal,maximize_sum_testing_e_values_at_maximum_cardinality,proven_optimal,21691.166379762104,4.8279303550423895,4492.849893144669,0,0,17,,,0;23;44;56;61;64;82;95;110;139;146;148;152;155;185;198;199,0,0,17,0,0,0,0.0,0.0,0.5666666666666667,0.0,0.0,0.0,0,17,4.953454300062731,17,16,298,47,17,,method1_proportional_scores_gamma1,unrestricted_maximum_cardinality_then_maximum_testing_evalue_sum,200,0,15,exact_fixed_count_order_statistics,300.0,1,False
259,711f50dd95e033c89901f0c784b9ae5ff18c120f84e54f37746d20035543ea71,proven_maximal,maximize_sum_testing_e_values_at_maximum_cardinality,proven_optimal,57766.96527462249,1.245139623241825,46393.96594272807,0,0,17,,,29;32;57;64;67;72;74;87;103;111;113;131;145;155;161;168;190,0,0,17,0,0,0,0.0,0.0,0.5666666666666667,0.0,0.0,0.0,0,17,2.707476100185886,9,9,273,51,17,,method1_proportional_scores_gamma1,unrestricted_maximum_cardinality_then_maximum_testing_evalue_sum,200,0,7,exact_fixed_count_order_statistics,300.0,1,False
260,4ead91651f91b5e350c522379028a951d1016be1b27ba46fda6b159d518befd2,proven_maximal,maximize_sum_testing_e_values_at_maximum_cardinality,proven_optimal,86689.86718206399,2.8946623356175327,29948.1794872527,0,0,16,,,31;44;59;84;110;116;133;136;142;155;161;162;168;171;174;179,0,0,16,0,0,0,0.0,0.0,0.5333333333333333,0.0,0.0,0.0,0,16,1.7299603000283241,7,7,280,65,16,,method1_proportional_scores_gamma1,unrestricted_maximum_cardinality_then_maximum_testing_evalue_sum,200,0,10,exact_fixed_count_order_statistics,300.0,1,False
261,5064aa9028495be9d22394eb5ff86cfe1d75badd37b4bd6a9be5d5ffe962c726,proven_maximal,maximize_sum_testing_e_values_at_maximum_cardinality,proven_optimal,578.7600137853686,0.3566609170496789,1622.7177863302409,0,0,1,,,95,0,0,1,0,0,0,0.0,0.0,0.03333333333333333,0.0,0.0,0.0,0,1,3.270839300006628,13,9,267,55,1,,method1_proportional_scores_gamma1,unrestricted_maximum_cardinality_then_maximum_testing_evalue_sum,200,0,0,exact_fixed_count_order_statistics,300.0,1,False
262,4694b363e3b194365f9bd6581798a423ddc308b82390c9ae7b449987ef2f489c,proven_maximal,maximize_sum_testing_e_values_at_maximum_cardinality,proven_optimal,8040.057655978619,1.100805595920297,7303.794317339893,0,0,3,,,3;9;118,0,0,3,0,0,0,0.0,0.0,0.1,0.0,0.0,0.0,0,3,1.8487817998975515,6,4,257,58,3,,method1_proportional_scores_gamma1,unrestricted_maximum_cardinality_then_maximum_testing_evalue_sum,200,0,3,exact_fixed_count_order_statistics,300.0,1,False
263,c4390bf25f6906ab2a844c08fe885ffb1393d790c1250501eb9b4a717e19a7be,proven_maximal,maximize_sum_testing_e_values_at_maximum_cardinality,proven_optimal,406365.95322971273,1.431753952956505,283823.87378123595,0,0,14,,,3;36;39;52;56;66;73;80;84;94;100;111;114;139,0,0,14,0,0,0,0.0,0.0,0.4666666666666667,0.0,0.0,0.0,0,14,0.7797598999459296,6,6,246,41,14,,method1_proportional_scores_gamma1,unrestricted_maximum_cardinality_then_maximum_testing_evalue_sum,200,0,7,exact_fixed_count_order_statistics,300.0,1,False
264,44fcebb641df6d5ccbc3ea69c135c2be176ce4c3c282a9ded84497c7f41735ae,proven_maximal,maximize_sum_testing_e_values_at_maximum_cardinality,proven_optimal,92441.97483849037,1.179299776056779,78387.17238426713,0,0,17,,,0;1;32;38;41;58;74;100;102;105;113;124;134;152;165;167;169,0,0,17,0,0,0,0.0,0.0,0.5666666666666667,0.0,0.0,0.0,0,17,1.8605613999534398,12,12,286,52,17,,method1_proportional_scores_gamma1,unrestricted_maximum_cardinality_then_maximum_testing_evalue_sum,200,0,5,exact_fixed_count_order_statistics,300.0,1,False
265,08a71e0fe09b7cc5438f3f72c04341f78e021a265fd51259e41f5373b96bf6b3,proven_maximal,maximize_sum_testing_e_values_at_maximum_cardinality,proven_optimal,13777.757215737365,1.8981195722517905,7258.635028662836,0,0,8,,,17;57;73;79;99;113;121;168,0,0,8,0,0,0,0.0,0.0,0.26666666666666666,0.0,0.0,0.0,0,8,2.382511999923736,6,4,248,48,8,,method1_proportional_scores_gamma1,unrestricted_maximum_cardinality_then_maximum_testing_evalue_sum,200,0,4,exact_fixed_count_order_statistics,300.0,1,False
266,41d7235981cfa537e8ec4b687edb04d1f131c74ef00f28891073e60d22878f93,proven_maximal,maximize_sum_testing_e_values_at_maximum_cardinality,proven_optimal,4915.824263891975,0.7771031578835303,6325.832309420035,0,0,3,,,60;81;147,0,0,3,0,0,0,0.0,0.0,0.1,0.0,0.0,0.0,0,3,2.2268957002088428,6,4,261,62,3,,method1_proportional_scores_gamma1,unrestricted_maximum_cardinality_then_maximum_testing_evalue_sum,200,0,3,exact_fixed_count_order_statistics,300.0,1,False
267,b7499d1b297b6a02dd14a1cad7c507e36fdf1d360dbc61f3b0fd72f6014d6693,proven_maximal,maximize_sum_testing_e_values_at_maximum_cardinality,proven_optimal,1279.5480061330002,0.8196602383541299,1561.071217389196,0,0,3,,,56;107;167,0,0,3,0,0,0,0.0,0.0,0.1,0.0,0.0,0.0,0,3,4.651086600031704,22,16,305,58,3,,method1_proportional_scores_gamma1,unrestricted_maximum_cardinality_then_maximum_testing_evalue_sum,200,0,10,exact_fixed_count_order_statistics,300.0,1,False
268,4279c0bf8e7c153562dfecf76b079e157c1eb25e554ee68049f77eca381ad5cc,proven_maximal,maximize_sum_testing_e_values_at_maximum_cardinality,proven_optimal,125056.34909576018,1.0098851166345744,123832.25283338012,0,0,5,,,42;140;160;166;186,0,0,5,0,0,0,0.0,0.0,0.16666666666666666,0.0,0.0,0.0,0,5,1.9295677000191063,5,4,255,56,5,,method1_proportional_scores_gamma1,unrestricted_maximum_cardinality_then_maximum_testing_evalue_sum,200,0,1,exact_fixed_count_order_statistics,300.0,1,False
269,ae3fb4e33e7cf30288d7f14a2df43592025ad73d858667c33fa14b8e992a3f75,proven_maximal,maximize_sum_testing_e_values_at_maximum_cardinality,proven_optimal,37580.280891995,1.49636710433174,25114.34579335925,0,0,7,,,12;18;28;70;116;135;196,0,0,7,0,0,0,0.0,0.0,0.23333333333333334,0.0,0.0,0.0,0,7,1.7486956999637187,5,4,254,55,7,,method1_proportional_scores_gamma1,unrestricted_maximum_cardinality_then_maximum_testing_evalue_sum,200,0,11,exact_fixed_count_order_statistics,300.0,1,False
270,18cf91e2d5a8afff2bc327c0050166a63c898b7c243ea21aa4dcb1db922ae8b7,proven_maximal,maximize_sum_testing_e_values_at_maximum_cardinality,proven_optimal,43981.27584621489,3.2347621423175528,13596.448181103173,0,0,14,,,5;16;43;52;67;85;93;95;96;114;137;160;163;187,0,0,14,0,0,0,0.0,0.0,0.4666666666666667,0.0,0.0,0.0,0,14,1.697904200060293,7,7,254,58,14,,method1_proportional_scores_gamma1,unrestricted_maximum_cardinality_then_maximum_testing_evalue_sum,200,0,8,exact_fixed_count_order_statistics,300.0,1,False
271,556ad82014fafd1cfff4296ac4fa3ac9205d4390beae2653422867c0102bd3f5,proven_maximal,maximize_sum_testing_e_values_at_maximum_cardinality,proven_optimal,19238.626241814774,1.1981995450485086,16056.279040763537,0,0,4,,,2;30;136;167,0,0,4,0,0,0,0.0,0.0,0.13333333333333333,0.0,0.0,0.0,0,4,2.532029600115493,9,6,247,45,4,,method1_proportional_scores_gamma1,unrestricted_maximum_cardinality_then_maximum_testing_evalue_sum,200,0,16,exact_fixed_count_order_statistics,300.0,1,False
272,25e52ca9f888128431ec9a571c136dec7147d50cc595bb89c69321bd246e8177,proven_maximal,maximize_sum_testing_e_values_at_maximum_cardinality,proven_optimal,0.0,0.0,5842.444733114125,0,0,0,,,,0,0,0,0,0,0,0.0,0.0,0.0,0.0,0.0,0.0,0,0,0.5215028000529855,3,3,239,39,0,,method1_proportional_scores_gamma1,unrestricted_maximum_cardinality_then_maximum_testing_evalue_sum,200,0,3,exact_fixed_count_order_statistics,300.0,1,False
273,1d885f6f05cf6e04e5292d52ac2b1bb75384796e8832b804104426c9fc7df2b0,proven_maximal,maximize_sum_testing_e_values_at_maximum_cardinality,proven_optimal,202334.02954162098,1.0741992289342428,188358.01040591407,0,0,11,,,17;40;45;55;91;95;119;125;147;176;184,0,0,11,0,0,0,0.0,0.0,0.36666666666666664,0.0,0.0,0.0,0,11,1.4382630998734385,8,8,280,62,11,,method1_proportional_scores_gamma1,unrestricted_maximum_cardinality_then_maximum_testing_evalue_sum,200,0,6,exact_fixed_count_order_statistics,300.0,1,False
274,634374be3f7410e3931134fcca2d0e3d34b4adea1ac304f1c1e41c566af1b0a3,proven_maximal,maximize_sum_testing_e_values_at_maximum_cardinality,proven_optimal,68697.4344549821,2.3649560672134933,29048.08059962178,0,0,9,,,2;58;61;75;89;114;133;135;143,0,0,9,0,0,0,0.0,0.0,0.3,0.0,0.0,0.0,0,9,1.9287970999721438,5,4,254,57,9,,method1_proportional_scores_gamma1,unrestricted_maximum_cardinality_then_maximum_testing_evalue_sum,200,0,8,exact_fixed_count_order_statistics,300.0,1,False
275,c1de3b488fd290b88de51533e73e37cb2db2be35b1921c48a14d5ea8d9b84747,proven_maximal,maximize_sum_testing_e_values_at_maximum_cardinality,proven_optimal,43315.12065168065,1.489121890330612,29087.693178738988,0,0,16,,,29;33;46;63;91;93;116;133;147;151;164;170;178;185;190;197,0,0,16,0,0,0,0.0,0.0,0.5333333333333333,0.0,0.0,0.0,0,16,1.2768089000601321,6,6,259,57,16,,method1_proportional_scores_gamma1,unrestricted_maximum_cardinality_then_maximum_testing_evalue_sum,200,0,8,exact_fixed_count_order_statistics,300.0,1,False
276,106af1cc0da487464802f160cd0d0ea4b1d84476130ab7c109d78e27a998be74,proven_maximal,maximize_sum_testing_e_values_at_maximum_cardinality,proven_optimal,181676.33276371096,1.296786258097881,140097.3611720661,0,0,6,,,6;23;27;45;52;159,0,0,6,0,0,0,0.0,0.0,0.2,0.0,0.0,0.0,0,6,3.7195069000590593,27,26,296,56,6,,method1_proportional_scores_gamma1,unrestricted_maximum_cardinality_then_maximum_testing_evalue_sum,200,0,12,exact_fixed_count_order_statistics,300.0,1,False
277,83beec0d9eed62f4a1c6dab1c3a5136f8cc37e75a022f431b72b28e09c4be987,proven_maximal,maximize_sum_testing_e_values_at_maximum_cardinality,proven_optimal,0.0,0.0,7179.513097776994,0,0,0,,,,0,0,0,0,0,0,0.0,0.0,0.0,0.0,0.0,0.0,0,0,0.544004799798131,3,3,254,54,0,,method1_proportional_scores_gamma1,unrestricted_maximum_cardinality_then_maximum_testing_evalue_sum,200,0,8,exact_fixed_count_order_statistics,300.0,1,False
278,6a48f437526849559a5cba7faf5d65a5065fd08096e720799b5a5bd2f8839edf,proven_maximal,maximize_sum_testing_e_values_at_maximum_cardinality,proven_optimal,22845.455187344996,0.8024655235908835,28469.07999874667,0,0,3,,,2;11;109,0,0,3,0,0,0,0.0,0.0,0.1,0.0,0.0,0.0,0,3,0.612080099992454,3,3,241,44,3,,method1_proportional_scores_gamma1,unrestricted_maximum_cardinality_then_maximum_testing_evalue_sum,200,0,6,exact_fixed_count_order_statistics,300.0,1,False
279,de19b2e33bec634843b00fe08ea6c19828d6356fd5336935c49cc1e4c747e364,proven_maximal,maximize_sum_testing_e_values_at_maximum_cardinality,proven_optimal,15984.91581007537,0.40781784857821346,39196.21435355029,0,0,3,,,62;134;150,0,0,3,0,0,0,0.0,0.0,0.1,0.0,0.0,0.0,0,3,1.7609067000448704,5,4,252,54,3,,method1_proportional_scores_gamma1,unrestricted_maximum_cardinality_then_maximum_testing_evalue_sum,200,0,6,exact_fixed_count_order_statistics,300.0,1,False
280,7ba56a85c5db38a49eb19909466ff84afcd387e74b97eaebb5df58e0ae06d05b,proven_maximal,maximize_sum_testing_e_values_at_maximum_cardinality,proven_optimal,543.2026689183072,0.17608921959848056,3084.815016824541,0,0,1,,,152,0,0,1,0,0,0,0.0,0.0,0.03333333333333333,0.0,0.0,0.0,0,1,0.7181452000513673,3,3,258,59,1,,method1_proportional_scores_gamma1,unrestricted_maximum_cardinality_then_maximum_testing_evalue_sum,200,0,0,exact_fixed_count_order_statistics,300.0,1,False
281,abf0822de4f0316cdb4b5954c2573b27705a6fcf80935184db4a34fac564441a,proven_maximal,maximize_sum_testing_e_values_at_maximum_cardinality,proven_optimal,4410.0185774949705,2.1166000141696206,2083.538953024669,0,0,10,,,9;25;32;49;77;82;90;107;166;167,0,0,10,0,0,0,0.0,0.0,0.3333333333333333,0.0,0.0,0.0,0,10,1.5740857000928372,9,9,285,57,10,,method1_proportional_scores_gamma1,unrestricted_maximum_cardinality_then_maximum_testing_evalue_sum,200,0,3,exact_fixed_count_order_statistics,300.0,1,False
282,7f637e975096f1ab08bc7d25c4f8f3ac5ebce621a72e3566f9c6eb65ce67e46f,proven_maximal,maximize_sum_testing_e_values_at_maximum_cardinality,proven_optimal,147414.8252130049,1.4215949427422743,103696.7850551296,0,0,17,,,16;20;27;33;40;57;66;67;76;87;96;132;134;147;151;160;173,0,0,17,0,0,0,0.0,0.0,0.5666666666666667,0.0,0.0,0.0,0,17,3.043055299902335,11,11,276,56,17,,method1_proportional_scores_gamma1,unrestricted_maximum_cardinality_then_maximum_testing_evalue_sum,200,0,9,exact_fixed_count_order_statistics,300.0,1,False
283,39054c5821c6d22272f0dbdc664b76f97ec59ce84fa83971872432edb45a657c,proven_maximal,maximize_sum_testing_e_values_at_maximum_cardinality,proven_optimal,5327.83099410268,0.6746403657926496,7897.290562865884,0,0,9,,,11;16;34;38;51;63;118;138;176,0,0,9,0,0,0,0.0,0.0,0.3,0.0,0.0,0.0,0,9,1.5757363000884652,4,4,237,41,9,,method1_proportional_scores_gamma1,unrestricted_maximum_cardinality_then_maximum_testing_evalue_sum,200,0,8,exact_fixed_count_order_statistics,300.0,1,False
284,ed3791a86a65e34af3ea6f8b921e31d4be570d0370c12df74edea9841a9b5542,proven_maximal,maximize_sum_testing_e_values_at_maximum_cardinality,proven_optimal,73214.50715779566,2.187948887437046,33462.6222660799,0,0,7,,,55;111;115;152;175;192;197,0,0,7,0,0,0,0.0,0.0,0.23333333333333334,0.0,0.0,0.0,0,7,2.24466499988921,5,4,252,57,7,,method1_proportional_scores_gamma1,unrestricted_maximum_cardinality_then_maximum_testing_evalue_sum,200,0,9,exact_fixed_count_order_statistics,300.0,1,False
285,8030611d32999de4031db4dc88eaf4d0e4ad17605ef25d8a9f652c77d3bf9511,proven_maximal,maximize_sum_testing_e_values_at_maximum_cardinality,proven_optimal,67910.08553945282,1.0641156059771182,63818.33435954053,0,0,7,,,18;33;120;151;175;187;193,0,0,7,0,0,0,0.0,0.0,0.23333333333333334,0.0,0.0,0.0,0,7,2.261637100018561,17,16,260,49,7,,method1_proportional_scores_gamma1,unrestricted_maximum_cardinality_then_maximum_testing_evalue_sum,200,0,11,exact_fixed_count_order_statistics,300.0,1,False
286,ac7045476c4782eacde1bc172fd6d3e62ac6f3f7422265e506cd5f7a63462cba,proven_maximal,maximize_sum_testing_e_values_at_maximum_cardinality,proven_optimal,178430.84336077477,1.3680151809592451,130430.45562963709,0,0,14,,,5;8;30;31;47;89;94;118;128;145;156;175;192;196,0,0,14,0,0,0,0.0,0.0,0.4666666666666667,0.0,0.0,0.0,0,14,5.143078099936247,24,22,321,50,14,,method1_proportional_scores_gamma1,unrestricted_maximum_cardinality_then_maximum_testing_evalue_sum,200,0,10,exact_fixed_count_order_statistics,300.0,1,False
287,a2bde3730b130380a8b8d3b04b845db792193c0b3d6c5be658af9f9376bd669e,proven_maximal,maximize_sum_testing_e_values_at_maximum_cardinality,proven_optimal,5126.594940684006,1.199039939005799,4275.583134399005,0,0,4,,,60;101;119;199,0,0,4,0,0,0,0.0,0.0,0.13333333333333333,0.0,0.0,0.0,0,4,1.9357795999385417,7,6,262,59,4,,method1_proportional_scores_gamma1,unrestricted_maximum_cardinality_then_maximum_testing_evalue_sum,200,0,7,exact_fixed_count_order_statistics,300.0,1,False
288,cada63e22192683bb2fb6221275564bdee8ffcdc3e26be6020d0d787d3f46aa2,proven_maximal,maximize_sum_testing_e_values_at_maximum_cardinality,proven_optimal,0.0,0.0,44355.71893656366,0,0,0,,,,0,0,0,0,0,0,0.0,0.0,0.0,0.0,0.0,0.0,0,0,0.7991019000764936,3,3,249,49,0,,method1_proportional_scores_gamma1,unrestricted_maximum_cardinality_then_maximum_testing_evalue_sum,200,0,8,exact_fixed_count_order_statistics,300.0,1,False
289,91aac80fb6a28dc3d7bd9336a145a2e65402443771e80937be8d09653116f610,proven_maximal,maximize_sum_testing_e_values_at_maximum_cardinality,proven_optimal,7801.991236950912,2.1546190427848826,3621.0536907103087,0,0,7,,,9;58;130;156;158;187;196,0,0,7,0,0,0,0.0,0.0,0.23333333333333334,0.0,0.0,0.0,0,7,1.356249500066042,5,5,248,50,7,,method1_proportional_scores_gamma1,unrestricted_maximum_cardinality_then_maximum_testing_evalue_sum,200,0,3,exact_fixed_count_order_statistics,300.0,1,False
290,41cb4595b13eb8b350ebbe5ed4d2ae1edf3df99d10f36a79eb6f93e8d26f260b,proven_maximal,maximize_sum_testing_e_values_at_maximum_cardinality,proven_optimal,168.47646939678054,0.04110202781225128,4098.981932627732,0,0,1,,,177,0,0,1,0,0,0,0.0,0.0,0.03333333333333333,0.0,0.0,0.0,0,1,0.8111872000154108,3,3,256,57,1,,method1_proportional_scores_gamma1,unrestricted_maximum_cardinality_then_maximum_testing_evalue_sum,200,0,4,exact_fixed_count_order_statistics,300.0,1,False
291,fba2c72932cfabdfad9f2fe8f67a0b49ced9b9b44f03683ec536d20a2bd59d17,proven_maximal,maximize_sum_testing_e_values_at_maximum_cardinality,proven_optimal,36306.86872615322,1.4852574042780065,24444.8326745102,0,0,14,,,3;30;35;41;44;46;72;100;109;127;139;169;185;187,0,0,14,0,0,0,0.0,0.0,0.4666666666666667,0.0,0.0,0.0,0,14,3.994039800018072,23,22,282,44,14,,method1_proportional_scores_gamma1,unrestricted_maximum_cardinality_then_maximum_testing_evalue_sum,200,0,6,exact_fixed_count_order_statistics,300.0,1,False
292,0e87c11e012cf1f6ec4b29587618b20b599a77d26c7fa074d9da89ea32a9d7b8,proven_maximal,maximize_sum_testing_e_values_at_maximum_cardinality,proven_optimal,341850.86100191437,1.0280753217478953,332515.38459333143,0,0,11,,,23;27;29;83;84;129;130;145;148;180;193,0,0,11,0,0,0,0.0,0.0,0.36666666666666664,0.0,0.0,0.0,0,11,1.4874768999870867,8,8,280,60,11,,method1_proportional_scores_gamma1,unrestricted_maximum_cardinality_then_maximum_testing_evalue_sum,200,0,8,exact_fixed_count_order_statistics,300.0,1,False
293,68da22380fba0c969625d29d512ef5fb8cb83839e4922330834c055cd9c08486,proven_maximal,maximize_sum_testing_e_values_at_maximum_cardinality,proven_optimal,131560.43398209882,2.226147095846373,59097.81713327439,0,0,15,,,3;13;21;55;58;81;83;90;111;114;115;117;142;160;167,0,0,15,0,0,0,0.0,0.0,0.5,0.0,0.0,0.0,0,15,1.3530198999214917,7,7,249,51,15,,method1_proportional_scores_gamma1,unrestricted_maximum_cardinality_then_maximum_testing_evalue_sum,200,0,13,exact_fixed_count_order_statistics,300.0,1,False
294,2dbf7aca569ac39db7fef3a8c69b5644435d5704932ee6c9a643642d5c5ab32f,proven_maximal,maximize_sum_testing_e_values_at_maximum_cardinality,proven_optimal,34818.29391371602,2.6044328957964007,13368.858137951393,0,0,18,,,3;10;25;46;54;62;66;102;108;111;113;114;125;134;149;163;182;188,0,0,18,0,0,0,0.0,0.0,0.6,0.0,0.0,0.0,0,18,4.386479299981147,13,13,288,65,18,,method1_proportional_scores_gamma1,unrestricted_maximum_cardinality_then_maximum_testing_evalue_sum,200,0,10,exact_fixed_count_order_statistics,300.0,1,False
295,82d4e85411a6d929c16bec5b4565c6a0eb8d1da06805fac47add5b9b60bb336c,proven_maximal,maximize_sum_testing_e_values_at_maximum_cardinality,proven_optimal,38064.845131647475,1.2599482690476196,30211.43491900684,0,0,6,,,30;87;96;122;124;144,0,0,6,0,0,0,0.0,0.0,0.2,0.0,0.0,0.0,0,6,1.5373263999354094,5,4,253,56,6,,method1_proportional_scores_gamma1,unrestricted_maximum_cardinality_then_maximum_testing_evalue_sum,200,0,10,exact_fixed_count_order_statistics,300.0,1,False
296,6c6cb5e67e8460eb1f1e9548ce2eeca0d60b5b6e3741519581fe72e7562a1878,proven_maximal,maximize_sum_testing_e_values_at_maximum_cardinality,proven_optimal,6483.899606013011,0.7631602780204058,8496.117778603306,0,0,8,,,45;54;58;62;63;129;167;189,0,0,8,0,0,0,0.0,0.0,0.26666666666666666,0.0,0.0,0.0,0,8,1.7254300001077354,5,4,271,73,8,,method1_proportional_scores_gamma1,unrestricted_maximum_cardinality_then_maximum_testing_evalue_sum,200,0,4,exact_fixed_count_order_statistics,300.0,1,False
297,6abdcb362cc8dacd1c90bece0ad48153425945c57e89fda46aeee7379b195997,proven_maximal,maximize_sum_testing_e_values_at_maximum_cardinality,proven_optimal,470.6903502363238,0.028670674699025258,16417.13545905239,0,0,1,,,151,0,0,1,0,0,0,0.0,0.0,0.03333333333333333,0.0,0.0,0.0,0,1,0.7564294000621885,3,3,254,55,1,,method1_proportional_scores_gamma1,unrestricted_maximum_cardinality_then_maximum_testing_evalue_sum,200,0,4,exact_fixed_count_order_statistics,300.0,1,False
298,cfda50714375a9db09d8880891cdf0c715dd8bef109238ee5f241f48621f0f73,proven_maximal,maximize_sum_testing_e_values_at_maximum_cardinality,proven_optimal,69915.02365621275,3.341024034148782,20926.22589409942,0,0,11,,,2;7;35;44;59;63;98;159;176;177;196,0,0,11,0,0,0,0.0,0.0,0.36666666666666664,0.0,0.0,0.0,0,11,3.0544563001021743,9,9,275,60,11,,method1_proportional_scores_gamma1,unrestricted_maximum_cardinality_then_maximum_testing_evalue_sum,200,0,15,exact_fixed_count_order_statistics,300.0,1,False
299,6ce2284f75768ae48ee9d2c135dcd6ffc8fae37323ff237d868397af7204f85c,proven_maximal,maximize_sum_testing_e_values_at_maximum_cardinality,proven_optimal,54625.075707023614,2.174145057576304,25124.853337945457,0,0,16,,,25;49;68;87;94;97;119;121;133;137;163;165;176;177;179;188,0,0,16,0,0,0,0.0,0.0,0.5333333333333333,0.0,0.0,0.0,0,16,2.1581940001342446,11,11,283,58,16,,method1_proportional_scores_gamma1,unrestricted_maximum_cardinality_then_maximum_testing_evalue_sum,200,0,12,exact_fixed_count_order_statistics,300.0,1,False
300,c0632c2cc6ceb2cbcdb6a6e81e0208911a71fe9703a81a1efe05ee674da4b234,proven_maximal,maximize_sum_testing_e_values_at_maximum_cardinality,proven_optimal,158140.86940217533,1.0021448394701193,157802.40856779923,0,0,3,,,103;122;152,0,0,3,0,0,0,0.0,0.0,0.1,0.0,0.0,0.0,0,3,2.208415700122714,6,4,256,55,3,,method1_proportional_scores_gamma1,unrestricted_maximum_cardinality_then_maximum_testing_evalue_sum,200,0,2,exact_fixed_count_order_statistics,300.0,1,False
301,e0fd4cf6d6e733965f9a56326e0868e3f721317e41386faeb541c3b9b7731e51,proven_maximal,maximize_sum_testing_e_values_at_maximum_cardinality,proven_optimal,26653.803860031963,1.0967591816026077,24302.33027188782,0,0,6,,,6;55;58;174;178;184,0,0,6,0,0,0,0.0,0.0,0.2,0.0,0.0,0.0,0,6,1.470935800112784,6,5,250,49,6,,method1_proportional_scores_gamma1,unrestricted_maximum_cardinality_then_maximum_testing_evalue_sum,200,0,2,exact_fixed_count_order_statistics,300.0,1,False
302,4206ac869223ff5c35a0e8fa1c00541c2eeec7f26a9bced0379d212e96571ce7,proven_maximal,maximize_sum_testing_e_values_at_maximum_cardinality,proven_optimal,189283.34553091758,1.0789493714071727,175433.01895996567,0,0,5,,,12;49;78;113;137,0,0,5,0,0,0,0.0,0.0,0.16666666666666666,0.0,0.0,0.0,0,5,0.7348448999691755,3,3,249,53,5,,method1_proportional_scores_gamma1,unrestricted_maximum_cardinality_then_maximum_testing_evalue_sum,200,0,6,exact_fixed_count_order_statistics,300.0,1,False
303,aa638f93fe369aa8596f345b53b1b24aa2b33060c55b797e6fbbccff398ff99a,proven_maximal,maximize_sum_testing_e_values_at_maximum_cardinality,proven_optimal,74518.2425098265,1.4674303775151814,50781.45011282183,0,0,17,,,9;19;23;38;48;60;68;81;106;110;111;163;168;174;189;194;199,0,0,16,0,0,1,0.0,0.0,0.5333333333333333,0.0,0.0,0.058823529411764705,0,17,0.9497769000008702,6,6,252,59,17,,method1_proportional_scores_gamma1,unrestricted_maximum_cardinality_then_maximum_testing_evalue_sum,200,0,8,exact_fixed_count_order_statistics,300.0,1,False
304,69730cb1a986a3ca1259f5275a49d1da9a22a50ed221105b6ddc1a280fc0e667,proven_maximal,maximize_sum_testing_e_values_at_maximum_cardinality,proven_optimal,18343.73298331473,1.30822386595241,14021.86083034051,0,0,8,,,36;60;84;118;128;163;165;171,0,0,8,0,0,0,0.0,0.0,0.26666666666666666,0.0,0.0,0.0,0,8,1.4609729999210685,5,4,253,56,8,,method1_proportional_scores_gamma1,unrestricted_maximum_cardinality_then_maximum_testing_evalue_sum,200,0,3,exact_fixed_count_order_statistics,300.0,1,False
305,2be3c72718404eb999879d1ea1b15442505100efb3528f6b6395543423afca3b,proven_maximal,maximize_sum_testing_e_values_at_maximum_cardinality,proven_optimal,0.0,0.0,12295.135826458529,0,0,0,,,,0,0,0,0,0,0,0.0,0.0,0.0,0.0,0.0,0.0,0,0,0.47578739980235696,3,3,271,71,0,,method1_proportional_scores_gamma1,unrestricted_maximum_cardinality_then_maximum_testing_evalue_sum,200,0,1,exact_fixed_count_order_statistics,300.0,1,False
306,1a8e758d2cab987809c027effe846f2cf01dd87772c309cea23ec536c1b1dd58,proven_maximal,maximize_sum_testing_e_values_at_maximum_cardinality,proven_optimal,6242.916521342154,1.154403511507951,5407.915394494325,0,0,6,,,9;36;65;107;131;147,0,0,6,0,0,0,0.0,0.0,0.2,0.0,0.0,0.0,0,6,1.5306758999358863,5,4,260,62,6,,method1_proportional_scores_gamma1,unrestricted_maximum_cardinality_then_maximum_testing_evalue_sum,200,0,1,exact_fixed_count_order_statistics,300.0,1,False
307,e44e878b13d145b1730b5a29bd6d63fc21ee6453ebb72919c918ea8f32d4ff38,proven_maximal,maximize_sum_testing_e_values_at_maximum_cardinality,proven_optimal,14813.377256372785,2.121990221993147,6980.8885558666,0,0,9,,,51;64;65;101;117;143;165;173;180,0,0,9,0,0,0,0.0,0.0,0.3,0.0,0.0,0.0,0,9,1.1792379000689834,7,7,265,60,9,,method1_proportional_scores_gamma1,unrestricted_maximum_cardinality_then_maximum_testing_evalue_sum,200,0,11,exact_fixed_count_order_statistics,300.0,1,False
308,b366e7646b0baed19c7e69f5d2ac76a91acad4916021e9bcb1be3d5cd832c01c,proven_maximal,maximize_sum_testing_e_values_at_maximum_cardinality,proven_optimal,49968.58710890181,1.228535971938365,40673.279619205736,0,0,6,,,24;43;166;168;172;199,0,0,6,0,0,0,0.0,0.0,0.2,0.0,0.0,0.0,0,6,0.7035254999063909,6,6,249,47,6,,method1_proportional_scores_gamma1,unrestricted_maximum_cardinality_then_maximum_testing_evalue_sum,200,0,10,exact_fixed_count_order_statistics,300.0,1,False
309,a6398bad94a68fb4c3df0d68e0de3f1991aeb4f7169aed9155dc6b7b69c07aef,proven_maximal,maximize_sum_testing_e_values_at_maximum_cardinality,proven_optimal,29704.53629316603,1.2264568295727931,24219.797694398178,0,0,3,,,62;149;193,0,0,3,0,0,0,0.0,0.0,0.1,0.0,0.0,0.0,0,3,3.1350517999380827,24,22,299,50,3,,method1_proportional_scores_gamma1,unrestricted_maximum_cardinality_then_maximum_testing_evalue_sum,200,0,7,exact_fixed_count_order_statistics,300.0,1,False
310,69fa43cc30f9516d4a0bf936853c83a0f16a159a8647a814315a6d5978729fda,proven_maximal,maximize_sum_testing_e_values_at_maximum_cardinality,proven_optimal,19388.645785871486,0.3991735133889237,48571.97468154831,0,0,6,,,24;65;68;81;93;199,0,0,6,0,0,0,0.0,0.0,0.2,0.0,0.0,0.0,0,6,1.7353353998623788,7,5,251,52,6,,method1_proportional_scores_gamma1,unrestricted_maximum_cardinality_then_maximum_testing_evalue_sum,200,0,13,exact_fixed_count_order_statistics,300.0,1,False
311,b3ddfd78ad513b4f9afc8a4b010e3d319cc6c4b7e82608bc4616ba238cea510d,proven_maximal,maximize_sum_testing_e_values_at_maximum_cardinality,proven_optimal,26708.86291394279,2.0098176438117883,13289.197154865844,0,0,13,,,17;36;43;69;71;72;75;106;110;132;143;144;196,0,0,13,0,0,0,0.0,0.0,0.43333333333333335,0.0,0.0,0.0,0,13,0.9604028998874128,6,6,268,51,13,,method1_proportional_scores_gamma1,unrestricted_maximum_cardinality_then_maximum_testing_evalue_sum,200,0,6,exact_fixed_count_order_statistics,300.0,1,False
312,983f68e8ad55cb13102a6cb812ee46b9c455ea3685cb02b2f6663e689310e953,proven_maximal,maximize_sum_testing_e_values_at_maximum_cardinality,proven_optimal,64207.700119125955,1.487075329521787,43177.16718478131,0,0,8,,,3;9;10;48;88;111;139;157,0,0,8,0,0,0,0.0,0.0,0.26666666666666666,0.0,0.0,0.0,0,8,0.6319862001109868,3,3,250,55,8,,method1_proportional_scores_gamma1,unrestricted_maximum_cardinality_then_maximum_testing_evalue_sum,200,0,4,exact_fixed_count_order_statistics,300.0,1,False
313,50c98abbb534c601dcb1bcc53e1a6330ed4eafef155824357877ed63125745b8,proven_maximal,maximize_sum_testing_e_values_at_maximum_cardinality,proven_optimal,150929.0757234015,1.3726774058077547,109952.327535097,0,0,15,,,4;19;31;36;56;57;87;97;105;122;127;160;172;173;184,0,0,15,0,0,0,0.0,0.0,0.5,0.0,0.0,0.0,0,15,1.58644640003331,9,9,251,42,15,,method1_proportional_scores_gamma1,unrestricted_maximum_cardinality_then_maximum_testing_evalue_sum,200,0,6,exact_fixed_count_order_statistics,300.0,1,False
314,049d20b819095a28035f22931877e9e83de4737accd44cfb1fa36a7a460e55fb,proven_maximal,maximize_sum_testing_e_values_at_maximum_cardinality,proven_optimal,99.29714508757392,0.0027210594406726174,36492.08966307208,0,0,1,,,10,0,0,1,0,0,0,0.0,0.0,0.03333333333333333,0.0,0.0,0.0,0,1,0.49008470005355775,3,3,252,53,1,,method1_proportional_scores_gamma1,unrestricted_maximum_cardinality_then_maximum_testing_evalue_sum,200,0,5,exact_fixed_count_order_statistics,300.0,1,False
315,367d1a332471bc2726682f720dba8e7ab3b02e028670732a8e79aca56b793c32,proven_maximal,maximize_sum_testing_e_values_at_maximum_cardinality,proven_optimal,4709.4940989248735,0.32213900718084976,14619.446865933096,0,0,5,,,22;33;79;116;169,0,0,5,0,0,0,0.0,0.0,0.16666666666666666,0.0,0.0,0.0,0,5,2.079301099991426,6,5,259,58,5,,method1_proportional_scores_gamma1,unrestricted_maximum_cardinality_then_maximum_testing_evalue_sum,200,0,4,exact_fixed_count_order_statistics,300.0,1,False
316,a18f6608d1b4c1132a87e735c50e44c723ac1351b05105758a693777568cacf9,proven_maximal,maximize_sum_testing_e_values_at_maximum_cardinality,proven_optimal,50434.50043821381,1.9678041446532282,25629.83748929013,0,0,14,,,6;7;30;34;37;43;51;55;65;127;135;140;145;183,0,0,14,0,0,0,0.0,0.0,0.4666666666666667,0.0,0.0,0.0,0,14,1.897712399950251,10,10,267,52,14,,method1_proportional_scores_gamma1,unrestricted_maximum_cardinality_then_maximum_testing_evalue_sum,200,0,5,exact_fixed_count_order_statistics,300.0,1,False
317,30fbaa6ae8d3ea84216f80e824fa0164c2d04d3c463988ca1e602cbdf1371b4f,proven_maximal,maximize_sum_testing_e_values_at_maximum_cardinality,proven_optimal,48983.202057622395,2.06589714963222,23710.37786965464,0,0,13,,,0;15;27;51;65;75;82;93;117;130;137;157;189,0,0,13,0,0,0,0.0,0.0,0.43333333333333335,0.0,0.0,0.0,0,13,1.2572562000714242,5,5,245,51,13,,method1_proportional_scores_gamma1,unrestricted_maximum_cardinality_then_maximum_testing_evalue_sum,200,0,11,exact_fixed_count_order_statistics,300.0,1,False
318,bf9c5e8618f7dbb8a1cdb2f5256128a83c2ed29dcf2f6ecef51208c3a7483b22,proven_maximal,maximize_sum_testing_e_values_at_maximum_cardinality,proven_optimal,4374.012889363733,0.7788181693611882,5616.218343944697,0,0,2,,,169;173,0,0,2,0,0,0,0.0,0.0,0.06666666666666667,0.0,0.0,0.0,0,2,0.9027827000245452,3,3,249,51,2,,method1_proportional_scores_gamma1,unrestricted_maximum_cardinality_then_maximum_testing_evalue_sum,200,0,6,exact_fixed_count_order_statistics,300.0,1,False
319,0695a1e112a2b86c2d70877ca03d82f2d21f017a39a5f4c573f587e67b56b8c7,proven_maximal,maximize_sum_testing_e_values_at_maximum_cardinality,proven_optimal,2949758.666858214,1.0094677406986672,2922093.047586289,0,0,11,,,4;6;30;44;55;82;87;92;100;125;133,0,0,11,0,0,0,0.0,0.0,0.36666666666666664,0.0,0.0,0.0,0,11,0.9308682000264525,6,6,251,50,11,,method1_proportional_scores_gamma1,unrestricted_maximum_cardinality_then_maximum_testing_evalue_sum,200,0,10,exact_fixed_count_order_statistics,300.0,1,False
320,475826afb3393b169ab73f7c89958c56012ddc99af95151b61d87faa46e5d146,proven_maximal,maximize_sum_testing_e_values_at_maximum_cardinality,proven_optimal,27420.21699605101,1.252667635560417,21889.45911720932,0,0,15,,,43;49;77;88;90;109;112;115;123;142;143;149;159;165;191,0,0,15,0,0,0,0.0,0.0,0.5,0.0,0.0,0.0,0,15,1.3802114001009613,7,7,257,58,15,,method1_proportional_scores_gamma1,unrestricted_maximum_cardinality_then_maximum_testing_evalue_sum,200,0,6,exact_fixed_count_order_statistics,300.0,1,False
321,b7d29995fe03c7c843a1912a9ec7ac61348783b902ffa5364f06827411a94586,proven_maximal,maximize_sum_testing_e_values_at_maximum_cardinality,proven_optimal,236335.76937376877,1.1793290134537553,200398.50345209552,0,0,11,,,19;21;58;77;109;138;169;177;180;195;196,0,0,11,0,0,0,0.0,0.0,0.36666666666666664,0.0,0.0,0.0,0,11,2.797084799967706,8,8,283,54,11,,method1_proportional_scores_gamma1,unrestricted_maximum_cardinality_then_maximum_testing_evalue_sum,200,0,6,exact_fixed_count_order_statistics,300.0,1,False
322,1fd0004dddadefcb687252a1f1c8fca5c07ec3b22deb9e29908446a06634af0e,proven_maximal,maximize_sum_testing_e_values_at_maximum_cardinality,proven_optimal,48546.495775123,1.1787453881494616,41184.887137787424,0,0,13,,,10;17;44;51;59;81;88;122;131;133;173;189;193,0,0,13,0,0,0,0.0,0.0,0.43333333333333335,0.0,0.0,0.0,0,13,3.013216800056398,11,11,299,54,13,,method1_proportional_scores_gamma1,unrestricted_maximum_cardinality_then_maximum_testing_evalue_sum,200,0,4,exact_fixed_count_order_statistics,300.0,1,False
323,c6c35d95c0ccdee363bd926caae44601399e0362936e6d7ac8c69bbdde958357,proven_maximal,maximize_sum_testing_e_values_at_maximum_cardinality,proven_optimal,45850.70083342541,1.8627763081887108,24614.174354627048,0,0,14,,,18;21;37;46;48;54;84;109;130;142;164;179;191;199,0,0,14,0,0,0,0.0,0.0,0.4666666666666667,0.0,0.0,0.0,0,14,0.8878417001105845,4,4,245,49,14,,method1_proportional_scores_gamma1,unrestricted_maximum_cardinality_then_maximum_testing_evalue_sum,200,0,5,exact_fixed_count_order_statistics,300.0,1,False
324,d30345c8a17ad15cb4196890b719fa9e60466bb1ae81589fae763e0f9c7881ea,proven_maximal,maximize_sum_testing_e_values_at_maximum_cardinality,proven_optimal,14321.870283406264,1.293279185546479,11074.074680444592,0,0,10,,,2;10;96;114;134;162;171;177;188;189,0,0,10,0,0,0,0.0,0.0,0.3333333333333333,0.0,0.0,0.0,0,10,1.0259442999958992,3,3,240,45,10,,method1_proportional_scores_gamma1,unrestricted_maximum_cardinality_then_maximum_testing_evalue_sum,200,0,6,exact_fixed_count_order_statistics,300.0,1,False
325,90e008ddfe7e6b927f3760402bcd4177aaff7ec10a6e526b55e5e2ae90e3eafb,proven_maximal,maximize_sum_testing_e_values_at_maximum_cardinality,proven_optimal,7038.96719340405,1.7389506472660934,4047.824591497421,0,0,5,,,19;29;78;93;172,0,0,5,0,0,0,0.0,0.0,0.16666666666666666,0.0,0.0,0.0,0,5,0.8029709002003074,3,3,252,54,5,,method1_proportional_scores_gamma1,unrestricted_maximum_cardinality_then_maximum_testing_evalue_sum,200,0,5,exact_fixed_count_order_statistics,300.0,1,False
326,4a31bcfc9fab1ec22c8c30a0dd83da93b94188a964ac09b55a514bbc3baaeb04,proven_maximal,maximize_sum_testing_e_values_at_maximum_cardinality,proven_optimal,42815.79158374971,1.7811996451341217,24037.615154883857,0,0,11,,,17;36;42;59;89;122;146;148;167;179;199,0,0,11,0,0,0,0.0,0.0,0.36666666666666664,0.0,0.0,0.0,0,11,2.4069600999355316,14,14,296,60,11,,method1_proportional_scores_gamma1,unrestricted_maximum_cardinality_then_maximum_testing_evalue_sum,200,0,6,exact_fixed_count_order_statistics,300.0,1,False
327,f85a4eea6621308d4ff03158334398489bc2e9c25148a31152735c2f4b21796a,proven_maximal,maximize_sum_testing_e_values_at_maximum_cardinality,proven_optimal,20293.51937520193,2.7994631471275517,7249.0753793364,0,0,11,,,13;21;61;75;104;109;119;121;130;180;193,0,0,11,0,0,0,0.0,0.0,0.36666666666666664,0.0,0.0,0.0,0,11,5.139904499985278,17,16,286,61,11,,method1_proportional_scores_gamma1,unrestricted_maximum_cardinality_then_maximum_testing_evalue_sum,200,0,9,exact_fixed_count_order_statistics,300.0,1,False
328,b260cc281daf4eaf3fe7334d47dace36b21535470bfd0b0b5b2f531c9180e2c7,proven_maximal,maximize_sum_testing_e_values_at_maximum_cardinality,proven_optimal,30792.19512126373,2.23311126856724,13788.921114092063,0,0,10,,,17;19;30;52;56;85;94;111;130;151,0,0,10,0,0,0,0.0,0.0,0.3333333333333333,0.0,0.0,0.0,0,10,1.1928481999784708,5,5,260,62,10,,method1_proportional_scores_gamma1,unrestricted_maximum_cardinality_then_maximum_testing_evalue_sum,200,0,10,exact_fixed_count_order_statistics,300.0,1,False
329,8cf4e851828e683f899c4b11b612c4b201c92eb02e90dbeb71ec3a4ba782a681,proven_maximal,maximize_sum_testing_e_values_at_maximum_cardinality,proven_optimal,40781.828012417805,1.867914648352391,21832.81128417176,0,0,11,,,10;30;37;41;72;79;96;107;134;172;186,0,0,11,0,0,0,0.0,0.0,0.36666666666666664,0.0,0.0,0.0,0,11,4.241563099902123,15,14,278,54,11,,method1_proportional_scores_gamma1,unrestricted_maximum_cardinality_then_maximum_testing_evalue_sum,200,0,10,exact_fixed_count_order_statistics,300.0,1,False
330,8ed7cbb75037f0680be768b12320d34a58ec3ca88969bd73ea1bf05736d8feec,proven_maximal,maximize_sum_testing_e_values_at_maximum_cardinality,proven_optimal,47812.51848626112,2.4485995412957426,19526.4753096212,0,0,8,,,9;26;77;80;120;123;147;181,0,0,8,0,0,0,0.0,0.0,0.26666666666666666,0.0,0.0,0.0,0,8,1.3581362999975681,5,4,244,49,8,,method1_proportional_scores_gamma1,unrestricted_maximum_cardinality_then_maximum_testing_evalue_sum,200,0,8,exact_fixed_count_order_statistics,300.0,1,False
331,6ffec0c4766e81911487eb4ec59d8eaa3805623c7b09c7f5d8a74d07b7040cfe,proven_maximal,maximize_sum_testing_e_values_at_maximum_cardinality,proven_optimal,29864.596540650164,1.4982890733801597,19932.466351953863,0,0,14,,,4;20;32;39;73;85;92;99;111;112;115;123;126;175,0,0,14,0,0,0,0.0,0.0,0.4666666666666667,0.0,0.0,0.0,0,14,3.131719599943608,15,14,283,53,14,,method1_proportional_scores_gamma1,unrestricted_maximum_cardinality_then_maximum_testing_evalue_sum,200,0,4,exact_fixed_count_order_statistics,300.0,1,False
332,b716ce6991ca437316bf1f0d6c092adda3097f38d97f78b5efca0346f8cf1306,proven_maximal,maximize_sum_testing_e_values_at_maximum_cardinality,proven_optimal,5479.813788468279,1.3059581101567725,4196.010381841773,0,0,8,,,16;38;69;106;130;136;147;150,0,0,8,0,0,0,0.0,0.0,0.26666666666666666,0.0,0.0,0.0,0,8,1.8362644000444561,12,10,283,53,8,,method1_proportional_scores_gamma1,unrestricted_maximum_cardinality_then_maximum_testing_evalue_sum,200,0,2,exact_fixed_count_order_statistics,300.0,1,False
333,f659c364b643df0bb28e5f204f884dca9b99f04e9e0515962d92dd5e9be145ff,proven_maximal,maximize_sum_testing_e_values_at_maximum_cardinality,proven_optimal,0.0,0.0,84047.06578507152,0,0,0,,,,0,0,0,0,0,0,0.0,0.0,0.0,0.0,0.0,0.0,0,0,0.3168659000657499,3,3,253,53,0,,method1_proportional_scores_gamma1,unrestricted_maximum_cardinality_then_maximum_testing_evalue_sum,200,0,4,exact_fixed_count_order_statistics,300.0,1,False
334,90971ef324e628199259458c1e48ee65fe093682f7de2b910419b11c4efbb963,proven_maximal,maximize_sum_testing_e_values_at_maximum_cardinality,proven_optimal,19234.818862290736,0.2833167052568599,67891.58036005011,0,0,9,,,38;65;74;109;126;130;154;160;183,0,0,9,0,0,0,0.0,0.0,0.3,0.0,0.0,0.0,0,9,0.6862884000875056,8,8,261,60,9,,method1_proportional_scores_gamma1,unrestricted_maximum_cardinality_then_maximum_testing_evalue_sum,200,0,6,exact_fixed_count_order_statistics,300.0,1,False
335,f30f470fb0d249e60054f1b99f411c1087245a4afae3d739a92ab36d810e401b,proven_maximal,maximize_sum_testing_e_values_at_maximum_cardinality,proven_optimal,121801.75287289501,2.1093175977121787,57744.624614616776,0,0,7,,,41;63;121;124;128;132;175,0,0,7,0,0,0,0.0,0.0,0.23333333333333334,0.0,0.0,0.0,0,7,1.349075200036168,7,5,241,43,7,,method1_proportional_scores_gamma1,unrestricted_maximum_cardinality_then_maximum_testing_evalue_sum,200,0,4,exact_fixed_count_order_statistics,300.0,1,False
336,f9817008e475e093fb1def1ffbb08c03d78ebe5a3ffddec592f1347a46ed0630,proven_maximal,maximize_sum_testing_e_values_at_maximum_cardinality,proven_optimal,7246.111240821759,0.843995178668196,8585.488903213816,0,0,6,,,10;21;72;83;86;109,0,0,6,0,0,0,0.0,0.0,0.2,0.0,0.0,0.0,0,6,1.5624507998581976,16,15,268,47,6,,method1_proportional_scores_gamma1,unrestricted_maximum_cardinality_then_maximum_testing_evalue_sum,200,0,2,exact_fixed_count_order_statistics,300.0,1,False
337,55f12d08ecb61477fadab386b59eeac0fcbbe45cd8500114c7033a5a3c5cfb5e,proven_maximal,maximize_sum_testing_e_values_at_maximum_cardinality,proven_optimal,13678.090995195229,2.98757205142144,4578.330082010041,0,0,10,,,7;16;74;102;105;140;141;152;170;171,0,0,10,0,0,0,0.0,0.0,0.3333333333333333,0.0,0.0,0.0,0,10,1.2639517998322845,7,7,256,60,10,,method1_proportional_scores_gamma1,unrestricted_maximum_cardinality_then_maximum_testing_evalue_sum,200,0,3,exact_fixed_count_order_statistics,300.0,1,False
338,c403e51b2d38ccbeb462cfa8aab85c3ee7945b8c15dd04504d6723735292b70f,proven_maximal,maximize_sum_testing_e_values_at_maximum_cardinality,proven_optimal,98829.4283164227,1.975028172871379,50039.50306832349,0,0,10,,,5;21;32;71;117;123;125;145;169;179,0,0,10,0,0,0,0.0,0.0,0.3333333333333333,0.0,0.0,0.0,0,10,0.5858856998383999,6,6,249,51,10,,method1_proportional_scores_gamma1,unrestricted_maximum_cardinality_then_maximum_testing_evalue_sum,200,0,12,exact_fixed_count_order_statistics,300.0,1,False
339,81fff732f5fff9469dd376d1e33ee4bb66fa3375f270d6154db2f4d133be1636,proven_maximal,maximize_sum_testing_e_values_at_maximum_cardinality,proven_optimal,2593.7864990183843,0.054534256624559185,47562.516839191456,0,0,3,,,60;91;132,0,0,3,0,0,0,0.0,0.0,0.1,0.0,0.0,0.0,0,3,0.9997125000227243,10,8,253,45,3,,method1_proportional_scores_gamma1,unrestricted_maximum_cardinality_then_maximum_testing_evalue_sum,200,0,3,exact_fixed_count_order_statistics,300.0,1,False
340,9fbb08350264f345f702d6424e480698ddf879b5ba78bf2161319997c2c3c751,proven_maximal,maximize_sum_testing_e_values_at_maximum_cardinality,proven_optimal,1757.9569759148183,0.18860040297185565,9321.066912975544,0,0,2,,,11;197,0,0,2,0,0,0,0.0,0.0,0.06666666666666667,0.0,0.0,0.0,0,2,0.5661156999412924,3,3,256,57,2,,method1_proportional_scores_gamma1,unrestricted_maximum_cardinality_then_maximum_testing_evalue_sum,200,0,6,exact_fixed_count_order_statistics,300.0,1,False
341,aca70390b4ed1d3b271e2cfa0045e1488751d21734deca0bac7d48150ef89728,proven_maximal,maximize_sum_testing_e_values_at_maximum_cardinality,proven_optimal,0.0,0.0,45217.20772694801,0,0,0,,,,0,0,0,0,0,0,0.0,0.0,0.0,0.0,0.0,0.0,0,0,0.43930500000715256,3,3,255,55,0,,method1_proportional_scores_gamma1,unrestricted_maximum_cardinality_then_maximum_testing_evalue_sum,200,0,5,exact_fixed_count_order_statistics,300.0,1,False
342,57364cc25f9b81860e7c752b9ada9c1b901adfb614f1d8cde08bb95a9cf2f6ff,proven_maximal,maximize_sum_testing_e_values_at_maximum_cardinality,proven_optimal,196.55863081778224,0.0015560888789769754,126315.81233779296,0,0,1,,,101,0,0,1,0,0,0,0.0,0.0,0.03333333333333333,0.0,0.0,0.0,0,1,0.43657259992323816,3,3,263,64,1,,method1_proportional_scores_gamma1,unrestricted_maximum_cardinality_then_maximum_testing_evalue_sum,200,0,3,exact_fixed_count_order_statistics,300.0,1,False
343,e024af060484a14c276e0998f04c92e683ed50e7b7ff1d2da66ee831dd8638db,proven_maximal,maximize_sum_testing_e_values_at_maximum_cardinality,proven_optimal,9389.50252284564,1.8241557726282709,5147.31398696127,0,0,8,,,10;11;20;38;41;64;136;192,0,0,8,0,0,0,0.0,0.0,0.26666666666666666,0.0,0.0,0.0,0,8,3.93547680019401,16,15,313,54,8,,method1_proportional_scores_gamma1,unrestricted_maximum_cardinality_then_maximum_testing_evalue_sum,200,0,1,exact_fixed_count_order_statistics,300.0,1,False
344,40cc71bb6e1ae5a30d7534b2fe3fb622a0519203c6f8073d4e4c486e15c29a49,proven_maximal,maximize_sum_testing_e_values_at_maximum_cardinality,proven_optimal,327030.2711198596,2.1564195800777552,151654.28571561555,0,0,18,,,10;14;19;21;22;30;33;35;50;52;64;65;100;104;143;160;183;199,0,0,18,0,0,0,0.0,0.0,0.6,0.0,0.0,0.0,0,18,2.309294099919498,10,10,287,53,18,,method1_proportional_scores_gamma1,unrestricted_maximum_cardinality_then_maximum_testing_evalue_sum,200,0,8,exact_fixed_count_order_statistics,300.0,1,False
345,b820a14da2958eef374872f0030fdef617475d2c1a4894187de70da2dbff7fbe,proven_maximal,maximize_sum_testing_e_values_at_maximum_cardinality,proven_optimal,6745.031481695545,0.03661095898044574,184235.31285531557,0,0,6,,,10;31;87;170;189;195,0,0,6,0,0,0,0.0,0.0,0.2,0.0,0.0,0.0,0,6,3.406870099948719,12,8,280,61,6,,method1_proportional_scores_gamma1,unrestricted_maximum_cardinality_then_maximum_testing_evalue_sum,200,0,7,exact_fixed_count_order_statistics,300.0,1,False
346,c41a544689930655a7d885587d3204d79cbba7067226cea98e61776c9dae8b18,proven_maximal,maximize_sum_testing_e_values_at_maximum_cardinality,proven_optimal,14854.879966576356,2.4777634885207624,5995.277610392425,0,0,15,,,11;25;40;45;50;61;75;78;85;93;104;113;136;178;192,0,0,15,0,0,0,0.0,0.0,0.5,0.0,0.0,0.0,0,15,1.1695014999713749,8,8,262,46,15,,method1_proportional_scores_gamma1,unrestricted_maximum_cardinality_then_maximum_testing_evalue_sum,200,0,10,exact_fixed_count_order_statistics,300.0,1,False
347,93284ad5f4cc611529a29cd672a7eb3ef6303652d9e91742690893655aa48b35,proven_maximal,maximize_sum_testing_e_values_at_maximum_cardinality,proven_optimal,31741.664739496944,1.7083528874351417,18580.27400132341,0,0,15,,,2;22;30;41;54;62;63;66;118;126;139;154;155;194;195,0,0,15,0,0,0,0.0,0.0,0.5,0.0,0.0,0.0,0,15,2.7373929999303073,12,12,275,50,15,,method1_proportional_scores_gamma1,unrestricted_maximum_cardinality_then_maximum_testing_evalue_sum,200,0,8,exact_fixed_count_order_statistics,300.0,1,False
348,e737620f994e3f5a188ddbdda65ef85e49743de7d1743c6c0b12292086465b4a,proven_maximal,maximize_sum_testing_e_values_at_maximum_cardinality,proven_optimal,429769.7649225107,1.0213999816702035,420765.3932201437,0,0,16,,,1;7;13;18;27;40;57;81;119;129;130;144;148;169;175;181,0,0,16,0,0,0,0.0,0.0,0.5333333333333333,0.0,0.0,0.0,0,16,0.9238638000097126,6,6,256,45,16,,method1_proportional_scores_gamma1,unrestricted_maximum_cardinality_then_maximum_testing_evalue_sum,200,0,10,exact_fixed_count_order_statistics,300.0,1,False
349,48b19330b709f22a44c9ccc967ea300ed6be6c282244ecae0d5d27d2de56fb74,proven_maximal,maximize_sum_testing_e_values_at_maximum_cardinality,proven_optimal,41216.31935825312,0.33223696645814044,124056.99401136956,0,0,4,,,41;47;85;126,0,0,4,0,0,0,0.0,0.0,0.13333333333333333,0.0,0.0,0.0,0,4,0.7237334998790175,3,3,253,56,4,,method1_proportional_scores_gamma1,unrestricted_maximum_cardinality_then_maximum_testing_evalue_sum,200,0,5,exact_fixed_count_order_statistics,300.0,1,False
350,973d7bfaee983228ed83884d6063e8c683adfbf556797ba40ef0fa2435541f50,proven_maximal,maximize_sum_testing_e_values_at_maximum_cardinality,proven_optimal,0.0,0.0,24165.87379748712,0,0,0,,,,0,0,0,0,0,0,0.0,0.0,0.0,0.0,0.0,0.0,0,0,0.548343800008297,3,3,247,47,0,,method1_proportional_scores_gamma1,unrestricted_maximum_cardinality_then_maximum_testing_evalue_sum,200,0,7,exact_fixed_count_order_statistics,300.0,1,False
351,2caca5a8e1097ddfe5b7edd403b597750f719fc3377d1c3e0122f4d9db4486b4,proven_maximal,maximize_sum_testing_e_values_at_maximum_cardinality,proven_optimal,0.0,0.0,28407.156739378846,0,0,0,,,,0,0,0,0,0,0,0.0,0.0,0.0,0.0,0.0,0.0,0,0,0.6411568000912666,3,3,252,52,0,,method1_proportional_scores_gamma1,unrestricted_maximum_cardinality_then_maximum_testing_evalue_sum,200,0,5,exact_fixed_count_order_statistics,300.0,1,False
352,9e39a7d73ca7d36dda3b12f3804d72e3fc80df14410c5238f75bc2f575bd8469,proven_maximal,maximize_sum_testing_e_values_at_maximum_cardinality,proven_optimal,227991.16449872352,1.0558078348792386,215940.01954418223,0,0,12,,,10;11;49;79;104;105;125;141;144;171;182;187,0,0,12,0,0,0,0.0,0.0,0.4,0.0,0.0,0.0,0,12,11.77965690009296,105,104,366,64,12,,method1_proportional_scores_gamma1,unrestricted_maximum_cardinality_then_maximum_testing_evalue_sum,200,0,6,exact_fixed_count_order_statistics,300.0,1,False
353,5f4e2b8a36b7f6a453749f275b77ae3d491c370c0f72bd8d9beee5ab5e3bb054,proven_maximal,maximize_sum_testing_e_values_at_maximum_cardinality,proven_optimal,254517.15543584462,2.1002390976889926,121184.84781847156,0,0,18,,,0;4;9;12;36;90;108;111;126;142;152;157;161;173;184;189;194;195,0,0,18,0,0,0,0.0,0.0,0.6,0.0,0.0,0.0,0,18,3.0459565999917686,11,11,271,61,18,,method1_proportional_scores_gamma1,unrestricted_maximum_cardinality_then_maximum_testing_evalue_sum,200,0,13,exact_fixed_count_order_statistics,300.0,1,False
354,c2add83a976c44c9da0902bde7d40923f74252321d24c478a7976022c05dad30,proven_maximal,maximize_sum_testing_e_values_at_maximum_cardinality,proven_optimal,198918.35005813232,1.1248155583138073,176845.30462605582,0,0,5,,,0;29;93;94;165,0,0,5,0,0,0,0.0,0.0,0.16666666666666666,0.0,0.0,0.0,0,5,0.8262180997990072,3,3,259,62,5,,method1_proportional_scores_gamma1,unrestricted_maximum_cardinality_then_maximum_testing_evalue_sum,200,0,5,exact_fixed_count_order_statistics,300.0,1,False
355,a9be61c2615846a27731aca0e255efe91d8c1b22d665af16ac527957c04f97bc,proven_maximal,maximize_sum_testing_e_values_at_maximum_cardinality,proven_optimal,548.9183760451529,0.044034757153951457,12465.57064289148,0,0,1,,,130,0,0,1,0,0,0,0.0,0.0,0.03333333333333333,0.0,0.0,0.0,0,1,1.9569888000842184,6,4,258,58,1,,method1_proportional_scores_gamma1,unrestricted_maximum_cardinality_then_maximum_testing_evalue_sum,200,0,12,exact_fixed_count_order_statistics,300.0,1,False
356,c7510df0d208a55f0a4a25a1c3543593f288da685df7486e1d61803329bd6d80,proven_maximal,maximize_sum_testing_e_values_at_maximum_cardinality,proven_optimal,11353.768098236726,3.316658464102382,3423.255128956879,0,0,19,,,4;12;26;32;44;45;47;55;77;83;90;98;113;115;143;156;166;180;197,0,0,19,0,0,0,0.0,0.0,0.6333333333333333,0.0,0.0,0.0,0,19,1.360680100042373,9,9,263,49,19,,method1_proportional_scores_gamma1,unrestricted_maximum_cardinality_then_maximum_testing_evalue_sum,200,0,11,exact_fixed_count_order_statistics,300.0,1,False
357,aabb58ffd4de7355481ecabc2e8f6c9b63378855fd5efbec0f7514108224bb11,proven_maximal,maximize_sum_testing_e_values_at_maximum_cardinality,proven_optimal,37777.34260001347,1.1576665221960893,32632.318440331142,0,0,8,,,64;81;84;96;115;124;149;191,0,0,8,0,0,0,0.0,0.0,0.26666666666666666,0.0,0.0,0.0,0,8,2.0737860000226647,8,6,262,57,8,,method1_proportional_scores_gamma1,unrestricted_maximum_cardinality_then_maximum_testing_evalue_sum,200,0,3,exact_fixed_count_order_statistics,300.0,1,False
358,d719e400388317ca486892f872618b506ac537a7eec1eacfeb8f9aa388a7a2e6,proven_maximal,maximize_sum_testing_e_values_at_maximum_cardinality,proven_optimal,81375.66981695121,1.4501700391748629,56114.571132122845,0,0,8,,,10;46;51;90;147;172;180;186,0,0,8,0,0,0,0.0,0.0,0.26666666666666666,0.0,0.0,0.0,0,8,1.5360202000010759,9,8,249,43,8,,method1_proportional_scores_gamma1,unrestricted_maximum_cardinality_then_maximum_testing_evalue_sum,200,0,11,exact_fixed_count_order_statistics,300.0,1,False
359,db1ddefcd72ff56171de22ee0cc0492e2589295d29eab2e6cc4b3bf29303dfcd,proven_maximal,maximize_sum_testing_e_values_at_maximum_cardinality,proven_optimal,25405.427044157794,2.6437242823889138,9609.711274884165,0,0,9,,,21;40;68;75;103;121;138;142;147,0,0,9,0,0,0,0.0,0.0,0.3,0.0,0.0,0.0,0,9,5.651438600150868,16,14,281,56,9,,method1_proportional_scores_gamma1,unrestricted_maximum_cardinality_then_maximum_testing_evalue_sum,200,0,4,exact_fixed_count_order_statistics,300.0,1,False
360,df64a5fcdc0f2ad5058d0fb1bfde0505a8b59d6030b3f41e5246e160932e0963,proven_maximal,maximize_sum_testing_e_values_at_maximum_cardinality,proven_optimal,19699.718111315924,1.3498446234507555,14594.06347150932,0,0,6,,,9;114;138;142;156;166,0,0,6,0,0,0,0.0,0.0,0.2,0.0,0.0,0.0,0,6,1.9148212999571115,5,4,254,58,6,,method1_proportional_scores_gamma1,unrestricted_maximum_cardinality_then_maximum_testing_evalue_sum,200,0,13,exact_fixed_count_order_statistics,300.0,1,False
361,84b34df12d0d4dd9ff1dcc29cba4be00e354ade22fcc376084efe09849ef4bd4,proven_maximal,maximize_sum_testing_e_values_at_maximum_cardinality,proven_optimal,161600.50984446646,1.055510543876734,153101.74851587147,0,0,2,,,95;96,0,0,2,0,0,0,0.0,0.0,0.06666666666666667,0.0,0.0,0.0,0,2,0.7757594999857247,3,3,257,59,2,,method1_proportional_scores_gamma1,unrestricted_maximum_cardinality_then_maximum_testing_evalue_sum,200,0,5,exact_fixed_count_order_statistics,300.0,1,False
362,d395fc94a959ec29fdb9ad98e910026ead0612f4e750478e5ef032c705c889d5,proven_maximal,maximize_sum_testing_e_values_at_maximum_cardinality,proven_optimal,104592.93104334104,1.3609938489160998,76850.40687482843,0,0,10,,,27;69;73;78;122;124;126;149;168;186,0,0,10,0,0,0,0.0,0.0,0.3333333333333333,0.0,0.0,0.0,0,10,1.4554953000042588,6,6,263,58,10,,method1_proportional_scores_gamma1,unrestricted_maximum_cardinality_then_maximum_testing_evalue_sum,200,0,3,exact_fixed_count_order_statistics,300.0,1,False
363,bbbb7e43613ba555a2c9d7db2fb57ecf519f43e9d4fa5962ce5a80ef9d0d51b3,proven_maximal,maximize_sum_testing_e_values_at_maximum_cardinality,proven_optimal,254497.3924161689,1.1468716660823113,221905.72837632868,0,0,9,,,11;19;35;37;38;105;110;152;182,0,0,9,0,0,0,0.0,0.0,0.3,0.0,0.0,0.0,0,9,2.251026700017974,6,5,260,60,9,,method1_proportional_scores_gamma1,unrestricted_maximum_cardinality_then_maximum_testing_evalue_sum,200,0,8,exact_fixed_count_order_statistics,300.0,1,False
364,bbf41ca27b730e617b1638af23194c01576788c3e0ef7ca5de9cb2c34535e4f2,proven_maximal,maximize_sum_testing_e_values_at_maximum_cardinality,proven_optimal,3693.601068190752,0.037460120108498085,98600.8869563884,0,0,6,,,2;58;66;90;179;186,0,0,6,0,0,0,0.0,0.0,0.2,0.0,0.0,0.0,0,6,3.1844206999521703,7,4,260,63,6,,method1_proportional_scores_gamma1,unrestricted_maximum_cardinality_then_maximum_testing_evalue_sum,200,0,11,exact_fixed_count_order_statistics,300.0,1,False
365,8eebce6b570d86606fe854b570821c37847c42a6c4790494a1e6c80244dc7527,proven_maximal,maximize_sum_testing_e_values_at_maximum_cardinality,proven_optimal,47262.3468767475,2.863212183075461,16506.75669659299,0,0,8,,,26;35;59;77;99;104;121;134,0,0,8,0,0,0,0.0,0.0,0.26666666666666666,0.0,0.0,0.0,0,8,2.5302553998772055,9,7,256,53,8,,method1_proportional_scores_gamma1,unrestricted_maximum_cardinality_then_maximum_testing_evalue_sum,200,0,10,exact_fixed_count_order_statistics,300.0,1,False
366,379fba83bb93ca631255c617204fc569adb745f3acf006e6acaa5994f99ff086,proven_maximal,maximize_sum_testing_e_values_at_maximum_cardinality,proven_optimal,51256.95552668011,3.1758628526968984,16139.536845287075,0,0,8,,,7;14;38;39;73;79;87;199,0,0,8,0,0,0,0.0,0.0,0.26666666666666666,0.0,0.0,0.0,0,8,4.622257000068203,33,32,316,42,8,,method1_proportional_scores_gamma1,unrestricted_maximum_cardinality_then_maximum_testing_evalue_sum,200,0,11,exact_fixed_count_order_statistics,300.0,1,False
367,bd5985a8d260fdf57c2b2c7b18fc2e1d713f9fca7efded426f4a145f070e6cdb,proven_maximal,maximize_sum_testing_e_values_at_maximum_cardinality,proven_optimal,29992.11097575612,3.587080287667793,8361.148502548866,0,0,15,,,2;67;86;99;110;125;137;149;153;154;160;172;181;189;192,0,0,15,0,0,0,0.0,0.0,0.5,0.0,0.0,0.0,0,15,1.857874299865216,10,10,262,51,15,,method1_proportional_scores_gamma1,unrestricted_maximum_cardinality_then_maximum_testing_evalue_sum,200,0,16,exact_fixed_count_order_statistics,300.0,1,False
368,9804b49406d45e33da5c071c1ab4029ce8f44bf1ab8bf9e8a81b60f86cc901ef,proven_maximal,maximize_sum_testing_e_values_at_maximum_cardinality,proven_optimal,19858.94004107588,1.0316859923289063,19249.01587182232,0,0,2,,,55;154,0,0,2,0,0,0,0.0,0.0,0.06666666666666667,0.0,0.0,0.0,0,2,3.5111784001346678,14,10,266,50,2,,method1_proportional_scores_gamma1,unrestricted_maximum_cardinality_then_maximum_testing_evalue_sum,200,0,14,exact_fixed_count_order_statistics,300.0,1,False
369,582c305aabe54a591e497ef3cade2a502b0e92a7b89169c4801f9f94d9b8a7c7,proven_maximal,maximize_sum_testing_e_values_at_maximum_cardinality,proven_optimal,196248.92703368037,1.0754682023937883,182477.6656314594,0,0,13,,,4;5;8;19;25;36;38;120;123;125;126;155;193,0,0,13,0,0,0,0.0,0.0,0.43333333333333335,0.0,0.0,0.0,0,13,0.8787563000805676,3,3,245,53,13,,method1_proportional_scores_gamma1,unrestricted_maximum_cardinality_then_maximum_testing_evalue_sum,200,0,9,exact_fixed_count_order_statistics,300.0,1,False
370,563fdd889fcd97f1a24b9d9e50b0a2f8a2a7da6fbfcde34b12ddd71a7c224c57,proven_maximal,maximize_sum_testing_e_values_at_maximum_cardinality,proven_optimal,446.2884658635147,0.004360273303020442,102353.3239428736,0,0,2,,,62;109,0,0,2,0,0,0,0.0,0.0,0.06666666666666667,0.0,0.0,0.0,0,2,0.7392852001357824,3,3,253,54,2,,method1_proportional_scores_gamma1,unrestricted_maximum_cardinality_then_maximum_testing_evalue_sum,200,0,2,exact_fixed_count_order_statistics,300.0,1,False
371,d28dcab77b6f5b290eab7cc44d0d6c375e52b2e015f14b9a197694453a18fe19,proven_maximal,maximize_sum_testing_e_values_at_maximum_cardinality,proven_optimal,52659.2932209595,1.7960053137036127,29320.23241755823,0,0,12,,,45;51;53;58;67;69;93;103;110;116;145;162,0,0,12,0,0,0,0.0,0.0,0.4,0.0,0.0,0.0,0,12,1.2084512000437826,9,9,264,45,12,,method1_proportional_scores_gamma1,unrestricted_maximum_cardinality_then_maximum_testing_evalue_sum,200,0,7,exact_fixed_count_order_statistics,300.0,1,False
372,e01ebab60e5a03d8aa7f6c07e9ee0db96bfd439a0c4777a2e23ff0f25d458f82,proven_maximal,maximize_sum_testing_e_values_at_maximum_cardinality,proven_optimal,16335.99400648822,1.7621433818171863,9270.524847780518,0,0,11,,,8;20;21;31;40;53;147;164;170;176;183,0,0,11,0,0,0,0.0,0.0,0.36666666666666664,0.0,0.0,0.0,0,11,0.9406972001306713,8,8,263,47,11,,method1_proportional_scores_gamma1,unrestricted_maximum_cardinality_then_maximum_testing_evalue_sum,200,0,3,exact_fixed_count_order_statistics,300.0,1,False
373,9936ec4536f5b77787bc05d2b0f831343568a2224255b4ff65462a6c933b7ace,proven_maximal,maximize_sum_testing_e_values_at_maximum_cardinality,proven_optimal,19633.039245762622,3.5555791379683845,5521.755664530281,0,0,10,,,3;9;10;39;77;78;89;92;106;158,0,0,10,0,0,0,0.0,0.0,0.3333333333333333,0.0,0.0,0.0,0,10,1.4561203999910504,9,9,267,46,10,,method1_proportional_scores_gamma1,unrestricted_maximum_cardinality_then_maximum_testing_evalue_sum,200,0,7,exact_fixed_count_order_statistics,300.0,1,False
374,6cad0204b6d9d16cb6bbbc1fb4f0ac3721f4eb7e1d9d8455662dfdaa1cc689ef,proven_maximal,maximize_sum_testing_e_values_at_maximum_cardinality,proven_optimal,50461.76297263829,2.9042593767887532,17375.088250015047,0,0,16,,,19;20;35;36;39;48;53;55;99;104;157;158;171;184;189;195,0,0,16,0,0,0,0.0,0.0,0.5333333333333333,0.0,0.0,0.0,0,16,1.0358760999515653,4,4,251,61,16,,method1_proportional_scores_gamma1,unrestricted_maximum_cardinality_then_maximum_testing_evalue_sum,200,0,15,exact_fixed_count_order_statistics,300.0,1,False
375,55e66a0602416c570f737365f11726c729e4767aead09433ce0c9fa53a1fbf5a,proven_maximal,maximize_sum_testing_e_values_at_maximum_cardinality,proven_optimal,12534.094664360055,2.81869642755162,4446.769982692828,0,0,5,,,34;44;54;108;187,0,0,5,0,0,0,0.0,0.0,0.16666666666666666,0.0,0.0,0.0,0,5,0.8659041000064462,3,3,270,73,5,,method1_proportional_scores_gamma1,unrestricted_maximum_cardinality_then_maximum_testing_evalue_sum,200,0,5,exact_fixed_count_order_statistics,300.0,1,False
376,9a6f4bf42f1bec686838ac1b783f3092e330b8b1f21b30006758283031e6d79a,proven_maximal,maximize_sum_testing_e_values_at_maximum_cardinality,proven_optimal,39995.308141972695,1.57483251048022,25396.547172992232,0,0,9,,,15;20;87;92;96;108;128;152;170,0,0,9,0,0,0,0.0,0.0,0.3,0.0,0.0,0.0,0,9,1.999064200092107,7,6,246,46,9,,method1_proportional_scores_gamma1,unrestricted_maximum_cardinality_then_maximum_testing_evalue_sum,200,0,10,exact_fixed_count_order_statistics,300.0,1,False
377,27ee5da122954b52c58fc77a132268b21492d705af4f756d9ea2b4401f59b5ff,proven_maximal,maximize_sum_testing_e_values_at_maximum_cardinality,proven_optimal,45855.539435663006,4.548352822891485,10081.790314259672,0,0,17,,,2;34;40;59;62;64;74;77;79;84;85;91;138;143;158;177;186,0,0,17,0,0,0,0.0,0.0,0.5666666666666667,0.0,0.0,0.0,0,17,1.6124293999746442,7,7,248,51,17,,method1_proportional_scores_gamma1,unrestricted_maximum_cardinality_then_maximum_testing_evalue_sum,200,0,10,exact_fixed_count_order_statistics,300.0,1,False
378,b07ba99f1f635466282a4b6355c004a8b489042022e46e65bb8594ffdc9e2198,proven_maximal,maximize_sum_testing_e_values_at_maximum_cardinality,proven_optimal,20562.463929659792,2.1421543324330776,9598.964751668833,0,0,13,,,35;52;73;108;121;157;159;176;177;187;188;192;194,0,0,13,0,0,0,0.0,0.0,0.43333333333333335,0.0,0.0,0.0,0,13,4.957455999916419,15,14,277,53,13,,method1_proportional_scores_gamma1,unrestricted_maximum_cardinality_then_maximum_testing_evalue_sum,200,0,13,exact_fixed_count_order_statistics,300.0,1,False
379,60d45e0a821d325184d04034985faf62ab7ec44c835adee8441de536b7538562,proven_maximal,maximize_sum_testing_e_values_at_maximum_cardinality,proven_optimal,647.3162827290741,0.23245040616517124,2784.750060918859,0,0,1,,,83,0,0,1,0,0,0,0.0,0.0,0.03333333333333333,0.0,0.0,0.0,0,1,1.0770507999695837,3,3,257,58,1,,method1_proportional_scores_gamma1,unrestricted_maximum_cardinality_then_maximum_testing_evalue_sum,200,0,2,exact_fixed_count_order_statistics,300.0,1,False
380,73c63342657d89e3033733c84cd651b5c70bdf3d3277be84dc99657ea7901e50,proven_maximal,maximize_sum_testing_e_values_at_maximum_cardinality,proven_optimal,18063.53995368376,3.048344168548199,5925.689146277299,0,0,15,,,9;11;29;35;36;44;47;71;91;96;127;147;156;169;179,0,0,15,0,0,0,0.0,0.0,0.5,0.0,0.0,0.0,0,15,0.9176177000626922,4,4,244,53,15,,method1_proportional_scores_gamma1,unrestricted_maximum_cardinality_then_maximum_testing_evalue_sum,200,0,12,exact_fixed_count_order_statistics,300.0,1,False
381,32b3b5c4c6b9544a2fcd1f157f7e34030512b67fc69e7d5a4271b770afceb406,proven_maximal,maximize_sum_testing_e_values_at_maximum_cardinality,proven_optimal,0.0,0.0,51311.62698926393,0,0,0,,,,0,0,0,0,0,0,0.0,0.0,0.0,0.0,0.0,0.0,0,0,0.9472737000323832,3,3,247,47,0,,method1_proportional_scores_gamma1,unrestricted_maximum_cardinality_then_maximum_testing_evalue_sum,200,0,6,exact_fixed_count_order_statistics,300.0,1,False
382,0f7b4c2eb268078c6f06c719f224325cb704c0a51f2cb1ecb60e98beaec7f12f,proven_maximal,maximize_sum_testing_e_values_at_maximum_cardinality,proven_optimal,132306.40279630365,1.0261686749949308,128932.41239989833,0,0,5,,,29;47;149;157;169,0,0,5,0,0,0,0.0,0.0,0.16666666666666666,0.0,0.0,0.0,0,5,2.0050477001350373,5,4,249,52,5,,method1_proportional_scores_gamma1,unrestricted_maximum_cardinality_then_maximum_testing_evalue_sum,200,0,12,exact_fixed_count_order_statistics,300.0,1,False
383,daf94186e42a2ed3740b3d8dbad5babfcc383774d30410908777072beffdd9a1,proven_maximal,maximize_sum_testing_e_values_at_maximum_cardinality,proven_optimal,14996.288071215087,1.6854592538118838,8897.449189174431,0,0,8,,,6;38;44;61;63;87;162;178,0,0,8,0,0,0,0.0,0.0,0.26666666666666666,0.0,0.0,0.0,0,8,2.6068692000117153,9,7,271,54,8,,method1_proportional_scores_gamma1,unrestricted_maximum_cardinality_then_maximum_testing_evalue_sum,200,0,6,exact_fixed_count_order_statistics,300.0,1,False
384,aa03a0232d85a4149c7d7d430e4983a62f71c66adfb96fe4b8a71fc19dc1e2d7,proven_maximal,maximize_sum_testing_e_values_at_maximum_cardinality,proven_optimal,39810.153005032706,1.4148820162907396,28136.729809740013,0,0,8,,,5;11;63;73;103;140;153;180,0,0,8,0,0,0,0.0,0.0,0.26666666666666666,0.0,0.0,0.0,0,8,0.6088328999467194,3,3,238,45,8,,method1_proportional_scores_gamma1,unrestricted_maximum_cardinality_then_maximum_testing_evalue_sum,200,0,5,exact_fixed_count_order_statistics,300.0,1,False
385,8627dce3db04e391a1ee46fd7eeb05a3eb5216f3ce1ab0da29776d29fa0e207b,proven_maximal,maximize_sum_testing_e_values_at_maximum_cardinality,proven_optimal,22830.867646199655,1.935370086490318,11796.64179247604,0,0,8,,,31;58;82;93;146;169;184;185,0,0,8,0,0,0,0.0,0.0,0.26666666666666666,0.0,0.0,0.0,0,8,2.632491300115362,7,5,248,46,8,,method1_proportional_scores_gamma1,unrestricted_maximum_cardinality_then_maximum_testing_evalue_sum,200,0,6,exact_fixed_count_order_statistics,300.0,1,False
386,0167bf043c1bd6330ee4c509ff33b8e21c1e693e475edc185cbf4964ffeabae1,proven_maximal,maximize_sum_testing_e_values_at_maximum_cardinality,proven_optimal,0.0,0.0,3988.142499614377,0,0,0,,,,0,0,0,0,0,0,0.0,0.0,0.0,0.0,0.0,0.0,0,0,0.9157813000492752,3,3,267,67,0,,method1_proportional_scores_gamma1,unrestricted_maximum_cardinality_then_maximum_testing_evalue_sum,200,0,10,exact_fixed_count_order_statistics,300.0,1,False
387,f84bfe7f27c4f05eeeeb13f16b2ed64c83b2903abe2ae994d944eea2410b20af,proven_maximal,maximize_sum_testing_e_values_at_maximum_cardinality,proven_optimal,26805.33862772233,1.8327570580462915,14625.69111931107,0,0,18,,,13;21;35;36;39;43;51;64;74;90;92;104;110;115;132;156;174;182,0,0,18,0,0,0,0.0,0.0,0.6,0.0,0.0,0.0,0,18,2.643566699931398,14,14,300,57,18,,method1_proportional_scores_gamma1,unrestricted_maximum_cardinality_then_maximum_testing_evalue_sum,200,0,9,exact_fixed_count_order_statistics,300.0,1,False
388,382d8282bcdc24677cf93e3bd59b7f40e6d3c3f3fffa19cd2ef2fb955034c9ba,proven_maximal,maximize_sum_testing_e_values_at_maximum_cardinality,proven_optimal,257190.90386118248,1.0328357602284046,249014.32905877163,0,0,10,,,17;30;47;65;95;101;104;125;160;168,0,0,10,0,0,0,0.0,0.0,0.3333333333333333,0.0,0.0,0.0,0,10,0.9345036998856813,4,4,243,50,10,,method1_proportional_scores_gamma1,unrestricted_maximum_cardinality_then_maximum_testing_evalue_sum,200,0,9,exact_fixed_count_order_statistics,300.0,1,False
389,3cbc483dc204e653da99e35fe065c8ae81adab0686d4fc74198db91271a35b18,proven_maximal,maximize_sum_testing_e_values_at_maximum_cardinality,proven_optimal,187033.13326497085,1.0260159481933233,182290.66867265676,0,0,12,,,7;10;21;43;47;69;73;84;102;166;168;199,0,0,12,0,0,0,0.0,0.0,0.4,0.0,0.0,0.0,0,12,1.3805976998992264,8,8,264,48,12,,method1_proportional_scores_gamma1,unrestricted_maximum_cardinality_then_maximum_testing_evalue_sum,200,0,5,exact_fixed_count_order_statistics,300.0,1,False
390,e8be6d6c3fc56e22f4130c2592526727c2b131337e6dc064a22cdd443bb8a6a6,proven_maximal,maximize_sum_testing_e_values_at_maximum_cardinality,proven_optimal,14803.748105333527,0.7101516245173239,20845.897684730837,0,0,8,,,5;6;15;99;101;104;133;152,0,0,8,0,0,0,0.0,0.0,0.26666666666666666,0.0,0.0,0.0,0,8,2.3688453999347985,6,4,270,61,8,,method1_proportional_scores_gamma1,unrestricted_maximum_cardinality_then_maximum_testing_evalue_sum,200,0,8,exact_fixed_count_order_statistics,300.0,1,False
391,f0a0003bf6b9825442ff027b805ad24af5e3e6c75906e9bfd780e32ff4658fa1,proven_maximal,maximize_sum_testing_e_values_at_maximum_cardinality,proven_optimal,48433.93866805279,1.9527182728140975,24803.341753059834,0,0,21,,,30;40;46;64;73;77;90;101;102;105;109;112;113;116;122;143;145;150;154;161;177,0,0,21,0,0,0,0.0,0.0,0.7,0.0,0.0,0.0,0,21,1.6249770000576973,7,7,265,52,21,,method1_proportional_scores_gamma1,unrestricted_maximum_cardinality_then_maximum_testing_evalue_sum,200,0,9,exact_fixed_count_order_statistics,300.0,1,False
392,b8c519c2660510076fb5c2efc69536ecdef5eb62a64195473bbdc48ba1914812,proven_maximal,maximize_sum_testing_e_values_at_maximum_cardinality,proven_optimal,19622.960055747513,1.4267874099722138,13753.24727327785,0,0,10,,,1;13;19;49;67;69;118;172;173;180,0,0,10,0,0,0,0.0,0.0,0.3333333333333333,0.0,0.0,0.0,0,10,6.0418372000567615,18,17,328,56,10,,method1_proportional_scores_gamma1,unrestricted_maximum_cardinality_then_maximum_testing_evalue_sum,200,0,6,exact_fixed_count_order_statistics,300.0,1,False
393,7a8954676b0fd6524612dadbf07a23c4f6664355ca0a3125cb08d8c1b35de4d1,proven_maximal,maximize_sum_testing_e_values_at_maximum_cardinality,proven_optimal,74020.78888407978,1.1373637905948173,65081.01409256969,0,0,17,,,0;8;28;52;59;67;73;75;119;128;133;140;142;156;172;176;184,0,0,17,0,0,0,0.0,0.0,0.5666666666666667,0.0,0.0,0.0,0,17,1.5006784000433981,8,8,280,49,17,,method1_proportional_scores_gamma1,unrestricted_maximum_cardinality_then_maximum_testing_evalue_sum,200,0,9,exact_fixed_count_order_statistics,300.0,1,False
394,85e373464f3f1e9505a3a360039595a76a952f8a5000a0a713d5c690d8b0d355,proven_maximal,maximize_sum_testing_e_values_at_maximum_cardinality,proven_optimal,0.0,0.0,4862.362076548855,0,0,0,,,,0,0,0,0,0,0,0.0,0.0,0.0,0.0,0.0,0.0,0,0,0.6923654999118298,3,3,260,60,0,,method1_proportional_scores_gamma1,unrestricted_maximum_cardinality_then_maximum_testing_evalue_sum,200,0,4,exact_fixed_count_order_statistics,300.0,1,False
395,3dc0160914550b8e6a505f5014edc97b7faf1c13d89b3f7c9115306e3783513f,proven_maximal,maximize_sum_testing_e_values_at_maximum_cardinality,proven_optimal,2584.7091251054326,0.06890664595859561,37510.30236849032,0,0,2,,,54;97,0,0,2,0,0,0,0.0,0.0,0.06666666666666667,0.0,0.0,0.0,0,2,0.7578915001358837,3,3,252,53,2,,method1_proportional_scores_gamma1,unrestricted_maximum_cardinality_then_maximum_testing_evalue_sum,200,0,5,exact_fixed_count_order_statistics,300.0,1,False
396,2b5910ed5157abd9cdca24ba7f59df2f5c24d1dd603d52098bd38f9ce7e9968e,proven_maximal,maximize_sum_testing_e_values_at_maximum_cardinality,proven_optimal,94390.12570304752,1.0463135663028866,90212.08244156846,0,0,10,,,0;32;53;61;62;82;133;182;193;196,0,0,10,0,0,0,0.0,0.0,0.3333333333333333,0.0,0.0,0.0,0,10,1.6489231998566538,6,6,253,43,10,,method1_proportional_scores_gamma1,unrestricted_maximum_cardinality_then_maximum_testing_evalue_sum,200,0,3,exact_fixed_count_order_statistics,300.0,1,False
397,303c649106a5e2b627d6325f1fe92e436e3a588e8d6659148889d6dd6fd6acfa,proven_maximal,maximize_sum_testing_e_values_at_maximum_cardinality,proven_optimal,2335.4577596599715,1.5083402994817545,1548.362634388542,0,0,12,,,7;20;30;118;127;131;142;152;153;168;180;191,0,0,12,0,0,0,0.0,0.0,0.4,0.0,0.0,0.0,0,12,3.591408499982208,23,22,303,49,12,,method1_proportional_scores_gamma1,unrestricted_maximum_cardinality_then_maximum_testing_evalue_sum,200,0,0,exact_fixed_count_order_statistics,300.0,1,False
398,3a9c20fb399a465b6888566aa90f970d590a9ea29c07934cfd8885ace1a5a49b,proven_maximal,maximize_sum_testing_e_values_at_maximum_cardinality,proven_optimal,2132.46533063874,0.593280422270497,3594.3632228377755,0,0,1,,,173,0,0,1,0,0,0,0.0,0.0,0.03333333333333333,0.0,0.0,0.0,0,1,1.7172898000571877,5,4,250,50,1,,method1_proportional_scores_gamma1,unrestricted_maximum_cardinality_then_maximum_testing_evalue_sum,200,0,8,exact_fixed_count_order_statistics,300.0,1,False
399,d032260add83681766a850156f68de86abf653afd895dceca4a9f8bcd79737c1,proven_maximal,maximize_sum_testing_e_values_at_maximum_cardinality,proven_optimal,67658.94186861132,1.1343501181421238,59645.55456601474,0,0,15,,,9;24;48;54;62;92;93;121;130;131;132;147;148;190;191,0,0,15,0,0,0,0.0,0.0,0.5,0.0,0.0,0.0,0,15,4.442989300005138,28,27,311,46,15,,method1_proportional_scores_gamma1,unrestricted_maximum_cardinality_then_maximum_testing_evalue_sum,200,0,7,exact_fixed_count_order_statistics,300.0,1,False
400,1c52d8da49cb2cce926aaf0703e1cb08b04357021730ca2b1f8b924b81ecad9d,proven_maximal,maximize_sum_testing_e_values_at_maximum_cardinality,proven_optimal,423406.80343788274,1.056229956114245,400866.1191503698,0,0,16,,,8;11;16;42;57;70;80;81;86;88;93;97;112;117;148;188,0,0,16,0,0,0,0.0,0.0,0.5333333333333333,0.0,0.0,0.0,0,16,1.841972699854523,9,9,252,51,16,,method1_proportional_scores_gamma1,unrestricted_maximum_cardinality_then_maximum_testing_evalue_sum,200,0,10,exact_fixed_count_order_statistics,300.0,1,False
401,1868db59d5dffdd11d471556350c512a0f586ecbf69cf598bc7ea43399072636,proven_maximal,maximize_sum_testing_e_values_at_maximum_cardinality,proven_optimal,2446081.5093391156,1.0344711554799841,2364571.9809405017,0,0,6,,,43;66;74;123;175;187,0,0,6,0,0,0,0.0,0.0,0.2,0.0,0.0,0.0,0,6,2.0025891999248415,7,5,250,52,6,,method1_proportional_scores_gamma1,unrestricted_maximum_cardinality_then_maximum_testing_evalue_sum,200,0,3,exact_fixed_count_order_statistics,300.0,1,False
402,115414c270c76380e124aed23478882842d377962ae47436b561c1f227488f35,proven_maximal,maximize_sum_testing_e_values_at_maximum_cardinality,proven_optimal,51353.28117898792,1.4855517756607322,34568.48964833111,0,0,12,,,7;22;41;47;50;99;105;134;143;151;154;172,0,0,12,0,0,0,0.0,0.0,0.4,0.0,0.0,0.0,0,12,1.1617332000751048,7,7,283,63,12,,method1_proportional_scores_gamma1,unrestricted_maximum_cardinality_then_maximum_testing_evalue_sum,200,0,5,exact_fixed_count_order_statistics,300.0,1,False
403,58af139e6053dc8b84ad50cc78d74aaa7f28f8b5285bebb74bf112273f757827,proven_maximal,maximize_sum_testing_e_values_at_maximum_cardinality,proven_optimal,6480.212976544275,1.9313611248557834,3355.2570221833366,0,0,5,,,16;90;97;155;172,0,0,5,0,0,0,0.0,0.0,0.16666666666666666,0.0,0.0,0.0,0,5,1.5573567000683397,5,4,254,56,5,,method1_proportional_scores_gamma1,unrestricted_maximum_cardinality_then_maximum_testing_evalue_sum,200,0,0,exact_fixed_count_order_statistics,300.0,1,False
404,8e07713883adebc5d6e323e02ceab8fe4ae8d9ad02aebd6164d2699a8841bb5b,proven_maximal,maximize_sum_testing_e_values_at_maximum_cardinality,proven_optimal,65019.83738834593,1.1873947485221579,54758.400666054986,0,0,11,,,39;47;51;56;60;68;79;88;94;184;189,0,0,11,0,0,0,0.0,0.0,0.36666666666666664,0.0,0.0,0.0,0,11,1.6610151999630034,12,12,304,52,11,,method1_proportional_scores_gamma1,unrestricted_maximum_cardinality_then_maximum_testing_evalue_sum,200,0,7,exact_fixed_count_order_statistics,300.0,1,False
405,c8de29bfbedb1f60c90ac01cf2947ec074934173ebbbcb7ee0e5866349d8ed8d,proven_maximal,maximize_sum_testing_e_values_at_maximum_cardinality,proven_optimal,16082.886717623793,1.2308910617650113,13066.05207983399,0,0,3,,,73;115;180,0,0,2,0,0,1,0.0,0.0,0.06666666666666667,0.0,0.0,0.3333333333333333,0,3,1.9973766000475734,11,10,270,60,3,,method1_proportional_scores_gamma1,unrestricted_maximum_cardinality_then_maximum_testing_evalue_sum,200,0,6,exact_fixed_count_order_statistics,300.0,1,False
406,cb51790cadc5c8aca231674152df83e82dfaa0bc31f172820e2e61ddb7d82726,proven_maximal,maximize_sum_testing_e_values_at_maximum_cardinality,proven_optimal,9231.656250518165,0.6628990623132606,13926.18691947348,0,0,5,,,29;44;109;179;191,0,0,5,0,0,0,0.0,0.0,0.16666666666666666,0.0,0.0,0.0,0,5,1.754750399850309,5,4,264,65,5,,method1_proportional_scores_gamma1,unrestricted_maximum_cardinality_then_maximum_testing_evalue_sum,200,0,7,exact_fixed_count_order_statistics,300.0,1,False
407,63e1d68f97c1af25ad40f2ccb9fdea1b3cbf40eb7149183a634601952ca563d4,proven_maximal,maximize_sum_testing_e_values_at_maximum_cardinality,proven_optimal,1878.5332128783198,0.10023275130431321,18741.710553020435,0,0,5,,,4;34;50;108;175,0,0,5,0,0,0,0.0,0.0,0.16666666666666666,0.0,0.0,0.0,0,5,1.3484109998680651,5,4,249,51,5,,method1_proportional_scores_gamma1,unrestricted_maximum_cardinality_then_maximum_testing_evalue_sum,200,0,3,exact_fixed_count_order_statistics,300.0,1,False
408,7e83cb89ce8343cd0eccfadcfb06fa2e7ce3d329a3fead3050d68a81bda4cc38,proven_maximal,maximize_sum_testing_e_values_at_maximum_cardinality,proven_optimal,81603.32188779861,1.2648706025160497,64515.15413946318,0,0,14,,,2;11;29;52;73;84;94;97;112;121;126;130;153;192,0,0,14,0,0,0,0.0,0.0,0.4666666666666667,0.0,0.0,0.0,0,14,3.2419230001978576,15,15,298,53,14,,method1_proportional_scores_gamma1,unrestricted_maximum_cardinality_then_maximum_testing_evalue_sum,200,0,6,exact_fixed_count_order_statistics,300.0,1,False
409,f3c95dd0b2a429eb49c21eb68bbc10ad41910ccbfce8c0332528e3f7aa3ff0d1,proven_maximal,maximize_sum_testing_e_values_at_maximum_cardinality,proven_optimal,31791.718044053818,1.4170702804258124,22434.82097055962,0,0,10,,,29;63;79;86;144;145;146;163;192;197,0,0,10,0,0,0,0.0,0.0,0.3333333333333333,0.0,0.0,0.0,0,10,1.4211617999244481,6,6,262,53,10,,method1_proportional_scores_gamma1,unrestricted_maximum_cardinality_then_maximum_testing_evalue_sum,200,0,4,exact_fixed_count_order_statistics,300.0,1,False
410,5e9b015fc446869194867f76cbc251437a520c94698bebffa2b14d898d8d3ff6,proven_maximal,maximize_sum_testing_e_values_at_maximum_cardinality,proven_optimal,13437.620547207624,1.4158854089581374,9490.613055399404,0,0,13,,,3;40;52;54;68;82;99;119;133;145;147;158;174,0,0,13,0,0,0,0.0,0.0,0.43333333333333335,0.0,0.0,0.0,0,13,0.7944996000733227,4,4,241,47,13,,method1_proportional_scores_gamma1,unrestricted_maximum_cardinality_then_maximum_testing_evalue_sum,200,0,8,exact_fixed_count_order_statistics,300.0,1,False
411,ba19c1a48e17c6efa58ce70f2c5249813936e310c73bce58bf8bd16136d77371,proven_maximal,maximize_sum_testing_e_values_at_maximum_cardinality,proven_optimal,19478.718910949327,1.4621538588984406,13321.935165991512,0,0,5,,,9;35;50;144;176,0,0,5,0,0,0,0.0,0.0,0.16666666666666666,0.0,0.0,0.0,0,5,3.1508645999711007,8,4,253,54,5,,method1_proportional_scores_gamma1,unrestricted_maximum_cardinality_then_maximum_testing_evalue_sum,200,0,4,exact_fixed_count_order_statistics,300.0,1,False
412,385fcd0d141f312ec5cc62d2c1e337bd50eb675f3bce2b8f1f05b5dfdb04772b,proven_maximal,maximize_sum_testing_e_values_at_maximum_cardinality,proven_optimal,48828.873868881135,1.4626011559516081,33384.9550646032,0,0,13,,,18;36;82;87;99;103;121;130;151;153;159;164;188,0,0,13,0,0,0,0.0,0.0,0.43333333333333335,0.0,0.0,0.0,0,13,2.062413699924946,11,11,302,55,13,,method1_proportional_scores_gamma1,unrestricted_maximum_cardinality_then_maximum_testing_evalue_sum,200,0,7,exact_fixed_count_order_statistics,300.0,1,False
413,66984deef6198362aa784802c3d75f45cc2b7bf889522c051a1d60a8d30b2290,proven_maximal,maximize_sum_testing_e_values_at_maximum_cardinality,proven_optimal,7685.606484837629,0.7732009694353732,9939.98557768236,0,0,4,,,49;67;70;86,0,0,4,0,0,0,0.0,0.0,0.13333333333333333,0.0,0.0,0.0,0,4,1.6382454000413418,5,4,246,47,4,,method1_proportional_scores_gamma1,unrestricted_maximum_cardinality_then_maximum_testing_evalue_sum,200,0,8,exact_fixed_count_order_statistics,300.0,1,False
414,3ad55cc5488befe009a9500680440fe3bb2aa0887f6b5cdec1044fc806f4e682,proven_maximal,maximize_sum_testing_e_values_at_maximum_cardinality,proven_optimal,47447.381705494656,1.6073593327591078,29518.83921565254,0,0,12,,,23;36;40;70;73;102;107;125;127;141;148;186,0,0,12,0,0,0,0.0,0.0,0.4,0.0,0.0,0.0,0,12,1.370357400039211,8,8,246,50,12,,method1_proportional_scores_gamma1,unrestricted_maximum_cardinality_then_maximum_testing_evalue_sum,200,0,11,exact_fixed_count_order_statistics,300.0,1,False
415,55d307e3222949ca0097ca5e2ac1d3dcc3655dbc28cf824bf9956e029ac6b8d5,proven_maximal,maximize_sum_testing_e_values_at_maximum_cardinality,proven_optimal,2896.6789876822777,0.44781875281569217,6468.418237220311,0,0,6,,,46;67;86;135;171;187,0,0,6,0,0,0,0.0,0.0,0.2,0.0,0.0,0.0,0,6,1.6996836001053452,5,4,254,51,6,,method1_proportional_scores_gamma1,unrestricted_maximum_cardinality_then_maximum_testing_evalue_sum,200,0,1,exact_fixed_count_order_statistics,300.0,1,False
416,b065c431887f6100486380c45f0b1d40fc36cb52ad07de083e174d538abc61c9,proven_maximal,maximize_sum_testing_e_values_at_maximum_cardinality,proven_optimal,1615.796664209969,0.5060281182706463,3193.096600505052,0,0,8,,,10;19;34;72;109;117;183;186,0,0,8,0,0,0,0.0,0.0,0.26666666666666666,0.0,0.0,0.0,0,8,2.6207341998815536,12,10,271,54,8,,method1_proportional_scores_gamma1,unrestricted_maximum_cardinality_then_maximum_testing_evalue_sum,200,0,0,exact_fixed_count_order_statistics,300.0,1,False
417,7e35351fc379fc6821a8e925179837587dc5567592c59cbbb78d326c6517b07b,proven_maximal,maximize_sum_testing_e_values_at_maximum_cardinality,proven_optimal,17206.287453104105,1.336160459168111,12877.411043742964,0,0,14,,,6;7;25;38;44;55;61;72;79;83;93;107;143;172,0,0,14,0,0,0,0.0,0.0,0.4666666666666667,0.0,0.0,0.0,0,14,0.7447848001029342,3,3,232,39,14,,method1_proportional_scores_gamma1,unrestricted_maximum_cardinality_then_maximum_testing_evalue_sum,200,0,4,exact_fixed_count_order_statistics,300.0,1,False
418,c98530b4bbec692c2f234d68ed39b9204dfec3418a7d7ef49a7a8a8f28b0fcb1,proven_maximal,maximize_sum_testing_e_values_at_maximum_cardinality,proven_optimal,16057.04879981714,4.1273897504570725,3890.3640728474847,0,0,18,,,3;10;14;17;33;35;51;57;60;72;75;76;80;138;147;159;188;192,0,0,18,0,0,0,0.0,0.0,0.6,0.0,0.0,0.0,0,18,7.126856199931353,26,25,378,64,18,,method1_proportional_scores_gamma1,unrestricted_maximum_cardinality_then_maximum_testing_evalue_sum,200,0,9,exact_fixed_count_order_statistics,300.0,1,False
419,880c918c2740459e12d7e12b02affa893ff44bbe2ef50085d107b63b29dc2edf,proven_maximal,maximize_sum_testing_e_values_at_maximum_cardinality,proven_optimal,10726.311433756573,2.3144140180276787,4634.568988178456,0,0,10,,,8;34;84;102;126;144;147;169;183;191,0,0,10,0,0,0,0.0,0.0,0.3333333333333333,0.0,0.0,0.0,0,10,1.4409049998503178,7,7,255,46,10,,method1_proportional_scores_gamma1,unrestricted_maximum_cardinality_then_maximum_testing_evalue_sum,200,0,8,exact_fixed_count_order_statistics,300.0,1,False
420,76dfbc19a0ef357528ace0baefc566b0828e7d6128523da4381650d0f13fa841,proven_maximal,maximize_sum_testing_e_values_at_maximum_cardinality,proven_optimal,35055.60024648953,1.0098629839655313,34713.22427210189,0,0,2,,,26;49,0,0,2,0,0,0,0.0,0.0,0.06666666666666667,0.0,0.0,0.0,0,2,0.8719154000282288,3,3,253,54,2,,method1_proportional_scores_gamma1,unrestricted_maximum_cardinality_then_maximum_testing_evalue_sum,200,0,4,exact_fixed_count_order_statistics,300.0,1,False
421,ed5f279982faa8749f846e3d9abb8840d4bfea85e23e532a5d5de956fa07e7af,proven_maximal,maximize_sum_testing_e_values_at_maximum_cardinality,proven_optimal,0.0,0.0,52090.02142344017,0,0,0,,,,0,0,0,0,0,0,0.0,0.0,0.0,0.0,0.0,0.0,0,0,0.7511307001113892,3,3,246,46,0,,method1_proportional_scores_gamma1,unrestricted_maximum_cardinality_then_maximum_testing_evalue_sum,200,0,2,exact_fixed_count_order_statistics,300.0,1,False
422,ce1deb19ac225e18f495fbfdf18b653113b643cc0218a388a0adca6f37949507,proven_maximal,maximize_sum_testing_e_values_at_maximum_cardinality,proven_optimal,42096.903905510124,2.6986268398678064,15599.379389398002,0,0,19,,,6;13;16;22;28;62;68;77;79;98;120;121;126;163;167;168;181;184;197,0,0,19,0,0,0,0.0,0.0,0.6333333333333333,0.0,0.0,0.0,0,19,1.2380874999798834,6,6,268,58,19,,method1_proportional_scores_gamma1,unrestricted_maximum_cardinality_then_maximum_testing_evalue_sum,200,0,6,exact_fixed_count_order_statistics,300.0,1,False
423,51e368708d08fd3088c88cc8be8a44c7b329ca016179bf89ca6953d51728e47a,proven_maximal,maximize_sum_testing_e_values_at_maximum_cardinality,proven_optimal,250563.0841370566,1.0896186612209935,229954.83929789093,0,0,18,,,1;8;9;23;32;51;75;88;110;112;120;121;127;132;140;147;177;186,0,0,18,0,0,0,0.0,0.0,0.6,0.0,0.0,0.0,0,18,1.527178600197658,8,8,260,52,18,,method1_proportional_scores_gamma1,unrestricted_maximum_cardinality_then_maximum_testing_evalue_sum,200,0,5,exact_fixed_count_order_statistics,300.0,1,False
424,5a09b8b42fe102242c4178a978779bb1c0eca75c02613480d7294c22b13c976b,proven_maximal,maximize_sum_testing_e_values_at_maximum_cardinality,proven_optimal,24492.03927351379,2.0972801405365167,11678.00085459654,0,0,10,,,2;18;27;52;61;63;88;100;125;138,0,0,10,0,0,0,0.0,0.0,0.3333333333333333,0.0,0.0,0.0,0,10,2.8555496998596936,16,15,272,45,10,,method1_proportional_scores_gamma1,unrestricted_maximum_cardinality_then_maximum_testing_evalue_sum,200,0,7,exact_fixed_count_order_statistics,300.0,1,False
425,1a7b3d4b74e67926da6a6b6343c4856b00f55b5fcf5c713b9886b3212e733028,proven_maximal,maximize_sum_testing_e_values_at_maximum_cardinality,proven_optimal,39485.92644066432,1.1464208507912539,34442.78461388009,0,0,6,,,12;30;39;92;158;181,0,0,6,0,0,0,0.0,0.0,0.2,0.0,0.0,0.0,0,6,2.704551000148058,7,5,257,54,6,,method1_proportional_scores_gamma1,unrestricted_maximum_cardinality_then_maximum_testing_evalue_sum,200,0,3,exact_fixed_count_order_statistics,300.0,1,False
426,6975874908c27830e1a91055cd3bdd3fc51d0a49b40a05392c581f7446adb93e,proven_maximal,maximize_sum_testing_e_values_at_maximum_cardinality,proven_optimal,6128.253872320548,0.7080185350733161,8655.499211875802,0,0,1,,,199,0,0,1,0,0,0,0.0,0.0,0.03333333333333333,0.0,0.0,0.0,0,1,0.7418025999795645,3,3,249,50,1,,method1_proportional_scores_gamma1,unrestricted_maximum_cardinality_then_maximum_testing_evalue_sum,200,0,2,exact_fixed_count_order_statistics,300.0,1,False
427,28f1951ec4573b149f4de38bfb6853f58e3c19f256e3e2e63ba0b47a48b99dd8,proven_maximal,maximize_sum_testing_e_values_at_maximum_cardinality,proven_optimal,140852.4041006799,1.1959276061818083,117776.6976634764,0,0,20,,,5;8;11;56;58;80;84;89;92;99;109;119;123;132;146;159;165;166;191;195,0,0,20,0,0,0,0.0,0.0,0.6666666666666666,0.0,0.0,0.0,0,20,1.5502947999630123,7,7,259,51,20,,method1_proportional_scores_gamma1,unrestricted_maximum_cardinality_then_maximum_testing_evalue_sum,200,0,6,exact_fixed_count_order_statistics,300.0,1,False
428,ee697346ed0694cf56d798785bb1c6109d951932dddb72e22e37271da0a56ddf,proven_maximal,maximize_sum_testing_e_values_at_maximum_cardinality,proven_optimal,699493.0981446832,1.059192403285055,660402.2989357036,0,0,15,,,16;18;24;35;43;57;81;102;105;125;129;140;148;155;185,0,0,15,0,0,0,0.0,0.0,0.5,0.0,0.0,0.0,0,15,1.317670299904421,7,7,257,54,15,,method1_proportional_scores_gamma1,unrestricted_maximum_cardinality_then_maximum_testing_evalue_sum,200,0,9,exact_fixed_count_order_statistics,300.0,1,False
429,e19ed9f35f6019e44d16ea8a626c9fd280b3423467c64db488f1c744ee0a6604,proven_maximal,maximize_sum_testing_e_values_at_maximum_cardinality,proven_optimal,14565.153998192816,1.5170560958853816,9600.933042421431,0,0,6,,,1;134;148;172;197;198,0,0,6,0,0,0,0.0,0.0,0.2,0.0,0.0,0.0,0,6,1.993392099859193,5,4,254,56,6,,method1_proportional_scores_gamma1,unrestricted_maximum_cardinality_then_maximum_testing_evalue_sum,200,0,9,exact_fixed_count_order_statistics,300.0,1,False
430,bf4442ab0cb8ec3152b47afd26d386441d82cf6c66735215581a37c6c8e00691,proven_maximal,maximize_sum_testing_e_values_at_maximum_cardinality,proven_optimal,45662.40260978456,1.7143952561903475,26634.69957987023,0,0,15,,,28;34;37;73;87;89;103;121;134;139;150;168;169;174;185,0,0,15,0,0,0,0.0,0.0,0.5,0.0,0.0,0.0,0,15,4.014326999895275,15,14,272,49,15,,method1_proportional_scores_gamma1,unrestricted_maximum_cardinality_then_maximum_testing_evalue_sum,200,0,6,exact_fixed_count_order_statistics,300.0,1,False
431,9d74dab7190c64280ee3e35c57ab6debea7a127a263080c4f182404dd0c938f4,proven_maximal,maximize_sum_testing_e_values_at_maximum_cardinality,proven_optimal,51776.616639928514,1.543668154586888,33541.287022135155,0,0,9,,,8;31;64;89;105;110;113;150;151,0,0,9,0,0,0,0.0,0.0,0.3,0.0,0.0,0.0,0,9,2.413432699861005,9,8,252,51,9,,method1_proportional_scores_gamma1,unrestricted_maximum_cardinality_then_maximum_testing_evalue_sum,200,0,6,exact_fixed_count_order_statistics,300.0,1,False
432,29e003ddb0a85c04e9d7a9e89db0912057ca0b3be58fb7248c9269fed685f42e,proven_maximal,maximize_sum_testing_e_values_at_maximum_cardinality,proven_optimal,711.1328792848108,0.04573749134809382,15548.139137597198,0,0,2,,,34;48,0,0,2,0,0,0,0.0,0.0,0.06666666666666667,0.0,0.0,0.0,0,2,0.8699910000432283,3,3,260,61,2,,method1_proportional_scores_gamma1,unrestricted_maximum_cardinality_then_maximum_testing_evalue_sum,200,0,1,exact_fixed_count_order_statistics,300.0,1,False
433,5498b0d2a1fd0b253999407afe9e0e2e970df95645ba3e2b77851fe1b1f4dca8,proven_maximal,maximize_sum_testing_e_values_at_maximum_cardinality,proven_optimal,6766.962834676905,1.2872610280522272,5256.869187530747,0,0,2,,,69;86,0,0,2,0,0,0,0.0,0.0,0.06666666666666667,0.0,0.0,0.0,0,2,0.8565845999401063,3,3,251,53,2,,method1_proportional_scores_gamma1,unrestricted_maximum_cardinality_then_maximum_testing_evalue_sum,200,0,9,exact_fixed_count_order_statistics,300.0,1,False
434,30ff7df4afc03a950e83a098e52a3879a37baffcffaeb5a153217acc47742273,proven_maximal,maximize_sum_testing_e_values_at_maximum_cardinality,proven_optimal,90793.27797697495,1.7085760163922445,53139.73572489336,0,0,13,,,23;40;55;62;86;97;122;127;128;167;176;182;195,0,0,13,0,0,0,0.0,0.0,0.43333333333333335,0.0,0.0,0.0,0,13,1.6473066001199186,7,7,279,67,13,,method1_proportional_scores_gamma1,unrestricted_maximum_cardinality_then_maximum_testing_evalue_sum,200,0,6,exact_fixed_count_order_statistics,300.0,1,False
435,c7cf4e56da8cc456a6a2d2accddcb8f08e3996aa4e7434c9e2d14a37c2a759f7,proven_maximal,maximize_sum_testing_e_values_at_maximum_cardinality,proven_optimal,83067.13777344539,1.126036755582422,73769.47276510563,0,0,8,,,20;35;36;49;95;150;160;181,0,0,8,0,0,0,0.0,0.0,0.26666666666666666,0.0,0.0,0.0,0,8,1.8440676999744028,5,4,254,56,8,,method1_proportional_scores_gamma1,unrestricted_maximum_cardinality_then_maximum_testing_evalue_sum,200,0,6,exact_fixed_count_order_statistics,300.0,1,False
436,5b3a0bc20835c7a1bb459745aa0ee6ae508c783e6b2f10fa0a674b1cc8bb101b,proven_maximal,maximize_sum_testing_e_values_at_maximum_cardinality,proven_optimal,63598.96219159153,1.6520386103962927,38497.261378373805,0,0,6,,,12;37;56;106;164;193,0,0,6,0,0,0,0.0,0.0,0.2,0.0,0.0,0.0,0,6,1.9856308000162244,6,5,249,47,6,,method1_proportional_scores_gamma1,unrestricted_maximum_cardinality_then_maximum_testing_evalue_sum,200,0,5,exact_fixed_count_order_statistics,300.0,1,False
437,2cf55e3325206735b96d7c26278256d0e37ffe8421baf91f036ac467d95a7974,proven_maximal,maximize_sum_testing_e_values_at_maximum_cardinality,proven_optimal,8415.049643834844,3.4465125696739114,2441.6129271888963,0,0,12,,,22;55;58;59;106;114;124;130;140;150;177;194,0,0,12,0,0,0,0.0,0.0,0.4,0.0,0.0,0.0,0,12,1.3038041999097914,6,6,258,58,12,,method1_proportional_scores_gamma1,unrestricted_maximum_cardinality_then_maximum_testing_evalue_sum,200,0,4,exact_fixed_count_order_statistics,300.0,1,False
438,c7195c598cf5a2a6e96ad3c11be55c103a0e7049bfc4cd878b4a12603605850b,proven_maximal,maximize_sum_testing_e_values_at_maximum_cardinality,proven_optimal,10706.085520567285,2.8444096466951634,3763.904236862076,0,0,21,,,7;14;43;54;62;63;65;68;81;95;100;112;113;128;131;141;166;171;172;174;194,0,0,21,0,0,0,0.0,0.0,0.7,0.0,0.0,0.0,0,21,1.676673399982974,9,9,259,54,21,,method1_proportional_scores_gamma1,unrestricted_maximum_cardinality_then_maximum_testing_evalue_sum,200,0,7,exact_fixed_count_order_statistics,300.0,1,False
439,7e7e2c24b5d8c19bcea4450ea1c3bf2a607a2fa9097728e7729ee0053cb6c359,proven_maximal,maximize_sum_testing_e_values_at_maximum_cardinality,proven_optimal,8722.568430335577,1.7192304670680725,5073.530627461949,0,0,4,,,17;65;171;172,0,0,4,0,0,0,0.0,0.0,0.13333333333333333,0.0,0.0,0.0,0,4,1.6474772000219673,5,4,258,61,4,,method1_proportional_scores_gamma1,unrestricted_maximum_cardinality_then_maximum_testing_evalue_sum,200,0,7,exact_fixed_count_order_statistics,300.0,1,False
440,6d7f46bfbdc3fcd5a0b35108c68350ca6f75594d13b2cf57fdda780fc24a19b6,proven_maximal,maximize_sum_testing_e_values_at_maximum_cardinality,proven_optimal,8249.877294183714,1.6683542439309367,4944.9194163618085,0,0,3,,,58;126;195,0,0,3,0,0,0,0.0,0.0,0.1,0.0,0.0,0.0,0,3,1.2234310999047011,4,4,260,61,3,,method1_proportional_scores_gamma1,unrestricted_maximum_cardinality_then_maximum_testing_evalue_sum,200,0,8,exact_fixed_count_order_statistics,300.0,1,False
441,636dd5b769adf1f027ce02e533c07cacdacafc800db46913106d65b175dc7ec7,proven_maximal,maximize_sum_testing_e_values_at_maximum_cardinality,proven_optimal,0.0,0.0,5447.159030145945,0,0,0,,,,0,0,0,0,0,0,0.0,0.0,0.0,0.0,0.0,0.0,0,0,0.6848423001356423,3,3,248,48,0,,method1_proportional_scores_gamma1,unrestricted_maximum_cardinality_then_maximum_testing_evalue_sum,200,0,3,exact_fixed_count_order_statistics,300.0,1,False
442,6d7c5d99c82eed2e3339bc549db708872adb578b551c519f3620167e88ff4657,proven_maximal,maximize_sum_testing_e_values_at_maximum_cardinality,proven_optimal,96.68132174523272,0.006279048921699485,15397.446802988914,0,0,1,,,70,0,0,1,0,0,0,0.0,0.0,0.03333333333333333,0.0,0.0,0.0,0,1,0.7367499000392854,3,3,249,50,1,,method1_proportional_scores_gamma1,unrestricted_maximum_cardinality_then_maximum_testing_evalue_sum,200,0,4,exact_fixed_count_order_statistics,300.0,1,False
443,356df490936b24da1acb25d704df2d9501660cb3061a8c9dfd9942f5936900fd,proven_maximal,maximize_sum_testing_e_values_at_maximum_cardinality,proven_optimal,17426.803111250512,1.8856988380437323,9241.562204773632,0,0,5,,,38;97;151;170;199,0,0,5,0,0,0,0.0,0.0,0.16666666666666666,0.0,0.0,0.0,0,5,4.453011799836531,37,36,317,53,5,,method1_proportional_scores_gamma1,unrestricted_maximum_cardinality_then_maximum_testing_evalue_sum,200,0,7,exact_fixed_count_order_statistics,300.0,1,False
444,93c0c4e86217fed7ff828d9552e9f00ff5dc979b522073f42f61aa3594556a4b,proven_maximal,maximize_sum_testing_e_values_at_maximum_cardinality,proven_optimal,10631.905494519522,1.1981381107877616,8873.689434291653,0,0,6,,,65;85;154;156;164;176,0,0,6,0,0,0,0.0,0.0,0.2,0.0,0.0,0.0,0,6,3.42982259998098,10,6,255,52,6,,method1_proportional_scores_gamma1,unrestricted_maximum_cardinality_then_maximum_testing_evalue_sum,200,0,3,exact_fixed_count_order_statistics,300.0,1,False
445,8590ca0ce171fa6df863232ef54ff7baf1b79c4a2bfb3f60a4637ff12376853b,proven_maximal,maximize_sum_testing_e_values_at_maximum_cardinality,proven_optimal,45232.02758456094,1.9787765179505836,22858.583156933608,0,0,7,,,11;16;42;48;89;184;197,0,0,7,0,0,0,0.0,0.0,0.23333333333333334,0.0,0.0,0.0,0,7,1.9829462999477983,10,9,262,49,7,,method1_proportional_scores_gamma1,unrestricted_maximum_cardinality_then_maximum_testing_evalue_sum,200,0,10,exact_fixed_count_order_statistics,300.0,1,False
446,1e94b8957c97438e8cfd76a85a624b5f690fd5187209b5735b931b46c96456b1,proven_maximal,maximize_sum_testing_e_values_at_maximum_cardinality,proven_optimal,35326.499779014404,3.4485111910418857,10243.985830981555,0,0,18,,,9;19;29;38;40;46;58;59;69;103;121;128;137;142;167;181;187;191,0,0,18,0,0,0,0.0,0.0,0.6,0.0,0.0,0.0,0,18,1.132423299830407,5,5,242,48,18,,method1_proportional_scores_gamma1,unrestricted_maximum_cardinality_then_maximum_testing_evalue_sum,200,0,9,exact_fixed_count_order_statistics,300.0,1,False
447,4dd1f820bb63a994e5128a585d3ed20123ff2a7c9ce2564957a18c2a11f29581,proven_maximal,maximize_sum_testing_e_values_at_maximum_cardinality,proven_optimal,0.0,0.0,6957.821889344852,0,0,0,,,,0,0,0,0,0,0,0.0,0.0,0.0,0.0,0.0,0.0,0,0,0.8462506998330355,3,3,257,57,0,,method1_proportional_scores_gamma1,unrestricted_maximum_cardinality_then_maximum_testing_evalue_sum,200,0,3,exact_fixed_count_order_statistics,300.0,1,False
448,f8d4a697f45a6a46bbf48ce8da7a165feb4c6eddeaf3119031d2ff65a0205ef0,proven_maximal,maximize_sum_testing_e_values_at_maximum_cardinality,proven_optimal,306250.7239195671,1.0571628099012136,289691.16303683125,0,0,11,,,28;34;37;48;63;76;133;162;191;192;198,0,0,11,0,0,0,0.0,0.0,0.36666666666666664,0.0,0.0,0.0,0,11,1.701115399831906,8,8,278,63,11,,method1_proportional_scores_gamma1,unrestricted_maximum_cardinality_then_maximum_testing_evalue_sum,200,0,6,exact_fixed_count_order_statistics,300.0,1,False
449,2bc2ca0d75325d3fc8711be58d83e0b248c4d5ec32a82835f86931eda2fada2a,proven_maximal,maximize_sum_testing_e_values_at_maximum_cardinality,proven_optimal,34944.231033361444,1.4498111813810939,24102.60831350016,0,0,9,,,32;34;61;82;126;150;155;166;172,0,0,9,0,0,0,0.0,0.0,0.3,0.0,0.0,0.0,0,9,1.9040601998567581,6,5,247,49,9,,method1_proportional_scores_gamma1,unrestricted_maximum_cardinality_then_maximum_testing_evalue_sum,200,0,5,exact_fixed_count_order_statistics,300.0,1,False
450,6c7f8a4da77de92860ca1f746e4fd1fe1592954d4aa3fd5ed13b6ff7567c6d6f,proven_maximal,maximize_sum_testing_e_values_at_maximum_cardinality,proven_optimal,1731.1766636381321,0.24666254527970446,7018.401037235119,0,0,6,,,15;34;82;127;134;140,0,0,6,0,0,0,0.0,0.0,0.2,0.0,0.0,0.0,0,6,1.7233836001250893,6,5,245,45,6,,method1_proportional_scores_gamma1,unrestricted_maximum_cardinality_then_maximum_testing_evalue_sum,200,0,1,exact_fixed_count_order_statistics,300.0,1,False
451,1ad926a14737bc57901d2a9ef86e6d7b3f23b8035fddd652adbc0b190b8e7ca3,proven_maximal,maximize_sum_testing_e_values_at_maximum_cardinality,proven_optimal,0.0,0.0,3904.7155287816495,0,0,0,,,,0,0,0,0,0,0,0.0,0.0,0.0,0.0,0.0,0.0,0,0,0.8122032999526709,3,3,270,70,0,,method1_proportional_scores_gamma1,unrestricted_maximum_cardinality_then_maximum_testing_evalue_sum,200,0,6,exact_fixed_count_order_statistics,300.0,1,False
452,a6a2682278740886044ba5069085623dfe96cdb1ac3d75d2d28f54fed0ba47a0,proven_maximal,maximize_sum_testing_e_values_at_maximum_cardinality,proven_optimal,72510.65990382999,2.6468236485428447,27395.34987295027,0,0,13,,,9;11;20;37;71;72;88;91;101;145;150;159;176,0,0,13,0,0,0,0.0,0.0,0.43333333333333335,0.0,0.0,0.0,0,13,1.0036005000583827,5,5,249,57,13,,method1_proportional_scores_gamma1,unrestricted_maximum_cardinality_then_maximum_testing_evalue_sum,200,0,9,exact_fixed_count_order_statistics,300.0,1,False
453,af139b25fa8c0b13c0d839cc827fb8778485b78592fa38036585c6f262b430d3,proven_maximal,maximize_sum_testing_e_values_at_maximum_cardinality,proven_optimal,12269.07947809397,3.3456412039728556,3667.183278208309,0,0,10,,,7;24;50;135;137;141;143;146;163;186,0,0,10,0,0,0,0.0,0.0,0.3333333333333333,0.0,0.0,0.0,0,10,2.6315396998543292,10,10,274,55,10,,method1_proportional_scores_gamma1,unrestricted_maximum_cardinality_then_maximum_testing_evalue_sum,200,0,4,exact_fixed_count_order_statistics,300.0,1,False
454,d1e7b529f0beca843e9f6565067aa1dda48191a56a2f8213061b4551f4afbcb4,proven_maximal,maximize_sum_testing_e_values_at_maximum_cardinality,proven_optimal,36562.9994783222,1.1427386699015125,31995.941365555955,0,0,6,,,30;79;89;92;111;151,0,0,6,0,0,0,0.0,0.0,0.2,0.0,0.0,0.0,0,6,4.598802999826148,25,23,321,57,6,,method1_proportional_scores_gamma1,unrestricted_maximum_cardinality_then_maximum_testing_evalue_sum,200,0,4,exact_fixed_count_order_statistics,300.0,1,False
455,6118b0568b08f21b63ce6cf7ba8303fb7f82bfd2c3987240ef6c16ef4b124c23,proven_maximal,maximize_sum_testing_e_values_at_maximum_cardinality,proven_optimal,0.0,0.0,5533.070210139826,0,0,0,,,,0,0,0,0,0,0,0.0,0.0,0.0,0.0,0.0,0.0,0,0,2.349750699941069,5,3,250,49,0,,method1_proportional_scores_gamma1,unrestricted_maximum_cardinality_then_maximum_testing_evalue_sum,200,0,1,exact_fixed_count_order_statistics,300.0,1,False
456,2a4fbbf5407257624b7d8f7243fc2564bfeacf71dae78b8c04c24c3ced90bfd2,proven_maximal,maximize_sum_testing_e_values_at_maximum_cardinality,proven_optimal,67158.08308439293,2.1334214105335807,31479.05179577077,0,0,6,,,16;34;65;122;151;179,0,0,6,0,0,0,0.0,0.0,0.2,0.0,0.0,0.0,0,6,1.0651960000395775,3,3,248,52,6,,method1_proportional_scores_gamma1,unrestricted_maximum_cardinality_then_maximum_testing_evalue_sum,200,0,14,exact_fixed_count_order_statistics,300.0,1,False
457,cb5f482e35b6ec86319b372a92ba20ed304670798a4e75b373e379eef0a1a12a,proven_maximal,maximize_sum_testing_e_values_at_maximum_cardinality,proven_optimal,511794.96617190074,1.0015613343218825,510997.1288162964,0,0,4,,,127;174;179;180,0,0,4,0,0,0,0.0,0.0,0.13333333333333333,0.0,0.0,0.0,0,4,1.353546699974686,3,3,261,63,4,,method1_proportional_scores_gamma1,unrestricted_maximum_cardinality_then_maximum_testing_evalue_sum,200,0,1,exact_fixed_count_order_statistics,300.0,1,False
458,15280560645608eca8e427b3e2f4d420bf4945ebd5263a41ad46e1f78cd3e6d8,proven_maximal,maximize_sum_testing_e_values_at_maximum_cardinality,proven_optimal,50301.248493069565,2.695553799742145,18660.821571389653,0,0,13,,,19;22;56;57;92;97;125;149;172;175;181;188;197,0,0,13,0,0,0,0.0,0.0,0.43333333333333335,0.0,0.0,0.0,0,13,2.260479300050065,10,10,275,54,13,,method1_proportional_scores_gamma1,unrestricted_maximum_cardinality_then_maximum_testing_evalue_sum,200,0,7,exact_fixed_count_order_statistics,300.0,1,False
459,6a0be0848a2baae22c5c8481844934a76923668bf17f99160b3ac0d3284c40d8,proven_maximal,maximize_sum_testing_e_values_at_maximum_cardinality,proven_optimal,18267.96619048183,2.6282255673521595,6950.684301000136,0,0,12,,,12;72;81;87;94;97;103;122;124;129;158;191,0,0,12,0,0,0,0.0,0.0,0.4,0.0,0.0,0.0,0,12,5.349282500101253,18,16,300,58,12,,method1_proportional_scores_gamma1,unrestricted_maximum_cardinality_then_maximum_testing_evalue_sum,200,0,9,exact_fixed_count_order_statistics,300.0,1,False
460,77575df9b7ee3dcb2cf6824a93631feb3cd6e8fadb5773eed0093f82a2bd00b0,proven_maximal,maximize_sum_testing_e_values_at_maximum_cardinality,proven_optimal,0.0,0.0,73011.82152689496,0,0,0,,,,0,0,0,0,0,0,0.0,0.0,0.0,0.0,0.0,0.0,0,0,0.7466133001726121,3,3,258,58,0,,method1_proportional_scores_gamma1,unrestricted_maximum_cardinality_then_maximum_testing_evalue_sum,200,0,6,exact_fixed_count_order_statistics,300.0,1,False
461,010959f17c59e5392e0b12cc89114e65a02720355cba06ece0a1857d77d33f0a,proven_maximal,maximize_sum_testing_e_values_at_maximum_cardinality,proven_optimal,81207.56939973439,1.0994630841171198,73861.1150959606,0,0,9,,,51;61;64;97;102;132;160;181;185,0,0,9,0,0,0,0.0,0.0,0.3,0.0,0.0,0.0,0,9,1.8667622001376003,7,6,258,52,9,,method1_proportional_scores_gamma1,unrestricted_maximum_cardinality_then_maximum_testing_evalue_sum,200,0,8,exact_fixed_count_order_statistics,300.0,1,False
462,092e3e0f7c70fe0afacd33e7703ed7d93b0ad0eb8c81a560c781d583d85b9f1b,proven_maximal,maximize_sum_testing_e_values_at_maximum_cardinality,proven_optimal,12618.650432722954,0.8270829685731166,15256.81329708995,0,0,7,,,3;4;56;109;127;128;165,0,0,7,0,0,0,0.0,0.0,0.23333333333333334,0.0,0.0,0.0,0,7,4.062710599973798,29,27,308,57,7,,method1_proportional_scores_gamma1,unrestricted_maximum_cardinality_then_maximum_testing_evalue_sum,200,0,5,exact_fixed_count_order_statistics,300.0,1,False
463,c7dab80192a323c8d18dbc87250b24ad9697e27956ccf4d82343b267d2006c99,proven_maximal,maximize_sum_testing_e_values_at_maximum_cardinality,proven_optimal,4127.2498823977185,1.9696556384163044,2095.4169865531526,0,0,12,,,10;43;44;59;65;88;92;108;116;118;128;137,0,0,12,0,0,0,0.0,0.0,0.4,0.0,0.0,0.0,0,12,1.312267600093037,8,8,269,58,12,,method1_proportional_scores_gamma1,unrestricted_maximum_cardinality_then_maximum_testing_evalue_sum,200,0,3,exact_fixed_count_order_statistics,300.0,1,False
464,9602249abe84b7a82c06e2d4042570a61b7bc81b0d0402e2abdacf66dc0fa4d4,proven_maximal,maximize_sum_testing_e_values_at_maximum_cardinality,proven_optimal,10451.233638176556,1.4640502203250925,7138.575912960047,0,0,8,,,0;17;25;29;50;99;153;188,0,0,8,0,0,0,0.0,0.0,0.26666666666666666,0.0,0.0,0.0,0,8,0.7688986000139266,3,3,245,50,8,,method1_proportional_scores_gamma1,unrestricted_maximum_cardinality_then_maximum_testing_evalue_sum,200,0,2,exact_fixed_count_order_statistics,300.0,1,False
465,e40e825ec14cbd0d4eb99294971162005f684ef54683f3639088076306bf4eac,proven_maximal,maximize_sum_testing_e_values_at_maximum_cardinality,proven_optimal,0.0,0.0,14525.968097999752,0,0,0,,,,0,0,0,0,0,0,0.0,0.0,0.0,0.0,0.0,0.0,0,0,0.9126337999477983,3,3,255,55,0,,method1_proportional_scores_gamma1,unrestricted_maximum_cardinality_then_maximum_testing_evalue_sum,200,0,4,exact_fixed_count_order_statistics,300.0,1,False
466,ccbe734baa52c1e7daafcf16abb440728abd72f207e8f866233e316ea77f5b2f,proven_maximal,maximize_sum_testing_e_values_at_maximum_cardinality,proven_optimal,373549.52856644074,1.013683923857556,368506.90809508425,0,0,7,,,34;72;82;132;180;194;199,0,0,7,0,0,0,0.0,0.0,0.23333333333333334,0.0,0.0,0.0,0,7,1.6388008000794798,5,4,258,62,7,,method1_proportional_scores_gamma1,unrestricted_maximum_cardinality_then_maximum_testing_evalue_sum,200,0,10,exact_fixed_count_order_statistics,300.0,1,False
467,099721ea56f609821c43fef494b8cbb14ac9e39ce5a2438b4a19e8b9e419899d,proven_maximal,maximize_sum_testing_e_values_at_maximum_cardinality,proven_optimal,15139.431236907096,1.0985318223087577,13781.513588827058,0,0,3,,,104;176;197,0,0,3,0,0,0,0.0,0.0,0.1,0.0,0.0,0.0,0,3,0.6254024999216199,3,3,247,49,3,,method1_proportional_scores_gamma1,unrestricted_maximum_cardinality_then_maximum_testing_evalue_sum,200,0,4,exact_fixed_count_order_statistics,300.0,1,False
468,6c8b07ed9ffb983605cece3de112a80841ce576147e8227c681dab22756ff92a,proven_maximal,maximize_sum_testing_e_values_at_maximum_cardinality,proven_optimal,17211.974143872027,1.4346274009642066,11997.52223629908,0,0,10,,,2;40;87;91;114;121;129;136;174;177,0,0,10,0,0,0,0.0,0.0,0.3333333333333333,0.0,0.0,0.0,0,10,1.8671782000456005,8,8,251,48,10,,method1_proportional_scores_gamma1,unrestricted_maximum_cardinality_then_maximum_testing_evalue_sum,200,0,3,exact_fixed_count_order_statistics,300.0,1,False
469,f3f736511ebd91deb0cc34c73939e65a4a2e61821c35e1d9af82f511405741b4,proven_maximal,maximize_sum_testing_e_values_at_maximum_cardinality,proven_optimal,30871.543607589614,2.0577597258964437,15002.501613321603,0,0,10,,,0;22;25;30;31;60;62;82;104;186,0,0,10,0,0,0,0.0,0.0,0.3333333333333333,0.0,0.0,0.0,0,10,1.432266600197181,7,7,262,53,10,,method1_proportional_scores_gamma1,unrestricted_maximum_cardinality_then_maximum_testing_evalue_sum,200,0,8,exact_fixed_count_order_statistics,300.0,1,False
470,96efc7f0f5128b12d08c7f207fa5c4df0c191aa249dcf57557da148bfc57821b,proven_maximal,maximize_sum_testing_e_values_at_maximum_cardinality,proven_optimal,51787.00296256622,1.7219937938131908,30073.86156014468,0,0,11,,,5;18;33;42;62;85;90;97;153;172;185,0,0,11,0,0,0,0.0,0.0,0.36666666666666664,0.0,0.0,0.0,0,11,3.001211900031194,11,11,289,52,11,,method1_proportional_scores_gamma1,unrestricted_maximum_cardinality_then_maximum_testing_evalue_sum,200,0,8,exact_fixed_count_order_statistics,300.0,1,False
471,0ef6d1ff15b4ab2f73d4a6ba1be5144858681fb3bbf61dc2c8df7c859a052349,proven_maximal,maximize_sum_testing_e_values_at_maximum_cardinality,proven_optimal,0.0,0.0,16151.08177356375,0,0,0,,,,0,0,0,0,0,0,0.0,0.0,0.0,0.0,0.0,0.0,0,0,0.8027212999295443,3,3,256,56,0,,method1_proportional_scores_gamma1,unrestricted_maximum_cardinality_then_maximum_testing_evalue_sum,200,0,2,exact_fixed_count_order_statistics,300.0,1,False
472,6740402aa9d012cbb010141eec552ca92b5c83d7ef7e5ab9ddde6d4a635306fa,proven_maximal,maximize_sum_testing_e_values_at_maximum_cardinality,proven_optimal,60388.61156506396,1.1390861104868117,53014.96612864119,0,0,4,,,40;79;100;137,0,0,4,0,0,0,0.0,0.0,0.13333333333333333,0.0,0.0,0.0,0,4,0.8116691000759602,3,3,261,63,4,,method1_proportional_scores_gamma1,unrestricted_maximum_cardinality_then_maximum_testing_evalue_sum,200,0,3,exact_fixed_count_order_statistics,300.0,1,False
473,be898fcf3c3aec25a3926d045dcb15a36a563175fd330c2142b1d71c419ee461,proven_maximal,maximize_sum_testing_e_values_at_maximum_cardinality,proven_optimal,1511.1094467776536,0.19368237003014813,7801.997913090582,0,0,2,,,39;56,0,0,2,0,0,0,0.0,0.0,0.06666666666666667,0.0,0.0,0.0,0,2,0.6359902999829501,3,3,247,48,2,,method1_proportional_scores_gamma1,unrestricted_maximum_cardinality_then_maximum_testing_evalue_sum,200,0,4,exact_fixed_count_order_statistics,300.0,1,False
474,35c666a22b404a973369a235b3d966a083a1da0027b826aacef07c1260ea85d5,proven_maximal,maximize_sum_testing_e_values_at_maximum_cardinality,proven_optimal,31249.871885966128,3.3795385107267455,9246.786739307216,0,0,15,,,15;20;65;83;90;111;115;134;139;149;156;162;165;178;187,0,0,15,0,0,0,0.0,0.0,0.5,0.0,0.0,0.0,0,15,3.6956047997809947,12,12,290,53,15,,method1_proportional_scores_gamma1,unrestricted_maximum_cardinality_then_maximum_testing_evalue_sum,200,0,5,exact_fixed_count_order_statistics,300.0,1,False
475,3d3c6f40c4e3ed413a67d6df9806d550c52ba8088fdc8087f3c6e476b58df985,proven_maximal,maximize_sum_testing_e_values_at_maximum_cardinality,proven_optimal,20721.920298510202,1.8033158639237719,11491.009818669316,0,0,10,,,1;6;45;73;100;162;164;179;180;186,0,0,10,0,0,0,0.0,0.0,0.3333333333333333,0.0,0.0,0.0,0,10,1.4164754000958055,6,6,262,63,10,,method1_proportional_scores_gamma1,unrestricted_maximum_cardinality_then_maximum_testing_evalue_sum,200,0,9,exact_fixed_count_order_statistics,300.0,1,False
476,86e9519499c66b36ebe797b4f016eb63d18a4ba125bbcee33b7b424523b94d06,proven_maximal,maximize_sum_testing_e_values_at_maximum_cardinality,proven_optimal,12778.873159924397,2.03357155296818,6283.955507379362,0,0,11,,,86;88;90;91;96;118;135;141;168;171;196,0,0,11,0,0,0,0.0,0.0,0.36666666666666664,0.0,0.0,0.0,0,11,1.9680965999141335,11,11,274,58,11,,method1_proportional_scores_gamma1,unrestricted_maximum_cardinality_then_maximum_testing_evalue_sum,200,0,3,exact_fixed_count_order_statistics,300.0,1,False
477,80adeeac61aea9c851b43a3ffa864ede7acabb03bebf59b158a9e464d39aaca5,proven_maximal,maximize_sum_testing_e_values_at_maximum_cardinality,proven_optimal,12571.68498315382,2.896770315413859,4339.897062690562,0,0,6,,,11;40;52;56;70;157,0,0,6,0,0,0,0.0,0.0,0.2,0.0,0.0,0.0,0,6,3.5231417999602854,9,6,249,45,6,,method1_proportional_scores_gamma1,unrestricted_maximum_cardinality_then_maximum_testing_evalue_sum,200,0,10,exact_fixed_count_order_statistics,300.0,1,False
478,e6f7b294939c287bee7b2dedf93a46d0aeeebc602e705197df5248daaf6a01d4,proven_maximal,maximize_sum_testing_e_values_at_maximum_cardinality,proven_optimal,148835.68857386365,1.0219053436413894,145645.27869431867,0,0,10,,,52;61;68;84;99;128;134;147;186;194,0,0,10,0,0,0,0.0,0.0,0.3333333333333333,0.0,0.0,0.0,0,10,1.9557527001015842,9,9,247,47,10,,method1_proportional_scores_gamma1,unrestricted_maximum_cardinality_then_maximum_testing_evalue_sum,200,0,5,exact_fixed_count_order_statistics,300.0,1,False
479,46dd77ca9ced8e2360d40274d894a75a4058dd9cdf6c771d3bef0dbc1a9aed42,proven_maximal,maximize_sum_testing_e_values_at_maximum_cardinality,proven_optimal,6772.76375497922,1.3878867657915184,4879.910899011044,0,0,4,,,39;152;196;199,0,0,4,0,0,0,0.0,0.0,0.13333333333333333,0.0,0.0,0.0,0,4,3.095559900160879,7,5,248,45,4,,method1_proportional_scores_gamma1,unrestricted_maximum_cardinality_then_maximum_testing_evalue_sum,200,0,1,exact_fixed_count_order_statistics,300.0,1,False
480,a9ed890124d794199493face2fe91ae088ff43aec4e3dce1f0d89b1c9ef84f2d,proven_maximal,maximize_sum_testing_e_values_at_maximum_cardinality,proven_optimal,17857.68813014883,2.527759657749008,7064.630561455853,0,0,14,,,16;25;44;59;80;99;124;130;138;169;176;177;179;182,0,0,14,0,0,0,0.0,0.0,0.4666666666666667,0.0,0.0,0.0,0,14,1.7495596997905523,8,8,273,58,14,,method1_proportional_scores_gamma1,unrestricted_maximum_cardinality_then_maximum_testing_evalue_sum,200,0,7,exact_fixed_count_order_statistics,300.0,1,False
481,c7d8292d751666a44919b34b262ff2650e338a6ee876bb6731d60c1071df8397,proven_maximal,maximize_sum_testing_e_values_at_maximum_cardinality,proven_optimal,121953.78970713215,1.2837066108660018,95001.29443507412,0,0,15,,,19;48;52;53;57;66;87;90;96;120;121;130;143;167;172,0,0,15,0,0,0,0.0,0.0,0.5,0.0,0.0,0.0,0,15,1.452300500124693,7,7,261,51,15,,method1_proportional_scores_gamma1,unrestricted_maximum_cardinality_then_maximum_testing_evalue_sum,200,0,10,exact_fixed_count_order_statistics,300.0,1,False
482,690b9baef1ade29359323971749f4bcdd78980286ccaece09b92a08a89376f23,proven_maximal,maximize_sum_testing_e_values_at_maximum_cardinality,proven_optimal,7390934.369448437,1.0004360021593162,7387713.310492654,0,0,3,,,18;27;164,0,0,3,0,0,0,0.0,0.0,0.1,0.0,0.0,0.0,0,3,1.0283585998695344,3,3,263,66,3,,method1_proportional_scores_gamma1,unrestricted_maximum_cardinality_then_maximum_testing_evalue_sum,200,0,9,exact_fixed_count_order_statistics,300.0,1,False
483,382ae2e464f3b6d307efeafd926c7db5868e9ee40359072032a3e8ff9c5b7af0,proven_maximal,maximize_sum_testing_e_values_at_maximum_cardinality,proven_optimal,0.0,0.0,1968.4886492446888,0,0,0,,,,0,0,0,0,0,0,0.0,0.0,0.0,0.0,0.0,0.0,0,0,0.9149574001785368,3,3,255,55,0,,method1_proportional_scores_gamma1,unrestricted_maximum_cardinality_then_maximum_testing_evalue_sum,200,0,7,exact_fixed_count_order_statistics,300.0,1,False
484,8e88a7176821217ffb8e9d49b228f5a1f709883ca1b9fff3d96c8c6f6815261a,proven_maximal,maximize_sum_testing_e_values_at_maximum_cardinality,proven_optimal,69586.40288102892,3.3037535374324154,21062.831138157333,0,0,12,,,20;36;58;64;96;121;129;140;148;169;187;189,0,0,12,0,0,0,0.0,0.0,0.4,0.0,0.0,0.0,0,12,1.461606799857691,7,7,255,50,12,,method1_proportional_scores_gamma1,unrestricted_maximum_cardinality_then_maximum_testing_evalue_sum,200,0,15,exact_fixed_count_order_statistics,300.0,1,False
485,035125ba0fe8f829702c2cdb6358ca6bd6d135cce66709ad633396a7638dbae9,proven_maximal,maximize_sum_testing_e_values_at_maximum_cardinality,proven_optimal,81424.81960037528,1.5853336192620053,51361.31512702018,0,0,14,,,1;29;34;45;67;86;104;117;127;139;175;177;188;190,0,0,14,0,0,0,0.0,0.0,0.4666666666666667,0.0,0.0,0.0,0,14,0.8500663999002427,3,3,236,45,14,,method1_proportional_scores_gamma1,unrestricted_maximum_cardinality_then_maximum_testing_evalue_sum,200,0,4,exact_fixed_count_order_statistics,300.0,1,False
486,75157fbe1406d2a336bb2a149808bf52b41ba3f3f98041c31f8a77588c856065,proven_maximal,maximize_sum_testing_e_values_at_maximum_cardinality,proven_optimal,37379.97379430095,1.6381261855610034,22818.73894928281,0,0,13,,,9;30;41;45;55;85;95;115;126;173;176;195;199,0,0,13,0,0,0,0.0,0.0,0.43333333333333335,0.0,0.0,0.0,0,13,1.2638274999335408,4,4,244,46,13,,method1_proportional_scores_gamma1,unrestricted_maximum_cardinality_then_maximum_testing_evalue_sum,200,0,11,exact_fixed_count_order_statistics,300.0,1,False
487,c83829df438fd3773f073ec96dc9f335b300f6a5d7f25e984e34d88f49826507,proven_maximal,maximize_sum_testing_e_values_at_maximum_cardinality,proven_optimal,2217.693628063796,0.414457222580881,5350.838415250478,0,0,2,,,141;176,0,0,2,0,0,0,0.0,0.0,0.06666666666666667,0.0,0.0,0.0,0,2,0.9605956999585032,3,3,243,45,2,,method1_proportional_scores_gamma1,unrestricted_maximum_cardinality_then_maximum_testing_evalue_sum,200,0,3,exact_fixed_count_order_statistics,300.0,1,False
488,be1b2ddf64442ccbeb1f37a7b08112555283f972e41b179d8feff0d97aaaa946,proven_maximal,maximize_sum_testing_e_values_at_maximum_cardinality,proven_optimal,14351.987573306676,1.078462001446357,13307.828698701303,0,0,2,,,124;168,0,0,2,0,0,0,0.0,0.0,0.06666666666666667,0.0,0.0,0.0,0,2,1.091842900030315,3,3,255,56,2,,method1_proportional_scores_gamma1,unrestricted_maximum_cardinality_then_maximum_testing_evalue_sum,200,0,5,exact_fixed_count_order_statistics,300.0,1,False
489,83cbc3dbcb6ffc698df14c7d7433124c57e86fb9bb83d022846455267cd754ce,proven_maximal,maximize_sum_testing_e_values_at_maximum_cardinality,proven_optimal,23836.510877222543,1.2298803300505725,19381.16278048157,0,0,15,,,17;20;22;74;76;83;107;110;117;141;152;154;180;193;198,0,0,15,0,0,0,0.0,0.0,0.5,0.0,0.0,0.0,0,15,4.203881900059059,15,14,276,48,15,,method1_proportional_scores_gamma1,unrestricted_maximum_cardinality_then_maximum_testing_evalue_sum,200,0,2,exact_fixed_count_order_statistics,300.0,1,False
490,a5ad44e2782b8423a54f2f05cc144a1b1d954d5b1d63237bcaf9456285c0106b,proven_maximal,maximize_sum_testing_e_values_at_maximum_cardinality,proven_optimal,127272.19814609268,1.3066186502812418,97405.7718514106,0,0,5,,,37;49;56;166;194,0,0,5,0,0,0,0.0,0.0,0.16666666666666666,0.0,0.0,0.0,0,5,4.083190300036222,12,8,276,60,5,,method1_proportional_scores_gamma1,unrestricted_maximum_cardinality_then_maximum_testing_evalue_sum,200,0,8,exact_fixed_count_order_statistics,300.0,1,False
491,e03bd847fd3c9c23bd983a7b1b030baffddb3f75071dc24b0da543ac8632a33e,proven_maximal,maximize_sum_testing_e_values_at_maximum_cardinality,proven_optimal,18038.561084628454,2.0677716907442454,8723.671556861242,0,0,23,,,4;13;28;30;37;46;48;59;65;80;85;106;109;116;125;131;151;158;167;171;189;196;197,0,0,23,0,0,0,0.0,0.0,0.7666666666666667,0.0,0.0,0.0,0,23,1.6576227999757975,7,7,293,62,23,,method1_proportional_scores_gamma1,unrestricted_maximum_cardinality_then_maximum_testing_evalue_sum,200,0,12,exact_fixed_count_order_statistics,300.0,1,False
492,47d5e09938cbca9efc48c5ccb58cf96785aa19499d895cc35a9c719f6d3981f3,proven_maximal,maximize_sum_testing_e_values_at_maximum_cardinality,proven_optimal,27061.02657689207,1.693907203567221,15975.507111548912,0,0,11,,,39;74;96;97;104;105;116;131;173;194;198,0,0,11,0,0,0,0.0,0.0,0.36666666666666664,0.0,0.0,0.0,0,11,2.68616640008986,10,10,273,58,11,,method1_proportional_scores_gamma1,unrestricted_maximum_cardinality_then_maximum_testing_evalue_sum,200,0,9,exact_fixed_count_order_statistics,300.0,1,False
493,78f4a7c3c9e3d9028ba303d87ae731854051b9f372163d697f8e4f7b25e6135b,proven_maximal,maximize_sum_testing_e_values_at_maximum_cardinality,proven_optimal,26071.764077428004,2.0190352678491865,12912.981012561222,0,0,5,,,27;127;142;175;195,0,0,5,0,0,0,0.0,0.0,0.16666666666666666,0.0,0.0,0.0,0,5,1.5977082001045346,13,12,261,54,5,,method1_proportional_scores_gamma1,unrestricted_maximum_cardinality_then_maximum_testing_evalue_sum,200,0,9,exact_fixed_count_order_statistics,300.0,1,False
494,fc64756132c14703e3587fbb9ef7d48f3e17b7359d970a77032965a03234dd13,proven_maximal,maximize_sum_testing_e_values_at_maximum_cardinality,proven_optimal,0.0,0.0,4104.623615655538,0,0,0,,,,0,0,0,0,0,0,0.0,0.0,0.0,0.0,0.0,0.0,0,0,0.6103368999902159,3,3,247,47,0,,method1_proportional_scores_gamma1,unrestricted_maximum_cardinality_then_maximum_testing_evalue_sum,200,0,3,exact_fixed_count_order_statistics,300.0,1,False
495,8bf4259316c8ca5cf09ba7633ca520fd4066da718eaf1f6c6e77576dc0df467d,proven_maximal,maximize_sum_testing_e_values_at_maximum_cardinality,proven_optimal,0.0,0.0,119983.43704575112,0,0,0,,,,0,0,0,0,0,0,0.0,0.0,0.0,0.0,0.0,0.0,0,0,0.6503995000384748,3,3,244,44,0,,method1_proportional_scores_gamma1,unrestricted_maximum_cardinality_then_maximum_testing_evalue_sum,200,0,6,exact_fixed_count_order_statistics,300.0,1,False
496,364bd958dc69abd4cdfd64331e9f622ce5a01d0d7188912a7775fb167d734bd8,proven_maximal,maximize_sum_testing_e_values_at_maximum_cardinality,proven_optimal,13015.66906313337,0.7401012307732473,17586.33619556987,0,0,5,,,13;68;90;101;113,0,0,5,0,0,0,0.0,0.0,0.16666666666666666,0.0,0.0,0.0,0,5,1.770265999948606,10,9,259,55,5,,method1_proportional_scores_gamma1,unrestricted_maximum_cardinality_then_maximum_testing_evalue_sum,200,0,8,exact_fixed_count_order_statistics,300.0,1,False
497,949fefc59a71a73876a99e549b8ad4ec77e97ca48030e081ec8974d3d9b709ea,proven_maximal,maximize_sum_testing_e_values_at_maximum_cardinality,proven_optimal,1805.0940434285117,0.36483197897924485,4947.74073390974,0,0,2,,,177;187,0,0,2,0,0,0,0.0,0.0,0.06666666666666667,0.0,0.0,0.0,0,2,0.7101083002053201,3,3,251,52,2,,method1_proportional_scores_gamma1,unrestricted_maximum_cardinality_then_maximum_testing_evalue_sum,200,0,6,exact_fixed_count_order_statistics,300.0,1,False
498,6c3a02ad896fa1bbd8e3d2b8b800ca55558dc7c0328851ec21d8ba05946aa79e,proven_maximal,maximize_sum_testing_e_values_at_maximum_cardinality,proven_optimal,1693.0903563142015,0.18034976401337735,9387.815756657255,0,0,2,,,42;185,0,0,2,0,0,0,0.0,0.0,0.06666666666666667,0.0,0.0,0.0,0,2,0.8695501999463886,3,3,254,56,2,,method1_proportional_scores_gamma1,unrestricted_maximum_cardinality_then_maximum_testing_evalue_sum,200,0,8,exact_fixed_count_order_statistics,300.0,1,False
499,21af26eb6058810e9107a8f9786b142fdefa375b923818f247209a9748beb3b7,proven_maximal,maximize_sum_testing_e_values_at_maximum_cardinality,proven_optimal,14439.912644976794,2.1111904655489595,6839.70152414556,0,0,7,,,35;73;88;103;161;163;197,0,0,7,0,0,0,0.0,0.0,0.23333333333333334,0.0,0.0,0.0,0,7,1.597458900185302,5,4,243,48,7,,method1_proportional_scores_gamma1,unrestricted_maximum_cardinality_then_maximum_testing_evalue_sum,200,0,5,exact_fixed_count_order_statistics,300.0,1,False
500,6873c3266357bd2dc9bd48c8d536365e1dd58e7769631b90a5d01ec9ede068c1,proven_maximal,maximize_sum_testing_e_values_at_maximum_cardinality,proven_optimal,0.0,0.0,56592.07241674989,0,0,0,,,,0,0,0,0,0,0,0.0,0.0,0.0,0.0,0.0,0.0,0,0,0.6041143999900669,3,3,249,49,0,,method1_proportional_scores_gamma1,unrestricted_maximum_cardinality_then_maximum_testing_evalue_sum,200,0,9,exact_fixed_count_order_statistics,300.0,1,False
