replication,problem_sha256,status,secondary_rule,secondary_status,secondary_value,secondary_normalized_value,secondary_normalization,prefix_size,greedy_size,maximal_size,prefix_indices,greedy_indices,maximal_indices,prefix_true,greedy_true,maximal_true,prefix_false,greedy_false,maximal_false,prefix_tpr,greedy_tpr,maximal_tpr,prefix_fdp,greedy_fdp,maximal_fdp,greedy_added,optimizer_added,elapsed_seconds,mip_solves,separation_calls,final_cut_count,initial_singleton_upper_bound,proof_upper_bound,message,method,selection_rule,K,ebh_seed_size,old_exported_prefix_size,separator_backend,separator_time_limit,separator_threads
1,70dcf7164ef417fb2f826e517e2bd362285db60daa80cdaaaff6368239426b6b,proven_maximal,maximize_sum_testing_e_values_at_maximum_cardinality,proven_optimal,11238.460135407626,1.3601022824305808,8262.952191598306,1,1,7,115,115,7;9;111;115;149;158;175,1,1,7,0,0,0,0.05,0.05,0.35,0.0,0.0,0.0,0,6,2.2067585000768304,18,16,822,44,7,,original_uniform_floor_plus_prior_scores,maximum_cardinality_certified_superset_of_eBH_then_maximum_testing_evalue_sum,200,1,1,exact_dyadic_prefix_or_HiGHS_QUBO_MILP,300.0,1
2,21cdf0a08f026c489b8a72347cfb9e4b80e3cfb5107b1183f3915c59ea9721b5,proven_maximal,maximize_sum_testing_e_values_at_maximum_cardinality,proven_optimal,12612.588418831108,2.5455756697096943,4954.709682729442,5,5,6,102;122;137;168;187,102;122;137;168;187,102;122;137;168;183;187,5,5,6,0,0,0,0.25,0.25,0.3,0.0,0.0,0.0,0,1,3.043804300017655,16,7,603,40,6,,original_uniform_floor_plus_prior_scores,maximum_cardinality_certified_superset_of_eBH_then_maximum_testing_evalue_sum,200,5,5,exact_dyadic_prefix_or_HiGHS_QUBO_MILP,300.0,1
3,943a2457ab0f50e0f4d11196bfdac26c955729bfeae1ca561381b7a3882073cf,proven_maximal,maximize_sum_testing_e_values_at_maximum_cardinality,proven_optimal,5651.118513963268,1.0,5651.118513963268,1,1,1,26,26,26,1,1,1,0,0,0,0.05,0.05,0.05,0.0,0.0,0.0,0,0,2.328353200107813,14,7,637,40,1,,original_uniform_floor_plus_prior_scores,maximum_cardinality_certified_superset_of_eBH_then_maximum_testing_evalue_sum,200,1,1,exact_dyadic_prefix_or_HiGHS_QUBO_MILP,300.0,1
4,1aea6c1e585b204cc4d18eac653ed7fff275fd5d8dab95f310ee1b3422eb72b6,proven_maximal,maximize_sum_testing_e_values_at_maximum_cardinality,proven_optimal,7235.877036768045,1.4630242285327566,4945.835411095542,1,1,3,8,8,8;60;116,1,1,3,0,0,0,0.05,0.05,0.15,0.0,0.0,0.0,0,2,2.305915900040418,18,13,541,31,3,,original_uniform_floor_plus_prior_scores,maximum_cardinality_certified_superset_of_eBH_then_maximum_testing_evalue_sum,200,1,1,exact_dyadic_prefix_or_HiGHS_QUBO_MILP,300.0,1
5,3d68aa0f44789ff38f57436fe3f02c40deec26175efec131431307dcac47e804,proven_maximal,maximize_sum_testing_e_values_at_maximum_cardinality,proven_optimal,122863.78124258255,1.4330960678137568,85733.10889758842,3,3,6,22;24;99,22;24;99,22;24;71;99;130;154,3,3,6,0,0,0,0.15,0.15,0.3,0.0,0.0,0.0,0,3,2.0330872999038547,18,12,826,38,6,,original_uniform_floor_plus_prior_scores,maximum_cardinality_certified_superset_of_eBH_then_maximum_testing_evalue_sum,200,3,3,exact_dyadic_prefix_or_HiGHS_QUBO_MILP,300.0,1
6,b25f838a91ff669e333318801d4b3c96595356e96ea1821702fa2e87e550e176,proven_maximal,maximize_sum_testing_e_values_at_maximum_cardinality,proven_optimal,20468.290242126684,2.6001413887564526,7871.991242720796,4,4,6,64;169;188;196,64;169;188;196,7;64;72;169;188;196,4,4,6,0,0,0,0.2,0.2,0.3,0.0,0.0,0.0,0,2,3.604989300016314,18,10,742,50,6,,original_uniform_floor_plus_prior_scores,maximum_cardinality_certified_superset_of_eBH_then_maximum_testing_evalue_sum,200,4,4,exact_dyadic_prefix_or_HiGHS_QUBO_MILP,300.0,1
7,ac7e4024e8c86888e195a1c8debbbf6b7395a31b1958c6ba48a634de774c8c62,proven_maximal,maximize_sum_testing_e_values_at_maximum_cardinality,proven_optimal,4922.132908080176,4.9969357202262925,985.030263278486,0,0,7,,,24;32;61;113;126;129;179,0,0,6,0,0,1,0.0,0.0,0.3,0.0,0.0,0.1428571428571428,0,7,1.217113499995321,10,9,610,40,7,,original_uniform_floor_plus_prior_scores,maximum_cardinality_certified_superset_of_eBH_then_maximum_testing_evalue_sum,200,0,0,exact_dyadic_prefix_or_HiGHS_QUBO_MILP,300.0,1
8,d4b26fa2c0eedcddac98d1179065f8c0881577ebdd30be482762f0b88ae346a5,proven_maximal,maximize_sum_testing_e_values_at_maximum_cardinality,proven_optimal,15684.638325933362,1.7821581664741812,8800.923857933341,4,4,8,115;134;171;189,115;134;171;189,28;35;67;115;116;134;171;189,4,4,8,0,0,0,0.2,0.2,0.4,0.0,0.0,0.0,0,4,3.198614099994302,13,7,608,51,8,,original_uniform_floor_plus_prior_scores,maximum_cardinality_certified_superset_of_eBH_then_maximum_testing_evalue_sum,200,4,4,exact_dyadic_prefix_or_HiGHS_QUBO_MILP,300.0,1
9,08e7bd993e987f4d6d468f67cced8750d3c76def38d1161375cf708c513a7199,proven_maximal,maximize_sum_testing_e_values_at_maximum_cardinality,proven_optimal,5828.543343004536,2.888725660048,2017.6866995766184,4,4,4,11;95;105;120,11;95;105;120,11;95;105;120,4,4,4,0,0,0,0.2,0.2,0.2,0.0,0.0,0.0,0,0,2.237611300079152,15,7,614,43,4,,original_uniform_floor_plus_prior_scores,maximum_cardinality_certified_superset_of_eBH_then_maximum_testing_evalue_sum,200,4,4,exact_dyadic_prefix_or_HiGHS_QUBO_MILP,300.0,1
10,33127376c12df46fd7ac4c5669ddc8c84fe0928fd1bf76ac0d90cfcbb9b6e6cd,proven_maximal,maximize_sum_testing_e_values_at_maximum_cardinality,proven_optimal,32162.05811498304,1.4315334585885673,22466.85742622704,4,4,5,57;73;91;105,57;73;91;105,57;61;73;91;105,4,4,5,0,0,0,0.2,0.2,0.25,0.0,0.0,0.0,0,1,2.051883200183511,15,9,663,43,5,,original_uniform_floor_plus_prior_scores,maximum_cardinality_certified_superset_of_eBH_then_maximum_testing_evalue_sum,200,4,4,exact_dyadic_prefix_or_HiGHS_QUBO_MILP,300.0,1
11,fd4d3176621f8e0ba85e3d2b6ee4a9d19bbb51a11e952201d92dd26a0b01458f,proven_maximal,maximize_sum_testing_e_values_at_maximum_cardinality,proven_optimal,39724.29841372916,1.2993223038231436,30573.09052330114,4,4,5,40;45;68;153,40;45;68;153,40;45;68;132;153,4,4,5,0,0,0,0.2,0.2,0.25,0.0,0.0,0.0,0,1,2.9615569000598043,14,9,713,46,5,,original_uniform_floor_plus_prior_scores,maximum_cardinality_certified_superset_of_eBH_then_maximum_testing_evalue_sum,200,4,4,exact_dyadic_prefix_or_HiGHS_QUBO_MILP,300.0,1
12,13e306874013dbadf01ca9c85e43e8a1a2c80f3e4347108384a9930ea8debb67,proven_maximal,maximize_sum_testing_e_values_at_maximum_cardinality,proven_optimal,31894.61953228501,2.0521162129107013,15542.306684008898,5,5,5,55;60;119;158;187,55;60;119;158;187,55;60;119;158;187,5,5,5,0,0,0,0.25,0.25,0.25,0.0,0.0,0.0,0,0,1.541547300061211,10,6,557,46,5,,original_uniform_floor_plus_prior_scores,maximum_cardinality_certified_superset_of_eBH_then_maximum_testing_evalue_sum,200,5,5,exact_dyadic_prefix_or_HiGHS_QUBO_MILP,300.0,1
13,2cd65ab464c0b0d11fde78464970fa498bb8e1e23951446b4b251b5c8bfd7e8c,proven_maximal,maximize_sum_testing_e_values_at_maximum_cardinality,proven_optimal,258781.61448280705,1.071646826753369,241480.31611011672,2,2,2,80;118,80;118,80;118,2,2,2,0,0,0,0.1,0.1,0.1,0.0,0.0,0.0,0,0,2.9512734001036733,15,7,607,45,2,,original_uniform_floor_plus_prior_scores,maximum_cardinality_certified_superset_of_eBH_then_maximum_testing_evalue_sum,200,2,2,exact_dyadic_prefix_or_HiGHS_QUBO_MILP,300.0,1
14,734bea83da2a1c8de55300443b7b1c7886a53499f3db2938b217bf3896d4c199,proven_maximal,maximize_sum_testing_e_values_at_maximum_cardinality,proven_optimal,48860.05926380617,1.141504179878183,42803.22413626232,4,4,5,0;57;79;107,0;57;79;107,0;57;79;107;141,4,4,5,0,0,0,0.2,0.2,0.25,0.0,0.0,0.0,0,1,1.3936391999013722,12,8,607,40,5,,original_uniform_floor_plus_prior_scores,maximum_cardinality_certified_superset_of_eBH_then_maximum_testing_evalue_sum,200,4,4,exact_dyadic_prefix_or_HiGHS_QUBO_MILP,300.0,1
15,2a71a628d86011c574b5c6c03094f130542aac4316c4186bdecfd8bba4ceb035,proven_maximal,maximize_sum_testing_e_values_at_maximum_cardinality,proven_optimal,36164.065284919656,1.4923968768801807,24232.20380929753,3,3,4,123;144;179,123;144;179,123;144;179;185,3,3,4,0,0,0,0.15,0.15,0.2,0.0,0.0,0.0,0,1,2.9988718000240624,16,7,605,38,4,,original_uniform_floor_plus_prior_scores,maximum_cardinality_certified_superset_of_eBH_then_maximum_testing_evalue_sum,200,3,3,exact_dyadic_prefix_or_HiGHS_QUBO_MILP,300.0,1
16,e49abc865681a9f7cd3038ba14335cd7eb38da0ef14c3044bc19ae3d20db4f78,proven_maximal,maximize_sum_testing_e_values_at_maximum_cardinality,proven_optimal,14530.874865972875,3.3252384508710624,4369.87454603938,6,6,6,6;45;110;141;160;184,6;45;110;141;160;184,6;45;110;141;160;184,6,6,6,0,0,0,0.3,0.3,0.3,0.0,0.0,0.0,0,0,1.6223224001005292,14,6,647,43,6,,original_uniform_floor_plus_prior_scores,maximum_cardinality_certified_superset_of_eBH_then_maximum_testing_evalue_sum,200,6,6,exact_dyadic_prefix_or_HiGHS_QUBO_MILP,300.0,1
17,c0f8762f19b8300bdd0319aecb5841f02b2bf04b3b4878ca63d95952d9a2e721,proven_maximal,maximize_sum_testing_e_values_at_maximum_cardinality,proven_optimal,11875.701971928464,1.8659007923249065,6364.59452762833,6,6,7,18;20;49;85;119;178,18;20;49;85;119;178,18;20;49;85;87;119;178,6,6,7,0,0,0,0.3,0.3,0.35,0.0,0.0,0.0,0,1,1.802334300009533,13,8,532,44,7,,original_uniform_floor_plus_prior_scores,maximum_cardinality_certified_superset_of_eBH_then_maximum_testing_evalue_sum,200,6,6,exact_dyadic_prefix_or_HiGHS_QUBO_MILP,300.0,1
18,45c434a0c6c3851711f12813542fedbfe397100ddac74a591a2abae48dcf6c1c,proven_maximal,maximize_sum_testing_e_values_at_maximum_cardinality,proven_optimal,8059.969322154167,4.779523021812023,1686.3543256034898,9,9,9,44;58;84;98;112;140;144;147;195,44;58;84;98;112;140;144;147;195,44;58;84;98;112;140;144;147;195,9,9,9,0,0,0,0.45,0.45,0.45,0.0,0.0,0.0,0,0,2.2764266000594944,11,6,572,39,9,,original_uniform_floor_plus_prior_scores,maximum_cardinality_certified_superset_of_eBH_then_maximum_testing_evalue_sum,200,9,9,exact_dyadic_prefix_or_HiGHS_QUBO_MILP,300.0,1
19,3d7ef95d6e306a93ecb77bab1672656345174c96473b052c976aec75121978bb,proven_maximal,maximize_sum_testing_e_values_at_maximum_cardinality,proven_optimal,49780.22008745584,1.8787081005770423,26497.04872841392,7,7,8,17;36;38;72;73;89;128,17;36;38;72;73;89;128,17;36;38;72;73;89;128;131,7,7,8,0,0,0,0.35,0.35,0.4,0.0,0.0,0.0,0,1,2.111438799882308,16,7,700,44,8,,original_uniform_floor_plus_prior_scores,maximum_cardinality_certified_superset_of_eBH_then_maximum_testing_evalue_sum,200,7,7,exact_dyadic_prefix_or_HiGHS_QUBO_MILP,300.0,1
20,c2834b0fd1963e6f8a180c7491846bb98372c970a544c87c575cbd3b6f289d13,proven_maximal,maximize_sum_testing_e_values_at_maximum_cardinality,proven_optimal,21047.97172047129,1.7158111766778124,12267.06761592776,3,3,7,59;96;189,59;96;189,52;59;71;95;96;189;199,3,3,7,0,0,0,0.15,0.15,0.35,0.0,0.0,0.0,0,4,2.3929169999901205,13,8,696,59,7,,original_uniform_floor_plus_prior_scores,maximum_cardinality_certified_superset_of_eBH_then_maximum_testing_evalue_sum,200,3,3,exact_dyadic_prefix_or_HiGHS_QUBO_MILP,300.0,1
21,fc7433e8159fd3ece01ba1cf11c1dffabcefafec1ce289ecd06db2cb83d90479,proven_maximal,maximize_sum_testing_e_values_at_maximum_cardinality,proven_optimal,0.0,0.0,1865.5253099032548,0,0,0,,,,0,0,0,0,0,0,0.0,0.0,0.0,0.0,0.0,0.0,0,0,1.308778200065717,13,7,578,40,0,,original_uniform_floor_plus_prior_scores,maximum_cardinality_certified_superset_of_eBH_then_maximum_testing_evalue_sum,200,0,0,exact_dyadic_prefix_or_HiGHS_QUBO_MILP,300.0,1
22,03c899cb45e4b806cccfa7774eca74f22cef490ed23e141252510c45403807c1,proven_maximal,maximize_sum_testing_e_values_at_maximum_cardinality,proven_optimal,28952.88389189692,1.3254320719103474,21844.109936292007,3,3,5,82;112;163,82;112;163,57;82;112;163;188,3,3,5,0,0,0,0.15,0.15,0.25,0.0,0.0,0.0,0,2,1.7805853998288512,15,12,791,48,5,,original_uniform_floor_plus_prior_scores,maximum_cardinality_certified_superset_of_eBH_then_maximum_testing_evalue_sum,200,3,3,exact_dyadic_prefix_or_HiGHS_QUBO_MILP,300.0,1
23,ed693d58a4233e091be2f0a36bee2919d43a43452e443bd8e8720ff3e64baca8,proven_maximal,maximize_sum_testing_e_values_at_maximum_cardinality,proven_optimal,25022.326050789048,1.7900808015702496,13978.32211196254,3,3,5,27;47;158,27;47;158,27;47;130;158;169,3,3,5,0,0,0,0.15,0.15,0.25,0.0,0.0,0.0,0,2,2.915290999924764,15,7,525,39,5,,original_uniform_floor_plus_prior_scores,maximum_cardinality_certified_superset_of_eBH_then_maximum_testing_evalue_sum,200,3,3,exact_dyadic_prefix_or_HiGHS_QUBO_MILP,300.0,1
24,0d1a67fbc398184c2c38aa56d16f9a87361f47d8f078bfdea560812cc4aca812,proven_maximal,maximize_sum_testing_e_values_at_maximum_cardinality,proven_optimal,67239.3181644264,1.073933491523172,62610.31869772505,2,2,5,9;108,9;108,9;86;93;108;124,2,2,5,0,0,0,0.1,0.1,0.25,0.0,0.0,0.0,0,3,1.7702140000183135,14,7,586,37,5,,original_uniform_floor_plus_prior_scores,maximum_cardinality_certified_superset_of_eBH_then_maximum_testing_evalue_sum,200,2,2,exact_dyadic_prefix_or_HiGHS_QUBO_MILP,300.0,1
25,bb7d81d36ab8440831762c0bd179a11f19206147314ac96e5457a02a1bd41f61,proven_maximal,maximize_sum_testing_e_values_at_maximum_cardinality,proven_optimal,12213.496806367288,1.0,12213.496806367288,1,1,1,172,172,172,1,1,1,0,0,0,0.05,0.05,0.05,0.0,0.0,0.0,0,0,2.622282600030303,15,6,654,39,1,,original_uniform_floor_plus_prior_scores,maximum_cardinality_certified_superset_of_eBH_then_maximum_testing_evalue_sum,200,1,1,exact_dyadic_prefix_or_HiGHS_QUBO_MILP,300.0,1
26,e53f6313f7116d8f857e87448ef94a4e3f80abdbe154ece5c2d6349787256da6,proven_maximal,maximize_sum_testing_e_values_at_maximum_cardinality,proven_optimal,380629.8143735314,1.064198593748192,357668.0298297736,4,4,5,2;61;83;140,2;61;83;140,2;61;83;140;156,4,4,5,0,0,0,0.2,0.2,0.25,0.0,0.0,0.0,0,1,3.691891900030896,22,15,1323,34,5,,original_uniform_floor_plus_prior_scores,maximum_cardinality_certified_superset_of_eBH_then_maximum_testing_evalue_sum,200,4,4,exact_dyadic_prefix_or_HiGHS_QUBO_MILP,300.0,1
27,167d5178de4adaa447a90920b06a642180ffbb92910e120ca49f47d8baae2cdd,proven_maximal,maximize_sum_testing_e_values_at_maximum_cardinality,proven_optimal,0.0,0.0,1432.366238621938,0,0,0,,,,0,0,0,0,0,0,0.0,0.0,0.0,0.0,0.0,0.0,0,0,1.7607907000929115,16,8,755,37,0,,original_uniform_floor_plus_prior_scores,maximum_cardinality_certified_superset_of_eBH_then_maximum_testing_evalue_sum,200,0,0,exact_dyadic_prefix_or_HiGHS_QUBO_MILP,300.0,1
28,76033bb8cb59f28e1ea84bd54ff21330ef6d3773739f13e19a105681cd45d05c,proven_maximal,maximize_sum_testing_e_values_at_maximum_cardinality,proven_optimal,13660.573918169935,2.310197308272779,5913.163290967244,2,2,11,59;174,59;174,16;23;31;59;72;73;88;97;144;174;187,2,2,11,0,0,0,0.1,0.1,0.55,0.0,0.0,0.0,0,9,1.6189447999931872,6,6,554,45,11,,original_uniform_floor_plus_prior_scores,maximum_cardinality_certified_superset_of_eBH_then_maximum_testing_evalue_sum,200,2,2,exact_dyadic_prefix_or_HiGHS_QUBO_MILP,300.0,1
29,93637bbc5d7c0b7a41688565baae4a5088dcc5877a27f8a20614a1beddccf5a3,proven_maximal,maximize_sum_testing_e_values_at_maximum_cardinality,proven_optimal,0.0,0.0,2489.894901703546,0,0,0,,,,0,0,0,0,0,0,0.0,0.0,0.0,0.0,0.0,0.0,0,0,1.8423752000089733,18,9,692,37,0,,original_uniform_floor_plus_prior_scores,maximum_cardinality_certified_superset_of_eBH_then_maximum_testing_evalue_sum,200,0,0,exact_dyadic_prefix_or_HiGHS_QUBO_MILP,300.0,1
30,1e7e3b898cc885b048c825e8fa6a2f290c85b50066c38f547329f1d9cdc5a92c,proven_maximal,maximize_sum_testing_e_values_at_maximum_cardinality,proven_optimal,0.0,0.0,1567.472624618243,0,0,0,,,,0,0,0,0,0,0,0.0,0.0,0.0,0.0,0.0,0.0,0,0,0.6944325999356806,3,3,300,40,0,,original_uniform_floor_plus_prior_scores,maximum_cardinality_certified_superset_of_eBH_then_maximum_testing_evalue_sum,200,0,0,exact_dyadic_prefix_or_HiGHS_QUBO_MILP,300.0,1
31,48a1d7f5a4cd2b9bf75e8a5ef986ebbb127d50e2ec7177a06fd629c1bd3c5741,proven_maximal,maximize_sum_testing_e_values_at_maximum_cardinality,proven_optimal,55045.65919557463,1.0955508045215363,50244.73440062408,2,2,3,8;50,8;50,8;50;183,2,2,3,0,0,0,0.1,0.1,0.15,0.0,0.0,0.0,0,1,2.6771225999109447,16,9,721,39,3,,original_uniform_floor_plus_prior_scores,maximum_cardinality_certified_superset_of_eBH_then_maximum_testing_evalue_sum,200,2,2,exact_dyadic_prefix_or_HiGHS_QUBO_MILP,300.0,1
32,b7917db3610e959bc2885fc8f26520531776fa7e26994942dfd10835a61e3a6e,proven_maximal,maximize_sum_testing_e_values_at_maximum_cardinality,proven_optimal,18119.84344664057,1.8895441827871888,9589.531492146822,4,4,7,3;99;133;153,3;99;133;153,3;72;87;99;132;133;153,4,4,7,0,0,0,0.2,0.2,0.35,0.0,0.0,0.0,0,3,1.9877288998104632,11,7,526,38,7,,original_uniform_floor_plus_prior_scores,maximum_cardinality_certified_superset_of_eBH_then_maximum_testing_evalue_sum,200,4,4,exact_dyadic_prefix_or_HiGHS_QUBO_MILP,300.0,1
33,225b026197dde5de2ca8b1dd4212585a2d9a7ec9b214c6ac3fc4ae3aefc5c51b,proven_maximal,maximize_sum_testing_e_values_at_maximum_cardinality,proven_optimal,10239.694407095722,1.4242087488057982,7189.742666362446,3,3,3,75;93;121,75;93;121,75;93;121,3,3,3,0,0,0,0.15,0.15,0.15,0.0,0.0,0.0,0,0,1.7405687998980284,15,7,545,37,3,,original_uniform_floor_plus_prior_scores,maximum_cardinality_certified_superset_of_eBH_then_maximum_testing_evalue_sum,200,3,3,exact_dyadic_prefix_or_HiGHS_QUBO_MILP,300.0,1
34,7da9a550eb66a81bf444250b4fa3d024b9ae3f09ba93e56a25dc99dd896f82f5,proven_maximal,maximize_sum_testing_e_values_at_maximum_cardinality,proven_optimal,16928.324583136262,2.115984768296188,8000.210982977498,5,5,11,33;77;87;117;155,33;77;87;117;155,33;77;84;87;112;117;120;121;148;155;191,5,5,11,0,0,0,0.25,0.25,0.55,0.0,0.0,0.0,0,6,2.1003364000935107,13,9,749,58,11,,original_uniform_floor_plus_prior_scores,maximum_cardinality_certified_superset_of_eBH_then_maximum_testing_evalue_sum,200,5,5,exact_dyadic_prefix_or_HiGHS_QUBO_MILP,300.0,1
35,a1f7bf3207cc39ccda0526d242f791233bff32ca9147acff838c89f73f755cf3,proven_maximal,maximize_sum_testing_e_values_at_maximum_cardinality,proven_optimal,109648.27461394644,1.8326772159434288,59829.561725358966,4,4,4,163;168;177;181,163;168;177;181,163;168;177;181,4,4,4,0,0,0,0.2,0.2,0.2,0.0,0.0,0.0,0,0,2.1597657001111656,14,7,642,45,4,,original_uniform_floor_plus_prior_scores,maximum_cardinality_certified_superset_of_eBH_then_maximum_testing_evalue_sum,200,4,4,exact_dyadic_prefix_or_HiGHS_QUBO_MILP,300.0,1
36,b8a8ab4385db14916ef2742f940f574b916aa14dd3ad5b113d0665e44e1c6f08,proven_maximal,maximize_sum_testing_e_values_at_maximum_cardinality,proven_optimal,107207.19002131432,1.3251601966208155,80901.30558908632,4,4,7,0;28;104;122,0;28;104;122,0;28;31;58;78;104;122,4,4,7,0,0,0,0.2,0.2,0.35,0.0,0.0,0.0,0,3,1.746669499902055,14,8,703,49,7,,original_uniform_floor_plus_prior_scores,maximum_cardinality_certified_superset_of_eBH_then_maximum_testing_evalue_sum,200,4,4,exact_dyadic_prefix_or_HiGHS_QUBO_MILP,300.0,1
37,084990d67fd889f893934d88f2fa0c074bba60bd1ce7f2b35c7f622349c1caf4,proven_maximal,maximize_sum_testing_e_values_at_maximum_cardinality,proven_optimal,5014.61000446326,1.7412376660742963,2879.911285039531,2,2,2,23;75,23;75,23;75,2,2,2,0,0,0,0.1,0.1,0.1,0.0,0.0,0.0,0,0,1.8002496999688449,13,8,661,46,2,,original_uniform_floor_plus_prior_scores,maximum_cardinality_certified_superset_of_eBH_then_maximum_testing_evalue_sum,200,2,2,exact_dyadic_prefix_or_HiGHS_QUBO_MILP,300.0,1
38,64fe1cc4a3a919902625ecc0dfed2a92e4062cad3e820a975564fc4e91059fbc,proven_maximal,maximize_sum_testing_e_values_at_maximum_cardinality,proven_optimal,97805.5559355172,1.0,97805.5559355172,1,1,1,154,154,154,1,1,1,0,0,0,0.05,0.05,0.05,0.0,0.0,0.0,0,0,1.983167800121009,17,7,554,41,1,,original_uniform_floor_plus_prior_scores,maximum_cardinality_certified_superset_of_eBH_then_maximum_testing_evalue_sum,200,1,1,exact_dyadic_prefix_or_HiGHS_QUBO_MILP,300.0,1
39,0ee9661543047b2afd61cbb62f8294578fc1fbc5379a62ea12c5f50a94c0cee0,proven_maximal,maximize_sum_testing_e_values_at_maximum_cardinality,proven_optimal,61434.72814642718,3.222152998521978,19066.359721157773,7,7,7,9;50;69;88;134;141;167,9;50;69;88;134;141;167,9;50;69;88;134;141;167,7,7,7,0,0,0,0.35,0.35,0.35,0.0,0.0,0.0,0,0,1.221556599950418,12,7,694,48,7,,original_uniform_floor_plus_prior_scores,maximum_cardinality_certified_superset_of_eBH_then_maximum_testing_evalue_sum,200,7,7,exact_dyadic_prefix_or_HiGHS_QUBO_MILP,300.0,1
40,b802981d47b94140cc2f4b6e0b6516813d423872cd05235f33adfbbb6de71e08,proven_maximal,maximize_sum_testing_e_values_at_maximum_cardinality,proven_optimal,23610.053009941046,1.2656078915762754,18655.108874625817,4,4,5,105;118;170;184,105;118;170;184,105;118;142;170;184,4,4,5,0,0,0,0.2,0.2,0.25,0.0,0.0,0.0,0,1,3.1224998999387026,18,9,615,41,5,,original_uniform_floor_plus_prior_scores,maximum_cardinality_certified_superset_of_eBH_then_maximum_testing_evalue_sum,200,4,4,exact_dyadic_prefix_or_HiGHS_QUBO_MILP,300.0,1
41,099403d34299ca5059a9566dcb4aaa982268b87c7d214f281e5ca6eac5c0a421,proven_maximal,maximize_sum_testing_e_values_at_maximum_cardinality,proven_optimal,0.0,0.0,1335.4897160979635,0,0,0,,,,0,0,0,0,0,0,0.0,0.0,0.0,0.0,0.0,0.0,0,0,2.0470937001518905,12,7,605,33,0,,original_uniform_floor_plus_prior_scores,maximum_cardinality_certified_superset_of_eBH_then_maximum_testing_evalue_sum,200,0,0,exact_dyadic_prefix_or_HiGHS_QUBO_MILP,300.0,1
42,ba60331a5340bcd008ed9529222932b2080c20fb2bb302352f948442159cde45,proven_maximal,maximize_sum_testing_e_values_at_maximum_cardinality,proven_optimal,17944.56027987668,2.021325990592291,8877.618139476132,4,4,6,61;107;158;169,61;107;158;169,26;33;61;107;158;169,4,4,6,0,0,0,0.2,0.2,0.3,0.0,0.0,0.0,0,2,1.889314699918032,16,8,777,45,6,,original_uniform_floor_plus_prior_scores,maximum_cardinality_certified_superset_of_eBH_then_maximum_testing_evalue_sum,200,4,4,exact_dyadic_prefix_or_HiGHS_QUBO_MILP,300.0,1
43,53ee04da4288c036cd2f1719180d3a87cda59e8b35cd07d96a431fb5b9d7d0a4,proven_maximal,maximize_sum_testing_e_values_at_maximum_cardinality,proven_optimal,14843.490506448725,2.0690945687537363,7173.906273114092,2,2,6,4;173,4;173,4;47;85;107;152;173,2,2,6,0,0,0,0.1,0.1,0.3,0.0,0.0,0.0,0,4,1.50087479990907,13,9,620,46,6,,original_uniform_floor_plus_prior_scores,maximum_cardinality_certified_superset_of_eBH_then_maximum_testing_evalue_sum,200,2,2,exact_dyadic_prefix_or_HiGHS_QUBO_MILP,300.0,1
44,c80b7d55a7dae5dd380e583c45ca46089c262ef6e6995ccde741c21fb58e6686,proven_maximal,maximize_sum_testing_e_values_at_maximum_cardinality,proven_optimal,20718.46192829308,1.9071036468579567,10863.836353324434,5,5,5,13;84;94;102;135,13;84;94;102;135,13;84;94;102;135,5,5,5,0,0,0,0.25,0.25,0.25,0.0,0.0,0.0,0,0,2.6250166001264006,14,6,698,49,5,,original_uniform_floor_plus_prior_scores,maximum_cardinality_certified_superset_of_eBH_then_maximum_testing_evalue_sum,200,5,5,exact_dyadic_prefix_or_HiGHS_QUBO_MILP,300.0,1
45,a35f5f849d3d2ca3e20ea2d6ca0a077885da572821fcb20402770ea7b2a87525,proven_maximal,maximize_sum_testing_e_values_at_maximum_cardinality,proven_optimal,47721.87493966022,1.1702467147701878,40779.32827098926,3,3,4,90;95;130,90;95;130,74;90;95;130,3,3,4,0,0,0,0.15,0.15,0.2,0.0,0.0,0.0,0,1,1.918030899949372,11,7,683,39,4,,original_uniform_floor_plus_prior_scores,maximum_cardinality_certified_superset_of_eBH_then_maximum_testing_evalue_sum,200,3,3,exact_dyadic_prefix_or_HiGHS_QUBO_MILP,300.0,1
46,d2dd1af988a9f8671cd573629c59ef5815fb4ae546d5d13ed5b6853b8f8e8607,proven_maximal,maximize_sum_testing_e_values_at_maximum_cardinality,proven_optimal,8304.826418577857,1.0,8304.826418577857,1,1,1,26,26,26,1,1,1,0,0,0,0.05,0.05,0.05,0.0,0.0,0.0,0,0,1.301212300080806,13,8,767,43,1,,original_uniform_floor_plus_prior_scores,maximum_cardinality_certified_superset_of_eBH_then_maximum_testing_evalue_sum,200,1,1,exact_dyadic_prefix_or_HiGHS_QUBO_MILP,300.0,1
47,737da2eb39116ec32fd659565ba14fff224d6915d2f8524beeeb2a154d736a5c,proven_maximal,maximize_sum_testing_e_values_at_maximum_cardinality,proven_optimal,51294.09245208495,1.455407500274759,35243.80109515816,2,2,2,29;42,29;42,29;42,2,2,2,0,0,0,0.1,0.1,0.1,0.0,0.0,0.0,0,0,2.8765604000072926,16,7,680,39,2,,original_uniform_floor_plus_prior_scores,maximum_cardinality_certified_superset_of_eBH_then_maximum_testing_evalue_sum,200,2,2,exact_dyadic_prefix_or_HiGHS_QUBO_MILP,300.0,1
48,7647e8a4586bd24377edad7e6f2d44557cb5d08eb95184be5f07b478333777b6,proven_maximal,maximize_sum_testing_e_values_at_maximum_cardinality,proven_optimal,10382.038330595791,2.166079519051272,4793.008861993698,4,4,5,0;45;52;89,0;45;52;89,0;45;52;89;163,4,4,5,0,0,0,0.2,0.2,0.25,0.0,0.0,0.0,0,1,1.6868250998668373,14,7,610,38,5,,original_uniform_floor_plus_prior_scores,maximum_cardinality_certified_superset_of_eBH_then_maximum_testing_evalue_sum,200,4,4,exact_dyadic_prefix_or_HiGHS_QUBO_MILP,300.0,1
49,7b4981b3e17f6572e6398d9da6c52a89a03a60d7abb85c7e1e78058aab17efc6,proven_maximal,maximize_sum_testing_e_values_at_maximum_cardinality,proven_optimal,4980.637608983696,2.217489298896879,2246.070640097963,0,0,3,,,37;48;151,0,0,3,0,0,0,0.0,0.0,0.15,0.0,0.0,0.0,0,3,2.8337165999691933,16,10,757,58,3,,original_uniform_floor_plus_prior_scores,maximum_cardinality_certified_superset_of_eBH_then_maximum_testing_evalue_sum,200,0,0,exact_dyadic_prefix_or_HiGHS_QUBO_MILP,300.0,1
50,14ff320ced0ff8e3cb968e2cf7a506f6554f7b0c903acbcb9918fd57801f2400,proven_maximal,maximize_sum_testing_e_values_at_maximum_cardinality,proven_optimal,11878.112094809669,2.695943536295395,4405.920203778401,5,5,10,59;68;109;122;197,59;68;109;122;197,6;46;55;59;68;109;111;122;177;197,5,5,10,0,0,0,0.25,0.25,0.5,0.0,0.0,0.0,0,5,2.0674000000581145,16,11,726,49,10,,original_uniform_floor_plus_prior_scores,maximum_cardinality_certified_superset_of_eBH_then_maximum_testing_evalue_sum,200,5,5,exact_dyadic_prefix_or_HiGHS_QUBO_MILP,300.0,1
51,21a2f81fb7ec2905653d2db01c37da44b96b4b017d82444a7de7b32396cc868f,proven_maximal,maximize_sum_testing_e_values_at_maximum_cardinality,proven_optimal,0.0,0.0,2130.986371738009,0,0,0,,,,0,0,0,0,0,0,0.0,0.0,0.0,0.0,0.0,0.0,0,0,2.1302575999870896,12,7,748,34,0,,original_uniform_floor_plus_prior_scores,maximum_cardinality_certified_superset_of_eBH_then_maximum_testing_evalue_sum,200,0,0,exact_dyadic_prefix_or_HiGHS_QUBO_MILP,300.0,1
52,9fc54a992d981f3f12062ca82e7e14e30ec8154e820f5062010ee3981de3330e,proven_maximal,maximize_sum_testing_e_values_at_maximum_cardinality,proven_optimal,4884.426433350546,1.0,4884.426433350546,1,1,1,61,61,61,1,1,1,0,0,0,0.05,0.05,0.05,0.0,0.0,0.0,0,0,3.1398966000415385,18,8,703,41,1,,original_uniform_floor_plus_prior_scores,maximum_cardinality_certified_superset_of_eBH_then_maximum_testing_evalue_sum,200,1,1,exact_dyadic_prefix_or_HiGHS_QUBO_MILP,300.0,1
53,17a3e0044a8ed6c15931bfea210dc999322dbc0f1e6acf3fcb62c8590855c90a,proven_maximal,maximize_sum_testing_e_values_at_maximum_cardinality,proven_optimal,18754.83881251972,1.6294554157918226,11509.881541254648,6,6,6,37;91;98;150;156;198,37;91;98;150;156;198,37;91;98;150;156;198,6,6,6,0,0,0,0.3,0.3,0.3,0.0,0.0,0.0,0,0,1.7751729998271912,15,5,586,47,6,,original_uniform_floor_plus_prior_scores,maximum_cardinality_certified_superset_of_eBH_then_maximum_testing_evalue_sum,200,6,6,exact_dyadic_prefix_or_HiGHS_QUBO_MILP,300.0,1
54,35b716f5dd736b93c22da2e457242444a57bb3a8d0259fef277eafdac48865ed,proven_maximal,maximize_sum_testing_e_values_at_maximum_cardinality,proven_optimal,5946.679122762306,2.6477399847352823,2245.945280520756,0,0,6,,,3;32;122;125;147;167,0,0,6,0,0,0,0.0,0.0,0.3,0.0,0.0,0.0,0,6,2.145038600079716,12,8,590,44,6,,original_uniform_floor_plus_prior_scores,maximum_cardinality_certified_superset_of_eBH_then_maximum_testing_evalue_sum,200,0,0,exact_dyadic_prefix_or_HiGHS_QUBO_MILP,300.0,1
55,d2dec2addb9cac27c9f243f5f8dde91af82dea14fc05df55f2bf4212bbd03172,proven_maximal,maximize_sum_testing_e_values_at_maximum_cardinality,proven_optimal,13226.235308615787,2.7653567335835536,4782.831505241732,3,3,4,8;20;168,8;20;168,8;12;20;168,3,3,4,0,0,0,0.15,0.15,0.2,0.0,0.0,0.0,0,1,2.3220732000190765,14,7,524,52,4,,original_uniform_floor_plus_prior_scores,maximum_cardinality_certified_superset_of_eBH_then_maximum_testing_evalue_sum,200,3,3,exact_dyadic_prefix_or_HiGHS_QUBO_MILP,300.0,1
56,25e6a58c5e23fbbcf4bbb33f1f3b100dcc9065657a4322144c62a090acc7f3d9,proven_maximal,maximize_sum_testing_e_values_at_maximum_cardinality,proven_optimal,6040.43049484737,1.0,6040.43049484737,1,1,1,25,25,25,1,1,1,0,0,0,0.05,0.05,0.05,0.0,0.0,0.0,0,0,1.8040825999341903,14,9,710,39,1,,original_uniform_floor_plus_prior_scores,maximum_cardinality_certified_superset_of_eBH_then_maximum_testing_evalue_sum,200,1,1,exact_dyadic_prefix_or_HiGHS_QUBO_MILP,300.0,1
57,826d223a74d8b829103e2634e56ea55bc9489c597068ab12d67978029629c1a6,proven_maximal,maximize_sum_testing_e_values_at_maximum_cardinality,proven_optimal,39356.58053435864,1.719998791344007,22881.748947977696,3,3,3,23;88;124,23;88;124,23;88;124,3,3,3,0,0,0,0.15,0.15,0.15,0.0,0.0,0.0,0,0,2.152055700076744,13,6,624,45,3,,original_uniform_floor_plus_prior_scores,maximum_cardinality_certified_superset_of_eBH_then_maximum_testing_evalue_sum,200,3,3,exact_dyadic_prefix_or_HiGHS_QUBO_MILP,300.0,1
58,0d05f18ecf01f082e78594eb487f37a623b7916c3d8abcb16858c97412159967,proven_maximal,maximize_sum_testing_e_values_at_maximum_cardinality,proven_optimal,17635.73654816262,1.0,17635.73654816262,1,1,1,31,31,31,1,1,1,0,0,0,0.05,0.05,0.05,0.0,0.0,0.0,0,0,2.98539140005596,16,6,606,30,1,,original_uniform_floor_plus_prior_scores,maximum_cardinality_certified_superset_of_eBH_then_maximum_testing_evalue_sum,200,1,1,exact_dyadic_prefix_or_HiGHS_QUBO_MILP,300.0,1
59,d7f5feded970b216912d9e6c859e8a4b7079908121912c2f42e2175a7f66500d,proven_maximal,maximize_sum_testing_e_values_at_maximum_cardinality,proven_optimal,15793.7216519023,1.2325255154700758,12814.113341806717,3,3,3,39;102;120,39;102;120,39;102;120,3,3,3,0,0,0,0.15,0.15,0.15,0.0,0.0,0.0,0,0,2.809617599938065,16,6,582,32,3,,original_uniform_floor_plus_prior_scores,maximum_cardinality_certified_superset_of_eBH_then_maximum_testing_evalue_sum,200,3,3,exact_dyadic_prefix_or_HiGHS_QUBO_MILP,300.0,1
60,725d17013706cce635eda853b03a8f71c6093a266647fc6148afe3bd5132968c,proven_maximal,maximize_sum_testing_e_values_at_maximum_cardinality,proven_optimal,134738.2524868957,1.1462299614870362,117549.05822920211,3,3,6,53;157;159,53;157;159,13;35;53;81;157;159,3,3,6,0,0,0,0.15,0.15,0.3,0.0,0.0,0.0,0,3,1.6975999001879245,15,9,631,29,6,,original_uniform_floor_plus_prior_scores,maximum_cardinality_certified_superset_of_eBH_then_maximum_testing_evalue_sum,200,3,3,exact_dyadic_prefix_or_HiGHS_QUBO_MILP,300.0,1
61,5141beaa76313ececed0f492e3bb842e354cb5d312adaa5c13be64e02e373206,proven_maximal,maximize_sum_testing_e_values_at_maximum_cardinality,proven_optimal,17122.0428528745,2.7238242673347126,6286.030658515491,9,9,11,36;46;88;93;98;108;130;143;150,36;46;88;93;98;108;130;143;150,36;46;71;88;93;98;108;118;130;143;150,9,9,11,0,0,0,0.45,0.45,0.55,0.0,0.0,0.0,0,2,3.875201200135052,15,7,580,41,11,,original_uniform_floor_plus_prior_scores,maximum_cardinality_certified_superset_of_eBH_then_maximum_testing_evalue_sum,200,9,9,exact_dyadic_prefix_or_HiGHS_QUBO_MILP,300.0,1
62,79a876b719641751432439744126e09dc55c3a04e116cb8c0fa89a34ffea8ed7,proven_maximal,maximize_sum_testing_e_values_at_maximum_cardinality,proven_optimal,8166.090601564032,1.1519438205985155,7088.966020340448,1,1,3,113,113,75;113;162,1,1,3,0,0,0,0.05,0.05,0.15,0.0,0.0,0.0,0,2,1.843254399951548,19,11,597,41,3,,original_uniform_floor_plus_prior_scores,maximum_cardinality_certified_superset_of_eBH_then_maximum_testing_evalue_sum,200,1,1,exact_dyadic_prefix_or_HiGHS_QUBO_MILP,300.0,1
63,8497ebe47c7d3bc316897165c12fbcb2b60b787ddb7ba4220ea51f2e5c946f49,proven_maximal,maximize_sum_testing_e_values_at_maximum_cardinality,proven_optimal,49722.14836938135,1.1230120728523036,44275.70243576598,2,2,5,55;165,55;165,55;86;93;148;165,2,2,5,0,0,0,0.1,0.1,0.25,0.0,0.0,0.0,0,3,2.128551699919626,13,8,660,51,5,,original_uniform_floor_plus_prior_scores,maximum_cardinality_certified_superset_of_eBH_then_maximum_testing_evalue_sum,200,2,2,exact_dyadic_prefix_or_HiGHS_QUBO_MILP,300.0,1
64,14d7f9f65ce93b06857cf2549c2c0beb672ba4d6cd5714fcf984b7c299b678ac,proven_maximal,maximize_sum_testing_e_values_at_maximum_cardinality,proven_optimal,5052.384033684166,3.632517352761515,1390.8767785632845,4,4,4,35;44;86;105,35;44;86;105,35;44;86;105,4,4,4,0,0,0,0.2,0.2,0.2,0.0,0.0,0.0,0,0,2.524837099947036,14,11,1007,50,4,,original_uniform_floor_plus_prior_scores,maximum_cardinality_certified_superset_of_eBH_then_maximum_testing_evalue_sum,200,4,4,exact_dyadic_prefix_or_HiGHS_QUBO_MILP,300.0,1
65,5d63ebfd4446d4630c38e2e428a17a86420d8afd9cc9829181a72decc004d54b,proven_maximal,maximize_sum_testing_e_values_at_maximum_cardinality,proven_optimal,302221.4928731062,1.0914232611677237,276905.8564408429,7,7,7,41;54;70;74;132;136;199,41;54;70;74;132;136;199,41;54;70;74;132;136;199,7,7,7,0,0,0,0.35,0.35,0.35,0.0,0.0,0.0,0,0,1.7218335000798106,14,8,714,41,7,,original_uniform_floor_plus_prior_scores,maximum_cardinality_certified_superset_of_eBH_then_maximum_testing_evalue_sum,200,7,7,exact_dyadic_prefix_or_HiGHS_QUBO_MILP,300.0,1
66,89d3149e67916ff2912e789db1cf93543f5fc47a2fb6bcf98e9f9fd1e5da8a47,proven_maximal,maximize_sum_testing_e_values_at_maximum_cardinality,proven_optimal,7669.734485932179,1.7644272348044032,4346.869247221982,1,1,4,120,120,44;120;159;191,1,1,4,0,0,0,0.05,0.05,0.2,0.0,0.0,0.0,0,3,2.293989600148052,14,8,537,33,4,,original_uniform_floor_plus_prior_scores,maximum_cardinality_certified_superset_of_eBH_then_maximum_testing_evalue_sum,200,1,1,exact_dyadic_prefix_or_HiGHS_QUBO_MILP,300.0,1
67,6392d2b7223d87e75488d76080cb35de8e03eb467c99a3635b79b1f7cfb2f301,proven_maximal,maximize_sum_testing_e_values_at_maximum_cardinality,proven_optimal,13104.802453608772,1.9584225642793056,6691.5091220016175,3,3,4,123;170;194,123;170;194,67;123;170;194,3,3,4,0,0,0,0.15,0.15,0.2,0.0,0.0,0.0,0,1,2.981002600165084,18,10,642,47,4,,original_uniform_floor_plus_prior_scores,maximum_cardinality_certified_superset_of_eBH_then_maximum_testing_evalue_sum,200,3,3,exact_dyadic_prefix_or_HiGHS_QUBO_MILP,300.0,1
68,4145899f15aca893f09ca3f7b94f0c6816e15a61331338f747b3ab60935a1dfe,proven_maximal,maximize_sum_testing_e_values_at_maximum_cardinality,proven_optimal,0.0,0.0,3415.2299352001965,0,0,0,,,,0,0,0,0,0,0,0.0,0.0,0.0,0.0,0.0,0.0,0,0,1.31726219994016,14,8,666,44,0,,original_uniform_floor_plus_prior_scores,maximum_cardinality_certified_superset_of_eBH_then_maximum_testing_evalue_sum,200,0,0,exact_dyadic_prefix_or_HiGHS_QUBO_MILP,300.0,1
69,18640c82d8689290b739964c5ad85a6d0afe8bc406cd7be23f637fa5f59db547,proven_maximal,maximize_sum_testing_e_values_at_maximum_cardinality,proven_optimal,5001.905270698186,1.0,5001.905270698186,1,1,1,144,144,144,1,1,1,0,0,0,0.05,0.05,0.05,0.0,0.0,0.0,0,0,1.8066718999762088,12,6,541,40,1,,original_uniform_floor_plus_prior_scores,maximum_cardinality_certified_superset_of_eBH_then_maximum_testing_evalue_sum,200,1,1,exact_dyadic_prefix_or_HiGHS_QUBO_MILP,300.0,1
70,bc959674729095670c7a5c53e1df2586be202cd7241393a87514698d3111ad9d,proven_maximal,maximize_sum_testing_e_values_at_maximum_cardinality,proven_optimal,9327.659170609328,3.224943247891319,2892.348315496208,3,3,9,9;103;195,9;103;195,9;68;103;125;148;156;183;186;195,3,3,9,0,0,0,0.15,0.15,0.45,0.0,0.0,0.0,0,6,1.4680457999929786,11,8,680,38,9,,original_uniform_floor_plus_prior_scores,maximum_cardinality_certified_superset_of_eBH_then_maximum_testing_evalue_sum,200,3,3,exact_dyadic_prefix_or_HiGHS_QUBO_MILP,300.0,1
71,c01c937da62609716bae28b344ec527ed3140b9017e346dbffae013477a074b1,proven_maximal,maximize_sum_testing_e_values_at_maximum_cardinality,proven_optimal,7654.447694873232,1.0,7654.447694873232,1,1,1,68,68,68,1,1,1,0,0,0,0.05,0.05,0.05,0.0,0.0,0.0,0,0,2.0835722000338137,10,6,616,29,1,,original_uniform_floor_plus_prior_scores,maximum_cardinality_certified_superset_of_eBH_then_maximum_testing_evalue_sum,200,1,1,exact_dyadic_prefix_or_HiGHS_QUBO_MILP,300.0,1
72,32d48f4cfcf45166f642874cb730d31d8bc7774e9f9f10763e2a7d30c2440eb7,proven_maximal,maximize_sum_testing_e_values_at_maximum_cardinality,proven_optimal,28199.97269438758,1.8212159958953804,15484.14507556715,4,4,4,44;111;112;132,44;111;112;132,44;111;112;132,4,4,4,0,0,0,0.2,0.2,0.2,0.0,0.0,0.0,0,0,1.831488600000739,12,8,715,47,4,,original_uniform_floor_plus_prior_scores,maximum_cardinality_certified_superset_of_eBH_then_maximum_testing_evalue_sum,200,4,4,exact_dyadic_prefix_or_HiGHS_QUBO_MILP,300.0,1
73,759e9f242cb7d5ae27e59c3deda54e4c3ab3ae8b11dad6fe8d74529c2130936b,proven_maximal,maximize_sum_testing_e_values_at_maximum_cardinality,proven_optimal,56334.55139533703,1.922241162161637,29306.70329210232,4,4,4,23;55;106;198,23;55;106;198,23;55;106;198,4,4,4,0,0,0,0.2,0.2,0.2,0.0,0.0,0.0,0,0,3.585935299983248,19,14,1405,43,4,,original_uniform_floor_plus_prior_scores,maximum_cardinality_certified_superset_of_eBH_then_maximum_testing_evalue_sum,200,4,4,exact_dyadic_prefix_or_HiGHS_QUBO_MILP,300.0,1
74,bc9f39189b200e944a1812aa3d31cfe057d5b4864b8d3ca8df7aede313fbb406,proven_maximal,maximize_sum_testing_e_values_at_maximum_cardinality,proven_optimal,5996.964884591971,2.25057850029059,2664.632619487681,0,0,6,,,46;48;69;75;88;115,0,0,6,0,0,0,0.0,0.0,0.3,0.0,0.0,0.0,0,6,1.486443999921903,13,9,614,46,6,,original_uniform_floor_plus_prior_scores,maximum_cardinality_certified_superset_of_eBH_then_maximum_testing_evalue_sum,200,0,0,exact_dyadic_prefix_or_HiGHS_QUBO_MILP,300.0,1
75,413e411d1a6ba18c8cba1e3da0d9a5687bc42dfbfac1775abfedfc448aea06ad,proven_maximal,maximize_sum_testing_e_values_at_maximum_cardinality,proven_optimal,23133.342352053587,2.34832461659966,9850.998532541184,4,4,4,46;49;102;156,46;49;102;156,46;49;102;156,4,4,4,0,0,0,0.2,0.2,0.2,0.0,0.0,0.0,0,0,2.6884343000128865,17,9,696,46,4,,original_uniform_floor_plus_prior_scores,maximum_cardinality_certified_superset_of_eBH_then_maximum_testing_evalue_sum,200,4,4,exact_dyadic_prefix_or_HiGHS_QUBO_MILP,300.0,1
76,da677c01a98deab4f79c15fcdc6b413125e27862e9dd407b7836f6a1a4278dcf,proven_maximal,maximize_sum_testing_e_values_at_maximum_cardinality,proven_optimal,8139.670759781537,1.3680814582982592,5949.697447041187,1,1,3,105,105,105;150;166,1,1,3,0,0,0,0.05,0.05,0.15,0.0,0.0,0.0,0,2,1.6468979001510888,11,8,616,34,3,,original_uniform_floor_plus_prior_scores,maximum_cardinality_certified_superset_of_eBH_then_maximum_testing_evalue_sum,200,1,1,exact_dyadic_prefix_or_HiGHS_QUBO_MILP,300.0,1
77,fcdff11cf0c7e966834b85fd68f17243b3dac2a361b3f3e75b32610f9d815ed9,proven_maximal,maximize_sum_testing_e_values_at_maximum_cardinality,proven_optimal,66991.44538898153,1.5793950656084224,42415.88874609707,5,5,5,9;15;19;56;98,9;15;19;56;98,9;15;19;56;98,5,5,5,0,0,0,0.25,0.25,0.25,0.0,0.0,0.0,0,0,1.5932279999833554,14,7,679,39,5,,original_uniform_floor_plus_prior_scores,maximum_cardinality_certified_superset_of_eBH_then_maximum_testing_evalue_sum,200,5,5,exact_dyadic_prefix_or_HiGHS_QUBO_MILP,300.0,1
78,6bfad095efe398f5539708b818a8f8d8ffe55f3af0fad6334057a28c5b095906,proven_maximal,maximize_sum_testing_e_values_at_maximum_cardinality,proven_optimal,7302.360871800824,2.6596667075863523,2745.592465015181,2,2,5,160;164,160;164,3;11;146;160;164,2,2,5,0,0,0,0.1,0.1,0.25,0.0,0.0,0.0,0,3,2.544823099859059,14,11,904,49,5,,original_uniform_floor_plus_prior_scores,maximum_cardinality_certified_superset_of_eBH_then_maximum_testing_evalue_sum,200,2,2,exact_dyadic_prefix_or_HiGHS_QUBO_MILP,300.0,1
79,6da3e3320ff27cf5029940e15f56833497ea17ccaf93863b806a9fe120b8842a,proven_maximal,maximize_sum_testing_e_values_at_maximum_cardinality,proven_optimal,11062.469975426837,1.892173617203928,5846.434954406506,3,3,4,8;72;80,8;72;80,8;72;80;164,3,3,4,0,0,0,0.15,0.15,0.2,0.0,0.0,0.0,0,1,1.4990975998807698,14,8,638,51,4,,original_uniform_floor_plus_prior_scores,maximum_cardinality_certified_superset_of_eBH_then_maximum_testing_evalue_sum,200,3,3,exact_dyadic_prefix_or_HiGHS_QUBO_MILP,300.0,1
80,7c64b6ce68dfbd75624053528d499e4fef23db6d0caffca57bb0081c7d5ead98,proven_maximal,maximize_sum_testing_e_values_at_maximum_cardinality,proven_optimal,94629.57460028592,1.0,94629.57460028592,1,1,1,70,70,70,1,1,1,0,0,0,0.05,0.05,0.05,0.0,0.0,0.0,0,0,2.042199700139463,14,7,645,47,1,,original_uniform_floor_plus_prior_scores,maximum_cardinality_certified_superset_of_eBH_then_maximum_testing_evalue_sum,200,1,1,exact_dyadic_prefix_or_HiGHS_QUBO_MILP,300.0,1
81,43530400cbc5e02e63a47d0081dc21a559134c8020b99b321ccbc4e01aceddae,proven_maximal,maximize_sum_testing_e_values_at_maximum_cardinality,proven_optimal,1054076.0976055851,1.1414693243791283,923437.954128922,5,5,8,34;92;93;135;145,34;92;93;135;145,29;34;92;93;135;145;165;183,5,5,8,0,0,0,0.25,0.25,0.4,0.0,0.0,0.0,0,3,2.937208799878136,18,11,731,45,8,,original_uniform_floor_plus_prior_scores,maximum_cardinality_certified_superset_of_eBH_then_maximum_testing_evalue_sum,200,5,5,exact_dyadic_prefix_or_HiGHS_QUBO_MILP,300.0,1
82,de26ca51ed6e471f4eda5730aeb86a31ceec4dbac39fdcccb8e27692785e59e1,proven_maximal,maximize_sum_testing_e_values_at_maximum_cardinality,proven_optimal,125766.56379460156,1.0716503767036771,117357.8309947045,4,4,4,121;141;162;167,121;141;162;167,121;141;162;167,4,4,4,0,0,0,0.2,0.2,0.2,0.0,0.0,0.0,0,0,1.3999147999566048,13,5,515,50,4,,original_uniform_floor_plus_prior_scores,maximum_cardinality_certified_superset_of_eBH_then_maximum_testing_evalue_sum,200,4,4,exact_dyadic_prefix_or_HiGHS_QUBO_MILP,300.0,1
83,8ab85d523834faa6bfc13de584d10d511f580613e6f60df111e3fb34079c43d5,proven_maximal,maximize_sum_testing_e_values_at_maximum_cardinality,proven_optimal,22949.695962855287,2.075661760817028,11056.568269495778,7,7,7,34;45;79;156;157;168;170,34;45;79;156;157;168;170,34;45;79;156;157;168;170,7,7,7,0,0,0,0.35,0.35,0.35,0.0,0.0,0.0,0,0,2.9920063000172377,18,9,743,39,7,,original_uniform_floor_plus_prior_scores,maximum_cardinality_certified_superset_of_eBH_then_maximum_testing_evalue_sum,200,7,7,exact_dyadic_prefix_or_HiGHS_QUBO_MILP,300.0,1
84,0467c1a7b4c17cf16f0a8494021d39626b50679807268988226bf92159968a37,proven_maximal,maximize_sum_testing_e_values_at_maximum_cardinality,proven_optimal,0.0,0.0,1448.58585465145,0,0,0,,,,0,0,0,0,0,0,0.0,0.0,0.0,0.0,0.0,0.0,0,0,0.6290740000549704,3,3,300,37,0,,original_uniform_floor_plus_prior_scores,maximum_cardinality_certified_superset_of_eBH_then_maximum_testing_evalue_sum,200,0,0,exact_dyadic_prefix_or_HiGHS_QUBO_MILP,300.0,1
85,40eec60b6b26bb1fc34f905d00dd04c79f7f1b8d5130347d554699836b2f4b6d,proven_maximal,maximize_sum_testing_e_values_at_maximum_cardinality,proven_optimal,545493.1959151468,1.0136939199953643,538124.1666297469,3,3,8,55;127;190,55;127;190,55;83;107;114;118;127;179;190,3,3,8,0,0,0,0.15,0.15,0.4,0.0,0.0,0.0,0,5,1.674070400185883,9,8,652,35,8,,original_uniform_floor_plus_prior_scores,maximum_cardinality_certified_superset_of_eBH_then_maximum_testing_evalue_sum,200,3,3,exact_dyadic_prefix_or_HiGHS_QUBO_MILP,300.0,1
86,b2ea37f91cce254ed73ad16aee921ed9719cee433dbed2d19c661e395dd48597,proven_maximal,maximize_sum_testing_e_values_at_maximum_cardinality,proven_optimal,15502.26435663155,2.5844391946754093,5998.308796960706,4,4,4,16;56;127;147,16;56;127;147,16;56;127;147,4,4,4,0,0,0,0.2,0.2,0.2,0.0,0.0,0.0,0,0,1.969329799991101,17,8,661,42,4,,original_uniform_floor_plus_prior_scores,maximum_cardinality_certified_superset_of_eBH_then_maximum_testing_evalue_sum,200,4,4,exact_dyadic_prefix_or_HiGHS_QUBO_MILP,300.0,1
87,1ffa572e76540db552386a5134ea0681c7816922d74d26a9af5657baed957566,proven_maximal,maximize_sum_testing_e_values_at_maximum_cardinality,proven_optimal,19344.01295497742,2.253017034609021,8585.826319921413,5,5,5,84;119;131;173;196,84;119;131;173;196,84;119;131;173;196,5,5,5,0,0,0,0.25,0.25,0.25,0.0,0.0,0.0,0,0,2.8140259000938386,16,8,771,43,5,,original_uniform_floor_plus_prior_scores,maximum_cardinality_certified_superset_of_eBH_then_maximum_testing_evalue_sum,200,5,5,exact_dyadic_prefix_or_HiGHS_QUBO_MILP,300.0,1
88,cd41ddb6ab91836112166de24c7741791af842b0a0e314e29fd8cf761c0a7f58,proven_maximal,maximize_sum_testing_e_values_at_maximum_cardinality,proven_optimal,5317.875247254443,1.421963174438863,3739.812213739635,0,0,3,,,78;88;116,0,0,3,0,0,0,0.0,0.0,0.15,0.0,0.0,0.0,0,3,1.4158288000617176,10,6,550,35,3,,original_uniform_floor_plus_prior_scores,maximum_cardinality_certified_superset_of_eBH_then_maximum_testing_evalue_sum,200,0,0,exact_dyadic_prefix_or_HiGHS_QUBO_MILP,300.0,1
89,326e14d57ebe4634b4ae2f04eda3d978f4050d653529323573b9911b0e5c59a3,proven_maximal,maximize_sum_testing_e_values_at_maximum_cardinality,proven_optimal,55248.80816837474,1.0,55248.80816837474,1,1,1,1,1,1,1,1,1,0,0,0,0.05,0.05,0.05,0.0,0.0,0.0,0,0,1.921765899984166,14,6,602,37,1,,original_uniform_floor_plus_prior_scores,maximum_cardinality_certified_superset_of_eBH_then_maximum_testing_evalue_sum,200,1,1,exact_dyadic_prefix_or_HiGHS_QUBO_MILP,300.0,1
90,86dd7441090efa387399d09c9a81a1d142f8cf98db0fd432fec8a0836adb88d2,proven_maximal,maximize_sum_testing_e_values_at_maximum_cardinality,proven_optimal,30079.35533982227,2.244548977313765,13401.06883112913,5,5,6,57;76;89;129;142,57;76;89;129;142,4;57;76;89;129;142,5,5,6,0,0,0,0.25,0.25,0.3,0.0,0.0,0.0,0,1,1.9707470999564976,15,7,604,45,6,,original_uniform_floor_plus_prior_scores,maximum_cardinality_certified_superset_of_eBH_then_maximum_testing_evalue_sum,200,5,5,exact_dyadic_prefix_or_HiGHS_QUBO_MILP,300.0,1
91,da12fd1eeddab28b1babfa263685add064d1aee1f54da5d9a3ee17f489653000,proven_maximal,maximize_sum_testing_e_values_at_maximum_cardinality,proven_optimal,25357.71031482145,1.0,25357.71031482145,1,1,1,59,59,59,1,1,1,0,0,0,0.05,0.05,0.05,0.0,0.0,0.0,0,0,2.000644800020382,17,8,708,45,1,,original_uniform_floor_plus_prior_scores,maximum_cardinality_certified_superset_of_eBH_then_maximum_testing_evalue_sum,200,1,1,exact_dyadic_prefix_or_HiGHS_QUBO_MILP,300.0,1
92,a73c4251479ba2cf79db82766389b0a5870d4b0e0203342cbc135df9389a8b94,proven_maximal,maximize_sum_testing_e_values_at_maximum_cardinality,proven_optimal,4569.571530207637,1.9912188988135884,2294.861470494423,2,2,3,37;172,37;172,37;44;172,2,2,3,0,0,0,0.1,0.1,0.15,0.0,0.0,0.0,0,1,1.7268328999634832,14,12,718,44,3,,original_uniform_floor_plus_prior_scores,maximum_cardinality_certified_superset_of_eBH_then_maximum_testing_evalue_sum,200,2,2,exact_dyadic_prefix_or_HiGHS_QUBO_MILP,300.0,1
93,894b974f7a3de427cdffe0e477e244ffa22329aec2479b0f79c9038716564db2,proven_maximal,maximize_sum_testing_e_values_at_maximum_cardinality,proven_optimal,264524.2719624419,1.0130675949598802,261112.163964654,3,3,3,25;83;155,25;83;155,25;83;155,3,3,3,0,0,0,0.15,0.15,0.15,0.0,0.0,0.0,0,0,1.6146716999355704,13,6,607,36,3,,original_uniform_floor_plus_prior_scores,maximum_cardinality_certified_superset_of_eBH_then_maximum_testing_evalue_sum,200,3,3,exact_dyadic_prefix_or_HiGHS_QUBO_MILP,300.0,1
94,1224ea5a8e4a42521323331615130e830d0382306097d5d778b671b59bf3c184,proven_maximal,maximize_sum_testing_e_values_at_maximum_cardinality,proven_optimal,6190.053789771183,1.0,6190.053789771183,1,1,1,167,167,167,1,1,1,0,0,0,0.05,0.05,0.05,0.0,0.0,0.0,0,0,1.1033145000692457,7,6,538,35,1,,original_uniform_floor_plus_prior_scores,maximum_cardinality_certified_superset_of_eBH_then_maximum_testing_evalue_sum,200,1,1,exact_dyadic_prefix_or_HiGHS_QUBO_MILP,300.0,1
95,f6c22cfacca6196675e015fac1ec53dab6cef35db8e6574f43c9696435759127,proven_maximal,maximize_sum_testing_e_values_at_maximum_cardinality,proven_optimal,235515.5976453899,1.1714264987446814,201050.2561601364,4,4,7,22;44;173;197,22;44;173;197,13;22;44;49;91;173;197,4,4,7,0,0,0,0.2,0.2,0.35,0.0,0.0,0.0,0,3,1.6926889000460503,14,8,606,34,7,,original_uniform_floor_plus_prior_scores,maximum_cardinality_certified_superset_of_eBH_then_maximum_testing_evalue_sum,200,4,4,exact_dyadic_prefix_or_HiGHS_QUBO_MILP,300.0,1
96,e728d5384eeb7f97895fda92dc341c74b2ac255a01b1e60fa2e6a7fda7808b76,proven_maximal,maximize_sum_testing_e_values_at_maximum_cardinality,proven_optimal,0.0,0.0,2391.3765570428927,0,0,0,,,,0,0,0,0,0,0,0.0,0.0,0.0,0.0,0.0,0.0,0,0,1.2859143998939544,11,8,580,37,0,,original_uniform_floor_plus_prior_scores,maximum_cardinality_certified_superset_of_eBH_then_maximum_testing_evalue_sum,200,0,0,exact_dyadic_prefix_or_HiGHS_QUBO_MILP,300.0,1
97,59fb9bff63c3cc7bb2ee6f8cc753da2facb4cf3fe78ad86c3bb6e56419ecc6a1,proven_maximal,maximize_sum_testing_e_values_at_maximum_cardinality,proven_optimal,30605.507876888056,1.1529613477922154,26545.12914547741,3,3,3,7;47;144,7;47;144,7;47;144,3,3,3,0,0,0,0.15,0.15,0.15,0.0,0.0,0.0,0,0,1.443720200099051,13,7,664,37,3,,original_uniform_floor_plus_prior_scores,maximum_cardinality_certified_superset_of_eBH_then_maximum_testing_evalue_sum,200,3,3,exact_dyadic_prefix_or_HiGHS_QUBO_MILP,300.0,1
98,f6ee92ac4e6739b385bdcc4a095dea38714a94c800cc80ec4f0881d4e4074bd4,proven_maximal,maximize_sum_testing_e_values_at_maximum_cardinality,proven_optimal,1614810.268861604,1.0435152440383364,1547471.6618536331,4,4,5,9;50;122;134,9;50;122;134,9;12;50;122;134,4,4,5,0,0,0,0.2,0.2,0.25,0.0,0.0,0.0,0,1,1.8938314002007248,14,8,617,38,5,,original_uniform_floor_plus_prior_scores,maximum_cardinality_certified_superset_of_eBH_then_maximum_testing_evalue_sum,200,4,4,exact_dyadic_prefix_or_HiGHS_QUBO_MILP,300.0,1
99,af1df226291f2e9efc9c3f7bbd5b60aeea0acb0346ea7abc204baefc56519bc9,proven_maximal,maximize_sum_testing_e_values_at_maximum_cardinality,proven_optimal,46155.31459982038,1.0535328492221157,43810.038418735145,1,1,5,91,91,10;34;63;83;91,1,1,5,0,0,0,0.05,0.05,0.25,0.0,0.0,0.0,0,4,1.4397255999501797,11,8,613,43,5,,original_uniform_floor_plus_prior_scores,maximum_cardinality_certified_superset_of_eBH_then_maximum_testing_evalue_sum,200,1,1,exact_dyadic_prefix_or_HiGHS_QUBO_MILP,300.0,1
100,8f4735f8d6fab1acf005fa2a4924b22cf55cafd2cf895cfb2173eb9d1ecdce45,proven_maximal,maximize_sum_testing_e_values_at_maximum_cardinality,proven_optimal,358130.42367295927,1.0705163643800208,334539.88709492265,5,5,7,18;47;70;79;91,18;47;70;79;91,18;47;70;79;91;173;192,5,5,7,0,0,0,0.25,0.25,0.35,0.0,0.0,0.0,0,2,1.977632199879736,17,9,807,46,7,,original_uniform_floor_plus_prior_scores,maximum_cardinality_certified_superset_of_eBH_then_maximum_testing_evalue_sum,200,5,5,exact_dyadic_prefix_or_HiGHS_QUBO_MILP,300.0,1
101,402c3f975aba249cc50e825c31928092cafcddc5b32551009305dad463196cd9,proven_maximal,maximize_sum_testing_e_values_at_maximum_cardinality,proven_optimal,8932.558872351736,2.303982943322448,3877.0073790002025,5,5,6,88;90;146;160;181,88;90;146;160;181,62;88;90;146;160;181,5,5,6,0,0,0,0.25,0.25,0.3,0.0,0.0,0.0,0,1,1.948609999846667,15,6,540,33,6,,original_uniform_floor_plus_prior_scores,maximum_cardinality_certified_superset_of_eBH_then_maximum_testing_evalue_sum,200,5,5,exact_dyadic_prefix_or_HiGHS_QUBO_MILP,300.0,1
102,c5403ddcfb1dd7762e1acc16db52ac457a0619dba462926456107c6153e2c34f,proven_maximal,maximize_sum_testing_e_values_at_maximum_cardinality,proven_optimal,329660.04864150134,1.0688027768920911,308438.6154011505,3,3,3,12;42;46,12;42;46,12;42;46,3,3,3,0,0,0,0.15,0.15,0.15,0.0,0.0,0.0,0,0,1.994751599850133,17,8,626,49,3,,original_uniform_floor_plus_prior_scores,maximum_cardinality_certified_superset_of_eBH_then_maximum_testing_evalue_sum,200,3,3,exact_dyadic_prefix_or_HiGHS_QUBO_MILP,300.0,1
103,6b3fb14f7805b402de4859a2b7cc4793a4f8c3e808de63f4fdb1bea4fdfbe607,proven_maximal,maximize_sum_testing_e_values_at_maximum_cardinality,proven_optimal,36311.39668788108,1.0,36311.39668788108,1,1,1,80,80,80,1,1,1,0,0,0,0.05,0.05,0.05,0.0,0.0,0.0,0,0,0.8224215998779982,6,6,582,43,1,,original_uniform_floor_plus_prior_scores,maximum_cardinality_certified_superset_of_eBH_then_maximum_testing_evalue_sum,200,1,1,exact_dyadic_prefix_or_HiGHS_QUBO_MILP,300.0,1
104,8a8572a8b807f4825df0ac5f36a7eff1a19ae59cd945f52c19fae5bd3f9b8483,proven_maximal,maximize_sum_testing_e_values_at_maximum_cardinality,proven_optimal,0.0,0.0,1803.0041157323392,0,0,0,,,,0,0,0,0,0,0,0.0,0.0,0.0,0.0,0.0,0.0,0,0,1.799537300132215,14,7,680,37,0,,original_uniform_floor_plus_prior_scores,maximum_cardinality_certified_superset_of_eBH_then_maximum_testing_evalue_sum,200,0,0,exact_dyadic_prefix_or_HiGHS_QUBO_MILP,300.0,1
105,9a8fe463eb93196b9ad6c137542d1fa80caf406d5c7d6fd8cd4918a794c3a8c1,proven_maximal,maximize_sum_testing_e_values_at_maximum_cardinality,proven_optimal,19516.619749351023,2.127709053377344,9172.59797262789,6,6,10,24;97;128;132;159;179,24;97;128;132;159;179,24;50;91;97;128;132;159;160;170;179,6,6,10,0,0,0,0.3,0.3,0.5,0.0,0.0,0.0,0,4,2.144201199989766,16,10,617,40,10,,original_uniform_floor_plus_prior_scores,maximum_cardinality_certified_superset_of_eBH_then_maximum_testing_evalue_sum,200,6,6,exact_dyadic_prefix_or_HiGHS_QUBO_MILP,300.0,1
106,dd5865405efa35b749b2d224ebac7f9504ec4d98b6a0d1b6fdfea3778c48d2ef,proven_maximal,maximize_sum_testing_e_values_at_maximum_cardinality,proven_optimal,0.0,0.0,733.0813105517109,0,0,0,,,,0,0,0,0,0,0,0.0,0.0,0.0,0.0,0.0,0.0,0,0,0.504050699993968,3,3,300,38,0,,original_uniform_floor_plus_prior_scores,maximum_cardinality_certified_superset_of_eBH_then_maximum_testing_evalue_sum,200,0,0,exact_dyadic_prefix_or_HiGHS_QUBO_MILP,300.0,1
107,b9e66aa32fa2a00679aa43da1de1e572fe962c4fe873c98a28eea5207168e173,proven_maximal,maximize_sum_testing_e_values_at_maximum_cardinality,proven_optimal,16202.416022596575,1.8906753989055904,8569.644494224274,5,5,6,14;71;111;118;134,14;71;111;118;134,14;41;71;111;118;134,5,5,6,0,0,0,0.25,0.25,0.3,0.0,0.0,0.0,0,1,1.377965500112623,11,7,537,32,6,,original_uniform_floor_plus_prior_scores,maximum_cardinality_certified_superset_of_eBH_then_maximum_testing_evalue_sum,200,5,5,exact_dyadic_prefix_or_HiGHS_QUBO_MILP,300.0,1
108,dcce19ed330f7f8ea2a06d369b0154851b819cbf66a566d8a80ca6c07d50dbd4,proven_maximal,maximize_sum_testing_e_values_at_maximum_cardinality,proven_optimal,0.0,0.0,3368.490810582972,0,0,0,,,,0,0,0,0,0,0,0.0,0.0,0.0,0.0,0.0,0.0,0,0,1.5335373000707475,14,9,682,45,0,,original_uniform_floor_plus_prior_scores,maximum_cardinality_certified_superset_of_eBH_then_maximum_testing_evalue_sum,200,0,0,exact_dyadic_prefix_or_HiGHS_QUBO_MILP,300.0,1
109,886391c12e01a5b0e5184e668b35a3ebca5281036268b42ab0b6a2186a468d68,proven_maximal,maximize_sum_testing_e_values_at_maximum_cardinality,proven_optimal,10658.975399508145,2.150940467711232,4955.495309849335,2,2,5,4;80,4;80,4;77;80;129;187,2,2,5,0,0,0,0.1,0.1,0.25,0.0,0.0,0.0,0,3,1.7632455001585186,14,8,610,44,5,,original_uniform_floor_plus_prior_scores,maximum_cardinality_certified_superset_of_eBH_then_maximum_testing_evalue_sum,200,2,2,exact_dyadic_prefix_or_HiGHS_QUBO_MILP,300.0,1
110,848c83db2c04f0c8c60601392305d4dd410f9336c8573fa13197cfb9767d54d5,proven_maximal,maximize_sum_testing_e_values_at_maximum_cardinality,proven_optimal,20655.85454332971,1.6337153317170412,12643.484542451057,3,3,3,11;22;171,11;22;171,11;22;171,3,3,3,0,0,0,0.15,0.15,0.15,0.0,0.0,0.0,0,0,1.7776997000910342,14,6,607,37,3,,original_uniform_floor_plus_prior_scores,maximum_cardinality_certified_superset_of_eBH_then_maximum_testing_evalue_sum,200,3,3,exact_dyadic_prefix_or_HiGHS_QUBO_MILP,300.0,1
111,11cda77df6b836ad69654587ca1d6ab351d2aa08912cc4941a62f4155158a537,proven_maximal,maximize_sum_testing_e_values_at_maximum_cardinality,proven_optimal,30793.709136431367,1.900720808232871,16201.06909076286,9,9,13,23;43;55;58;73;75;77;121;151,23;43;55;58;73;75;77;121;151,11;23;43;55;58;73;75;77;88;108;121;151;179,9,9,13,0,0,0,0.45,0.45,0.65,0.0,0.0,0.0,0,4,2.5816649000626057,9,6,600,48,13,,original_uniform_floor_plus_prior_scores,maximum_cardinality_certified_superset_of_eBH_then_maximum_testing_evalue_sum,200,9,9,exact_dyadic_prefix_or_HiGHS_QUBO_MILP,300.0,1
112,89c8f907b275e46a73ee46eb834c390791ed008c8c501e28afcb2dd9dc3e5bdd,proven_maximal,maximize_sum_testing_e_values_at_maximum_cardinality,proven_optimal,10919.948074169695,1.9977781891876656,5466.0462974670645,3,3,4,43;53;114,43;53;114,43;53;110;114,3,3,4,0,0,0,0.15,0.15,0.2,0.0,0.0,0.0,0,1,1.9457839999813584,15,7,534,38,4,,original_uniform_floor_plus_prior_scores,maximum_cardinality_certified_superset_of_eBH_then_maximum_testing_evalue_sum,200,3,3,exact_dyadic_prefix_or_HiGHS_QUBO_MILP,300.0,1
113,6e616570cddc5d8bba9167b662b595ef03930ff8c73184e65bd5113536fca9ca,proven_maximal,maximize_sum_testing_e_values_at_maximum_cardinality,proven_optimal,6931.550369580497,1.0,6931.550369580497,1,1,1,176,176,176,1,1,1,0,0,0,0.05,0.05,0.05,0.0,0.0,0.0,0,0,1.2012158001307398,12,7,659,50,1,,original_uniform_floor_plus_prior_scores,maximum_cardinality_certified_superset_of_eBH_then_maximum_testing_evalue_sum,200,1,1,exact_dyadic_prefix_or_HiGHS_QUBO_MILP,300.0,1
114,f9ba32ca746d356b59b54b0719b7b82eb89fe6cff045509da040872501792abd,proven_maximal,maximize_sum_testing_e_values_at_maximum_cardinality,proven_optimal,43325.25987228857,1.3985757408201225,30978.129112180013,5,5,5,40;102;135;166;186,40;102;135;166;186,40;102;135;166;186,5,5,5,0,0,0,0.25,0.25,0.25,0.0,0.0,0.0,0,0,2.525815200060606,18,8,749,47,5,,original_uniform_floor_plus_prior_scores,maximum_cardinality_certified_superset_of_eBH_then_maximum_testing_evalue_sum,200,5,5,exact_dyadic_prefix_or_HiGHS_QUBO_MILP,300.0,1
115,9201b394019b2aa4e47658ad29e51ec257990216f49a3f9b85dd027990bd374a,proven_maximal,maximize_sum_testing_e_values_at_maximum_cardinality,proven_optimal,6387.473524583479,1.0,6387.473524583479,1,1,1,131,131,131,1,1,1,0,0,0,0.05,0.05,0.05,0.0,0.0,0.0,0,0,2.0458535000216216,15,6,631,44,1,,original_uniform_floor_plus_prior_scores,maximum_cardinality_certified_superset_of_eBH_then_maximum_testing_evalue_sum,200,1,1,exact_dyadic_prefix_or_HiGHS_QUBO_MILP,300.0,1
116,97c08032d44c3c2ac94901f67df724f54f87718aade264e8839fc4ef94cdb350,proven_maximal,maximize_sum_testing_e_values_at_maximum_cardinality,proven_optimal,9927.61185536322,2.2698539102996635,4373.678768627266,3,3,3,51;55;126,51;55;126,51;55;126,3,3,3,0,0,0,0.15,0.15,0.15,0.0,0.0,0.0,0,0,1.5458428000565618,12,6,583,40,3,,original_uniform_floor_plus_prior_scores,maximum_cardinality_certified_superset_of_eBH_then_maximum_testing_evalue_sum,200,3,3,exact_dyadic_prefix_or_HiGHS_QUBO_MILP,300.0,1
117,f8df3ad4d5792c3a7d907ef3808acebe34dd7f5023c1d5bfb0410bab16e8ce5b,proven_maximal,maximize_sum_testing_e_values_at_maximum_cardinality,proven_optimal,11356.00729795626,2.716246494357833,4180.772003404284,4,4,5,41;53;74;120,41;53;74;120,20;41;53;74;120,4,4,5,0,0,0,0.2,0.2,0.25,0.0,0.0,0.0,0,1,1.762291399994865,14,10,606,48,5,,original_uniform_floor_plus_prior_scores,maximum_cardinality_certified_superset_of_eBH_then_maximum_testing_evalue_sum,200,4,4,exact_dyadic_prefix_or_HiGHS_QUBO_MILP,300.0,1
118,aa7bd5be2b498dfb354d6e90beee12449e65119ea84dc12e1121e2e8e1785e3a,proven_maximal,maximize_sum_testing_e_values_at_maximum_cardinality,proven_optimal,11811.853500663909,2.348616155515971,5029.282231974149,3,3,3,33;75;131,33;75;131,33;75;131,3,3,3,0,0,0,0.15,0.15,0.15,0.0,0.0,0.0,0,0,2.3264249998610467,16,6,514,38,3,,original_uniform_floor_plus_prior_scores,maximum_cardinality_certified_superset_of_eBH_then_maximum_testing_evalue_sum,200,3,3,exact_dyadic_prefix_or_HiGHS_QUBO_MILP,300.0,1
119,04c6a525d1354161f4d5665234ffa2365e4064704d62c277e4865119be1b6c4a,proven_maximal,maximize_sum_testing_e_values_at_maximum_cardinality,proven_optimal,38735.732839225326,2.581587902945392,15004.615103375272,12,12,13,23;37;44;59;81;94;138;152;155;157;172;176,23;37;44;59;81;94;138;152;155;157;172;176,23;37;44;59;81;94;138;144;152;155;157;172;176,12,12,13,0,0,0,0.6,0.6,0.65,0.0,0.0,0.0,0,1,3.242403500014916,14,6,593,50,13,,original_uniform_floor_plus_prior_scores,maximum_cardinality_certified_superset_of_eBH_then_maximum_testing_evalue_sum,200,12,12,exact_dyadic_prefix_or_HiGHS_QUBO_MILP,300.0,1
120,7c19c42656e75ca3bf93945a939f710aed0f3168b397d24cb7aaa5aea91c146d,proven_maximal,maximize_sum_testing_e_values_at_maximum_cardinality,proven_optimal,148022.73914040058,1.0518276074951791,140729.08724358524,5,5,5,18;83;84;130;157,18;83;84;130;157,18;83;84;130;157,5,5,5,0,0,0,0.25,0.25,0.25,0.0,0.0,0.0,0,0,1.9799113001208752,16,6,642,49,5,,original_uniform_floor_plus_prior_scores,maximum_cardinality_certified_superset_of_eBH_then_maximum_testing_evalue_sum,200,5,5,exact_dyadic_prefix_or_HiGHS_QUBO_MILP,300.0,1
121,0b0d660fc188400f04e0dc45432a4c0a8e9854344fa428cf4228c260dea02159,proven_maximal,maximize_sum_testing_e_values_at_maximum_cardinality,proven_optimal,2056.6955112800947,1.0,2056.6955112800947,0,0,1,,,98,0,0,1,0,0,0,0.0,0.0,0.05,0.0,0.0,0.0,0,1,1.991722399834544,15,11,814,43,1,,original_uniform_floor_plus_prior_scores,maximum_cardinality_certified_superset_of_eBH_then_maximum_testing_evalue_sum,200,0,0,exact_dyadic_prefix_or_HiGHS_QUBO_MILP,300.0,1
122,daad4b16f20cddbabbe5142984f1001ac4266a4d645922fc6632a1c5851bc0c5,proven_maximal,maximize_sum_testing_e_values_at_maximum_cardinality,proven_optimal,0.0,0.0,1846.40426978216,0,0,0,,,,0,0,0,0,0,0,0.0,0.0,0.0,0.0,0.0,0.0,0,0,1.9405652000568807,15,7,547,41,0,,original_uniform_floor_plus_prior_scores,maximum_cardinality_certified_superset_of_eBH_then_maximum_testing_evalue_sum,200,0,0,exact_dyadic_prefix_or_HiGHS_QUBO_MILP,300.0,1
123,42ad69438e38b1c92c7ca86ba8133f21ccc52095edce6f7e7402fba747f15c14,proven_maximal,maximize_sum_testing_e_values_at_maximum_cardinality,proven_optimal,0.0,0.0,525.677731548747,0,0,0,,,,0,0,0,0,0,0,0.0,0.0,0.0,0.0,0.0,0.0,0,0,0.5580033001024276,3,3,300,27,0,,original_uniform_floor_plus_prior_scores,maximum_cardinality_certified_superset_of_eBH_then_maximum_testing_evalue_sum,200,0,0,exact_dyadic_prefix_or_HiGHS_QUBO_MILP,300.0,1
124,2bd2858ca790e542339134227582791ba9bf4e26402802bf1a582098f20b7028,proven_maximal,maximize_sum_testing_e_values_at_maximum_cardinality,proven_optimal,22208.476246606144,1.492404058731983,14881.007671257285,5,5,5,7;70;112;175;181,7;70;112;175;181,7;70;112;175;181,5,5,5,0,0,0,0.25,0.25,0.25,0.0,0.0,0.0,0,0,1.7127243999857455,12,6,591,38,5,,original_uniform_floor_plus_prior_scores,maximum_cardinality_certified_superset_of_eBH_then_maximum_testing_evalue_sum,200,5,5,exact_dyadic_prefix_or_HiGHS_QUBO_MILP,300.0,1
125,a74d97530de23657940c6477eb25efb2da47c268ccd35f3474594b5618571712,proven_maximal,maximize_sum_testing_e_values_at_maximum_cardinality,proven_optimal,11372.484504989632,1.393091923438237,8163.484629873983,2,2,3,49;55,49;55,49;55;116,2,2,3,0,0,0,0.1,0.1,0.15,0.0,0.0,0.0,0,1,2.14954650006257,13,7,623,32,3,,original_uniform_floor_plus_prior_scores,maximum_cardinality_certified_superset_of_eBH_then_maximum_testing_evalue_sum,200,2,2,exact_dyadic_prefix_or_HiGHS_QUBO_MILP,300.0,1
126,a5dc191387d10f257ab49a0ef81ff5c5a708c416c53f560640b6ca3ea968719e,proven_maximal,maximize_sum_testing_e_values_at_maximum_cardinality,proven_optimal,107348.65419593238,1.4174627215266342,75732.96465978015,7,7,12,45;84;87;160;162;185;186,45;84;87;160;162;185;186,45;73;84;87;88;118;140;160;162;185;186;189,7,7,12,0,0,0,0.35,0.35,0.6,0.0,0.0,0.0,0,5,2.0293259997852147,9,7,666,67,12,,original_uniform_floor_plus_prior_scores,maximum_cardinality_certified_superset_of_eBH_then_maximum_testing_evalue_sum,200,7,7,exact_dyadic_prefix_or_HiGHS_QUBO_MILP,300.0,1
127,35a19a972f4cf87096ae50663927c89cdaff9c71e1f633031efa398f54ca29d4,proven_maximal,maximize_sum_testing_e_values_at_maximum_cardinality,proven_optimal,4110.145032360264,3.469939016367163,1184.5006534620202,0,0,5,,,40;61;85;115;199,0,0,5,0,0,0,0.0,0.0,0.25,0.0,0.0,0.0,0,5,2.0918779000639915,13,8,654,38,5,,original_uniform_floor_plus_prior_scores,maximum_cardinality_certified_superset_of_eBH_then_maximum_testing_evalue_sum,200,0,0,exact_dyadic_prefix_or_HiGHS_QUBO_MILP,300.0,1
128,c178f71017b83090ec0458c10619c8214f27502c9b86577d436866ceb0954fcf,proven_maximal,maximize_sum_testing_e_values_at_maximum_cardinality,proven_optimal,13027.044549809374,1.0,13027.044549809374,1,1,1,190,190,190,1,1,1,0,0,0,0.05,0.05,0.05,0.0,0.0,0.0,0,0,1.9432067999150604,12,5,541,33,1,,original_uniform_floor_plus_prior_scores,maximum_cardinality_certified_superset_of_eBH_then_maximum_testing_evalue_sum,200,1,1,exact_dyadic_prefix_or_HiGHS_QUBO_MILP,300.0,1
129,e894bf5db72aa8c2558dbea0f2904928d48c22ddb006692a6d4fdef61f24656d,proven_maximal,maximize_sum_testing_e_values_at_maximum_cardinality,proven_optimal,38645.104263891626,2.1504100665604056,17971.039507690137,4,4,7,26;117;128;193,26;117;128;193,0;26;117;128;144;152;193,4,4,7,0,0,0,0.2,0.2,0.35,0.0,0.0,0.0,0,3,1.843170800013468,12,5,500,50,7,,original_uniform_floor_plus_prior_scores,maximum_cardinality_certified_superset_of_eBH_then_maximum_testing_evalue_sum,200,4,4,exact_dyadic_prefix_or_HiGHS_QUBO_MILP,300.0,1
130,c059db955321c484123e2a0354810910e14544ca20a10d242319aba6aaa1fe56,proven_maximal,maximize_sum_testing_e_values_at_maximum_cardinality,proven_optimal,11299.515574898662,1.4300318640931229,7901.583075608197,2,2,2,137;152,137;152,137;152,2,2,2,0,0,0,0.1,0.1,0.1,0.0,0.0,0.0,0,0,2.373664300190285,18,8,714,50,2,,original_uniform_floor_plus_prior_scores,maximum_cardinality_certified_superset_of_eBH_then_maximum_testing_evalue_sum,200,2,2,exact_dyadic_prefix_or_HiGHS_QUBO_MILP,300.0,1
131,e353544f1e518d7a36599cf4f5706970030c519e91468484173e717e1ef5217f,proven_maximal,maximize_sum_testing_e_values_at_maximum_cardinality,proven_optimal,124937.14555320126,1.145604096046802,109057.87259693696,7,7,9,2;62;75;174;175;188;195,2;62;75;174;175;188;195,2;39;57;62;75;174;175;188;195,7,7,9,0,0,0,0.35,0.35,0.45,0.0,0.0,0.0,0,2,2.3248427000362426,15,9,755,55,9,,original_uniform_floor_plus_prior_scores,maximum_cardinality_certified_superset_of_eBH_then_maximum_testing_evalue_sum,200,7,7,exact_dyadic_prefix_or_HiGHS_QUBO_MILP,300.0,1
132,1a894c7988d64b97e648959c28659cd84748a604beb3a681d39cc1b22872b043,proven_maximal,maximize_sum_testing_e_values_at_maximum_cardinality,proven_optimal,7911.133974104218,1.34633765698852,5876.040035751355,2,2,2,3;100,3;100,3;100,2,2,2,0,0,0,0.1,0.1,0.1,0.0,0.0,0.0,0,0,1.6255526999011636,12,5,508,33,2,,original_uniform_floor_plus_prior_scores,maximum_cardinality_certified_superset_of_eBH_then_maximum_testing_evalue_sum,200,2,2,exact_dyadic_prefix_or_HiGHS_QUBO_MILP,300.0,1
133,b5f9cdf0f9879dfef12a4c0e40e0429d68d97c53e3a1ef91e403a518f1f36fc6,proven_maximal,maximize_sum_testing_e_values_at_maximum_cardinality,proven_optimal,20379.14851706088,2.439690967900176,8353.167997584982,4,4,5,5;52;66;127,5;52;66;127,5;10;52;66;127,4,4,5,0,0,0,0.2,0.2,0.25,0.0,0.0,0.0,0,1,1.7872624997980893,13,8,567,42,5,,original_uniform_floor_plus_prior_scores,maximum_cardinality_certified_superset_of_eBH_then_maximum_testing_evalue_sum,200,4,4,exact_dyadic_prefix_or_HiGHS_QUBO_MILP,300.0,1
134,38515d159ea348c31f85ca208fbb483b4ca9327cc6c1ecb0fdf893359c33e9d5,proven_maximal,maximize_sum_testing_e_values_at_maximum_cardinality,proven_optimal,90310.6466653878,1.209123031180908,74691.03171178914,9,9,9,38;67;86;99;102;107;182;184;196,38;67;86;99;102;107;182;184;196,38;67;86;99;102;107;182;184;196,9,9,9,0,0,0,0.45,0.45,0.45,0.0,0.0,0.0,0,0,0.7917969000991434,7,5,508,39,9,,original_uniform_floor_plus_prior_scores,maximum_cardinality_certified_superset_of_eBH_then_maximum_testing_evalue_sum,200,9,9,exact_dyadic_prefix_or_HiGHS_QUBO_MILP,300.0,1
135,69499af497cb29bc445b00cb7bbb20d64eb1e21a974fb1f200564757f99523c2,proven_maximal,maximize_sum_testing_e_values_at_maximum_cardinality,proven_optimal,12784.86168474414,2.6316071239221084,4858.195423065192,5,5,7,24;38;43;56;83,24;38;43;56;83,24;38;43;56;60;73;83,5,5,7,0,0,0,0.25,0.25,0.35,0.0,0.0,0.0,0,2,1.591048900038004,11,9,587,43,7,,original_uniform_floor_plus_prior_scores,maximum_cardinality_certified_superset_of_eBH_then_maximum_testing_evalue_sum,200,5,5,exact_dyadic_prefix_or_HiGHS_QUBO_MILP,300.0,1
136,4fcd187b2b2348f9d9f2480ad7740baefb9a8644d4dad305d04ee81192f1066b,proven_maximal,maximize_sum_testing_e_values_at_maximum_cardinality,proven_optimal,6971.840026992284,1.6017680611750778,4352.5902382381455,2,2,2,26;132,26;132,26;132,2,2,2,0,0,0,0.1,0.1,0.1,0.0,0.0,0.0,0,0,1.94900989998132,17,8,710,50,2,,original_uniform_floor_plus_prior_scores,maximum_cardinality_certified_superset_of_eBH_then_maximum_testing_evalue_sum,200,2,2,exact_dyadic_prefix_or_HiGHS_QUBO_MILP,300.0,1
137,9d5f2d6534c13f4c7067081a623fc9c9cb0d6dcc098f950b46837d8063f1f9a1,proven_maximal,maximize_sum_testing_e_values_at_maximum_cardinality,proven_optimal,13081.8251495992,3.2473920987136595,4028.40949042806,7,7,7,7;36;39;47;55;157;158,7;36;39;47;55;157;158,7;36;39;47;55;157;158,7,7,7,0,0,0,0.35,0.35,0.35,0.0,0.0,0.0,0,0,1.3784475000575185,12,6,553,39,7,,original_uniform_floor_plus_prior_scores,maximum_cardinality_certified_superset_of_eBH_then_maximum_testing_evalue_sum,200,7,7,exact_dyadic_prefix_or_HiGHS_QUBO_MILP,300.0,1
138,192273e5d3c2c66583bb98bb13aa322495a0262d805c1b119b52836375c68505,proven_maximal,maximize_sum_testing_e_values_at_maximum_cardinality,proven_optimal,5988.360815901177,2.0684117065591576,2895.149353927671,0,0,9,,,6;20;22;90;119;144;149;152;183,0,0,9,0,0,0,0.0,0.0,0.45,0.0,0.0,0.0,0,9,1.139627299970016,9,8,562,52,9,,original_uniform_floor_plus_prior_scores,maximum_cardinality_certified_superset_of_eBH_then_maximum_testing_evalue_sum,200,0,0,exact_dyadic_prefix_or_HiGHS_QUBO_MILP,300.0,1
139,9916890d6ba6ea098cf1a4e38af1ecc1f902bb99309bd45695b213afd33d67d3,proven_maximal,maximize_sum_testing_e_values_at_maximum_cardinality,proven_optimal,44163.58740540121,1.1749097674516855,37588.918424935386,8,8,8,10;24;32;33;38;122;169;195,10;24;32;33;38;122;169;195,10;24;32;33;38;122;169;195,8,8,8,0,0,0,0.4,0.4,0.4,0.0,0.0,0.0,0,0,1.94963419996202,15,5,538,42,8,,original_uniform_floor_plus_prior_scores,maximum_cardinality_certified_superset_of_eBH_then_maximum_testing_evalue_sum,200,8,8,exact_dyadic_prefix_or_HiGHS_QUBO_MILP,300.0,1
140,87a58c8098e9552ad78ced108fd27dc2d2ee921d3cfbb2a9b0da381dcaa985f8,proven_maximal,maximize_sum_testing_e_values_at_maximum_cardinality,proven_optimal,7812.527203430513,3.3567365232454818,2327.4174631605943,4,4,4,35;66;153;176,35;66;153;176,35;66;153;176,4,4,4,0,0,0,0.2,0.2,0.2,0.0,0.0,0.0,0,0,1.6244763999711722,14,5,509,46,4,,original_uniform_floor_plus_prior_scores,maximum_cardinality_certified_superset_of_eBH_then_maximum_testing_evalue_sum,200,4,4,exact_dyadic_prefix_or_HiGHS_QUBO_MILP,300.0,1
141,6a0ea62b85f2d6617ba5070f493aacc54f12de60e5494a41ef1e0e5cbeaedc57,proven_maximal,maximize_sum_testing_e_values_at_maximum_cardinality,proven_optimal,60434.2244563991,1.7435959409060109,34660.682006977,6,6,7,18;33;73;102;127;186,18;33;73;102;127;186,18;33;73;102;127;186;197,6,6,7,0,0,0,0.3,0.3,0.35,0.0,0.0,0.0,0,1,1.796242600074038,15,8,614,34,7,,original_uniform_floor_plus_prior_scores,maximum_cardinality_certified_superset_of_eBH_then_maximum_testing_evalue_sum,200,6,6,exact_dyadic_prefix_or_HiGHS_QUBO_MILP,300.0,1
142,d993dcae63c4ea831945a111bca976047816344307fc23314da29c9d16418aa8,proven_maximal,maximize_sum_testing_e_values_at_maximum_cardinality,proven_optimal,19743.085092312234,3.1920034496378373,6185.170349534638,8,8,10,21;65;124;130;132;174;180;197,21;65;124;130;132;174;180;197,21;65;93;101;124;130;132;174;180;197,8,8,10,0,0,0,0.4,0.4,0.5,0.0,0.0,0.0,0,2,2.244196199811995,14,7,531,38,10,,original_uniform_floor_plus_prior_scores,maximum_cardinality_certified_superset_of_eBH_then_maximum_testing_evalue_sum,200,8,8,exact_dyadic_prefix_or_HiGHS_QUBO_MILP,300.0,1
143,576eea426573309b324c130dc1ef2738c6e50145447875c0d904ada4f25089ad,proven_maximal,maximize_sum_testing_e_values_at_maximum_cardinality,proven_optimal,16062.79859001917,2.8101641824670787,5715.964458673528,4,4,6,23;82;108;192,23;82;108;192,18;23;41;82;108;192,4,4,6,0,0,0,0.2,0.2,0.3,0.0,0.0,0.0,0,2,1.864789400016889,15,9,635,47,6,,original_uniform_floor_plus_prior_scores,maximum_cardinality_certified_superset_of_eBH_then_maximum_testing_evalue_sum,200,4,4,exact_dyadic_prefix_or_HiGHS_QUBO_MILP,300.0,1
144,8b5b3f7ca4742fd605a8f7e1f65e7a0c0bd24b99bef709ec064fafc39805adc6,proven_maximal,maximize_sum_testing_e_values_at_maximum_cardinality,proven_optimal,93482.48618579315,1.2481032387085829,74899.64234250353,3,3,3,110;170;194,110;170;194,110;170;194,3,3,3,0,0,0,0.15,0.15,0.15,0.0,0.0,0.0,0,0,0.958523100009188,8,5,584,27,3,,original_uniform_floor_plus_prior_scores,maximum_cardinality_certified_superset_of_eBH_then_maximum_testing_evalue_sum,200,3,3,exact_dyadic_prefix_or_HiGHS_QUBO_MILP,300.0,1
145,ff47a3f52f5f069cba10b6258bbb590bb1c40eac02af3480d84fe0f555110187,proven_maximal,maximize_sum_testing_e_values_at_maximum_cardinality,proven_optimal,8767.536763758766,1.0976071544043546,7987.864081039723,1,1,2,197,197,133;197,1,1,2,0,0,0,0.05,0.05,0.1,0.0,0.0,0.0,0,1,2.1353746000677347,18,10,722,46,2,,original_uniform_floor_plus_prior_scores,maximum_cardinality_certified_superset_of_eBH_then_maximum_testing_evalue_sum,200,1,1,exact_dyadic_prefix_or_HiGHS_QUBO_MILP,300.0,1
146,e5a0caf780ddfe953d68d1c9bce34bffdfc63cbc46ed4a863efb51f563966d67,proven_maximal,maximize_sum_testing_e_values_at_maximum_cardinality,proven_optimal,15491.658480726966,2.5890190015587184,5983.601692919294,3,3,3,17;97;172,17;97;172,17;97;172,3,3,3,0,0,0,0.15,0.15,0.15,0.0,0.0,0.0,0,0,1.026918699964881,9,6,590,32,3,,original_uniform_floor_plus_prior_scores,maximum_cardinality_certified_superset_of_eBH_then_maximum_testing_evalue_sum,200,3,3,exact_dyadic_prefix_or_HiGHS_QUBO_MILP,300.0,1
147,57a7b32293f4ae43f6c076c905430cd4f452cf53f5745ad1538a0d34879303e9,proven_maximal,maximize_sum_testing_e_values_at_maximum_cardinality,proven_optimal,6612.3926575206215,2.2197991227243343,2978.824790869053,4,4,4,83;116;175;197,83;116;175;197,83;116;175;197,4,4,4,0,0,0,0.2,0.2,0.2,0.0,0.0,0.0,0,0,2.1966123001184314,17,8,759,43,4,,original_uniform_floor_plus_prior_scores,maximum_cardinality_certified_superset_of_eBH_then_maximum_testing_evalue_sum,200,4,4,exact_dyadic_prefix_or_HiGHS_QUBO_MILP,300.0,1
148,4873726107acf5eb11e654e95243ca8be11d2dfbed725e57d0f3b1a1ed943600,proven_maximal,maximize_sum_testing_e_values_at_maximum_cardinality,proven_optimal,18617.54763914335,1.4811512558557731,12569.6464594945,5,5,6,10;44;67;87;96,10;44;67;87;96,10;42;44;67;87;96,5,5,6,0,0,0,0.25,0.25,0.3,0.0,0.0,0.0,0,1,1.3234835001640022,11,7,509,42,6,,original_uniform_floor_plus_prior_scores,maximum_cardinality_certified_superset_of_eBH_then_maximum_testing_evalue_sum,200,5,5,exact_dyadic_prefix_or_HiGHS_QUBO_MILP,300.0,1
149,9a27ff28b31dd02065be8bfb8511aa838c399c9cdcc5a3c1ef515d9e701492a4,proven_maximal,maximize_sum_testing_e_values_at_maximum_cardinality,proven_optimal,303604.81559456704,1.0468632523656098,290013.8245453811,4,4,8,56;170;187;198,56;170;187;198,56;92;115;148;161;170;187;198,4,4,8,0,0,0,0.2,0.2,0.4,0.0,0.0,0.0,0,4,2.263266900088638,17,11,836,49,8,,original_uniform_floor_plus_prior_scores,maximum_cardinality_certified_superset_of_eBH_then_maximum_testing_evalue_sum,200,4,4,exact_dyadic_prefix_or_HiGHS_QUBO_MILP,300.0,1
150,5b0c28731703f25ccd972019f4de3d08dbb3451fd1e0f2e8bcdda3f8dddbf382,proven_maximal,maximize_sum_testing_e_values_at_maximum_cardinality,proven_optimal,109817.03918071016,1.0,109817.03918071016,1,1,1,53,53,53,1,1,1,0,0,0,0.05,0.05,0.05,0.0,0.0,0.0,0,0,1.5707785999402404,13,5,455,35,1,,original_uniform_floor_plus_prior_scores,maximum_cardinality_certified_superset_of_eBH_then_maximum_testing_evalue_sum,200,1,1,exact_dyadic_prefix_or_HiGHS_QUBO_MILP,300.0,1
151,20b7530a78e3ae49774848a542f95a0928b1f6a58e5decb9068ece36d6831a4e,proven_maximal,maximize_sum_testing_e_values_at_maximum_cardinality,proven_optimal,34063.39779907464,1.1209342431260048,30388.39968353573,1,1,5,47,47,47;84;91;120;128,1,1,5,0,0,0,0.05,0.05,0.25,0.0,0.0,0.0,0,4,1.804709600051865,15,9,670,49,5,,original_uniform_floor_plus_prior_scores,maximum_cardinality_certified_superset_of_eBH_then_maximum_testing_evalue_sum,200,1,1,exact_dyadic_prefix_or_HiGHS_QUBO_MILP,300.0,1
152,d34daeb75e73d15438076dd9c8bc0d794b62e46be3b89de210beac1f164b5024,proven_maximal,maximize_sum_testing_e_values_at_maximum_cardinality,proven_optimal,2815.1061908555,1.2272800479761727,2293.776547168437,0,0,2,,,24;194,0,0,2,0,0,0,0.0,0.0,0.1,0.0,0.0,0.0,0,2,1.6985596001613883,14,6,456,40,2,,original_uniform_floor_plus_prior_scores,maximum_cardinality_certified_superset_of_eBH_then_maximum_testing_evalue_sum,200,0,0,exact_dyadic_prefix_or_HiGHS_QUBO_MILP,300.0,1
153,aeec4c02cf388ceb9ea33e4e8c36a3a5f52f74027a1cc2995773e310a3b6b95b,proven_maximal,maximize_sum_testing_e_values_at_maximum_cardinality,proven_optimal,25482.43564391066,1.2705357084576006,20056.449790652256,5,5,6,46;88;129;144;146,46;88;129;144;146,19;46;88;129;144;146,5,5,6,0,0,0,0.25,0.25,0.3,0.0,0.0,0.0,0,1,2.1699808000121266,16,9,755,43,6,,original_uniform_floor_plus_prior_scores,maximum_cardinality_certified_superset_of_eBH_then_maximum_testing_evalue_sum,200,5,5,exact_dyadic_prefix_or_HiGHS_QUBO_MILP,300.0,1
154,8db49e79877ce71b74afe02c284db3fee436a5f8e17d50cd7d5ad1f27d55bec0,proven_maximal,maximize_sum_testing_e_values_at_maximum_cardinality,proven_optimal,32380.45004490478,1.853220236031264,17472.532090545617,4,4,4,16;129;133;134,16;129;133;134,16;129;133;134,4,4,4,0,0,0,0.2,0.2,0.2,0.0,0.0,0.0,0,0,2.61245089978911,18,13,953,42,4,,original_uniform_floor_plus_prior_scores,maximum_cardinality_certified_superset_of_eBH_then_maximum_testing_evalue_sum,200,4,4,exact_dyadic_prefix_or_HiGHS_QUBO_MILP,300.0,1
155,d6467699ea4d72ed69297170ff40a7b0b1878f4618538a4ef09e460b28aca65c,proven_maximal,maximize_sum_testing_e_values_at_maximum_cardinality,proven_optimal,286341.1989591121,1.2739357441828003,224768.9495067847,9,9,10,4;10;15;43;66;78;107;115;197,4;10;15;43;66;78;107;115;197,4;10;15;43;66;78;107;115;171;197,9,9,10,0,0,0,0.45,0.45,0.5,0.0,0.0,0.0,0,1,2.262171699898317,16,7,620,49,10,,original_uniform_floor_plus_prior_scores,maximum_cardinality_certified_superset_of_eBH_then_maximum_testing_evalue_sum,200,9,9,exact_dyadic_prefix_or_HiGHS_QUBO_MILP,300.0,1
156,b8082aaced0f5f0c52e34d7311a982758b71e5cff7688d71047bea1304d888b9,proven_maximal,maximize_sum_testing_e_values_at_maximum_cardinality,proven_optimal,65278.51312350411,1.613582895217014,40455.63033482992,5,5,7,12;51;86;133;153,12;51;86;133;153,1;12;26;51;86;133;153,5,5,7,0,0,0,0.25,0.25,0.35,0.0,0.0,0.0,0,2,2.099638700019568,15,7,604,33,7,,original_uniform_floor_plus_prior_scores,maximum_cardinality_certified_superset_of_eBH_then_maximum_testing_evalue_sum,200,5,5,exact_dyadic_prefix_or_HiGHS_QUBO_MILP,300.0,1
157,d2dc4898c1dfca41814c44ae5608f850b1e9e158ae6d8d4ffc669855cef044e7,proven_maximal,maximize_sum_testing_e_values_at_maximum_cardinality,proven_optimal,10702.26892076919,1.2738719854054363,8401.369245405745,2,2,2,30;124,30;124,30;124,2,2,2,0,0,0,0.1,0.1,0.1,0.0,0.0,0.0,0,0,1.1103396001271904,10,6,602,35,2,,original_uniform_floor_plus_prior_scores,maximum_cardinality_certified_superset_of_eBH_then_maximum_testing_evalue_sum,200,2,2,exact_dyadic_prefix_or_HiGHS_QUBO_MILP,300.0,1
158,bf3b970a394c211a8a6c2b4d4ae17794018dd1dd704ec16c90c87833eb7a07c7,proven_maximal,maximize_sum_testing_e_values_at_maximum_cardinality,proven_optimal,52196.50308205713,2.337679515545365,22328.34002050107,9,9,10,4;5;21;35;52;74;118;143;178,4;5;21;35;52;74;118;143;178,4;5;21;28;35;52;74;118;143;178,9,9,10,0,0,0,0.45,0.45,0.5,0.0,0.0,0.0,0,1,2.1454827999696136,14,6,512,33,10,,original_uniform_floor_plus_prior_scores,maximum_cardinality_certified_superset_of_eBH_then_maximum_testing_evalue_sum,200,9,9,exact_dyadic_prefix_or_HiGHS_QUBO_MILP,300.0,1
159,25921abfc9cf3737bd68884fd0eca82dd18c4ea67b6c998d5931faceeecda3a9,proven_maximal,maximize_sum_testing_e_values_at_maximum_cardinality,proven_optimal,135964.83852001902,1.096915579380935,123951.96228022702,4,4,5,63;108;114;199,63;108;114;199,44;63;108;114;199,4,4,5,0,0,0,0.2,0.2,0.25,0.0,0.0,0.0,0,1,1.1996750000398606,10,7,478,42,5,,original_uniform_floor_plus_prior_scores,maximum_cardinality_certified_superset_of_eBH_then_maximum_testing_evalue_sum,200,4,4,exact_dyadic_prefix_or_HiGHS_QUBO_MILP,300.0,1
160,8510679f9f93889d425c6574dccca827b2dbc8b57a5a4087b8d75d2e83c1b529,proven_maximal,maximize_sum_testing_e_values_at_maximum_cardinality,proven_optimal,27333.552283110937,1.241972576851192,22008.17698600919,5,5,5,31;73;83;90;131,31;73;83;90;131,31;73;83;90;131,5,5,5,0,0,0,0.25,0.25,0.25,0.0,0.0,0.0,0,0,2.342671699821949,16,7,707,42,5,,original_uniform_floor_plus_prior_scores,maximum_cardinality_certified_superset_of_eBH_then_maximum_testing_evalue_sum,200,5,5,exact_dyadic_prefix_or_HiGHS_QUBO_MILP,300.0,1
161,da9372a62b0c31bee379281cec0a0ee57683f892bac66e2d3894350781148c2c,proven_maximal,maximize_sum_testing_e_values_at_maximum_cardinality,proven_optimal,8050.660219690762,2.068994241844097,3891.098417226719,3,3,5,55;83;94,55;83;94,55;83;94;96;113,3,3,5,0,0,0,0.15,0.15,0.25,0.0,0.0,0.0,0,2,2.04162360006012,15,8,625,50,5,,original_uniform_floor_plus_prior_scores,maximum_cardinality_certified_superset_of_eBH_then_maximum_testing_evalue_sum,200,3,3,exact_dyadic_prefix_or_HiGHS_QUBO_MILP,300.0,1
162,802eb2036f7575fcf4447b2e3b590c86ce5417a118d3f5dbaf33475b203be5ad,proven_maximal,maximize_sum_testing_e_values_at_maximum_cardinality,proven_optimal,8059.74653192109,1.513839674261752,5324.042346724434,2,2,3,5;28,5;28,5;28;42,2,2,3,0,0,0,0.1,0.1,0.15,0.0,0.0,0.0,0,1,2.0323314999695867,15,6,505,35,3,,original_uniform_floor_plus_prior_scores,maximum_cardinality_certified_superset_of_eBH_then_maximum_testing_evalue_sum,200,2,2,exact_dyadic_prefix_or_HiGHS_QUBO_MILP,300.0,1
163,1214e1075d7700e9fdf242676183e6665ed0fc954a737149156f714c52fa9fd3,proven_maximal,maximize_sum_testing_e_values_at_maximum_cardinality,proven_optimal,5513.413253886262,1.5746209283121262,3501.422567650121,0,0,3,,,10;17;122,0,0,3,0,0,0,0.0,0.0,0.15,0.0,0.0,0.0,0,3,1.1833858001045885,12,11,620,40,3,,original_uniform_floor_plus_prior_scores,maximum_cardinality_certified_superset_of_eBH_then_maximum_testing_evalue_sum,200,0,0,exact_dyadic_prefix_or_HiGHS_QUBO_MILP,300.0,1
164,8777432f3c12410ca82fd683efbfc8e37a58dafcc479fb39e07b021fcb049ac6,proven_maximal,maximize_sum_testing_e_values_at_maximum_cardinality,proven_optimal,20515.583153258984,1.2813361096457092,16011.086395537206,2,2,3,69;95,69;95,3;69;95,2,2,3,0,0,0,0.1,0.1,0.15,0.0,0.0,0.0,0,1,1.3766594000626355,11,7,561,41,3,,original_uniform_floor_plus_prior_scores,maximum_cardinality_certified_superset_of_eBH_then_maximum_testing_evalue_sum,200,2,2,exact_dyadic_prefix_or_HiGHS_QUBO_MILP,300.0,1
165,c0b0d1d38b4c9b5a7ca4003bae87cb98749ce494b3bf30d5e1a064128d0f7b1a,proven_maximal,maximize_sum_testing_e_values_at_maximum_cardinality,proven_optimal,64879.45658447734,1.1247297430938108,57684.48552450694,5,5,7,42;54;137;142;165,42;54;137;142;165,33;42;54;96;137;142;165,5,5,7,0,0,0,0.25,0.25,0.35,0.0,0.0,0.0,0,2,1.761393399909139,12,7,682,41,7,,original_uniform_floor_plus_prior_scores,maximum_cardinality_certified_superset_of_eBH_then_maximum_testing_evalue_sum,200,5,5,exact_dyadic_prefix_or_HiGHS_QUBO_MILP,300.0,1
166,55c7bf16b5f2bceec52ec1f093fa4d4ed6c2ab4adc0f00d7be7ed401ec77675c,proven_maximal,maximize_sum_testing_e_values_at_maximum_cardinality,proven_optimal,684844.243816711,1.0793329986038909,634506.9081576788,6,6,9,14;30;48;133;148;167,14;30;48;133;148;167,14;30;33;40;48;129;133;148;167,6,6,9,0,0,0,0.3,0.3,0.45,0.0,0.0,0.0,0,3,3.2321299999021,16,13,1225,42,9,,original_uniform_floor_plus_prior_scores,maximum_cardinality_certified_superset_of_eBH_then_maximum_testing_evalue_sum,200,6,6,exact_dyadic_prefix_or_HiGHS_QUBO_MILP,300.0,1
167,d57441567c791671d5131cf3918095dd1d96b8820d2ce18fcaad5684c45891a3,proven_maximal,maximize_sum_testing_e_values_at_maximum_cardinality,proven_optimal,15494.957399427374,4.415683152831064,3509.0736502443483,6,6,7,6;32;55;66;85;117,6;32;55;66;85;117,6;32;55;66;85;117;130,6,6,7,0,0,0,0.3,0.3,0.35,0.0,0.0,0.0,0,1,2.188795200083405,15,7,635,38,7,,original_uniform_floor_plus_prior_scores,maximum_cardinality_certified_superset_of_eBH_then_maximum_testing_evalue_sum,200,6,6,exact_dyadic_prefix_or_HiGHS_QUBO_MILP,300.0,1
168,197f07de490b844c427b062ab97c1b608f60a9c85abbe46f350e1ddc22947382,proven_maximal,maximize_sum_testing_e_values_at_maximum_cardinality,proven_optimal,35611.30021055009,2.111922906327275,16862.026593801987,3,3,3,105;161;169,105;161;169,105;161;169,3,3,3,0,0,0,0.15,0.15,0.15,0.0,0.0,0.0,0,0,1.926103200064972,14,6,546,41,3,,original_uniform_floor_plus_prior_scores,maximum_cardinality_certified_superset_of_eBH_then_maximum_testing_evalue_sum,200,3,3,exact_dyadic_prefix_or_HiGHS_QUBO_MILP,300.0,1
169,c58f18776589df2802057d4acb0afeef39752035f251ee0b2959d51b857bfdf2,proven_maximal,maximize_sum_testing_e_values_at_maximum_cardinality,proven_optimal,35587.49949715116,1.0825724259320224,32873.08880651815,2,2,2,87;197,87;197,87;197,2,2,2,0,0,0,0.1,0.1,0.1,0.0,0.0,0.0,0,0,1.3201858000829816,13,10,649,38,2,,original_uniform_floor_plus_prior_scores,maximum_cardinality_certified_superset_of_eBH_then_maximum_testing_evalue_sum,200,2,2,exact_dyadic_prefix_or_HiGHS_QUBO_MILP,300.0,1
170,d16487389baba9e9d242629bcad6e0d58f03e5f518b74d784cb95ea803124f28,proven_maximal,maximize_sum_testing_e_values_at_maximum_cardinality,proven_optimal,18842.66634315464,1.1557966539405935,16302.752113801436,2,2,3,16;140,16;140,16;103;140,2,2,3,0,0,0,0.1,0.1,0.15,0.0,0.0,0.0,0,1,1.5178758001420647,11,7,691,40,3,,original_uniform_floor_plus_prior_scores,maximum_cardinality_certified_superset_of_eBH_then_maximum_testing_evalue_sum,200,2,2,exact_dyadic_prefix_or_HiGHS_QUBO_MILP,300.0,1
171,c11ced6a886027082fee95b2e545633ff36afe13d3a95d4e062d0a6494f798da,proven_maximal,maximize_sum_testing_e_values_at_maximum_cardinality,proven_optimal,18606.96249706584,1.8747408203306013,9925.08526793831,4,4,7,6;72;128;135,6;72;128;135,6;60;64;72;128;135;168,4,4,7,0,0,0,0.2,0.2,0.35,0.0,0.0,0.0,0,3,1.1604136999230832,9,6,444,34,7,,original_uniform_floor_plus_prior_scores,maximum_cardinality_certified_superset_of_eBH_then_maximum_testing_evalue_sum,200,4,4,exact_dyadic_prefix_or_HiGHS_QUBO_MILP,300.0,1
172,2a9be0e7863c83c7cd408dcce74a867229a7784e4a41dbb29069fa0747380eae,proven_maximal,maximize_sum_testing_e_values_at_maximum_cardinality,proven_optimal,34201.07908629787,2.297473963110868,14886.38375687544,3,3,8,71;94;139,71;94;139,25;71;94;116;139;156;158;191,3,3,7,0,0,1,0.15,0.15,0.35,0.0,0.0,0.125,0,5,1.7738870999310166,13,8,620,39,8,,original_uniform_floor_plus_prior_scores,maximum_cardinality_certified_superset_of_eBH_then_maximum_testing_evalue_sum,200,3,3,exact_dyadic_prefix_or_HiGHS_QUBO_MILP,300.0,1
173,e879e39585078cb081d494232ba54aaf9170c1aa053e229296f5c1f87ff9c413,proven_maximal,maximize_sum_testing_e_values_at_maximum_cardinality,proven_optimal,51708.581538652295,1.9836838429173536,26066.946970040244,12,12,13,13;37;60;62;94;135;145;163;165;178;189;193,13;37;60;62;94;135;145;163;165;178;189;193,13;37;60;62;94;126;135;145;163;165;178;189;193,12,12,13,0,0,0,0.6,0.6,0.65,0.0,0.0,0.0,0,1,3.127840199973434,12,5,445,29,13,,original_uniform_floor_plus_prior_scores,maximum_cardinality_certified_superset_of_eBH_then_maximum_testing_evalue_sum,200,12,12,exact_dyadic_prefix_or_HiGHS_QUBO_MILP,300.0,1
174,18d44c961630c56216abcc2166c3f500c59fbfb8700a6f7bb91017877d5b9b82,proven_maximal,maximize_sum_testing_e_values_at_maximum_cardinality,proven_optimal,51484.0308124623,1.9981929374404352,25765.295156337725,6,6,6,1;62;68;153;183;189,1;62;68;153;183;189,1;62;68;153;183;189,6,6,6,0,0,0,0.3,0.3,0.3,0.0,0.0,0.0,0,0,1.846113400068134,14,6,605,60,6,,original_uniform_floor_plus_prior_scores,maximum_cardinality_certified_superset_of_eBH_then_maximum_testing_evalue_sum,200,6,6,exact_dyadic_prefix_or_HiGHS_QUBO_MILP,300.0,1
175,120e9d995002c38c81fd72b0781f714a2b4893e49c6e1ba86cd679f0b0471a1d,proven_maximal,maximize_sum_testing_e_values_at_maximum_cardinality,proven_optimal,48352.25210967665,1.1939369273519282,40498.16284426238,6,6,6,17;31;40;41;78;114,17;31;40;41;78;114,17;31;40;41;78;114,6,6,6,0,0,0,0.3,0.3,0.3,0.0,0.0,0.0,0,0,1.379042899934575,10,5,563,48,6,,original_uniform_floor_plus_prior_scores,maximum_cardinality_certified_superset_of_eBH_then_maximum_testing_evalue_sum,200,6,6,exact_dyadic_prefix_or_HiGHS_QUBO_MILP,300.0,1
176,e04f28ffd54e77c631386c1161c3382a6ec30de1426977f1f3894af6438de94b,proven_maximal,maximize_sum_testing_e_values_at_maximum_cardinality,proven_optimal,15447.539673073365,3.1947928821092417,4835.224142253224,8,8,9,10;24;46;134;137;152;164;178,10;24;46;134;137;152;164;178,10;24;46;104;134;137;152;164;178,8,8,9,0,0,0,0.4,0.4,0.45,0.0,0.0,0.0,0,1,1.329993800027296,10,7,518,47,9,,original_uniform_floor_plus_prior_scores,maximum_cardinality_certified_superset_of_eBH_then_maximum_testing_evalue_sum,200,8,8,exact_dyadic_prefix_or_HiGHS_QUBO_MILP,300.0,1
177,c89be954903958bab53e8ab575d3f05cad2fc91e4ddb995642c1a8e7a5cf570f,proven_maximal,maximize_sum_testing_e_values_at_maximum_cardinality,proven_optimal,160347.22231727722,1.05202233262546,152418.07834735754,3,3,4,1;73;131,1;73;131,1;31;73;131,3,3,4,0,0,0,0.15,0.15,0.2,0.0,0.0,0.0,0,1,1.1973798000253737,11,8,640,35,4,,original_uniform_floor_plus_prior_scores,maximum_cardinality_certified_superset_of_eBH_then_maximum_testing_evalue_sum,200,3,3,exact_dyadic_prefix_or_HiGHS_QUBO_MILP,300.0,1
178,869a955c9f4611dc42d6e74c934343235ee6cab39c40d57933a85d4634bec0a5,proven_maximal,maximize_sum_testing_e_values_at_maximum_cardinality,proven_optimal,13933.351114187884,1.3295741990845669,10479.558887184498,1,1,5,134,134,36;122;124;134;163,1,1,5,0,0,0,0.05,0.05,0.25,0.0,0.0,0.0,0,4,1.1290959999896586,11,8,666,41,5,,original_uniform_floor_plus_prior_scores,maximum_cardinality_certified_superset_of_eBH_then_maximum_testing_evalue_sum,200,1,1,exact_dyadic_prefix_or_HiGHS_QUBO_MILP,300.0,1
179,7bd452ed106bab2d91c94bb290b57fe6c40c23247fe0cbdabac67559890c831c,proven_maximal,maximize_sum_testing_e_values_at_maximum_cardinality,proven_optimal,0.0,0.0,3397.9282299204,0,0,0,,,,0,0,0,0,0,0,0.0,0.0,0.0,0.0,0.0,0.0,0,0,1.4052305000368506,11,5,522,36,0,,original_uniform_floor_plus_prior_scores,maximum_cardinality_certified_superset_of_eBH_then_maximum_testing_evalue_sum,200,0,0,exact_dyadic_prefix_or_HiGHS_QUBO_MILP,300.0,1
180,47d019571808d9e427e2749a122c188746c84ec11159e58f575c5903e9b64de5,proven_maximal,maximize_sum_testing_e_values_at_maximum_cardinality,proven_optimal,0.0,0.0,2213.095052900765,0,0,0,,,,0,0,0,0,0,0,0.0,0.0,0.0,0.0,0.0,0.0,0,0,1.5631901000160724,12,8,677,36,0,,original_uniform_floor_plus_prior_scores,maximum_cardinality_certified_superset_of_eBH_then_maximum_testing_evalue_sum,200,0,0,exact_dyadic_prefix_or_HiGHS_QUBO_MILP,300.0,1
181,f72cd33910dbc97c2a0bcaefc651cdaf3523dcc23e21c3b8ae88b6a18655cb3c,proven_maximal,maximize_sum_testing_e_values_at_maximum_cardinality,proven_optimal,91230.94947306476,1.0906610798928391,83647.38703431911,3,3,6,17;120;176,17;120;176,17;24;120;165;176;184,3,3,6,0,0,0,0.15,0.15,0.3,0.0,0.0,0.0,0,3,1.6882784999907017,14,11,663,35,6,,original_uniform_floor_plus_prior_scores,maximum_cardinality_certified_superset_of_eBH_then_maximum_testing_evalue_sum,200,3,3,exact_dyadic_prefix_or_HiGHS_QUBO_MILP,300.0,1
182,677e07e711b59a40ed3f78f1e94f32444da5ffb607f185f189cc834d35c8ed2c,proven_maximal,maximize_sum_testing_e_values_at_maximum_cardinality,proven_optimal,6029.361578558566,1.0,6029.361578558566,1,1,1,165,165,165,1,1,1,0,0,0,0.05,0.05,0.05,0.0,0.0,0.0,0,0,1.1054365001618862,9,7,526,39,1,,original_uniform_floor_plus_prior_scores,maximum_cardinality_certified_superset_of_eBH_then_maximum_testing_evalue_sum,200,1,1,exact_dyadic_prefix_or_HiGHS_QUBO_MILP,300.0,1
183,108f6c2f606033f6f64716c87f877697eb44838706d7599e745305fa5254394d,proven_maximal,maximize_sum_testing_e_values_at_maximum_cardinality,proven_optimal,5719.270041482916,2.309079613629996,2476.8613467129094,2,2,4,66;96,66;96,66;70;96;100,2,2,4,0,0,0,0.1,0.1,0.2,0.0,0.0,0.0,0,2,1.5172604999970645,12,8,727,55,4,,original_uniform_floor_plus_prior_scores,maximum_cardinality_certified_superset_of_eBH_then_maximum_testing_evalue_sum,200,2,2,exact_dyadic_prefix_or_HiGHS_QUBO_MILP,300.0,1
184,c21a65e3db744cb6f83184d36978d2ce6a74c4acda5bbd993aa71809089b6724,proven_maximal,maximize_sum_testing_e_values_at_maximum_cardinality,proven_optimal,7905.537048568842,1.0,7905.537048568842,1,1,1,74,74,74,1,1,1,0,0,0,0.05,0.05,0.05,0.0,0.0,0.0,0,0,1.455714599927887,12,9,755,48,1,,original_uniform_floor_plus_prior_scores,maximum_cardinality_certified_superset_of_eBH_then_maximum_testing_evalue_sum,200,1,1,exact_dyadic_prefix_or_HiGHS_QUBO_MILP,300.0,1
185,6eaf658ef1ace211865021cb1f627e91676b4fdc3c3675f26ffc75caa18bb3c6,proven_maximal,maximize_sum_testing_e_values_at_maximum_cardinality,proven_optimal,65318.55320077873,1.0524766953303908,62061.75727271006,2,2,2,188;199,188;199,188;199,2,2,2,0,0,0,0.1,0.1,0.1,0.0,0.0,0.0,0,0,1.442833699984476,13,7,593,52,2,,original_uniform_floor_plus_prior_scores,maximum_cardinality_certified_superset_of_eBH_then_maximum_testing_evalue_sum,200,2,2,exact_dyadic_prefix_or_HiGHS_QUBO_MILP,300.0,1
186,68a6fa38be61e4457c41818668109b6bb71c821f0f163022291121daddc8d45d,proven_maximal,maximize_sum_testing_e_values_at_maximum_cardinality,proven_optimal,83771.90932768719,1.2103764467863678,69211.45033027315,2,2,6,0;138,0;138,0;47;110;138;162;181,2,2,6,0,0,0,0.1,0.1,0.3,0.0,0.0,0.0,0,4,1.32928860001266,11,10,662,42,6,,original_uniform_floor_plus_prior_scores,maximum_cardinality_certified_superset_of_eBH_then_maximum_testing_evalue_sum,200,2,2,exact_dyadic_prefix_or_HiGHS_QUBO_MILP,300.0,1
187,a32566ac15f9ce4c2f14d0eb54e8cacce4c51a87d112e1da2526dacd57a1bd7c,proven_maximal,maximize_sum_testing_e_values_at_maximum_cardinality,proven_optimal,17665.51742737206,1.0223684892591225,17279.01203231889,1,1,2,151,151,80;151,1,1,2,0,0,0,0.05,0.05,0.1,0.0,0.0,0.0,0,1,2.754462399985641,20,14,980,34,2,,original_uniform_floor_plus_prior_scores,maximum_cardinality_certified_superset_of_eBH_then_maximum_testing_evalue_sum,200,1,1,exact_dyadic_prefix_or_HiGHS_QUBO_MILP,300.0,1
188,661bcc2983fa49850804cb3fe1b0c99decc843efda4b13814915425f91d17445,proven_maximal,maximize_sum_testing_e_values_at_maximum_cardinality,proven_optimal,48468.09335643019,1.0,48468.09335643019,1,1,1,159,159,159,1,1,1,0,0,0,0.05,0.05,0.05,0.0,0.0,0.0,0,0,1.1241161001380533,10,6,480,43,1,,original_uniform_floor_plus_prior_scores,maximum_cardinality_certified_superset_of_eBH_then_maximum_testing_evalue_sum,200,1,1,exact_dyadic_prefix_or_HiGHS_QUBO_MILP,300.0,1
189,199aed6cc1167110a8f0618a477d39d94a5ffbf78c94eedf2edf73a7c221a2df,proven_maximal,maximize_sum_testing_e_values_at_maximum_cardinality,proven_optimal,13066.330102557667,1.0,13066.330102557667,1,1,1,105,105,105,1,1,1,0,0,0,0.05,0.05,0.05,0.0,0.0,0.0,0,0,1.4924119000788778,13,6,515,43,1,,original_uniform_floor_plus_prior_scores,maximum_cardinality_certified_superset_of_eBH_then_maximum_testing_evalue_sum,200,1,1,exact_dyadic_prefix_or_HiGHS_QUBO_MILP,300.0,1
190,b280cb25499f28c148d9768eab1f909f43aec51438cc73b4922139eb2bc61a6b,proven_maximal,maximize_sum_testing_e_values_at_maximum_cardinality,proven_optimal,44322.63577931959,1.58765948034131,27916.966029637068,3,3,6,16;125;147,16;125;147,4;16;65;125;126;147,3,3,6,0,0,0,0.15,0.15,0.3,0.0,0.0,0.0,0,3,1.6007716997992247,13,7,518,40,6,,original_uniform_floor_plus_prior_scores,maximum_cardinality_certified_superset_of_eBH_then_maximum_testing_evalue_sum,200,3,3,exact_dyadic_prefix_or_HiGHS_QUBO_MILP,300.0,1
191,27c2d689fbcd75fd4d3dfb366885135707c4f6b699421386c22d0eee9c3f98fe,proven_maximal,maximize_sum_testing_e_values_at_maximum_cardinality,proven_optimal,21564.9161499853,1.4200509602711686,15186.015680639608,3,3,9,3;106;178,3;106;178,3;31;33;67;81;106;174;178;193,3,3,9,0,0,0,0.15,0.15,0.45,0.0,0.0,0.0,0,6,0.8953529000282288,6,6,600,43,9,,original_uniform_floor_plus_prior_scores,maximum_cardinality_certified_superset_of_eBH_then_maximum_testing_evalue_sum,200,3,3,exact_dyadic_prefix_or_HiGHS_QUBO_MILP,300.0,1
192,d799d2faa886cff3a269b75deabd4570da920261a0bbdd0cb12e141b15322f41,proven_maximal,maximize_sum_testing_e_values_at_maximum_cardinality,proven_optimal,388714.5893299661,1.0499428255704495,370224.53019646247,6,6,10,22;32;106;137;192;194,22;32;106;137;192;194,22;32;106;137;168;172;174;180;192;194,6,6,10,0,0,0,0.3,0.3,0.5,0.0,0.0,0.0,0,4,1.5300694000907242,9,6,563,38,10,,original_uniform_floor_plus_prior_scores,maximum_cardinality_certified_superset_of_eBH_then_maximum_testing_evalue_sum,200,6,6,exact_dyadic_prefix_or_HiGHS_QUBO_MILP,300.0,1
193,4e77b9ad00f49c53771d2f3e34b5cfdeac914a0ae5083f921fbb5f0d413a719e,proven_maximal,maximize_sum_testing_e_values_at_maximum_cardinality,proven_optimal,0.0,0.0,1885.203313829744,0,0,0,,,,0,0,0,0,0,0,0.0,0.0,0.0,0.0,0.0,0.0,0,0,1.937896699877456,15,7,681,44,0,,original_uniform_floor_plus_prior_scores,maximum_cardinality_certified_superset_of_eBH_then_maximum_testing_evalue_sum,200,0,0,exact_dyadic_prefix_or_HiGHS_QUBO_MILP,300.0,1
194,74da7f3bcc15bd8a798b477f57ef7455f1b254f7d5317b89dd3f816d1cec1c59,proven_maximal,maximize_sum_testing_e_values_at_maximum_cardinality,proven_optimal,1879.7817360465376,1.0,1879.7817360465376,0,0,1,,,166,0,0,1,0,0,0,0.0,0.0,0.05,0.0,0.0,0.0,0,1,2.1877392001915723,18,9,680,36,1,,original_uniform_floor_plus_prior_scores,maximum_cardinality_certified_superset_of_eBH_then_maximum_testing_evalue_sum,200,0,0,exact_dyadic_prefix_or_HiGHS_QUBO_MILP,300.0,1
195,46112da4a00756b07dcc278cc41055de04f51d0b014e388958aa64959f37fd18,proven_maximal,maximize_sum_testing_e_values_at_maximum_cardinality,proven_optimal,33122.04277672974,1.1702745957646086,28302.795682827906,3,3,3,32;115;131,32;115;131,32;115;131,3,3,3,0,0,0,0.15,0.15,0.15,0.0,0.0,0.0,0,0,1.7423644999507817,15,6,613,31,3,,original_uniform_floor_plus_prior_scores,maximum_cardinality_certified_superset_of_eBH_then_maximum_testing_evalue_sum,200,3,3,exact_dyadic_prefix_or_HiGHS_QUBO_MILP,300.0,1
196,2314146597d880db172604e743ae1679c90259451d976db8ee2c9b9fc51bb128,proven_maximal,maximize_sum_testing_e_values_at_maximum_cardinality,proven_optimal,8756.842454752992,1.481714513060558,5909.9390453193855,1,1,4,159,159,7;99;137;159,1,1,4,0,0,0,0.05,0.05,0.2,0.0,0.0,0.0,0,3,1.865761399967596,16,9,652,44,4,,original_uniform_floor_plus_prior_scores,maximum_cardinality_certified_superset_of_eBH_then_maximum_testing_evalue_sum,200,1,1,exact_dyadic_prefix_or_HiGHS_QUBO_MILP,300.0,1
197,6b0dee7a62817ead2857fafc79951a952fad56a41dcd7f5f2259fba2136abae6,proven_maximal,maximize_sum_testing_e_values_at_maximum_cardinality,proven_optimal,9240.253440232893,1.0,9240.253440232893,1,1,1,47,47,47,1,1,1,0,0,0,0.05,0.05,0.05,0.0,0.0,0.0,0,0,2.114013500045985,17,7,621,37,1,,original_uniform_floor_plus_prior_scores,maximum_cardinality_certified_superset_of_eBH_then_maximum_testing_evalue_sum,200,1,1,exact_dyadic_prefix_or_HiGHS_QUBO_MILP,300.0,1
198,ef64161856fd94e65c2faf95f59c61f3175361a7372f2a86dd5d232f26649ff2,proven_maximal,maximize_sum_testing_e_values_at_maximum_cardinality,proven_optimal,13505.380020749131,1.329379919232826,10159.157533042153,2,2,2,35;100,35;100,35;100,2,2,2,0,0,0,0.1,0.1,0.1,0.0,0.0,0.0,0,0,1.1734691001474855,11,5,482,35,2,,original_uniform_floor_plus_prior_scores,maximum_cardinality_certified_superset_of_eBH_then_maximum_testing_evalue_sum,200,2,2,exact_dyadic_prefix_or_HiGHS_QUBO_MILP,300.0,1
199,2e2d13630c25d66e60a407abbba2c1f31ec715b9dce2bafd0dcb6bf64edd140a,proven_maximal,maximize_sum_testing_e_values_at_maximum_cardinality,proven_optimal,40062.2204498612,1.3580080520741988,29500.72379075428,5,5,7,30;41;104;119;133,30;41;104;119;133,30;41;104;119;133;143;191,5,5,7,0,0,0,0.25,0.25,0.35,0.0,0.0,0.0,0,2,1.8060588999651368,14,9,606,39,7,,original_uniform_floor_plus_prior_scores,maximum_cardinality_certified_superset_of_eBH_then_maximum_testing_evalue_sum,200,5,5,exact_dyadic_prefix_or_HiGHS_QUBO_MILP,300.0,1
200,e765bae388f1e1805109e85a39a19513e3af1da8aef20198666799bd98dad7c4,proven_maximal,maximize_sum_testing_e_values_at_maximum_cardinality,proven_optimal,31708.657137791004,2.952106257858538,10741.028394009269,8,8,9,28;84;87;89;114;146;198;199,28;84;87;89;114;146;198;199,28;84;87;89;102;114;146;198;199,8,8,9,0,0,0,0.4,0.4,0.45,0.0,0.0,0.0,0,1,1.1150839000474662,9,6,504,42,9,,original_uniform_floor_plus_prior_scores,maximum_cardinality_certified_superset_of_eBH_then_maximum_testing_evalue_sum,200,8,8,exact_dyadic_prefix_or_HiGHS_QUBO_MILP,300.0,1
201,3f869c693b1408d79baa1a21e0e14e54ae2764a44c9022c6dfcb9e82fe3f64b2,proven_maximal,maximize_sum_testing_e_values_at_maximum_cardinality,proven_optimal,8690.639230979295,1.3178119327536286,6594.749231644765,1,1,3,188,188,34;84;188,1,1,3,0,0,0,0.05,0.05,0.15,0.0,0.0,0.0,0,2,1.2830996001139283,11,8,531,38,3,,original_uniform_floor_plus_prior_scores,maximum_cardinality_certified_superset_of_eBH_then_maximum_testing_evalue_sum,200,1,1,exact_dyadic_prefix_or_HiGHS_QUBO_MILP,300.0,1
202,edcf5b18c578d35656b7253061d3dee7983906b361c1403f3e1863a48de50118,proven_maximal,maximize_sum_testing_e_values_at_maximum_cardinality,proven_optimal,64845.83124006819,1.1217299008595063,57808.77481324263,2,2,7,8;104,8;104,8;11;39;86;104;142;174,2,2,7,0,0,0,0.1,0.1,0.35,0.0,0.0,0.0,0,5,1.5792648000642655,11,6,543,33,7,,original_uniform_floor_plus_prior_scores,maximum_cardinality_certified_superset_of_eBH_then_maximum_testing_evalue_sum,200,2,2,exact_dyadic_prefix_or_HiGHS_QUBO_MILP,300.0,1
203,833ff6ad0193096abbe93574379884090154d8d1e156e979e49f7497c56e64a4,proven_maximal,maximize_sum_testing_e_values_at_maximum_cardinality,proven_optimal,45366.51325223335,1.290017842872041,35167.35330670409,7,7,14,4;15;69;147;149;160;161,4;15;69;147;149;160;161,4;14;15;25;69;84;122;128;147;149;160;161;192;197,7,7,14,0,0,0,0.35,0.35,0.7,0.0,0.0,0.0,0,7,3.804097099928185,10,7,612,41,14,,original_uniform_floor_plus_prior_scores,maximum_cardinality_certified_superset_of_eBH_then_maximum_testing_evalue_sum,200,7,7,exact_dyadic_prefix_or_HiGHS_QUBO_MILP,300.0,1
204,313894ed108aa49b891530ae0b6de8e5edab0dad98880bf2fad276bfb93acc4a,proven_maximal,maximize_sum_testing_e_values_at_maximum_cardinality,proven_optimal,15977.736474259867,1.1897711982948076,13429.251352830968,1,1,4,81,81,81;83;109;148,1,1,4,0,0,0,0.05,0.05,0.2,0.0,0.0,0.0,0,3,1.8029024999123069,15,8,603,35,4,,original_uniform_floor_plus_prior_scores,maximum_cardinality_certified_superset_of_eBH_then_maximum_testing_evalue_sum,200,1,1,exact_dyadic_prefix_or_HiGHS_QUBO_MILP,300.0,1
205,4b9a72c38f1ceb143fbde13602ca058c2447b069095e05291f51af139804046a,proven_maximal,maximize_sum_testing_e_values_at_maximum_cardinality,proven_optimal,195255.8051877078,1.2324501108159085,158428.97288430142,7,7,8,28;37;50;66;168;170;192,28;37;50;66;168;170;192,28;37;50;66;96;168;170;192,7,7,8,0,0,0,0.35,0.35,0.4,0.0,0.0,0.0,0,1,1.756055099889636,13,7,669,37,8,,original_uniform_floor_plus_prior_scores,maximum_cardinality_certified_superset_of_eBH_then_maximum_testing_evalue_sum,200,7,7,exact_dyadic_prefix_or_HiGHS_QUBO_MILP,300.0,1
206,95897b4102c917e350fe0105d17b32107593a37dc6727bfa619e91b5a8ed1bb1,proven_maximal,maximize_sum_testing_e_values_at_maximum_cardinality,proven_optimal,66463.19143567426,1.4195387653645255,46820.27223018955,5,5,8,71;73;99;122;181,71;73;99;122;181,0;71;73;99;122;123;134;181,5,5,8,0,0,0,0.25,0.25,0.4,0.0,0.0,0.0,0,3,1.4059039999265224,9,8,613,35,8,,original_uniform_floor_plus_prior_scores,maximum_cardinality_certified_superset_of_eBH_then_maximum_testing_evalue_sum,200,5,5,exact_dyadic_prefix_or_HiGHS_QUBO_MILP,300.0,1
207,7122c03139c3739501a5773c67ddd4bd04a9a4069be0369ee066f477f271ed49,proven_maximal,maximize_sum_testing_e_values_at_maximum_cardinality,proven_optimal,82754.35586868545,1.3899954201711575,59535.70397987028,8,8,8,8;13;35;40;75;170;174;179,8;13;35;40;75;170;174;179,8;13;35;40;75;170;174;179,8,8,8,0,0,0,0.4,0.4,0.4,0.0,0.0,0.0,0,0,1.6172124000731856,13,5,596,36,8,,original_uniform_floor_plus_prior_scores,maximum_cardinality_certified_superset_of_eBH_then_maximum_testing_evalue_sum,200,8,8,exact_dyadic_prefix_or_HiGHS_QUBO_MILP,300.0,1
208,ee4e78e9fb4c301ba8769efcf563ca8f1b480771cfb6f45e47303643b0c70b2d,proven_maximal,maximize_sum_testing_e_values_at_maximum_cardinality,proven_optimal,0.0,0.0,1072.6532837233226,0,0,0,,,,0,0,0,0,0,0,0.0,0.0,0.0,0.0,0.0,0.0,0,0,0.4337760999333113,3,3,300,44,0,,original_uniform_floor_plus_prior_scores,maximum_cardinality_certified_superset_of_eBH_then_maximum_testing_evalue_sum,200,0,0,exact_dyadic_prefix_or_HiGHS_QUBO_MILP,300.0,1
209,16e57ebe138f0f45c6340f45a99c3378cb890ff9c2eb0266b71774138a7900c1,proven_maximal,maximize_sum_testing_e_values_at_maximum_cardinality,proven_optimal,23316.426776874792,2.02641188580876,11506.262344868252,3,3,8,16;77;109,16;77;109,16;56;77;109;153;166;177;197,3,3,8,0,0,0,0.15,0.15,0.4,0.0,0.0,0.0,0,5,1.6074405000545084,12,9,727,46,8,,original_uniform_floor_plus_prior_scores,maximum_cardinality_certified_superset_of_eBH_then_maximum_testing_evalue_sum,200,3,3,exact_dyadic_prefix_or_HiGHS_QUBO_MILP,300.0,1
210,d4f957e33d86a79b36b2485514943448efd19fed1b5cc40f4625b8176819b827,proven_maximal,maximize_sum_testing_e_values_at_maximum_cardinality,proven_optimal,275509.3771209125,1.639870224008384,168006.8173001377,8,8,8,14;19;77;81;101;155;176;193,14;19;77;81;101;155;176;193,14;19;77;81;101;155;176;193,8,8,8,0,0,0,0.4,0.4,0.4,0.0,0.0,0.0,0,0,1.605531700188294,13,6,620,42,8,,original_uniform_floor_plus_prior_scores,maximum_cardinality_certified_superset_of_eBH_then_maximum_testing_evalue_sum,200,8,8,exact_dyadic_prefix_or_HiGHS_QUBO_MILP,300.0,1
211,7a10a7480a6f48bb3e73ed0bb9be9c6365a210d63a8ca030bc592454c5d6da1f,proven_maximal,maximize_sum_testing_e_values_at_maximum_cardinality,proven_optimal,18845.96957668189,2.318504131433125,8128.503771538561,4,4,4,7;9;131;199,7;9;131;199,7;9;131;199,4,4,4,0,0,0,0.2,0.2,0.2,0.0,0.0,0.0,0,0,1.626096999971196,13,5,532,42,4,,original_uniform_floor_plus_prior_scores,maximum_cardinality_certified_superset_of_eBH_then_maximum_testing_evalue_sum,200,4,4,exact_dyadic_prefix_or_HiGHS_QUBO_MILP,300.0,1
212,96c128ede3fe7339135a8efa6d3772cc1033b3e343df132c90460287bb8e6162,proven_maximal,maximize_sum_testing_e_values_at_maximum_cardinality,proven_optimal,14717.463602993865,1.2261480771424371,12003.006714566813,2,2,2,60;111,60;111,60;111,2,2,2,0,0,0,0.1,0.1,0.1,0.0,0.0,0.0,0,0,1.333232100121677,13,6,541,34,2,,original_uniform_floor_plus_prior_scores,maximum_cardinality_certified_superset_of_eBH_then_maximum_testing_evalue_sum,200,2,2,exact_dyadic_prefix_or_HiGHS_QUBO_MILP,300.0,1
213,811aabd99a261ddc5bacee30be5a0c05a2d78a1e2b8533e7ffb8e23afd322f50,proven_maximal,maximize_sum_testing_e_values_at_maximum_cardinality,proven_optimal,51909.3517707279,2.0968573151903103,24755.786383117163,5,5,8,28;40;75;116;127,28;40;75;116;127,27;28;40;75;116;125;127;136,5,5,8,0,0,0,0.25,0.25,0.4,0.0,0.0,0.0,0,3,1.5634002999868244,12,10,776,66,8,,original_uniform_floor_plus_prior_scores,maximum_cardinality_certified_superset_of_eBH_then_maximum_testing_evalue_sum,200,5,5,exact_dyadic_prefix_or_HiGHS_QUBO_MILP,300.0,1
214,2a2c8018fbcc7a55b3606b75eaeb24597eac243a00d3a24a4c7f20286780e830,proven_maximal,maximize_sum_testing_e_values_at_maximum_cardinality,proven_optimal,19012.7125946216,1.3337749665256349,14254.812897072155,2,2,3,31;134,31;134,31;92;134,2,2,3,0,0,0,0.1,0.1,0.15,0.0,0.0,0.0,0,1,1.9120969998184592,16,8,538,32,3,,original_uniform_floor_plus_prior_scores,maximum_cardinality_certified_superset_of_eBH_then_maximum_testing_evalue_sum,200,2,2,exact_dyadic_prefix_or_HiGHS_QUBO_MILP,300.0,1
215,09f4b3a3a6cbbf9169964cbe1e201ddde19ba401694a9b7150c668aaa3c8a323,proven_maximal,maximize_sum_testing_e_values_at_maximum_cardinality,proven_optimal,46098.30763199745,2.2820439948960387,20200.44650107524,6,6,10,30;80;129;146;177;194,30;80;129;146;177;194,7;30;46;80;110;129;146;177;194;198,6,6,10,0,0,0,0.3,0.3,0.5,0.0,0.0,0.0,0,4,1.662791999988258,9,8,700,37,10,,original_uniform_floor_plus_prior_scores,maximum_cardinality_certified_superset_of_eBH_then_maximum_testing_evalue_sum,200,6,6,exact_dyadic_prefix_or_HiGHS_QUBO_MILP,300.0,1
216,493b1acd4c4520a14f150865bf5c94f581b6998499fbd6b2a38ec819ae2fba7d,proven_maximal,maximize_sum_testing_e_values_at_maximum_cardinality,proven_optimal,0.0,0.0,783.0901596913617,0,0,0,,,,0,0,0,0,0,0,0.0,0.0,0.0,0.0,0.0,0.0,0,0,0.4758164999075234,3,3,300,38,0,,original_uniform_floor_plus_prior_scores,maximum_cardinality_certified_superset_of_eBH_then_maximum_testing_evalue_sum,200,0,0,exact_dyadic_prefix_or_HiGHS_QUBO_MILP,300.0,1
217,0aea999a37fef6ed41ed4e023af5d10966db8c8b0f308de43f8533eec327043b,proven_maximal,maximize_sum_testing_e_values_at_maximum_cardinality,proven_optimal,3295.1448093310246,1.5628991633052958,2108.354068321523,0,0,2,,,60;149,0,0,2,0,0,0,0.0,0.0,0.1,0.0,0.0,0.0,0,2,1.44257519999519,12,7,700,48,2,,original_uniform_floor_plus_prior_scores,maximum_cardinality_certified_superset_of_eBH_then_maximum_testing_evalue_sum,200,0,0,exact_dyadic_prefix_or_HiGHS_QUBO_MILP,300.0,1
218,8c566d53fe3a855404c7895c0b18c2712d80a4037994983f1607be7b460e1400,proven_maximal,maximize_sum_testing_e_values_at_maximum_cardinality,proven_optimal,7364.480310833864,3.5594897635152085,2068.970779553809,4,4,5,35;51;111;113,35;51;111;113,35;51;76;111;113,4,4,5,0,0,0,0.2,0.2,0.25,0.0,0.0,0.0,0,1,1.964374199975282,17,8,570,37,5,,original_uniform_floor_plus_prior_scores,maximum_cardinality_certified_superset_of_eBH_then_maximum_testing_evalue_sum,200,4,4,exact_dyadic_prefix_or_HiGHS_QUBO_MILP,300.0,1
219,945923117b3b3ecc801e9c7051a5d58bbd777248cee897b65e7c313105694757,proven_maximal,maximize_sum_testing_e_values_at_maximum_cardinality,proven_optimal,11362.486190361746,1.818566492274328,6248.045501020775,2,2,2,100;125,100;125,100;125,2,2,2,0,0,0,0.1,0.1,0.1,0.0,0.0,0.0,0,0,1.934158300049603,15,5,523,32,2,,original_uniform_floor_plus_prior_scores,maximum_cardinality_certified_superset_of_eBH_then_maximum_testing_evalue_sum,200,2,2,exact_dyadic_prefix_or_HiGHS_QUBO_MILP,300.0,1
220,443847309b7addfeaf7d2aeaebba39335e148b6a8240bcfd17a724b093828a9e,proven_maximal,maximize_sum_testing_e_values_at_maximum_cardinality,proven_optimal,3933.375481303934,3.487938882654695,1127.707684576805,0,0,6,,,0;8;14;15;116;172,0,0,6,0,0,0,0.0,0.0,0.3,0.0,0.0,0.0,0,6,1.5301345998886973,12,8,574,45,6,,original_uniform_floor_plus_prior_scores,maximum_cardinality_certified_superset_of_eBH_then_maximum_testing_evalue_sum,200,0,0,exact_dyadic_prefix_or_HiGHS_QUBO_MILP,300.0,1
221,af71c363e909999832c42c9d1ed2d77cabd019421c30a21e630b5283c68c5998,proven_maximal,maximize_sum_testing_e_values_at_maximum_cardinality,proven_optimal,32608.07891572556,1.30570933276239,24973.459327842225,5,5,9,6;47;50;127;161,6;47;50;127;161,6;19;44;47;50;117;121;127;161,5,5,9,0,0,0,0.25,0.25,0.45,0.0,0.0,0.0,0,4,1.6393278997857124,13,8,622,40,9,,original_uniform_floor_plus_prior_scores,maximum_cardinality_certified_superset_of_eBH_then_maximum_testing_evalue_sum,200,5,5,exact_dyadic_prefix_or_HiGHS_QUBO_MILP,300.0,1
222,799f86352f6bdbeb7fd2769edaaed23b38c6818add2edc1f9376af36ee36676b,proven_maximal,maximize_sum_testing_e_values_at_maximum_cardinality,proven_optimal,14012.163963055478,1.2636638988034956,11088.52122492614,2,2,2,10;23,10;23,10;23,2,2,2,0,0,0,0.1,0.1,0.1,0.0,0.0,0.0,0,0,0.8442681999877095,8,8,603,36,2,,original_uniform_floor_plus_prior_scores,maximum_cardinality_certified_superset_of_eBH_then_maximum_testing_evalue_sum,200,2,2,exact_dyadic_prefix_or_HiGHS_QUBO_MILP,300.0,1
223,914182d697b274c14e45dee8e992c9d4d5a6ac88ca2602132f3de2b304b1e2c9,proven_maximal,maximize_sum_testing_e_values_at_maximum_cardinality,proven_optimal,13043.128040197624,4.113373905990351,3170.907468733337,6,6,6,27;134;157;167;193;197,27;134;157;167;193;197,27;134;157;167;193;197,6,6,6,0,0,0,0.3,0.3,0.3,0.0,0.0,0.0,0,0,1.2887862999923527,11,7,602,37,6,,original_uniform_floor_plus_prior_scores,maximum_cardinality_certified_superset_of_eBH_then_maximum_testing_evalue_sum,200,6,6,exact_dyadic_prefix_or_HiGHS_QUBO_MILP,300.0,1
224,d7bf2dc8cd754c62992c9b9588761524454ae1366eb5285baa8792a0b7513f96,proven_maximal,maximize_sum_testing_e_values_at_maximum_cardinality,proven_optimal,7667.49373469309,3.5379529650984143,2167.211890698441,4,4,8,4;77;114;137,4;77;114;137,4;45;77;114;137;144;162;193,4,4,8,0,0,0,0.2,0.2,0.4,0.0,0.0,0.0,0,4,1.5992605001665652,13,7,615,37,8,,original_uniform_floor_plus_prior_scores,maximum_cardinality_certified_superset_of_eBH_then_maximum_testing_evalue_sum,200,4,4,exact_dyadic_prefix_or_HiGHS_QUBO_MILP,300.0,1
225,9f52145a7cb1d53320d37c1fc13f732db44bb65676050a61208ce15e15b18ced,proven_maximal,maximize_sum_testing_e_values_at_maximum_cardinality,proven_optimal,13110.376767335269,1.954055309687334,6709.317132601042,2,2,2,167;199,167;199,167;199,2,2,2,0,0,0,0.1,0.1,0.1,0.0,0.0,0.0,0,0,1.8878360998351127,16,7,653,41,2,,original_uniform_floor_plus_prior_scores,maximum_cardinality_certified_superset_of_eBH_then_maximum_testing_evalue_sum,200,2,2,exact_dyadic_prefix_or_HiGHS_QUBO_MILP,300.0,1
226,9021f77a78157093fe88483224e3280151f2a7de5016e7729415ae320c42e8a9,proven_maximal,maximize_sum_testing_e_values_at_maximum_cardinality,proven_optimal,9239.2575343294,1.845328481526988,5006.836249925553,3,3,3,14;52;174,14;52;174,14;52;174,3,3,3,0,0,0,0.15,0.15,0.15,0.0,0.0,0.0,0,0,1.4024199000559747,13,7,683,48,3,,original_uniform_floor_plus_prior_scores,maximum_cardinality_certified_superset_of_eBH_then_maximum_testing_evalue_sum,200,3,3,exact_dyadic_prefix_or_HiGHS_QUBO_MILP,300.0,1
227,2ce51980562b83ca20eae1d9133ece152907ffef37f4ffec9facb63aac06aaef,proven_maximal,maximize_sum_testing_e_values_at_maximum_cardinality,proven_optimal,4810.403410061263,1.0,4810.403410061263,1,1,1,124,124,124,1,1,1,0,0,0,0.05,0.05,0.05,0.0,0.0,0.0,0,0,1.5079964001197368,12,9,769,38,1,,original_uniform_floor_plus_prior_scores,maximum_cardinality_certified_superset_of_eBH_then_maximum_testing_evalue_sum,200,1,1,exact_dyadic_prefix_or_HiGHS_QUBO_MILP,300.0,1
228,57b28291ab0b77cef5705812d26dd35734c1cde9927b44a8fefe043610a31e49,proven_maximal,maximize_sum_testing_e_values_at_maximum_cardinality,proven_optimal,180716.89662848343,1.1593248348045335,155881.15703477792,4,4,6,80;81;96;155,80;81;96;155,9;80;81;96;146;155,4,4,6,0,0,0,0.2,0.2,0.3,0.0,0.0,0.0,0,2,1.82218710007146,15,8,693,41,6,,original_uniform_floor_plus_prior_scores,maximum_cardinality_certified_superset_of_eBH_then_maximum_testing_evalue_sum,200,4,4,exact_dyadic_prefix_or_HiGHS_QUBO_MILP,300.0,1
229,961744538f97b32784dc0cce2784924bcd51718075deec9a53bf65ba3ce9a80c,proven_maximal,maximize_sum_testing_e_values_at_maximum_cardinality,proven_optimal,0.0,0.0,2084.113043253644,0,0,0,,,,0,0,0,0,0,0,0.0,0.0,0.0,0.0,0.0,0.0,0,0,2.624879200011492,24,14,865,46,0,,original_uniform_floor_plus_prior_scores,maximum_cardinality_certified_superset_of_eBH_then_maximum_testing_evalue_sum,200,0,0,exact_dyadic_prefix_or_HiGHS_QUBO_MILP,300.0,1
230,f66649f48146e7d183271b660375d2889a6348d4040325360949bb05eb5b10bc,proven_maximal,maximize_sum_testing_e_values_at_maximum_cardinality,proven_optimal,22150.65266021688,2.268339275816018,9765.140910082046,6,6,9,26;129;140;179;184;195,26;129;140;179;184;195,26;72;76;129;140;156;179;184;195,6,6,9,0,0,0,0.3,0.3,0.45,0.0,0.0,0.0,0,3,1.6335138999857008,14,8,651,56,9,,original_uniform_floor_plus_prior_scores,maximum_cardinality_certified_superset_of_eBH_then_maximum_testing_evalue_sum,200,6,6,exact_dyadic_prefix_or_HiGHS_QUBO_MILP,300.0,1
231,8626607c6093c3732437ef447f3a67580cab776f4504c72b88317e37dd1b88dd,proven_maximal,maximize_sum_testing_e_values_at_maximum_cardinality,proven_optimal,8464.454016514987,1.0,8464.454016514987,1,1,1,52,52,52,1,1,1,0,0,0,0.05,0.05,0.05,0.0,0.0,0.0,0,0,1.1815018998458982,11,6,476,35,1,,original_uniform_floor_plus_prior_scores,maximum_cardinality_certified_superset_of_eBH_then_maximum_testing_evalue_sum,200,1,1,exact_dyadic_prefix_or_HiGHS_QUBO_MILP,300.0,1
232,d71f3561cb0292573f487ed7e3da64c7ddc46f0827ca4a6bbcd65606032a48ff,proven_maximal,maximize_sum_testing_e_values_at_maximum_cardinality,proven_optimal,48992.96377369532,1.034151573370107,47375.03189598832,1,1,2,29,29,29;123,1,1,2,0,0,0,0.05,0.05,0.1,0.0,0.0,0.0,0,1,1.8777404001448303,16,8,655,38,2,,original_uniform_floor_plus_prior_scores,maximum_cardinality_certified_superset_of_eBH_then_maximum_testing_evalue_sum,200,1,1,exact_dyadic_prefix_or_HiGHS_QUBO_MILP,300.0,1
233,398bdb61f8228f0d7cadb744f9ad3f6f7525e4da471dcfe78364d881d3b63b7a,proven_maximal,maximize_sum_testing_e_values_at_maximum_cardinality,proven_optimal,55986.02934120034,1.0,55986.02934120034,1,1,1,54,54,54,1,1,1,0,0,0,0.05,0.05,0.05,0.0,0.0,0.0,0,0,1.716249099932611,17,9,814,37,1,,original_uniform_floor_plus_prior_scores,maximum_cardinality_certified_superset_of_eBH_then_maximum_testing_evalue_sum,200,1,1,exact_dyadic_prefix_or_HiGHS_QUBO_MILP,300.0,1
234,27915a264b53914c50393b95f53609de94ee01872a0950f11e74ad4d17d96b64,proven_maximal,maximize_sum_testing_e_values_at_maximum_cardinality,proven_optimal,65782.41627976035,1.8935262268772863,34740.69455496562,9,9,12,11;53;72;77;115;116;139;151;170,11;53;72;77;115;116;139;151;170,2;11;19;53;72;77;115;116;139;151;170;191,9,9,12,0,0,0,0.45,0.45,0.6,0.0,0.0,0.0,0,3,1.804475900018588,9,7,641,49,12,,original_uniform_floor_plus_prior_scores,maximum_cardinality_certified_superset_of_eBH_then_maximum_testing_evalue_sum,200,9,9,exact_dyadic_prefix_or_HiGHS_QUBO_MILP,300.0,1
235,c69ab0dfd7ec7417e08c03eb333b81f4738b16beadc064655a56fd6306e55b97,proven_maximal,maximize_sum_testing_e_values_at_maximum_cardinality,proven_optimal,24747.730724590456,2.0855067930271534,11866.530863065973,4,4,6,17;25;118;150,17;25;118;150,16;17;25;69;118;150,4,4,6,0,0,0,0.2,0.2,0.3,0.0,0.0,0.0,0,2,0.7958597000688314,7,6,483,31,6,,original_uniform_floor_plus_prior_scores,maximum_cardinality_certified_superset_of_eBH_then_maximum_testing_evalue_sum,200,4,4,exact_dyadic_prefix_or_HiGHS_QUBO_MILP,300.0,1
236,30e0e141343e6fc9a06323780e6ec7fff51d9bc1c2a91a4f29dc8dee12442218,proven_maximal,maximize_sum_testing_e_values_at_maximum_cardinality,proven_optimal,37273.96830701571,1.1965288539477603,31151.750485611825,4,4,4,3;89;142;181,3;89;142;181,3;89;142;181,4,4,4,0,0,0,0.2,0.2,0.2,0.0,0.0,0.0,0,0,1.5121526999864727,13,10,698,36,4,,original_uniform_floor_plus_prior_scores,maximum_cardinality_certified_superset_of_eBH_then_maximum_testing_evalue_sum,200,4,4,exact_dyadic_prefix_or_HiGHS_QUBO_MILP,300.0,1
237,ef6bbc46a302caaed2eebb5654a428361529d17f86361ce8ff1250b5d43f4143,proven_maximal,maximize_sum_testing_e_values_at_maximum_cardinality,proven_optimal,5026.356173849056,2.9236556232423583,1719.2025400976554,0,0,7,,,18;33;35;40;67;144;151,0,0,7,0,0,0,0.0,0.0,0.35,0.0,0.0,0.0,0,7,1.6867114000488073,13,12,893,51,7,,original_uniform_floor_plus_prior_scores,maximum_cardinality_certified_superset_of_eBH_then_maximum_testing_evalue_sum,200,0,0,exact_dyadic_prefix_or_HiGHS_QUBO_MILP,300.0,1
238,1c7983b9c9b752fde17401bed2fafa015405dacb42c82fb472d24a3da514c4e6,proven_maximal,maximize_sum_testing_e_values_at_maximum_cardinality,proven_optimal,184183.3129500665,1.0191378100530888,180724.6391343994,2,2,2,82;98,82;98,82;98,2,2,2,0,0,0,0.1,0.1,0.1,0.0,0.0,0.0,0,0,1.5658623999916017,14,7,538,34,2,,original_uniform_floor_plus_prior_scores,maximum_cardinality_certified_superset_of_eBH_then_maximum_testing_evalue_sum,200,2,2,exact_dyadic_prefix_or_HiGHS_QUBO_MILP,300.0,1
239,42e9e773b072ed5d605aa8d3f5651cee7bee6a3576fd2561e40a684501403b09,proven_maximal,maximize_sum_testing_e_values_at_maximum_cardinality,proven_optimal,56144.236148104144,1.193669155526817,47035.006214368754,7,7,7,10;12;68;90;102;131;154,10;12;68;90;102;131;154,10;12;68;90;102;131;154,7,7,7,0,0,0,0.35,0.35,0.35,0.0,0.0,0.0,0,0,1.1093534999527035,9,5,419,26,7,,original_uniform_floor_plus_prior_scores,maximum_cardinality_certified_superset_of_eBH_then_maximum_testing_evalue_sum,200,7,7,exact_dyadic_prefix_or_HiGHS_QUBO_MILP,300.0,1
240,3f4578a5d6cac162474fdc8c5dfe256537b768bb5700f518e4fc31c77882b8be,proven_maximal,maximize_sum_testing_e_values_at_maximum_cardinality,proven_optimal,0.0,0.0,1465.1474485174565,0,0,0,,,,0,0,0,0,0,0,0.0,0.0,0.0,0.0,0.0,0.0,0,0,1.517851100070402,15,10,723,49,0,,original_uniform_floor_plus_prior_scores,maximum_cardinality_certified_superset_of_eBH_then_maximum_testing_evalue_sum,200,0,0,exact_dyadic_prefix_or_HiGHS_QUBO_MILP,300.0,1
241,49793c2c8c8153301a4e4547cfb4f78aec54408160881e866c2e35b3fef43609,proven_maximal,maximize_sum_testing_e_values_at_maximum_cardinality,proven_optimal,67386.58761593096,1.6962947929289038,39725.752797706846,6,6,7,40;77;136;157;163;195,40;77;136;157;163;195,10;40;77;136;157;163;195,6,6,7,0,0,0,0.3,0.3,0.35,0.0,0.0,0.0,0,1,1.3306700999382883,10,5,407,38,7,,original_uniform_floor_plus_prior_scores,maximum_cardinality_certified_superset_of_eBH_then_maximum_testing_evalue_sum,200,6,6,exact_dyadic_prefix_or_HiGHS_QUBO_MILP,300.0,1
242,a5a803d19bc941d168d42f0d194d7f13520504bcb23e11e6cb0f926ebaf527f9,proven_maximal,maximize_sum_testing_e_values_at_maximum_cardinality,proven_optimal,10468.961409223795,3.394885921719857,3083.744682625505,5,5,5,65;76;88;116;138,65;76;88;116;138,65;76;88;116;138,5,5,5,0,0,0,0.25,0.25,0.25,0.0,0.0,0.0,0,0,2.0122604998759925,15,5,423,32,5,,original_uniform_floor_plus_prior_scores,maximum_cardinality_certified_superset_of_eBH_then_maximum_testing_evalue_sum,200,5,5,exact_dyadic_prefix_or_HiGHS_QUBO_MILP,300.0,1
243,4dc34d80a0a596a55e48ee615f1f7d30a8e939e2de53b1c905ea92b5dd85c9b1,proven_maximal,maximize_sum_testing_e_values_at_maximum_cardinality,proven_optimal,0.0,0.0,3257.1147090045274,0,0,0,,,,0,0,0,0,0,0,0.0,0.0,0.0,0.0,0.0,0.0,0,0,1.6621159999631343,14,6,535,36,0,,original_uniform_floor_plus_prior_scores,maximum_cardinality_certified_superset_of_eBH_then_maximum_testing_evalue_sum,200,0,0,exact_dyadic_prefix_or_HiGHS_QUBO_MILP,300.0,1
244,3179fd577a8ccecbe93c45451d224efb98f1a39d34e4c49b3fa4d4addb098b0f,proven_maximal,maximize_sum_testing_e_values_at_maximum_cardinality,proven_optimal,8755.454903618796,1.912757758959128,4577.398712727369,2,2,4,62;119,62;119,32;62;119;169,2,2,4,0,0,0,0.1,0.1,0.2,0.0,0.0,0.0,0,2,1.854088100139052,17,10,714,54,4,,original_uniform_floor_plus_prior_scores,maximum_cardinality_certified_superset_of_eBH_then_maximum_testing_evalue_sum,200,2,2,exact_dyadic_prefix_or_HiGHS_QUBO_MILP,300.0,1
245,6f32f8ed53de1e1cae1a6732cf7f99362f0acdb1ef8bb86e2a3d5490b279c48c,proven_maximal,maximize_sum_testing_e_values_at_maximum_cardinality,proven_optimal,10155.233308972009,2.978450775940721,3409.5689581321194,3,3,5,35;92;104,35;92;104,35;49;73;92;104,3,3,5,0,0,0,0.15,0.15,0.25,0.0,0.0,0.0,0,2,1.6617972000967711,13,7,602,55,5,,original_uniform_floor_plus_prior_scores,maximum_cardinality_certified_superset_of_eBH_then_maximum_testing_evalue_sum,200,3,3,exact_dyadic_prefix_or_HiGHS_QUBO_MILP,300.0,1
246,5b0bfd434203c34b50c51cd7cd7224f019afa259b732d49719f9704a28bc5ff6,proven_maximal,maximize_sum_testing_e_values_at_maximum_cardinality,proven_optimal,12241.891293368262,2.5388722753848336,4821.783045983547,2,2,5,97;106,97;106,97;106;129;130;141,2,2,5,0,0,0,0.1,0.1,0.25,0.0,0.0,0.0,0,3,1.5916742000263184,11,9,770,41,5,,original_uniform_floor_plus_prior_scores,maximum_cardinality_certified_superset_of_eBH_then_maximum_testing_evalue_sum,200,2,2,exact_dyadic_prefix_or_HiGHS_QUBO_MILP,300.0,1
247,9cc1bc71b61422018868902bbdf796ae7420182a0786e8465be3bb830b11f601,proven_maximal,maximize_sum_testing_e_values_at_maximum_cardinality,proven_optimal,20683.08278739675,1.5840848006094248,13056.80275414524,5,5,6,65;120;126;127;148,65;120;126;127;148,65;120;126;127;148;195,5,5,6,0,0,0,0.25,0.25,0.3,0.0,0.0,0.0,0,1,1.8344565001316369,16,10,698,34,6,,original_uniform_floor_plus_prior_scores,maximum_cardinality_certified_superset_of_eBH_then_maximum_testing_evalue_sum,200,5,5,exact_dyadic_prefix_or_HiGHS_QUBO_MILP,300.0,1
248,5d1835bcf4777353d387f189a91613990e871c2c221534a9d89ed325af052d3d,proven_maximal,maximize_sum_testing_e_values_at_maximum_cardinality,proven_optimal,178351.08951954395,1.530339748059481,116543.46019940916,3,3,3,95;110;133,95;110;133,95;110;133,3,3,3,0,0,0,0.15,0.15,0.15,0.0,0.0,0.0,0,0,2.1217646999284625,16,6,607,45,3,,original_uniform_floor_plus_prior_scores,maximum_cardinality_certified_superset_of_eBH_then_maximum_testing_evalue_sum,200,3,3,exact_dyadic_prefix_or_HiGHS_QUBO_MILP,300.0,1
249,dd8912b85825dbaa79722259f3318e085842895ea53b0a3ea733d924fec0c157,proven_maximal,maximize_sum_testing_e_values_at_maximum_cardinality,proven_optimal,10460.30665276593,2.220602263439315,4710.571913299227,2,2,3,129;161,129;161,23;129;161,2,2,3,0,0,0,0.1,0.1,0.15,0.0,0.0,0.0,0,1,2.541252400027588,20,11,862,51,3,,original_uniform_floor_plus_prior_scores,maximum_cardinality_certified_superset_of_eBH_then_maximum_testing_evalue_sum,200,2,2,exact_dyadic_prefix_or_HiGHS_QUBO_MILP,300.0,1
250,2cff3a92d6714d6b3cfdffff1051025102a1f72f66860f3bb8d8c8ba2e6fcfa3,proven_maximal,maximize_sum_testing_e_values_at_maximum_cardinality,proven_optimal,22346.147141489982,3.296982946342077,6777.756362459348,6,6,7,3;44;68;131;134;154,3;44;68;131;134;154,3;44;68;131;134;154;157,6,6,7,0,0,0,0.3,0.3,0.35,0.0,0.0,0.0,0,1,1.5501351999118924,14,8,579,41,7,,original_uniform_floor_plus_prior_scores,maximum_cardinality_certified_superset_of_eBH_then_maximum_testing_evalue_sum,200,6,6,exact_dyadic_prefix_or_HiGHS_QUBO_MILP,300.0,1
251,3b66bce203cde4ada3606a377e1f24f904fbe94388259f6d39814d0c60fc07f9,proven_maximal,maximize_sum_testing_e_values_at_maximum_cardinality,proven_optimal,59421.18797183273,1.8406968582684928,32281.89786107913,10,10,11,35;88;89;92;107;113;120;138;169;192,35;88;89;92;107;113;120;138;169;192,26;35;88;89;92;107;113;120;138;169;192,10,10,11,0,0,0,0.5,0.5,0.55,0.0,0.0,0.0,0,1,2.350372100016102,14,6,523,39,11,,original_uniform_floor_plus_prior_scores,maximum_cardinality_certified_superset_of_eBH_then_maximum_testing_evalue_sum,200,10,10,exact_dyadic_prefix_or_HiGHS_QUBO_MILP,300.0,1
252,ecb8cf59d20ba451d012d48c2f4ca29064d21fcd69cb4401a2a267e69f73bf16,proven_maximal,maximize_sum_testing_e_values_at_maximum_cardinality,proven_optimal,14212.428493345597,3.866472144858512,3675.81297908605,5,5,8,32;37;61;188;198,32;37;61;188;198,32;37;61;115;155;159;188;198,5,5,8,0,0,0,0.25,0.25,0.4,0.0,0.0,0.0,0,3,2.058678699890152,13,10,606,35,8,,original_uniform_floor_plus_prior_scores,maximum_cardinality_certified_superset_of_eBH_then_maximum_testing_evalue_sum,200,5,5,exact_dyadic_prefix_or_HiGHS_QUBO_MILP,300.0,1
253,6df8cd6c670ba511500ab23ca4d37649272171a6585eb3f177ea62393daf49d2,proven_maximal,maximize_sum_testing_e_values_at_maximum_cardinality,proven_optimal,7026.273944507271,1.6814509402906914,4178.696967092337,2,2,2,43;101,43;101,43;101,2,2,2,0,0,0,0.1,0.1,0.1,0.0,0.0,0.0,0,0,0.7125641999300569,6,6,600,36,2,,original_uniform_floor_plus_prior_scores,maximum_cardinality_certified_superset_of_eBH_then_maximum_testing_evalue_sum,200,2,2,exact_dyadic_prefix_or_HiGHS_QUBO_MILP,300.0,1
254,5fd7fa714f8d6fff6258508f13f43463dad658e15695911fc6b2a07d990e637e,proven_maximal,maximize_sum_testing_e_values_at_maximum_cardinality,proven_optimal,10110.93089631626,2.739904792062839,3690.248991719114,4,4,4,32;140;161;165,32;140;161;165,32;140;161;165,4,4,4,0,0,0,0.2,0.2,0.2,0.0,0.0,0.0,0,0,1.3518288000486791,11,9,724,44,4,,original_uniform_floor_plus_prior_scores,maximum_cardinality_certified_superset_of_eBH_then_maximum_testing_evalue_sum,200,4,4,exact_dyadic_prefix_or_HiGHS_QUBO_MILP,300.0,1
255,faf9ae08bf824c087518a41535344e316f3a199087ab86aebaffb87988a69c4a,proven_maximal,maximize_sum_testing_e_values_at_maximum_cardinality,proven_optimal,7838.860904517082,1.0,7838.860904517082,1,1,1,97,97,97,1,1,1,0,0,0,0.05,0.05,0.05,0.0,0.0,0.0,0,0,2.1276616000104696,18,8,738,49,1,,original_uniform_floor_plus_prior_scores,maximum_cardinality_certified_superset_of_eBH_then_maximum_testing_evalue_sum,200,1,1,exact_dyadic_prefix_or_HiGHS_QUBO_MILP,300.0,1
256,4a3210d5afa93af7b6c31cc105c9ea29dab25cc6f234dccb95008e69dc7791a6,proven_maximal,maximize_sum_testing_e_values_at_maximum_cardinality,proven_optimal,41805.18183976934,1.0,41805.18183976934,1,1,1,156,156,156,1,1,1,0,0,0,0.05,0.05,0.05,0.0,0.0,0.0,0,0,1.395936799934134,11,8,612,47,1,,original_uniform_floor_plus_prior_scores,maximum_cardinality_certified_superset_of_eBH_then_maximum_testing_evalue_sum,200,1,1,exact_dyadic_prefix_or_HiGHS_QUBO_MILP,300.0,1
257,f49f5626da737b4355cde04e935d8cd7fba44e289b8abf7142fd7037605f29e1,proven_maximal,maximize_sum_testing_e_values_at_maximum_cardinality,proven_optimal,579526.9247766084,1.009648273413506,573988.9227139405,5,5,5,55;107;132;173;175,55;107;132;173;175,55;107;132;173;175,5,5,5,0,0,0,0.25,0.25,0.25,0.0,0.0,0.0,0,0,1.614698600023985,14,7,702,47,5,,original_uniform_floor_plus_prior_scores,maximum_cardinality_certified_superset_of_eBH_then_maximum_testing_evalue_sum,200,5,5,exact_dyadic_prefix_or_HiGHS_QUBO_MILP,300.0,1
258,1d0d5baa2c13a1c47aed4fd159d2f6554a49e51a7640c8ee91a70488b83d8a47,proven_maximal,maximize_sum_testing_e_values_at_maximum_cardinality,proven_optimal,21271.87524930301,1.170388816404771,18175.04999291302,2,2,2,27;31,27;31,27;31,2,2,2,0,0,0,0.1,0.1,0.1,0.0,0.0,0.0,0,0,1.718448600033298,16,7,605,33,2,,original_uniform_floor_plus_prior_scores,maximum_cardinality_certified_superset_of_eBH_then_maximum_testing_evalue_sum,200,2,2,exact_dyadic_prefix_or_HiGHS_QUBO_MILP,300.0,1
259,a86f1778f31234fbce91dccb2c1e7e751d974d6077372659f1250fb58ace61fb,proven_maximal,maximize_sum_testing_e_values_at_maximum_cardinality,proven_optimal,39778.09857410121,1.6224008453388103,24518.04601087609,4,4,6,20;65;120;122,20;65;120;122,4;20;65;120;122;154,4,4,6,0,0,0,0.2,0.2,0.3,0.0,0.0,0.0,0,2,1.6657306998968124,14,8,704,46,6,,original_uniform_floor_plus_prior_scores,maximum_cardinality_certified_superset_of_eBH_then_maximum_testing_evalue_sum,200,4,4,exact_dyadic_prefix_or_HiGHS_QUBO_MILP,300.0,1
260,933e4ee3fe8a1f59f91f4517034b36bde66553fcbc10e81da06e428129ba6dcc,proven_maximal,maximize_sum_testing_e_values_at_maximum_cardinality,proven_optimal,46073.08261481672,1.854260489483294,24847.14681466108,6,6,7,41;112;129;132;150;184,41;112;129;132;150;184,41;112;129;132;133;150;184,6,6,7,0,0,0,0.3,0.3,0.35,0.0,0.0,0.0,0,1,1.2440457998309284,11,7,576,60,7,,original_uniform_floor_plus_prior_scores,maximum_cardinality_certified_superset_of_eBH_then_maximum_testing_evalue_sum,200,6,6,exact_dyadic_prefix_or_HiGHS_QUBO_MILP,300.0,1
261,86199c870a822b2754f04d8758401e29d6a8ce8e74f84f3cff32c04382da3f36,proven_maximal,maximize_sum_testing_e_values_at_maximum_cardinality,proven_optimal,18655.712918706864,1.6302737032947034,11443.301134652776,8,8,11,16;27;50;61;93;109;116;194,16;27;50;61;93;109;116;194,16;27;50;61;69;93;109;116;134;149;194,8,8,11,0,0,0,0.4,0.4,0.55,0.0,0.0,0.0,0,3,2.3028355999849737,12,8,546,41,11,,original_uniform_floor_plus_prior_scores,maximum_cardinality_certified_superset_of_eBH_then_maximum_testing_evalue_sum,200,8,8,exact_dyadic_prefix_or_HiGHS_QUBO_MILP,300.0,1
262,86b426615aa45a95c5a9ab4de3a62b0e6df1fec7a45a93f34c4ba376be5eb57d,proven_maximal,maximize_sum_testing_e_values_at_maximum_cardinality,proven_optimal,5582.505661585543,1.0,5582.505661585543,1,1,1,135,135,135,1,1,1,0,0,0,0.05,0.05,0.05,0.0,0.0,0.0,0,0,2.566314200172201,21,11,963,42,1,,original_uniform_floor_plus_prior_scores,maximum_cardinality_certified_superset_of_eBH_then_maximum_testing_evalue_sum,200,1,1,exact_dyadic_prefix_or_HiGHS_QUBO_MILP,300.0,1
263,73144f460fbf97f363bcc113d46316a41b45b73a615f14b54f9903ecaa712d1f,proven_maximal,maximize_sum_testing_e_values_at_maximum_cardinality,proven_optimal,0.0,0.0,1187.7744647026852,0,0,0,,,,0,0,0,0,0,0,0.0,0.0,0.0,0.0,0.0,0.0,0,0,0.4585921000689268,3,3,300,38,0,,original_uniform_floor_plus_prior_scores,maximum_cardinality_certified_superset_of_eBH_then_maximum_testing_evalue_sum,200,0,0,exact_dyadic_prefix_or_HiGHS_QUBO_MILP,300.0,1
264,4fcc4bcf0c956cd7153fe11cb7be9ff1f1badb2080fefa60b8c165463e856f43,proven_maximal,maximize_sum_testing_e_values_at_maximum_cardinality,proven_optimal,227867.15747677613,1.043727282049928,218320.5913993497,3,3,5,16;91;134,16;91;134,16;91;117;134;142,3,3,5,0,0,0,0.15,0.15,0.25,0.0,0.0,0.0,0,2,1.59491639980115,13,7,601,38,5,,original_uniform_floor_plus_prior_scores,maximum_cardinality_certified_superset_of_eBH_then_maximum_testing_evalue_sum,200,3,3,exact_dyadic_prefix_or_HiGHS_QUBO_MILP,300.0,1
265,d36bc1d1f8f055753e9800d13817987e5e52092b8e95d22e72e156de1fdeafb2,proven_maximal,maximize_sum_testing_e_values_at_maximum_cardinality,proven_optimal,16417.84367384894,1.61708887001558,10152.715771082365,5,5,5,9;46;91;113;130,9;46;91;113;130,9;46;91;113;130,5,5,5,0,0,0,0.25,0.25,0.25,0.0,0.0,0.0,0,0,1.9687512000091367,15,5,507,42,5,,original_uniform_floor_plus_prior_scores,maximum_cardinality_certified_superset_of_eBH_then_maximum_testing_evalue_sum,200,5,5,exact_dyadic_prefix_or_HiGHS_QUBO_MILP,300.0,1
266,66f8a8ad7c9f339290c49d2ee6166453254edf0af0ee4f1cec840f9211dd3573,proven_maximal,maximize_sum_testing_e_values_at_maximum_cardinality,proven_optimal,40125.02314092283,1.6170149973795522,24814.255406379834,4,4,8,25;74;98;102,25;74;98;102,5;15;25;74;98;102;114;151,4,4,8,0,0,0,0.2,0.2,0.4,0.0,0.0,0.0,0,4,1.8105420998763293,12,11,638,58,8,,original_uniform_floor_plus_prior_scores,maximum_cardinality_certified_superset_of_eBH_then_maximum_testing_evalue_sum,200,4,4,exact_dyadic_prefix_or_HiGHS_QUBO_MILP,300.0,1
267,f8d9868aadf38a177092c9147e9a521d246de8b649592ebf3d57c96a10318cd7,proven_maximal,maximize_sum_testing_e_values_at_maximum_cardinality,proven_optimal,37609.16926148559,1.335821224170936,28154.343246662625,4,4,4,33;97;139;192,33;97;139;192,33;97;139;192,4,4,4,0,0,0,0.2,0.2,0.2,0.0,0.0,0.0,0,0,1.366213999921456,12,7,542,38,4,,original_uniform_floor_plus_prior_scores,maximum_cardinality_certified_superset_of_eBH_then_maximum_testing_evalue_sum,200,4,4,exact_dyadic_prefix_or_HiGHS_QUBO_MILP,300.0,1
268,eb18d890bdfa01030d28e2312ad845f4c519bd1b2dedf1c804ce308285be2ae8,proven_maximal,maximize_sum_testing_e_values_at_maximum_cardinality,proven_optimal,44602.41560116568,1.0537432990910325,42327.59120711855,2,2,2,22;146,22;146,22;146,2,2,2,0,0,0,0.1,0.1,0.1,0.0,0.0,0.0,0,0,1.8607600000686944,17,8,706,45,2,,original_uniform_floor_plus_prior_scores,maximum_cardinality_certified_superset_of_eBH_then_maximum_testing_evalue_sum,200,2,2,exact_dyadic_prefix_or_HiGHS_QUBO_MILP,300.0,1
269,bcd298208b5b2fc7da3e3bf1d9e96edd2fc9812b96baa44c28ceb52406b00e70,proven_maximal,maximize_sum_testing_e_values_at_maximum_cardinality,proven_optimal,23629.999225425425,2.474532032696134,9549.27999039854,6,6,6,25;26;28;50;122;162,25;26;28;50;122;162,25;26;28;50;122;162,6,6,6,0,0,0,0.3,0.3,0.3,0.0,0.0,0.0,0,0,1.7044122000224888,16,6,680,38,6,,original_uniform_floor_plus_prior_scores,maximum_cardinality_certified_superset_of_eBH_then_maximum_testing_evalue_sum,200,6,6,exact_dyadic_prefix_or_HiGHS_QUBO_MILP,300.0,1
270,2065f6ffb592acd00a643698b7c787725aeb8fb47302400e3439fbce09340f71,proven_maximal,maximize_sum_testing_e_values_at_maximum_cardinality,proven_optimal,11711.459875922594,1.1976007025808886,9779.102375845154,1,1,2,187,187,71;187,1,1,2,0,0,0,0.05,0.05,0.1,0.0,0.0,0.0,0,1,1.393798799952492,11,8,581,48,2,,original_uniform_floor_plus_prior_scores,maximum_cardinality_certified_superset_of_eBH_then_maximum_testing_evalue_sum,200,1,1,exact_dyadic_prefix_or_HiGHS_QUBO_MILP,300.0,1
271,b02c34d3f0cc831ce3fe587fdb979d5f3caaf2a20c6155911a11f135ab11e2d3,proven_maximal,maximize_sum_testing_e_values_at_maximum_cardinality,proven_optimal,11105.664650718967,1.6287937895118578,6818.336809871607,1,1,7,73,73,33;73;77;109;118;138;140,1,1,7,0,0,0,0.05,0.05,0.35,0.0,0.0,0.0,0,6,1.3721745000220835,14,10,596,35,7,,original_uniform_floor_plus_prior_scores,maximum_cardinality_certified_superset_of_eBH_then_maximum_testing_evalue_sum,200,1,1,exact_dyadic_prefix_or_HiGHS_QUBO_MILP,300.0,1
272,fe1e6e44bf60a281781cf677c3583f19ad4224dc52f8768e054d8967b60234d6,proven_maximal,maximize_sum_testing_e_values_at_maximum_cardinality,proven_optimal,51065.00061461432,2.29185343475,22281.0934767234,4,4,7,63;73;157;175,63;73;157;175,37;63;73;155;157;174;175,4,4,7,0,0,0,0.2,0.2,0.35,0.0,0.0,0.0,0,3,1.5864862001035362,15,11,857,46,7,,original_uniform_floor_plus_prior_scores,maximum_cardinality_certified_superset_of_eBH_then_maximum_testing_evalue_sum,200,4,4,exact_dyadic_prefix_or_HiGHS_QUBO_MILP,300.0,1
273,4c08e42e9c61f0d1838e6ae83f7f91d8cb49f4105feb3e3b1648078b821f1c20,proven_maximal,maximize_sum_testing_e_values_at_maximum_cardinality,proven_optimal,11441.936452036094,1.0,11441.936452036094,1,1,1,13,13,13,1,1,1,0,0,0,0.05,0.05,0.05,0.0,0.0,0.0,0,0,1.3128295999486,9,7,718,48,1,,original_uniform_floor_plus_prior_scores,maximum_cardinality_certified_superset_of_eBH_then_maximum_testing_evalue_sum,200,1,1,exact_dyadic_prefix_or_HiGHS_QUBO_MILP,300.0,1
274,a9ae2135b1ac258539ab6875f3fe5a7646c9703826e7ecff903d78f90d58050a,proven_maximal,maximize_sum_testing_e_values_at_maximum_cardinality,proven_optimal,16916.987119652676,2.444658003191392,6919.981076113022,2,2,9,137;181,137;181,37;55;98;127;137;140;141;170;181,2,2,9,0,0,0,0.1,0.1,0.45,0.0,0.0,0.0,0,7,1.257505000103265,9,6,591,40,9,,original_uniform_floor_plus_prior_scores,maximum_cardinality_certified_superset_of_eBH_then_maximum_testing_evalue_sum,200,2,2,exact_dyadic_prefix_or_HiGHS_QUBO_MILP,300.0,1
275,fa020f3d8c0b92231982d7ab2b9238e524cf488efa8dd4edd50622fe47e9b237,proven_maximal,maximize_sum_testing_e_values_at_maximum_cardinality,proven_optimal,0.0,0.0,316.3878503558633,0,0,0,,,,0,0,0,0,0,0,0.0,0.0,0.0,0.0,0.0,0.0,0,0,0.3903833001386374,3,3,300,39,0,,original_uniform_floor_plus_prior_scores,maximum_cardinality_certified_superset_of_eBH_then_maximum_testing_evalue_sum,200,0,0,exact_dyadic_prefix_or_HiGHS_QUBO_MILP,300.0,1
276,ae9d6eab894d5f9a74c245d4fc59818a3bcd1b8052a42541979bce254167d356,proven_maximal,maximize_sum_testing_e_values_at_maximum_cardinality,proven_optimal,119932.2384378494,2.388329732351516,50215.94665648022,5,5,10,29;32;40;55;187,29;32;40;55;187,2;29;32;34;39;40;55;107;186;187,5,5,10,0,0,0,0.25,0.25,0.5,0.0,0.0,0.0,0,5,1.5786910001188517,10,9,550,34,10,,original_uniform_floor_plus_prior_scores,maximum_cardinality_certified_superset_of_eBH_then_maximum_testing_evalue_sum,200,5,5,exact_dyadic_prefix_or_HiGHS_QUBO_MILP,300.0,1
277,62487268549c9e17956465155098db163e8f53a11c66adae063019b4d405b228,proven_maximal,maximize_sum_testing_e_values_at_maximum_cardinality,proven_optimal,13100.71867087343,3.1380786458958183,4174.757916920723,8,8,10,15;52;54;68;74;87;126;146,15;52;54;68;74;87;126;146,15;52;54;68;74;87;99;126;146;150,8,8,10,0,0,0,0.4,0.4,0.5,0.0,0.0,0.0,0,2,2.093235499924049,12,8,663,36,10,,original_uniform_floor_plus_prior_scores,maximum_cardinality_certified_superset_of_eBH_then_maximum_testing_evalue_sum,200,8,8,exact_dyadic_prefix_or_HiGHS_QUBO_MILP,300.0,1
278,9902ff33e72950162b06dbd6993ccf1fb0f98666af14474ed27507c7e6f8deeb,proven_maximal,maximize_sum_testing_e_values_at_maximum_cardinality,proven_optimal,7905.915853155253,3.9377060755054414,2007.7465665439368,5,5,6,21;60;133;139;185,21;60;133;139;185,21;44;60;133;139;185,5,5,6,0,0,0,0.25,0.25,0.3,0.0,0.0,0.0,0,1,1.6438562001567334,13,6,504,35,6,,original_uniform_floor_plus_prior_scores,maximum_cardinality_certified_superset_of_eBH_then_maximum_testing_evalue_sum,200,5,5,exact_dyadic_prefix_or_HiGHS_QUBO_MILP,300.0,1
279,65b5ed7341534f432ef448d52a8122197668eb0a7975bb34a18da7adcce839be,proven_maximal,maximize_sum_testing_e_values_at_maximum_cardinality,proven_optimal,9945.289697765418,1.584463856637408,6276.753903917746,1,1,7,143,143,9;27;36;59;143;172;185,1,1,7,0,0,0,0.05,0.05,0.35,0.0,0.0,0.0,0,6,1.4120134999975562,14,10,591,50,7,,original_uniform_floor_plus_prior_scores,maximum_cardinality_certified_superset_of_eBH_then_maximum_testing_evalue_sum,200,1,1,exact_dyadic_prefix_or_HiGHS_QUBO_MILP,300.0,1
280,4930747ab8c2c697151c9caa94e7a6f2e58f34a30641aaebd7e19d27666a256a,proven_maximal,maximize_sum_testing_e_values_at_maximum_cardinality,proven_optimal,77598.6406513471,1.3511258386712997,57432.57839525724,3,3,3,43;57;109,43;57;109,43;57;109,3,3,3,0,0,0,0.15,0.15,0.15,0.0,0.0,0.0,0,0,1.5590383000671864,14,7,641,34,3,,original_uniform_floor_plus_prior_scores,maximum_cardinality_certified_superset_of_eBH_then_maximum_testing_evalue_sum,200,3,3,exact_dyadic_prefix_or_HiGHS_QUBO_MILP,300.0,1
281,dc3ca4339be613e2df70b246ad4e3a12e66822a920b38347a87682a4731d24eb,proven_maximal,maximize_sum_testing_e_values_at_maximum_cardinality,proven_optimal,11138.302282601831,1.26978510717962,8771.801007606431,2,2,2,114;150,114;150,114;150,2,2,2,0,0,0,0.1,0.1,0.1,0.0,0.0,0.0,0,0,1.526045700069517,15,7,621,38,2,,original_uniform_floor_plus_prior_scores,maximum_cardinality_certified_superset_of_eBH_then_maximum_testing_evalue_sum,200,2,2,exact_dyadic_prefix_or_HiGHS_QUBO_MILP,300.0,1
282,e7ab3cac2b4608268d91de8d7e57482082899dd0d14e33c612961e51a6dc5593,proven_maximal,maximize_sum_testing_e_values_at_maximum_cardinality,proven_optimal,9970.528282539852,2.157374817014603,4621.60223800942,5,5,7,29;69;109;134;166,29;69;109;134;166,29;67;69;109;130;134;166,5,5,7,0,0,0,0.25,0.25,0.35,0.0,0.0,0.0,0,2,2.224178300006315,17,9,617,41,7,,original_uniform_floor_plus_prior_scores,maximum_cardinality_certified_superset_of_eBH_then_maximum_testing_evalue_sum,200,5,5,exact_dyadic_prefix_or_HiGHS_QUBO_MILP,300.0,1
283,ee8393eb4ad3d0addb9466c9c084dedb34b454e336f91834b160e2cca55e7ba3,proven_maximal,maximize_sum_testing_e_values_at_maximum_cardinality,proven_optimal,11288.521120012623,4.1244968331079725,2736.945032760826,5,5,6,83;112;132;172;184,83;112;132;172;184,83;112;132;172;184;188,5,5,6,0,0,0,0.25,0.25,0.3,0.0,0.0,0.0,0,1,1.4335054999683052,12,8,620,45,6,,original_uniform_floor_plus_prior_scores,maximum_cardinality_certified_superset_of_eBH_then_maximum_testing_evalue_sum,200,5,5,exact_dyadic_prefix_or_HiGHS_QUBO_MILP,300.0,1
284,8c2ebaf0754d030a7f124676fb3cf1e4739280e53c7a2a2245c758a8f7624b74,proven_maximal,maximize_sum_testing_e_values_at_maximum_cardinality,proven_optimal,5504.780620137789,4.582095880279178,1201.3674012867652,0,0,6,,,31;110;118;120;181;182,0,0,6,0,0,0,0.0,0.0,0.3,0.0,0.0,0.0,0,6,1.0963647000025958,11,8,651,46,6,,original_uniform_floor_plus_prior_scores,maximum_cardinality_certified_superset_of_eBH_then_maximum_testing_evalue_sum,200,0,0,exact_dyadic_prefix_or_HiGHS_QUBO_MILP,300.0,1
285,e159a2213eb5aefec6bb11333e8e2e1b84fdd86df93224a1e5c43d50a2608dc5,proven_maximal,maximize_sum_testing_e_values_at_maximum_cardinality,proven_optimal,123642.37213333083,1.5537512929007005,79576.68173681949,7,7,7,10;13;26;34;35;107;192,10;13;26;34;35;107;192,10;13;26;34;35;107;192,7,7,7,0,0,0,0.35,0.35,0.35,0.0,0.0,0.0,0,0,1.73278920003213,14,6,604,44,7,,original_uniform_floor_plus_prior_scores,maximum_cardinality_certified_superset_of_eBH_then_maximum_testing_evalue_sum,200,7,7,exact_dyadic_prefix_or_HiGHS_QUBO_MILP,300.0,1
286,24faa162d0995ea2ca08ef68c1bdc7621624dc9f8104b66350b403d388a23acc,proven_maximal,maximize_sum_testing_e_values_at_maximum_cardinality,proven_optimal,0.0,0.0,1094.2413749209566,0,0,0,,,,0,0,0,0,0,0,0.0,0.0,0.0,0.0,0.0,0.0,0,0,0.4999222999904305,3,3,300,37,0,,original_uniform_floor_plus_prior_scores,maximum_cardinality_certified_superset_of_eBH_then_maximum_testing_evalue_sum,200,0,0,exact_dyadic_prefix_or_HiGHS_QUBO_MILP,300.0,1
287,a0fe1cce9d381e37c07e4a6d9793cc306b8dc3a1e7b010f5c7c813847a3ac994,proven_maximal,maximize_sum_testing_e_values_at_maximum_cardinality,proven_optimal,8675.608109130542,3.7842575451285945,2292.552239288918,4,4,5,49;53;57;144,49;53;57;144,49;53;57;88;144,4,4,5,0,0,0,0.2,0.2,0.25,0.0,0.0,0.0,0,1,1.8361208999995144,15,7,533,33,5,,original_uniform_floor_plus_prior_scores,maximum_cardinality_certified_superset_of_eBH_then_maximum_testing_evalue_sum,200,4,4,exact_dyadic_prefix_or_HiGHS_QUBO_MILP,300.0,1
288,89f4c0aa92314b2e1a6c3f9dab83896132fc38243742cf98c6393ad45f7c1d2b,proven_maximal,maximize_sum_testing_e_values_at_maximum_cardinality,proven_optimal,25011.077110292303,2.868121450325539,8720.368904689683,7,7,8,11;43;71;92;104;133;150,11;43;71;92;104;133;150,11;43;57;71;92;104;133;150,7,7,8,0,0,0,0.35,0.35,0.4,0.0,0.0,0.0,0,1,2.2646703999489546,16,7,510,36,8,,original_uniform_floor_plus_prior_scores,maximum_cardinality_certified_superset_of_eBH_then_maximum_testing_evalue_sum,200,7,7,exact_dyadic_prefix_or_HiGHS_QUBO_MILP,300.0,1
289,7adfac9fd980422b292b2e5f61b808a8a431516e2cbbdebbe127a1dc5777a51e,proven_maximal,maximize_sum_testing_e_values_at_maximum_cardinality,proven_optimal,49716.929223957806,1.2688793276288748,39181.76310497758,2,2,5,56;161,56;161,50;56;137;141;161,2,2,5,0,0,0,0.1,0.1,0.25,0.0,0.0,0.0,0,3,1.7060189000330863,17,10,760,44,5,,original_uniform_floor_plus_prior_scores,maximum_cardinality_certified_superset_of_eBH_then_maximum_testing_evalue_sum,200,2,2,exact_dyadic_prefix_or_HiGHS_QUBO_MILP,300.0,1
290,addd71feb901d20823c5f06b36a9f4163f31fc75b60874ceb4df18f781dd3c7b,proven_maximal,maximize_sum_testing_e_values_at_maximum_cardinality,proven_optimal,23940.752158569645,2.363952202629691,10127.426490238526,4,4,7,42;62;96;121,42;62;96;121,28;42;62;96;112;121;175,4,4,7,0,0,0,0.2,0.2,0.35,0.0,0.0,0.0,0,3,0.7895377001259476,6,6,586,32,7,,original_uniform_floor_plus_prior_scores,maximum_cardinality_certified_superset_of_eBH_then_maximum_testing_evalue_sum,200,4,4,exact_dyadic_prefix_or_HiGHS_QUBO_MILP,300.0,1
291,24c8896c557ba1f46848d6f4ad28d47e70c53897f080ad5f2747df359fc97690,proven_maximal,maximize_sum_testing_e_values_at_maximum_cardinality,proven_optimal,93490.40990845131,1.044418421531366,89514.32489228994,1,1,5,61,61,35;61;98;174;185,1,1,5,0,0,0,0.05,0.05,0.25,0.0,0.0,0.0,0,4,1.1144159999676049,9,8,705,48,5,,original_uniform_floor_plus_prior_scores,maximum_cardinality_certified_superset_of_eBH_then_maximum_testing_evalue_sum,200,1,1,exact_dyadic_prefix_or_HiGHS_QUBO_MILP,300.0,1
292,4bc3e0cf905fe202cdc7e7932245d729d1babe5c7f6d3167068148116606740f,proven_maximal,maximize_sum_testing_e_values_at_maximum_cardinality,proven_optimal,14293.940115557378,1.8830710142001104,7590.759991401145,4,4,4,14;35;107;115,14;35;107;115,14;35;107;115,4,4,4,0,0,0,0.2,0.2,0.2,0.0,0.0,0.0,0,0,0.7511788001284003,6,5,552,40,4,,original_uniform_floor_plus_prior_scores,maximum_cardinality_certified_superset_of_eBH_then_maximum_testing_evalue_sum,200,4,4,exact_dyadic_prefix_or_HiGHS_QUBO_MILP,300.0,1
293,c6437a94b1f70cab2b6c7a7831b2c6eddd5015e37973fb285d464fd56c712f43,proven_maximal,maximize_sum_testing_e_values_at_maximum_cardinality,proven_optimal,74509.7311705664,1.0698929388786524,69642.23097748411,2,2,2,61;96,61;96,61;96,2,2,2,0,0,0,0.1,0.1,0.1,0.0,0.0,0.0,0,0,1.6844214999582618,14,6,586,34,2,,original_uniform_floor_plus_prior_scores,maximum_cardinality_certified_superset_of_eBH_then_maximum_testing_evalue_sum,200,2,2,exact_dyadic_prefix_or_HiGHS_QUBO_MILP,300.0,1
294,a022ea2ca060f17bf131d4c45515f67d50f29ffd56e2e641994c9013e284db02,proven_maximal,maximize_sum_testing_e_values_at_maximum_cardinality,proven_optimal,204865.2456296164,1.1655727756918668,175763.58156444706,7,7,7,25;57;107;114;140;154;199,25;57;107;114;140;154;199,25;57;107;114;140;154;199,7,7,7,0,0,0,0.35,0.35,0.35,0.0,0.0,0.0,0,0,1.4631183999590576,13,5,513,42,7,,original_uniform_floor_plus_prior_scores,maximum_cardinality_certified_superset_of_eBH_then_maximum_testing_evalue_sum,200,7,7,exact_dyadic_prefix_or_HiGHS_QUBO_MILP,300.0,1
295,055aac2ac993165bf8b7c9bdd3183cda4a5747c2f29aca638e560331ab576b04,proven_maximal,maximize_sum_testing_e_values_at_maximum_cardinality,proven_optimal,15519.103433233904,1.7450574960142051,8893.17599487712,4,4,5,6;94;139;192,6;94;139;192,6;94;133;139;192,4,4,5,0,0,0,0.2,0.2,0.25,0.0,0.0,0.0,0,1,1.5531456000171602,14,7,562,43,5,,original_uniform_floor_plus_prior_scores,maximum_cardinality_certified_superset_of_eBH_then_maximum_testing_evalue_sum,200,4,4,exact_dyadic_prefix_or_HiGHS_QUBO_MILP,300.0,1
296,b6522f6dac075e2ee23cdbbcde714f94d0fe2c0e8399d01acec5cd2438384015,proven_maximal,maximize_sum_testing_e_values_at_maximum_cardinality,proven_optimal,0.0,0.0,1364.8254680546747,0,0,0,,,,0,0,0,0,0,0,0.0,0.0,0.0,0.0,0.0,0.0,0,0,1.6996379001066089,15,10,802,42,0,,original_uniform_floor_plus_prior_scores,maximum_cardinality_certified_superset_of_eBH_then_maximum_testing_evalue_sum,200,0,0,exact_dyadic_prefix_or_HiGHS_QUBO_MILP,300.0,1
297,c2f04e62bef7bd4366e8e9f4895964b5d7a753c4339648eeb07cd4090ab3d2f2,proven_maximal,maximize_sum_testing_e_values_at_maximum_cardinality,proven_optimal,226717.3512124586,1.176444450978919,192714.0299941975,2,2,6,125;194,125;194,15;36;86;125;194;199,2,2,6,0,0,0,0.1,0.1,0.3,0.0,0.0,0.0,0,4,1.723137800116092,12,6,561,40,6,,original_uniform_floor_plus_prior_scores,maximum_cardinality_certified_superset_of_eBH_then_maximum_testing_evalue_sum,200,2,2,exact_dyadic_prefix_or_HiGHS_QUBO_MILP,300.0,1
298,c189f96e925cc4dbc037b5790c4dc446bba761e1e62ae367ac2d4b93c6c9817d,proven_maximal,maximize_sum_testing_e_values_at_maximum_cardinality,proven_optimal,91505.27318400628,1.6617321174130406,55066.20003617689,6,6,7,27;94;137;143;158;193,27;94;137;143;158;193,27;94;113;137;143;158;193,6,6,7,0,0,0,0.3,0.3,0.35,0.0,0.0,0.0,0,1,1.6442543000448495,13,9,560,43,7,,original_uniform_floor_plus_prior_scores,maximum_cardinality_certified_superset_of_eBH_then_maximum_testing_evalue_sum,200,6,6,exact_dyadic_prefix_or_HiGHS_QUBO_MILP,300.0,1
299,41164df016892ffee376a26b95f488ca938edd2d294f31575c31bbc6d0d8fdf3,proven_maximal,maximize_sum_testing_e_values_at_maximum_cardinality,proven_optimal,14046.593707202868,2.9174985880066022,4814.601715643086,3,3,4,25;30;137,25;30;137,25;30;95;137,3,3,4,0,0,0,0.15,0.15,0.2,0.0,0.0,0.0,0,1,2.2990131999831647,19,11,847,47,4,,original_uniform_floor_plus_prior_scores,maximum_cardinality_certified_superset_of_eBH_then_maximum_testing_evalue_sum,200,3,3,exact_dyadic_prefix_or_HiGHS_QUBO_MILP,300.0,1
300,eb20980aebdb5e7315a64beb84efa1f87e326c37e1608d86d042512050cec6e2,proven_maximal,maximize_sum_testing_e_values_at_maximum_cardinality,proven_optimal,23591.514881323263,1.7528264601533503,13459.127539219884,6,6,14,57;78;110;112;135;179,57;78;110;112;135;179,9;57;78;110;112;113;120;135;138;142;152;174;179;184,6,6,14,0,0,0,0.3,0.3,0.7,0.0,0.0,0.0,0,8,3.1055193999782205,6,6,514,42,14,,original_uniform_floor_plus_prior_scores,maximum_cardinality_certified_superset_of_eBH_then_maximum_testing_evalue_sum,200,6,6,exact_dyadic_prefix_or_HiGHS_QUBO_MILP,300.0,1
301,9eabc751cd51e76b709651af14d1867fcc8d43abed9de40c47b314bc035fef08,proven_maximal,maximize_sum_testing_e_values_at_maximum_cardinality,proven_optimal,86553.4988413552,1.038183563260484,83370.13020079823,1,1,7,175,175,44;76;135;159;175;180;195,1,1,7,0,0,0,0.05,0.05,0.35,0.0,0.0,0.0,0,6,1.2325482999440285,10,7,573,37,7,,original_uniform_floor_plus_prior_scores,maximum_cardinality_certified_superset_of_eBH_then_maximum_testing_evalue_sum,200,1,1,exact_dyadic_prefix_or_HiGHS_QUBO_MILP,300.0,1
302,fc924bcf17542fff334a820ee267397f27022bdcaca9db7c4e64da2198e7a9b9,proven_maximal,maximize_sum_testing_e_values_at_maximum_cardinality,proven_optimal,158472.57341444856,1.6671696796504427,95054.8557527004,5,5,7,5;33;69;91;104,5;33;69;91;104,5;33;51;69;91;104;128,5,5,7,0,0,0,0.25,0.25,0.35,0.0,0.0,0.0,0,2,1.270401299931109,11,8,672,47,7,,original_uniform_floor_plus_prior_scores,maximum_cardinality_certified_superset_of_eBH_then_maximum_testing_evalue_sum,200,5,5,exact_dyadic_prefix_or_HiGHS_QUBO_MILP,300.0,1
303,b72dd797fe72693766c0fe9514000413941ed9c83e150b07d835ff3b9461fe00,proven_maximal,maximize_sum_testing_e_values_at_maximum_cardinality,proven_optimal,23862.37610053904,1.2594348143045448,18946.892550144206,2,2,3,24;136,24;136,24;136;140,2,2,3,0,0,0,0.1,0.1,0.15,0.0,0.0,0.0,0,1,1.4816103000193834,13,10,715,45,3,,original_uniform_floor_plus_prior_scores,maximum_cardinality_certified_superset_of_eBH_then_maximum_testing_evalue_sum,200,2,2,exact_dyadic_prefix_or_HiGHS_QUBO_MILP,300.0,1
304,440dc4daa677b53df6c5b298dcc0859c9c560cd19f4dd8857b8448ee4a568ead,proven_maximal,maximize_sum_testing_e_values_at_maximum_cardinality,proven_optimal,8599.693470726546,2.98345546969784,2882.460810315869,2,2,9,83;158,83;158,31;42;45;51;83;114;146;156;158,2,2,9,0,0,0,0.1,0.1,0.45,0.0,0.0,0.0,0,7,1.4460483000148088,9,9,593,34,9,,original_uniform_floor_plus_prior_scores,maximum_cardinality_certified_superset_of_eBH_then_maximum_testing_evalue_sum,200,2,2,exact_dyadic_prefix_or_HiGHS_QUBO_MILP,300.0,1
305,381ddc958626102a3fba6521e6957dcccf376213602551c72fe7f7e5bb5a5ba1,proven_maximal,maximize_sum_testing_e_values_at_maximum_cardinality,proven_optimal,7578.47547046623,1.0,7578.47547046623,1,1,1,41,41,41,1,1,1,0,0,0,0.05,0.05,0.05,0.0,0.0,0.0,0,0,2.1598851000890136,16,6,526,32,1,,original_uniform_floor_plus_prior_scores,maximum_cardinality_certified_superset_of_eBH_then_maximum_testing_evalue_sum,200,1,1,exact_dyadic_prefix_or_HiGHS_QUBO_MILP,300.0,1
306,95beee2366bef809b59095937b55ac5a075c59b6da04dccc2e7e689d4c000111,proven_maximal,maximize_sum_testing_e_values_at_maximum_cardinality,proven_optimal,0.0,0.0,1242.7201934311522,0,0,0,,,,0,0,0,0,0,0,0.0,0.0,0.0,0.0,0.0,0.0,0,0,0.4277443999890238,3,3,300,37,0,,original_uniform_floor_plus_prior_scores,maximum_cardinality_certified_superset_of_eBH_then_maximum_testing_evalue_sum,200,0,0,exact_dyadic_prefix_or_HiGHS_QUBO_MILP,300.0,1
307,e100605b46b8cb46eab08cb5dfaf8c7270b5f60be9b0d0d72452a629ce15a67b,proven_maximal,maximize_sum_testing_e_values_at_maximum_cardinality,proven_optimal,8066.044850110875,2.1648163062513373,3725.971957444411,5,5,6,56;94;99;100;152,56;94;99;100;152,56;66;94;99;100;152,5,5,6,0,0,0,0.25,0.25,0.3,0.0,0.0,0.0,0,1,1.3758642999455333,11,5,350,32,6,,original_uniform_floor_plus_prior_scores,maximum_cardinality_certified_superset_of_eBH_then_maximum_testing_evalue_sum,200,5,5,exact_dyadic_prefix_or_HiGHS_QUBO_MILP,300.0,1
308,8d00798b6f6f88c92edd2006152a71a363f7892a21ab89b7d060b63b824abf01,proven_maximal,maximize_sum_testing_e_values_at_maximum_cardinality,proven_optimal,16760.15337977113,2.3082470212536825,7260.987764935209,5,5,7,11;58;89;153;199,11;58;89;153;199,11;32;58;89;153;173;199,5,5,7,0,0,0,0.25,0.25,0.35,0.0,0.0,0.0,0,2,2.8291885000653565,20,12,1022,52,7,,original_uniform_floor_plus_prior_scores,maximum_cardinality_certified_superset_of_eBH_then_maximum_testing_evalue_sum,200,5,5,exact_dyadic_prefix_or_HiGHS_QUBO_MILP,300.0,1
309,40418f56a936e0b9593ca5f6401412214fbc9f09a0a2c9b3b67b107a8fb43052,proven_maximal,maximize_sum_testing_e_values_at_maximum_cardinality,proven_optimal,15157.571891380258,1.3232335502744277,11454.94828803026,2,2,3,75;87,75;87,49;75;87,2,2,3,0,0,0,0.1,0.1,0.15,0.0,0.0,0.0,0,1,1.3178646999876946,10,9,712,46,3,,original_uniform_floor_plus_prior_scores,maximum_cardinality_certified_superset_of_eBH_then_maximum_testing_evalue_sum,200,2,2,exact_dyadic_prefix_or_HiGHS_QUBO_MILP,300.0,1
310,183ea402b1ee0e4a2ddfad093d4f53c84e3545561a7a61d0138ce360a4674d99,proven_maximal,maximize_sum_testing_e_values_at_maximum_cardinality,proven_optimal,44162.58170073022,1.0,44162.58170073022,1,1,1,115,115,115,1,1,1,0,0,0,0.05,0.05,0.05,0.0,0.0,0.0,0,0,1.394499900052324,12,6,602,44,1,,original_uniform_floor_plus_prior_scores,maximum_cardinality_certified_superset_of_eBH_then_maximum_testing_evalue_sum,200,1,1,exact_dyadic_prefix_or_HiGHS_QUBO_MILP,300.0,1
311,29826db2c1a48c8f99034010691b3da40c929043ec74f62c506fd44a5e80a4e6,proven_maximal,maximize_sum_testing_e_values_at_maximum_cardinality,proven_optimal,10950.590525641075,1.5662111051014125,6991.771728583182,5,5,5,2;63;150;171;174,2;63;150;171;174,2;63;150;171;174,5,5,5,0,0,0,0.25,0.25,0.25,0.0,0.0,0.0,0,0,1.1322110001929104,11,7,587,36,5,,original_uniform_floor_plus_prior_scores,maximum_cardinality_certified_superset_of_eBH_then_maximum_testing_evalue_sum,200,5,5,exact_dyadic_prefix_or_HiGHS_QUBO_MILP,300.0,1
312,ea631c5c4f114af1ea558c606a3f57a248b25b3f4b960f6e7ed7546643024c29,proven_maximal,maximize_sum_testing_e_values_at_maximum_cardinality,proven_optimal,48164.04660019104,1.170163588194107,41160.09683271872,4,4,4,81;128;146;159,81;128;146;159,81;128;146;159,4,4,4,0,0,0,0.2,0.2,0.2,0.0,0.0,0.0,0,0,0.9313213999848812,9,7,713,57,4,,original_uniform_floor_plus_prior_scores,maximum_cardinality_certified_superset_of_eBH_then_maximum_testing_evalue_sum,200,4,4,exact_dyadic_prefix_or_HiGHS_QUBO_MILP,300.0,1
313,a156bb07b783225e8009f2dfbe2c81f4682212394e6d1e5388f81adadd992595,proven_maximal,maximize_sum_testing_e_values_at_maximum_cardinality,proven_optimal,38127.02672176663,1.20892915397044,31537.85033353484,2,2,6,38;66,38;66,38;66;118;127;151;199,2,2,6,0,0,0,0.1,0.1,0.3,0.0,0.0,0.0,0,4,1.6740431000944227,13,8,779,44,6,,original_uniform_floor_plus_prior_scores,maximum_cardinality_certified_superset_of_eBH_then_maximum_testing_evalue_sum,200,2,2,exact_dyadic_prefix_or_HiGHS_QUBO_MILP,300.0,1
314,e277de3a1e05a8a738f0e5f89bfb9e820439b80f0e85bd491596e53e3073d266,proven_maximal,maximize_sum_testing_e_values_at_maximum_cardinality,proven_optimal,23489.911697998174,2.126487926359596,11046.34143783328,4,4,11,101;103;157;173,101;103;157;173,8;9;40;98;101;103;117;154;157;173;185,4,4,11,0,0,0,0.2,0.2,0.55,0.0,0.0,0.0,0,7,1.55574019998312,9,9,784,50,11,,original_uniform_floor_plus_prior_scores,maximum_cardinality_certified_superset_of_eBH_then_maximum_testing_evalue_sum,200,4,4,exact_dyadic_prefix_or_HiGHS_QUBO_MILP,300.0,1
315,7b0a8327793f3fffee468aacd693c3069df72c22c1a3272ec753fa1c209d6180,proven_maximal,maximize_sum_testing_e_values_at_maximum_cardinality,proven_optimal,22964.41349814478,2.1469192423567987,10696.449612578534,6,6,11,37;66;108;117;154;189,37;66;108;117;154;189,18;27;37;66;108;117;140;151;154;189;198,6,6,11,0,0,0,0.3,0.3,0.55,0.0,0.0,0.0,0,5,2.3936213001143187,12,8,584,35,11,,original_uniform_floor_plus_prior_scores,maximum_cardinality_certified_superset_of_eBH_then_maximum_testing_evalue_sum,200,6,6,exact_dyadic_prefix_or_HiGHS_QUBO_MILP,300.0,1
316,97696c794cf2664aed08d589900e12c930762b4e96211f5e06a6c7292e47a169,proven_maximal,maximize_sum_testing_e_values_at_maximum_cardinality,proven_optimal,11557.48320726649,4.07890682137834,2833.4756623248863,6,6,6,1;64;116;154;159;166,1;64;116;154;159;166,1;64;116;154;159;166,6,6,6,0,0,0,0.3,0.3,0.3,0.0,0.0,0.0,0,0,2.267746000085026,16,6,514,38,6,,original_uniform_floor_plus_prior_scores,maximum_cardinality_certified_superset_of_eBH_then_maximum_testing_evalue_sum,200,6,6,exact_dyadic_prefix_or_HiGHS_QUBO_MILP,300.0,1
317,c0d65c953f5d8c17e47d042416372df3ed3efe44f51d620c0d23424866a7a92f,proven_maximal,maximize_sum_testing_e_values_at_maximum_cardinality,proven_optimal,18294.06076341116,1.7317847966365936,10563.703295548725,4,4,4,25;62;167;196,25;62;167;196,25;62;167;196,4,4,4,0,0,0,0.2,0.2,0.2,0.0,0.0,0.0,0,0,1.7028681000228971,16,7,706,45,4,,original_uniform_floor_plus_prior_scores,maximum_cardinality_certified_superset_of_eBH_then_maximum_testing_evalue_sum,200,4,4,exact_dyadic_prefix_or_HiGHS_QUBO_MILP,300.0,1
318,bfb3016b220d2cc53db5d7b6570b5713d3f41d84848b3dc155ef80a3a4137da5,proven_maximal,maximize_sum_testing_e_values_at_maximum_cardinality,proven_optimal,100177.228558484,2.075164640458811,48274.35211903726,8,8,11,75;85;92;129;144;152;189;195,75;85;92;129;144;152;189;195,11;75;85;92;104;129;144;152;189;195;199,8,8,11,0,0,0,0.4,0.4,0.55,0.0,0.0,0.0,0,3,2.4533167998306453,14,9,714,35,11,,original_uniform_floor_plus_prior_scores,maximum_cardinality_certified_superset_of_eBH_then_maximum_testing_evalue_sum,200,8,8,exact_dyadic_prefix_or_HiGHS_QUBO_MILP,300.0,1
319,fad508b539dbf0d6de49041316c2e4d7e75e8c53168f0f3a4525f0d818821c83,proven_maximal,maximize_sum_testing_e_values_at_maximum_cardinality,proven_optimal,96664.53938191455,1.2584832648320663,76810.34947637036,4,4,6,12;24;46;111,12;24;46;111,12;24;46;57;111;128,4,4,6,0,0,0,0.2,0.2,0.3,0.0,0.0,0.0,0,2,1.906393500044942,17,10,669,35,6,,original_uniform_floor_plus_prior_scores,maximum_cardinality_certified_superset_of_eBH_then_maximum_testing_evalue_sum,200,4,4,exact_dyadic_prefix_or_HiGHS_QUBO_MILP,300.0,1
320,e20af7522e7c382ed672dd00d7f678ff0171425af4eb5eecff85833e304b2648,proven_maximal,maximize_sum_testing_e_values_at_maximum_cardinality,proven_optimal,7891.742874431212,2.7640276636326035,2855.1605970757705,4,4,5,22;42;125;189,22;42;125;189,22;27;42;125;189,4,4,5,0,0,0,0.2,0.2,0.25,0.0,0.0,0.0,0,1,1.55133799999021,13,8,606,48,5,,original_uniform_floor_plus_prior_scores,maximum_cardinality_certified_superset_of_eBH_then_maximum_testing_evalue_sum,200,4,4,exact_dyadic_prefix_or_HiGHS_QUBO_MILP,300.0,1
321,a1fa873adf18aff63d2f74ab9dacc305b50d037d704a96626dbdb306e232dd23,proven_maximal,maximize_sum_testing_e_values_at_maximum_cardinality,proven_optimal,7529.910428652302,4.713458131383985,1597.5341710400085,5,5,7,17;56;83;179;190,17;56;83;179;190,17;56;78;83;160;179;190,5,5,7,0,0,0,0.25,0.25,0.35,0.0,0.0,0.0,0,2,2.320908800000325,16,10,834,37,7,,original_uniform_floor_plus_prior_scores,maximum_cardinality_certified_superset_of_eBH_then_maximum_testing_evalue_sum,200,5,5,exact_dyadic_prefix_or_HiGHS_QUBO_MILP,300.0,1
322,04f3482f7a19e62c61ad4094dc50584f0fe51f06accf981fb9a31c1298662635,proven_maximal,maximize_sum_testing_e_values_at_maximum_cardinality,proven_optimal,10252.011167615929,2.1972495376284327,4665.838354746579,4,4,4,24;55;98;104,24;55;98;104,24;55;98;104,4,4,4,0,0,0,0.2,0.2,0.2,0.0,0.0,0.0,0,0,1.851820700103417,16,6,641,44,4,,original_uniform_floor_plus_prior_scores,maximum_cardinality_certified_superset_of_eBH_then_maximum_testing_evalue_sum,200,4,4,exact_dyadic_prefix_or_HiGHS_QUBO_MILP,300.0,1
323,1f3c9e8dc356aa74abe95b4d62c8b541e3ea3bc85727c3d5129e13da065f718e,proven_maximal,maximize_sum_testing_e_values_at_maximum_cardinality,proven_optimal,63688.4165096873,2.1422599792493013,29729.54595921884,5,5,5,57;73;84;174;176,57;73;84;174;176,57;73;84;174;176,5,5,5,0,0,0,0.25,0.25,0.25,0.0,0.0,0.0,0,0,1.602015599841252,14,6,601,43,5,,original_uniform_floor_plus_prior_scores,maximum_cardinality_certified_superset_of_eBH_then_maximum_testing_evalue_sum,200,5,5,exact_dyadic_prefix_or_HiGHS_QUBO_MILP,300.0,1
324,98c739bb0e00770d3340691cb86f23c185ecfd8dca43144811ab5c5bd1f58a6f,proven_maximal,maximize_sum_testing_e_values_at_maximum_cardinality,proven_optimal,42099.204509508345,1.4729358103951184,28581.83242772483,3,3,3,45;91;130,45;91;130,45;91;130,3,3,3,0,0,0,0.15,0.15,0.15,0.0,0.0,0.0,0,0,2.279513899935409,18,8,772,45,3,,original_uniform_floor_plus_prior_scores,maximum_cardinality_certified_superset_of_eBH_then_maximum_testing_evalue_sum,200,3,3,exact_dyadic_prefix_or_HiGHS_QUBO_MILP,300.0,1
325,8c285c437887d3776080fbbbdffaa4494c1aed005e827833f05364eb0ad3c061,proven_maximal,maximize_sum_testing_e_values_at_maximum_cardinality,proven_optimal,0.0,0.0,1250.3339831022438,0,0,0,,,,0,0,0,0,0,0,0.0,0.0,0.0,0.0,0.0,0.0,0,0,2.1074020001105964,20,10,727,50,0,,original_uniform_floor_plus_prior_scores,maximum_cardinality_certified_superset_of_eBH_then_maximum_testing_evalue_sum,200,0,0,exact_dyadic_prefix_or_HiGHS_QUBO_MILP,300.0,1
326,2e5a9e35948797712f5c0dc09f65792f876b0863f290bcf48adaaceb539f7022,proven_maximal,maximize_sum_testing_e_values_at_maximum_cardinality,proven_optimal,77423.0920218721,1.631942873127673,47442.28079104764,11,11,12,15;32;87;123;126;135;147;152;175;185;197,15;32;87;123;126;135;147;152;175;185;197,15;32;47;87;123;126;135;147;152;175;185;197,11,11,12,0,0,0,0.55,0.55,0.6,0.0,0.0,0.0,0,1,2.981169099919498,17,11,717,52,12,,original_uniform_floor_plus_prior_scores,maximum_cardinality_certified_superset_of_eBH_then_maximum_testing_evalue_sum,200,11,11,exact_dyadic_prefix_or_HiGHS_QUBO_MILP,300.0,1
327,1f4b42995590fa9dc8b85cf5b0e48ab08a8f8f9212b940140a3b10bc09feb68c,proven_maximal,maximize_sum_testing_e_values_at_maximum_cardinality,proven_optimal,44182.65286423075,1.0993787217864104,40188.74659720279,2,2,5,138;177,138;177,30;110;111;138;177,2,2,5,0,0,0,0.1,0.1,0.25,0.0,0.0,0.0,0,3,1.345947899855673,10,6,591,40,5,,original_uniform_floor_plus_prior_scores,maximum_cardinality_certified_superset_of_eBH_then_maximum_testing_evalue_sum,200,2,2,exact_dyadic_prefix_or_HiGHS_QUBO_MILP,300.0,1
328,0d444c85a69e2722325b201b38a283c5415d0b36f05354832bbd08751c2e224d,proven_maximal,maximize_sum_testing_e_values_at_maximum_cardinality,proven_optimal,44377.69219099649,1.0881785976708067,40781.6256320284,2,2,2,78;133,78;133,78;133,2,2,2,0,0,0,0.1,0.1,0.1,0.0,0.0,0.0,0,0,1.217216500081122,11,8,561,30,2,,original_uniform_floor_plus_prior_scores,maximum_cardinality_certified_superset_of_eBH_then_maximum_testing_evalue_sum,200,2,2,exact_dyadic_prefix_or_HiGHS_QUBO_MILP,300.0,1
329,0cbb8eb659f2b60ae150526b4c9f672c7f0959f0f039793191966b809d7beea3,proven_maximal,maximize_sum_testing_e_values_at_maximum_cardinality,proven_optimal,48393.77829527815,1.0,48393.77829527815,1,1,1,39,39,39,1,1,1,0,0,0,0.05,0.05,0.05,0.0,0.0,0.0,0,0,1.7716014999896288,14,9,830,40,1,,original_uniform_floor_plus_prior_scores,maximum_cardinality_certified_superset_of_eBH_then_maximum_testing_evalue_sum,200,1,1,exact_dyadic_prefix_or_HiGHS_QUBO_MILP,300.0,1
330,27bea0c713870cc1769a602211778225c8a92c4010b1e518b4d845a1d28c7a4c,proven_maximal,maximize_sum_testing_e_values_at_maximum_cardinality,proven_optimal,70124.69780090862,1.150242704641177,60965.13154828859,2,2,11,36;94,36;94,21;29;36;38;55;75;94;101;120;129;193,2,2,11,0,0,0,0.1,0.1,0.55,0.0,0.0,0.0,0,9,1.367872199974954,8,7,552,43,11,,original_uniform_floor_plus_prior_scores,maximum_cardinality_certified_superset_of_eBH_then_maximum_testing_evalue_sum,200,2,2,exact_dyadic_prefix_or_HiGHS_QUBO_MILP,300.0,1
331,15bf7977986790e4bd34b61ca498203a724a78ab7d8e0eb85baf3b4967c56007,proven_maximal,maximize_sum_testing_e_values_at_maximum_cardinality,proven_optimal,8470.508636436694,1.7872711695110004,4739.352808311811,3,3,4,12;33;97,12;33;97,12;33;97;98,3,3,4,0,0,0,0.15,0.15,0.2,0.0,0.0,0.0,0,1,1.900320899905637,15,9,623,56,4,,original_uniform_floor_plus_prior_scores,maximum_cardinality_certified_superset_of_eBH_then_maximum_testing_evalue_sum,200,3,3,exact_dyadic_prefix_or_HiGHS_QUBO_MILP,300.0,1
332,ed1beedc48fb719b9c16b73a38740baad5bb3b84e8c1656ce8dde09f6976d1fa,proven_maximal,maximize_sum_testing_e_values_at_maximum_cardinality,proven_optimal,431001.8124910004,1.0077984275148153,427666.6848487064,1,1,5,180,180,17;41;106;180;191,1,1,5,0,0,0,0.05,0.05,0.25,0.0,0.0,0.0,0,4,1.9038584001827985,15,9,589,32,5,,original_uniform_floor_plus_prior_scores,maximum_cardinality_certified_superset_of_eBH_then_maximum_testing_evalue_sum,200,1,1,exact_dyadic_prefix_or_HiGHS_QUBO_MILP,300.0,1
333,ef3f1c5300955ee97ebfd11a52527e4d542168ac360a0c3ccb0d0dddad1d1bce,proven_maximal,maximize_sum_testing_e_values_at_maximum_cardinality,proven_optimal,40060.99175813973,1.3787043809566852,29056.984449662323,8,8,10,3;13;31;83;90;95;191;193,3;13;31;83;90;95;191;193,3;13;25;31;83;90;95;115;191;193,8,8,10,0,0,0,0.4,0.4,0.5,0.0,0.0,0.0,0,2,2.4583957998547703,16,9,690,38,10,,original_uniform_floor_plus_prior_scores,maximum_cardinality_certified_superset_of_eBH_then_maximum_testing_evalue_sum,200,8,8,exact_dyadic_prefix_or_HiGHS_QUBO_MILP,300.0,1
334,bef3dabc85e18c7ae7e262b962d75ed840df7832e46d2c6239aefcac6b4fa488,proven_maximal,maximize_sum_testing_e_values_at_maximum_cardinality,proven_optimal,29141.100779495533,2.091058737890778,13936.050791614662,6,6,10,25;46;119;130;161;186,25;46;119;130;161;186,22;25;46;62;82;92;119;130;161;186,5,5,9,1,1,1,0.25,0.25,0.45,0.1666666666666666,0.1666666666666666,0.1,0,4,1.4310204000212252,12,9,675,43,10,,original_uniform_floor_plus_prior_scores,maximum_cardinality_certified_superset_of_eBH_then_maximum_testing_evalue_sum,200,6,6,exact_dyadic_prefix_or_HiGHS_QUBO_MILP,300.0,1
335,abc6f903b7162e912f02d25256f0ca3831e5dd9eef8fd2867b7e8aa96b667f25,proven_maximal,maximize_sum_testing_e_values_at_maximum_cardinality,proven_optimal,58145.4323789337,1.314216265641261,44243.42773642518,4,4,4,19;49;93;181,19;49;93;181,19;49;93;181,4,4,4,0,0,0,0.2,0.2,0.2,0.0,0.0,0.0,0,0,1.1871317999903113,12,7,650,48,4,,original_uniform_floor_plus_prior_scores,maximum_cardinality_certified_superset_of_eBH_then_maximum_testing_evalue_sum,200,4,4,exact_dyadic_prefix_or_HiGHS_QUBO_MILP,300.0,1
336,7791b8bfea6914bed665b694753b7a8a3f46c26aa2f38a6603e51f4e561e1bae,proven_maximal,maximize_sum_testing_e_values_at_maximum_cardinality,proven_optimal,195463.3608661653,1.0316378197105225,189468.9755761497,3,3,4,17;120;169,17;120;169,8;17;120;169,3,3,4,0,0,0,0.15,0.15,0.2,0.0,0.0,0.0,0,1,1.206173500046134,12,8,520,38,4,,original_uniform_floor_plus_prior_scores,maximum_cardinality_certified_superset_of_eBH_then_maximum_testing_evalue_sum,200,3,3,exact_dyadic_prefix_or_HiGHS_QUBO_MILP,300.0,1
337,3a284b39f5a6f0e96e2e68a73c75cc1eeccf4bfc85fa099e5e217251310f0f36,proven_maximal,maximize_sum_testing_e_values_at_maximum_cardinality,proven_optimal,0.0,0.0,2256.7712845679966,0,0,0,,,,0,0,0,0,0,0,0.0,0.0,0.0,0.0,0.0,0.0,0,0,1.8424341999925675,17,8,610,45,0,,original_uniform_floor_plus_prior_scores,maximum_cardinality_certified_superset_of_eBH_then_maximum_testing_evalue_sum,200,0,0,exact_dyadic_prefix_or_HiGHS_QUBO_MILP,300.0,1
338,63940ff1ec1d3fc772f56a016731a21a7e917827644bb129b20efd690d8c94d6,proven_maximal,maximize_sum_testing_e_values_at_maximum_cardinality,proven_optimal,49606.34812580304,1.2411165417561278,39969.12977697657,5,5,5,78;117;137;166;187,78;117;137;166;187,78;117;137;166;187,5,5,5,0,0,0,0.25,0.25,0.25,0.0,0.0,0.0,0,0,1.790739299962297,17,10,799,38,5,,original_uniform_floor_plus_prior_scores,maximum_cardinality_certified_superset_of_eBH_then_maximum_testing_evalue_sum,200,5,5,exact_dyadic_prefix_or_HiGHS_QUBO_MILP,300.0,1
339,d4170112df86792bd93940f5d5f1d0ae80a5627c0680b0dd268cf6fffd3e4ebc,proven_maximal,maximize_sum_testing_e_values_at_maximum_cardinality,proven_optimal,26598.14138207138,1.7226567673018978,15440.186279087146,4,4,7,42;76;138;146,42;76;138;146,42;76;131;133;138;146;148,4,4,7,0,0,0,0.2,0.2,0.35,0.0,0.0,0.0,0,3,1.6867227999027818,14,7,601,38,7,,original_uniform_floor_plus_prior_scores,maximum_cardinality_certified_superset_of_eBH_then_maximum_testing_evalue_sum,200,4,4,exact_dyadic_prefix_or_HiGHS_QUBO_MILP,300.0,1
340,a72d79e2cfa7f0c66dd918f6a9314ee34273ce72d8c31012e994aa0e8c09b925,proven_maximal,maximize_sum_testing_e_values_at_maximum_cardinality,proven_optimal,17156.330746621774,2.080933719568399,8244.534934144911,4,4,5,7;34;111;182,7;34;111;182,7;34;111;182;191,4,4,5,0,0,0,0.2,0.2,0.25,0.0,0.0,0.0,0,1,1.3560665999539196,11,8,570,50,5,,original_uniform_floor_plus_prior_scores,maximum_cardinality_certified_superset_of_eBH_then_maximum_testing_evalue_sum,200,4,4,exact_dyadic_prefix_or_HiGHS_QUBO_MILP,300.0,1
341,ff381f07f2bd3ed140d434bc110f14b2d5bad8328d98bae662f9ee31736b0db2,proven_maximal,maximize_sum_testing_e_values_at_maximum_cardinality,proven_optimal,0.0,0.0,2193.228082989789,0,0,0,,,,0,0,0,0,0,0,0.0,0.0,0.0,0.0,0.0,0.0,0,0,1.78596349991858,17,11,788,41,0,,original_uniform_floor_plus_prior_scores,maximum_cardinality_certified_superset_of_eBH_then_maximum_testing_evalue_sum,200,0,0,exact_dyadic_prefix_or_HiGHS_QUBO_MILP,300.0,1
342,8640e457a08792f7c6d80e42964c1794fd87a91236afb7d78a41aa2a29a9856c,proven_maximal,maximize_sum_testing_e_values_at_maximum_cardinality,proven_optimal,0.0,0.0,2101.233616174889,0,0,0,,,,0,0,0,0,0,0,0.0,0.0,0.0,0.0,0.0,0.0,0,0,1.432014600140974,12,4,417,45,0,,original_uniform_floor_plus_prior_scores,maximum_cardinality_certified_superset_of_eBH_then_maximum_testing_evalue_sum,200,0,0,exact_dyadic_prefix_or_HiGHS_QUBO_MILP,300.0,1
343,8a64464a2d191d816274169cdfa6c33802be6e4c20b767ae4a556785bc17785a,proven_maximal,maximize_sum_testing_e_values_at_maximum_cardinality,proven_optimal,11188.589202668763,1.8834101837836896,5940.601414924588,2,2,2,76;119,76;119,76;119,2,2,2,0,0,0,0.1,0.1,0.1,0.0,0.0,0.0,0,0,1.5438461999874562,15,7,631,52,2,,original_uniform_floor_plus_prior_scores,maximum_cardinality_certified_superset_of_eBH_then_maximum_testing_evalue_sum,200,2,2,exact_dyadic_prefix_or_HiGHS_QUBO_MILP,300.0,1
344,36eca67655bf185ebca82faeb2413fc40756f68cdaaba7e2d2a98f2fb5c3fcda,proven_maximal,maximize_sum_testing_e_values_at_maximum_cardinality,proven_optimal,6794.292916865574,2.055446957908006,3305.5063234425043,0,0,5,,,31;66;88;167;190,0,0,5,0,0,0,0.0,0.0,0.25,0.0,0.0,0.0,0,5,0.7527803000994027,7,7,525,42,5,,original_uniform_floor_plus_prior_scores,maximum_cardinality_certified_superset_of_eBH_then_maximum_testing_evalue_sum,200,0,0,exact_dyadic_prefix_or_HiGHS_QUBO_MILP,300.0,1
345,69946f0e06c3c73a0a445a273c1326fb807959ac7d88a9a2b522fd093499ee0a,proven_maximal,maximize_sum_testing_e_values_at_maximum_cardinality,proven_optimal,4884.546814887704,1.1865797849891484,4116.4925247166375,1,1,2,6,6,6;26,1,1,2,0,0,0,0.05,0.05,0.1,0.0,0.0,0.0,0,1,1.4409382999874651,12,7,546,30,2,,original_uniform_floor_plus_prior_scores,maximum_cardinality_certified_superset_of_eBH_then_maximum_testing_evalue_sum,200,1,1,exact_dyadic_prefix_or_HiGHS_QUBO_MILP,300.0,1
346,1800ae7f9275010c37e839ebbc081e618c25469323b739f3bd128d073bc6ec19,proven_maximal,maximize_sum_testing_e_values_at_maximum_cardinality,proven_optimal,345706.21769299736,1.0233975510318762,337802.46722735174,3,3,7,16;82;166,16;82;166,16;82;91;139;166;173;182,3,3,7,0,0,0,0.15,0.15,0.35,0.0,0.0,0.0,0,4,1.5445022999774665,13,7,604,41,7,,original_uniform_floor_plus_prior_scores,maximum_cardinality_certified_superset_of_eBH_then_maximum_testing_evalue_sum,200,3,3,exact_dyadic_prefix_or_HiGHS_QUBO_MILP,300.0,1
347,5046e8d820b4988351693c7501f663b0f02fb7192dcfd0e6c00ed5370d2385f9,proven_maximal,maximize_sum_testing_e_values_at_maximum_cardinality,proven_optimal,5436.613649481532,2.0554399516545327,2644.987826136839,2,2,3,135;146,135;146,135;136;146,2,2,3,0,0,0,0.1,0.1,0.15,0.0,0.0,0.0,0,1,1.364027300151065,12,7,606,42,3,,original_uniform_floor_plus_prior_scores,maximum_cardinality_certified_superset_of_eBH_then_maximum_testing_evalue_sum,200,2,2,exact_dyadic_prefix_or_HiGHS_QUBO_MILP,300.0,1
348,270c5979213682d48fe015e810b8d48dbeaa73904204112cfb354c7df029ad61,proven_maximal,maximize_sum_testing_e_values_at_maximum_cardinality,proven_optimal,19913.51479238005,1.5325028022140332,12994.113135460928,5,5,5,21;30;55;120;127,21;30;55;120;127,21;30;55;120;127,5,5,5,0,0,0,0.25,0.25,0.25,0.0,0.0,0.0,0,0,1.744660299969837,15,6,607,39,5,,original_uniform_floor_plus_prior_scores,maximum_cardinality_certified_superset_of_eBH_then_maximum_testing_evalue_sum,200,5,5,exact_dyadic_prefix_or_HiGHS_QUBO_MILP,300.0,1
349,23294fec91c5649cbbe577ff7e0263446cde85dd319f4ca6f165cdf989df419e,proven_maximal,maximize_sum_testing_e_values_at_maximum_cardinality,proven_optimal,59002.12813931261,1.4374095739463095,41047.54080448088,10,10,11,31;38;67;81;127;147;157;177;193;195,31;38;67;81;127;147;157;177;193;195,31;38;67;81;127;147;157;159;177;193;195,10,10,11,0,0,0,0.5,0.5,0.55,0.0,0.0,0.0,0,1,1.6037339000031352,11,7,601,43,11,,original_uniform_floor_plus_prior_scores,maximum_cardinality_certified_superset_of_eBH_then_maximum_testing_evalue_sum,200,10,10,exact_dyadic_prefix_or_HiGHS_QUBO_MILP,300.0,1
350,d41a0c840593ec687e3703edc5f242eabc46b89e0f7f890ecdb228f780a7d2ac,proven_maximal,maximize_sum_testing_e_values_at_maximum_cardinality,proven_optimal,52881.846170620505,1.0909669095413066,48472.45659618998,2,2,2,30;147,30;147,30;147,2,2,2,0,0,0,0.1,0.1,0.1,0.0,0.0,0.0,0,0,2.0799056000541896,18,9,861,49,2,,original_uniform_floor_plus_prior_scores,maximum_cardinality_certified_superset_of_eBH_then_maximum_testing_evalue_sum,200,2,2,exact_dyadic_prefix_or_HiGHS_QUBO_MILP,300.0,1
351,7ca7ded3f19503c452363724fe65d281038a003c74a635817ede65dcf979c439,proven_maximal,maximize_sum_testing_e_values_at_maximum_cardinality,proven_optimal,92386.19914011032,1.2002250505327203,76974.06340511279,5,5,5,8;78;115;161;182,8;78;115;161;182,8;78;115;161;182,5,5,5,0,0,0,0.25,0.25,0.25,0.0,0.0,0.0,0,0,1.541413800092414,12,4,425,40,5,,original_uniform_floor_plus_prior_scores,maximum_cardinality_certified_superset_of_eBH_then_maximum_testing_evalue_sum,200,5,5,exact_dyadic_prefix_or_HiGHS_QUBO_MILP,300.0,1
352,28016933a52c3c1766a307d445034877315e102e75ece3e6725058f2f8752e0c,proven_maximal,maximize_sum_testing_e_values_at_maximum_cardinality,proven_optimal,11801.349586080025,1.6875645003131023,6993.12505322935,2,2,4,111;179,111;179,102;111;122;179,2,2,4,0,0,0,0.1,0.1,0.2,0.0,0.0,0.0,0,2,0.8199706999585032,8,8,679,48,4,,original_uniform_floor_plus_prior_scores,maximum_cardinality_certified_superset_of_eBH_then_maximum_testing_evalue_sum,200,2,2,exact_dyadic_prefix_or_HiGHS_QUBO_MILP,300.0,1
353,8ff6515f4ece097d682e73e0c6e60cfde309f125c42c23ac2e7ff0bf68e87463,proven_maximal,maximize_sum_testing_e_values_at_maximum_cardinality,proven_optimal,0.0,0.0,1114.8623481586587,0,0,0,,,,0,0,0,0,0,0,0.0,0.0,0.0,0.0,0.0,0.0,0,0,2.044039299944416,21,11,849,60,0,,original_uniform_floor_plus_prior_scores,maximum_cardinality_certified_superset_of_eBH_then_maximum_testing_evalue_sum,200,0,0,exact_dyadic_prefix_or_HiGHS_QUBO_MILP,300.0,1
354,6a1c0e4b71dc72c5083b9c0adae3a4ae0f149353319f1ef62721b5489ca8c9e9,proven_maximal,maximize_sum_testing_e_values_at_maximum_cardinality,proven_optimal,0.0,0.0,2665.4539781715853,0,0,0,,,,0,0,0,0,0,0,0.0,0.0,0.0,0.0,0.0,0.0,0,0,1.4100309000350535,13,9,722,51,0,,original_uniform_floor_plus_prior_scores,maximum_cardinality_certified_superset_of_eBH_then_maximum_testing_evalue_sum,200,0,0,exact_dyadic_prefix_or_HiGHS_QUBO_MILP,300.0,1
355,04fb6ce4e95dbdfa0eefa735f58fed262b150d10e2558bcc44d8948603247d00,proven_maximal,maximize_sum_testing_e_values_at_maximum_cardinality,proven_optimal,9330.295601990618,1.600436916559396,5829.842779463496,2,2,4,65;76,65;76,55;65;76;78,2,2,4,0,0,0,0.1,0.1,0.2,0.0,0.0,0.0,0,2,1.6799674001522362,14,10,665,50,4,,original_uniform_floor_plus_prior_scores,maximum_cardinality_certified_superset_of_eBH_then_maximum_testing_evalue_sum,200,2,2,exact_dyadic_prefix_or_HiGHS_QUBO_MILP,300.0,1
356,e1e7169058a8a94dd6978da6ecab9f7c2bd0fd89d78235077a1d1875a959dd71,proven_maximal,maximize_sum_testing_e_values_at_maximum_cardinality,proven_optimal,15936.683895715014,2.894091172049741,5506.628142757455,3,3,6,133;153;189,133;153;189,58;69;130;133;153;189,3,3,6,0,0,0,0.15,0.15,0.3,0.0,0.0,0.0,0,3,1.7338258000090718,17,14,848,40,6,,original_uniform_floor_plus_prior_scores,maximum_cardinality_certified_superset_of_eBH_then_maximum_testing_evalue_sum,200,3,3,exact_dyadic_prefix_or_HiGHS_QUBO_MILP,300.0,1
357,e6d55f3e79986bf27c2ffad61d8670242683892bc3dda13491b457e98f4869f1,proven_maximal,maximize_sum_testing_e_values_at_maximum_cardinality,proven_optimal,6512.544580420557,1.7377276210805783,3747.736124704535,2,2,2,29;92,29;92,29;92,2,2,2,0,0,0,0.1,0.1,0.1,0.0,0.0,0.0,0,0,1.606453399872407,13,10,867,48,2,,original_uniform_floor_plus_prior_scores,maximum_cardinality_certified_superset_of_eBH_then_maximum_testing_evalue_sum,200,2,2,exact_dyadic_prefix_or_HiGHS_QUBO_MILP,300.0,1
358,d30e26bce97a6ed50e7cb295090c9ec8dec34269393adec125271f017c747d6b,proven_maximal,maximize_sum_testing_e_values_at_maximum_cardinality,proven_optimal,0.0,0.0,1567.2419382920757,0,0,0,,,,0,0,0,0,0,0,0.0,0.0,0.0,0.0,0.0,0.0,0,0,0.4954720998648554,3,3,300,43,0,,original_uniform_floor_plus_prior_scores,maximum_cardinality_certified_superset_of_eBH_then_maximum_testing_evalue_sum,200,0,0,exact_dyadic_prefix_or_HiGHS_QUBO_MILP,300.0,1
359,e70366a21e4bd2277fccbdeb97e0f7dab81d1244118ec20703ed104aff360e79,proven_maximal,maximize_sum_testing_e_values_at_maximum_cardinality,proven_optimal,0.0,0.0,740.8067853010309,0,0,0,,,,0,0,0,0,0,0,0.0,0.0,0.0,0.0,0.0,0.0,0,0,0.4306661000009626,3,3,300,48,0,,original_uniform_floor_plus_prior_scores,maximum_cardinality_certified_superset_of_eBH_then_maximum_testing_evalue_sum,200,0,0,exact_dyadic_prefix_or_HiGHS_QUBO_MILP,300.0,1
360,9e964b70ee3713955a6c3e1618a55145d27acd48ddb93c5a0617bfcbb8cb7a65,proven_maximal,maximize_sum_testing_e_values_at_maximum_cardinality,proven_optimal,19743.12057325905,1.5334196619356089,12875.223308626191,4,4,5,53;115;122;196,53;115;122;196,53;115;122;124;196,4,4,5,0,0,0,0.2,0.2,0.25,0.0,0.0,0.0,0,1,2.1856914998497814,19,12,783,45,5,,original_uniform_floor_plus_prior_scores,maximum_cardinality_certified_superset_of_eBH_then_maximum_testing_evalue_sum,200,4,4,exact_dyadic_prefix_or_HiGHS_QUBO_MILP,300.0,1
361,2c8299ca399aef1c374a3fb483add23680e63cab7f6b0a5a8d72ab8d23869318,proven_maximal,maximize_sum_testing_e_values_at_maximum_cardinality,proven_optimal,17186.352405537327,1.1938252629959842,14396.03678884046,2,2,2,30;47,30;47,30;47,2,2,2,0,0,0,0.1,0.1,0.1,0.0,0.0,0.0,0,0,1.851625199895352,16,8,724,42,2,,original_uniform_floor_plus_prior_scores,maximum_cardinality_certified_superset_of_eBH_then_maximum_testing_evalue_sum,200,2,2,exact_dyadic_prefix_or_HiGHS_QUBO_MILP,300.0,1
362,543c9707f8da9e424e4f01d9f0af90c22e224f4bd3dcc23cc8f5fbbdb9509213,proven_maximal,maximize_sum_testing_e_values_at_maximum_cardinality,proven_optimal,14247.614458784608,2.705328853163364,5266.500019812656,6,6,6,4;7;15;94;162;180,4;7;15;94;162;180,4;7;15;94;162;180,6,6,6,0,0,0,0.3,0.3,0.3,0.0,0.0,0.0,0,0,1.1738029001280663,11,5,565,43,6,,original_uniform_floor_plus_prior_scores,maximum_cardinality_certified_superset_of_eBH_then_maximum_testing_evalue_sum,200,6,6,exact_dyadic_prefix_or_HiGHS_QUBO_MILP,300.0,1
363,5ed2351fee53e323fdc9f17902a3b2ec1c094d15af6fd4f9aadebb038a0e924b,proven_maximal,maximize_sum_testing_e_values_at_maximum_cardinality,proven_optimal,49972.32687467196,2.167027253081508,23060.31306418109,6,6,6,5;55;59;85;106;164,5;55;59;85;106;164,5;55;59;85;106;164,6,6,6,0,0,0,0.3,0.3,0.3,0.0,0.0,0.0,0,0,1.7575085000135005,16,6,680,43,6,,original_uniform_floor_plus_prior_scores,maximum_cardinality_certified_superset_of_eBH_then_maximum_testing_evalue_sum,200,6,6,exact_dyadic_prefix_or_HiGHS_QUBO_MILP,300.0,1
364,aef3966862da459af3761e0e604e8e3c740b96e18640dce774fb8c2363f9c8c9,proven_maximal,maximize_sum_testing_e_values_at_maximum_cardinality,proven_optimal,29119.79914673215,3.257592685375506,8939.054682146514,7,7,9,7;16;114;131;147;159;177,7;16;114;131;147;159;177,7;16;95;114;131;147;159;177;190,7,7,9,0,0,0,0.35,0.35,0.45,0.0,0.0,0.0,0,2,1.70455739996396,12,6,446,31,9,,original_uniform_floor_plus_prior_scores,maximum_cardinality_certified_superset_of_eBH_then_maximum_testing_evalue_sum,200,7,7,exact_dyadic_prefix_or_HiGHS_QUBO_MILP,300.0,1
365,cba13e20491c45800cc0391ec71b28d90e7f6d6780dbdf2ba41286cf69e5beb8,proven_maximal,maximize_sum_testing_e_values_at_maximum_cardinality,proven_optimal,10839.201300286755,1.0,10839.201300286755,1,1,1,16,16,16,1,1,1,0,0,0,0.05,0.05,0.05,0.0,0.0,0.0,0,0,1.5470350999385118,16,6,551,47,1,,original_uniform_floor_plus_prior_scores,maximum_cardinality_certified_superset_of_eBH_then_maximum_testing_evalue_sum,200,1,1,exact_dyadic_prefix_or_HiGHS_QUBO_MILP,300.0,1
366,e3622829a2270e6953bb1bb9c3cc89b165ecb987fa2fc8dce429bc56f675467a,proven_maximal,maximize_sum_testing_e_values_at_maximum_cardinality,proven_optimal,4614.275957011611,2.5671679498443862,1797.4188082596288,0,0,4,,,46;50;68;196,0,0,4,0,0,0,0.0,0.0,0.2,0.0,0.0,0.0,0,4,1.1130588999949396,9,8,535,32,4,,original_uniform_floor_plus_prior_scores,maximum_cardinality_certified_superset_of_eBH_then_maximum_testing_evalue_sum,200,0,0,exact_dyadic_prefix_or_HiGHS_QUBO_MILP,300.0,1
367,a09245869f7c886bc700d18b8ca66819c098f9021f6444cc09dd06f2ce255ef8,proven_maximal,maximize_sum_testing_e_values_at_maximum_cardinality,proven_optimal,11755.975204626926,1.2114448730397078,9704.094231815365,2,2,2,90;170,90;170,90;170,2,2,2,0,0,0,0.1,0.1,0.1,0.0,0.0,0.0,0,0,0.9508406999520956,9,7,614,44,2,,original_uniform_floor_plus_prior_scores,maximum_cardinality_certified_superset_of_eBH_then_maximum_testing_evalue_sum,200,2,2,exact_dyadic_prefix_or_HiGHS_QUBO_MILP,300.0,1
368,6e3f40378dcb6c58523a3e94ed2bbec318d58dc2882465b3f9c72d9b06677a15,proven_maximal,maximize_sum_testing_e_values_at_maximum_cardinality,proven_optimal,26390.327515264355,1.385333648551122,19049.79897287934,3,3,3,81;108;185,81;108;185,81;108;185,3,3,3,0,0,0,0.15,0.15,0.15,0.0,0.0,0.0,0,0,2.083026699954644,17,7,608,38,3,,original_uniform_floor_plus_prior_scores,maximum_cardinality_certified_superset_of_eBH_then_maximum_testing_evalue_sum,200,3,3,exact_dyadic_prefix_or_HiGHS_QUBO_MILP,300.0,1
369,d95e3b6716013a60ea5f6c2be71f6b6574978c25136137430c796e435e5f4cd6,proven_maximal,maximize_sum_testing_e_values_at_maximum_cardinality,proven_optimal,10532.484147918323,2.655582636399412,3966.1669735116434,4,4,5,39;144;173;198,39;144;173;198,31;39;144;173;198,4,4,5,0,0,0,0.2,0.2,0.25,0.0,0.0,0.0,0,1,1.2810945000965148,8,7,514,31,5,,original_uniform_floor_plus_prior_scores,maximum_cardinality_certified_superset_of_eBH_then_maximum_testing_evalue_sum,200,4,4,exact_dyadic_prefix_or_HiGHS_QUBO_MILP,300.0,1
370,ef9a10bcb42e84b161a74cde0bd7485fe212d0ca598c1ed31377feb3bdcde4a7,proven_maximal,maximize_sum_testing_e_values_at_maximum_cardinality,proven_optimal,101431.06278893795,1.531288484897735,66239.02928109061,6,6,6,2;8;29;138;168;182,2;8;29;138;168;182,2;8;29;138;168;182,6,6,6,0,0,0,0.3,0.3,0.3,0.0,0.0,0.0,0,0,1.6550796998199075,15,6,587,50,6,,original_uniform_floor_plus_prior_scores,maximum_cardinality_certified_superset_of_eBH_then_maximum_testing_evalue_sum,200,6,6,exact_dyadic_prefix_or_HiGHS_QUBO_MILP,300.0,1
371,5669a129c469e15729d3b9bda62c143879d5b8aabcd6ba092d29f7074c0a53fe,proven_maximal,maximize_sum_testing_e_values_at_maximum_cardinality,proven_optimal,0.0,0.0,2008.921684444612,0,0,0,,,,0,0,0,0,0,0,0.0,0.0,0.0,0.0,0.0,0.0,0,0,1.2401350000873208,14,8,654,41,0,,original_uniform_floor_plus_prior_scores,maximum_cardinality_certified_superset_of_eBH_then_maximum_testing_evalue_sum,200,0,0,exact_dyadic_prefix_or_HiGHS_QUBO_MILP,300.0,1
372,570c0749819c8ff15a34eff74441d2a68858330c77ee5a750ee01f72f662c0b9,proven_maximal,maximize_sum_testing_e_values_at_maximum_cardinality,proven_optimal,6112.899110590609,2.091028088705229,2923.394068023129,3,3,3,42;48;126,42;48;126,42;48;126,3,3,3,0,0,0,0.15,0.15,0.15,0.0,0.0,0.0,0,0,1.8563192000146955,16,6,614,50,3,,original_uniform_floor_plus_prior_scores,maximum_cardinality_certified_superset_of_eBH_then_maximum_testing_evalue_sum,200,3,3,exact_dyadic_prefix_or_HiGHS_QUBO_MILP,300.0,1
373,398530a61ed665e910eb1de7b1ad494ddc050cf782dde31e47fb20e6aac081c0,proven_maximal,maximize_sum_testing_e_values_at_maximum_cardinality,proven_optimal,36775.59015726373,1.7557113801059845,20946.261768288903,4,4,6,14;48;127;140,14;48;127;140,14;48;85;87;127;140,4,4,6,0,0,0,0.2,0.2,0.3,0.0,0.0,0.0,0,2,1.2167900998611003,11,8,516,39,6,,original_uniform_floor_plus_prior_scores,maximum_cardinality_certified_superset_of_eBH_then_maximum_testing_evalue_sum,200,4,4,exact_dyadic_prefix_or_HiGHS_QUBO_MILP,300.0,1
374,0d7889d4935ff5a7937723361c3a69d90d3862d9862ceaa5ce4a5c0fa3ea4972,proven_maximal,maximize_sum_testing_e_values_at_maximum_cardinality,proven_optimal,10658.138438727889,3.279713654037188,3249.71615299652,3,3,9,14;44;191,14;44;191,14;22;44;53;65;127;158;171;191,3,3,9,0,0,0,0.15,0.15,0.45,0.0,0.0,0.0,0,6,1.2837636000476778,11,8,668,50,9,,original_uniform_floor_plus_prior_scores,maximum_cardinality_certified_superset_of_eBH_then_maximum_testing_evalue_sum,200,3,3,exact_dyadic_prefix_or_HiGHS_QUBO_MILP,300.0,1
375,d4e3ebfcd6a5d85139d59b3b191d3851a73bfed8c430723bd677d3f7c9fa4b11,proven_maximal,maximize_sum_testing_e_values_at_maximum_cardinality,proven_optimal,5206.957043302151,1.0,5206.957043302151,1,1,1,84,84,84,1,1,1,0,0,0,0.05,0.05,0.05,0.0,0.0,0.0,0,0,1.7596384999342265,17,9,836,49,1,,original_uniform_floor_plus_prior_scores,maximum_cardinality_certified_superset_of_eBH_then_maximum_testing_evalue_sum,200,1,1,exact_dyadic_prefix_or_HiGHS_QUBO_MILP,300.0,1
376,3704bbf903f67ecae0ef62e37f0368f0e9dee693e2a403336c0e1c86aa36d017,proven_maximal,maximize_sum_testing_e_values_at_maximum_cardinality,proven_optimal,0.0,0.0,1697.3777215602538,0,0,0,,,,0,0,0,0,0,0,0.0,0.0,0.0,0.0,0.0,0.0,0,0,1.3655935998540372,13,6,514,47,0,,original_uniform_floor_plus_prior_scores,maximum_cardinality_certified_superset_of_eBH_then_maximum_testing_evalue_sum,200,0,0,exact_dyadic_prefix_or_HiGHS_QUBO_MILP,300.0,1
377,666c0bb7f45e1367ab5ee344baf57a8718764e23d4ed7e1e46b9c85c09b6694c,proven_maximal,maximize_sum_testing_e_values_at_maximum_cardinality,proven_optimal,40099.345267998295,2.104558023110435,19053.57078667444,5,5,9,16;23;117;138;189,16;23;117;138;189,16;23;29;117;125;137;138;146;189,5,5,9,0,0,0,0.25,0.25,0.45,0.0,0.0,0.0,0,4,1.9761204000096768,15,9,719,41,9,,original_uniform_floor_plus_prior_scores,maximum_cardinality_certified_superset_of_eBH_then_maximum_testing_evalue_sum,200,5,5,exact_dyadic_prefix_or_HiGHS_QUBO_MILP,300.0,1
378,1eb96db2dda277d3faa3d142a3e20ea6a66fda5aa0386c3b2cd28f6d23095e4d,proven_maximal,maximize_sum_testing_e_values_at_maximum_cardinality,proven_optimal,0.0,0.0,2159.5719551095794,0,0,0,,,,0,0,0,0,0,0,0.0,0.0,0.0,0.0,0.0,0.0,0,0,1.8940454998519272,19,10,578,41,0,,original_uniform_floor_plus_prior_scores,maximum_cardinality_certified_superset_of_eBH_then_maximum_testing_evalue_sum,200,0,0,exact_dyadic_prefix_or_HiGHS_QUBO_MILP,300.0,1
379,1b8f52900bd6802f1766d6d4dd8e1d947c1341868bd678137162e81a3fcd1e53,proven_maximal,maximize_sum_testing_e_values_at_maximum_cardinality,proven_optimal,13402.10959697309,3.102500003173545,4319.7774643881,6,6,9,14;75;80;127;172;173,14;75;80;127;172;173,14;28;75;80;125;127;172;173;175,6,6,9,0,0,0,0.3,0.3,0.45,0.0,0.0,0.0,0,3,1.5205286000855267,12,8,546,39,9,,original_uniform_floor_plus_prior_scores,maximum_cardinality_certified_superset_of_eBH_then_maximum_testing_evalue_sum,200,6,6,exact_dyadic_prefix_or_HiGHS_QUBO_MILP,300.0,1
380,0bc35b1d06fcdb246e432a2623aa87347fcb077153c6d6021787c95850b340b8,proven_maximal,maximize_sum_testing_e_values_at_maximum_cardinality,proven_optimal,26305.96048701817,1.2625699942219937,20835.249219769496,4,4,4,67;90;136;167,67;90;136;167,67;90;136;167,4,4,4,0,0,0,0.2,0.2,0.2,0.0,0.0,0.0,0,0,1.951411500107497,16,7,705,32,4,,original_uniform_floor_plus_prior_scores,maximum_cardinality_certified_superset_of_eBH_then_maximum_testing_evalue_sum,200,4,4,exact_dyadic_prefix_or_HiGHS_QUBO_MILP,300.0,1
381,5e4651c25c8f102d6102a4f2b0731617be18d25e64fbf8641f3f4d6e9f67612d,proven_maximal,maximize_sum_testing_e_values_at_maximum_cardinality,proven_optimal,75036.23273632812,1.230203014394211,60994.99989705213,5,5,7,21;85;105;174;184,21;85;105;174;184,21;85;105;122;174;179;184,5,5,7,0,0,0,0.25,0.25,0.35,0.0,0.0,0.0,0,2,2.0183226000517607,15,7,529,36,7,,original_uniform_floor_plus_prior_scores,maximum_cardinality_certified_superset_of_eBH_then_maximum_testing_evalue_sum,200,5,5,exact_dyadic_prefix_or_HiGHS_QUBO_MILP,300.0,1
382,daa35faea6197966747416fc22a64c2e6cc8f94ed6368f8f153370a87826a6a4,proven_maximal,maximize_sum_testing_e_values_at_maximum_cardinality,proven_optimal,59932.33850086797,1.28599850376726,46603.73890428299,2,2,2,20;79,20;79,20;79,2,2,2,0,0,0,0.1,0.1,0.1,0.0,0.0,0.0,0,0,1.8820865000598133,16,6,700,43,2,,original_uniform_floor_plus_prior_scores,maximum_cardinality_certified_superset_of_eBH_then_maximum_testing_evalue_sum,200,2,2,exact_dyadic_prefix_or_HiGHS_QUBO_MILP,300.0,1
383,947848feaf6448671583906daec05361ec551640166cb750cb4a4d7bd8505838,proven_maximal,maximize_sum_testing_e_values_at_maximum_cardinality,proven_optimal,33995.199599146144,1.558389017620575,21814.32185081212,4,4,9,80;88;119;121,80;88;119;121,2;80;88;113;119;121;146;179;187,4,4,9,0,0,0,0.2,0.2,0.45,0.0,0.0,0.0,0,5,1.3323714998550713,11,7,608,46,9,,original_uniform_floor_plus_prior_scores,maximum_cardinality_certified_superset_of_eBH_then_maximum_testing_evalue_sum,200,4,4,exact_dyadic_prefix_or_HiGHS_QUBO_MILP,300.0,1
384,d8dcc5905f57d1120c9c5bb86a17ccf579c124f63123b04244f86bbaae325827,proven_maximal,maximize_sum_testing_e_values_at_maximum_cardinality,proven_optimal,3884.309358067757,1.6862173686856117,2303.563840701946,0,0,3,,,9;189;192,0,0,3,0,0,0,0.0,0.0,0.15,0.0,0.0,0.0,0,3,1.2799505998846143,13,10,767,50,3,,original_uniform_floor_plus_prior_scores,maximum_cardinality_certified_superset_of_eBH_then_maximum_testing_evalue_sum,200,0,0,exact_dyadic_prefix_or_HiGHS_QUBO_MILP,300.0,1
385,ad64e16345225a5e0b4936e50a477aa7f165460a709e875a5a3887eca96bc8fe,proven_maximal,maximize_sum_testing_e_values_at_maximum_cardinality,proven_optimal,16646.692059842575,3.100782405848157,5368.545702673777,6,6,9,8;11;93;138;157;167,8;11;93;138;157;167,8;11;14;92;93;138;152;157;167,6,6,9,0,0,0,0.3,0.3,0.45,0.0,0.0,0.0,0,3,2.922304499894381,21,14,1204,47,9,,original_uniform_floor_plus_prior_scores,maximum_cardinality_certified_superset_of_eBH_then_maximum_testing_evalue_sum,200,6,6,exact_dyadic_prefix_or_HiGHS_QUBO_MILP,300.0,1
386,239042c40f13af9d0c48d4658897dea86902c812624bb75e61678ef723770ee0,proven_maximal,maximize_sum_testing_e_values_at_maximum_cardinality,proven_optimal,6476.510297183791,3.2353268039785155,2001.8102311085108,0,0,7,,,20;90;94;99;116;194;198,0,0,7,0,0,0,0.0,0.0,0.35,0.0,0.0,0.0,0,7,1.630731400102377,11,9,757,28,7,,original_uniform_floor_plus_prior_scores,maximum_cardinality_certified_superset_of_eBH_then_maximum_testing_evalue_sum,200,0,0,exact_dyadic_prefix_or_HiGHS_QUBO_MILP,300.0,1
387,9539f96b99d0ed36ca6309c9b806877611c7380242d6da94a9c5eab157525acd,proven_maximal,maximize_sum_testing_e_values_at_maximum_cardinality,proven_optimal,10003.30389559319,1.3346515687005176,7495.067724179801,1,1,3,114,114,13;91;114,1,1,3,0,0,0,0.05,0.05,0.15,0.0,0.0,0.0,0,2,1.75690559996292,16,11,895,41,3,,original_uniform_floor_plus_prior_scores,maximum_cardinality_certified_superset_of_eBH_then_maximum_testing_evalue_sum,200,1,1,exact_dyadic_prefix_or_HiGHS_QUBO_MILP,300.0,1
388,6cb2a6a37e8c4236b77d4741765e5fa632b53c0e6b30c0f9abf0f043f9167936,proven_maximal,maximize_sum_testing_e_values_at_maximum_cardinality,proven_optimal,15721.64144182087,1.995040015628178,7880.363961958225,5,5,7,7;82;101;172;184,7;82;101;172;184,7;32;82;101;120;172;184,5,5,7,0,0,0,0.25,0.25,0.35,0.0,0.0,0.0,0,2,1.7859257000964135,17,12,674,40,7,,original_uniform_floor_plus_prior_scores,maximum_cardinality_certified_superset_of_eBH_then_maximum_testing_evalue_sum,200,5,5,exact_dyadic_prefix_or_HiGHS_QUBO_MILP,300.0,1
389,091e9c752438ad1188e53ad00eeea70b12078e9c988deab9579769279acea85a,proven_maximal,maximize_sum_testing_e_values_at_maximum_cardinality,proven_optimal,4777.749618735111,1.0,4777.749618735111,1,1,1,163,163,163,1,1,1,0,0,0,0.05,0.05,0.05,0.0,0.0,0.0,0,0,1.4304597999434918,13,6,608,38,1,,original_uniform_floor_plus_prior_scores,maximum_cardinality_certified_superset_of_eBH_then_maximum_testing_evalue_sum,200,1,1,exact_dyadic_prefix_or_HiGHS_QUBO_MILP,300.0,1
390,7879d9abe524d208064749b1790c939b3a9bb7e9579f4e9dc28fbf38d2a59aaa,proven_maximal,maximize_sum_testing_e_values_at_maximum_cardinality,proven_optimal,0.0,0.0,368.9734454877005,0,0,0,,,,0,0,0,0,0,0,0.0,0.0,0.0,0.0,0.0,0.0,0,0,0.4198827999643981,3,3,300,37,0,,original_uniform_floor_plus_prior_scores,maximum_cardinality_certified_superset_of_eBH_then_maximum_testing_evalue_sum,200,0,0,exact_dyadic_prefix_or_HiGHS_QUBO_MILP,300.0,1
391,fd2c310dffd63dfafcaa8984cdd926bedb927ca5decfd0d0721ff00fee461ba7,proven_maximal,maximize_sum_testing_e_values_at_maximum_cardinality,proven_optimal,30227.784898855563,1.4252896978391767,21208.169079368687,2,2,2,10;33,10;33,10;33,2,2,2,0,0,0,0.1,0.1,0.1,0.0,0.0,0.0,0,0,0.9848354998975992,8,7,605,40,2,,original_uniform_floor_plus_prior_scores,maximum_cardinality_certified_superset_of_eBH_then_maximum_testing_evalue_sum,200,2,2,exact_dyadic_prefix_or_HiGHS_QUBO_MILP,300.0,1
392,a277f10b8813b5a0ef081339774d39c5515e8b8995b42cdb39a21589bd662a23,proven_maximal,maximize_sum_testing_e_values_at_maximum_cardinality,proven_optimal,212333.8352335593,1.188673068664546,178630.9800659594,2,2,4,1;41,1;41,1;41;114;130,2,2,4,0,0,0,0.1,0.1,0.2,0.0,0.0,0.0,0,2,1.0019118001218883,9,8,610,34,4,,original_uniform_floor_plus_prior_scores,maximum_cardinality_certified_superset_of_eBH_then_maximum_testing_evalue_sum,200,2,2,exact_dyadic_prefix_or_HiGHS_QUBO_MILP,300.0,1
393,8b997e33934ded940adb24cefee7c51a85e44898f6c6d62f8de659d6c92393a8,proven_maximal,maximize_sum_testing_e_values_at_maximum_cardinality,proven_optimal,0.0,0.0,2116.826375003058,0,0,0,,,,0,0,0,0,0,0,0.0,0.0,0.0,0.0,0.0,0.0,0,0,1.740309099899605,16,7,636,48,0,,original_uniform_floor_plus_prior_scores,maximum_cardinality_certified_superset_of_eBH_then_maximum_testing_evalue_sum,200,0,0,exact_dyadic_prefix_or_HiGHS_QUBO_MILP,300.0,1
394,f64773158f9bedc3a038237ff1ab5de7ca96240f5ad4580c3989103e02c0159a,proven_maximal,maximize_sum_testing_e_values_at_maximum_cardinality,proven_optimal,0.0,0.0,617.1464841577518,0,0,0,,,,0,0,0,0,0,0,0.0,0.0,0.0,0.0,0.0,0.0,0,0,0.5423948999959975,3,3,300,51,0,,original_uniform_floor_plus_prior_scores,maximum_cardinality_certified_superset_of_eBH_then_maximum_testing_evalue_sum,200,0,0,exact_dyadic_prefix_or_HiGHS_QUBO_MILP,300.0,1
395,2dc109ef4d6f88d9f89ddba8734b3a843f14e9657157da7433f49909ac67fc4f,proven_maximal,maximize_sum_testing_e_values_at_maximum_cardinality,proven_optimal,23170.63720471188,2.316259811670799,10003.470719460478,7,7,9,10;111;115;122;135;160;197,10;111;115;122;135;160;197,10;92;111;115;122;128;135;160;197,7,7,9,0,0,0,0.35,0.35,0.45,0.0,0.0,0.0,0,2,1.3294738999102265,11,6,420,27,9,,original_uniform_floor_plus_prior_scores,maximum_cardinality_certified_superset_of_eBH_then_maximum_testing_evalue_sum,200,7,7,exact_dyadic_prefix_or_HiGHS_QUBO_MILP,300.0,1
396,a23dc0116e260ae12ecf9b09c9fc17eb4e80aa6d2f33bea265b8faa5c0dbe15f,proven_maximal,maximize_sum_testing_e_values_at_maximum_cardinality,proven_optimal,12627.953329577063,4.375029735737603,2886.369714570196,7,7,7,38;70;93;146;165;194;197,38;70;93;146;165;194;197,38;70;93;146;165;194;197,7,7,7,0,0,0,0.35,0.35,0.35,0.0,0.0,0.0,0,0,1.0642506000585854,11,6,592,49,7,,original_uniform_floor_plus_prior_scores,maximum_cardinality_certified_superset_of_eBH_then_maximum_testing_evalue_sum,200,7,7,exact_dyadic_prefix_or_HiGHS_QUBO_MILP,300.0,1
397,cd2219e2d078102bbf952f383c77969d4fbed50eab60de176d4a715a062b9812,proven_maximal,maximize_sum_testing_e_values_at_maximum_cardinality,proven_optimal,9119.843328439025,1.0,9119.843328439025,1,1,1,106,106,106,1,1,1,0,0,0,0.05,0.05,0.05,0.0,0.0,0.0,0,0,2.0622787000611424,16,6,637,36,1,,original_uniform_floor_plus_prior_scores,maximum_cardinality_certified_superset_of_eBH_then_maximum_testing_evalue_sum,200,1,1,exact_dyadic_prefix_or_HiGHS_QUBO_MILP,300.0,1
398,f4c40a06e81805b5aa86e35db38ef464f4f8bcd3a661bcf9939cf55655859493,proven_maximal,maximize_sum_testing_e_values_at_maximum_cardinality,proven_optimal,14450.18522295145,2.702028503172802,5347.9025872538405,9,9,10,11;17;65;66;80;95;100;133;188,11;17;65;66;80;95;100;133;188,11;17;65;66;75;80;95;100;133;188,9,9,10,0,0,0,0.45,0.45,0.5,0.0,0.0,0.0,0,1,2.2180809997953475,15,7,657,50,10,,original_uniform_floor_plus_prior_scores,maximum_cardinality_certified_superset_of_eBH_then_maximum_testing_evalue_sum,200,9,9,exact_dyadic_prefix_or_HiGHS_QUBO_MILP,300.0,1
399,456322e2783bf2255e998762f67ca106c94d8377c544d55fc6cfbb819e05bac9,proven_maximal,maximize_sum_testing_e_values_at_maximum_cardinality,proven_optimal,64013.74118566021,1.535449234855064,41690.56177992278,4,4,4,44;83;95;175,44;83;95;175,44;83;95;175,4,4,4,0,0,0,0.2,0.2,0.2,0.0,0.0,0.0,0,0,1.6740773001220075,16,8,731,40,4,,original_uniform_floor_plus_prior_scores,maximum_cardinality_certified_superset_of_eBH_then_maximum_testing_evalue_sum,200,4,4,exact_dyadic_prefix_or_HiGHS_QUBO_MILP,300.0,1
400,1dc79bee7d9f48c6fb9ea2f417136543c0ea23f2357272a6e4201425266fe2af,proven_maximal,maximize_sum_testing_e_values_at_maximum_cardinality,proven_optimal,15866.030257809622,1.4927771257356557,10628.532541313349,2,2,2,7;156,7;156,7;156,2,2,2,0,0,0,0.1,0.1,0.1,0.0,0.0,0.0,0,0,1.330412399955094,13,7,569,34,2,,original_uniform_floor_plus_prior_scores,maximum_cardinality_certified_superset_of_eBH_then_maximum_testing_evalue_sum,200,2,2,exact_dyadic_prefix_or_HiGHS_QUBO_MILP,300.0,1
401,99ee32321986105a6acd0aea8366b2ce1f8bbcc7df2fb4db135bba066743f763,proven_maximal,maximize_sum_testing_e_values_at_maximum_cardinality,proven_optimal,20126.6321981125,2.021450327406501,9956.530677622315,4,4,10,36;109;142;154,36;109;142;154,26;36;39;44;82;109;132;142;154;196,4,4,10,0,0,0,0.2,0.2,0.5,0.0,0.0,0.0,0,6,1.4169570999220014,11,8,607,43,10,,original_uniform_floor_plus_prior_scores,maximum_cardinality_certified_superset_of_eBH_then_maximum_testing_evalue_sum,200,4,4,exact_dyadic_prefix_or_HiGHS_QUBO_MILP,300.0,1
402,36a4b366548651605001d4bcb54cb7a4994f38c3d0da0a02b6a69cc45bcababf,proven_maximal,maximize_sum_testing_e_values_at_maximum_cardinality,proven_optimal,20543.697783104966,2.811549688025497,7306.894795635802,8,8,9,7;44;75;86;128;176;192;197,7;44;75;86;128;176;192;197,7;44;75;86;123;128;176;192;197,8,8,9,0,0,0,0.4,0.4,0.45,0.0,0.0,0.0,0,1,1.6193683000747114,13,7,659,51,9,,original_uniform_floor_plus_prior_scores,maximum_cardinality_certified_superset_of_eBH_then_maximum_testing_evalue_sum,200,8,8,exact_dyadic_prefix_or_HiGHS_QUBO_MILP,300.0,1
403,f80cf6d4689eb74f016ccc5ae72d7effa15c8eac632ef536f9020b9e10dfe0fb,proven_maximal,maximize_sum_testing_e_values_at_maximum_cardinality,proven_optimal,27468.353893460047,1.259218118093153,21813.817240062952,2,2,6,47;82,47;82,2;47;62;82;132;141,2,2,6,0,0,0,0.1,0.1,0.3,0.0,0.0,0.0,0,4,1.8912891000509264,15,9,693,48,6,,original_uniform_floor_plus_prior_scores,maximum_cardinality_certified_superset_of_eBH_then_maximum_testing_evalue_sum,200,2,2,exact_dyadic_prefix_or_HiGHS_QUBO_MILP,300.0,1
404,7c65ff8f6f0944aa86ee9b9cbd158128def7a3a1b681b5e3e497de055db7da74,proven_maximal,maximize_sum_testing_e_values_at_maximum_cardinality,proven_optimal,25075.26852112676,2.276931304699535,11012.747055377542,5,5,6,8;75;80;167;178,8;75;80;167;178,8;62;75;80;167;178,5,5,6,0,0,0,0.25,0.25,0.3,0.0,0.0,0.0,0,1,1.9253357001580296,16,10,798,38,6,,original_uniform_floor_plus_prior_scores,maximum_cardinality_certified_superset_of_eBH_then_maximum_testing_evalue_sum,200,5,5,exact_dyadic_prefix_or_HiGHS_QUBO_MILP,300.0,1
405,225f1c91bd8ae381c14b4224ee7005d49d13070f558fc31955c50b7761596c83,proven_maximal,maximize_sum_testing_e_values_at_maximum_cardinality,proven_optimal,61573.483250909325,2.425626638952503,25384.56754313169,6,6,7,1;79;93;95;168;194,1;79;93;95;168;194,1;79;93;95;167;168;194,6,6,7,0,0,0,0.3,0.3,0.35,0.0,0.0,0.0,0,1,1.2824260001070795,11,6,521,37,7,,original_uniform_floor_plus_prior_scores,maximum_cardinality_certified_superset_of_eBH_then_maximum_testing_evalue_sum,200,6,6,exact_dyadic_prefix_or_HiGHS_QUBO_MILP,300.0,1
406,4b894855733e3998b4acad531a2597636196a456d46521d68bb1f695c4ff5d1c,proven_maximal,maximize_sum_testing_e_values_at_maximum_cardinality,proven_optimal,27930.0299646568,4.466393577746975,6253.374110112752,6,6,8,21;37;57;107;123;184,21;37;57;107;123;184,21;37;57;95;107;123;130;184,6,6,8,0,0,0,0.3,0.3,0.4,0.0,0.0,0.0,0,2,1.7291110001970085,15,8,602,43,8,,original_uniform_floor_plus_prior_scores,maximum_cardinality_certified_superset_of_eBH_then_maximum_testing_evalue_sum,200,6,6,exact_dyadic_prefix_or_HiGHS_QUBO_MILP,300.0,1
407,8aeb8afb397c1006eb61f3dcdeb79f0342c82e4ee7492ccd011f67d84081862f,proven_maximal,maximize_sum_testing_e_values_at_maximum_cardinality,proven_optimal,9048.525620713428,1.5773483468485814,5736.542367950411,2,2,2,147;186,147;186,147;186,2,2,2,0,0,0,0.1,0.1,0.1,0.0,0.0,0.0,0,0,1.6667162000667304,15,10,809,39,2,,original_uniform_floor_plus_prior_scores,maximum_cardinality_certified_superset_of_eBH_then_maximum_testing_evalue_sum,200,2,2,exact_dyadic_prefix_or_HiGHS_QUBO_MILP,300.0,1
408,d72f786426349f75873336401967608c91b4024edb6ac11556fbfc65d6c9cbec,proven_maximal,maximize_sum_testing_e_values_at_maximum_cardinality,proven_optimal,8962.725328312772,1.918573858150547,4671.556057243788,2,2,5,41;124,41;124,41;82;124;158;163,2,2,5,0,0,0,0.1,0.1,0.25,0.0,0.0,0.0,0,3,0.8752175001427531,8,8,623,43,5,,original_uniform_floor_plus_prior_scores,maximum_cardinality_certified_superset_of_eBH_then_maximum_testing_evalue_sum,200,2,2,exact_dyadic_prefix_or_HiGHS_QUBO_MILP,300.0,1
409,f6a475c7d7770d5214d46e551910d049aefb4392ed545b0b7397328514b0b626,proven_maximal,maximize_sum_testing_e_values_at_maximum_cardinality,proven_optimal,72398.40421622145,2.094748940838413,34561.85264246718,7,7,9,19;27;28;60;103;159;189,19;27;28;60;103;159;189,19;27;28;42;48;60;103;159;189,7,7,9,0,0,0,0.35,0.35,0.45,0.0,0.0,0.0,0,2,1.620745199965313,12,10,653,45,9,,original_uniform_floor_plus_prior_scores,maximum_cardinality_certified_superset_of_eBH_then_maximum_testing_evalue_sum,200,7,7,exact_dyadic_prefix_or_HiGHS_QUBO_MILP,300.0,1
410,48d8012d71b8b23eaa512bac4b8ad807fca841417f03a9c4f11076136ed392a4,proven_maximal,maximize_sum_testing_e_values_at_maximum_cardinality,proven_optimal,0.0,0.0,995.1111222358712,0,0,0,,,,0,0,0,0,0,0,0.0,0.0,0.0,0.0,0.0,0.0,0,0,0.3788455999456346,3,3,300,33,0,,original_uniform_floor_plus_prior_scores,maximum_cardinality_certified_superset_of_eBH_then_maximum_testing_evalue_sum,200,0,0,exact_dyadic_prefix_or_HiGHS_QUBO_MILP,300.0,1
411,8b52fe0bf2df1191cfb24cd72e7a3db499dc01d426e1b165850b8e695dedc8ba,proven_maximal,maximize_sum_testing_e_values_at_maximum_cardinality,proven_optimal,18945.932400459784,1.0,18945.932400459784,1,1,1,90,90,90,1,1,1,0,0,0,0.05,0.05,0.05,0.0,0.0,0.0,0,0,1.36689869989641,12,5,503,29,1,,original_uniform_floor_plus_prior_scores,maximum_cardinality_certified_superset_of_eBH_then_maximum_testing_evalue_sum,200,1,1,exact_dyadic_prefix_or_HiGHS_QUBO_MILP,300.0,1
412,7ec1af6c8d3a8d2aa2af5f980ee9d8c45137dcb5a3b58d49563d1038023760bc,proven_maximal,maximize_sum_testing_e_values_at_maximum_cardinality,proven_optimal,23256.78534982289,1.5900754474604837,14626.214993110172,4,4,9,7;36;127;168,7;36;127;168,7;36;44;76;126;127;154;168;191,4,4,9,0,0,0,0.2,0.2,0.45,0.0,0.0,0.0,0,5,1.2579928999766707,11,8,618,37,9,,original_uniform_floor_plus_prior_scores,maximum_cardinality_certified_superset_of_eBH_then_maximum_testing_evalue_sum,200,4,4,exact_dyadic_prefix_or_HiGHS_QUBO_MILP,300.0,1
413,597c2e6f440781c4e08700e3bc67e8028e0575df7b2babf11895a4974be162db,proven_maximal,maximize_sum_testing_e_values_at_maximum_cardinality,proven_optimal,32657.322692590904,2.5873587169027346,12621.876695815958,4,4,4,17;85;138;177,17;85;138;177,17;85;138;177,4,4,4,0,0,0,0.2,0.2,0.2,0.0,0.0,0.0,0,0,0.7734445999376476,6,4,367,29,4,,original_uniform_floor_plus_prior_scores,maximum_cardinality_certified_superset_of_eBH_then_maximum_testing_evalue_sum,200,4,4,exact_dyadic_prefix_or_HiGHS_QUBO_MILP,300.0,1
414,476533d9574a3509945420db56aac76693bdb2efeedc8d669cca73b45c7f00b0,proven_maximal,maximize_sum_testing_e_values_at_maximum_cardinality,proven_optimal,57261.508983852334,2.3115680664796354,24771.716573787857,8,8,13,26;28;62;66;84;124;153;191,26;28;62;66;84;124;153;191,3;26;28;56;62;66;84;124;126;144;153;167;191,8,8,13,0,0,0,0.4,0.4,0.65,0.0,0.0,0.0,0,5,2.511906399857253,11,7,601,45,13,,original_uniform_floor_plus_prior_scores,maximum_cardinality_certified_superset_of_eBH_then_maximum_testing_evalue_sum,200,8,8,exact_dyadic_prefix_or_HiGHS_QUBO_MILP,300.0,1
415,3dfc7262a02230dc563bb1f64dfc95d460f30c4674b0aa66ad34a6846593e0c9,proven_maximal,maximize_sum_testing_e_values_at_maximum_cardinality,proven_optimal,4512.764519937176,1.4715638608722463,3066.6453831383883,0,0,2,,,140;174,0,0,2,0,0,0,0.0,0.0,0.1,0.0,0.0,0.0,0,2,2.0754803000018,20,12,641,42,2,,original_uniform_floor_plus_prior_scores,maximum_cardinality_certified_superset_of_eBH_then_maximum_testing_evalue_sum,200,0,0,exact_dyadic_prefix_or_HiGHS_QUBO_MILP,300.0,1
416,a50d60f2d0200e07a1b87ce4e1a8161446044917bb4b3c09b4d5b7c830e4aba8,proven_maximal,maximize_sum_testing_e_values_at_maximum_cardinality,proven_optimal,23630.16978394238,1.6493434820462614,14327.015592061856,3,3,6,115;160;175,115;160;175,102;115;116;159;160;175,3,3,6,0,0,0,0.15,0.15,0.3,0.0,0.0,0.0,0,3,1.044347899965942,9,8,551,41,6,,original_uniform_floor_plus_prior_scores,maximum_cardinality_certified_superset_of_eBH_then_maximum_testing_evalue_sum,200,3,3,exact_dyadic_prefix_or_HiGHS_QUBO_MILP,300.0,1
417,7cbd7dd635e6999b4796a0c978d0fd3dabcf865d613c61fdc93023f3e2ecc47d,proven_maximal,maximize_sum_testing_e_values_at_maximum_cardinality,proven_optimal,24911.5772649761,2.059181961309504,12097.80278433188,2,2,11,44;52,44;52,26;39;44;52;63;76;109;125;133;145;178,2,2,11,0,0,0,0.1,0.1,0.55,0.0,0.0,0.0,0,9,1.0282588000409305,7,7,456,36,11,,original_uniform_floor_plus_prior_scores,maximum_cardinality_certified_superset_of_eBH_then_maximum_testing_evalue_sum,200,2,2,exact_dyadic_prefix_or_HiGHS_QUBO_MILP,300.0,1
418,3251d5b7a2d96b2926d4689a9410eb509a0203ab41c82cc8736b69064cfd9f90,proven_maximal,maximize_sum_testing_e_values_at_maximum_cardinality,proven_optimal,0.0,0.0,1803.7729878913208,0,0,0,,,,0,0,0,0,0,0,0.0,0.0,0.0,0.0,0.0,0.0,0,0,1.334781200159341,12,8,782,48,0,,original_uniform_floor_plus_prior_scores,maximum_cardinality_certified_superset_of_eBH_then_maximum_testing_evalue_sum,200,0,0,exact_dyadic_prefix_or_HiGHS_QUBO_MILP,300.0,1
419,5df85090aa9609c546c8e1f9650d58860c05f7ea9fc3e37600ab7b2c3ac79076,proven_maximal,maximize_sum_testing_e_values_at_maximum_cardinality,proven_optimal,8258.901322199863,1.9388486880817,4259.693586698214,2,2,6,47;124,47;124,17;47;57;64;124;137,2,2,6,0,0,0,0.1,0.1,0.3,0.0,0.0,0.0,0,4,1.5136359999887643,14,11,662,44,6,,original_uniform_floor_plus_prior_scores,maximum_cardinality_certified_superset_of_eBH_then_maximum_testing_evalue_sum,200,2,2,exact_dyadic_prefix_or_HiGHS_QUBO_MILP,300.0,1
420,5d1b4f867a610339f807ccf3131069307f94697ca79568a3ac4c73387f9bea4c,proven_maximal,maximize_sum_testing_e_values_at_maximum_cardinality,proven_optimal,91893.31672692316,1.0,91893.31672692316,1,1,1,51,51,51,1,1,1,0,0,0,0.05,0.05,0.05,0.0,0.0,0.0,0,0,1.8755156002007425,19,9,707,44,1,,original_uniform_floor_plus_prior_scores,maximum_cardinality_certified_superset_of_eBH_then_maximum_testing_evalue_sum,200,1,1,exact_dyadic_prefix_or_HiGHS_QUBO_MILP,300.0,1
421,82dfa1c77554bf8662c695a783af8191b85d93ef40b291e015807bdfc9e4984e,proven_maximal,maximize_sum_testing_e_values_at_maximum_cardinality,proven_optimal,53168.78323997522,1.6558149096916834,32110.34212143637,4,4,4,87;118;141;174,87;118;141;174,87;118;141;174,4,4,4,0,0,0,0.2,0.2,0.2,0.0,0.0,0.0,0,0,0.9414150998927652,9,5,512,40,4,,original_uniform_floor_plus_prior_scores,maximum_cardinality_certified_superset_of_eBH_then_maximum_testing_evalue_sum,200,4,4,exact_dyadic_prefix_or_HiGHS_QUBO_MILP,300.0,1
422,ac54a535b737604239308ea3161dee9c5193f5f74377789dfae026b669cd6e85,proven_maximal,maximize_sum_testing_e_values_at_maximum_cardinality,proven_optimal,25117.88196820939,3.274671103131885,7670.352587222188,5,5,9,20;136;152;156;176,20;136;152;156;176,1;20;37;97;120;136;152;156;176,5,5,9,0,0,0,0.25,0.25,0.45,0.0,0.0,0.0,0,4,1.1087394999340177,8,7,595,46,9,,original_uniform_floor_plus_prior_scores,maximum_cardinality_certified_superset_of_eBH_then_maximum_testing_evalue_sum,200,5,5,exact_dyadic_prefix_or_HiGHS_QUBO_MILP,300.0,1
423,47a995e731d9302df7d27b00ff1b07f869a7bcc0afcb893aea9e118a55e5b95c,proven_maximal,maximize_sum_testing_e_values_at_maximum_cardinality,proven_optimal,103218.7258545548,1.2950823212053413,79700.51336851582,9,9,9,5;63;120;151;153;161;170;180;187,5;63;120;151;153;161;170;180;187,5;63;120;151;153;161;170;180;187,9,9,9,0,0,0,0.45,0.45,0.45,0.0,0.0,0.0,0,0,1.1413743998855352,11,5,455,39,9,,original_uniform_floor_plus_prior_scores,maximum_cardinality_certified_superset_of_eBH_then_maximum_testing_evalue_sum,200,9,9,exact_dyadic_prefix_or_HiGHS_QUBO_MILP,300.0,1
424,8a100ba8b5caee4aa9bd34733f21247a04a1634d16c19b3ec05de8aac3ddb899,proven_maximal,maximize_sum_testing_e_values_at_maximum_cardinality,proven_optimal,11716.711017263557,1.5477176118373506,7570.315752467423,1,1,5,179,179,25;106;155;179;197,1,1,5,0,0,0,0.05,0.05,0.25,0.0,0.0,0.0,0,4,1.9060486999806017,16,10,571,46,5,,original_uniform_floor_plus_prior_scores,maximum_cardinality_certified_superset_of_eBH_then_maximum_testing_evalue_sum,200,1,1,exact_dyadic_prefix_or_HiGHS_QUBO_MILP,300.0,1
425,9fea8031d966624940843257d161472ffef1d55ff1f95cef86a79c87bf203359,proven_maximal,maximize_sum_testing_e_values_at_maximum_cardinality,proven_optimal,8912.137520430728,2.053495626515963,4339.983687012468,3,3,3,45;188;194,45;188;194,45;188;194,3,3,3,0,0,0,0.15,0.15,0.15,0.0,0.0,0.0,0,0,1.8587456999812275,18,8,604,39,3,,original_uniform_floor_plus_prior_scores,maximum_cardinality_certified_superset_of_eBH_then_maximum_testing_evalue_sum,200,3,3,exact_dyadic_prefix_or_HiGHS_QUBO_MILP,300.0,1
426,5e4a1a21fa51cec1e0d2e07b38009f0204f13f6bf1a003a7edc1ed9b64dbdde9,proven_maximal,maximize_sum_testing_e_values_at_maximum_cardinality,proven_optimal,0.0,0.0,1872.5116965387365,0,0,0,,,,0,0,0,0,0,0,0.0,0.0,0.0,0.0,0.0,0.0,0,0,1.7199832000769677,15,6,594,38,0,,original_uniform_floor_plus_prior_scores,maximum_cardinality_certified_superset_of_eBH_then_maximum_testing_evalue_sum,200,0,0,exact_dyadic_prefix_or_HiGHS_QUBO_MILP,300.0,1
427,3bb585d136eb4eef9a5dfc602d8af578a31d37037e680d00e54a5e57a1727c24,proven_maximal,maximize_sum_testing_e_values_at_maximum_cardinality,proven_optimal,20777.01660966316,1.2715327743891396,16340.134543244238,2,2,4,25;132,25;132,25;38;123;132,2,2,4,0,0,0,0.1,0.1,0.2,0.0,0.0,0.0,0,2,1.430437200004235,12,7,546,43,4,,original_uniform_floor_plus_prior_scores,maximum_cardinality_certified_superset_of_eBH_then_maximum_testing_evalue_sum,200,2,2,exact_dyadic_prefix_or_HiGHS_QUBO_MILP,300.0,1
428,e4c30537b7a58a7119162da16be2e2c0229fdced8a5c828e03456aea74ba1349,proven_maximal,maximize_sum_testing_e_values_at_maximum_cardinality,proven_optimal,17164.15784163963,1.5950951223849046,10760.585748627116,4,4,4,26;59;117;178,26;59;117;178,26;59;117;178,4,4,4,0,0,0,0.2,0.2,0.2,0.0,0.0,0.0,0,0,1.9728956001345068,18,8,747,42,4,,original_uniform_floor_plus_prior_scores,maximum_cardinality_certified_superset_of_eBH_then_maximum_testing_evalue_sum,200,4,4,exact_dyadic_prefix_or_HiGHS_QUBO_MILP,300.0,1
429,cc934f1526f16f5ddb874efd530840aef7470919c194c45adc72d28906e2f815,proven_maximal,maximize_sum_testing_e_values_at_maximum_cardinality,proven_optimal,23684.93076171581,1.5941231187980358,14857.654645629991,4,4,4,12;19;67;147,12;19;67;147,12;19;67;147,4,4,4,0,0,0,0.2,0.2,0.2,0.0,0.0,0.0,0,0,2.019483699928969,16,6,608,45,4,,original_uniform_floor_plus_prior_scores,maximum_cardinality_certified_superset_of_eBH_then_maximum_testing_evalue_sum,200,4,4,exact_dyadic_prefix_or_HiGHS_QUBO_MILP,300.0,1
430,4e00c124a1b6bcc52e5f68dd9df856c8da699dae496bcc002190d046235230bc,proven_maximal,maximize_sum_testing_e_values_at_maximum_cardinality,proven_optimal,0.0,0.0,2977.992255482389,0,0,0,,,,0,0,0,0,0,0,0.0,0.0,0.0,0.0,0.0,0.0,0,0,1.9836815998423845,17,9,807,33,0,,original_uniform_floor_plus_prior_scores,maximum_cardinality_certified_superset_of_eBH_then_maximum_testing_evalue_sum,200,0,0,exact_dyadic_prefix_or_HiGHS_QUBO_MILP,300.0,1
431,4c654036ad10c3b5a5e981ca718be35411d643b3a4cbe02ebe2c1ca13bbb19b5,proven_maximal,maximize_sum_testing_e_values_at_maximum_cardinality,proven_optimal,16872.173610154492,1.5958735981453471,10572.374672882976,3,3,7,101;132;179,101;132;179,45;60;101;132;157;179;197,3,3,7,0,0,0,0.15,0.15,0.35,0.0,0.0,0.0,0,4,1.315778899937868,11,9,760,47,7,,original_uniform_floor_plus_prior_scores,maximum_cardinality_certified_superset_of_eBH_then_maximum_testing_evalue_sum,200,3,3,exact_dyadic_prefix_or_HiGHS_QUBO_MILP,300.0,1
432,f54c183ca768479c02207f891330a2c313607cff3c1c880cfe8905b130bd9327,proven_maximal,maximize_sum_testing_e_values_at_maximum_cardinality,proven_optimal,88338.08334184642,1.7033847310703665,51860.32358428907,7,7,7,18;33;64;71;97;188;197,18;33;64;71;97;188;197,18;33;64;71;97;188;197,7,7,7,0,0,0,0.35,0.35,0.35,0.0,0.0,0.0,0,0,1.33832100010477,12,5,462,38,7,,original_uniform_floor_plus_prior_scores,maximum_cardinality_certified_superset_of_eBH_then_maximum_testing_evalue_sum,200,7,7,exact_dyadic_prefix_or_HiGHS_QUBO_MILP,300.0,1
433,2a59b75deac2cd12e765dce7d8976aabb87ad1cbfef802a9cdf0db60c2f2ac63,proven_maximal,maximize_sum_testing_e_values_at_maximum_cardinality,proven_optimal,50036.760419268765,1.0736944647715547,46602.42001891559,2,2,4,8;59,8;59,8;19;59;126,2,2,4,0,0,0,0.1,0.1,0.2,0.0,0.0,0.0,0,2,1.7298912999685854,15,8,582,36,4,,original_uniform_floor_plus_prior_scores,maximum_cardinality_certified_superset_of_eBH_then_maximum_testing_evalue_sum,200,2,2,exact_dyadic_prefix_or_HiGHS_QUBO_MILP,300.0,1
434,33d91f8298b3966f3e1abcf2bf9333e45d751554e8c0c76f7e69807cc336b1d6,proven_maximal,maximize_sum_testing_e_values_at_maximum_cardinality,proven_optimal,124285.93840581983,1.5615536467065405,79591.20627584602,7,7,7,8;35;44;117;128;135;199,8;35;44;117;128;135;199,8;35;44;117;128;135;199,7,7,7,0,0,0,0.35,0.35,0.35,0.0,0.0,0.0,0,0,1.5304853001143783,14,6,609,53,7,,original_uniform_floor_plus_prior_scores,maximum_cardinality_certified_superset_of_eBH_then_maximum_testing_evalue_sum,200,7,7,exact_dyadic_prefix_or_HiGHS_QUBO_MILP,300.0,1
435,3ca45e2264f9cc57fc160d8b1832a5096cb192fdec48ef75947d2628aa5bc570,proven_maximal,maximize_sum_testing_e_values_at_maximum_cardinality,proven_optimal,17556.277787176903,1.1111359388054347,15800.296952010562,1,1,2,121,121,121;193,1,1,2,0,0,0,0.05,0.05,0.1,0.0,0.0,0.0,0,1,1.3632385998498648,12,10,689,43,2,,original_uniform_floor_plus_prior_scores,maximum_cardinality_certified_superset_of_eBH_then_maximum_testing_evalue_sum,200,1,1,exact_dyadic_prefix_or_HiGHS_QUBO_MILP,300.0,1
436,8f7352324e21a97afa77c0778c9d37f00317340df63c112631e0cabe43ebec61,proven_maximal,maximize_sum_testing_e_values_at_maximum_cardinality,proven_optimal,108373.3321434164,1.063387280118576,101913.32374347372,5,5,5,13;117;129;140;154,13;117;129;140;154,13;117;129;140;154,5,5,5,0,0,0,0.25,0.25,0.25,0.0,0.0,0.0,0,0,0.7468151999637485,8,6,568,48,5,,original_uniform_floor_plus_prior_scores,maximum_cardinality_certified_superset_of_eBH_then_maximum_testing_evalue_sum,200,5,5,exact_dyadic_prefix_or_HiGHS_QUBO_MILP,300.0,1
437,10b08273f81519ca7378a8e5b06a02ebed998b2450ed3adeae6570e7c73494ba,proven_maximal,maximize_sum_testing_e_values_at_maximum_cardinality,proven_optimal,0.0,0.0,926.4810559945346,0,0,0,,,,0,0,0,0,0,0,0.0,0.0,0.0,0.0,0.0,0.0,0,0,0.3947315001860261,3,3,300,36,0,,original_uniform_floor_plus_prior_scores,maximum_cardinality_certified_superset_of_eBH_then_maximum_testing_evalue_sum,200,0,0,exact_dyadic_prefix_or_HiGHS_QUBO_MILP,300.0,1
438,610e93bc9e2202f5686ffe0ca53addb7397de01ef80f7b517bd98419c3ae0c21,proven_maximal,maximize_sum_testing_e_values_at_maximum_cardinality,proven_optimal,12794.604721379035,2.47973188398436,5159.672625905444,5,5,7,33;53;89;169;182,33;53;89;169;182,33;53;89;92;117;169;182,5,5,7,0,0,0,0.25,0.25,0.35,0.0,0.0,0.0,0,2,1.58475730009377,14,8,603,52,7,,original_uniform_floor_plus_prior_scores,maximum_cardinality_certified_superset_of_eBH_then_maximum_testing_evalue_sum,200,5,5,exact_dyadic_prefix_or_HiGHS_QUBO_MILP,300.0,1
439,cedbb109f4934aba28c0302d4ae8fa802ef845b47330333e87dce549938cc05e,proven_maximal,maximize_sum_testing_e_values_at_maximum_cardinality,proven_optimal,28123.17550871368,1.7307952337633918,16248.701729761207,6,6,7,12;34;120;153;176;186,12;34;120;153;176;186,12;34;117;120;153;176;186,6,6,7,0,0,0,0.3,0.3,0.35,0.0,0.0,0.0,0,1,2.36186040006578,15,12,1013,39,7,,original_uniform_floor_plus_prior_scores,maximum_cardinality_certified_superset_of_eBH_then_maximum_testing_evalue_sum,200,6,6,exact_dyadic_prefix_or_HiGHS_QUBO_MILP,300.0,1
440,be8337fdc012f7cd82d56b21d7866a234d90c201a34bf2ef25c506b06821e1b9,proven_maximal,maximize_sum_testing_e_values_at_maximum_cardinality,proven_optimal,18784.28792358048,1.5114270433259889,12428.180378620516,3,3,8,30;91;104,30;91;104,10;16;19;30;76;91;104;139,3,3,8,0,0,0,0.15,0.15,0.4,0.0,0.0,0.0,0,5,1.528837899910286,11,10,658,44,8,,original_uniform_floor_plus_prior_scores,maximum_cardinality_certified_superset_of_eBH_then_maximum_testing_evalue_sum,200,3,3,exact_dyadic_prefix_or_HiGHS_QUBO_MILP,300.0,1
441,ba906797d2d509cda2beec7295b9fc243c7f835c719d33da84ca4322b3301d93,proven_maximal,maximize_sum_testing_e_values_at_maximum_cardinality,proven_optimal,9210.188975857009,1.4681622785026989,6273.277219225379,1,1,3,92,92,92;120;129,1,1,3,0,0,0,0.05,0.05,0.15,0.0,0.0,0.0,0,2,1.647269600071013,11,5,490,36,3,,original_uniform_floor_plus_prior_scores,maximum_cardinality_certified_superset_of_eBH_then_maximum_testing_evalue_sum,200,1,1,exact_dyadic_prefix_or_HiGHS_QUBO_MILP,300.0,1
442,2f9f927d232f6ffc6d4a9433f3d3c2768b2bfed2a17ecc5b85fd50d74ef1b9e2,proven_maximal,maximize_sum_testing_e_values_at_maximum_cardinality,proven_optimal,39673.534399075696,2.318518475108648,17111.588639472266,6,6,11,5;42;44;69;85;182,5;42;44;69;85;182,5;18;42;44;69;73;85;129;182;193;195,6,6,11,0,0,0,0.3,0.3,0.55,0.0,0.0,0.0,0,5,2.3391164999920875,11,7,505,33,11,,original_uniform_floor_plus_prior_scores,maximum_cardinality_certified_superset_of_eBH_then_maximum_testing_evalue_sum,200,6,6,exact_dyadic_prefix_or_HiGHS_QUBO_MILP,300.0,1
443,454149deaa783b2a373b08631b15cfb56a9b353d219885e384800ff1660e8c05,proven_maximal,maximize_sum_testing_e_values_at_maximum_cardinality,proven_optimal,29492.06290822294,1.8259638987070963,16151.503832636165,4,4,5,41;88;139;174,41;88;139;174,41;88;90;139;174,4,4,5,0,0,0,0.2,0.2,0.25,0.0,0.0,0.0,0,1,1.7414764999412,13,6,558,48,5,,original_uniform_floor_plus_prior_scores,maximum_cardinality_certified_superset_of_eBH_then_maximum_testing_evalue_sum,200,4,4,exact_dyadic_prefix_or_HiGHS_QUBO_MILP,300.0,1
444,722220ba8b88a69d853a282ba7b25d0c6ffb3d99b7d49a86bd350231d189aac8,proven_maximal,maximize_sum_testing_e_values_at_maximum_cardinality,proven_optimal,20738.60914786669,1.5746107096627806,13170.626251048476,4,4,5,7;85;92;164,7;85;92;164,7;57;85;92;164,4,4,5,0,0,0,0.2,0.2,0.25,0.0,0.0,0.0,0,1,1.8606332999188453,15,9,723,40,5,,original_uniform_floor_plus_prior_scores,maximum_cardinality_certified_superset_of_eBH_then_maximum_testing_evalue_sum,200,4,4,exact_dyadic_prefix_or_HiGHS_QUBO_MILP,300.0,1
445,a37641084cd1d1f24a1eea6d05104997cf26d4c76f7df3348c2ff6f27e4da0cf,proven_maximal,maximize_sum_testing_e_values_at_maximum_cardinality,proven_optimal,24345.38627700257,2.549897512995805,9547.594031887123,5,5,5,65;68;72;140;147,65;68;72;140;147,65;68;72;140;147,5,5,5,0,0,0,0.25,0.25,0.25,0.0,0.0,0.0,0,0,1.9787461999803784,13,9,848,29,5,,original_uniform_floor_plus_prior_scores,maximum_cardinality_certified_superset_of_eBH_then_maximum_testing_evalue_sum,200,5,5,exact_dyadic_prefix_or_HiGHS_QUBO_MILP,300.0,1
446,b74c658473cad24ec2f244ac06b8b83f2ed2403dd7f5da1385be69b735bbb297,proven_maximal,maximize_sum_testing_e_values_at_maximum_cardinality,proven_optimal,30544.74127416819,2.437585059105691,12530.738634152338,4,4,4,89;97;103;171,89;97;103;171,89;97;103;171,4,4,4,0,0,0,0.2,0.2,0.2,0.0,0.0,0.0,0,0,1.375686600105837,12,6,585,44,4,,original_uniform_floor_plus_prior_scores,maximum_cardinality_certified_superset_of_eBH_then_maximum_testing_evalue_sum,200,4,4,exact_dyadic_prefix_or_HiGHS_QUBO_MILP,300.0,1
447,46e4ed9863b50f5b031ef2932b77d607de7e8681d4af69b994005e417e2d46cc,proven_maximal,maximize_sum_testing_e_values_at_maximum_cardinality,proven_optimal,21861.14662084633,3.1590146583120133,6920.242222784624,5,5,5,1;121;123;142;192,1;121;123;142;192,1;121;123;142;192,5,5,5,0,0,0,0.25,0.25,0.25,0.0,0.0,0.0,0,0,1.0700769000686703,10,5,479,30,5,,original_uniform_floor_plus_prior_scores,maximum_cardinality_certified_superset_of_eBH_then_maximum_testing_evalue_sum,200,5,5,exact_dyadic_prefix_or_HiGHS_QUBO_MILP,300.0,1
448,cba62f66038b90dc9985f3fc5d8252c52ff6bc5196ff7c57b8be569dae5f6d21,proven_maximal,maximize_sum_testing_e_values_at_maximum_cardinality,proven_optimal,10986.843698665709,1.354320516390585,8112.439829197057,1,1,4,33,33,33;44;62;114,1,1,4,0,0,0,0.05,0.05,0.2,0.0,0.0,0.0,0,3,1.9995369999669488,16,9,769,40,4,,original_uniform_floor_plus_prior_scores,maximum_cardinality_certified_superset_of_eBH_then_maximum_testing_evalue_sum,200,1,1,exact_dyadic_prefix_or_HiGHS_QUBO_MILP,300.0,1
449,1ffc6d1f563b1b0af1b6a4db98cd652dabc8572cb95998de405463d1a0efc91c,proven_maximal,maximize_sum_testing_e_values_at_maximum_cardinality,proven_optimal,7659.47413826917,1.8207014401115,4206.880913874657,3,3,3,57;80;102,57;80;102,57;80;102,3,3,3,0,0,0,0.15,0.15,0.15,0.0,0.0,0.0,0,0,2.051244799979031,17,7,649,47,3,,original_uniform_floor_plus_prior_scores,maximum_cardinality_certified_superset_of_eBH_then_maximum_testing_evalue_sum,200,3,3,exact_dyadic_prefix_or_HiGHS_QUBO_MILP,300.0,1
450,1cb880c213a29d85efeb845f0ef56ae117e806be3d0dee81d258d677549e1ca5,proven_maximal,maximize_sum_testing_e_values_at_maximum_cardinality,proven_optimal,105854.24949766416,1.2165717965919938,87010.27739932467,4,4,6,51;98;137;147,51;98;137;147,51;91;98;137;146;147,4,4,6,0,0,0,0.2,0.2,0.3,0.0,0.0,0.0,0,2,1.9403778000269083,14,6,501,30,6,,original_uniform_floor_plus_prior_scores,maximum_cardinality_certified_superset_of_eBH_then_maximum_testing_evalue_sum,200,4,4,exact_dyadic_prefix_or_HiGHS_QUBO_MILP,300.0,1
451,f2a891e7de02cba12e78263728ee9299dde3083e07e7169173678131b261ffc0,proven_maximal,maximize_sum_testing_e_values_at_maximum_cardinality,proven_optimal,5814.722971608602,1.304999857491948,4455.726901598133,1,1,4,121,121,17;121;163;180,1,1,4,0,0,0,0.05,0.05,0.2,0.0,0.0,0.0,0,3,5.857096600113437,41,34,1253,42,4,,original_uniform_floor_plus_prior_scores,maximum_cardinality_certified_superset_of_eBH_then_maximum_testing_evalue_sum,200,1,1,exact_dyadic_prefix_or_HiGHS_QUBO_MILP,300.0,1
452,e2c298a2ff41f8c18f70f3b759925ceff13f5cef5a7e08ee1ea5522137c452b9,proven_maximal,maximize_sum_testing_e_values_at_maximum_cardinality,proven_optimal,37295.884338470656,1.9825377185638848,18812.19408298932,12,12,12,9;13;19;40;70;79;102;104;115;128;181;189,9;13;19;40;70;79;102;104;115;128;181;189,9;13;19;40;70;79;102;104;115;128;181;189,12,12,12,0,0,0,0.6,0.6,0.6,0.0,0.0,0.0,0,0,1.791182099841535,14,6,629,45,12,,original_uniform_floor_plus_prior_scores,maximum_cardinality_certified_superset_of_eBH_then_maximum_testing_evalue_sum,200,12,12,exact_dyadic_prefix_or_HiGHS_QUBO_MILP,300.0,1
453,f68ae0e8b19f4459bc162c430ebf30693d01b28efa28dc7a54760b4b184a45bc,proven_maximal,maximize_sum_testing_e_values_at_maximum_cardinality,proven_optimal,15506.951356524827,2.5759194867771305,6019.967408191938,5,5,5,12;24;60;154;175,12;24;60;154;175,12;24;60;154;175,5,5,5,0,0,0,0.25,0.25,0.25,0.0,0.0,0.0,0,0,2.215624399948865,14,10,806,41,5,,original_uniform_floor_plus_prior_scores,maximum_cardinality_certified_superset_of_eBH_then_maximum_testing_evalue_sum,200,5,5,exact_dyadic_prefix_or_HiGHS_QUBO_MILP,300.0,1
454,d52cfbe17ab1118335f6436b956efcc1e01b7f4ab4490bf9d28297165b128a47,proven_maximal,maximize_sum_testing_e_values_at_maximum_cardinality,proven_optimal,9010.914518633108,1.701982400542314,5294.364099042329,4,4,4,28;33;54;72,28;33;54;72,28;33;54;72,4,4,4,0,0,0,0.2,0.2,0.2,0.0,0.0,0.0,0,0,2.1094613999594003,15,7,670,40,4,,original_uniform_floor_plus_prior_scores,maximum_cardinality_certified_superset_of_eBH_then_maximum_testing_evalue_sum,200,4,4,exact_dyadic_prefix_or_HiGHS_QUBO_MILP,300.0,1
455,ad0f72d8285a3a248f800801c54dd3adfcad9df5769f53420ad8078f71cc4d12,proven_maximal,maximize_sum_testing_e_values_at_maximum_cardinality,proven_optimal,4300.199439728762,1.0,4300.199439728762,1,1,1,7,7,7,1,1,1,0,0,0,0.05,0.05,0.05,0.0,0.0,0.0,0,0,2.428097700001672,18,8,818,46,1,,original_uniform_floor_plus_prior_scores,maximum_cardinality_certified_superset_of_eBH_then_maximum_testing_evalue_sum,200,1,1,exact_dyadic_prefix_or_HiGHS_QUBO_MILP,300.0,1
456,8c29cb4d130cce58a1428f1770b2ce2440422dddb30e4c116b175918a4e86992,proven_maximal,maximize_sum_testing_e_values_at_maximum_cardinality,proven_optimal,128300.67671773036,1.3527326444934926,94845.5537315508,6,6,9,3;35;66;89;101;181,3;35;66;89;101;181,3;25;35;61;66;89;101;162;181,5,5,8,1,1,1,0.25,0.25,0.4,0.1666666666666666,0.1666666666666666,0.1111111111111111,0,3,2.1353634998667985,15,8,680,36,9,,original_uniform_floor_plus_prior_scores,maximum_cardinality_certified_superset_of_eBH_then_maximum_testing_evalue_sum,200,6,6,exact_dyadic_prefix_or_HiGHS_QUBO_MILP,300.0,1
457,05b6431eeab5c9fcc57f78de31524276249108e5ca6bcacef3a96b81e477301f,proven_maximal,maximize_sum_testing_e_values_at_maximum_cardinality,proven_optimal,26860.057788997896,1.615445927823876,16627.0237377616,2,2,10,27;139,27;139,3;18;27;61;80;81;103;106;115;139,2,2,10,0,0,0,0.1,0.1,0.5,0.0,0.0,0.0,0,8,1.3123198000248522,7,7,628,43,10,,original_uniform_floor_plus_prior_scores,maximum_cardinality_certified_superset_of_eBH_then_maximum_testing_evalue_sum,200,2,2,exact_dyadic_prefix_or_HiGHS_QUBO_MILP,300.0,1
458,1d91afe762611757e951758adc25208539054f82e35566ae1f2aeaf989bec68d,proven_maximal,maximize_sum_testing_e_values_at_maximum_cardinality,proven_optimal,0.0,0.0,542.2054389135834,0,0,0,,,,0,0,0,0,0,0,0.0,0.0,0.0,0.0,0.0,0.0,0,0,0.4628881998360157,3,3,300,30,0,,original_uniform_floor_plus_prior_scores,maximum_cardinality_certified_superset_of_eBH_then_maximum_testing_evalue_sum,200,0,0,exact_dyadic_prefix_or_HiGHS_QUBO_MILP,300.0,1
459,e17ee02cdd7b6c53cf0c96fc1f9feb4d0a59022e4fee2fed50b9f0a8881a54c7,proven_maximal,maximize_sum_testing_e_values_at_maximum_cardinality,proven_optimal,21221.090231213835,1.167499748161573,18176.52660279375,1,1,3,199,199,95;142;199,1,1,3,0,0,0,0.05,0.05,0.15,0.0,0.0,0.0,0,2,1.1004792000167072,10,9,604,44,3,,original_uniform_floor_plus_prior_scores,maximum_cardinality_certified_superset_of_eBH_then_maximum_testing_evalue_sum,200,1,1,exact_dyadic_prefix_or_HiGHS_QUBO_MILP,300.0,1
460,a956c8c84a51b9e3f9d25f3a8305e77377d8cc90c1a3129a67d56a1889353522,proven_maximal,maximize_sum_testing_e_values_at_maximum_cardinality,proven_optimal,41384.78292642902,1.8022422947172847,22962.940692123186,2,2,2,103;177,103;177,103;177,2,2,2,0,0,0,0.1,0.1,0.1,0.0,0.0,0.0,0,0,0.911391400033608,7,6,469,24,2,,original_uniform_floor_plus_prior_scores,maximum_cardinality_certified_superset_of_eBH_then_maximum_testing_evalue_sum,200,2,2,exact_dyadic_prefix_or_HiGHS_QUBO_MILP,300.0,1
461,da6413d33dc5adf764e0ffb656984044aee9014595390f3c0a5ed3898b74fa87,proven_maximal,maximize_sum_testing_e_values_at_maximum_cardinality,proven_optimal,15632.889523517804,2.644773170937418,5910.862109198142,3,3,7,8;67;103,8;67;103,8;67;93;103;116;152;172,3,3,7,0,0,0,0.15,0.15,0.35,0.0,0.0,0.0,0,4,1.6660088000353426,13,11,856,42,7,,original_uniform_floor_plus_prior_scores,maximum_cardinality_certified_superset_of_eBH_then_maximum_testing_evalue_sum,200,3,3,exact_dyadic_prefix_or_HiGHS_QUBO_MILP,300.0,1
462,1a0d25b3aa232f48b73cbfbb1fc01ad7912036137d6d40240172f2285bdd1357,proven_maximal,maximize_sum_testing_e_values_at_maximum_cardinality,proven_optimal,14213.392681300847,1.1807626552911237,12037.468002234924,1,1,3,101,101,96;101;163,1,1,3,0,0,0,0.05,0.05,0.15,0.0,0.0,0.0,0,2,1.2052990000229329,11,9,524,31,3,,original_uniform_floor_plus_prior_scores,maximum_cardinality_certified_superset_of_eBH_then_maximum_testing_evalue_sum,200,1,1,exact_dyadic_prefix_or_HiGHS_QUBO_MILP,300.0,1
463,fe63eb2aa98812a8f25b2d1983baf227c435df5412fc6543ce1ee008afb71b87,proven_maximal,maximize_sum_testing_e_values_at_maximum_cardinality,proven_optimal,230729.0255773797,1.0976219597018424,210208.09900710703,5,5,6,2;52;130;184;189,2;52;130;184;189,2;52;130;150;184;189,5,5,6,0,0,0,0.25,0.25,0.3,0.0,0.0,0.0,0,1,2.528912399895489,19,11,936,38,6,,original_uniform_floor_plus_prior_scores,maximum_cardinality_certified_superset_of_eBH_then_maximum_testing_evalue_sum,200,5,5,exact_dyadic_prefix_or_HiGHS_QUBO_MILP,300.0,1
464,d66ca62c9684805de329c0cf70a9ce502266343f35cc407c489f47af40b07c11,proven_maximal,maximize_sum_testing_e_values_at_maximum_cardinality,proven_optimal,34864.87902855481,1.3435179351509057,25950.43811204407,3,3,3,92;175;199,92;175;199,92;175;199,3,3,3,0,0,0,0.15,0.15,0.15,0.0,0.0,0.0,0,0,1.2629949999973178,10,8,739,36,3,,original_uniform_floor_plus_prior_scores,maximum_cardinality_certified_superset_of_eBH_then_maximum_testing_evalue_sum,200,3,3,exact_dyadic_prefix_or_HiGHS_QUBO_MILP,300.0,1
465,f236f782f014574db8af0707c24c09d8cf1457913e9b3ec73abc44b7c5e46b9d,proven_maximal,maximize_sum_testing_e_values_at_maximum_cardinality,proven_optimal,43207.328965248176,1.1542465608618664,37433.36166666645,2,2,2,131;193,131;193,131;193,2,2,2,0,0,0,0.1,0.1,0.1,0.0,0.0,0.0,0,0,1.6123075000941751,15,8,699,48,2,,original_uniform_floor_plus_prior_scores,maximum_cardinality_certified_superset_of_eBH_then_maximum_testing_evalue_sum,200,2,2,exact_dyadic_prefix_or_HiGHS_QUBO_MILP,300.0,1
466,34f4f5fd9bfd598211aba294c2e7d11c15322005e2dd46589a63ed4af843cff9,proven_maximal,maximize_sum_testing_e_values_at_maximum_cardinality,proven_optimal,7066.935066448239,2.2627966375521105,3123.0977407201904,0,0,7,,,35;41;59;133;135;148;182,0,0,7,0,0,0,0.0,0.0,0.35,0.0,0.0,0.0,0,7,1.2281860001385212,11,11,713,37,7,,original_uniform_floor_plus_prior_scores,maximum_cardinality_certified_superset_of_eBH_then_maximum_testing_evalue_sum,200,0,0,exact_dyadic_prefix_or_HiGHS_QUBO_MILP,300.0,1
467,9115d92cee1c3640d2996e7b86029ed5ebc2b7512800bf90696c74e7fa764c6d,proven_maximal,maximize_sum_testing_e_values_at_maximum_cardinality,proven_optimal,117389.1946384804,1.0265304995590128,114355.29162446671,1,1,5,158,158,53;69;73;158;197,1,1,5,0,0,0,0.05,0.05,0.25,0.0,0.0,0.0,0,4,1.6218837001360953,14,12,762,50,5,,original_uniform_floor_plus_prior_scores,maximum_cardinality_certified_superset_of_eBH_then_maximum_testing_evalue_sum,200,1,1,exact_dyadic_prefix_or_HiGHS_QUBO_MILP,300.0,1
468,ddecebee7b8d3cc6136200fadbfd75742911f9a47302042f1caab349d9df14dd,proven_maximal,maximize_sum_testing_e_values_at_maximum_cardinality,proven_optimal,18124.440862739444,1.0,18124.440862739444,1,1,1,100,100,100,1,1,1,0,0,0,0.05,0.05,0.05,0.0,0.0,0.0,0,0,1.7940519000403583,17,7,627,30,1,,original_uniform_floor_plus_prior_scores,maximum_cardinality_certified_superset_of_eBH_then_maximum_testing_evalue_sum,200,1,1,exact_dyadic_prefix_or_HiGHS_QUBO_MILP,300.0,1
469,fad04bd2db0d797cabb4105078f1e690b820ae22d872dbccd7a5ab853f8d696e,proven_maximal,maximize_sum_testing_e_values_at_maximum_cardinality,proven_optimal,0.0,0.0,982.752890681484,0,0,0,,,,0,0,0,0,0,0,0.0,0.0,0.0,0.0,0.0,0.0,0,0,0.4059699000790715,3,3,300,43,0,,original_uniform_floor_plus_prior_scores,maximum_cardinality_certified_superset_of_eBH_then_maximum_testing_evalue_sum,200,0,0,exact_dyadic_prefix_or_HiGHS_QUBO_MILP,300.0,1
470,c6f9d7b5f4e929f9b6030e640eb19719e2c4f001e396114110f99a06c5c833d0,proven_maximal,maximize_sum_testing_e_values_at_maximum_cardinality,proven_optimal,41596.2214993032,2.2553388396904794,18443.44661976017,6,6,10,7;21;102;146;151;153,7;21;102;146;151;153,7;21;102;117;141;146;151;153;184;186,6,6,9,0,0,1,0.3,0.3,0.45,0.0,0.0,0.1,0,4,2.0248807000461966,12,10,867,43,10,,original_uniform_floor_plus_prior_scores,maximum_cardinality_certified_superset_of_eBH_then_maximum_testing_evalue_sum,200,6,6,exact_dyadic_prefix_or_HiGHS_QUBO_MILP,300.0,1
471,a6b50ae4b7c47cd870d22e20e1637df918d00e6a06c359f8ae186fdc744824e9,proven_maximal,maximize_sum_testing_e_values_at_maximum_cardinality,proven_optimal,3240.078691109223,1.0,3240.078691109223,0,0,1,,,181,0,0,1,0,0,0,0.0,0.0,0.05,0.0,0.0,0.0,0,1,1.6458841999992728,15,7,453,42,1,,original_uniform_floor_plus_prior_scores,maximum_cardinality_certified_superset_of_eBH_then_maximum_testing_evalue_sum,200,0,0,exact_dyadic_prefix_or_HiGHS_QUBO_MILP,300.0,1
472,d44a47bd7b4582f37a6da6a0666308611aa658270ede027424a16528de08e37e,proven_maximal,maximize_sum_testing_e_values_at_maximum_cardinality,proven_optimal,20222.77142164624,2.60457155268538,7764.337056049025,4,4,9,48;59;85;173,48;59;85;173,12;15;24;48;59;67;85;130;173,4,4,9,0,0,0,0.2,0.2,0.45,0.0,0.0,0.0,0,5,1.9151976997964084,15,13,749,31,9,,original_uniform_floor_plus_prior_scores,maximum_cardinality_certified_superset_of_eBH_then_maximum_testing_evalue_sum,200,4,4,exact_dyadic_prefix_or_HiGHS_QUBO_MILP,300.0,1
473,e3e4334492d331a25a6066e9cf1f6c6892b4dd7ee4d9aa2a275fe958ddbc039e,proven_maximal,maximize_sum_testing_e_values_at_maximum_cardinality,proven_optimal,215387.81605446013,1.0286430308202783,209390.24481865377,6,6,7,21;24;32;53;171;176,21;24;32;53;171;176,21;24;32;47;53;171;176,6,6,7,0,0,0,0.3,0.3,0.35,0.0,0.0,0.0,0,1,1.7919884999282658,15,9,686,38,7,,original_uniform_floor_plus_prior_scores,maximum_cardinality_certified_superset_of_eBH_then_maximum_testing_evalue_sum,200,6,6,exact_dyadic_prefix_or_HiGHS_QUBO_MILP,300.0,1
474,dbe5adc97541d1152d2ed0f172e07e3ee8c4754663b459289a465bd59bab4da2,proven_maximal,maximize_sum_testing_e_values_at_maximum_cardinality,proven_optimal,58956.71044938736,1.8665984720821776,31585.10591922941,3,3,4,25;152;195,25;152;195,25;148;152;195,3,3,4,0,0,0,0.15,0.15,0.2,0.0,0.0,0.0,0,1,1.817489200038836,15,7,601,43,4,,original_uniform_floor_plus_prior_scores,maximum_cardinality_certified_superset_of_eBH_then_maximum_testing_evalue_sum,200,3,3,exact_dyadic_prefix_or_HiGHS_QUBO_MILP,300.0,1
475,c0b9c70132b4212a9d53bb6fe1a81b556276dead9ff65a31b3439b3ef9089369,proven_maximal,maximize_sum_testing_e_values_at_maximum_cardinality,proven_optimal,9130.72891844565,3.2831270143714626,2781.1074254748805,3,3,8,65;84;121,65;84;121,61;65;84;94;108;116;121;158,3,3,8,0,0,0,0.15,0.15,0.4,0.0,0.0,0.0,0,5,1.220382200088352,9,7,591,40,8,,original_uniform_floor_plus_prior_scores,maximum_cardinality_certified_superset_of_eBH_then_maximum_testing_evalue_sum,200,3,3,exact_dyadic_prefix_or_HiGHS_QUBO_MILP,300.0,1
476,8ec7721cf3d69ea9cd076cc33e2a1cbb6fbae4cdd0ed80104cab4695f3f981d3,proven_maximal,maximize_sum_testing_e_values_at_maximum_cardinality,proven_optimal,7946.254051337741,1.6053545255821955,4949.843741497513,3,3,3,10;73;135,10;73;135,10;73;135,3,3,3,0,0,0,0.15,0.15,0.15,0.0,0.0,0.0,0,0,1.7957673000637442,13,8,621,40,3,,original_uniform_floor_plus_prior_scores,maximum_cardinality_certified_superset_of_eBH_then_maximum_testing_evalue_sum,200,3,3,exact_dyadic_prefix_or_HiGHS_QUBO_MILP,300.0,1
477,0fd1ef11012f2723db3461b1a7ea8135958cf6c60b63ad0b892f07f1aef22088,proven_maximal,maximize_sum_testing_e_values_at_maximum_cardinality,proven_optimal,28497.228332359533,1.8534418392266645,15375.30216985379,4,4,4,25;38;75;77,25;38;75;77,25;38;75;77,4,4,4,0,0,0,0.2,0.2,0.2,0.0,0.0,0.0,0,0,3.138091400032863,22,12,1037,55,4,,original_uniform_floor_plus_prior_scores,maximum_cardinality_certified_superset_of_eBH_then_maximum_testing_evalue_sum,200,4,4,exact_dyadic_prefix_or_HiGHS_QUBO_MILP,300.0,1
478,a111371d98e1d49c43b9a61745c5d52b649af042c85eed67926b8e097541f069,proven_maximal,maximize_sum_testing_e_values_at_maximum_cardinality,proven_optimal,34064.33757406141,1.7187717593246588,19819.00004422111,6,6,6,44;75;91;95;130;139,44;75;91;95;130;139,44;75;91;95;130;139,6,6,6,0,0,0,0.3,0.3,0.3,0.0,0.0,0.0,0,0,1.5841602000873536,13,7,619,35,6,,original_uniform_floor_plus_prior_scores,maximum_cardinality_certified_superset_of_eBH_then_maximum_testing_evalue_sum,200,6,6,exact_dyadic_prefix_or_HiGHS_QUBO_MILP,300.0,1
479,0f6439c9604229b232c126ae6fa80bc1568af564d2d935a3b102a17231173e98,proven_maximal,maximize_sum_testing_e_values_at_maximum_cardinality,proven_optimal,49041.62976603479,2.465707882800009,19889.47275876982,11,11,13,2;39;41;71;92;109;136;147;152;170;172,2;39;41;71;92;109;136;147;152;170;172,2;39;41;71;74;92;95;109;136;147;152;170;172,11,11,13,0,0,0,0.55,0.55,0.65,0.0,0.0,0.0,0,2,6.048058399930596,16,8,701,40,13,,original_uniform_floor_plus_prior_scores,maximum_cardinality_certified_superset_of_eBH_then_maximum_testing_evalue_sum,200,11,11,exact_dyadic_prefix_or_HiGHS_QUBO_MILP,300.0,1
480,be1888688c869f8dde52e88d6cadaf4e5a215a37b288c2a213c582194228bf22,proven_maximal,maximize_sum_testing_e_values_at_maximum_cardinality,proven_optimal,59179.88094787823,1.243018572033831,47609.81233856218,4,4,6,88;137;175;183,88;137;175;183,20;58;88;137;175;183,4,4,6,0,0,0,0.2,0.2,0.3,0.0,0.0,0.0,0,2,1.423648500116542,11,10,668,51,6,,original_uniform_floor_plus_prior_scores,maximum_cardinality_certified_superset_of_eBH_then_maximum_testing_evalue_sum,200,4,4,exact_dyadic_prefix_or_HiGHS_QUBO_MILP,300.0,1
481,38bf93f15ae6973c273267cde26cea3eadaa3ec9906675b18fa2b047fa6bdf5d,proven_maximal,maximize_sum_testing_e_values_at_maximum_cardinality,proven_optimal,57780.613054070986,1.255798273944249,46011.06264670352,9,9,9,10;21;27;102;124;132;140;158;174,10;21;27;102;124;132;140;158;174,10;21;27;102;124;132;140;158;174,9,9,9,0,0,0,0.45,0.45,0.45,0.0,0.0,0.0,0,0,2.167684000218287,16,7,707,37,9,,original_uniform_floor_plus_prior_scores,maximum_cardinality_certified_superset_of_eBH_then_maximum_testing_evalue_sum,200,9,9,exact_dyadic_prefix_or_HiGHS_QUBO_MILP,300.0,1
482,f8e65e37bc75c1768798d37b9463f29f287ecadf475de265a8476e3e27e63496,proven_maximal,maximize_sum_testing_e_values_at_maximum_cardinality,proven_optimal,3931.4478177934056,1.0,3931.4478177934056,0,0,1,,,100,0,0,1,0,0,0,0.0,0.0,0.05,0.0,0.0,0.0,0,1,1.407752700150013,12,9,665,51,1,,original_uniform_floor_plus_prior_scores,maximum_cardinality_certified_superset_of_eBH_then_maximum_testing_evalue_sum,200,0,0,exact_dyadic_prefix_or_HiGHS_QUBO_MILP,300.0,1
483,8087602f8c3e06a4833da704ceab7e7ada8489828691c9e28243fdc326bacaef,proven_maximal,maximize_sum_testing_e_values_at_maximum_cardinality,proven_optimal,216814.4711081773,1.0268274259135994,211149.86378092784,2,2,6,20;124,20;124,20;45;89;98;124;171,2,2,6,0,0,0,0.1,0.1,0.3,0.0,0.0,0.0,0,4,1.2769936001859603,10,7,468,36,6,,original_uniform_floor_plus_prior_scores,maximum_cardinality_certified_superset_of_eBH_then_maximum_testing_evalue_sum,200,2,2,exact_dyadic_prefix_or_HiGHS_QUBO_MILP,300.0,1
484,3f54955079665f726f611f63aa6b2bec03f02b2ccae8420169ac299e1e4122ad,proven_maximal,maximize_sum_testing_e_values_at_maximum_cardinality,proven_optimal,17544.89345352311,1.1659730469540135,15047.426267148596,2,2,3,80;90,80;90,0;80;90,2,2,3,0,0,0,0.1,0.1,0.15,0.0,0.0,0.0,0,1,1.9623435998801144,16,8,639,37,3,,original_uniform_floor_plus_prior_scores,maximum_cardinality_certified_superset_of_eBH_then_maximum_testing_evalue_sum,200,2,2,exact_dyadic_prefix_or_HiGHS_QUBO_MILP,300.0,1
485,ac86f111baa94634ab45b73baa59b01581d3ecdfc4a91892760d621c50633d4a,proven_maximal,maximize_sum_testing_e_values_at_maximum_cardinality,proven_optimal,6834.391475212695,2.8841249111061127,2369.658626398253,4,4,4,7;57;150;172,7;57;150;172,7;57;150;172,4,4,4,0,0,0,0.2,0.2,0.2,0.0,0.0,0.0,0,0,1.7731588000897318,16,8,634,46,4,,original_uniform_floor_plus_prior_scores,maximum_cardinality_certified_superset_of_eBH_then_maximum_testing_evalue_sum,200,4,4,exact_dyadic_prefix_or_HiGHS_QUBO_MILP,300.0,1
486,7f88464cbfcab7f7191934877a0431f86f01eb2614fc41bec01c670e99e01c9e,proven_maximal,maximize_sum_testing_e_values_at_maximum_cardinality,proven_optimal,489603.6019878895,1.1596177208127931,422211.21081585326,4,4,4,9;15;124;170,9;15;124;170,9;15;124;170,4,4,4,0,0,0,0.2,0.2,0.2,0.0,0.0,0.0,0,0,1.2025234999600798,11,6,627,38,4,,original_uniform_floor_plus_prior_scores,maximum_cardinality_certified_superset_of_eBH_then_maximum_testing_evalue_sum,200,4,4,exact_dyadic_prefix_or_HiGHS_QUBO_MILP,300.0,1
487,eedd4538b261a4de0542feb830b6997a9f4221b9dccaee1c312c50c63ae484cf,proven_maximal,maximize_sum_testing_e_values_at_maximum_cardinality,proven_optimal,72593.98340289506,1.5308184847628636,47421.67939926624,3,3,4,116;163;183,116;163;183,20;116;163;183,3,3,4,0,0,0,0.15,0.15,0.2,0.0,0.0,0.0,0,1,1.3741815998218954,11,7,583,41,4,,original_uniform_floor_plus_prior_scores,maximum_cardinality_certified_superset_of_eBH_then_maximum_testing_evalue_sum,200,3,3,exact_dyadic_prefix_or_HiGHS_QUBO_MILP,300.0,1
488,7376524fec537bcdb2c20dde590bfbd11c2b8d8a9c1bb5f699b95e3326fb9110,proven_maximal,maximize_sum_testing_e_values_at_maximum_cardinality,proven_optimal,0.0,0.0,3048.465034588593,0,0,0,,,,0,0,0,0,0,0,0.0,0.0,0.0,0.0,0.0,0.0,0,0,0.9566498000640422,9,8,651,46,0,,original_uniform_floor_plus_prior_scores,maximum_cardinality_certified_superset_of_eBH_then_maximum_testing_evalue_sum,200,0,0,exact_dyadic_prefix_or_HiGHS_QUBO_MILP,300.0,1
489,ef5488f152bdc58562971be2a4b38b4ffc68d484d52ec88d7603fee568e1816b,proven_maximal,maximize_sum_testing_e_values_at_maximum_cardinality,proven_optimal,10691.564408326882,2.874369604376453,3719.620605522733,4,4,5,5;13;126;140,5;13;126;140,5;13;47;126;140,4,4,5,0,0,0,0.2,0.2,0.25,0.0,0.0,0.0,0,1,2.0874446001835167,15,8,625,40,5,,original_uniform_floor_plus_prior_scores,maximum_cardinality_certified_superset_of_eBH_then_maximum_testing_evalue_sum,200,4,4,exact_dyadic_prefix_or_HiGHS_QUBO_MILP,300.0,1
490,b2f2335248ae7ffd5abcdc738dbdcb9fc45fa7690913ebc665a109db36bed2ac,proven_maximal,maximize_sum_testing_e_values_at_maximum_cardinality,proven_optimal,11134.054919859616,1.4740419963119502,7553.417709751145,2,2,2,63;167,63;167,63;167,2,2,2,0,0,0,0.1,0.1,0.1,0.0,0.0,0.0,0,0,1.669264799915254,14,5,489,36,2,,original_uniform_floor_plus_prior_scores,maximum_cardinality_certified_superset_of_eBH_then_maximum_testing_evalue_sum,200,2,2,exact_dyadic_prefix_or_HiGHS_QUBO_MILP,300.0,1
491,9c37dff2aad5f32e5b010c07ed9170ea0be959f0e60570944ff8813a46a18bcd,proven_maximal,maximize_sum_testing_e_values_at_maximum_cardinality,proven_optimal,55609.07911092662,1.118490347394672,49717.97855963465,4,4,4,51;136;139;155,51;136;139;155,51;136;139;155,4,4,4,0,0,0,0.2,0.2,0.2,0.0,0.0,0.0,0,0,1.6684334999881685,14,8,629,35,4,,original_uniform_floor_plus_prior_scores,maximum_cardinality_certified_superset_of_eBH_then_maximum_testing_evalue_sum,200,4,4,exact_dyadic_prefix_or_HiGHS_QUBO_MILP,300.0,1
492,9dce50c717aac215fddf50fe6bd82d55bebbbf3c4d0c417423e25a5c6160e912,proven_maximal,maximize_sum_testing_e_values_at_maximum_cardinality,proven_optimal,23381.149173078204,1.5860662192653598,14741.597096688669,8,8,8,14;33;71;72;95;121;144;180,14;33;71;72;95;121;144;180,14;33;71;72;95;121;144;180,8,8,8,0,0,0,0.4,0.4,0.4,0.0,0.0,0.0,0,0,1.2322287000715733,11,6,605,43,8,,original_uniform_floor_plus_prior_scores,maximum_cardinality_certified_superset_of_eBH_then_maximum_testing_evalue_sum,200,8,8,exact_dyadic_prefix_or_HiGHS_QUBO_MILP,300.0,1
493,9d9c6bbbb974369f572aaa631c492aa97f7d2fc5c47a4413daead15a96c9fc98,proven_maximal,maximize_sum_testing_e_values_at_maximum_cardinality,proven_optimal,67981.30636469283,1.421643750693122,47818.80575323358,10,10,12,102;108;115;128;135;146;151;158;166;173,102;108;115;128;135;146;151;158;166;173,34;42;102;108;115;128;135;146;151;158;166;173,10,10,12,0,0,0,0.5,0.5,0.6,0.0,0.0,0.0,0,2,2.582062300061807,12,6,490,26,12,,original_uniform_floor_plus_prior_scores,maximum_cardinality_certified_superset_of_eBH_then_maximum_testing_evalue_sum,200,10,10,exact_dyadic_prefix_or_HiGHS_QUBO_MILP,300.0,1
494,5d6904d313c2b7e65c95c25322a1ab4903cf5cde8684697e3d8e5c02fa3af868,proven_maximal,maximize_sum_testing_e_values_at_maximum_cardinality,proven_optimal,16067.03052267239,1.273424304644646,12617.185382806054,3,3,3,9;16;98,9;16;98,9;16;98,3,3,3,0,0,0,0.15,0.15,0.15,0.0,0.0,0.0,0,0,2.158486899919808,18,8,715,40,3,,original_uniform_floor_plus_prior_scores,maximum_cardinality_certified_superset_of_eBH_then_maximum_testing_evalue_sum,200,3,3,exact_dyadic_prefix_or_HiGHS_QUBO_MILP,300.0,1
495,ead7640b25a92d6b567e56dfe854753c0c774385d7ae5ad05311ca501b44821f,proven_maximal,maximize_sum_testing_e_values_at_maximum_cardinality,proven_optimal,20241.17838921032,2.2634450198803315,8942.6419512856,5,5,5,27;58;70;174;183,27;58;70;174;183,27;58;70;174;183,5,5,5,0,0,0,0.25,0.25,0.25,0.0,0.0,0.0,0,0,2.055996799841523,16,8,608,43,5,,original_uniform_floor_plus_prior_scores,maximum_cardinality_certified_superset_of_eBH_then_maximum_testing_evalue_sum,200,5,5,exact_dyadic_prefix_or_HiGHS_QUBO_MILP,300.0,1
496,0cadc6560c72c9f3e7dda5fef700c058d3a3cb368d5fec572b81a8fa8e4290dd,proven_maximal,maximize_sum_testing_e_values_at_maximum_cardinality,proven_optimal,18493.22161358501,1.4997619911168458,12330.770964407118,2,2,8,96;197,96;197,0;9;11;48;66;96;174;197,2,2,7,0,0,1,0.1,0.1,0.35,0.0,0.0,0.125,0,6,2.29999850015156,16,15,616,36,8,,original_uniform_floor_plus_prior_scores,maximum_cardinality_certified_superset_of_eBH_then_maximum_testing_evalue_sum,200,2,2,exact_dyadic_prefix_or_HiGHS_QUBO_MILP,300.0,1
497,ff6cc29cef83bf84a60cace7e0b263561c040c7be5631d833701f6bb3f42ba2e,proven_maximal,maximize_sum_testing_e_values_at_maximum_cardinality,proven_optimal,12893.826116030525,1.9890766884579203,6482.317243397373,4,4,5,43;70;149;179,43;70;149;179,43;70;149;156;179,4,4,5,0,0,0,0.2,0.2,0.25,0.0,0.0,0.0,0,1,1.7581141002010554,16,10,821,56,5,,original_uniform_floor_plus_prior_scores,maximum_cardinality_certified_superset_of_eBH_then_maximum_testing_evalue_sum,200,4,4,exact_dyadic_prefix_or_HiGHS_QUBO_MILP,300.0,1
498,f284563f8440efba305398b873964c461c49df5c1f84c89faa3a30f8ac88bf2d,proven_maximal,maximize_sum_testing_e_values_at_maximum_cardinality,proven_optimal,30640.362100628576,2.490304812779504,12303.860131254356,9,9,11,65;84;105;131;146;161;185;190;191,65;84;105;131;146;161;185;190;191,28;65;84;105;116;131;146;161;185;190;191,9,9,11,0,0,0,0.45,0.45,0.55,0.0,0.0,0.0,0,2,1.645401099929586,12,8,669,46,11,,original_uniform_floor_plus_prior_scores,maximum_cardinality_certified_superset_of_eBH_then_maximum_testing_evalue_sum,200,9,9,exact_dyadic_prefix_or_HiGHS_QUBO_MILP,300.0,1
499,f3fa70bef8a2804fddecd3fd887c80a5a11c0a24245b8b2dad1b346259358e74,proven_maximal,maximize_sum_testing_e_values_at_maximum_cardinality,proven_optimal,420088.7461192303,1.0701316704431092,392557.997975412,4,4,9,39;45;52;91,39;45;52;91,26;39;45;52;74;82;91;98;150,4,4,9,0,0,0,0.2,0.2,0.45,0.0,0.0,0.0,0,5,2.240754100028425,15,11,640,36,9,,original_uniform_floor_plus_prior_scores,maximum_cardinality_certified_superset_of_eBH_then_maximum_testing_evalue_sum,200,4,4,exact_dyadic_prefix_or_HiGHS_QUBO_MILP,300.0,1
500,f340e792ad589df93a18982b1f06f17c5bf7510e23acdf27f9ae5e146ab43148,proven_maximal,maximize_sum_testing_e_values_at_maximum_cardinality,proven_optimal,3631.5376868592593,1.6961852541121738,2141.0029818706907,0,0,2,,,42;174,0,0,2,0,0,0,0.0,0.0,0.1,0.0,0.0,0.0,0,2,1.926054400159046,17,9,733,45,2,,original_uniform_floor_plus_prior_scores,maximum_cardinality_certified_superset_of_eBH_then_maximum_testing_evalue_sum,200,0,0,exact_dyadic_prefix_or_HiGHS_QUBO_MILP,300.0,1
