replication,problem_sha256,status,secondary_rule,secondary_status,secondary_value,secondary_normalized_value,secondary_normalization,prefix_size,greedy_size,maximal_size,prefix_indices,greedy_indices,maximal_indices,prefix_true,greedy_true,maximal_true,prefix_false,greedy_false,maximal_false,prefix_tpr,greedy_tpr,maximal_tpr,prefix_fdp,greedy_fdp,maximal_fdp,greedy_added,optimizer_added,elapsed_seconds,mip_solves,separation_calls,final_cut_count,initial_singleton_upper_bound,proof_upper_bound,message,method,selection_rule,K,ebh_seed_size,old_exported_prefix_size,separator_backend,separator_time_limit,separator_threads
1,24454239755958b01df06f2f023427a989de66f4e7bf6a624ac924d097a64286,proven_maximal,maximize_sum_testing_e_values_at_maximum_cardinality,proven_optimal,8262.952191598306,1.0,8262.952191598306,1,1,1,115,115,115,1,1,1,0,0,0,0.05,0.05,0.05,0.0,0.0,0.0,0,0,5.631164015998365,16,11,726,44,1,,original_uniform_floor_plus_prior_scores,maximum_cardinality_certified_superset_of_eBH_then_maximum_testing_evalue_sum,200,1,1,exact_dyadic_prefix_or_HiGHS_QUBO_MILP,300.0,1
2,94997a6dde19cddc6fe2e4c2d04d2a9acd98c191a338d9d43f6415ddbff9493c,proven_maximal,maximize_sum_testing_e_values_at_maximum_cardinality,proven_optimal,12017.870979805242,2.425544935901241,4954.709682729442,5,5,5,102;122;137;168;187,102;122;137;168;187,102;122;137;168;187,5,5,5,0,0,0,0.25,0.25,0.25,0.0,0.0,0.0,0,0,1.313958200997149,11,7,654,40,5,,original_uniform_floor_plus_prior_scores,maximum_cardinality_certified_superset_of_eBH_then_maximum_testing_evalue_sum,200,5,5,exact_dyadic_prefix_or_HiGHS_QUBO_MILP,300.0,1
3,3d5a7d4db06cedca49353495b5c4b6ebfe4e141265022fe19481350b5eb3dcdc,proven_maximal,maximize_sum_testing_e_values_at_maximum_cardinality,proven_optimal,5651.118513963268,1.0,5651.118513963268,1,1,1,26,26,26,1,1,1,0,0,0,0.05,0.05,0.05,0.0,0.0,0.0,0,0,1.8838832760011428,16,8,716,40,1,,original_uniform_floor_plus_prior_scores,maximum_cardinality_certified_superset_of_eBH_then_maximum_testing_evalue_sum,200,1,1,exact_dyadic_prefix_or_HiGHS_QUBO_MILP,300.0,1
4,1d6b0653a213c4ba882c342fdf3428e5c2243a6949c2badf181d94ff3141608c,proven_maximal,maximize_sum_testing_e_values_at_maximum_cardinality,proven_optimal,4945.835411095542,1.0,4945.835411095542,1,1,1,8,8,8,1,1,1,0,0,0,0.05,0.05,0.05,0.0,0.0,0.0,0,0,4.367433570994763,15,6,610,31,1,,original_uniform_floor_plus_prior_scores,maximum_cardinality_certified_superset_of_eBH_then_maximum_testing_evalue_sum,200,1,1,exact_dyadic_prefix_or_HiGHS_QUBO_MILP,300.0,1
5,8fb38157f6d3c803d90598b12408401196401a7b7ec9b345079c13193c83be5c,proven_maximal,maximize_sum_testing_e_values_at_maximum_cardinality,proven_optimal,122052.73401922698,1.4236359276907102,85733.10889758842,3,3,4,22;24;99,22;24;99,22;24;99;130,3,3,4,0,0,0,0.15,0.15,0.2,0.0,0.0,0.0,0,1,2.744452385006298,15,8,689,38,4,,original_uniform_floor_plus_prior_scores,maximum_cardinality_certified_superset_of_eBH_then_maximum_testing_evalue_sum,200,3,3,exact_dyadic_prefix_or_HiGHS_QUBO_MILP,300.0,1
6,d598ffa2a87081730f82745047fbbcc15ede7a1b227e235feb007c9701d72cc1,proven_maximal,maximize_sum_testing_e_values_at_maximum_cardinality,proven_optimal,20370.79738928458,2.5877566121686666,7871.991242720796,4,4,6,64;169;188;196,64;169;188;196,7;64;162;169;188;196,4,4,6,0,0,0,0.2,0.2,0.3,0.0,0.0,0.0,0,2,2.083295544995053,14,8,712,50,6,,original_uniform_floor_plus_prior_scores,maximum_cardinality_certified_superset_of_eBH_then_maximum_testing_evalue_sum,200,4,4,exact_dyadic_prefix_or_HiGHS_QUBO_MILP,300.0,1
7,2a5d04d8db4b40cb319f16bcc1410c2434084153f5836938d609ef4bff5dc82b,proven_maximal,maximize_sum_testing_e_values_at_maximum_cardinality,proven_optimal,4855.495476407595,4.929285583822573,985.030263278486,0,0,6,,,24;61;113;126;129;179,0,0,5,0,0,1,0.0,0.0,0.25,0.0,0.0,0.16666666666666666,0,6,1.2404653490011697,10,8,688,40,6,,original_uniform_floor_plus_prior_scores,maximum_cardinality_certified_superset_of_eBH_then_maximum_testing_evalue_sum,200,0,0,exact_dyadic_prefix_or_HiGHS_QUBO_MILP,300.0,1
8,6c848ddb4f4a3c12cb522e23751f5c4f75d471737859eb8606a0e3fa196bcc2d,proven_maximal,maximize_sum_testing_e_values_at_maximum_cardinality,proven_optimal,15491.583321925096,1.760222400738151,8800.923857933341,4,4,7,115;134;171;189,115;134;171;189,28;35;115;116;134;171;189,4,4,7,0,0,0,0.2,0.2,0.35,0.0,0.0,0.0,0,3,3.326179850999324,14,8,704,51,7,,original_uniform_floor_plus_prior_scores,maximum_cardinality_certified_superset_of_eBH_then_maximum_testing_evalue_sum,200,4,4,exact_dyadic_prefix_or_HiGHS_QUBO_MILP,300.0,1
9,6292c07f4ef8ccec43775c4330fa23a76e25f223ba2d4b85b05c928142e74578,proven_maximal,maximize_sum_testing_e_values_at_maximum_cardinality,proven_optimal,5828.543343004536,2.8887256600479994,2017.6866995766184,4,4,4,11;95;105;120,11;95;105;120,11;95;105;120,4,4,4,0,0,0,0.2,0.2,0.2,0.0,0.0,0.0,0,0,2.808065663004527,13,7,636,43,4,,original_uniform_floor_plus_prior_scores,maximum_cardinality_certified_superset_of_eBH_then_maximum_testing_evalue_sum,200,4,4,exact_dyadic_prefix_or_HiGHS_QUBO_MILP,300.0,1
10,253b350bb8677de87fd3cb178fc7cab00ba091d4822742ff3b06f47d20895211,proven_maximal,maximize_sum_testing_e_values_at_maximum_cardinality,proven_optimal,32031.232022508702,1.4257103881879152,22466.85742622704,4,4,4,57;73;91;105,57;73;91;105,57;73;91;105,4,4,4,0,0,0,0.2,0.2,0.2,0.0,0.0,0.0,0,0,1.568514144004439,12,6,607,43,4,,original_uniform_floor_plus_prior_scores,maximum_cardinality_certified_superset_of_eBH_then_maximum_testing_evalue_sum,200,4,4,exact_dyadic_prefix_or_HiGHS_QUBO_MILP,300.0,1
11,fe2fa95bd9a0ec522caf6239668c387a5a1f313b01f4301c75bde943f62bff5e,proven_maximal,maximize_sum_testing_e_values_at_maximum_cardinality,proven_optimal,39618.59062694273,1.2958647604417879,30573.09052330114,4,4,4,40;45;68;153,40;45;68;153,40;45;68;153,4,4,4,0,0,0,0.2,0.2,0.2,0.0,0.0,0.0,0,0,3.988302213998395,14,8,738,46,4,,original_uniform_floor_plus_prior_scores,maximum_cardinality_certified_superset_of_eBH_then_maximum_testing_evalue_sum,200,4,4,exact_dyadic_prefix_or_HiGHS_QUBO_MILP,300.0,1
12,2fbd1d82b7ba65d7a598fcffc183e425f0bff8f063397394d318854972e72810,proven_maximal,maximize_sum_testing_e_values_at_maximum_cardinality,proven_optimal,31894.619532285018,2.0521162129107013,15542.306684008898,5,5,5,55;60;119;158;187,55;60;119;158;187,55;60;119;158;187,5,5,5,0,0,0,0.25,0.25,0.25,0.0,0.0,0.0,0,0,0.9055771169951186,9,7,800,46,5,,original_uniform_floor_plus_prior_scores,maximum_cardinality_certified_superset_of_eBH_then_maximum_testing_evalue_sum,200,5,5,exact_dyadic_prefix_or_HiGHS_QUBO_MILP,300.0,1
13,0b9834a69d2b974a4fe911d0598fd58388a6740163121a204978756d5ff885ac,proven_maximal,maximize_sum_testing_e_values_at_maximum_cardinality,proven_optimal,258781.61448280702,1.071646826753369,241480.31611011672,2,2,2,80;118,80;118,80;118,2,2,2,0,0,0,0.1,0.1,0.1,0.0,0.0,0.0,0,0,2.1100369749983656,12,7,609,45,2,,original_uniform_floor_plus_prior_scores,maximum_cardinality_certified_superset_of_eBH_then_maximum_testing_evalue_sum,200,2,2,exact_dyadic_prefix_or_HiGHS_QUBO_MILP,300.0,1
14,32fea7f52857a802beb37efbb774759f359d94279f71814ea7abaf3ef0f976ee,proven_maximal,maximize_sum_testing_e_values_at_maximum_cardinality,proven_optimal,48860.05926380617,1.141504179878183,42803.22413626232,4,4,5,0;57;79;107,0;57;79;107,0;57;79;107;141,4,4,5,0,0,0,0.2,0.2,0.25,0.0,0.0,0.0,0,1,2.634920389005856,12,7,518,40,5,,original_uniform_floor_plus_prior_scores,maximum_cardinality_certified_superset_of_eBH_then_maximum_testing_evalue_sum,200,4,4,exact_dyadic_prefix_or_HiGHS_QUBO_MILP,300.0,1
15,55a8c25501d97fccc4057a59f5dee4bd3f042f3e640f9a3a3ec167a16ac1e1be,proven_maximal,maximize_sum_testing_e_values_at_maximum_cardinality,proven_optimal,36164.06528491966,1.4923968768801812,24232.20380929753,3,3,4,123;144;179,123;144;179,123;144;179;185,3,3,4,0,0,0,0.15,0.15,0.2,0.0,0.0,0.0,0,1,1.2754051509982673,14,9,757,38,4,,original_uniform_floor_plus_prior_scores,maximum_cardinality_certified_superset_of_eBH_then_maximum_testing_evalue_sum,200,3,3,exact_dyadic_prefix_or_HiGHS_QUBO_MILP,300.0,1
16,75c3cbdd866febb3585a2545da1fb2d4886699dc1b62e090763b3a0acbfc902e,proven_maximal,maximize_sum_testing_e_values_at_maximum_cardinality,proven_optimal,14530.874865972877,3.325238450871063,4369.87454603938,6,6,6,6;45;110;141;160;184,6;45;110;141;160;184,6;45;110;141;160;184,6,6,6,0,0,0,0.3,0.3,0.3,0.0,0.0,0.0,0,0,1.2013342930004,11,6,603,43,6,,original_uniform_floor_plus_prior_scores,maximum_cardinality_certified_superset_of_eBH_then_maximum_testing_evalue_sum,200,6,6,exact_dyadic_prefix_or_HiGHS_QUBO_MILP,300.0,1
17,7e92817997496572ebaceddd8dc68ce0ac19c96c588926593cd3e59282da66ca,proven_maximal,maximize_sum_testing_e_values_at_maximum_cardinality,proven_optimal,12039.188176954376,1.891587614056633,6364.59452762833,6,6,7,18;20;49;85;119;178,18;20;49;85;119;178,18;20;49;85;112;119;178,6,6,7,0,0,0,0.3,0.3,0.35,0.0,0.0,0.0,0,1,3.5914629800026887,15,8,565,44,7,,original_uniform_floor_plus_prior_scores,maximum_cardinality_certified_superset_of_eBH_then_maximum_testing_evalue_sum,200,6,6,exact_dyadic_prefix_or_HiGHS_QUBO_MILP,300.0,1
18,84642205a679c09b44a07fea1318b25c74deabfb884bcc2dbda0b99f15b71a88,proven_maximal,maximize_sum_testing_e_values_at_maximum_cardinality,proven_optimal,8059.969322154166,4.779523021812022,1686.3543256034898,9,9,9,44;58;84;98;112;140;144;147;195,44;58;84;98;112;140;144;147;195,44;58;84;98;112;140;144;147;195,9,9,9,0,0,0,0.45,0.45,0.45,0.0,0.0,0.0,0,0,5.606433182998444,17,7,746,39,9,,original_uniform_floor_plus_prior_scores,maximum_cardinality_certified_superset_of_eBH_then_maximum_testing_evalue_sum,200,9,9,exact_dyadic_prefix_or_HiGHS_QUBO_MILP,300.0,1
19,ebb9be8a2408627f835934320ae3786a3e1ec8dad22ce32a71992a5f486ab7d1,proven_maximal,maximize_sum_testing_e_values_at_maximum_cardinality,proven_optimal,49780.22008745585,1.8787081005770423,26497.04872841392,7,7,8,17;36;38;72;73;89;128,17;36;38;72;73;89;128,17;36;38;72;73;89;128;131,7,7,8,0,0,0,0.35,0.35,0.4,0.0,0.0,0.0,0,1,2.497493779999786,15,10,792,44,8,,original_uniform_floor_plus_prior_scores,maximum_cardinality_certified_superset_of_eBH_then_maximum_testing_evalue_sum,200,7,7,exact_dyadic_prefix_or_HiGHS_QUBO_MILP,300.0,1
20,1aa002215331a2ff57117e5c958e77fd7408e7edaa2e73f63ab7d897d559bc24,proven_maximal,maximize_sum_testing_e_values_at_maximum_cardinality,proven_optimal,20053.93041988595,1.634777849748509,12267.06761592776,3,3,4,59;96;189,59;96;189,59;71;96;189,3,3,4,0,0,0,0.15,0.15,0.2,0.0,0.0,0.0,0,1,1.2384597749987734,12,10,642,59,4,,original_uniform_floor_plus_prior_scores,maximum_cardinality_certified_superset_of_eBH_then_maximum_testing_evalue_sum,200,3,3,exact_dyadic_prefix_or_HiGHS_QUBO_MILP,300.0,1
21,42fe92037b39e89b21b1676ee517814fce552e790db31d1df191d00be5351d3b,proven_maximal,maximize_sum_testing_e_values_at_maximum_cardinality,proven_optimal,5128.784626638329,2.7492441937999255,1865.5253099032548,0,0,4,,,10;34;48;78,0,0,4,0,0,0,0.0,0.0,0.2,0.0,0.0,0.0,0,4,1.8369674179994036,13,10,848,40,4,,original_uniform_floor_plus_prior_scores,maximum_cardinality_certified_superset_of_eBH_then_maximum_testing_evalue_sum,200,0,0,exact_dyadic_prefix_or_HiGHS_QUBO_MILP,300.0,1
22,0ac126b52f13ac00f988e94c0201d3bdcb8cd8753741112f0a8156bffcd17e62,proven_maximal,maximize_sum_testing_e_values_at_maximum_cardinality,proven_optimal,29522.171589611557,1.3514934541033026,21844.109936292007,3,3,6,82;112;163,82;112;163,9;57;82;112;163;188,3,3,6,0,0,0,0.15,0.15,0.3,0.0,0.0,0.0,0,3,1.8494528059964068,17,10,772,48,6,,original_uniform_floor_plus_prior_scores,maximum_cardinality_certified_superset_of_eBH_then_maximum_testing_evalue_sum,200,3,3,exact_dyadic_prefix_or_HiGHS_QUBO_MILP,300.0,1
23,f624b721c9a8b52a428044f020006a48116bedae02d863a6a45a318f21799ccd,proven_maximal,maximize_sum_testing_e_values_at_maximum_cardinality,proven_optimal,24911.141435392965,1.782126727075076,13978.32211196254,3,3,4,27;47;158,27;47;158,27;47;158;169,3,3,4,0,0,0,0.15,0.15,0.2,0.0,0.0,0.0,0,1,3.509525064000627,13,7,616,39,4,,original_uniform_floor_plus_prior_scores,maximum_cardinality_certified_superset_of_eBH_then_maximum_testing_evalue_sum,200,3,3,exact_dyadic_prefix_or_HiGHS_QUBO_MILP,300.0,1
24,491823f1bd6695608ba149f161e790dd52890e2d5fa58e7d60d77d41b1dd337d,proven_maximal,maximize_sum_testing_e_values_at_maximum_cardinality,proven_optimal,67239.3181644264,1.073933491523172,62610.31869772505,2,2,5,9;108,9;108,9;86;93;108;124,2,2,5,0,0,0,0.1,0.1,0.25,0.0,0.0,0.0,0,3,1.3418457559964736,11,7,533,37,5,,original_uniform_floor_plus_prior_scores,maximum_cardinality_certified_superset_of_eBH_then_maximum_testing_evalue_sum,200,2,2,exact_dyadic_prefix_or_HiGHS_QUBO_MILP,300.0,1
25,92b3b372bbe654d1ebe57de0df1a98c2bac51aa1ef9677c559dfc4f6644bf15d,proven_maximal,maximize_sum_testing_e_values_at_maximum_cardinality,proven_optimal,15715.535366637672,1.2867351271950764,12213.496806367288,1,1,4,172,172,61;67;89;172,1,1,4,0,0,0,0.05,0.05,0.2,0.0,0.0,0.0,0,3,1.3604747010031133,12,7,618,39,4,,original_uniform_floor_plus_prior_scores,maximum_cardinality_certified_superset_of_eBH_then_maximum_testing_evalue_sum,200,1,1,exact_dyadic_prefix_or_HiGHS_QUBO_MILP,300.0,1
26,73b3fe7a421f59304c23775e88db97e093d4534c3de26aaaa2a3ad0b9bd93293,proven_maximal,maximize_sum_testing_e_values_at_maximum_cardinality,proven_optimal,380789.15261343995,1.0646440857313149,357668.0298297736,4,4,5,2;61;83;140,2;61;83;140,2;40;61;83;140,4,4,5,0,0,0,0.2,0.2,0.25,0.0,0.0,0.0,0,1,2.762187920001452,19,13,1114,34,5,,original_uniform_floor_plus_prior_scores,maximum_cardinality_certified_superset_of_eBH_then_maximum_testing_evalue_sum,200,4,4,exact_dyadic_prefix_or_HiGHS_QUBO_MILP,300.0,1
27,1754586bef5650d4ff7b9edfcb4e776d027f0debf23d372465e5575e60170ee1,proven_maximal,maximize_sum_testing_e_values_at_maximum_cardinality,proven_optimal,0.0,0.0,1432.366238621938,0,0,0,,,,0,0,0,0,0,0,0.0,0.0,0.0,0.0,0.0,0.0,0,0,5.005326047998096,17,8,608,37,0,,original_uniform_floor_plus_prior_scores,maximum_cardinality_certified_superset_of_eBH_then_maximum_testing_evalue_sum,200,0,0,exact_dyadic_prefix_or_HiGHS_QUBO_MILP,300.0,1
28,cbac4e6da0bd6db93c85ff7ba0433f2211cb4b22c13abccaedc495f9555e9564,proven_maximal,maximize_sum_testing_e_values_at_maximum_cardinality,proven_optimal,11916.072112971035,2.0151772455148733,5913.163290967244,2,2,5,59;174,59;174,23;59;97;144;174,2,2,5,0,0,0,0.1,0.1,0.25,0.0,0.0,0.0,0,3,1.5512077909952495,13,8,751,45,5,,original_uniform_floor_plus_prior_scores,maximum_cardinality_certified_superset_of_eBH_then_maximum_testing_evalue_sum,200,2,2,exact_dyadic_prefix_or_HiGHS_QUBO_MILP,300.0,1
29,f21badd8a193d8828a11607f6ebf65bcededa62c916cf0143e474518cad38f5d,proven_maximal,maximize_sum_testing_e_values_at_maximum_cardinality,proven_optimal,0.0,0.0,2489.894901703546,0,0,0,,,,0,0,0,0,0,0,0.0,0.0,0.0,0.0,0.0,0.0,0,0,2.4609663049996016,13,7,698,37,0,,original_uniform_floor_plus_prior_scores,maximum_cardinality_certified_superset_of_eBH_then_maximum_testing_evalue_sum,200,0,0,exact_dyadic_prefix_or_HiGHS_QUBO_MILP,300.0,1
30,13b8b760294ff437a6f6b48f9c15239fad14cf6d873362464f268174714badc6,proven_maximal,maximize_sum_testing_e_values_at_maximum_cardinality,proven_optimal,0.0,0.0,1567.472624618243,0,0,0,,,,0,0,0,0,0,0,0.0,0.0,0.0,0.0,0.0,0.0,0,0,0.5607071240010555,3,3,300,40,0,,original_uniform_floor_plus_prior_scores,maximum_cardinality_certified_superset_of_eBH_then_maximum_testing_evalue_sum,200,0,0,exact_dyadic_prefix_or_HiGHS_QUBO_MILP,300.0,1
31,f8740fa2e6452a92ede3825be1d359cfb463356996f071ce22290da4197d25b9,proven_maximal,maximize_sum_testing_e_values_at_maximum_cardinality,proven_optimal,55251.01204799033,1.0996378567244265,50244.73440062408,2,2,3,8;50,8;50,8;50;92,2,2,3,0,0,0,0.1,0.1,0.15,0.0,0.0,0.0,0,1,2.015497358996072,16,9,664,39,3,,original_uniform_floor_plus_prior_scores,maximum_cardinality_certified_superset_of_eBH_then_maximum_testing_evalue_sum,200,2,2,exact_dyadic_prefix_or_HiGHS_QUBO_MILP,300.0,1
32,8dfedf25b45997c669bb0998e85d2c28d92dcf743c35ae182f271146e09eddc6,proven_maximal,maximize_sum_testing_e_values_at_maximum_cardinality,proven_optimal,16335.01887223152,1.7034219957052956,9589.531492146822,4,4,4,3;99;133;153,3;99;133;153,3;99;133;153,4,4,4,0,0,0,0.2,0.2,0.2,0.0,0.0,0.0,0,0,1.9897241790022235,14,5,518,38,4,,original_uniform_floor_plus_prior_scores,maximum_cardinality_certified_superset_of_eBH_then_maximum_testing_evalue_sum,200,4,4,exact_dyadic_prefix_or_HiGHS_QUBO_MILP,300.0,1
33,bed4f36f427b2556e1c4fb2156dabfc5723f430dc13ba45f46bd29f61aab25f0,proven_maximal,maximize_sum_testing_e_values_at_maximum_cardinality,proven_optimal,12283.44815358815,1.7084684005530335,7189.742666362446,3,3,6,75;93;121,75;93;121,46;72;75;93;108;121,3,3,6,0,0,0,0.15,0.15,0.3,0.0,0.0,0.0,0,3,4.064278372999979,15,8,736,37,6,,original_uniform_floor_plus_prior_scores,maximum_cardinality_certified_superset_of_eBH_then_maximum_testing_evalue_sum,200,3,3,exact_dyadic_prefix_or_HiGHS_QUBO_MILP,300.0,1
34,2705b186d076ab9a820f7d575e32ced84551f480a84ae0163e96ddb97ee0b4ed,proven_maximal,maximize_sum_testing_e_values_at_maximum_cardinality,proven_optimal,16722.670763161812,2.0902787187417413,8000.210982977498,5,5,9,33;77;87;117;155,33;77;87;117;155,33;77;84;87;112;117;120;121;155,5,5,9,0,0,0,0.25,0.25,0.45,0.0,0.0,0.0,0,4,1.6222566069991444,15,11,757,58,9,,original_uniform_floor_plus_prior_scores,maximum_cardinality_certified_superset_of_eBH_then_maximum_testing_evalue_sum,200,5,5,exact_dyadic_prefix_or_HiGHS_QUBO_MILP,300.0,1
35,f0f139889ab5a526cf3867e27942f13a8b851585dc637fe413e9c829356426e0,proven_maximal,maximize_sum_testing_e_values_at_maximum_cardinality,proven_optimal,109648.27461394644,1.8326772159434295,59829.561725358966,4,4,4,163;168;177;181,163;168;177;181,163;168;177;181,4,4,4,0,0,0,0.2,0.2,0.2,0.0,0.0,0.0,0,0,1.4553660180026782,15,5,600,45,4,,original_uniform_floor_plus_prior_scores,maximum_cardinality_certified_superset_of_eBH_then_maximum_testing_evalue_sum,200,4,4,exact_dyadic_prefix_or_HiGHS_QUBO_MILP,300.0,1
36,e361f06be42ca4d959a1dda418a4a36438a7cc162a0e6f9a8e88e981b90cda9a,proven_maximal,maximize_sum_testing_e_values_at_maximum_cardinality,proven_optimal,106600.27906641425,1.317658328134506,80901.30558908632,4,4,5,0;28;104;122,0;28;104;122,0;28;78;104;122,4,4,5,0,0,0,0.2,0.2,0.25,0.0,0.0,0.0,0,1,5.807972709000751,17,8,660,49,5,,original_uniform_floor_plus_prior_scores,maximum_cardinality_certified_superset_of_eBH_then_maximum_testing_evalue_sum,200,4,4,exact_dyadic_prefix_or_HiGHS_QUBO_MILP,300.0,1
37,ff3f41057b0a376cf638ef499faa7f48595d7aa21657b35239ab274a0409dec9,proven_maximal,maximize_sum_testing_e_values_at_maximum_cardinality,proven_optimal,5014.61000446326,1.7412376660742963,2879.911285039531,2,2,2,23;75,23;75,23;75,2,2,2,0,0,0,0.1,0.1,0.1,0.0,0.0,0.0,0,0,1.2985367279979982,12,7,710,46,2,,original_uniform_floor_plus_prior_scores,maximum_cardinality_certified_superset_of_eBH_then_maximum_testing_evalue_sum,200,2,2,exact_dyadic_prefix_or_HiGHS_QUBO_MILP,300.0,1
38,e8bd3b47db8a57ab6730e55f04097ff2e5118d0679a24836f93429c62ee53240,proven_maximal,maximize_sum_testing_e_values_at_maximum_cardinality,proven_optimal,97805.5559355172,1.0,97805.5559355172,1,1,1,154,154,154,1,1,1,0,0,0,0.05,0.05,0.05,0.0,0.0,0.0,0,0,1.6007911750057247,16,7,619,41,1,,original_uniform_floor_plus_prior_scores,maximum_cardinality_certified_superset_of_eBH_then_maximum_testing_evalue_sum,200,1,1,exact_dyadic_prefix_or_HiGHS_QUBO_MILP,300.0,1
39,4b6260ea588937d54366a8fca027c15fd0cad22bc5515e8dc17a403a6adb8ddf,proven_maximal,maximize_sum_testing_e_values_at_maximum_cardinality,proven_optimal,61434.72814642718,3.222152998521978,19066.359721157773,7,7,7,9;50;69;88;134;141;167,9;50;69;88;134;141;167,9;50;69;88;134;141;167,7,7,7,0,0,0,0.35,0.35,0.35,0.0,0.0,0.0,0,0,0.7989118019977468,10,7,674,48,7,,original_uniform_floor_plus_prior_scores,maximum_cardinality_certified_superset_of_eBH_then_maximum_testing_evalue_sum,200,7,7,exact_dyadic_prefix_or_HiGHS_QUBO_MILP,300.0,1
40,e886a5cd063a53485540fbc5e879fda4979bd05a469eea49e7d7ea2a7dc335a3,proven_maximal,maximize_sum_testing_e_values_at_maximum_cardinality,proven_optimal,23141.06422236967,1.2404679263944436,18655.108874625817,4,4,4,105;118;170;184,105;118;170;184,105;118;170;184,4,4,4,0,0,0,0.2,0.2,0.2,0.0,0.0,0.0,0,0,1.937093840999296,17,7,644,41,4,,original_uniform_floor_plus_prior_scores,maximum_cardinality_certified_superset_of_eBH_then_maximum_testing_evalue_sum,200,4,4,exact_dyadic_prefix_or_HiGHS_QUBO_MILP,300.0,1
41,1847416ca5092b0878933cfa79fd478bb4795f7e90e7d19aa0df6f3793c98fb7,proven_maximal,maximize_sum_testing_e_values_at_maximum_cardinality,proven_optimal,0.0,0.0,1335.4897160979635,0,0,0,,,,0,0,0,0,0,0,0.0,0.0,0.0,0.0,0.0,0.0,0,0,3.871716765999736,19,9,752,33,0,,original_uniform_floor_plus_prior_scores,maximum_cardinality_certified_superset_of_eBH_then_maximum_testing_evalue_sum,200,0,0,exact_dyadic_prefix_or_HiGHS_QUBO_MILP,300.0,1
42,1df86532e960d48a14d6caaf428b3160c522f0d1143be5dda836e71b5d14617d,proven_maximal,maximize_sum_testing_e_values_at_maximum_cardinality,proven_optimal,17065.467402857084,1.9223024841507903,8877.618139476132,4,4,4,61;107;158;169,61;107;158;169,61;107;158;169,4,4,4,0,0,0,0.2,0.2,0.2,0.0,0.0,0.0,0,0,1.166448671996477,12,7,702,45,4,,original_uniform_floor_plus_prior_scores,maximum_cardinality_certified_superset_of_eBH_then_maximum_testing_evalue_sum,200,4,4,exact_dyadic_prefix_or_HiGHS_QUBO_MILP,300.0,1
43,0b7d0c7ef45995eab7e8cc73127b167c16aec2430bf42d8b3977bb5271186322,proven_maximal,maximize_sum_testing_e_values_at_maximum_cardinality,proven_optimal,14843.490506448725,2.0690945687537363,7173.906273114092,2,2,6,4;173,4;173,4;47;85;107;152;173,2,2,6,0,0,0,0.1,0.1,0.3,0.0,0.0,0.0,0,4,1.3462567030001082,13,9,724,46,6,,original_uniform_floor_plus_prior_scores,maximum_cardinality_certified_superset_of_eBH_then_maximum_testing_evalue_sum,200,2,2,exact_dyadic_prefix_or_HiGHS_QUBO_MILP,300.0,1
44,3d00a3ca9f28e1f034c0d288ba06ad9df4cd7b0092d873a1aa2feaee302c9405,proven_maximal,maximize_sum_testing_e_values_at_maximum_cardinality,proven_optimal,20718.461928293073,1.9071036468579567,10863.836353324434,5,5,5,13;84;94;102;135,13;84;94;102;135,13;84;94;102;135,5,5,5,0,0,0,0.25,0.25,0.25,0.0,0.0,0.0,0,0,1.6336860679948586,13,7,796,49,5,,original_uniform_floor_plus_prior_scores,maximum_cardinality_certified_superset_of_eBH_then_maximum_testing_evalue_sum,200,5,5,exact_dyadic_prefix_or_HiGHS_QUBO_MILP,300.0,1
45,7c23adc5982886fd1c679ce47a1a204fd31215774abf815e67f7de32b2131b76,proven_maximal,maximize_sum_testing_e_values_at_maximum_cardinality,proven_optimal,47721.87493966022,1.1702467147701878,40779.32827098926,3,3,4,90;95;130,90;95;130,74;90;95;130,3,3,4,0,0,0,0.15,0.15,0.2,0.0,0.0,0.0,0,1,2.118331642996054,17,8,611,39,4,,original_uniform_floor_plus_prior_scores,maximum_cardinality_certified_superset_of_eBH_then_maximum_testing_evalue_sum,200,3,3,exact_dyadic_prefix_or_HiGHS_QUBO_MILP,300.0,1
46,0607cc311089e4c1db97b9d891c6d989788b58b6e08a4ad873eb08d730731f59,proven_maximal,maximize_sum_testing_e_values_at_maximum_cardinality,proven_optimal,8304.826418577857,1.0,8304.826418577857,1,1,1,26,26,26,1,1,1,0,0,0,0.05,0.05,0.05,0.0,0.0,0.0,0,0,2.668223141001363,9,6,549,43,1,,original_uniform_floor_plus_prior_scores,maximum_cardinality_certified_superset_of_eBH_then_maximum_testing_evalue_sum,200,1,1,exact_dyadic_prefix_or_HiGHS_QUBO_MILP,300.0,1
47,887e30a3f977323ad0fea21badc3eb26dec599b4759ee00838913e277630021d,proven_maximal,maximize_sum_testing_e_values_at_maximum_cardinality,proven_optimal,51294.09245208495,1.455407500274759,35243.80109515816,2,2,2,29;42,29;42,29;42,2,2,2,0,0,0,0.1,0.1,0.1,0.0,0.0,0.0,0,0,1.8111903319950216,16,7,610,39,2,,original_uniform_floor_plus_prior_scores,maximum_cardinality_certified_superset_of_eBH_then_maximum_testing_evalue_sum,200,2,2,exact_dyadic_prefix_or_HiGHS_QUBO_MILP,300.0,1
48,652eeac4e32459129ae6c6d7eeeb33fd997d666f40f1dd98110b84cecd7f87dd,proven_maximal,maximize_sum_testing_e_values_at_maximum_cardinality,proven_optimal,10210.393649597572,2.1302680515701073,4793.008861993698,4,4,4,0;45;52;89,0;45;52;89,0;45;52;89,4,4,4,0,0,0,0.2,0.2,0.2,0.0,0.0,0.0,0,0,2.984827291002148,13,5,600,38,4,,original_uniform_floor_plus_prior_scores,maximum_cardinality_certified_superset_of_eBH_then_maximum_testing_evalue_sum,200,4,4,exact_dyadic_prefix_or_HiGHS_QUBO_MILP,300.0,1
49,2edafaeb0eb21bb0f23285954d69c7c6704dbd52c4b1123d99742a76a074d7dd,proven_maximal,maximize_sum_testing_e_values_at_maximum_cardinality,proven_optimal,4980.637608983696,2.217489298896879,2246.070640097963,0,0,3,,,37;48;151,0,0,3,0,0,0,0.0,0.0,0.15,0.0,0.0,0.0,0,3,1.6460380119970068,12,9,874,58,3,,original_uniform_floor_plus_prior_scores,maximum_cardinality_certified_superset_of_eBH_then_maximum_testing_evalue_sum,200,0,0,exact_dyadic_prefix_or_HiGHS_QUBO_MILP,300.0,1
50,0a27cc7bb32b2c073fd68fe2fff7abf17d81659ab7478f76733b7ead854d38d6,proven_maximal,maximize_sum_testing_e_values_at_maximum_cardinality,proven_optimal,11878.112094809667,2.6959435362953945,4405.920203778401,5,5,10,59;68;109;122;197,59;68;109;122;197,6;46;55;59;68;109;111;122;177;197,5,5,10,0,0,0,0.25,0.25,0.5,0.0,0.0,0.0,0,5,2.413720912001736,14,10,748,49,10,,original_uniform_floor_plus_prior_scores,maximum_cardinality_certified_superset_of_eBH_then_maximum_testing_evalue_sum,200,5,5,exact_dyadic_prefix_or_HiGHS_QUBO_MILP,300.0,1
51,6ba7a547d1e6593031bb867f625d56e46b26b1afdc4f0e98dbf8fbe011147848,proven_maximal,maximize_sum_testing_e_values_at_maximum_cardinality,proven_optimal,0.0,0.0,2130.986371738009,0,0,0,,,,0,0,0,0,0,0,0.0,0.0,0.0,0.0,0.0,0.0,0,0,5.730854746994737,14,4,417,34,0,,original_uniform_floor_plus_prior_scores,maximum_cardinality_certified_superset_of_eBH_then_maximum_testing_evalue_sum,200,0,0,exact_dyadic_prefix_or_HiGHS_QUBO_MILP,300.0,1
52,5bcb466a01570210b2ffc3da0f9aa1daa05cfcfc457bc71b8bc130c6387aa2b7,proven_maximal,maximize_sum_testing_e_values_at_maximum_cardinality,proven_optimal,4884.426433350546,1.0,4884.426433350546,1,1,1,61,61,61,1,1,1,0,0,0,0.05,0.05,0.05,0.0,0.0,0.0,0,0,1.978919583998504,15,6,691,41,1,,original_uniform_floor_plus_prior_scores,maximum_cardinality_certified_superset_of_eBH_then_maximum_testing_evalue_sum,200,1,1,exact_dyadic_prefix_or_HiGHS_QUBO_MILP,300.0,1
53,f3c8b45f31b2c959fa61bad2663c422dbb37dcd774fe696eb109b8c1c5415140,proven_maximal,maximize_sum_testing_e_values_at_maximum_cardinality,proven_optimal,18754.838812519716,1.6294554157918226,11509.881541254648,6,6,6,37;91;98;150;156;198,37;91;98;150;156;198,37;91;98;150;156;198,6,6,6,0,0,0,0.3,0.3,0.3,0.0,0.0,0.0,0,0,2.8081395519984653,11,5,568,47,6,,original_uniform_floor_plus_prior_scores,maximum_cardinality_certified_superset_of_eBH_then_maximum_testing_evalue_sum,200,6,6,exact_dyadic_prefix_or_HiGHS_QUBO_MILP,300.0,1
54,3637bec6b62cc03ac84765f02a60c0276ae5c44358bade5d4ff7b0d26a9b8f62,proven_maximal,maximize_sum_testing_e_values_at_maximum_cardinality,proven_optimal,0.0,0.0,2245.945280520756,0,0,0,,,,0,0,0,0,0,0,0.0,0.0,0.0,0.0,0.0,0.0,0,0,2.8214455769993947,21,11,1082,44,0,,original_uniform_floor_plus_prior_scores,maximum_cardinality_certified_superset_of_eBH_then_maximum_testing_evalue_sum,200,0,0,exact_dyadic_prefix_or_HiGHS_QUBO_MILP,300.0,1
55,705acac3205eab2dcddc6932edfa8f0bea36597f884e6f02f8f2e8a641405e02,proven_maximal,maximize_sum_testing_e_values_at_maximum_cardinality,proven_optimal,13226.235308615785,2.765356733583553,4782.831505241732,3,3,4,8;20;168,8;20;168,8;12;20;168,3,3,4,0,0,0,0.15,0.15,0.2,0.0,0.0,0.0,0,1,1.4729324119980447,12,8,720,52,4,,original_uniform_floor_plus_prior_scores,maximum_cardinality_certified_superset_of_eBH_then_maximum_testing_evalue_sum,200,3,3,exact_dyadic_prefix_or_HiGHS_QUBO_MILP,300.0,1
56,c301b61462170598481571f313c6d1dd8ee948e5f1e350bf492c656ba5480cb7,proven_maximal,maximize_sum_testing_e_values_at_maximum_cardinality,proven_optimal,7773.394429281577,1.2868941105956713,6040.43049484737,1,1,2,25,25,25;141,1,1,2,0,0,0,0.05,0.05,0.1,0.0,0.0,0.0,0,1,3.271095397998579,14,10,802,39,2,,original_uniform_floor_plus_prior_scores,maximum_cardinality_certified_superset_of_eBH_then_maximum_testing_evalue_sum,200,1,1,exact_dyadic_prefix_or_HiGHS_QUBO_MILP,300.0,1
57,932b627008c45fc1ea60ffa29c1089dff81c85e24442cf85e2308c697ab4a31e,proven_maximal,maximize_sum_testing_e_values_at_maximum_cardinality,proven_optimal,39356.58053435863,1.7199987913440067,22881.748947977696,3,3,3,23;88;124,23;88;124,23;88;124,3,3,3,0,0,0,0.15,0.15,0.15,0.0,0.0,0.0,0,0,1.9181644759955816,18,8,737,45,3,,original_uniform_floor_plus_prior_scores,maximum_cardinality_certified_superset_of_eBH_then_maximum_testing_evalue_sum,200,3,3,exact_dyadic_prefix_or_HiGHS_QUBO_MILP,300.0,1
58,03e4a6c97e9ad5ad0370cd59bb50f4c075e330c41f27396b1620242cb53e513d,proven_maximal,maximize_sum_testing_e_values_at_maximum_cardinality,proven_optimal,17635.73654816262,1.0,17635.73654816262,1,1,1,31,31,31,1,1,1,0,0,0,0.05,0.05,0.05,0.0,0.0,0.0,0,0,1.5138163840019843,13,5,524,30,1,,original_uniform_floor_plus_prior_scores,maximum_cardinality_certified_superset_of_eBH_then_maximum_testing_evalue_sum,200,1,1,exact_dyadic_prefix_or_HiGHS_QUBO_MILP,300.0,1
59,519e377e885640fce4fae6984325f85c9a0a5b58efdf884b906c87ecd5e518c0,proven_maximal,maximize_sum_testing_e_values_at_maximum_cardinality,proven_optimal,15793.7216519023,1.2325255154700758,12814.113341806717,3,3,3,39;102;120,39;102;120,39;102;120,3,3,3,0,0,0,0.15,0.15,0.15,0.0,0.0,0.0,0,0,3.6253592430002755,12,7,661,32,3,,original_uniform_floor_plus_prior_scores,maximum_cardinality_certified_superset_of_eBH_then_maximum_testing_evalue_sum,200,3,3,exact_dyadic_prefix_or_HiGHS_QUBO_MILP,300.0,1
60,47d92c1a8b10dc0e7c8049142bc08229bd6bda40041cba9d3b5d16975c5e7472,proven_maximal,maximize_sum_testing_e_values_at_maximum_cardinality,proven_optimal,135040.82404195447,1.1488039638620173,117549.05822920211,3,3,7,53;157;159,53;157;159,13;35;53;67;81;157;159,3,3,7,0,0,0,0.15,0.15,0.35,0.0,0.0,0.0,0,4,2.030823845001578,14,8,614,29,7,,original_uniform_floor_plus_prior_scores,maximum_cardinality_certified_superset_of_eBH_then_maximum_testing_evalue_sum,200,3,3,exact_dyadic_prefix_or_HiGHS_QUBO_MILP,300.0,1
61,7560b1711b13855ecd96d06fbf63fa03c33ca89b8292aff1af337b96e610a59e,proven_maximal,maximize_sum_testing_e_values_at_maximum_cardinality,proven_optimal,17071.13423373148,2.7157255764582926,6286.030658515491,9,9,10,36;46;88;93;98;108;130;143;150,36;46;88;93;98;108;130;143;150,36;46;88;93;98;108;118;130;143;150,9,9,10,0,0,0,0.45,0.45,0.5,0.0,0.0,0.0,0,1,2.342652236999129,18,9,754,41,10,,original_uniform_floor_plus_prior_scores,maximum_cardinality_certified_superset_of_eBH_then_maximum_testing_evalue_sum,200,9,9,exact_dyadic_prefix_or_HiGHS_QUBO_MILP,300.0,1
62,c27f7051d39b0570c4b378da62dbd04f5bd270d0af7c0cca384784326539b22c,proven_maximal,maximize_sum_testing_e_values_at_maximum_cardinality,proven_optimal,7088.966020340448,1.0,7088.966020340448,1,1,1,113,113,113,1,1,1,0,0,0,0.05,0.05,0.05,0.0,0.0,0.0,0,0,4.14775693500269,18,8,751,41,1,,original_uniform_floor_plus_prior_scores,maximum_cardinality_certified_superset_of_eBH_then_maximum_testing_evalue_sum,200,1,1,exact_dyadic_prefix_or_HiGHS_QUBO_MILP,300.0,1
63,eb90941058d6e93fe0f7c6143274ab8be4bd8e4e971d672e0907b01d993a55cd,proven_maximal,maximize_sum_testing_e_values_at_maximum_cardinality,proven_optimal,47633.47383878609,1.0758377895391151,44275.70243576598,2,2,2,55;165,55;165,55;165,2,2,2,0,0,0,0.1,0.1,0.1,0.0,0.0,0.0,0,0,2.116477367002517,21,12,777,51,2,,original_uniform_floor_plus_prior_scores,maximum_cardinality_certified_superset_of_eBH_then_maximum_testing_evalue_sum,200,2,2,exact_dyadic_prefix_or_HiGHS_QUBO_MILP,300.0,1
64,7189ff2321daa9235514b1fc6bdf0ae786d06dacc5f1ca37c73fb84d519ddaa8,proven_maximal,maximize_sum_testing_e_values_at_maximum_cardinality,proven_optimal,5052.384033684166,3.632517352761515,1390.8767785632845,4,4,4,35;44;86;105,35;44;86;105,35;44;86;105,4,4,4,0,0,0,0.2,0.2,0.2,0.0,0.0,0.0,0,0,1.7261286590000964,14,11,977,50,4,,original_uniform_floor_plus_prior_scores,maximum_cardinality_certified_superset_of_eBH_then_maximum_testing_evalue_sum,200,4,4,exact_dyadic_prefix_or_HiGHS_QUBO_MILP,300.0,1
65,24d293b70f1d533d1c9c2ba55821db710f12dd05c4628d259f250e53d97e1f39,proven_maximal,maximize_sum_testing_e_values_at_maximum_cardinality,proven_optimal,302221.4928731062,1.0914232611677235,276905.8564408429,7,7,7,41;54;70;74;132;136;199,41;54;70;74;132;136;199,41;54;70;74;132;136;199,7,7,7,0,0,0,0.35,0.35,0.35,0.0,0.0,0.0,0,0,4.869917602001806,11,7,742,41,7,,original_uniform_floor_plus_prior_scores,maximum_cardinality_certified_superset_of_eBH_then_maximum_testing_evalue_sum,200,7,7,exact_dyadic_prefix_or_HiGHS_QUBO_MILP,300.0,1
66,c30235db2879a9d044083e261e9215f18666621391a0a7f41c3690d1b9df0799,proven_maximal,maximize_sum_testing_e_values_at_maximum_cardinality,proven_optimal,7763.809949160604,1.786069354196089,4346.869247221982,1,1,4,120,120,114;120;159;191,1,1,4,0,0,0,0.05,0.05,0.2,0.0,0.0,0.0,0,3,2.190165728003194,17,10,672,33,4,,original_uniform_floor_plus_prior_scores,maximum_cardinality_certified_superset_of_eBH_then_maximum_testing_evalue_sum,200,1,1,exact_dyadic_prefix_or_HiGHS_QUBO_MILP,300.0,1
67,2b509ec39678b7290fd5aa42492a20d9847bdf3e61a7e6c97e6eeeef85f38bf4,proven_maximal,maximize_sum_testing_e_values_at_maximum_cardinality,proven_optimal,12341.258957704538,1.8443162420755876,6691.5091220016175,3,3,3,123;170;194,123;170;194,123;170;194,3,3,3,0,0,0,0.15,0.15,0.15,0.0,0.0,0.0,0,0,2.3411443369986955,16,7,661,47,3,,original_uniform_floor_plus_prior_scores,maximum_cardinality_certified_superset_of_eBH_then_maximum_testing_evalue_sum,200,3,3,exact_dyadic_prefix_or_HiGHS_QUBO_MILP,300.0,1
68,9eeea7b01869b218fae2ffe73567ba3afc50a0d7eb8f45bf0df0ce331c31db96,proven_maximal,maximize_sum_testing_e_values_at_maximum_cardinality,proven_optimal,0.0,0.0,3415.2299352001965,0,0,0,,,,0,0,0,0,0,0,0.0,0.0,0.0,0.0,0.0,0.0,0,0,4.488002061996667,17,7,654,44,0,,original_uniform_floor_plus_prior_scores,maximum_cardinality_certified_superset_of_eBH_then_maximum_testing_evalue_sum,200,0,0,exact_dyadic_prefix_or_HiGHS_QUBO_MILP,300.0,1
69,fe451be011dadb56a2f524fc9b7e693dd135609bc1ca9b63f2e6454ecf10dd2b,proven_maximal,maximize_sum_testing_e_values_at_maximum_cardinality,proven_optimal,5001.905270698186,1.0,5001.905270698186,1,1,1,144,144,144,1,1,1,0,0,0,0.05,0.05,0.05,0.0,0.0,0.0,0,0,1.1977479240013054,11,5,520,40,1,,original_uniform_floor_plus_prior_scores,maximum_cardinality_certified_superset_of_eBH_then_maximum_testing_evalue_sum,200,1,1,exact_dyadic_prefix_or_HiGHS_QUBO_MILP,300.0,1
70,6438975becb174c1b7f71764f93abedf64a1b7f434e7411b411745d2422b8a48,proven_maximal,maximize_sum_testing_e_values_at_maximum_cardinality,proven_optimal,7996.712083382703,2.764781835071201,2892.348315496208,3,3,5,9;103;195,9;103;195,9;68;103;183;195,3,3,5,0,0,0,0.15,0.15,0.25,0.0,0.0,0.0,0,2,1.5833427210018272,14,9,602,38,5,,original_uniform_floor_plus_prior_scores,maximum_cardinality_certified_superset_of_eBH_then_maximum_testing_evalue_sum,200,3,3,exact_dyadic_prefix_or_HiGHS_QUBO_MILP,300.0,1
71,05d5d6d28f13b4d12ff01fd2fba3b885457a9e42fee27cf4ca71352d0fe73f5e,proven_maximal,maximize_sum_testing_e_values_at_maximum_cardinality,proven_optimal,7654.447694873232,1.0,7654.447694873232,1,1,1,68,68,68,1,1,1,0,0,0,0.05,0.05,0.05,0.0,0.0,0.0,0,0,1.9249332949984819,14,9,706,29,1,,original_uniform_floor_plus_prior_scores,maximum_cardinality_certified_superset_of_eBH_then_maximum_testing_evalue_sum,200,1,1,exact_dyadic_prefix_or_HiGHS_QUBO_MILP,300.0,1
72,4720ba36edd4dd440ad6bc5622dfb15f72223fdac049fc2efbf06156a1e501ca,proven_maximal,maximize_sum_testing_e_values_at_maximum_cardinality,proven_optimal,29263.09575618085,1.889874811516451,15484.14507556715,4,4,6,44;111;112;132,44;111;112;132,44;111;112;132;158;183,4,4,6,0,0,0,0.2,0.2,0.3,0.0,0.0,0.0,0,2,5.794275454005401,14,10,751,47,6,,original_uniform_floor_plus_prior_scores,maximum_cardinality_certified_superset_of_eBH_then_maximum_testing_evalue_sum,200,4,4,exact_dyadic_prefix_or_HiGHS_QUBO_MILP,300.0,1
73,08427e54ce09c79592700e36c91bb0257888bf2318fb606abcbdcbbec818632f,proven_maximal,maximize_sum_testing_e_values_at_maximum_cardinality,proven_optimal,57927.82697504741,1.976606730469681,29306.70329210232,4,4,8,23;55;106;198,23;55;106;198,23;29;55;106;110;114;137;198,4,4,8,0,0,0,0.2,0.2,0.4,0.0,0.0,0.0,0,4,1.6333768740005326,12,6,509,43,8,,original_uniform_floor_plus_prior_scores,maximum_cardinality_certified_superset_of_eBH_then_maximum_testing_evalue_sum,200,4,4,exact_dyadic_prefix_or_HiGHS_QUBO_MILP,300.0,1
74,f3afa51b3aeb73c068a4433fccf02a3417ce50c1ba1365660631f462c9bb644a,proven_maximal,maximize_sum_testing_e_values_at_maximum_cardinality,proven_optimal,5406.056663433944,2.028818766195749,2664.632619487681,0,0,5,,,46;69;75;88;115,0,0,5,0,0,0,0.0,0.0,0.25,0.0,0.0,0.0,0,5,2.353410162999353,16,11,940,46,5,,original_uniform_floor_plus_prior_scores,maximum_cardinality_certified_superset_of_eBH_then_maximum_testing_evalue_sum,200,0,0,exact_dyadic_prefix_or_HiGHS_QUBO_MILP,300.0,1
75,79cdd05736d19a9ffdcf30711599d87a7988c828befd7e663cee3cf3bbdcbf93,proven_maximal,maximize_sum_testing_e_values_at_maximum_cardinality,proven_optimal,23133.342352053587,2.34832461659966,9850.998532541184,4,4,4,46;49;102;156,46;49;102;156,46;49;102;156,4,4,4,0,0,0,0.2,0.2,0.2,0.0,0.0,0.0,0,0,3.8737297429979662,13,7,730,46,4,,original_uniform_floor_plus_prior_scores,maximum_cardinality_certified_superset_of_eBH_then_maximum_testing_evalue_sum,200,4,4,exact_dyadic_prefix_or_HiGHS_QUBO_MILP,300.0,1
76,2110a6dcf60ca598c3cd1c14448afce609026b8db4c2552a402a34107d51d13d,proven_maximal,maximize_sum_testing_e_values_at_maximum_cardinality,proven_optimal,7539.4833782846545,1.267204499958914,5949.697447041187,1,1,2,105,105,105;166,1,1,2,0,0,0,0.05,0.05,0.1,0.0,0.0,0.0,0,1,2.181825507999747,16,8,674,34,2,,original_uniform_floor_plus_prior_scores,maximum_cardinality_certified_superset_of_eBH_then_maximum_testing_evalue_sum,200,1,1,exact_dyadic_prefix_or_HiGHS_QUBO_MILP,300.0,1
77,9bfc39af02c4462e76cc15fbd2916d095f7c740f68f4c3056b302aa4943ca4ec,proven_maximal,maximize_sum_testing_e_values_at_maximum_cardinality,proven_optimal,66991.44538898153,1.5793950656084224,42415.88874609707,5,5,5,9;15;19;56;98,9;15;19;56;98,9;15;19;56;98,5,5,5,0,0,0,0.25,0.25,0.25,0.0,0.0,0.0,0,0,1.7191206110001076,16,8,655,39,5,,original_uniform_floor_plus_prior_scores,maximum_cardinality_certified_superset_of_eBH_then_maximum_testing_evalue_sum,200,5,5,exact_dyadic_prefix_or_HiGHS_QUBO_MILP,300.0,1
78,c099d38298045d436dace67470d10d9120f871f39fb22c80e9ac623e86d52924,proven_maximal,maximize_sum_testing_e_values_at_maximum_cardinality,proven_optimal,6755.515976289212,2.4604947975233675,2745.592465015181,2,2,4,160;164,160;164,3;11;160;164,2,2,4,0,0,0,0.1,0.1,0.2,0.0,0.0,0.0,0,2,1.848251679999521,15,8,679,49,4,,original_uniform_floor_plus_prior_scores,maximum_cardinality_certified_superset_of_eBH_then_maximum_testing_evalue_sum,200,2,2,exact_dyadic_prefix_or_HiGHS_QUBO_MILP,300.0,1
79,f30b4d9b41158acf7800bd56c7c9d1ed9679d007f48491be666a88c6f841dd13,proven_maximal,maximize_sum_testing_e_values_at_maximum_cardinality,proven_optimal,10639.429214575403,1.819814861115726,5846.434954406506,3,3,3,8;72;80,8;72;80,8;72;80,3,3,3,0,0,0,0.15,0.15,0.15,0.0,0.0,0.0,0,0,1.6406224000020302,16,7,654,51,3,,original_uniform_floor_plus_prior_scores,maximum_cardinality_certified_superset_of_eBH_then_maximum_testing_evalue_sum,200,3,3,exact_dyadic_prefix_or_HiGHS_QUBO_MILP,300.0,1
80,9b5752e1cf542fa68a4c312ab40431a56ab33ff852d911f951fc5a90cc422b7a,proven_maximal,maximize_sum_testing_e_values_at_maximum_cardinality,proven_optimal,94629.57460028592,1.0,94629.57460028592,1,1,1,70,70,70,1,1,1,0,0,0,0.05,0.05,0.05,0.0,0.0,0.0,0,0,1.5331265080021694,9,6,545,47,1,,original_uniform_floor_plus_prior_scores,maximum_cardinality_certified_superset_of_eBH_then_maximum_testing_evalue_sum,200,1,1,exact_dyadic_prefix_or_HiGHS_QUBO_MILP,300.0,1
81,e1b9b2871960eca5e5d174d4b7a4622b0f81805a73b7e5f1dc5120852b285aea,proven_maximal,maximize_sum_testing_e_values_at_maximum_cardinality,proven_optimal,1054076.0976055851,1.1414693243791285,923437.954128922,5,5,8,34;92;93;135;145,34;92;93;135;145,29;34;92;93;135;145;165;183,5,5,8,0,0,0,0.25,0.25,0.4,0.0,0.0,0.0,0,3,1.587676533999911,14,9,641,45,8,,original_uniform_floor_plus_prior_scores,maximum_cardinality_certified_superset_of_eBH_then_maximum_testing_evalue_sum,200,5,5,exact_dyadic_prefix_or_HiGHS_QUBO_MILP,300.0,1
82,e00e6a0c3ca79466afaae61ffb13b69981a7d4f53af1b3bb2b100f526c812d0a,proven_maximal,maximize_sum_testing_e_values_at_maximum_cardinality,proven_optimal,125766.56379460155,1.0716503767036771,117357.8309947045,4,4,4,121;141;162;167,121;141;162;167,121;141;162;167,4,4,4,0,0,0,0.2,0.2,0.2,0.0,0.0,0.0,0,0,5.039359083995805,15,6,700,50,4,,original_uniform_floor_plus_prior_scores,maximum_cardinality_certified_superset_of_eBH_then_maximum_testing_evalue_sum,200,4,4,exact_dyadic_prefix_or_HiGHS_QUBO_MILP,300.0,1
83,60f9780c2e07a3ab1bbadb6bbdb6b84babf437b364f7b6cc569c48092cbd8e08,proven_maximal,maximize_sum_testing_e_values_at_maximum_cardinality,proven_optimal,22949.695962855287,2.0756617608170282,11056.568269495778,7,7,7,34;45;79;156;157;168;170,34;45;79;156;157;168;170,34;45;79;156;157;168;170,7,7,7,0,0,0,0.35,0.35,0.35,0.0,0.0,0.0,0,0,3.539030214000377,14,6,549,39,7,,original_uniform_floor_plus_prior_scores,maximum_cardinality_certified_superset_of_eBH_then_maximum_testing_evalue_sum,200,7,7,exact_dyadic_prefix_or_HiGHS_QUBO_MILP,300.0,1
84,b626479d7a15b2e249eefdab16357239f4391632ff627f566253d0caf201330c,proven_maximal,maximize_sum_testing_e_values_at_maximum_cardinality,proven_optimal,0.0,0.0,1448.58585465145,0,0,0,,,,0,0,0,0,0,0,0.0,0.0,0.0,0.0,0.0,0.0,0,0,0.36768124499940313,3,3,300,37,0,,original_uniform_floor_plus_prior_scores,maximum_cardinality_certified_superset_of_eBH_then_maximum_testing_evalue_sum,200,0,0,exact_dyadic_prefix_or_HiGHS_QUBO_MILP,300.0,1
85,bc483fc080b54a7d0d76cd17a69d5c05217dba93592cce5977fac0ceaf9dd7f7,proven_maximal,maximize_sum_testing_e_values_at_maximum_cardinality,proven_optimal,544679.8222015987,1.0121824217873536,538124.1666297469,3,3,5,55;127;190,55;127;190,55;107;118;127;190,3,3,5,0,0,0,0.15,0.15,0.25,0.0,0.0,0.0,0,2,1.3445600570048555,11,7,529,35,5,,original_uniform_floor_plus_prior_scores,maximum_cardinality_certified_superset_of_eBH_then_maximum_testing_evalue_sum,200,3,3,exact_dyadic_prefix_or_HiGHS_QUBO_MILP,300.0,1
86,5baf39811c7f5a83e70c3e45ca6919fbb9cdbd41f75a4aee58371d5de9297b27,proven_maximal,maximize_sum_testing_e_values_at_maximum_cardinality,proven_optimal,15502.26435663155,2.5844391946754093,5998.308796960706,4,4,4,16;56;127;147,16;56;127;147,16;56;127;147,4,4,4,0,0,0,0.2,0.2,0.2,0.0,0.0,0.0,0,0,1.6863248239969835,15,7,628,42,4,,original_uniform_floor_plus_prior_scores,maximum_cardinality_certified_superset_of_eBH_then_maximum_testing_evalue_sum,200,4,4,exact_dyadic_prefix_or_HiGHS_QUBO_MILP,300.0,1
87,11639cfdfb4acfe9ddff4d61c9da189e2be5942634c45a90a604dfe226f8ee3e,proven_maximal,maximize_sum_testing_e_values_at_maximum_cardinality,proven_optimal,19344.01295497742,2.253017034609021,8585.826319921413,5,5,5,84;119;131;173;196,84;119;131;173;196,84;119;131;173;196,5,5,5,0,0,0,0.25,0.25,0.25,0.0,0.0,0.0,0,0,2.0009055030022864,15,7,607,43,5,,original_uniform_floor_plus_prior_scores,maximum_cardinality_certified_superset_of_eBH_then_maximum_testing_evalue_sum,200,5,5,exact_dyadic_prefix_or_HiGHS_QUBO_MILP,300.0,1
88,5bbfd9d9756eb367e4ebe62b85af8c6a890abba25442d792183a0181669956ce,proven_maximal,maximize_sum_testing_e_values_at_maximum_cardinality,proven_optimal,5317.875247254443,1.421963174438863,3739.812213739635,0,0,3,,,78;88;116,0,0,3,0,0,0,0.0,0.0,0.15,0.0,0.0,0.0,0,3,1.6108466430014232,13,7,586,35,3,,original_uniform_floor_plus_prior_scores,maximum_cardinality_certified_superset_of_eBH_then_maximum_testing_evalue_sum,200,0,0,exact_dyadic_prefix_or_HiGHS_QUBO_MILP,300.0,1
89,56dc933ac69f908044c56440d0d9d0217cb30efc65f2d51877dda6cd60bd2ab2,proven_maximal,maximize_sum_testing_e_values_at_maximum_cardinality,proven_optimal,55248.80816837474,1.0,55248.80816837474,1,1,1,1,1,1,1,1,1,0,0,0,0.05,0.05,0.05,0.0,0.0,0.0,0,0,3.441204075003043,13,7,623,37,1,,original_uniform_floor_plus_prior_scores,maximum_cardinality_certified_superset_of_eBH_then_maximum_testing_evalue_sum,200,1,1,exact_dyadic_prefix_or_HiGHS_QUBO_MILP,300.0,1
90,9676a63daba73426cf52e37ee2b97fcb40a0ea5be2e6a3c8fca13748e36cf922,proven_maximal,maximize_sum_testing_e_values_at_maximum_cardinality,proven_optimal,29656.41062497932,2.2129884562708098,13401.06883112913,5,5,5,57;76;89;129;142,57;76;89;129;142,57;76;89;129;142,5,5,5,0,0,0,0.25,0.25,0.25,0.0,0.0,0.0,0,0,2.203676246004761,15,7,709,45,5,,original_uniform_floor_plus_prior_scores,maximum_cardinality_certified_superset_of_eBH_then_maximum_testing_evalue_sum,200,5,5,exact_dyadic_prefix_or_HiGHS_QUBO_MILP,300.0,1
91,1b59f911747d807a5b9fd35e74a581d245c78b3301218248c6ddd2592cf44018,proven_maximal,maximize_sum_testing_e_values_at_maximum_cardinality,proven_optimal,25357.71031482145,1.0,25357.71031482145,1,1,1,59,59,59,1,1,1,0,0,0,0.05,0.05,0.05,0.0,0.0,0.0,0,0,2.251698404994386,16,8,821,45,1,,original_uniform_floor_plus_prior_scores,maximum_cardinality_certified_superset_of_eBH_then_maximum_testing_evalue_sum,200,1,1,exact_dyadic_prefix_or_HiGHS_QUBO_MILP,300.0,1
92,3266aec09ee4e898d7451cdfb4dae3d3b418c85918cec8aef95d97d6f2f167af,proven_maximal,maximize_sum_testing_e_values_at_maximum_cardinality,proven_optimal,4305.734444685881,1.8762502661035219,2294.861470494423,2,2,2,37;172,37;172,37;172,2,2,2,0,0,0,0.1,0.1,0.1,0.0,0.0,0.0,0,0,6.308905370999128,16,8,749,44,2,,original_uniform_floor_plus_prior_scores,maximum_cardinality_certified_superset_of_eBH_then_maximum_testing_evalue_sum,200,2,2,exact_dyadic_prefix_or_HiGHS_QUBO_MILP,300.0,1
93,686140665b843203e1b694cd8077d9e602102ab745a0de23587f3ce66d5304f0,proven_maximal,maximize_sum_testing_e_values_at_maximum_cardinality,proven_optimal,264524.2719624419,1.0130675949598802,261112.163964654,3,3,3,25;83;155,25;83;155,25;83;155,3,3,3,0,0,0,0.15,0.15,0.15,0.0,0.0,0.0,0,0,1.3690905490002478,9,5,503,36,3,,original_uniform_floor_plus_prior_scores,maximum_cardinality_certified_superset_of_eBH_then_maximum_testing_evalue_sum,200,3,3,exact_dyadic_prefix_or_HiGHS_QUBO_MILP,300.0,1
94,d1dc65c0392c641a6125fb14647cd1108e5a8da04fee9d8b58c53889fe621dc9,proven_maximal,maximize_sum_testing_e_values_at_maximum_cardinality,proven_optimal,6190.053789771183,1.0,6190.053789771183,1,1,1,167,167,167,1,1,1,0,0,0,0.05,0.05,0.05,0.0,0.0,0.0,0,0,2.2193841629996314,16,7,612,35,1,,original_uniform_floor_plus_prior_scores,maximum_cardinality_certified_superset_of_eBH_then_maximum_testing_evalue_sum,200,1,1,exact_dyadic_prefix_or_HiGHS_QUBO_MILP,300.0,1
95,ff5bcd7baf9b1baa76a96e2513b835c661ad1184b4c615aa5a17f171148cb765,proven_maximal,maximize_sum_testing_e_values_at_maximum_cardinality,proven_optimal,235136.4765515707,1.1695407956321362,201050.2561601364,4,4,6,22;44;173;197,22;44;173;197,13;22;44;49;173;197,4,4,6,0,0,0,0.2,0.2,0.3,0.0,0.0,0.0,0,2,2.803808744996786,10,7,606,34,6,,original_uniform_floor_plus_prior_scores,maximum_cardinality_certified_superset_of_eBH_then_maximum_testing_evalue_sum,200,4,4,exact_dyadic_prefix_or_HiGHS_QUBO_MILP,300.0,1
96,1c17ca06913e5ca09f86d7a50e85aac0ca49ddb32a788a37ac27c07b92975548,proven_maximal,maximize_sum_testing_e_values_at_maximum_cardinality,proven_optimal,0.0,0.0,2391.3765570428927,0,0,0,,,,0,0,0,0,0,0,0.0,0.0,0.0,0.0,0.0,0.0,0,0,1.1636995599983493,10,8,741,37,0,,original_uniform_floor_plus_prior_scores,maximum_cardinality_certified_superset_of_eBH_then_maximum_testing_evalue_sum,200,0,0,exact_dyadic_prefix_or_HiGHS_QUBO_MILP,300.0,1
97,7ca6bd22d06cf9827068da4a2d2b98808eb9499f7adf1e76020487bd62ec96d0,proven_maximal,maximize_sum_testing_e_values_at_maximum_cardinality,proven_optimal,30605.507876888056,1.1529613477922154,26545.12914547741,3,3,3,7;47;144,7;47;144,7;47;144,3,3,3,0,0,0,0.15,0.15,0.15,0.0,0.0,0.0,0,0,0.940463669001474,10,7,453,37,3,,original_uniform_floor_plus_prior_scores,maximum_cardinality_certified_superset_of_eBH_then_maximum_testing_evalue_sum,200,3,3,exact_dyadic_prefix_or_HiGHS_QUBO_MILP,300.0,1
98,d0eeeeaa629abb3e768999f4380990b4bd520a268391b9fa4f2b03ca34707601,proven_maximal,maximize_sum_testing_e_values_at_maximum_cardinality,proven_optimal,1615620.5364101795,1.044038851396422,1547471.6618536331,4,4,7,9;50;122;134,9;50;122;134,9;12;50;119;122;124;134,4,4,7,0,0,0,0.2,0.2,0.35,0.0,0.0,0.0,0,3,1.21264264400088,8,6,557,38,7,,original_uniform_floor_plus_prior_scores,maximum_cardinality_certified_superset_of_eBH_then_maximum_testing_evalue_sum,200,4,4,exact_dyadic_prefix_or_HiGHS_QUBO_MILP,300.0,1
99,46088596533e7cd727819850e17d3dda4765a16e7640cc887403694f33b45106,proven_maximal,maximize_sum_testing_e_values_at_maximum_cardinality,proven_optimal,43810.038418735145,1.0,43810.038418735145,1,1,1,91,91,91,1,1,1,0,0,0,0.05,0.05,0.05,0.0,0.0,0.0,0,0,2.2187609989996417,20,10,634,43,1,,original_uniform_floor_plus_prior_scores,maximum_cardinality_certified_superset_of_eBH_then_maximum_testing_evalue_sum,200,1,1,exact_dyadic_prefix_or_HiGHS_QUBO_MILP,300.0,1
100,90cf0bb13e70c882d597fe8adcad9c76630fc62e2378dd8fb3a423b7a7828d8d,proven_maximal,maximize_sum_testing_e_values_at_maximum_cardinality,proven_optimal,358468.9577676526,1.0715283037862098,334539.88709492265,5,5,8,18;47;70;79;91,18;47;70;79;91,18;47;70;79;91;119;142;173,5,5,8,0,0,0,0.25,0.25,0.4,0.0,0.0,0.0,0,3,1.4803239699976984,13,8,626,46,8,,original_uniform_floor_plus_prior_scores,maximum_cardinality_certified_superset_of_eBH_then_maximum_testing_evalue_sum,200,5,5,exact_dyadic_prefix_or_HiGHS_QUBO_MILP,300.0,1
101,7f3c8e8845bd6152a93d32616d3d01c1c4b4209820b6cfea0ac85a94f66f1d18,proven_maximal,maximize_sum_testing_e_values_at_maximum_cardinality,proven_optimal,8626.534800954265,2.225049879368263,3877.0073790002025,5,5,5,88;90;146;160;181,88;90;146;160;181,88;90;146;160;181,5,5,5,0,0,0,0.25,0.25,0.25,0.0,0.0,0.0,0,0,1.856102938996628,9,5,523,33,5,,original_uniform_floor_plus_prior_scores,maximum_cardinality_certified_superset_of_eBH_then_maximum_testing_evalue_sum,200,5,5,exact_dyadic_prefix_or_HiGHS_QUBO_MILP,300.0,1
102,6473de2679324e84263ae61971cc61fc3a80ce6208dddd28ee1d5e740647e778,proven_maximal,maximize_sum_testing_e_values_at_maximum_cardinality,proven_optimal,329660.0486415013,1.068802776892091,308438.6154011505,3,3,3,12;42;46,12;42;46,12;42;46,3,3,3,0,0,0,0.15,0.15,0.15,0.0,0.0,0.0,0,0,5.781182961000013,14,7,723,49,3,,original_uniform_floor_plus_prior_scores,maximum_cardinality_certified_superset_of_eBH_then_maximum_testing_evalue_sum,200,3,3,exact_dyadic_prefix_or_HiGHS_QUBO_MILP,300.0,1
103,bbf58056e94e92fc24067aa56918e4159bf8ded6c0b1e1a40aed80135d491f4c,proven_maximal,maximize_sum_testing_e_values_at_maximum_cardinality,proven_optimal,36311.39668788108,1.0,36311.39668788108,1,1,1,80,80,80,1,1,1,0,0,0,0.05,0.05,0.05,0.0,0.0,0.0,0,0,2.6150860960042337,16,6,663,43,1,,original_uniform_floor_plus_prior_scores,maximum_cardinality_certified_superset_of_eBH_then_maximum_testing_evalue_sum,200,1,1,exact_dyadic_prefix_or_HiGHS_QUBO_MILP,300.0,1
104,99feb2a3b0777ac62f4c8c5bd512e7183eaabd157c1f1e15ff8fff7dd3a80412,proven_maximal,maximize_sum_testing_e_values_at_maximum_cardinality,proven_optimal,0.0,0.0,1803.0041157323392,0,0,0,,,,0,0,0,0,0,0,0.0,0.0,0.0,0.0,0.0,0.0,0,0,1.2876865250000264,11,7,687,37,0,,original_uniform_floor_plus_prior_scores,maximum_cardinality_certified_superset_of_eBH_then_maximum_testing_evalue_sum,200,0,0,exact_dyadic_prefix_or_HiGHS_QUBO_MILP,300.0,1
105,eadbeb82d399c8cb05c4902210a9303b241cf60f9098c56c1fcdb4f5fef54bdb,proven_maximal,maximize_sum_testing_e_values_at_maximum_cardinality,proven_optimal,19317.59582482041,2.1060113920250716,9172.59797262789,6,6,9,24;97;128;132;159;179,24;97;128;132;159;179,24;50;91;97;128;132;159;170;179,6,6,9,0,0,0,0.3,0.3,0.45,0.0,0.0,0.0,0,3,4.253689231998578,12,8,620,40,9,,original_uniform_floor_plus_prior_scores,maximum_cardinality_certified_superset_of_eBH_then_maximum_testing_evalue_sum,200,6,6,exact_dyadic_prefix_or_HiGHS_QUBO_MILP,300.0,1
106,8376571b6c8eeee20157559e4d44630eaf9694053be535dd9105bc4aa0f84543,proven_maximal,maximize_sum_testing_e_values_at_maximum_cardinality,proven_optimal,0.0,0.0,733.0813105517109,0,0,0,,,,0,0,0,0,0,0,0.0,0.0,0.0,0.0,0.0,0.0,0,0,0.6331757459993241,3,3,300,38,0,,original_uniform_floor_plus_prior_scores,maximum_cardinality_certified_superset_of_eBH_then_maximum_testing_evalue_sum,200,0,0,exact_dyadic_prefix_or_HiGHS_QUBO_MILP,300.0,1
107,3f58dbfd02c4bea9126611aa269f0e0b2ef3472154891ef226a909a541b8ecdb,proven_maximal,maximize_sum_testing_e_values_at_maximum_cardinality,proven_optimal,16202.416022596577,1.8906753989055904,8569.644494224274,5,5,6,14;71;111;118;134,14;71;111;118;134,14;41;71;111;118;134,5,5,6,0,0,0,0.25,0.25,0.3,0.0,0.0,0.0,0,1,1.5317498610020266,10,7,514,32,6,,original_uniform_floor_plus_prior_scores,maximum_cardinality_certified_superset_of_eBH_then_maximum_testing_evalue_sum,200,5,5,exact_dyadic_prefix_or_HiGHS_QUBO_MILP,300.0,1
108,b6a76fe618c04d49e373cef3f442a15e3d570e5b7c185771c5412de436654f6f,proven_maximal,maximize_sum_testing_e_values_at_maximum_cardinality,proven_optimal,0.0,0.0,3368.490810582972,0,0,0,,,,0,0,0,0,0,0,0.0,0.0,0.0,0.0,0.0,0.0,0,0,1.9988035400019726,16,9,685,45,0,,original_uniform_floor_plus_prior_scores,maximum_cardinality_certified_superset_of_eBH_then_maximum_testing_evalue_sum,200,0,0,exact_dyadic_prefix_or_HiGHS_QUBO_MILP,300.0,1
109,cae23adb98424ccd840c85bce609612766e572d875c5e286be3fa54a65e5e9ba,proven_maximal,maximize_sum_testing_e_values_at_maximum_cardinality,proven_optimal,8321.223724655592,1.6791911210402473,4955.495309849335,2,2,2,4;80,4;80,4;80,2,2,2,0,0,0,0.1,0.1,0.1,0.0,0.0,0.0,0,0,2.3544291840007645,16,7,628,44,2,,original_uniform_floor_plus_prior_scores,maximum_cardinality_certified_superset_of_eBH_then_maximum_testing_evalue_sum,200,2,2,exact_dyadic_prefix_or_HiGHS_QUBO_MILP,300.0,1
110,c4a779bcd2f18673d8690a024f6d86d742179f88456b4d1abaa3ffedee9470a3,proven_maximal,maximize_sum_testing_e_values_at_maximum_cardinality,proven_optimal,20655.85454332971,1.6337153317170412,12643.484542451057,3,3,3,11;22;171,11;22;171,11;22;171,3,3,3,0,0,0,0.15,0.15,0.15,0.0,0.0,0.0,0,0,1.3372298100002808,11,7,698,37,3,,original_uniform_floor_plus_prior_scores,maximum_cardinality_certified_superset_of_eBH_then_maximum_testing_evalue_sum,200,3,3,exact_dyadic_prefix_or_HiGHS_QUBO_MILP,300.0,1
111,2eabd0501f6655c1651110b4034d7de50be683e5c4db369589368a2b64196702,proven_maximal,maximize_sum_testing_e_values_at_maximum_cardinality,proven_optimal,29995.886524149013,1.8514757486745954,16201.06909076286,9,9,9,23;43;55;58;73;75;77;121;151,23;43;55;58;73;75;77;121;151,23;43;55;58;73;75;77;121;151,9,9,9,0,0,0,0.45,0.45,0.45,0.0,0.0,0.0,0,0,2.2904108009970514,10,6,579,48,9,,original_uniform_floor_plus_prior_scores,maximum_cardinality_certified_superset_of_eBH_then_maximum_testing_evalue_sum,200,9,9,exact_dyadic_prefix_or_HiGHS_QUBO_MILP,300.0,1
112,de86fb01c6e7f6ddd5ee816cec04103741a76b6a07a9b58cb356cd9b5c51931e,proven_maximal,maximize_sum_testing_e_values_at_maximum_cardinality,proven_optimal,11108.703439028275,2.032310528393436,5466.0462974670645,3,3,5,43;53;114,43;53;114,43;53;110;114;176,3,3,5,0,0,0,0.15,0.15,0.25,0.0,0.0,0.0,0,2,5.879902611995931,16,11,612,38,5,,original_uniform_floor_plus_prior_scores,maximum_cardinality_certified_superset_of_eBH_then_maximum_testing_evalue_sum,200,3,3,exact_dyadic_prefix_or_HiGHS_QUBO_MILP,300.0,1
113,4cad478cf5438c8a27adc8bdcc21f299151450066b7da4edbd6d8f8569d4e933,proven_maximal,maximize_sum_testing_e_values_at_maximum_cardinality,proven_optimal,6931.550369580497,1.0,6931.550369580497,1,1,1,176,176,176,1,1,1,0,0,0,0.05,0.05,0.05,0.0,0.0,0.0,0,0,2.3689749690020108,16,8,736,50,1,,original_uniform_floor_plus_prior_scores,maximum_cardinality_certified_superset_of_eBH_then_maximum_testing_evalue_sum,200,1,1,exact_dyadic_prefix_or_HiGHS_QUBO_MILP,300.0,1
114,a85701417e710049330f4229c0fc88a910ef14f8c6b4c2c2958a4e4d3a47582e,proven_maximal,maximize_sum_testing_e_values_at_maximum_cardinality,proven_optimal,43325.25987228857,1.3985757408201225,30978.129112180013,5,5,5,40;102;135;166;186,40;102;135;166;186,40;102;135;166;186,5,5,5,0,0,0,0.25,0.25,0.25,0.0,0.0,0.0,0,0,2.4059872569996514,16,9,655,47,5,,original_uniform_floor_plus_prior_scores,maximum_cardinality_certified_superset_of_eBH_then_maximum_testing_evalue_sum,200,5,5,exact_dyadic_prefix_or_HiGHS_QUBO_MILP,300.0,1
115,634b9db0f8a643df69f7b9dad8163d702bd74b0c1a8dd32d5739f5b24ba23144,proven_maximal,maximize_sum_testing_e_values_at_maximum_cardinality,proven_optimal,6387.473524583479,1.0,6387.473524583479,1,1,1,131,131,131,1,1,1,0,0,0,0.05,0.05,0.05,0.0,0.0,0.0,0,0,4.282284281995089,16,6,612,44,1,,original_uniform_floor_plus_prior_scores,maximum_cardinality_certified_superset_of_eBH_then_maximum_testing_evalue_sum,200,1,1,exact_dyadic_prefix_or_HiGHS_QUBO_MILP,300.0,1
116,f6aafa9154093815f4cd4487adbfc0f48c431e1f3a24509db1d31f64c524e9f9,proven_maximal,maximize_sum_testing_e_values_at_maximum_cardinality,proven_optimal,9927.611855363219,2.2698539102996635,4373.678768627266,3,3,3,51;55;126,51;55;126,51;55;126,3,3,3,0,0,0,0.15,0.15,0.15,0.0,0.0,0.0,0,0,1.4720617850034614,14,7,622,40,3,,original_uniform_floor_plus_prior_scores,maximum_cardinality_certified_superset_of_eBH_then_maximum_testing_evalue_sum,200,3,3,exact_dyadic_prefix_or_HiGHS_QUBO_MILP,300.0,1
117,a202e58d10911a65bc197b38af1ba91475e27d65af7c473a168d1618e9a37674,proven_maximal,maximize_sum_testing_e_values_at_maximum_cardinality,proven_optimal,10729.187871334598,2.5663173841094715,4180.772003404284,4,4,4,41;53;74;120,41;53;74;120,41;53;74;120,4,4,4,0,0,0,0.2,0.2,0.2,0.0,0.0,0.0,0,0,2.212439157003246,17,7,539,48,4,,original_uniform_floor_plus_prior_scores,maximum_cardinality_certified_superset_of_eBH_then_maximum_testing_evalue_sum,200,4,4,exact_dyadic_prefix_or_HiGHS_QUBO_MILP,300.0,1
118,905d6cbe98605a8493c1d4a04df0db227f050d7024ee82db028a3e1f1a4a6ec4,proven_maximal,maximize_sum_testing_e_values_at_maximum_cardinality,proven_optimal,11811.853500663907,2.348616155515971,5029.282231974149,3,3,3,33;75;131,33;75;131,33;75;131,3,3,3,0,0,0,0.15,0.15,0.15,0.0,0.0,0.0,0,0,1.8334195069983252,14,7,665,38,3,,original_uniform_floor_plus_prior_scores,maximum_cardinality_certified_superset_of_eBH_then_maximum_testing_evalue_sum,200,3,3,exact_dyadic_prefix_or_HiGHS_QUBO_MILP,300.0,1
119,77d0d2b2013b8aead9fff2c16df8a1a4765a543d2221c1347ad3d01c2b575eae,proven_maximal,maximize_sum_testing_e_values_at_maximum_cardinality,proven_optimal,38735.73283922532,2.5815879029453916,15004.615103375272,12,12,13,23;37;44;59;81;94;138;152;155;157;172;176,23;37;44;59;81;94;138;152;155;157;172;176,23;37;44;59;81;94;138;144;152;155;157;172;176,12,12,13,0,0,0,0.6,0.6,0.65,0.0,0.0,0.0,0,1,4.499930297999526,16,7,700,50,13,,original_uniform_floor_plus_prior_scores,maximum_cardinality_certified_superset_of_eBH_then_maximum_testing_evalue_sum,200,12,12,exact_dyadic_prefix_or_HiGHS_QUBO_MILP,300.0,1
120,f5e8461cf0af9656c28a06ad9eeb966ab727c3e77d296ee05e4970b617dad02d,proven_maximal,maximize_sum_testing_e_values_at_maximum_cardinality,proven_optimal,148022.73914040058,1.0518276074951791,140729.08724358524,5,5,5,18;83;84;130;157,18;83;84;130;157,18;83;84;130;157,5,5,5,0,0,0,0.25,0.25,0.25,0.0,0.0,0.0,0,0,6.51943869599927,14,6,628,49,5,,original_uniform_floor_plus_prior_scores,maximum_cardinality_certified_superset_of_eBH_then_maximum_testing_evalue_sum,200,5,5,exact_dyadic_prefix_or_HiGHS_QUBO_MILP,300.0,1
121,26a3cacba89c5a8e440abc4827cc9b69facdb16be3009e47dfff16f22e52326e,proven_maximal,maximize_sum_testing_e_values_at_maximum_cardinality,proven_optimal,0.0,0.0,2056.6955112800947,0,0,0,,,,0,0,0,0,0,0,0.0,0.0,0.0,0.0,0.0,0.0,0,0,3.6236115409992635,13,10,914,43,0,,original_uniform_floor_plus_prior_scores,maximum_cardinality_certified_superset_of_eBH_then_maximum_testing_evalue_sum,200,0,0,exact_dyadic_prefix_or_HiGHS_QUBO_MILP,300.0,1
122,192b7d7f29958cbdfbd7a8b32dfab72764c106b29baa9bb59da6847b80e9df7f,proven_maximal,maximize_sum_testing_e_values_at_maximum_cardinality,proven_optimal,0.0,0.0,1846.40426978216,0,0,0,,,,0,0,0,0,0,0,0.0,0.0,0.0,0.0,0.0,0.0,0,0,2.437173910999263,18,8,645,41,0,,original_uniform_floor_plus_prior_scores,maximum_cardinality_certified_superset_of_eBH_then_maximum_testing_evalue_sum,200,0,0,exact_dyadic_prefix_or_HiGHS_QUBO_MILP,300.0,1
123,24c41361a967fccae6c8759ec52dfa077b43286ebe707637a923cb2236fa25cd,proven_maximal,maximize_sum_testing_e_values_at_maximum_cardinality,proven_optimal,0.0,0.0,525.677731548747,0,0,0,,,,0,0,0,0,0,0,0.0,0.0,0.0,0.0,0.0,0.0,0,0,0.4440922830035561,3,3,300,27,0,,original_uniform_floor_plus_prior_scores,maximum_cardinality_certified_superset_of_eBH_then_maximum_testing_evalue_sum,200,0,0,exact_dyadic_prefix_or_HiGHS_QUBO_MILP,300.0,1
124,9564046d4510746d1c967a7c0a3171f72da5c7a48d3e841a6496fe0a288c7c1c,proven_maximal,maximize_sum_testing_e_values_at_maximum_cardinality,proven_optimal,22913.62192242964,1.5397896720856732,14881.007671257285,5,5,7,7;70;112;175;181,7;70;112;175;181,7;70;109;112;142;175;181,5,5,7,0,0,0,0.25,0.25,0.35,0.0,0.0,0.0,0,2,2.552171314993757,15,8,613,38,7,,original_uniform_floor_plus_prior_scores,maximum_cardinality_certified_superset_of_eBH_then_maximum_testing_evalue_sum,200,5,5,exact_dyadic_prefix_or_HiGHS_QUBO_MILP,300.0,1
125,d039c82e7f352ad1ff6dc418b77574ab301e26bdb8777dd4739c032eb5e22541,proven_maximal,maximize_sum_testing_e_values_at_maximum_cardinality,proven_optimal,11372.484504989632,1.393091923438237,8163.484629873983,2,2,3,49;55,49;55,49;55;116,2,2,3,0,0,0,0.1,0.1,0.15,0.0,0.0,0.0,0,1,6.69977029900474,19,10,725,32,3,,original_uniform_floor_plus_prior_scores,maximum_cardinality_certified_superset_of_eBH_then_maximum_testing_evalue_sum,200,2,2,exact_dyadic_prefix_or_HiGHS_QUBO_MILP,300.0,1
126,6ac7da2bb5ef203fd376de504314c2bbd6c8b88c248a9a1db78ffabef5051176,proven_maximal,maximize_sum_testing_e_values_at_maximum_cardinality,proven_optimal,107348.65419593238,1.4174627215266342,75732.96465978015,7,7,12,45;84;87;160;162;185;186,45;84;87;160;162;185;186,45;73;84;87;88;118;140;160;162;185;186;189,7,7,12,0,0,0,0.35,0.35,0.6,0.0,0.0,0.0,0,5,2.588293804001296,10,8,701,67,12,,original_uniform_floor_plus_prior_scores,maximum_cardinality_certified_superset_of_eBH_then_maximum_testing_evalue_sum,200,7,7,exact_dyadic_prefix_or_HiGHS_QUBO_MILP,300.0,1
127,f2abeb73713a560cfff3495c3beb305bd0e138208039402c4daf87ddd033bae1,proven_maximal,maximize_sum_testing_e_values_at_maximum_cardinality,proven_optimal,0.0,0.0,1184.5006534620202,0,0,0,,,,0,0,0,0,0,0,0.0,0.0,0.0,0.0,0.0,0.0,0,0,2.4079647949984064,14,8,720,38,0,,original_uniform_floor_plus_prior_scores,maximum_cardinality_certified_superset_of_eBH_then_maximum_testing_evalue_sum,200,0,0,exact_dyadic_prefix_or_HiGHS_QUBO_MILP,300.0,1
128,4828407984fccfd62b3aa87f03ccd5a6f2f72d632dca6b567e3902feb6f7a35c,proven_maximal,maximize_sum_testing_e_values_at_maximum_cardinality,proven_optimal,13027.044549809374,1.0,13027.044549809374,1,1,1,190,190,190,1,1,1,0,0,0,0.05,0.05,0.05,0.0,0.0,0.0,0,0,8.443841810003505,16,6,659,33,1,,original_uniform_floor_plus_prior_scores,maximum_cardinality_certified_superset_of_eBH_then_maximum_testing_evalue_sum,200,1,1,exact_dyadic_prefix_or_HiGHS_QUBO_MILP,300.0,1
129,26ff6e3f7acbae22b12e848aa3ded69c6b51a74c6b571589123dc8691794ef65,proven_maximal,maximize_sum_testing_e_values_at_maximum_cardinality,proven_optimal,36974.756123879255,2.0574634042764792,17971.039507690137,4,4,4,26;117;128;193,26;117;128;193,26;117;128;193,4,4,4,0,0,0,0.2,0.2,0.2,0.0,0.0,0.0,0,0,1.9002330210059881,15,6,666,50,4,,original_uniform_floor_plus_prior_scores,maximum_cardinality_certified_superset_of_eBH_then_maximum_testing_evalue_sum,200,4,4,exact_dyadic_prefix_or_HiGHS_QUBO_MILP,300.0,1
130,09b2bf66b76f6f0b59141342cff4c1077e2741300a664e660851663ae9b2b0a3,proven_maximal,maximize_sum_testing_e_values_at_maximum_cardinality,proven_optimal,11299.515574898662,1.4300318640931229,7901.583075608197,2,2,2,137;152,137;152,137;152,2,2,2,0,0,0,0.1,0.1,0.1,0.0,0.0,0.0,0,0,2.138446330995066,15,9,826,50,2,,original_uniform_floor_plus_prior_scores,maximum_cardinality_certified_superset_of_eBH_then_maximum_testing_evalue_sum,200,2,2,exact_dyadic_prefix_or_HiGHS_QUBO_MILP,300.0,1
131,5d7e4b466777f515873716dfeb33f819e2f9d32fe59922ca22456cc566f66cd4,proven_maximal,maximize_sum_testing_e_values_at_maximum_cardinality,proven_optimal,124420.80973294245,1.1408695839206842,109057.87259693696,7,7,7,2;62;75;174;175;188;195,2;62;75;174;175;188;195,2;62;75;174;175;188;195,7,7,7,0,0,0,0.35,0.35,0.35,0.0,0.0,0.0,0,0,2.208332210997469,13,7,702,55,7,,original_uniform_floor_plus_prior_scores,maximum_cardinality_certified_superset_of_eBH_then_maximum_testing_evalue_sum,200,7,7,exact_dyadic_prefix_or_HiGHS_QUBO_MILP,300.0,1
132,a7cdfc51ac7e0df438a22d922060d36fcaba33494d95b0adf38bbafe1fc0a2e0,proven_maximal,maximize_sum_testing_e_values_at_maximum_cardinality,proven_optimal,7911.133974104218,1.34633765698852,5876.040035751355,2,2,2,3;100,3;100,3;100,2,2,2,0,0,0,0.1,0.1,0.1,0.0,0.0,0.0,0,0,2.9639629410012276,14,6,607,33,2,,original_uniform_floor_plus_prior_scores,maximum_cardinality_certified_superset_of_eBH_then_maximum_testing_evalue_sum,200,2,2,exact_dyadic_prefix_or_HiGHS_QUBO_MILP,300.0,1
133,86d308159cc1582f98d2933fb4bdee60148e92dd035647b2b02fe808bac2e691,proven_maximal,maximize_sum_testing_e_values_at_maximum_cardinality,proven_optimal,19963.401630826273,2.389919804869,8353.167997584982,4,4,4,5;52;66;127,5;52;66;127,5;52;66;127,4,4,4,0,0,0,0.2,0.2,0.2,0.0,0.0,0.0,0,0,4.597286762000294,13,8,639,42,4,,original_uniform_floor_plus_prior_scores,maximum_cardinality_certified_superset_of_eBH_then_maximum_testing_evalue_sum,200,4,4,exact_dyadic_prefix_or_HiGHS_QUBO_MILP,300.0,1
134,b3eeb283cc50b7662c6ce965e1b1fab0f2003f35de1af196017f2848a6b0e694,proven_maximal,maximize_sum_testing_e_values_at_maximum_cardinality,proven_optimal,90310.64666538779,1.2091230311809078,74691.03171178914,9,9,9,38;67;86;99;102;107;182;184;196,38;67;86;99;102;107;182;184;196,38;67;86;99;102;107;182;184;196,9,9,9,0,0,0,0.45,0.45,0.45,0.0,0.0,0.0,0,0,2.9265956499948516,15,6,700,39,9,,original_uniform_floor_plus_prior_scores,maximum_cardinality_certified_superset_of_eBH_then_maximum_testing_evalue_sum,200,9,9,exact_dyadic_prefix_or_HiGHS_QUBO_MILP,300.0,1
135,8fbaa23b2af383c2d69634a911a3f1d1354e5337d6739c203c1489f6ee543b83,proven_maximal,maximize_sum_testing_e_values_at_maximum_cardinality,proven_optimal,12444.004301383344,2.561445808108728,4858.195423065192,5,5,5,24;38;43;56;83,24;38;43;56;83,24;38;43;56;83,5,5,5,0,0,0,0.25,0.25,0.25,0.0,0.0,0.0,0,0,3.245430483002565,17,7,578,43,5,,original_uniform_floor_plus_prior_scores,maximum_cardinality_certified_superset_of_eBH_then_maximum_testing_evalue_sum,200,5,5,exact_dyadic_prefix_or_HiGHS_QUBO_MILP,300.0,1
136,ac84f1843865ca4398c4a193be2506e562d45e173d17658145cd3c7e8a2856ff,proven_maximal,maximize_sum_testing_e_values_at_maximum_cardinality,proven_optimal,6971.840026992284,1.6017680611750778,4352.5902382381455,2,2,2,26;132,26;132,26;132,2,2,2,0,0,0,0.1,0.1,0.1,0.0,0.0,0.0,0,0,2.2588507479958935,13,7,722,50,2,,original_uniform_floor_plus_prior_scores,maximum_cardinality_certified_superset_of_eBH_then_maximum_testing_evalue_sum,200,2,2,exact_dyadic_prefix_or_HiGHS_QUBO_MILP,300.0,1
137,507dd506c789509ff1a90efad34364f2577e6a0381fc2045c91f58ee021d5826,proven_maximal,maximize_sum_testing_e_values_at_maximum_cardinality,proven_optimal,13081.8251495992,3.2473920987136595,4028.40949042806,7,7,7,7;36;39;47;55;157;158,7;36;39;47;55;157;158,7;36;39;47;55;157;158,7,7,7,0,0,0,0.35,0.35,0.35,0.0,0.0,0.0,0,0,8.928454170003533,15,6,615,39,7,,original_uniform_floor_plus_prior_scores,maximum_cardinality_certified_superset_of_eBH_then_maximum_testing_evalue_sum,200,7,7,exact_dyadic_prefix_or_HiGHS_QUBO_MILP,300.0,1
138,4aeb6247a682faa71bb6a0daff27644936d7de518832bda571adfe826cc00f7f,proven_maximal,maximize_sum_testing_e_values_at_maximum_cardinality,proven_optimal,0.0,0.0,2895.149353927671,0,0,0,,,,0,0,0,0,0,0,0.0,0.0,0.0,0.0,0.0,0.0,0,0,6.986399852998147,20,12,897,52,0,,original_uniform_floor_plus_prior_scores,maximum_cardinality_certified_superset_of_eBH_then_maximum_testing_evalue_sum,200,0,0,exact_dyadic_prefix_or_HiGHS_QUBO_MILP,300.0,1
139,576210e8ee17753501187a22dc25acd8645059f17214a3c5b8049777daa44e69,proven_maximal,maximize_sum_testing_e_values_at_maximum_cardinality,proven_optimal,44163.5874054012,1.1749097674516853,37588.918424935386,8,8,8,10;24;32;33;38;122;169;195,10;24;32;33;38;122;169;195,10;24;32;33;38;122;169;195,8,8,8,0,0,0,0.4,0.4,0.4,0.0,0.0,0.0,0,0,3.6783216480034753,18,8,769,42,8,,original_uniform_floor_plus_prior_scores,maximum_cardinality_certified_superset_of_eBH_then_maximum_testing_evalue_sum,200,8,8,exact_dyadic_prefix_or_HiGHS_QUBO_MILP,300.0,1
140,8c4cee6ca7ed84f0be6ab5dd0156cf2db6e770374193096039403f7f07757362,proven_maximal,maximize_sum_testing_e_values_at_maximum_cardinality,proven_optimal,7812.527203430513,3.3567365232454818,2327.4174631605943,4,4,4,35;66;153;176,35;66;153;176,35;66;153;176,4,4,4,0,0,0,0.2,0.2,0.2,0.0,0.0,0.0,0,0,3.104391372005921,15,7,646,46,4,,original_uniform_floor_plus_prior_scores,maximum_cardinality_certified_superset_of_eBH_then_maximum_testing_evalue_sum,200,4,4,exact_dyadic_prefix_or_HiGHS_QUBO_MILP,300.0,1
141,727db287aedb5f84d44c94cb1c1609b11ea450ab6acc228b2b0aac573134a1d6,proven_maximal,maximize_sum_testing_e_values_at_maximum_cardinality,proven_optimal,60312.233136586256,1.7400763529247851,34660.682006977,6,6,6,18;33;73;102;127;186,18;33;73;102;127;186,18;33;73;102;127;186,6,6,6,0,0,0,0.3,0.3,0.3,0.0,0.0,0.0,0,0,2.3652279450034257,14,7,668,34,6,,original_uniform_floor_plus_prior_scores,maximum_cardinality_certified_superset_of_eBH_then_maximum_testing_evalue_sum,200,6,6,exact_dyadic_prefix_or_HiGHS_QUBO_MILP,300.0,1
142,7b1395aca84ff4d4f0e2bc2d2fa3c662446fbfa9b1e4cf9d12d46fded01d2bf6,proven_maximal,maximize_sum_testing_e_values_at_maximum_cardinality,proven_optimal,19401.52302699165,3.1367807078185628,6185.170349534638,8,8,8,21;65;124;130;132;174;180;197,21;65;124;130;132;174;180;197,21;65;124;130;132;174;180;197,8,8,8,0,0,0,0.4,0.4,0.4,0.0,0.0,0.0,0,0,3.4311799770002835,16,6,627,38,8,,original_uniform_floor_plus_prior_scores,maximum_cardinality_certified_superset_of_eBH_then_maximum_testing_evalue_sum,200,8,8,exact_dyadic_prefix_or_HiGHS_QUBO_MILP,300.0,1
143,95d7d548ff4020bd4cc1577306f7c369e0b8a11722879ba0e0b1879e49f38643,proven_maximal,maximize_sum_testing_e_values_at_maximum_cardinality,proven_optimal,15100.476780895333,2.641807325792858,5715.964458673528,4,4,4,23;82;108;192,23;82;108;192,23;82;108;192,4,4,4,0,0,0,0.2,0.2,0.2,0.0,0.0,0.0,0,0,2.602689656006987,14,7,662,47,4,,original_uniform_floor_plus_prior_scores,maximum_cardinality_certified_superset_of_eBH_then_maximum_testing_evalue_sum,200,4,4,exact_dyadic_prefix_or_HiGHS_QUBO_MILP,300.0,1
144,2839eab0a78940b357e0dceb81ffa1580a4c0568ce5db810ce2e35a6cc63f570,proven_maximal,maximize_sum_testing_e_values_at_maximum_cardinality,proven_optimal,93779.35830833008,1.252066837375441,74899.64234250353,3,3,4,110;170;194,110;170;194,52;110;170;194,3,3,4,0,0,0,0.15,0.15,0.2,0.0,0.0,0.0,0,1,3.3476367499970365,9,6,528,27,4,,original_uniform_floor_plus_prior_scores,maximum_cardinality_certified_superset_of_eBH_then_maximum_testing_evalue_sum,200,3,3,exact_dyadic_prefix_or_HiGHS_QUBO_MILP,300.0,1
145,ec33a6170fdb5635cc3f8e1fcfb36fc81581f527016c78086f2b4cbb2ae6e076,proven_maximal,maximize_sum_testing_e_values_at_maximum_cardinality,proven_optimal,7987.864081039723,1.0,7987.864081039723,1,1,1,197,197,197,1,1,1,0,0,0,0.05,0.05,0.05,0.0,0.0,0.0,0,0,2.85919133900461,15,6,550,46,1,,original_uniform_floor_plus_prior_scores,maximum_cardinality_certified_superset_of_eBH_then_maximum_testing_evalue_sum,200,1,1,exact_dyadic_prefix_or_HiGHS_QUBO_MILP,300.0,1
146,54b825fff1e3c125ae544bf2865319b872dad9ebc8080524c709e4a7e63c9ebe,proven_maximal,maximize_sum_testing_e_values_at_maximum_cardinality,proven_optimal,15491.658480726966,2.5890190015587184,5983.601692919294,3,3,3,17;97;172,17;97;172,17;97;172,3,3,3,0,0,0,0.15,0.15,0.15,0.0,0.0,0.0,0,0,5.617274096002802,10,6,601,32,3,,original_uniform_floor_plus_prior_scores,maximum_cardinality_certified_superset_of_eBH_then_maximum_testing_evalue_sum,200,3,3,exact_dyadic_prefix_or_HiGHS_QUBO_MILP,300.0,1
147,d9893be58f0f1c265304e5f900d24dda217e422c04a9bc5b1728408deb657b72,proven_maximal,maximize_sum_testing_e_values_at_maximum_cardinality,proven_optimal,6876.839566246854,2.308574706147984,2978.824790869053,4,4,5,83;116;175;197,83;116;175;197,57;83;116;175;197,4,4,5,0,0,0,0.2,0.2,0.25,0.0,0.0,0.0,0,1,2.133398268997553,12,8,709,43,5,,original_uniform_floor_plus_prior_scores,maximum_cardinality_certified_superset_of_eBH_then_maximum_testing_evalue_sum,200,4,4,exact_dyadic_prefix_or_HiGHS_QUBO_MILP,300.0,1
148,9d072905342b3e014c904877e27255622f6cab86c3db84452f6e3ac8588ef46f,proven_maximal,maximize_sum_testing_e_values_at_maximum_cardinality,proven_optimal,18230.09393855189,1.4503267054724331,12569.6464594945,5,5,5,10;44;67;87;96,10;44;67;87;96,10;44;67;87;96,5,5,5,0,0,0,0.25,0.25,0.25,0.0,0.0,0.0,0,0,5.861251980000816,15,7,712,42,5,,original_uniform_floor_plus_prior_scores,maximum_cardinality_certified_superset_of_eBH_then_maximum_testing_evalue_sum,200,5,5,exact_dyadic_prefix_or_HiGHS_QUBO_MILP,300.0,1
149,84ed122b14b8c364e1a34813c9893479812549bd0196dad7aff35432f491a10a,proven_maximal,maximize_sum_testing_e_values_at_maximum_cardinality,proven_optimal,301917.4441589496,1.0410450075344797,290013.8245453811,4,4,4,56;170;187;198,56;170;187;198,56;170;187;198,4,4,4,0,0,0,0.2,0.2,0.2,0.0,0.0,0.0,0,0,2.9131635679950705,14,6,618,49,4,,original_uniform_floor_plus_prior_scores,maximum_cardinality_certified_superset_of_eBH_then_maximum_testing_evalue_sum,200,4,4,exact_dyadic_prefix_or_HiGHS_QUBO_MILP,300.0,1
150,a441974337d235b956725188b11483b41c81df2640059d33eb4a22e8dbac553e,proven_maximal,maximize_sum_testing_e_values_at_maximum_cardinality,proven_optimal,111836.82522785026,1.0183922828570933,109817.03918071016,1,1,3,53,53,40;53;180,1,1,3,0,0,0,0.05,0.05,0.15,0.0,0.0,0.0,0,2,3.728546644000744,19,11,787,35,3,,original_uniform_floor_plus_prior_scores,maximum_cardinality_certified_superset_of_eBH_then_maximum_testing_evalue_sum,200,1,1,exact_dyadic_prefix_or_HiGHS_QUBO_MILP,300.0,1
151,e18ad6b35aa4563c4796d1cd1bea19ddc68693b5606dcea061cff71286809650,proven_maximal,maximize_sum_testing_e_values_at_maximum_cardinality,proven_optimal,34063.397799074635,1.1209342431260045,30388.39968353573,1,1,5,47,47,47;84;91;120;128,1,1,5,0,0,0,0.05,0.05,0.25,0.0,0.0,0.0,0,4,2.7754064189939527,14,9,640,49,5,,original_uniform_floor_plus_prior_scores,maximum_cardinality_certified_superset_of_eBH_then_maximum_testing_evalue_sum,200,1,1,exact_dyadic_prefix_or_HiGHS_QUBO_MILP,300.0,1
152,80003e68f4ca5c26342077058ff4a53ff2e2af34f21502c779f2b50f69b8e762,proven_maximal,maximize_sum_testing_e_values_at_maximum_cardinality,proven_optimal,2815.1061908554993,1.2272800479761727,2293.776547168437,0,0,2,,,24;194,0,0,2,0,0,0,0.0,0.0,0.1,0.0,0.0,0.0,0,2,4.029777964002278,8,8,506,40,2,,original_uniform_floor_plus_prior_scores,maximum_cardinality_certified_superset_of_eBH_then_maximum_testing_evalue_sum,200,0,0,exact_dyadic_prefix_or_HiGHS_QUBO_MILP,300.0,1
153,80e496ac6f0b802b962c8054743a74961667b96921d70688cce0a1afe3c965b0,proven_maximal,maximize_sum_testing_e_values_at_maximum_cardinality,proven_optimal,25397.49289791389,1.2663005249189687,20056.449790652256,5,5,5,46;88;129;144;146,46;88;129;144;146,46;88;129;144;146,5,5,5,0,0,0,0.25,0.25,0.25,0.0,0.0,0.0,0,0,2.2767946270032553,12,6,603,43,5,,original_uniform_floor_plus_prior_scores,maximum_cardinality_certified_superset_of_eBH_then_maximum_testing_evalue_sum,200,5,5,exact_dyadic_prefix_or_HiGHS_QUBO_MILP,300.0,1
154,919c7767336555d216393db7cc2a89fee237cd98fc128a4b58f07234de682899,proven_maximal,maximize_sum_testing_e_values_at_maximum_cardinality,proven_optimal,32380.450044904777,1.8532202360312637,17472.532090545617,4,4,4,16;129;133;134,16;129;133;134,16;129;133;134,4,4,4,0,0,0,0.2,0.2,0.2,0.0,0.0,0.0,0,0,5.859363668998412,18,9,838,42,4,,original_uniform_floor_plus_prior_scores,maximum_cardinality_certified_superset_of_eBH_then_maximum_testing_evalue_sum,200,4,4,exact_dyadic_prefix_or_HiGHS_QUBO_MILP,300.0,1
155,173de92fe30c72cb749c2ac46dc8055be95f21b2038752b12fc2b30256e4b65d,proven_maximal,maximize_sum_testing_e_values_at_maximum_cardinality,proven_optimal,286738.50108435727,1.2757033465412089,224768.9495067847,9,9,12,4;10;15;43;66;78;107;115;197,4;10;15;43;66;78;107;115;197,4;10;15;43;66;78;87;107;115;123;171;197,9,9,12,0,0,0,0.45,0.45,0.6,0.0,0.0,0.0,0,3,3.3476787230029004,14,7,610,49,12,,original_uniform_floor_plus_prior_scores,maximum_cardinality_certified_superset_of_eBH_then_maximum_testing_evalue_sum,200,9,9,exact_dyadic_prefix_or_HiGHS_QUBO_MILP,300.0,1
156,a7367248b39d12074c82a5feafe466cac7e41b958b2f5072f5164000931b455c,proven_maximal,maximize_sum_testing_e_values_at_maximum_cardinality,proven_optimal,64826.13831413304,1.6024008964290328,40455.63033482992,5,5,6,12;51;86;133;153,12;51;86;133;153,1;12;51;86;133;153,5,5,6,0,0,0,0.25,0.25,0.3,0.0,0.0,0.0,0,1,1.9041733649937669,11,7,602,33,6,,original_uniform_floor_plus_prior_scores,maximum_cardinality_certified_superset_of_eBH_then_maximum_testing_evalue_sum,200,5,5,exact_dyadic_prefix_or_HiGHS_QUBO_MILP,300.0,1
157,485781d0e32562a5732ee2fca835ebf5860020bfd199cd0c78f0955090997d07,proven_maximal,maximize_sum_testing_e_values_at_maximum_cardinality,proven_optimal,10702.26892076919,1.2738719854054363,8401.369245405745,2,2,2,30;124,30;124,30;124,2,2,2,0,0,0,0.1,0.1,0.1,0.0,0.0,0.0,0,0,5.642447846999858,15,7,648,35,2,,original_uniform_floor_plus_prior_scores,maximum_cardinality_certified_superset_of_eBH_then_maximum_testing_evalue_sum,200,2,2,exact_dyadic_prefix_or_HiGHS_QUBO_MILP,300.0,1
158,2fadf0b8dbb1acf3def491bd76a9e866be4765b5d19210221fffc478d04f8c54,proven_maximal,maximize_sum_testing_e_values_at_maximum_cardinality,proven_optimal,52196.503082057134,2.3376795155453656,22328.34002050107,9,9,10,4;5;21;35;52;74;118;143;178,4;5;21;35;52;74;118;143;178,4;5;21;28;35;52;74;118;143;178,9,9,10,0,0,0,0.45,0.45,0.5,0.0,0.0,0.0,0,1,2.3417530590013484,14,6,576,33,10,,original_uniform_floor_plus_prior_scores,maximum_cardinality_certified_superset_of_eBH_then_maximum_testing_evalue_sum,200,9,9,exact_dyadic_prefix_or_HiGHS_QUBO_MILP,300.0,1
159,fe87d8357e0fb9669653b91de830db7cb9244c3734340066eedfa65681857484,proven_maximal,maximize_sum_testing_e_values_at_maximum_cardinality,proven_optimal,135964.83852001902,1.096915579380935,123951.96228022702,4,4,5,63;108;114;199,63;108;114;199,44;63;108;114;199,4,4,5,0,0,0,0.2,0.2,0.25,0.0,0.0,0.0,0,1,2.3235139719981817,15,8,639,42,5,,original_uniform_floor_plus_prior_scores,maximum_cardinality_certified_superset_of_eBH_then_maximum_testing_evalue_sum,200,4,4,exact_dyadic_prefix_or_HiGHS_QUBO_MILP,300.0,1
160,83711585c9ca5caea5fed9c8361ac2b2cfe858d9aeb879febf1b395bce2cee57,proven_maximal,maximize_sum_testing_e_values_at_maximum_cardinality,proven_optimal,27333.552283110934,1.241972576851192,22008.17698600919,5,5,5,31;73;83;90;131,31;73;83;90;131,31;73;83;90;131,5,5,5,0,0,0,0.25,0.25,0.25,0.0,0.0,0.0,0,0,0.9806444380010362,10,7,697,42,5,,original_uniform_floor_plus_prior_scores,maximum_cardinality_certified_superset_of_eBH_then_maximum_testing_evalue_sum,200,5,5,exact_dyadic_prefix_or_HiGHS_QUBO_MILP,300.0,1
161,ef3ebcb2ed6ceeb4edf95aa9f82ad5526f3f57e4325a9421d75b74c0ec0be983,proven_maximal,maximize_sum_testing_e_values_at_maximum_cardinality,proven_optimal,7570.350767021035,1.9455562299595108,3891.098417226719,3,3,4,55;83;94,55;83;94,55;83;94;113,3,3,4,0,0,0,0.15,0.15,0.2,0.0,0.0,0.0,0,1,3.260831476000021,13,7,633,50,4,,original_uniform_floor_plus_prior_scores,maximum_cardinality_certified_superset_of_eBH_then_maximum_testing_evalue_sum,200,3,3,exact_dyadic_prefix_or_HiGHS_QUBO_MILP,300.0,1
162,bc0935be4f25cdeaef2a9bc720e04a72e3fa638bd8d88d8d527c6249843a444a,proven_maximal,maximize_sum_testing_e_values_at_maximum_cardinality,proven_optimal,7506.552201433868,1.4099347286469655,5324.042346724434,2,2,2,5;28,5;28,5;28,2,2,2,0,0,0,0.1,0.1,0.1,0.0,0.0,0.0,0,0,1.5537306729966076,14,6,616,35,2,,original_uniform_floor_plus_prior_scores,maximum_cardinality_certified_superset_of_eBH_then_maximum_testing_evalue_sum,200,2,2,exact_dyadic_prefix_or_HiGHS_QUBO_MILP,300.0,1
163,496f568ce6f22d009537db7a721a56fa2b7aca67f4bb920bb4696fa1364d9983,proven_maximal,maximize_sum_testing_e_values_at_maximum_cardinality,proven_optimal,0.0,0.0,3501.422567650121,0,0,0,,,,0,0,0,0,0,0,0.0,0.0,0.0,0.0,0.0,0.0,0,0,1.2578299739980139,13,7,707,40,0,,original_uniform_floor_plus_prior_scores,maximum_cardinality_certified_superset_of_eBH_then_maximum_testing_evalue_sum,200,0,0,exact_dyadic_prefix_or_HiGHS_QUBO_MILP,300.0,1
164,2e1a8f4191066fedcedeac015eef278b6841a8116830f9c2436b8ec4179ff1c3,proven_maximal,maximize_sum_testing_e_values_at_maximum_cardinality,proven_optimal,19509.310695550583,1.218487628733828,16011.086395537206,2,2,2,69;95,69;95,69;95,2,2,2,0,0,0,0.1,0.1,0.1,0.0,0.0,0.0,0,0,3.3475444730065647,11,6,656,41,2,,original_uniform_floor_plus_prior_scores,maximum_cardinality_certified_superset_of_eBH_then_maximum_testing_evalue_sum,200,2,2,exact_dyadic_prefix_or_HiGHS_QUBO_MILP,300.0,1
165,50fd9b19822e067ed79e7a9f557a6cc63783b56b4defa1b096165bcb6f795c59,proven_maximal,maximize_sum_testing_e_values_at_maximum_cardinality,proven_optimal,64787.68175575939,1.123138763684296,57684.48552450694,5,5,6,42;54;137;142;165,42;54;137;142;165,42;54;96;137;142;165,5,5,6,0,0,0,0.25,0.25,0.3,0.0,0.0,0.0,0,1,1.0353783710015705,9,7,539,41,6,,original_uniform_floor_plus_prior_scores,maximum_cardinality_certified_superset_of_eBH_then_maximum_testing_evalue_sum,200,5,5,exact_dyadic_prefix_or_HiGHS_QUBO_MILP,300.0,1
166,56c015b3032a6dd6faf2c1a64f1eca8b8e15aaffd0362801ebe9a8cd0219e927,proven_maximal,maximize_sum_testing_e_values_at_maximum_cardinality,proven_optimal,684477.9316770518,1.0787556807922962,634506.9081576788,6,6,8,14;30;48;133;148;167,14;30;48;133;148;167,14;30;33;40;48;133;148;167,6,6,8,0,0,0,0.3,0.3,0.4,0.0,0.0,0.0,0,2,1.8517776250009774,15,10,685,42,8,,original_uniform_floor_plus_prior_scores,maximum_cardinality_certified_superset_of_eBH_then_maximum_testing_evalue_sum,200,6,6,exact_dyadic_prefix_or_HiGHS_QUBO_MILP,300.0,1
167,b49340bfd7faf39a2d644a19f1ea0f29f9cf3d2ec41a6438a3a49844689883a7,proven_maximal,maximize_sum_testing_e_values_at_maximum_cardinality,proven_optimal,15255.454864732657,4.34743079948475,3509.0736502443483,6,6,6,6;32;55;66;85;117,6;32;55;66;85;117,6;32;55;66;85;117,6,6,6,0,0,0,0.3,0.3,0.3,0.0,0.0,0.0,0,0,1.2419102580024628,12,6,608,38,6,,original_uniform_floor_plus_prior_scores,maximum_cardinality_certified_superset_of_eBH_then_maximum_testing_evalue_sum,200,6,6,exact_dyadic_prefix_or_HiGHS_QUBO_MILP,300.0,1
168,741e462e986f6994e93152b451cb7e873af133ffa285a15cb0aaa73f6fe05b15,proven_maximal,maximize_sum_testing_e_values_at_maximum_cardinality,proven_optimal,35611.30021055009,2.111922906327275,16862.026593801987,3,3,3,105;161;169,105;161;169,105;161;169,3,3,3,0,0,0,0.15,0.15,0.15,0.0,0.0,0.0,0,0,2.4526649819963495,14,7,657,41,3,,original_uniform_floor_plus_prior_scores,maximum_cardinality_certified_superset_of_eBH_then_maximum_testing_evalue_sum,200,3,3,exact_dyadic_prefix_or_HiGHS_QUBO_MILP,300.0,1
169,c4a9392b7cd9c5b3bbf9de6e159932061a80e1fe1d885538aed685a6df03ad2c,proven_maximal,maximize_sum_testing_e_values_at_maximum_cardinality,proven_optimal,35587.49949715116,1.0825724259320224,32873.08880651815,2,2,2,87;197,87;197,87;197,2,2,2,0,0,0,0.1,0.1,0.1,0.0,0.0,0.0,0,0,1.4662461549960426,15,8,644,38,2,,original_uniform_floor_plus_prior_scores,maximum_cardinality_certified_superset_of_eBH_then_maximum_testing_evalue_sum,200,2,2,exact_dyadic_prefix_or_HiGHS_QUBO_MILP,300.0,1
170,0700ce09fde8338e2f259460f0458d4e849a4284b4538d0e84bbb53208907123,proven_maximal,maximize_sum_testing_e_values_at_maximum_cardinality,proven_optimal,18634.722624473365,1.1430415241790832,16302.752113801436,2,2,2,16;140,16;140,16;140,2,2,2,0,0,0,0.1,0.1,0.1,0.0,0.0,0.0,0,0,0.8587399659954826,11,7,626,40,2,,original_uniform_floor_plus_prior_scores,maximum_cardinality_certified_superset_of_eBH_then_maximum_testing_evalue_sum,200,2,2,exact_dyadic_prefix_or_HiGHS_QUBO_MILP,300.0,1
171,584179e41b27df698592a28cfd311d70a022539ce43de199d11dfb42c6bb782e,proven_maximal,maximize_sum_testing_e_values_at_maximum_cardinality,proven_optimal,18606.962497065833,1.8747408203306013,9925.08526793831,4,4,7,6;72;128;135,6;72;128;135,6;60;64;72;128;135;168,4,4,7,0,0,0,0.2,0.2,0.35,0.0,0.0,0.0,0,3,5.718044463006663,13,6,582,34,7,,original_uniform_floor_plus_prior_scores,maximum_cardinality_certified_superset_of_eBH_then_maximum_testing_evalue_sum,200,4,4,exact_dyadic_prefix_or_HiGHS_QUBO_MILP,300.0,1
172,dca4e235f07beba85a3a6fffcc56540bb9c0a8ef41069ecfa24305c20289f76a,proven_maximal,maximize_sum_testing_e_values_at_maximum_cardinality,proven_optimal,34434.56617754827,2.3131585709420053,14886.38375687544,3,3,9,71;94;139,71;94;139,25;71;94;116;139;156;158;191;199,3,3,8,0,0,1,0.15,0.15,0.4,0.0,0.0,0.1111111111111111,0,6,1.4633786429985776,11,8,613,39,9,,original_uniform_floor_plus_prior_scores,maximum_cardinality_certified_superset_of_eBH_then_maximum_testing_evalue_sum,200,3,3,exact_dyadic_prefix_or_HiGHS_QUBO_MILP,300.0,1
173,8142b9c2bc3d6b0162f7b279410e0bb22c381d8c411b6b41e1e381612388a5ea,proven_maximal,maximize_sum_testing_e_values_at_maximum_cardinality,proven_optimal,51687.714049851005,1.9828833084771187,26066.946970040244,12,12,13,13;37;60;62;94;135;145;163;165;178;189;193,13;37;60;62;94;135;145;163;165;178;189;193,13;27;37;60;62;94;135;145;163;165;178;189;193,12,12,13,0,0,0,0.6,0.6,0.65,0.0,0.0,0.0,0,1,6.119191817997489,14,5,486,29,13,,original_uniform_floor_plus_prior_scores,maximum_cardinality_certified_superset_of_eBH_then_maximum_testing_evalue_sum,200,12,12,exact_dyadic_prefix_or_HiGHS_QUBO_MILP,300.0,1
174,affb296600c45e3ea158e87226fc9fc90501e2e66531055b60c87fedd86d6d00,proven_maximal,maximize_sum_testing_e_values_at_maximum_cardinality,proven_optimal,51484.0308124623,1.9981929374404352,25765.295156337725,6,6,6,1;62;68;153;183;189,1;62;68;153;183;189,1;62;68;153;183;189,6,6,6,0,0,0,0.3,0.3,0.3,0.0,0.0,0.0,0,0,4.27846265900007,16,7,636,60,6,,original_uniform_floor_plus_prior_scores,maximum_cardinality_certified_superset_of_eBH_then_maximum_testing_evalue_sum,200,6,6,exact_dyadic_prefix_or_HiGHS_QUBO_MILP,300.0,1
175,90061d651cb6c5f9f6a322b67c2b02322c3e07219756018fc5c83c22a3f871bf,proven_maximal,maximize_sum_testing_e_values_at_maximum_cardinality,proven_optimal,48759.856416970535,1.2040016877920832,40498.16284426238,6,6,7,17;31;40;41;78;114,17;31;40;41;78;114,17;31;40;41;78;114;152,6,6,7,0,0,0,0.3,0.3,0.35,0.0,0.0,0.0,0,1,2.0472019820008427,16,8,666,48,7,,original_uniform_floor_plus_prior_scores,maximum_cardinality_certified_superset_of_eBH_then_maximum_testing_evalue_sum,200,6,6,exact_dyadic_prefix_or_HiGHS_QUBO_MILP,300.0,1
176,5b6fb3572c9d68969e4e3ffc247d4a34fa5058f07ed884f1d01bb9c708e1e767,proven_maximal,maximize_sum_testing_e_values_at_maximum_cardinality,proven_optimal,15391.860070048657,3.1832774690928844,4835.224142253224,8,8,8,10;24;46;134;137;152;164;178,10;24;46;134;137;152;164;178,10;24;46;134;137;152;164;178,8,8,8,0,0,0,0.4,0.4,0.4,0.0,0.0,0.0,0,0,2.1919936339982087,15,6,680,47,8,,original_uniform_floor_plus_prior_scores,maximum_cardinality_certified_superset_of_eBH_then_maximum_testing_evalue_sum,200,8,8,exact_dyadic_prefix_or_HiGHS_QUBO_MILP,300.0,1
177,cad8d688937352c978720fbf12e935859d0ab44eb30305afca5310fd5733ab9a,proven_maximal,maximize_sum_testing_e_values_at_maximum_cardinality,proven_optimal,160347.22231727722,1.05202233262546,152418.07834735754,3,3,4,1;73;131,1;73;131,1;31;73;131,3,3,4,0,0,0,0.15,0.15,0.2,0.0,0.0,0.0,0,1,3.170853324001655,14,7,648,35,4,,original_uniform_floor_plus_prior_scores,maximum_cardinality_certified_superset_of_eBH_then_maximum_testing_evalue_sum,200,3,3,exact_dyadic_prefix_or_HiGHS_QUBO_MILP,300.0,1
178,10f98c1dd60ce60679693c057ccfebf8d8ebc8dda6b4bd8aa00247899aa4c058,proven_maximal,maximize_sum_testing_e_values_at_maximum_cardinality,proven_optimal,12406.231124995602,1.1838505092201201,10479.558887184498,1,1,2,134,134,36;134,1,1,2,0,0,0,0.05,0.05,0.1,0.0,0.0,0.0,0,1,4.963967862997379,16,7,675,41,2,,original_uniform_floor_plus_prior_scores,maximum_cardinality_certified_superset_of_eBH_then_maximum_testing_evalue_sum,200,1,1,exact_dyadic_prefix_or_HiGHS_QUBO_MILP,300.0,1
179,fde7b09f187430d8e18bfadb2e48b42919556d65e83acf89e5d2d1655d37079f,proven_maximal,maximize_sum_testing_e_values_at_maximum_cardinality,proven_optimal,0.0,0.0,3397.9282299204,0,0,0,,,,0,0,0,0,0,0,0.0,0.0,0.0,0.0,0.0,0.0,0,0,1.5949554649996571,16,6,459,36,0,,original_uniform_floor_plus_prior_scores,maximum_cardinality_certified_superset_of_eBH_then_maximum_testing_evalue_sum,200,0,0,exact_dyadic_prefix_or_HiGHS_QUBO_MILP,300.0,1
180,c712f7435d7b4d4c112084e6920131a12c96b7105001df28c23982c7efe6a807,proven_maximal,maximize_sum_testing_e_values_at_maximum_cardinality,proven_optimal,0.0,0.0,2213.095052900765,0,0,0,,,,0,0,0,0,0,0,0.0,0.0,0.0,0.0,0.0,0.0,0,0,3.696907964993443,19,9,815,36,0,,original_uniform_floor_plus_prior_scores,maximum_cardinality_certified_superset_of_eBH_then_maximum_testing_evalue_sum,200,0,0,exact_dyadic_prefix_or_HiGHS_QUBO_MILP,300.0,1
181,853ae1f5b7bd0508ed634f359cbd5e4388c39c8af152bebf7ef0f92216fb6f0d,proven_maximal,maximize_sum_testing_e_values_at_maximum_cardinality,proven_optimal,89957.87272645038,1.0754415160576647,83647.38703431911,3,3,3,17;120;176,17;120;176,17;120;176,3,3,3,0,0,0,0.15,0.15,0.15,0.0,0.0,0.0,0,0,1.9521244439965812,16,6,700,35,3,,original_uniform_floor_plus_prior_scores,maximum_cardinality_certified_superset_of_eBH_then_maximum_testing_evalue_sum,200,3,3,exact_dyadic_prefix_or_HiGHS_QUBO_MILP,300.0,1
182,c14be6fd0382917dfda2fadbed9396218ea53ff466536a5cd0867e9c7d0f2c86,proven_maximal,maximize_sum_testing_e_values_at_maximum_cardinality,proven_optimal,6029.361578558566,1.0,6029.361578558566,1,1,1,165,165,165,1,1,1,0,0,0,0.05,0.05,0.05,0.0,0.0,0.0,0,0,3.237644715998613,16,6,623,39,1,,original_uniform_floor_plus_prior_scores,maximum_cardinality_certified_superset_of_eBH_then_maximum_testing_evalue_sum,200,1,1,exact_dyadic_prefix_or_HiGHS_QUBO_MILP,300.0,1
183,2120f0c979ac6c366ad7511ab76b94c47948b1fd03580e3dc9b214c74d955c75,proven_maximal,maximize_sum_testing_e_values_at_maximum_cardinality,proven_optimal,4541.216576944336,1.8334561129031597,2476.8613467129094,2,2,2,66;96,66;96,66;96,2,2,2,0,0,0,0.1,0.1,0.1,0.0,0.0,0.0,0,0,1.5951545200005057,18,8,809,55,2,,original_uniform_floor_plus_prior_scores,maximum_cardinality_certified_superset_of_eBH_then_maximum_testing_evalue_sum,200,2,2,exact_dyadic_prefix_or_HiGHS_QUBO_MILP,300.0,1
184,d35bedbe06d2d5422255115b14c58650242ba6a551959d4bd34abfcca06d97ae,proven_maximal,maximize_sum_testing_e_values_at_maximum_cardinality,proven_optimal,7905.537048568842,1.0,7905.537048568842,1,1,1,74,74,74,1,1,1,0,0,0,0.05,0.05,0.05,0.0,0.0,0.0,0,0,1.149909507999837,12,6,547,48,1,,original_uniform_floor_plus_prior_scores,maximum_cardinality_certified_superset_of_eBH_then_maximum_testing_evalue_sum,200,1,1,exact_dyadic_prefix_or_HiGHS_QUBO_MILP,300.0,1
185,e7318a95fcdb79ebad7a556a6104257e391ae6d343d317439649f1a8b267d141,proven_maximal,maximize_sum_testing_e_values_at_maximum_cardinality,proven_optimal,66146.68685699045,1.0658203983224404,62061.75727271006,2,2,4,188;199,188;199,23;34;188;199,2,2,4,0,0,0,0.1,0.1,0.2,0.0,0.0,0.0,0,2,4.984703242000251,15,8,639,52,4,,original_uniform_floor_plus_prior_scores,maximum_cardinality_certified_superset_of_eBH_then_maximum_testing_evalue_sum,200,2,2,exact_dyadic_prefix_or_HiGHS_QUBO_MILP,300.0,1
186,26a18fa80711f61be7c650b69f671d36c726604500ff45f179ef6f11c90f492a,proven_maximal,maximize_sum_testing_e_values_at_maximum_cardinality,proven_optimal,81137.29262930417,1.1723102498520341,69211.45033027315,2,2,2,0;138,0;138,0;138,2,2,2,0,0,0,0.1,0.1,0.1,0.0,0.0,0.0,0,0,1.6053516540050623,16,9,763,42,2,,original_uniform_floor_plus_prior_scores,maximum_cardinality_certified_superset_of_eBH_then_maximum_testing_evalue_sum,200,2,2,exact_dyadic_prefix_or_HiGHS_QUBO_MILP,300.0,1
187,34c4717b19a2a25282433c97a8d8063d9e1ab64668576718bac4b04593085190,proven_maximal,maximize_sum_testing_e_values_at_maximum_cardinality,proven_optimal,17279.01203231889,1.0,17279.01203231889,1,1,1,151,151,151,1,1,1,0,0,0,0.05,0.05,0.05,0.0,0.0,0.0,0,0,3.659744126001897,18,8,675,34,1,,original_uniform_floor_plus_prior_scores,maximum_cardinality_certified_superset_of_eBH_then_maximum_testing_evalue_sum,200,1,1,exact_dyadic_prefix_or_HiGHS_QUBO_MILP,300.0,1
188,63368005d35cb5d86be23db49df3fce0fbe01dc8e28b6658595d61e82c0f01ce,proven_maximal,maximize_sum_testing_e_values_at_maximum_cardinality,proven_optimal,48468.09335643019,1.0,48468.09335643019,1,1,1,159,159,159,1,1,1,0,0,0,0.05,0.05,0.05,0.0,0.0,0.0,0,0,1.4869751739970525,16,7,715,43,1,,original_uniform_floor_plus_prior_scores,maximum_cardinality_certified_superset_of_eBH_then_maximum_testing_evalue_sum,200,1,1,exact_dyadic_prefix_or_HiGHS_QUBO_MILP,300.0,1
189,8dcf44a5583c3e1f8217a519c02c5e6db56ab28186c13d81309131a16ac6b20a,proven_maximal,maximize_sum_testing_e_values_at_maximum_cardinality,proven_optimal,13066.330102557667,1.0,13066.330102557667,1,1,1,105,105,105,1,1,1,0,0,0,0.05,0.05,0.05,0.0,0.0,0.0,0,0,1.8873994870009483,16,7,563,43,1,,original_uniform_floor_plus_prior_scores,maximum_cardinality_certified_superset_of_eBH_then_maximum_testing_evalue_sum,200,1,1,exact_dyadic_prefix_or_HiGHS_QUBO_MILP,300.0,1
190,d5b1cb2bc016bf18ae3340829b43f4aea1e73c46382212e9b48611854651287d,proven_maximal,maximize_sum_testing_e_values_at_maximum_cardinality,proven_optimal,44004.66052831419,1.5762694442368195,27916.966029637068,3,3,4,16;125;147,16;125;147,4;16;125;147,3,3,4,0,0,0,0.15,0.15,0.2,0.0,0.0,0.0,0,1,1.7952808159971028,17,8,650,40,4,,original_uniform_floor_plus_prior_scores,maximum_cardinality_certified_superset_of_eBH_then_maximum_testing_evalue_sum,200,3,3,exact_dyadic_prefix_or_HiGHS_QUBO_MILP,300.0,1
191,142bb661c926e4ec4c45ede609eecd79cefd2f14a2c8889e1ee6fedca181c0dd,proven_maximal,maximize_sum_testing_e_values_at_maximum_cardinality,proven_optimal,19038.46191378382,1.253683804505459,15186.015680639608,3,3,3,3;106;178,3;106;178,3;106;178,3,3,3,0,0,0,0.15,0.15,0.15,0.0,0.0,0.0,0,0,2.3365227919930476,17,9,746,43,3,,original_uniform_floor_plus_prior_scores,maximum_cardinality_certified_superset_of_eBH_then_maximum_testing_evalue_sum,200,3,3,exact_dyadic_prefix_or_HiGHS_QUBO_MILP,300.0,1
192,0dd84e08b3c768795fecac0c6a3f5779e0543828cb3a68fe440adfae3a57b161,proven_maximal,maximize_sum_testing_e_values_at_maximum_cardinality,proven_optimal,388372.7789798477,1.0490195740778028,370224.53019646247,6,6,8,22;32;106;137;192;194,22;32;106;137;192;194,22;32;106;137;172;180;192;194,6,6,8,0,0,0,0.3,0.3,0.4,0.0,0.0,0.0,0,2,2.384309931003372,15,7,622,38,8,,original_uniform_floor_plus_prior_scores,maximum_cardinality_certified_superset_of_eBH_then_maximum_testing_evalue_sum,200,6,6,exact_dyadic_prefix_or_HiGHS_QUBO_MILP,300.0,1
193,fe3df5f1f83052a85096c59e09ab2199e9b93a0c0c57feccac36c61f991616d5,proven_maximal,maximize_sum_testing_e_values_at_maximum_cardinality,proven_optimal,2497.3478097118486,1.324710067816796,1885.203313829744,0,0,2,,,78;143,0,0,2,0,0,0,0.0,0.0,0.1,0.0,0.0,0.0,0,2,4.470105444001092,16,8,631,44,2,,original_uniform_floor_plus_prior_scores,maximum_cardinality_certified_superset_of_eBH_then_maximum_testing_evalue_sum,200,0,0,exact_dyadic_prefix_or_HiGHS_QUBO_MILP,300.0,1
194,6c0ecf8a92de29f7895bf2739c28e4087a13bc4803c26a643a8d052cabdf848d,proven_maximal,maximize_sum_testing_e_values_at_maximum_cardinality,proven_optimal,0.0,0.0,1879.7817360465376,0,0,0,,,,0,0,0,0,0,0,0.0,0.0,0.0,0.0,0.0,0.0,0,0,7.801468132005539,18,8,750,36,0,,original_uniform_floor_plus_prior_scores,maximum_cardinality_certified_superset_of_eBH_then_maximum_testing_evalue_sum,200,0,0,exact_dyadic_prefix_or_HiGHS_QUBO_MILP,300.0,1
195,77dcc64d821b16c570c7c996a72762839f10023093224af5480279e5d3156da9,proven_maximal,maximize_sum_testing_e_values_at_maximum_cardinality,proven_optimal,33122.04277672974,1.1702745957646086,28302.795682827906,3,3,3,32;115;131,32;115;131,32;115;131,3,3,3,0,0,0,0.15,0.15,0.15,0.0,0.0,0.0,0,0,2.0465734989993507,13,7,703,31,3,,original_uniform_floor_plus_prior_scores,maximum_cardinality_certified_superset_of_eBH_then_maximum_testing_evalue_sum,200,3,3,exact_dyadic_prefix_or_HiGHS_QUBO_MILP,300.0,1
196,23bdfc0e15c5795c64aba9202d1d51d864b7d20a2e75b05cf7afa5902368ecaa,proven_maximal,maximize_sum_testing_e_values_at_maximum_cardinality,proven_optimal,5909.9390453193855,1.0,5909.9390453193855,1,1,1,159,159,159,1,1,1,0,0,0,0.05,0.05,0.05,0.0,0.0,0.0,0,0,1.8929775549986516,13,5,509,44,1,,original_uniform_floor_plus_prior_scores,maximum_cardinality_certified_superset_of_eBH_then_maximum_testing_evalue_sum,200,1,1,exact_dyadic_prefix_or_HiGHS_QUBO_MILP,300.0,1
197,f9d04187efde0583b71e594ea7fc5c486271eff942d8c23c808c85f4948f7967,proven_maximal,maximize_sum_testing_e_values_at_maximum_cardinality,proven_optimal,9240.253440232893,1.0,9240.253440232893,1,1,1,47,47,47,1,1,1,0,0,0,0.05,0.05,0.05,0.0,0.0,0.0,0,0,2.031222322002577,14,5,507,37,1,,original_uniform_floor_plus_prior_scores,maximum_cardinality_certified_superset_of_eBH_then_maximum_testing_evalue_sum,200,1,1,exact_dyadic_prefix_or_HiGHS_QUBO_MILP,300.0,1
198,56e6bd1f1d8550d75dc7cdd76fe88d2c2733c54c04e6dc78dda95ffe02c2bc0f,proven_maximal,maximize_sum_testing_e_values_at_maximum_cardinality,proven_optimal,13505.380020749133,1.329379919232826,10159.157533042153,2,2,2,35;100,35;100,35;100,2,2,2,0,0,0,0.1,0.1,0.1,0.0,0.0,0.0,0,0,2.0234496280027088,13,5,524,35,2,,original_uniform_floor_plus_prior_scores,maximum_cardinality_certified_superset_of_eBH_then_maximum_testing_evalue_sum,200,2,2,exact_dyadic_prefix_or_HiGHS_QUBO_MILP,300.0,1
199,bcb6fcdcc90ff88618626e87230e71ec1276106bc3485512b80580570573937b,proven_maximal,maximize_sum_testing_e_values_at_maximum_cardinality,proven_optimal,39035.89900272554,1.3232183481192976,29500.72379075428,5,5,5,30;41;104;119;133,30;41;104;119;133,30;41;104;119;133,5,5,5,0,0,0,0.25,0.25,0.25,0.0,0.0,0.0,0,0,4.535975929997221,17,8,672,39,5,,original_uniform_floor_plus_prior_scores,maximum_cardinality_certified_superset_of_eBH_then_maximum_testing_evalue_sum,200,5,5,exact_dyadic_prefix_or_HiGHS_QUBO_MILP,300.0,1
200,defc0235ce8b565e46ab0b6cd7dae51847d342ec949574976367473b0016f005,proven_maximal,maximize_sum_testing_e_values_at_maximum_cardinality,proven_optimal,31708.657137791004,2.952106257858538,10741.028394009269,8,8,9,28;84;87;89;114;146;198;199,28;84;87;89;114;146;198;199,28;84;87;89;102;114;146;198;199,8,8,9,0,0,0,0.4,0.4,0.45,0.0,0.0,0.0,0,1,2.457909060001839,15,8,630,42,9,,original_uniform_floor_plus_prior_scores,maximum_cardinality_certified_superset_of_eBH_then_maximum_testing_evalue_sum,200,8,8,exact_dyadic_prefix_or_HiGHS_QUBO_MILP,300.0,1
201,a3c1c0588269927ff0c0aa4901bc509bed8405717d89add821f97deef55308aa,proven_maximal,maximize_sum_testing_e_values_at_maximum_cardinality,proven_optimal,8735.750374274237,1.3246523965393442,6594.749231644765,1,1,3,188,188,14;84;188,1,1,3,0,0,0,0.05,0.05,0.15,0.0,0.0,0.0,0,2,1.7783127400034573,12,9,723,38,3,,original_uniform_floor_plus_prior_scores,maximum_cardinality_certified_superset_of_eBH_then_maximum_testing_evalue_sum,200,1,1,exact_dyadic_prefix_or_HiGHS_QUBO_MILP,300.0,1
202,401a293d85d98a1b77c613a8df7c5781fc769272db0c2dd9d40d840cab12a89d,proven_maximal,maximize_sum_testing_e_values_at_maximum_cardinality,proven_optimal,64845.83124006818,1.1217299008595063,57808.77481324263,2,2,7,8;104,8;104,8;11;39;86;104;142;174,2,2,7,0,0,0,0.1,0.1,0.35,0.0,0.0,0.0,0,5,1.1079962249932578,8,6,519,33,7,,original_uniform_floor_plus_prior_scores,maximum_cardinality_certified_superset_of_eBH_then_maximum_testing_evalue_sum,200,2,2,exact_dyadic_prefix_or_HiGHS_QUBO_MILP,300.0,1
203,939cfcfd22d0d3daf477eebc825e13f4cc26c9a86e1e8c901b11b687c672d926,proven_maximal,maximize_sum_testing_e_values_at_maximum_cardinality,proven_optimal,44562.97474863972,1.2671688528844876,35167.35330670409,7,7,9,4;15;69;147;149;160;161,4;15;69;147;149;160;161,4;14;15;69;128;147;149;160;161,7,7,9,0,0,0,0.35,0.35,0.45,0.0,0.0,0.0,0,2,1.9038087440058007,16,8,622,41,9,,original_uniform_floor_plus_prior_scores,maximum_cardinality_certified_superset_of_eBH_then_maximum_testing_evalue_sum,200,7,7,exact_dyadic_prefix_or_HiGHS_QUBO_MILP,300.0,1
204,47724a184818ebc274055081321f88608bbecee78ce06126a08bc9d3ea3489fc,proven_maximal,maximize_sum_testing_e_values_at_maximum_cardinality,proven_optimal,15977.736474259867,1.1897711982948076,13429.251352830968,1,1,4,81,81,81;83;109;148,1,1,4,0,0,0,0.05,0.05,0.2,0.0,0.0,0.0,0,3,3.4464412910019746,9,7,496,35,4,,original_uniform_floor_plus_prior_scores,maximum_cardinality_certified_superset_of_eBH_then_maximum_testing_evalue_sum,200,1,1,exact_dyadic_prefix_or_HiGHS_QUBO_MILP,300.0,1
205,8b87b96dbd087f91f06e74d89b2db2920696c44bc8a535b2b94f6cf215522053,proven_maximal,maximize_sum_testing_e_values_at_maximum_cardinality,proven_optimal,195023.8597023111,1.2309860762951133,158428.97288430142,7,7,7,28;37;50;66;168;170;192,28;37;50;66;168;170;192,28;37;50;66;168;170;192,7,7,7,0,0,0,0.35,0.35,0.35,0.0,0.0,0.0,0,0,1.6805956719981623,13,7,723,37,7,,original_uniform_floor_plus_prior_scores,maximum_cardinality_certified_superset_of_eBH_then_maximum_testing_evalue_sum,200,7,7,exact_dyadic_prefix_or_HiGHS_QUBO_MILP,300.0,1
206,14e5487be4bd187568e025c12cbcc930c8132bfc4b65b0affdf544efd4a52ba2,proven_maximal,maximize_sum_testing_e_values_at_maximum_cardinality,proven_optimal,66463.19143567426,1.4195387653645257,46820.27223018955,5,5,8,71;73;99;122;181,71;73;99;122;181,0;71;73;99;122;123;134;181,5,5,8,0,0,0,0.25,0.25,0.4,0.0,0.0,0.0,0,3,2.4201080900020315,10,7,530,35,8,,original_uniform_floor_plus_prior_scores,maximum_cardinality_certified_superset_of_eBH_then_maximum_testing_evalue_sum,200,5,5,exact_dyadic_prefix_or_HiGHS_QUBO_MILP,300.0,1
207,0bcc5c5067b90b0099a815161e91e3116601dcb98eb240373b33730b9ce27ec9,proven_maximal,maximize_sum_testing_e_values_at_maximum_cardinality,proven_optimal,82754.35586868545,1.3899954201711575,59535.70397987028,8,8,8,8;13;35;40;75;170;174;179,8;13;35;40;75;170;174;179,8;13;35;40;75;170;174;179,8,8,8,0,0,0,0.4,0.4,0.4,0.0,0.0,0.0,0,0,1.9362503290030872,14,4,500,36,8,,original_uniform_floor_plus_prior_scores,maximum_cardinality_certified_superset_of_eBH_then_maximum_testing_evalue_sum,200,8,8,exact_dyadic_prefix_or_HiGHS_QUBO_MILP,300.0,1
208,a41d53e6bb4964a83d4f84776130883dc502bfbb3b3ba8d93cc445b7c825671c,proven_maximal,maximize_sum_testing_e_values_at_maximum_cardinality,proven_optimal,0.0,0.0,1072.6532837233226,0,0,0,,,,0,0,0,0,0,0,0.0,0.0,0.0,0.0,0.0,0.0,0,0,0.44167765600286657,3,3,300,44,0,,original_uniform_floor_plus_prior_scores,maximum_cardinality_certified_superset_of_eBH_then_maximum_testing_evalue_sum,200,0,0,exact_dyadic_prefix_or_HiGHS_QUBO_MILP,300.0,1
209,9f6ebbfcaabd348ec5be4f9e5ed7f7fc32569f462327dc19d875549401fc9d9d,proven_maximal,maximize_sum_testing_e_values_at_maximum_cardinality,proven_optimal,22900.470965353838,1.9902615009962257,11506.262344868252,3,3,6,16;77;109,16;77;109,16;77;109;153;166;177,3,3,6,0,0,0,0.15,0.15,0.3,0.0,0.0,0.0,0,3,2.660458735001157,13,9,698,46,6,,original_uniform_floor_plus_prior_scores,maximum_cardinality_certified_superset_of_eBH_then_maximum_testing_evalue_sum,200,3,3,exact_dyadic_prefix_or_HiGHS_QUBO_MILP,300.0,1
210,5101a78bc71eecda080756d9e245345ac1ad49d74c9c2adaee6dc3ab03cf525d,proven_maximal,maximize_sum_testing_e_values_at_maximum_cardinality,proven_optimal,275509.3771209125,1.639870224008384,168006.8173001377,8,8,8,14;19;77;81;101;155;176;193,14;19;77;81;101;155;176;193,14;19;77;81;101;155;176;193,8,8,8,0,0,0,0.4,0.4,0.4,0.0,0.0,0.0,0,0,4.889884225995047,14,6,700,42,8,,original_uniform_floor_plus_prior_scores,maximum_cardinality_certified_superset_of_eBH_then_maximum_testing_evalue_sum,200,8,8,exact_dyadic_prefix_or_HiGHS_QUBO_MILP,300.0,1
211,9fb20fb4c1bca9d995403e232d7b335c7de7fef281a371111d5418fc12fe6b19,proven_maximal,maximize_sum_testing_e_values_at_maximum_cardinality,proven_optimal,18845.96957668189,2.318504131433125,8128.503771538561,4,4,4,7;9;131;199,7;9;131;199,7;9;131;199,4,4,4,0,0,0,0.2,0.2,0.2,0.0,0.0,0.0,0,0,7.019696882001881,14,8,781,42,4,,original_uniform_floor_plus_prior_scores,maximum_cardinality_certified_superset_of_eBH_then_maximum_testing_evalue_sum,200,4,4,exact_dyadic_prefix_or_HiGHS_QUBO_MILP,300.0,1
212,7d728c567d5969a5817a148121c22ffc8a0d009ce342a8b61627062bf3cc9543,proven_maximal,maximize_sum_testing_e_values_at_maximum_cardinality,proven_optimal,14717.463602993863,1.2261480771424373,12003.006714566813,2,2,2,60;111,60;111,60;111,2,2,2,0,0,0,0.1,0.1,0.1,0.0,0.0,0.0,0,0,2.049876889002917,12,5,426,34,2,,original_uniform_floor_plus_prior_scores,maximum_cardinality_certified_superset_of_eBH_then_maximum_testing_evalue_sum,200,2,2,exact_dyadic_prefix_or_HiGHS_QUBO_MILP,300.0,1
213,b3d5334d0eac688f0644e7af3b23cf1a1e67e4bca6d81ddb991f20a1cf3cb1b9,proven_maximal,maximize_sum_testing_e_values_at_maximum_cardinality,proven_optimal,51300.71706710978,2.0722717619705913,24755.786383117163,5,5,6,28;40;75;116;127,28;40;75;116;127,28;40;66;75;116;127,5,5,6,0,0,0,0.25,0.25,0.3,0.0,0.0,0.0,0,1,2.703018758998951,16,10,776,66,6,,original_uniform_floor_plus_prior_scores,maximum_cardinality_certified_superset_of_eBH_then_maximum_testing_evalue_sum,200,5,5,exact_dyadic_prefix_or_HiGHS_QUBO_MILP,300.0,1
214,7b320d57dbeef6b5db5bcc909bc8d7d41334f079d25e3ec3f62b1ce6533c3307,proven_maximal,maximize_sum_testing_e_values_at_maximum_cardinality,proven_optimal,19012.7125946216,1.3337749665256347,14254.812897072155,2,2,3,31;134,31;134,31;92;134,2,2,3,0,0,0,0.1,0.1,0.15,0.0,0.0,0.0,0,1,2.6982867349943263,13,6,587,32,3,,original_uniform_floor_plus_prior_scores,maximum_cardinality_certified_superset_of_eBH_then_maximum_testing_evalue_sum,200,2,2,exact_dyadic_prefix_or_HiGHS_QUBO_MILP,300.0,1
215,532bc67c3fbb643c5811a5b466aaf3255506bcc367c6cfa577df0242b328b6be,proven_maximal,maximize_sum_testing_e_values_at_maximum_cardinality,proven_optimal,46193.92579052051,2.286777462471519,20200.44650107524,6,6,10,30;80;129;146;177;194,30;80;129;146;177;194,29;30;46;80;110;129;146;177;194;198,6,6,10,0,0,0,0.3,0.3,0.5,0.0,0.0,0.0,0,4,6.019997868002974,13,8,672,37,10,,original_uniform_floor_plus_prior_scores,maximum_cardinality_certified_superset_of_eBH_then_maximum_testing_evalue_sum,200,6,6,exact_dyadic_prefix_or_HiGHS_QUBO_MILP,300.0,1
216,7cd62ac101fdaf63d44920395a7765856f5578c3387a0eec64e83fa3fbe7623d,proven_maximal,maximize_sum_testing_e_values_at_maximum_cardinality,proven_optimal,0.0,0.0,783.0901596913617,0,0,0,,,,0,0,0,0,0,0,0.0,0.0,0.0,0.0,0.0,0.0,0,0,0.6884309919987572,3,3,300,38,0,,original_uniform_floor_plus_prior_scores,maximum_cardinality_certified_superset_of_eBH_then_maximum_testing_evalue_sum,200,0,0,exact_dyadic_prefix_or_HiGHS_QUBO_MILP,300.0,1
217,d2142c4a68ce3e535c1e82c418d53b07ed393b89eca82ceada2642bd8f16f824,proven_maximal,maximize_sum_testing_e_values_at_maximum_cardinality,proven_optimal,0.0,0.0,2108.354068321523,0,0,0,,,,0,0,0,0,0,0,0.0,0.0,0.0,0.0,0.0,0.0,0,0,2.637695199002337,14,7,732,48,0,,original_uniform_floor_plus_prior_scores,maximum_cardinality_certified_superset_of_eBH_then_maximum_testing_evalue_sum,200,0,0,exact_dyadic_prefix_or_HiGHS_QUBO_MILP,300.0,1
218,8a00ae95f286a5ce363a0ed6ed377c495580ceb679aed429492a6bbedf43096f,proven_maximal,maximize_sum_testing_e_values_at_maximum_cardinality,proven_optimal,6730.367893094659,3.2530028744756465,2068.970779553809,4,4,4,35;51;111;113,35;51;111;113,35;51;111;113,4,4,4,0,0,0,0.2,0.2,0.2,0.0,0.0,0.0,0,0,3.2873213389975717,16,7,518,37,4,,original_uniform_floor_plus_prior_scores,maximum_cardinality_certified_superset_of_eBH_then_maximum_testing_evalue_sum,200,4,4,exact_dyadic_prefix_or_HiGHS_QUBO_MILP,300.0,1
219,12ed5cb2f053a6b8270167cff000a5c8d35d3d7473ae72a6954110b61649ba11,proven_maximal,maximize_sum_testing_e_values_at_maximum_cardinality,proven_optimal,11362.486190361746,1.8185664922743277,6248.045501020775,2,2,2,100;125,100;125,100;125,2,2,2,0,0,0,0.1,0.1,0.1,0.0,0.0,0.0,0,0,5.786817292995693,11,5,561,32,2,,original_uniform_floor_plus_prior_scores,maximum_cardinality_certified_superset_of_eBH_then_maximum_testing_evalue_sum,200,2,2,exact_dyadic_prefix_or_HiGHS_QUBO_MILP,300.0,1
220,a2af3feb1d868af144ee9a9885ce7d14cde0d913d78d93cb5ad21fc5ebeb4e4a,proven_maximal,maximize_sum_testing_e_values_at_maximum_cardinality,proven_optimal,4245.240381956877,3.7644865243159082,1127.707684576805,0,0,6,,,0;8;14;15;172;183,0,0,6,0,0,0,0.0,0.0,0.3,0.0,0.0,0.0,0,6,1.5910101979970932,10,9,828,45,6,,original_uniform_floor_plus_prior_scores,maximum_cardinality_certified_superset_of_eBH_then_maximum_testing_evalue_sum,200,0,0,exact_dyadic_prefix_or_HiGHS_QUBO_MILP,300.0,1
221,fd6b1b884cbe04d685299d89e732af365d12a13a75366a514302a1762a02b8b3,proven_maximal,maximize_sum_testing_e_values_at_maximum_cardinality,proven_optimal,32110.278434340235,1.2857761519062505,24973.459327842225,5,5,7,6;47;50;127;161,6;47;50;127;161,6;19;47;50;121;127;161,5,5,7,0,0,0,0.25,0.25,0.35,0.0,0.0,0.0,0,2,2.0990501849955763,12,8,702,40,7,,original_uniform_floor_plus_prior_scores,maximum_cardinality_certified_superset_of_eBH_then_maximum_testing_evalue_sum,200,5,5,exact_dyadic_prefix_or_HiGHS_QUBO_MILP,300.0,1
222,f4f5a901bef18f6b511d045feadfd1ca587a7615acf87dc95f2fd906e932963e,proven_maximal,maximize_sum_testing_e_values_at_maximum_cardinality,proven_optimal,14012.163963055478,1.2636638988034956,11088.52122492614,2,2,2,10;23,10;23,10;23,2,2,2,0,0,0,0.1,0.1,0.1,0.0,0.0,0.0,0,0,2.0338383670023177,13,7,629,36,2,,original_uniform_floor_plus_prior_scores,maximum_cardinality_certified_superset_of_eBH_then_maximum_testing_evalue_sum,200,2,2,exact_dyadic_prefix_or_HiGHS_QUBO_MILP,300.0,1
223,bdacfb9b3e7f985b1aee648d7f843c278e4ac08c7770810d75593c4c70c830c1,proven_maximal,maximize_sum_testing_e_values_at_maximum_cardinality,proven_optimal,13043.128040197624,4.113373905990351,3170.907468733337,6,6,6,27;134;157;167;193;197,27;134;157;167;193;197,27;134;157;167;193;197,6,6,6,0,0,0,0.3,0.3,0.3,0.0,0.0,0.0,0,0,4.726114376004261,13,7,711,37,6,,original_uniform_floor_plus_prior_scores,maximum_cardinality_certified_superset_of_eBH_then_maximum_testing_evalue_sum,200,6,6,exact_dyadic_prefix_or_HiGHS_QUBO_MILP,300.0,1
224,2e8ab48b3775637bce4c8ff8106fb92f471463fbadecb75210db1797fc78108b,proven_maximal,maximize_sum_testing_e_values_at_maximum_cardinality,proven_optimal,6293.340491166934,2.9038879484639315,2167.211890698441,4,4,4,4;77;114;137,4;77;114;137,4;77;114;137,4,4,4,0,0,0,0.2,0.2,0.2,0.0,0.0,0.0,0,0,2.5028363739984343,15,6,619,37,4,,original_uniform_floor_plus_prior_scores,maximum_cardinality_certified_superset_of_eBH_then_maximum_testing_evalue_sum,200,4,4,exact_dyadic_prefix_or_HiGHS_QUBO_MILP,300.0,1
225,442623f08189736253d79691a67938bcba16baeca64e9d8cd063f1c406b00154,proven_maximal,maximize_sum_testing_e_values_at_maximum_cardinality,proven_optimal,13110.376767335267,1.954055309687334,6709.317132601042,2,2,2,167;199,167;199,167;199,2,2,2,0,0,0,0.1,0.1,0.1,0.0,0.0,0.0,0,0,2.2085442609968595,14,7,716,41,2,,original_uniform_floor_plus_prior_scores,maximum_cardinality_certified_superset_of_eBH_then_maximum_testing_evalue_sum,200,2,2,exact_dyadic_prefix_or_HiGHS_QUBO_MILP,300.0,1
226,ee9bf7724aa0c08c877f3c1e972479e6a79fb715d2169e98176d75ced5db6b16,proven_maximal,maximize_sum_testing_e_values_at_maximum_cardinality,proven_optimal,9239.2575343294,1.845328481526988,5006.836249925553,3,3,3,14;52;174,14;52;174,14;52;174,3,3,3,0,0,0,0.15,0.15,0.15,0.0,0.0,0.0,0,0,4.683391907994519,13,7,709,48,3,,original_uniform_floor_plus_prior_scores,maximum_cardinality_certified_superset_of_eBH_then_maximum_testing_evalue_sum,200,3,3,exact_dyadic_prefix_or_HiGHS_QUBO_MILP,300.0,1
227,303bfce62bb7c0b87addb2d07553e6f31846ee19104a20484a212df7693726b0,proven_maximal,maximize_sum_testing_e_values_at_maximum_cardinality,proven_optimal,4810.403410061263,1.0,4810.403410061263,1,1,1,124,124,124,1,1,1,0,0,0,0.05,0.05,0.05,0.0,0.0,0.0,0,0,2.3993095680052647,16,7,599,38,1,,original_uniform_floor_plus_prior_scores,maximum_cardinality_certified_superset_of_eBH_then_maximum_testing_evalue_sum,200,1,1,exact_dyadic_prefix_or_HiGHS_QUBO_MILP,300.0,1
228,be7fe0b3092a65a0a090e85dddc80e38c60d52893e06ca013c3dfc61e09784b9,proven_maximal,maximize_sum_testing_e_values_at_maximum_cardinality,proven_optimal,179907.05101139352,1.1541295589129819,155881.15703477792,4,4,4,80;81;96;155,80;81;96;155,80;81;96;155,4,4,4,0,0,0,0.2,0.2,0.2,0.0,0.0,0.0,0,0,1.9476100019965088,13,8,667,41,4,,original_uniform_floor_plus_prior_scores,maximum_cardinality_certified_superset_of_eBH_then_maximum_testing_evalue_sum,200,4,4,exact_dyadic_prefix_or_HiGHS_QUBO_MILP,300.0,1
229,c83689ce6cde472f774c275bd18603cf192f5c2a2e6cb1ff0aa6248b43e1afaa,proven_maximal,maximize_sum_testing_e_values_at_maximum_cardinality,proven_optimal,0.0,0.0,2084.113043253644,0,0,0,,,,0,0,0,0,0,0,0.0,0.0,0.0,0.0,0.0,0.0,0,0,3.145258307995391,14,9,781,46,0,,original_uniform_floor_plus_prior_scores,maximum_cardinality_certified_superset_of_eBH_then_maximum_testing_evalue_sum,200,0,0,exact_dyadic_prefix_or_HiGHS_QUBO_MILP,300.0,1
230,e6108aa5aebf3fc06d10d01a4a16f446a86fb46589b46e401cbaee9ac1d991bd,proven_maximal,maximize_sum_testing_e_values_at_maximum_cardinality,proven_optimal,21479.38823539761,2.199598391173358,9765.140910082046,6,6,7,26;129;140;179;184;195,26;129;140;179;184;195,26;72;129;140;179;184;195,6,6,7,0,0,0,0.3,0.3,0.35,0.0,0.0,0.0,0,1,1.5120048880053218,13,8,676,56,7,,original_uniform_floor_plus_prior_scores,maximum_cardinality_certified_superset_of_eBH_then_maximum_testing_evalue_sum,200,6,6,exact_dyadic_prefix_or_HiGHS_QUBO_MILP,300.0,1
231,45118668df32889eeed6182bf1ae99bb6fc65848ba648a1d4bca3ed59de11539,proven_maximal,maximize_sum_testing_e_values_at_maximum_cardinality,proven_optimal,9857.627477625869,1.16459106026126,8464.454016514987,1,1,2,52,52,52;82,1,1,2,0,0,0,0.05,0.05,0.1,0.0,0.0,0.0,0,1,1.3096882820027531,13,7,552,35,2,,original_uniform_floor_plus_prior_scores,maximum_cardinality_certified_superset_of_eBH_then_maximum_testing_evalue_sum,200,1,1,exact_dyadic_prefix_or_HiGHS_QUBO_MILP,300.0,1
232,3b67c1ac3e2eb82e2db55c4890d0c1434c3655b55d1de566eb04b9e383615501,proven_maximal,maximize_sum_testing_e_values_at_maximum_cardinality,proven_optimal,47375.03189598832,1.0,47375.03189598832,1,1,1,29,29,29,1,1,1,0,0,0,0.05,0.05,0.05,0.0,0.0,0.0,0,0,1.1037482690007892,13,8,668,38,1,,original_uniform_floor_plus_prior_scores,maximum_cardinality_certified_superset_of_eBH_then_maximum_testing_evalue_sum,200,1,1,exact_dyadic_prefix_or_HiGHS_QUBO_MILP,300.0,1
233,839dae4e98454ea29a6d11ec2a69ccf38e0ada02d10f866ec3b5566fdbca5b80,proven_maximal,maximize_sum_testing_e_values_at_maximum_cardinality,proven_optimal,55986.02934120034,1.0,55986.02934120034,1,1,1,54,54,54,1,1,1,0,0,0,0.05,0.05,0.05,0.0,0.0,0.0,0,0,2.0381381740007782,18,9,786,37,1,,original_uniform_floor_plus_prior_scores,maximum_cardinality_certified_superset_of_eBH_then_maximum_testing_evalue_sum,200,1,1,exact_dyadic_prefix_or_HiGHS_QUBO_MILP,300.0,1
234,407a6ae01b48ede4d28acb08f5a3ac70aa4c90feb8feaed499488e93ff3c3194,proven_maximal,maximize_sum_testing_e_values_at_maximum_cardinality,proven_optimal,65176.9029115867,1.8760967144299858,34740.69455496562,9,9,9,11;53;72;77;115;116;139;151;170,11;53;72;77;115;116;139;151;170,11;53;72;77;115;116;139;151;170,9,9,9,0,0,0,0.45,0.45,0.45,0.0,0.0,0.0,0,0,6.554402027999458,17,8,624,49,9,,original_uniform_floor_plus_prior_scores,maximum_cardinality_certified_superset_of_eBH_then_maximum_testing_evalue_sum,200,9,9,exact_dyadic_prefix_or_HiGHS_QUBO_MILP,300.0,1
235,baee718947dfedff1a02515f40312a6d99015fbb41be2ad5e2f8ab8a18d38847,proven_maximal,maximize_sum_testing_e_values_at_maximum_cardinality,proven_optimal,23922.866197865224,2.015994941902021,11866.530863065973,4,4,4,17;25;118;150,17;25;118;150,17;25;118;150,4,4,4,0,0,0,0.2,0.2,0.2,0.0,0.0,0.0,0,0,1.9087303839987726,16,6,588,31,4,,original_uniform_floor_plus_prior_scores,maximum_cardinality_certified_superset_of_eBH_then_maximum_testing_evalue_sum,200,4,4,exact_dyadic_prefix_or_HiGHS_QUBO_MILP,300.0,1
236,79a9aa4582efe5fd6115a1ba713baefd3f61638955d991ebb0e1b872f6e53de4,proven_maximal,maximize_sum_testing_e_values_at_maximum_cardinality,proven_optimal,37273.968307015704,1.1965288539477603,31151.750485611825,4,4,4,3;89;142;181,3;89;142;181,3;89;142;181,4,4,4,0,0,0,0.2,0.2,0.2,0.0,0.0,0.0,0,0,3.3868053230035002,16,7,690,36,4,,original_uniform_floor_plus_prior_scores,maximum_cardinality_certified_superset_of_eBH_then_maximum_testing_evalue_sum,200,4,4,exact_dyadic_prefix_or_HiGHS_QUBO_MILP,300.0,1
237,5517df2f045fd1147c8ef26f389f85db48d7131f6433a278675d6a2840db733a,proven_maximal,maximize_sum_testing_e_values_at_maximum_cardinality,proven_optimal,4779.752096194832,2.780214654594059,1719.2025400976554,0,0,6,,,18;33;35;40;67;144,0,0,6,0,0,0,0.0,0.0,0.3,0.0,0.0,0.0,0,6,1.4843693150032777,14,10,734,51,6,,original_uniform_floor_plus_prior_scores,maximum_cardinality_certified_superset_of_eBH_then_maximum_testing_evalue_sum,200,0,0,exact_dyadic_prefix_or_HiGHS_QUBO_MILP,300.0,1
238,f05b7f132620344f395e6fe1e40d38c41bb2dd7899427c8accac7d4811014f3e,proven_maximal,maximize_sum_testing_e_values_at_maximum_cardinality,proven_optimal,184724.83041766463,1.0221341777326247,180724.6391343994,2,2,3,82;98,82;98,82;98;163,2,2,3,0,0,0,0.1,0.1,0.15,0.0,0.0,0.0,0,1,1.2865799040009733,13,7,614,34,3,,original_uniform_floor_plus_prior_scores,maximum_cardinality_certified_superset_of_eBH_then_maximum_testing_evalue_sum,200,2,2,exact_dyadic_prefix_or_HiGHS_QUBO_MILP,300.0,1
239,942de5be54b96ef84c0b4a030ccfce23bd58d8e931260720d3dca46febb6a505,proven_maximal,maximize_sum_testing_e_values_at_maximum_cardinality,proven_optimal,56144.236148104144,1.193669155526817,47035.006214368754,7,7,7,10;12;68;90;102;131;154,10;12;68;90;102;131;154,10;12;68;90;102;131;154,7,7,7,0,0,0,0.35,0.35,0.35,0.0,0.0,0.0,0,0,1.4701459540010546,13,6,534,26,7,,original_uniform_floor_plus_prior_scores,maximum_cardinality_certified_superset_of_eBH_then_maximum_testing_evalue_sum,200,7,7,exact_dyadic_prefix_or_HiGHS_QUBO_MILP,300.0,1
240,d241eac62d01173e2c8b69afb59a321d21b34dc3df88e299998589d60958270b,proven_maximal,maximize_sum_testing_e_values_at_maximum_cardinality,proven_optimal,0.0,0.0,1465.1474485174565,0,0,0,,,,0,0,0,0,0,0,0.0,0.0,0.0,0.0,0.0,0.0,0,0,1.7084246410013293,17,8,761,49,0,,original_uniform_floor_plus_prior_scores,maximum_cardinality_certified_superset_of_eBH_then_maximum_testing_evalue_sum,200,0,0,exact_dyadic_prefix_or_HiGHS_QUBO_MILP,300.0,1
241,ca1116ec229c1a6ccff327c05601cd61bcee42bc84abdd59cd15b3c4b9a0c705,proven_maximal,maximize_sum_testing_e_values_at_maximum_cardinality,proven_optimal,67386.58761593096,1.6962947929289038,39725.752797706846,6,6,7,40;77;136;157;163;195,40;77;136;157;163;195,10;40;77;136;157;163;195,6,6,7,0,0,0,0.3,0.3,0.35,0.0,0.0,0.0,0,1,2.3687168799951905,11,7,601,38,7,,original_uniform_floor_plus_prior_scores,maximum_cardinality_certified_superset_of_eBH_then_maximum_testing_evalue_sum,200,6,6,exact_dyadic_prefix_or_HiGHS_QUBO_MILP,300.0,1
242,cd730f566a3a74409177be715eb21dc68ed5879e2303c00f36b07dc58453151f,proven_maximal,maximize_sum_testing_e_values_at_maximum_cardinality,proven_optimal,10737.659381963043,3.482019585623082,3083.744682625505,5,5,6,65;76;88;116;138,65;76;88;116;138,65;72;76;88;116;138,5,5,6,0,0,0,0.25,0.25,0.3,0.0,0.0,0.0,0,1,1.128459854000539,10,6,521,32,6,,original_uniform_floor_plus_prior_scores,maximum_cardinality_certified_superset_of_eBH_then_maximum_testing_evalue_sum,200,5,5,exact_dyadic_prefix_or_HiGHS_QUBO_MILP,300.0,1
243,b146be6184cdb951e3189e378ea39b0f42d2a2e6b9036f35bc31f6b0f3062393,proven_maximal,maximize_sum_testing_e_values_at_maximum_cardinality,proven_optimal,0.0,0.0,3257.1147090045274,0,0,0,,,,0,0,0,0,0,0,0.0,0.0,0.0,0.0,0.0,0.0,0,0,2.034527427997091,15,9,901,36,0,,original_uniform_floor_plus_prior_scores,maximum_cardinality_certified_superset_of_eBH_then_maximum_testing_evalue_sum,200,0,0,exact_dyadic_prefix_or_HiGHS_QUBO_MILP,300.0,1
244,710b2d84fca32f3a4174efee4c88620cef0d62d4938d7955487f0203dfa128dd,proven_maximal,maximize_sum_testing_e_values_at_maximum_cardinality,proven_optimal,8548.265527229592,1.8674941956577444,4577.398712727369,2,2,3,62;119,62;119,62;119;169,2,2,3,0,0,0,0.1,0.1,0.15,0.0,0.0,0.0,0,1,1.6810421839982155,14,8,671,54,3,,original_uniform_floor_plus_prior_scores,maximum_cardinality_certified_superset_of_eBH_then_maximum_testing_evalue_sum,200,2,2,exact_dyadic_prefix_or_HiGHS_QUBO_MILP,300.0,1
245,b3a587c550f7b4051e2c5d0f44bf6874d7e23aac05dc5f78110f9aac92265748,proven_maximal,maximize_sum_testing_e_values_at_maximum_cardinality,proven_optimal,9406.032489510208,2.7587160151361654,3409.5689581321194,3,3,4,35;92;104,35;92;104,35;49;92;104,3,3,4,0,0,0,0.15,0.15,0.2,0.0,0.0,0.0,0,1,4.707921264001925,13,9,665,55,4,,original_uniform_floor_plus_prior_scores,maximum_cardinality_certified_superset_of_eBH_then_maximum_testing_evalue_sum,200,3,3,exact_dyadic_prefix_or_HiGHS_QUBO_MILP,300.0,1
246,34a853f042d813f73b158fa22319272631366daaf12dba95270411f521baa0a2,proven_maximal,maximize_sum_testing_e_values_at_maximum_cardinality,proven_optimal,12241.891293368264,2.538872275384834,4821.783045983547,2,2,5,97;106,97;106,97;106;129;130;141,2,2,5,0,0,0,0.1,0.1,0.25,0.0,0.0,0.0,0,3,3.895454914003494,13,7,604,41,5,,original_uniform_floor_plus_prior_scores,maximum_cardinality_certified_superset_of_eBH_then_maximum_testing_evalue_sum,200,2,2,exact_dyadic_prefix_or_HiGHS_QUBO_MILP,300.0,1
247,7543ee57ce889c8c99da238a23b43404afc0c5cd1be7dcf72ed98ffe0a5e0ece,proven_maximal,maximize_sum_testing_e_values_at_maximum_cardinality,proven_optimal,20538.218645761226,1.5729898837018739,13056.80275414524,5,5,5,65;120;126;127;148,65;120;126;127;148,65;120;126;127;148,5,5,5,0,0,0,0.25,0.25,0.25,0.0,0.0,0.0,0,0,1.5659358940029051,12,6,639,34,5,,original_uniform_floor_plus_prior_scores,maximum_cardinality_certified_superset_of_eBH_then_maximum_testing_evalue_sum,200,5,5,exact_dyadic_prefix_or_HiGHS_QUBO_MILP,300.0,1
248,54440bf1649bbf4e16f82d17e257ea21bcb90b250a58d98600f2737a31692112,proven_maximal,maximize_sum_testing_e_values_at_maximum_cardinality,proven_optimal,178351.08951954395,1.530339748059481,116543.46019940916,3,3,3,95;110;133,95;110;133,95;110;133,3,3,3,0,0,0,0.15,0.15,0.15,0.0,0.0,0.0,0,0,2.494148978999874,17,7,661,45,3,,original_uniform_floor_plus_prior_scores,maximum_cardinality_certified_superset_of_eBH_then_maximum_testing_evalue_sum,200,3,3,exact_dyadic_prefix_or_HiGHS_QUBO_MILP,300.0,1
249,827f0800d381f5858dad286e02ef136f0db2d0d4b42bcc6c50ccc6df3aaceedc,proven_maximal,maximize_sum_testing_e_values_at_maximum_cardinality,proven_optimal,9173.356860727989,1.947397689615799,4710.571913299227,2,2,2,129;161,129;161,129;161,2,2,2,0,0,0,0.1,0.1,0.1,0.0,0.0,0.0,0,0,2.2732263729994884,19,11,938,51,2,,original_uniform_floor_plus_prior_scores,maximum_cardinality_certified_superset_of_eBH_then_maximum_testing_evalue_sum,200,2,2,exact_dyadic_prefix_or_HiGHS_QUBO_MILP,300.0,1
250,126f8d6d17bdd189d91190e4756efa3352a718dd04727f46092dba94dc6acca2,proven_maximal,maximize_sum_testing_e_values_at_maximum_cardinality,proven_optimal,22346.14714148998,3.296982946342077,6777.756362459348,6,6,7,3;44;68;131;134;154,3;44;68;131;134;154,3;44;68;131;134;154;157,6,6,7,0,0,0,0.3,0.3,0.35,0.0,0.0,0.0,0,1,1.5137087800030713,12,7,605,41,7,,original_uniform_floor_plus_prior_scores,maximum_cardinality_certified_superset_of_eBH_then_maximum_testing_evalue_sum,200,6,6,exact_dyadic_prefix_or_HiGHS_QUBO_MILP,300.0,1
251,c503a490a7c5d79e9b3b09c878fd8c5d85e9e6f629d9349884c3498ffe0feb20,proven_maximal,maximize_sum_testing_e_values_at_maximum_cardinality,proven_optimal,59285.706492835365,1.8365000331753587,32281.89786107913,10,10,10,35;88;89;92;107;113;120;138;169;192,35;88;89;92;107;113;120;138;169;192,35;88;89;92;107;113;120;138;169;192,10,10,10,0,0,0,0.5,0.5,0.5,0.0,0.0,0.0,0,0,2.6648666830005823,12,6,623,39,10,,original_uniform_floor_plus_prior_scores,maximum_cardinality_certified_superset_of_eBH_then_maximum_testing_evalue_sum,200,10,10,exact_dyadic_prefix_or_HiGHS_QUBO_MILP,300.0,1
252,1189298059b2567c601dba608a8a6c538fd63bfc95aebd255bdf52db95e8286e,proven_maximal,maximize_sum_testing_e_values_at_maximum_cardinality,proven_optimal,13908.0133025369,3.783656399732005,3675.81297908605,5,5,6,32;37;61;188;198,32;37;61;188;198,32;37;61;159;188;198,5,5,6,0,0,0,0.25,0.25,0.3,0.0,0.0,0.0,0,1,2.358910196002398,17,8,577,35,6,,original_uniform_floor_plus_prior_scores,maximum_cardinality_certified_superset_of_eBH_then_maximum_testing_evalue_sum,200,5,5,exact_dyadic_prefix_or_HiGHS_QUBO_MILP,300.0,1
253,fd924250c19075bbb08c258c72fae20b37e8f0a4eb29c713297122aa1d766209,proven_maximal,maximize_sum_testing_e_values_at_maximum_cardinality,proven_optimal,7026.273944507271,1.6814509402906914,4178.696967092337,2,2,2,43;101,43;101,43;101,2,2,2,0,0,0,0.1,0.1,0.1,0.0,0.0,0.0,0,0,4.485597831000632,13,6,614,36,2,,original_uniform_floor_plus_prior_scores,maximum_cardinality_certified_superset_of_eBH_then_maximum_testing_evalue_sum,200,2,2,exact_dyadic_prefix_or_HiGHS_QUBO_MILP,300.0,1
254,a6412e5038ef8f709800283c1d6edf2d38fe70236c0247345e9942a74d5af073,proven_maximal,maximize_sum_testing_e_values_at_maximum_cardinality,proven_optimal,10110.93089631626,2.739904792062839,3690.248991719114,4,4,4,32;140;161;165,32;140;161;165,32;140;161;165,4,4,4,0,0,0,0.2,0.2,0.2,0.0,0.0,0.0,0,0,0.6851648289957666,8,6,602,44,4,,original_uniform_floor_plus_prior_scores,maximum_cardinality_certified_superset_of_eBH_then_maximum_testing_evalue_sum,200,4,4,exact_dyadic_prefix_or_HiGHS_QUBO_MILP,300.0,1
255,7f5d434abb8f572766d446a3ce7efbe0ac9e70b74a142cfc3ad9bff69744eb12,proven_maximal,maximize_sum_testing_e_values_at_maximum_cardinality,proven_optimal,7838.860904517082,1.0,7838.860904517082,1,1,1,97,97,97,1,1,1,0,0,0,0.05,0.05,0.05,0.0,0.0,0.0,0,0,1.7308166319999145,16,6,663,49,1,,original_uniform_floor_plus_prior_scores,maximum_cardinality_certified_superset_of_eBH_then_maximum_testing_evalue_sum,200,1,1,exact_dyadic_prefix_or_HiGHS_QUBO_MILP,300.0,1
256,97822e73c01eb252e79ea412f82292398fc6dad404e26258ab4c7768e5447c3f,proven_maximal,maximize_sum_testing_e_values_at_maximum_cardinality,proven_optimal,41805.18183976934,1.0,41805.18183976934,1,1,1,156,156,156,1,1,1,0,0,0,0.05,0.05,0.05,0.0,0.0,0.0,0,0,3.6271463629964273,16,7,609,47,1,,original_uniform_floor_plus_prior_scores,maximum_cardinality_certified_superset_of_eBH_then_maximum_testing_evalue_sum,200,1,1,exact_dyadic_prefix_or_HiGHS_QUBO_MILP,300.0,1
257,9f6378f9bee9885b03f60533500409dfff3ef0fb94d7a26f33241c0b2ecd3567,proven_maximal,maximize_sum_testing_e_values_at_maximum_cardinality,proven_optimal,579526.9247766084,1.009648273413506,573988.9227139405,5,5,5,55;107;132;173;175,55;107;132;173;175,55;107;132;173;175,5,5,5,0,0,0,0.25,0.25,0.25,0.0,0.0,0.0,0,0,1.4960921710007824,13,7,708,47,5,,original_uniform_floor_plus_prior_scores,maximum_cardinality_certified_superset_of_eBH_then_maximum_testing_evalue_sum,200,5,5,exact_dyadic_prefix_or_HiGHS_QUBO_MILP,300.0,1
258,6f87f5584b220f8b452f8539d9d531fb49d78e5919f21c7810cdf9c0e793413c,proven_maximal,maximize_sum_testing_e_values_at_maximum_cardinality,proven_optimal,21271.875249303015,1.1703888164047713,18175.04999291302,2,2,2,27;31,27;31,27;31,2,2,2,0,0,0,0.1,0.1,0.1,0.0,0.0,0.0,0,0,0.8462166270037415,9,5,524,33,2,,original_uniform_floor_plus_prior_scores,maximum_cardinality_certified_superset_of_eBH_then_maximum_testing_evalue_sum,200,2,2,exact_dyadic_prefix_or_HiGHS_QUBO_MILP,300.0,1
259,5409f8c1329f433359e42b69306551930a1db9c2f772fe6201f167030362d620,proven_maximal,maximize_sum_testing_e_values_at_maximum_cardinality,proven_optimal,39367.005687437864,1.605633893907159,24518.04601087609,4,4,5,20;65;120;122,20;65;120;122,4;20;65;120;122,4,4,5,0,0,0,0.2,0.2,0.25,0.0,0.0,0.0,0,1,1.626249403001566,15,9,726,46,5,,original_uniform_floor_plus_prior_scores,maximum_cardinality_certified_superset_of_eBH_then_maximum_testing_evalue_sum,200,4,4,exact_dyadic_prefix_or_HiGHS_QUBO_MILP,300.0,1
260,ec9d7cb90cb703ddb2b5c04029c574b44e2cb35c0d34b254d06c2bb5756330fc,proven_maximal,maximize_sum_testing_e_values_at_maximum_cardinality,proven_optimal,46320.639007593665,1.8642236612962795,24847.14681466108,6,6,7,41;112;129;132;150;184,41;112;129;132;150;184,41;112;129;132;150;159;184,6,6,7,0,0,0,0.3,0.3,0.35,0.0,0.0,0.0,0,1,1.2637726179964375,13,9,765,60,7,,original_uniform_floor_plus_prior_scores,maximum_cardinality_certified_superset_of_eBH_then_maximum_testing_evalue_sum,200,6,6,exact_dyadic_prefix_or_HiGHS_QUBO_MILP,300.0,1
261,22e8f0d3689d6d23b0e866974476eec6e35a57af8fe96666d9f19aa9b5b0285a,proven_maximal,maximize_sum_testing_e_values_at_maximum_cardinality,proven_optimal,18249.37901872011,1.5947652520877096,11443.301134652776,8,8,9,16;27;50;61;93;109;116;194,16;27;50;61;93;109;116;194,16;27;50;61;93;109;116;149;194,8,8,9,0,0,0,0.4,0.4,0.45,0.0,0.0,0.0,0,1,5.040266370000609,13,7,517,41,9,,original_uniform_floor_plus_prior_scores,maximum_cardinality_certified_superset_of_eBH_then_maximum_testing_evalue_sum,200,8,8,exact_dyadic_prefix_or_HiGHS_QUBO_MILP,300.0,1
262,86d3b7f84250a56b6f8fa2abc05e4d8a37dadf75a811a35cf980366c2801931b,proven_maximal,maximize_sum_testing_e_values_at_maximum_cardinality,proven_optimal,5582.505661585543,1.0,5582.505661585543,1,1,1,135,135,135,1,1,1,0,0,0,0.05,0.05,0.05,0.0,0.0,0.0,0,0,0.9030103799959761,10,6,539,42,1,,original_uniform_floor_plus_prior_scores,maximum_cardinality_certified_superset_of_eBH_then_maximum_testing_evalue_sum,200,1,1,exact_dyadic_prefix_or_HiGHS_QUBO_MILP,300.0,1
263,dc758baf83dbe8b425b525830e996f37a1d28b997656a9d0dafd4742faa72959,proven_maximal,maximize_sum_testing_e_values_at_maximum_cardinality,proven_optimal,0.0,0.0,1187.7744647026852,0,0,0,,,,0,0,0,0,0,0,0.0,0.0,0.0,0.0,0.0,0.0,0,0,0.39237070299714105,3,3,300,38,0,,original_uniform_floor_plus_prior_scores,maximum_cardinality_certified_superset_of_eBH_then_maximum_testing_evalue_sum,200,0,0,exact_dyadic_prefix_or_HiGHS_QUBO_MILP,300.0,1
264,749678b159b505cfe9d538a25ebe998374f79663c10e35f6bad21f57a86d5b47,proven_maximal,maximize_sum_testing_e_values_at_maximum_cardinality,proven_optimal,226765.84238410616,1.0386827963895924,218320.5913993497,3,3,3,16;91;134,16;91;134,16;91;134,3,3,3,0,0,0,0.15,0.15,0.15,0.0,0.0,0.0,0,0,1.5523202149997815,15,7,650,38,3,,original_uniform_floor_plus_prior_scores,maximum_cardinality_certified_superset_of_eBH_then_maximum_testing_evalue_sum,200,3,3,exact_dyadic_prefix_or_HiGHS_QUBO_MILP,300.0,1
265,5ebd9a6fe9ee1ed37152e313eceef3fb20d46c64c5a3d852e22ab5a163c14999,proven_maximal,maximize_sum_testing_e_values_at_maximum_cardinality,proven_optimal,16417.84367384894,1.61708887001558,10152.715771082365,5,5,5,9;46;91;113;130,9;46;91;113;130,9;46;91;113;130,5,5,5,0,0,0,0.25,0.25,0.25,0.0,0.0,0.0,0,0,3.022564359998796,14,6,533,42,5,,original_uniform_floor_plus_prior_scores,maximum_cardinality_certified_superset_of_eBH_then_maximum_testing_evalue_sum,200,5,5,exact_dyadic_prefix_or_HiGHS_QUBO_MILP,300.0,1
266,f5a9219278c63770f99e1b8325460c9d61368fffca55084223b2b7c4bce88a8e,proven_maximal,maximize_sum_testing_e_values_at_maximum_cardinality,proven_optimal,39987.740083329816,1.6114825703393392,24814.255406379834,4,4,7,25;74;98;102,25;74;98;102,5;15;25;74;98;102;114,4,4,7,0,0,0,0.2,0.2,0.35,0.0,0.0,0.0,0,3,1.444346325006336,13,8,683,58,7,,original_uniform_floor_plus_prior_scores,maximum_cardinality_certified_superset_of_eBH_then_maximum_testing_evalue_sum,200,4,4,exact_dyadic_prefix_or_HiGHS_QUBO_MILP,300.0,1
267,2c49b60b09c1515b175d156f77654d3eb294c8474b874e43a36d165090f69335,proven_maximal,maximize_sum_testing_e_values_at_maximum_cardinality,proven_optimal,38540.6931927764,1.3689075555809656,28154.343246662625,4,4,6,33;97;139;192,33;97;139;192,23;33;76;97;139;192,4,4,6,0,0,0,0.2,0.2,0.3,0.0,0.0,0.0,0,2,1.3851861060029478,13,7,507,38,6,,original_uniform_floor_plus_prior_scores,maximum_cardinality_certified_superset_of_eBH_then_maximum_testing_evalue_sum,200,4,4,exact_dyadic_prefix_or_HiGHS_QUBO_MILP,300.0,1
268,0eec4e9799f7fccb74b9d7159ffae7f125ab3e27c90fdb2afb8660242ae0de71,proven_maximal,maximize_sum_testing_e_values_at_maximum_cardinality,proven_optimal,44602.41560116568,1.0537432990910325,42327.59120711855,2,2,2,22;146,22;146,22;146,2,2,2,0,0,0,0.1,0.1,0.1,0.0,0.0,0.0,0,0,1.2712099339987617,14,8,775,45,2,,original_uniform_floor_plus_prior_scores,maximum_cardinality_certified_superset_of_eBH_then_maximum_testing_evalue_sum,200,2,2,exact_dyadic_prefix_or_HiGHS_QUBO_MILP,300.0,1
269,84da0ce742ccd63e4fbdef169a0c3db2541b2205f68020c87a5396e26e9f51ae,proven_maximal,maximize_sum_testing_e_values_at_maximum_cardinality,proven_optimal,23629.999225425425,2.4745320326961346,9549.27999039854,6,6,6,25;26;28;50;122;162,25;26;28;50;122;162,25;26;28;50;122;162,6,6,6,0,0,0,0.3,0.3,0.3,0.0,0.0,0.0,0,0,1.071176370001922,11,6,602,38,6,,original_uniform_floor_plus_prior_scores,maximum_cardinality_certified_superset_of_eBH_then_maximum_testing_evalue_sum,200,6,6,exact_dyadic_prefix_or_HiGHS_QUBO_MILP,300.0,1
270,32e1c690b4179dabc0a0a99f6cd2248ce905741c202eb66530adb8b196cd0a2e,proven_maximal,maximize_sum_testing_e_values_at_maximum_cardinality,proven_optimal,11711.459875922594,1.1976007025808886,9779.102375845154,1,1,2,187,187,71;187,1,1,2,0,0,0,0.05,0.05,0.1,0.0,0.0,0.0,0,1,3.3188062109984457,14,7,614,48,2,,original_uniform_floor_plus_prior_scores,maximum_cardinality_certified_superset_of_eBH_then_maximum_testing_evalue_sum,200,1,1,exact_dyadic_prefix_or_HiGHS_QUBO_MILP,300.0,1
271,e2fb0a379051e50dc0ac32f7d705c08aeb6962417ee71a1cbb5f8a5be3670b4e,proven_maximal,maximize_sum_testing_e_values_at_maximum_cardinality,proven_optimal,6818.336809871607,1.0,6818.336809871607,1,1,1,73,73,73,1,1,1,0,0,0,0.05,0.05,0.05,0.0,0.0,0.0,0,0,1.6138777840023977,15,7,636,35,1,,original_uniform_floor_plus_prior_scores,maximum_cardinality_certified_superset_of_eBH_then_maximum_testing_evalue_sum,200,1,1,exact_dyadic_prefix_or_HiGHS_QUBO_MILP,300.0,1
272,86646943b5f24d51451091488f0e3289b0fd6b5abedc5bde5dbec94db3cf5eae,proven_maximal,maximize_sum_testing_e_values_at_maximum_cardinality,proven_optimal,50578.83765618855,2.2700339060570447,22281.0934767234,4,4,6,63;73;157;175,63;73;157;175,37;63;73;157;174;175,4,4,6,0,0,0,0.2,0.2,0.3,0.0,0.0,0.0,0,2,2.786491865001153,21,14,723,46,6,,original_uniform_floor_plus_prior_scores,maximum_cardinality_certified_superset_of_eBH_then_maximum_testing_evalue_sum,200,4,4,exact_dyadic_prefix_or_HiGHS_QUBO_MILP,300.0,1
273,2eb463ceaf7fda5af988272f93b89fcfadda6d1a1a051d745b757eb0527491f1,proven_maximal,maximize_sum_testing_e_values_at_maximum_cardinality,proven_optimal,11441.936452036094,1.0,11441.936452036094,1,1,1,13,13,13,1,1,1,0,0,0,0.05,0.05,0.05,0.0,0.0,0.0,0,0,4.791473433004285,15,7,679,48,1,,original_uniform_floor_plus_prior_scores,maximum_cardinality_certified_superset_of_eBH_then_maximum_testing_evalue_sum,200,1,1,exact_dyadic_prefix_or_HiGHS_QUBO_MILP,300.0,1
274,7ce7af34314998011a77e2aa6cc8f411ffdd691c25e5d0b8861d2fea35e7afdf,proven_maximal,maximize_sum_testing_e_values_at_maximum_cardinality,proven_optimal,16916.987119652676,2.4446580031913916,6919.981076113022,2,2,9,137;181,137;181,37;55;98;127;137;140;141;170;181,2,2,9,0,0,0,0.1,0.1,0.45,0.0,0.0,0.0,0,7,1.5311545439981273,10,7,602,40,9,,original_uniform_floor_plus_prior_scores,maximum_cardinality_certified_superset_of_eBH_then_maximum_testing_evalue_sum,200,2,2,exact_dyadic_prefix_or_HiGHS_QUBO_MILP,300.0,1
275,ce312e76048f17b997f781ebafac103e5774e5f113feb5e11475bd66b5cc78f6,proven_maximal,maximize_sum_testing_e_values_at_maximum_cardinality,proven_optimal,0.0,0.0,316.3878503558633,0,0,0,,,,0,0,0,0,0,0,0.0,0.0,0.0,0.0,0.0,0.0,0,0,0.7006178380033816,3,3,300,39,0,,original_uniform_floor_plus_prior_scores,maximum_cardinality_certified_superset_of_eBH_then_maximum_testing_evalue_sum,200,0,0,exact_dyadic_prefix_or_HiGHS_QUBO_MILP,300.0,1
276,5087849ba03dc0291f1328c5e6a8263cee795c706a4afa3e0b047f7438048af6,proven_maximal,maximize_sum_testing_e_values_at_maximum_cardinality,proven_optimal,118630.00976049514,2.3623971598509392,50215.94665648022,5,5,5,29;32;40;55;187,29;32;40;55;187,29;32;40;55;187,5,5,5,0,0,0,0.25,0.25,0.25,0.0,0.0,0.0,0,0,5.470485131001624,22,12,1019,34,5,,original_uniform_floor_plus_prior_scores,maximum_cardinality_certified_superset_of_eBH_then_maximum_testing_evalue_sum,200,5,5,exact_dyadic_prefix_or_HiGHS_QUBO_MILP,300.0,1
277,588a23c54faf5316389c4e3b97ffed28eb3bc7099e80f3ce44f8c10b92895b87,proven_maximal,maximize_sum_testing_e_values_at_maximum_cardinality,proven_optimal,12907.283177656258,3.0917441045723186,4174.757916920723,8,8,8,15;52;54;68;74;87;126;146,15;52;54;68;74;87;126;146,15;52;54;68;74;87;126;146,8,8,8,0,0,0,0.4,0.4,0.4,0.0,0.0,0.0,0,0,1.414642219999223,11,6,624,36,8,,original_uniform_floor_plus_prior_scores,maximum_cardinality_certified_superset_of_eBH_then_maximum_testing_evalue_sum,200,8,8,exact_dyadic_prefix_or_HiGHS_QUBO_MILP,300.0,1
278,82f63682c80aff3560436b200cc468ea5866ce3c6d44a10aa2142f3a6207af76,proven_maximal,maximize_sum_testing_e_values_at_maximum_cardinality,proven_optimal,7905.915853155253,3.937706075505443,2007.7465665439368,5,5,6,21;60;133;139;185,21;60;133;139;185,21;44;60;133;139;185,5,5,6,0,0,0,0.25,0.25,0.3,0.0,0.0,0.0,0,1,1.7328397879973636,13,7,601,35,6,,original_uniform_floor_plus_prior_scores,maximum_cardinality_certified_superset_of_eBH_then_maximum_testing_evalue_sum,200,5,5,exact_dyadic_prefix_or_HiGHS_QUBO_MILP,300.0,1
279,c8476545e05de83668310a2fd6c7990980021bbd06eacf3536343d1b0b9e0308,proven_maximal,maximize_sum_testing_e_values_at_maximum_cardinality,proven_optimal,6276.753903917746,1.0,6276.753903917746,1,1,1,143,143,143,1,1,1,0,0,0,0.05,0.05,0.05,0.0,0.0,0.0,0,0,1.81073934899905,16,6,603,50,1,,original_uniform_floor_plus_prior_scores,maximum_cardinality_certified_superset_of_eBH_then_maximum_testing_evalue_sum,200,1,1,exact_dyadic_prefix_or_HiGHS_QUBO_MILP,300.0,1
280,7d9ef6ca770ccdc3d68c61d7f002f7979a69e82f124c08d20412ffe28338b57a,proven_maximal,maximize_sum_testing_e_values_at_maximum_cardinality,proven_optimal,77598.6406513471,1.3511258386712997,57432.57839525724,3,3,3,43;57;109,43;57;109,43;57;109,3,3,3,0,0,0,0.15,0.15,0.15,0.0,0.0,0.0,0,0,1.5697348739995505,15,6,667,34,3,,original_uniform_floor_plus_prior_scores,maximum_cardinality_certified_superset_of_eBH_then_maximum_testing_evalue_sum,200,3,3,exact_dyadic_prefix_or_HiGHS_QUBO_MILP,300.0,1
281,05a07b8a3886dc7964e57d7b0f31d6f81aeff4990f102a61ab1953ebb0c07aa9,proven_maximal,maximize_sum_testing_e_values_at_maximum_cardinality,proven_optimal,11138.302282601831,1.26978510717962,8771.801007606431,2,2,2,114;150,114;150,114;150,2,2,2,0,0,0,0.1,0.1,0.1,0.0,0.0,0.0,0,0,4.409259095002199,14,7,690,38,2,,original_uniform_floor_plus_prior_scores,maximum_cardinality_certified_superset_of_eBH_then_maximum_testing_evalue_sum,200,2,2,exact_dyadic_prefix_or_HiGHS_QUBO_MILP,300.0,1
282,41888a754df1ea34ef39702241696b39593c9bf6ecc4352c58d10ddaa078ae96,proven_maximal,maximize_sum_testing_e_values_at_maximum_cardinality,proven_optimal,10037.386610467558,2.1718412995210037,4621.60223800942,5,5,7,29;69;109;134;166,29;69;109;134;166,29;69;103;109;130;134;166,5,5,7,0,0,0,0.25,0.25,0.35,0.0,0.0,0.0,0,2,2.0596531180053717,17,10,631,41,7,,original_uniform_floor_plus_prior_scores,maximum_cardinality_certified_superset_of_eBH_then_maximum_testing_evalue_sum,200,5,5,exact_dyadic_prefix_or_HiGHS_QUBO_MILP,300.0,1
283,f1b749cd7c43f2815da7f0a31be2fbd5fe1f32f0774bb9c24df2a6e16d6f0c3d,proven_maximal,maximize_sum_testing_e_values_at_maximum_cardinality,proven_optimal,11665.29616741126,4.262159461655019,2736.945032760826,5,5,7,83;112;132;172;184,83;112;132;172;184,83;112;132;164;172;184;188,5,5,7,0,0,0,0.25,0.25,0.35,0.0,0.0,0.0,0,2,1.5053937070042593,14,6,513,45,7,,original_uniform_floor_plus_prior_scores,maximum_cardinality_certified_superset_of_eBH_then_maximum_testing_evalue_sum,200,5,5,exact_dyadic_prefix_or_HiGHS_QUBO_MILP,300.0,1
284,204d27a242eb279ed57468ab3a9f74989f81483d7217c65a6b1cd85a6ffc8dd4,proven_maximal,maximize_sum_testing_e_values_at_maximum_cardinality,proven_optimal,4389.603138451536,3.6538390618472776,1201.3674012867652,0,0,4,,,31;110;120;181,0,0,4,0,0,0,0.0,0.0,0.2,0.0,0.0,0.0,0,4,1.3307908659990062,10,7,568,46,4,,original_uniform_floor_plus_prior_scores,maximum_cardinality_certified_superset_of_eBH_then_maximum_testing_evalue_sum,200,0,0,exact_dyadic_prefix_or_HiGHS_QUBO_MILP,300.0,1
285,d60a7fad09a572ee1dc491e37c5a2370359c1024c67bc15458c4c5345b580618,proven_maximal,maximize_sum_testing_e_values_at_maximum_cardinality,proven_optimal,123642.37213333085,1.5537512929007007,79576.68173681949,7,7,7,10;13;26;34;35;107;192,10;13;26;34;35;107;192,10;13;26;34;35;107;192,7,7,7,0,0,0,0.35,0.35,0.35,0.0,0.0,0.0,0,0,1.786964466999052,9,6,545,44,7,,original_uniform_floor_plus_prior_scores,maximum_cardinality_certified_superset_of_eBH_then_maximum_testing_evalue_sum,200,7,7,exact_dyadic_prefix_or_HiGHS_QUBO_MILP,300.0,1
286,eae220e608576f1bb431be1a42cdd6906d155fac770af96aae8448de1fbb796a,proven_maximal,maximize_sum_testing_e_values_at_maximum_cardinality,proven_optimal,0.0,0.0,1094.2413749209566,0,0,0,,,,0,0,0,0,0,0,0.0,0.0,0.0,0.0,0.0,0.0,0,0,0.4915049880000879,3,3,300,37,0,,original_uniform_floor_plus_prior_scores,maximum_cardinality_certified_superset_of_eBH_then_maximum_testing_evalue_sum,200,0,0,exact_dyadic_prefix_or_HiGHS_QUBO_MILP,300.0,1
287,6cb80f4286f3e901ce0c0e47473f556b7f5d892f73cb41c05e410cd8ec670124,proven_maximal,maximize_sum_testing_e_values_at_maximum_cardinality,proven_optimal,8124.675546372405,3.543943473625028,2292.552239288918,4,4,4,49;53;57;144,49;53;57;144,49;53;57;144,4,4,4,0,0,0,0.2,0.2,0.2,0.0,0.0,0.0,0,0,2.2116362360029598,17,7,584,33,4,,original_uniform_floor_plus_prior_scores,maximum_cardinality_certified_superset_of_eBH_then_maximum_testing_evalue_sum,200,4,4,exact_dyadic_prefix_or_HiGHS_QUBO_MILP,300.0,1
288,f155347f21c112bc53d6820e0a9aec207dbf97121e9d228e18b207eb2a14c3d7,proven_maximal,maximize_sum_testing_e_values_at_maximum_cardinality,proven_optimal,24894.281549622792,2.8547280306266654,8720.368904689683,7,7,7,11;43;71;92;104;133;150,11;43;71;92;104;133;150,11;43;71;92;104;133;150,7,7,7,0,0,0,0.35,0.35,0.35,0.0,0.0,0.0,0,0,2.480754247997538,15,6,550,36,7,,original_uniform_floor_plus_prior_scores,maximum_cardinality_certified_superset_of_eBH_then_maximum_testing_evalue_sum,200,7,7,exact_dyadic_prefix_or_HiGHS_QUBO_MILP,300.0,1
289,2ca8c9ba97d84f206cf840b27b6fada194ae998a862f125b33c27168ea7ccedd,proven_maximal,maximize_sum_testing_e_values_at_maximum_cardinality,proven_optimal,48485.03512222265,1.2374388307213056,39181.76310497758,2,2,2,56;161,56;161,56;161,2,2,2,0,0,0,0.1,0.1,0.1,0.0,0.0,0.0,0,0,8.130875435002963,16,10,846,44,2,,original_uniform_floor_plus_prior_scores,maximum_cardinality_certified_superset_of_eBH_then_maximum_testing_evalue_sum,200,2,2,exact_dyadic_prefix_or_HiGHS_QUBO_MILP,300.0,1
290,f9421f8c588a23fee4059d1092a067d7aaf7d8d5fed21879850049973fff00ee,proven_maximal,maximize_sum_testing_e_values_at_maximum_cardinality,proven_optimal,22866.334363450682,2.2578622896439433,10127.426490238526,4,4,4,42;62;96;121,42;62;96;121,42;62;96;121,4,4,4,0,0,0,0.2,0.2,0.2,0.0,0.0,0.0,0,0,5.206024933999288,16,7,654,32,4,,original_uniform_floor_plus_prior_scores,maximum_cardinality_certified_superset_of_eBH_then_maximum_testing_evalue_sum,200,4,4,exact_dyadic_prefix_or_HiGHS_QUBO_MILP,300.0,1
291,3166813281ed8fbc6eae44ad9f95350ec3b588c6076254077018e2ebed420aa7,proven_maximal,maximize_sum_testing_e_values_at_maximum_cardinality,proven_optimal,93416.17658275855,1.0435891316296426,89514.32489228994,1,1,4,61,61,35;61;98;174,1,1,4,0,0,0,0.05,0.05,0.2,0.0,0.0,0.0,0,3,2.2672773160011275,15,10,835,48,4,,original_uniform_floor_plus_prior_scores,maximum_cardinality_certified_superset_of_eBH_then_maximum_testing_evalue_sum,200,1,1,exact_dyadic_prefix_or_HiGHS_QUBO_MILP,300.0,1
292,b1ec1dc6dda330c741ae59adb5ee3dd3d7ed26e64667d2ac9f35b8ef423fbdfb,proven_maximal,maximize_sum_testing_e_values_at_maximum_cardinality,proven_optimal,14293.940115557378,1.8830710142001106,7590.759991401145,4,4,4,14;35;107;115,14;35;107;115,14;35;107;115,4,4,4,0,0,0,0.2,0.2,0.2,0.0,0.0,0.0,0,0,3.223289665002085,10,5,505,40,4,,original_uniform_floor_plus_prior_scores,maximum_cardinality_certified_superset_of_eBH_then_maximum_testing_evalue_sum,200,4,4,exact_dyadic_prefix_or_HiGHS_QUBO_MILP,300.0,1
293,b2730ffae3422cc1d4cc29e5a39daffd8242f46e6f4282fd9c141de0fc0ce393,proven_maximal,maximize_sum_testing_e_values_at_maximum_cardinality,proven_optimal,74509.7311705664,1.0698929388786524,69642.23097748411,2,2,2,61;96,61;96,61;96,2,2,2,0,0,0,0.1,0.1,0.1,0.0,0.0,0.0,0,0,2.545991207996849,13,5,508,34,2,,original_uniform_floor_plus_prior_scores,maximum_cardinality_certified_superset_of_eBH_then_maximum_testing_evalue_sum,200,2,2,exact_dyadic_prefix_or_HiGHS_QUBO_MILP,300.0,1
294,649a96e2490e2b9b4002675e58aba9427a3bb607273661839dd07efa65003d2d,proven_maximal,maximize_sum_testing_e_values_at_maximum_cardinality,proven_optimal,204865.24562961637,1.1655727756918668,175763.58156444706,7,7,7,25;57;107;114;140;154;199,25;57;107;114;140;154;199,25;57;107;114;140;154;199,7,7,7,0,0,0,0.35,0.35,0.35,0.0,0.0,0.0,0,0,4.789161674998468,17,8,765,42,7,,original_uniform_floor_plus_prior_scores,maximum_cardinality_certified_superset_of_eBH_then_maximum_testing_evalue_sum,200,7,7,exact_dyadic_prefix_or_HiGHS_QUBO_MILP,300.0,1
295,f6fe896404cacb7e701e968c5732d976a7c7ee02ea90a236d49510795da71f89,proven_maximal,maximize_sum_testing_e_values_at_maximum_cardinality,proven_optimal,15246.149773938512,1.714365012310675,8893.17599487712,4,4,4,6;94;139;192,6;94;139;192,6;94;139;192,4,4,4,0,0,0,0.2,0.2,0.2,0.0,0.0,0.0,0,0,4.599522172000434,16,6,544,43,4,,original_uniform_floor_plus_prior_scores,maximum_cardinality_certified_superset_of_eBH_then_maximum_testing_evalue_sum,200,4,4,exact_dyadic_prefix_or_HiGHS_QUBO_MILP,300.0,1
296,8b1597e127ae903965b543b408ac67582d699afc4903397733166cb3c2429629,proven_maximal,maximize_sum_testing_e_values_at_maximum_cardinality,proven_optimal,0.0,0.0,1364.8254680546747,0,0,0,,,,0,0,0,0,0,0,0.0,0.0,0.0,0.0,0.0,0.0,0,0,2.227130731997022,16,8,699,42,0,,original_uniform_floor_plus_prior_scores,maximum_cardinality_certified_superset_of_eBH_then_maximum_testing_evalue_sum,200,0,0,exact_dyadic_prefix_or_HiGHS_QUBO_MILP,300.0,1
297,b2cd2ef01e47dcb757aff9a7c551813b4171954801eccc98af756a973132b8e6,proven_maximal,maximize_sum_testing_e_values_at_maximum_cardinality,proven_optimal,224437.1482782311,1.1646123963314385,192714.0299941975,2,2,2,125;194,125;194,125;194,2,2,2,0,0,0,0.1,0.1,0.1,0.0,0.0,0.0,0,0,7.02598099700117,16,7,653,40,2,,original_uniform_floor_plus_prior_scores,maximum_cardinality_certified_superset_of_eBH_then_maximum_testing_evalue_sum,200,2,2,exact_dyadic_prefix_or_HiGHS_QUBO_MILP,300.0,1
298,ced0dd82d871e2497d70452499029869ecf35772b8a95040bf36381b457e6add,proven_maximal,maximize_sum_testing_e_values_at_maximum_cardinality,proven_optimal,91505.27318400628,1.6617321174130406,55066.20003617689,6,6,7,27;94;137;143;158;193,27;94;137;143;158;193,27;94;113;137;143;158;193,6,6,7,0,0,0,0.3,0.3,0.35,0.0,0.0,0.0,0,1,1.3981600490005803,10,7,603,43,7,,original_uniform_floor_plus_prior_scores,maximum_cardinality_certified_superset_of_eBH_then_maximum_testing_evalue_sum,200,6,6,exact_dyadic_prefix_or_HiGHS_QUBO_MILP,300.0,1
299,c1aabcfe6b0b98346907f30f949a263c05a4159866bfdf80554d1ef423ce338e,proven_maximal,maximize_sum_testing_e_values_at_maximum_cardinality,proven_optimal,14588.292952297972,3.0300103339595585,4814.601715643086,3,3,6,25;30;137,25;30;137,4;25;30;83;95;137,3,3,6,0,0,0,0.15,0.15,0.3,0.0,0.0,0.0,0,3,1.8771288990028552,14,8,697,47,6,,original_uniform_floor_plus_prior_scores,maximum_cardinality_certified_superset_of_eBH_then_maximum_testing_evalue_sum,200,3,3,exact_dyadic_prefix_or_HiGHS_QUBO_MILP,300.0,1
300,fdc5b7c2c059b34c4f0ccbddc534f1b7c3c9cc4a5ed41aff78c6aa35838e76e2,proven_maximal,maximize_sum_testing_e_values_at_maximum_cardinality,proven_optimal,22091.86864075834,1.641404212597188,13459.127539219884,6,6,8,57;78;110;112;135;179,57;78;110;112;135;179,57;78;110;112;135;152;179;184,6,6,8,0,0,0,0.3,0.3,0.4,0.0,0.0,0.0,0,2,4.050668131996645,13,8,485,42,8,,original_uniform_floor_plus_prior_scores,maximum_cardinality_certified_superset_of_eBH_then_maximum_testing_evalue_sum,200,6,6,exact_dyadic_prefix_or_HiGHS_QUBO_MILP,300.0,1
301,b394644d9c2de8f8db1a5f537727c36c9ae62a06a94ecca38bab127a3429ff99,proven_maximal,maximize_sum_testing_e_values_at_maximum_cardinality,proven_optimal,83370.13020079823,1.0,83370.13020079823,1,1,1,175,175,175,1,1,1,0,0,0,0.05,0.05,0.05,0.0,0.0,0.0,0,0,5.550178778001282,20,10,702,37,1,,original_uniform_floor_plus_prior_scores,maximum_cardinality_certified_superset_of_eBH_then_maximum_testing_evalue_sum,200,1,1,exact_dyadic_prefix_or_HiGHS_QUBO_MILP,300.0,1
302,f492b85629446965e5d554c75ef17dc0e8e8fbc987c644a1dbedb345ee83278d,proven_maximal,maximize_sum_testing_e_values_at_maximum_cardinality,proven_optimal,158524.21532500908,1.6677129650002713,95054.8557527004,5,5,7,5;33;69;91;104,5;33;69;91;104,5;33;51;69;91;104;152,5,5,7,0,0,0,0.25,0.25,0.35,0.0,0.0,0.0,0,2,2.5012542129989015,14,8,711,47,7,,original_uniform_floor_plus_prior_scores,maximum_cardinality_certified_superset_of_eBH_then_maximum_testing_evalue_sum,200,5,5,exact_dyadic_prefix_or_HiGHS_QUBO_MILP,300.0,1
303,ead16ecd2325c15ccb609684e8217add5644940ce9f0b1ed57bc9e36617b4b0f,proven_maximal,maximize_sum_testing_e_values_at_maximum_cardinality,proven_optimal,22624.82326181283,1.1941178851326009,18946.892550144206,2,2,2,24;136,24;136,24;136,2,2,2,0,0,0,0.1,0.1,0.1,0.0,0.0,0.0,0,0,4.020279070995457,17,7,701,45,2,,original_uniform_floor_plus_prior_scores,maximum_cardinality_certified_superset_of_eBH_then_maximum_testing_evalue_sum,200,2,2,exact_dyadic_prefix_or_HiGHS_QUBO_MILP,300.0,1
304,18a440c8f7b1868bc32a068e2057a1f6659b181c8454a5727d52ba2dcc2d2f11,proven_maximal,maximize_sum_testing_e_values_at_maximum_cardinality,proven_optimal,8086.441597876934,2.8053951571299236,2882.460810315869,2,2,7,83;158,83;158,42;45;83;111;114;156;158,2,2,7,0,0,0,0.1,0.1,0.35,0.0,0.0,0.0,0,5,1.8165793949956424,11,8,641,34,7,,original_uniform_floor_plus_prior_scores,maximum_cardinality_certified_superset_of_eBH_then_maximum_testing_evalue_sum,200,2,2,exact_dyadic_prefix_or_HiGHS_QUBO_MILP,300.0,1
305,a17ff02619576727fdb2a4c42be0e8fbd001d9e9eea8384ddf05782fb10b4496,proven_maximal,maximize_sum_testing_e_values_at_maximum_cardinality,proven_optimal,7578.47547046623,1.0,7578.47547046623,1,1,1,41,41,41,1,1,1,0,0,0,0.05,0.05,0.05,0.0,0.0,0.0,0,0,4.683764951994817,15,7,618,32,1,,original_uniform_floor_plus_prior_scores,maximum_cardinality_certified_superset_of_eBH_then_maximum_testing_evalue_sum,200,1,1,exact_dyadic_prefix_or_HiGHS_QUBO_MILP,300.0,1
306,e0fa5e2ed2f72d7f81a39ab9057bed9126e2161c0b05f0ace6fa17688e1fc283,proven_maximal,maximize_sum_testing_e_values_at_maximum_cardinality,proven_optimal,0.0,0.0,1242.7201934311522,0,0,0,,,,0,0,0,0,0,0,0.0,0.0,0.0,0.0,0.0,0.0,0,0,0.8294636549981078,3,3,300,37,0,,original_uniform_floor_plus_prior_scores,maximum_cardinality_certified_superset_of_eBH_then_maximum_testing_evalue_sum,200,0,0,exact_dyadic_prefix_or_HiGHS_QUBO_MILP,300.0,1
307,074b4ef99edb46bace98586ebdabc352e250ebdc10cbf81721ecce143c306c64,proven_maximal,maximize_sum_testing_e_values_at_maximum_cardinality,proven_optimal,7671.594638107774,2.0589512550624796,3725.971957444411,5,5,5,56;94;99;100;152,56;94;99;100;152,56;94;99;100;152,5,5,5,0,0,0,0.25,0.25,0.25,0.0,0.0,0.0,0,0,1.820539814994845,18,8,648,32,5,,original_uniform_floor_plus_prior_scores,maximum_cardinality_certified_superset_of_eBH_then_maximum_testing_evalue_sum,200,5,5,exact_dyadic_prefix_or_HiGHS_QUBO_MILP,300.0,1
308,f823e0f42c3ed46737dedcb33197d2a06878e5ff075f5063a5f43bce42bccd46,proven_maximal,maximize_sum_testing_e_values_at_maximum_cardinality,proven_optimal,17417.530888985588,2.3987825696523544,7260.987764935209,5,5,9,11;58;89;153;199,11;58;89;153;199,11;36;56;58;89;90;153;173;199,5,5,9,0,0,0,0.25,0.25,0.45,0.0,0.0,0.0,0,4,2.332225241996639,11,8,622,52,9,,original_uniform_floor_plus_prior_scores,maximum_cardinality_certified_superset_of_eBH_then_maximum_testing_evalue_sum,200,5,5,exact_dyadic_prefix_or_HiGHS_QUBO_MILP,300.0,1
309,afeba835be8dd6c38814d2329d771df5469c4603c4d313dd6dd38ee453ceb1d6,proven_maximal,maximize_sum_testing_e_values_at_maximum_cardinality,proven_optimal,15157.571891380256,1.3232335502744275,11454.94828803026,2,2,3,75;87,75;87,49;75;87,2,2,3,0,0,0,0.1,0.1,0.15,0.0,0.0,0.0,0,1,1.4567939709959319,13,8,703,46,3,,original_uniform_floor_plus_prior_scores,maximum_cardinality_certified_superset_of_eBH_then_maximum_testing_evalue_sum,200,2,2,exact_dyadic_prefix_or_HiGHS_QUBO_MILP,300.0,1
310,d86aded86ce6561c8dc7ecb270b83750d4c4704b12622e731a699a50aa1e8096,proven_maximal,maximize_sum_testing_e_values_at_maximum_cardinality,proven_optimal,44162.58170073022,1.0,44162.58170073022,1,1,1,115,115,115,1,1,1,0,0,0,0.05,0.05,0.05,0.0,0.0,0.0,0,0,2.8558033099980094,15,6,692,44,1,,original_uniform_floor_plus_prior_scores,maximum_cardinality_certified_superset_of_eBH_then_maximum_testing_evalue_sum,200,1,1,exact_dyadic_prefix_or_HiGHS_QUBO_MILP,300.0,1
311,d775f9989461f5d8e57e9c43a87c1756898880cf23e06c85484fdcda20e913ef,proven_maximal,maximize_sum_testing_e_values_at_maximum_cardinality,proven_optimal,11030.112783635133,1.5775847970755024,6991.771728583182,5,5,6,2;63;150;171;174,2;63;150;171;174,2;55;63;150;171;174,5,5,6,0,0,0,0.25,0.25,0.3,0.0,0.0,0.0,0,1,3.232345735996205,15,6,600,36,6,,original_uniform_floor_plus_prior_scores,maximum_cardinality_certified_superset_of_eBH_then_maximum_testing_evalue_sum,200,5,5,exact_dyadic_prefix_or_HiGHS_QUBO_MILP,300.0,1
312,0b69324ce65b8ba0ec2372f368e063eea1434ca4c88bdf5cb11bdc30dbccaeca,proven_maximal,maximize_sum_testing_e_values_at_maximum_cardinality,proven_optimal,48164.04660019104,1.170163588194107,41160.09683271872,4,4,4,81;128;146;159,81;128;146;159,81;128;146;159,4,4,4,0,0,0,0.2,0.2,0.2,0.0,0.0,0.0,0,0,1.6248663619990111,16,6,690,57,4,,original_uniform_floor_plus_prior_scores,maximum_cardinality_certified_superset_of_eBH_then_maximum_testing_evalue_sum,200,4,4,exact_dyadic_prefix_or_HiGHS_QUBO_MILP,300.0,1
313,5ccb392b01512042e52f8f0a6f4b8afb39a0c6769dbe97213682d65f2282701b,proven_maximal,maximize_sum_testing_e_values_at_maximum_cardinality,proven_optimal,35708.261192162514,1.1322351020923322,31537.85033353484,2,2,2,38;66,38;66,38;66,2,2,2,0,0,0,0.1,0.1,0.1,0.0,0.0,0.0,0,0,5.109354211999744,18,10,963,44,2,,original_uniform_floor_plus_prior_scores,maximum_cardinality_certified_superset_of_eBH_then_maximum_testing_evalue_sum,200,2,2,exact_dyadic_prefix_or_HiGHS_QUBO_MILP,300.0,1
314,16322ec5a294008b01ac847fd0f93904ae05d49663abe1fb10e70de1863935e2,proven_maximal,maximize_sum_testing_e_values_at_maximum_cardinality,proven_optimal,22808.856320415733,2.0648335422890614,11046.34143783328,4,4,8,101;103;157;173,101;103;157;173,8;9;40;101;103;157;173;185,4,4,8,0,0,0,0.2,0.2,0.4,0.0,0.0,0.0,0,4,2.7831144360025064,20,16,983,50,8,,original_uniform_floor_plus_prior_scores,maximum_cardinality_certified_superset_of_eBH_then_maximum_testing_evalue_sum,200,4,4,exact_dyadic_prefix_or_HiGHS_QUBO_MILP,300.0,1
315,ec1e667bea4556bb8debe01ea3390f82d455123077e19603f92ea381943c8d93,proven_maximal,maximize_sum_testing_e_values_at_maximum_cardinality,proven_optimal,22342.086702696983,2.0887385545596096,10696.449612578534,6,6,9,37;66;108;117;154;189,37;66;108;117;154;189,27;37;66;108;117;140;154;189;198,6,6,9,0,0,0,0.3,0.3,0.45,0.0,0.0,0.0,0,3,2.853126620000694,11,7,661,35,9,,original_uniform_floor_plus_prior_scores,maximum_cardinality_certified_superset_of_eBH_then_maximum_testing_evalue_sum,200,6,6,exact_dyadic_prefix_or_HiGHS_QUBO_MILP,300.0,1
316,04d457f0a0fc0e8a032dc7b9cde6ac7004e479cadc868d40ebb85cebbf62f94e,proven_maximal,maximize_sum_testing_e_values_at_maximum_cardinality,proven_optimal,11557.483207266489,4.0789068213783395,2833.4756623248863,6,6,6,1;64;116;154;159;166,1;64;116;154;159;166,1;64;116;154;159;166,6,6,6,0,0,0,0.3,0.3,0.3,0.0,0.0,0.0,0,0,2.240441693997127,8,4,500,38,6,,original_uniform_floor_plus_prior_scores,maximum_cardinality_certified_superset_of_eBH_then_maximum_testing_evalue_sum,200,6,6,exact_dyadic_prefix_or_HiGHS_QUBO_MILP,300.0,1
317,df57be42332bf6b82b5b1e95f67212c2c3990f72ee6928b80a8094406d64e516,proven_maximal,maximize_sum_testing_e_values_at_maximum_cardinality,proven_optimal,18294.060763411162,1.7317847966365936,10563.703295548725,4,4,4,25;62;167;196,25;62;167;196,25;62;167;196,4,4,4,0,0,0,0.2,0.2,0.2,0.0,0.0,0.0,0,0,1.8073794299998553,16,6,617,45,4,,original_uniform_floor_plus_prior_scores,maximum_cardinality_certified_superset_of_eBH_then_maximum_testing_evalue_sum,200,4,4,exact_dyadic_prefix_or_HiGHS_QUBO_MILP,300.0,1
318,0c10adcc60c2ee948b8614f4105fe2f5518e16272c6c8aca0723817c5d566d75,proven_maximal,maximize_sum_testing_e_values_at_maximum_cardinality,proven_optimal,99785.35704299463,2.067047048025399,48274.35211903726,8,8,9,75;85;92;129;144;152;189;195,75;85;92;129;144;152;189;195,75;85;92;129;144;152;189;195;199,8,8,9,0,0,0,0.4,0.4,0.45,0.0,0.0,0.0,0,1,2.5799410559993703,9,7,552,35,9,,original_uniform_floor_plus_prior_scores,maximum_cardinality_certified_superset_of_eBH_then_maximum_testing_evalue_sum,200,8,8,exact_dyadic_prefix_or_HiGHS_QUBO_MILP,300.0,1
319,cbcdfbfe7157c1ef9e378a0062b92ddb835b007425ff6d655ca048f892adcfea,proven_maximal,maximize_sum_testing_e_values_at_maximum_cardinality,proven_optimal,96586.31037512266,1.2574647952205464,76810.34947637036,4,4,5,12;24;46;111,12;24;46;111,12;24;46;111;128,4,4,5,0,0,0,0.2,0.2,0.25,0.0,0.0,0.0,0,1,3.855640002002474,18,10,686,35,5,,original_uniform_floor_plus_prior_scores,maximum_cardinality_certified_superset_of_eBH_then_maximum_testing_evalue_sum,200,4,4,exact_dyadic_prefix_or_HiGHS_QUBO_MILP,300.0,1
320,6b8dd21b448af2f3f1f02eaa992f2f3b18c3384f29217f887e1b6df0d3ca9209,proven_maximal,maximize_sum_testing_e_values_at_maximum_cardinality,proven_optimal,7891.742874431212,2.7640276636326035,2855.1605970757705,4,4,5,22;42;125;189,22;42;125;189,22;27;42;125;189,4,4,5,0,0,0,0.2,0.2,0.25,0.0,0.0,0.0,0,1,4.891491014997882,14,8,622,48,5,,original_uniform_floor_plus_prior_scores,maximum_cardinality_certified_superset_of_eBH_then_maximum_testing_evalue_sum,200,4,4,exact_dyadic_prefix_or_HiGHS_QUBO_MILP,300.0,1
321,64a894e498693e4d427c50d5375b357150cc9542bad915c61290da1074d445d2,proven_maximal,maximize_sum_testing_e_values_at_maximum_cardinality,proven_optimal,7210.313322493701,4.513401624329403,1597.5341710400085,5,5,6,17;56;83;179;190,17;56;83;179;190,17;56;83;160;179;190,5,5,6,0,0,0,0.25,0.25,0.3,0.0,0.0,0.0,0,1,1.872457936005958,17,10,628,37,6,,original_uniform_floor_plus_prior_scores,maximum_cardinality_certified_superset_of_eBH_then_maximum_testing_evalue_sum,200,5,5,exact_dyadic_prefix_or_HiGHS_QUBO_MILP,300.0,1
322,32bb951b9250cf0e7f36233e31e6ee1cd3d98c0d1c33ef2694e949ccb96bc0fd,proven_maximal,maximize_sum_testing_e_values_at_maximum_cardinality,proven_optimal,10252.01116761593,2.197249537628433,4665.838354746579,4,4,4,24;55;98;104,24;55;98;104,24;55;98;104,4,4,4,0,0,0,0.2,0.2,0.2,0.0,0.0,0.0,0,0,3.126650450998568,15,8,732,44,4,,original_uniform_floor_plus_prior_scores,maximum_cardinality_certified_superset_of_eBH_then_maximum_testing_evalue_sum,200,4,4,exact_dyadic_prefix_or_HiGHS_QUBO_MILP,300.0,1
323,9c6f05ab207825a70a260e61d1b1a32261dbd18476f0ffc13013adff591b89f4,proven_maximal,maximize_sum_testing_e_values_at_maximum_cardinality,proven_optimal,63688.416509687304,2.1422599792493013,29729.54595921884,5,5,5,57;73;84;174;176,57;73;84;174;176,57;73;84;174;176,5,5,5,0,0,0,0.25,0.25,0.25,0.0,0.0,0.0,0,0,1.6786545279974234,16,8,647,43,5,,original_uniform_floor_plus_prior_scores,maximum_cardinality_certified_superset_of_eBH_then_maximum_testing_evalue_sum,200,5,5,exact_dyadic_prefix_or_HiGHS_QUBO_MILP,300.0,1
324,c9aaaeea740728acf7e18dac693fd0d28b97398f566ca9a604d6a6e97a1427e8,proven_maximal,maximize_sum_testing_e_values_at_maximum_cardinality,proven_optimal,42099.204509508345,1.4729358103951184,28581.83242772483,3,3,3,45;91;130,45;91;130,45;91;130,3,3,3,0,0,0,0.15,0.15,0.15,0.0,0.0,0.0,0,0,2.5674062360048993,12,5,540,45,3,,original_uniform_floor_plus_prior_scores,maximum_cardinality_certified_superset_of_eBH_then_maximum_testing_evalue_sum,200,3,3,exact_dyadic_prefix_or_HiGHS_QUBO_MILP,300.0,1
325,b0ab4f46ead279b9c7c3c7645fe22e3d444de8e392085337bb96c04ccb62f633,proven_maximal,maximize_sum_testing_e_values_at_maximum_cardinality,proven_optimal,0.0,0.0,1250.3339831022438,0,0,0,,,,0,0,0,0,0,0,0.0,0.0,0.0,0.0,0.0,0.0,0,0,1.939317978998588,17,9,842,50,0,,original_uniform_floor_plus_prior_scores,maximum_cardinality_certified_superset_of_eBH_then_maximum_testing_evalue_sum,200,0,0,exact_dyadic_prefix_or_HiGHS_QUBO_MILP,300.0,1
326,91b4c8ac1c860b44c9e42435f21d4579ae721356e4d775a7a8b4bda9c42ca22c,proven_maximal,maximize_sum_testing_e_values_at_maximum_cardinality,proven_optimal,77618.01772317108,1.6360515647430174,47442.28079104764,11,11,12,15;32;87;123;126;135;147;152;175;185;197,15;32;87;123;126;135;147;152;175;185;197,15;32;87;92;123;126;135;147;152;175;185;197,11,11,12,0,0,0,0.55,0.55,0.6,0.0,0.0,0.0,0,1,3.8709328089971677,10,6,530,52,12,,original_uniform_floor_plus_prior_scores,maximum_cardinality_certified_superset_of_eBH_then_maximum_testing_evalue_sum,200,11,11,exact_dyadic_prefix_or_HiGHS_QUBO_MILP,300.0,1
327,ba3a8cf89a55ca0d1bb9630a2aa388b8b1b4891ed8e9a4f19653bb61905e518f,proven_maximal,maximize_sum_testing_e_values_at_maximum_cardinality,proven_optimal,42457.51680274237,1.0564528729467142,40188.74659720279,2,2,2,138;177,138;177,138;177,2,2,2,0,0,0,0.1,0.1,0.1,0.0,0.0,0.0,0,0,5.307971104004537,16,8,763,40,2,,original_uniform_floor_plus_prior_scores,maximum_cardinality_certified_superset_of_eBH_then_maximum_testing_evalue_sum,200,2,2,exact_dyadic_prefix_or_HiGHS_QUBO_MILP,300.0,1
328,812e2afda6526eb8e1506224b915f822f90fbbf11b814460f95bfe1475a36fb0,proven_maximal,maximize_sum_testing_e_values_at_maximum_cardinality,proven_optimal,44377.69219099649,1.0881785976708067,40781.6256320284,2,2,2,78;133,78;133,78;133,2,2,2,0,0,0,0.1,0.1,0.1,0.0,0.0,0.0,0,0,3.8520107400036068,14,5,503,30,2,,original_uniform_floor_plus_prior_scores,maximum_cardinality_certified_superset_of_eBH_then_maximum_testing_evalue_sum,200,2,2,exact_dyadic_prefix_or_HiGHS_QUBO_MILP,300.0,1
329,3f3238e4325bb506ff821b64b9ab35acdaa5b612f83b6f90fbd6dfe2c88197cc,proven_maximal,maximize_sum_testing_e_values_at_maximum_cardinality,proven_optimal,48393.77829527815,1.0,48393.77829527815,1,1,1,39,39,39,1,1,1,0,0,0,0.05,0.05,0.05,0.0,0.0,0.0,0,0,1.9640895339980489,15,7,774,40,1,,original_uniform_floor_plus_prior_scores,maximum_cardinality_certified_superset_of_eBH_then_maximum_testing_evalue_sum,200,1,1,exact_dyadic_prefix_or_HiGHS_QUBO_MILP,300.0,1
330,987eb999ef0a3399f1420534b98e55e51809f5ee16cf4e63cf0deaa5899dc411,proven_maximal,maximize_sum_testing_e_values_at_maximum_cardinality,proven_optimal,69021.56416190507,1.1321482035552606,60965.13154828859,2,2,6,36;94,36;94,21;29;36;55;94;129,2,2,6,0,0,0,0.1,0.1,0.3,0.0,0.0,0.0,0,4,2.65633792400331,16,12,1005,43,6,,original_uniform_floor_plus_prior_scores,maximum_cardinality_certified_superset_of_eBH_then_maximum_testing_evalue_sum,200,2,2,exact_dyadic_prefix_or_HiGHS_QUBO_MILP,300.0,1
331,4f35218f6eb2b2e5ee6352f9e52c5642c1f97da18ea9552a39db78e5d888cb9d,proven_maximal,maximize_sum_testing_e_values_at_maximum_cardinality,proven_optimal,8471.497192110985,1.7874797540402123,4739.352808311811,3,3,4,12;33;97,12;33;97,12;33;97;170,3,3,4,0,0,0,0.15,0.15,0.2,0.0,0.0,0.0,0,1,2.9756808600068325,15,9,678,56,4,,original_uniform_floor_plus_prior_scores,maximum_cardinality_certified_superset_of_eBH_then_maximum_testing_evalue_sum,200,3,3,exact_dyadic_prefix_or_HiGHS_QUBO_MILP,300.0,1
332,83f953231bdc0f72c13006db2643d5abd2f0cc3d0bc52b0f0bb7ecaaded268d5,proven_maximal,maximize_sum_testing_e_values_at_maximum_cardinality,proven_optimal,430419.37735906185,1.0064365371628825,427666.6848487064,1,1,4,180,180,17;106;180;191,1,1,4,0,0,0,0.05,0.05,0.2,0.0,0.0,0.0,0,3,3.5818892610041075,15,8,617,32,4,,original_uniform_floor_plus_prior_scores,maximum_cardinality_certified_superset_of_eBH_then_maximum_testing_evalue_sum,200,1,1,exact_dyadic_prefix_or_HiGHS_QUBO_MILP,300.0,1
333,05c08dc3f0b8421e279c0cff282eb2776ee13ff61a568c24f7d1546a75f8c953,proven_maximal,maximize_sum_testing_e_values_at_maximum_cardinality,proven_optimal,39511.23499770504,1.3597844286337912,29056.984449662323,8,8,8,3;13;31;83;90;95;191;193,3;13;31;83;90;95;191;193,3;13;31;83;90;95;191;193,8,8,8,0,0,0,0.4,0.4,0.4,0.0,0.0,0.0,0,0,5.475653392000822,15,6,618,38,8,,original_uniform_floor_plus_prior_scores,maximum_cardinality_certified_superset_of_eBH_then_maximum_testing_evalue_sum,200,8,8,exact_dyadic_prefix_or_HiGHS_QUBO_MILP,300.0,1
334,b533376be081db4c6348630006a8382dc40493b9d540313bd14f3946e0db7efb,proven_maximal,maximize_sum_testing_e_values_at_maximum_cardinality,proven_optimal,27955.185226615376,2.0059617781700427,13936.050791614662,6,6,6,25;46;119;130;161;186,25;46;119;130;161;186,25;46;119;130;161;186,5,5,5,1,1,1,0.25,0.25,0.25,0.16666666666666666,0.16666666666666666,0.16666666666666666,0,0,2.025234350003302,16,7,633,43,6,,original_uniform_floor_plus_prior_scores,maximum_cardinality_certified_superset_of_eBH_then_maximum_testing_evalue_sum,200,6,6,exact_dyadic_prefix_or_HiGHS_QUBO_MILP,300.0,1
335,b149ebb5b0985f44defb8be70a820bc2efad3835424be60b2d3a9d9785358684,proven_maximal,maximize_sum_testing_e_values_at_maximum_cardinality,proven_optimal,59087.91252165726,1.3355184158349185,44243.42773642518,4,4,6,19;49;93;181,19;49;93;181,6;19;49;93;159;181,4,4,6,0,0,0,0.2,0.2,0.3,0.0,0.0,0.0,0,2,2.711667165000108,12,6,555,48,6,,original_uniform_floor_plus_prior_scores,maximum_cardinality_certified_superset_of_eBH_then_maximum_testing_evalue_sum,200,4,4,exact_dyadic_prefix_or_HiGHS_QUBO_MILP,300.0,1
336,ea60a6f6ad231db3f305d1365a5b90dc03b7301732ab2e082b86fb3c4858ff30,proven_maximal,maximize_sum_testing_e_values_at_maximum_cardinality,proven_optimal,195463.36086616534,1.0316378197105227,189468.9755761497,3,3,4,17;120;169,17;120;169,8;17;120;169,3,3,4,0,0,0,0.15,0.15,0.2,0.0,0.0,0.0,0,1,1.4159417859991663,12,7,608,38,4,,original_uniform_floor_plus_prior_scores,maximum_cardinality_certified_superset_of_eBH_then_maximum_testing_evalue_sum,200,3,3,exact_dyadic_prefix_or_HiGHS_QUBO_MILP,300.0,1
337,b706ccb4c9d0cf5fb026005234e33bb227b344527c9a1ceaf8bfc58af3098645,proven_maximal,maximize_sum_testing_e_values_at_maximum_cardinality,proven_optimal,0.0,0.0,2256.7712845679966,0,0,0,,,,0,0,0,0,0,0,0.0,0.0,0.0,0.0,0.0,0.0,0,0,3.8653336790011963,14,6,525,45,0,,original_uniform_floor_plus_prior_scores,maximum_cardinality_certified_superset_of_eBH_then_maximum_testing_evalue_sum,200,0,0,exact_dyadic_prefix_or_HiGHS_QUBO_MILP,300.0,1
338,cf38d6df847b26e56227ac8bdeb977df32d9ae5235cbdec72605120fe95c9cba,proven_maximal,maximize_sum_testing_e_values_at_maximum_cardinality,proven_optimal,50372.85165798009,1.2602939303171012,39969.12977697657,5,5,8,78;117;137;166;187,78;117;137;166;187,68;74;78;99;117;137;166;187,5,5,8,0,0,0,0.25,0.25,0.4,0.0,0.0,0.0,0,3,1.6974270499995328,12,8,620,38,8,,original_uniform_floor_plus_prior_scores,maximum_cardinality_certified_superset_of_eBH_then_maximum_testing_evalue_sum,200,5,5,exact_dyadic_prefix_or_HiGHS_QUBO_MILP,300.0,1
339,6cf535a65812a352e5d3a769d942a2bae5361bca41c9ab350fe0149859444dc6,proven_maximal,maximize_sum_testing_e_values_at_maximum_cardinality,proven_optimal,26514.444106492443,1.7172360246977558,15440.186279087146,4,4,6,42;76;138;146,42;76;138;146,42;76;133;138;146;148,4,4,6,0,0,0,0.2,0.2,0.3,0.0,0.0,0.0,0,2,4.8114163919963175,15,9,619,38,6,,original_uniform_floor_plus_prior_scores,maximum_cardinality_certified_superset_of_eBH_then_maximum_testing_evalue_sum,200,4,4,exact_dyadic_prefix_or_HiGHS_QUBO_MILP,300.0,1
340,c9e6f52eacc07ab2c92e762241c6ce3ee0239795f1fb4588c9d99b3e1c2bd4c0,proven_maximal,maximize_sum_testing_e_values_at_maximum_cardinality,proven_optimal,17073.044462489397,2.070831720511127,8244.534934144911,4,4,4,7;34;111;182,7;34;111;182,7;34;111;182,4,4,4,0,0,0,0.2,0.2,0.2,0.0,0.0,0.0,0,0,11.600076838003588,18,9,797,50,4,,original_uniform_floor_plus_prior_scores,maximum_cardinality_certified_superset_of_eBH_then_maximum_testing_evalue_sum,200,4,4,exact_dyadic_prefix_or_HiGHS_QUBO_MILP,300.0,1
341,ad4985c213fd6fa0a86a60e53046579bb595fec82c4de9dcccad339257624e1e,proven_maximal,maximize_sum_testing_e_values_at_maximum_cardinality,proven_optimal,0.0,0.0,2193.228082989789,0,0,0,,,,0,0,0,0,0,0,0.0,0.0,0.0,0.0,0.0,0.0,0,0,3.9953753399968264,19,9,752,41,0,,original_uniform_floor_plus_prior_scores,maximum_cardinality_certified_superset_of_eBH_then_maximum_testing_evalue_sum,200,0,0,exact_dyadic_prefix_or_HiGHS_QUBO_MILP,300.0,1
342,9b92b3cfc41fadb130de4278e2f11dc88f5b068c696e57aee22e00c23a97def5,proven_maximal,maximize_sum_testing_e_values_at_maximum_cardinality,proven_optimal,2101.233616174889,1.0,2101.233616174889,0,0,1,,,35,0,0,1,0,0,0,0.0,0.0,0.05,0.0,0.0,0.0,0,1,7.975033779999649,19,10,671,45,1,,original_uniform_floor_plus_prior_scores,maximum_cardinality_certified_superset_of_eBH_then_maximum_testing_evalue_sum,200,0,0,exact_dyadic_prefix_or_HiGHS_QUBO_MILP,300.0,1
343,271f2ec403bf8d5cefdbcb59dce3d5c91df1a3f4f57dd6f8654f64c99e5ce9ef,proven_maximal,maximize_sum_testing_e_values_at_maximum_cardinality,proven_optimal,11188.589202668765,1.8834101837836896,5940.601414924588,2,2,2,76;119,76;119,76;119,2,2,2,0,0,0,0.1,0.1,0.1,0.0,0.0,0.0,0,0,5.943915107003704,14,5,530,52,2,,original_uniform_floor_plus_prior_scores,maximum_cardinality_certified_superset_of_eBH_then_maximum_testing_evalue_sum,200,2,2,exact_dyadic_prefix_or_HiGHS_QUBO_MILP,300.0,1
344,29c91dec4f4a1915dfd7b16e8a89f8aa8c8ed3ff59ae85ccc68c2af74ff5c95c,proven_maximal,maximize_sum_testing_e_values_at_maximum_cardinality,proven_optimal,3305.5063234425043,1.0,3305.5063234425043,0,0,1,,,190,0,0,1,0,0,0,0.0,0.0,0.05,0.0,0.0,0.0,0,1,3.87199627100199,17,8,656,42,1,,original_uniform_floor_plus_prior_scores,maximum_cardinality_certified_superset_of_eBH_then_maximum_testing_evalue_sum,200,0,0,exact_dyadic_prefix_or_HiGHS_QUBO_MILP,300.0,1
345,3c7d284c4c7a577c58a78bac525af02b2e992c71f4194ba078eb79283afa119e,proven_maximal,maximize_sum_testing_e_values_at_maximum_cardinality,proven_optimal,4116.4925247166375,1.0,4116.4925247166375,1,1,1,6,6,6,1,1,1,0,0,0,0.05,0.05,0.05,0.0,0.0,0.0,0,0,3.8844982290029293,17,7,616,30,1,,original_uniform_floor_plus_prior_scores,maximum_cardinality_certified_superset_of_eBH_then_maximum_testing_evalue_sum,200,1,1,exact_dyadic_prefix_or_HiGHS_QUBO_MILP,300.0,1
346,2ce23c045ad31a3044a208d797a98a366168f5ac60da360e1121c4d85b3cd482,proven_maximal,maximize_sum_testing_e_values_at_maximum_cardinality,proven_optimal,344955.09658248915,1.021173999745607,337802.46722735174,3,3,5,16;82;166,16;82;166,16;82;91;139;166,3,3,5,0,0,0,0.15,0.15,0.25,0.0,0.0,0.0,0,2,4.788726769002096,14,7,613,41,5,,original_uniform_floor_plus_prior_scores,maximum_cardinality_certified_superset_of_eBH_then_maximum_testing_evalue_sum,200,3,3,exact_dyadic_prefix_or_HiGHS_QUBO_MILP,300.0,1
347,ebd7f88d46e330a8fb8e31ac2f639bbb11c15b4ad97cd8d7d0bfb179a7b94d73,proven_maximal,maximize_sum_testing_e_values_at_maximum_cardinality,proven_optimal,5036.606387813672,1.904207776702675,2644.987826136839,2,2,2,135;146,135;146,135;146,2,2,2,0,0,0,0.1,0.1,0.1,0.0,0.0,0.0,0,0,5.824095456999203,19,9,808,42,2,,original_uniform_floor_plus_prior_scores,maximum_cardinality_certified_superset_of_eBH_then_maximum_testing_evalue_sum,200,2,2,exact_dyadic_prefix_or_HiGHS_QUBO_MILP,300.0,1
348,07479270298e9830fc750b9c0128caf7e944f846dceaea618423a80c5c3cac5a,proven_maximal,maximize_sum_testing_e_values_at_maximum_cardinality,proven_optimal,19913.51479238005,1.5325028022140332,12994.113135460928,5,5,5,21;30;55;120;127,21;30;55;120;127,21;30;55;120;127,5,5,5,0,0,0,0.25,0.25,0.25,0.0,0.0,0.0,0,0,4.501337951005553,10,6,622,39,5,,original_uniform_floor_plus_prior_scores,maximum_cardinality_certified_superset_of_eBH_then_maximum_testing_evalue_sum,200,5,5,exact_dyadic_prefix_or_HiGHS_QUBO_MILP,300.0,1
349,4b92a042f195214b311085a690c92d0eb52cb6cc46b5589c6ead34b72aed4769,proven_maximal,maximize_sum_testing_e_values_at_maximum_cardinality,proven_optimal,59002.12813931262,1.4374095739463095,41047.54080448088,10,10,11,31;38;67;81;127;147;157;177;193;195,31;38;67;81;127;147;157;177;193;195,31;38;67;81;127;147;157;159;177;193;195,10,10,11,0,0,0,0.5,0.5,0.55,0.0,0.0,0.0,0,1,2.6575522990024183,14,5,500,43,11,,original_uniform_floor_plus_prior_scores,maximum_cardinality_certified_superset_of_eBH_then_maximum_testing_evalue_sum,200,10,10,exact_dyadic_prefix_or_HiGHS_QUBO_MILP,300.0,1
350,424fc39c47c7963b098a42ee93091bce9db5468e6201e0c0ac8897d1bcfa2d56,proven_maximal,maximize_sum_testing_e_values_at_maximum_cardinality,proven_optimal,52881.846170620505,1.0909669095413066,48472.45659618998,2,2,2,30;147,30;147,30;147,2,2,2,0,0,0,0.1,0.1,0.1,0.0,0.0,0.0,0,0,4.264797337003984,18,8,806,49,2,,original_uniform_floor_plus_prior_scores,maximum_cardinality_certified_superset_of_eBH_then_maximum_testing_evalue_sum,200,2,2,exact_dyadic_prefix_or_HiGHS_QUBO_MILP,300.0,1
351,dc6e55fad6027d7131258c7721d5738b6032a414f2fbca53b057d914be514e63,proven_maximal,maximize_sum_testing_e_values_at_maximum_cardinality,proven_optimal,92386.19914011033,1.2002250505327205,76974.06340511279,5,5,5,8;78;115;161;182,8;78;115;161;182,8;78;115;161;182,5,5,5,0,0,0,0.25,0.25,0.25,0.0,0.0,0.0,0,0,2.316549559000123,15,5,600,40,5,,original_uniform_floor_plus_prior_scores,maximum_cardinality_certified_superset_of_eBH_then_maximum_testing_evalue_sum,200,5,5,exact_dyadic_prefix_or_HiGHS_QUBO_MILP,300.0,1
352,1580cc46f155ed75a1e9ac531e164f60fb84325eb12db74aad1989ec733a0126,proven_maximal,maximize_sum_testing_e_values_at_maximum_cardinality,proven_optimal,11916.200005865536,1.703987833073679,6993.12505322935,2,2,5,111;179,111;179,6;102;111;122;179,2,2,5,0,0,0,0.1,0.1,0.25,0.0,0.0,0.0,0,3,2.2468659079968347,9,7,666,48,5,,original_uniform_floor_plus_prior_scores,maximum_cardinality_certified_superset_of_eBH_then_maximum_testing_evalue_sum,200,2,2,exact_dyadic_prefix_or_HiGHS_QUBO_MILP,300.0,1
353,9af6f8c07daff236f74989f603607036bebdfb5c106804ce681a2a59fc06a368,proven_maximal,maximize_sum_testing_e_values_at_maximum_cardinality,proven_optimal,0.0,0.0,1114.8623481586587,0,0,0,,,,0,0,0,0,0,0,0.0,0.0,0.0,0.0,0.0,0.0,0,0,5.934398766999948,20,11,992,60,0,,original_uniform_floor_plus_prior_scores,maximum_cardinality_certified_superset_of_eBH_then_maximum_testing_evalue_sum,200,0,0,exact_dyadic_prefix_or_HiGHS_QUBO_MILP,300.0,1
354,97000555226c09e00b75e627d6d16b577d9cf08bafb75d6703b61283e8037893,proven_maximal,maximize_sum_testing_e_values_at_maximum_cardinality,proven_optimal,0.0,0.0,2665.4539781715853,0,0,0,,,,0,0,0,0,0,0,0.0,0.0,0.0,0.0,0.0,0.0,0,0,1.6000225939933443,15,8,733,51,0,,original_uniform_floor_plus_prior_scores,maximum_cardinality_certified_superset_of_eBH_then_maximum_testing_evalue_sum,200,0,0,exact_dyadic_prefix_or_HiGHS_QUBO_MILP,300.0,1
355,1fab9b6919bf78b121ac19ce28f08de35c925fd4f5d76fdb32d154701b5e7cdb,proven_maximal,maximize_sum_testing_e_values_at_maximum_cardinality,proven_optimal,8100.110222990777,1.3894217270360432,5829.842779463496,2,2,2,65;76,65;76,65;76,2,2,2,0,0,0,0.1,0.1,0.1,0.0,0.0,0.0,0,0,2.908384540998668,15,7,605,50,2,,original_uniform_floor_plus_prior_scores,maximum_cardinality_certified_superset_of_eBH_then_maximum_testing_evalue_sum,200,2,2,exact_dyadic_prefix_or_HiGHS_QUBO_MILP,300.0,1
356,65289917038c24f6f9c30bdbfbd1ab06e60b5d05c32672ed5309095eb3eca348,proven_maximal,maximize_sum_testing_e_values_at_maximum_cardinality,proven_optimal,15936.683895715016,2.894091172049742,5506.628142757455,3,3,6,133;153;189,133;153;189,58;69;130;133;153;189,3,3,6,0,0,0,0.15,0.15,0.3,0.0,0.0,0.0,0,3,2.0276733430000604,12,9,679,40,6,,original_uniform_floor_plus_prior_scores,maximum_cardinality_certified_superset_of_eBH_then_maximum_testing_evalue_sum,200,3,3,exact_dyadic_prefix_or_HiGHS_QUBO_MILP,300.0,1
357,27fbae8f5802dcd16a577a5ced9f8d580ed6327db5861714460d651763cf3828,proven_maximal,maximize_sum_testing_e_values_at_maximum_cardinality,proven_optimal,8294.287984198038,2.213146205658208,3747.736124704535,2,2,4,29;92,29;92,29;51;92;173,2,2,3,0,0,1,0.1,0.1,0.15,0.0,0.0,0.25,0,2,1.0201248740049778,10,9,664,48,4,,original_uniform_floor_plus_prior_scores,maximum_cardinality_certified_superset_of_eBH_then_maximum_testing_evalue_sum,200,2,2,exact_dyadic_prefix_or_HiGHS_QUBO_MILP,300.0,1
358,6c22fa2cd8728961f01cc89e487d0fd2dc78bbb3841012ca779d03e22a12a869,proven_maximal,maximize_sum_testing_e_values_at_maximum_cardinality,proven_optimal,0.0,0.0,1567.2419382920757,0,0,0,,,,0,0,0,0,0,0,0.0,0.0,0.0,0.0,0.0,0.0,0,0,0.3720722169964574,3,3,300,43,0,,original_uniform_floor_plus_prior_scores,maximum_cardinality_certified_superset_of_eBH_then_maximum_testing_evalue_sum,200,0,0,exact_dyadic_prefix_or_HiGHS_QUBO_MILP,300.0,1
359,95cb5040751b5a9e611bb60eb6a71ec3d652dda8cdcfe413dedc43d59ce45f5b,proven_maximal,maximize_sum_testing_e_values_at_maximum_cardinality,proven_optimal,0.0,0.0,740.8067853010309,0,0,0,,,,0,0,0,0,0,0,0.0,0.0,0.0,0.0,0.0,0.0,0,0,0.4460970059953979,3,3,300,48,0,,original_uniform_floor_plus_prior_scores,maximum_cardinality_certified_superset_of_eBH_then_maximum_testing_evalue_sum,200,0,0,exact_dyadic_prefix_or_HiGHS_QUBO_MILP,300.0,1
360,41dcfed2caf04dc213645d11704de349b21a45c54d98e98298588358423ca47c,proven_maximal,maximize_sum_testing_e_values_at_maximum_cardinality,proven_optimal,19626.17996176395,1.5243370535262661,12875.223308626191,4,4,4,53;115;122;196,53;115;122;196,53;115;122;196,4,4,4,0,0,0,0.2,0.2,0.2,0.0,0.0,0.0,0,0,3.012425341999915,14,6,700,45,4,,original_uniform_floor_plus_prior_scores,maximum_cardinality_certified_superset_of_eBH_then_maximum_testing_evalue_sum,200,4,4,exact_dyadic_prefix_or_HiGHS_QUBO_MILP,300.0,1
361,b4b7af85cf6bc67fcd988fd714f76897e7f1a9e72ead5307bc20472e6c69e344,proven_maximal,maximize_sum_testing_e_values_at_maximum_cardinality,proven_optimal,17768.369273866963,1.234254228055368,14396.03678884046,2,2,3,30;47,30;47,27;30;47,2,2,3,0,0,0,0.1,0.1,0.15,0.0,0.0,0.0,0,1,1.6821367570009897,14,8,709,42,3,,original_uniform_floor_plus_prior_scores,maximum_cardinality_certified_superset_of_eBH_then_maximum_testing_evalue_sum,200,2,2,exact_dyadic_prefix_or_HiGHS_QUBO_MILP,300.0,1
362,a682d52de779edc57bb7425c3d2f72bf7d6d314e43f5e50a0fbf3ddd0c7a6625,proven_maximal,maximize_sum_testing_e_values_at_maximum_cardinality,proven_optimal,14470.866632704914,2.747719847767072,5266.500019812656,6,6,7,4;7;15;94;162;180,4;7;15;94;162;180,4;7;9;15;94;162;180,6,6,7,0,0,0,0.3,0.3,0.35,0.0,0.0,0.0,0,1,3.2394598230021074,15,8,609,43,7,,original_uniform_floor_plus_prior_scores,maximum_cardinality_certified_superset_of_eBH_then_maximum_testing_evalue_sum,200,6,6,exact_dyadic_prefix_or_HiGHS_QUBO_MILP,300.0,1
363,f2a0bafa8523a3d56106c098629b0dfcb882faf6fe098e08d0ee705a436e7517,proven_maximal,maximize_sum_testing_e_values_at_maximum_cardinality,proven_optimal,49972.326874671955,2.167027253081508,23060.31306418109,6,6,6,5;55;59;85;106;164,5;55;59;85;106;164,5;55;59;85;106;164,6,6,6,0,0,0,0.3,0.3,0.3,0.0,0.0,0.0,0,0,4.3345524790056515,15,8,667,43,6,,original_uniform_floor_plus_prior_scores,maximum_cardinality_certified_superset_of_eBH_then_maximum_testing_evalue_sum,200,6,6,exact_dyadic_prefix_or_HiGHS_QUBO_MILP,300.0,1
364,64e698b9f7826a6095d737b4dcd0254082ac90d428a6656fc5f92749f93d838a,proven_maximal,maximize_sum_testing_e_values_at_maximum_cardinality,proven_optimal,29030.832300701375,3.2476400842119326,8939.054682146514,7,7,8,7;16;114;131;147;159;177,7;16;114;131;147;159;177,7;16;114;131;147;159;177;190,7,7,8,0,0,0,0.35,0.35,0.4,0.0,0.0,0.0,0,1,1.7089186340017477,13,6,552,31,8,,original_uniform_floor_plus_prior_scores,maximum_cardinality_certified_superset_of_eBH_then_maximum_testing_evalue_sum,200,7,7,exact_dyadic_prefix_or_HiGHS_QUBO_MILP,300.0,1
365,e161dfe99cc6c9c5090002024ae9e8549f5f8953625be6a8761927e96490268b,proven_maximal,maximize_sum_testing_e_values_at_maximum_cardinality,proven_optimal,10839.201300286755,1.0,10839.201300286755,1,1,1,16,16,16,1,1,1,0,0,0,0.05,0.05,0.05,0.0,0.0,0.0,0,0,3.232116972001677,16,8,741,47,1,,original_uniform_floor_plus_prior_scores,maximum_cardinality_certified_superset_of_eBH_then_maximum_testing_evalue_sum,200,1,1,exact_dyadic_prefix_or_HiGHS_QUBO_MILP,300.0,1
366,1e7cbdc4a01dcc8dc6acd0ed9f28d46bd632100868b2c51362bac77b7e082180,proven_maximal,maximize_sum_testing_e_values_at_maximum_cardinality,proven_optimal,3699.471600422535,2.0582134689046625,1797.4188082596288,0,0,3,,,46;68;196,0,0,3,0,0,0,0.0,0.0,0.15,0.0,0.0,0.0,0,3,2.7680892770003993,10,8,647,32,3,,original_uniform_floor_plus_prior_scores,maximum_cardinality_certified_superset_of_eBH_then_maximum_testing_evalue_sum,200,0,0,exact_dyadic_prefix_or_HiGHS_QUBO_MILP,300.0,1
367,523dadfb58885da2dd0c3e36b2100686e79d7f8ceec1bf5741421db057583e19,proven_maximal,maximize_sum_testing_e_values_at_maximum_cardinality,proven_optimal,11755.975204626926,1.2114448730397078,9704.094231815365,2,2,2,90;170,90;170,90;170,2,2,2,0,0,0,0.1,0.1,0.1,0.0,0.0,0.0,0,0,0.945751110004494,9,7,711,44,2,,original_uniform_floor_plus_prior_scores,maximum_cardinality_certified_superset_of_eBH_then_maximum_testing_evalue_sum,200,2,2,exact_dyadic_prefix_or_HiGHS_QUBO_MILP,300.0,1
368,bd6d131a7562ad8dabe3e041d75a14c0df356103755d81ef8a3caa95c8fcae7e,proven_maximal,maximize_sum_testing_e_values_at_maximum_cardinality,proven_optimal,26390.32751526435,1.3853336485511218,19049.79897287934,3,3,3,81;108;185,81;108;185,81;108;185,3,3,3,0,0,0,0.15,0.15,0.15,0.0,0.0,0.0,0,0,1.795562825005618,14,7,643,38,3,,original_uniform_floor_plus_prior_scores,maximum_cardinality_certified_superset_of_eBH_then_maximum_testing_evalue_sum,200,3,3,exact_dyadic_prefix_or_HiGHS_QUBO_MILP,300.0,1
369,ce120456e9f184323b893f0796ef3ab7cd5ad44ff5ec7596f3eda738d5c5ab0a,proven_maximal,maximize_sum_testing_e_values_at_maximum_cardinality,proven_optimal,10532.484147918325,2.6555826363994117,3966.1669735116434,4,4,5,39;144;173;198,39;144;173;198,31;39;144;173;198,4,4,5,0,0,0,0.2,0.2,0.25,0.0,0.0,0.0,0,1,5.101535805995809,14,6,512,31,5,,original_uniform_floor_plus_prior_scores,maximum_cardinality_certified_superset_of_eBH_then_maximum_testing_evalue_sum,200,4,4,exact_dyadic_prefix_or_HiGHS_QUBO_MILP,300.0,1
370,320cdc7096e33bb63375897cbabc461404387817047ae7fec31eb98bc5183126,proven_maximal,maximize_sum_testing_e_values_at_maximum_cardinality,proven_optimal,101718.03616629515,1.5356208759437966,66239.02928109061,6,6,7,2;8;29;138;168;182,2;8;29;138;168;182,2;8;29;66;138;168;182,6,6,7,0,0,0,0.3,0.3,0.35,0.0,0.0,0.0,0,1,2.7107347619967186,12,7,603,50,7,,original_uniform_floor_plus_prior_scores,maximum_cardinality_certified_superset_of_eBH_then_maximum_testing_evalue_sum,200,6,6,exact_dyadic_prefix_or_HiGHS_QUBO_MILP,300.0,1
371,3c076956d7e07283365ff93269122294980dd42d443be113199e361f560460dd,proven_maximal,maximize_sum_testing_e_values_at_maximum_cardinality,proven_optimal,0.0,0.0,2008.921684444612,0,0,0,,,,0,0,0,0,0,0,0.0,0.0,0.0,0.0,0.0,0.0,0,0,1.846305368002504,18,8,732,41,0,,original_uniform_floor_plus_prior_scores,maximum_cardinality_certified_superset_of_eBH_then_maximum_testing_evalue_sum,200,0,0,exact_dyadic_prefix_or_HiGHS_QUBO_MILP,300.0,1
372,76d74eaf55ff6271ab3e06d343599ba7648f6e02d94f1f6db8410368914f3863,proven_maximal,maximize_sum_testing_e_values_at_maximum_cardinality,proven_optimal,6112.899110590609,2.0910280887052295,2923.394068023129,3,3,3,42;48;126,42;48;126,42;48;126,3,3,3,0,0,0,0.15,0.15,0.15,0.0,0.0,0.0,0,0,2.3786043399959453,13,7,669,50,3,,original_uniform_floor_plus_prior_scores,maximum_cardinality_certified_superset_of_eBH_then_maximum_testing_evalue_sum,200,3,3,exact_dyadic_prefix_or_HiGHS_QUBO_MILP,300.0,1
373,475e8a951d09fab4bc7a8b81869decae2d4df07bb3125f10bafacdfed4bf0e89,proven_maximal,maximize_sum_testing_e_values_at_maximum_cardinality,proven_optimal,36308.040175802525,1.733389975617044,20946.261768288903,4,4,4,14;48;127;140,14;48;127;140,14;48;127;140,4,4,4,0,0,0,0.2,0.2,0.2,0.0,0.0,0.0,0,0,1.2435947800040594,12,7,621,39,4,,original_uniform_floor_plus_prior_scores,maximum_cardinality_certified_superset_of_eBH_then_maximum_testing_evalue_sum,200,4,4,exact_dyadic_prefix_or_HiGHS_QUBO_MILP,300.0,1
374,fece1d68c5e448e71af99205f10554b35912df6d042efc8df5440e5fdbf4e3b4,proven_maximal,maximize_sum_testing_e_values_at_maximum_cardinality,proven_optimal,9871.84419604048,3.037755831978674,3249.71615299652,3,3,7,14;44;191,14;44;191,14;22;44;53;65;127;191,3,3,7,0,0,0,0.15,0.15,0.35,0.0,0.0,0.0,0,4,3.703028252995864,16,11,746,50,7,,original_uniform_floor_plus_prior_scores,maximum_cardinality_certified_superset_of_eBH_then_maximum_testing_evalue_sum,200,3,3,exact_dyadic_prefix_or_HiGHS_QUBO_MILP,300.0,1
375,15fae5a9dfe04397ccd1e348a81666f31b9fdc6256a680d478f948b1ad0749fb,proven_maximal,maximize_sum_testing_e_values_at_maximum_cardinality,proven_optimal,5206.957043302151,1.0,5206.957043302151,1,1,1,84,84,84,1,1,1,0,0,0,0.05,0.05,0.05,0.0,0.0,0.0,0,0,2.70299271899421,13,7,682,49,1,,original_uniform_floor_plus_prior_scores,maximum_cardinality_certified_superset_of_eBH_then_maximum_testing_evalue_sum,200,1,1,exact_dyadic_prefix_or_HiGHS_QUBO_MILP,300.0,1
376,f3cf969b60234a600834fe1f1a3919d63165e44ef979d9e77eeb3738afa9f944,proven_maximal,maximize_sum_testing_e_values_at_maximum_cardinality,proven_optimal,4635.949422928507,2.731242058878372,1697.3777215602538,0,0,4,,,42;86;190;196,0,0,4,0,0,0,0.0,0.0,0.2,0.0,0.0,0.0,0,4,1.8276716870022938,13,7,688,47,4,,original_uniform_floor_plus_prior_scores,maximum_cardinality_certified_superset_of_eBH_then_maximum_testing_evalue_sum,200,0,0,exact_dyadic_prefix_or_HiGHS_QUBO_MILP,300.0,1
377,e3c46ad9fbd30701cf2d918e10158e5b11507b6fc6a289effff0bd6fbd73beed,proven_maximal,maximize_sum_testing_e_values_at_maximum_cardinality,proven_optimal,39418.18419702886,2.068808237487793,19053.57078667444,5,5,7,16;23;117;138;189,16;23;117;138;189,16;23;117;138;144;146;189,5,5,7,0,0,0,0.25,0.25,0.35,0.0,0.0,0.0,0,2,5.618512768000073,14,7,593,41,7,,original_uniform_floor_plus_prior_scores,maximum_cardinality_certified_superset_of_eBH_then_maximum_testing_evalue_sum,200,5,5,exact_dyadic_prefix_or_HiGHS_QUBO_MILP,300.0,1
378,eafd15e65a05804b334d93be798059ef28ddd58415f6cec9f51b4c398cabb410,proven_maximal,maximize_sum_testing_e_values_at_maximum_cardinality,proven_optimal,0.0,0.0,2159.5719551095794,0,0,0,,,,0,0,0,0,0,0,0.0,0.0,0.0,0.0,0.0,0.0,0,0,1.2708255129982717,11,6,548,41,0,,original_uniform_floor_plus_prior_scores,maximum_cardinality_certified_superset_of_eBH_then_maximum_testing_evalue_sum,200,0,0,exact_dyadic_prefix_or_HiGHS_QUBO_MILP,300.0,1
379,d4e918b50a97655ec43d45360f797277f43bfae6400f2a3b506247dcbe82d412,proven_maximal,maximize_sum_testing_e_values_at_maximum_cardinality,proven_optimal,12820.160820288711,2.967782698524887,4319.7774643881,6,6,7,14;75;80;127;172;173,14;75;80;127;172;173,14;75;80;127;172;173;175,6,6,7,0,0,0,0.3,0.3,0.35,0.0,0.0,0.0,0,1,4.268321348004974,14,6,555,39,7,,original_uniform_floor_plus_prior_scores,maximum_cardinality_certified_superset_of_eBH_then_maximum_testing_evalue_sum,200,6,6,exact_dyadic_prefix_or_HiGHS_QUBO_MILP,300.0,1
380,2d41d5f302920c94d105231266b44845ab496e44e77ee26d533b0ac37752d324,proven_maximal,maximize_sum_testing_e_values_at_maximum_cardinality,proven_optimal,26305.960487018172,1.2625699942219937,20835.249219769496,4,4,4,67;90;136;167,67;90;136;167,67;90;136;167,4,4,4,0,0,0,0.2,0.2,0.2,0.0,0.0,0.0,0,0,3.565983544998744,14,6,607,32,4,,original_uniform_floor_plus_prior_scores,maximum_cardinality_certified_superset_of_eBH_then_maximum_testing_evalue_sum,200,4,4,exact_dyadic_prefix_or_HiGHS_QUBO_MILP,300.0,1
381,251fb2a8c897d0f4a366016c16179d6d9ad04cd7228e135156903f6709a7aac9,proven_maximal,maximize_sum_testing_e_values_at_maximum_cardinality,proven_optimal,74577.52425639925,1.2226825868066533,60994.99989705213,5,5,6,21;85;105;174;184,21;85;105;174;184,21;26;85;105;174;184,5,5,6,0,0,0,0.25,0.25,0.3,0.0,0.0,0.0,0,1,1.6530894710012944,15,9,630,36,6,,original_uniform_floor_plus_prior_scores,maximum_cardinality_certified_superset_of_eBH_then_maximum_testing_evalue_sum,200,5,5,exact_dyadic_prefix_or_HiGHS_QUBO_MILP,300.0,1
382,ecd8edcd940412a9f62231ef6ab037912c979cf60af86bf2af21fedbedb0a634,proven_maximal,maximize_sum_testing_e_values_at_maximum_cardinality,proven_optimal,59932.33850086797,1.28599850376726,46603.73890428299,2,2,2,20;79,20;79,20;79,2,2,2,0,0,0,0.1,0.1,0.1,0.0,0.0,0.0,0,0,1.1248873610020382,8,6,617,43,2,,original_uniform_floor_plus_prior_scores,maximum_cardinality_certified_superset_of_eBH_then_maximum_testing_evalue_sum,200,2,2,exact_dyadic_prefix_or_HiGHS_QUBO_MILP,300.0,1
383,28f1a45a162f6dcdaa701a36782425ecdca17be5394d10ac446d3c5d626d59d3,proven_maximal,maximize_sum_testing_e_values_at_maximum_cardinality,proven_optimal,33223.23287189043,1.5230009486017357,21814.32185081212,4,4,6,80;88;119;121,80;88;119;121,2;80;88;119;121;146,4,4,6,0,0,0,0.2,0.2,0.3,0.0,0.0,0.0,0,2,1.7714024659944698,10,7,601,46,6,,original_uniform_floor_plus_prior_scores,maximum_cardinality_certified_superset_of_eBH_then_maximum_testing_evalue_sum,200,4,4,exact_dyadic_prefix_or_HiGHS_QUBO_MILP,300.0,1
384,b23494663c35c959b9f90dfcf264aa50b8f3be9ce92772abf1a62c340055e46f,proven_maximal,maximize_sum_testing_e_values_at_maximum_cardinality,proven_optimal,0.0,0.0,2303.563840701946,0,0,0,,,,0,0,0,0,0,0,0.0,0.0,0.0,0.0,0.0,0.0,0,0,4.862452139997913,20,10,694,50,0,,original_uniform_floor_plus_prior_scores,maximum_cardinality_certified_superset_of_eBH_then_maximum_testing_evalue_sum,200,0,0,exact_dyadic_prefix_or_HiGHS_QUBO_MILP,300.0,1
385,514b95ab7018d3a3bae2ccf01cb6fc16646cb283ac825f8f52b6a85ff142a3a8,proven_maximal,maximize_sum_testing_e_values_at_maximum_cardinality,proven_optimal,15830.051046045019,2.9486665333147752,5368.545702673777,6,6,6,8;11;93;138;157;167,8;11;93;138;157;167,8;11;93;138;157;167,6,6,6,0,0,0,0.3,0.3,0.3,0.0,0.0,0.0,0,0,4.345161202996678,15,6,612,47,6,,original_uniform_floor_plus_prior_scores,maximum_cardinality_certified_superset_of_eBH_then_maximum_testing_evalue_sum,200,6,6,exact_dyadic_prefix_or_HiGHS_QUBO_MILP,300.0,1
386,5d945b577b108279084edd4a81730e7fcb213470aeaf20243a43b49a1fce5077,proven_maximal,maximize_sum_testing_e_values_at_maximum_cardinality,proven_optimal,6626.1201328157995,3.3100640759271958,2001.8102311085108,0,0,7,,,20;24;90;94;99;116;198,0,0,7,0,0,0,0.0,0.0,0.35,0.0,0.0,0.0,0,7,6.4018504210034735,12,10,695,28,7,,original_uniform_floor_plus_prior_scores,maximum_cardinality_certified_superset_of_eBH_then_maximum_testing_evalue_sum,200,0,0,exact_dyadic_prefix_or_HiGHS_QUBO_MILP,300.0,1
387,b7f94c28881b0828d0fdff37b9d2b7fc4aaabdbbbbe89fba7cac69b9ce7f1bd9,proven_maximal,maximize_sum_testing_e_values_at_maximum_cardinality,proven_optimal,11607.410358837698,1.5486731789482153,7495.067724179801,1,1,6,114,114,13;29;91;114;184;187,1,1,6,0,0,0,0.05,0.05,0.3,0.0,0.0,0.0,0,5,2.027612133002549,13,8,699,41,6,,original_uniform_floor_plus_prior_scores,maximum_cardinality_certified_superset_of_eBH_then_maximum_testing_evalue_sum,200,1,1,exact_dyadic_prefix_or_HiGHS_QUBO_MILP,300.0,1
388,3f04931ba1a864bb50654861cb1b8f51f7ef84c73f7975d8a4cf4fbbbb92afa6,proven_maximal,maximize_sum_testing_e_values_at_maximum_cardinality,proven_optimal,15440.697350961242,1.9593888588775685,7880.363961958225,5,5,6,7;82;101;172;184,7;82;101;172;184,7;82;101;120;172;184,5,5,6,0,0,0,0.25,0.25,0.3,0.0,0.0,0.0,0,1,2.3145519760000752,16,10,758,40,6,,original_uniform_floor_plus_prior_scores,maximum_cardinality_certified_superset_of_eBH_then_maximum_testing_evalue_sum,200,5,5,exact_dyadic_prefix_or_HiGHS_QUBO_MILP,300.0,1
389,81631bd613071f9fca555e25975f9e2fe724e28cd273ce42fd1d1d373b221ca1,proven_maximal,maximize_sum_testing_e_values_at_maximum_cardinality,proven_optimal,4777.749618735111,1.0,4777.749618735111,1,1,1,163,163,163,1,1,1,0,0,0,0.05,0.05,0.05,0.0,0.0,0.0,0,0,3.912681963003706,16,7,708,38,1,,original_uniform_floor_plus_prior_scores,maximum_cardinality_certified_superset_of_eBH_then_maximum_testing_evalue_sum,200,1,1,exact_dyadic_prefix_or_HiGHS_QUBO_MILP,300.0,1
390,ff349c5911affc9da920e5ae399424f5999206f4eeff7d8a7be3f285322cef55,proven_maximal,maximize_sum_testing_e_values_at_maximum_cardinality,proven_optimal,0.0,0.0,368.9734454877005,0,0,0,,,,0,0,0,0,0,0,0.0,0.0,0.0,0.0,0.0,0.0,0,0,1.2380129230004968,3,3,300,37,0,,original_uniform_floor_plus_prior_scores,maximum_cardinality_certified_superset_of_eBH_then_maximum_testing_evalue_sum,200,0,0,exact_dyadic_prefix_or_HiGHS_QUBO_MILP,300.0,1
391,76e739f5a296d15749ccbbe88d6fa5b0fc7342fa78621d81aa795bea79d82416,proven_maximal,maximize_sum_testing_e_values_at_maximum_cardinality,proven_optimal,30227.784898855563,1.4252896978391767,21208.169079368687,2,2,2,10;33,10;33,10;33,2,2,2,0,0,0,0.1,0.1,0.1,0.0,0.0,0.0,0,0,1.773017000996333,16,8,757,40,2,,original_uniform_floor_plus_prior_scores,maximum_cardinality_certified_superset_of_eBH_then_maximum_testing_evalue_sum,200,2,2,exact_dyadic_prefix_or_HiGHS_QUBO_MILP,300.0,1
392,95fdef4a17df9c52aece56b5c0cd5508cdca5c478ee91a846c76cf035c783725,proven_maximal,maximize_sum_testing_e_values_at_maximum_cardinality,proven_optimal,210434.29281404385,1.1780391773943193,178630.9800659594,2,2,2,1;41,1;41,1;41,2,2,2,0,0,0,0.1,0.1,0.1,0.0,0.0,0.0,0,0,2.8146215160013526,12,7,701,34,2,,original_uniform_floor_plus_prior_scores,maximum_cardinality_certified_superset_of_eBH_then_maximum_testing_evalue_sum,200,2,2,exact_dyadic_prefix_or_HiGHS_QUBO_MILP,300.0,1
393,1e9c134818e3ba55abdf4ac98f183e8da5ffc21e3c4f1186967e3e5557b45003,proven_maximal,maximize_sum_testing_e_values_at_maximum_cardinality,proven_optimal,0.0,0.0,2116.826375003058,0,0,0,,,,0,0,0,0,0,0,0.0,0.0,0.0,0.0,0.0,0.0,0,0,5.366812990003382,14,7,622,48,0,,original_uniform_floor_plus_prior_scores,maximum_cardinality_certified_superset_of_eBH_then_maximum_testing_evalue_sum,200,0,0,exact_dyadic_prefix_or_HiGHS_QUBO_MILP,300.0,1
394,8177bfbe9f913f93c3c950f5c4a648fe2cb46176edbd7777cdb325ea890deedf,proven_maximal,maximize_sum_testing_e_values_at_maximum_cardinality,proven_optimal,0.0,0.0,617.1464841577518,0,0,0,,,,0,0,0,0,0,0,0.0,0.0,0.0,0.0,0.0,0.0,0,0,0.4459948100047768,3,3,300,51,0,,original_uniform_floor_plus_prior_scores,maximum_cardinality_certified_superset_of_eBH_then_maximum_testing_evalue_sum,200,0,0,exact_dyadic_prefix_or_HiGHS_QUBO_MILP,300.0,1
395,ee052be6d8c56243c099560ea904d3438a978b7d132d92df0cc4d1d49010966a,proven_maximal,maximize_sum_testing_e_values_at_maximum_cardinality,proven_optimal,22853.191161332998,2.2845262211719204,10003.470719460478,7,7,8,10;111;115;122;135;160;197,10;111;115;122;135;160;197,10;92;111;115;122;135;160;197,7,7,8,0,0,0,0.35,0.35,0.4,0.0,0.0,0.0,0,1,1.7929274549969705,14,6,557,27,8,,original_uniform_floor_plus_prior_scores,maximum_cardinality_certified_superset_of_eBH_then_maximum_testing_evalue_sum,200,7,7,exact_dyadic_prefix_or_HiGHS_QUBO_MILP,300.0,1
396,1000a1292bbe8df25e02f08bf2c6f22d35d7ac315f4fe852f11efe69c1c96b3b,proven_maximal,maximize_sum_testing_e_values_at_maximum_cardinality,proven_optimal,12627.953329577065,4.375029735737603,2886.369714570196,7,7,7,38;70;93;146;165;194;197,38;70;93;146;165;194;197,38;70;93;146;165;194;197,7,7,7,0,0,0,0.35,0.35,0.35,0.0,0.0,0.0,0,0,4.1464718880015425,16,7,637,49,7,,original_uniform_floor_plus_prior_scores,maximum_cardinality_certified_superset_of_eBH_then_maximum_testing_evalue_sum,200,7,7,exact_dyadic_prefix_or_HiGHS_QUBO_MILP,300.0,1
397,af2e31f4e4c5a0e5269786f0fe4a91ac8a8ff1fc73e89272acb974e72f7d630f,proven_maximal,maximize_sum_testing_e_values_at_maximum_cardinality,proven_optimal,9119.843328439025,1.0,9119.843328439025,1,1,1,106,106,106,1,1,1,0,0,0,0.05,0.05,0.05,0.0,0.0,0.0,0,0,2.2404425450004055,10,6,632,36,1,,original_uniform_floor_plus_prior_scores,maximum_cardinality_certified_superset_of_eBH_then_maximum_testing_evalue_sum,200,1,1,exact_dyadic_prefix_or_HiGHS_QUBO_MILP,300.0,1
398,6aa91b7e836fdc0ddaef80b6c8127ee1a8ab61563dd8ad12d8e81d090238b3c3,proven_maximal,maximize_sum_testing_e_values_at_maximum_cardinality,proven_optimal,14367.000306459353,2.6864738225975873,5347.9025872538405,9,9,9,11;17;65;66;80;95;100;133;188,11;17;65;66;80;95;100;133;188,11;17;65;66;80;95;100;133;188,9,9,9,0,0,0,0.45,0.45,0.45,0.0,0.0,0.0,0,0,2.2403734430045006,13,6,602,50,9,,original_uniform_floor_plus_prior_scores,maximum_cardinality_certified_superset_of_eBH_then_maximum_testing_evalue_sum,200,9,9,exact_dyadic_prefix_or_HiGHS_QUBO_MILP,300.0,1
399,09eedb440820ecaf157b358803fabbd9036cd86b2b62b41e08578272f567bf18,proven_maximal,maximize_sum_testing_e_values_at_maximum_cardinality,proven_optimal,64013.74118566021,1.5354492348550641,41690.56177992278,4,4,4,44;83;95;175,44;83;95;175,44;83;95;175,4,4,4,0,0,0,0.2,0.2,0.2,0.0,0.0,0.0,0,0,4.670835174998501,16,8,731,40,4,,original_uniform_floor_plus_prior_scores,maximum_cardinality_certified_superset_of_eBH_then_maximum_testing_evalue_sum,200,4,4,exact_dyadic_prefix_or_HiGHS_QUBO_MILP,300.0,1
400,6098f0d6d3bb4316e2ffe765ae6a7ac400108247311dcc603f9419a84e43ee97,proven_maximal,maximize_sum_testing_e_values_at_maximum_cardinality,proven_optimal,15866.030257809622,1.4927771257356555,10628.532541313349,2,2,2,7;156,7;156,7;156,2,2,2,0,0,0,0.1,0.1,0.1,0.0,0.0,0.0,0,0,3.144780604998232,17,7,554,34,2,,original_uniform_floor_plus_prior_scores,maximum_cardinality_certified_superset_of_eBH_then_maximum_testing_evalue_sum,200,2,2,exact_dyadic_prefix_or_HiGHS_QUBO_MILP,300.0,1
401,cb414868b557c5bbf13b94eab1c2e64287428b1fb2de4f3e80be8762c15719d7,proven_maximal,maximize_sum_testing_e_values_at_maximum_cardinality,proven_optimal,19008.197452315944,1.9091185542206581,9956.530677622315,4,4,5,36;109;142;154,36;109;142;154,36;109;132;142;154,4,4,5,0,0,0,0.2,0.2,0.25,0.0,0.0,0.0,0,1,3.214709183994273,11,8,575,43,5,,original_uniform_floor_plus_prior_scores,maximum_cardinality_certified_superset_of_eBH_then_maximum_testing_evalue_sum,200,4,4,exact_dyadic_prefix_or_HiGHS_QUBO_MILP,300.0,1
402,2d2783f5f7b93f19cba8d4f925cfa2c5cc76e2ab42a4f5da242f6f4d43302297,proven_maximal,maximize_sum_testing_e_values_at_maximum_cardinality,proven_optimal,20391.49707162969,2.7907199490279977,7306.894795635802,8,8,8,7;44;75;86;128;176;192;197,7;44;75;86;128;176;192;197,7;44;75;86;128;176;192;197,8,8,8,0,0,0,0.4,0.4,0.4,0.0,0.0,0.0,0,0,3.915483534001396,9,5,511,51,8,,original_uniform_floor_plus_prior_scores,maximum_cardinality_certified_superset_of_eBH_then_maximum_testing_evalue_sum,200,8,8,exact_dyadic_prefix_or_HiGHS_QUBO_MILP,300.0,1
403,7582c6d2dd02ab0867436dd2a1415e4e61ef886ce55d5a0dc777a20d67f2eb17,proven_maximal,maximize_sum_testing_e_values_at_maximum_cardinality,proven_optimal,25362.07800205288,1.1626611575104444,21813.817240062952,2,2,2,47;82,47;82,47;82,2,2,2,0,0,0,0.1,0.1,0.1,0.0,0.0,0.0,0,0,4.85599476799689,16,6,612,48,2,,original_uniform_floor_plus_prior_scores,maximum_cardinality_certified_superset_of_eBH_then_maximum_testing_evalue_sum,200,2,2,exact_dyadic_prefix_or_HiGHS_QUBO_MILP,300.0,1
404,d396e5179bda03b0b67a91326d2a3d570a87a57b1130c121740c4e4402b23c44,proven_maximal,maximize_sum_testing_e_values_at_maximum_cardinality,proven_optimal,24732.45166040245,2.2458022086619662,11012.747055377542,5,5,5,8;75;80;167;178,8;75;80;167;178,8;75;80;167;178,5,5,5,0,0,0,0.25,0.25,0.25,0.0,0.0,0.0,0,0,4.854183857998578,18,9,674,38,5,,original_uniform_floor_plus_prior_scores,maximum_cardinality_certified_superset_of_eBH_then_maximum_testing_evalue_sum,200,5,5,exact_dyadic_prefix_or_HiGHS_QUBO_MILP,300.0,1
405,4a28b8dae752fe827c71c90ce3990a4fcbb8c887200d001ceb5a725ed0c2dccb,proven_maximal,maximize_sum_testing_e_values_at_maximum_cardinality,proven_optimal,61623.755827293906,2.427607077512237,25384.56754313169,6,6,7,1;79;93;95;168;194,1;79;93;95;168;194,1;54;79;93;95;168;194,6,6,7,0,0,0,0.3,0.3,0.35,0.0,0.0,0.0,0,1,1.6898382250001305,8,6,545,37,7,,original_uniform_floor_plus_prior_scores,maximum_cardinality_certified_superset_of_eBH_then_maximum_testing_evalue_sum,200,6,6,exact_dyadic_prefix_or_HiGHS_QUBO_MILP,300.0,1
406,b55b3d3bba8f705f8a14e51b781f8d59a96c2b33fa46a7f7f0222efe8aab1a3c,proven_maximal,maximize_sum_testing_e_values_at_maximum_cardinality,proven_optimal,27508.961748570502,4.399059014250229,6253.374110112752,6,6,6,21;37;57;107;123;184,21;37;57;107;123;184,21;37;57;107;123;184,6,6,6,0,0,0,0.3,0.3,0.3,0.0,0.0,0.0,0,0,3.729572160002135,12,6,600,43,6,,original_uniform_floor_plus_prior_scores,maximum_cardinality_certified_superset_of_eBH_then_maximum_testing_evalue_sum,200,6,6,exact_dyadic_prefix_or_HiGHS_QUBO_MILP,300.0,1
407,f4f63807d608c950b25692eb81320992ee85462b89d6a868fc5c363af50023f4,proven_maximal,maximize_sum_testing_e_values_at_maximum_cardinality,proven_optimal,9048.525620713428,1.5773483468485814,5736.542367950411,2,2,2,147;186,147;186,147;186,2,2,2,0,0,0,0.1,0.1,0.1,0.0,0.0,0.0,0,0,2.335582437000994,16,6,610,39,2,,original_uniform_floor_plus_prior_scores,maximum_cardinality_certified_superset_of_eBH_then_maximum_testing_evalue_sum,200,2,2,exact_dyadic_prefix_or_HiGHS_QUBO_MILP,300.0,1
408,4b57d1c897c445ddddd63177b8124d024f3d6740406244a3c16a2fbe5caaa26d,proven_maximal,maximize_sum_testing_e_values_at_maximum_cardinality,proven_optimal,7013.778970694744,1.501379601304167,4671.556057243788,2,2,2,41;124,41;124,41;124,2,2,2,0,0,0,0.1,0.1,0.1,0.0,0.0,0.0,0,0,2.840022479998879,14,6,632,43,2,,original_uniform_floor_plus_prior_scores,maximum_cardinality_certified_superset_of_eBH_then_maximum_testing_evalue_sum,200,2,2,exact_dyadic_prefix_or_HiGHS_QUBO_MILP,300.0,1
409,32c647ad0e555d861a0128c08e775cda3debe26e752eeade69e2014c385bdd8f,proven_maximal,maximize_sum_testing_e_values_at_maximum_cardinality,proven_optimal,72026.40989985372,2.0839857933817103,34561.85264246718,7,7,7,19;27;28;60;103;159;189,19;27;28;60;103;159;189,19;27;28;60;103;159;189,7,7,7,0,0,0,0.35,0.35,0.35,0.0,0.0,0.0,0,0,2.0508878040054697,18,9,833,45,7,,original_uniform_floor_plus_prior_scores,maximum_cardinality_certified_superset_of_eBH_then_maximum_testing_evalue_sum,200,7,7,exact_dyadic_prefix_or_HiGHS_QUBO_MILP,300.0,1
410,3e4bab3201cff135ba02872763094e0869547a99076f5f6efec99fcbce265f40,proven_maximal,maximize_sum_testing_e_values_at_maximum_cardinality,proven_optimal,0.0,0.0,995.1111222358712,0,0,0,,,,0,0,0,0,0,0,0.0,0.0,0.0,0.0,0.0,0.0,0,0,0.766504872997757,3,3,300,33,0,,original_uniform_floor_plus_prior_scores,maximum_cardinality_certified_superset_of_eBH_then_maximum_testing_evalue_sum,200,0,0,exact_dyadic_prefix_or_HiGHS_QUBO_MILP,300.0,1
411,48b34217256d39cf3a2231f51e78bb83a24612fef65b6a46035fc36f6a90e69b,proven_maximal,maximize_sum_testing_e_values_at_maximum_cardinality,proven_optimal,18945.932400459784,1.0,18945.932400459784,1,1,1,90,90,90,1,1,1,0,0,0,0.05,0.05,0.05,0.0,0.0,0.0,0,0,2.6796768130006967,13,6,608,29,1,,original_uniform_floor_plus_prior_scores,maximum_cardinality_certified_superset_of_eBH_then_maximum_testing_evalue_sum,200,1,1,exact_dyadic_prefix_or_HiGHS_QUBO_MILP,300.0,1
412,fa8d1d4219bb64af38ed3145dd7a72609d40a625ed8d88ebe06c1eef6f06e084,proven_maximal,maximize_sum_testing_e_values_at_maximum_cardinality,proven_optimal,21195.869062526865,1.4491698004241969,14626.214993110172,4,4,4,7;36;127;168,7;36;127;168,7;36;127;168,4,4,4,0,0,0,0.2,0.2,0.2,0.0,0.0,0.0,0,0,2.6372591820036178,12,5,600,37,4,,original_uniform_floor_plus_prior_scores,maximum_cardinality_certified_superset_of_eBH_then_maximum_testing_evalue_sum,200,4,4,exact_dyadic_prefix_or_HiGHS_QUBO_MILP,300.0,1
413,da9329df16fab03ec1c318bee130af60c52042944ec463c17a032486f2133d73,proven_maximal,maximize_sum_testing_e_values_at_maximum_cardinality,proven_optimal,32657.322692590908,2.587358716902735,12621.876695815958,4,4,4,17;85;138;177,17;85;138;177,17;85;138;177,4,4,4,0,0,0,0.2,0.2,0.2,0.0,0.0,0.0,0,0,0.9983780690017738,10,4,439,29,4,,original_uniform_floor_plus_prior_scores,maximum_cardinality_certified_superset_of_eBH_then_maximum_testing_evalue_sum,200,4,4,exact_dyadic_prefix_or_HiGHS_QUBO_MILP,300.0,1
414,7a6c2f78fb10bf720fc053a345b89d9119915686c90a54a58cf3af586f581803,proven_maximal,maximize_sum_testing_e_values_at_maximum_cardinality,proven_optimal,56680.05706662553,2.2880956552926746,24771.716573787857,8,8,10,26;28;62;66;84;124;153;191,26;28;62;66;84;124;153;191,26;28;62;66;84;124;153;157;167;191,8,8,10,0,0,0,0.4,0.4,0.5,0.0,0.0,0.0,0,2,4.785364889001357,18,10,692,45,10,,original_uniform_floor_plus_prior_scores,maximum_cardinality_certified_superset_of_eBH_then_maximum_testing_evalue_sum,200,8,8,exact_dyadic_prefix_or_HiGHS_QUBO_MILP,300.0,1
415,1b073327cf1ec261de3af39bfbcedadd9b411c6705c53fc67720e061d759b484,proven_maximal,maximize_sum_testing_e_values_at_maximum_cardinality,proven_optimal,5289.210440367803,1.7247545051833981,3066.6453831383883,0,0,3,,,140;174;190,0,0,3,0,0,0,0.0,0.0,0.15,0.0,0.0,0.0,0,3,1.2414816669988795,12,6,528,42,3,,original_uniform_floor_plus_prior_scores,maximum_cardinality_certified_superset_of_eBH_then_maximum_testing_evalue_sum,200,0,0,exact_dyadic_prefix_or_HiGHS_QUBO_MILP,300.0,1
416,da97f76af94dac80ec9211a8e3158dddf947e0093e4afc0c61db6c4f4bb0543e,proven_maximal,maximize_sum_testing_e_values_at_maximum_cardinality,proven_optimal,21833.360033290723,1.5239293831290233,14327.015592061856,3,3,3,115;160;175,115;160;175,115;160;175,3,3,3,0,0,0,0.15,0.15,0.15,0.0,0.0,0.0,0,0,3.751152231998276,16,8,639,41,3,,original_uniform_floor_plus_prior_scores,maximum_cardinality_certified_superset_of_eBH_then_maximum_testing_evalue_sum,200,3,3,exact_dyadic_prefix_or_HiGHS_QUBO_MILP,300.0,1
417,ea716811fc92125286f87f5094130b982c8d1094a061c6373a53e7db441339d7,proven_maximal,maximize_sum_testing_e_values_at_maximum_cardinality,proven_optimal,21937.290921664593,1.813328528555288,12097.80278433188,2,2,3,44;52,44;52,44;52;178,2,2,3,0,0,0,0.1,0.1,0.15,0.0,0.0,0.0,0,1,3.803525067996816,18,12,768,36,3,,original_uniform_floor_plus_prior_scores,maximum_cardinality_certified_superset_of_eBH_then_maximum_testing_evalue_sum,200,2,2,exact_dyadic_prefix_or_HiGHS_QUBO_MILP,300.0,1
418,ac2624e0daa9a7548628b931759ce5b391da609ca9113f51edfef2b0a34f22a2,proven_maximal,maximize_sum_testing_e_values_at_maximum_cardinality,proven_optimal,0.0,0.0,1803.7729878913208,0,0,0,,,,0,0,0,0,0,0,0.0,0.0,0.0,0.0,0.0,0.0,0,0,1.3653867760003777,14,7,637,48,0,,original_uniform_floor_plus_prior_scores,maximum_cardinality_certified_superset_of_eBH_then_maximum_testing_evalue_sum,200,0,0,exact_dyadic_prefix_or_HiGHS_QUBO_MILP,300.0,1
419,c7a1e0217ac48ef5ce04f31b14011789db803f18a56ec31d025e1fe9a2e76373,proven_maximal,maximize_sum_testing_e_values_at_maximum_cardinality,proven_optimal,8258.901322199863,1.9388486880817,4259.693586698214,2,2,6,47;124,47;124,17;47;57;64;124;137,2,2,6,0,0,0,0.1,0.1,0.3,0.0,0.0,0.0,0,4,1.5256709410023177,13,9,615,44,6,,original_uniform_floor_plus_prior_scores,maximum_cardinality_certified_superset_of_eBH_then_maximum_testing_evalue_sum,200,2,2,exact_dyadic_prefix_or_HiGHS_QUBO_MILP,300.0,1
420,ac3a881cf90199e8e59fc4e537e48e1e7b8d2fffe765f97714400c36bdd95d12,proven_maximal,maximize_sum_testing_e_values_at_maximum_cardinality,proven_optimal,91893.31672692316,1.0,91893.31672692316,1,1,1,51,51,51,1,1,1,0,0,0,0.05,0.05,0.05,0.0,0.0,0.0,0,0,2.167974124000466,19,11,1053,44,1,,original_uniform_floor_plus_prior_scores,maximum_cardinality_certified_superset_of_eBH_then_maximum_testing_evalue_sum,200,1,1,exact_dyadic_prefix_or_HiGHS_QUBO_MILP,300.0,1
421,eff56f72a74a7e5961341a6f67f9fc77e0097eb4e22a6241d15d2acc5bfd3bb5,proven_maximal,maximize_sum_testing_e_values_at_maximum_cardinality,proven_optimal,53168.78323997522,1.6558149096916834,32110.34212143637,4,4,4,87;118;141;174,87;118;141;174,87;118;141;174,4,4,4,0,0,0,0.2,0.2,0.2,0.0,0.0,0.0,0,0,2.741725125000812,14,6,633,40,4,,original_uniform_floor_plus_prior_scores,maximum_cardinality_certified_superset_of_eBH_then_maximum_testing_evalue_sum,200,4,4,exact_dyadic_prefix_or_HiGHS_QUBO_MILP,300.0,1
422,2765d7a1221ffe931eb0a207ab85059d5c113ee260f95aad0b35203d8f5a1299,proven_maximal,maximize_sum_testing_e_values_at_maximum_cardinality,proven_optimal,24574.29266277937,3.2038022220408684,7670.352587222188,5,5,7,20;136;152;156;176,20;136;152;156;176,1;20;136;137;152;156;176,5,5,7,0,0,0,0.25,0.25,0.35,0.0,0.0,0.0,0,2,3.9176679230004083,17,11,841,46,7,,original_uniform_floor_plus_prior_scores,maximum_cardinality_certified_superset_of_eBH_then_maximum_testing_evalue_sum,200,5,5,exact_dyadic_prefix_or_HiGHS_QUBO_MILP,300.0,1
423,ced2c627fa6fec9243b2c0435e00611b839d00c46f80b41deecb7ed3e6a8ebb5,proven_maximal,maximize_sum_testing_e_values_at_maximum_cardinality,proven_optimal,103218.72585455478,1.295082321205341,79700.51336851582,9,9,9,5;63;120;151;153;161;170;180;187,5;63;120;151;153;161;170;180;187,5;63;120;151;153;161;170;180;187,9,9,9,0,0,0,0.45,0.45,0.45,0.0,0.0,0.0,0,0,2.556503273997805,12,5,600,39,9,,original_uniform_floor_plus_prior_scores,maximum_cardinality_certified_superset_of_eBH_then_maximum_testing_evalue_sum,200,9,9,exact_dyadic_prefix_or_HiGHS_QUBO_MILP,300.0,1
424,f69ceba115294973c2d1d38e1503c768c550c24a94ffdf9bbb38d78aa018cea0,proven_maximal,maximize_sum_testing_e_values_at_maximum_cardinality,proven_optimal,11716.711017263557,1.5477176118373506,7570.315752467423,1,1,5,179,179,25;106;155;179;197,1,1,5,0,0,0,0.05,0.05,0.25,0.0,0.0,0.0,0,4,1.938064165005926,15,9,766,46,5,,original_uniform_floor_plus_prior_scores,maximum_cardinality_certified_superset_of_eBH_then_maximum_testing_evalue_sum,200,1,1,exact_dyadic_prefix_or_HiGHS_QUBO_MILP,300.0,1
425,fc460bd6ccc9d2bf823230fe3058d6ef08ed339c76b75e5e98802866cf3c1b5a,proven_maximal,maximize_sum_testing_e_values_at_maximum_cardinality,proven_optimal,8912.137520430728,2.053495626515963,4339.983687012468,3,3,3,45;188;194,45;188;194,45;188;194,3,3,3,0,0,0,0.15,0.15,0.15,0.0,0.0,0.0,0,0,2.3691448550016503,12,7,655,39,3,,original_uniform_floor_plus_prior_scores,maximum_cardinality_certified_superset_of_eBH_then_maximum_testing_evalue_sum,200,3,3,exact_dyadic_prefix_or_HiGHS_QUBO_MILP,300.0,1
426,27e40877809c88495f22063a7af9a483485520d2a17794afc3480454e7e4b1b2,proven_maximal,maximize_sum_testing_e_values_at_maximum_cardinality,proven_optimal,0.0,0.0,1872.5116965387365,0,0,0,,,,0,0,0,0,0,0,0.0,0.0,0.0,0.0,0.0,0.0,0,0,3.4803470940023544,15,8,718,38,0,,original_uniform_floor_plus_prior_scores,maximum_cardinality_certified_superset_of_eBH_then_maximum_testing_evalue_sum,200,0,0,exact_dyadic_prefix_or_HiGHS_QUBO_MILP,300.0,1
427,75bc411bbbcba3cd5fe4782b34256ebe3a26804852dc42a71318af953b7bf56c,proven_maximal,maximize_sum_testing_e_values_at_maximum_cardinality,proven_optimal,18777.056465117712,1.1491372005184015,16340.134543244238,2,2,2,25;132,25;132,25;132,2,2,2,0,0,0,0.1,0.1,0.1,0.0,0.0,0.0,0,0,2.0854113469977165,13,6,610,43,2,,original_uniform_floor_plus_prior_scores,maximum_cardinality_certified_superset_of_eBH_then_maximum_testing_evalue_sum,200,2,2,exact_dyadic_prefix_or_HiGHS_QUBO_MILP,300.0,1
428,378157886c92421ce81866b73f57271da93a7d4dbbe2cf11f660bda4b1a01748,proven_maximal,maximize_sum_testing_e_values_at_maximum_cardinality,proven_optimal,17281.373784625044,1.6059882043902562,10760.585748627116,4,4,5,26;59;117;178,26;59;117;178,26;59;87;117;178,4,4,5,0,0,0,0.2,0.2,0.25,0.0,0.0,0.0,0,1,2.781450454000151,11,6,502,42,5,,original_uniform_floor_plus_prior_scores,maximum_cardinality_certified_superset_of_eBH_then_maximum_testing_evalue_sum,200,4,4,exact_dyadic_prefix_or_HiGHS_QUBO_MILP,300.0,1
429,73c3bba87c019000ef0b6f4c16bde465d27ef5b77d7b200646f058a92dfadab6,proven_maximal,maximize_sum_testing_e_values_at_maximum_cardinality,proven_optimal,23684.93076171581,1.5941231187980358,14857.654645629991,4,4,4,12;19;67;147,12;19;67;147,12;19;67;147,4,4,4,0,0,0,0.2,0.2,0.2,0.0,0.0,0.0,0,0,3.1915276770014316,13,7,800,45,4,,original_uniform_floor_plus_prior_scores,maximum_cardinality_certified_superset_of_eBH_then_maximum_testing_evalue_sum,200,4,4,exact_dyadic_prefix_or_HiGHS_QUBO_MILP,300.0,1
430,6aa9efae819b6a9cd752c453d7c6c7ec4990e938820fa402866a935b2540856f,proven_maximal,maximize_sum_testing_e_values_at_maximum_cardinality,proven_optimal,2977.992255482389,1.0,2977.992255482389,0,0,1,,,70,0,0,1,0,0,0,0.0,0.0,0.05,0.0,0.0,0.0,0,1,1.6530317950018798,15,8,686,33,1,,original_uniform_floor_plus_prior_scores,maximum_cardinality_certified_superset_of_eBH_then_maximum_testing_evalue_sum,200,0,0,exact_dyadic_prefix_or_HiGHS_QUBO_MILP,300.0,1
431,7f4b5afa5ddca384ea714a3470961b34ee34d29e48466360ec7c8f8e92808fcf,proven_maximal,maximize_sum_testing_e_values_at_maximum_cardinality,proven_optimal,15768.083272630627,1.491441966493497,10572.374672882976,3,3,3,101;132;179,101;132;179,101;132;179,3,3,3,0,0,0,0.15,0.15,0.15,0.0,0.0,0.0,0,0,4.834041032998357,19,9,723,47,3,,original_uniform_floor_plus_prior_scores,maximum_cardinality_certified_superset_of_eBH_then_maximum_testing_evalue_sum,200,3,3,exact_dyadic_prefix_or_HiGHS_QUBO_MILP,300.0,1
432,c42935d4d6c3b9d09e121968f59b161faec0ac4c9d047a4a076b961a7b3c06f0,proven_maximal,maximize_sum_testing_e_values_at_maximum_cardinality,proven_optimal,88338.08334184642,1.7033847310703663,51860.32358428907,7,7,7,18;33;64;71;97;188;197,18;33;64;71;97;188;197,18;33;64;71;97;188;197,7,7,7,0,0,0,0.35,0.35,0.35,0.0,0.0,0.0,0,0,2.732073324994417,11,4,428,38,7,,original_uniform_floor_plus_prior_scores,maximum_cardinality_certified_superset_of_eBH_then_maximum_testing_evalue_sum,200,7,7,exact_dyadic_prefix_or_HiGHS_QUBO_MILP,300.0,1
433,07d5645dda4bfa4a5ce504fffd85d50dda34690b7eaad31e2cb8da2b2c13069f,proven_maximal,maximize_sum_testing_e_values_at_maximum_cardinality,proven_optimal,49500.37525549877,1.0621846512564568,46602.42001891559,2,2,2,8;59,8;59,8;59,2,2,2,0,0,0,0.1,0.1,0.1,0.0,0.0,0.0,0,0,2.0198744520021137,15,6,516,36,2,,original_uniform_floor_plus_prior_scores,maximum_cardinality_certified_superset_of_eBH_then_maximum_testing_evalue_sum,200,2,2,exact_dyadic_prefix_or_HiGHS_QUBO_MILP,300.0,1
434,8f5e2c78abd7d480837cc0fa593e93f63b18ff9f3290b340c9baddb6370d58e5,proven_maximal,maximize_sum_testing_e_values_at_maximum_cardinality,proven_optimal,124680.7862699275,1.56651459506482,79591.20627584602,7,7,8,8;35;44;117;128;135;199,8;35;44;117;128;135;199,8;35;44;110;117;128;135;199,7,7,8,0,0,0,0.35,0.35,0.4,0.0,0.0,0.0,0,1,5.154370932999882,16,8,772,53,8,,original_uniform_floor_plus_prior_scores,maximum_cardinality_certified_superset_of_eBH_then_maximum_testing_evalue_sum,200,7,7,exact_dyadic_prefix_or_HiGHS_QUBO_MILP,300.0,1
435,f3f7154fa4bc79e595ffd3172a3df45f27bb3413f7b08ee189ac78eb99da9a23,proven_maximal,maximize_sum_testing_e_values_at_maximum_cardinality,proven_optimal,15800.296952010562,1.0,15800.296952010562,1,1,1,121,121,121,1,1,1,0,0,0,0.05,0.05,0.05,0.0,0.0,0.0,0,0,4.278003564002574,15,8,676,43,1,,original_uniform_floor_plus_prior_scores,maximum_cardinality_certified_superset_of_eBH_then_maximum_testing_evalue_sum,200,1,1,exact_dyadic_prefix_or_HiGHS_QUBO_MILP,300.0,1
436,1f9f04db35a29d51a38d414264c252f28fd079d015d8d60b674ee0cef727d166,proven_maximal,maximize_sum_testing_e_values_at_maximum_cardinality,proven_optimal,108373.33214341641,1.063387280118576,101913.32374347372,5,5,5,13;117;129;140;154,13;117;129;140;154,13;117;129;140;154,5,5,5,0,0,0,0.25,0.25,0.25,0.0,0.0,0.0,0,0,2.3912359989990364,16,7,710,48,5,,original_uniform_floor_plus_prior_scores,maximum_cardinality_certified_superset_of_eBH_then_maximum_testing_evalue_sum,200,5,5,exact_dyadic_prefix_or_HiGHS_QUBO_MILP,300.0,1
437,1891a1b3f1254edd036ceadb45433d71a56cdb75bc3191280b61ea068f22db92,proven_maximal,maximize_sum_testing_e_values_at_maximum_cardinality,proven_optimal,0.0,0.0,926.4810559945346,0,0,0,,,,0,0,0,0,0,0,0.0,0.0,0.0,0.0,0.0,0.0,0,0,1.0825374299965915,3,3,300,36,0,,original_uniform_floor_plus_prior_scores,maximum_cardinality_certified_superset_of_eBH_then_maximum_testing_evalue_sum,200,0,0,exact_dyadic_prefix_or_HiGHS_QUBO_MILP,300.0,1
438,2a4936a8605f601b86a28e40b73d7dcacc9d152dba85308a8856de06d931f14b,proven_maximal,maximize_sum_testing_e_values_at_maximum_cardinality,proven_optimal,12902.42597918233,2.5006288023783583,5159.672625905444,5,5,7,33;53;89;169;182,33;53;89;169;182,33;53;89;106;117;169;182,5,5,7,0,0,0,0.25,0.25,0.35,0.0,0.0,0.0,0,2,2.220335124002304,16,10,769,52,7,,original_uniform_floor_plus_prior_scores,maximum_cardinality_certified_superset_of_eBH_then_maximum_testing_evalue_sum,200,5,5,exact_dyadic_prefix_or_HiGHS_QUBO_MILP,300.0,1
439,4b1b6b1cb619bde930afbd9b58ba944238179249d9ebec2b20d256074caf5049,proven_maximal,maximize_sum_testing_e_values_at_maximum_cardinality,proven_optimal,28123.17550871368,1.730795233763392,16248.701729761207,6,6,7,12;34;120;153;176;186,12;34;120;153;176;186,12;34;117;120;153;176;186,6,6,7,0,0,0,0.3,0.3,0.35,0.0,0.0,0.0,0,1,5.358274892001646,19,10,693,39,7,,original_uniform_floor_plus_prior_scores,maximum_cardinality_certified_superset_of_eBH_then_maximum_testing_evalue_sum,200,6,6,exact_dyadic_prefix_or_HiGHS_QUBO_MILP,300.0,1
440,2877c4ffe5615949b12021fd3123432a5635db90400a8ebafbfec8d65017bb7a,proven_maximal,maximize_sum_testing_e_values_at_maximum_cardinality,proven_optimal,15990.689271667487,1.2866476655887091,12428.180378620516,3,3,3,30;91;104,30;91;104,30;91;104,3,3,3,0,0,0,0.15,0.15,0.15,0.0,0.0,0.0,0,0,3.740646389996982,14,7,597,44,3,,original_uniform_floor_plus_prior_scores,maximum_cardinality_certified_superset_of_eBH_then_maximum_testing_evalue_sum,200,3,3,exact_dyadic_prefix_or_HiGHS_QUBO_MILP,300.0,1
441,6ed990c5c199564dd7350e836b558364634d70e4bf7238883a80feb809b660ce,proven_maximal,maximize_sum_testing_e_values_at_maximum_cardinality,proven_optimal,11064.123136093998,1.7636910899117242,6273.277219225379,1,1,7,92,92,92;120;129;151;181;189;193,1,1,6,0,0,1,0.05,0.05,0.3,0.0,0.0,0.14285714285714285,0,6,2.0837239640022744,6,6,600,36,7,,original_uniform_floor_plus_prior_scores,maximum_cardinality_certified_superset_of_eBH_then_maximum_testing_evalue_sum,200,1,1,exact_dyadic_prefix_or_HiGHS_QUBO_MILP,300.0,1
442,48462ee3429b669a661cfa3bd735c1f39f6a33a39074625d8fa44ccaa9b093f1,proven_maximal,maximize_sum_testing_e_values_at_maximum_cardinality,proven_optimal,39113.38064305543,2.2857831302016223,17111.588639472266,6,6,8,5;42;44;69;85;182,5;42;44;69;85;182,5;42;44;69;73;85;182;193,6,6,8,0,0,0,0.3,0.3,0.4,0.0,0.0,0.0,0,2,2.2701976120006293,13,8,606,33,8,,original_uniform_floor_plus_prior_scores,maximum_cardinality_certified_superset_of_eBH_then_maximum_testing_evalue_sum,200,6,6,exact_dyadic_prefix_or_HiGHS_QUBO_MILP,300.0,1
443,ef93935efe65d90220581c76b7ed97192e361dea0c939e21e69b671eb72af175,proven_maximal,maximize_sum_testing_e_values_at_maximum_cardinality,proven_optimal,29492.06290822294,1.8259638987070963,16151.503832636165,4,4,5,41;88;139;174,41;88;139;174,41;88;90;139;174,4,4,5,0,0,0,0.2,0.2,0.25,0.0,0.0,0.0,0,1,3.1644806130061625,12,7,581,48,5,,original_uniform_floor_plus_prior_scores,maximum_cardinality_certified_superset_of_eBH_then_maximum_testing_evalue_sum,200,4,4,exact_dyadic_prefix_or_HiGHS_QUBO_MILP,300.0,1
444,5a1a91cc81feea604c9db1ba441bcde4fa79ed62e9a264750fdd5debf7ebc904,proven_maximal,maximize_sum_testing_e_values_at_maximum_cardinality,proven_optimal,20196.531566160727,1.5334526378009503,13170.626251048476,4,4,4,7;85;92;164,7;85;92;164,7;85;92;164,4,4,4,0,0,0,0.2,0.2,0.2,0.0,0.0,0.0,0,0,2.0116298079956323,20,12,855,40,4,,original_uniform_floor_plus_prior_scores,maximum_cardinality_certified_superset_of_eBH_then_maximum_testing_evalue_sum,200,4,4,exact_dyadic_prefix_or_HiGHS_QUBO_MILP,300.0,1
445,c091db025eca024aac40324699fb3da93dc0b959888caee5707e02e4b3b25003,proven_maximal,maximize_sum_testing_e_values_at_maximum_cardinality,proven_optimal,24345.386277002573,2.549897512995806,9547.594031887123,5,5,5,65;68;72;140;147,65;68;72;140;147,65;68;72;140;147,5,5,5,0,0,0,0.25,0.25,0.25,0.0,0.0,0.0,0,0,5.381307352996373,21,11,1130,29,5,,original_uniform_floor_plus_prior_scores,maximum_cardinality_certified_superset_of_eBH_then_maximum_testing_evalue_sum,200,5,5,exact_dyadic_prefix_or_HiGHS_QUBO_MILP,300.0,1
446,6d79634af8bd5041ae2f4f4a46c16605e7b2750486048d15c5f64a2e91932894,proven_maximal,maximize_sum_testing_e_values_at_maximum_cardinality,proven_optimal,30544.74127416819,2.437585059105691,12530.738634152338,4,4,4,89;97;103;171,89;97;103;171,89;97;103;171,4,4,4,0,0,0,0.2,0.2,0.2,0.0,0.0,0.0,0,0,3.3435756319959182,15,6,624,44,4,,original_uniform_floor_plus_prior_scores,maximum_cardinality_certified_superset_of_eBH_then_maximum_testing_evalue_sum,200,4,4,exact_dyadic_prefix_or_HiGHS_QUBO_MILP,300.0,1
447,ff158ce4bfc697828b8399fc794110cbdb9e8924b7a5937d6acc73f8e370b139,proven_maximal,maximize_sum_testing_e_values_at_maximum_cardinality,proven_optimal,21861.146620846335,3.1590146583120133,6920.242222784624,5,5,5,1;121;123;142;192,1;121;123;142;192,1;121;123;142;192,5,5,5,0,0,0,0.25,0.25,0.25,0.0,0.0,0.0,0,0,1.200214866999886,11,6,582,30,5,,original_uniform_floor_plus_prior_scores,maximum_cardinality_certified_superset_of_eBH_then_maximum_testing_evalue_sum,200,5,5,exact_dyadic_prefix_or_HiGHS_QUBO_MILP,300.0,1
448,6bf7538904014a2c1f0522fafd842e61c814e88445640ef547cac0d557177345,proven_maximal,maximize_sum_testing_e_values_at_maximum_cardinality,proven_optimal,8112.439829197057,1.0,8112.439829197057,1,1,1,33,33,33,1,1,1,0,0,0,0.05,0.05,0.05,0.0,0.0,0.0,0,0,3.095027413997741,17,9,606,40,1,,original_uniform_floor_plus_prior_scores,maximum_cardinality_certified_superset_of_eBH_then_maximum_testing_evalue_sum,200,1,1,exact_dyadic_prefix_or_HiGHS_QUBO_MILP,300.0,1
449,54b2590d70cc680c5b8ddb126a864fac6b77a5fd157840574508068642683f9a,proven_maximal,maximize_sum_testing_e_values_at_maximum_cardinality,proven_optimal,8295.280736937098,1.971836357330331,4206.880913874657,3,3,4,57;80;102,57;80;102,57;67;80;102,3,3,4,0,0,0,0.15,0.15,0.2,0.0,0.0,0.0,0,1,2.1244084799982375,18,10,797,47,4,,original_uniform_floor_plus_prior_scores,maximum_cardinality_certified_superset_of_eBH_then_maximum_testing_evalue_sum,200,3,3,exact_dyadic_prefix_or_HiGHS_QUBO_MILP,300.0,1
450,17e75fd04d05ba6575dbf41599d123379ad5d3156434aa643d88367bd2c54f29,proven_maximal,maximize_sum_testing_e_values_at_maximum_cardinality,proven_optimal,106192.9673940136,1.2204646458791524,87010.27739932467,4,4,7,51;98;137;147,51;98;137;147,17;51;91;98;137;146;147,4,4,7,0,0,0,0.2,0.2,0.35,0.0,0.0,0.0,0,3,3.0492055430004257,14,7,598,30,7,,original_uniform_floor_plus_prior_scores,maximum_cardinality_certified_superset_of_eBH_then_maximum_testing_evalue_sum,200,4,4,exact_dyadic_prefix_or_HiGHS_QUBO_MILP,300.0,1
451,097dcc8db28201a3e2344f5a46b937ed341a06bbd8ba80d23f3dc5ea86f4d5cb,proven_maximal,maximize_sum_testing_e_values_at_maximum_cardinality,proven_optimal,5814.722971608602,1.304999857491948,4455.726901598133,1,1,4,121,121,17;121;163;180,1,1,4,0,0,0,0.05,0.05,0.2,0.0,0.0,0.0,0,3,2.4982504729996435,24,17,861,42,4,,original_uniform_floor_plus_prior_scores,maximum_cardinality_certified_superset_of_eBH_then_maximum_testing_evalue_sum,200,1,1,exact_dyadic_prefix_or_HiGHS_QUBO_MILP,300.0,1
452,05074c19643d436ab069e4551c2dc3a364f047ce1b0419e5c81cd4d5570b16b0,proven_maximal,maximize_sum_testing_e_values_at_maximum_cardinality,proven_optimal,37295.88433847066,1.9825377185638848,18812.19408298932,12,12,12,9;13;19;40;70;79;102;104;115;128;181;189,9;13;19;40;70;79;102;104;115;128;181;189,9;13;19;40;70;79;102;104;115;128;181;189,12,12,12,0,0,0,0.6,0.6,0.6,0.0,0.0,0.0,0,0,3.3874381659989012,14,5,600,45,12,,original_uniform_floor_plus_prior_scores,maximum_cardinality_certified_superset_of_eBH_then_maximum_testing_evalue_sum,200,12,12,exact_dyadic_prefix_or_HiGHS_QUBO_MILP,300.0,1
453,a8296c3a81872f5626cf8b81606917930eebb05d5b71ab554cb36443bc5fce29,proven_maximal,maximize_sum_testing_e_values_at_maximum_cardinality,proven_optimal,15506.95135652483,2.5759194867771305,6019.967408191938,5,5,5,12;24;60;154;175,12;24;60;154;175,12;24;60;154;175,5,5,5,0,0,0,0.25,0.25,0.25,0.0,0.0,0.0,0,0,4.4463263009965885,17,7,679,41,5,,original_uniform_floor_plus_prior_scores,maximum_cardinality_certified_superset_of_eBH_then_maximum_testing_evalue_sum,200,5,5,exact_dyadic_prefix_or_HiGHS_QUBO_MILP,300.0,1
454,257734fbba78a797999a5342162202337c6561f710b6fa7738f285b119ac5f47,proven_maximal,maximize_sum_testing_e_values_at_maximum_cardinality,proven_optimal,9010.914518633108,1.7019824005423139,5294.364099042329,4,4,4,28;33;54;72,28;33;54;72,28;33;54;72,4,4,4,0,0,0,0.2,0.2,0.2,0.0,0.0,0.0,0,0,3.4750558109954,14,6,578,40,4,,original_uniform_floor_plus_prior_scores,maximum_cardinality_certified_superset_of_eBH_then_maximum_testing_evalue_sum,200,4,4,exact_dyadic_prefix_or_HiGHS_QUBO_MILP,300.0,1
455,8cc5d173fc5fc379b19c9650edc4d07e8d257c3fd6740286a87e60932985d509,proven_maximal,maximize_sum_testing_e_values_at_maximum_cardinality,proven_optimal,4300.199439728762,1.0,4300.199439728762,1,1,1,7,7,7,1,1,1,0,0,0,0.05,0.05,0.05,0.0,0.0,0.0,0,0,1.663453658002254,14,6,630,46,1,,original_uniform_floor_plus_prior_scores,maximum_cardinality_certified_superset_of_eBH_then_maximum_testing_evalue_sum,200,1,1,exact_dyadic_prefix_or_HiGHS_QUBO_MILP,300.0,1
456,143e06be61908d9354703824541c41adcb1c424ad99892b71c3f7fd8d15e6785,proven_maximal,maximize_sum_testing_e_values_at_maximum_cardinality,proven_optimal,128457.19221634124,1.3543828588942002,94845.5537315508,6,6,9,3;35;66;89;101;181,3;35;66;89;101;181,3;25;35;61;66;89;101;160;181,5,5,8,1,1,1,0.25,0.25,0.4,0.16666666666666666,0.16666666666666666,0.1111111111111111,0,3,4.190859566995641,14,7,557,36,9,,original_uniform_floor_plus_prior_scores,maximum_cardinality_certified_superset_of_eBH_then_maximum_testing_evalue_sum,200,6,6,exact_dyadic_prefix_or_HiGHS_QUBO_MILP,300.0,1
457,58e520506701e5911ffb8f160aa0cbb1140dc3c4835f6f9ab7e8edc030d58f1b,proven_maximal,maximize_sum_testing_e_values_at_maximum_cardinality,proven_optimal,26619.88825944221,1.601001398643934,16627.0237377616,2,2,9,27;139,27;139,3;27;61;80;81;103;106;115;139,2,2,9,0,0,0,0.1,0.1,0.45,0.0,0.0,0.0,0,7,1.2433973480001441,8,8,610,43,9,,original_uniform_floor_plus_prior_scores,maximum_cardinality_certified_superset_of_eBH_then_maximum_testing_evalue_sum,200,2,2,exact_dyadic_prefix_or_HiGHS_QUBO_MILP,300.0,1
458,371dc56243d9c05fc8339dabd14bd3551f147084379e84cba5f518f6cf33addb,proven_maximal,maximize_sum_testing_e_values_at_maximum_cardinality,proven_optimal,0.0,0.0,542.2054389135834,0,0,0,,,,0,0,0,0,0,0,0.0,0.0,0.0,0.0,0.0,0.0,0,0,0.9241699920021347,3,3,300,30,0,,original_uniform_floor_plus_prior_scores,maximum_cardinality_certified_superset_of_eBH_then_maximum_testing_evalue_sum,200,0,0,exact_dyadic_prefix_or_HiGHS_QUBO_MILP,300.0,1
459,c97048da76c5c082040d6d624ecb291566c0661c301324427cfdb6178a77a029,proven_maximal,maximize_sum_testing_e_values_at_maximum_cardinality,proven_optimal,18176.52660279375,1.0,18176.52660279375,1,1,1,199,199,199,1,1,1,0,0,0,0.05,0.05,0.05,0.0,0.0,0.0,0,0,1.3011846709996462,10,6,524,44,1,,original_uniform_floor_plus_prior_scores,maximum_cardinality_certified_superset_of_eBH_then_maximum_testing_evalue_sum,200,1,1,exact_dyadic_prefix_or_HiGHS_QUBO_MILP,300.0,1
460,6a341c57c7dde4b7b0b4cf97119d4c982a55444f739c8eddc23e2cd5317c082c,proven_maximal,maximize_sum_testing_e_values_at_maximum_cardinality,proven_optimal,41706.83087425252,1.8162669770147912,22962.940692123186,2,2,3,103;177,103;177,103;177;180,2,2,3,0,0,0,0.1,0.1,0.15,0.0,0.0,0.0,0,1,3.554141487002198,15,6,513,24,3,,original_uniform_floor_plus_prior_scores,maximum_cardinality_certified_superset_of_eBH_then_maximum_testing_evalue_sum,200,2,2,exact_dyadic_prefix_or_HiGHS_QUBO_MILP,300.0,1
461,69683b6ecf94090097e244f9f6d8de717e5ac2d63eee0e02cce47f3a9f6d4a22,proven_maximal,maximize_sum_testing_e_values_at_maximum_cardinality,proven_optimal,15632.889523517804,2.644773170937418,5910.862109198142,3,3,7,8;67;103,8;67;103,8;67;93;103;116;152;172,3,3,7,0,0,0,0.15,0.15,0.35,0.0,0.0,0.0,0,4,3.6754719719974673,14,8,528,42,7,,original_uniform_floor_plus_prior_scores,maximum_cardinality_certified_superset_of_eBH_then_maximum_testing_evalue_sum,200,3,3,exact_dyadic_prefix_or_HiGHS_QUBO_MILP,300.0,1
462,e7bfb0e4fe035925fb4b5d36918678d7c96f095479c9ee82c7aa77268aa9a180,proven_maximal,maximize_sum_testing_e_values_at_maximum_cardinality,proven_optimal,14213.39268130085,1.180762655291124,12037.468002234924,1,1,3,101,101,96;101;163,1,1,3,0,0,0,0.05,0.05,0.15,0.0,0.0,0.0,0,2,1.360522952003521,9,8,766,31,3,,original_uniform_floor_plus_prior_scores,maximum_cardinality_certified_superset_of_eBH_then_maximum_testing_evalue_sum,200,1,1,exact_dyadic_prefix_or_HiGHS_QUBO_MILP,300.0,1
463,cb1a0800cda6cf0ef623d0be40cfb0508fc35490a3e02c8dc1e25648678e7bd1,proven_maximal,maximize_sum_testing_e_values_at_maximum_cardinality,proven_optimal,230293.73511697445,1.0955512000000929,210208.09900710703,5,5,5,2;52;130;184;189,2;52;130;184;189,2;52;130;184;189,5,5,5,0,0,0,0.25,0.25,0.25,0.0,0.0,0.0,0,0,3.1416162620007526,13,6,589,38,5,,original_uniform_floor_plus_prior_scores,maximum_cardinality_certified_superset_of_eBH_then_maximum_testing_evalue_sum,200,5,5,exact_dyadic_prefix_or_HiGHS_QUBO_MILP,300.0,1
464,6477a9146f9166de51c8a1612eacaf7d17c5e437b4dd41523872c274c72a5ab1,proven_maximal,maximize_sum_testing_e_values_at_maximum_cardinality,proven_optimal,35807.669785426304,1.3798483721478025,25950.43811204407,3,3,5,92;175;199,92;175;199,9;13;92;175;199,3,3,5,0,0,0,0.15,0.15,0.25,0.0,0.0,0.0,0,2,1.7136900760015124,13,8,623,36,5,,original_uniform_floor_plus_prior_scores,maximum_cardinality_certified_superset_of_eBH_then_maximum_testing_evalue_sum,200,3,3,exact_dyadic_prefix_or_HiGHS_QUBO_MILP,300.0,1
465,50c57ae574330991ccfd511eea7af2fb183e09908c403bca3c997219dd2e8a63,proven_maximal,maximize_sum_testing_e_values_at_maximum_cardinality,proven_optimal,43207.328965248176,1.1542465608618664,37433.36166666645,2,2,2,131;193,131;193,131;193,2,2,2,0,0,0,0.1,0.1,0.1,0.0,0.0,0.0,0,0,2.1459736750039156,11,6,603,48,2,,original_uniform_floor_plus_prior_scores,maximum_cardinality_certified_superset_of_eBH_then_maximum_testing_evalue_sum,200,2,2,exact_dyadic_prefix_or_HiGHS_QUBO_MILP,300.0,1
466,b388e1a05449c687fd648e615cd793e1aa8f6a2b24ccde48b616afc6f94c7439,proven_maximal,maximize_sum_testing_e_values_at_maximum_cardinality,proven_optimal,3123.0977407201904,1.0,3123.0977407201904,0,0,1,,,135,0,0,1,0,0,0,0.0,0.0,0.05,0.0,0.0,0.0,0,1,3.3096571560017765,17,9,649,37,1,,original_uniform_floor_plus_prior_scores,maximum_cardinality_certified_superset_of_eBH_then_maximum_testing_evalue_sum,200,0,0,exact_dyadic_prefix_or_HiGHS_QUBO_MILP,300.0,1
467,da3d68acf6f3691328cf3a84a5b956eec43038becd449e7031d09b3152440b92,proven_maximal,maximize_sum_testing_e_values_at_maximum_cardinality,proven_optimal,114355.29162446671,1.0,114355.29162446671,1,1,1,158,158,158,1,1,1,0,0,0,0.05,0.05,0.05,0.0,0.0,0.0,0,0,2.076415929994255,19,14,1032,50,1,,original_uniform_floor_plus_prior_scores,maximum_cardinality_certified_superset_of_eBH_then_maximum_testing_evalue_sum,200,1,1,exact_dyadic_prefix_or_HiGHS_QUBO_MILP,300.0,1
468,30f15947da2965000761965465e401699072c23aade631c79392e55e6dfb6444,proven_maximal,maximize_sum_testing_e_values_at_maximum_cardinality,proven_optimal,18124.440862739444,1.0,18124.440862739444,1,1,1,100,100,100,1,1,1,0,0,0,0.05,0.05,0.05,0.0,0.0,0.0,0,0,1.9678412089997437,11,7,602,30,1,,original_uniform_floor_plus_prior_scores,maximum_cardinality_certified_superset_of_eBH_then_maximum_testing_evalue_sum,200,1,1,exact_dyadic_prefix_or_HiGHS_QUBO_MILP,300.0,1
469,8f4ddd7acc1176dfef208dadf8329394607f36b91aec786892e8fe3f1114945c,proven_maximal,maximize_sum_testing_e_values_at_maximum_cardinality,proven_optimal,0.0,0.0,982.752890681484,0,0,0,,,,0,0,0,0,0,0,0.0,0.0,0.0,0.0,0.0,0.0,0,0,0.8615921009986778,3,3,300,43,0,,original_uniform_floor_plus_prior_scores,maximum_cardinality_certified_superset_of_eBH_then_maximum_testing_evalue_sum,200,0,0,exact_dyadic_prefix_or_HiGHS_QUBO_MILP,300.0,1
470,72226ca12763d600de369681a36e43d028cee3fb38b848bda7f577be02024f12,proven_maximal,maximize_sum_testing_e_values_at_maximum_cardinality,proven_optimal,41628.22864424083,2.2570742607100702,18443.44661976017,6,6,11,7;21;102;146;151;153,7;21;102;146;151;153,7;21;102;117;127;141;146;151;153;184;186,6,6,10,0,0,1,0.3,0.3,0.5,0.0,0.0,0.09090909090909091,0,5,1.897970649995841,13,8,702,43,11,,original_uniform_floor_plus_prior_scores,maximum_cardinality_certified_superset_of_eBH_then_maximum_testing_evalue_sum,200,6,6,exact_dyadic_prefix_or_HiGHS_QUBO_MILP,300.0,1
471,8b6c9751766ea109e981ade5cd48dd3498ac7cfbfe8ada0536fc3e7e86aad9d2,proven_maximal,maximize_sum_testing_e_values_at_maximum_cardinality,proven_optimal,5958.523480018165,1.8390057921643554,3240.078691109223,0,0,4,,,15;40;45;181,0,0,4,0,0,0,0.0,0.0,0.2,0.0,0.0,0.0,0,4,4.796373246004805,21,17,1019,42,4,,original_uniform_floor_plus_prior_scores,maximum_cardinality_certified_superset_of_eBH_then_maximum_testing_evalue_sum,200,0,0,exact_dyadic_prefix_or_HiGHS_QUBO_MILP,300.0,1
472,568196fc26cf92a839e8c5d07b36909e179a70590b2aaec98453aa1c7287b883,proven_maximal,maximize_sum_testing_e_values_at_maximum_cardinality,proven_optimal,18695.711007219015,2.407895338939929,7764.337056049025,4,4,4,48;59;85;173,48;59;85;173,48;59;85;173,4,4,4,0,0,0,0.2,0.2,0.2,0.0,0.0,0.0,0,0,3.791797925005085,15,8,753,31,4,,original_uniform_floor_plus_prior_scores,maximum_cardinality_certified_superset_of_eBH_then_maximum_testing_evalue_sum,200,4,4,exact_dyadic_prefix_or_HiGHS_QUBO_MILP,300.0,1
473,5c2b2da71050ebc7a9f57fca49a4390b32a40913a0138a5066918001b19f8e7a,proven_maximal,maximize_sum_testing_e_values_at_maximum_cardinality,proven_optimal,215387.81605446016,1.0286430308202787,209390.24481865377,6,6,7,21;24;32;53;171;176,21;24;32;53;171;176,21;24;32;47;53;171;176,6,6,7,0,0,0,0.3,0.3,0.35,0.0,0.0,0.0,0,1,3.797069552994799,15,7,700,38,7,,original_uniform_floor_plus_prior_scores,maximum_cardinality_certified_superset_of_eBH_then_maximum_testing_evalue_sum,200,6,6,exact_dyadic_prefix_or_HiGHS_QUBO_MILP,300.0,1
474,6192f537153a2861c03b3c0369dad87ca6dad72ffeed6d5ef733a99601b6fc4a,proven_maximal,maximize_sum_testing_e_values_at_maximum_cardinality,proven_optimal,59176.531841013944,1.8735581255400042,31585.10591922941,3,3,5,25;152;195,25;152;195,25;131;148;152;195,3,3,5,0,0,0,0.15,0.15,0.25,0.0,0.0,0.0,0,2,1.08578247299738,11,7,562,43,5,,original_uniform_floor_plus_prior_scores,maximum_cardinality_certified_superset_of_eBH_then_maximum_testing_evalue_sum,200,3,3,exact_dyadic_prefix_or_HiGHS_QUBO_MILP,300.0,1
475,e8b59297582ac97762907e22f0f8151da133fdb98a542cc399af40d575b87592,proven_maximal,maximize_sum_testing_e_values_at_maximum_cardinality,proven_optimal,8652.872290888474,3.1113045873842777,2781.1074254748805,3,3,7,65;84;121,65;84;121,61;65;84;108;116;121;158,3,3,7,0,0,0,0.15,0.15,0.35,0.0,0.0,0.0,0,4,1.5431624929988175,13,7,574,40,7,,original_uniform_floor_plus_prior_scores,maximum_cardinality_certified_superset_of_eBH_then_maximum_testing_evalue_sum,200,3,3,exact_dyadic_prefix_or_HiGHS_QUBO_MILP,300.0,1
476,5bbf46c7efb18ad596306675628eacf0e06d61d5aa79a44da2f84b5c7b8f5cbd,proven_maximal,maximize_sum_testing_e_values_at_maximum_cardinality,proven_optimal,7946.254051337741,1.6053545255821957,4949.843741497513,3,3,3,10;73;135,10;73;135,10;73;135,3,3,3,0,0,0,0.15,0.15,0.15,0.0,0.0,0.0,0,0,1.370915696999873,12,5,504,40,3,,original_uniform_floor_plus_prior_scores,maximum_cardinality_certified_superset_of_eBH_then_maximum_testing_evalue_sum,200,3,3,exact_dyadic_prefix_or_HiGHS_QUBO_MILP,300.0,1
477,94785d0fdcbaf28b32b3a23b47b0d007d9c2b023073e20bbfd866e0a38b4da7a,proven_maximal,maximize_sum_testing_e_values_at_maximum_cardinality,proven_optimal,28497.228332359537,1.8534418392266645,15375.30216985379,4,4,4,25;38;75;77,25;38;75;77,25;38;75;77,4,4,4,0,0,0,0.2,0.2,0.2,0.0,0.0,0.0,0,0,3.1690821579977637,14,9,873,55,4,,original_uniform_floor_plus_prior_scores,maximum_cardinality_certified_superset_of_eBH_then_maximum_testing_evalue_sum,200,4,4,exact_dyadic_prefix_or_HiGHS_QUBO_MILP,300.0,1
478,2e6bc6bc05da3a4585f5f6fe492ff70c040df9b6c35dd24cdc5a72da01794bf1,proven_maximal,maximize_sum_testing_e_values_at_maximum_cardinality,proven_optimal,34064.337574061414,1.7187717593246592,19819.00004422111,6,6,6,44;75;91;95;130;139,44;75;91;95;130;139,44;75;91;95;130;139,6,6,6,0,0,0,0.3,0.3,0.3,0.0,0.0,0.0,0,0,1.2925516260002041,6,5,457,35,6,,original_uniform_floor_plus_prior_scores,maximum_cardinality_certified_superset_of_eBH_then_maximum_testing_evalue_sum,200,6,6,exact_dyadic_prefix_or_HiGHS_QUBO_MILP,300.0,1
479,07dafe3daf63da0325b2fa6930651a70b6af55eb74d0abe9d16691e4e36dfda2,proven_maximal,maximize_sum_testing_e_values_at_maximum_cardinality,proven_optimal,49041.62976603479,2.465707882800009,19889.47275876982,11,11,13,2;39;41;71;92;109;136;147;152;170;172,2;39;41;71;92;109;136;147;152;170;172,2;39;41;71;74;92;95;109;136;147;152;170;172,11,11,13,0,0,0,0.55,0.55,0.65,0.0,0.0,0.0,0,2,6.695281492000504,12,7,602,40,13,,original_uniform_floor_plus_prior_scores,maximum_cardinality_certified_superset_of_eBH_then_maximum_testing_evalue_sum,200,11,11,exact_dyadic_prefix_or_HiGHS_QUBO_MILP,300.0,1
480,58c94feb95af8ac23bf406ac1d66dd69e11c99d022ed632d6bce26e9d558ca38,proven_maximal,maximize_sum_testing_e_values_at_maximum_cardinality,proven_optimal,58440.28287293334,1.2274839996711955,47609.81233856218,4,4,4,88;137;175;183,88;137;175;183,88;137;175;183,4,4,4,0,0,0,0.2,0.2,0.2,0.0,0.0,0.0,0,0,2.2138909659988713,16,7,713,51,4,,original_uniform_floor_plus_prior_scores,maximum_cardinality_certified_superset_of_eBH_then_maximum_testing_evalue_sum,200,4,4,exact_dyadic_prefix_or_HiGHS_QUBO_MILP,300.0,1
481,0a5d08c6b64bc740ab4cc94e2735a5b7ff39ae4c15406c27d561c6ff0308e373,proven_maximal,maximize_sum_testing_e_values_at_maximum_cardinality,proven_optimal,57780.61305407099,1.255798273944249,46011.06264670352,9,9,9,10;21;27;102;124;132;140;158;174,10;21;27;102;124;132;140;158;174,10;21;27;102;124;132;140;158;174,9,9,9,0,0,0,0.45,0.45,0.45,0.0,0.0,0.0,0,0,4.873268122006266,14,7,705,37,9,,original_uniform_floor_plus_prior_scores,maximum_cardinality_certified_superset_of_eBH_then_maximum_testing_evalue_sum,200,9,9,exact_dyadic_prefix_or_HiGHS_QUBO_MILP,300.0,1
482,5772c1965c1dbc4438e1094bd2b3b0492ba5d1ee413a3438b2ed4670c6ed725d,proven_maximal,maximize_sum_testing_e_values_at_maximum_cardinality,proven_optimal,3931.4478177934056,1.0,3931.4478177934056,0,0,1,,,100,0,0,1,0,0,0,0.0,0.0,0.05,0.0,0.0,0.0,0,1,4.498475544998655,18,9,720,51,1,,original_uniform_floor_plus_prior_scores,maximum_cardinality_certified_superset_of_eBH_then_maximum_testing_evalue_sum,200,0,0,exact_dyadic_prefix_or_HiGHS_QUBO_MILP,300.0,1
483,983b85e3cb4e7814b4073cac757c67ee982b341d1d3a7e3787fe978e5972a361,proven_maximal,maximize_sum_testing_e_values_at_maximum_cardinality,proven_optimal,215878.05977210993,1.0223926073477732,211149.86378092784,2,2,3,20;124,20;124,20;45;124,2,2,3,0,0,0,0.1,0.1,0.15,0.0,0.0,0.0,0,1,2.536444975004997,17,9,532,36,3,,original_uniform_floor_plus_prior_scores,maximum_cardinality_certified_superset_of_eBH_then_maximum_testing_evalue_sum,200,2,2,exact_dyadic_prefix_or_HiGHS_QUBO_MILP,300.0,1
484,c18dc74a6a3e6a011bac6f13dbb920bdf595a46fa1c05b87f4eae496db9d1f0e,proven_maximal,maximize_sum_testing_e_values_at_maximum_cardinality,proven_optimal,17892.850787986255,1.1890970901149895,15047.426267148596,2,2,4,80;90,80;90,0;44;80;90,2,2,4,0,0,0,0.1,0.1,0.2,0.0,0.0,0.0,0,2,1.4728788979991805,11,9,606,37,4,,original_uniform_floor_plus_prior_scores,maximum_cardinality_certified_superset_of_eBH_then_maximum_testing_evalue_sum,200,2,2,exact_dyadic_prefix_or_HiGHS_QUBO_MILP,300.0,1
485,1c802cc730d6f2174ae037d1abd4658f5559d8a6155715dd81c23e43d892edf0,proven_maximal,maximize_sum_testing_e_values_at_maximum_cardinality,proven_optimal,6834.391475212695,2.8841249111061127,2369.658626398253,4,4,4,7;57;150;172,7;57;150;172,7;57;150;172,4,4,4,0,0,0,0.2,0.2,0.2,0.0,0.0,0.0,0,0,3.6553867629991146,13,6,614,46,4,,original_uniform_floor_plus_prior_scores,maximum_cardinality_certified_superset_of_eBH_then_maximum_testing_evalue_sum,200,4,4,exact_dyadic_prefix_or_HiGHS_QUBO_MILP,300.0,1
486,989d0e51f696521a44440f9e9ed6ca9e6c9bda7200b4a53c1b95065d124c34e6,proven_maximal,maximize_sum_testing_e_values_at_maximum_cardinality,proven_optimal,490204.06319486536,1.161039902866689,422211.21081585326,4,4,5,9;15;124;170,9;15;124;170,9;15;78;124;170,4,4,5,0,0,0,0.2,0.2,0.25,0.0,0.0,0.0,0,1,4.361500826998963,15,6,568,38,5,,original_uniform_floor_plus_prior_scores,maximum_cardinality_certified_superset_of_eBH_then_maximum_testing_evalue_sum,200,4,4,exact_dyadic_prefix_or_HiGHS_QUBO_MILP,300.0,1
487,303b1d6e069ee5420a085031a2c48f2388b4cb5ff5952580dfd6d3e8aa7465d3,proven_maximal,maximize_sum_testing_e_values_at_maximum_cardinality,proven_optimal,72465.21366025238,1.5281030654805035,47421.67939926624,3,3,3,116;163;183,116;163;183,116;163;183,3,3,3,0,0,0,0.15,0.15,0.15,0.0,0.0,0.0,0,0,1.5219622250006068,11,6,635,41,3,,original_uniform_floor_plus_prior_scores,maximum_cardinality_certified_superset_of_eBH_then_maximum_testing_evalue_sum,200,3,3,exact_dyadic_prefix_or_HiGHS_QUBO_MILP,300.0,1
488,643b86202ca0f8fbac7e52ff2479aa31f779c4fa8963d5ec9a0d88d2bcfc3457,proven_maximal,maximize_sum_testing_e_values_at_maximum_cardinality,proven_optimal,0.0,0.0,3048.465034588593,0,0,0,,,,0,0,0,0,0,0,0.0,0.0,0.0,0.0,0.0,0.0,0,0,4.082777704999899,15,7,745,46,0,,original_uniform_floor_plus_prior_scores,maximum_cardinality_certified_superset_of_eBH_then_maximum_testing_evalue_sum,200,0,0,exact_dyadic_prefix_or_HiGHS_QUBO_MILP,300.0,1
489,64fc8b151c059b8f254da635baed086e86836081972a43797fd59a591bf74a77,proven_maximal,maximize_sum_testing_e_values_at_maximum_cardinality,proven_optimal,10038.26242780127,2.6987328796105947,3719.620605522733,4,4,4,5;13;126;140,5;13;126;140,5;13;126;140,4,4,4,0,0,0,0.2,0.2,0.2,0.0,0.0,0.0,0,0,2.0804907540004933,14,5,510,40,4,,original_uniform_floor_plus_prior_scores,maximum_cardinality_certified_superset_of_eBH_then_maximum_testing_evalue_sum,200,4,4,exact_dyadic_prefix_or_HiGHS_QUBO_MILP,300.0,1
490,2c69ca94a14f7d130ac92a625c149e7b66ce89743649f7f0c0ba65599cad5d7d,proven_maximal,maximize_sum_testing_e_values_at_maximum_cardinality,proven_optimal,11134.054919859616,1.4740419963119502,7553.417709751145,2,2,2,63;167,63;167,63;167,2,2,2,0,0,0,0.1,0.1,0.1,0.0,0.0,0.0,0,0,2.373569136005244,9,5,600,36,2,,original_uniform_floor_plus_prior_scores,maximum_cardinality_certified_superset_of_eBH_then_maximum_testing_evalue_sum,200,2,2,exact_dyadic_prefix_or_HiGHS_QUBO_MILP,300.0,1
491,c0796d3d68a031c97690cd625f03b2599ce65e467899fe13b64041e2520cc1bf,proven_maximal,maximize_sum_testing_e_values_at_maximum_cardinality,proven_optimal,55609.07911092662,1.1184903473946721,49717.97855963465,4,4,4,51;136;139;155,51;136;139;155,51;136;139;155,4,4,4,0,0,0,0.2,0.2,0.2,0.0,0.0,0.0,0,0,1.570556167003815,13,6,581,35,4,,original_uniform_floor_plus_prior_scores,maximum_cardinality_certified_superset_of_eBH_then_maximum_testing_evalue_sum,200,4,4,exact_dyadic_prefix_or_HiGHS_QUBO_MILP,300.0,1
492,9e9f0ba1c9386042766265126a684922747cbf73a81db19db23359bca16d3e4d,proven_maximal,maximize_sum_testing_e_values_at_maximum_cardinality,proven_optimal,23381.149173078204,1.5860662192653598,14741.597096688669,8,8,8,14;33;71;72;95;121;144;180,14;33;71;72;95;121;144;180,14;33;71;72;95;121;144;180,8,8,8,0,0,0,0.4,0.4,0.4,0.0,0.0,0.0,0,0,3.2211733810036094,15,7,666,43,8,,original_uniform_floor_plus_prior_scores,maximum_cardinality_certified_superset_of_eBH_then_maximum_testing_evalue_sum,200,8,8,exact_dyadic_prefix_or_HiGHS_QUBO_MILP,300.0,1
493,8e1b009ce7be640e3bba1031daef06798bcc6601640f4cc3ce5271a670b7ec67,proven_maximal,maximize_sum_testing_e_values_at_maximum_cardinality,proven_optimal,67632.81523945238,1.4143560085642446,47818.80575323358,10,10,10,102;108;115;128;135;146;151;158;166;173,102;108;115;128;135;146;151;158;166;173,102;108;115;128;135;146;151;158;166;173,10,10,10,0,0,0,0.5,0.5,0.5,0.0,0.0,0.0,0,0,2.780915070004994,10,5,543,26,10,,original_uniform_floor_plus_prior_scores,maximum_cardinality_certified_superset_of_eBH_then_maximum_testing_evalue_sum,200,10,10,exact_dyadic_prefix_or_HiGHS_QUBO_MILP,300.0,1
494,f9c896c03e2c88bbf9a58a01163115f58b800df7e4cb18f63b7bd41e6084f11e,proven_maximal,maximize_sum_testing_e_values_at_maximum_cardinality,proven_optimal,16067.030522672392,1.273424304644646,12617.185382806054,3,3,3,9;16;98,9;16;98,9;16;98,3,3,3,0,0,0,0.15,0.15,0.15,0.0,0.0,0.0,0,0,1.837067215994466,10,6,509,40,3,,original_uniform_floor_plus_prior_scores,maximum_cardinality_certified_superset_of_eBH_then_maximum_testing_evalue_sum,200,3,3,exact_dyadic_prefix_or_HiGHS_QUBO_MILP,300.0,1
495,09aa8a21947755ce8491af830b39d10fcdf670509d27c0bfb03f90e2612c0c7b,proven_maximal,maximize_sum_testing_e_values_at_maximum_cardinality,proven_optimal,20643.34291804955,2.308416576499728,8942.6419512856,5,5,7,27;58;70;174;183,27;58;70;174;183,27;58;70;101;153;174;183,5,5,7,0,0,0,0.25,0.25,0.35,0.0,0.0,0.0,0,2,0.5178826950068469,5,5,500,43,7,,original_uniform_floor_plus_prior_scores,maximum_cardinality_certified_superset_of_eBH_then_maximum_testing_evalue_sum,200,5,5,exact_dyadic_prefix_or_HiGHS_QUBO_MILP,300.0,1
496,7519e48ca44ce479320708119cb958190f22dfd25ba90d3d6353a6a0eca5b3f8,proven_maximal,maximize_sum_testing_e_values_at_maximum_cardinality,proven_optimal,15181.40732933654,1.2311807082588597,12330.770964407118,2,2,2,96;197,96;197,96;197,2,2,2,0,0,0,0.1,0.1,0.1,0.0,0.0,0.0,0,0,1.5092804009982501,15,6,588,36,2,,original_uniform_floor_plus_prior_scores,maximum_cardinality_certified_superset_of_eBH_then_maximum_testing_evalue_sum,200,2,2,exact_dyadic_prefix_or_HiGHS_QUBO_MILP,300.0,1
497,fb2876f6550f1a77bf5a972f1432adeefc495ff86b11f48a9151493b3e7097fb,proven_maximal,maximize_sum_testing_e_values_at_maximum_cardinality,proven_optimal,12893.826116030523,1.9890766884579205,6482.317243397373,4,4,5,43;70;149;179,43;70;149;179,43;70;149;156;179,4,4,5,0,0,0,0.2,0.2,0.25,0.0,0.0,0.0,0,1,3.2489307889991323,14,7,607,56,5,,original_uniform_floor_plus_prior_scores,maximum_cardinality_certified_superset_of_eBH_then_maximum_testing_evalue_sum,200,4,4,exact_dyadic_prefix_or_HiGHS_QUBO_MILP,300.0,1
498,d0ee6afa578fe40668c188323175c0495846cf1390f24e5621cf90c79178dae6,proven_maximal,maximize_sum_testing_e_values_at_maximum_cardinality,proven_optimal,30319.23027187083,2.4642047250564643,12303.860131254356,9,9,10,65;84;105;131;146;161;185;190;191,65;84;105;131;146;161;185;190;191,65;84;105;116;131;146;161;185;190;191,9,9,10,0,0,0,0.45,0.45,0.5,0.0,0.0,0.0,0,1,2.90719726899988,17,10,677,46,10,,original_uniform_floor_plus_prior_scores,maximum_cardinality_certified_superset_of_eBH_then_maximum_testing_evalue_sum,200,9,9,exact_dyadic_prefix_or_HiGHS_QUBO_MILP,300.0,1
499,e50a7fbfe922228f0d07eaa01360b1f29fb1d15a160ed04fad21021a9385b7af,proven_maximal,maximize_sum_testing_e_values_at_maximum_cardinality,proven_optimal,420088.7461192303,1.0701316704431092,392557.997975412,4,4,9,39;45;52;91,39;45;52;91,26;39;45;52;74;82;91;98;150,4,4,9,0,0,0,0.2,0.2,0.45,0.0,0.0,0.0,0,5,6.0158768910041545,19,14,891,36,9,,original_uniform_floor_plus_prior_scores,maximum_cardinality_certified_superset_of_eBH_then_maximum_testing_evalue_sum,200,4,4,exact_dyadic_prefix_or_HiGHS_QUBO_MILP,300.0,1
500,1cb2d41e5d8743d4f239561366050c7732501744ff7ac00e47c98f19e3142402,proven_maximal,maximize_sum_testing_e_values_at_maximum_cardinality,proven_optimal,0.0,0.0,2141.0029818706907,0,0,0,,,,0,0,0,0,0,0,0.0,0.0,0.0,0.0,0.0,0.0,0,0,3.7933151950055617,20,10,712,45,0,,original_uniform_floor_plus_prior_scores,maximum_cardinality_certified_superset_of_eBH_then_maximum_testing_evalue_sum,200,0,0,exact_dyadic_prefix_or_HiGHS_QUBO_MILP,300.0,1
