replication,problem_sha256,status,secondary_rule,secondary_status,secondary_value,secondary_normalized_value,secondary_normalization,prefix_size,greedy_size,maximal_size,prefix_indices,greedy_indices,maximal_indices,prefix_true,greedy_true,maximal_true,prefix_false,greedy_false,maximal_false,prefix_tpr,greedy_tpr,maximal_tpr,prefix_fdp,greedy_fdp,maximal_fdp,greedy_added,optimizer_added,elapsed_seconds,mip_solves,separation_calls,final_cut_count,initial_singleton_upper_bound,proof_upper_bound,message,method,selection_rule,K,ebh_seed_size,old_exported_prefix_size,separator_backend,separator_time_limit,separator_threads
1,39724512d4de697f1687600b8115c0ed085c12dff7c875707cc7bf2584d1fec7,proven_maximal,maximize_sum_testing_e_values_at_maximum_cardinality,proven_optimal,11679.497600435854,1.4134775718914918,8262.952191598306,1,1,8,115,115,9;18;45;111;115;149;158;175,1,1,8,0,0,0,0.05,0.05,0.4,0.0,0.0,0.0,0,7,2.1959901000373065,12,11,767,44,8,,original_uniform_floor_plus_prior_scores,maximum_cardinality_certified_superset_of_eBH_then_maximum_testing_evalue_sum,200,1,1,exact_dyadic_prefix_or_HiGHS_QUBO_MILP,300.0,1
2,77151d4bbcdaed7986af3fb9ef3176eee0f7cb6edeb271b07902f9124144d9ba,proven_maximal,maximize_sum_testing_e_values_at_maximum_cardinality,proven_optimal,13070.585682880375,2.6380124204734585,4954.709682729442,5,5,7,102;122;137;168;187,102;122;137;168;187,16;102;122;137;168;183;187,5,5,7,0,0,0,0.25,0.25,0.35,0.0,0.0,0.0,0,2,2.177567800041288,12,10,739,40,7,,original_uniform_floor_plus_prior_scores,maximum_cardinality_certified_superset_of_eBH_then_maximum_testing_evalue_sum,200,5,5,exact_dyadic_prefix_or_HiGHS_QUBO_MILP,300.0,1
3,0c5bc5b657eaedc49635841a3e258088d3ee10d2a376bd1d3fcbdd57cab777da,proven_maximal,maximize_sum_testing_e_values_at_maximum_cardinality,proven_optimal,5651.118513963268,1.0,5651.118513963268,1,1,1,26,26,26,1,1,1,0,0,0,0.05,0.05,0.05,0.0,0.0,0.0,0,0,2.6901213999371976,18,8,570,40,1,,original_uniform_floor_plus_prior_scores,maximum_cardinality_certified_superset_of_eBH_then_maximum_testing_evalue_sum,200,1,1,exact_dyadic_prefix_or_HiGHS_QUBO_MILP,300.0,1
4,3c9958b7de35d8811c3e28a8065eda38cdbe23eadc67641dad6f42fda93bdbab,proven_maximal,maximize_sum_testing_e_values_at_maximum_cardinality,proven_optimal,8313.122203536615,1.6808327638414462,4945.835411095542,1,1,6,8,8,8;60;116;127;174;184,1,1,6,0,0,0,0.05,0.05,0.3,0.0,0.0,0.0,0,5,1.7799883000552654,9,7,542,31,6,,original_uniform_floor_plus_prior_scores,maximum_cardinality_certified_superset_of_eBH_then_maximum_testing_evalue_sum,200,1,1,exact_dyadic_prefix_or_HiGHS_QUBO_MILP,300.0,1
5,f204fae1b01d9c3e1b87686da0ebc174fbe1219b21f3f218f69a2d4af2e36031,proven_maximal,maximize_sum_testing_e_values_at_maximum_cardinality,proven_optimal,123355.56100463106,1.4388322386860384,85733.10889758842,3,3,7,22;24;99,22;24;99,22;24;71;99;130;154;191,3,3,7,0,0,0,0.15,0.15,0.35,0.0,0.0,0.0,0,4,1.888083999976516,11,10,779,38,7,,original_uniform_floor_plus_prior_scores,maximum_cardinality_certified_superset_of_eBH_then_maximum_testing_evalue_sum,200,3,3,exact_dyadic_prefix_or_HiGHS_QUBO_MILP,300.0,1
6,ea8d5c6edfca3b0e0ce770103b5ffed218e537f32b4c815131e5162a04b995a1,proven_maximal,maximize_sum_testing_e_values_at_maximum_cardinality,proven_optimal,20309.295336892435,2.579943842756732,7871.991242720796,4,4,5,64;169;188;196,64;169;188;196,7;64;169;188;196,4,4,5,0,0,0,0.2,0.2,0.25,0.0,0.0,0.0,0,1,2.0974705000407994,13,11,669,50,5,,original_uniform_floor_plus_prior_scores,maximum_cardinality_certified_superset_of_eBH_then_maximum_testing_evalue_sum,200,4,4,exact_dyadic_prefix_or_HiGHS_QUBO_MILP,300.0,1
7,72fdf34c55551f259bcd6dd7550dc408104979dbc5c9964f89e35c534f0e7355,proven_maximal,maximize_sum_testing_e_values_at_maximum_cardinality,proven_optimal,5376.546424573866,5.458255065868792,985.030263278486,0,0,8,,,24;29;32;61;113;126;129;179,0,0,7,0,0,1,0.0,0.0,0.35,0.0,0.0,0.125,0,8,1.4682837999425828,7,7,617,40,8,,original_uniform_floor_plus_prior_scores,maximum_cardinality_certified_superset_of_eBH_then_maximum_testing_evalue_sum,200,0,0,exact_dyadic_prefix_or_HiGHS_QUBO_MILP,300.0,1
8,98dc36dd69c87d4ed42c6912fc12aa85d3507af55dc837c194306e9df1e4672c,proven_maximal,maximize_sum_testing_e_values_at_maximum_cardinality,proven_optimal,15684.638325933362,1.7821581664741812,8800.923857933341,4,4,8,115;134;171;189,115;134;171;189,28;35;67;115;116;134;171;189,4,4,8,0,0,0,0.2,0.2,0.4,0.0,0.0,0.0,0,4,1.4334943001158535,8,7,574,51,8,,original_uniform_floor_plus_prior_scores,maximum_cardinality_certified_superset_of_eBH_then_maximum_testing_evalue_sum,200,4,4,exact_dyadic_prefix_or_HiGHS_QUBO_MILP,300.0,1
9,58bd0b582e16a17d537a7fbddf1bdd3881fb6476475d6f760cfa6ac87c525bb5,proven_maximal,maximize_sum_testing_e_values_at_maximum_cardinality,proven_optimal,6190.315112393519,3.068025929740462,2017.6866995766184,4,4,5,11;95;105;120,11;95;105;120,11;95;105;113;120,4,4,5,0,0,0,0.2,0.2,0.25,0.0,0.0,0.0,0,1,1.999493099981919,10,8,745,43,5,,original_uniform_floor_plus_prior_scores,maximum_cardinality_certified_superset_of_eBH_then_maximum_testing_evalue_sum,200,4,4,exact_dyadic_prefix_or_HiGHS_QUBO_MILP,300.0,1
10,10fcddc8af9db7c1af016a4a43a87e13de16e3f9e5ce47e7b2ce01b491501031,proven_maximal,maximize_sum_testing_e_values_at_maximum_cardinality,proven_optimal,32669.65755884012,1.454126713810124,22466.85742622704,4,4,6,57;73;91;105,57;73;91;105,0;57;61;73;91;105,4,4,6,0,0,0,0.2,0.2,0.3,0.0,0.0,0.0,0,2,2.7596378000453115,16,8,643,43,6,,original_uniform_floor_plus_prior_scores,maximum_cardinality_certified_superset_of_eBH_then_maximum_testing_evalue_sum,200,4,4,exact_dyadic_prefix_or_HiGHS_QUBO_MILP,300.0,1
11,3235ff614ce91046eef9798c63b999b821e69042158595ea26448aa2086d5eb5,proven_maximal,maximize_sum_testing_e_values_at_maximum_cardinality,proven_optimal,40537.849673574085,1.3259323470317257,30573.09052330114,4,4,6,40;45;68;153,40;45;68;153,8;40;45;53;68;153,4,4,6,0,0,0,0.2,0.2,0.3,0.0,0.0,0.0,0,2,2.7451983001083136,17,10,743,46,6,,original_uniform_floor_plus_prior_scores,maximum_cardinality_certified_superset_of_eBH_then_maximum_testing_evalue_sum,200,4,4,exact_dyadic_prefix_or_HiGHS_QUBO_MILP,300.0,1
12,121fdd899200bfabb34c986056ec7004bb1395e16048777650f38cc08bf961df,proven_maximal,maximize_sum_testing_e_values_at_maximum_cardinality,proven_optimal,31894.61953228501,2.0521162129107013,15542.306684008898,5,5,5,55;60;119;158;187,55;60;119;158;187,55;60;119;158;187,5,5,5,0,0,0,0.25,0.25,0.25,0.0,0.0,0.0,0,0,2.4335862998850644,14,7,738,46,5,,original_uniform_floor_plus_prior_scores,maximum_cardinality_certified_superset_of_eBH_then_maximum_testing_evalue_sum,200,5,5,exact_dyadic_prefix_or_HiGHS_QUBO_MILP,300.0,1
13,de999e3d78468144805a91f655fb86802f146a6938e4fb7f62002230697b9a29,proven_maximal,maximize_sum_testing_e_values_at_maximum_cardinality,proven_optimal,258781.61448280705,1.071646826753369,241480.31611011672,2,2,2,80;118,80;118,80;118,2,2,2,0,0,0,0.1,0.1,0.1,0.0,0.0,0.0,0,0,1.44533250015229,9,8,736,45,2,,original_uniform_floor_plus_prior_scores,maximum_cardinality_certified_superset_of_eBH_then_maximum_testing_evalue_sum,200,2,2,exact_dyadic_prefix_or_HiGHS_QUBO_MILP,300.0,1
14,1966e402ae1ade5278a5a507ae785b8b054305975ce45fd524020c513c868c63,proven_maximal,maximize_sum_testing_e_values_at_maximum_cardinality,proven_optimal,49181.25801245558,1.149008258253842,42803.22413626232,4,4,6,0;57;79;107,0;57;79;107,0;57;79;107;141;173,4,4,6,0,0,0,0.2,0.2,0.3,0.0,0.0,0.0,0,2,1.7549662000965327,10,9,651,40,6,,original_uniform_floor_plus_prior_scores,maximum_cardinality_certified_superset_of_eBH_then_maximum_testing_evalue_sum,200,4,4,exact_dyadic_prefix_or_HiGHS_QUBO_MILP,300.0,1
15,ef5622975843a85467e63f0bc01f2dcd7dfd9766f713071fc7de29cdbe002b78,proven_maximal,maximize_sum_testing_e_values_at_maximum_cardinality,proven_optimal,36868.086939335175,1.5214500187221702,24232.20380929753,3,3,5,123;144;179,123;144;179,123;144;150;179;185,3,3,5,0,0,0,0.15,0.15,0.25,0.0,0.0,0.0,0,2,2.186552699888125,12,9,737,38,5,,original_uniform_floor_plus_prior_scores,maximum_cardinality_certified_superset_of_eBH_then_maximum_testing_evalue_sum,200,3,3,exact_dyadic_prefix_or_HiGHS_QUBO_MILP,300.0,1
16,d9b9dd3108a88e8f4a63ede7c612cdab2b33ed172874b56aa4e67af8a45be64e,proven_maximal,maximize_sum_testing_e_values_at_maximum_cardinality,proven_optimal,14899.23526716424,3.4095338688082264,4369.87454603938,6,6,7,6;45;110;141;160;184,6;45;110;141;160;184,6;45;110;140;141;160;184,6,6,7,0,0,0,0.3,0.3,0.35,0.0,0.0,0.0,0,1,3.102666100021452,18,9,531,43,7,,original_uniform_floor_plus_prior_scores,maximum_cardinality_certified_superset_of_eBH_then_maximum_testing_evalue_sum,200,6,6,exact_dyadic_prefix_or_HiGHS_QUBO_MILP,300.0,1
17,e90e72c41669b06767174cef6f6d5cff48665f2e27eb1fd913c741f1a6d698df,proven_maximal,maximize_sum_testing_e_values_at_maximum_cardinality,proven_optimal,12200.331778733109,1.9169063678404312,6364.59452762833,6,6,9,18;20;49;85;119;178,18;20;49;85;119;178,18;20;49;85;87;112;119;168;178,6,6,9,0,0,0,0.3,0.3,0.45,0.0,0.0,0.0,0,3,1.6560887999366969,11,8,575,44,9,,original_uniform_floor_plus_prior_scores,maximum_cardinality_certified_superset_of_eBH_then_maximum_testing_evalue_sum,200,6,6,exact_dyadic_prefix_or_HiGHS_QUBO_MILP,300.0,1
18,2ceeeeb0826a189d3a75c4120b662b960789a5cdf78fa4165103118aca6e570b,proven_maximal,maximize_sum_testing_e_values_at_maximum_cardinality,proven_optimal,8384.013692072946,4.971679773805892,1686.3543256034898,9,9,10,44;58;84;98;112;140;144;147;195,44;58;84;98;112;140;144;147;195,44;58;84;98;112;140;144;147;193;195,9,9,10,0,0,0,0.45,0.45,0.5,0.0,0.0,0.0,0,1,3.0355781000107527,14,9,633,39,10,,original_uniform_floor_plus_prior_scores,maximum_cardinality_certified_superset_of_eBH_then_maximum_testing_evalue_sum,200,9,9,exact_dyadic_prefix_or_HiGHS_QUBO_MILP,300.0,1
19,05fdb314bdb178f82c1bf495cf116c92d2a7943c51dd35090d8c50d43ccb1f78,proven_maximal,maximize_sum_testing_e_values_at_maximum_cardinality,proven_optimal,50033.54938364615,1.888268761418438,26497.04872841392,7,7,9,17;36;38;72;73;89;128,17;36;38;72;73;89;128,17;36;38;72;73;89;93;128;131,7,7,9,0,0,0,0.35,0.35,0.45,0.0,0.0,0.0,0,2,1.782668499974534,10,9,522,44,9,,original_uniform_floor_plus_prior_scores,maximum_cardinality_certified_superset_of_eBH_then_maximum_testing_evalue_sum,200,7,7,exact_dyadic_prefix_or_HiGHS_QUBO_MILP,300.0,1
20,2a665cda5f4ce6b8915c968d90797020eb0b94f33747c05fd4ae3a4cc37a5578,proven_maximal,maximize_sum_testing_e_values_at_maximum_cardinality,proven_optimal,20913.91156375498,1.7048827167627263,12267.06761592776,3,3,6,59;96;189,59;96;189,52;59;71;95;96;189,3,3,6,0,0,0,0.15,0.15,0.3,0.0,0.0,0.0,0,3,1.874499699799344,10,9,626,59,6,,original_uniform_floor_plus_prior_scores,maximum_cardinality_certified_superset_of_eBH_then_maximum_testing_evalue_sum,200,3,3,exact_dyadic_prefix_or_HiGHS_QUBO_MILP,300.0,1
21,a8a71a59dc868cd05ea7d80d5dd85eb2ba5e04af102233cdb9ca6e826d50c532,proven_maximal,maximize_sum_testing_e_values_at_maximum_cardinality,proven_optimal,6381.6303533868695,3.4208221778121133,1865.5253099032548,0,0,6,,,4;10;34;48;78;147,0,0,6,0,0,0,0.0,0.0,0.3,0.0,0.0,0.0,0,6,1.4669349000323564,13,9,729,40,6,,original_uniform_floor_plus_prior_scores,maximum_cardinality_certified_superset_of_eBH_then_maximum_testing_evalue_sum,200,0,0,exact_dyadic_prefix_or_HiGHS_QUBO_MILP,300.0,1
22,d8bd6313ba639ee87a2922237ce1f433be5bdcdc904fd7983d245cfb0a059352,proven_maximal,maximize_sum_testing_e_values_at_maximum_cardinality,proven_optimal,29997.161805155047,1.3732379983730756,21844.109936292007,3,3,7,82;112;163,82;112;163,9;57;82;112;136;163;188,3,3,7,0,0,0,0.15,0.15,0.35,0.0,0.0,0.0,0,4,1.1779824001714587,11,10,642,48,7,,original_uniform_floor_plus_prior_scores,maximum_cardinality_certified_superset_of_eBH_then_maximum_testing_evalue_sum,200,3,3,exact_dyadic_prefix_or_HiGHS_QUBO_MILP,300.0,1
23,c9c120fc42b62a613b9490bb9d7b684a70b71008ef8750670135b0341be50e71,proven_maximal,maximize_sum_testing_e_values_at_maximum_cardinality,proven_optimal,25022.326050789048,1.7900808015702496,13978.32211196254,3,3,5,27;47;158,27;47;158,27;47;130;158;169,3,3,5,0,0,0,0.15,0.15,0.25,0.0,0.0,0.0,0,2,1.1427609000820669,5,5,470,39,5,,original_uniform_floor_plus_prior_scores,maximum_cardinality_certified_superset_of_eBH_then_maximum_testing_evalue_sum,200,3,3,exact_dyadic_prefix_or_HiGHS_QUBO_MILP,300.0,1
24,fbda3c13cf52673306dc4c445fc4d5adba400006537f903ddb14c34e3054b064,proven_maximal,maximize_sum_testing_e_values_at_maximum_cardinality,proven_optimal,67239.3181644264,1.073933491523172,62610.31869772505,2,2,5,9;108,9;108,9;86;93;108;124,2,2,5,0,0,0,0.1,0.1,0.25,0.0,0.0,0.0,0,3,1.1718538999557495,6,6,600,37,5,,original_uniform_floor_plus_prior_scores,maximum_cardinality_certified_superset_of_eBH_then_maximum_testing_evalue_sum,200,2,2,exact_dyadic_prefix_or_HiGHS_QUBO_MILP,300.0,1
25,e89c4182bdca9cfe69c4aa1b26c69f1942a8c08ce5d3741d899ac6cf85c1ab63,proven_maximal,maximize_sum_testing_e_values_at_maximum_cardinality,proven_optimal,15248.988938206046,1.248535876331196,12213.496806367288,1,1,3,172,172,61;89;172,1,1,3,0,0,0,0.05,0.05,0.15,0.0,0.0,0.0,0,2,1.7756197000853715,15,7,576,39,3,,original_uniform_floor_plus_prior_scores,maximum_cardinality_certified_superset_of_eBH_then_maximum_testing_evalue_sum,200,1,1,exact_dyadic_prefix_or_HiGHS_QUBO_MILP,300.0,1
26,fda3dc676b52eacf582d26982c9ab7c3e26eeaa59b2667bfc5aa95ac2013da7a,proven_maximal,maximize_sum_testing_e_values_at_maximum_cardinality,proven_optimal,381039.3681550591,1.0653436605346267,357668.0298297736,4,4,5,2;61;83;140,2;61;83;140,2;61;83;140;182,4,4,5,0,0,0,0.2,0.2,0.25,0.0,0.0,0.0,0,1,3.512037399923429,24,16,1195,34,5,,original_uniform_floor_plus_prior_scores,maximum_cardinality_certified_superset_of_eBH_then_maximum_testing_evalue_sum,200,4,4,exact_dyadic_prefix_or_HiGHS_QUBO_MILP,300.0,1
27,7adc6941253e347fed3709dd8b4469c1253325d92d589239b3c5ae3844ef39c0,proven_maximal,maximize_sum_testing_e_values_at_maximum_cardinality,proven_optimal,0.0,0.0,1432.366238621938,0,0,0,,,,0,0,0,0,0,0,0.0,0.0,0.0,0.0,0.0,0.0,0,0,2.4554514999035746,15,9,747,37,0,,original_uniform_floor_plus_prior_scores,maximum_cardinality_certified_superset_of_eBH_then_maximum_testing_evalue_sum,200,0,0,exact_dyadic_prefix_or_HiGHS_QUBO_MILP,300.0,1
28,e2e6e0aba683c4a2994767521127c32eeac48afa376d96b157c41730c7e00806,proven_maximal,maximize_sum_testing_e_values_at_maximum_cardinality,proven_optimal,13545.565279094391,2.2907477119372226,5913.163290967244,2,2,10,59;174,59;174,16;23;31;59;72;73;97;144;174;187,2,2,10,0,0,0,0.1,0.1,0.5,0.0,0.0,0.0,0,8,2.3385046999901533,11,9,674,45,10,,original_uniform_floor_plus_prior_scores,maximum_cardinality_certified_superset_of_eBH_then_maximum_testing_evalue_sum,200,2,2,exact_dyadic_prefix_or_HiGHS_QUBO_MILP,300.0,1
29,1053bd2cac40bb7e2dd49a7e27a649692226fc20aa5d77dfa6f58943e89929da,proven_maximal,maximize_sum_testing_e_values_at_maximum_cardinality,proven_optimal,0.0,0.0,2489.894901703546,0,0,0,,,,0,0,0,0,0,0,0.0,0.0,0.0,0.0,0.0,0.0,0,0,1.4989859000779688,13,9,757,37,0,,original_uniform_floor_plus_prior_scores,maximum_cardinality_certified_superset_of_eBH_then_maximum_testing_evalue_sum,200,0,0,exact_dyadic_prefix_or_HiGHS_QUBO_MILP,300.0,1
30,c019ed1bb93690de8b4f5dd57c2122ef109b034303918b3a8e8ac2db8082d7bd,proven_maximal,maximize_sum_testing_e_values_at_maximum_cardinality,proven_optimal,0.0,0.0,1567.472624618243,0,0,0,,,,0,0,0,0,0,0,0.0,0.0,0.0,0.0,0.0,0.0,0,0,0.6795167000964284,3,3,300,40,0,,original_uniform_floor_plus_prior_scores,maximum_cardinality_certified_superset_of_eBH_then_maximum_testing_evalue_sum,200,0,0,exact_dyadic_prefix_or_HiGHS_QUBO_MILP,300.0,1
31,0f716d4d3e5099a2a1c12d43e99dbb55982dc85040012e9d69b1af0518620058,proven_maximal,maximize_sum_testing_e_values_at_maximum_cardinality,proven_optimal,54772.51828130956,1.090114594786857,50244.73440062408,2,2,2,8;50,8;50,8;50,2,2,2,0,0,0,0.1,0.1,0.1,0.0,0.0,0.0,0,0,2.165751999942586,18,8,693,39,2,,original_uniform_floor_plus_prior_scores,maximum_cardinality_certified_superset_of_eBH_then_maximum_testing_evalue_sum,200,2,2,exact_dyadic_prefix_or_HiGHS_QUBO_MILP,300.0,1
32,2ce3d9a545808581772717db4d7c2f7c15df8942e1e6b0490450e1b2d2a7286d,proven_maximal,maximize_sum_testing_e_values_at_maximum_cardinality,proven_optimal,18119.84344664057,1.8895441827871888,9589.531492146822,4,4,7,3;99;133;153,3;99;133;153,3;72;87;99;132;133;153,4,4,7,0,0,0,0.2,0.2,0.35,0.0,0.0,0.0,0,3,3.9802729999646544,18,12,1005,38,7,,original_uniform_floor_plus_prior_scores,maximum_cardinality_certified_superset_of_eBH_then_maximum_testing_evalue_sum,200,4,4,exact_dyadic_prefix_or_HiGHS_QUBO_MILP,300.0,1
33,9bc74aea6b7c96e7b19b756e407769fe8f3ceeedb5df5fe9f19a69e93e77dc5a,proven_maximal,maximize_sum_testing_e_values_at_maximum_cardinality,proven_optimal,11705.344944675802,1.628061738487501,7189.742666362446,3,3,5,75;93;121,75;93;121,46;75;93;108;121,3,3,5,0,0,0,0.15,0.15,0.25,0.0,0.0,0.0,0,2,3.148585199844092,16,8,699,37,5,,original_uniform_floor_plus_prior_scores,maximum_cardinality_certified_superset_of_eBH_then_maximum_testing_evalue_sum,200,3,3,exact_dyadic_prefix_or_HiGHS_QUBO_MILP,300.0,1
34,b9e7214579a22e9ae94590bfaf548c1af4f184dd497409fb1d106d6b03fcb3e7,proven_maximal,maximize_sum_testing_e_values_at_maximum_cardinality,proven_optimal,16802.844247714194,2.1003001400171266,8000.210982977498,5,5,10,33;77;87;117;155,33;77;87;117;155,33;77;84;87;112;117;120;121;155;191,5,5,10,0,0,0,0.25,0.25,0.5,0.0,0.0,0.0,0,5,2.507545599946752,20,18,1057,58,10,,original_uniform_floor_plus_prior_scores,maximum_cardinality_certified_superset_of_eBH_then_maximum_testing_evalue_sum,200,5,5,exact_dyadic_prefix_or_HiGHS_QUBO_MILP,300.0,1
35,b4855e21db8a77fd3ee2c5205a7fc73b8470327314434e2f00ed26c0dab7062c,proven_maximal,maximize_sum_testing_e_values_at_maximum_cardinality,proven_optimal,109648.27461394644,1.8326772159434288,59829.561725358966,4,4,4,163;168;177;181,163;168;177;181,163;168;177;181,4,4,4,0,0,0,0.2,0.2,0.2,0.0,0.0,0.0,0,0,0.8448193999938667,7,7,529,45,4,,original_uniform_floor_plus_prior_scores,maximum_cardinality_certified_superset_of_eBH_then_maximum_testing_evalue_sum,200,4,4,exact_dyadic_prefix_or_HiGHS_QUBO_MILP,300.0,1
36,28b0f0c90e40092b88276da67800dcb74aa725874950c6dc99bb2a46dc19ead9,proven_maximal,maximize_sum_testing_e_values_at_maximum_cardinality,proven_optimal,107207.19002131432,1.3251601966208155,80901.30558908632,4,4,7,0;28;104;122,0;28;104;122,0;28;31;58;78;104;122,4,4,7,0,0,0,0.2,0.2,0.35,0.0,0.0,0.0,0,3,1.162544600199908,8,7,632,49,7,,original_uniform_floor_plus_prior_scores,maximum_cardinality_certified_superset_of_eBH_then_maximum_testing_evalue_sum,200,4,4,exact_dyadic_prefix_or_HiGHS_QUBO_MILP,300.0,1
37,9b562ef87eeb7cf757def87ccf2d540452a8780a555e6408dc9c35bc0c53eb8c,proven_maximal,maximize_sum_testing_e_values_at_maximum_cardinality,proven_optimal,5014.61000446326,1.7412376660742963,2879.911285039531,2,2,2,23;75,23;75,23;75,2,2,2,0,0,0,0.1,0.1,0.1,0.0,0.0,0.0,0,0,1.2767441999167204,11,8,624,46,2,,original_uniform_floor_plus_prior_scores,maximum_cardinality_certified_superset_of_eBH_then_maximum_testing_evalue_sum,200,2,2,exact_dyadic_prefix_or_HiGHS_QUBO_MILP,300.0,1
38,73981754a9034abb116577509f43f852f7cc3b3df6606bd0e2a4f4660f07c6cc,proven_maximal,maximize_sum_testing_e_values_at_maximum_cardinality,proven_optimal,97805.5559355172,1.0,97805.5559355172,1,1,1,154,154,154,1,1,1,0,0,0,0.05,0.05,0.05,0.0,0.0,0.0,0,0,1.6595701000187546,7,5,600,41,1,,original_uniform_floor_plus_prior_scores,maximum_cardinality_certified_superset_of_eBH_then_maximum_testing_evalue_sum,200,1,1,exact_dyadic_prefix_or_HiGHS_QUBO_MILP,300.0,1
39,a7fc9107a486acdc10e06f44e7a1e7ea69d446d5afc46bb27e08ca01672cb492,proven_maximal,maximize_sum_testing_e_values_at_maximum_cardinality,proven_optimal,61506.94091651817,3.22594044254103,19066.359721157773,7,7,8,9;50;69;88;134;141;167,9;50;69;88;134;141;167,9;50;69;88;93;134;141;167,7,7,8,0,0,0,0.35,0.35,0.4,0.0,0.0,0.0,0,1,1.9489251000341028,16,7,605,48,8,,original_uniform_floor_plus_prior_scores,maximum_cardinality_certified_superset_of_eBH_then_maximum_testing_evalue_sum,200,7,7,exact_dyadic_prefix_or_HiGHS_QUBO_MILP,300.0,1
40,037e973b117e1d785845f4167790fbf3c391212255c4fc72a3daf157fb9a5622,proven_maximal,maximize_sum_testing_e_values_at_maximum_cardinality,proven_optimal,23610.053009941046,1.2656078915762754,18655.108874625817,4,4,5,105;118;170;184,105;118;170;184,105;118;142;170;184,4,4,5,0,0,0,0.2,0.2,0.25,0.0,0.0,0.0,0,1,2.3642688000109047,12,9,670,41,5,,original_uniform_floor_plus_prior_scores,maximum_cardinality_certified_superset_of_eBH_then_maximum_testing_evalue_sum,200,4,4,exact_dyadic_prefix_or_HiGHS_QUBO_MILP,300.0,1
41,70bb56ab615775eb120f8bc8a51af44cb21151924a6a04249237402812b6d4d0,proven_maximal,maximize_sum_testing_e_values_at_maximum_cardinality,proven_optimal,0.0,0.0,1335.4897160979635,0,0,0,,,,0,0,0,0,0,0,0.0,0.0,0.0,0.0,0.0,0.0,0,0,1.7256529999431225,14,8,758,33,0,,original_uniform_floor_plus_prior_scores,maximum_cardinality_certified_superset_of_eBH_then_maximum_testing_evalue_sum,200,0,0,exact_dyadic_prefix_or_HiGHS_QUBO_MILP,300.0,1
42,2b305321f273d93266fc6a4f94d2935613f0978499797d1aff235bea899ea9db,proven_maximal,maximize_sum_testing_e_values_at_maximum_cardinality,proven_optimal,18326.231601284097,2.0643185270374254,8877.618139476132,4,4,7,61;107;158;169,61;107;158;169,26;33;61;107;158;169;184,4,4,7,0,0,0,0.2,0.2,0.35,0.0,0.0,0.0,0,3,2.9152574001345783,15,8,681,45,7,,original_uniform_floor_plus_prior_scores,maximum_cardinality_certified_superset_of_eBH_then_maximum_testing_evalue_sum,200,4,4,exact_dyadic_prefix_or_HiGHS_QUBO_MILP,300.0,1
43,cf8935e7c2947a4e6026e433beabbe6379edc5040839a45406b000b188864d5b,proven_maximal,maximize_sum_testing_e_values_at_maximum_cardinality,proven_optimal,15585.195193956884,2.172483804585806,7173.906273114092,2,2,8,4;173,4;173,4;27;47;85;107;137;152;173,2,2,8,0,0,0,0.1,0.1,0.4,0.0,0.0,0.0,0,6,1.833071099827066,12,8,574,46,8,,original_uniform_floor_plus_prior_scores,maximum_cardinality_certified_superset_of_eBH_then_maximum_testing_evalue_sum,200,2,2,exact_dyadic_prefix_or_HiGHS_QUBO_MILP,300.0,1
44,ffd05d5308463f972e4ba80c1fb7deb89864185cb6af107c2fda2b5fcbf65f43,proven_maximal,maximize_sum_testing_e_values_at_maximum_cardinality,proven_optimal,20718.46192829308,1.9071036468579567,10863.836353324434,5,5,5,13;84;94;102;135,13;84;94;102;135,13;84;94;102;135,5,5,5,0,0,0,0.25,0.25,0.25,0.0,0.0,0.0,0,0,0.9434066000394524,8,7,576,49,5,,original_uniform_floor_plus_prior_scores,maximum_cardinality_certified_superset_of_eBH_then_maximum_testing_evalue_sum,200,5,5,exact_dyadic_prefix_or_HiGHS_QUBO_MILP,300.0,1
45,d417688260f4fbafa6865c8db06b2ec279e30d5a0b1188445e6d759bf8dd73bc,proven_maximal,maximize_sum_testing_e_values_at_maximum_cardinality,proven_optimal,47721.87493966022,1.1702467147701878,40779.32827098926,3,3,4,90;95;130,90;95;130,74;90;95;130,3,3,4,0,0,0,0.15,0.15,0.2,0.0,0.0,0.0,0,1,2.329330399865285,12,9,633,39,4,,original_uniform_floor_plus_prior_scores,maximum_cardinality_certified_superset_of_eBH_then_maximum_testing_evalue_sum,200,3,3,exact_dyadic_prefix_or_HiGHS_QUBO_MILP,300.0,1
46,ac74f6308ba7feb6308445c74f9ea6ab51dedb7c9f3c89e4c850251e2e78f3ff,proven_maximal,maximize_sum_testing_e_values_at_maximum_cardinality,proven_optimal,8304.826418577857,1.0,8304.826418577857,1,1,1,26,26,26,1,1,1,0,0,0,0.05,0.05,0.05,0.0,0.0,0.0,0,0,1.6166814998723569,14,6,591,43,1,,original_uniform_floor_plus_prior_scores,maximum_cardinality_certified_superset_of_eBH_then_maximum_testing_evalue_sum,200,1,1,exact_dyadic_prefix_or_HiGHS_QUBO_MILP,300.0,1
47,bd8e3f3285c4aab1a630165a71a741ab22beb1ccf0c327d7630698a8495461cc,proven_maximal,maximize_sum_testing_e_values_at_maximum_cardinality,proven_optimal,51294.09245208495,1.455407500274759,35243.80109515816,2,2,2,29;42,29;42,29;42,2,2,2,0,0,0,0.1,0.1,0.1,0.0,0.0,0.0,0,0,2.442976899910718,16,8,579,39,2,,original_uniform_floor_plus_prior_scores,maximum_cardinality_certified_superset_of_eBH_then_maximum_testing_evalue_sum,200,2,2,exact_dyadic_prefix_or_HiGHS_QUBO_MILP,300.0,1
48,fcfcfbe9886fbe4e36bf6b1bf107904c290070cb5c9601c6fe81d50a02ad9c21,proven_maximal,maximize_sum_testing_e_values_at_maximum_cardinality,proven_optimal,10382.038330595791,2.166079519051272,4793.008861993698,4,4,5,0;45;52;89,0;45;52;89,0;45;52;89;163,4,4,5,0,0,0,0.2,0.2,0.25,0.0,0.0,0.0,0,1,1.8382677999325097,11,7,618,38,5,,original_uniform_floor_plus_prior_scores,maximum_cardinality_certified_superset_of_eBH_then_maximum_testing_evalue_sum,200,4,4,exact_dyadic_prefix_or_HiGHS_QUBO_MILP,300.0,1
49,e646414dd7c62076b78c11c2cf01d8edf74474bb82126f0a74edf92a8cf326d3,proven_maximal,maximize_sum_testing_e_values_at_maximum_cardinality,proven_optimal,4980.637608983696,2.217489298896879,2246.070640097963,0,0,3,,,37;48;151,0,0,3,0,0,0,0.0,0.0,0.15,0.0,0.0,0.0,0,3,1.3711864000651983,12,10,765,58,3,,original_uniform_floor_plus_prior_scores,maximum_cardinality_certified_superset_of_eBH_then_maximum_testing_evalue_sum,200,0,0,exact_dyadic_prefix_or_HiGHS_QUBO_MILP,300.0,1
50,bd01191b35a15dcc258c89f099813328aac2c1822b94c92930e30affb5c1b520,proven_maximal,maximize_sum_testing_e_values_at_maximum_cardinality,proven_optimal,11878.112094809669,2.695943536295395,4405.920203778401,5,5,10,59;68;109;122;197,59;68;109;122;197,6;46;55;59;68;109;111;122;177;197,5,5,10,0,0,0,0.25,0.25,0.5,0.0,0.0,0.0,0,5,2.934260199777782,15,12,816,49,10,,original_uniform_floor_plus_prior_scores,maximum_cardinality_certified_superset_of_eBH_then_maximum_testing_evalue_sum,200,5,5,exact_dyadic_prefix_or_HiGHS_QUBO_MILP,300.0,1
51,aa1f3803e724452ca7947dc859846a1944e33db2828ace621f84a817d65f461d,proven_maximal,maximize_sum_testing_e_values_at_maximum_cardinality,proven_optimal,0.0,0.0,2130.986371738009,0,0,0,,,,0,0,0,0,0,0,0.0,0.0,0.0,0.0,0.0,0.0,0,0,2.300112900091335,13,8,675,34,0,,original_uniform_floor_plus_prior_scores,maximum_cardinality_certified_superset_of_eBH_then_maximum_testing_evalue_sum,200,0,0,exact_dyadic_prefix_or_HiGHS_QUBO_MILP,300.0,1
52,0177a95431c418f4d01fad394517b33325c5417437c14c67c026236e62fa0b52,proven_maximal,maximize_sum_testing_e_values_at_maximum_cardinality,proven_optimal,4884.426433350546,1.0,4884.426433350546,1,1,1,61,61,61,1,1,1,0,0,0,0.05,0.05,0.05,0.0,0.0,0.0,0,0,3.029661800013855,17,7,701,41,1,,original_uniform_floor_plus_prior_scores,maximum_cardinality_certified_superset_of_eBH_then_maximum_testing_evalue_sum,200,1,1,exact_dyadic_prefix_or_HiGHS_QUBO_MILP,300.0,1
53,386ed2933c17a38592b53b209b426db2495fa300388ad27bc13daf5d936d8377,proven_maximal,maximize_sum_testing_e_values_at_maximum_cardinality,proven_optimal,18754.83881251972,1.6294554157918226,11509.881541254648,6,6,6,37;91;98;150;156;198,37;91;98;150;156;198,37;91;98;150;156;198,6,6,6,0,0,0,0.3,0.3,0.3,0.0,0.0,0.0,0,0,1.937873400049284,12,6,608,47,6,,original_uniform_floor_plus_prior_scores,maximum_cardinality_certified_superset_of_eBH_then_maximum_testing_evalue_sum,200,6,6,exact_dyadic_prefix_or_HiGHS_QUBO_MILP,300.0,1
54,6f2458eaad60bce18f2a84151913b7114c6af8b561f1564f2abbeb969f948e42,proven_maximal,maximize_sum_testing_e_values_at_maximum_cardinality,proven_optimal,5495.769497090716,2.44697390660223,2245.945280520756,0,0,5,,,3;32;50;122;147,0,0,5,0,0,0,0.0,0.0,0.25,0.0,0.0,0.0,0,5,2.3912778000812978,16,13,565,44,5,,original_uniform_floor_plus_prior_scores,maximum_cardinality_certified_superset_of_eBH_then_maximum_testing_evalue_sum,200,0,0,exact_dyadic_prefix_or_HiGHS_QUBO_MILP,300.0,1
55,476ac504e507bc716979612c4a0b4cfb62b5c648f0ba902440ccab1a3bb28488,proven_maximal,maximize_sum_testing_e_values_at_maximum_cardinality,proven_optimal,13226.235308615787,2.7653567335835536,4782.831505241732,3,3,4,8;20;168,8;20;168,8;12;20;168,3,3,4,0,0,0,0.15,0.15,0.2,0.0,0.0,0.0,0,1,2.391622800147161,11,9,802,52,4,,original_uniform_floor_plus_prior_scores,maximum_cardinality_certified_superset_of_eBH_then_maximum_testing_evalue_sum,200,3,3,exact_dyadic_prefix_or_HiGHS_QUBO_MILP,300.0,1
56,4a564054cf17dde0a687b8ead8fda62b6ddb4659ba56d771599f7c963685783e,proven_maximal,maximize_sum_testing_e_values_at_maximum_cardinality,proven_optimal,7773.394429281577,1.2868941105956713,6040.43049484737,1,1,2,25,25,25;141,1,1,2,0,0,0,0.05,0.05,0.1,0.0,0.0,0.0,0,1,2.7262038001790643,16,12,919,39,2,,original_uniform_floor_plus_prior_scores,maximum_cardinality_certified_superset_of_eBH_then_maximum_testing_evalue_sum,200,1,1,exact_dyadic_prefix_or_HiGHS_QUBO_MILP,300.0,1
57,0db931c26e6f41e43985b0f894ade8aeb84167f3d5ac42eeb3fa4c5d54cd5eee,proven_maximal,maximize_sum_testing_e_values_at_maximum_cardinality,proven_optimal,39356.58053435864,1.719998791344007,22881.748947977696,3,3,3,23;88;124,23;88;124,23;88;124,3,3,3,0,0,0,0.15,0.15,0.15,0.0,0.0,0.0,0,0,1.840802599908784,9,7,669,45,3,,original_uniform_floor_plus_prior_scores,maximum_cardinality_certified_superset_of_eBH_then_maximum_testing_evalue_sum,200,3,3,exact_dyadic_prefix_or_HiGHS_QUBO_MILP,300.0,1
58,9d3df6b35fcdab3683b0d226dfabdccd5f291277c23e551f4f998a52df1f230e,proven_maximal,maximize_sum_testing_e_values_at_maximum_cardinality,proven_optimal,17635.73654816262,1.0,17635.73654816262,1,1,1,31,31,31,1,1,1,0,0,0,0.05,0.05,0.05,0.0,0.0,0.0,0,0,2.482092499965802,13,9,695,30,1,,original_uniform_floor_plus_prior_scores,maximum_cardinality_certified_superset_of_eBH_then_maximum_testing_evalue_sum,200,1,1,exact_dyadic_prefix_or_HiGHS_QUBO_MILP,300.0,1
59,d43bc05c15e4e308ffe3b7dbaf76f2fe45a8609ab95eee1fd32b5274ccf71337,proven_maximal,maximize_sum_testing_e_values_at_maximum_cardinality,proven_optimal,15793.7216519023,1.2325255154700758,12814.113341806717,3,3,3,39;102;120,39;102;120,39;102;120,3,3,3,0,0,0,0.15,0.15,0.15,0.0,0.0,0.0,0,0,2.6595081000123173,15,7,495,32,3,,original_uniform_floor_plus_prior_scores,maximum_cardinality_certified_superset_of_eBH_then_maximum_testing_evalue_sum,200,3,3,exact_dyadic_prefix_or_HiGHS_QUBO_MILP,300.0,1
60,efb43c514acdc85692747c94f12fb252ecdb32baac999509df5bd2f37b7b55cb,proven_maximal,maximize_sum_testing_e_values_at_maximum_cardinality,proven_optimal,135712.93860908755,1.1545217005862245,117549.05822920211,3,3,9,53;157;159,53;157;159,6;13;35;53;67;81;148;157;159,3,3,9,0,0,0,0.15,0.15,0.45,0.0,0.0,0.0,0,6,2.239622700028121,8,7,700,29,9,,original_uniform_floor_plus_prior_scores,maximum_cardinality_certified_superset_of_eBH_then_maximum_testing_evalue_sum,200,3,3,exact_dyadic_prefix_or_HiGHS_QUBO_MILP,300.0,1
61,0d20b7e73bcbfd4fc36ac4247d59c2dcb9d4938861d173c2f6bc93cceb744d6e,proven_maximal,maximize_sum_testing_e_values_at_maximum_cardinality,proven_optimal,17071.13423373148,2.7157255764582926,6286.030658515491,9,9,10,36;46;88;93;98;108;130;143;150,36;46;88;93;98;108;130;143;150,36;46;88;93;98;108;118;130;143;150,9,9,10,0,0,0,0.45,0.45,0.5,0.0,0.0,0.0,0,1,2.403585499851033,17,10,878,41,10,,original_uniform_floor_plus_prior_scores,maximum_cardinality_certified_superset_of_eBH_then_maximum_testing_evalue_sum,200,9,9,exact_dyadic_prefix_or_HiGHS_QUBO_MILP,300.0,1
62,656f96cb3499be0618c3f08aba7d3a8a4ab72b1cf431f1064a1ffb9063ca67dd,proven_maximal,maximize_sum_testing_e_values_at_maximum_cardinality,proven_optimal,7811.605752780327,1.1019386650135437,7088.966020340448,1,1,2,113,113,75;113,1,1,2,0,0,0,0.05,0.05,0.1,0.0,0.0,0.0,0,1,2.1619303999468684,11,8,678,41,2,,original_uniform_floor_plus_prior_scores,maximum_cardinality_certified_superset_of_eBH_then_maximum_testing_evalue_sum,200,1,1,exact_dyadic_prefix_or_HiGHS_QUBO_MILP,300.0,1
63,c71bcfd1e72046697f1836d27c63d1d6dd547a8de8c747e1df905e798faa0273,proven_maximal,maximize_sum_testing_e_values_at_maximum_cardinality,proven_optimal,50104.69596262463,1.1316521976204714,44275.70243576598,2,2,6,55;165,55;165,55;86;93;148;165;168,2,2,6,0,0,0,0.1,0.1,0.3,0.0,0.0,0.0,0,4,2.37605580012314,11,9,774,51,6,,original_uniform_floor_plus_prior_scores,maximum_cardinality_certified_superset_of_eBH_then_maximum_testing_evalue_sum,200,2,2,exact_dyadic_prefix_or_HiGHS_QUBO_MILP,300.0,1
64,ffad60b039c4e8f26cb397636f8124f381e3010495fce70be9972f0542faf471,proven_maximal,maximize_sum_testing_e_values_at_maximum_cardinality,proven_optimal,5052.384033684166,3.632517352761515,1390.8767785632845,4,4,4,35;44;86;105,35;44;86;105,35;44;86;105,4,4,4,0,0,0,0.2,0.2,0.2,0.0,0.0,0.0,0,0,3.560455600032583,16,11,927,50,4,,original_uniform_floor_plus_prior_scores,maximum_cardinality_certified_superset_of_eBH_then_maximum_testing_evalue_sum,200,4,4,exact_dyadic_prefix_or_HiGHS_QUBO_MILP,300.0,1
65,6e705ab2c96b51acbb787dffd3ca38c188b54874e85e6549c99301320e08a2fe,proven_maximal,maximize_sum_testing_e_values_at_maximum_cardinality,proven_optimal,302221.4928731062,1.0914232611677237,276905.8564408429,7,7,7,41;54;70;74;132;136;199,41;54;70;74;132;136;199,41;54;70;74;132;136;199,7,7,7,0,0,0,0.35,0.35,0.35,0.0,0.0,0.0,0,0,1.8242069999687367,16,8,574,41,7,,original_uniform_floor_plus_prior_scores,maximum_cardinality_certified_superset_of_eBH_then_maximum_testing_evalue_sum,200,7,7,exact_dyadic_prefix_or_HiGHS_QUBO_MILP,300.0,1
66,a7d571a97f18d7df18fe12c1fb6de52b62b83926918c987b4be1a382393a4e7b,proven_maximal,maximize_sum_testing_e_values_at_maximum_cardinality,proven_optimal,7669.734485932179,1.7644272348044032,4346.869247221982,1,1,4,120,120,44;120;159;191,1,1,4,0,0,0,0.05,0.05,0.2,0.0,0.0,0.0,0,3,2.2261954001151025,11,9,597,33,4,,original_uniform_floor_plus_prior_scores,maximum_cardinality_certified_superset_of_eBH_then_maximum_testing_evalue_sum,200,1,1,exact_dyadic_prefix_or_HiGHS_QUBO_MILP,300.0,1
67,430e5253c95c63ea04564187117b87b8755321bb1baaba3ee2697a6fe0843854,proven_maximal,maximize_sum_testing_e_values_at_maximum_cardinality,proven_optimal,13104.802453608772,1.9584225642793056,6691.5091220016175,3,3,4,123;170;194,123;170;194,67;123;170;194,3,3,4,0,0,0,0.15,0.15,0.2,0.0,0.0,0.0,0,1,1.2599494000896811,10,8,699,47,4,,original_uniform_floor_plus_prior_scores,maximum_cardinality_certified_superset_of_eBH_then_maximum_testing_evalue_sum,200,3,3,exact_dyadic_prefix_or_HiGHS_QUBO_MILP,300.0,1
68,7ca8e75256991263915a473f94033a32d61b2ff70abbe074358daa945988a7d4,proven_maximal,maximize_sum_testing_e_values_at_maximum_cardinality,proven_optimal,4501.471987164728,1.31805824866104,3415.2299352001965,0,0,2,,,135;148,0,0,2,0,0,0,0.0,0.0,0.1,0.0,0.0,0.0,0,2,2.304709800053388,12,10,693,44,2,,original_uniform_floor_plus_prior_scores,maximum_cardinality_certified_superset_of_eBH_then_maximum_testing_evalue_sum,200,0,0,exact_dyadic_prefix_or_HiGHS_QUBO_MILP,300.0,1
69,903d5cb56a799fe126b819efdba0c5ff2089a9c089df7a9c67aba967d64dfe80,proven_maximal,maximize_sum_testing_e_values_at_maximum_cardinality,proven_optimal,5001.905270698186,1.0,5001.905270698186,1,1,1,144,144,144,1,1,1,0,0,0,0.05,0.05,0.05,0.0,0.0,0.0,0,0,1.835995899979025,14,5,542,40,1,,original_uniform_floor_plus_prior_scores,maximum_cardinality_certified_superset_of_eBH_then_maximum_testing_evalue_sum,200,1,1,exact_dyadic_prefix_or_HiGHS_QUBO_MILP,300.0,1
70,8706a2823a5e987f1e567cd693c333e7ceecd87047de9b29cc24cc02ffcc4ab4,proven_maximal,maximize_sum_testing_e_values_at_maximum_cardinality,proven_optimal,9327.659170609328,3.224943247891319,2892.348315496208,3,3,9,9;103;195,9;103;195,9;68;103;125;148;156;183;186;195,3,3,9,0,0,0,0.15,0.15,0.45,0.0,0.0,0.0,0,6,2.344457000028342,11,9,639,38,9,,original_uniform_floor_plus_prior_scores,maximum_cardinality_certified_superset_of_eBH_then_maximum_testing_evalue_sum,200,3,3,exact_dyadic_prefix_or_HiGHS_QUBO_MILP,300.0,1
71,615e85bcce53914d13463b97a8d3409a194fa6864ad382b97235457d3505ff5e,proven_maximal,maximize_sum_testing_e_values_at_maximum_cardinality,proven_optimal,7654.447694873232,1.0,7654.447694873232,1,1,1,68,68,68,1,1,1,0,0,0,0.05,0.05,0.05,0.0,0.0,0.0,0,0,2.162461900152266,11,7,610,29,1,,original_uniform_floor_plus_prior_scores,maximum_cardinality_certified_superset_of_eBH_then_maximum_testing_evalue_sum,200,1,1,exact_dyadic_prefix_or_HiGHS_QUBO_MILP,300.0,1
72,2122abde68ddf9cc6c6e6665b9b9d180abd8e9b1d375bc4a902b1a44ad7b843e,proven_maximal,maximize_sum_testing_e_values_at_maximum_cardinality,proven_optimal,29263.095756180854,1.8898748115164512,15484.14507556715,4,4,6,44;111;112;132,44;111;112;132,44;111;112;132;158;183,4,4,6,0,0,0,0.2,0.2,0.3,0.0,0.0,0.0,0,2,3.1147887997794896,16,8,532,47,6,,original_uniform_floor_plus_prior_scores,maximum_cardinality_certified_superset_of_eBH_then_maximum_testing_evalue_sum,200,4,4,exact_dyadic_prefix_or_HiGHS_QUBO_MILP,300.0,1
73,d65a781dc63f51db07e3b62cfeadf595e1dddacbfe1696f9c0d0d19591382e0a,proven_maximal,maximize_sum_testing_e_values_at_maximum_cardinality,proven_optimal,57764.877510664846,1.971046587359812,29306.70329210232,4,4,7,23;55;106;198,23;55;106;198,23;29;55;106;114;137;198,4,4,7,0,0,0,0.2,0.2,0.35,0.0,0.0,0.0,0,3,1.3829606999643147,13,11,672,43,7,,original_uniform_floor_plus_prior_scores,maximum_cardinality_certified_superset_of_eBH_then_maximum_testing_evalue_sum,200,4,4,exact_dyadic_prefix_or_HiGHS_QUBO_MILP,300.0,1
74,57afaab118fa7ae115686c8664b0f3943aec41398e27e800b1aa286a303b9326,proven_maximal,maximize_sum_testing_e_values_at_maximum_cardinality,proven_optimal,7321.877167921501,2.7477998709365234,2664.632619487681,0,0,10,,,46;47;48;52;69;75;88;97;115;195,0,0,10,0,0,0,0.0,0.0,0.5,0.0,0.0,0.0,0,10,2.1735444001387805,9,9,666,46,10,,original_uniform_floor_plus_prior_scores,maximum_cardinality_certified_superset_of_eBH_then_maximum_testing_evalue_sum,200,0,0,exact_dyadic_prefix_or_HiGHS_QUBO_MILP,300.0,1
75,e6d10df37e52abdc4608737e50944dd902c6e27595f657b14e0a9dcc56c19f5d,proven_maximal,maximize_sum_testing_e_values_at_maximum_cardinality,proven_optimal,23963.95138707485,2.4326418593926094,9850.998532541184,4,4,6,46;49;102;156,46;49;102;156,21;37;46;49;102;156,4,4,6,0,0,0,0.2,0.2,0.3,0.0,0.0,0.0,0,2,2.7073844000697136,12,10,818,46,6,,original_uniform_floor_plus_prior_scores,maximum_cardinality_certified_superset_of_eBH_then_maximum_testing_evalue_sum,200,4,4,exact_dyadic_prefix_or_HiGHS_QUBO_MILP,300.0,1
76,9384fc462c21e6d8243b546a9de45ad6519f50d1fdcdfc75de72335f367f5b42,proven_maximal,maximize_sum_testing_e_values_at_maximum_cardinality,proven_optimal,7539.4833782846545,1.267204499958914,5949.697447041187,1,1,2,105,105,105;166,1,1,2,0,0,0,0.05,0.05,0.1,0.0,0.0,0.0,0,1,1.8030826000031084,16,8,490,34,2,,original_uniform_floor_plus_prior_scores,maximum_cardinality_certified_superset_of_eBH_then_maximum_testing_evalue_sum,200,1,1,exact_dyadic_prefix_or_HiGHS_QUBO_MILP,300.0,1
77,01eb482eea5cd1ace2332cb7127e9bd32a26734b6f54d73dc1aef7faa6be0aa1,proven_maximal,maximize_sum_testing_e_values_at_maximum_cardinality,proven_optimal,66991.44538898153,1.5793950656084224,42415.88874609707,5,5,5,9;15;19;56;98,9;15;19;56;98,9;15;19;56;98,5,5,5,0,0,0,0.25,0.25,0.25,0.0,0.0,0.0,0,0,3.009771100012585,17,8,531,39,5,,original_uniform_floor_plus_prior_scores,maximum_cardinality_certified_superset_of_eBH_then_maximum_testing_evalue_sum,200,5,5,exact_dyadic_prefix_or_HiGHS_QUBO_MILP,300.0,1
78,ee20a502c6e5f0ad8d9270b811d3147eb5530319767ff00e12b4e4ea71c89941,proven_maximal,maximize_sum_testing_e_values_at_maximum_cardinality,proven_optimal,7302.360871800824,2.6596667075863523,2745.592465015181,2,2,5,160;164,160;164,3;11;146;160;164,2,2,5,0,0,0,0.1,0.1,0.25,0.0,0.0,0.0,0,3,2.3933190000243485,15,12,833,49,5,,original_uniform_floor_plus_prior_scores,maximum_cardinality_certified_superset_of_eBH_then_maximum_testing_evalue_sum,200,2,2,exact_dyadic_prefix_or_HiGHS_QUBO_MILP,300.0,1
79,6bc509f8c378180d054aac3a4a479dcb25fc7057014e4046dc62c2475aa3896b,proven_maximal,maximize_sum_testing_e_values_at_maximum_cardinality,proven_optimal,11255.40410183043,1.925173920449956,5846.434954406506,3,3,5,8;72;80,8;72;80,8;72;80;109;164,3,3,5,0,0,0,0.15,0.15,0.25,0.0,0.0,0.0,0,2,2.676216500112787,14,7,536,51,5,,original_uniform_floor_plus_prior_scores,maximum_cardinality_certified_superset_of_eBH_then_maximum_testing_evalue_sum,200,3,3,exact_dyadic_prefix_or_HiGHS_QUBO_MILP,300.0,1
80,a06a839cc56f4165caaae5f6dfd7da9306fc85850784b52e59f54337694bf502,proven_maximal,maximize_sum_testing_e_values_at_maximum_cardinality,proven_optimal,94629.57460028592,1.0,94629.57460028592,1,1,1,70,70,70,1,1,1,0,0,0,0.05,0.05,0.05,0.0,0.0,0.0,0,0,3.146418299991637,17,8,750,47,1,,original_uniform_floor_plus_prior_scores,maximum_cardinality_certified_superset_of_eBH_then_maximum_testing_evalue_sum,200,1,1,exact_dyadic_prefix_or_HiGHS_QUBO_MILP,300.0,1
81,5beeb925cd3f74821f525dda0f3cac24d7bc9c5cc0132ea78358fbf6969a1b16,proven_maximal,maximize_sum_testing_e_values_at_maximum_cardinality,proven_optimal,1055343.4269784277,1.1428417277627838,923437.954128922,5,5,13,34;92;93;135;145,34;92;93;135;145,26;29;34;41;47;49;92;93;124;135;145;165;183,5,5,13,0,0,0,0.25,0.25,0.65,0.0,0.0,0.0,0,8,2.0024804999120533,6,6,505,45,13,,original_uniform_floor_plus_prior_scores,maximum_cardinality_certified_superset_of_eBH_then_maximum_testing_evalue_sum,200,5,5,exact_dyadic_prefix_or_HiGHS_QUBO_MILP,300.0,1
82,b6bc77b68f00eaa9ec9862695226be96c773267d56abaff534052a8d35e9881f,proven_maximal,maximize_sum_testing_e_values_at_maximum_cardinality,proven_optimal,126300.58068707288,1.076200706987946,117357.8309947045,4,4,5,121;141;162;167,121;141;162;167,8;121;141;162;167,4,4,5,0,0,0,0.2,0.2,0.25,0.0,0.0,0.0,0,1,3.639994999859482,17,13,1055,50,5,,original_uniform_floor_plus_prior_scores,maximum_cardinality_certified_superset_of_eBH_then_maximum_testing_evalue_sum,200,4,4,exact_dyadic_prefix_or_HiGHS_QUBO_MILP,300.0,1
83,ad816fff67c7b8c8703ad3b109a5dda95aa5cb4bcee1c5fd0ca7c513939a2c4e,proven_maximal,maximize_sum_testing_e_values_at_maximum_cardinality,proven_optimal,23163.19185578642,2.0949711783259084,11056.568269495778,7,7,8,34;45;79;156;157;168;170,34;45;79;156;157;168;170,34;45;63;79;156;157;168;170,7,7,8,0,0,0,0.35,0.35,0.4,0.0,0.0,0.0,0,1,2.1507826999295503,10,8,617,39,8,,original_uniform_floor_plus_prior_scores,maximum_cardinality_certified_superset_of_eBH_then_maximum_testing_evalue_sum,200,7,7,exact_dyadic_prefix_or_HiGHS_QUBO_MILP,300.0,1
84,608bdaede0539402a546e98182a86a1e13825406afabba20083badf0b8f5f0b8,proven_maximal,maximize_sum_testing_e_values_at_maximum_cardinality,proven_optimal,0.0,0.0,1448.58585465145,0,0,0,,,,0,0,0,0,0,0,0.0,0.0,0.0,0.0,0.0,0.0,0,0,0.7850106998812407,3,3,300,37,0,,original_uniform_floor_plus_prior_scores,maximum_cardinality_certified_superset_of_eBH_then_maximum_testing_evalue_sum,200,0,0,exact_dyadic_prefix_or_HiGHS_QUBO_MILP,300.0,1
85,45e5717b634dc63d991635dd2a4d7fb92fefe2da72b0644d6664e83266d25822,proven_maximal,maximize_sum_testing_e_values_at_maximum_cardinality,proven_optimal,544679.8222015987,1.0121824217873536,538124.1666297469,3,3,5,55;127;190,55;127;190,55;107;118;127;190,3,3,5,0,0,0,0.15,0.15,0.25,0.0,0.0,0.0,0,2,2.1873842999339104,19,14,686,35,5,,original_uniform_floor_plus_prior_scores,maximum_cardinality_certified_superset_of_eBH_then_maximum_testing_evalue_sum,200,3,3,exact_dyadic_prefix_or_HiGHS_QUBO_MILP,300.0,1
86,2074acd347c1d35321c7943b0f5732c4bf15da6996282d785a4c598a67139e93,proven_maximal,maximize_sum_testing_e_values_at_maximum_cardinality,proven_optimal,15502.26435663155,2.5844391946754093,5998.308796960706,4,4,4,16;56;127;147,16;56;127;147,16;56;127;147,4,4,4,0,0,0,0.2,0.2,0.2,0.0,0.0,0.0,0,0,3.1355369999073446,16,7,774,42,4,,original_uniform_floor_plus_prior_scores,maximum_cardinality_certified_superset_of_eBH_then_maximum_testing_evalue_sum,200,4,4,exact_dyadic_prefix_or_HiGHS_QUBO_MILP,300.0,1
87,73a6c2da148b780cd7a806ecd8fd99b18699fbf97902e1da9db56ad8adce093f,proven_maximal,maximize_sum_testing_e_values_at_maximum_cardinality,proven_optimal,19344.01295497742,2.253017034609021,8585.826319921413,5,5,5,84;119;131;173;196,84;119;131;173;196,84;119;131;173;196,5,5,5,0,0,0,0.25,0.25,0.25,0.0,0.0,0.0,0,0,3.2878258998971432,18,10,827,43,5,,original_uniform_floor_plus_prior_scores,maximum_cardinality_certified_superset_of_eBH_then_maximum_testing_evalue_sum,200,5,5,exact_dyadic_prefix_or_HiGHS_QUBO_MILP,300.0,1
88,1106306795534f10d5f775d0edad7079e272bbe9c69c3860bd4e84df57997fd4,proven_maximal,maximize_sum_testing_e_values_at_maximum_cardinality,proven_optimal,5165.05278494545,1.3810995017262224,3739.812213739635,0,0,2,,,78;116,0,0,2,0,0,0,0.0,0.0,0.1,0.0,0.0,0.0,0,2,1.804658600129187,11,10,716,35,2,,original_uniform_floor_plus_prior_scores,maximum_cardinality_certified_superset_of_eBH_then_maximum_testing_evalue_sum,200,0,0,exact_dyadic_prefix_or_HiGHS_QUBO_MILP,300.0,1
89,46d0bc536099305f7c647020eae266e8936f7ec7ae9e1fea72c6315fc42db788,proven_maximal,maximize_sum_testing_e_values_at_maximum_cardinality,proven_optimal,55248.80816837474,1.0,55248.80816837474,1,1,1,1,1,1,1,1,1,0,0,0,0.05,0.05,0.05,0.0,0.0,0.0,0,0,1.981386400060728,16,6,537,37,1,,original_uniform_floor_plus_prior_scores,maximum_cardinality_certified_superset_of_eBH_then_maximum_testing_evalue_sum,200,1,1,exact_dyadic_prefix_or_HiGHS_QUBO_MILP,300.0,1
90,d48fefd5ff2f06789e17a82b058aefe1c4828461a039cb225ec91cdccb23a74a,proven_maximal,maximize_sum_testing_e_values_at_maximum_cardinality,proven_optimal,30079.35533982227,2.244548977313765,13401.06883112913,5,5,6,57;76;89;129;142,57;76;89;129;142,4;57;76;89;129;142,5,5,6,0,0,0,0.25,0.25,0.3,0.0,0.0,0.0,0,1,1.908556499984116,9,8,714,45,6,,original_uniform_floor_plus_prior_scores,maximum_cardinality_certified_superset_of_eBH_then_maximum_testing_evalue_sum,200,5,5,exact_dyadic_prefix_or_HiGHS_QUBO_MILP,300.0,1
91,662662ed682f3b76ee7b7e6d5f21d44d93f6539fb7b32c9d4a37322264e57d6d,proven_maximal,maximize_sum_testing_e_values_at_maximum_cardinality,proven_optimal,25357.71031482145,1.0,25357.71031482145,1,1,1,59,59,59,1,1,1,0,0,0,0.05,0.05,0.05,0.0,0.0,0.0,0,0,1.9215935999527567,11,8,741,45,1,,original_uniform_floor_plus_prior_scores,maximum_cardinality_certified_superset_of_eBH_then_maximum_testing_evalue_sum,200,1,1,exact_dyadic_prefix_or_HiGHS_QUBO_MILP,300.0,1
92,c5dc87aead6120d137310d739b88c362bc47830dda8b9612f4c802ff6c365418,proven_maximal,maximize_sum_testing_e_values_at_maximum_cardinality,proven_optimal,5620.525215911566,2.449178431106186,2294.861470494423,2,2,5,37;172,37;172,37;44;73;83;172,2,2,5,0,0,0,0.1,0.1,0.25,0.0,0.0,0.0,0,3,1.6067436998710036,9,9,644,44,5,,original_uniform_floor_plus_prior_scores,maximum_cardinality_certified_superset_of_eBH_then_maximum_testing_evalue_sum,200,2,2,exact_dyadic_prefix_or_HiGHS_QUBO_MILP,300.0,1
93,7cc6224bfc3d1e32263820b53e6eb7bb692926a5ea1a191dfb714277d7f27010,proven_maximal,maximize_sum_testing_e_values_at_maximum_cardinality,proven_optimal,264524.2719624419,1.0130675949598802,261112.163964654,3,3,3,25;83;155,25;83;155,25;83;155,3,3,3,0,0,0,0.15,0.15,0.15,0.0,0.0,0.0,0,0,1.8423396002035588,15,6,614,36,3,,original_uniform_floor_plus_prior_scores,maximum_cardinality_certified_superset_of_eBH_then_maximum_testing_evalue_sum,200,3,3,exact_dyadic_prefix_or_HiGHS_QUBO_MILP,300.0,1
94,8a0d0059aa93b93bfeb47395496a531b753a123f4895139866ebe60e08e4d3d3,proven_maximal,maximize_sum_testing_e_values_at_maximum_cardinality,proven_optimal,6190.053789771183,1.0,6190.053789771183,1,1,1,167,167,167,1,1,1,0,0,0,0.05,0.05,0.05,0.0,0.0,0.0,0,0,1.459287100005895,7,6,619,35,1,,original_uniform_floor_plus_prior_scores,maximum_cardinality_certified_superset_of_eBH_then_maximum_testing_evalue_sum,200,1,1,exact_dyadic_prefix_or_HiGHS_QUBO_MILP,300.0,1
95,11f51ae0460fe1cdaf53dc5bba8c8abc28ae85000760f824079a51a03fb24c21,proven_maximal,maximize_sum_testing_e_values_at_maximum_cardinality,proven_optimal,235515.5976453899,1.1714264987446814,201050.2561601364,4,4,7,22;44;173;197,22;44;173;197,13;22;44;49;91;173;197,4,4,7,0,0,0,0.2,0.2,0.35,0.0,0.0,0.0,0,3,1.390610200120136,8,7,614,34,7,,original_uniform_floor_plus_prior_scores,maximum_cardinality_certified_superset_of_eBH_then_maximum_testing_evalue_sum,200,4,4,exact_dyadic_prefix_or_HiGHS_QUBO_MILP,300.0,1
96,f5e543b697af5c1255dd28c36730f7142b766e629099653e76703a963149df3f,proven_maximal,maximize_sum_testing_e_values_at_maximum_cardinality,proven_optimal,0.0,0.0,2391.3765570428927,0,0,0,,,,0,0,0,0,0,0,0.0,0.0,0.0,0.0,0.0,0.0,0,0,1.7597719999030232,9,6,509,37,0,,original_uniform_floor_plus_prior_scores,maximum_cardinality_certified_superset_of_eBH_then_maximum_testing_evalue_sum,200,0,0,exact_dyadic_prefix_or_HiGHS_QUBO_MILP,300.0,1
97,c8ed98484141e5061e9740b0333faba0bcd26c689091dc7969f10d7a4c372f61,proven_maximal,maximize_sum_testing_e_values_at_maximum_cardinality,proven_optimal,30605.507876888056,1.1529613477922154,26545.12914547741,3,3,3,7;47;144,7;47;144,7;47;144,3,3,3,0,0,0,0.15,0.15,0.15,0.0,0.0,0.0,0,0,1.868309099925682,17,7,482,37,3,,original_uniform_floor_plus_prior_scores,maximum_cardinality_certified_superset_of_eBH_then_maximum_testing_evalue_sum,200,3,3,exact_dyadic_prefix_or_HiGHS_QUBO_MILP,300.0,1
98,d89e73e90cdf1755cf80fbe8055e75139ea67edc0159430377900b38d4962e4e,proven_maximal,maximize_sum_testing_e_values_at_maximum_cardinality,proven_optimal,1615466.6639293092,1.043939416631532,1547471.6618536331,4,4,6,9;50;122;134,9;50;122;134,9;12;50;119;122;134,4,4,6,0,0,0,0.2,0.2,0.3,0.0,0.0,0.0,0,2,2.5230207999702543,15,8,513,38,6,,original_uniform_floor_plus_prior_scores,maximum_cardinality_certified_superset_of_eBH_then_maximum_testing_evalue_sum,200,4,4,exact_dyadic_prefix_or_HiGHS_QUBO_MILP,300.0,1
99,282ad88942b3f006d2141102f65e9cb32ed711f1c66bc00ca7df694521eb3c3b,proven_maximal,maximize_sum_testing_e_values_at_maximum_cardinality,proven_optimal,46155.31459982038,1.0535328492221157,43810.038418735145,1,1,5,91,91,10;34;63;83;91,1,1,5,0,0,0,0.05,0.05,0.25,0.0,0.0,0.0,0,4,1.7618336000014096,13,10,908,43,5,,original_uniform_floor_plus_prior_scores,maximum_cardinality_certified_superset_of_eBH_then_maximum_testing_evalue_sum,200,1,1,exact_dyadic_prefix_or_HiGHS_QUBO_MILP,300.0,1
100,e19708122e6f36624f7a4d484c5ebdadc92639f03ae2e470e29c5e073d7ad0d9,proven_maximal,maximize_sum_testing_e_values_at_maximum_cardinality,proven_optimal,358058.922115391,1.0703026333412824,334539.88709492265,5,5,6,18;47;70;79;91,18;47;70;79;91,18;47;70;79;91;173,5,5,6,0,0,0,0.25,0.25,0.3,0.0,0.0,0.0,0,1,2.7597474998328835,17,9,537,46,6,,original_uniform_floor_plus_prior_scores,maximum_cardinality_certified_superset_of_eBH_then_maximum_testing_evalue_sum,200,5,5,exact_dyadic_prefix_or_HiGHS_QUBO_MILP,300.0,1
101,a1989a8cd6c398c75528e48279c98ac9baa0a2b52b14005fa5d72f2785fafd01,proven_maximal,maximize_sum_testing_e_values_at_maximum_cardinality,proven_optimal,8932.558872351736,2.303982943322448,3877.0073790002025,5,5,6,88;90;146;160;181,88;90;146;160;181,62;88;90;146;160;181,5,5,6,0,0,0,0.25,0.25,0.3,0.0,0.0,0.0,0,1,2.2354085999540985,13,7,636,33,6,,original_uniform_floor_plus_prior_scores,maximum_cardinality_certified_superset_of_eBH_then_maximum_testing_evalue_sum,200,5,5,exact_dyadic_prefix_or_HiGHS_QUBO_MILP,300.0,1
102,12e1f14ca7d1ab94172304f899c3e8c332bb92c1e08dc11b73a024a501749357,proven_maximal,maximize_sum_testing_e_values_at_maximum_cardinality,proven_optimal,329660.04864150134,1.0688027768920911,308438.6154011505,3,3,3,12;42;46,12;42;46,12;42;46,3,3,3,0,0,0,0.15,0.15,0.15,0.0,0.0,0.0,0,0,0.9834582000039518,8,7,615,49,3,,original_uniform_floor_plus_prior_scores,maximum_cardinality_certified_superset_of_eBH_then_maximum_testing_evalue_sum,200,3,3,exact_dyadic_prefix_or_HiGHS_QUBO_MILP,300.0,1
103,1c99fd03b25762a6c94b29793b9b017ffbba51c755e48defd539fc0fdebd9919,proven_maximal,maximize_sum_testing_e_values_at_maximum_cardinality,proven_optimal,36311.39668788108,1.0,36311.39668788108,1,1,1,80,80,80,1,1,1,0,0,0,0.05,0.05,0.05,0.0,0.0,0.0,0,0,0.7475606000516564,7,7,550,43,1,,original_uniform_floor_plus_prior_scores,maximum_cardinality_certified_superset_of_eBH_then_maximum_testing_evalue_sum,200,1,1,exact_dyadic_prefix_or_HiGHS_QUBO_MILP,300.0,1
104,b76a517474ffbe7e6a337da864de1b2976879a2218e9ab124dba45532364b397,proven_maximal,maximize_sum_testing_e_values_at_maximum_cardinality,proven_optimal,0.0,0.0,1803.0041157323392,0,0,0,,,,0,0,0,0,0,0,0.0,0.0,0.0,0.0,0.0,0.0,0,0,1.9728844000492245,19,9,600,37,0,,original_uniform_floor_plus_prior_scores,maximum_cardinality_certified_superset_of_eBH_then_maximum_testing_evalue_sum,200,0,0,exact_dyadic_prefix_or_HiGHS_QUBO_MILP,300.0,1
105,6994ad1c22e42847966e0dbe8488e6dc43184c6b697dea9cb750e5e3b90b0d1b,proven_maximal,maximize_sum_testing_e_values_at_maximum_cardinality,proven_optimal,19516.619749351023,2.127709053377344,9172.59797262789,6,6,10,24;97;128;132;159;179,24;97;128;132;159;179,24;50;91;97;128;132;159;160;170;179,6,6,10,0,0,0,0.3,0.3,0.5,0.0,0.0,0.0,0,4,1.2606061999686062,11,10,622,40,10,,original_uniform_floor_plus_prior_scores,maximum_cardinality_certified_superset_of_eBH_then_maximum_testing_evalue_sum,200,6,6,exact_dyadic_prefix_or_HiGHS_QUBO_MILP,300.0,1
106,576970d11eebbce221b3d2125399f5c17ae9415eb5e766ce14614beb608477e9,proven_maximal,maximize_sum_testing_e_values_at_maximum_cardinality,proven_optimal,0.0,0.0,733.0813105517109,0,0,0,,,,0,0,0,0,0,0,0.0,0.0,0.0,0.0,0.0,0.0,0,0,0.7269737999886274,3,3,300,38,0,,original_uniform_floor_plus_prior_scores,maximum_cardinality_certified_superset_of_eBH_then_maximum_testing_evalue_sum,200,0,0,exact_dyadic_prefix_or_HiGHS_QUBO_MILP,300.0,1
107,61200d97ed2387949d924332d00bc5efb3cd8f07d430493485c0f1646979ee7f,proven_maximal,maximize_sum_testing_e_values_at_maximum_cardinality,proven_optimal,16202.416022596575,1.8906753989055904,8569.644494224274,5,5,6,14;71;111;118;134,14;71;111;118;134,14;41;71;111;118;134,5,5,6,0,0,0,0.25,0.25,0.3,0.0,0.0,0.0,0,1,1.867874899879098,12,7,505,32,6,,original_uniform_floor_plus_prior_scores,maximum_cardinality_certified_superset_of_eBH_then_maximum_testing_evalue_sum,200,5,5,exact_dyadic_prefix_or_HiGHS_QUBO_MILP,300.0,1
108,8d3de1114d887bf756423d253505d25056135166c29246f20ddf34f8250656c4,proven_maximal,maximize_sum_testing_e_values_at_maximum_cardinality,proven_optimal,5224.9333612392775,1.551119968866716,3368.490810582972,0,0,2,,,11;158,0,0,2,0,0,0,0.0,0.0,0.1,0.0,0.0,0.0,0,2,1.6549767998512834,10,9,542,45,2,,original_uniform_floor_plus_prior_scores,maximum_cardinality_certified_superset_of_eBH_then_maximum_testing_evalue_sum,200,0,0,exact_dyadic_prefix_or_HiGHS_QUBO_MILP,300.0,1
109,48a6f92bbc3cc21f082d1eb1bd55efa58cb9f82a95cf6054137ba46e996a6f6c,proven_maximal,maximize_sum_testing_e_values_at_maximum_cardinality,proven_optimal,10341.515487151148,2.0868782716021914,4955.495309849335,2,2,4,4;80,4;80,4;77;80;129,2,2,4,0,0,0,0.1,0.1,0.2,0.0,0.0,0.0,0,2,1.13301289989613,8,7,568,44,4,,original_uniform_floor_plus_prior_scores,maximum_cardinality_certified_superset_of_eBH_then_maximum_testing_evalue_sum,200,2,2,exact_dyadic_prefix_or_HiGHS_QUBO_MILP,300.0,1
110,226c8d03de6f5f3e12e5e1f3d82a5838b1915bd82c3f82248e0570d93c59e6fa,proven_maximal,maximize_sum_testing_e_values_at_maximum_cardinality,proven_optimal,20655.85454332971,1.6337153317170412,12643.484542451057,3,3,3,11;22;171,11;22;171,11;22;171,3,3,3,0,0,0,0.15,0.15,0.15,0.0,0.0,0.0,0,0,1.0574789000675082,9,7,558,37,3,,original_uniform_floor_plus_prior_scores,maximum_cardinality_certified_superset_of_eBH_then_maximum_testing_evalue_sum,200,3,3,exact_dyadic_prefix_or_HiGHS_QUBO_MILP,300.0,1
111,05e93604b12734358b57ccd707a649dd2a41fc8727a616158263b5ca39db9e12,proven_maximal,maximize_sum_testing_e_values_at_maximum_cardinality,proven_optimal,30697.91172194277,1.8948077778055632,16201.06909076286,9,9,12,23;43;55;58;73;75;77;121;151,23;43;55;58;73;75;77;121;151,11;23;43;55;58;73;75;77;88;108;121;151,9,9,12,0,0,0,0.45,0.45,0.6,0.0,0.0,0.0,0,3,3.489492999855429,15,8,694,48,12,,original_uniform_floor_plus_prior_scores,maximum_cardinality_certified_superset_of_eBH_then_maximum_testing_evalue_sum,200,9,9,exact_dyadic_prefix_or_HiGHS_QUBO_MILP,300.0,1
112,109a71f345d2db61bab5b4e27af04eac071168fda9ae20bc49b5cc9dd9992ff8,proven_maximal,maximize_sum_testing_e_values_at_maximum_cardinality,proven_optimal,11484.480253105632,2.101057991116445,5466.0462974670645,3,3,5,43;53;114,43;53;114,43;53;62;110;114,3,3,5,0,0,0,0.15,0.15,0.25,0.0,0.0,0.0,0,2,1.9906271998770533,17,9,719,38,5,,original_uniform_floor_plus_prior_scores,maximum_cardinality_certified_superset_of_eBH_then_maximum_testing_evalue_sum,200,3,3,exact_dyadic_prefix_or_HiGHS_QUBO_MILP,300.0,1
113,9dd8c3c4bc1f993a117928a1a57c7ca41407de4418f3ed1e2252b11a12a77fd4,proven_maximal,maximize_sum_testing_e_values_at_maximum_cardinality,proven_optimal,6931.550369580497,1.0,6931.550369580497,1,1,1,176,176,176,1,1,1,0,0,0,0.05,0.05,0.05,0.0,0.0,0.0,0,0,2.4433615999296308,14,8,757,50,1,,original_uniform_floor_plus_prior_scores,maximum_cardinality_certified_superset_of_eBH_then_maximum_testing_evalue_sum,200,1,1,exact_dyadic_prefix_or_HiGHS_QUBO_MILP,300.0,1
114,12f8c9e0d498ba7b2593e60811dd34d695f894ba81fe39bc21c0111ca1f5a2d1,proven_maximal,maximize_sum_testing_e_values_at_maximum_cardinality,proven_optimal,43325.25987228857,1.3985757408201225,30978.129112180013,5,5,5,40;102;135;166;186,40;102;135;166;186,40;102;135;166;186,5,5,5,0,0,0,0.25,0.25,0.25,0.0,0.0,0.0,0,0,2.0936928000301123,18,8,652,47,5,,original_uniform_floor_plus_prior_scores,maximum_cardinality_certified_superset_of_eBH_then_maximum_testing_evalue_sum,200,5,5,exact_dyadic_prefix_or_HiGHS_QUBO_MILP,300.0,1
115,4a7dd894e0f02d01cec2bfec195bdc11b16e2dda611f979ab7fafb986bb038a1,proven_maximal,maximize_sum_testing_e_values_at_maximum_cardinality,proven_optimal,6387.473524583479,1.0,6387.473524583479,1,1,1,131,131,131,1,1,1,0,0,0,0.05,0.05,0.05,0.0,0.0,0.0,0,0,2.006036400096491,17,7,530,44,1,,original_uniform_floor_plus_prior_scores,maximum_cardinality_certified_superset_of_eBH_then_maximum_testing_evalue_sum,200,1,1,exact_dyadic_prefix_or_HiGHS_QUBO_MILP,300.0,1
116,6680689b259ab10c171b1dab9b11429f008cc8c15deeac8ef00ae85441efb920,proven_maximal,maximize_sum_testing_e_values_at_maximum_cardinality,proven_optimal,9927.61185536322,2.2698539102996635,4373.678768627266,3,3,3,51;55;126,51;55;126,51;55;126,3,3,3,0,0,0,0.15,0.15,0.15,0.0,0.0,0.0,0,0,0.9118953000288456,7,6,563,40,3,,original_uniform_floor_plus_prior_scores,maximum_cardinality_certified_superset_of_eBH_then_maximum_testing_evalue_sum,200,3,3,exact_dyadic_prefix_or_HiGHS_QUBO_MILP,300.0,1
117,2d5cd3c8e4f7da841db133fd1f605873b147669076f809fc2b5f77eaf7099bd8,proven_maximal,maximize_sum_testing_e_values_at_maximum_cardinality,proven_optimal,11814.35241968476,2.825878189498176,4180.772003404284,4,4,6,41;53;74;120,41;53;74;120,20;41;53;74;112;120,4,4,6,0,0,0,0.2,0.2,0.3,0.0,0.0,0.0,0,2,2.895937900058925,16,13,892,48,6,,original_uniform_floor_plus_prior_scores,maximum_cardinality_certified_superset_of_eBH_then_maximum_testing_evalue_sum,200,4,4,exact_dyadic_prefix_or_HiGHS_QUBO_MILP,300.0,1
118,cb0f836f7e9a2ad1b1d43cb983fab49f5ca79b0ac2b1718bdb4a942cb3189c5a,proven_maximal,maximize_sum_testing_e_values_at_maximum_cardinality,proven_optimal,11811.853500663909,2.348616155515971,5029.282231974149,3,3,3,33;75;131,33;75;131,33;75;131,3,3,3,0,0,0,0.15,0.15,0.15,0.0,0.0,0.0,0,0,3.2453848000150174,18,8,726,38,3,,original_uniform_floor_plus_prior_scores,maximum_cardinality_certified_superset_of_eBH_then_maximum_testing_evalue_sum,200,3,3,exact_dyadic_prefix_or_HiGHS_QUBO_MILP,300.0,1
119,1df2425ab1619b533462234fbbc52dc75a555f90fc1051660caa4eceb7d65244,proven_maximal,maximize_sum_testing_e_values_at_maximum_cardinality,proven_optimal,38917.17922365396,2.5936806079683827,15004.615103375272,12,12,14,23;37;44;59;81;94;138;152;155;157;172;176,23;37;44;59;81;94;138;152;155;157;172;176,23;24;37;44;59;81;94;138;144;152;155;157;172;176,12,12,14,0,0,0,0.6,0.6,0.7,0.0,0.0,0.0,0,2,3.625389799941331,9,6,589,50,14,,original_uniform_floor_plus_prior_scores,maximum_cardinality_certified_superset_of_eBH_then_maximum_testing_evalue_sum,200,12,12,exact_dyadic_prefix_or_HiGHS_QUBO_MILP,300.0,1
120,bdffd5364e8d4d0f7ef1c69e1e5c6791d14b193dbbe344bda41692f822ef526c,proven_maximal,maximize_sum_testing_e_values_at_maximum_cardinality,proven_optimal,148401.64103759077,1.0545200281213027,140729.08724358524,5,5,6,18;83;84;130;157,18;83;84;130;157,18;83;84;127;130;157,5,5,6,0,0,0,0.25,0.25,0.3,0.0,0.0,0.0,0,1,2.032628199784085,14,6,521,49,6,,original_uniform_floor_plus_prior_scores,maximum_cardinality_certified_superset_of_eBH_then_maximum_testing_evalue_sum,200,5,5,exact_dyadic_prefix_or_HiGHS_QUBO_MILP,300.0,1
121,96fa0a4c9ab0f689677384db72a14a7de0d0781a25446add20fec79270110a11,proven_maximal,maximize_sum_testing_e_values_at_maximum_cardinality,proven_optimal,0.0,0.0,2056.6955112800947,0,0,0,,,,0,0,0,0,0,0,0.0,0.0,0.0,0.0,0.0,0.0,0,0,2.8053063999395818,16,10,690,43,0,,original_uniform_floor_plus_prior_scores,maximum_cardinality_certified_superset_of_eBH_then_maximum_testing_evalue_sum,200,0,0,exact_dyadic_prefix_or_HiGHS_QUBO_MILP,300.0,1
122,b49b5b98c585f49a9cbd675a1dffbd284aabe5363d7593b3b6e9cf0d29bad22b,proven_maximal,maximize_sum_testing_e_values_at_maximum_cardinality,proven_optimal,0.0,0.0,1846.40426978216,0,0,0,,,,0,0,0,0,0,0,0.0,0.0,0.0,0.0,0.0,0.0,0,0,1.4393365001305938,12,8,713,41,0,,original_uniform_floor_plus_prior_scores,maximum_cardinality_certified_superset_of_eBH_then_maximum_testing_evalue_sum,200,0,0,exact_dyadic_prefix_or_HiGHS_QUBO_MILP,300.0,1
123,819c668ce94e20498d5dc434cffca19c7b543f75c5a25812a618756e1a11cb77,proven_maximal,maximize_sum_testing_e_values_at_maximum_cardinality,proven_optimal,0.0,0.0,525.677731548747,0,0,0,,,,0,0,0,0,0,0,0.0,0.0,0.0,0.0,0.0,0.0,0,0,0.6394313999917358,3,3,300,27,0,,original_uniform_floor_plus_prior_scores,maximum_cardinality_certified_superset_of_eBH_then_maximum_testing_evalue_sum,200,0,0,exact_dyadic_prefix_or_HiGHS_QUBO_MILP,300.0,1
124,5aeb943e9addf33c98fb0bfc73993a39450d55367a251edc293d291b5b0dcd58,proven_maximal,maximize_sum_testing_e_values_at_maximum_cardinality,proven_optimal,22750.581228065057,1.5288333781325762,14881.007671257285,5,5,6,7;70;112;175;181,7;70;112;175;181,7;70;109;112;175;181,5,5,6,0,0,0,0.25,0.25,0.3,0.0,0.0,0.0,0,1,1.90867320005782,14,6,490,38,6,,original_uniform_floor_plus_prior_scores,maximum_cardinality_certified_superset_of_eBH_then_maximum_testing_evalue_sum,200,5,5,exact_dyadic_prefix_or_HiGHS_QUBO_MILP,300.0,1
125,8bf8467c0b9317db6d25771fe0aefc6828fca9630ef4c0d325e1252970cc945c,proven_maximal,maximize_sum_testing_e_values_at_maximum_cardinality,proven_optimal,11372.484504989632,1.393091923438237,8163.484629873983,2,2,3,49;55,49;55,49;55;116,2,2,3,0,0,0,0.1,0.1,0.15,0.0,0.0,0.0,0,1,1.7988219000399113,14,11,619,32,3,,original_uniform_floor_plus_prior_scores,maximum_cardinality_certified_superset_of_eBH_then_maximum_testing_evalue_sum,200,2,2,exact_dyadic_prefix_or_HiGHS_QUBO_MILP,300.0,1
126,3119aaadd2a9bc58dc53fa32adcf5a411071b9ef563bc5d5e6724d6e20003b2f,proven_maximal,maximize_sum_testing_e_values_at_maximum_cardinality,proven_optimal,107378.24436273504,1.417853438659333,75732.96465978015,7,7,13,45;84;87;160;162;185;186,45;84;87;160;162;185;186,45;73;84;87;88;107;118;140;160;162;185;186;189,7,7,13,0,0,0,0.35,0.35,0.65,0.0,0.0,0.0,0,6,2.101609700126573,7,7,700,67,13,,original_uniform_floor_plus_prior_scores,maximum_cardinality_certified_superset_of_eBH_then_maximum_testing_evalue_sum,200,7,7,exact_dyadic_prefix_or_HiGHS_QUBO_MILP,300.0,1
127,29a4aad11f2c1c935efc9dcb9de6fbf688fcb23ab4232877892dd50b415fb01c,proven_maximal,maximize_sum_testing_e_values_at_maximum_cardinality,proven_optimal,4110.145032360264,3.469939016367163,1184.5006534620202,0,0,5,,,40;61;85;115;199,0,0,5,0,0,0,0.0,0.0,0.25,0.0,0.0,0.0,0,5,1.8685415999498216,8,7,574,38,5,,original_uniform_floor_plus_prior_scores,maximum_cardinality_certified_superset_of_eBH_then_maximum_testing_evalue_sum,200,0,0,exact_dyadic_prefix_or_HiGHS_QUBO_MILP,300.0,1
128,e1b74c688d7344e73fdf02652c840cde88292928d78a49447ce1ace67d1f8d12,proven_maximal,maximize_sum_testing_e_values_at_maximum_cardinality,proven_optimal,13027.044549809374,1.0,13027.044549809374,1,1,1,190,190,190,1,1,1,0,0,0,0.05,0.05,0.05,0.0,0.0,0.0,0,0,1.9541645999997848,16,6,604,33,1,,original_uniform_floor_plus_prior_scores,maximum_cardinality_certified_superset_of_eBH_then_maximum_testing_evalue_sum,200,1,1,exact_dyadic_prefix_or_HiGHS_QUBO_MILP,300.0,1
129,c68b5357ba59909c502561a3aa8de203a51b7afdcc2d2e555b1c39a3b77bf689,proven_maximal,maximize_sum_testing_e_values_at_maximum_cardinality,proven_optimal,38645.104263891626,2.1504100665604056,17971.039507690137,4,4,7,26;117;128;193,26;117;128;193,0;26;117;128;144;152;193,4,4,7,0,0,0,0.2,0.2,0.35,0.0,0.0,0.0,0,3,1.4088477999903262,8,6,435,50,7,,original_uniform_floor_plus_prior_scores,maximum_cardinality_certified_superset_of_eBH_then_maximum_testing_evalue_sum,200,4,4,exact_dyadic_prefix_or_HiGHS_QUBO_MILP,300.0,1
130,0151f6636e771f1da075fc29d3c9486bfa65ed5a8a9d6fa98023b00960982005,proven_maximal,maximize_sum_testing_e_values_at_maximum_cardinality,proven_optimal,11299.515574898662,1.4300318640931229,7901.583075608197,2,2,2,137;152,137;152,137;152,2,2,2,0,0,0,0.1,0.1,0.1,0.0,0.0,0.0,0,0,1.7305333998519927,16,11,907,50,2,,original_uniform_floor_plus_prior_scores,maximum_cardinality_certified_superset_of_eBH_then_maximum_testing_evalue_sum,200,2,2,exact_dyadic_prefix_or_HiGHS_QUBO_MILP,300.0,1
131,10403d8df9e7ad81cbdd4eb65556bc41e434a26cf2495036f033a9271302080d,proven_maximal,maximize_sum_testing_e_values_at_maximum_cardinality,proven_optimal,125659.16401166034,1.1522246035009274,109057.87259693696,7,7,12,2;62;75;174;175;188;195,2;62;75;174;175;188;195,2;39;57;61;62;75;90;154;174;175;188;195,7,7,12,0,0,0,0.35,0.35,0.6,0.0,0.0,0.0,0,5,2.759068000130356,11,10,749,55,12,,original_uniform_floor_plus_prior_scores,maximum_cardinality_certified_superset_of_eBH_then_maximum_testing_evalue_sum,200,7,7,exact_dyadic_prefix_or_HiGHS_QUBO_MILP,300.0,1
132,be276a58787901e1b2be0b6acffafda9350317ac640aceecb7d0ca80dea62c2c,proven_maximal,maximize_sum_testing_e_values_at_maximum_cardinality,proven_optimal,7911.133974104218,1.34633765698852,5876.040035751355,2,2,2,3;100,3;100,3;100,2,2,2,0,0,0,0.1,0.1,0.1,0.0,0.0,0.0,0,0,2.347380300052464,13,5,503,33,2,,original_uniform_floor_plus_prior_scores,maximum_cardinality_certified_superset_of_eBH_then_maximum_testing_evalue_sum,200,2,2,exact_dyadic_prefix_or_HiGHS_QUBO_MILP,300.0,1
133,43437ca03595422a326d8fe2c943ee4bc696658adc92a238f89caf87ebaeb80b,proven_maximal,maximize_sum_testing_e_values_at_maximum_cardinality,proven_optimal,20818.04165899526,2.492233086299,8353.167997584982,4,4,6,5;52;66;127,5;52;66;127,5;10;52;66;107;127,4,4,6,0,0,0,0.2,0.2,0.3,0.0,0.0,0.0,0,2,1.56426199991256,11,9,762,42,6,,original_uniform_floor_plus_prior_scores,maximum_cardinality_certified_superset_of_eBH_then_maximum_testing_evalue_sum,200,4,4,exact_dyadic_prefix_or_HiGHS_QUBO_MILP,300.0,1
134,7b264db96a45b088f93292af47f2bb8958fc3c0be341380ed7aa38883fb6fbe7,proven_maximal,maximize_sum_testing_e_values_at_maximum_cardinality,proven_optimal,90310.6466653878,1.209123031180908,74691.03171178914,9,9,9,38;67;86;99;102;107;182;184;196,38;67;86;99;102;107;182;184;196,38;67;86;99;102;107;182;184;196,9,9,9,0,0,0,0.45,0.45,0.45,0.0,0.0,0.0,0,0,1.038977599935606,9,4,405,39,9,,original_uniform_floor_plus_prior_scores,maximum_cardinality_certified_superset_of_eBH_then_maximum_testing_evalue_sum,200,9,9,exact_dyadic_prefix_or_HiGHS_QUBO_MILP,300.0,1
135,f0c80a7fe69c4435edc4ca59941ae5daee98149a9683bd79d311d25022dcc6e3,proven_maximal,maximize_sum_testing_e_values_at_maximum_cardinality,proven_optimal,12784.86168474414,2.6316071239221084,4858.195423065192,5,5,7,24;38;43;56;83,24;38;43;56;83,24;38;43;56;60;73;83,5,5,7,0,0,0,0.25,0.25,0.35,0.0,0.0,0.0,0,2,1.8924809000454843,15,12,878,43,7,,original_uniform_floor_plus_prior_scores,maximum_cardinality_certified_superset_of_eBH_then_maximum_testing_evalue_sum,200,5,5,exact_dyadic_prefix_or_HiGHS_QUBO_MILP,300.0,1
136,2ee4a5bd92783480cc5c21d69c9d568bb57c9d8a9479ceb6dbe6615f6f64dea0,proven_maximal,maximize_sum_testing_e_values_at_maximum_cardinality,proven_optimal,6971.840026992284,1.6017680611750778,4352.5902382381455,2,2,2,26;132,26;132,26;132,2,2,2,0,0,0,0.1,0.1,0.1,0.0,0.0,0.0,0,0,0.929858900140971,7,6,605,50,2,,original_uniform_floor_plus_prior_scores,maximum_cardinality_certified_superset_of_eBH_then_maximum_testing_evalue_sum,200,2,2,exact_dyadic_prefix_or_HiGHS_QUBO_MILP,300.0,1
137,414f6245227b1bb33676fea760578817d085b401f36ee5f1ba249554e2da54f0,proven_maximal,maximize_sum_testing_e_values_at_maximum_cardinality,proven_optimal,13081.8251495992,3.2473920987136595,4028.40949042806,7,7,7,7;36;39;47;55;157;158,7;36;39;47;55;157;158,7;36;39;47;55;157;158,7,7,7,0,0,0,0.35,0.35,0.35,0.0,0.0,0.0,0,0,2.4965949000325054,19,9,725,39,7,,original_uniform_floor_plus_prior_scores,maximum_cardinality_certified_superset_of_eBH_then_maximum_testing_evalue_sum,200,7,7,exact_dyadic_prefix_or_HiGHS_QUBO_MILP,300.0,1
138,e8684026d1ee9cbde6ccf4f9c51c1274ce7d3eb5e05467102f740f3c4172e873,proven_maximal,maximize_sum_testing_e_values_at_maximum_cardinality,proven_optimal,5808.604161782112,2.006322801240612,2895.149353927671,0,0,8,,,6;20;22;90;119;144;149;152,0,0,8,0,0,0,0.0,0.0,0.4,0.0,0.0,0.0,0,8,1.2836654998827726,7,7,603,52,8,,original_uniform_floor_plus_prior_scores,maximum_cardinality_certified_superset_of_eBH_then_maximum_testing_evalue_sum,200,0,0,exact_dyadic_prefix_or_HiGHS_QUBO_MILP,300.0,1
139,ad55213d6595c96f471b62ba7ed322b000d9768e696a2575bc6033b88ddad797,proven_maximal,maximize_sum_testing_e_values_at_maximum_cardinality,proven_optimal,44163.58740540121,1.1749097674516855,37588.918424935386,8,8,8,10;24;32;33;38;122;169;195,10;24;32;33;38;122;169;195,10;24;32;33;38;122;169;195,8,8,8,0,0,0,0.4,0.4,0.4,0.0,0.0,0.0,0,0,2.400163499871269,13,7,646,42,8,,original_uniform_floor_plus_prior_scores,maximum_cardinality_certified_superset_of_eBH_then_maximum_testing_evalue_sum,200,8,8,exact_dyadic_prefix_or_HiGHS_QUBO_MILP,300.0,1
140,7bf4d94db3f113becc12b68212c7fc41947705ad623fb844e93a356c08144c00,proven_maximal,maximize_sum_testing_e_values_at_maximum_cardinality,proven_optimal,7812.527203430513,3.3567365232454818,2327.4174631605943,4,4,4,35;66;153;176,35;66;153;176,35;66;153;176,4,4,4,0,0,0,0.2,0.2,0.2,0.0,0.0,0.0,0,0,2.5261073000729084,16,7,721,46,4,,original_uniform_floor_plus_prior_scores,maximum_cardinality_certified_superset_of_eBH_then_maximum_testing_evalue_sum,200,4,4,exact_dyadic_prefix_or_HiGHS_QUBO_MILP,300.0,1
141,cc82613cb136d56a502379b2accc1e2c383841f7a81295cadc781f0edc6d83fa,proven_maximal,maximize_sum_testing_e_values_at_maximum_cardinality,proven_optimal,60312.23313658625,1.740076352924785,34660.682006977,6,6,6,18;33;73;102;127;186,18;33;73;102;127;186,18;33;73;102;127;186,6,6,6,0,0,0,0.3,0.3,0.3,0.0,0.0,0.0,0,0,2.950352600077167,16,6,642,34,6,,original_uniform_floor_plus_prior_scores,maximum_cardinality_certified_superset_of_eBH_then_maximum_testing_evalue_sum,200,6,6,exact_dyadic_prefix_or_HiGHS_QUBO_MILP,300.0,1
142,9795e3e2157aba43350dda2d6b89179afec69b08b1a8ac625f0047466b7b8961,proven_maximal,maximize_sum_testing_e_values_at_maximum_cardinality,proven_optimal,19401.52302699165,3.1367807078185628,6185.170349534638,8,8,8,21;65;124;130;132;174;180;197,21;65;124;130;132;174;180;197,21;65;124;130;132;174;180;197,8,8,8,0,0,0,0.4,0.4,0.4,0.0,0.0,0.0,0,0,1.4493733998388052,13,11,797,38,8,,original_uniform_floor_plus_prior_scores,maximum_cardinality_certified_superset_of_eBH_then_maximum_testing_evalue_sum,200,8,8,exact_dyadic_prefix_or_HiGHS_QUBO_MILP,300.0,1
143,eee78cedd3374071929a0d9fd1489f02cb8220c4d89c221530fb2ddbff784342,proven_maximal,maximize_sum_testing_e_values_at_maximum_cardinality,proven_optimal,16600.6290056494,2.904256862629586,5715.964458673528,4,4,7,23;82;108;192,23;82;108;192,18;23;41;82;91;108;192,4,4,7,0,0,0,0.2,0.2,0.35,0.0,0.0,0.0,0,3,2.296054600039497,12,7,616,47,7,,original_uniform_floor_plus_prior_scores,maximum_cardinality_certified_superset_of_eBH_then_maximum_testing_evalue_sum,200,4,4,exact_dyadic_prefix_or_HiGHS_QUBO_MILP,300.0,1
144,55830f5c4f8775ed6ebc76f97b68adb745ff53dc10e9564619c58ead96b942d6,proven_maximal,maximize_sum_testing_e_values_at_maximum_cardinality,proven_optimal,93779.35830833008,1.252066837375441,74899.64234250353,3,3,4,110;170;194,110;170;194,52;110;170;194,3,3,4,0,0,0,0.15,0.15,0.2,0.0,0.0,0.0,0,1,1.778403399977833,15,6,513,27,4,,original_uniform_floor_plus_prior_scores,maximum_cardinality_certified_superset_of_eBH_then_maximum_testing_evalue_sum,200,3,3,exact_dyadic_prefix_or_HiGHS_QUBO_MILP,300.0,1
145,43173f36030f6441fadfff1dee8ec7e3e1202a61b6e49ceeb8e954a92c1ade32,proven_maximal,maximize_sum_testing_e_values_at_maximum_cardinality,proven_optimal,7987.864081039723,1.0,7987.864081039723,1,1,1,197,197,197,1,1,1,0,0,0,0.05,0.05,0.05,0.0,0.0,0.0,0,0,2.83876430010423,18,9,683,46,1,,original_uniform_floor_plus_prior_scores,maximum_cardinality_certified_superset_of_eBH_then_maximum_testing_evalue_sum,200,1,1,exact_dyadic_prefix_or_HiGHS_QUBO_MILP,300.0,1
146,a7461e248787044b49f2ae822084bed147de2963dd215ba9bdb5c7c423f058df,proven_maximal,maximize_sum_testing_e_values_at_maximum_cardinality,proven_optimal,15491.658480726966,2.5890190015587184,5983.601692919294,3,3,3,17;97;172,17;97;172,17;97;172,3,3,3,0,0,0,0.15,0.15,0.15,0.0,0.0,0.0,0,0,2.796269800048321,15,6,514,32,3,,original_uniform_floor_plus_prior_scores,maximum_cardinality_certified_superset_of_eBH_then_maximum_testing_evalue_sum,200,3,3,exact_dyadic_prefix_or_HiGHS_QUBO_MILP,300.0,1
147,dabb0cab692f6967a19cf4adee410789cc623cf9a97e4059ff09909e3858c735,proven_maximal,maximize_sum_testing_e_values_at_maximum_cardinality,proven_optimal,6876.839566246853,2.308574706147984,2978.824790869053,4,4,5,83;116;175;197,83;116;175;197,57;83;116;175;197,4,4,5,0,0,0,0.2,0.2,0.25,0.0,0.0,0.0,0,1,1.9125535001512617,10,8,653,43,5,,original_uniform_floor_plus_prior_scores,maximum_cardinality_certified_superset_of_eBH_then_maximum_testing_evalue_sum,200,4,4,exact_dyadic_prefix_or_HiGHS_QUBO_MILP,300.0,1
148,1366fcd62f02a370a2069d0d5ab0a3d48b107670ce8dcaab379b24c8bd1743b1,proven_maximal,maximize_sum_testing_e_values_at_maximum_cardinality,proven_optimal,18617.54763914335,1.4811512558557731,12569.6464594945,5,5,6,10;44;67;87;96,10;44;67;87;96,10;42;44;67;87;96,5,5,6,0,0,0,0.25,0.25,0.3,0.0,0.0,0.0,0,1,1.933725600130856,16,7,606,42,6,,original_uniform_floor_plus_prior_scores,maximum_cardinality_certified_superset_of_eBH_then_maximum_testing_evalue_sum,200,5,5,exact_dyadic_prefix_or_HiGHS_QUBO_MILP,300.0,1
149,1afffbb67dfd9652b0ad2234986b0fc40d9cf2c1ac7bbb5739eec402dc4d5f55,proven_maximal,maximize_sum_testing_e_values_at_maximum_cardinality,proven_optimal,303728.4539097428,1.0472895710604846,290013.8245453811,4,4,9,56;170;187;198,56;170;187;198,56;92;111;115;148;161;170;187;198,4,4,9,0,0,0,0.2,0.2,0.45,0.0,0.0,0.0,0,5,1.623040199978277,9,9,685,49,9,,original_uniform_floor_plus_prior_scores,maximum_cardinality_certified_superset_of_eBH_then_maximum_testing_evalue_sum,200,4,4,exact_dyadic_prefix_or_HiGHS_QUBO_MILP,300.0,1
150,c3f94346f71f01cc35f40454d6b1b1135c5ce6a93fd70f59d3ea2cf7e872737a,proven_maximal,maximize_sum_testing_e_values_at_maximum_cardinality,proven_optimal,110753.49708356844,1.0085274371795554,109817.03918071016,1,1,2,53,53,53;180,1,1,2,0,0,0,0.05,0.05,0.1,0.0,0.0,0.0,0,1,2.79391589993611,16,8,629,35,2,,original_uniform_floor_plus_prior_scores,maximum_cardinality_certified_superset_of_eBH_then_maximum_testing_evalue_sum,200,1,1,exact_dyadic_prefix_or_HiGHS_QUBO_MILP,300.0,1
151,639dadd57b6d7342d0d889e36cf0d2d5cbd7b5a5186942187915d1478702071a,proven_maximal,maximize_sum_testing_e_values_at_maximum_cardinality,proven_optimal,34738.48541692278,1.1431495497850748,30388.39968353573,1,1,7,47,47,47;72;84;91;120;128;170,1,1,7,0,0,0,0.05,0.05,0.35,0.0,0.0,0.0,0,6,1.7103762000333518,11,10,636,49,7,,original_uniform_floor_plus_prior_scores,maximum_cardinality_certified_superset_of_eBH_then_maximum_testing_evalue_sum,200,1,1,exact_dyadic_prefix_or_HiGHS_QUBO_MILP,300.0,1
152,83f1e0e19dafda35c71004c95623bd0e1ac7998d851ff3cef7431ff180fb4bea,proven_maximal,maximize_sum_testing_e_values_at_maximum_cardinality,proven_optimal,2815.1061908555,1.2272800479761727,2293.776547168437,0,0,2,,,24;194,0,0,2,0,0,0,0.0,0.0,0.1,0.0,0.0,0.0,0,2,0.9652948000002652,8,7,502,40,2,,original_uniform_floor_plus_prior_scores,maximum_cardinality_certified_superset_of_eBH_then_maximum_testing_evalue_sum,200,0,0,exact_dyadic_prefix_or_HiGHS_QUBO_MILP,300.0,1
153,75939d07856908322368d745cdb3a14bb78cce45d581109c383e9684d440bd82,proven_maximal,maximize_sum_testing_e_values_at_maximum_cardinality,proven_optimal,25482.43564391066,1.2705357084576006,20056.449790652256,5,5,6,46;88;129;144;146,46;88;129;144;146,19;46;88;129;144;146,5,5,6,0,0,0,0.25,0.25,0.3,0.0,0.0,0.0,0,1,3.235751200001687,20,11,682,43,6,,original_uniform_floor_plus_prior_scores,maximum_cardinality_certified_superset_of_eBH_then_maximum_testing_evalue_sum,200,5,5,exact_dyadic_prefix_or_HiGHS_QUBO_MILP,300.0,1
154,2932c31411abbdf16773f8d321ed6635ecef14a08ddcfa7e40f67db4c5100cf0,proven_maximal,maximize_sum_testing_e_values_at_maximum_cardinality,proven_optimal,33884.87538001,1.9393225437740127,17472.532090545617,4,4,7,16;129;133;134,16;129;133;134,16;62;74;129;133;134;172,4,4,7,0,0,0,0.2,0.2,0.35,0.0,0.0,0.0,0,3,1.4101405998226255,13,11,662,42,7,,original_uniform_floor_plus_prior_scores,maximum_cardinality_certified_superset_of_eBH_then_maximum_testing_evalue_sum,200,4,4,exact_dyadic_prefix_or_HiGHS_QUBO_MILP,300.0,1
155,56233984f93c7fc88a8b13cd072bb2a7f323e4990ab654289eb96bcd98de5c82,proven_maximal,maximize_sum_testing_e_values_at_maximum_cardinality,proven_optimal,286738.50108435727,1.2757033465412089,224768.9495067847,9,9,12,4;10;15;43;66;78;107;115;197,4;10;15;43;66;78;107;115;197,4;10;15;43;66;78;87;107;115;123;171;197,9,9,12,0,0,0,0.45,0.45,0.6,0.0,0.0,0.0,0,3,1.9422520999796689,7,6,474,49,12,,original_uniform_floor_plus_prior_scores,maximum_cardinality_certified_superset_of_eBH_then_maximum_testing_evalue_sum,200,9,9,exact_dyadic_prefix_or_HiGHS_QUBO_MILP,300.0,1
156,b0f17ecf0f16c85b1b04583fcb5294a8025b0451625525d234d2cf7cc31b3635,proven_maximal,maximize_sum_testing_e_values_at_maximum_cardinality,proven_optimal,65637.90461786166,1.6224664916752336,40455.63033482992,5,5,8,12;51;86;133;153,12;51;86;133;153,1;12;26;51;86;133;152;153,5,5,8,0,0,0,0.25,0.25,0.4,0.0,0.0,0.0,0,3,1.623613600153476,12,6,596,33,8,,original_uniform_floor_plus_prior_scores,maximum_cardinality_certified_superset_of_eBH_then_maximum_testing_evalue_sum,200,5,5,exact_dyadic_prefix_or_HiGHS_QUBO_MILP,300.0,1
157,c15599c6397e93d770b1cb882bc18bcdc2269ff69ea2491067ae9dcaf1948253,proven_maximal,maximize_sum_testing_e_values_at_maximum_cardinality,proven_optimal,10702.26892076919,1.2738719854054363,8401.369245405745,2,2,2,30;124,30;124,30;124,2,2,2,0,0,0,0.1,0.1,0.1,0.0,0.0,0.0,0,0,1.462743500014767,11,6,619,35,2,,original_uniform_floor_plus_prior_scores,maximum_cardinality_certified_superset_of_eBH_then_maximum_testing_evalue_sum,200,2,2,exact_dyadic_prefix_or_HiGHS_QUBO_MILP,300.0,1
158,f07dc46fc7b0c53c355736572fb95234b5108d6cbd17b43e42833d0281c956b7,proven_maximal,maximize_sum_testing_e_values_at_maximum_cardinality,proven_optimal,52196.50308205713,2.337679515545365,22328.34002050107,9,9,10,4;5;21;35;52;74;118;143;178,4;5;21;35;52;74;118;143;178,4;5;21;28;35;52;74;118;143;178,9,9,10,0,0,0,0.45,0.45,0.5,0.0,0.0,0.0,0,1,2.854605499887839,15,6,496,33,10,,original_uniform_floor_plus_prior_scores,maximum_cardinality_certified_superset_of_eBH_then_maximum_testing_evalue_sum,200,9,9,exact_dyadic_prefix_or_HiGHS_QUBO_MILP,300.0,1
159,66d0bbbc94d4024f4472d9cd5e4342fc0d3daf82754e0de11375eb3cd316785c,proven_maximal,maximize_sum_testing_e_values_at_maximum_cardinality,proven_optimal,136219.99804674403,1.0989741149783638,123951.96228022702,4,4,5,63;108;114;199,63;108;114;199,63;108;114;161;199,4,4,5,0,0,0,0.2,0.2,0.25,0.0,0.0,0.0,0,1,1.5932280998677015,14,9,672,42,5,,original_uniform_floor_plus_prior_scores,maximum_cardinality_certified_superset_of_eBH_then_maximum_testing_evalue_sum,200,4,4,exact_dyadic_prefix_or_HiGHS_QUBO_MILP,300.0,1
160,4398abb5da16d0bd5a14766bf216a9d36b0f07e51285b7904d63d74961d2c3fa,proven_maximal,maximize_sum_testing_e_values_at_maximum_cardinality,proven_optimal,27333.552283110937,1.241972576851192,22008.17698600919,5,5,5,31;73;83;90;131,31;73;83;90;131,31;73;83;90;131,5,5,5,0,0,0,0.25,0.25,0.25,0.0,0.0,0.0,0,0,0.9329647000413388,8,7,622,42,5,,original_uniform_floor_plus_prior_scores,maximum_cardinality_certified_superset_of_eBH_then_maximum_testing_evalue_sum,200,5,5,exact_dyadic_prefix_or_HiGHS_QUBO_MILP,300.0,1
161,de7dc7cc33281b8538f6c59c7a7f013c0111d05493bcee5b1ea3bbc98979a142,proven_maximal,maximize_sum_testing_e_values_at_maximum_cardinality,proven_optimal,8050.660219690762,2.068994241844097,3891.098417226719,3,3,5,55;83;94,55;83;94,55;83;94;96;113,3,3,5,0,0,0,0.15,0.15,0.25,0.0,0.0,0.0,0,2,1.5888288000132889,8,7,609,50,5,,original_uniform_floor_plus_prior_scores,maximum_cardinality_certified_superset_of_eBH_then_maximum_testing_evalue_sum,200,3,3,exact_dyadic_prefix_or_HiGHS_QUBO_MILP,300.0,1
162,4cf7971180d1551ebf544684da8dee6f9d0215718a533b016933c953ac4ac5b5,proven_maximal,maximize_sum_testing_e_values_at_maximum_cardinality,proven_optimal,8059.74653192109,1.513839674261752,5324.042346724434,2,2,3,5;28,5;28,5;28;42,2,2,3,0,0,0,0.1,0.1,0.15,0.0,0.0,0.0,0,1,1.781771400012076,16,8,634,35,3,,original_uniform_floor_plus_prior_scores,maximum_cardinality_certified_superset_of_eBH_then_maximum_testing_evalue_sum,200,2,2,exact_dyadic_prefix_or_HiGHS_QUBO_MILP,300.0,1
163,97d6770a6261147d4f8acd91b3b452f1e40e279c03c7c198e7bae6cd4606c630,proven_maximal,maximize_sum_testing_e_values_at_maximum_cardinality,proven_optimal,5513.413253886262,1.5746209283121262,3501.422567650121,0,0,3,,,10;17;122,0,0,3,0,0,0,0.0,0.0,0.15,0.0,0.0,0.0,0,3,1.2062880001030862,12,10,661,40,3,,original_uniform_floor_plus_prior_scores,maximum_cardinality_certified_superset_of_eBH_then_maximum_testing_evalue_sum,200,0,0,exact_dyadic_prefix_or_HiGHS_QUBO_MILP,300.0,1
164,0cd9e9a369c5648e284fa3d0da953c8f92aaa2bc3fa90211a8422e774794ff08,proven_maximal,maximize_sum_testing_e_values_at_maximum_cardinality,proven_optimal,20515.583153258984,1.2813361096457092,16011.086395537206,2,2,3,69;95,69;95,3;69;95,2,2,3,0,0,0,0.1,0.1,0.15,0.0,0.0,0.0,0,1,2.4353855000808835,15,7,514,41,3,,original_uniform_floor_plus_prior_scores,maximum_cardinality_certified_superset_of_eBH_then_maximum_testing_evalue_sum,200,2,2,exact_dyadic_prefix_or_HiGHS_QUBO_MILP,300.0,1
165,5d75d9fbf976d0713a25a5213c0af8a4994309d2aafb14c7f946e04d11da8cb0,proven_maximal,maximize_sum_testing_e_values_at_maximum_cardinality,proven_optimal,65434.39480452451,1.134349976593361,57684.48552450694,5,5,8,42;54;137;142;165,42;54;137;142;165,42;54;92;96;137;142;165;183,5,5,8,0,0,0,0.25,0.25,0.4,0.0,0.0,0.0,0,3,2.5241325001697987,14,7,550,41,8,,original_uniform_floor_plus_prior_scores,maximum_cardinality_certified_superset_of_eBH_then_maximum_testing_evalue_sum,200,5,5,exact_dyadic_prefix_or_HiGHS_QUBO_MILP,300.0,1
166,5a1339e9cc27ff07ac2469badd8a4864c18c9e1ab5e4c30f15ddf0a6f6c2a64d,proven_maximal,maximize_sum_testing_e_values_at_maximum_cardinality,proven_optimal,684844.243816711,1.0793329986038909,634506.9081576788,6,6,9,14;30;48;133;148;167,14;30;48;133;148;167,14;30;33;40;48;129;133;148;167,6,6,9,0,0,0,0.3,0.3,0.45,0.0,0.0,0.0,0,3,2.364629700081423,17,13,1147,42,9,,original_uniform_floor_plus_prior_scores,maximum_cardinality_certified_superset_of_eBH_then_maximum_testing_evalue_sum,200,6,6,exact_dyadic_prefix_or_HiGHS_QUBO_MILP,300.0,1
167,633faff31f2c86e3e14580c82c1dcc081e7fca3d0e90fef33249071852550ad1,proven_maximal,maximize_sum_testing_e_values_at_maximum_cardinality,proven_optimal,15494.957399427374,4.415683152831064,3509.0736502443483,6,6,7,6;32;55;66;85;117,6;32;55;66;85;117,6;32;55;66;85;117;130,6,6,7,0,0,0,0.3,0.3,0.35,0.0,0.0,0.0,0,1,1.852121900068596,16,7,604,38,7,,original_uniform_floor_plus_prior_scores,maximum_cardinality_certified_superset_of_eBH_then_maximum_testing_evalue_sum,200,6,6,exact_dyadic_prefix_or_HiGHS_QUBO_MILP,300.0,1
168,08d6d72781da9c7e1219738f3b67aa68829dd559850d904561f9950b03f2928b,proven_maximal,maximize_sum_testing_e_values_at_maximum_cardinality,proven_optimal,35611.30021055009,2.111922906327275,16862.026593801987,3,3,3,105;161;169,105;161;169,105;161;169,3,3,3,0,0,0,0.15,0.15,0.15,0.0,0.0,0.0,0,0,1.346360299969092,7,6,615,41,3,,original_uniform_floor_plus_prior_scores,maximum_cardinality_certified_superset_of_eBH_then_maximum_testing_evalue_sum,200,3,3,exact_dyadic_prefix_or_HiGHS_QUBO_MILP,300.0,1
169,fe937be1dc7daad88794f7da7284d5a7bc33b25edf95a5e86de072a7cbf63b86,proven_maximal,maximize_sum_testing_e_values_at_maximum_cardinality,proven_optimal,35587.49949715116,1.0825724259320224,32873.08880651815,2,2,2,87;197,87;197,87;197,2,2,2,0,0,0,0.1,0.1,0.1,0.0,0.0,0.0,0,0,1.5021104000043124,14,10,834,38,2,,original_uniform_floor_plus_prior_scores,maximum_cardinality_certified_superset_of_eBH_then_maximum_testing_evalue_sum,200,2,2,exact_dyadic_prefix_or_HiGHS_QUBO_MILP,300.0,1
170,7cec8048c106afc460a28f4f4cfc09f01283d6f08fdef124bb340fba4e0237af,proven_maximal,maximize_sum_testing_e_values_at_maximum_cardinality,proven_optimal,18634.722624473365,1.1430415241790832,16302.752113801436,2,2,2,16;140,16;140,16;140,2,2,2,0,0,0,0.1,0.1,0.1,0.0,0.0,0.0,0,0,3.047849199967459,18,8,570,40,2,,original_uniform_floor_plus_prior_scores,maximum_cardinality_certified_superset_of_eBH_then_maximum_testing_evalue_sum,200,2,2,exact_dyadic_prefix_or_HiGHS_QUBO_MILP,300.0,1
171,7bd032d39710bc5e388671e38d2bd506562a3e4d2fe98bbad3013005a711509c,proven_maximal,maximize_sum_testing_e_values_at_maximum_cardinality,proven_optimal,18950.588334841108,1.9093627735429648,9925.08526793831,4,4,8,6;72;128;135,6;72;128;135,6;60;64;72;128;135;168;183,4,4,8,0,0,0,0.2,0.2,0.4,0.0,0.0,0.0,0,4,1.024524200009182,8,7,546,34,8,,original_uniform_floor_plus_prior_scores,maximum_cardinality_certified_superset_of_eBH_then_maximum_testing_evalue_sum,200,4,4,exact_dyadic_prefix_or_HiGHS_QUBO_MILP,300.0,1
172,58a150d9c987845ecbfbf4ae95b20219820b8d048732200d92deb252176a10d9,proven_maximal,maximize_sum_testing_e_values_at_maximum_cardinality,proven_optimal,34430.80799191175,2.3129061130114628,14886.38375687544,3,3,10,71;94;139,71;94;139,17;25;71;82;94;116;139;156;158;191,3,3,9,0,0,1,0.15,0.15,0.45,0.0,0.0,0.1,0,7,1.536228499840945,8,8,569,39,10,,original_uniform_floor_plus_prior_scores,maximum_cardinality_certified_superset_of_eBH_then_maximum_testing_evalue_sum,200,3,3,exact_dyadic_prefix_or_HiGHS_QUBO_MILP,300.0,1
173,fba71b11385639ab474ae0bfaf281c524699d7a4d01bebdb8ed6315a3557e848,proven_maximal,maximize_sum_testing_e_values_at_maximum_cardinality,proven_optimal,51708.581538652295,1.9836838429173536,26066.946970040244,12,12,13,13;37;60;62;94;135;145;163;165;178;189;193,13;37;60;62;94;135;145;163;165;178;189;193,13;37;60;62;94;126;135;145;163;165;178;189;193,12,12,13,0,0,0,0.6,0.6,0.65,0.0,0.0,0.0,0,1,3.107286599930376,14,6,600,29,13,,original_uniform_floor_plus_prior_scores,maximum_cardinality_certified_superset_of_eBH_then_maximum_testing_evalue_sum,200,12,12,exact_dyadic_prefix_or_HiGHS_QUBO_MILP,300.0,1
174,04dfd7af9cbbe407a82067dd9de14353521aefbb18525783b6e1a0a151259ce5,proven_maximal,maximize_sum_testing_e_values_at_maximum_cardinality,proven_optimal,51484.0308124623,1.9981929374404352,25765.295156337725,6,6,6,1;62;68;153;183;189,1;62;68;153;183;189,1;62;68;153;183;189,6,6,6,0,0,0,0.3,0.3,0.3,0.0,0.0,0.0,0,0,1.8545863998588168,15,6,617,60,6,,original_uniform_floor_plus_prior_scores,maximum_cardinality_certified_superset_of_eBH_then_maximum_testing_evalue_sum,200,6,6,exact_dyadic_prefix_or_HiGHS_QUBO_MILP,300.0,1
175,a63037eac04eac8b601cf51c1a992775ac37d3f8f26d499b440c193c177e050c,proven_maximal,maximize_sum_testing_e_values_at_maximum_cardinality,proven_optimal,49942.36896654608,1.233200853051084,40498.16284426238,6,6,11,17;31;40;41;78;114,17;31;40;41;78;114,17;31;40;41;78;79;114;119;152;170;178,6,6,11,0,0,0,0.3,0.3,0.55,0.0,0.0,0.0,0,5,2.641437500016764,11,7,602,48,11,,original_uniform_floor_plus_prior_scores,maximum_cardinality_certified_superset_of_eBH_then_maximum_testing_evalue_sum,200,6,6,exact_dyadic_prefix_or_HiGHS_QUBO_MILP,300.0,1
176,015842b97ff4c49af37d65dd64e41bb1f2034f5a0fc16c9fbd2e0aacf246daca,proven_maximal,maximize_sum_testing_e_values_at_maximum_cardinality,proven_optimal,15391.860070048657,3.1832774690928844,4835.224142253224,8,8,8,10;24;46;134;137;152;164;178,10;24;46;134;137;152;164;178,10;24;46;134;137;152;164;178,8,8,8,0,0,0,0.4,0.4,0.4,0.0,0.0,0.0,0,0,2.800276500172913,15,5,513,47,8,,original_uniform_floor_plus_prior_scores,maximum_cardinality_certified_superset_of_eBH_then_maximum_testing_evalue_sum,200,8,8,exact_dyadic_prefix_or_HiGHS_QUBO_MILP,300.0,1
177,ae5c0eba86bd15859cd61af712e4ea5903bd848bf0718c5c9a5a18786699d5bb,proven_maximal,maximize_sum_testing_e_values_at_maximum_cardinality,proven_optimal,160347.22231727722,1.05202233262546,152418.07834735754,3,3,4,1;73;131,1;73;131,1;31;73;131,3,3,4,0,0,0,0.15,0.15,0.2,0.0,0.0,0.0,0,1,1.5570950999390334,14,7,518,35,4,,original_uniform_floor_plus_prior_scores,maximum_cardinality_certified_superset_of_eBH_then_maximum_testing_evalue_sum,200,3,3,exact_dyadic_prefix_or_HiGHS_QUBO_MILP,300.0,1
178,bd911d9cf1f0bbd29cf9c24fe7653b90880457cb60c57718d1499a300f28a3e7,proven_maximal,maximize_sum_testing_e_values_at_maximum_cardinality,proven_optimal,13933.351114187884,1.3295741990845669,10479.558887184498,1,1,5,134,134,36;122;124;134;163,1,1,5,0,0,0,0.05,0.05,0.25,0.0,0.0,0.0,0,4,0.6656776000745595,8,8,515,41,5,,original_uniform_floor_plus_prior_scores,maximum_cardinality_certified_superset_of_eBH_then_maximum_testing_evalue_sum,200,1,1,exact_dyadic_prefix_or_HiGHS_QUBO_MILP,300.0,1
179,87d8f6cad0b499bd1b4bbdcde80ea7ab408a27067f876230bbce2a9d0e0b7063,proven_maximal,maximize_sum_testing_e_values_at_maximum_cardinality,proven_optimal,0.0,0.0,3397.9282299204,0,0,0,,,,0,0,0,0,0,0,0.0,0.0,0.0,0.0,0.0,0.0,0,0,1.456280400045216,12,8,715,36,0,,original_uniform_floor_plus_prior_scores,maximum_cardinality_certified_superset_of_eBH_then_maximum_testing_evalue_sum,200,0,0,exact_dyadic_prefix_or_HiGHS_QUBO_MILP,300.0,1
180,27ee88e8081a5c13e13e48748ba885272003d38ceb98a488025368dc2bb65615,proven_maximal,maximize_sum_testing_e_values_at_maximum_cardinality,proven_optimal,0.0,0.0,2213.095052900765,0,0,0,,,,0,0,0,0,0,0,0.0,0.0,0.0,0.0,0.0,0.0,0,0,2.467000899836421,14,9,724,36,0,,original_uniform_floor_plus_prior_scores,maximum_cardinality_certified_superset_of_eBH_then_maximum_testing_evalue_sum,200,0,0,exact_dyadic_prefix_or_HiGHS_QUBO_MILP,300.0,1
181,9e2da4ba632b389b4a0eb528539c2a5e0c2943679354bcf728afebeb22bc5168,proven_maximal,maximize_sum_testing_e_values_at_maximum_cardinality,proven_optimal,90800.68075316556,1.085517240555423,83647.38703431911,3,3,5,17;120;176,17;120;176,17;24;120;165;176,3,3,5,0,0,0,0.15,0.15,0.25,0.0,0.0,0.0,0,2,1.381507699843496,13,11,705,35,5,,original_uniform_floor_plus_prior_scores,maximum_cardinality_certified_superset_of_eBH_then_maximum_testing_evalue_sum,200,3,3,exact_dyadic_prefix_or_HiGHS_QUBO_MILP,300.0,1
182,5ab9f4a4cb74413ed996ea076ba751f2f1a799ccd591f8ff465d24264778ea9c,proven_maximal,maximize_sum_testing_e_values_at_maximum_cardinality,proven_optimal,6029.361578558566,1.0,6029.361578558566,1,1,1,165,165,165,1,1,1,0,0,0,0.05,0.05,0.05,0.0,0.0,0.0,0,0,1.6465396999847144,8,6,544,39,1,,original_uniform_floor_plus_prior_scores,maximum_cardinality_certified_superset_of_eBH_then_maximum_testing_evalue_sum,200,1,1,exact_dyadic_prefix_or_HiGHS_QUBO_MILP,300.0,1
183,f5a40de546718b309e4ef5e303a28c3fe753833563116687cdfcdc23b1436e68,proven_maximal,maximize_sum_testing_e_values_at_maximum_cardinality,proven_optimal,5719.270041482916,2.309079613629996,2476.8613467129094,2,2,4,66;96,66;96,66;70;96;100,2,2,4,0,0,0,0.1,0.1,0.2,0.0,0.0,0.0,0,2,1.862890899879858,15,7,535,55,4,,original_uniform_floor_plus_prior_scores,maximum_cardinality_certified_superset_of_eBH_then_maximum_testing_evalue_sum,200,2,2,exact_dyadic_prefix_or_HiGHS_QUBO_MILP,300.0,1
184,d194d9cefba07d183a2ce4b64cefa2844e18efd4aeebe86e3b5b2bd1695b86ca,proven_maximal,maximize_sum_testing_e_values_at_maximum_cardinality,proven_optimal,9499.32794601684,1.2016043802788234,7905.537048568842,1,1,2,74,74,10;74,1,1,2,0,0,0,0.05,0.05,0.1,0.0,0.0,0.0,0,1,1.7322321999818089,13,9,756,48,2,,original_uniform_floor_plus_prior_scores,maximum_cardinality_certified_superset_of_eBH_then_maximum_testing_evalue_sum,200,1,1,exact_dyadic_prefix_or_HiGHS_QUBO_MILP,300.0,1
185,39c0dcc224aa3962efd7b1f453f6cdf6c8bdbfc25532aca804b7ab105b35a969,proven_maximal,maximize_sum_testing_e_values_at_maximum_cardinality,proven_optimal,65318.55320077873,1.0524766953303908,62061.75727271006,2,2,2,188;199,188;199,188;199,2,2,2,0,0,0,0.1,0.1,0.1,0.0,0.0,0.0,0,0,3.352558500133455,22,12,868,52,2,,original_uniform_floor_plus_prior_scores,maximum_cardinality_certified_superset_of_eBH_then_maximum_testing_evalue_sum,200,2,2,exact_dyadic_prefix_or_HiGHS_QUBO_MILP,300.0,1
186,0e1e4f8c32774a116a828aa39311aed25ffba6bb36be986f6e78b495b5f53c4f,proven_maximal,maximize_sum_testing_e_values_at_maximum_cardinality,proven_optimal,83771.90932768719,1.2103764467863678,69211.45033027315,2,2,6,0;138,0;138,0;47;110;138;162;181,2,2,6,0,0,0,0.1,0.1,0.3,0.0,0.0,0.0,0,4,1.9987408998422325,12,10,675,42,6,,original_uniform_floor_plus_prior_scores,maximum_cardinality_certified_superset_of_eBH_then_maximum_testing_evalue_sum,200,2,2,exact_dyadic_prefix_or_HiGHS_QUBO_MILP,300.0,1
187,5472ecbf54a174872eedbc9888604d333f6b6c3cc80c793f57b32a2c94f79857,proven_maximal,maximize_sum_testing_e_values_at_maximum_cardinality,proven_optimal,17665.51742737206,1.0223684892591225,17279.01203231889,1,1,2,151,151,80;151,1,1,2,0,0,0,0.05,0.05,0.1,0.0,0.0,0.0,0,1,3.53453140007332,25,16,1284,34,2,,original_uniform_floor_plus_prior_scores,maximum_cardinality_certified_superset_of_eBH_then_maximum_testing_evalue_sum,200,1,1,exact_dyadic_prefix_or_HiGHS_QUBO_MILP,300.0,1
188,e4d1f36247d2b498c50bddf95b2f3b706e368f48fca801f2ceb589c172ac4e97,proven_maximal,maximize_sum_testing_e_values_at_maximum_cardinality,proven_optimal,48468.09335643019,1.0,48468.09335643019,1,1,1,159,159,159,1,1,1,0,0,0,0.05,0.05,0.05,0.0,0.0,0.0,0,0,0.9166982998140156,8,7,538,43,1,,original_uniform_floor_plus_prior_scores,maximum_cardinality_certified_superset_of_eBH_then_maximum_testing_evalue_sum,200,1,1,exact_dyadic_prefix_or_HiGHS_QUBO_MILP,300.0,1
189,6e0771dc5ef670303d4b95494852470acf56976cf43fd40328866e1785be004f,proven_maximal,maximize_sum_testing_e_values_at_maximum_cardinality,proven_optimal,13066.330102557667,1.0,13066.330102557667,1,1,1,105,105,105,1,1,1,0,0,0,0.05,0.05,0.05,0.0,0.0,0.0,0,0,0.6813590000383556,7,7,506,43,1,,original_uniform_floor_plus_prior_scores,maximum_cardinality_certified_superset_of_eBH_then_maximum_testing_evalue_sum,200,1,1,exact_dyadic_prefix_or_HiGHS_QUBO_MILP,300.0,1
190,e53ae9c0a2fc973d4ce627b0e5e99b12dc9cb5abc489474663cc5e53eeced169,proven_maximal,maximize_sum_testing_e_values_at_maximum_cardinality,proven_optimal,44004.66052831419,1.5762694442368197,27916.966029637068,3,3,4,16;125;147,16;125;147,4;16;125;147,3,3,4,0,0,0,0.15,0.15,0.2,0.0,0.0,0.0,0,1,1.99220580002293,11,9,634,40,4,,original_uniform_floor_plus_prior_scores,maximum_cardinality_certified_superset_of_eBH_then_maximum_testing_evalue_sum,200,3,3,exact_dyadic_prefix_or_HiGHS_QUBO_MILP,300.0,1
191,4c9a1eab62288cb489b5a8cd779fcc82122db1fc2a9d624d7139930eb45d7f31,proven_maximal,maximize_sum_testing_e_values_at_maximum_cardinality,proven_optimal,21398.084721612,1.4090651011833242,15186.015680639608,3,3,8,3;106;178,3;106;178,3;31;33;67;81;106;178;193,3,3,8,0,0,0,0.15,0.15,0.4,0.0,0.0,0.0,0,5,0.7439531998243183,7,7,515,43,8,,original_uniform_floor_plus_prior_scores,maximum_cardinality_certified_superset_of_eBH_then_maximum_testing_evalue_sum,200,3,3,exact_dyadic_prefix_or_HiGHS_QUBO_MILP,300.0,1
192,1e0f268600046e442bea6c065b35e25f9871ebff5f68ee7576cdf29d522e97d8,proven_maximal,maximize_sum_testing_e_values_at_maximum_cardinality,proven_optimal,388372.7789798477,1.049019574077803,370224.53019646247,6,6,8,22;32;106;137;192;194,22;32;106;137;192;194,22;32;106;137;172;180;192;194,6,6,8,0,0,0,0.3,0.3,0.4,0.0,0.0,0.0,0,2,1.7239037998951972,17,11,546,38,8,,original_uniform_floor_plus_prior_scores,maximum_cardinality_certified_superset_of_eBH_then_maximum_testing_evalue_sum,200,6,6,exact_dyadic_prefix_or_HiGHS_QUBO_MILP,300.0,1
193,b492d92bb37a232ff43cfd877ac4c8533eff9a856a89abdb2af2802c808d380c,proven_maximal,maximize_sum_testing_e_values_at_maximum_cardinality,proven_optimal,0.0,0.0,1885.203313829744,0,0,0,,,,0,0,0,0,0,0,0.0,0.0,0.0,0.0,0.0,0.0,0,0,2.29989179992117,14,9,835,44,0,,original_uniform_floor_plus_prior_scores,maximum_cardinality_certified_superset_of_eBH_then_maximum_testing_evalue_sum,200,0,0,exact_dyadic_prefix_or_HiGHS_QUBO_MILP,300.0,1
194,b486efa7a1de9438d0028ca21039c4864b71c16dcd1abb863ccf83651ce664da,proven_maximal,maximize_sum_testing_e_values_at_maximum_cardinality,proven_optimal,0.0,0.0,1879.7817360465376,0,0,0,,,,0,0,0,0,0,0,0.0,0.0,0.0,0.0,0.0,0.0,0,0,1.7311327999923378,12,9,589,36,0,,original_uniform_floor_plus_prior_scores,maximum_cardinality_certified_superset_of_eBH_then_maximum_testing_evalue_sum,200,0,0,exact_dyadic_prefix_or_HiGHS_QUBO_MILP,300.0,1
195,0c53b9c842468e5114d241844245a30b8e627f435ed96cd1f04b605cf9547289,proven_maximal,maximize_sum_testing_e_values_at_maximum_cardinality,proven_optimal,33122.04277672974,1.1702745957646086,28302.795682827906,3,3,3,32;115;131,32;115;131,32;115;131,3,3,3,0,0,0,0.15,0.15,0.15,0.0,0.0,0.0,0,0,1.5077303999569267,14,7,611,31,3,,original_uniform_floor_plus_prior_scores,maximum_cardinality_certified_superset_of_eBH_then_maximum_testing_evalue_sum,200,3,3,exact_dyadic_prefix_or_HiGHS_QUBO_MILP,300.0,1
196,41f30b6de1a2767608424987e2d691e99f33283faf9572fe1c95fed774b5dc2a,proven_maximal,maximize_sum_testing_e_values_at_maximum_cardinality,proven_optimal,8379.83239227523,1.417921966371544,5909.9390453193855,1,1,3,159,159,7;137;159,1,1,3,0,0,0,0.05,0.05,0.15,0.0,0.0,0.0,0,2,1.330375700024888,13,10,586,44,3,,original_uniform_floor_plus_prior_scores,maximum_cardinality_certified_superset_of_eBH_then_maximum_testing_evalue_sum,200,1,1,exact_dyadic_prefix_or_HiGHS_QUBO_MILP,300.0,1
197,b0df099899e801fa1042945bbc5521ff1ad7c19f257b39c90ec5bcb5d96ce9de,proven_maximal,maximize_sum_testing_e_values_at_maximum_cardinality,proven_optimal,9240.253440232893,1.0,9240.253440232893,1,1,1,47,47,47,1,1,1,0,0,0,0.05,0.05,0.05,0.0,0.0,0.0,0,0,1.7183655998669565,10,7,543,37,1,,original_uniform_floor_plus_prior_scores,maximum_cardinality_certified_superset_of_eBH_then_maximum_testing_evalue_sum,200,1,1,exact_dyadic_prefix_or_HiGHS_QUBO_MILP,300.0,1
198,e2782a179cdd4a4d49a1ff37a94e5ecaaf0a7532571ce04ba043ab434fc60fb9,proven_maximal,maximize_sum_testing_e_values_at_maximum_cardinality,proven_optimal,13505.380020749131,1.329379919232826,10159.157533042153,2,2,2,35;100,35;100,35;100,2,2,2,0,0,0,0.1,0.1,0.1,0.0,0.0,0.0,0,0,1.7185585999395698,15,6,521,35,2,,original_uniform_floor_plus_prior_scores,maximum_cardinality_certified_superset_of_eBH_then_maximum_testing_evalue_sum,200,2,2,exact_dyadic_prefix_or_HiGHS_QUBO_MILP,300.0,1
199,faba95f204474669bfa9d29f07e223aef494545f17d465f6133788894b0a6230,proven_maximal,maximize_sum_testing_e_values_at_maximum_cardinality,proven_optimal,40247.82679197762,1.364299638119101,29500.72379075428,5,5,8,30;41;104;119;133,30;41;104;119;133,10;30;41;104;119;133;143;191,5,5,8,0,0,0,0.25,0.25,0.4,0.0,0.0,0.0,0,3,2.884743000147864,16,9,610,39,8,,original_uniform_floor_plus_prior_scores,maximum_cardinality_certified_superset_of_eBH_then_maximum_testing_evalue_sum,200,5,5,exact_dyadic_prefix_or_HiGHS_QUBO_MILP,300.0,1
200,b548098cd9e827a6e21be0d8c0baa8c01dfce65560bec96a914f80b0cd19e4a3,proven_maximal,maximize_sum_testing_e_values_at_maximum_cardinality,proven_optimal,31708.657137791004,2.952106257858538,10741.028394009269,8,8,9,28;84;87;89;114;146;198;199,28;84;87;89;114;146;198;199,28;84;87;89;102;114;146;198;199,8,8,9,0,0,0,0.4,0.4,0.45,0.0,0.0,0.0,0,1,1.414034799905494,12,7,604,42,9,,original_uniform_floor_plus_prior_scores,maximum_cardinality_certified_superset_of_eBH_then_maximum_testing_evalue_sum,200,8,8,exact_dyadic_prefix_or_HiGHS_QUBO_MILP,300.0,1
201,5c188fd5bafde3d814133f7eac8cb32cc69c7e30322ee45aef0f7f04af517e5c,proven_maximal,maximize_sum_testing_e_values_at_maximum_cardinality,proven_optimal,9223.193560006304,1.398566228378936,6594.749231644765,1,1,4,188,188,14;34;84;188,1,1,4,0,0,0,0.05,0.05,0.2,0.0,0.0,0.0,0,3,2.2088838000781834,10,7,656,38,4,,original_uniform_floor_plus_prior_scores,maximum_cardinality_certified_superset_of_eBH_then_maximum_testing_evalue_sum,200,1,1,exact_dyadic_prefix_or_HiGHS_QUBO_MILP,300.0,1
202,61eb54a357952b3346615faae3ae8edeb3e9a21141892cc69d7955be87b42552,proven_maximal,maximize_sum_testing_e_values_at_maximum_cardinality,proven_optimal,64845.83124006819,1.1217299008595063,57808.77481324263,2,2,7,8;104,8;104,8;11;39;86;104;142;174,2,2,7,0,0,0,0.1,0.1,0.35,0.0,0.0,0.0,0,5,1.0198268999811262,9,8,621,33,7,,original_uniform_floor_plus_prior_scores,maximum_cardinality_certified_superset_of_eBH_then_maximum_testing_evalue_sum,200,2,2,exact_dyadic_prefix_or_HiGHS_QUBO_MILP,300.0,1
203,ef951c37553fba87c120bf08ce870a797174b8e168247524a6a8ee2fc720e61e,proven_maximal,maximize_sum_testing_e_values_at_maximum_cardinality,proven_optimal,45143.047009951646,1.2836634766411563,35167.35330670409,7,7,12,4;15;69;147;149;160;161,4;15;69;147;149;160;161,4;14;15;25;69;122;128;147;149;160;161;197,7,7,12,0,0,0,0.35,0.35,0.6,0.0,0.0,0.0,0,5,1.9907545999158167,11,9,569,41,12,,original_uniform_floor_plus_prior_scores,maximum_cardinality_certified_superset_of_eBH_then_maximum_testing_evalue_sum,200,7,7,exact_dyadic_prefix_or_HiGHS_QUBO_MILP,300.0,1
204,d3bc8e32f0cdc86bea9ea49843078a21569a3b0d312e91992c103271016e5739,proven_maximal,maximize_sum_testing_e_values_at_maximum_cardinality,proven_optimal,15977.736474259867,1.1897711982948076,13429.251352830968,1,1,4,81,81,81;83;109;148,1,1,4,0,0,0,0.05,0.05,0.2,0.0,0.0,0.0,0,3,1.024891800014302,8,7,602,35,4,,original_uniform_floor_plus_prior_scores,maximum_cardinality_certified_superset_of_eBH_then_maximum_testing_evalue_sum,200,1,1,exact_dyadic_prefix_or_HiGHS_QUBO_MILP,300.0,1
205,c7bbab8482cd97a8476dcbb1604fafdf3e89db4c4aa29a1dd17d2f77e9f5cd4a,proven_maximal,maximize_sum_testing_e_values_at_maximum_cardinality,proven_optimal,195645.0315799137,1.2349068987702814,158428.97288430142,7,7,9,28;37;50;66;168;170;192,28;37;50;66;168;170;192,28;37;50;62;66;96;168;170;192,7,7,9,0,0,0,0.35,0.35,0.45,0.0,0.0,0.0,0,2,2.430915799923241,14,8,594,37,9,,original_uniform_floor_plus_prior_scores,maximum_cardinality_certified_superset_of_eBH_then_maximum_testing_evalue_sum,200,7,7,exact_dyadic_prefix_or_HiGHS_QUBO_MILP,300.0,1
206,7c85bbf3127f4c949a909de2c0712b7908ebd6c1a092da42ef0c0907ae4a30fd,proven_maximal,maximize_sum_testing_e_values_at_maximum_cardinality,proven_optimal,66463.19143567426,1.4195387653645255,46820.27223018955,5,5,8,71;73;99;122;181,71;73;99;122;181,0;71;73;99;122;123;134;181,5,5,8,0,0,0,0.25,0.25,0.4,0.0,0.0,0.0,0,3,1.2832099001388997,10,9,847,35,8,,original_uniform_floor_plus_prior_scores,maximum_cardinality_certified_superset_of_eBH_then_maximum_testing_evalue_sum,200,5,5,exact_dyadic_prefix_or_HiGHS_QUBO_MILP,300.0,1
207,c2e9a85104277a70dfd2e17332fa19895773ec8a69066b4abce6850727ea096b,proven_maximal,maximize_sum_testing_e_values_at_maximum_cardinality,proven_optimal,82754.35586868545,1.3899954201711575,59535.70397987028,8,8,8,8;13;35;40;75;170;174;179,8;13;35;40;75;170;174;179,8;13;35;40;75;170;174;179,8,8,8,0,0,0,0.4,0.4,0.4,0.0,0.0,0.0,0,0,2.093282400164753,12,4,443,36,8,,original_uniform_floor_plus_prior_scores,maximum_cardinality_certified_superset_of_eBH_then_maximum_testing_evalue_sum,200,8,8,exact_dyadic_prefix_or_HiGHS_QUBO_MILP,300.0,1
208,8e7d2dc21ffcd21eb203500edbde74a0ea9ba254ee2cf20c9c51c425b13a6643,proven_maximal,maximize_sum_testing_e_values_at_maximum_cardinality,proven_optimal,0.0,0.0,1072.6532837233226,0,0,0,,,,0,0,0,0,0,0,0.0,0.0,0.0,0.0,0.0,0.0,0,0,0.4245691001415252,3,3,300,44,0,,original_uniform_floor_plus_prior_scores,maximum_cardinality_certified_superset_of_eBH_then_maximum_testing_evalue_sum,200,0,0,exact_dyadic_prefix_or_HiGHS_QUBO_MILP,300.0,1
209,3181ff1c5109c049c825e1abf4a23652d6e3ca3c4f888077421d1ae7e91aaf66,proven_maximal,maximize_sum_testing_e_values_at_maximum_cardinality,proven_optimal,23543.91782279509,2.046182949521883,11506.262344868252,3,3,9,16;77;109,16;77;109,16;53;56;77;109;153;166;177;197,3,3,9,0,0,0,0.15,0.15,0.45,0.0,0.0,0.0,0,6,2.5966365998610854,18,15,1336,46,9,,original_uniform_floor_plus_prior_scores,maximum_cardinality_certified_superset_of_eBH_then_maximum_testing_evalue_sum,200,3,3,exact_dyadic_prefix_or_HiGHS_QUBO_MILP,300.0,1
210,343e4146310cd840530f116c497bbbcaf869c0bc690bbebfe29116b4bdabfd24,proven_maximal,maximize_sum_testing_e_values_at_maximum_cardinality,proven_optimal,275509.3771209125,1.639870224008384,168006.8173001377,8,8,8,14;19;77;81;101;155;176;193,14;19;77;81;101;155;176;193,14;19;77;81;101;155;176;193,8,8,8,0,0,0,0.4,0.4,0.4,0.0,0.0,0.0,0,0,1.6530832001008091,15,7,550,42,8,,original_uniform_floor_plus_prior_scores,maximum_cardinality_certified_superset_of_eBH_then_maximum_testing_evalue_sum,200,8,8,exact_dyadic_prefix_or_HiGHS_QUBO_MILP,300.0,1
211,370b974317cea46344d88ecf28a466f9deb8563b28d9c43c6fef2f36d834a755,proven_maximal,maximize_sum_testing_e_values_at_maximum_cardinality,proven_optimal,20074.03769333189,2.4695858250838065,8128.503771538561,4,4,6,7;9;131;199,7;9;131;199,7;9;16;131;171;199,4,4,6,0,0,0,0.2,0.2,0.3,0.0,0.0,0.0,0,2,1.961673400131985,11,7,622,42,6,,original_uniform_floor_plus_prior_scores,maximum_cardinality_certified_superset_of_eBH_then_maximum_testing_evalue_sum,200,4,4,exact_dyadic_prefix_or_HiGHS_QUBO_MILP,300.0,1
212,6b8d7311edfd52630545b7290191469e78e8d521639071e6a8d3fb69f8080e00,proven_maximal,maximize_sum_testing_e_values_at_maximum_cardinality,proven_optimal,14717.463602993865,1.2261480771424371,12003.006714566813,2,2,2,60;111,60;111,60;111,2,2,2,0,0,0,0.1,0.1,0.1,0.0,0.0,0.0,0,0,2.7858303000684828,15,9,816,34,2,,original_uniform_floor_plus_prior_scores,maximum_cardinality_certified_superset_of_eBH_then_maximum_testing_evalue_sum,200,2,2,exact_dyadic_prefix_or_HiGHS_QUBO_MILP,300.0,1
213,eb4f8d9705f7b4a0e49e7ee5649f291cde01f42a117544f73be823fec3d12b5e,proven_maximal,maximize_sum_testing_e_values_at_maximum_cardinality,proven_optimal,52099.43177155,2.1045355201109883,24755.786383117163,5,5,8,28;40;75;116;127,28;40;75;116;127,28;40;66;75;116;125;127;136,5,5,8,0,0,0,0.25,0.25,0.4,0.0,0.0,0.0,0,3,1.9192180999089032,15,13,1062,66,8,,original_uniform_floor_plus_prior_scores,maximum_cardinality_certified_superset_of_eBH_then_maximum_testing_evalue_sum,200,5,5,exact_dyadic_prefix_or_HiGHS_QUBO_MILP,300.0,1
214,e960787dded4dc58442273ad48916909e7736ad1402bed577aaaea3bfde9fb79,proven_maximal,maximize_sum_testing_e_values_at_maximum_cardinality,proven_optimal,19012.7125946216,1.3337749665256349,14254.812897072155,2,2,3,31;134,31;134,31;92;134,2,2,3,0,0,0,0.1,0.1,0.15,0.0,0.0,0.0,0,1,1.152121199993417,7,6,508,32,3,,original_uniform_floor_plus_prior_scores,maximum_cardinality_certified_superset_of_eBH_then_maximum_testing_evalue_sum,200,2,2,exact_dyadic_prefix_or_HiGHS_QUBO_MILP,300.0,1
215,d02caaa0d9de570a4e14e9157bdb98087a83e44dc11b2a6dfd3878bec6fecec1,proven_maximal,maximize_sum_testing_e_values_at_maximum_cardinality,proven_optimal,46208.332730546426,2.287490661559725,20200.44650107524,6,6,10,30;80;129;146;177;194,30;80;129;146;177;194,7;30;46;55;80;110;129;146;177;194,6,6,10,0,0,0,0.3,0.3,0.5,0.0,0.0,0.0,0,4,3.0293340000789613,17,16,750,37,10,,original_uniform_floor_plus_prior_scores,maximum_cardinality_certified_superset_of_eBH_then_maximum_testing_evalue_sum,200,6,6,exact_dyadic_prefix_or_HiGHS_QUBO_MILP,300.0,1
216,b565d1a7d2a7ef75b26c04d5036549e5b468599dd7e53a11dfd00debec2f6035,proven_maximal,maximize_sum_testing_e_values_at_maximum_cardinality,proven_optimal,0.0,0.0,783.0901596913617,0,0,0,,,,0,0,0,0,0,0,0.0,0.0,0.0,0.0,0.0,0.0,0,0,0.6714184999000281,3,3,300,38,0,,original_uniform_floor_plus_prior_scores,maximum_cardinality_certified_superset_of_eBH_then_maximum_testing_evalue_sum,200,0,0,exact_dyadic_prefix_or_HiGHS_QUBO_MILP,300.0,1
217,8148624e1f6165562967506aeb527615f6d3322c7cc3e5f430779e07315ce68c,proven_maximal,maximize_sum_testing_e_values_at_maximum_cardinality,proven_optimal,3295.1448093310246,1.5628991633052958,2108.354068321523,0,0,2,,,60;149,0,0,2,0,0,0,0.0,0.0,0.1,0.0,0.0,0.0,0,2,1.226830800063908,11,9,583,48,2,,original_uniform_floor_plus_prior_scores,maximum_cardinality_certified_superset_of_eBH_then_maximum_testing_evalue_sum,200,0,0,exact_dyadic_prefix_or_HiGHS_QUBO_MILP,300.0,1
218,792ff8a64cdaedce1e8930dbf8dfa99fca7d004a4fd414516b683dfeaf528863,proven_maximal,maximize_sum_testing_e_values_at_maximum_cardinality,proven_optimal,7364.480310833863,3.559489763515208,2068.970779553809,4,4,5,35;51;111;113,35;51;111;113,35;51;76;111;113,4,4,5,0,0,0,0.2,0.2,0.25,0.0,0.0,0.0,0,1,2.1150344000197947,8,7,506,37,5,,original_uniform_floor_plus_prior_scores,maximum_cardinality_certified_superset_of_eBH_then_maximum_testing_evalue_sum,200,4,4,exact_dyadic_prefix_or_HiGHS_QUBO_MILP,300.0,1
219,74d60cd4a776b65042880e74e06eb6abafc5d30715074431ba96b5c14afafe64,proven_maximal,maximize_sum_testing_e_values_at_maximum_cardinality,proven_optimal,11362.486190361746,1.818566492274328,6248.045501020775,2,2,2,100;125,100;125,100;125,2,2,2,0,0,0,0.1,0.1,0.1,0.0,0.0,0.0,0,0,1.3267741000745443,7,7,493,32,2,,original_uniform_floor_plus_prior_scores,maximum_cardinality_certified_superset_of_eBH_then_maximum_testing_evalue_sum,200,2,2,exact_dyadic_prefix_or_HiGHS_QUBO_MILP,300.0,1
220,b9f740a8e5948dfb192e86d857097933791ed7b71b96a8611a3a33c76190e296,proven_maximal,maximize_sum_testing_e_values_at_maximum_cardinality,proven_optimal,4195.078389852979,3.720005146038592,1127.707684576805,0,0,6,,,8;14;15;116;172;183,0,0,6,0,0,0,0.0,0.0,0.3,0.0,0.0,0.0,0,6,1.4410107999574393,13,11,677,45,6,,original_uniform_floor_plus_prior_scores,maximum_cardinality_certified_superset_of_eBH_then_maximum_testing_evalue_sum,200,0,0,exact_dyadic_prefix_or_HiGHS_QUBO_MILP,300.0,1
221,fc5a099396c49b7b5f2454e690c00bfd730c33e0120320d5e47c2de135d555b0,proven_maximal,maximize_sum_testing_e_values_at_maximum_cardinality,proven_optimal,32556.471593951224,1.3036428460535665,24973.459327842225,5,5,8,6;47;50;127;161,6;47;50;127;161,6;19;47;50;117;121;127;161,5,5,8,0,0,0,0.25,0.25,0.4,0.0,0.0,0.0,0,3,2.771001599961892,13,6,501,40,8,,original_uniform_floor_plus_prior_scores,maximum_cardinality_certified_superset_of_eBH_then_maximum_testing_evalue_sum,200,5,5,exact_dyadic_prefix_or_HiGHS_QUBO_MILP,300.0,1
222,4b855c95c73371d8605b51ad2fb4f4853d065828af8b28a1ab626e560bd2531e,proven_maximal,maximize_sum_testing_e_values_at_maximum_cardinality,proven_optimal,14012.163963055478,1.2636638988034956,11088.52122492614,2,2,2,10;23,10;23,10;23,2,2,2,0,0,0,0.1,0.1,0.1,0.0,0.0,0.0,0,0,1.29258819995448,6,6,501,36,2,,original_uniform_floor_plus_prior_scores,maximum_cardinality_certified_superset_of_eBH_then_maximum_testing_evalue_sum,200,2,2,exact_dyadic_prefix_or_HiGHS_QUBO_MILP,300.0,1
223,1492e3e087e07604f72b40a59d1485b016ad69c74f19e23e9bd9a7c351193a96,proven_maximal,maximize_sum_testing_e_values_at_maximum_cardinality,proven_optimal,13507.944277614126,4.259961670534039,3170.907468733337,6,6,7,27;134;157;167;193;197,27;134;157;167;193;197,27;134;157;167;183;193;197,6,6,7,0,0,0,0.3,0.3,0.35,0.0,0.0,0.0,0,1,2.163126999977976,12,7,530,37,7,,original_uniform_floor_plus_prior_scores,maximum_cardinality_certified_superset_of_eBH_then_maximum_testing_evalue_sum,200,6,6,exact_dyadic_prefix_or_HiGHS_QUBO_MILP,300.0,1
224,ccc44684dd391a213b31701080c9916ab7677ca158010647853a448265c45355,proven_maximal,maximize_sum_testing_e_values_at_maximum_cardinality,proven_optimal,7390.918760435428,3.4103350909788106,2167.211890698441,4,4,6,4;77;114;137,4;77;114;137,4;77;114;137;144;162,4,4,6,0,0,0,0.2,0.2,0.3,0.0,0.0,0.0,0,2,1.715903599979356,16,9,540,37,6,,original_uniform_floor_plus_prior_scores,maximum_cardinality_certified_superset_of_eBH_then_maximum_testing_evalue_sum,200,4,4,exact_dyadic_prefix_or_HiGHS_QUBO_MILP,300.0,1
225,ede2371cdfa8efac45eed01f4cebc823edb6628560ee4038c9a6c8514a8e28c3,proven_maximal,maximize_sum_testing_e_values_at_maximum_cardinality,proven_optimal,13110.376767335269,1.954055309687334,6709.317132601042,2,2,2,167;199,167;199,167;199,2,2,2,0,0,0,0.1,0.1,0.1,0.0,0.0,0.0,0,0,2.192060299916193,12,9,735,41,2,,original_uniform_floor_plus_prior_scores,maximum_cardinality_certified_superset_of_eBH_then_maximum_testing_evalue_sum,200,2,2,exact_dyadic_prefix_or_HiGHS_QUBO_MILP,300.0,1
226,80f4ba5f080426cf2ecae9af14f4990eab553dd95a1b6110c2892aa5c61bdd9a,proven_maximal,maximize_sum_testing_e_values_at_maximum_cardinality,proven_optimal,9239.2575343294,1.845328481526988,5006.836249925553,3,3,3,14;52;174,14;52;174,14;52;174,3,3,3,0,0,0,0.15,0.15,0.15,0.0,0.0,0.0,0,0,1.488050299929455,9,8,691,48,3,,original_uniform_floor_plus_prior_scores,maximum_cardinality_certified_superset_of_eBH_then_maximum_testing_evalue_sum,200,3,3,exact_dyadic_prefix_or_HiGHS_QUBO_MILP,300.0,1
227,6ca754df9164bb6709b399025212b0618f56fb8fe53b0db28d7db6f68f12f394,proven_maximal,maximize_sum_testing_e_values_at_maximum_cardinality,proven_optimal,6410.2072160557655,1.3325716514021282,4810.403410061263,1,1,2,124,124,123;124,1,1,2,0,0,0,0.05,0.05,0.1,0.0,0.0,0.0,0,1,1.7422135998494923,14,10,759,38,2,,original_uniform_floor_plus_prior_scores,maximum_cardinality_certified_superset_of_eBH_then_maximum_testing_evalue_sum,200,1,1,exact_dyadic_prefix_or_HiGHS_QUBO_MILP,300.0,1
228,d36fd9017016454faf53a21a3981934b4000beeee6ef831f6225b5372f58e7dd,proven_maximal,maximize_sum_testing_e_values_at_maximum_cardinality,proven_optimal,181462.61602720432,1.164108731799566,155881.15703477792,4,4,8,80;81;96;155,80;81;96;155,9;35;80;81;96;129;146;155,4,4,8,0,0,0,0.2,0.2,0.4,0.0,0.0,0.0,0,4,2.6235344999004155,13,7,577,41,8,,original_uniform_floor_plus_prior_scores,maximum_cardinality_certified_superset_of_eBH_then_maximum_testing_evalue_sum,200,4,4,exact_dyadic_prefix_or_HiGHS_QUBO_MILP,300.0,1
229,e1fc8efc10c07e4ef474d00bf1849b237a5174ebd8ec7b87af14349aebe56b7a,proven_maximal,maximize_sum_testing_e_values_at_maximum_cardinality,proven_optimal,5498.469631581495,2.638278019217939,2084.113043253644,0,0,5,,,22;25;58;114;126,0,0,5,0,0,0,0.0,0.0,0.25,0.0,0.0,0.0,0,5,2.223980899900198,12,10,734,46,5,,original_uniform_floor_plus_prior_scores,maximum_cardinality_certified_superset_of_eBH_then_maximum_testing_evalue_sum,200,0,0,exact_dyadic_prefix_or_HiGHS_QUBO_MILP,300.0,1
230,ed539be0366c2ec6f86c62b106e44bad925bd30cf6e5e847c1fedb35308f970f,proven_maximal,maximize_sum_testing_e_values_at_maximum_cardinality,proven_optimal,22150.65266021688,2.268339275816018,9765.140910082046,6,6,9,26;129;140;179;184;195,26;129;140;179;184;195,26;72;76;129;140;156;179;184;195,6,6,9,0,0,0,0.3,0.3,0.45,0.0,0.0,0.0,0,3,2.193392500048504,10,9,618,56,9,,original_uniform_floor_plus_prior_scores,maximum_cardinality_certified_superset_of_eBH_then_maximum_testing_evalue_sum,200,6,6,exact_dyadic_prefix_or_HiGHS_QUBO_MILP,300.0,1
231,1e3afc7b112ee023d8e4cb50af2ec32aadd0fa955d703ae956accdf0c9555ef1,proven_maximal,maximize_sum_testing_e_values_at_maximum_cardinality,proven_optimal,9857.627477625869,1.16459106026126,8464.454016514987,1,1,2,52,52,52;82,1,1,2,0,0,0,0.05,0.05,0.1,0.0,0.0,0.0,0,1,2.0429196001496166,17,8,545,35,2,,original_uniform_floor_plus_prior_scores,maximum_cardinality_certified_superset_of_eBH_then_maximum_testing_evalue_sum,200,1,1,exact_dyadic_prefix_or_HiGHS_QUBO_MILP,300.0,1
232,5d47b193f2c81a8ea5f7d9e345607a9394aeaef5f2a4cd76676036b989b466f7,proven_maximal,maximize_sum_testing_e_values_at_maximum_cardinality,proven_optimal,49918.18860712246,1.0536813720087328,47375.03189598832,1,1,3,29,29,29;123;168,1,1,3,0,0,0,0.05,0.05,0.15,0.0,0.0,0.0,0,2,1.1941732000559568,9,8,649,38,3,,original_uniform_floor_plus_prior_scores,maximum_cardinality_certified_superset_of_eBH_then_maximum_testing_evalue_sum,200,1,1,exact_dyadic_prefix_or_HiGHS_QUBO_MILP,300.0,1
233,0fcb64954c2662b5d5af3b73fd0462e903f1529fc65e8e11f5e7e93c26bc99b5,proven_maximal,maximize_sum_testing_e_values_at_maximum_cardinality,proven_optimal,58988.221009704735,1.0536239433985912,55986.02934120034,1,1,4,54,54,13;54;56;91,1,1,4,0,0,0,0.05,0.05,0.2,0.0,0.0,0.0,0,3,3.0722529999911785,17,10,763,37,4,,original_uniform_floor_plus_prior_scores,maximum_cardinality_certified_superset_of_eBH_then_maximum_testing_evalue_sum,200,1,1,exact_dyadic_prefix_or_HiGHS_QUBO_MILP,300.0,1
234,b5223055c384ebdf8e209f5d0ab037adfff053d632479d59856d65d04e42add1,proven_maximal,maximize_sum_testing_e_values_at_maximum_cardinality,proven_optimal,65891.15481615288,1.8966562315529407,34740.69455496562,9,9,13,11;53;72;77;115;116;139;151;170,11;53;72;77;115;116;139;151;170,2;11;19;53;72;77;115;116;139;151;170;188;191,9,9,13,0,0,0,0.45,0.45,0.65,0.0,0.0,0.0,0,4,4.39120509987697,13,7,547,49,13,,original_uniform_floor_plus_prior_scores,maximum_cardinality_certified_superset_of_eBH_then_maximum_testing_evalue_sum,200,9,9,exact_dyadic_prefix_or_HiGHS_QUBO_MILP,300.0,1
235,b6eafa21451cef5b1e1ea6163f78753b7dd52a837969a42c0ef9ba51feef3973,proven_maximal,maximize_sum_testing_e_values_at_maximum_cardinality,proven_optimal,24597.92317629266,2.072882416954104,11866.530863065973,4,4,5,17;25;118;150,17;25;118;150,16;17;25;118;150,4,4,5,0,0,0,0.2,0.2,0.25,0.0,0.0,0.0,0,1,2.94544170005247,17,8,617,31,5,,original_uniform_floor_plus_prior_scores,maximum_cardinality_certified_superset_of_eBH_then_maximum_testing_evalue_sum,200,4,4,exact_dyadic_prefix_or_HiGHS_QUBO_MILP,300.0,1
236,8a8ba4740c67d4a16a81aa1ce48b5132c46b643cb50171d370df0b275fcb3d3d,proven_maximal,maximize_sum_testing_e_values_at_maximum_cardinality,proven_optimal,37273.96830701571,1.1965288539477603,31151.750485611825,4,4,4,3;89;142;181,3;89;142;181,3;89;142;181,4,4,4,0,0,0,0.2,0.2,0.2,0.0,0.0,0.0,0,0,1.7496848998125645,10,7,614,36,4,,original_uniform_floor_plus_prior_scores,maximum_cardinality_certified_superset_of_eBH_then_maximum_testing_evalue_sum,200,4,4,exact_dyadic_prefix_or_HiGHS_QUBO_MILP,300.0,1
237,20c18c795419259f8c80ab672a4654d2232933e6a5cbe8b150f44b1e5e5de994,proven_maximal,maximize_sum_testing_e_values_at_maximum_cardinality,proven_optimal,4779.752096194832,2.780214654594059,1719.2025400976554,0,0,6,,,18;33;35;40;67;144,0,0,6,0,0,0,0.0,0.0,0.3,0.0,0.0,0.0,0,6,4.65187789988704,22,19,1233,51,6,,original_uniform_floor_plus_prior_scores,maximum_cardinality_certified_superset_of_eBH_then_maximum_testing_evalue_sum,200,0,0,exact_dyadic_prefix_or_HiGHS_QUBO_MILP,300.0,1
238,50f0503da8490dd045ec11de5053cb3509d14f9cbe55863b9be55d068f15b7dd,proven_maximal,maximize_sum_testing_e_values_at_maximum_cardinality,proven_optimal,184183.3129500665,1.0191378100530888,180724.6391343994,2,2,2,82;98,82;98,82;98,2,2,2,0,0,0,0.1,0.1,0.1,0.0,0.0,0.0,0,0,2.6721065000165254,15,8,613,34,2,,original_uniform_floor_plus_prior_scores,maximum_cardinality_certified_superset_of_eBH_then_maximum_testing_evalue_sum,200,2,2,exact_dyadic_prefix_or_HiGHS_QUBO_MILP,300.0,1
239,7956c61d02c62a6dc0cb7ef2fdffdf7b263ab2ab6ed11627bd6a40df5c03e2a1,proven_maximal,maximize_sum_testing_e_values_at_maximum_cardinality,proven_optimal,56144.236148104144,1.193669155526817,47035.006214368754,7,7,7,10;12;68;90;102;131;154,10;12;68;90;102;131;154,10;12;68;90;102;131;154,7,7,7,0,0,0,0.35,0.35,0.35,0.0,0.0,0.0,0,0,2.838619299931452,13,4,345,26,7,,original_uniform_floor_plus_prior_scores,maximum_cardinality_certified_superset_of_eBH_then_maximum_testing_evalue_sum,200,7,7,exact_dyadic_prefix_or_HiGHS_QUBO_MILP,300.0,1
240,a49b815fcfae995c882f3b2bc694e9161cdbf784f97fed8708a4274e0562849c,proven_maximal,maximize_sum_testing_e_values_at_maximum_cardinality,proven_optimal,0.0,0.0,1465.1474485174565,0,0,0,,,,0,0,0,0,0,0,0.0,0.0,0.0,0.0,0.0,0.0,0,0,2.959559899987653,16,11,728,49,0,,original_uniform_floor_plus_prior_scores,maximum_cardinality_certified_superset_of_eBH_then_maximum_testing_evalue_sum,200,0,0,exact_dyadic_prefix_or_HiGHS_QUBO_MILP,300.0,1
241,bce6d20f4b6d011542784c40ac705531f8dbc0bd28c0d2d6a2e1fbab79a9fc6d,proven_maximal,maximize_sum_testing_e_values_at_maximum_cardinality,proven_optimal,67495.95046989956,1.6990477389718777,39725.752797706846,6,6,8,40;77;136;157;163;195,40;77;136;157;163;195,10;40;43;77;136;157;163;195,6,6,8,0,0,0,0.3,0.3,0.4,0.0,0.0,0.0,0,2,3.21140219992958,14,6,501,38,8,,original_uniform_floor_plus_prior_scores,maximum_cardinality_certified_superset_of_eBH_then_maximum_testing_evalue_sum,200,6,6,exact_dyadic_prefix_or_HiGHS_QUBO_MILP,300.0,1
242,15e8151472ba84812dc00533899ac146cecdc51a889bc5c472ded1cba4b25821,proven_maximal,maximize_sum_testing_e_values_at_maximum_cardinality,proven_optimal,10468.961409223795,3.394885921719857,3083.744682625505,5,5,5,65;76;88;116;138,65;76;88;116;138,65;76;88;116;138,5,5,5,0,0,0,0.25,0.25,0.25,0.0,0.0,0.0,0,0,1.9125878000631928,8,6,591,32,5,,original_uniform_floor_plus_prior_scores,maximum_cardinality_certified_superset_of_eBH_then_maximum_testing_evalue_sum,200,5,5,exact_dyadic_prefix_or_HiGHS_QUBO_MILP,300.0,1
243,a97b7513befeb4f5073568dbd53dfe9b518c28e22cdc1857c555dbaff8e6332a,proven_maximal,maximize_sum_testing_e_values_at_maximum_cardinality,proven_optimal,4368.559309666258,1.3412359403827756,3257.1147090045274,0,0,2,,,55;192,0,0,2,0,0,0,0.0,0.0,0.1,0.0,0.0,0.0,0,2,2.646648299880326,13,9,831,36,2,,original_uniform_floor_plus_prior_scores,maximum_cardinality_certified_superset_of_eBH_then_maximum_testing_evalue_sum,200,0,0,exact_dyadic_prefix_or_HiGHS_QUBO_MILP,300.0,1
244,40174060856ac8cfc58866d31e55faf5ae3df63a1aa9a246a6c1426c9bd8458d,proven_maximal,maximize_sum_testing_e_values_at_maximum_cardinality,proven_optimal,9231.690274636869,2.016798372614632,4577.398712727369,2,2,5,62;119,62;119,6;32;62;119;169,2,2,5,0,0,0,0.1,0.1,0.25,0.0,0.0,0.0,0,3,2.769552699988708,14,11,954,54,5,,original_uniform_floor_plus_prior_scores,maximum_cardinality_certified_superset_of_eBH_then_maximum_testing_evalue_sum,200,2,2,exact_dyadic_prefix_or_HiGHS_QUBO_MILP,300.0,1
245,506b15f3a7db64925d2d407dcc691e31b27387416e40628f08fef1e5b058b240,proven_maximal,maximize_sum_testing_e_values_at_maximum_cardinality,proven_optimal,10155.233308972009,2.978450775940721,3409.5689581321194,3,3,5,35;92;104,35;92;104,35;49;73;92;104,3,3,5,0,0,0,0.15,0.15,0.25,0.0,0.0,0.0,0,2,2.5248060000594705,15,9,709,55,5,,original_uniform_floor_plus_prior_scores,maximum_cardinality_certified_superset_of_eBH_then_maximum_testing_evalue_sum,200,3,3,exact_dyadic_prefix_or_HiGHS_QUBO_MILP,300.0,1
246,9f2457b0dff017cb8a98382888ace3f68326f49277511fd1914dadee82d67ad1,proven_maximal,maximize_sum_testing_e_values_at_maximum_cardinality,proven_optimal,12908.708669217576,2.677164971155283,4821.783045983547,2,2,7,97;106,97;106,32;97;106;114;129;130;141,2,2,7,0,0,0,0.1,0.1,0.35,0.0,0.0,0.0,0,5,1.825980100082233,8,7,488,41,7,,original_uniform_floor_plus_prior_scores,maximum_cardinality_certified_superset_of_eBH_then_maximum_testing_evalue_sum,200,2,2,exact_dyadic_prefix_or_HiGHS_QUBO_MILP,300.0,1
247,e177d448ff99942b664cd6f37a4a636baf7bbc8ed48cda7b8a0443cbe2b72c26,proven_maximal,maximize_sum_testing_e_values_at_maximum_cardinality,proven_optimal,20538.218645761222,1.572989883701874,13056.80275414524,5,5,5,65;120;126;127;148,65;120;126;127;148,65;120;126;127;148,5,5,5,0,0,0,0.25,0.25,0.25,0.0,0.0,0.0,0,0,2.123666299972683,11,8,723,34,5,,original_uniform_floor_plus_prior_scores,maximum_cardinality_certified_superset_of_eBH_then_maximum_testing_evalue_sum,200,5,5,exact_dyadic_prefix_or_HiGHS_QUBO_MILP,300.0,1
248,02eeadff9cd11661124f1c6a4217088e28574fc7180267b36be8080334a1b170,proven_maximal,maximize_sum_testing_e_values_at_maximum_cardinality,proven_optimal,179500.8562598677,1.5402053101283986,116543.46019940916,3,3,5,95;110;133,95;110;133,34;53;95;110;133,3,3,5,0,0,0,0.15,0.15,0.25,0.0,0.0,0.0,0,2,1.1856808001175525,6,6,505,45,5,,original_uniform_floor_plus_prior_scores,maximum_cardinality_certified_superset_of_eBH_then_maximum_testing_evalue_sum,200,3,3,exact_dyadic_prefix_or_HiGHS_QUBO_MILP,300.0,1
249,ac496bf52ea15f62985b1f2bf5d98989361807edb8710bf026700df6ba35a523,proven_maximal,maximize_sum_testing_e_values_at_maximum_cardinality,proven_optimal,11196.038761011332,2.3767896907383723,4710.571913299227,2,2,4,129;161,129;161,23;129;152;161,2,2,4,0,0,0,0.1,0.1,0.2,0.0,0.0,0.0,0,2,2.141863099997863,12,10,803,51,4,,original_uniform_floor_plus_prior_scores,maximum_cardinality_certified_superset_of_eBH_then_maximum_testing_evalue_sum,200,2,2,exact_dyadic_prefix_or_HiGHS_QUBO_MILP,300.0,1
250,4b475d5508b04df1846da237e0db4f797e0be671047e648d5aaa92c203ebc591,proven_maximal,maximize_sum_testing_e_values_at_maximum_cardinality,proven_optimal,22766.12072567612,3.358946457823884,6777.756362459348,6,6,8,3;44;68;131;134;154,3;44;68;131;134;154,3;11;44;68;131;134;154;157,6,6,8,0,0,0,0.3,0.3,0.4,0.0,0.0,0.0,0,2,3.283283299999312,19,11,647,41,8,,original_uniform_floor_plus_prior_scores,maximum_cardinality_certified_superset_of_eBH_then_maximum_testing_evalue_sum,200,6,6,exact_dyadic_prefix_or_HiGHS_QUBO_MILP,300.0,1
251,1600366553ea106072048c1038f40811b5b818f3a1b3cffb997832519d68d20c,proven_maximal,maximize_sum_testing_e_values_at_maximum_cardinality,proven_optimal,59421.18797183273,1.8406968582684928,32281.89786107913,10,10,11,35;88;89;92;107;113;120;138;169;192,35;88;89;92;107;113;120;138;169;192,26;35;88;89;92;107;113;120;138;169;192,10,10,11,0,0,0,0.5,0.5,0.55,0.0,0.0,0.0,0,1,2.9512188998050988,13,6,542,39,11,,original_uniform_floor_plus_prior_scores,maximum_cardinality_certified_superset_of_eBH_then_maximum_testing_evalue_sum,200,10,10,exact_dyadic_prefix_or_HiGHS_QUBO_MILP,300.0,1
252,357e7ba388139b43616974ec0e9d1847bbe17612c1525a5ab63a6cd2a6f0b45b,proven_maximal,maximize_sum_testing_e_values_at_maximum_cardinality,proven_optimal,15212.614710531618,4.138571466253994,3675.81297908605,5,5,11,32;37;61;188;198,32;37;61;188;198,32;37;61;73;87;155;159;179;188;198;199,5,5,11,0,0,0,0.25,0.25,0.55,0.0,0.0,0.0,0,6,1.832467099884525,6,6,459,35,11,,original_uniform_floor_plus_prior_scores,maximum_cardinality_certified_superset_of_eBH_then_maximum_testing_evalue_sum,200,5,5,exact_dyadic_prefix_or_HiGHS_QUBO_MILP,300.0,1
253,50ae7a01d3133817b04e34eadf0a11aee7ecdf7b4785fb437402bc488ff53b31,proven_maximal,maximize_sum_testing_e_values_at_maximum_cardinality,proven_optimal,7026.273944507271,1.6814509402906914,4178.696967092337,2,2,2,43;101,43;101,43;101,2,2,2,0,0,0,0.1,0.1,0.1,0.0,0.0,0.0,0,0,1.1170586999505758,6,6,512,36,2,,original_uniform_floor_plus_prior_scores,maximum_cardinality_certified_superset_of_eBH_then_maximum_testing_evalue_sum,200,2,2,exact_dyadic_prefix_or_HiGHS_QUBO_MILP,300.0,1
254,4522f15728e6eedd88355aa31294d771f60b27fc132d15607c5b993256c144c5,proven_maximal,maximize_sum_testing_e_values_at_maximum_cardinality,proven_optimal,10735.330488398744,2.9091073563027128,3690.248991719114,4,4,5,32;140;161;165,32;140;161;165,32;84;140;161;165,4,4,5,0,0,0,0.2,0.2,0.25,0.0,0.0,0.0,0,1,1.9991935999132693,11,9,714,44,5,,original_uniform_floor_plus_prior_scores,maximum_cardinality_certified_superset_of_eBH_then_maximum_testing_evalue_sum,200,4,4,exact_dyadic_prefix_or_HiGHS_QUBO_MILP,300.0,1
255,4e779c009506fd94d116a541099903d4d0bca15c770543641d5cf9d1f28b777c,proven_maximal,maximize_sum_testing_e_values_at_maximum_cardinality,proven_optimal,7838.860904517082,1.0,7838.860904517082,1,1,1,97,97,97,1,1,1,0,0,0,0.05,0.05,0.05,0.0,0.0,0.0,0,0,1.4620134998112917,9,8,636,49,1,,original_uniform_floor_plus_prior_scores,maximum_cardinality_certified_superset_of_eBH_then_maximum_testing_evalue_sum,200,1,1,exact_dyadic_prefix_or_HiGHS_QUBO_MILP,300.0,1
256,133afcbb7bc32c6c743836098665c9031635025ee6ac5713651dbf6c5d6d61f3,proven_maximal,maximize_sum_testing_e_values_at_maximum_cardinality,proven_optimal,41805.18183976934,1.0,41805.18183976934,1,1,1,156,156,156,1,1,1,0,0,0,0.05,0.05,0.05,0.0,0.0,0.0,0,0,1.6711227998603135,12,9,658,47,1,,original_uniform_floor_plus_prior_scores,maximum_cardinality_certified_superset_of_eBH_then_maximum_testing_evalue_sum,200,1,1,exact_dyadic_prefix_or_HiGHS_QUBO_MILP,300.0,1
257,b908cbfc280fe9c798462ccca0e274b582dfe2c03339a175deb1480579659385,proven_maximal,maximize_sum_testing_e_values_at_maximum_cardinality,proven_optimal,579526.9247766084,1.009648273413506,573988.9227139405,5,5,5,55;107;132;173;175,55;107;132;173;175,55;107;132;173;175,5,5,5,0,0,0,0.25,0.25,0.25,0.0,0.0,0.0,0,0,2.508023800095544,14,7,714,47,5,,original_uniform_floor_plus_prior_scores,maximum_cardinality_certified_superset_of_eBH_then_maximum_testing_evalue_sum,200,5,5,exact_dyadic_prefix_or_HiGHS_QUBO_MILP,300.0,1
258,5c5c4c7cd12871bcac1c1af20179f61c0b4533451c6eb4d163ce4dddbaf4a6b5,proven_maximal,maximize_sum_testing_e_values_at_maximum_cardinality,proven_optimal,21271.87524930301,1.170388816404771,18175.04999291302,2,2,2,27;31,27;31,27;31,2,2,2,0,0,0,0.1,0.1,0.1,0.0,0.0,0.0,0,0,1.5195735001470894,10,7,622,33,2,,original_uniform_floor_plus_prior_scores,maximum_cardinality_certified_superset_of_eBH_then_maximum_testing_evalue_sum,200,2,2,exact_dyadic_prefix_or_HiGHS_QUBO_MILP,300.0,1
259,640a0a36901fa331b641ab7ec3dca28f6043b639174df5d9c03c29efe40d3aa5,proven_maximal,maximize_sum_testing_e_values_at_maximum_cardinality,proven_optimal,39778.09857410121,1.6224008453388103,24518.04601087609,4,4,6,20;65;120;122,20;65;120;122,4;20;65;120;122;154,4,4,6,0,0,0,0.2,0.2,0.3,0.0,0.0,0.0,0,2,2.134032499976456,16,8,629,46,6,,original_uniform_floor_plus_prior_scores,maximum_cardinality_certified_superset_of_eBH_then_maximum_testing_evalue_sum,200,4,4,exact_dyadic_prefix_or_HiGHS_QUBO_MILP,300.0,1
260,495a1d11d6b8a9e950db86aa783d4a10186732a61f31b45bfbdd5372b83996f0,proven_maximal,maximize_sum_testing_e_values_at_maximum_cardinality,proven_optimal,46073.08261481672,1.854260489483294,24847.14681466108,6,6,7,41;112;129;132;150;184,41;112;129;132;150;184,41;112;129;132;133;150;184,6,6,7,0,0,0,0.3,0.3,0.35,0.0,0.0,0.0,0,1,1.8549309999216348,16,8,582,60,7,,original_uniform_floor_plus_prior_scores,maximum_cardinality_certified_superset_of_eBH_then_maximum_testing_evalue_sum,200,6,6,exact_dyadic_prefix_or_HiGHS_QUBO_MILP,300.0,1
261,af67ad08d12262c486e5b27254ecd5b9f479d7d5c7b5af70a6b21486c17417bb,proven_maximal,maximize_sum_testing_e_values_at_maximum_cardinality,proven_optimal,18607.379365957742,1.6260499611961272,11443.301134652776,8,8,10,16;27;50;61;93;109;116;194,16;27;50;61;93;109;116;194,16;27;50;61;93;109;116;134;149;194,8,8,10,0,0,0,0.4,0.4,0.5,0.0,0.0,0.0,0,2,2.9139222998637706,17,10,628,41,10,,original_uniform_floor_plus_prior_scores,maximum_cardinality_certified_superset_of_eBH_then_maximum_testing_evalue_sum,200,8,8,exact_dyadic_prefix_or_HiGHS_QUBO_MILP,300.0,1
262,7d6757323acda1ccd9d3dc1cf19b3587da60d6343a3d8f81236248d6e04e0db1,proven_maximal,maximize_sum_testing_e_values_at_maximum_cardinality,proven_optimal,8050.750335128613,1.4421392154651285,5582.505661585543,1,1,5,135,135,82;98;135;150;182,1,1,5,0,0,0,0.05,0.05,0.25,0.0,0.0,0.0,0,4,1.5560091999359429,9,8,689,42,5,,original_uniform_floor_plus_prior_scores,maximum_cardinality_certified_superset_of_eBH_then_maximum_testing_evalue_sum,200,1,1,exact_dyadic_prefix_or_HiGHS_QUBO_MILP,300.0,1
263,7a2c8ed897da451c7f4439d9954fc2b7234d0204da91890a3a61b86d006bab7b,proven_maximal,maximize_sum_testing_e_values_at_maximum_cardinality,proven_optimal,0.0,0.0,1187.7744647026852,0,0,0,,,,0,0,0,0,0,0,0.0,0.0,0.0,0.0,0.0,0.0,0,0,0.4590532002039253,3,3,300,38,0,,original_uniform_floor_plus_prior_scores,maximum_cardinality_certified_superset_of_eBH_then_maximum_testing_evalue_sum,200,0,0,exact_dyadic_prefix_or_HiGHS_QUBO_MILP,300.0,1
264,0211874373e4302dbee08552981f34e3f24e233faec9aa235e10ab4a07396bfa,proven_maximal,maximize_sum_testing_e_values_at_maximum_cardinality,proven_optimal,227609.0800515157,1.0425451790535671,218320.5913993497,3,3,4,16;91;134,16;91;134,16;91;134;142,3,3,4,0,0,0,0.15,0.15,0.2,0.0,0.0,0.0,0,1,1.0107613001018765,9,8,599,38,4,,original_uniform_floor_plus_prior_scores,maximum_cardinality_certified_superset_of_eBH_then_maximum_testing_evalue_sum,200,3,3,exact_dyadic_prefix_or_HiGHS_QUBO_MILP,300.0,1
265,c7c80d06f3630befe085ca47c3ed64ca58bce6290b2c2404d7bff7a3a5c65b5f,proven_maximal,maximize_sum_testing_e_values_at_maximum_cardinality,proven_optimal,16417.84367384894,1.61708887001558,10152.715771082365,5,5,5,9;46;91;113;130,9;46;91;113;130,9;46;91;113;130,5,5,5,0,0,0,0.25,0.25,0.25,0.0,0.0,0.0,0,0,1.9262861001770943,15,6,503,42,5,,original_uniform_floor_plus_prior_scores,maximum_cardinality_certified_superset_of_eBH_then_maximum_testing_evalue_sum,200,5,5,exact_dyadic_prefix_or_HiGHS_QUBO_MILP,300.0,1
266,0a159907fe575cb3167a5752828267957f1f6e9655ef5c23ac9de6a15b824222,proven_maximal,maximize_sum_testing_e_values_at_maximum_cardinality,proven_optimal,40263.59703945284,1.6225994445556051,24814.255406379834,4,4,9,25;74;98;102,25;74;98;102,5;15;25;74;98;102;114;151;194,4,4,9,0,0,0,0.2,0.2,0.45,0.0,0.0,0.0,0,5,2.039732200093568,11,10,725,58,9,,original_uniform_floor_plus_prior_scores,maximum_cardinality_certified_superset_of_eBH_then_maximum_testing_evalue_sum,200,4,4,exact_dyadic_prefix_or_HiGHS_QUBO_MILP,300.0,1
267,85c0d1531af3492a161181dbdc8bad5e3249e1d81d8007e0d5fa6238401aa142,proven_maximal,maximize_sum_testing_e_values_at_maximum_cardinality,proven_optimal,38540.6931927764,1.3689075555809656,28154.343246662625,4,4,6,33;97;139;192,33;97;139;192,23;33;76;97;139;192,4,4,6,0,0,0,0.2,0.2,0.3,0.0,0.0,0.0,0,2,1.805658800061792,15,7,592,38,6,,original_uniform_floor_plus_prior_scores,maximum_cardinality_certified_superset_of_eBH_then_maximum_testing_evalue_sum,200,4,4,exact_dyadic_prefix_or_HiGHS_QUBO_MILP,300.0,1
268,91b6d2a97679826e4c78e9c36757b7f3abbce2201eaddeb661a4e38bbeb3a2a2,proven_maximal,maximize_sum_testing_e_values_at_maximum_cardinality,proven_optimal,44602.41560116568,1.0537432990910325,42327.59120711855,2,2,2,22;146,22;146,22;146,2,2,2,0,0,0,0.1,0.1,0.1,0.0,0.0,0.0,0,0,1.3486804000567645,8,7,686,45,2,,original_uniform_floor_plus_prior_scores,maximum_cardinality_certified_superset_of_eBH_then_maximum_testing_evalue_sum,200,2,2,exact_dyadic_prefix_or_HiGHS_QUBO_MILP,300.0,1
269,2d02ee07fe8f0f1f992c13c242620ec2c64496e0c91fd42dbc499c58976137b9,proven_maximal,maximize_sum_testing_e_values_at_maximum_cardinality,proven_optimal,23629.999225425425,2.474532032696134,9549.27999039854,6,6,6,25;26;28;50;122;162,25;26;28;50;122;162,25;26;28;50;122;162,6,6,6,0,0,0,0.3,0.3,0.3,0.0,0.0,0.0,0,0,2.604945700149983,16,8,725,38,6,,original_uniform_floor_plus_prior_scores,maximum_cardinality_certified_superset_of_eBH_then_maximum_testing_evalue_sum,200,6,6,exact_dyadic_prefix_or_HiGHS_QUBO_MILP,300.0,1
270,79ecf45864a0ef7b4f5dd4e5c46f6c57668b46213872d7058d2d9c79c6bb3251,proven_maximal,maximize_sum_testing_e_values_at_maximum_cardinality,proven_optimal,11711.459875922594,1.1976007025808886,9779.102375845154,1,1,2,187,187,71;187,1,1,2,0,0,0,0.05,0.05,0.1,0.0,0.0,0.0,0,1,1.4708181999158114,12,9,737,48,2,,original_uniform_floor_plus_prior_scores,maximum_cardinality_certified_superset_of_eBH_then_maximum_testing_evalue_sum,200,1,1,exact_dyadic_prefix_or_HiGHS_QUBO_MILP,300.0,1
271,f13c6effe1b4c1ffb668283c5545354bde52c324970fa3bd9858756e8c2d849a,proven_maximal,maximize_sum_testing_e_values_at_maximum_cardinality,proven_optimal,11105.664650718967,1.6287937895118578,6818.336809871607,1,1,7,73,73,33;73;77;109;118;138;140,1,1,7,0,0,0,0.05,0.05,0.35,0.0,0.0,0.0,0,6,1.953156900126487,10,8,655,35,7,,original_uniform_floor_plus_prior_scores,maximum_cardinality_certified_superset_of_eBH_then_maximum_testing_evalue_sum,200,1,1,exact_dyadic_prefix_or_HiGHS_QUBO_MILP,300.0,1
272,042f20f3723a5122e64b68c152035f4c277597f4c727b04e0206ea046c001f39,proven_maximal,maximize_sum_testing_e_values_at_maximum_cardinality,proven_optimal,50858.37830777748,2.2825799981903123,22281.0934767234,4,4,6,63;73;157;175,63;73;157;175,63;73;155;157;174;175,4,4,6,0,0,0,0.2,0.2,0.3,0.0,0.0,0.0,0,2,2.0361178999301046,12,10,733,46,6,,original_uniform_floor_plus_prior_scores,maximum_cardinality_certified_superset_of_eBH_then_maximum_testing_evalue_sum,200,4,4,exact_dyadic_prefix_or_HiGHS_QUBO_MILP,300.0,1
273,4ddeb44feb0b8ec0362d5ee1dd305b50ae99d0159d0a9f1b224deead3546fa06,proven_maximal,maximize_sum_testing_e_values_at_maximum_cardinality,proven_optimal,11441.936452036094,1.0,11441.936452036094,1,1,1,13,13,13,1,1,1,0,0,0,0.05,0.05,0.05,0.0,0.0,0.0,0,0,1.1253118999302387,10,8,736,48,1,,original_uniform_floor_plus_prior_scores,maximum_cardinality_certified_superset_of_eBH_then_maximum_testing_evalue_sum,200,1,1,exact_dyadic_prefix_or_HiGHS_QUBO_MILP,300.0,1
274,695b9606bc4eb8913be636e6762c9eeff265ad7e0d0b9544cbb16a2308315f9c,proven_maximal,maximize_sum_testing_e_values_at_maximum_cardinality,proven_optimal,17251.848731096612,2.493048541801365,6919.981076113022,2,2,10,137;181,137;181,37;55;98;127;137;140;141;158;170;181,2,2,10,0,0,0,0.1,0.1,0.5,0.0,0.0,0.0,0,8,1.211105499882251,6,6,528,40,10,,original_uniform_floor_plus_prior_scores,maximum_cardinality_certified_superset_of_eBH_then_maximum_testing_evalue_sum,200,2,2,exact_dyadic_prefix_or_HiGHS_QUBO_MILP,300.0,1
275,e145cb1e48df5091f9d5b2d1b95e6b81bf252a07c911da6fa5618d2d111825f6,proven_maximal,maximize_sum_testing_e_values_at_maximum_cardinality,proven_optimal,0.0,0.0,316.3878503558633,0,0,0,,,,0,0,0,0,0,0,0.0,0.0,0.0,0.0,0.0,0.0,0,0,0.7078920998610556,3,3,300,39,0,,original_uniform_floor_plus_prior_scores,maximum_cardinality_certified_superset_of_eBH_then_maximum_testing_evalue_sum,200,0,0,exact_dyadic_prefix_or_HiGHS_QUBO_MILP,300.0,1
276,b3877c0f960d7e7fa8796d0323269cea9be36d9a79790c6c1e7b1930828bad45,proven_maximal,maximize_sum_testing_e_values_at_maximum_cardinality,proven_optimal,120004.52124509343,2.389769171654304,50215.94665648022,5,5,9,29;32;40;55;187,29;32;40;55;187,15;29;32;39;40;55;107;186;187,5,5,9,0,0,0,0.25,0.25,0.45,0.0,0.0,0.0,0,4,1.8605824999976903,12,11,533,34,9,,original_uniform_floor_plus_prior_scores,maximum_cardinality_certified_superset_of_eBH_then_maximum_testing_evalue_sum,200,5,5,exact_dyadic_prefix_or_HiGHS_QUBO_MILP,300.0,1
277,b27caf4fb2fc10e58c36f7f31dba7944abd78e178a27c7a287f6443ba17cbf63,proven_maximal,maximize_sum_testing_e_values_at_maximum_cardinality,proven_optimal,13100.71867087343,3.1380786458958183,4174.757916920723,8,8,10,15;52;54;68;74;87;126;146,15;52;54;68;74;87;126;146,15;52;54;68;74;87;99;126;146;150,8,8,10,0,0,0,0.4,0.4,0.5,0.0,0.0,0.0,0,2,1.6974522001110015,11,6,501,36,10,,original_uniform_floor_plus_prior_scores,maximum_cardinality_certified_superset_of_eBH_then_maximum_testing_evalue_sum,200,8,8,exact_dyadic_prefix_or_HiGHS_QUBO_MILP,300.0,1
278,16a6f70af3a530f46d409db8bc181858a2ec268726eae717419a7dd5480a3fbf,proven_maximal,maximize_sum_testing_e_values_at_maximum_cardinality,proven_optimal,7905.915853155253,3.937706075505443,2007.7465665439368,5,5,6,21;60;133;139;185,21;60;133;139;185,21;44;60;133;139;185,5,5,6,0,0,0,0.25,0.25,0.3,0.0,0.0,0.0,0,1,1.7005878000054508,8,7,540,35,6,,original_uniform_floor_plus_prior_scores,maximum_cardinality_certified_superset_of_eBH_then_maximum_testing_evalue_sum,200,5,5,exact_dyadic_prefix_or_HiGHS_QUBO_MILP,300.0,1
279,fd51c670df7d242785ef3200b21bd5e9fa2587c647513335265026e291e17426,proven_maximal,maximize_sum_testing_e_values_at_maximum_cardinality,proven_optimal,9815.254482701052,1.5637469037259355,6276.753903917746,1,1,6,143,143,9;27;36;143;172;185,1,1,6,0,0,0,0.05,0.05,0.3,0.0,0.0,0.0,0,5,1.860789800062776,12,9,766,50,6,,original_uniform_floor_plus_prior_scores,maximum_cardinality_certified_superset_of_eBH_then_maximum_testing_evalue_sum,200,1,1,exact_dyadic_prefix_or_HiGHS_QUBO_MILP,300.0,1
280,11e39df839b55baf388d1d6660fa381182a8aaf839a8220c7460d5e7b28d808d,proven_maximal,maximize_sum_testing_e_values_at_maximum_cardinality,proven_optimal,77598.6406513471,1.3511258386712997,57432.57839525724,3,3,3,43;57;109,43;57;109,43;57;109,3,3,3,0,0,0,0.15,0.15,0.15,0.0,0.0,0.0,0,0,1.9307891000062227,12,6,507,34,3,,original_uniform_floor_plus_prior_scores,maximum_cardinality_certified_superset_of_eBH_then_maximum_testing_evalue_sum,200,3,3,exact_dyadic_prefix_or_HiGHS_QUBO_MILP,300.0,1
281,2c8a3f488ef90adb1f3064ef328d8a4c67862768d4001740428170089a3f7763,proven_maximal,maximize_sum_testing_e_values_at_maximum_cardinality,proven_optimal,11138.302282601831,1.26978510717962,8771.801007606431,2,2,2,114;150,114;150,114;150,2,2,2,0,0,0,0.1,0.1,0.1,0.0,0.0,0.0,0,0,2.1542485000099987,12,8,699,38,2,,original_uniform_floor_plus_prior_scores,maximum_cardinality_certified_superset_of_eBH_then_maximum_testing_evalue_sum,200,2,2,exact_dyadic_prefix_or_HiGHS_QUBO_MILP,300.0,1
282,4f218e0dcf093007414baa13e16ead4011328a6716b018d51df4cbee4c453caa,proven_maximal,maximize_sum_testing_e_values_at_maximum_cardinality,proven_optimal,10252.65009247603,2.218418973436357,4621.60223800942,5,5,8,29;69;109;134;166,29;69;109;134;166,29;67;69;103;109;130;134;166,5,5,8,0,0,0,0.25,0.25,0.4,0.0,0.0,0.0,0,3,1.5794142000377178,8,7,581,41,8,,original_uniform_floor_plus_prior_scores,maximum_cardinality_certified_superset_of_eBH_then_maximum_testing_evalue_sum,200,5,5,exact_dyadic_prefix_or_HiGHS_QUBO_MILP,300.0,1
283,da682cc31d9b4b46b79dfe1c929857d14c310062f740fb337b693553cf35fea3,proven_maximal,maximize_sum_testing_e_values_at_maximum_cardinality,proven_optimal,11288.521120012623,4.1244968331079725,2736.945032760826,5,5,6,83;112;132;172;184,83;112;132;172;184,83;112;132;172;184;188,5,5,6,0,0,0,0.25,0.25,0.3,0.0,0.0,0.0,0,1,2.1034307999070734,16,12,1041,45,6,,original_uniform_floor_plus_prior_scores,maximum_cardinality_certified_superset_of_eBH_then_maximum_testing_evalue_sum,200,5,5,exact_dyadic_prefix_or_HiGHS_QUBO_MILP,300.0,1
284,4ac3df52ae779beaa709fa8fd867e1a45a8c6aa075edde37f6d79745a79c5513,proven_maximal,maximize_sum_testing_e_values_at_maximum_cardinality,proven_optimal,5504.780620137789,4.582095880279178,1201.3674012867652,0,0,6,,,31;110;118;120;181;182,0,0,6,0,0,0,0.0,0.0,0.3,0.0,0.0,0.0,0,6,2.0052459000144154,12,8,562,46,6,,original_uniform_floor_plus_prior_scores,maximum_cardinality_certified_superset_of_eBH_then_maximum_testing_evalue_sum,200,0,0,exact_dyadic_prefix_or_HiGHS_QUBO_MILP,300.0,1
285,c07f41274da16cf665ca9a791b72e2f5cc72d113152dee95a7c5957418123445,proven_maximal,maximize_sum_testing_e_values_at_maximum_cardinality,proven_optimal,123642.37213333083,1.5537512929007005,79576.68173681949,7,7,7,10;13;26;34;35;107;192,10;13;26;34;35;107;192,10;13;26;34;35;107;192,7,7,7,0,0,0,0.35,0.35,0.35,0.0,0.0,0.0,0,0,1.5217062002047896,8,7,609,44,7,,original_uniform_floor_plus_prior_scores,maximum_cardinality_certified_superset_of_eBH_then_maximum_testing_evalue_sum,200,7,7,exact_dyadic_prefix_or_HiGHS_QUBO_MILP,300.0,1
286,47f4db6303136aa31724663bd84cbd78202d2054ab801d0db2ebc9b55230e060,proven_maximal,maximize_sum_testing_e_values_at_maximum_cardinality,proven_optimal,0.0,0.0,1094.2413749209566,0,0,0,,,,0,0,0,0,0,0,0.0,0.0,0.0,0.0,0.0,0.0,0,0,0.6820010000374168,3,3,300,37,0,,original_uniform_floor_plus_prior_scores,maximum_cardinality_certified_superset_of_eBH_then_maximum_testing_evalue_sum,200,0,0,exact_dyadic_prefix_or_HiGHS_QUBO_MILP,300.0,1
287,1693ef12586537e4b3cd181e0caf2b8d8ab9790be2114d4529b9cdfe603568a2,proven_maximal,maximize_sum_testing_e_values_at_maximum_cardinality,proven_optimal,8124.675546372405,3.543943473625028,2292.552239288918,4,4,4,49;53;57;144,49;53;57;144,49;53;57;144,4,4,4,0,0,0,0.2,0.2,0.2,0.0,0.0,0.0,0,0,1.962544100126252,19,9,535,33,4,,original_uniform_floor_plus_prior_scores,maximum_cardinality_certified_superset_of_eBH_then_maximum_testing_evalue_sum,200,4,4,exact_dyadic_prefix_or_HiGHS_QUBO_MILP,300.0,1
288,59cc4fd74220b98d0883d8c45893d3870fcf18ecc056986aa185daaacfc85dfd,proven_maximal,maximize_sum_testing_e_values_at_maximum_cardinality,proven_optimal,25011.077110292303,2.868121450325539,8720.368904689683,7,7,8,11;43;71;92;104;133;150,11;43;71;92;104;133;150,11;43;57;71;92;104;133;150,7,7,8,0,0,0,0.35,0.35,0.4,0.0,0.0,0.0,0,1,3.1957463999278843,16,7,543,36,8,,original_uniform_floor_plus_prior_scores,maximum_cardinality_certified_superset_of_eBH_then_maximum_testing_evalue_sum,200,7,7,exact_dyadic_prefix_or_HiGHS_QUBO_MILP,300.0,1
289,121f1760a0a9f87e4b16c99a97a194244e5e736950b6c1cee0ccc9b184757ea9,proven_maximal,maximize_sum_testing_e_values_at_maximum_cardinality,proven_optimal,50609.04871202641,1.2916480704666689,39181.76310497758,2,2,7,56;161,56;161,50;56;82;137;141;161;189,2,2,7,0,0,0,0.1,0.1,0.35,0.0,0.0,0.0,0,5,2.287094899918884,11,9,736,44,7,,original_uniform_floor_plus_prior_scores,maximum_cardinality_certified_superset_of_eBH_then_maximum_testing_evalue_sum,200,2,2,exact_dyadic_prefix_or_HiGHS_QUBO_MILP,300.0,1
290,05fa976767020a0f7e61eec1097a9bb4016806eaa2b455da91a76e9b7ed00e86,proven_maximal,maximize_sum_testing_e_values_at_maximum_cardinality,proven_optimal,23940.752158569645,2.363952202629691,10127.426490238526,4,4,7,42;62;96;121,42;62;96;121,28;42;62;96;112;121;175,4,4,7,0,0,0,0.2,0.2,0.35,0.0,0.0,0.0,0,3,1.625512400176376,7,6,536,32,7,,original_uniform_floor_plus_prior_scores,maximum_cardinality_certified_superset_of_eBH_then_maximum_testing_evalue_sum,200,4,4,exact_dyadic_prefix_or_HiGHS_QUBO_MILP,300.0,1
291,6e8b40d827264bcbc4cd15600dfa34b60725969610b1de8b13c516ef8228954b,proven_maximal,maximize_sum_testing_e_values_at_maximum_cardinality,proven_optimal,93416.17658275856,1.0435891316296426,89514.32489228994,1,1,4,61,61,35;61;98;174,1,1,4,0,0,0,0.05,0.05,0.2,0.0,0.0,0.0,0,3,1.228572699939832,10,8,685,48,4,,original_uniform_floor_plus_prior_scores,maximum_cardinality_certified_superset_of_eBH_then_maximum_testing_evalue_sum,200,1,1,exact_dyadic_prefix_or_HiGHS_QUBO_MILP,300.0,1
292,070c352a788e1d8530acd6f144c023e47d26a44ba984d8a399a5c8564d9fc33d,proven_maximal,maximize_sum_testing_e_values_at_maximum_cardinality,proven_optimal,14293.940115557378,1.8830710142001104,7590.759991401145,4,4,4,14;35;107;115,14;35;107;115,14;35;107;115,4,4,4,0,0,0,0.2,0.2,0.2,0.0,0.0,0.0,0,0,2.826124799903482,16,7,499,40,4,,original_uniform_floor_plus_prior_scores,maximum_cardinality_certified_superset_of_eBH_then_maximum_testing_evalue_sum,200,4,4,exact_dyadic_prefix_or_HiGHS_QUBO_MILP,300.0,1
293,0c8cbfdc1d360a9f111ad0ba98ed16d573ab8122589050ab04bc5fe28b22dfac,proven_maximal,maximize_sum_testing_e_values_at_maximum_cardinality,proven_optimal,74509.7311705664,1.0698929388786524,69642.23097748411,2,2,2,61;96,61;96,61;96,2,2,2,0,0,0,0.1,0.1,0.1,0.0,0.0,0.0,0,0,1.0844026999548078,6,6,535,34,2,,original_uniform_floor_plus_prior_scores,maximum_cardinality_certified_superset_of_eBH_then_maximum_testing_evalue_sum,200,2,2,exact_dyadic_prefix_or_HiGHS_QUBO_MILP,300.0,1
294,b08871f0cdab2be09192df875943754c5fe9a2e01e64a6bb2a4a15a29b1b65ab,proven_maximal,maximize_sum_testing_e_values_at_maximum_cardinality,proven_optimal,205340.81638201053,1.1682785168252758,175763.58156444706,7,7,8,25;57;107;114;140;154;199,25;57;107;114;140;154;199,25;57;98;107;114;140;154;199,7,7,8,0,0,0,0.35,0.35,0.4,0.0,0.0,0.0,0,1,2.3318944999482483,18,11,1100,42,8,,original_uniform_floor_plus_prior_scores,maximum_cardinality_certified_superset_of_eBH_then_maximum_testing_evalue_sum,200,7,7,exact_dyadic_prefix_or_HiGHS_QUBO_MILP,300.0,1
295,e9e48bbe462e7df1d1d4b8807a9ec29aa09079360c9df61a1f8b02f9eaf8664d,proven_maximal,maximize_sum_testing_e_values_at_maximum_cardinality,proven_optimal,15519.103433233904,1.7450574960142051,8893.17599487712,4,4,5,6;94;139;192,6;94;139;192,6;94;133;139;192,4,4,5,0,0,0,0.2,0.2,0.25,0.0,0.0,0.0,0,1,3.783674599835649,20,11,933,43,5,,original_uniform_floor_plus_prior_scores,maximum_cardinality_certified_superset_of_eBH_then_maximum_testing_evalue_sum,200,4,4,exact_dyadic_prefix_or_HiGHS_QUBO_MILP,300.0,1
296,08cf34c7827125dcd2f03b25fd3a8c12287d2bf1c47b353b812cc33ceaa0c75a,proven_maximal,maximize_sum_testing_e_values_at_maximum_cardinality,proven_optimal,3090.731851933528,2.264561970944781,1364.8254680546747,0,0,3,,,81;181;186,0,0,3,0,0,0,0.0,0.0,0.15,0.0,0.0,0.0,0,3,1.859827100066468,12,10,573,42,3,,original_uniform_floor_plus_prior_scores,maximum_cardinality_certified_superset_of_eBH_then_maximum_testing_evalue_sum,200,0,0,exact_dyadic_prefix_or_HiGHS_QUBO_MILP,300.0,1
297,62bd6865122bd039aee2d46297455b344af2ca73060095e8ad04b20cafe895b5,proven_maximal,maximize_sum_testing_e_values_at_maximum_cardinality,proven_optimal,225595.02973892484,1.1706206846783151,192714.0299941975,2,2,3,125;194,125;194,15;125;194,2,2,3,0,0,0,0.1,0.1,0.15,0.0,0.0,0.0,0,1,2.4108694000169635,14,11,621,40,3,,original_uniform_floor_plus_prior_scores,maximum_cardinality_certified_superset_of_eBH_then_maximum_testing_evalue_sum,200,2,2,exact_dyadic_prefix_or_HiGHS_QUBO_MILP,300.0,1
298,79aea62ab476d74a96527488e2ece3c0626b98a962583e5c068083ac4ecb91c2,proven_maximal,maximize_sum_testing_e_values_at_maximum_cardinality,proven_optimal,91783.82512114546,1.6667906094999505,55066.20003617689,6,6,8,27;94;137;143;158;193,27;94;137;143;158;193,27;32;94;113;137;143;158;193,6,6,8,0,0,0,0.3,0.3,0.4,0.0,0.0,0.0,0,2,2.086759299971164,18,10,666,43,8,,original_uniform_floor_plus_prior_scores,maximum_cardinality_certified_superset_of_eBH_then_maximum_testing_evalue_sum,200,6,6,exact_dyadic_prefix_or_HiGHS_QUBO_MILP,300.0,1
299,3de8ee538e57e0726efd0ee5b25aff99171defd372df1fcdbe0320a6eb587342,proven_maximal,maximize_sum_testing_e_values_at_maximum_cardinality,proven_optimal,14046.593707202868,2.9174985880066022,4814.601715643086,3,3,4,25;30;137,25;30;137,25;30;95;137,3,3,4,0,0,0,0.15,0.15,0.2,0.0,0.0,0.0,0,1,2.5582830999046564,12,9,627,47,4,,original_uniform_floor_plus_prior_scores,maximum_cardinality_certified_superset_of_eBH_then_maximum_testing_evalue_sum,200,3,3,exact_dyadic_prefix_or_HiGHS_QUBO_MILP,300.0,1
300,7aefd4d57e26cb0b15583f5c0d78c862ba787f26e203565171697e1dd7c8ed5c,proven_maximal,maximize_sum_testing_e_values_at_maximum_cardinality,proven_optimal,23591.514881323263,1.7528264601533503,13459.127539219884,6,6,14,57;78;110;112;135;179,57;78;110;112;135;179,9;57;78;110;112;113;120;135;138;142;152;174;179;184,6,6,14,0,0,0,0.3,0.3,0.7,0.0,0.0,0.0,0,8,4.183859199983999,5,5,500,42,14,,original_uniform_floor_plus_prior_scores,maximum_cardinality_certified_superset_of_eBH_then_maximum_testing_evalue_sum,200,6,6,exact_dyadic_prefix_or_HiGHS_QUBO_MILP,300.0,1
301,0e6b0d8b4bc04d4a8ab0f3d58edef1bd534d236ccf94f2904e5877fa6036c86d,proven_maximal,maximize_sum_testing_e_values_at_maximum_cardinality,proven_optimal,86424.1723827381,1.036632330723056,83370.13020079823,1,1,6,175,175,44;135;159;175;180;195,1,1,6,0,0,0,0.05,0.05,0.3,0.0,0.0,0.0,0,5,0.9187845999840648,8,8,548,37,6,,original_uniform_floor_plus_prior_scores,maximum_cardinality_certified_superset_of_eBH_then_maximum_testing_evalue_sum,200,1,1,exact_dyadic_prefix_or_HiGHS_QUBO_MILP,300.0,1
302,b4dfca0820bda400dc1c4771a6375e71b155e5bc7d779fce3c192e9e3c97c95c,proven_maximal,maximize_sum_testing_e_values_at_maximum_cardinality,proven_optimal,158400.0497574745,1.666406713293808,95054.8557527004,5,5,6,5;33;69;91;104,5;33;69;91;104,5;33;51;69;91;104,5,5,6,0,0,0,0.25,0.25,0.3,0.0,0.0,0.0,0,1,3.4620538998860866,19,10,724,47,6,,original_uniform_floor_plus_prior_scores,maximum_cardinality_certified_superset_of_eBH_then_maximum_testing_evalue_sum,200,5,5,exact_dyadic_prefix_or_HiGHS_QUBO_MILP,300.0,1
303,8e8cf1cff52bfb43464197ad10eca060f2cca9b27861cd6ff8b3224c313db1e0,proven_maximal,maximize_sum_testing_e_values_at_maximum_cardinality,proven_optimal,24231.70793769529,1.2789278175069851,18946.892550144206,2,2,4,24;136,24;136,24;136;140;189,2,2,4,0,0,0,0.1,0.1,0.2,0.0,0.0,0.0,0,2,2.580012599937618,16,10,657,45,4,,original_uniform_floor_plus_prior_scores,maximum_cardinality_certified_superset_of_eBH_then_maximum_testing_evalue_sum,200,2,2,exact_dyadic_prefix_or_HiGHS_QUBO_MILP,300.0,1
304,b79aaf1b26d22b96a685b863f316d8a29440907b39e8eedacc6486a4d4df6cfc,proven_maximal,maximize_sum_testing_e_values_at_maximum_cardinality,proven_optimal,8135.426322128096,2.822389221394684,2882.460810315869,2,2,7,83;158,83;158,42;45;51;83;114;156;158,2,2,7,0,0,0,0.1,0.1,0.35,0.0,0.0,0.0,0,5,1.598406400065869,13,11,700,34,7,,original_uniform_floor_plus_prior_scores,maximum_cardinality_certified_superset_of_eBH_then_maximum_testing_evalue_sum,200,2,2,exact_dyadic_prefix_or_HiGHS_QUBO_MILP,300.0,1
305,6c0cc49dfa4da02993de6d454233e9bf4674f4cfda6a31e2f8e9b63183fdce61,proven_maximal,maximize_sum_testing_e_values_at_maximum_cardinality,proven_optimal,7578.47547046623,1.0,7578.47547046623,1,1,1,41,41,41,1,1,1,0,0,0,0.05,0.05,0.05,0.0,0.0,0.0,0,0,1.5310668998863548,7,6,491,32,1,,original_uniform_floor_plus_prior_scores,maximum_cardinality_certified_superset_of_eBH_then_maximum_testing_evalue_sum,200,1,1,exact_dyadic_prefix_or_HiGHS_QUBO_MILP,300.0,1
306,3d660a3f63c8f988183347ff0e8996e3e760b206133989d608c1a37f935cf8a8,proven_maximal,maximize_sum_testing_e_values_at_maximum_cardinality,proven_optimal,0.0,0.0,1242.7201934311522,0,0,0,,,,0,0,0,0,0,0,0.0,0.0,0.0,0.0,0.0,0.0,0,0,0.8433772001881152,3,3,300,37,0,,original_uniform_floor_plus_prior_scores,maximum_cardinality_certified_superset_of_eBH_then_maximum_testing_evalue_sum,200,0,0,exact_dyadic_prefix_or_HiGHS_QUBO_MILP,300.0,1
307,d313c8e5477a8170c862b53b03a111f2b6bdfc71baab9af0577226cc160d9077,proven_maximal,maximize_sum_testing_e_values_at_maximum_cardinality,proven_optimal,9561.04083273639,2.566052815731379,3725.971957444411,5,5,11,56;94;99;100;152,56;94;99;100;152,16;32;56;66;91;94;99;100;117;152;171,5,5,10,0,0,1,0.25,0.25,0.5,0.0,0.0,0.0909090909090909,0,6,2.335565799847245,9,8,596,32,11,,original_uniform_floor_plus_prior_scores,maximum_cardinality_certified_superset_of_eBH_then_maximum_testing_evalue_sum,200,5,5,exact_dyadic_prefix_or_HiGHS_QUBO_MILP,300.0,1
308,c7a6dc8e73b5cdff9fe7dc90620c313d90dbb656b6f11359174cb6533b73bce8,proven_maximal,maximize_sum_testing_e_values_at_maximum_cardinality,proven_optimal,16699.032690229895,2.299829338767506,7260.987764935209,5,5,6,11;58;89;153;199,11;58;89;153;199,11;58;89;153;173;199,5,5,6,0,0,0,0.25,0.25,0.3,0.0,0.0,0.0,0,1,2.890541900182143,17,13,674,52,6,,original_uniform_floor_plus_prior_scores,maximum_cardinality_certified_superset_of_eBH_then_maximum_testing_evalue_sum,200,5,5,exact_dyadic_prefix_or_HiGHS_QUBO_MILP,300.0,1
309,d9ceb6b0f1fbf6202b1353d327814e8ceeeceeb2a6678c65023dc776336bb05a,proven_maximal,maximize_sum_testing_e_values_at_maximum_cardinality,proven_optimal,15157.571891380258,1.3232335502744277,11454.94828803026,2,2,3,75;87,75;87,49;75;87,2,2,3,0,0,0,0.1,0.1,0.15,0.0,0.0,0.0,0,1,1.7127018999308348,8,7,693,46,3,,original_uniform_floor_plus_prior_scores,maximum_cardinality_certified_superset_of_eBH_then_maximum_testing_evalue_sum,200,2,2,exact_dyadic_prefix_or_HiGHS_QUBO_MILP,300.0,1
310,8e3d7b4d7944ea987f642329ba13ca285da4c9a041b4287e64c42df9fb8dda17,proven_maximal,maximize_sum_testing_e_values_at_maximum_cardinality,proven_optimal,44162.58170073022,1.0,44162.58170073022,1,1,1,115,115,115,1,1,1,0,0,0,0.05,0.05,0.05,0.0,0.0,0.0,0,0,2.4449251999612898,15,7,585,44,1,,original_uniform_floor_plus_prior_scores,maximum_cardinality_certified_superset_of_eBH_then_maximum_testing_evalue_sum,200,1,1,exact_dyadic_prefix_or_HiGHS_QUBO_MILP,300.0,1
311,19948e60bc5fe3f1f4f2031294cfe4253fc3dca40b1ec8898fbd124da832be38,proven_maximal,maximize_sum_testing_e_values_at_maximum_cardinality,proven_optimal,10950.590525641075,1.5662111051014125,6991.771728583182,5,5,5,2;63;150;171;174,2;63;150;171;174,2;63;150;171;174,5,5,5,0,0,0,0.25,0.25,0.25,0.0,0.0,0.0,0,0,3.0364413999486715,17,7,516,36,5,,original_uniform_floor_plus_prior_scores,maximum_cardinality_certified_superset_of_eBH_then_maximum_testing_evalue_sum,200,5,5,exact_dyadic_prefix_or_HiGHS_QUBO_MILP,300.0,1
312,e0c917c7f3dca6c7bece340c3fbd07fc7862416f13a7780e160f174127fd6c93,proven_maximal,maximize_sum_testing_e_values_at_maximum_cardinality,proven_optimal,48854.97141502942,1.1869498658757751,41160.09683271872,4,4,5,81;128;146;159,81;128;146;159,25;81;128;146;159,4,4,5,0,0,0,0.2,0.2,0.25,0.0,0.0,0.0,0,1,1.9861550000496209,13,8,622,57,5,,original_uniform_floor_plus_prior_scores,maximum_cardinality_certified_superset_of_eBH_then_maximum_testing_evalue_sum,200,4,4,exact_dyadic_prefix_or_HiGHS_QUBO_MILP,300.0,1
313,77e2fc92ae16ad56a82928138f39761460ff44f137d916b787727a021018a571,proven_maximal,maximize_sum_testing_e_values_at_maximum_cardinality,proven_optimal,37889.56486550771,1.2013997296835086,31537.85033353484,2,2,5,38;66,38;66,38;66;118;127;151,2,2,5,0,0,0,0.1,0.1,0.25,0.0,0.0,0.0,0,3,1.5587172000668943,10,9,575,44,5,,original_uniform_floor_plus_prior_scores,maximum_cardinality_certified_superset_of_eBH_then_maximum_testing_evalue_sum,200,2,2,exact_dyadic_prefix_or_HiGHS_QUBO_MILP,300.0,1
314,a9e021cf2c417f2498700410b1bd7fc642947bf6696fcca4d3a2f447447bac5b,proven_maximal,maximize_sum_testing_e_values_at_maximum_cardinality,proven_optimal,23541.104628363,2.131122305140384,11046.34143783328,4,4,12,101;103;157;173,101;103;157;173,8;9;40;84;98;101;103;117;154;157;173;185,4,4,12,0,0,0,0.2,0.2,0.6,0.0,0.0,0.0,0,8,2.4839135000947863,10,10,892,50,12,,original_uniform_floor_plus_prior_scores,maximum_cardinality_certified_superset_of_eBH_then_maximum_testing_evalue_sum,200,4,4,exact_dyadic_prefix_or_HiGHS_QUBO_MILP,300.0,1
315,ea34282bbe597ff591a874422fb201d1090c9a93c7307fc087b92decbdaa4a41,proven_maximal,maximize_sum_testing_e_values_at_maximum_cardinality,proven_optimal,22964.41349814478,2.1469192423567987,10696.449612578534,6,6,11,37;66;108;117;154;189,37;66;108;117;154;189,18;27;37;66;108;117;140;151;154;189;198,6,6,11,0,0,0,0.3,0.3,0.55,0.0,0.0,0.0,0,5,2.7340952998492867,14,9,517,35,11,,original_uniform_floor_plus_prior_scores,maximum_cardinality_certified_superset_of_eBH_then_maximum_testing_evalue_sum,200,6,6,exact_dyadic_prefix_or_HiGHS_QUBO_MILP,300.0,1
316,d2fe997e7c9de16bb0586baa656e3d74c692bbcc08c30429ad6e0dddae911e04,proven_maximal,maximize_sum_testing_e_values_at_maximum_cardinality,proven_optimal,11557.48320726649,4.07890682137834,2833.4756623248863,6,6,6,1;64;116;154;159;166,1;64;116;154;159;166,1;64;116;154;159;166,6,6,6,0,0,0,0.3,0.3,0.3,0.0,0.0,0.0,0,0,3.106663699960336,16,6,509,38,6,,original_uniform_floor_plus_prior_scores,maximum_cardinality_certified_superset_of_eBH_then_maximum_testing_evalue_sum,200,6,6,exact_dyadic_prefix_or_HiGHS_QUBO_MILP,300.0,1
317,16ee09a508714883959b55552af265bb9a8cdfa38d012dff0a15351aa48ee777,proven_maximal,maximize_sum_testing_e_values_at_maximum_cardinality,proven_optimal,18294.06076341116,1.7317847966365936,10563.703295548725,4,4,4,25;62;167;196,25;62;167;196,25;62;167;196,4,4,4,0,0,0,0.2,0.2,0.2,0.0,0.0,0.0,0,0,2.0128200999461114,17,7,582,45,4,,original_uniform_floor_plus_prior_scores,maximum_cardinality_certified_superset_of_eBH_then_maximum_testing_evalue_sum,200,4,4,exact_dyadic_prefix_or_HiGHS_QUBO_MILP,300.0,1
318,124a3b2cd0d1e034677cc60b53abe999b080358e895f63912093fef84298b577,proven_maximal,maximize_sum_testing_e_values_at_maximum_cardinality,proven_optimal,100313.3991823694,2.077985405894453,48274.35211903726,8,8,11,75;85;92;129;144;152;189;195,75;85;92;129;144;152;189;195,11;70;75;85;92;129;144;152;189;195;199,8,8,11,0,0,0,0.4,0.4,0.55,0.0,0.0,0.0,0,3,1.4151837001554668,8,7,577,35,11,,original_uniform_floor_plus_prior_scores,maximum_cardinality_certified_superset_of_eBH_then_maximum_testing_evalue_sum,200,8,8,exact_dyadic_prefix_or_HiGHS_QUBO_MILP,300.0,1
319,1eca02c2120db4e7bbf59a00c32f5d4510ddbc2773f0faa85f06a9fccd44116a,proven_maximal,maximize_sum_testing_e_values_at_maximum_cardinality,proven_optimal,97047.23874986112,1.2634656580974983,76810.34947637036,4,4,6,12;24;46;111,12;24;46;111,12;24;46;111;128;156,4,4,6,0,0,0,0.2,0.2,0.3,0.0,0.0,0.0,0,2,2.1141256000846624,19,11,638,35,6,,original_uniform_floor_plus_prior_scores,maximum_cardinality_certified_superset_of_eBH_then_maximum_testing_evalue_sum,200,4,4,exact_dyadic_prefix_or_HiGHS_QUBO_MILP,300.0,1
320,a634c6b608b59aa24caf4b2816bbb90f4432e515aa642bb39d774ef93597572a,proven_maximal,maximize_sum_testing_e_values_at_maximum_cardinality,proven_optimal,8674.427945832906,3.0381576275314166,2855.1605970757705,4,4,7,22;42;125;189,22;42;125;189,22;27;42;45;125;189;198,4,4,7,0,0,0,0.2,0.2,0.35,0.0,0.0,0.0,0,3,1.8050468999426807,10,9,611,48,7,,original_uniform_floor_plus_prior_scores,maximum_cardinality_certified_superset_of_eBH_then_maximum_testing_evalue_sum,200,4,4,exact_dyadic_prefix_or_HiGHS_QUBO_MILP,300.0,1
321,4eb07bcffc82d35e7c9f61862480f9d42615f6b2a913ae75db367a86b1e949ba,proven_maximal,maximize_sum_testing_e_values_at_maximum_cardinality,proven_optimal,8457.62024962602,5.294171732251609,1597.5341710400085,5,5,10,17;56;83;179;190,17;56;83;179;190,17;56;64;78;83;105;106;160;179;190,5,5,10,0,0,0,0.25,0.25,0.5,0.0,0.0,0.0,0,5,1.6060784999281168,9,8,511,37,10,,original_uniform_floor_plus_prior_scores,maximum_cardinality_certified_superset_of_eBH_then_maximum_testing_evalue_sum,200,5,5,exact_dyadic_prefix_or_HiGHS_QUBO_MILP,300.0,1
322,f8c53ba0bc6c04643da353cb1012875fa347f0fd2cefcb0cbc47a1d70de3fe1c,proven_maximal,maximize_sum_testing_e_values_at_maximum_cardinality,proven_optimal,10252.011167615929,2.1972495376284327,4665.838354746579,4,4,4,24;55;98;104,24;55;98;104,24;55;98;104,4,4,4,0,0,0,0.2,0.2,0.2,0.0,0.0,0.0,0,0,2.507485199952498,15,7,703,44,4,,original_uniform_floor_plus_prior_scores,maximum_cardinality_certified_superset_of_eBH_then_maximum_testing_evalue_sum,200,4,4,exact_dyadic_prefix_or_HiGHS_QUBO_MILP,300.0,1
323,3482eb0a15198c3d3680b35616d98335b32b91c32f11093c566d2301571c91a4,proven_maximal,maximize_sum_testing_e_values_at_maximum_cardinality,proven_optimal,63688.4165096873,2.1422599792493013,29729.54595921884,5,5,5,57;73;84;174;176,57;73;84;174;176,57;73;84;174;176,5,5,5,0,0,0,0.25,0.25,0.25,0.0,0.0,0.0,0,0,1.9504025001078844,11,9,861,43,5,,original_uniform_floor_plus_prior_scores,maximum_cardinality_certified_superset_of_eBH_then_maximum_testing_evalue_sum,200,5,5,exact_dyadic_prefix_or_HiGHS_QUBO_MILP,300.0,1
324,62041fd49ee473f66b32c72a7ddd70bdb02a39aedadbe65715c3bb1d720dda3c,proven_maximal,maximize_sum_testing_e_values_at_maximum_cardinality,proven_optimal,42099.204509508345,1.4729358103951184,28581.83242772483,3,3,3,45;91;130,45;91;130,45;91;130,3,3,3,0,0,0,0.15,0.15,0.15,0.0,0.0,0.0,0,0,1.3499485000502318,13,10,833,45,3,,original_uniform_floor_plus_prior_scores,maximum_cardinality_certified_superset_of_eBH_then_maximum_testing_evalue_sum,200,3,3,exact_dyadic_prefix_or_HiGHS_QUBO_MILP,300.0,1
325,f7900ffb031bee686d8cd39d13234a5eed6fed62db099e91153b54643d72980a,proven_maximal,maximize_sum_testing_e_values_at_maximum_cardinality,proven_optimal,3668.5142738230015,2.934027486576773,1250.3339831022438,0,0,4,,,113;130;148;191,0,0,4,0,0,0,0.0,0.0,0.2,0.0,0.0,0.0,0,4,1.1975874002091589,10,9,835,50,4,,original_uniform_floor_plus_prior_scores,maximum_cardinality_certified_superset_of_eBH_then_maximum_testing_evalue_sum,200,0,0,exact_dyadic_prefix_or_HiGHS_QUBO_MILP,300.0,1
326,0e3acb36cc64066ebd968701ba7866a8d4d8f436d7c550f400cea5a39857a60a,proven_maximal,maximize_sum_testing_e_values_at_maximum_cardinality,proven_optimal,77389.56101702224,1.6312360984049832,47442.28079104764,11,11,11,15;32;87;123;126;135;147;152;175;185;197,15;32;87;123;126;135;147;152;175;185;197,15;32;87;123;126;135;147;152;175;185;197,11,11,11,0,0,0,0.55,0.55,0.55,0.0,0.0,0.0,0,0,2.6476952000521123,16,8,712,52,11,,original_uniform_floor_plus_prior_scores,maximum_cardinality_certified_superset_of_eBH_then_maximum_testing_evalue_sum,200,11,11,exact_dyadic_prefix_or_HiGHS_QUBO_MILP,300.0,1
327,0a54f6237dcf39a6d8c7889944fe1700bad4272fb7ed15e3c71c78d5196c12f1,proven_maximal,maximize_sum_testing_e_values_at_maximum_cardinality,proven_optimal,43236.56055383002,1.0758374971773657,40188.74659720279,2,2,3,138;177,138;177,30;138;177,2,2,3,0,0,0,0.1,0.1,0.15,0.0,0.0,0.0,0,1,0.99615959986113,8,7,493,40,3,,original_uniform_floor_plus_prior_scores,maximum_cardinality_certified_superset_of_eBH_then_maximum_testing_evalue_sum,200,2,2,exact_dyadic_prefix_or_HiGHS_QUBO_MILP,300.0,1
328,2e1fcc0bcf98406ff2d7880c3f3fba0336ed5cda92b6abf091ad325f7bd6d03d,proven_maximal,maximize_sum_testing_e_values_at_maximum_cardinality,proven_optimal,44377.69219099649,1.0881785976708067,40781.6256320284,2,2,2,78;133,78;133,78;133,2,2,2,0,0,0,0.1,0.1,0.1,0.0,0.0,0.0,0,0,1.1638612998649478,10,7,596,30,2,,original_uniform_floor_plus_prior_scores,maximum_cardinality_certified_superset_of_eBH_then_maximum_testing_evalue_sum,200,2,2,exact_dyadic_prefix_or_HiGHS_QUBO_MILP,300.0,1
329,e6a62a2be541ed5fb23bb4ed054a29c97d6527455f3e926e72c59bfb2f4b3fac,proven_maximal,maximize_sum_testing_e_values_at_maximum_cardinality,proven_optimal,51056.95353400166,1.0550313559415418,48393.77829527815,1,1,6,39,39,31;39;68;109;110;158,1,1,6,0,0,0,0.05,0.05,0.3,0.0,0.0,0.0,0,5,1.733102099969983,11,10,654,40,6,,original_uniform_floor_plus_prior_scores,maximum_cardinality_certified_superset_of_eBH_then_maximum_testing_evalue_sum,200,1,1,exact_dyadic_prefix_or_HiGHS_QUBO_MILP,300.0,1
330,d0ffa37a1f506082bb1f9ccecdc7c50128e80fd54cea4f293ad69003d7684d95,proven_maximal,maximize_sum_testing_e_values_at_maximum_cardinality,proven_optimal,70124.69780090862,1.150242704641177,60965.13154828859,2,2,11,36;94,36;94,21;29;36;38;55;75;94;101;120;129;193,2,2,11,0,0,0,0.1,0.1,0.55,0.0,0.0,0.0,0,9,1.8108872000593688,11,10,838,43,11,,original_uniform_floor_plus_prior_scores,maximum_cardinality_certified_superset_of_eBH_then_maximum_testing_evalue_sum,200,2,2,exact_dyadic_prefix_or_HiGHS_QUBO_MILP,300.0,1
331,5dbc0adffbc2057bb6f0e66ecf9d086cde8f1d315e59949b14fdbbbd2398ca9c,proven_maximal,maximize_sum_testing_e_values_at_maximum_cardinality,proven_optimal,8470.508636436694,1.7872711695110004,4739.352808311811,3,3,4,12;33;97,12;33;97,12;33;97;98,3,3,4,0,0,0,0.15,0.15,0.2,0.0,0.0,0.0,0,1,1.0679631000384688,9,8,601,56,4,,original_uniform_floor_plus_prior_scores,maximum_cardinality_certified_superset_of_eBH_then_maximum_testing_evalue_sum,200,3,3,exact_dyadic_prefix_or_HiGHS_QUBO_MILP,300.0,1
332,3e1ee2800977f6820951337f0cdab78c423df8615319e2bc89b45895cd78bfae,proven_maximal,maximize_sum_testing_e_values_at_maximum_cardinality,proven_optimal,431001.8124910004,1.0077984275148153,427666.6848487064,1,1,5,180,180,17;41;106;180;191,1,1,5,0,0,0,0.05,0.05,0.25,0.0,0.0,0.0,0,4,1.137014599982649,11,10,521,32,5,,original_uniform_floor_plus_prior_scores,maximum_cardinality_certified_superset_of_eBH_then_maximum_testing_evalue_sum,200,1,1,exact_dyadic_prefix_or_HiGHS_QUBO_MILP,300.0,1
333,e7e38b387575501ce80605a4baa99ef52b323c443b0f9b9da45ca915bc282d06,proven_maximal,maximize_sum_testing_e_values_at_maximum_cardinality,proven_optimal,40666.1621779038,1.3995314017651403,29056.984449662323,8,8,13,3;13;31;83;90;95;191;193,3;13;31;83;90;95;191;193,3;5;13;18;25;31;44;83;90;95;115;191;193,8,8,13,0,0,0,0.4,0.4,0.65,0.0,0.0,0.0,0,5,3.3096364999655634,9,9,659,38,13,,original_uniform_floor_plus_prior_scores,maximum_cardinality_certified_superset_of_eBH_then_maximum_testing_evalue_sum,200,8,8,exact_dyadic_prefix_or_HiGHS_QUBO_MILP,300.0,1
334,0ffa6c3fd69bd52cbb475380dd4494d78431fc5b24ce71630bb23e54d07187e9,proven_maximal,maximize_sum_testing_e_values_at_maximum_cardinality,proven_optimal,29054.092779890296,2.0848153622812697,13936.050791614662,6,6,9,25;46;119;130;161;186,25;46;119;130;161;186,22;25;46;62;82;119;130;161;186,5,5,8,1,1,1,0.25,0.25,0.4,0.1666666666666666,0.1666666666666666,0.1111111111111111,0,3,2.534799600020051,14,10,902,43,9,,original_uniform_floor_plus_prior_scores,maximum_cardinality_certified_superset_of_eBH_then_maximum_testing_evalue_sum,200,6,6,exact_dyadic_prefix_or_HiGHS_QUBO_MILP,300.0,1
335,9da63b69f3a69cababa1d33bb72c477953c8e7f3b992f8ca327c36f3223f19aa,proven_maximal,maximize_sum_testing_e_values_at_maximum_cardinality,proven_optimal,58579.19917041909,1.3240203611573116,44243.42773642518,4,4,5,19;49;93;181,19;49;93;181,19;49;93;159;181,4,4,5,0,0,0,0.2,0.2,0.25,0.0,0.0,0.0,0,1,1.6730635000858456,14,10,814,48,5,,original_uniform_floor_plus_prior_scores,maximum_cardinality_certified_superset_of_eBH_then_maximum_testing_evalue_sum,200,4,4,exact_dyadic_prefix_or_HiGHS_QUBO_MILP,300.0,1
336,0e2fdb9ea8fa35448bc849741cf893336a89e63437e28e0f1c0d68ba78bb8630,proven_maximal,maximize_sum_testing_e_values_at_maximum_cardinality,proven_optimal,194961.2911112803,1.028987941262833,189468.9755761497,3,3,3,17;120;169,17;120;169,17;120;169,3,3,3,0,0,0,0.15,0.15,0.15,0.0,0.0,0.0,0,0,1.8885631000157448,18,8,541,38,3,,original_uniform_floor_plus_prior_scores,maximum_cardinality_certified_superset_of_eBH_then_maximum_testing_evalue_sum,200,3,3,exact_dyadic_prefix_or_HiGHS_QUBO_MILP,300.0,1
337,64b0f01020de3e0bba51d55812c2f07b104817c9cbc65a576f4a47aa852363af,proven_maximal,maximize_sum_testing_e_values_at_maximum_cardinality,proven_optimal,2256.7712845679966,1.0,2256.7712845679966,0,0,1,,,30,0,0,1,0,0,0,0.0,0.0,0.05,0.0,0.0,0.0,0,1,1.3418378001078963,11,8,615,45,1,,original_uniform_floor_plus_prior_scores,maximum_cardinality_certified_superset_of_eBH_then_maximum_testing_evalue_sum,200,0,0,exact_dyadic_prefix_or_HiGHS_QUBO_MILP,300.0,1
338,64972893ed3bcc1206e0e6cfdb75cd26aca622cfc33363dcaf3d7594da69020c,proven_maximal,maximize_sum_testing_e_values_at_maximum_cardinality,proven_optimal,50419.37768999745,1.2614579794789662,39969.12977697657,5,5,8,78;117;137;166;187,78;117;137;166;187,74;78;93;99;117;137;166;187,5,5,8,0,0,0,0.25,0.25,0.4,0.0,0.0,0.0,0,3,2.788650499889627,14,7,585,38,8,,original_uniform_floor_plus_prior_scores,maximum_cardinality_certified_superset_of_eBH_then_maximum_testing_evalue_sum,200,5,5,exact_dyadic_prefix_or_HiGHS_QUBO_MILP,300.0,1
339,e715e9f08e279ad71215cb4182b3dc1edea6d5c837204025d8a296953c88e28d,proven_maximal,maximize_sum_testing_e_values_at_maximum_cardinality,proven_optimal,26514.444106492443,1.7172360246977558,15440.186279087146,4,4,6,42;76;138;146,42;76;138;146,42;76;133;138;146;148,4,4,6,0,0,0,0.2,0.2,0.3,0.0,0.0,0.0,0,2,1.8814262999221685,15,7,523,38,6,,original_uniform_floor_plus_prior_scores,maximum_cardinality_certified_superset_of_eBH_then_maximum_testing_evalue_sum,200,4,4,exact_dyadic_prefix_or_HiGHS_QUBO_MILP,300.0,1
340,05bd15607c86a9569d95fb4046e8ebed12e759ef02ab33b22bd4c8d64dc9a867,proven_maximal,maximize_sum_testing_e_values_at_maximum_cardinality,proven_optimal,17578.193548293697,2.1321025004689163,8244.534934144911,4,4,5,7;34;111;182,7;34;111;182,7;34;111;141;182,4,4,5,0,0,0,0.2,0.2,0.25,0.0,0.0,0.0,0,1,2.289996900130064,12,10,737,50,5,,original_uniform_floor_plus_prior_scores,maximum_cardinality_certified_superset_of_eBH_then_maximum_testing_evalue_sum,200,4,4,exact_dyadic_prefix_or_HiGHS_QUBO_MILP,300.0,1
341,b635562c1ebc7ad016efd624c1abb8ee314a582a047ac3764f078088cd491ce0,proven_maximal,maximize_sum_testing_e_values_at_maximum_cardinality,proven_optimal,4528.893654402032,2.0649442205884414,2193.228082989789,0,0,4,,,23;100;146;198,0,0,4,0,0,0,0.0,0.0,0.2,0.0,0.0,0.0,0,4,1.3588966999668628,14,11,562,41,4,,original_uniform_floor_plus_prior_scores,maximum_cardinality_certified_superset_of_eBH_then_maximum_testing_evalue_sum,200,0,0,exact_dyadic_prefix_or_HiGHS_QUBO_MILP,300.0,1
342,ba84d1c19e761c2b89360bb0232a47364ac0a415f6cad305a3df957dbf6d9c15,proven_maximal,maximize_sum_testing_e_values_at_maximum_cardinality,proven_optimal,2101.233616174889,1.0,2101.233616174889,0,0,1,,,35,0,0,1,0,0,0,0.0,0.0,0.05,0.0,0.0,0.0,0,1,1.895830300170928,17,9,713,45,1,,original_uniform_floor_plus_prior_scores,maximum_cardinality_certified_superset_of_eBH_then_maximum_testing_evalue_sum,200,0,0,exact_dyadic_prefix_or_HiGHS_QUBO_MILP,300.0,1
343,f51d9675853313e092a4e230c836ec2626d02f44c3dae62ded7f3c98c7548715,proven_maximal,maximize_sum_testing_e_values_at_maximum_cardinality,proven_optimal,11188.589202668763,1.8834101837836896,5940.601414924588,2,2,2,76;119,76;119,76;119,2,2,2,0,0,0,0.1,0.1,0.1,0.0,0.0,0.0,0,0,2.03836390003562,19,9,675,52,2,,original_uniform_floor_plus_prior_scores,maximum_cardinality_certified_superset_of_eBH_then_maximum_testing_evalue_sum,200,2,2,exact_dyadic_prefix_or_HiGHS_QUBO_MILP,300.0,1
344,85c925d749ba674b7ff02ecfbdcbb33b6a8e81daf80e281dfd1b77d8ca735d2e,proven_maximal,maximize_sum_testing_e_values_at_maximum_cardinality,proven_optimal,6794.292916865574,2.055446957908006,3305.5063234425043,0,0,5,,,31;66;88;167;190,0,0,5,0,0,0,0.0,0.0,0.25,0.0,0.0,0.0,0,5,1.2285854001529517,6,6,506,42,5,,original_uniform_floor_plus_prior_scores,maximum_cardinality_certified_superset_of_eBH_then_maximum_testing_evalue_sum,200,0,0,exact_dyadic_prefix_or_HiGHS_QUBO_MILP,300.0,1
345,59879a961b0774e8ef334e5ccab6812716e76da8a6966600eddae310beaa7412,proven_maximal,maximize_sum_testing_e_values_at_maximum_cardinality,proven_optimal,4116.4925247166375,1.0,4116.4925247166375,1,1,1,6,6,6,1,1,1,0,0,0,0.05,0.05,0.05,0.0,0.0,0.0,0,0,2.9706864000763744,18,12,949,30,1,,original_uniform_floor_plus_prior_scores,maximum_cardinality_certified_superset_of_eBH_then_maximum_testing_evalue_sum,200,1,1,exact_dyadic_prefix_or_HiGHS_QUBO_MILP,300.0,1
346,cd92a985fc54f6cfb9e0fbd71bb4f12889d916d788ae4e0f502d39c0837bb4e4,proven_maximal,maximize_sum_testing_e_values_at_maximum_cardinality,proven_optimal,345706.21769299736,1.0233975510318762,337802.46722735174,3,3,7,16;82;166,16;82;166,16;82;91;139;166;173;182,3,3,7,0,0,0,0.15,0.15,0.35,0.0,0.0,0.0,0,4,1.1444337000139058,8,7,651,41,7,,original_uniform_floor_plus_prior_scores,maximum_cardinality_certified_superset_of_eBH_then_maximum_testing_evalue_sum,200,3,3,exact_dyadic_prefix_or_HiGHS_QUBO_MILP,300.0,1
347,5965042221e4a7aecfd67975aa3ed90aade8bbe9f72861918dbb61ab75d97867,proven_maximal,maximize_sum_testing_e_values_at_maximum_cardinality,proven_optimal,5036.606387813672,1.904207776702675,2644.987826136839,2,2,2,135;146,135;146,135;146,2,2,2,0,0,0,0.1,0.1,0.1,0.0,0.0,0.0,0,0,2.899284299928695,18,10,754,42,2,,original_uniform_floor_plus_prior_scores,maximum_cardinality_certified_superset_of_eBH_then_maximum_testing_evalue_sum,200,2,2,exact_dyadic_prefix_or_HiGHS_QUBO_MILP,300.0,1
348,40ac4fe785c5b84b53f308e2f9c4a4e0b19323cffa2e72a6fadc1388800d4b20,proven_maximal,maximize_sum_testing_e_values_at_maximum_cardinality,proven_optimal,19913.51479238005,1.5325028022140332,12994.113135460928,5,5,5,21;30;55;120;127,21;30;55;120;127,21;30;55;120;127,5,5,5,0,0,0,0.25,0.25,0.25,0.0,0.0,0.0,0,0,1.591120099881664,14,6,516,39,5,,original_uniform_floor_plus_prior_scores,maximum_cardinality_certified_superset_of_eBH_then_maximum_testing_evalue_sum,200,5,5,exact_dyadic_prefix_or_HiGHS_QUBO_MILP,300.0,1
349,febf8fc1716520eef63e3331825e9f94a652ba369b300a11673d2998eb6dd083,proven_maximal,maximize_sum_testing_e_values_at_maximum_cardinality,proven_optimal,59002.12813931261,1.4374095739463095,41047.54080448088,10,10,11,31;38;67;81;127;147;157;177;193;195,31;38;67;81;127;147;157;177;193;195,31;38;67;81;127;147;157;159;177;193;195,10,10,11,0,0,0,0.5,0.5,0.55,0.0,0.0,0.0,0,1,1.7060821000486612,10,5,500,43,11,,original_uniform_floor_plus_prior_scores,maximum_cardinality_certified_superset_of_eBH_then_maximum_testing_evalue_sum,200,10,10,exact_dyadic_prefix_or_HiGHS_QUBO_MILP,300.0,1
350,1c0ed48559a888d53bd89933850816b11cb84d9749a99272a05e7cb1a3488852,proven_maximal,maximize_sum_testing_e_values_at_maximum_cardinality,proven_optimal,54906.03735343512,1.132726525722462,48472.45659618998,2,2,5,30;147,30;147,14;30;32;106;147,2,2,5,0,0,0,0.1,0.1,0.25,0.0,0.0,0.0,0,3,1.325565999839455,13,11,638,49,5,,original_uniform_floor_plus_prior_scores,maximum_cardinality_certified_superset_of_eBH_then_maximum_testing_evalue_sum,200,2,2,exact_dyadic_prefix_or_HiGHS_QUBO_MILP,300.0,1
351,7d50b828d8b6e9d22cec8b36ef1c00cf5047054d405a65cb1feddaa4bdfa39bf,proven_maximal,maximize_sum_testing_e_values_at_maximum_cardinality,proven_optimal,92386.19914011032,1.2002250505327203,76974.06340511279,5,5,5,8;78;115;161;182,8;78;115;161;182,8;78;115;161;182,5,5,5,0,0,0,0.25,0.25,0.25,0.0,0.0,0.0,0,0,2.268104499904439,12,5,507,40,5,,original_uniform_floor_plus_prior_scores,maximum_cardinality_certified_superset_of_eBH_then_maximum_testing_evalue_sum,200,5,5,exact_dyadic_prefix_or_HiGHS_QUBO_MILP,300.0,1
352,61755b8cbf1d7e7033f5c2037bf3bb586fe15bf99c19dae70c9ac78104d9bed7,proven_maximal,maximize_sum_testing_e_values_at_maximum_cardinality,proven_optimal,11801.349586080025,1.6875645003131023,6993.12505322935,2,2,4,111;179,111;179,102;111;122;179,2,2,4,0,0,0,0.1,0.1,0.2,0.0,0.0,0.0,0,2,0.9899911000393332,9,8,549,48,4,,original_uniform_floor_plus_prior_scores,maximum_cardinality_certified_superset_of_eBH_then_maximum_testing_evalue_sum,200,2,2,exact_dyadic_prefix_or_HiGHS_QUBO_MILP,300.0,1
353,15fab2dcd25587c6f2d71ca13913b10404e59963697256c7634578eba3b0c679,proven_maximal,maximize_sum_testing_e_values_at_maximum_cardinality,proven_optimal,0.0,0.0,1114.8623481586587,0,0,0,,,,0,0,0,0,0,0,0.0,0.0,0.0,0.0,0.0,0.0,0,0,3.726525699952617,24,16,955,60,0,,original_uniform_floor_plus_prior_scores,maximum_cardinality_certified_superset_of_eBH_then_maximum_testing_evalue_sum,200,0,0,exact_dyadic_prefix_or_HiGHS_QUBO_MILP,300.0,1
354,af8ab3448e0f7847aba00e21e59bb85da56ec2d01572eaef0d8bfa6f7c4d5005,proven_maximal,maximize_sum_testing_e_values_at_maximum_cardinality,proven_optimal,3999.66410931891,1.5005564313147697,2665.4539781715853,0,0,2,,,130;162,0,0,2,0,0,0,0.0,0.0,0.1,0.0,0.0,0.0,0,2,1.206947699887678,9,7,630,51,2,,original_uniform_floor_plus_prior_scores,maximum_cardinality_certified_superset_of_eBH_then_maximum_testing_evalue_sum,200,0,0,exact_dyadic_prefix_or_HiGHS_QUBO_MILP,300.0,1
355,66ce815563a59fbfb776228a91fefbb230fb2cefb2a70cd5555e807524a633f2,proven_maximal,maximize_sum_testing_e_values_at_maximum_cardinality,proven_optimal,9870.166404816751,1.6930416099017125,5829.842779463496,2,2,4,65;76,65;76,55;65;76;90,2,2,4,0,0,0,0.1,0.1,0.2,0.0,0.0,0.0,0,2,2.054903600132093,17,12,895,50,4,,original_uniform_floor_plus_prior_scores,maximum_cardinality_certified_superset_of_eBH_then_maximum_testing_evalue_sum,200,2,2,exact_dyadic_prefix_or_HiGHS_QUBO_MILP,300.0,1
356,9a517afbc91f920c55874a0aa5264200664c800e0a694c6e8db3b817672f36df,proven_maximal,maximize_sum_testing_e_values_at_maximum_cardinality,proven_optimal,16533.69793365584,3.0025085233695403,5506.628142757455,3,3,8,133;153;189,133;153;189,58;69;112;130;133;153;188;189,3,3,8,0,0,0,0.15,0.15,0.4,0.0,0.0,0.0,0,5,2.4752825000323355,14,12,985,40,8,,original_uniform_floor_plus_prior_scores,maximum_cardinality_certified_superset_of_eBH_then_maximum_testing_evalue_sum,200,3,3,exact_dyadic_prefix_or_HiGHS_QUBO_MILP,300.0,1
357,a84ec45e1d01aa029b04a693957f7462b23ae1cc4557fb24037f3e86e2322c3c,proven_maximal,maximize_sum_testing_e_values_at_maximum_cardinality,proven_optimal,6512.544580420557,1.7377276210805783,3747.736124704535,2,2,2,29;92,29;92,29;92,2,2,2,0,0,0,0.1,0.1,0.1,0.0,0.0,0.0,0,0,1.5032084002159536,12,9,840,48,2,,original_uniform_floor_plus_prior_scores,maximum_cardinality_certified_superset_of_eBH_then_maximum_testing_evalue_sum,200,2,2,exact_dyadic_prefix_or_HiGHS_QUBO_MILP,300.0,1
358,c939aa842229d8d091f658eb34e498a6f625e04059dfdfff9de4ec71f3db0f8e,proven_maximal,maximize_sum_testing_e_values_at_maximum_cardinality,proven_optimal,0.0,0.0,1567.2419382920757,0,0,0,,,,0,0,0,0,0,0,0.0,0.0,0.0,0.0,0.0,0.0,0,0,0.4197597000747919,3,3,300,43,0,,original_uniform_floor_plus_prior_scores,maximum_cardinality_certified_superset_of_eBH_then_maximum_testing_evalue_sum,200,0,0,exact_dyadic_prefix_or_HiGHS_QUBO_MILP,300.0,1
359,e101581beac3e95ee71ec863be11957c64204d9b1e26baf8812a50d8096869cd,proven_maximal,maximize_sum_testing_e_values_at_maximum_cardinality,proven_optimal,0.0,0.0,740.8067853010309,0,0,0,,,,0,0,0,0,0,0,0.0,0.0,0.0,0.0,0.0,0.0,0,0,0.4193196000996977,3,3,300,48,0,,original_uniform_floor_plus_prior_scores,maximum_cardinality_certified_superset_of_eBH_then_maximum_testing_evalue_sum,200,0,0,exact_dyadic_prefix_or_HiGHS_QUBO_MILP,300.0,1
360,42a65f9d816ae7fbb03c2a054a70ac0bc394e5d6662a80839d4c6fb1d054fe7f,proven_maximal,maximize_sum_testing_e_values_at_maximum_cardinality,proven_optimal,19626.17996176395,1.524337053526266,12875.223308626191,4,4,4,53;115;122;196,53;115;122;196,53;115;122;196,4,4,4,0,0,0,0.2,0.2,0.2,0.0,0.0,0.0,0,0,1.7749228000175208,17,9,661,45,4,,original_uniform_floor_plus_prior_scores,maximum_cardinality_certified_superset_of_eBH_then_maximum_testing_evalue_sum,200,4,4,exact_dyadic_prefix_or_HiGHS_QUBO_MILP,300.0,1
361,64b1d4c4ca0ce7073321cff402e1e1472efa1473b19e1650dc2842bd0b1b5304,proven_maximal,maximize_sum_testing_e_values_at_maximum_cardinality,proven_optimal,17186.352405537327,1.1938252629959842,14396.03678884046,2,2,2,30;47,30;47,30;47,2,2,2,0,0,0,0.1,0.1,0.1,0.0,0.0,0.0,0,0,1.854783599963412,17,8,670,42,2,,original_uniform_floor_plus_prior_scores,maximum_cardinality_certified_superset_of_eBH_then_maximum_testing_evalue_sum,200,2,2,exact_dyadic_prefix_or_HiGHS_QUBO_MILP,300.0,1
362,7f72920288c98e7530da706d214951130101c4d859fe5a11ac0b65afbc2cc6d8,proven_maximal,maximize_sum_testing_e_values_at_maximum_cardinality,proven_optimal,14247.614458784608,2.705328853163364,5266.500019812656,6,6,6,4;7;15;94;162;180,4;7;15;94;162;180,4;7;15;94;162;180,6,6,6,0,0,0,0.3,0.3,0.3,0.0,0.0,0.0,0,0,1.4131306998897344,9,6,513,43,6,,original_uniform_floor_plus_prior_scores,maximum_cardinality_certified_superset_of_eBH_then_maximum_testing_evalue_sum,200,6,6,exact_dyadic_prefix_or_HiGHS_QUBO_MILP,300.0,1
363,f629001f5256874a14f71814aff9f2362f275c6e303f2a9dbc3697c81c08ca0f,proven_maximal,maximize_sum_testing_e_values_at_maximum_cardinality,proven_optimal,49972.32687467196,2.167027253081508,23060.31306418109,6,6,6,5;55;59;85;106;164,5;55;59;85;106;164,5;55;59;85;106;164,6,6,6,0,0,0,0.3,0.3,0.3,0.0,0.0,0.0,0,0,1.6641563999000937,9,8,760,43,6,,original_uniform_floor_plus_prior_scores,maximum_cardinality_certified_superset_of_eBH_then_maximum_testing_evalue_sum,200,6,6,exact_dyadic_prefix_or_HiGHS_QUBO_MILP,300.0,1
364,19969788708d4199bc339614a00bd2da794f2650f86a7b69d2709c2efe607080,proven_maximal,maximize_sum_testing_e_values_at_maximum_cardinality,proven_optimal,29119.79914673215,3.257592685375506,8939.054682146514,7,7,9,7;16;114;131;147;159;177,7;16;114;131;147;159;177,7;16;95;114;131;147;159;177;190,7,7,9,0,0,0,0.35,0.35,0.45,0.0,0.0,0.0,0,2,2.7286384000908583,13,6,501,31,9,,original_uniform_floor_plus_prior_scores,maximum_cardinality_certified_superset_of_eBH_then_maximum_testing_evalue_sum,200,7,7,exact_dyadic_prefix_or_HiGHS_QUBO_MILP,300.0,1
365,defbcedf21c72adc0970bf49df8dfdb8b6ca594a0c29c3e18e797638d3aedcf1,proven_maximal,maximize_sum_testing_e_values_at_maximum_cardinality,proven_optimal,10839.201300286755,1.0,10839.201300286755,1,1,1,16,16,16,1,1,1,0,0,0,0.05,0.05,0.05,0.0,0.0,0.0,0,0,1.7876434999052435,10,8,644,47,1,,original_uniform_floor_plus_prior_scores,maximum_cardinality_certified_superset_of_eBH_then_maximum_testing_evalue_sum,200,1,1,exact_dyadic_prefix_or_HiGHS_QUBO_MILP,300.0,1
366,19fd29717c4c46009d97e4ee75a12b9b49f7b218e7ffaffc64729a97f5373a7a,proven_maximal,maximize_sum_testing_e_values_at_maximum_cardinality,proven_optimal,4614.275957011611,2.5671679498443862,1797.4188082596288,0,0,4,,,46;50;68;196,0,0,4,0,0,0,0.0,0.0,0.2,0.0,0.0,0.0,0,4,1.0875814000610262,9,8,536,32,4,,original_uniform_floor_plus_prior_scores,maximum_cardinality_certified_superset_of_eBH_then_maximum_testing_evalue_sum,200,0,0,exact_dyadic_prefix_or_HiGHS_QUBO_MILP,300.0,1
367,99076f5abb01f727281d07d484ff75aa4e6fe929431f4a2627ef10feff4039ff,proven_maximal,maximize_sum_testing_e_values_at_maximum_cardinality,proven_optimal,11755.975204626926,1.2114448730397078,9704.094231815365,2,2,2,90;170,90;170,90;170,2,2,2,0,0,0,0.1,0.1,0.1,0.0,0.0,0.0,0,0,1.7084744998719543,8,6,668,44,2,,original_uniform_floor_plus_prior_scores,maximum_cardinality_certified_superset_of_eBH_then_maximum_testing_evalue_sum,200,2,2,exact_dyadic_prefix_or_HiGHS_QUBO_MILP,300.0,1
368,635ad11bbfd033f2e170be3e73505859ba6ee74a2ff6ac5ec07411ad56d449db,proven_maximal,maximize_sum_testing_e_values_at_maximum_cardinality,proven_optimal,26390.327515264355,1.385333648551122,19049.79897287934,3,3,3,81;108;185,81;108;185,81;108;185,3,3,3,0,0,0,0.15,0.15,0.15,0.0,0.0,0.0,0,0,1.1568577999714762,10,8,674,38,3,,original_uniform_floor_plus_prior_scores,maximum_cardinality_certified_superset_of_eBH_then_maximum_testing_evalue_sum,200,3,3,exact_dyadic_prefix_or_HiGHS_QUBO_MILP,300.0,1
369,0309f242ceeca74db0d6237bc4d8715a31dabe6172c6f2907125deda461a711a,proven_maximal,maximize_sum_testing_e_values_at_maximum_cardinality,proven_optimal,10532.484147918323,2.655582636399412,3966.1669735116434,4,4,5,39;144;173;198,39;144;173;198,31;39;144;173;198,4,4,5,0,0,0,0.2,0.2,0.25,0.0,0.0,0.0,0,1,1.7110925999004394,8,7,576,31,5,,original_uniform_floor_plus_prior_scores,maximum_cardinality_certified_superset_of_eBH_then_maximum_testing_evalue_sum,200,4,4,exact_dyadic_prefix_or_HiGHS_QUBO_MILP,300.0,1
370,738b888e21b42f9f8aa0875005541cb666d29df38a10ca62de3c0fed146d601b,proven_maximal,maximize_sum_testing_e_values_at_maximum_cardinality,proven_optimal,101431.06278893795,1.531288484897735,66239.02928109061,6,6,6,2;8;29;138;168;182,2;8;29;138;168;182,2;8;29;138;168;182,6,6,6,0,0,0,0.3,0.3,0.3,0.0,0.0,0.0,0,0,1.466957800090313,8,7,667,50,6,,original_uniform_floor_plus_prior_scores,maximum_cardinality_certified_superset_of_eBH_then_maximum_testing_evalue_sum,200,6,6,exact_dyadic_prefix_or_HiGHS_QUBO_MILP,300.0,1
371,9b198560409bff4045f5b1814fa9e52cd6584797a3fc5b79465704ed4e444877,proven_maximal,maximize_sum_testing_e_values_at_maximum_cardinality,proven_optimal,0.0,0.0,2008.921684444612,0,0,0,,,,0,0,0,0,0,0,0.0,0.0,0.0,0.0,0.0,0.0,0,0,1.6343283001333475,17,12,789,41,0,,original_uniform_floor_plus_prior_scores,maximum_cardinality_certified_superset_of_eBH_then_maximum_testing_evalue_sum,200,0,0,exact_dyadic_prefix_or_HiGHS_QUBO_MILP,300.0,1
372,0bf8ed40bb06b7873ed2f2f11e493627149ab49e27212a92afe9254e2b0163f6,proven_maximal,maximize_sum_testing_e_values_at_maximum_cardinality,proven_optimal,6112.899110590609,2.091028088705229,2923.394068023129,3,3,3,42;48;126,42;48;126,42;48;126,3,3,3,0,0,0,0.15,0.15,0.15,0.0,0.0,0.0,0,0,3.096023000078276,17,7,751,50,3,,original_uniform_floor_plus_prior_scores,maximum_cardinality_certified_superset_of_eBH_then_maximum_testing_evalue_sum,200,3,3,exact_dyadic_prefix_or_HiGHS_QUBO_MILP,300.0,1
373,0720e84e49805f0a24cacf6c8b2c94d0228c748bdb88aa56819a3a859dc6cd83,proven_maximal,maximize_sum_testing_e_values_at_maximum_cardinality,proven_optimal,36775.59015726373,1.7557113801059845,20946.261768288903,4,4,6,14;48;127;140,14;48;127;140,14;48;85;87;127;140,4,4,6,0,0,0,0.2,0.2,0.3,0.0,0.0,0.0,0,2,1.9681913000531488,9,8,673,39,6,,original_uniform_floor_plus_prior_scores,maximum_cardinality_certified_superset_of_eBH_then_maximum_testing_evalue_sum,200,4,4,exact_dyadic_prefix_or_HiGHS_QUBO_MILP,300.0,1
374,44c1cf0479ba4c8622521f34affd55219e6ffc457f8c116784d52948c22dee23,proven_maximal,maximize_sum_testing_e_values_at_maximum_cardinality,proven_optimal,10971.803674845618,3.3762344642711835,3249.71615299652,3,3,10,14;44;191,14;44;191,14;22;44;53;65;71;127;158;171;191,3,3,10,0,0,0,0.15,0.15,0.5,0.0,0.0,0.0,0,7,2.6537179001607,14,13,1124,50,10,,original_uniform_floor_plus_prior_scores,maximum_cardinality_certified_superset_of_eBH_then_maximum_testing_evalue_sum,200,3,3,exact_dyadic_prefix_or_HiGHS_QUBO_MILP,300.0,1
375,e6a4cb53afe4f079ed8d24423275124a2f8f2a7802a24e252aa48b0ccf96861b,proven_maximal,maximize_sum_testing_e_values_at_maximum_cardinality,proven_optimal,7611.85060381432,1.4618616094798875,5206.957043302151,1,1,4,84,84,10;42;47;84,1,1,4,0,0,0,0.05,0.05,0.2,0.0,0.0,0.0,0,3,1.158298100112006,9,8,673,49,4,,original_uniform_floor_plus_prior_scores,maximum_cardinality_certified_superset_of_eBH_then_maximum_testing_evalue_sum,200,1,1,exact_dyadic_prefix_or_HiGHS_QUBO_MILP,300.0,1
376,5a67432e98e21c26b183b3a547e67c39513457e438bbea7958d05acc1594b714,proven_maximal,maximize_sum_testing_e_values_at_maximum_cardinality,proven_optimal,4635.949422928507,2.731242058878372,1697.3777215602538,0,0,4,,,42;86;190;196,0,0,4,0,0,0,0.0,0.0,0.2,0.0,0.0,0.0,0,4,1.2667821000795811,11,10,744,47,4,,original_uniform_floor_plus_prior_scores,maximum_cardinality_certified_superset_of_eBH_then_maximum_testing_evalue_sum,200,0,0,exact_dyadic_prefix_or_HiGHS_QUBO_MILP,300.0,1
377,f2fd51eb92a0236771c6fc85ddb85db49f8c5a7b4d28be5870673bf130834989,proven_maximal,maximize_sum_testing_e_values_at_maximum_cardinality,proven_optimal,39746.70998373606,2.086050453678417,19053.57078667444,5,5,7,16;23;117;138;189,16;23;117;138;189,16;23;117;137;138;146;189,5,5,7,0,0,0,0.25,0.25,0.35,0.0,0.0,0.0,0,2,2.1144373998977244,13,11,778,41,7,,original_uniform_floor_plus_prior_scores,maximum_cardinality_certified_superset_of_eBH_then_maximum_testing_evalue_sum,200,5,5,exact_dyadic_prefix_or_HiGHS_QUBO_MILP,300.0,1
378,be20d5c348e365148bb8b227ca86ca43303da108687f0ce8bdcb6d31f4322b78,proven_maximal,maximize_sum_testing_e_values_at_maximum_cardinality,proven_optimal,0.0,0.0,2159.5719551095794,0,0,0,,,,0,0,0,0,0,0,0.0,0.0,0.0,0.0,0.0,0.0,0,0,3.2286326999310404,19,9,584,41,0,,original_uniform_floor_plus_prior_scores,maximum_cardinality_certified_superset_of_eBH_then_maximum_testing_evalue_sum,200,0,0,exact_dyadic_prefix_or_HiGHS_QUBO_MILP,300.0,1
379,a73fef7a2d82dd04690b84fc1b458335262cd4f444c9c6c907304429948fbac9,proven_maximal,maximize_sum_testing_e_values_at_maximum_cardinality,proven_optimal,13402.10959697309,3.102500003173545,4319.7774643881,6,6,9,14;75;80;127;172;173,14;75;80;127;172;173,14;28;75;80;125;127;172;173;175,6,6,9,0,0,0,0.3,0.3,0.45,0.0,0.0,0.0,0,3,2.74295650003478,14,8,477,39,9,,original_uniform_floor_plus_prior_scores,maximum_cardinality_certified_superset_of_eBH_then_maximum_testing_evalue_sum,200,6,6,exact_dyadic_prefix_or_HiGHS_QUBO_MILP,300.0,1
380,c7fa1711df7529fd3af6f758b82570c1e8fbff6f6a1aa08f47e4e36257d3b5d0,proven_maximal,maximize_sum_testing_e_values_at_maximum_cardinality,proven_optimal,26305.96048701817,1.2625699942219937,20835.249219769496,4,4,4,67;90;136;167,67;90;136;167,67;90;136;167,4,4,4,0,0,0,0.2,0.2,0.2,0.0,0.0,0.0,0,0,1.93027860019356,16,6,531,32,4,,original_uniform_floor_plus_prior_scores,maximum_cardinality_certified_superset_of_eBH_then_maximum_testing_evalue_sum,200,4,4,exact_dyadic_prefix_or_HiGHS_QUBO_MILP,300.0,1
381,364b2b0e1cfad0967af9d650b1373229b30dcaf913c81d2c2233c6c08cbbda99,proven_maximal,maximize_sum_testing_e_values_at_maximum_cardinality,proven_optimal,74737.2875848606,1.2253018724650024,60994.99989705213,5,5,6,21;85;105;174;184,21;85;105;174;184,21;85;105;122;174;184,5,5,6,0,0,0,0.25,0.25,0.3,0.0,0.0,0.0,0,1,1.6339126999955624,11,9,805,36,6,,original_uniform_floor_plus_prior_scores,maximum_cardinality_certified_superset_of_eBH_then_maximum_testing_evalue_sum,200,5,5,exact_dyadic_prefix_or_HiGHS_QUBO_MILP,300.0,1
382,5f32e7be74a523dc9bd634b79f867673a5afa1b64b6721d7689fd20a3b39745d,proven_maximal,maximize_sum_testing_e_values_at_maximum_cardinality,proven_optimal,59932.33850086797,1.28599850376726,46603.73890428299,2,2,2,20;79,20;79,20;79,2,2,2,0,0,0,0.1,0.1,0.1,0.0,0.0,0.0,0,0,1.6130776999052614,15,8,663,43,2,,original_uniform_floor_plus_prior_scores,maximum_cardinality_certified_superset_of_eBH_then_maximum_testing_evalue_sum,200,2,2,exact_dyadic_prefix_or_HiGHS_QUBO_MILP,300.0,1
383,8846bbf09f022d0616b015c66f248f240afa4f106cc751cbd969ed7bc519fae9,proven_maximal,maximize_sum_testing_e_values_at_maximum_cardinality,proven_optimal,33922.524742407884,1.555057497290249,21814.32185081212,4,4,8,80;88;119;121,80;88;119;121,2;80;88;119;121;146;179;187,4,4,8,0,0,0,0.2,0.2,0.4,0.0,0.0,0.0,0,4,1.3672694000415504,7,7,534,46,8,,original_uniform_floor_plus_prior_scores,maximum_cardinality_certified_superset_of_eBH_then_maximum_testing_evalue_sum,200,4,4,exact_dyadic_prefix_or_HiGHS_QUBO_MILP,300.0,1
384,513c19bd1c84e3ab9ed73db24ddab4eb85b93c1d8e1efbf9dbe382a7731fa34a,proven_maximal,maximize_sum_testing_e_values_at_maximum_cardinality,proven_optimal,0.0,0.0,2303.563840701946,0,0,0,,,,0,0,0,0,0,0,0.0,0.0,0.0,0.0,0.0,0.0,0,0,3.2541187000460923,19,13,1039,50,0,,original_uniform_floor_plus_prior_scores,maximum_cardinality_certified_superset_of_eBH_then_maximum_testing_evalue_sum,200,0,0,exact_dyadic_prefix_or_HiGHS_QUBO_MILP,300.0,1
385,68307106ef2fff759ee3a867db7c2a6ebb473bd36578da34eb2454780bcb760b,proven_maximal,maximize_sum_testing_e_values_at_maximum_cardinality,proven_optimal,16646.692059842575,3.100782405848157,5368.545702673777,6,6,9,8;11;93;138;157;167,8;11;93;138;157;167,8;11;14;92;93;138;152;157;167,6,6,9,0,0,0,0.3,0.3,0.45,0.0,0.0,0.0,0,3,2.2045364999212325,13,10,832,47,9,,original_uniform_floor_plus_prior_scores,maximum_cardinality_certified_superset_of_eBH_then_maximum_testing_evalue_sum,200,6,6,exact_dyadic_prefix_or_HiGHS_QUBO_MILP,300.0,1
386,d1abf8b333e257c960d2e2396baa9eb05a726296e862248353e65afd600dd114,proven_maximal,maximize_sum_testing_e_values_at_maximum_cardinality,proven_optimal,6726.046010738355,3.3599818335496163,2001.8102311085108,0,0,8,,,20;66;90;94;99;116;194;198,0,0,8,0,0,0,0.0,0.0,0.4,0.0,0.0,0.0,0,8,1.2441290998831391,9,8,645,28,8,,original_uniform_floor_plus_prior_scores,maximum_cardinality_certified_superset_of_eBH_then_maximum_testing_evalue_sum,200,0,0,exact_dyadic_prefix_or_HiGHS_QUBO_MILP,300.0,1
387,0113bf37b663ef27f834820b7e1395c3be40568b814bf57909e39a26c0733f84,proven_maximal,maximize_sum_testing_e_values_at_maximum_cardinality,proven_optimal,10003.30389559319,1.3346515687005176,7495.067724179801,1,1,3,114,114,13;91;114,1,1,3,0,0,0,0.05,0.05,0.15,0.0,0.0,0.0,0,2,3.650019999826327,23,18,1012,41,3,,original_uniform_floor_plus_prior_scores,maximum_cardinality_certified_superset_of_eBH_then_maximum_testing_evalue_sum,200,1,1,exact_dyadic_prefix_or_HiGHS_QUBO_MILP,1200.0,1
388,742c54a3303ae7c7ead5d826e205777362794446ab6e8a529d5601bfc8251e89,proven_maximal,maximize_sum_testing_e_values_at_maximum_cardinality,proven_optimal,16122.127263458246,2.04586074212897,7880.363961958225,5,5,9,7;82;101;172;184,7;82;101;172;184,7;32;49;82;101;120;172;184;186,5,5,9,0,0,0,0.25,0.25,0.45,0.0,0.0,0.0,0,4,0.9815139998681844,7,7,543,40,9,,original_uniform_floor_plus_prior_scores,maximum_cardinality_certified_superset_of_eBH_then_maximum_testing_evalue_sum,200,5,5,exact_dyadic_prefix_or_HiGHS_QUBO_MILP,300.0,1
389,09cc3479ae6dddad75cfc17bfd9439048cc52c2842b10c05e0f34da62e9adb67,proven_maximal,maximize_sum_testing_e_values_at_maximum_cardinality,proven_optimal,4777.749618735111,1.0,4777.749618735111,1,1,1,163,163,163,1,1,1,0,0,0,0.05,0.05,0.05,0.0,0.0,0.0,0,0,2.240433800034225,16,7,634,38,1,,original_uniform_floor_plus_prior_scores,maximum_cardinality_certified_superset_of_eBH_then_maximum_testing_evalue_sum,200,1,1,exact_dyadic_prefix_or_HiGHS_QUBO_MILP,1200.0,1
390,c810506161fce580c2dcb060ccb7b913c0650af84d7842d9d3c595b7af1deea3,proven_maximal,maximize_sum_testing_e_values_at_maximum_cardinality,proven_optimal,0.0,0.0,368.9734454877005,0,0,0,,,,0,0,0,0,0,0,0.0,0.0,0.0,0.0,0.0,0.0,0,0,0.4585775998421013,3,3,300,37,0,,original_uniform_floor_plus_prior_scores,maximum_cardinality_certified_superset_of_eBH_then_maximum_testing_evalue_sum,200,0,0,exact_dyadic_prefix_or_HiGHS_QUBO_MILP,300.0,1
391,5c593bb31f9b0582ce6c4574b225e0bbbc4d73f5a0817870ef647f1adf8505b2,proven_maximal,maximize_sum_testing_e_values_at_maximum_cardinality,proven_optimal,30227.784898855563,1.4252896978391767,21208.169079368687,2,2,2,10;33,10;33,10;33,2,2,2,0,0,0,0.1,0.1,0.1,0.0,0.0,0.0,0,0,1.584161600098014,10,8,580,40,2,,original_uniform_floor_plus_prior_scores,maximum_cardinality_certified_superset_of_eBH_then_maximum_testing_evalue_sum,200,2,2,exact_dyadic_prefix_or_HiGHS_QUBO_MILP,1200.0,1
392,93b26124ff83f68fccebf6151e2df8f752e834119a877ad3b2a783aef444063b,proven_maximal,maximize_sum_testing_e_values_at_maximum_cardinality,proven_optimal,212333.8352335593,1.188673068664546,178630.9800659594,2,2,4,1;41,1;41,1;41;114;130,2,2,4,0,0,0,0.1,0.1,0.2,0.0,0.0,0.0,0,2,1.7129732000175864,12,10,579,34,4,,original_uniform_floor_plus_prior_scores,maximum_cardinality_certified_superset_of_eBH_then_maximum_testing_evalue_sum,200,2,2,exact_dyadic_prefix_or_HiGHS_QUBO_MILP,1200.0,1
393,205495f399fb83c7ba3c45668fa7c8495c9f9e143b06f152ea2bdf0f4d562056,proven_maximal,maximize_sum_testing_e_values_at_maximum_cardinality,proven_optimal,3604.392495006411,1.7027341200816266,2116.826375003058,0,0,2,,,91;142,0,0,2,0,0,0,0.0,0.0,0.1,0.0,0.0,0.0,0,2,2.0282606999389827,11,7,548,48,2,,original_uniform_floor_plus_prior_scores,maximum_cardinality_certified_superset_of_eBH_then_maximum_testing_evalue_sum,200,0,0,exact_dyadic_prefix_or_HiGHS_QUBO_MILP,1200.0,1
394,e73599ce4ca6083c9335a44319ab831101fc1c0afd4c7ca322a2c17835b387df,proven_maximal,maximize_sum_testing_e_values_at_maximum_cardinality,proven_optimal,0.0,0.0,617.1464841577518,0,0,0,,,,0,0,0,0,0,0,0.0,0.0,0.0,0.0,0.0,0.0,0,0,0.8546078999061137,3,3,300,51,0,,original_uniform_floor_plus_prior_scores,maximum_cardinality_certified_superset_of_eBH_then_maximum_testing_evalue_sum,200,0,0,exact_dyadic_prefix_or_HiGHS_QUBO_MILP,1200.0,1
395,7f227cbb157e20a8e6956125dee0db528c3c684b9cd0a33a7641634288502588,proven_maximal,maximize_sum_testing_e_values_at_maximum_cardinality,proven_optimal,23170.63720471188,2.316259811670799,10003.470719460478,7,7,9,10;111;115;122;135;160;197,10;111;115;122;135;160;197,10;92;111;115;122;128;135;160;197,7,7,9,0,0,0,0.35,0.35,0.45,0.0,0.0,0.0,0,2,2.777669599978253,14,6,450,27,9,,original_uniform_floor_plus_prior_scores,maximum_cardinality_certified_superset_of_eBH_then_maximum_testing_evalue_sum,200,7,7,exact_dyadic_prefix_or_HiGHS_QUBO_MILP,1200.0,1
396,8727aa58f89f08bf591e266fb6e1e8f3d401a10a04ccae206aba09e11cb8808a,proven_maximal,maximize_sum_testing_e_values_at_maximum_cardinality,proven_optimal,12627.953329577063,4.375029735737603,2886.369714570196,7,7,7,38;70;93;146;165;194;197,38;70;93;146;165;194;197,38;70;93;146;165;194;197,7,7,7,0,0,0,0.35,0.35,0.35,0.0,0.0,0.0,0,0,2.657187100034207,16,8,643,49,7,,original_uniform_floor_plus_prior_scores,maximum_cardinality_certified_superset_of_eBH_then_maximum_testing_evalue_sum,200,7,7,exact_dyadic_prefix_or_HiGHS_QUBO_MILP,1200.0,1
397,22ae9662f4b0abc25ae33192aeb028d52d85fdb60f2aff47d5ffc7ba9e532e9e,proven_maximal,maximize_sum_testing_e_values_at_maximum_cardinality,proven_optimal,9119.843328439025,1.0,9119.843328439025,1,1,1,106,106,106,1,1,1,0,0,0,0.05,0.05,0.05,0.0,0.0,0.0,0,0,0.8604624001309276,7,7,505,36,1,,original_uniform_floor_plus_prior_scores,maximum_cardinality_certified_superset_of_eBH_then_maximum_testing_evalue_sum,200,1,1,exact_dyadic_prefix_or_HiGHS_QUBO_MILP,1200.0,1
398,e456b7f002388021160572e55eecd19dad839f462605a569b9e4ae50bcf6a658,proven_maximal,maximize_sum_testing_e_values_at_maximum_cardinality,proven_optimal,14450.18522295145,2.702028503172802,5347.9025872538405,9,9,10,11;17;65;66;80;95;100;133;188,11;17;65;66;80;95;100;133;188,11;17;65;66;75;80;95;100;133;188,9,9,10,0,0,0,0.45,0.45,0.5,0.0,0.0,0.0,0,1,3.171203500125557,17,8,597,50,10,,original_uniform_floor_plus_prior_scores,maximum_cardinality_certified_superset_of_eBH_then_maximum_testing_evalue_sum,200,9,9,exact_dyadic_prefix_or_HiGHS_QUBO_MILP,1200.0,1
399,2cbd6e28106eeceb9fae031e8a804e5ad1c85ca25210b1673f395b8ee34129f1,proven_maximal,maximize_sum_testing_e_values_at_maximum_cardinality,proven_optimal,64013.74118566021,1.535449234855064,41690.56177992278,4,4,4,44;83;95;175,44;83;95;175,44;83;95;175,4,4,4,0,0,0,0.2,0.2,0.2,0.0,0.0,0.0,0,0,3.019746599951759,17,7,616,40,4,,original_uniform_floor_plus_prior_scores,maximum_cardinality_certified_superset_of_eBH_then_maximum_testing_evalue_sum,200,4,4,exact_dyadic_prefix_or_HiGHS_QUBO_MILP,1200.0,1
400,9eed13ae81525a09619e82f56c55dca010f955c054cc5209853ccc38709eb923,proven_maximal,maximize_sum_testing_e_values_at_maximum_cardinality,proven_optimal,17021.023358735678,1.601446229060745,10628.532541313349,2,2,3,7;156,7;156,7;146;156,2,2,3,0,0,0,0.1,0.1,0.15,0.0,0.0,0.0,0,1,3.444211699999869,16,7,618,34,3,,original_uniform_floor_plus_prior_scores,maximum_cardinality_certified_superset_of_eBH_then_maximum_testing_evalue_sum,200,2,2,exact_dyadic_prefix_or_HiGHS_QUBO_MILP,1200.0,1
401,d8ea15c2ca704e2f12f5e12133a088a5960a6a3369a909d591433a986550d32f,proven_maximal,maximize_sum_testing_e_values_at_maximum_cardinality,proven_optimal,19835.739623115845,1.9922340688104776,9956.530677622315,4,4,8,36;109;142;154,36;109;142;154,26;36;44;82;109;132;142;154,4,4,8,0,0,0,0.2,0.2,0.4,0.0,0.0,0.0,0,4,2.8686675999779254,15,9,550,43,8,,original_uniform_floor_plus_prior_scores,maximum_cardinality_certified_superset_of_eBH_then_maximum_testing_evalue_sum,200,4,4,exact_dyadic_prefix_or_HiGHS_QUBO_MILP,1200.0,1
402,b869582de0bdc2ca4b92b3adccecc5aafccd6fb391d5c0efc54d38de2261065d,proven_maximal,maximize_sum_testing_e_values_at_maximum_cardinality,proven_optimal,20543.697783104966,2.811549688025497,7306.894795635802,8,8,9,7;44;75;86;128;176;192;197,7;44;75;86;128;176;192;197,7;44;75;86;123;128;176;192;197,8,8,9,0,0,0,0.4,0.4,0.45,0.0,0.0,0.0,0,1,1.91561619983986,12,6,545,51,9,,original_uniform_floor_plus_prior_scores,maximum_cardinality_certified_superset_of_eBH_then_maximum_testing_evalue_sum,200,8,8,exact_dyadic_prefix_or_HiGHS_QUBO_MILP,1200.0,1
403,2cbe44aabf2eb81d29ee487c75e493396a4a9b76012a03351efc8ed38ad6bdb1,proven_maximal,maximize_sum_testing_e_values_at_maximum_cardinality,proven_optimal,27341.417309865377,1.2533990272757265,21813.817240062952,2,2,5,47;82,47;82,2;47;62;82;132,2,2,5,0,0,0,0.1,0.1,0.25,0.0,0.0,0.0,0,3,2.461690600030124,15,8,526,48,5,,original_uniform_floor_plus_prior_scores,maximum_cardinality_certified_superset_of_eBH_then_maximum_testing_evalue_sum,200,2,2,exact_dyadic_prefix_or_HiGHS_QUBO_MILP,1200.0,1
404,85118e6b66538a1ee738a45c1f1e4a9e000958b73cd859a55d650e5620964439,proven_maximal,maximize_sum_testing_e_values_at_maximum_cardinality,proven_optimal,25795.89723450176,2.342367177307098,11012.747055377542,5,5,8,8;75;80;167;178,8;75;80;167;178,8;26;62;75;80;167;178;189,5,5,8,0,0,0,0.25,0.25,0.4,0.0,0.0,0.0,0,3,2.794107200112194,14,7,577,38,8,,original_uniform_floor_plus_prior_scores,maximum_cardinality_certified_superset_of_eBH_then_maximum_testing_evalue_sum,200,5,5,exact_dyadic_prefix_or_HiGHS_QUBO_MILP,1200.0,1
405,22bfbc27432a753b39edc9d579cf3270435a04a83a8d3f9ffa42e4fa082b6053,proven_maximal,maximize_sum_testing_e_values_at_maximum_cardinality,proven_optimal,61573.483250909325,2.425626638952503,25384.56754313169,6,6,7,1;79;93;95;168;194,1;79;93;95;168;194,1;79;93;95;167;168;194,6,6,7,0,0,0,0.3,0.3,0.35,0.0,0.0,0.0,0,1,1.3320385001134127,8,5,467,37,7,,original_uniform_floor_plus_prior_scores,maximum_cardinality_certified_superset_of_eBH_then_maximum_testing_evalue_sum,200,6,6,exact_dyadic_prefix_or_HiGHS_QUBO_MILP,1200.0,1
406,5ab7549b70dd6b18f4e34637b7736c619439aea27984b3e1f3f601bbe93a3590,proven_maximal,maximize_sum_testing_e_values_at_maximum_cardinality,proven_optimal,27930.0299646568,4.466393577746975,6253.374110112752,6,6,8,21;37;57;107;123;184,21;37;57;107;123;184,21;37;57;95;107;123;130;184,6,6,8,0,0,0,0.3,0.3,0.4,0.0,0.0,0.0,0,2,3.162557999836281,17,9,684,43,8,,original_uniform_floor_plus_prior_scores,maximum_cardinality_certified_superset_of_eBH_then_maximum_testing_evalue_sum,200,6,6,exact_dyadic_prefix_or_HiGHS_QUBO_MILP,1200.0,1
407,dcbd0b517b01e9cd8af1ce6029e1463532af5752249d43bb5d18b48bd0cf7d2b,proven_maximal,maximize_sum_testing_e_values_at_maximum_cardinality,proven_optimal,9048.525620713428,1.5773483468485814,5736.542367950411,2,2,2,147;186,147;186,147;186,2,2,2,0,0,0,0.1,0.1,0.1,0.0,0.0,0.0,0,0,2.230366799980402,17,12,871,39,2,,original_uniform_floor_plus_prior_scores,maximum_cardinality_certified_superset_of_eBH_then_maximum_testing_evalue_sum,200,2,2,exact_dyadic_prefix_or_HiGHS_QUBO_MILP,1200.0,1
408,11469c8d0286258480d52e82d4f61a02ccb8e9ed8080e3127f265d8385f22845,proven_maximal,maximize_sum_testing_e_values_at_maximum_cardinality,proven_optimal,7971.750065467072,1.7064442699142937,4671.556057243788,2,2,3,41;124,41;124,41;124;163,2,2,3,0,0,0,0.1,0.1,0.15,0.0,0.0,0.0,0,1,1.9680392001755536,11,9,668,43,3,,original_uniform_floor_plus_prior_scores,maximum_cardinality_certified_superset_of_eBH_then_maximum_testing_evalue_sum,200,2,2,exact_dyadic_prefix_or_HiGHS_QUBO_MILP,1200.0,1
409,a19953b4cc5e20657b63d07532cd3a582b7853357d95f1a205857a1717cb7c91,proven_maximal,maximize_sum_testing_e_values_at_maximum_cardinality,proven_optimal,72398.40421622145,2.094748940838413,34561.85264246718,7,7,9,19;27;28;60;103;159;189,19;27;28;60;103;159;189,19;27;28;42;48;60;103;159;189,7,7,9,0,0,0,0.35,0.35,0.45,0.0,0.0,0.0,0,2,2.3381302999332547,11,9,743,45,9,,original_uniform_floor_plus_prior_scores,maximum_cardinality_certified_superset_of_eBH_then_maximum_testing_evalue_sum,200,7,7,exact_dyadic_prefix_or_HiGHS_QUBO_MILP,1200.0,1
410,0c5b573bef8ca5b278cb38ebca32f9111c5c25257d8ff694fa19410521c72839,proven_maximal,maximize_sum_testing_e_values_at_maximum_cardinality,proven_optimal,0.0,0.0,995.1111222358712,0,0,0,,,,0,0,0,0,0,0,0.0,0.0,0.0,0.0,0.0,0.0,0,0,0.9489847000222652,3,3,300,33,0,,original_uniform_floor_plus_prior_scores,maximum_cardinality_certified_superset_of_eBH_then_maximum_testing_evalue_sum,200,0,0,exact_dyadic_prefix_or_HiGHS_QUBO_MILP,1200.0,1
411,dd6ef5acd9ada0c490f6101d0b3b2f4aaf7126bbcefd0879c735862226f7dfd8,proven_maximal,maximize_sum_testing_e_values_at_maximum_cardinality,proven_optimal,18945.932400459784,1.0,18945.932400459784,1,1,1,90,90,90,1,1,1,0,0,0,0.05,0.05,0.05,0.0,0.0,0.0,0,0,2.3054525000043213,15,7,548,29,1,,original_uniform_floor_plus_prior_scores,maximum_cardinality_certified_superset_of_eBH_then_maximum_testing_evalue_sum,200,1,1,exact_dyadic_prefix_or_HiGHS_QUBO_MILP,1200.0,1
412,7d936e06aef8a9b2d04c4e8626cce5a390c93036aa1db37d3ff9543cda012eba,proven_maximal,maximize_sum_testing_e_values_at_maximum_cardinality,proven_optimal,23156.06218020585,1.5831889652322046,14626.214993110172,4,4,8,7;36;127;168,7;36;127;168,7;36;44;76;127;154;168;191,4,4,8,0,0,0,0.2,0.2,0.4,0.0,0.0,0.0,0,4,1.601922000059858,8,7,527,37,8,,original_uniform_floor_plus_prior_scores,maximum_cardinality_certified_superset_of_eBH_then_maximum_testing_evalue_sum,200,4,4,exact_dyadic_prefix_or_HiGHS_QUBO_MILP,1200.0,1
413,7f21dc76df737fe3d6b6ba1e24f78e7c09487e5364bf30a8e0cddacf5ec7050a,proven_maximal,maximize_sum_testing_e_values_at_maximum_cardinality,proven_optimal,32657.322692590904,2.5873587169027346,12621.876695815958,4,4,4,17;85;138;177,17;85;138;177,17;85;138;177,4,4,4,0,0,0,0.2,0.2,0.2,0.0,0.0,0.0,0,0,1.85322459996678,15,5,508,29,4,,original_uniform_floor_plus_prior_scores,maximum_cardinality_certified_superset_of_eBH_then_maximum_testing_evalue_sum,200,4,4,exact_dyadic_prefix_or_HiGHS_QUBO_MILP,1200.0,1
414,d39e3eb0c8055e6b4cba363cda6b4d60fcd279ff8fb84c9b398742b3890856c2,proven_maximal,maximize_sum_testing_e_values_at_maximum_cardinality,proven_optimal,56906.116059626125,2.297221344759015,24771.716573787857,8,8,11,26;28;62;66;84;124;153;191,26;28;62;66;84;124;153;191,26;28;62;66;84;124;126;144;153;167;191,8,8,11,0,0,0,0.4,0.4,0.55,0.0,0.0,0.0,0,3,2.9226496999617666,17,11,555,45,11,,original_uniform_floor_plus_prior_scores,maximum_cardinality_certified_superset_of_eBH_then_maximum_testing_evalue_sum,200,8,8,exact_dyadic_prefix_or_HiGHS_QUBO_MILP,1200.0,1
415,cbacd3f7875332d0d597a94f558df52e0f86b24dc28589797e716e591f8002b0,proven_maximal,maximize_sum_testing_e_values_at_maximum_cardinality,proven_optimal,5770.283672735533,1.881627300131539,3066.6453831383883,0,0,4,,,134;140;174;190,0,0,4,0,0,0,0.0,0.0,0.2,0.0,0.0,0.0,0,4,1.7953112001996487,15,9,541,42,4,,original_uniform_floor_plus_prior_scores,maximum_cardinality_certified_superset_of_eBH_then_maximum_testing_evalue_sum,200,0,0,exact_dyadic_prefix_or_HiGHS_QUBO_MILP,1200.0,1
416,eb9f2087461960b599721db68dd76b981652f74f4d305735edab7047df4336e5,proven_maximal,maximize_sum_testing_e_values_at_maximum_cardinality,proven_optimal,23630.16978394238,1.6493434820462614,14327.015592061856,3,3,6,115;160;175,115;160;175,102;115;116;159;160;175,3,3,6,0,0,0,0.15,0.15,0.3,0.0,0.0,0.0,0,3,0.9206644999794662,7,7,524,41,6,,original_uniform_floor_plus_prior_scores,maximum_cardinality_certified_superset_of_eBH_then_maximum_testing_evalue_sum,200,3,3,exact_dyadic_prefix_or_HiGHS_QUBO_MILP,1200.0,1
417,2e800c7ea303ffa1b44b95bb2ade50ad4f612bf448abdc8aaa25102f6bd58749,proven_maximal,maximize_sum_testing_e_values_at_maximum_cardinality,proven_optimal,24911.5772649761,2.059181961309504,12097.80278433188,2,2,11,44;52,44;52,26;39;44;52;63;76;109;125;133;145;178,2,2,11,0,0,0,0.1,0.1,0.55,0.0,0.0,0.0,0,9,1.9037547998595985,8,8,586,36,11,,original_uniform_floor_plus_prior_scores,maximum_cardinality_certified_superset_of_eBH_then_maximum_testing_evalue_sum,200,2,2,exact_dyadic_prefix_or_HiGHS_QUBO_MILP,1200.0,1
418,29bc4ec5100e8610e2bf7ce7e9f5d398951f4f23f7783ce3f55c42aa41e71726,proven_maximal,maximize_sum_testing_e_values_at_maximum_cardinality,proven_optimal,0.0,0.0,1803.7729878913208,0,0,0,,,,0,0,0,0,0,0,0.0,0.0,0.0,0.0,0.0,0.0,0,0,1.8501070998609064,12,8,651,48,0,,original_uniform_floor_plus_prior_scores,maximum_cardinality_certified_superset_of_eBH_then_maximum_testing_evalue_sum,200,0,0,exact_dyadic_prefix_or_HiGHS_QUBO_MILP,1200.0,1
419,9b9b29f60551d9608b26d988110cf0ec80a0ff13c036474ae888cf29b1a5af43,proven_maximal,maximize_sum_testing_e_values_at_maximum_cardinality,proven_optimal,8258.901322199863,1.9388486880817,4259.693586698214,2,2,6,47;124,47;124,17;47;57;64;124;137,2,2,6,0,0,0,0.1,0.1,0.3,0.0,0.0,0.0,0,4,1.969550299923867,12,9,755,44,6,,original_uniform_floor_plus_prior_scores,maximum_cardinality_certified_superset_of_eBH_then_maximum_testing_evalue_sum,200,2,2,exact_dyadic_prefix_or_HiGHS_QUBO_MILP,1200.0,1
420,1133f211788b891b202f13307b16899730711cbcddab8489c4df05f5006169a9,proven_maximal,maximize_sum_testing_e_values_at_maximum_cardinality,proven_optimal,91893.31672692316,1.0,91893.31672692316,1,1,1,51,51,51,1,1,1,0,0,0,0.05,0.05,0.05,0.0,0.0,0.0,0,0,3.233708600047976,22,13,996,44,1,,original_uniform_floor_plus_prior_scores,maximum_cardinality_certified_superset_of_eBH_then_maximum_testing_evalue_sum,200,1,1,exact_dyadic_prefix_or_HiGHS_QUBO_MILP,1200.0,1
421,dcb2087c2b0e23c7e1d135f031705da474eaef117d064398ef89a1c2ad72c9f3,proven_maximal,maximize_sum_testing_e_values_at_maximum_cardinality,proven_optimal,54059.51141023707,1.6835545135518122,32110.34212143637,4,4,6,87;118;141;174,87;118;141;174,35;37;87;118;141;174,4,4,6,0,0,0,0.2,0.2,0.3,0.0,0.0,0.0,0,2,1.633372199954465,11,7,510,40,6,,original_uniform_floor_plus_prior_scores,maximum_cardinality_certified_superset_of_eBH_then_maximum_testing_evalue_sum,200,4,4,exact_dyadic_prefix_or_HiGHS_QUBO_MILP,1200.0,1
422,351940f1302332f4474e598074a6fffe8bf217a07b187fe8ccb23c87a7b16645,proven_maximal,maximize_sum_testing_e_values_at_maximum_cardinality,proven_optimal,25117.88196820939,3.274671103131885,7670.352587222188,5,5,9,20;136;152;156;176,20;136;152;156;176,1;20;37;97;120;136;152;156;176,5,5,9,0,0,0,0.25,0.25,0.45,0.0,0.0,0.0,0,4,1.3524263999424877,7,7,532,46,9,,original_uniform_floor_plus_prior_scores,maximum_cardinality_certified_superset_of_eBH_then_maximum_testing_evalue_sum,200,5,5,exact_dyadic_prefix_or_HiGHS_QUBO_MILP,1200.0,1
423,d660c3d1c079728ff762a58c828527ba160b22f50b51a0df630c974b534802e7,proven_maximal,maximize_sum_testing_e_values_at_maximum_cardinality,proven_optimal,103218.7258545548,1.2950823212053413,79700.51336851582,9,9,9,5;63;120;151;153;161;170;180;187,5;63;120;151;153;161;170;180;187,5;63;120;151;153;161;170;180;187,9,9,9,0,0,0,0.45,0.45,0.45,0.0,0.0,0.0,0,0,2.339496199972928,12,5,490,39,9,,original_uniform_floor_plus_prior_scores,maximum_cardinality_certified_superset_of_eBH_then_maximum_testing_evalue_sum,200,9,9,exact_dyadic_prefix_or_HiGHS_QUBO_MILP,1200.0,1
424,3691cc3577c305c3ca08dd8aa6b7c93d98c8bfbf5a1a31d135cb1522ece8fd80,proven_maximal,maximize_sum_testing_e_values_at_maximum_cardinality,proven_optimal,11716.711017263557,1.5477176118373506,7570.315752467423,1,1,5,179,179,25;106;155;179;197,1,1,5,0,0,0,0.05,0.05,0.25,0.0,0.0,0.0,0,4,2.039426299976185,13,11,655,46,5,,original_uniform_floor_plus_prior_scores,maximum_cardinality_certified_superset_of_eBH_then_maximum_testing_evalue_sum,200,1,1,exact_dyadic_prefix_or_HiGHS_QUBO_MILP,1200.0,1
425,23e63ffe990263286b44e1b9a6bc203626a8701815b7ee23946a0340bbc0b7a7,proven_maximal,maximize_sum_testing_e_values_at_maximum_cardinality,proven_optimal,8912.137520430728,2.053495626515963,4339.983687012468,3,3,3,45;188;194,45;188;194,45;188;194,3,3,3,0,0,0,0.15,0.15,0.15,0.0,0.0,0.0,0,0,1.118981700157747,7,6,513,39,3,,original_uniform_floor_plus_prior_scores,maximum_cardinality_certified_superset_of_eBH_then_maximum_testing_evalue_sum,200,3,3,exact_dyadic_prefix_or_HiGHS_QUBO_MILP,1200.0,1
426,2cfc3c409d581ed956c86301c28aab3839c368126d74f26d4efbb8391b464896,proven_maximal,maximize_sum_testing_e_values_at_maximum_cardinality,proven_optimal,0.0,0.0,1872.5116965387365,0,0,0,,,,0,0,0,0,0,0,0.0,0.0,0.0,0.0,0.0,0.0,0,0,1.5430658999830484,13,9,634,38,0,,original_uniform_floor_plus_prior_scores,maximum_cardinality_certified_superset_of_eBH_then_maximum_testing_evalue_sum,200,0,0,exact_dyadic_prefix_or_HiGHS_QUBO_MILP,1200.0,1
427,d1648bfc4c589fa7ff65e07dc986127081ca7e04c81a8c125a56603c25f3b8c7,proven_maximal,maximize_sum_testing_e_values_at_maximum_cardinality,proven_optimal,20777.01660966316,1.2715327743891396,16340.134543244238,2,2,4,25;132,25;132,25;38;123;132,2,2,4,0,0,0,0.1,0.1,0.2,0.0,0.0,0.0,0,2,2.2251615999266505,15,8,557,43,4,,original_uniform_floor_plus_prior_scores,maximum_cardinality_certified_superset_of_eBH_then_maximum_testing_evalue_sum,200,2,2,exact_dyadic_prefix_or_HiGHS_QUBO_MILP,1200.0,1
428,f071cff6b12512709d2cd68ced0333a2c0bb394485b313a85e160329cd03b4ad,proven_maximal,maximize_sum_testing_e_values_at_maximum_cardinality,proven_optimal,18024.902465121533,1.675085621377185,10760.585748627116,4,4,7,26;59;117;178,26;59;117;178,26;41;59;117;125;137;178,4,4,7,0,0,0,0.2,0.2,0.35,0.0,0.0,0.0,0,3,1.6445193998515606,8,8,538,42,7,,original_uniform_floor_plus_prior_scores,maximum_cardinality_certified_superset_of_eBH_then_maximum_testing_evalue_sum,200,4,4,exact_dyadic_prefix_or_HiGHS_QUBO_MILP,1200.0,1
429,37d96071c67b1c784df0ac3ff00c9743b60490d0b62d36cea564e9de11a77177,proven_maximal,maximize_sum_testing_e_values_at_maximum_cardinality,proven_optimal,23684.93076171581,1.5941231187980358,14857.654645629991,4,4,4,12;19;67;147,12;19;67;147,12;19;67;147,4,4,4,0,0,0,0.2,0.2,0.2,0.0,0.0,0.0,0,0,1.348524000030011,11,10,822,45,4,,original_uniform_floor_plus_prior_scores,maximum_cardinality_certified_superset_of_eBH_then_maximum_testing_evalue_sum,200,4,4,exact_dyadic_prefix_or_HiGHS_QUBO_MILP,1200.0,1
430,85e7e3cb71449aff42fa0aca7d99ba4d0e6b301dd659b23ad8628097395616bf,proven_maximal,maximize_sum_testing_e_values_at_maximum_cardinality,proven_optimal,5109.054222054479,1.7156035958954807,2977.992255482389,0,0,3,,,1;70;188,0,0,3,0,0,0,0.0,0.0,0.15,0.0,0.0,0.0,0,3,0.9027070000302048,6,6,502,33,3,,original_uniform_floor_plus_prior_scores,maximum_cardinality_certified_superset_of_eBH_then_maximum_testing_evalue_sum,200,0,0,exact_dyadic_prefix_or_HiGHS_QUBO_MILP,1200.0,1
431,b41e286c397c7c6771188046820f14c2576c3f2e08848cf41a3410b8c2c4cffb,proven_maximal,maximize_sum_testing_e_values_at_maximum_cardinality,proven_optimal,15964.995981811113,1.510067177505508,10572.374672882976,3,3,4,101;132;179,101;132;179,101;132;179;197,3,3,4,0,0,0,0.15,0.15,0.2,0.0,0.0,0.0,0,1,2.4568831000942737,18,13,688,47,4,,original_uniform_floor_plus_prior_scores,maximum_cardinality_certified_superset_of_eBH_then_maximum_testing_evalue_sum,200,3,3,exact_dyadic_prefix_or_HiGHS_QUBO_MILP,1200.0,1
432,8b8df2e1bd331a835d831ac8cbd1acf97695311e977b985dd4d023aa98746cde,proven_maximal,maximize_sum_testing_e_values_at_maximum_cardinality,proven_optimal,88750.75039292756,1.7113420098252978,51860.32358428907,7,7,8,18;33;64;71;97;188;197,18;33;64;71;97;188;197,18;33;64;71;97;185;188;197,7,7,8,0,0,0,0.35,0.35,0.4,0.0,0.0,0.0,0,1,2.484286400023848,14,8,607,38,8,,original_uniform_floor_plus_prior_scores,maximum_cardinality_certified_superset_of_eBH_then_maximum_testing_evalue_sum,200,7,7,exact_dyadic_prefix_or_HiGHS_QUBO_MILP,1200.0,1
433,85753f496c5587076708398c2b36004002d763635396993bf38ce094cef654d3,proven_maximal,maximize_sum_testing_e_values_at_maximum_cardinality,proven_optimal,49883.26837473836,1.070400815118423,46602.42001891559,2,2,3,8;59,8;59,8;59;126,2,2,3,0,0,0,0.1,0.1,0.15,0.0,0.0,0.0,0,1,1.6745422000531107,11,10,630,36,3,,original_uniform_floor_plus_prior_scores,maximum_cardinality_certified_superset_of_eBH_then_maximum_testing_evalue_sum,200,2,2,exact_dyadic_prefix_or_HiGHS_QUBO_MILP,1200.0,1
434,ad158f3f47f23c15172d96fe3651138c925ec66c1c9874e4a685a0aaf3a923b1,proven_maximal,maximize_sum_testing_e_values_at_maximum_cardinality,proven_optimal,124285.93840581983,1.5615536467065405,79591.20627584602,7,7,7,8;35;44;117;128;135;199,8;35;44;117;128;135;199,8;35;44;117;128;135;199,7,7,7,0,0,0,0.35,0.35,0.35,0.0,0.0,0.0,0,0,3.2166623000521213,18,8,732,53,7,,original_uniform_floor_plus_prior_scores,maximum_cardinality_certified_superset_of_eBH_then_maximum_testing_evalue_sum,200,7,7,exact_dyadic_prefix_or_HiGHS_QUBO_MILP,1200.0,1
435,d5725aef77128806e84eb41310ea1c7eb52db87ec6492262c35c7a092c20eb63,proven_maximal,maximize_sum_testing_e_values_at_maximum_cardinality,proven_optimal,18255.236564001578,1.1553730046623352,15800.296952010562,1,1,3,121,121,121;172;193,1,1,3,0,0,0,0.05,0.05,0.15,0.0,0.0,0.0,0,2,1.535977000137791,10,9,631,43,3,,original_uniform_floor_plus_prior_scores,maximum_cardinality_certified_superset_of_eBH_then_maximum_testing_evalue_sum,200,1,1,exact_dyadic_prefix_or_HiGHS_QUBO_MILP,1200.0,1
436,fa3405c28146df515782617c361b770dd778cfe552f5f18cac64e676251eda28,proven_maximal,maximize_sum_testing_e_values_at_maximum_cardinality,proven_optimal,108656.0127308124,1.0661610154557486,101913.32374347372,5,5,6,13;117;129;140;154,13;117;129;140;154,13;67;117;129;140;154,5,5,6,0,0,0,0.25,0.25,0.3,0.0,0.0,0.0,0,1,2.5967975000385195,15,7,605,48,6,,original_uniform_floor_plus_prior_scores,maximum_cardinality_certified_superset_of_eBH_then_maximum_testing_evalue_sum,200,5,5,exact_dyadic_prefix_or_HiGHS_QUBO_MILP,1200.0,1
437,a807ad32f23d17ecbb4358f1d473fb3fcf879d8eed6bdd46ad14297e96305e42,proven_maximal,maximize_sum_testing_e_values_at_maximum_cardinality,proven_optimal,0.0,0.0,926.4810559945346,0,0,0,,,,0,0,0,0,0,0,0.0,0.0,0.0,0.0,0.0,0.0,0,0,0.6742191000375897,3,3,300,36,0,,original_uniform_floor_plus_prior_scores,maximum_cardinality_certified_superset_of_eBH_then_maximum_testing_evalue_sum,200,0,0,exact_dyadic_prefix_or_HiGHS_QUBO_MILP,1200.0,1
438,adc62ec26218eabafc5cf9d522ba4a4a414baf6c51429d0f7979a30b8eadea60,proven_maximal,maximize_sum_testing_e_values_at_maximum_cardinality,proven_optimal,13258.577758844702,2.569654844432697,5159.672625905444,5,5,8,33;53;89;169;182,33;53;89;169;182,33;53;89;92;106;117;169;182,5,5,8,0,0,0,0.25,0.25,0.4,0.0,0.0,0.0,0,3,2.679360300069675,15,8,563,52,8,,original_uniform_floor_plus_prior_scores,maximum_cardinality_certified_superset_of_eBH_then_maximum_testing_evalue_sum,200,5,5,exact_dyadic_prefix_or_HiGHS_QUBO_MILP,1200.0,1
439,e34b81b06e59d6651ad6208a2b2cb66c01308dd822015b5a6b890a1fa8419682,proven_maximal,maximize_sum_testing_e_values_at_maximum_cardinality,proven_optimal,28566.91502910157,1.7581044630032356,16248.701729761207,6,6,9,12;34;120;153;176;186,12;34;120;153;176;186,12;34;37;117;120;141;153;176;186,6,6,9,0,0,0,0.3,0.3,0.45,0.0,0.0,0.0,0,3,2.169279099907726,10,8,632,39,9,,original_uniform_floor_plus_prior_scores,maximum_cardinality_certified_superset_of_eBH_then_maximum_testing_evalue_sum,200,6,6,exact_dyadic_prefix_or_HiGHS_QUBO_MILP,1200.0,1
440,ae2b39c8688bb458c696d62db5c2a3e30619c63e7b517867516ffa50d952a8a8,proven_maximal,maximize_sum_testing_e_values_at_maximum_cardinality,proven_optimal,18784.28792358048,1.5114270433259889,12428.180378620516,3,3,8,30;91;104,30;91;104,10;16;19;30;76;91;104;139,3,3,8,0,0,0,0.15,0.15,0.4,0.0,0.0,0.0,0,5,1.953126800013706,14,12,842,44,8,,original_uniform_floor_plus_prior_scores,maximum_cardinality_certified_superset_of_eBH_then_maximum_testing_evalue_sum,200,3,3,exact_dyadic_prefix_or_HiGHS_QUBO_MILP,1200.0,1
441,0dda2d15a8cd8a6900eb74debbf213b8dc381e16341c8b6c27311cb522edf7e0,proven_maximal,maximize_sum_testing_e_values_at_maximum_cardinality,proven_optimal,10834.887025771086,1.7271494064642934,6273.277219225379,1,1,6,92,92,92;120;129;151;181;193,1,1,5,0,0,1,0.05,0.05,0.25,0.0,0.0,0.1666666666666666,0,5,1.4641245000530034,7,7,574,36,6,,original_uniform_floor_plus_prior_scores,maximum_cardinality_certified_superset_of_eBH_then_maximum_testing_evalue_sum,200,1,1,exact_dyadic_prefix_or_HiGHS_QUBO_MILP,1200.0,1
442,bbdc4bd671fb3a0e4eed5724bf8822533e1fa2fca40212c1e95bb283512316da,proven_maximal,maximize_sum_testing_e_values_at_maximum_cardinality,proven_optimal,39673.534399075696,2.318518475108648,17111.588639472266,6,6,11,5;42;44;69;85;182,5;42;44;69;85;182,5;18;42;44;69;73;85;129;182;193;195,6,6,11,0,0,0,0.3,0.3,0.55,0.0,0.0,0.0,0,5,2.115124400006607,11,7,527,33,11,,original_uniform_floor_plus_prior_scores,maximum_cardinality_certified_superset_of_eBH_then_maximum_testing_evalue_sum,200,6,6,exact_dyadic_prefix_or_HiGHS_QUBO_MILP,1200.0,1
443,5dd681d8abce0b1058aa35c2687f89a9c6d1d6dd118274a45b19d2b75f49f37c,proven_maximal,maximize_sum_testing_e_values_at_maximum_cardinality,proven_optimal,29492.06290822294,1.8259638987070963,16151.503832636165,4,4,5,41;88;139;174,41;88;139;174,41;88;90;139;174,4,4,5,0,0,0,0.2,0.2,0.25,0.0,0.0,0.0,0,1,1.1818458999041468,6,6,530,48,5,,original_uniform_floor_plus_prior_scores,maximum_cardinality_certified_superset_of_eBH_then_maximum_testing_evalue_sum,200,4,4,exact_dyadic_prefix_or_HiGHS_QUBO_MILP,1200.0,1
444,2a1a47139575ccaa6ed9193e05831f2780133e3d04841bf2e1e2f34ef3369f86,proven_maximal,maximize_sum_testing_e_values_at_maximum_cardinality,proven_optimal,20843.386874338004,1.582566119259418,13170.626251048476,4,4,6,7;85;92;164,7;85;92;164,7;57;85;92;142;164,4,4,6,0,0,0,0.2,0.2,0.3,0.0,0.0,0.0,0,2,2.5273192999884486,18,10,560,40,6,,original_uniform_floor_plus_prior_scores,maximum_cardinality_certified_superset_of_eBH_then_maximum_testing_evalue_sum,200,4,4,exact_dyadic_prefix_or_HiGHS_QUBO_MILP,1200.0,1
445,19ea2abb9efb332b6f35372bdad5a431133439b3f9167f1403e72fc121a8da99,proven_maximal,maximize_sum_testing_e_values_at_maximum_cardinality,proven_optimal,24345.38627700257,2.549897512995805,9547.594031887123,5,5,5,65;68;72;140;147,65;68;72;140;147,65;68;72;140;147,5,5,5,0,0,0,0.25,0.25,0.25,0.0,0.0,0.0,0,0,2.9390988999512047,14,10,997,29,5,,original_uniform_floor_plus_prior_scores,maximum_cardinality_certified_superset_of_eBH_then_maximum_testing_evalue_sum,200,5,5,exact_dyadic_prefix_or_HiGHS_QUBO_MILP,1200.0,1
446,dbb959ad377e09083b20bfaae00eb879ef621b27197673209001274d89fa6cd8,proven_maximal,maximize_sum_testing_e_values_at_maximum_cardinality,proven_optimal,30544.74127416819,2.437585059105691,12530.738634152338,4,4,4,89;97;103;171,89;97;103;171,89;97;103;171,4,4,4,0,0,0,0.2,0.2,0.2,0.0,0.0,0.0,0,0,1.942730899900198,14,6,508,44,4,,original_uniform_floor_plus_prior_scores,maximum_cardinality_certified_superset_of_eBH_then_maximum_testing_evalue_sum,200,4,4,exact_dyadic_prefix_or_HiGHS_QUBO_MILP,1200.0,1
447,954ae8a2990fd619b927e1f170fa0d333e51b39997082388c290bfc4bbd74a5a,proven_maximal,maximize_sum_testing_e_values_at_maximum_cardinality,proven_optimal,21861.14662084633,3.1590146583120133,6920.242222784624,5,5,5,1;121;123;142;192,1;121;123;142;192,1;121;123;142;192,5,5,5,0,0,0,0.25,0.25,0.25,0.0,0.0,0.0,0,0,1.5049592000432312,12,6,520,30,5,,original_uniform_floor_plus_prior_scores,maximum_cardinality_certified_superset_of_eBH_then_maximum_testing_evalue_sum,200,5,5,exact_dyadic_prefix_or_HiGHS_QUBO_MILP,1200.0,1
448,96568ad6ba8b333b1d449334c756d6a36948d27762df1cc178c4fbe7566ea1b6,proven_maximal,maximize_sum_testing_e_values_at_maximum_cardinality,proven_optimal,11550.334546321405,1.4237806121841667,8112.439829197057,1,1,5,33,33,33;44;62;114;166,1,1,5,0,0,0,0.05,0.05,0.25,0.0,0.0,0.0,0,4,3.978089799871668,22,16,1179,40,5,,original_uniform_floor_plus_prior_scores,maximum_cardinality_certified_superset_of_eBH_then_maximum_testing_evalue_sum,200,1,1,exact_dyadic_prefix_or_HiGHS_QUBO_MILP,1200.0,1
449,68aa7ae0480de9e6570dac410e549873fe8134cb9e8b9b6c3ba3a03d0bc2cc5b,proven_maximal,maximize_sum_testing_e_values_at_maximum_cardinality,proven_optimal,8295.280736937098,1.971836357330331,4206.880913874657,3,3,4,57;80;102,57;80;102,57;67;80;102,3,3,4,0,0,0,0.15,0.15,0.2,0.0,0.0,0.0,0,1,2.1217137998901308,13,10,819,47,4,,original_uniform_floor_plus_prior_scores,maximum_cardinality_certified_superset_of_eBH_then_maximum_testing_evalue_sum,200,3,3,exact_dyadic_prefix_or_HiGHS_QUBO_MILP,1200.0,1
450,64a6a9cc6d5e3672431fc31f11c7f56e4a5debe62a736129ae241609a839e0bf,proven_maximal,maximize_sum_testing_e_values_at_maximum_cardinality,proven_optimal,105551.31975560635,1.213090256811727,87010.27739932467,4,4,5,51;98;137;147,51;98;137;147,51;98;137;146;147,4,4,5,0,0,0,0.2,0.2,0.25,0.0,0.0,0.0,0,1,3.614658299833536,20,11,748,30,5,,original_uniform_floor_plus_prior_scores,maximum_cardinality_certified_superset_of_eBH_then_maximum_testing_evalue_sum,200,4,4,exact_dyadic_prefix_or_HiGHS_QUBO_MILP,1200.0,1
451,2dc5020ba25ed246bb238018ff8da96fd0c483867854e867f957bba0d53a14b3,proven_maximal,maximize_sum_testing_e_values_at_maximum_cardinality,proven_optimal,7979.093191372698,1.7907500543874988,4455.726901598133,1,1,10,121,121,0;11;17;98;110;121;163;180;185;199,1,1,10,0,0,0,0.05,0.05,0.5,0.0,0.0,0.0,0,9,3.363534700125456,15,14,922,42,10,,original_uniform_floor_plus_prior_scores,maximum_cardinality_certified_superset_of_eBH_then_maximum_testing_evalue_sum,200,1,1,exact_dyadic_prefix_or_HiGHS_QUBO_MILP,1200.0,1
452,576618f6969eb9a6a2aaa418a2791081ef7cfb16c1cf3651c37b9b2520cdfb31,proven_maximal,maximize_sum_testing_e_values_at_maximum_cardinality,proven_optimal,37295.884338470656,1.9825377185638848,18812.19408298932,12,12,12,9;13;19;40;70;79;102;104;115;128;181;189,9;13;19;40;70;79;102;104;115;128;181;189,9;13;19;40;70;79;102;104;115;128;181;189,12,12,12,0,0,0,0.6,0.6,0.6,0.0,0.0,0.0,0,0,2.774958200054243,15,5,518,45,12,,original_uniform_floor_plus_prior_scores,maximum_cardinality_certified_superset_of_eBH_then_maximum_testing_evalue_sum,200,12,12,exact_dyadic_prefix_or_HiGHS_QUBO_MILP,1200.0,1
453,0996e638e24e96e3e5842f016bd22c8574b4049eb13136aae68a118a0966de63,proven_maximal,maximize_sum_testing_e_values_at_maximum_cardinality,proven_optimal,15506.951356524827,2.5759194867771305,6019.967408191938,5,5,5,12;24;60;154;175,12;24;60;154;175,12;24;60;154;175,5,5,5,0,0,0,0.25,0.25,0.25,0.0,0.0,0.0,0,0,2.403762400150299,14,10,969,41,5,,original_uniform_floor_plus_prior_scores,maximum_cardinality_certified_superset_of_eBH_then_maximum_testing_evalue_sum,200,5,5,exact_dyadic_prefix_or_HiGHS_QUBO_MILP,1200.0,1
454,5506e3950b35d7598e4f5a1c8dcbf32650d8466da23ca08262d7f6abb68158ad,proven_maximal,maximize_sum_testing_e_values_at_maximum_cardinality,proven_optimal,9010.914518633108,1.701982400542314,5294.364099042329,4,4,4,28;33;54;72,28;33;54;72,28;33;54;72,4,4,4,0,0,0,0.2,0.2,0.2,0.0,0.0,0.0,0,0,2.995492900023237,16,6,555,40,4,,original_uniform_floor_plus_prior_scores,maximum_cardinality_certified_superset_of_eBH_then_maximum_testing_evalue_sum,200,4,4,exact_dyadic_prefix_or_HiGHS_QUBO_MILP,1200.0,1
455,4db2c923983792d8c2ce11a083ace84b6bdeb6d702e576ec4a6f163c8b61990d,proven_maximal,maximize_sum_testing_e_values_at_maximum_cardinality,proven_optimal,4300.199439728762,1.0,4300.199439728762,1,1,1,7,7,7,1,1,1,0,0,0,0.05,0.05,0.05,0.0,0.0,0.0,0,0,1.3834943000692874,9,7,800,46,1,,original_uniform_floor_plus_prior_scores,maximum_cardinality_certified_superset_of_eBH_then_maximum_testing_evalue_sum,200,1,1,exact_dyadic_prefix_or_HiGHS_QUBO_MILP,1200.0,1
456,75031cfe321284787183ea472a7ce6ddfef2d4fae071fa87485c1ff1cb4c2592,proven_maximal,maximize_sum_testing_e_values_at_maximum_cardinality,proven_optimal,128457.19221634124,1.3543828588942002,94845.5537315508,6,6,9,3;35;66;89;101;181,3;35;66;89;101;181,3;25;35;61;66;89;101;160;181,5,5,8,1,1,1,0.25,0.25,0.4,0.1666666666666666,0.1666666666666666,0.1111111111111111,0,3,2.27255479991436,12,11,613,36,9,,original_uniform_floor_plus_prior_scores,maximum_cardinality_certified_superset_of_eBH_then_maximum_testing_evalue_sum,200,6,6,exact_dyadic_prefix_or_HiGHS_QUBO_MILP,1200.0,1
457,4db61d9d760da5e699a5d37851cff250187f16b9b11ed815fb6c6d76b9808f1e,proven_maximal,maximize_sum_testing_e_values_at_maximum_cardinality,proven_optimal,26860.057788997896,1.615445927823876,16627.0237377616,2,2,10,27;139,27;139,3;18;27;61;80;81;103;106;115;139,2,2,10,0,0,0,0.1,0.1,0.5,0.0,0.0,0.0,0,8,1.7008186001330614,8,8,648,43,10,,original_uniform_floor_plus_prior_scores,maximum_cardinality_certified_superset_of_eBH_then_maximum_testing_evalue_sum,200,2,2,exact_dyadic_prefix_or_HiGHS_QUBO_MILP,1200.0,1
458,8d42e4aaa1284d80e197632d7a5fccf60a65b1ff305089ee6b4be1ebe32d4f2d,proven_maximal,maximize_sum_testing_e_values_at_maximum_cardinality,proven_optimal,0.0,0.0,542.2054389135834,0,0,0,,,,0,0,0,0,0,0,0.0,0.0,0.0,0.0,0.0,0.0,0,0,0.5485712999943644,3,3,300,30,0,,original_uniform_floor_plus_prior_scores,maximum_cardinality_certified_superset_of_eBH_then_maximum_testing_evalue_sum,200,0,0,exact_dyadic_prefix_or_HiGHS_QUBO_MILP,1200.0,1
459,c09747b9ae595f621d4fcdf1710e8543940a9680e90b51c71ee2b65681d4f2ae,proven_maximal,maximize_sum_testing_e_values_at_maximum_cardinality,proven_optimal,21221.090231213835,1.167499748161573,18176.52660279375,1,1,3,199,199,95;142;199,1,1,3,0,0,0,0.05,0.05,0.15,0.0,0.0,0.0,0,2,1.520931800128892,9,8,645,44,3,,original_uniform_floor_plus_prior_scores,maximum_cardinality_certified_superset_of_eBH_then_maximum_testing_evalue_sum,200,1,1,exact_dyadic_prefix_or_HiGHS_QUBO_MILP,1200.0,1
460,326fe94b959e97812ae7a7cd5702513e9c165980067832b912dce34c0efe070c,proven_maximal,maximize_sum_testing_e_values_at_maximum_cardinality,proven_optimal,41384.78292642902,1.8022422947172847,22962.940692123186,2,2,2,103;177,103;177,103;177,2,2,2,0,0,0,0.1,0.1,0.1,0.0,0.0,0.0,0,0,2.499377700034529,16,6,522,24,2,,original_uniform_floor_plus_prior_scores,maximum_cardinality_certified_superset_of_eBH_then_maximum_testing_evalue_sum,200,2,2,exact_dyadic_prefix_or_HiGHS_QUBO_MILP,1200.0,1
461,059c86210f58ce043498b50592194a805b1081c47655d05452ac4b3bad12a6a1,proven_maximal,maximize_sum_testing_e_values_at_maximum_cardinality,proven_optimal,15866.705749001168,2.6843302137450165,5910.862109198142,3,3,8,8;67;103,8;67;103,4;8;65;67;103;116;152;172,3,3,8,0,0,0,0.15,0.15,0.4,0.0,0.0,0.0,0,5,2.6500085000880063,16,14,1077,42,8,,original_uniform_floor_plus_prior_scores,maximum_cardinality_certified_superset_of_eBH_then_maximum_testing_evalue_sum,200,3,3,exact_dyadic_prefix_or_HiGHS_QUBO_MILP,1200.0,1
462,a1dc420501524923f0d5a0ff510c8c566318bbf8c972c51a5947d7e844f249fd,proven_maximal,maximize_sum_testing_e_values_at_maximum_cardinality,proven_optimal,14213.392681300847,1.1807626552911237,12037.468002234924,1,1,3,101,101,96;101;163,1,1,3,0,0,0,0.05,0.05,0.15,0.0,0.0,0.0,0,2,2.264005499891937,14,11,631,31,3,,original_uniform_floor_plus_prior_scores,maximum_cardinality_certified_superset_of_eBH_then_maximum_testing_evalue_sum,200,1,1,exact_dyadic_prefix_or_HiGHS_QUBO_MILP,1200.0,1
463,974badfa262b7af6df9349aae121e5ae728d4fbd1224659c2e5b01c7e1a65152,proven_maximal,maximize_sum_testing_e_values_at_maximum_cardinality,proven_optimal,231684.8085219625,1.1021688013749145,210208.09900710703,5,5,9,2;52;130;184;189,2;52;130;184;189,2;28;52;71;94;130;150;184;189,5,5,9,0,0,0,0.25,0.25,0.45,0.0,0.0,0.0,0,4,1.4453354000579566,7,7,530,38,9,,original_uniform_floor_plus_prior_scores,maximum_cardinality_certified_superset_of_eBH_then_maximum_testing_evalue_sum,200,5,5,exact_dyadic_prefix_or_HiGHS_QUBO_MILP,1200.0,1
464,0b84f2fb945157c8ed9374fb37a73a085b67d3c3b363a33304d4fbac031177de,proven_maximal,maximize_sum_testing_e_values_at_maximum_cardinality,proven_optimal,35600.35540829295,1.3718595136846716,25950.43811204407,3,3,4,92;175;199,92;175;199,13;92;175;199,3,3,4,0,0,0,0.15,0.15,0.2,0.0,0.0,0.0,0,1,1.3332911001052707,10,8,691,36,4,,original_uniform_floor_plus_prior_scores,maximum_cardinality_certified_superset_of_eBH_then_maximum_testing_evalue_sum,200,3,3,exact_dyadic_prefix_or_HiGHS_QUBO_MILP,1200.0,1
465,d3337f299803d7259d526844f247f3b56bf70e2326a695a369633675e08398c6,proven_maximal,maximize_sum_testing_e_values_at_maximum_cardinality,proven_optimal,43207.328965248176,1.1542465608618664,37433.36166666645,2,2,2,131;193,131;193,131;193,2,2,2,0,0,0,0.1,0.1,0.1,0.0,0.0,0.0,0,0,2.412082399940118,18,8,634,48,2,,original_uniform_floor_plus_prior_scores,maximum_cardinality_certified_superset_of_eBH_then_maximum_testing_evalue_sum,200,2,2,exact_dyadic_prefix_or_HiGHS_QUBO_MILP,1200.0,1
466,77a777391165628905d871b4dd2af8af1588d73186e704fb52bbe6b732bda32e,proven_maximal,maximize_sum_testing_e_values_at_maximum_cardinality,proven_optimal,6781.39197321434,2.171367192513976,3123.0977407201904,0,0,5,,,35;133;135;148;182,0,0,5,0,0,0,0.0,0.0,0.25,0.0,0.0,0.0,0,5,1.2066905999090525,8,8,527,37,5,,original_uniform_floor_plus_prior_scores,maximum_cardinality_certified_superset_of_eBH_then_maximum_testing_evalue_sum,200,0,0,exact_dyadic_prefix_or_HiGHS_QUBO_MILP,1200.0,1
467,4917f27e40a3341ee6d8b85575baa65dd6e09a33f6d44444192124de097a002a,proven_maximal,maximize_sum_testing_e_values_at_maximum_cardinality,proven_optimal,117389.1946384804,1.0265304995590128,114355.29162446671,1,1,5,158,158,53;69;73;158;197,1,1,5,0,0,0,0.05,0.05,0.25,0.0,0.0,0.0,0,4,2.0952093999367207,16,13,812,50,5,,original_uniform_floor_plus_prior_scores,maximum_cardinality_certified_superset_of_eBH_then_maximum_testing_evalue_sum,200,1,1,exact_dyadic_prefix_or_HiGHS_QUBO_MILP,1200.0,1
468,56cc1137e4b6b3b6a10338738dcf990f1bf3c0fac09b0fa7303f86bbcf998323,proven_maximal,maximize_sum_testing_e_values_at_maximum_cardinality,proven_optimal,18124.440862739444,1.0,18124.440862739444,1,1,1,100,100,100,1,1,1,0,0,0,0.05,0.05,0.05,0.0,0.0,0.0,0,0,1.8395309001207352,11,8,589,30,1,,original_uniform_floor_plus_prior_scores,maximum_cardinality_certified_superset_of_eBH_then_maximum_testing_evalue_sum,200,1,1,exact_dyadic_prefix_or_HiGHS_QUBO_MILP,1200.0,1
469,bdab102a1d64ca08e4692c5bf441905661550942e2f639f2d9713270de229c75,proven_maximal,maximize_sum_testing_e_values_at_maximum_cardinality,proven_optimal,0.0,0.0,982.752890681484,0,0,0,,,,0,0,0,0,0,0,0.0,0.0,0.0,0.0,0.0,0.0,0,0,0.7066206999588758,3,3,300,43,0,,original_uniform_floor_plus_prior_scores,maximum_cardinality_certified_superset_of_eBH_then_maximum_testing_evalue_sum,200,0,0,exact_dyadic_prefix_or_HiGHS_QUBO_MILP,1200.0,1
470,4a7f8d92439f0d80c86ec9cb753f9503c80a942b358f777f4c1e529c21f786cc,proven_maximal,maximize_sum_testing_e_values_at_maximum_cardinality,proven_optimal,41596.2214993032,2.2553388396904794,18443.44661976017,6,6,10,7;21;102;146;151;153,7;21;102;146;151;153,7;21;102;117;141;146;151;153;184;186,6,6,9,0,0,1,0.3,0.3,0.45,0.0,0.0,0.1,0,4,2.3055772001389414,12,10,899,43,10,,original_uniform_floor_plus_prior_scores,maximum_cardinality_certified_superset_of_eBH_then_maximum_testing_evalue_sum,200,6,6,exact_dyadic_prefix_or_HiGHS_QUBO_MILP,1200.0,1
471,068f2259efa2334746c6af9b14eb3294ff6dbb268e5fd7f9956f81ccdb16f064,proven_maximal,maximize_sum_testing_e_values_at_maximum_cardinality,proven_optimal,4826.991263911742,1.4897759357379212,3240.078691109223,0,0,2,,,15;181,0,0,2,0,0,0,0.0,0.0,0.1,0.0,0.0,0.0,0,2,2.7021484000142664,19,12,842,42,2,,original_uniform_floor_plus_prior_scores,maximum_cardinality_certified_superset_of_eBH_then_maximum_testing_evalue_sum,200,0,0,exact_dyadic_prefix_or_HiGHS_QUBO_MILP,1200.0,1
472,04e1b744e51ba3338ebbd81b2c59ae0bd1c7e370e0ac8873b08b608f784155a6,proven_maximal,maximize_sum_testing_e_values_at_maximum_cardinality,proven_optimal,20206.59131597566,2.6024876522114853,7764.337056049025,4,4,9,48;59;85;173,48;59;85;173,12;15;24;48;59;67;85;173;182,4,4,9,0,0,0,0.2,0.2,0.45,0.0,0.0,0.0,0,5,2.184069599956274,12,11,732,31,9,,original_uniform_floor_plus_prior_scores,maximum_cardinality_certified_superset_of_eBH_then_maximum_testing_evalue_sum,200,4,4,exact_dyadic_prefix_or_HiGHS_QUBO_MILP,1200.0,1
473,5817993b153d780d93e9cdad18815ea488c0364bd0c123b31b1b8ed42d3ae59a,proven_maximal,maximize_sum_testing_e_values_at_maximum_cardinality,proven_optimal,215387.81605446013,1.0286430308202783,209390.24481865377,6,6,7,21;24;32;53;171;176,21;24;32;53;171;176,21;24;32;47;53;171;176,6,6,7,0,0,0,0.3,0.3,0.35,0.0,0.0,0.0,0,1,2.4241365999914706,17,8,542,38,7,,original_uniform_floor_plus_prior_scores,maximum_cardinality_certified_superset_of_eBH_then_maximum_testing_evalue_sum,200,6,6,exact_dyadic_prefix_or_HiGHS_QUBO_MILP,1200.0,1
474,9811aa51c0ab8b633137713c8b23559ee9e79ee539f88e7cdc01a6aaee4ba370,proven_maximal,maximize_sum_testing_e_values_at_maximum_cardinality,proven_optimal,59402.825103807416,1.880722681624513,31585.10591922941,3,3,5,25;152;195,25;152;195,25;88;148;152;195,3,3,5,0,0,0,0.15,0.15,0.25,0.0,0.0,0.0,0,2,1.995718799997121,12,10,768,43,5,,original_uniform_floor_plus_prior_scores,maximum_cardinality_certified_superset_of_eBH_then_maximum_testing_evalue_sum,200,3,3,exact_dyadic_prefix_or_HiGHS_QUBO_MILP,1200.0,1
475,04e5f27e38fe92aa8a507bb1ef2b64017df38cf52491c432c909c6bfb65f24c8,proven_maximal,maximize_sum_testing_e_values_at_maximum_cardinality,proven_optimal,9130.72891844565,3.2831270143714626,2781.1074254748805,3,3,8,65;84;121,65;84;121,61;65;84;94;108;116;121;158,3,3,8,0,0,0,0.15,0.15,0.4,0.0,0.0,0.0,0,5,1.720608799951151,9,8,649,40,8,,original_uniform_floor_plus_prior_scores,maximum_cardinality_certified_superset_of_eBH_then_maximum_testing_evalue_sum,200,3,3,exact_dyadic_prefix_or_HiGHS_QUBO_MILP,1200.0,1
476,5c25cd001601d943c01e564f3cb6ee90584e20da60c635ff1b1ede89b4745973,proven_maximal,maximize_sum_testing_e_values_at_maximum_cardinality,proven_optimal,7946.254051337741,1.6053545255821955,4949.843741497513,3,3,3,10;73;135,10;73;135,10;73;135,3,3,3,0,0,0,0.15,0.15,0.15,0.0,0.0,0.0,0,0,2.472244600066915,11,7,743,40,3,,original_uniform_floor_plus_prior_scores,maximum_cardinality_certified_superset_of_eBH_then_maximum_testing_evalue_sum,200,3,3,exact_dyadic_prefix_or_HiGHS_QUBO_MILP,1200.0,1
477,b6af7cef88018c82187f63537eb2756d9082e2c3afec4149306c946473340ce2,proven_maximal,maximize_sum_testing_e_values_at_maximum_cardinality,proven_optimal,30585.39594620297,1.9892549498097976,15375.30216985379,4,4,9,25;38;75;77,25;38;75;77,11;25;37;38;70;75;77;86;157,4,4,8,0,0,1,0.2,0.2,0.4,0.0,0.0,0.1111111111111111,0,5,1.1194277999456972,10,10,607,55,9,,original_uniform_floor_plus_prior_scores,maximum_cardinality_certified_superset_of_eBH_then_maximum_testing_evalue_sum,200,4,4,exact_dyadic_prefix_or_HiGHS_QUBO_MILP,1200.0,1
478,6e4fd03482ff235a3ce67ee870d623a70a03b354e1c09038dca909446ac4c4e3,proven_maximal,maximize_sum_testing_e_values_at_maximum_cardinality,proven_optimal,34064.33757406141,1.7187717593246588,19819.00004422111,6,6,6,44;75;91;95;130;139,44;75;91;95;130;139,44;75;91;95;130;139,6,6,6,0,0,0,0.3,0.3,0.3,0.0,0.0,0.0,0,0,2.115892699919641,13,5,508,35,6,,original_uniform_floor_plus_prior_scores,maximum_cardinality_certified_superset_of_eBH_then_maximum_testing_evalue_sum,200,6,6,exact_dyadic_prefix_or_HiGHS_QUBO_MILP,1200.0,1
479,89dd2f40f2d3e196fc24dc66ffa646ae30ffe71fd56a2236a0da475663baae31,proven_maximal,maximize_sum_testing_e_values_at_maximum_cardinality,proven_optimal,48988.09834464421,2.463016437831113,19889.47275876982,11,11,12,2;39;41;71;92;109;136;147;152;170;172,2;39;41;71;92;109;136;147;152;170;172,2;39;41;71;92;95;109;136;147;152;170;172,11,11,12,0,0,0,0.55,0.55,0.6,0.0,0.0,0.0,0,1,3.197353599825874,17,9,736,40,12,,original_uniform_floor_plus_prior_scores,maximum_cardinality_certified_superset_of_eBH_then_maximum_testing_evalue_sum,200,11,11,exact_dyadic_prefix_or_HiGHS_QUBO_MILP,1200.0,1
480,aa780ac34c8e08091a5093b1bab48be838d3fe8bd2ba86dcc718dfcb3f4816d0,proven_maximal,maximize_sum_testing_e_values_at_maximum_cardinality,proven_optimal,59115.239621600165,1.2416608408623997,47609.81233856218,4,4,6,88;137;175;183,88;137;175;183,58;88;137;172;175;183,4,4,6,0,0,0,0.2,0.2,0.3,0.0,0.0,0.0,0,2,1.6549211998935789,11,10,687,51,6,,original_uniform_floor_plus_prior_scores,maximum_cardinality_certified_superset_of_eBH_then_maximum_testing_evalue_sum,200,4,4,exact_dyadic_prefix_or_HiGHS_QUBO_MILP,1200.0,1
481,7a93e2058439ba6b355aa5c1e43f53d885b2c6c1f62ec81d2b173b626816c703,proven_maximal,maximize_sum_testing_e_values_at_maximum_cardinality,proven_optimal,57780.613054070986,1.255798273944249,46011.06264670352,9,9,9,10;21;27;102;124;132;140;158;174,10;21;27;102;124;132;140;158;174,10;21;27;102;124;132;140;158;174,9,9,9,0,0,0,0.45,0.45,0.45,0.0,0.0,0.0,0,0,3.1357739998493344,17,8,716,37,9,,original_uniform_floor_plus_prior_scores,maximum_cardinality_certified_superset_of_eBH_then_maximum_testing_evalue_sum,200,9,9,exact_dyadic_prefix_or_HiGHS_QUBO_MILP,1200.0,1
482,2fb095ebb6ae53202502a9054e3bd668144a1bf4b2bd3e8bbd2f2f45cd0a1b07,proven_maximal,maximize_sum_testing_e_values_at_maximum_cardinality,proven_optimal,3931.4478177934056,1.0,3931.4478177934056,0,0,1,,,100,0,0,1,0,0,0,0.0,0.0,0.05,0.0,0.0,0.0,0,1,2.191859199898317,13,9,733,51,1,,original_uniform_floor_plus_prior_scores,maximum_cardinality_certified_superset_of_eBH_then_maximum_testing_evalue_sum,200,0,0,exact_dyadic_prefix_or_HiGHS_QUBO_MILP,1200.0,1
483,7c48590039a4389a625db25f2ae7f2cf84cc9fcebd610cd26b1de528110708e2,proven_maximal,maximize_sum_testing_e_values_at_maximum_cardinality,proven_optimal,216814.4711081773,1.0268274259135994,211149.86378092784,2,2,6,20;124,20;124,20;45;89;98;124;171,2,2,6,0,0,0,0.1,0.1,0.3,0.0,0.0,0.0,0,4,1.884031899971888,10,8,611,36,6,,original_uniform_floor_plus_prior_scores,maximum_cardinality_certified_superset_of_eBH_then_maximum_testing_evalue_sum,200,2,2,exact_dyadic_prefix_or_HiGHS_QUBO_MILP,1200.0,1
484,7bcdf8a2c5526ff3fb903ac3a8163302d809c1e3da4cdb54aa1dabd002c95cd2,proven_maximal,maximize_sum_testing_e_values_at_maximum_cardinality,proven_optimal,17290.793220321095,1.1490864227107194,15047.426267148596,2,2,2,80;90,80;90,80;90,2,2,2,0,0,0,0.1,0.1,0.1,0.0,0.0,0.0,0,0,1.8368476999457928,13,9,669,37,2,,original_uniform_floor_plus_prior_scores,maximum_cardinality_certified_superset_of_eBH_then_maximum_testing_evalue_sum,200,2,2,exact_dyadic_prefix_or_HiGHS_QUBO_MILP,1200.0,1
485,9e64ba28b99e804bf11ea44077e30f53435e8e12e289293c00349ce493ce6363,proven_maximal,maximize_sum_testing_e_values_at_maximum_cardinality,proven_optimal,6834.391475212695,2.8841249111061127,2369.658626398253,4,4,4,7;57;150;172,7;57;150;172,7;57;150;172,4,4,4,0,0,0,0.2,0.2,0.2,0.0,0.0,0.0,0,0,2.5026476001366973,16,7,530,46,4,,original_uniform_floor_plus_prior_scores,maximum_cardinality_certified_superset_of_eBH_then_maximum_testing_evalue_sum,200,4,4,exact_dyadic_prefix_or_HiGHS_QUBO_MILP,1200.0,1
486,0312b41257efc76ea6789f1dff603cadaa99116dc03780be2f3a884a25e9f281,proven_maximal,maximize_sum_testing_e_values_at_maximum_cardinality,proven_optimal,490204.06319486536,1.161039902866689,422211.21081585326,4,4,5,9;15;124;170,9;15;124;170,9;15;78;124;170,4,4,5,0,0,0,0.2,0.2,0.25,0.0,0.0,0.0,0,1,2.2269456998910755,13,8,634,38,5,,original_uniform_floor_plus_prior_scores,maximum_cardinality_certified_superset_of_eBH_then_maximum_testing_evalue_sum,200,4,4,exact_dyadic_prefix_or_HiGHS_QUBO_MILP,1200.0,1
487,3e9996435a8e64af06a379b4a47a1d6673acdab80034cb8d5b7c3304396a2314,proven_maximal,maximize_sum_testing_e_values_at_maximum_cardinality,proven_optimal,72465.21366025238,1.5281030654805037,47421.67939926624,3,3,3,116;163;183,116;163;183,116;163;183,3,3,3,0,0,0,0.15,0.15,0.15,0.0,0.0,0.0,0,0,2.873743500094861,17,7,563,41,3,,original_uniform_floor_plus_prior_scores,maximum_cardinality_certified_superset_of_eBH_then_maximum_testing_evalue_sum,200,3,3,exact_dyadic_prefix_or_HiGHS_QUBO_MILP,1200.0,1
488,0eb9327161b26faab8f3e7a0324136060b8983111705439c890ad202f1f22ac3,proven_maximal,maximize_sum_testing_e_values_at_maximum_cardinality,proven_optimal,3048.465034588593,1.0,3048.465034588593,0,0,1,,,79,0,0,1,0,0,0,0.0,0.0,0.05,0.0,0.0,0.0,0,1,1.295539600076154,7,7,522,46,1,,original_uniform_floor_plus_prior_scores,maximum_cardinality_certified_superset_of_eBH_then_maximum_testing_evalue_sum,200,0,0,exact_dyadic_prefix_or_HiGHS_QUBO_MILP,1200.0,1
489,34a6bd89b3a425a108fcb41b1122ee5232b211ea32fcc6a326a20dfdf4316376,proven_maximal,maximize_sum_testing_e_values_at_maximum_cardinality,proven_optimal,11636.317560534391,3.1283614095634613,3719.620605522733,4,4,8,5;13;126;140,5;13;126;140,5;13;47;59;60;104;126;140,4,4,8,0,0,0,0.2,0.2,0.4,0.0,0.0,0.0,0,4,2.433903800090775,14,8,511,40,8,,original_uniform_floor_plus_prior_scores,maximum_cardinality_certified_superset_of_eBH_then_maximum_testing_evalue_sum,200,4,4,exact_dyadic_prefix_or_HiGHS_QUBO_MILP,1200.0,1
490,b85e61ae7d296af3ceeeadec88784bfa812d2bbfd95e41140f785e36656498a1,proven_maximal,maximize_sum_testing_e_values_at_maximum_cardinality,proven_optimal,12154.903487259002,1.609192547575852,7553.417709751145,2,2,3,63;167,63;167,52;63;167,2,2,3,0,0,0,0.1,0.1,0.15,0.0,0.0,0.0,0,1,1.936635899823159,14,7,511,36,3,,original_uniform_floor_plus_prior_scores,maximum_cardinality_certified_superset_of_eBH_then_maximum_testing_evalue_sum,200,2,2,exact_dyadic_prefix_or_HiGHS_QUBO_MILP,1200.0,1
491,c33f71bec0b2e8d9a681f836397633558b7d724eefb9ff463c2d5285201cbfba,proven_maximal,maximize_sum_testing_e_values_at_maximum_cardinality,proven_optimal,55976.41686661308,1.1258787764162956,49717.97855963465,4,4,5,51;136;139;155,51;136;139;155,51;70;136;139;155,4,4,5,0,0,0,0.2,0.2,0.25,0.0,0.0,0.0,0,1,2.4865298001095653,18,11,579,35,5,,original_uniform_floor_plus_prior_scores,maximum_cardinality_certified_superset_of_eBH_then_maximum_testing_evalue_sum,200,4,4,exact_dyadic_prefix_or_HiGHS_QUBO_MILP,1200.0,1
492,6f0ec646a1baedda5d4b4d5647b7225a14d546619c20b13d8542303cefcbab0c,proven_maximal,maximize_sum_testing_e_values_at_maximum_cardinality,proven_optimal,23702.857472954893,1.6078893838632415,14741.597096688669,8,8,9,14;33;71;72;95;121;144;180,14;33;71;72;95;121;144;180,14;33;71;72;95;116;121;144;180,8,8,9,0,0,0,0.4,0.4,0.45,0.0,0.0,0.0,0,1,2.1142450999468565,13,7,611,43,9,,original_uniform_floor_plus_prior_scores,maximum_cardinality_certified_superset_of_eBH_then_maximum_testing_evalue_sum,200,8,8,exact_dyadic_prefix_or_HiGHS_QUBO_MILP,1200.0,1
493,f58500a477691e6a31af7f8f7f29edaca80086795f8372edc727375add5fa8aa,proven_maximal,maximize_sum_testing_e_values_at_maximum_cardinality,proven_optimal,67981.30636469283,1.421643750693122,47818.80575323358,10,10,12,102;108;115;128;135;146;151;158;166;173,102;108;115;128;135;146;151;158;166;173,34;42;102;108;115;128;135;146;151;158;166;173,10,10,12,0,0,0,0.5,0.5,0.6,0.0,0.0,0.0,0,2,3.521694700000808,17,9,605,26,12,,original_uniform_floor_plus_prior_scores,maximum_cardinality_certified_superset_of_eBH_then_maximum_testing_evalue_sum,200,10,10,exact_dyadic_prefix_or_HiGHS_QUBO_MILP,1200.0,1
494,b07bc1168e85cef80391940d99b94f24039a6d20d930cb4c9701ecebcce71c4b,proven_maximal,maximize_sum_testing_e_values_at_maximum_cardinality,proven_optimal,16909.96921833933,1.3402330793509007,12617.185382806054,3,3,4,9;16;98,9;16;98,9;16;98;159,3,3,4,0,0,0,0.15,0.15,0.2,0.0,0.0,0.0,0,1,1.5375344001222402,9,8,731,40,4,,original_uniform_floor_plus_prior_scores,maximum_cardinality_certified_superset_of_eBH_then_maximum_testing_evalue_sum,200,3,3,exact_dyadic_prefix_or_HiGHS_QUBO_MILP,1200.0,1
495,6090883734ca65a350d501dede89f732969937a1ffe66acca85ccad7fcc9869c,proven_maximal,maximize_sum_testing_e_values_at_maximum_cardinality,proven_optimal,20643.34291804955,2.308416576499728,8942.6419512856,5,5,7,27;58;70;174;183,27;58;70;174;183,27;58;70;101;153;174;183,5,5,7,0,0,0,0.25,0.25,0.35,0.0,0.0,0.0,0,2,0.8796033998951316,8,8,602,43,7,,original_uniform_floor_plus_prior_scores,maximum_cardinality_certified_superset_of_eBH_then_maximum_testing_evalue_sum,200,5,5,exact_dyadic_prefix_or_HiGHS_QUBO_MILP,1200.0,1
496,c02d025226ff743233782d9b11f833c833d54bbb88dba05026407b14cfbc1c48,proven_maximal,maximize_sum_testing_e_values_at_maximum_cardinality,proven_optimal,18798.41453543413,1.5245125053166528,12330.770964407118,2,2,10,96;197,96;197,0;9;11;16;48;66;96;98;174;197,2,2,9,0,0,1,0.1,0.1,0.45,0.0,0.0,0.1,0,8,2.219068700214848,10,9,662,36,10,,original_uniform_floor_plus_prior_scores,maximum_cardinality_certified_superset_of_eBH_then_maximum_testing_evalue_sum,200,2,2,exact_dyadic_prefix_or_HiGHS_QUBO_MILP,1200.0,1
497,7c2c9a18855406400ccb3409098fcce2d99bee568dc9b5e6058935077f04c64a,proven_maximal,maximize_sum_testing_e_values_at_maximum_cardinality,proven_optimal,12815.531932371485,1.9769985718339944,6482.317243397373,4,4,4,43;70;149;179,43;70;149;179,43;70;149;179,4,4,4,0,0,0,0.2,0.2,0.2,0.0,0.0,0.0,0,0,2.5776461001951247,18,9,732,56,4,,original_uniform_floor_plus_prior_scores,maximum_cardinality_certified_superset_of_eBH_then_maximum_testing_evalue_sum,200,4,4,exact_dyadic_prefix_or_HiGHS_QUBO_MILP,1200.0,1
498,69c88d3c1f57b9cf4940639e785f75849b6ffc249f1c1b6d6f677562febe0e61,proven_maximal,maximize_sum_testing_e_values_at_maximum_cardinality,proven_optimal,30658.560416208475,2.491783886451161,12303.860131254356,9,9,12,65;84;105;131;146;161;185;190;191,65;84;105;131;146;161;185;190;191,24;28;65;84;105;116;131;146;161;185;190;191,9,9,12,0,0,0,0.45,0.45,0.6,0.0,0.0,0.0,0,3,2.436731000198052,10,7,700,46,12,,original_uniform_floor_plus_prior_scores,maximum_cardinality_certified_superset_of_eBH_then_maximum_testing_evalue_sum,200,9,9,exact_dyadic_prefix_or_HiGHS_QUBO_MILP,1200.0,1
499,a1b019657bb96482a04109779d40700e8aad370488eca8568a1518f46f87d80f,proven_maximal,maximize_sum_testing_e_values_at_maximum_cardinality,proven_optimal,421074.3067861372,1.0726422820520685,392557.997975412,4,4,13,39;45;52;91,39;45;52;91,26;28;39;45;52;60;65;74;82;91;98;150;179,4,4,12,0,0,1,0.2,0.2,0.6,0.0,0.0,0.0769230769230769,0,9,3.940521999960765,11,10,904,36,13,,original_uniform_floor_plus_prior_scores,maximum_cardinality_certified_superset_of_eBH_then_maximum_testing_evalue_sum,200,4,4,exact_dyadic_prefix_or_HiGHS_QUBO_MILP,1200.0,1
500,84e7ab43f1b77f2fe74a165ce3de646eb7dd0580d8373d6f773dab35885d89c9,proven_maximal,maximize_sum_testing_e_values_at_maximum_cardinality,proven_optimal,3631.5376868592593,1.6961852541121738,2141.0029818706907,0,0,2,,,42;174,0,0,2,0,0,0,0.0,0.0,0.1,0.0,0.0,0.0,0,2,1.6153317000716925,12,10,599,45,2,,original_uniform_floor_plus_prior_scores,maximum_cardinality_certified_superset_of_eBH_then_maximum_testing_evalue_sum,200,0,0,exact_dyadic_prefix_or_HiGHS_QUBO_MILP,1200.0,1
