replication,problem_sha256,status,secondary_rule,secondary_status,secondary_value,secondary_normalized_value,secondary_normalization,prefix_size,greedy_size,maximal_size,prefix_indices,greedy_indices,maximal_indices,prefix_true,greedy_true,maximal_true,prefix_false,greedy_false,maximal_false,prefix_tpr,greedy_tpr,maximal_tpr,prefix_fdp,greedy_fdp,maximal_fdp,greedy_added,optimizer_added,elapsed_seconds,mip_solves,separation_calls,final_cut_count,initial_singleton_upper_bound,proof_upper_bound,message,method,selection_rule,K,ebh_seed_size,old_exported_prefix_size,separator_backend,separator_time_limit,separator_threads
1,d55fa291cfc58bfabae5fbf42a1c3d91ffd2e53b130b914f2cd28840ef529b46,proven_maximal,maximize_sum_testing_e_values_at_maximum_cardinality,proven_optimal,8262.952191598306,1.0,8262.952191598306,1,1,1,115,115,115,1,1,1,0,0,0,0.03333333333333333,0.03333333333333333,0.03333333333333333,0.0,0.0,0.0,0,0,10.386259632003203,25,15,1049,56,1,,original_uniform_floor_plus_prior_scores,maximum_cardinality_certified_superset_of_eBH_then_maximum_testing_evalue_sum,200,1,1,exact_dyadic_prefix_or_HiGHS_QUBO_MILP,300.0,1
2,935910eb14aa5c77c1c61beb63209eb748aa139caed579401b5baefb4c9a7367,proven_maximal,maximize_sum_testing_e_values_at_maximum_cardinality,proven_optimal,27980.051497179225,2.103127182570304,13304.02256652108,9,9,10,16;75;102;122;123;137;168;183;187,16;75;102;122;123;137;168;183;187,16;75;92;102;122;123;137;168;183;187,9,9,10,0,0,0,0.3,0.3,0.3333333333333333,0.0,0.0,0.0,0,1,3.920787946000928,13,8,614,51,10,,original_uniform_floor_plus_prior_scores,maximum_cardinality_certified_superset_of_eBH_then_maximum_testing_evalue_sum,200,9,9,exact_dyadic_prefix_or_HiGHS_QUBO_MILP,300.0,1
3,38138f1a6cc41e8fbc2409692fd60b12a4415e3543d77e6fbc6443d3f748e87d,proven_maximal,maximize_sum_testing_e_values_at_maximum_cardinality,proven_optimal,73353.07323884315,1.140588464168821,64311.60365302976,3,3,4,26;146;186,26;146;186,26;83;146;186,3,3,4,0,0,0,0.1,0.1,0.13333333333333333,0.0,0.0,0.0,0,1,6.82801097400079,29,20,1076,52,4,,original_uniform_floor_plus_prior_scores,maximum_cardinality_certified_superset_of_eBH_then_maximum_testing_evalue_sum,200,3,3,exact_dyadic_prefix_or_HiGHS_QUBO_MILP,300.0,1
4,16763fae93d7eeb4987c12fd75afbce89c8d336aa8b708d9268d8dc49c6ad07f,proven_maximal,maximize_sum_testing_e_values_at_maximum_cardinality,proven_optimal,809463.6582611082,1.053913456185294,768055.1505538346,11,11,15,8;26;60;116;127;128;139;154;168;174;177,8;26;60;116;127;128;139;154;168;174;177,8;26;54;60;77;116;127;128;139;154;168;174;177;184;189,11,11,15,0,0,0,0.36666666666666664,0.36666666666666664,0.5,0.0,0.0,0.0,0,4,13.041126844000246,9,7,505,40,15,,original_uniform_floor_plus_prior_scores,maximum_cardinality_certified_superset_of_eBH_then_maximum_testing_evalue_sum,200,11,11,exact_dyadic_prefix_or_HiGHS_QUBO_MILP,300.0,1
5,d5e26eb5c754c8a86b6c439102ab1995f77c2ea905e79cdd33f58666de679571,proven_maximal,maximize_sum_testing_e_values_at_maximum_cardinality,proven_optimal,123434.92494313674,1.4397579480126472,85733.10889758842,3,3,6,22;24;99,22;24;99,22;24;49;71;99;130,3,3,6,0,0,0,0.1,0.1,0.2,0.0,0.0,0.0,0,3,4.742147470999043,20,13,787,57,6,,original_uniform_floor_plus_prior_scores,maximum_cardinality_certified_superset_of_eBH_then_maximum_testing_evalue_sum,200,3,3,exact_dyadic_prefix_or_HiGHS_QUBO_MILP,300.0,1
6,cf55a47ca52c9d78f64338a5a78be9a7ca413da21a5da9fe56f3afbc19262d9f,proven_maximal,maximize_sum_testing_e_values_at_maximum_cardinality,proven_optimal,33458.46371092434,3.8724926953460335,8640.03274974147,10,10,16,1;7;29;63;64;118;157;169;188;196,1;7;29;63;64;118;157;169;188;196,1;7;29;33;55;63;64;99;118;125;157;162;169;188;190;196,10,10,16,0,0,0,0.3333333333333333,0.3333333333333333,0.5333333333333333,0.0,0.0,0.0,0,6,22.549868629997945,11,8,619,60,16,,original_uniform_floor_plus_prior_scores,maximum_cardinality_certified_superset_of_eBH_then_maximum_testing_evalue_sum,200,10,10,exact_dyadic_prefix_or_HiGHS_QUBO_MILP,300.0,1
7,a9d212b7bc3bf9075abd24670997f286dfbd8a904a8465c3b7c24a0ecd660789,proven_maximal,maximize_sum_testing_e_values_at_maximum_cardinality,proven_optimal,4855.495476407595,4.929285583822573,985.030263278486,0,0,6,,,24;61;113;126;129;179,0,0,5,0,0,1,0.0,0.0,0.16666666666666666,0.0,0.0,0.16666666666666666,0,6,3.637895315994683,14,12,882,54,6,,original_uniform_floor_plus_prior_scores,maximum_cardinality_certified_superset_of_eBH_then_maximum_testing_evalue_sum,200,0,0,exact_dyadic_prefix_or_HiGHS_QUBO_MILP,300.0,1
8,6d1c967df33fc0d79b7755cd992e0038a658d9d92a35101b2364a7e3d3d6548f,proven_maximal,maximize_sum_testing_e_values_at_maximum_cardinality,proven_optimal,15491.583321925096,1.760222400738151,8800.923857933341,4,4,7,115;134;171;189,115;134;171;189,28;35;115;116;134;171;189,4,4,7,0,0,0,0.13333333333333333,0.13333333333333333,0.23333333333333334,0.0,0.0,0.0,0,3,5.428605683002388,17,10,770,70,7,,original_uniform_floor_plus_prior_scores,maximum_cardinality_certified_superset_of_eBH_then_maximum_testing_evalue_sum,200,4,4,exact_dyadic_prefix_or_HiGHS_QUBO_MILP,300.0,1
9,706a12657cf3827e2c0dea3bf5768836e00ff2e22b0794bdc7f348c15ede8e47,proven_maximal,maximize_sum_testing_e_values_at_maximum_cardinality,proven_optimal,28774.47641476798,2.697307831783585,10667.850393531451,8,8,11,11;42;45;56;95;105;119;120,11;42;45;56;95;105;119;120,11;42;45;56;92;95;105;113;119;120;135,8,8,11,0,0,0,0.26666666666666666,0.26666666666666666,0.36666666666666664,0.0,0.0,0.0,0,3,6.610811430000467,20,13,1042,51,11,,original_uniform_floor_plus_prior_scores,maximum_cardinality_certified_superset_of_eBH_then_maximum_testing_evalue_sum,200,8,8,exact_dyadic_prefix_or_HiGHS_QUBO_MILP,300.0,1
10,9455be02bd73fc90763848a40d2379ee482b031f8834c6b6dc85bb546c9ac671,proven_maximal,maximize_sum_testing_e_values_at_maximum_cardinality,proven_optimal,32031.232022508702,1.4257103881879152,22466.85742622704,4,4,4,57;73;91;105,57;73;91;105,57;73;91;105,4,4,4,0,0,0,0.13333333333333333,0.13333333333333333,0.13333333333333333,0.0,0.0,0.0,0,0,4.279467273998307,19,9,761,51,4,,original_uniform_floor_plus_prior_scores,maximum_cardinality_certified_superset_of_eBH_then_maximum_testing_evalue_sum,200,4,4,exact_dyadic_prefix_or_HiGHS_QUBO_MILP,300.0,1
11,6582c8c9e97ca3514b8456b1c76672c91f00ad5839f4c929274daa40c2e37225,proven_maximal,maximize_sum_testing_e_values_at_maximum_cardinality,proven_optimal,41611.20155946508,1.3610400796004347,30573.09052330114,5,5,5,40;45;68;153;167,40;45;68;153;167,40;45;68;153;167,5,5,5,0,0,0,0.16666666666666666,0.16666666666666666,0.16666666666666666,0.0,0.0,0.0,0,0,3.303584638997563,13,9,687,60,5,,original_uniform_floor_plus_prior_scores,maximum_cardinality_certified_superset_of_eBH_then_maximum_testing_evalue_sum,200,5,5,exact_dyadic_prefix_or_HiGHS_QUBO_MILP,300.0,1
12,1bd6a7dfaf862cb3618aaeba36e3959c48f9eee3b9f0e7df794a792e8b400ee2,proven_maximal,maximize_sum_testing_e_values_at_maximum_cardinality,proven_optimal,34277.61747446215,2.205439525249464,15542.306684008898,8,8,9,16;55;60;66;119;132;158;187,16;55;60;66;119;132;158;187,16;55;60;66;117;119;132;158;187,8,8,9,0,0,0,0.26666666666666666,0.26666666666666666,0.3,0.0,0.0,0.0,0,1,4.297292256997025,17,9,747,63,9,,original_uniform_floor_plus_prior_scores,maximum_cardinality_certified_superset_of_eBH_then_maximum_testing_evalue_sum,200,8,8,exact_dyadic_prefix_or_HiGHS_QUBO_MILP,300.0,1
13,3b1411f59494b19046800a152ef33755a677d34e00d79044f51240d7e9cfec9b,proven_maximal,maximize_sum_testing_e_values_at_maximum_cardinality,proven_optimal,270885.8504321338,1.1217719721246677,241480.31611011672,4,4,7,6;80;118;131,6;80;118;131,6;80;90;118;131;144;163,4,4,7,0,0,0,0.13333333333333333,0.13333333333333333,0.23333333333333334,0.0,0.0,0.0,0,3,5.3263787160030915,20,16,1318,55,7,,original_uniform_floor_plus_prior_scores,maximum_cardinality_certified_superset_of_eBH_then_maximum_testing_evalue_sum,200,4,4,exact_dyadic_prefix_or_HiGHS_QUBO_MILP,300.0,1
14,ffe9b30fbe7ff82f5710040e319de7695a8209d9cda4648f6881dcb6e24a8628,proven_maximal,maximize_sum_testing_e_values_at_maximum_cardinality,proven_optimal,55396.96681064508,1.2942241601775393,42803.22413626232,6,6,12,0;57;58;79;107;185,0;57;58;79;107;185,0;50;57;58;79;107;141;163;173;185;189;194,6,6,12,0,0,0,0.2,0.2,0.4,0.0,0.0,0.0,0,6,7.281202116995701,13,10,838,51,12,,original_uniform_floor_plus_prior_scores,maximum_cardinality_certified_superset_of_eBH_then_maximum_testing_evalue_sum,200,6,6,exact_dyadic_prefix_or_HiGHS_QUBO_MILP,300.0,1
15,7968901ccf9765fafc94551ae29ee2c77dec8a3556761d7f5bc98a2bce158426,proven_maximal,maximize_sum_testing_e_values_at_maximum_cardinality,proven_optimal,39079.61238586308,1.6127139196010238,24232.20380929753,6,6,9,16;123;144;150;179;185,16;123;144;150;179;185,5;16;23;45;123;144;150;179;185,6,6,9,0,0,0,0.2,0.2,0.3,0.0,0.0,0.0,0,3,3.201601663000474,16,9,788,48,9,,original_uniform_floor_plus_prior_scores,maximum_cardinality_certified_superset_of_eBH_then_maximum_testing_evalue_sum,200,6,6,exact_dyadic_prefix_or_HiGHS_QUBO_MILP,300.0,1
16,81d3db93a74a2a4c66793ef6348d166b68e203ca936665a0c0588229411c05bc,proven_maximal,maximize_sum_testing_e_values_at_maximum_cardinality,proven_optimal,16624.441000714047,3.8043291233112284,4369.87454603938,7,7,9,6;45;85;110;141;160;184,6;45;85;110;141;160;184,6;45;85;110;140;141;142;160;184,7,7,9,0,0,0,0.23333333333333334,0.23333333333333334,0.3,0.0,0.0,0.0,0,2,4.03214799399575,14,8,670,55,9,,original_uniform_floor_plus_prior_scores,maximum_cardinality_certified_superset_of_eBH_then_maximum_testing_evalue_sum,200,7,7,exact_dyadic_prefix_or_HiGHS_QUBO_MILP,300.0,1
17,bf4633618596c2f6314a7727bdce893c3530eb468a930da2a9e3db6766e2f0b4,proven_maximal,maximize_sum_testing_e_values_at_maximum_cardinality,proven_optimal,19400.843060531526,3.0482449394558615,6364.59452762833,9,9,15,10;18;20;49;63;85;119;143;178,10;18;20;49;63;85;119;143;178,10;18;20;49;63;71;85;87;88;112;119;143;168;178;197,9,9,15,0,0,0,0.3,0.3,0.5,0.0,0.0,0.0,0,6,13.2104045629967,12,8,657,55,15,,original_uniform_floor_plus_prior_scores,maximum_cardinality_certified_superset_of_eBH_then_maximum_testing_evalue_sum,200,9,9,exact_dyadic_prefix_or_HiGHS_QUBO_MILP,300.0,1
18,a343d76b7a247c644341f7ad13648a4088ad5dd24b38af8d86b8a1e60aae0403,proven_maximal,maximize_sum_testing_e_values_at_maximum_cardinality,proven_optimal,45352.87793922873,1.3896613981540153,32635.919799941294,17,17,17,12;15;37;44;50;58;76;84;98;99;112;140;144;147;149;193;195,12;15;37;44;50;58;76;84;98;99;112;140;144;147;149;193;195,12;15;37;44;50;58;76;84;98;99;112;140;144;147;149;193;195,16,16,16,1,1,1,0.5333333333333333,0.5333333333333333,0.5333333333333333,0.058823529411764705,0.058823529411764705,0.058823529411764705,0,0,5.451106093998533,13,4,470,47,17,,original_uniform_floor_plus_prior_scores,maximum_cardinality_certified_superset_of_eBH_then_maximum_testing_evalue_sum,200,17,17,exact_dyadic_prefix_or_HiGHS_QUBO_MILP,300.0,1
19,e668e45c2a55db683c2c8092defb276885b6ef71dafe3e2f285baf323e9d290d,proven_maximal,maximize_sum_testing_e_values_at_maximum_cardinality,proven_optimal,68798.2073611586,2.596447931477868,26497.04872841392,11,11,15,17;36;38;72;73;89;128;131;149;171;199,17;36;38;72;73;89;128;131;149;171;199,0;17;36;38;69;72;73;89;91;93;128;131;149;171;199,11,11,15,0,0,0,0.36666666666666664,0.36666666666666664,0.5,0.0,0.0,0.0,0,4,13.602937315001327,11,8,728,53,15,,original_uniform_floor_plus_prior_scores,maximum_cardinality_certified_superset_of_eBH_then_maximum_testing_evalue_sum,200,11,11,exact_dyadic_prefix_or_HiGHS_QUBO_MILP,300.0,1
20,92eb2575b86864b98ced08df0a4043df15f5e85b2340c4a53612b082114afb41,proven_maximal,maximize_sum_testing_e_values_at_maximum_cardinality,proven_optimal,22167.938917415093,1.8071098661453437,12267.06761592776,3,3,10,59;96;189,59;96;189,20;21;24;59;71;95;96;98;189;190,3,3,10,0,0,0,0.1,0.1,0.3333333333333333,0.0,0.0,0.0,0,7,5.121649223001441,17,15,1061,71,10,,original_uniform_floor_plus_prior_scores,maximum_cardinality_certified_superset_of_eBH_then_maximum_testing_evalue_sum,200,3,3,exact_dyadic_prefix_or_HiGHS_QUBO_MILP,300.0,1
21,d7b6ab6deaacc58ea311f99fbcea8d25e0b1f45056605429e48b52145beb2fb0,proven_maximal,maximize_sum_testing_e_values_at_maximum_cardinality,proven_optimal,21575.6147180762,2.0182245524491407,10690.393540150882,10,10,12,4;10;14;34;48;78;95;110;126;147,4;10;14;34;48;78;95;110;126;147,4;10;14;34;48;78;79;85;95;110;126;147,10,10,12,0,0,0,0.3333333333333333,0.3333333333333333,0.4,0.0,0.0,0.0,0,2,12.869812239994644,16,12,823,50,12,,original_uniform_floor_plus_prior_scores,maximum_cardinality_certified_superset_of_eBH_then_maximum_testing_evalue_sum,200,10,10,exact_dyadic_prefix_or_HiGHS_QUBO_MILP,300.0,1
22,4924af7f9e795a6cbeaca75ed2805171c38867353d25120690c4e963c4270c77,proven_maximal,maximize_sum_testing_e_values_at_maximum_cardinality,proven_optimal,33616.991280149516,1.5389499218870866,21844.109936292007,10,10,11,9;57;82;112;120;136;146;163;176;188,9;57;82;112;120;136;146;163;176;188,9;54;57;82;112;120;136;146;163;176;188,10,10,11,0,0,0,0.3333333333333333,0.3333333333333333,0.36666666666666664,0.0,0.0,0.0,0,1,2.8842582029974437,10,9,741,63,11,,original_uniform_floor_plus_prior_scores,maximum_cardinality_certified_superset_of_eBH_then_maximum_testing_evalue_sum,200,10,10,exact_dyadic_prefix_or_HiGHS_QUBO_MILP,300.0,1
23,2831dd2b031d275f726f0f6ffda0c61a794f0a7f71bd44c540d0eb42a8de8219,proven_maximal,maximize_sum_testing_e_values_at_maximum_cardinality,proven_optimal,26211.402298877314,1.8751465368254605,13978.32211196254,3,3,6,27;47;158,27;47;158,10;11;27;47;158;169,3,3,6,0,0,0,0.1,0.1,0.2,0.0,0.0,0.0,0,3,3.1983602620020974,12,7,609,54,6,,original_uniform_floor_plus_prior_scores,maximum_cardinality_certified_superset_of_eBH_then_maximum_testing_evalue_sum,200,3,3,exact_dyadic_prefix_or_HiGHS_QUBO_MILP,300.0,1
24,78626e0e787a1b0bbb62cb3eed5d0f3e502744cf8b1d9c42702b65d06d4541ce,proven_maximal,maximize_sum_testing_e_values_at_maximum_cardinality,proven_optimal,92215.30673928036,1.472845190015476,62610.31869772505,4,4,8,9;108;133;183,9;108;133;183,9;86;93;108;124;133;135;183,4,4,8,0,0,0,0.13333333333333333,0.13333333333333333,0.26666666666666666,0.0,0.0,0.0,0,4,2.5159681250006543,12,10,734,54,8,,original_uniform_floor_plus_prior_scores,maximum_cardinality_certified_superset_of_eBH_then_maximum_testing_evalue_sum,200,4,4,exact_dyadic_prefix_or_HiGHS_QUBO_MILP,300.0,1
25,cb301de684de6a5dd040dcf68e91339e8f96816e93a1022c9fc58dc310ed7c1c,proven_maximal,maximize_sum_testing_e_values_at_maximum_cardinality,proven_optimal,19332.52984486597,1.582882457936805,12213.496806367288,4,4,6,61;70;89;172,61;70;89;172,46;61;67;70;89;172,4,4,6,0,0,0,0.13333333333333333,0.13333333333333333,0.2,0.0,0.0,0.0,0,2,4.158162562998768,14,7,606,51,6,,original_uniform_floor_plus_prior_scores,maximum_cardinality_certified_superset_of_eBH_then_maximum_testing_evalue_sum,200,4,4,exact_dyadic_prefix_or_HiGHS_QUBO_MILP,300.0,1
26,793cb11ca6e286ad7d2b45d8658592b8a389504f85e422135388b6453c9270d7,proven_maximal,maximize_sum_testing_e_values_at_maximum_cardinality,proven_optimal,407413.5705350346,1.1390829947226109,357668.0298297736,7,7,11,2;61;83;87;140;149;173,2;61;83;87;140;149;173,2;27;40;61;83;87;98;140;149;173;182,7,7,11,0,0,0,0.23333333333333334,0.23333333333333334,0.36666666666666664,0.0,0.0,0.0,0,4,8.769265584000095,19,15,1279,47,11,,original_uniform_floor_plus_prior_scores,maximum_cardinality_certified_superset_of_eBH_then_maximum_testing_evalue_sum,200,7,7,exact_dyadic_prefix_or_HiGHS_QUBO_MILP,300.0,1
27,f26062db254c0feffed0885465a77b497c3732ee6ad1fe9fe82802ea88673ff5,proven_maximal,maximize_sum_testing_e_values_at_maximum_cardinality,proven_optimal,2645.4489259366474,1.8469081821432773,1432.366238621938,0,0,2,,,68;166,0,0,2,0,0,0,0.0,0.0,0.06666666666666667,0.0,0.0,0.0,0,2,5.638156701999833,20,13,1020,49,2,,original_uniform_floor_plus_prior_scores,maximum_cardinality_certified_superset_of_eBH_then_maximum_testing_evalue_sum,200,0,0,exact_dyadic_prefix_or_HiGHS_QUBO_MILP,300.0,1
28,97047c605257ebd29c14b4010c863761ecb72a2e90ab2c7633973160c44e8cd0,proven_maximal,maximize_sum_testing_e_values_at_maximum_cardinality,proven_optimal,13342.427244131062,2.2563941815225226,5913.163290967244,2,2,8,59;174,59;174,16;23;59;97;144;161;174;187,2,2,8,0,0,0,0.06666666666666667,0.06666666666666667,0.26666666666666666,0.0,0.0,0.0,0,6,3.793656641995767,14,12,948,55,8,,original_uniform_floor_plus_prior_scores,maximum_cardinality_certified_superset_of_eBH_then_maximum_testing_evalue_sum,200,2,2,exact_dyadic_prefix_or_HiGHS_QUBO_MILP,300.0,1
29,449de33ef88eb34466e385af4642e69a4792aba65223f7fb195cf9b3d853f069,proven_maximal,maximize_sum_testing_e_values_at_maximum_cardinality,proven_optimal,0.0,0.0,2489.894901703546,0,0,0,,,,0,0,0,0,0,0,0.0,0.0,0.0,0.0,0.0,0.0,0,0,5.771970809000777,17,8,779,53,0,,original_uniform_floor_plus_prior_scores,maximum_cardinality_certified_superset_of_eBH_then_maximum_testing_evalue_sum,200,0,0,exact_dyadic_prefix_or_HiGHS_QUBO_MILP,300.0,1
30,3dc71d8e0a844343828bd32ee35fea0b77158eff890ebce4bd63d93700e8df42,proven_maximal,maximize_sum_testing_e_values_at_maximum_cardinality,proven_optimal,55871.71966701,1.1713802230045829,47697.33906186276,6,6,7,39;108;111;114;168;194,39;108;111;114;168;194,39;93;108;111;114;168;194,6,6,7,0,0,0,0.2,0.2,0.23333333333333334,0.0,0.0,0.0,0,1,4.34413990900066,17,14,1041,50,7,,original_uniform_floor_plus_prior_scores,maximum_cardinality_certified_superset_of_eBH_then_maximum_testing_evalue_sum,200,6,6,exact_dyadic_prefix_or_HiGHS_QUBO_MILP,300.0,1
31,8e1be1eacfe716abb54fa2b44367330eef94ab888c904a101e3fbde2e20e09b3,proven_maximal,maximize_sum_testing_e_values_at_maximum_cardinality,proven_optimal,98853.39651040819,1.9674379353307985,50244.73440062408,4,4,7,8;20;50;94,8;20;50;94,8;20;50;85;92;94;112,4,4,7,0,0,0,0.13333333333333333,0.13333333333333333,0.23333333333333334,0.0,0.0,0.0,0,3,3.592286624996632,16,11,765,50,7,,original_uniform_floor_plus_prior_scores,maximum_cardinality_certified_superset_of_eBH_then_maximum_testing_evalue_sum,200,4,4,exact_dyadic_prefix_or_HiGHS_QUBO_MILP,300.0,1
32,9085fa8dd6e83e7ad166ade68bf31cfb8487e07ef981131e3f44c5184108dcf4,proven_maximal,maximize_sum_testing_e_values_at_maximum_cardinality,proven_optimal,18890.21742561311,1.9698790750187247,9589.531492146822,8,8,8,3;72;79;87;99;132;133;153,3;72;79;87;99;132;133;153,3;72;79;87;99;132;133;153,8,8,8,0,0,0,0.26666666666666666,0.26666666666666666,0.26666666666666666,0.0,0.0,0.0,0,0,2.386019067002053,11,6,608,52,8,,original_uniform_floor_plus_prior_scores,maximum_cardinality_certified_superset_of_eBH_then_maximum_testing_evalue_sum,200,8,8,exact_dyadic_prefix_or_HiGHS_QUBO_MILP,300.0,1
33,798991e6afc3e5fc5c6dd54adf7f15a6b62a73be1dd95fa715bc68a83dbf5cb4,proven_maximal,maximize_sum_testing_e_values_at_maximum_cardinality,proven_optimal,14804.999821286585,2.059183549162682,7189.742666362446,7,7,7,46;72;75;93;108;121;125,46;72;75;93;108;121;125,46;72;75;93;108;121;125,7,7,7,0,0,0,0.23333333333333334,0.23333333333333334,0.23333333333333334,0.0,0.0,0.0,0,0,9.220169961998181,20,10,849,51,7,,original_uniform_floor_plus_prior_scores,maximum_cardinality_certified_superset_of_eBH_then_maximum_testing_evalue_sum,200,7,7,exact_dyadic_prefix_or_HiGHS_QUBO_MILP,300.0,1
34,9b76aa1b1497b2cdb316661a8ac37801d47e93c21c4f08c33f5d01587f8536f9,proven_maximal,maximize_sum_testing_e_values_at_maximum_cardinality,proven_optimal,46260.92902503055,2.4158874096841187,19148.627887041825,10,10,16,20;33;36;77;84;87;117;120;133;155,20;33;36;77;84;87;117;120;133;155,20;33;36;43;77;84;87;112;117;120;121;133;148;155;177;191,10,10,16,0,0,0,0.3333333333333333,0.3333333333333333,0.5333333333333333,0.0,0.0,0.0,0,6,26.800864497003204,11,10,734,67,16,,original_uniform_floor_plus_prior_scores,maximum_cardinality_certified_superset_of_eBH_then_maximum_testing_evalue_sum,200,10,10,exact_dyadic_prefix_or_HiGHS_QUBO_MILP,300.0,1
35,8a483e8eafc0a5f14ca00e97a958ff4071cd7ba98f76233e46309d872c28e95a,proven_maximal,maximize_sum_testing_e_values_at_maximum_cardinality,proven_optimal,121753.71378276005,2.0350092875768855,59829.561725358966,8,8,9,16;77;123;163;168;176;177;181,16;77;123;163;168;176;177;181,16;77;123;163;168;176;177;181;188,8,8,9,0,0,0,0.26666666666666666,0.26666666666666666,0.3,0.0,0.0,0.0,0,1,3.104772551996575,14,8,667,58,9,,original_uniform_floor_plus_prior_scores,maximum_cardinality_certified_superset_of_eBH_then_maximum_testing_evalue_sum,200,8,8,exact_dyadic_prefix_or_HiGHS_QUBO_MILP,300.0,1
36,5df3f2ab3738c79a935ef2dee780a89ee8e852a76358b68a48cfd83626aef346,proven_maximal,maximize_sum_testing_e_values_at_maximum_cardinality,proven_optimal,142845.68527540626,1.765678368664996,80901.30558908632,9,9,11,0;12;28;50;60;65;78;104;122,0;12;28;50;60;65;78;104;122,0;12;28;31;50;58;60;65;78;104;122,9,9,11,0,0,0,0.3,0.3,0.36666666666666664,0.0,0.0,0.0,0,2,8.259252386997105,19,16,1218,55,11,,original_uniform_floor_plus_prior_scores,maximum_cardinality_certified_superset_of_eBH_then_maximum_testing_evalue_sum,200,9,9,exact_dyadic_prefix_or_HiGHS_QUBO_MILP,300.0,1
37,b1530ecba1f6d012cbb347dff888307769d5099d6dde128ec102401b4d7fcb07,proven_maximal,maximize_sum_testing_e_values_at_maximum_cardinality,proven_optimal,16517.813090894797,2.015059626317262,8197.183286870213,4,4,6,1;23;75;98,1;23;75;98,1;16;23;75;98;111,4,4,6,0,0,0,0.13333333333333333,0.13333333333333333,0.2,0.0,0.0,0.0,0,2,5.341660496000259,17,11,725,55,6,,original_uniform_floor_plus_prior_scores,maximum_cardinality_certified_superset_of_eBH_then_maximum_testing_evalue_sum,200,4,4,exact_dyadic_prefix_or_HiGHS_QUBO_MILP,300.0,1
38,68cb24db46c267d5beccdce9e03c9ee3e41e78ef89aa0f37507e009dab726d94,proven_maximal,maximize_sum_testing_e_values_at_maximum_cardinality,proven_optimal,107744.7601733427,1.1016220821277103,97805.5559355172,3,3,8,93;100;154,93;100;154,22;36;92;93;100;149;154;194,3,3,8,0,0,0,0.1,0.1,0.26666666666666666,0.0,0.0,0.0,0,5,5.9678120739990845,13,12,698,52,8,,original_uniform_floor_plus_prior_scores,maximum_cardinality_certified_superset_of_eBH_then_maximum_testing_evalue_sum,200,3,3,exact_dyadic_prefix_or_HiGHS_QUBO_MILP,300.0,1
39,85760f2a09e9e634f7ead7ab3dfe38696b88db8cc3ff68e12adbd7e6c1c79637,proven_maximal,maximize_sum_testing_e_values_at_maximum_cardinality,proven_optimal,137320.92839426448,2.353354851245734,58351.135750553934,13,13,16,9;10;28;43;50;57;69;88;104;134;141;167;193,9;10;28;43;50;57;69;88;104;134;141;167;193,9;10;28;43;50;57;59;69;77;88;104;134;141;167;170;193,13,13,16,0,0,0,0.43333333333333335,0.43333333333333335,0.5333333333333333,0.0,0.0,0.0,0,3,29.189058825002576,10,7,643,55,16,,original_uniform_floor_plus_prior_scores,maximum_cardinality_certified_superset_of_eBH_then_maximum_testing_evalue_sum,200,13,13,exact_dyadic_prefix_or_HiGHS_QUBO_MILP,300.0,1
40,bccea00d46baa7e83c94c4f5f8d275f0ca3bc4fe2778fa921ff0d91180356dfd,proven_maximal,maximize_sum_testing_e_values_at_maximum_cardinality,proven_optimal,36714.742832404634,1.968079794074161,18655.108874625817,5,5,8,105;118;150;170;184,105;118;150;170;184,13;105;118;137;142;150;170;184,5,5,7,0,0,1,0.16666666666666666,0.16666666666666666,0.23333333333333334,0.0,0.0,0.125,0,3,9.2183102889976,20,15,1128,49,8,,original_uniform_floor_plus_prior_scores,maximum_cardinality_certified_superset_of_eBH_then_maximum_testing_evalue_sum,200,5,5,exact_dyadic_prefix_or_HiGHS_QUBO_MILP,300.0,1
41,4b892f60c253f078b82ac65a385ae1146d47200baccee37a63547663eaafcba6,proven_maximal,maximize_sum_testing_e_values_at_maximum_cardinality,proven_optimal,4305.8086068396815,2.7405935255699188,1571.1226661911744,0,0,4,,,27;107;114;134,0,0,4,0,0,0,0.0,0.0,0.13333333333333333,0.0,0.0,0.0,0,4,6.850548078997235,16,12,828,49,4,,original_uniform_floor_plus_prior_scores,maximum_cardinality_certified_superset_of_eBH_then_maximum_testing_evalue_sum,200,0,0,exact_dyadic_prefix_or_HiGHS_QUBO_MILP,300.0,1
42,d0cb7bfb50b35d98c542f3921f7459d1553e3757f56d59080e99853d0bfd7bfa,proven_maximal,maximize_sum_testing_e_values_at_maximum_cardinality,proven_optimal,32134.40180112203,3.6197098474229126,8877.618139476132,11,11,11,0;26;46;61;90;107;128;158;164;169;184,0;26;46;61;90;107;128;158;164;169;184,0;26;46;61;90;107;128;158;164;169;184,11,11,11,0,0,0,0.36666666666666664,0.36666666666666664,0.36666666666666664,0.0,0.0,0.0,0,0,5.576323424997099,15,8,687,55,11,,original_uniform_floor_plus_prior_scores,maximum_cardinality_certified_superset_of_eBH_then_maximum_testing_evalue_sum,200,11,11,exact_dyadic_prefix_or_HiGHS_QUBO_MILP,300.0,1
43,2bc8e3a8352c9eac791247e9b15bea59f43c08d2b5816d02708a73d6bff156ec,proven_maximal,maximize_sum_testing_e_values_at_maximum_cardinality,proven_optimal,16620.816282736632,2.3168432441091498,7173.906273114092,2,2,9,4;173,4;173,4;12;47;85;107;118;137;152;173,2,2,9,0,0,0,0.06666666666666667,0.06666666666666667,0.3,0.0,0.0,0.0,0,7,6.960856293000688,13,11,829,59,9,,original_uniform_floor_plus_prior_scores,maximum_cardinality_certified_superset_of_eBH_then_maximum_testing_evalue_sum,200,2,2,exact_dyadic_prefix_or_HiGHS_QUBO_MILP,300.0,1
44,3a62db8a60ebe4a0916be5b31820047bca0d554c27433bfb6ef1cf1ee0c73b7e,proven_maximal,maximize_sum_testing_e_values_at_maximum_cardinality,proven_optimal,29621.945628605758,2.7266560969082687,10863.836353324434,7,7,7,13;80;84;94;102;107;135,13;80;84;94;102;107;135,13;80;84;94;102;107;135,7,7,7,0,0,0,0.23333333333333334,0.23333333333333334,0.23333333333333334,0.0,0.0,0.0,0,0,7.35258007000084,21,11,954,66,7,,original_uniform_floor_plus_prior_scores,maximum_cardinality_certified_superset_of_eBH_then_maximum_testing_evalue_sum,200,7,7,exact_dyadic_prefix_or_HiGHS_QUBO_MILP,300.0,1
45,fc7aacde1ad80cb7ffe3c857e4400559b480ffd39da6524b056e5d4ec3f11e6e,proven_maximal,maximize_sum_testing_e_values_at_maximum_cardinality,proven_optimal,65913.53355750722,1.6163467215422143,40779.32827098926,7,7,8,62;70;74;90;95;125;130,62;70;74;90;95;125;130,62;70;74;90;95;125;130;175,7,7,8,0,0,0,0.23333333333333334,0.23333333333333334,0.26666666666666666,0.0,0.0,0.0,0,1,8.45172480099427,17,15,1163,49,8,,original_uniform_floor_plus_prior_scores,maximum_cardinality_certified_superset_of_eBH_then_maximum_testing_evalue_sum,200,7,7,exact_dyadic_prefix_or_HiGHS_QUBO_MILP,300.0,1
46,175a04fa830abd990c6ce308a723e5847d6b47a101fe3bf6ad3309408e9c324d,proven_maximal,maximize_sum_testing_e_values_at_maximum_cardinality,proven_optimal,12640.369283216223,1.522050991329545,8304.826418577857,4,4,4,26;49;87;115,26;49;87;115,26;49;87;115,4,4,4,0,0,0,0.13333333333333333,0.13333333333333333,0.13333333333333333,0.0,0.0,0.0,0,0,7.669883367001603,15,7,683,53,4,,original_uniform_floor_plus_prior_scores,maximum_cardinality_certified_superset_of_eBH_then_maximum_testing_evalue_sum,200,4,4,exact_dyadic_prefix_or_HiGHS_QUBO_MILP,300.0,1
47,d42826780aa01614969e6d94a36250aed5313d27ab17b5e22f3706a517508c30,proven_maximal,maximize_sum_testing_e_values_at_maximum_cardinality,proven_optimal,54678.58770087993,1.5514384374502597,35243.80109515816,3,3,5,29;42;78,29;42;78,29;42;78;80;136,3,3,5,0,0,0,0.1,0.1,0.16666666666666666,0.0,0.0,0.0,0,2,8.164138649997767,19,13,944,52,5,,original_uniform_floor_plus_prior_scores,maximum_cardinality_certified_superset_of_eBH_then_maximum_testing_evalue_sum,200,3,3,exact_dyadic_prefix_or_HiGHS_QUBO_MILP,300.0,1
48,ab00d95099dc039b06577f589c53a026782305534862c13e8f3d1c5616226201,proven_maximal,maximize_sum_testing_e_values_at_maximum_cardinality,proven_optimal,10852.733883112462,2.2642841262342595,4793.008861993698,4,4,5,0;45;52;89,0;45;52;89,0;45;52;84;89,4,4,5,0,0,0,0.13333333333333333,0.13333333333333333,0.16666666666666666,0.0,0.0,0.0,0,1,5.602750910999021,15,8,713,51,5,,original_uniform_floor_plus_prior_scores,maximum_cardinality_certified_superset_of_eBH_then_maximum_testing_evalue_sum,200,4,4,exact_dyadic_prefix_or_HiGHS_QUBO_MILP,300.0,1
49,c4265119eb8211fd9da4b8ce60f913dd3d488e7e9abb71e31f4ef9de8885c6b7,proven_maximal,maximize_sum_testing_e_values_at_maximum_cardinality,proven_optimal,7131.574088641403,3.1751334803656746,2246.070640097963,4,4,4,37;48;52;151,37;48;52;151,37;48;52;151,4,4,4,0,0,0,0.13333333333333333,0.13333333333333333,0.13333333333333333,0.0,0.0,0.0,0,0,8.81132642400189,18,12,863,67,4,,original_uniform_floor_plus_prior_scores,maximum_cardinality_certified_superset_of_eBH_then_maximum_testing_evalue_sum,200,4,4,exact_dyadic_prefix_or_HiGHS_QUBO_MILP,300.0,1
50,2f64450ebebc7309379662029ac4f1fe31fe2fbe11d141dddf6c78b6446b0d6e,proven_maximal,maximize_sum_testing_e_values_at_maximum_cardinality,proven_optimal,17504.791650892188,3.973016042342424,4405.920203778401,12,12,16,6;21;46;59;68;75;87;109;111;122;177;197,6;21;46;59;68;75;87;109;111;122;177;197,6;21;25;46;55;56;59;68;75;87;109;111;122;177;194;197,12,12,15,0,0,1,0.4,0.4,0.5,0.0,0.0,0.0625,0,4,54.254580567998346,16,12,883,58,16,,original_uniform_floor_plus_prior_scores,maximum_cardinality_certified_superset_of_eBH_then_maximum_testing_evalue_sum,200,12,12,exact_dyadic_prefix_or_HiGHS_QUBO_MILP,300.0,1
51,f959214eb9bf45e3f2dd3206319774c32aa8fb6edcd0159110138eb5bcdea795,proven_maximal,maximize_sum_testing_e_values_at_maximum_cardinality,proven_optimal,5944.702558817577,2.789648323264096,2130.986371738009,0,0,8,,,79;88;111;135;160;171;186;187,0,0,8,0,0,0,0.0,0.0,0.26666666666666666,0.0,0.0,0.0,0,8,2.9386932979978155,8,7,509,57,8,,original_uniform_floor_plus_prior_scores,maximum_cardinality_certified_superset_of_eBH_then_maximum_testing_evalue_sum,200,0,0,exact_dyadic_prefix_or_HiGHS_QUBO_MILP,300.0,1
52,c68c195e7024cf7d29d212d0e285402f20679dc956eb47817b92e1ecbdfbb5cf,proven_maximal,maximize_sum_testing_e_values_at_maximum_cardinality,proven_optimal,6714.559331887647,1.3746873708734915,4884.426433350546,1,1,2,61,61,32;61,1,1,2,0,0,0,0.03333333333333333,0.03333333333333333,0.06666666666666667,0.0,0.0,0.0,0,1,6.120660865999525,18,9,770,57,2,,original_uniform_floor_plus_prior_scores,maximum_cardinality_certified_superset_of_eBH_then_maximum_testing_evalue_sum,200,1,1,exact_dyadic_prefix_or_HiGHS_QUBO_MILP,300.0,1
53,4f70a2fd0e3e21404ba7450d5400742dd178eec08e1fa860f36e1210244c64e1,proven_maximal,maximize_sum_testing_e_values_at_maximum_cardinality,proven_optimal,124368.427380385,1.205066809623917,103204.59113731502,8,8,8,2;37;91;98;126;150;156;198,2;37;91;98;126;150;156;198,2;37;91;98;126;150;156;198,8,8,8,0,0,0,0.26666666666666666,0.26666666666666666,0.26666666666666666,0.0,0.0,0.0,0,0,3.6824614529978135,11,6,571,59,8,,original_uniform_floor_plus_prior_scores,maximum_cardinality_certified_superset_of_eBH_then_maximum_testing_evalue_sum,200,8,8,exact_dyadic_prefix_or_HiGHS_QUBO_MILP,300.0,1
54,dc231627ea4d71757060cd80bbf84e32b85a1cf68103bbbf96d292424b5293d9,proven_maximal,maximize_sum_testing_e_values_at_maximum_cardinality,proven_optimal,15695.161629535844,1.8192834021182298,8627.111977859875,5,5,9,3;119;122;147;166,3;119;122;147;166,3;32;50;73;119;122;147;166;167,5,5,9,0,0,0,0.16666666666666666,0.16666666666666666,0.3,0.0,0.0,0.0,0,4,7.86693604500033,12,10,841,58,9,,original_uniform_floor_plus_prior_scores,maximum_cardinality_certified_superset_of_eBH_then_maximum_testing_evalue_sum,200,5,5,exact_dyadic_prefix_or_HiGHS_QUBO_MILP,300.0,1
55,ebbb585224f617556b7c9e2ce032ff2763612eebe92047454449680693d6c729,proven_maximal,maximize_sum_testing_e_values_at_maximum_cardinality,proven_optimal,26264.059640223713,5.491320279930347,4782.831505241732,11,11,12,5;8;20;53;81;129;142;153;168;177;191,5;8;20;53;81;129;142;153;168;177;191,5;8;12;20;53;81;129;142;153;168;177;191,11,11,12,0,0,0,0.36666666666666664,0.36666666666666664,0.4,0.0,0.0,0.0,0,1,9.88946522900369,21,13,1082,60,12,,original_uniform_floor_plus_prior_scores,maximum_cardinality_certified_superset_of_eBH_then_maximum_testing_evalue_sum,200,11,11,exact_dyadic_prefix_or_HiGHS_QUBO_MILP,300.0,1
56,ef7dfaba8a2f0a798e03d72a3cbd0caca1bbe41871498f727a94b84e34fb81a3,proven_maximal,maximize_sum_testing_e_values_at_maximum_cardinality,proven_optimal,171782.84377089387,1.066155323044884,161123.65624202957,3,3,8,25;60;141,25;60;141,15;25;60;91;122;141;168;190,3,3,8,0,0,0,0.1,0.1,0.26666666666666666,0.0,0.0,0.0,0,5,9.568011114999535,20,15,1228,49,8,,original_uniform_floor_plus_prior_scores,maximum_cardinality_certified_superset_of_eBH_then_maximum_testing_evalue_sum,200,3,3,exact_dyadic_prefix_or_HiGHS_QUBO_MILP,300.0,1
57,371544c8f8aefb6d2d1814836d3ee08e32bbe21bef36ed0cfe04ba0db6316202,proven_maximal,maximize_sum_testing_e_values_at_maximum_cardinality,proven_optimal,40268.438931501485,1.759849696063571,22881.748947977696,3,3,4,23;88;124,23;88;124,23;88;124;132,3,3,4,0,0,0,0.1,0.1,0.13333333333333333,0.0,0.0,0.0,0,1,8.649294435999764,23,17,975,56,4,,original_uniform_floor_plus_prior_scores,maximum_cardinality_certified_superset_of_eBH_then_maximum_testing_evalue_sum,200,3,3,exact_dyadic_prefix_or_HiGHS_QUBO_MILP,300.0,1
58,5c165c9dffc4041e31126995b0094ed55905f449bca84634c593ab6558b8b57d,proven_maximal,maximize_sum_testing_e_values_at_maximum_cardinality,proven_optimal,26184.753416539166,1.4847553060814593,17635.73654816262,9,9,11,16;31;40;61;83;84;97;119;198,16;31;40;61;83;84;97;119;198,6;16;31;40;61;83;84;97;119;129;198,9,9,11,0,0,0,0.3,0.3,0.36666666666666664,0.0,0.0,0.0,0,2,4.112365426997712,12,7,559,47,11,,original_uniform_floor_plus_prior_scores,maximum_cardinality_certified_superset_of_eBH_then_maximum_testing_evalue_sum,200,9,9,exact_dyadic_prefix_or_HiGHS_QUBO_MILP,300.0,1
59,8cba296d19925f18c26191cbcb66ef45cbed2c065b3d6f393958040769c6911a,proven_maximal,maximize_sum_testing_e_values_at_maximum_cardinality,proven_optimal,19184.837931108028,1.497164682359761,12814.113341806717,6,6,6,39;45;102;120;126;159,39;45;102;120;126;159,39;45;102;120;126;159,6,6,6,0,0,0,0.2,0.2,0.2,0.0,0.0,0.0,0,0,3.6021835099963937,16,7,624,41,6,,original_uniform_floor_plus_prior_scores,maximum_cardinality_certified_superset_of_eBH_then_maximum_testing_evalue_sum,200,6,6,exact_dyadic_prefix_or_HiGHS_QUBO_MILP,300.0,1
60,d309333623faeb8cbc44a35414af808b509d6cc96a091d47a213547ad9791871,proven_maximal,maximize_sum_testing_e_values_at_maximum_cardinality,proven_optimal,136833.52482433507,1.1640546243895147,117549.05822920211,5,5,9,7;13;53;157;159,7;13;53;157;159,6;7;13;35;53;67;81;157;159,5,5,9,0,0,0,0.16666666666666666,0.16666666666666666,0.3,0.0,0.0,0.0,0,4,4.129179296003713,15,11,906,44,9,,original_uniform_floor_plus_prior_scores,maximum_cardinality_certified_superset_of_eBH_then_maximum_testing_evalue_sum,200,5,5,exact_dyadic_prefix_or_HiGHS_QUBO_MILP,300.0,1
61,b8293ecf7bbb63f802a84aadee62eb3ef44ed1bc30308ed6c5c138d012a42cdf,proven_maximal,maximize_sum_testing_e_values_at_maximum_cardinality,proven_optimal,19907.64844315032,3.166966488809921,6286.030658515491,12,12,16,26;32;36;46;88;93;98;108;130;143;148;150,26;32;36;46;88;93;98;108;130;143;148;150,26;32;36;46;88;93;98;108;118;123;130;143;148;150;167;199,12,12,16,0,0,0,0.4,0.4,0.5333333333333333,0.0,0.0,0.0,0,4,28.499424457004352,15,10,818,53,16,,original_uniform_floor_plus_prior_scores,maximum_cardinality_certified_superset_of_eBH_then_maximum_testing_evalue_sum,200,12,12,exact_dyadic_prefix_or_HiGHS_QUBO_MILP,300.0,1
62,76486d28e85bc93c2b5c345b7760872a5c2337e8912604dc05fa6ca01d4c45ad,proven_maximal,maximize_sum_testing_e_values_at_maximum_cardinality,proven_optimal,10268.994658310827,1.448588500614319,7088.966020340448,1,1,6,113,113,44;59;75;98;113;142,1,1,6,0,0,0,0.03333333333333333,0.03333333333333333,0.2,0.0,0.0,0.0,0,5,8.34218264399533,19,14,973,53,6,,original_uniform_floor_plus_prior_scores,maximum_cardinality_certified_superset_of_eBH_then_maximum_testing_evalue_sum,200,1,1,exact_dyadic_prefix_or_HiGHS_QUBO_MILP,300.0,1
63,4d9d6f48caea5b58f0ad6a6a1f5499179b60b36f04f38ebdb039479ce5b7dcb0,proven_maximal,maximize_sum_testing_e_values_at_maximum_cardinality,proven_optimal,58379.88720333719,1.3185536082241311,44275.70243576598,7,7,11,55;93;148;161;165;179;199,55;93;148;161;165;179;199,31;55;86;93;142;148;161;165;168;179;199,7,7,11,0,0,0,0.23333333333333334,0.23333333333333334,0.36666666666666664,0.0,0.0,0.0,0,4,6.68610748500214,18,12,1007,60,11,,original_uniform_floor_plus_prior_scores,maximum_cardinality_certified_superset_of_eBH_then_maximum_testing_evalue_sum,200,7,7,exact_dyadic_prefix_or_HiGHS_QUBO_MILP,300.0,1
64,6d51a5488a7516609c8a63a8d69f8b5174f3f5ed740d8f5f1f183196f1434e3e,proven_maximal,maximize_sum_testing_e_values_at_maximum_cardinality,proven_optimal,8431.669680475274,3.807807157101274,2214.3111067877594,5,5,7,34;35;44;86;105,34;35;44;86;105,33;34;35;41;44;86;105,5,5,7,0,0,0,0.16666666666666666,0.16666666666666666,0.23333333333333334,0.0,0.0,0.0,0,2,20.892251582998142,28,23,2018,62,7,,original_uniform_floor_plus_prior_scores,maximum_cardinality_certified_superset_of_eBH_then_maximum_testing_evalue_sum,200,5,5,exact_dyadic_prefix_or_HiGHS_QUBO_MILP,300.0,1
65,92a1fbd5b280182bc907c37f22e680a334539bbc2294879d1a8fb4c411a1d3b4,proven_maximal,maximize_sum_testing_e_values_at_maximum_cardinality,proven_optimal,302966.77535745106,1.094114726396824,276905.8564408429,8,8,8,41;49;54;70;74;132;136;199,41;49;54;70;74;132;136;199,41;49;54;70;74;132;136;199,8,8,8,0,0,0,0.26666666666666666,0.26666666666666666,0.26666666666666666,0.0,0.0,0.0,0,0,5.346860347999609,20,13,1179,54,8,,original_uniform_floor_plus_prior_scores,maximum_cardinality_certified_superset_of_eBH_then_maximum_testing_evalue_sum,200,8,8,exact_dyadic_prefix_or_HiGHS_QUBO_MILP,300.0,1
66,919cf7af5074b02a084fa0d1c95f4cec0bf6e072af09909595ebbc911a14a8ec,proven_maximal,maximize_sum_testing_e_values_at_maximum_cardinality,proven_optimal,9645.327434608425,2.2189136332482526,4346.869247221982,1,1,9,120,120,44;72;82;114;120;149;159;161;191,1,1,9,0,0,0,0.03333333333333333,0.03333333333333333,0.3,0.0,0.0,0.0,0,8,3.9734423749978305,12,11,648,47,9,,original_uniform_floor_plus_prior_scores,maximum_cardinality_certified_superset_of_eBH_then_maximum_testing_evalue_sum,200,1,1,exact_dyadic_prefix_or_HiGHS_QUBO_MILP,300.0,1
67,71dec8146fdc9a768c180731813cf1a3352ec1691344e37876613d123585b85c,proven_maximal,maximize_sum_testing_e_values_at_maximum_cardinality,proven_optimal,12341.258957704538,1.8443162420755876,6691.5091220016175,3,3,3,123;170;194,123;170;194,123;170;194,3,3,3,0,0,0,0.1,0.1,0.1,0.0,0.0,0.0,0,0,4.0792806440003915,15,11,771,57,3,,original_uniform_floor_plus_prior_scores,maximum_cardinality_certified_superset_of_eBH_then_maximum_testing_evalue_sum,200,3,3,exact_dyadic_prefix_or_HiGHS_QUBO_MILP,300.0,1
68,a7b01b375c3c0b656ebf2aa584ff225b498f07a7dea6372eb76d5910f9c9b30c,proven_maximal,maximize_sum_testing_e_values_at_maximum_cardinality,proven_optimal,39680.41135809571,1.2698253064699656,31248.716776959467,4,4,10,61;135;148;173,61;135;148;173,9;27;61;102;113;135;139;148;173;197,4,4,10,0,0,0,0.13333333333333333,0.13333333333333333,0.3333333333333333,0.0,0.0,0.0,0,6,12.01671341099427,21,19,889,55,10,,original_uniform_floor_plus_prior_scores,maximum_cardinality_certified_superset_of_eBH_then_maximum_testing_evalue_sum,200,4,4,exact_dyadic_prefix_or_HiGHS_QUBO_MILP,300.0,1
69,f13063ed52f9f27b11a1bc5e92bf1b8c6c5efe91d28c6053370431da510e22b6,proven_maximal,maximize_sum_testing_e_values_at_maximum_cardinality,proven_optimal,7349.274000764167,1.4692949192415086,5001.905270698186,2,2,2,72;144,72;144,72;144,2,2,2,0,0,0,0.06666666666666667,0.06666666666666667,0.06666666666666667,0.0,0.0,0.0,0,0,3.9911038099962752,12,5,524,48,2,,original_uniform_floor_plus_prior_scores,maximum_cardinality_certified_superset_of_eBH_then_maximum_testing_evalue_sum,200,2,2,exact_dyadic_prefix_or_HiGHS_QUBO_MILP,300.0,1
70,cf6fe6d880d1cd6b8b27a85f334d5e257e2baa9b044438e3afb106dfbc73b217,proven_maximal,maximize_sum_testing_e_values_at_maximum_cardinality,proven_optimal,12642.923032690742,3.308034308635497,3821.883890287013,5,5,8,9;103;132;183;195,9;103;132;183;195,9;68;103;125;132;156;183;195,5,5,8,0,0,0,0.16666666666666666,0.16666666666666666,0.26666666666666666,0.0,0.0,0.0,0,3,8.525036323000677,15,8,589,54,8,,original_uniform_floor_plus_prior_scores,maximum_cardinality_certified_superset_of_eBH_then_maximum_testing_evalue_sum,200,5,5,exact_dyadic_prefix_or_HiGHS_QUBO_MILP,300.0,1
71,9d3b81846bd1c2f8e2ca27e3c4c6c0bced82aa94fb26da7d9f74a7d79ac57b59,proven_maximal,maximize_sum_testing_e_values_at_maximum_cardinality,proven_optimal,41881.51768596096,1.3029584466328525,32143.402419465125,2,2,6,68;191,68;191,63;68;73;115;181;191,2,2,6,0,0,0,0.06666666666666667,0.06666666666666667,0.2,0.0,0.0,0.0,0,4,4.195485381998878,11,10,612,39,6,,original_uniform_floor_plus_prior_scores,maximum_cardinality_certified_superset_of_eBH_then_maximum_testing_evalue_sum,200,2,2,exact_dyadic_prefix_or_HiGHS_QUBO_MILP,300.0,1
72,f0960699b0631fc667c31b218132853c77d1c8409c24d561c226638031236a94,proven_maximal,maximize_sum_testing_e_values_at_maximum_cardinality,proven_optimal,41958.25551119887,2.7097560315038596,15484.14507556715,12,12,14,15;18;44;91;107;111;112;132;156;157;158;183,15;18;44;91;107;111;112;132;156;157;158;183,15;18;44;91;107;111;112;132;145;156;157;158;183;186,12,12,14,0,0,0,0.4,0.4,0.4666666666666667,0.0,0.0,0.0,0,2,11.800891109000077,9,8,776,54,14,,original_uniform_floor_plus_prior_scores,maximum_cardinality_certified_superset_of_eBH_then_maximum_testing_evalue_sum,200,12,12,exact_dyadic_prefix_or_HiGHS_QUBO_MILP,300.0,1
73,c01fbd124dd9e1f242a6198192d1fb93ea80ed9b71a1aea6f07f6efd03771a2c,proven_maximal,maximize_sum_testing_e_values_at_maximum_cardinality,proven_optimal,123262.14131419182,3.6569590385831923,33706.18593582798,11,11,13,23;29;52;55;68;106;112;114;137;155;198,23;29;52;55;68;106;112;114;137;155;198,18;23;29;52;55;68;106;110;112;114;137;155;198,11,11,13,0,0,0,0.36666666666666664,0.36666666666666664,0.43333333333333335,0.0,0.0,0.0,0,2,10.248946476000128,18,10,744,55,13,,original_uniform_floor_plus_prior_scores,maximum_cardinality_certified_superset_of_eBH_then_maximum_testing_evalue_sum,200,11,11,exact_dyadic_prefix_or_HiGHS_QUBO_MILP,300.0,1
74,c44ff93549a23f0ed448150ca998df3bec699ead901252a3a9722a0f5efe081b,proven_maximal,maximize_sum_testing_e_values_at_maximum_cardinality,proven_optimal,8748.77286518412,3.283294215195119,2664.632619487681,0,0,11,,,4;25;46;48;52;69;75;88;97;115;195,0,0,11,0,0,0,0.0,0.0,0.36666666666666664,0.0,0.0,0.0,0,11,9.588884418000816,13,13,1028,56,11,,original_uniform_floor_plus_prior_scores,maximum_cardinality_certified_superset_of_eBH_then_maximum_testing_evalue_sum,200,0,0,exact_dyadic_prefix_or_HiGHS_QUBO_MILP,300.0,1
75,5d07970a6d2628d0af4a11977efc8e8232a375fb0bef0e23d7c61a1df2585168,proven_maximal,maximize_sum_testing_e_values_at_maximum_cardinality,proven_optimal,27586.790982789094,2.8004055519509605,9850.998532541184,7,7,13,46;49;57;75;102;131;156,46;49;57;75;102;131;156,21;28;37;46;49;57;75;102;129;131;156;169;194,7,7,13,0,0,0,0.23333333333333334,0.23333333333333334,0.43333333333333335,0.0,0.0,0.0,0,6,10.271050404997368,12,9,752,59,13,,original_uniform_floor_plus_prior_scores,maximum_cardinality_certified_superset_of_eBH_then_maximum_testing_evalue_sum,200,7,7,exact_dyadic_prefix_or_HiGHS_QUBO_MILP,300.0,1
76,a0dc01707326d177ab31a67b040c899e7b84fd55b8f585c255cd2d677cb2328f,proven_maximal,maximize_sum_testing_e_values_at_maximum_cardinality,proven_optimal,21292.13287556966,2.689769292437371,7915.969944126883,4,4,12,41;105;166;194,41;105;166;194,23;41;65;105;123;138;145;150;161;164;166;194,4,4,12,0,0,0,0.13333333333333333,0.13333333333333333,0.4,0.0,0.0,0.0,0,8,4.751208665999002,12,11,729,45,12,,original_uniform_floor_plus_prior_scores,maximum_cardinality_certified_superset_of_eBH_then_maximum_testing_evalue_sum,200,4,4,exact_dyadic_prefix_or_HiGHS_QUBO_MILP,300.0,1
77,0ffb2bf28424e74e26a6a1fcd023cf2cb6c132fe379118b89f3d0c0d0c81dec5,proven_maximal,maximize_sum_testing_e_values_at_maximum_cardinality,proven_optimal,109824.42571874148,2.5892284463530673,42415.88874609707,8,8,10,5;9;15;19;56;98;167;183,5;9;15;19;56;98;167;183,5;9;15;19;24;56;98;126;167;183,8,8,10,0,0,0,0.26666666666666666,0.26666666666666666,0.3333333333333333,0.0,0.0,0.0,0,2,3.4199969510009396,14,8,660,53,10,,original_uniform_floor_plus_prior_scores,maximum_cardinality_certified_superset_of_eBH_then_maximum_testing_evalue_sum,200,8,8,exact_dyadic_prefix_or_HiGHS_QUBO_MILP,300.0,1
78,9f6c42da2f23a6db53ce1b0e23ae46ac7ec0e11b5d8c316b7229305b4f9cb6a3,proven_maximal,maximize_sum_testing_e_values_at_maximum_cardinality,proven_optimal,19132.800586810787,2.198686455889342,8701.92315760266,8,8,9,3;11;21;117;120;146;160;164,3;11;21;117;120;146;160;164,3;11;21;65;117;120;146;160;164,8,8,9,0,0,0,0.26666666666666666,0.26666666666666666,0.3,0.0,0.0,0.0,0,1,8.048472560003574,18,11,594,59,9,,original_uniform_floor_plus_prior_scores,maximum_cardinality_certified_superset_of_eBH_then_maximum_testing_evalue_sum,200,8,8,exact_dyadic_prefix_or_HiGHS_QUBO_MILP,300.0,1
79,e73609c4393aa57e6d640c8819da1d68ee68cc034fce3d23f2fd8af8f9bf9210,proven_maximal,maximize_sum_testing_e_values_at_maximum_cardinality,proven_optimal,19497.966681460286,3.3350181492679583,5846.434954406506,11,11,13,1;3;8;19;72;73;80;127;148;164;188,1;3;8;19;72;73;80;127;148;164;188,1;3;8;19;44;72;73;80;109;127;148;164;188,11,11,13,0,0,0,0.36666666666666664,0.36666666666666664,0.43333333333333335,0.0,0.0,0.0,0,2,9.61237153899856,15,8,638,58,13,,original_uniform_floor_plus_prior_scores,maximum_cardinality_certified_superset_of_eBH_then_maximum_testing_evalue_sum,200,11,11,exact_dyadic_prefix_or_HiGHS_QUBO_MILP,300.0,1
80,ead653c7d69e7b6f569901a2063e3fcf0dce3ff57e1cec0325de40b597f12fa2,proven_maximal,maximize_sum_testing_e_values_at_maximum_cardinality,proven_optimal,97737.24459989354,1.0328403674298905,94629.57460028592,1,1,3,70,70,70;84;87,1,1,3,0,0,0,0.03333333333333333,0.03333333333333333,0.1,0.0,0.0,0.0,0,2,2.82324214700202,15,8,683,58,3,,original_uniform_floor_plus_prior_scores,maximum_cardinality_certified_superset_of_eBH_then_maximum_testing_evalue_sum,200,1,1,exact_dyadic_prefix_or_HiGHS_QUBO_MILP,300.0,1
81,076b3b726c8bf18f59fb0283efc4047381c82f3bb131afd64c49ad8cb83f3610,proven_maximal,maximize_sum_testing_e_values_at_maximum_cardinality,proven_optimal,1055902.7814459081,1.143447458191103,923437.954128922,5,5,13,34;92;93;135;145,34;92;93;135;145,26;29;34;41;92;93;135;143;145;151;165;183;191,5,5,13,0,0,0,0.16666666666666666,0.16666666666666666,0.43333333333333335,0.0,0.0,0.0,0,8,5.557908516995667,12,10,795,58,13,,original_uniform_floor_plus_prior_scores,maximum_cardinality_certified_superset_of_eBH_then_maximum_testing_evalue_sum,200,5,5,exact_dyadic_prefix_or_HiGHS_QUBO_MILP,300.0,1
82,c3c99b031e6c3b5ddf43a2c1200206ee823e72dbbefbc4ac8da5fcce9dfbb987,proven_maximal,maximize_sum_testing_e_values_at_maximum_cardinality,proven_optimal,194397.87632988914,1.6564542364340467,117357.8309947045,10,10,12,8;98;121;125;126;139;141;162;167;199,8;98;121;125;126;139;141;162;167;199,8;24;55;98;121;125;126;139;141;162;167;199,10,10,12,0,0,0,0.3333333333333333,0.3333333333333333,0.4,0.0,0.0,0.0,0,2,3.617841708000924,11,7,553,58,12,,original_uniform_floor_plus_prior_scores,maximum_cardinality_certified_superset_of_eBH_then_maximum_testing_evalue_sum,200,10,10,exact_dyadic_prefix_or_HiGHS_QUBO_MILP,300.0,1
83,829a34eb26f07ab2abcab4e72f428a218726604bd3e9e8aeca657bf06f2d95a5,proven_maximal,maximize_sum_testing_e_values_at_maximum_cardinality,proven_optimal,27471.177404683956,2.484602521785609,11056.568269495778,8,8,11,34;45;79;115;156;157;168;170,34;45;79;115;156;157;168;170,34;45;65;72;79;81;115;156;157;168;170,8,8,11,0,0,0,0.26666666666666666,0.26666666666666666,0.36666666666666664,0.0,0.0,0.0,0,3,11.92515533700498,22,18,1131,53,11,,original_uniform_floor_plus_prior_scores,maximum_cardinality_certified_superset_of_eBH_then_maximum_testing_evalue_sum,200,8,8,exact_dyadic_prefix_or_HiGHS_QUBO_MILP,300.0,1
84,9d8970351230e77b101fdb3643c4e372a3328f0bc0dd5624670000bcfb501513,proven_maximal,maximize_sum_testing_e_values_at_maximum_cardinality,proven_optimal,0.0,0.0,1448.58585465145,0,0,0,,,,0,0,0,0,0,0,0.0,0.0,0.0,0.0,0.0,0.0,0,0,4.531847425998421,20,10,758,52,0,,original_uniform_floor_plus_prior_scores,maximum_cardinality_certified_superset_of_eBH_then_maximum_testing_evalue_sum,200,0,0,exact_dyadic_prefix_or_HiGHS_QUBO_MILP,300.0,1
85,b24a4a80581e8574a89b59f5a9dc7e531b2fceb71cf6ce99bc38c3f2bc084d34,proven_maximal,maximize_sum_testing_e_values_at_maximum_cardinality,proven_optimal,556941.4964361914,1.0349683789975401,538124.1666297469,11,11,13,0;8;55;74;107;114;118;127;130;164;190,0;8;55;74;107;114;118;127;130;164;190,0;8;41;55;74;83;107;114;118;127;130;164;190,11,11,13,0,0,0,0.36666666666666664,0.36666666666666664,0.43333333333333335,0.0,0.0,0.0,0,2,5.1832896240011905,9,6,535,51,13,,original_uniform_floor_plus_prior_scores,maximum_cardinality_certified_superset_of_eBH_then_maximum_testing_evalue_sum,200,11,11,exact_dyadic_prefix_or_HiGHS_QUBO_MILP,300.0,1
86,31acb3b7aa17739711f388f470e84b62820f7d616b192959d6f1efa0e0aecfe0,proven_maximal,maximize_sum_testing_e_values_at_maximum_cardinality,proven_optimal,39809.22073555018,1.6377706906191116,24306.95637891863,5,5,5,16;51;56;127;147,16;51;56;127;147,16;51;56;127;147,5,5,5,0,0,0,0.16666666666666666,0.16666666666666666,0.16666666666666666,0.0,0.0,0.0,0,0,4.279016631000559,11,8,777,55,5,,original_uniform_floor_plus_prior_scores,maximum_cardinality_certified_superset_of_eBH_then_maximum_testing_evalue_sum,200,5,5,exact_dyadic_prefix_or_HiGHS_QUBO_MILP,300.0,1
87,d02aabbfb2fc7d9e57263598e5f9e58a09b931b9e5156295e3d74a5fd3c05dc9,proven_maximal,maximize_sum_testing_e_values_at_maximum_cardinality,proven_optimal,23208.182854191207,2.7030808671661593,8585.826319921413,6,6,13,84;119;131;141;173;196,84;119;131;141;173;196,16;29;67;84;106;119;128;131;141;173;183;192;196,6,6,13,0,0,0,0.2,0.2,0.43333333333333335,0.0,0.0,0.0,0,7,4.722854997999093,9,7,602,53,13,,original_uniform_floor_plus_prior_scores,maximum_cardinality_certified_superset_of_eBH_then_maximum_testing_evalue_sum,200,6,6,exact_dyadic_prefix_or_HiGHS_QUBO_MILP,300.0,1
88,dacfe6c74af51871335600dbeb37ace60cd49e5b34d92c141b14064ed2d41f94,proven_maximal,maximize_sum_testing_e_values_at_maximum_cardinality,proven_optimal,8067.200878165951,2.157113891582041,3739.812213739635,0,0,7,,,61;78;88;116;176;181;183,0,0,7,0,0,0,0.0,0.0,0.23333333333333334,0.0,0.0,0.0,0,7,3.1052139759995043,13,11,713,48,7,,original_uniform_floor_plus_prior_scores,maximum_cardinality_certified_superset_of_eBH_then_maximum_testing_evalue_sum,200,0,0,exact_dyadic_prefix_or_HiGHS_QUBO_MILP,300.0,1
89,f062acd3f6e27acbea26f66fcf519fe87dfa1297af60011b5f109ac40df547f5,proven_maximal,maximize_sum_testing_e_values_at_maximum_cardinality,proven_optimal,55248.80816837474,1.0,55248.80816837474,1,1,1,1,1,1,1,1,1,0,0,0,0.03333333333333333,0.03333333333333333,0.03333333333333333,0.0,0.0,0.0,0,0,6.2115994000050705,23,13,812,48,1,,original_uniform_floor_plus_prior_scores,maximum_cardinality_certified_superset_of_eBH_then_maximum_testing_evalue_sum,200,1,1,exact_dyadic_prefix_or_HiGHS_QUBO_MILP,300.0,1
90,6093b8c7afa54297e26200a50e731f208fd7fc0ab6b47ad4a947a620be746274,proven_maximal,maximize_sum_testing_e_values_at_maximum_cardinality,proven_optimal,33045.22505648269,2.4658648853233602,13401.06883112913,7,7,8,14;37;57;76;89;129;142,14;37;57;76;89;129;142,14;37;57;76;89;101;129;142,7,7,8,0,0,0,0.23333333333333334,0.23333333333333334,0.26666666666666666,0.0,0.0,0.0,0,1,4.766382296002121,20,11,921,55,8,,original_uniform_floor_plus_prior_scores,maximum_cardinality_certified_superset_of_eBH_then_maximum_testing_evalue_sum,200,7,7,exact_dyadic_prefix_or_HiGHS_QUBO_MILP,300.0,1
91,6bc59bfbee9d14de1edc09d31a9d197db9e2a44aa324ca7d2c65f4283a3cdb40,proven_maximal,maximize_sum_testing_e_values_at_maximum_cardinality,proven_optimal,29572.988336639042,1.166232596298483,25357.71031482145,1,1,5,59,59,59;83;97;120;162,1,1,5,0,0,0,0.03333333333333333,0.03333333333333333,0.16666666666666666,0.0,0.0,0.0,0,4,2.4835648869993747,12,10,720,53,5,,original_uniform_floor_plus_prior_scores,maximum_cardinality_certified_superset_of_eBH_then_maximum_testing_evalue_sum,200,1,1,exact_dyadic_prefix_or_HiGHS_QUBO_MILP,300.0,1
92,c48178a55a6371bdc0d4837fd56a3f3909d356f2ed872f5df866db9e6ac4e2a1,proven_maximal,maximize_sum_testing_e_values_at_maximum_cardinality,proven_optimal,11526.09572835664,1.5963322714091237,7220.36128367076,3,3,3,37;158;172,37;158;172,37;158;172,3,3,3,0,0,0,0.1,0.1,0.1,0.0,0.0,0.0,0,0,6.257295534996956,25,15,1156,54,3,,original_uniform_floor_plus_prior_scores,maximum_cardinality_certified_superset_of_eBH_then_maximum_testing_evalue_sum,200,3,3,exact_dyadic_prefix_or_HiGHS_QUBO_MILP,300.0,1
93,6a4be92cb0c3391e1b918586c46bde9536e0c83d3c5cf0e9efd1a2006d573f5e,proven_maximal,maximize_sum_testing_e_values_at_maximum_cardinality,proven_optimal,279429.33798866585,1.070150596379307,261112.163964654,7,7,7,2;25;77;83;90;117;155,2;25;77;83;90;117;155,2;25;77;83;90;117;155,7,7,7,0,0,0,0.23333333333333334,0.23333333333333334,0.23333333333333334,0.0,0.0,0.0,0,0,2.265529702999629,11,6,595,48,7,,original_uniform_floor_plus_prior_scores,maximum_cardinality_certified_superset_of_eBH_then_maximum_testing_evalue_sum,200,7,7,exact_dyadic_prefix_or_HiGHS_QUBO_MILP,300.0,1
94,6fe00929d7d9f8ad6242efb3a115cd8e7baa30417800384323bafa1f4ee35042,proven_maximal,maximize_sum_testing_e_values_at_maximum_cardinality,proven_optimal,50704.92097403817,1.2544339032631375,40420.56009658247,4,4,5,114;119;167;171,114;119;167;171,114;119;133;167;171,4,4,5,0,0,0,0.13333333333333333,0.13333333333333333,0.16666666666666666,0.0,0.0,0.0,0,1,3.1776296339958208,10,8,606,45,5,,original_uniform_floor_plus_prior_scores,maximum_cardinality_certified_superset_of_eBH_then_maximum_testing_evalue_sum,200,4,4,exact_dyadic_prefix_or_HiGHS_QUBO_MILP,300.0,1
95,fc1d9603141874d4026d7c3341329d3f39245de3544b26cc142dd5a9e318365d,proven_maximal,maximize_sum_testing_e_values_at_maximum_cardinality,proven_optimal,237091.93870924623,1.1792670312262754,201050.2561601364,4,4,11,22;44;173;197,22;44;173;197,13;22;44;49;76;91;103;161;166;173;197,4,4,11,0,0,0,0.13333333333333333,0.13333333333333333,0.36666666666666664,0.0,0.0,0.0,0,7,5.71319225699699,13,10,677,45,11,,original_uniform_floor_plus_prior_scores,maximum_cardinality_certified_superset_of_eBH_then_maximum_testing_evalue_sum,200,4,4,exact_dyadic_prefix_or_HiGHS_QUBO_MILP,300.0,1
96,561799d23b1d0ec513649a737d972e732464ed7a6926da81b1942428d47e16dc,proven_maximal,maximize_sum_testing_e_values_at_maximum_cardinality,proven_optimal,19883.14420479772,2.0317884803593342,9786.030581924191,4,4,9,26;133;163;187,26;133;163;187,26;91;97;126;133;153;163;177;187,4,4,9,0,0,0,0.13333333333333333,0.13333333333333333,0.3,0.0,0.0,0.0,0,5,13.980801106998115,21,18,1409,50,9,,original_uniform_floor_plus_prior_scores,maximum_cardinality_certified_superset_of_eBH_then_maximum_testing_evalue_sum,200,4,4,exact_dyadic_prefix_or_HiGHS_QUBO_MILP,300.0,1
97,5e29b0c22726e479d1ae249c530ef23ad81f2e5e6fb3c4965d11aff4f4a11b5f,proven_maximal,maximize_sum_testing_e_values_at_maximum_cardinality,proven_optimal,49244.41989392825,1.855120750177936,26545.12914547741,4,4,6,7;45;47;144,7;45;47;144,7;16;45;47;95;144,4,4,6,0,0,0,0.13333333333333333,0.13333333333333333,0.2,0.0,0.0,0.0,0,2,3.152775823000411,15,8,616,48,6,,original_uniform_floor_plus_prior_scores,maximum_cardinality_certified_superset_of_eBH_then_maximum_testing_evalue_sum,200,4,4,exact_dyadic_prefix_or_HiGHS_QUBO_MILP,300.0,1
98,d1dd866efea074199780dfa56fbd56e8a8e56d0fb089725c555f8d9e07768f10,proven_maximal,maximize_sum_testing_e_values_at_maximum_cardinality,proven_optimal,1625332.5527989066,1.0503149058329173,1547471.6618536331,7,7,8,9;12;50;116;119;122;134,9;12;50;116;119;122;134,9;12;50;116;119;122;124;134,7,7,8,0,0,0,0.23333333333333334,0.23333333333333334,0.26666666666666666,0.0,0.0,0.0,0,1,2.37385044900293,12,7,589,46,8,,original_uniform_floor_plus_prior_scores,maximum_cardinality_certified_superset_of_eBH_then_maximum_testing_evalue_sum,200,7,7,exact_dyadic_prefix_or_HiGHS_QUBO_MILP,300.0,1
99,f8cfa55a067cce230f1a12e0af0224c0933c508a91a1d0c74690c300d83b4771,proven_maximal,maximize_sum_testing_e_values_at_maximum_cardinality,proven_optimal,46962.65934051944,1.0719611540088514,43810.038418735145,1,1,6,91,91,10;34;63;83;84;91,1,1,6,0,0,0,0.03333333333333333,0.03333333333333333,0.2,0.0,0.0,0.0,0,5,10.84151811600168,27,22,1530,59,6,,original_uniform_floor_plus_prior_scores,maximum_cardinality_certified_superset_of_eBH_then_maximum_testing_evalue_sum,200,1,1,exact_dyadic_prefix_or_HiGHS_QUBO_MILP,300.0,1
100,4f4bfcdaab0f02059bbe0d0b6cdf6f500138959459b30fc1196e4d1659e484a1,proven_maximal,maximize_sum_testing_e_values_at_maximum_cardinality,proven_optimal,535124.8708564201,1.59958465791131,334539.88709492265,11,11,13,18;25;47;60;62;70;79;91;119;144;173,18;25;47;60;62;70;79;91;119;144;173,1;18;25;47;60;62;70;79;91;119;142;144;173,11,11,13,0,0,0,0.36666666666666664,0.36666666666666664,0.43333333333333335,0.0,0.0,0.0,0,2,6.359332521002216,10,9,695,52,13,,original_uniform_floor_plus_prior_scores,maximum_cardinality_certified_superset_of_eBH_then_maximum_testing_evalue_sum,200,11,11,exact_dyadic_prefix_or_HiGHS_QUBO_MILP,300.0,1
101,408b773057c92a5d4b2f3508ac5b0787ff86ecc39a2ee05915b6573c634ba0ce,proven_maximal,maximize_sum_testing_e_values_at_maximum_cardinality,proven_optimal,12980.995416331562,2.981079991972051,4354.460615377296,6,6,6,88;90;146;160;181;192,88;90;146;160;181;192,88;90;146;160;181;192,6,6,6,0,0,0,0.2,0.2,0.2,0.0,0.0,0.0,0,0,3.1305512159960927,14,5,523,47,6,,original_uniform_floor_plus_prior_scores,maximum_cardinality_certified_superset_of_eBH_then_maximum_testing_evalue_sum,200,6,6,exact_dyadic_prefix_or_HiGHS_QUBO_MILP,300.0,1
102,7876b34b543386951da5f7e26d55c8f160eab35a87d5dbcc982296d751c4204a,proven_maximal,maximize_sum_testing_e_values_at_maximum_cardinality,proven_optimal,333915.3064528656,1.0825989022761644,308438.6154011505,5,5,5,12;23;42;46;111,12;23;42;46;111,12;23;42;46;111,5,5,5,0,0,0,0.16666666666666666,0.16666666666666666,0.16666666666666666,0.0,0.0,0.0,0,0,6.794766412000172,20,10,907,60,5,,original_uniform_floor_plus_prior_scores,maximum_cardinality_certified_superset_of_eBH_then_maximum_testing_evalue_sum,200,5,5,exact_dyadic_prefix_or_HiGHS_QUBO_MILP,300.0,1
103,f0a002ab918f0a297100f06629a644c88d91985ed891e52793916dc3d43b6bf4,proven_maximal,maximize_sum_testing_e_values_at_maximum_cardinality,proven_optimal,43290.88863488515,1.1922121588160632,36311.39668788108,2,2,2,6;80,6;80,6;80,2,2,2,0,0,0,0.06666666666666667,0.06666666666666667,0.06666666666666667,0.0,0.0,0.0,0,0,4.407945530998404,15,7,650,53,2,,original_uniform_floor_plus_prior_scores,maximum_cardinality_certified_superset_of_eBH_then_maximum_testing_evalue_sum,200,2,2,exact_dyadic_prefix_or_HiGHS_QUBO_MILP,300.0,1
104,5d9c51a837e20c7f27e421138a946b2ea209df53da296dc9836d63d02f308c4e,proven_maximal,maximize_sum_testing_e_values_at_maximum_cardinality,proven_optimal,20033.232231580776,2.810499942022358,7127.995959738542,10,10,10,16;20;63;74;95;116;125;127;162;188,16;20;63;74;95;116;125;127;162;188,16;20;63;74;95;116;125;127;162;188,10,10,10,0,0,0,0.3333333333333333,0.3333333333333333,0.3333333333333333,0.0,0.0,0.0,0,0,6.621091792003426,15,7,668,48,10,,original_uniform_floor_plus_prior_scores,maximum_cardinality_certified_superset_of_eBH_then_maximum_testing_evalue_sum,200,10,10,exact_dyadic_prefix_or_HiGHS_QUBO_MILP,300.0,1
105,cfe29c3ee3c07a1d0fedbec656f07d3e732ba4112891d5598c8c8eea5c726e7f,proven_maximal,maximize_sum_testing_e_values_at_maximum_cardinality,proven_optimal,33333.05779793008,2.4785963977158394,13448.360462658742,10,10,12,0;24;45;91;97;128;132;159;170;179,0;24;45;91;97;128;132;159;170;179,0;24;32;45;50;91;97;128;132;159;170;179,10,10,12,0,0,0,0.3333333333333333,0.3333333333333333,0.4,0.0,0.0,0.0,0,2,6.883492014996591,13,7,594,51,12,,original_uniform_floor_plus_prior_scores,maximum_cardinality_certified_superset_of_eBH_then_maximum_testing_evalue_sum,200,10,10,exact_dyadic_prefix_or_HiGHS_QUBO_MILP,300.0,1
106,0b462b9d4eab9ad475b7957a4e0727e53570587ebed7ba28ec6a4375c034d67e,proven_maximal,maximize_sum_testing_e_values_at_maximum_cardinality,proven_optimal,35547.65304727597,1.3987629938246915,25413.635622484304,6,6,11,32;69;86;87;98;171,32;69;86;87;98;171,32;68;69;86;87;91;98;111;121;171;195,6,6,11,0,0,0,0.2,0.2,0.36666666666666664,0.0,0.0,0.0,0,5,5.055242251997697,12,8,654,47,11,,original_uniform_floor_plus_prior_scores,maximum_cardinality_certified_superset_of_eBH_then_maximum_testing_evalue_sum,200,6,6,exact_dyadic_prefix_or_HiGHS_QUBO_MILP,300.0,1
107,56087d8f01f131c8e13c4dce4d5a99185e7637785578e0bda239dd4872f09b02,proven_maximal,maximize_sum_testing_e_values_at_maximum_cardinality,proven_optimal,21875.74491457316,2.5527015653119407,8569.644494224274,9,9,10,14;41;43;71;95;111;118;120;134,14;41;43;71;95;111;118;120;134,14;41;43;71;95;111;118;120;134;156,9,9,10,0,0,0,0.3,0.3,0.3333333333333333,0.0,0.0,0.0,0,1,4.156110028001422,12,7,621,44,10,,original_uniform_floor_plus_prior_scores,maximum_cardinality_certified_superset_of_eBH_then_maximum_testing_evalue_sum,200,9,9,exact_dyadic_prefix_or_HiGHS_QUBO_MILP,300.0,1
108,1a7f9df1c48e9ec6c4c765a84559192a6786e6cba2aee60eeef09508882c9d55,proven_maximal,maximize_sum_testing_e_values_at_maximum_cardinality,proven_optimal,22283.850380322223,2.0227312808683964,11016.713189285008,9,9,14,11;51;86;123;132;136;141;144;158,11;51;86;123;132;136;141;144;158,6;11;51;63;86;88;99;123;128;132;136;141;144;158,9,9,14,0,0,0,0.3,0.3,0.4666666666666667,0.0,0.0,0.0,0,5,13.461133739998331,13,10,991,53,14,,original_uniform_floor_plus_prior_scores,maximum_cardinality_certified_superset_of_eBH_then_maximum_testing_evalue_sum,200,9,9,exact_dyadic_prefix_or_HiGHS_QUBO_MILP,300.0,1
109,48db93571aa1fa777edee8c467e48ec046a6388fa4d3a1f46cd11cc3c6b4e2db,proven_maximal,maximize_sum_testing_e_values_at_maximum_cardinality,proven_optimal,44233.055906845075,1.6496349700391508,26813.844705168496,8,8,9,4;5;77;79;80;129;142;156,4;5;77;79;80;129;142;156,4;5;77;79;80;129;142;156;187,8,8,9,0,0,0,0.26666666666666666,0.26666666666666666,0.3,0.0,0.0,0.0,0,1,3.616107636000379,11,8,670,55,9,,original_uniform_floor_plus_prior_scores,maximum_cardinality_certified_superset_of_eBH_then_maximum_testing_evalue_sum,200,8,8,exact_dyadic_prefix_or_HiGHS_QUBO_MILP,300.0,1
110,a0df8ce399127997f97a7ad16b58abe985fe38634f587eb06393a7874dc0c132,proven_maximal,maximize_sum_testing_e_values_at_maximum_cardinality,proven_optimal,23564.26929253559,1.8637480208416848,12643.484542451057,4,4,7,11;19;22;171,11;19;22;171,11;19;22;38;93;143;171,4,4,7,0,0,0,0.13333333333333333,0.13333333333333333,0.23333333333333334,0.0,0.0,0.0,0,3,4.289501201004896,18,12,845,47,7,,original_uniform_floor_plus_prior_scores,maximum_cardinality_certified_superset_of_eBH_then_maximum_testing_evalue_sum,200,4,4,exact_dyadic_prefix_or_HiGHS_QUBO_MILP,300.0,1
111,d91f454aa32215df1b7796d2009914520be8dbe44f42c15e0fce0234859b884d,proven_maximal,maximize_sum_testing_e_values_at_maximum_cardinality,proven_optimal,55761.571581315206,2.3860781714589407,23369.54935018764,14,14,14,23;38;39;43;55;58;60;73;75;77;88;121;146;151,23;38;39;43;55;58;60;73;75;77;88;121;146;151,23;38;39;43;55;58;60;73;75;77;88;121;146;151,14,14,14,0,0,0,0.4666666666666667,0.4666666666666667,0.4666666666666667,0.0,0.0,0.0,0,0,2.6481588980022934,12,7,639,57,14,,original_uniform_floor_plus_prior_scores,maximum_cardinality_certified_superset_of_eBH_then_maximum_testing_evalue_sum,200,14,14,exact_dyadic_prefix_or_HiGHS_QUBO_MILP,300.0,1
112,ec5029f285db950c389815e38824d018f24d459e3ee7e905169a036bba2f6f0d,proven_maximal,maximize_sum_testing_e_values_at_maximum_cardinality,proven_optimal,20813.320209352176,3.807746783812818,5466.0462974670645,11,11,14,9;10;43;53;62;85;108;110;114;135;162,9;10;43;53;62;85;108;110;114;135;162,9;10;43;53;62;85;108;110;114;129;133;135;162;176,11,11,14,0,0,0,0.36666666666666664,0.36666666666666664,0.4666666666666667,0.0,0.0,0.0,0,3,15.150603439004044,11,8,577,48,14,,original_uniform_floor_plus_prior_scores,maximum_cardinality_certified_superset_of_eBH_then_maximum_testing_evalue_sum,200,11,11,exact_dyadic_prefix_or_HiGHS_QUBO_MILP,300.0,1
113,eb2bc73d8d69bbedb654a049297a5bc4b64323e5d46d4c17d240a82d3111c4d7,proven_maximal,maximize_sum_testing_e_values_at_maximum_cardinality,proven_optimal,69151.29240963586,2.2466856955270655,30779.2463126059,4,4,9,48;80;87;176,48;80;87;176,25;36;48;80;87;114;174;176;199,4,4,9,0,0,0,0.13333333333333333,0.13333333333333333,0.3,0.0,0.0,0.0,0,5,1.6454077779999352,9,8,703,63,9,,original_uniform_floor_plus_prior_scores,maximum_cardinality_certified_superset_of_eBH_then_maximum_testing_evalue_sum,200,4,4,exact_dyadic_prefix_or_HiGHS_QUBO_MILP,300.0,1
114,446d126f3edba605d97552e81e45de0da0b044ce147b254128235748be011642,proven_maximal,maximize_sum_testing_e_values_at_maximum_cardinality,proven_optimal,49566.14148576645,1.600036635726913,30978.129112180013,10,10,11,35;40;78;100;101;102;118;135;166;186,35;40;78;100;101;102;118;135;166;186,35;40;78;100;101;102;116;118;135;166;186,10,10,11,0,0,0,0.3333333333333333,0.3333333333333333,0.36666666666666664,0.0,0.0,0.0,0,1,4.415167011997255,17,10,692,60,11,,original_uniform_floor_plus_prior_scores,maximum_cardinality_certified_superset_of_eBH_then_maximum_testing_evalue_sum,200,10,10,exact_dyadic_prefix_or_HiGHS_QUBO_MILP,300.0,1
115,487b2da2456886de10cdf00d7e77ccebd048fe763307d0842e8f24d86b555ebc,proven_maximal,maximize_sum_testing_e_values_at_maximum_cardinality,proven_optimal,19957.258592821014,1.7513315762029324,11395.476941088682,3,3,4,7;111;131,7;111;131,7;111;131;145,3,3,4,0,0,0,0.1,0.1,0.13333333333333333,0.0,0.0,0.0,0,1,3.4844527579989517,19,10,647,53,4,,original_uniform_floor_plus_prior_scores,maximum_cardinality_certified_superset_of_eBH_then_maximum_testing_evalue_sum,200,3,3,exact_dyadic_prefix_or_HiGHS_QUBO_MILP,300.0,1
116,e6231624d82b290b1939ba17b6874e2204583fc0350a5f46ecbc4a515d24cd08,proven_maximal,maximize_sum_testing_e_values_at_maximum_cardinality,proven_optimal,22091.900090152554,2.827826780068779,7812.324377809036,6,6,7,51;55;59;88;126;134,51;55;59;88;126;134,51;55;59;62;88;126;134,6,6,7,0,0,0,0.2,0.2,0.23333333333333334,0.0,0.0,0.0,0,1,5.308472532997257,20,12,734,49,7,,original_uniform_floor_plus_prior_scores,maximum_cardinality_certified_superset_of_eBH_then_maximum_testing_evalue_sum,200,6,6,exact_dyadic_prefix_or_HiGHS_QUBO_MILP,300.0,1
117,bebbd051158a4b7ae619f0d971f689990dcc241ee9d6f51fb50566017d663ad3,proven_maximal,maximize_sum_testing_e_values_at_maximum_cardinality,proven_optimal,10729.187871334598,2.5663173841094715,4180.772003404284,4,4,4,41;53;74;120,41;53;74;120,41;53;74;120,4,4,4,0,0,0,0.13333333333333333,0.13333333333333333,0.13333333333333333,0.0,0.0,0.0,0,0,4.551648238004418,20,11,719,60,4,,original_uniform_floor_plus_prior_scores,maximum_cardinality_certified_superset_of_eBH_then_maximum_testing_evalue_sum,200,4,4,exact_dyadic_prefix_or_HiGHS_QUBO_MILP,300.0,1
118,6f6d442382e34d6daabc28cdef83df29f83d40c883505a7fd8c99c969d46ddc5,proven_maximal,maximize_sum_testing_e_values_at_maximum_cardinality,proven_optimal,19308.749101806774,3.839265368535003,5029.282231974149,7,7,7,11;27;33;63;75;131;165,11;27;33;63;75;131;165,11;27;33;63;75;131;165,7,7,7,0,0,0,0.23333333333333334,0.23333333333333334,0.23333333333333334,0.0,0.0,0.0,0,0,14.32959516900155,28,21,1096,50,7,,original_uniform_floor_plus_prior_scores,maximum_cardinality_certified_superset_of_eBH_then_maximum_testing_evalue_sum,200,7,7,exact_dyadic_prefix_or_HiGHS_QUBO_MILP,300.0,1
119,1325dcf38978837b891db0f8328a1a82a1f80569aadb974fd04c0b1759f5fb8f,proven_maximal,maximize_sum_testing_e_values_at_maximum_cardinality,proven_optimal,47167.37631177354,3.1435245747265648,15004.615103375272,13,13,15,23;37;44;59;81;94;114;138;152;155;157;172;176,23;37;44;59;81;94;114;138;152;155;157;172;176,23;37;44;59;81;94;105;114;138;144;152;155;157;172;176,13,13,15,0,0,0,0.43333333333333335,0.43333333333333335,0.5,0.0,0.0,0.0,0,2,15.759612652000214,18,11,1030,60,15,,original_uniform_floor_plus_prior_scores,maximum_cardinality_certified_superset_of_eBH_then_maximum_testing_evalue_sum,200,13,13,exact_dyadic_prefix_or_HiGHS_QUBO_MILP,300.0,1
120,63a7988289b8a11e54243b9aca9a413472b6e50c8b2e9f457e3b9bae1823785b,proven_maximal,maximize_sum_testing_e_values_at_maximum_cardinality,proven_optimal,155550.57769013703,1.1053193105764807,140729.08724358524,9,9,12,18;81;82;83;84;102;130;157;177,18;81;82;83;84;102;130;157;177,18;22;81;82;83;84;102;127;130;157;177;191,9,9,12,0,0,0,0.3,0.3,0.4,0.0,0.0,0.0,0,3,4.061277446999156,12,8,697,62,12,,original_uniform_floor_plus_prior_scores,maximum_cardinality_certified_superset_of_eBH_then_maximum_testing_evalue_sum,200,9,9,exact_dyadic_prefix_or_HiGHS_QUBO_MILP,300.0,1
121,b974dd22211c36bbed4f98c6e48d3cbf1d5fb32c302cbc1eed498dfbd2e64b65,proven_maximal,maximize_sum_testing_e_values_at_maximum_cardinality,proven_optimal,47259.063669449766,1.1031446034996697,42840.316237348045,4,4,4,51;98;145;197,51;98;145;197,51;98;145;197,4,4,4,0,0,0,0.13333333333333333,0.13333333333333333,0.13333333333333333,0.0,0.0,0.0,0,0,3.859840933000669,18,13,946,52,4,,original_uniform_floor_plus_prior_scores,maximum_cardinality_certified_superset_of_eBH_then_maximum_testing_evalue_sum,200,4,4,exact_dyadic_prefix_or_HiGHS_QUBO_MILP,300.0,1
122,78be64c8bb94b4f1c547972cc0f9174e3ec043c6c52c95fe45f3e3c4e2153516,proven_maximal,maximize_sum_testing_e_values_at_maximum_cardinality,proven_optimal,0.0,0.0,1846.40426978216,0,0,0,,,,0,0,0,0,0,0,0.0,0.0,0.0,0.0,0.0,0.0,0,0,5.141315399996529,22,14,1034,52,0,,original_uniform_floor_plus_prior_scores,maximum_cardinality_certified_superset_of_eBH_then_maximum_testing_evalue_sum,200,0,0,exact_dyadic_prefix_or_HiGHS_QUBO_MILP,300.0,1
123,dfa096c3a172aed318eb09247aeee8be4cd395d2ae30fb12b67f106f5b55c35f,proven_maximal,maximize_sum_testing_e_values_at_maximum_cardinality,proven_optimal,0.0,0.0,525.677731548747,0,0,0,,,,0,0,0,0,0,0,0.0,0.0,0.0,0.0,0.0,0.0,0,0,0.787367398996139,3,3,300,42,0,,original_uniform_floor_plus_prior_scores,maximum_cardinality_certified_superset_of_eBH_then_maximum_testing_evalue_sum,200,0,0,exact_dyadic_prefix_or_HiGHS_QUBO_MILP,300.0,1
124,2552fbbbaa374af1a909c97b27507c55b93b2a24d14ba99ac4b3e6b260d24bd4,proven_maximal,maximize_sum_testing_e_values_at_maximum_cardinality,proven_optimal,22913.62192242964,1.5397896720856732,14881.007671257285,5,5,7,7;70;112;175;181,7;70;112;175;181,7;70;109;112;142;175;181,5,5,7,0,0,0,0.16666666666666666,0.16666666666666666,0.23333333333333334,0.0,0.0,0.0,0,2,2.273595374994329,7,7,614,51,7,,original_uniform_floor_plus_prior_scores,maximum_cardinality_certified_superset_of_eBH_then_maximum_testing_evalue_sum,200,5,5,exact_dyadic_prefix_or_HiGHS_QUBO_MILP,300.0,1
125,fd6a6a48d48f945ad5f8aa099e4557a1647a9bae2f0ad406cd25c5912762387d,proven_maximal,maximize_sum_testing_e_values_at_maximum_cardinality,proven_optimal,42068.89649935533,1.4640265537356425,28735.063849771992,5,5,9,15;49;55;116;182,15;49;55;116;182,15;40;49;55;106;116;139;182;185,5,5,9,0,0,0,0.16666666666666666,0.16666666666666666,0.3,0.0,0.0,0.0,0,4,3.5880025880032917,14,12,937,44,9,,original_uniform_floor_plus_prior_scores,maximum_cardinality_certified_superset_of_eBH_then_maximum_testing_evalue_sum,200,5,5,exact_dyadic_prefix_or_HiGHS_QUBO_MILP,300.0,1
126,1c07c9fc873e1807b2725fe4a9e9b70f1fd03ce187545276b7281f5bddac69af,proven_maximal,maximize_sum_testing_e_values_at_maximum_cardinality,proven_optimal,123942.15582233874,1.636568122998112,75732.96465978015,13,13,16,16;45;68;73;84;87;96;118;140;160;162;185;186,16;45;68;73;84;87;96;118;140;160;162;185;186,16;45;68;73;84;87;88;96;118;127;140;160;162;185;186;189,13,13,16,0,0,0,0.43333333333333335,0.43333333333333335,0.5333333333333333,0.0,0.0,0.0,0,3,28.91882121800154,14,8,719,79,16,,original_uniform_floor_plus_prior_scores,maximum_cardinality_certified_superset_of_eBH_then_maximum_testing_evalue_sum,200,13,13,exact_dyadic_prefix_or_HiGHS_QUBO_MILP,300.0,1
127,748b85d288e160c19bbb8460304393945f2340d8028f44a7809aa3b181c4d571,proven_maximal,maximize_sum_testing_e_values_at_maximum_cardinality,proven_optimal,17142.76793235448,1.5740832232082567,10890.636326975471,5,5,10,40;43;85;101;115,40;43;85;101;115,40;43;61;85;97;101;115;123;147;199,5,5,10,0,0,0,0.16666666666666666,0.16666666666666666,0.3333333333333333,0.0,0.0,0.0,0,5,5.510057332998258,10,9,859,52,10,,original_uniform_floor_plus_prior_scores,maximum_cardinality_certified_superset_of_eBH_then_maximum_testing_evalue_sum,200,5,5,exact_dyadic_prefix_or_HiGHS_QUBO_MILP,300.0,1
128,77a0e2c7f1d222bd40ad4e9b75ab612bd15b9e978c566d1fa140e94e7a868ac2,proven_maximal,maximize_sum_testing_e_values_at_maximum_cardinality,proven_optimal,52196.05956370183,1.4525315181936356,35934.545247329785,4,4,4,12;27;162;190,12;27;162;190,12;27;162;190,4,4,4,0,0,0,0.13333333333333333,0.13333333333333333,0.13333333333333333,0.0,0.0,0.0,0,0,10.147336303001794,16,8,805,44,4,,original_uniform_floor_plus_prior_scores,maximum_cardinality_certified_superset_of_eBH_then_maximum_testing_evalue_sum,200,4,4,exact_dyadic_prefix_or_HiGHS_QUBO_MILP,300.0,1
129,6432ff9ef118150bd7ed2d00b2e14ab5295bbac7483897c99d46092c43706397,proven_maximal,maximize_sum_testing_e_values_at_maximum_cardinality,proven_optimal,124416.41238109824,2.20545118832168,56413.13353018596,10,10,10,0;26;50;54;117;128;144;152;160;193,0;26;50;54;117;128;144;152;160;193,0;26;50;54;117;128;144;152;160;193,10,10,10,0,0,0,0.3333333333333333,0.3333333333333333,0.3333333333333333,0.0,0.0,0.0,0,0,7.1784089600041625,17,7,668,59,10,,original_uniform_floor_plus_prior_scores,maximum_cardinality_certified_superset_of_eBH_then_maximum_testing_evalue_sum,200,10,10,exact_dyadic_prefix_or_HiGHS_QUBO_MILP,300.0,1
130,b61d0079ff3ccf4e6e877977460f51c62702f4397fc4d44fcb7d98cfdb77e0d2,proven_maximal,maximize_sum_testing_e_values_at_maximum_cardinality,proven_optimal,33565.058696715605,2.981121729856191,11259.204332570069,10,10,12,32;92;95;110;130;137;145;152;173;189,32;92;95;110;130;137;145;152;173;189,32;53;92;95;110;120;130;137;145;152;173;189,10,10,12,0,0,0,0.3333333333333333,0.3333333333333333,0.4,0.0,0.0,0.0,0,2,51.65586460399936,22,15,736,57,12,,original_uniform_floor_plus_prior_scores,maximum_cardinality_certified_superset_of_eBH_then_maximum_testing_evalue_sum,200,10,10,exact_dyadic_prefix_or_HiGHS_QUBO_MILP,300.0,1
131,f769063b63a59a5df4f7b1bf6c9bbe581e224e59c75f39b0dd926cc4ae1d6ec0,proven_maximal,maximize_sum_testing_e_values_at_maximum_cardinality,proven_optimal,143300.12158687075,1.3139823671096948,109057.87259693696,11,11,15,2;27;57;62;75;99;104;174;175;188;195,2;27;57;62;75;99;104;174;175;188;195,2;27;57;61;62;75;77;99;104;128;154;174;175;188;195,11,11,15,0,0,0,0.36666666666666664,0.36666666666666664,0.5,0.0,0.0,0.0,0,4,16.210685147998447,16,10,909,62,15,,original_uniform_floor_plus_prior_scores,maximum_cardinality_certified_superset_of_eBH_then_maximum_testing_evalue_sum,200,11,11,exact_dyadic_prefix_or_HiGHS_QUBO_MILP,300.0,1
132,9d8ab5cf2e7aa89ad4ae0b4ebd8d7091836e6ddf7d69c8146f851d685c0d8063,proven_maximal,maximize_sum_testing_e_values_at_maximum_cardinality,proven_optimal,15062.769874554417,2.563421927507064,5876.040035751355,4,4,4,3;5;100;109,3;5;100;109,3;5;100;109,4,4,4,0,0,0,0.13333333333333333,0.13333333333333333,0.13333333333333333,0.0,0.0,0.0,0,0,8.399320869000803,19,9,755,46,4,,original_uniform_floor_plus_prior_scores,maximum_cardinality_certified_superset_of_eBH_then_maximum_testing_evalue_sum,200,4,4,exact_dyadic_prefix_or_HiGHS_QUBO_MILP,300.0,1
133,080e35ab10cb90d2af5689ecfdb2900993202c74171eb3a01f2b47d7be7713b1,proven_maximal,maximize_sum_testing_e_values_at_maximum_cardinality,proven_optimal,20402.294772760655,2.442461923267824,8353.167997584982,4,4,5,5;52;66;127,5;52;66;127,5;52;66;107;127,4,4,5,0,0,0,0.13333333333333333,0.13333333333333333,0.16666666666666666,0.0,0.0,0.0,0,1,5.4357020080060465,17,8,675,53,5,,original_uniform_floor_plus_prior_scores,maximum_cardinality_certified_superset_of_eBH_then_maximum_testing_evalue_sum,200,4,4,exact_dyadic_prefix_or_HiGHS_QUBO_MILP,300.0,1
134,1d772aa73cb58a4f565da56e3ae579cd539a09fb7be84bb49ffaa27c5b8ba122,proven_maximal,maximize_sum_testing_e_values_at_maximum_cardinality,proven_optimal,91722.62853543815,1.2280273338487138,74691.03171178914,10,10,10,38;67;86;99;102;107;180;182;184;196,38;67;86;99;102;107;180;182;184;196,38;67;86;99;102;107;180;182;184;196,10,10,10,0,0,0,0.3333333333333333,0.3333333333333333,0.3333333333333333,0.0,0.0,0.0,0,0,5.043285717998515,17,10,958,54,10,,original_uniform_floor_plus_prior_scores,maximum_cardinality_certified_superset_of_eBH_then_maximum_testing_evalue_sum,200,10,10,exact_dyadic_prefix_or_HiGHS_QUBO_MILP,300.0,1
135,e966a29e2380b7571c315a18b0227748c02c5c95e62ee9f1f5289916fdf13f93,proven_maximal,maximize_sum_testing_e_values_at_maximum_cardinality,proven_optimal,75505.2371926457,1.289290355312701,58563.40806515446,9,9,12,24;38;39;43;56;83;117;142;193,24;38;39;43;56;83;117;142;193,24;38;39;43;56;60;73;83;117;130;142;193,9,9,11,0,0,1,0.3,0.3,0.36666666666666664,0.0,0.0,0.08333333333333333,0,3,6.198684540999238,18,11,1027,52,12,,original_uniform_floor_plus_prior_scores,maximum_cardinality_certified_superset_of_eBH_then_maximum_testing_evalue_sum,200,9,9,exact_dyadic_prefix_or_HiGHS_QUBO_MILP,300.0,1
136,c2ee0d00f39d3a31e6450a29f583b04d41ed05d50d2bb6aebe896155eb5a4211,proven_maximal,maximize_sum_testing_e_values_at_maximum_cardinality,proven_optimal,35293.16388669133,1.351637137453116,26111.419188432545,4,4,4,26;130;132;180,26;130;132;180,26;130;132;180,4,4,4,0,0,0,0.13333333333333333,0.13333333333333333,0.13333333333333333,0.0,0.0,0.0,0,0,2.8647195090015884,15,7,718,58,4,,original_uniform_floor_plus_prior_scores,maximum_cardinality_certified_superset_of_eBH_then_maximum_testing_evalue_sum,200,4,4,exact_dyadic_prefix_or_HiGHS_QUBO_MILP,300.0,1
137,5a1f239333b0fbe67883b77f813216c016983f84835e96f488325b322b96529c,proven_maximal,maximize_sum_testing_e_values_at_maximum_cardinality,proven_optimal,41665.285399670094,1.5435628601602571,26992.930754594785,10,10,12,7;25;36;39;47;55;58;111;157;158,7;25;36;39;47;55;58;111;157;158,7;25;36;39;47;55;58;111;153;156;157;158,10,10,12,0,0,0,0.3333333333333333,0.3333333333333333,0.4,0.0,0.0,0.0,0,2,21.842046551995736,23,18,1346,49,12,,original_uniform_floor_plus_prior_scores,maximum_cardinality_certified_superset_of_eBH_then_maximum_testing_evalue_sum,200,10,10,exact_dyadic_prefix_or_HiGHS_QUBO_MILP,300.0,1
138,98dd9cc277b16ce0907076848b30011234dad9f8b0c19a2495b9396ccd18ed3d,proven_maximal,maximize_sum_testing_e_values_at_maximum_cardinality,proven_optimal,14008.489487607932,1.762762392870524,7946.896044676887,2,2,10,20;99,20;99,6;20;22;90;99;144;145;149;174;183,2,2,10,0,0,0,0.06666666666666667,0.06666666666666667,0.3333333333333333,0.0,0.0,0.0,0,8,5.159774663006829,16,14,978,65,10,,original_uniform_floor_plus_prior_scores,maximum_cardinality_certified_superset_of_eBH_then_maximum_testing_evalue_sum,200,2,2,exact_dyadic_prefix_or_HiGHS_QUBO_MILP,300.0,1
139,20e95b56cc85b0b6dfc7f0f9db183b7d0f67ae2ffb89c1ce93072a2104af02fb,proven_maximal,maximize_sum_testing_e_values_at_maximum_cardinality,proven_optimal,48139.27830745896,1.2806773997393013,37588.918424935386,12,12,12,10;24;32;33;38;64;91;122;155;166;169;195,10;24;32;33;38;64;91;122;155;166;169;195,10;24;32;33;38;64;91;122;155;166;169;195,12,12,12,0,0,0,0.4,0.4,0.4,0.0,0.0,0.0,0,0,2.423094364996359,12,8,789,52,12,,original_uniform_floor_plus_prior_scores,maximum_cardinality_certified_superset_of_eBH_then_maximum_testing_evalue_sum,200,12,12,exact_dyadic_prefix_or_HiGHS_QUBO_MILP,300.0,1
140,d531ee0646bf0760d80c95fed7690a8f3dbdfff421ccb0777308a597bcd3be04,proven_maximal,maximize_sum_testing_e_values_at_maximum_cardinality,proven_optimal,12402.46795525799,3.8458300366061597,3224.913175363004,6,6,8,35;50;58;66;153;176,35;50;58;66;153;176,35;50;58;66;84;130;153;176,6,6,8,0,0,0,0.2,0.2,0.26666666666666666,0.0,0.0,0.0,0,2,6.142526891999296,20,12,730,57,8,,original_uniform_floor_plus_prior_scores,maximum_cardinality_certified_superset_of_eBH_then_maximum_testing_evalue_sum,200,6,6,exact_dyadic_prefix_or_HiGHS_QUBO_MILP,300.0,1
141,c8c8f8bf14e44eafd7c649386a8a18c11909b9ff50b59541ab06a25a2a448ca8,proven_maximal,maximize_sum_testing_e_values_at_maximum_cardinality,proven_optimal,145046.5313428428,1.711780641526963,84734.29820625653,7,7,7,18;33;50;73;102;127;186,18;33;50;73;102;127;186,18;33;50;73;102;127;186,7,7,7,0,0,0,0.23333333333333334,0.23333333333333334,0.23333333333333334,0.0,0.0,0.0,0,0,4.148115606003557,14,8,745,46,7,,original_uniform_floor_plus_prior_scores,maximum_cardinality_certified_superset_of_eBH_then_maximum_testing_evalue_sum,200,7,7,exact_dyadic_prefix_or_HiGHS_QUBO_MILP,300.0,1
142,62a8d562e6fdb658429572f19cf802ff67527286d4363c7e47be3f6657d501af,proven_maximal,maximize_sum_testing_e_values_at_maximum_cardinality,proven_optimal,39465.91698898236,3.9290597345611786,10044.621272063749,11,11,12,21;28;65;124;130;132;146;165;174;180;197,21;28;65;124;130;132;146;165;174;180;197,19;21;28;65;124;130;132;146;165;174;180;197,11,11,12,0,0,0,0.36666666666666664,0.36666666666666664,0.4,0.0,0.0,0.0,0,1,8.786560821994499,21,12,1047,48,12,,original_uniform_floor_plus_prior_scores,maximum_cardinality_certified_superset_of_eBH_then_maximum_testing_evalue_sum,200,11,11,exact_dyadic_prefix_or_HiGHS_QUBO_MILP,300.0,1
143,6ae7f4adf473a9f0bb6c0aa4e47a3f0b782785f115c539b72912f2567aa5aa65,proven_maximal,maximize_sum_testing_e_values_at_maximum_cardinality,proven_optimal,42002.682437588366,3.6912664133431394,11378.935501853142,12,12,15,18;23;42;50;79;82;91;108;113;134;192;193,18;23;42;50;79;82;91;108;113;134;192;193,18;23;41;42;50;65;79;82;91;108;113;116;134;192;193,12,12,15,0,0,0,0.4,0.4,0.5,0.0,0.0,0.0,0,3,15.477634101996955,11,8,701,54,15,,original_uniform_floor_plus_prior_scores,maximum_cardinality_certified_superset_of_eBH_then_maximum_testing_evalue_sum,200,12,12,exact_dyadic_prefix_or_HiGHS_QUBO_MILP,300.0,1
144,15abbe14561cd8605b705ce7a25dc66011aaf9b252ac21b2e8a31671637d2b62,proven_maximal,maximize_sum_testing_e_values_at_maximum_cardinality,proven_optimal,95181.83468888306,1.2707915780643178,74899.64234250353,4,4,7,110;170;185;194,110;170;185;194,17;52;75;110;170;185;194,4,4,7,0,0,0,0.13333333333333333,0.13333333333333333,0.23333333333333334,0.0,0.0,0.0,0,3,4.985865009999543,14,8,627,45,7,,original_uniform_floor_plus_prior_scores,maximum_cardinality_certified_superset_of_eBH_then_maximum_testing_evalue_sum,200,4,4,exact_dyadic_prefix_or_HiGHS_QUBO_MILP,300.0,1
145,f1cd3b85d3739837b9979fa00e4098cd2a564f199f969c39e46b39209697c03a,proven_maximal,maximize_sum_testing_e_values_at_maximum_cardinality,proven_optimal,17333.665969925834,2.170000114432297,7987.864081039723,6,6,6,43;101;133;169;178;197,43;101;133;169;178;197,43;101;133;169;178;197,6,6,6,0,0,0,0.2,0.2,0.2,0.0,0.0,0.0,0,0,6.29538042099739,20,10,705,56,6,,original_uniform_floor_plus_prior_scores,maximum_cardinality_certified_superset_of_eBH_then_maximum_testing_evalue_sum,200,6,6,exact_dyadic_prefix_or_HiGHS_QUBO_MILP,300.0,1
146,d665f825378dbbe592f6f8971730b70fb3f87d27a93e3ab52d2bf618d90cb366,proven_maximal,maximize_sum_testing_e_values_at_maximum_cardinality,proven_optimal,26022.80063057549,2.660545742293927,9781.001024300596,4,4,5,17;43;97;172,17;43;97;172,17;43;72;97;172,4,4,5,0,0,0,0.13333333333333333,0.13333333333333333,0.16666666666666666,0.0,0.0,0.0,0,1,4.313648039002146,14,8,620,44,5,,original_uniform_floor_plus_prior_scores,maximum_cardinality_certified_superset_of_eBH_then_maximum_testing_evalue_sum,200,4,4,exact_dyadic_prefix_or_HiGHS_QUBO_MILP,300.0,1
147,60f326d06eb3520414c5b7355583a11ad7170da21690498a8f5a018dca780c0d,proven_maximal,maximize_sum_testing_e_values_at_maximum_cardinality,proven_optimal,42829.74815686869,1.287253059358364,33272.20537212577,7,7,10,43;83;116;143;173;175;197,43;83;116;143;173;175;197,2;43;57;83;107;116;143;173;175;197,7,7,10,0,0,0,0.23333333333333334,0.23333333333333334,0.3333333333333333,0.0,0.0,0.0,0,3,5.715066390999709,16,11,647,54,10,,original_uniform_floor_plus_prior_scores,maximum_cardinality_certified_superset_of_eBH_then_maximum_testing_evalue_sum,200,7,7,exact_dyadic_prefix_or_HiGHS_QUBO_MILP,300.0,1
148,0df81d333432e81804c3e75ac2ab2e786d7867f0a9e3942475077535b7db1ce1,proven_maximal,maximize_sum_testing_e_values_at_maximum_cardinality,proven_optimal,44502.54427105808,2.6071396307504817,17069.490159315996,9,9,11,10;27;44;67;87;96;125;147;180,10;27;44;67;87;96;125;147;180,10;27;42;44;67;87;96;125;147;160;180,9,9,11,0,0,0,0.3,0.3,0.36666666666666664,0.0,0.0,0.0,0,2,5.292832177001401,13,8,666,51,11,,original_uniform_floor_plus_prior_scores,maximum_cardinality_certified_superset_of_eBH_then_maximum_testing_evalue_sum,200,9,9,exact_dyadic_prefix_or_HiGHS_QUBO_MILP,300.0,1
149,6037ce0ba60b4a8b65932381bf2646a2a53a62293a0d1306ba6d494739e2a742,proven_maximal,maximize_sum_testing_e_values_at_maximum_cardinality,proven_optimal,316693.47453246725,1.0919944076076666,290013.8245453811,13,13,15,51;56;58;81;92;115;125;126;138;161;170;187;198,51;56;58;81;92;115;125;126;138;161;170;187;198,32;51;56;58;81;92;115;125;126;138;148;161;170;187;198,13,13,15,0,0,0,0.43333333333333335,0.43333333333333335,0.5,0.0,0.0,0.0,0,2,12.506795838999096,12,7,612,56,15,,original_uniform_floor_plus_prior_scores,maximum_cardinality_certified_superset_of_eBH_then_maximum_testing_evalue_sum,200,13,13,exact_dyadic_prefix_or_HiGHS_QUBO_MILP,300.0,1
150,db3803dd602d0144a64a6127d5f73323598bb1f5a19ad809734b65bde3ee0074,proven_maximal,maximize_sum_testing_e_values_at_maximum_cardinality,proven_optimal,121449.8052725078,1.1059286079699824,109817.03918071016,9,9,13,40;53;57;91;110;140;150;151;180,40;53;57;91;110;140;150;151;180,40;53;57;91;110;118;136;138;140;150;151;159;180,9,9,13,0,0,0,0.3,0.3,0.43333333333333335,0.0,0.0,0.0,0,4,6.7466757069996675,14,12,957,49,13,,original_uniform_floor_plus_prior_scores,maximum_cardinality_certified_superset_of_eBH_then_maximum_testing_evalue_sum,200,9,9,exact_dyadic_prefix_or_HiGHS_QUBO_MILP,300.0,1
151,4ae9e632a6ad7507d4e7ac7f59089e9f459e1c24c730fb61818f825cb68614fa,proven_maximal,maximize_sum_testing_e_values_at_maximum_cardinality,proven_optimal,39571.889258193405,1.302203790600834,30388.39968353573,7,7,10,13;37;47;84;91;120;128,13;37;47;84;91;120;128,13;37;47;72;84;91;120;128;157;170,7,7,10,0,0,0,0.23333333333333334,0.23333333333333334,0.3333333333333333,0.0,0.0,0.0,0,3,3.444520888006082,13,8,678,61,10,,original_uniform_floor_plus_prior_scores,maximum_cardinality_certified_superset_of_eBH_then_maximum_testing_evalue_sum,200,7,7,exact_dyadic_prefix_or_HiGHS_QUBO_MILP,300.0,1
152,63ddecc755551ffbd497d7cad9ef8d2a2fac6cccc96e000c3b2b5178549067b4,proven_maximal,maximize_sum_testing_e_values_at_maximum_cardinality,proven_optimal,31869.532766766166,1.2438039078696215,25622.634375986225,3,3,5,24;44;56,24;44;56,24;44;49;56;194,3,3,5,0,0,0,0.1,0.1,0.16666666666666666,0.0,0.0,0.0,0,2,6.262850284001615,19,14,800,52,5,,original_uniform_floor_plus_prior_scores,maximum_cardinality_certified_superset_of_eBH_then_maximum_testing_evalue_sum,200,3,3,exact_dyadic_prefix_or_HiGHS_QUBO_MILP,300.0,1
153,9e104497894aba3214a589c42ed3f7db8099d3925b0d61fa94869aff19c44aae,proven_maximal,maximize_sum_testing_e_values_at_maximum_cardinality,proven_optimal,120828.79669129499,1.3134249164365346,91995.20671430288,8,8,9,46;75;84;88;95;129;144;146,46;75;84;88;95;129;144;146,2;46;75;84;88;95;129;144;146,8,8,9,0,0,0,0.26666666666666666,0.26666666666666666,0.3,0.0,0.0,0.0,0,1,7.125979463999101,23,15,1214,57,9,,original_uniform_floor_plus_prior_scores,maximum_cardinality_certified_superset_of_eBH_then_maximum_testing_evalue_sum,200,8,8,exact_dyadic_prefix_or_HiGHS_QUBO_MILP,300.0,1
154,3f96687b883d0966428ffc40e70795ac9fdd91733bef1ceeadba2c4cdfd7a728,proven_maximal,maximize_sum_testing_e_values_at_maximum_cardinality,proven_optimal,36678.294368763825,2.0991974247745375,17472.532090545617,5,5,14,16;67;129;133;134,16;67;129;133;134,9;16;17;46;62;67;74;125;129;133;134;151;172;175,5,5,14,0,0,0,0.16666666666666666,0.16666666666666666,0.4666666666666667,0.0,0.0,0.0,0,9,7.775548669000273,9,9,657,56,14,,original_uniform_floor_plus_prior_scores,maximum_cardinality_certified_superset_of_eBH_then_maximum_testing_evalue_sum,200,5,5,exact_dyadic_prefix_or_HiGHS_QUBO_MILP,300.0,1
155,f33a8cc8960e9d9a8df81a543b33c95e4af0ee543cc907c44d7095c6513e3c19,proven_maximal,maximize_sum_testing_e_values_at_maximum_cardinality,proven_optimal,290250.86099742865,1.2913298817934251,224768.9495067847,11,11,13,4;10;15;43;66;78;107;115;171;186;197,4;10;15;43;66;78;107;115;171;186;197,4;10;15;43;66;78;87;107;115;123;171;186;197,11,11,13,0,0,0,0.36666666666666664,0.36666666666666664,0.43333333333333335,0.0,0.0,0.0,0,2,14.543903733996558,22,14,1138,58,13,,original_uniform_floor_plus_prior_scores,maximum_cardinality_certified_superset_of_eBH_then_maximum_testing_evalue_sum,200,11,11,exact_dyadic_prefix_or_HiGHS_QUBO_MILP,300.0,1
156,9410ae25f6cc8f3c2543d7d4c522cc95f15f2ea965da88b41fad94021876ef48,proven_maximal,maximize_sum_testing_e_values_at_maximum_cardinality,proven_optimal,75272.46426506146,1.8606177593099147,40455.63033482992,7,7,12,1;12;25;51;86;133;153,1;12;25;51;86;133;153,1;12;25;26;44;51;53;86;133;152;153;176,7,7,12,0,0,0,0.23333333333333334,0.23333333333333334,0.4,0.0,0.0,0.0,0,5,7.783038838999346,13,9,682,45,12,,original_uniform_floor_plus_prior_scores,maximum_cardinality_certified_superset_of_eBH_then_maximum_testing_evalue_sum,200,7,7,exact_dyadic_prefix_or_HiGHS_QUBO_MILP,300.0,1
157,0f48cbc7ace61f3a27e1c3174ec1445289a632c5ae2ca25d56e12167f68501ba,proven_maximal,maximize_sum_testing_e_values_at_maximum_cardinality,proven_optimal,24388.94876060418,2.5945383883921673,9400.110967607608,5,5,8,0;30;105;124;169,0;30;105;124;169,0;30;60;65;105;106;124;169,5,5,8,0,0,0,0.16666666666666666,0.16666666666666666,0.26666666666666666,0.0,0.0,0.0,0,3,4.914999255001021,15,12,861,44,8,,original_uniform_floor_plus_prior_scores,maximum_cardinality_certified_superset_of_eBH_then_maximum_testing_evalue_sum,200,5,5,exact_dyadic_prefix_or_HiGHS_QUBO_MILP,300.0,1
158,880ae401e53e15b77c4522f58c79b3b50bb8b023a2561791f77e94c358e4a590,proven_maximal,maximize_sum_testing_e_values_at_maximum_cardinality,proven_optimal,52545.93813614589,2.3533293602614487,22328.34002050107,9,9,11,4;5;21;35;52;74;118;143;178,4;5;21;35;52;74;118;143;178,4;5;21;28;35;52;74;118;143;178;193,9,9,11,0,0,0,0.3,0.3,0.36666666666666664,0.0,0.0,0.0,0,2,4.844530895003118,13,8,720,46,11,,original_uniform_floor_plus_prior_scores,maximum_cardinality_certified_superset_of_eBH_then_maximum_testing_evalue_sum,200,9,9,exact_dyadic_prefix_or_HiGHS_QUBO_MILP,300.0,1
159,ba2653e57d7a22bc7d4c8bc73e8714e54afb376f743dd8af93f9168584e61090,proven_maximal,maximize_sum_testing_e_values_at_maximum_cardinality,proven_optimal,135964.83852001902,1.096915579380935,123951.96228022702,4,4,5,63;108;114;199,63;108;114;199,44;63;108;114;199,4,4,5,0,0,0,0.13333333333333333,0.13333333333333333,0.16666666666666666,0.0,0.0,0.0,0,1,4.773449097003322,16,9,682,55,5,,original_uniform_floor_plus_prior_scores,maximum_cardinality_certified_superset_of_eBH_then_maximum_testing_evalue_sum,200,4,4,exact_dyadic_prefix_or_HiGHS_QUBO_MILP,300.0,1
160,1b5ca6bbce0e47726e38f1f424b6270e3e2ef955c44adc7e9672095021f4471e,proven_maximal,maximize_sum_testing_e_values_at_maximum_cardinality,proven_optimal,29710.417805488363,1.3499717775068585,22008.17698600919,6,6,7,31;73;83;90;125;131,31;73;83;90;125;131,31;73;83;90;125;131;167,6,6,7,0,0,0,0.2,0.2,0.23333333333333334,0.0,0.0,0.0,0,1,4.246254364996275,15,7,629,51,7,,original_uniform_floor_plus_prior_scores,maximum_cardinality_certified_superset_of_eBH_then_maximum_testing_evalue_sum,200,6,6,exact_dyadic_prefix_or_HiGHS_QUBO_MILP,300.0,1
161,d619e6b1d123e28bd470bd0c15227f823affe0d222f13f25a798f01327b187a3,proven_maximal,maximize_sum_testing_e_values_at_maximum_cardinality,proven_optimal,13526.748721222806,3.4763316860187903,3891.098417226719,9,9,12,18;28;43;55;83;94;96;113;125,18;28;43;55;83;94;96;113;125,18;28;38;43;44;55;83;94;96;102;113;125,9,9,12,0,0,0,0.3,0.3,0.4,0.0,0.0,0.0,0,3,9.146292254998116,16,13,936,61,12,,original_uniform_floor_plus_prior_scores,maximum_cardinality_certified_superset_of_eBH_then_maximum_testing_evalue_sum,200,9,9,exact_dyadic_prefix_or_HiGHS_QUBO_MILP,300.0,1
162,de0d4b6c25b7611336b187a82208a5bdcee8f0c1910b3be9e9d16501f32fa7f1,proven_maximal,maximize_sum_testing_e_values_at_maximum_cardinality,proven_optimal,7789.49682665474,1.4630794271287406,5324.042346724434,2,2,3,5;28,5;28,5;28;139,2,2,3,0,0,0,0.06666666666666667,0.06666666666666667,0.1,0.0,0.0,0.0,0,1,3.4405339200020535,16,10,884,47,3,,original_uniform_floor_plus_prior_scores,maximum_cardinality_certified_superset_of_eBH_then_maximum_testing_evalue_sum,200,2,2,exact_dyadic_prefix_or_HiGHS_QUBO_MILP,300.0,1
163,019d1eee08107ec6b0bd8ae0c40fbc02d14809ea9478c78ad58d1df8b1c5f7b6,proven_maximal,maximize_sum_testing_e_values_at_maximum_cardinality,proven_optimal,14021.285900632285,2.082661449595316,6732.388455817808,5,5,5,17;38;50;122;196,17;38;50;122;196,17;38;50;122;196,5,5,5,0,0,0,0.16666666666666666,0.16666666666666666,0.16666666666666666,0.0,0.0,0.0,0,0,4.207236660004128,19,9,867,51,5,,original_uniform_floor_plus_prior_scores,maximum_cardinality_certified_superset_of_eBH_then_maximum_testing_evalue_sum,200,5,5,exact_dyadic_prefix_or_HiGHS_QUBO_MILP,300.0,1
164,5d50dc4199467cffdeea748d7efb970677d5a9f401b0f5dad0d7eb09fe10238e,proven_maximal,maximize_sum_testing_e_values_at_maximum_cardinality,proven_optimal,27467.473097025613,1.715528379428498,16011.086395537206,4,4,4,3;69;95;199,3;69;95;199,3;69;95;199,4,4,4,0,0,0,0.13333333333333333,0.13333333333333333,0.13333333333333333,0.0,0.0,0.0,0,0,3.2088043609983288,11,7,636,54,4,,original_uniform_floor_plus_prior_scores,maximum_cardinality_certified_superset_of_eBH_then_maximum_testing_evalue_sum,200,4,4,exact_dyadic_prefix_or_HiGHS_QUBO_MILP,300.0,1
165,cb89e8523d130479f8c4fdf82cb5e40b14d89be7f0531e985e34faffabb92f47,proven_maximal,maximize_sum_testing_e_values_at_maximum_cardinality,proven_optimal,69749.0561888601,1.2091475819651296,57684.48552450694,11,11,11,12;22;42;54;92;96;136;137;142;160;165,12;22;42;54;92;96;136;137;142;160;165,12;22;42;54;92;96;136;137;142;160;165,11,11,11,0,0,0,0.36666666666666664,0.36666666666666664,0.36666666666666664,0.0,0.0,0.0,0,0,5.101294432999566,12,7,532,52,11,,original_uniform_floor_plus_prior_scores,maximum_cardinality_certified_superset_of_eBH_then_maximum_testing_evalue_sum,200,11,11,exact_dyadic_prefix_or_HiGHS_QUBO_MILP,300.0,1
166,6f4d5561215d1fbd06091f28a1c2274ddbbb2ec8e1e50400c6ed3f9b40214abf,proven_maximal,maximize_sum_testing_e_values_at_maximum_cardinality,proven_optimal,787652.7532803452,1.2413619822790154,634506.9081576788,12,12,17,14;30;33;40;48;72;105;112;129;133;148;167,14;30;33;40;48;72;105;112;129;133;148;167,14;18;30;33;40;48;72;93;105;112;129;133;148;149;167;168;194,12,12,17,0,0,0,0.4,0.4,0.5666666666666667,0.0,0.0,0.0,0,5,3.194529059997876,12,8,601,52,17,,original_uniform_floor_plus_prior_scores,maximum_cardinality_certified_superset_of_eBH_then_maximum_testing_evalue_sum,200,12,12,exact_dyadic_prefix_or_HiGHS_QUBO_MILP,300.0,1
167,894e6c207fb2fc9b3c10c4860202e1f4a7af72775ab7d08b69de3d794bbd171e,proven_maximal,maximize_sum_testing_e_values_at_maximum_cardinality,proven_optimal,26080.17680260886,4.383581351900394,5949.513584663472,9,9,10,6;32;55;58;66;85;95;117;144,6;32;55;58;66;85;95;117;144,6;32;55;58;66;85;95;114;117;144,9,9,10,0,0,0,0.3,0.3,0.3333333333333333,0.0,0.0,0.0,0,1,12.928569726005662,18,9,606,45,10,,original_uniform_floor_plus_prior_scores,maximum_cardinality_certified_superset_of_eBH_then_maximum_testing_evalue_sum,200,9,9,exact_dyadic_prefix_or_HiGHS_QUBO_MILP,300.0,1
168,a468b1fe0e86b9df85564931d02c0eecb3a58d8bd11d20efe962236778cde210,proven_maximal,maximize_sum_testing_e_values_at_maximum_cardinality,proven_optimal,55206.52818561223,3.274015011096271,16862.026593801987,9,9,9,25;78;105;118;121;151;161;169;193,25;78;105;118;121;151;161;169;193,25;78;105;118;121;151;161;169;193,9,9,9,0,0,0,0.3,0.3,0.3,0.0,0.0,0.0,0,0,3.990770320997399,16,7,633,55,9,,original_uniform_floor_plus_prior_scores,maximum_cardinality_certified_superset_of_eBH_then_maximum_testing_evalue_sum,200,9,9,exact_dyadic_prefix_or_HiGHS_QUBO_MILP,300.0,1
169,a9e31111a2e89c9698abef88f8c2f9f9788f93916ffb0a612978523baeea0f37,proven_maximal,maximize_sum_testing_e_values_at_maximum_cardinality,proven_optimal,42875.18179651946,1.304263863030056,32873.08880651815,9,9,10,37;85;87;144;149;157;173;192;197,37;85;87;144;149;157;173;192;197,37;85;87;120;144;149;157;173;192;197,9,9,10,0,0,0,0.3,0.3,0.3333333333333333,0.0,0.0,0.0,0,1,4.7151532389980275,17,9,816,52,10,,original_uniform_floor_plus_prior_scores,maximum_cardinality_certified_superset_of_eBH_then_maximum_testing_evalue_sum,200,9,9,exact_dyadic_prefix_or_HiGHS_QUBO_MILP,300.0,1
170,1d6d8382822e0a2dcda8f972f2db1c96264a05e7f4d7172009b93c072479aa50,proven_maximal,maximize_sum_testing_e_values_at_maximum_cardinality,proven_optimal,33973.32043286256,2.083900938670455,16302.752113801436,5,5,6,16;43;129;140;165,16;43;129;140;165,16;43;66;129;140;165,5,5,6,0,0,0,0.16666666666666666,0.16666666666666666,0.2,0.0,0.0,0.0,0,1,3.4000356850010576,13,8,608,47,6,,original_uniform_floor_plus_prior_scores,maximum_cardinality_certified_superset_of_eBH_then_maximum_testing_evalue_sum,200,5,5,exact_dyadic_prefix_or_HiGHS_QUBO_MILP,300.0,1
171,577900422555f0563e1d382c1e0b4bf71c4cef6be82db5a2f84ca0de16e8988e,proven_maximal,maximize_sum_testing_e_values_at_maximum_cardinality,proven_optimal,18606.962497065833,1.8747408203306013,9925.08526793831,4,4,7,6;72;128;135,6;72;128;135,6;60;64;72;128;135;168,4,4,7,0,0,0,0.13333333333333333,0.13333333333333333,0.23333333333333334,0.0,0.0,0.0,0,3,5.006194451998454,18,11,945,46,7,,original_uniform_floor_plus_prior_scores,maximum_cardinality_certified_superset_of_eBH_then_maximum_testing_evalue_sum,200,4,4,exact_dyadic_prefix_or_HiGHS_QUBO_MILP,300.0,1
172,5a421a3f7b43f0698dd3d5e05684ac11eb7eb7461fd40406c7064c41f0f31348,proven_maximal,maximize_sum_testing_e_values_at_maximum_cardinality,proven_optimal,52214.36053358092,3.137690486021053,16641.0169410287,9,9,14,25;71;94;116;139;142;151;158;191,25;71;94;116;139;142;151;158;191,17;25;38;71;82;94;116;139;142;151;156;158;191;199,8,8,13,1,1,1,0.26666666666666666,0.26666666666666666,0.43333333333333335,0.1111111111111111,0.1111111111111111,0.07142857142857142,0,5,8.000362471000699,9,7,573,50,14,,original_uniform_floor_plus_prior_scores,maximum_cardinality_certified_superset_of_eBH_then_maximum_testing_evalue_sum,200,9,9,exact_dyadic_prefix_or_HiGHS_QUBO_MILP,300.0,1
173,4edaf2f3ab6c6637fc44bb8a10bd5667154138f621e64cdf575cfdba13cb8828,proven_maximal,maximize_sum_testing_e_values_at_maximum_cardinality,proven_optimal,57417.00605464968,2.2026747559137356,26066.946970040244,17,17,18,13;37;60;62;71;94;103;135;145;152;163;165;172;178;181;189;193,13;37;60;62;71;94;103;135;145;152;163;165;172;178;181;189;193,13;27;37;60;62;71;94;103;135;145;152;163;165;172;178;181;189;193,17,17,18,0,0,0,0.5666666666666667,0.5666666666666667,0.6,0.0,0.0,0.0,0,1,6.698139624997566,19,10,891,41,18,,original_uniform_floor_plus_prior_scores,maximum_cardinality_certified_superset_of_eBH_then_maximum_testing_evalue_sum,200,17,17,exact_dyadic_prefix_or_HiGHS_QUBO_MILP,300.0,1
174,6e2cddcbafd4db368384f4749bfc9bb925a133ca524c89668dda6147c5b81f0e,proven_maximal,maximize_sum_testing_e_values_at_maximum_cardinality,proven_optimal,54202.77633882623,2.1037126107012005,25765.295156337725,8,8,9,1;49;62;68;143;153;183;189,1;49;62;68;143;153;183;189,1;49;62;68;126;143;153;183;189,8,8,9,0,0,0,0.26666666666666666,0.26666666666666666,0.3,0.0,0.0,0.0,0,1,5.41202743499889,19,12,975,72,9,,original_uniform_floor_plus_prior_scores,maximum_cardinality_certified_superset_of_eBH_then_maximum_testing_evalue_sum,200,8,8,exact_dyadic_prefix_or_HiGHS_QUBO_MILP,300.0,1
175,5c87d5110bf4e027dd9bba6b4fe1facb3f529df38c4e013ed8a9ea1319a75b57,proven_maximal,maximize_sum_testing_e_values_at_maximum_cardinality,proven_optimal,53249.472153647825,1.3148614261447171,40498.16284426238,13,13,14,1;17;20;31;40;41;78;79;114;119;152;170;198,1;17;20;31;40;41;78;79;114;119;152;170;198,1;17;20;31;40;41;78;79;114;119;152;170;183;198,13,13,14,0,0,0,0.43333333333333335,0.43333333333333335,0.4666666666666667,0.0,0.0,0.0,0,1,13.33308386799763,9,7,669,60,14,,original_uniform_floor_plus_prior_scores,maximum_cardinality_certified_superset_of_eBH_then_maximum_testing_evalue_sum,200,13,13,exact_dyadic_prefix_or_HiGHS_QUBO_MILP,300.0,1
176,3bb1716a4a31ed01b4047821876985a65fb63606c529b5d9a9e31d6d0c602fe5,proven_maximal,maximize_sum_testing_e_values_at_maximum_cardinality,proven_optimal,23107.79047438651,3.343353194692007,6911.56127658694,10,10,11,10;24;46;130;133;134;137;152;164;178,10;24;46;130;133;134;137;152;164;178,10;24;46;94;130;133;134;137;152;164;178,10,10,11,0,0,0,0.3333333333333333,0.3333333333333333,0.36666666666666664,0.0,0.0,0.0,0,1,4.995535257003212,16,10,659,59,11,,original_uniform_floor_plus_prior_scores,maximum_cardinality_certified_superset_of_eBH_then_maximum_testing_evalue_sum,200,10,10,exact_dyadic_prefix_or_HiGHS_QUBO_MILP,300.0,1
177,3a9d5d0f24fd8d484ce680fcbfffc4427c6aaf05bfa0360801e9945adab8a09a,proven_maximal,maximize_sum_testing_e_values_at_maximum_cardinality,proven_optimal,160347.22231727722,1.05202233262546,152418.07834735754,3,3,4,1;73;131,1;73;131,1;31;73;131,3,3,4,0,0,0,0.1,0.1,0.13333333333333333,0.0,0.0,0.0,0,1,4.097392575997219,17,10,835,48,4,,original_uniform_floor_plus_prior_scores,maximum_cardinality_certified_superset_of_eBH_then_maximum_testing_evalue_sum,200,3,3,exact_dyadic_prefix_or_HiGHS_QUBO_MILP,300.0,1
178,e7bcfe2334c43ea7dfc4b4810e37ea476f055511565a55efe037fbfbd72bb9d9,proven_maximal,maximize_sum_testing_e_values_at_maximum_cardinality,proven_optimal,15315.562012790531,1.4614701036243047,10479.558887184498,5,5,5,20;28;36;134;163,20;28;36;134;163,20;28;36;134;163,5,5,5,0,0,0,0.16666666666666666,0.16666666666666666,0.16666666666666666,0.0,0.0,0.0,0,0,4.799720936003723,18,8,810,51,5,,original_uniform_floor_plus_prior_scores,maximum_cardinality_certified_superset_of_eBH_then_maximum_testing_evalue_sum,200,5,5,exact_dyadic_prefix_or_HiGHS_QUBO_MILP,300.0,1
179,29c89e80b04b7dad371bebaa08a9cd480ee3e7fb28f5579a1d05fc4f99fd98dd,proven_maximal,maximize_sum_testing_e_values_at_maximum_cardinality,proven_optimal,9063.839373242721,2.6674605112112832,3397.9282299204,5,5,6,39;43;88;98;174,39;43;88;98;174,39;43;88;98;150;174,5,5,6,0,0,0,0.16666666666666666,0.16666666666666666,0.2,0.0,0.0,0.0,0,1,3.454144877003273,11,6,489,51,6,,original_uniform_floor_plus_prior_scores,maximum_cardinality_certified_superset_of_eBH_then_maximum_testing_evalue_sum,200,5,5,exact_dyadic_prefix_or_HiGHS_QUBO_MILP,300.0,1
180,e172f2494178b9882416dabff7793e840cda5a48a18ccae53e9f5912d3d9b85b,proven_maximal,maximize_sum_testing_e_values_at_maximum_cardinality,proven_optimal,2550.7352174912016,1.1525646917640895,2213.095052900765,0,0,2,,,4;136,0,0,2,0,0,0,0.0,0.0,0.06666666666666667,0.0,0.0,0.0,0,2,5.515991663996829,20,15,1120,47,2,,original_uniform_floor_plus_prior_scores,maximum_cardinality_certified_superset_of_eBH_then_maximum_testing_evalue_sum,200,0,0,exact_dyadic_prefix_or_HiGHS_QUBO_MILP,300.0,1
181,2616572276a43dbdc310f86c3069afac77ed6b44d1d9e628eb92937246f7a412,proven_maximal,maximize_sum_testing_e_values_at_maximum_cardinality,proven_optimal,144486.2370047454,1.72732516970871,83647.38703431911,7,7,9,17;24;41;70;120;135;176,17;24;41;70;120;135;176,17;24;41;63;70;120;135;176;184,7,7,9,0,0,0,0.23333333333333334,0.23333333333333334,0.3,0.0,0.0,0.0,0,2,7.110496350003814,19,12,1051,48,9,,original_uniform_floor_plus_prior_scores,maximum_cardinality_certified_superset_of_eBH_then_maximum_testing_evalue_sum,200,7,7,exact_dyadic_prefix_or_HiGHS_QUBO_MILP,300.0,1
182,d1480bd915d3f55da4a40dc62b4d122af4bf5b803f0c2e3b35ec283017cd5b6e,proven_maximal,maximize_sum_testing_e_values_at_maximum_cardinality,proven_optimal,11511.686722491191,1.9092712507786405,6029.361578558566,3,3,5,12;48;165,12;48;165,12;48;109;140;165,3,3,5,0,0,0,0.1,0.1,0.16666666666666666,0.0,0.0,0.0,0,2,6.021219024005404,19,14,972,46,5,,original_uniform_floor_plus_prior_scores,maximum_cardinality_certified_superset_of_eBH_then_maximum_testing_evalue_sum,200,3,3,exact_dyadic_prefix_or_HiGHS_QUBO_MILP,300.0,1
183,fb96697f2fd4a40a176d05ac0eceb2276c77e00dd2e3221616c01305a92bb9f9,proven_maximal,maximize_sum_testing_e_values_at_maximum_cardinality,proven_optimal,136602.88345725922,1.2760230368478347,107053.6185574752,4,4,7,0;66;73;96,0;66;73;96,0;66;70;73;96;100;127,4,4,7,0,0,0,0.13333333333333333,0.13333333333333333,0.23333333333333334,0.0,0.0,0.0,0,3,3.6526662329997635,14,9,706,68,7,,original_uniform_floor_plus_prior_scores,maximum_cardinality_certified_superset_of_eBH_then_maximum_testing_evalue_sum,200,4,4,exact_dyadic_prefix_or_HiGHS_QUBO_MILP,300.0,1
184,237d6ea683b6b0eb95ea14d1e02e398c18567478d106b59babea6fbd3ef297da,proven_maximal,maximize_sum_testing_e_values_at_maximum_cardinality,proven_optimal,27549.976802236833,1.9208097513658342,14342.89719877089,4,4,8,10;34;51;74,10;34;51;74,8;10;34;51;61;74;190;194,4,4,8,0,0,0,0.13333333333333333,0.13333333333333333,0.26666666666666666,0.0,0.0,0.0,0,4,4.01182055100071,12,9,655,58,8,,original_uniform_floor_plus_prior_scores,maximum_cardinality_certified_superset_of_eBH_then_maximum_testing_evalue_sum,200,4,4,exact_dyadic_prefix_or_HiGHS_QUBO_MILP,300.0,1
185,70e96b943ee730d479483bda6ce103c3bb54ddc3316c6644e8577bbc97d43563,proven_maximal,maximize_sum_testing_e_values_at_maximum_cardinality,proven_optimal,69600.18514802211,1.1214665553568988,62061.75727271006,3,3,7,174;188;199,174;188;199,17;23;34;143;174;188;199,3,3,7,0,0,0,0.1,0.1,0.23333333333333334,0.0,0.0,0.0,0,4,4.344965207004861,20,14,990,64,7,,original_uniform_floor_plus_prior_scores,maximum_cardinality_certified_superset_of_eBH_then_maximum_testing_evalue_sum,200,3,3,exact_dyadic_prefix_or_HiGHS_QUBO_MILP,300.0,1
186,1191279207a9bf31022bfa34f8f1268e543fd84197fdaa406b8c7f7d85abbe0b,proven_maximal,maximize_sum_testing_e_values_at_maximum_cardinality,proven_optimal,100960.4759394853,1.4587250441611552,69211.45033027315,9,9,9,0;47;52;56;89;110;138;162;181,0;47;52;56;89;110;138;162;181,0;47;52;56;89;110;138;162;181,9,9,9,0,0,0,0.3,0.3,0.3,0.0,0.0,0.0,0,0,2.77436651300377,14,8,729,48,9,,original_uniform_floor_plus_prior_scores,maximum_cardinality_certified_superset_of_eBH_then_maximum_testing_evalue_sum,200,9,9,exact_dyadic_prefix_or_HiGHS_QUBO_MILP,300.0,1
187,56da69d4e83dcbfe27ae6dd750c82531bd74fac97603f9013ea16c37e722c452,proven_maximal,maximize_sum_testing_e_values_at_maximum_cardinality,proven_optimal,111274.2061344657,2.216126212884939,50211.13214919725,3,3,5,84;151;188,84;151;188,80;84;150;151;188,3,3,5,0,0,0,0.1,0.1,0.16666666666666666,0.0,0.0,0.0,0,2,4.537903603006271,20,13,830,43,5,,original_uniform_floor_plus_prior_scores,maximum_cardinality_certified_superset_of_eBH_then_maximum_testing_evalue_sum,200,3,3,exact_dyadic_prefix_or_HiGHS_QUBO_MILP,300.0,1
188,d41241e0ce5b2d5e6636892d0a44e6ba35a77054a7c3686871781ba43c0e835a,proven_maximal,maximize_sum_testing_e_values_at_maximum_cardinality,proven_optimal,48468.09335643019,1.0,48468.09335643019,1,1,1,159,159,159,1,1,1,0,0,0,0.03333333333333333,0.03333333333333333,0.03333333333333333,0.0,0.0,0.0,0,0,3.471948992999387,10,8,760,58,1,,original_uniform_floor_plus_prior_scores,maximum_cardinality_certified_superset_of_eBH_then_maximum_testing_evalue_sum,200,1,1,exact_dyadic_prefix_or_HiGHS_QUBO_MILP,300.0,1
189,3e3120b4e2225d852e320d45410da7ad985012e6eee471e54b5d60e9c4433c40,proven_maximal,maximize_sum_testing_e_values_at_maximum_cardinality,proven_optimal,17737.27451578442,1.3574794434676374,13066.330102557667,2,2,3,67;105,67;105,67;72;105,2,2,3,0,0,0,0.06666666666666667,0.06666666666666667,0.1,0.0,0.0,0.0,0,1,2.636346662999131,13,10,718,56,3,,original_uniform_floor_plus_prior_scores,maximum_cardinality_certified_superset_of_eBH_then_maximum_testing_evalue_sum,200,2,2,exact_dyadic_prefix_or_HiGHS_QUBO_MILP,300.0,1
190,348da0365467f3e128ceb3e40e33efd91a389d4b3dcd66a800e1895c7c720e7f,proven_maximal,maximize_sum_testing_e_values_at_maximum_cardinality,proven_optimal,67766.51450765766,2.4274312056587997,27916.966029637068,5,5,7,16;34;89;125;147,16;34;89;125;147,4;16;34;65;89;125;147,5,5,7,0,0,0,0.16666666666666666,0.16666666666666666,0.23333333333333334,0.0,0.0,0.0,0,2,2.839535072002036,14,9,642,47,7,,original_uniform_floor_plus_prior_scores,maximum_cardinality_certified_superset_of_eBH_then_maximum_testing_evalue_sum,200,5,5,exact_dyadic_prefix_or_HiGHS_QUBO_MILP,300.0,1
191,773d6ffc7fa3cf039262df5eac1d50b05ef37101790eb20ce89a724a62605536,proven_maximal,maximize_sum_testing_e_values_at_maximum_cardinality,proven_optimal,47887.3927752063,2.212412786823857,21644.872539339063,9,9,10,3;31;33;67;78;97;102;106;178,3;31;33;67;78;97;102;106;178,3;31;33;67;78;97;102;106;174;178,9,9,10,0,0,0,0.3,0.3,0.3333333333333333,0.0,0.0,0.0,0,1,2.97499345200049,16,9,791,51,10,,original_uniform_floor_plus_prior_scores,maximum_cardinality_certified_superset_of_eBH_then_maximum_testing_evalue_sum,200,9,9,exact_dyadic_prefix_or_HiGHS_QUBO_MILP,300.0,1
192,11c98398fd626885baaef16bcbdaca9d459f13e1758f51576aad80872311c77a,proven_maximal,maximize_sum_testing_e_values_at_maximum_cardinality,proven_optimal,411681.30346024764,1.1119773809741504,370224.53019646247,12,12,13,8;22;32;72;85;87;106;109;137;180;192;194,8;22;32;72;85;87;106;109;137;180;192;194,8;22;32;72;85;87;106;109;137;172;180;192;194,12,12,13,0,0,0,0.4,0.4,0.43333333333333335,0.0,0.0,0.0,0,1,2.8837963929981925,11,8,660,50,13,,original_uniform_floor_plus_prior_scores,maximum_cardinality_certified_superset_of_eBH_then_maximum_testing_evalue_sum,200,12,12,exact_dyadic_prefix_or_HiGHS_QUBO_MILP,300.0,1
193,7ed7e37e1d85a6536f239bb180b60ec5f9f344e2a036781e142cd2705a616d43,proven_maximal,maximize_sum_testing_e_values_at_maximum_cardinality,proven_optimal,16642.06255778639,1.68618903376026,9869.63040595396,1,1,14,17,17,17;44;56;66;68;78;91;98;124;143;152;170;189;192,1,1,14,0,0,0,0.03333333333333333,0.03333333333333333,0.4666666666666667,0.0,0.0,0.0,0,13,11.381895908998558,7,7,602,55,14,,original_uniform_floor_plus_prior_scores,maximum_cardinality_certified_superset_of_eBH_then_maximum_testing_evalue_sum,200,1,1,exact_dyadic_prefix_or_HiGHS_QUBO_MILP,300.0,1
194,3441fcd8ee7015ea5fbc037f174e1941454460d8e0483c21b7f7c11c34b98f57,proven_maximal,maximize_sum_testing_e_values_at_maximum_cardinality,proven_optimal,18959.40995599335,1.2857236670834689,14746.100146854114,3,3,4,52;162;166,52;162;166,52;116;162;166,3,3,4,0,0,0,0.1,0.1,0.13333333333333333,0.0,0.0,0.0,0,1,3.2276465369941434,13,11,708,49,4,,original_uniform_floor_plus_prior_scores,maximum_cardinality_certified_superset_of_eBH_then_maximum_testing_evalue_sum,200,3,3,exact_dyadic_prefix_or_HiGHS_QUBO_MILP,300.0,1
195,a790183f9702d4bcd5c732f189f2874302db18037deb7c092dce20c9aef4f5b9,proven_maximal,maximize_sum_testing_e_values_at_maximum_cardinality,proven_optimal,35508.765946902284,1.2546027729849472,28302.795682827906,3,3,8,32;115;131,32;115;131,14;16;32;43;92;103;115;131,3,3,8,0,0,0,0.1,0.1,0.26666666666666666,0.0,0.0,0.0,0,5,1.6626600660019903,10,9,733,42,8,,original_uniform_floor_plus_prior_scores,maximum_cardinality_certified_superset_of_eBH_then_maximum_testing_evalue_sum,200,3,3,exact_dyadic_prefix_or_HiGHS_QUBO_MILP,300.0,1
196,db5aa770663ccad4124e6206c7d90fb5d086cb1098f6ec44c48e7252ab52aa2e,proven_maximal,maximize_sum_testing_e_values_at_maximum_cardinality,proven_optimal,100186.54828017273,1.0912768996388849,91806.7158878975,4,4,4,7;112;137;159,7;112;137;159,7;112;137;159,4,4,4,0,0,0,0.13333333333333333,0.13333333333333333,0.13333333333333333,0.0,0.0,0.0,0,0,2.667455536997295,17,9,744,62,4,,original_uniform_floor_plus_prior_scores,maximum_cardinality_certified_superset_of_eBH_then_maximum_testing_evalue_sum,200,4,4,exact_dyadic_prefix_or_HiGHS_QUBO_MILP,300.0,1
197,b339ed4893da5ec60a635dd558e36d70d40eba772142263883f2082cc0213e93,proven_maximal,maximize_sum_testing_e_values_at_maximum_cardinality,proven_optimal,27982.95708629447,1.7849192676081285,15677.435721668737,2,2,7,47;184,47;184,19;33;47;109;114;146;184,2,2,7,0,0,0,0.06666666666666667,0.06666666666666667,0.23333333333333334,0.0,0.0,0.0,0,5,1.221372172003612,7,6,415,55,7,,original_uniform_floor_plus_prior_scores,maximum_cardinality_certified_superset_of_eBH_then_maximum_testing_evalue_sum,200,2,2,exact_dyadic_prefix_or_HiGHS_QUBO_MILP,300.0,1
198,4c615092b41a96d8c8025e0934c2f43980d7a3eb0d3f073b91ee23e0916e829f,proven_maximal,maximize_sum_testing_e_values_at_maximum_cardinality,proven_optimal,15500.177780479495,1.5257345631334036,10159.157533042153,3,3,3,35;41;100,35;41;100,35;41;100,3,3,3,0,0,0,0.1,0.1,0.1,0.0,0.0,0.0,0,0,4.630447923998872,16,10,914,45,3,,original_uniform_floor_plus_prior_scores,maximum_cardinality_certified_superset_of_eBH_then_maximum_testing_evalue_sum,200,3,3,exact_dyadic_prefix_or_HiGHS_QUBO_MILP,300.0,1
199,7a224e01a387100f9c513c383712a9502da3d71732ab24875d63c7eaa38c1b61,proven_maximal,maximize_sum_testing_e_values_at_maximum_cardinality,proven_optimal,41181.671212349785,1.3959546045191065,29500.72379075428,8,8,9,30;41;58;104;119;133;143;191,30;41;58;104;119;133;143;191,30;41;58;104;115;119;133;143;191,8,8,9,0,0,0,0.26666666666666666,0.26666666666666666,0.3,0.0,0.0,0.0,0,1,2.928948399996443,19,10,728,51,9,,original_uniform_floor_plus_prior_scores,maximum_cardinality_certified_superset_of_eBH_then_maximum_testing_evalue_sum,200,8,8,exact_dyadic_prefix_or_HiGHS_QUBO_MILP,300.0,1
200,478ea66472a020e128533cb03341c22e73c04c21e6379eba062a3236ef410fde,proven_maximal,maximize_sum_testing_e_values_at_maximum_cardinality,proven_optimal,36015.96772442686,3.3531209864890132,10741.028394009269,11,11,14,28;71;84;87;89;106;114;146;155;198;199,28;71;84;87;89;106;114;146;155;198;199,28;71;84;87;89;102;105;106;114;115;146;155;198;199,11,11,14,0,0,0,0.36666666666666664,0.36666666666666664,0.4666666666666667,0.0,0.0,0.0,0,3,5.676067864995275,17,12,907,52,14,,original_uniform_floor_plus_prior_scores,maximum_cardinality_certified_superset_of_eBH_then_maximum_testing_evalue_sum,200,11,11,exact_dyadic_prefix_or_HiGHS_QUBO_MILP,300.0,1
201,366569e5cd6f706ddfa7a9094dbbde2b503366c3feffa971ae451af49a62729b,proven_maximal,maximize_sum_testing_e_values_at_maximum_cardinality,proven_optimal,13692.346942849204,2.076249825716915,6594.749231644765,4,4,5,79;84;136;188,79;84;136;188,14;79;84;136;188,4,4,5,0,0,0,0.13333333333333333,0.13333333333333333,0.16666666666666666,0.0,0.0,0.0,0,1,4.954968229998485,27,18,1347,51,5,,original_uniform_floor_plus_prior_scores,maximum_cardinality_certified_superset_of_eBH_then_maximum_testing_evalue_sum,200,4,4,exact_dyadic_prefix_or_HiGHS_QUBO_MILP,300.0,1
202,20487fb9d34f7f5daa060ca5cc163b3eb62a4aa9d2ffccd59fcd1db72b5ee885,proven_maximal,maximize_sum_testing_e_values_at_maximum_cardinality,proven_optimal,68599.43035575822,1.1866612045900635,57808.77481324263,8,8,11,8;11;39;86;89;104;142;174,8;11;39;86;89;104;142;174,8;11;39;63;81;86;89;104;142;166;174,8,8,11,0,0,0,0.26666666666666666,0.26666666666666666,0.36666666666666664,0.0,0.0,0.0,0,3,4.525800503004575,13,8,605,46,11,,original_uniform_floor_plus_prior_scores,maximum_cardinality_certified_superset_of_eBH_then_maximum_testing_evalue_sum,200,8,8,exact_dyadic_prefix_or_HiGHS_QUBO_MILP,300.0,1
203,31a2187f7d32f17626022dd9033d408a318f7992f2dffc85e57bdc90b5eef909,proven_maximal,maximize_sum_testing_e_values_at_maximum_cardinality,proven_optimal,45429.208894231044,1.2918006225271066,35167.35330670409,7,7,13,4;15;69;147;149;160;161,4;15;69;147;149;160;161,4;14;15;16;25;35;69;100;128;147;149;160;161,7,7,13,0,0,0,0.23333333333333334,0.23333333333333334,0.43333333333333335,0.0,0.0,0.0,0,6,5.100782664005237,19,15,901,52,13,,original_uniform_floor_plus_prior_scores,maximum_cardinality_certified_superset_of_eBH_then_maximum_testing_evalue_sum,200,7,7,exact_dyadic_prefix_or_HiGHS_QUBO_MILP,300.0,1
204,e4692ed7f640f67597077cd9b5574dd162fd025a97ef0b17a91bc34c0d82fb7d,proven_maximal,maximize_sum_testing_e_values_at_maximum_cardinality,proven_optimal,20374.38141140602,1.5171643508713517,13429.251352830968,5,5,8,65;81;83;148;166,65;81;83;148;166,58;65;81;83;109;141;148;166,5,5,8,0,0,0,0.16666666666666666,0.16666666666666666,0.26666666666666666,0.0,0.0,0.0,0,3,6.96564836500329,15,8,636,47,8,,original_uniform_floor_plus_prior_scores,maximum_cardinality_certified_superset_of_eBH_then_maximum_testing_evalue_sum,200,5,5,exact_dyadic_prefix_or_HiGHS_QUBO_MILP,300.0,1
205,43cf38b424e1c807965373228e943318dcb23777e9e57bed1418e70d66d7fbf5,proven_maximal,maximize_sum_testing_e_values_at_maximum_cardinality,proven_optimal,200230.00030480392,1.263847114953079,158428.97288430142,9,9,11,28;37;50;66;68;162;168;170;192,28;37;50;66;68;162;168;170;192,28;37;50;62;66;68;147;162;168;170;192,9,9,11,0,0,0,0.3,0.3,0.36666666666666664,0.0,0.0,0.0,0,2,3.7917134700037423,20,13,1028,49,11,,original_uniform_floor_plus_prior_scores,maximum_cardinality_certified_superset_of_eBH_then_maximum_testing_evalue_sum,200,9,9,exact_dyadic_prefix_or_HiGHS_QUBO_MILP,300.0,1
206,40c0ebc8af7aabffc9b9e3bddb2fc71ebf1de1fcecd91506e995f3aac762d0b3,proven_maximal,maximize_sum_testing_e_values_at_maximum_cardinality,proven_optimal,76414.0539465055,1.632071970252962,46820.27223018955,7,7,10,2;71;73;74;99;122;181,2;71;73;74;99;122;181,0;2;71;73;74;99;122;123;134;181,7,7,10,0,0,0,0.23333333333333334,0.23333333333333334,0.3333333333333333,0.0,0.0,0.0,0,3,5.287055774999317,19,12,764,43,10,,original_uniform_floor_plus_prior_scores,maximum_cardinality_certified_superset_of_eBH_then_maximum_testing_evalue_sum,200,7,7,exact_dyadic_prefix_or_HiGHS_QUBO_MILP,300.0,1
207,cc0288bb07230358e8e15a893d20febe01281d58460d08f5cd0b6b4f7849656a,proven_maximal,maximize_sum_testing_e_values_at_maximum_cardinality,proven_optimal,167333.3186837188,2.2420119137271346,74635.3387594372,13,13,13,0;8;13;35;40;75;100;123;170;174;175;179;180,0;8;13;35;40;75;100;123;170;174;175;179;180,0;8;13;35;40;75;100;123;170;174;175;179;180,13,13,13,0,0,0,0.43333333333333335,0.43333333333333335,0.43333333333333335,0.0,0.0,0.0,0,0,1.46341156699782,12,6,602,48,13,,original_uniform_floor_plus_prior_scores,maximum_cardinality_certified_superset_of_eBH_then_maximum_testing_evalue_sum,200,13,13,exact_dyadic_prefix_or_HiGHS_QUBO_MILP,300.0,1
208,3ad29b7a420452b4a49c4f9d9b3dd321b8341f8aff3640311e82e7595f5df6c9,proven_maximal,maximize_sum_testing_e_values_at_maximum_cardinality,proven_optimal,32300.62316258144,1.0,32300.62316258144,1,1,1,86,86,86,1,1,1,0,0,0,0.03333333333333333,0.03333333333333333,0.03333333333333333,0.0,0.0,0.0,0,0,1.7332744270024705,16,7,653,56,1,,original_uniform_floor_plus_prior_scores,maximum_cardinality_certified_superset_of_eBH_then_maximum_testing_evalue_sum,200,1,1,exact_dyadic_prefix_or_HiGHS_QUBO_MILP,300.0,1
209,18752d7aa38f89b22271442e755e8f19799d84f6220969d2fd7cfec127ef3fdd,proven_maximal,maximize_sum_testing_e_values_at_maximum_cardinality,proven_optimal,25547.20690794495,2.220287191638639,11506.262344868252,5,5,10,16;77;90;109;153,16;77;90;109;153,16;20;52;53;77;90;109;153;166;177,5,5,10,0,0,0,0.16666666666666666,0.16666666666666666,0.3333333333333333,0.0,0.0,0.0,0,5,7.894215920001443,19,14,1003,58,10,,original_uniform_floor_plus_prior_scores,maximum_cardinality_certified_superset_of_eBH_then_maximum_testing_evalue_sum,200,5,5,exact_dyadic_prefix_or_HiGHS_QUBO_MILP,300.0,1
210,00f83abdffad1e133976f30bd6d63e70b0d1fab688a16b18071e4a1b03d61ba8,proven_maximal,maximize_sum_testing_e_values_at_maximum_cardinality,proven_optimal,278391.00441186223,1.6570220713992065,168006.8173001377,9,9,12,14;19;77;81;101;155;168;176;193,14;19;77;81;101;155;168;176;193,2;14;19;65;77;81;101;115;155;168;176;193,9,9,12,0,0,0,0.3,0.3,0.4,0.0,0.0,0.0,0,3,6.985294022000744,18,11,994,49,12,,original_uniform_floor_plus_prior_scores,maximum_cardinality_certified_superset_of_eBH_then_maximum_testing_evalue_sum,200,9,9,exact_dyadic_prefix_or_HiGHS_QUBO_MILP,300.0,1
211,9b8a17e95bfc29a10e68211a0759d1cbfa073501afec8fbd89aae981a41d748a,proven_maximal,maximize_sum_testing_e_values_at_maximum_cardinality,proven_optimal,31393.720164252773,3.2801970579247746,9570.681154172516,8,8,11,7;9;16;131;139;171;173;199,7;9;16;131;139;171;173;199,7;9;13;16;51;131;139;171;173;192;199,8,8,11,0,0,0,0.26666666666666666,0.26666666666666666,0.36666666666666664,0.0,0.0,0.0,0,3,7.380201528001635,14,9,674,50,11,,original_uniform_floor_plus_prior_scores,maximum_cardinality_certified_superset_of_eBH_then_maximum_testing_evalue_sum,200,8,8,exact_dyadic_prefix_or_HiGHS_QUBO_MILP,300.0,1
212,6effefff05261413ee11481050770c9ca56a319a0e0526df90b6a6386d264a54,proven_maximal,maximize_sum_testing_e_values_at_maximum_cardinality,proven_optimal,21134.319743735246,1.7607521387192677,12003.006714566813,5,5,5,60;62;111;115;199,60;62;111;115;199,60;62;111;115;199,5,5,5,0,0,0,0.16666666666666666,0.16666666666666666,0.16666666666666666,0.0,0.0,0.0,0,0,1.919227165999473,17,7,602,46,5,,original_uniform_floor_plus_prior_scores,maximum_cardinality_certified_superset_of_eBH_then_maximum_testing_evalue_sum,200,5,5,exact_dyadic_prefix_or_HiGHS_QUBO_MILP,300.0,1
213,c2d7ec7b1d42ed84f43323c3814f5d39199e148f79368e387fad828060c9cdb1,proven_maximal,maximize_sum_testing_e_values_at_maximum_cardinality,proven_optimal,87727.52791927417,3.5437180852029884,24755.786383117163,10,10,14,4;18;28;30;40;75;116;117;125;127,4;18;28;30;40;75;116;117;125;127,4;18;28;30;40;57;66;75;116;117;119;125;127;136,10,10,14,0,0,0,0.3333333333333333,0.3333333333333333,0.4666666666666667,0.0,0.0,0.0,0,4,5.460597652003344,14,10,824,74,14,,original_uniform_floor_plus_prior_scores,maximum_cardinality_certified_superset_of_eBH_then_maximum_testing_evalue_sum,200,10,10,exact_dyadic_prefix_or_HiGHS_QUBO_MILP,300.0,1
214,340333690bcd2809555a2d13c66387a730d94fb45b988d16f4a3924bf6ff8e5b,proven_maximal,maximize_sum_testing_e_values_at_maximum_cardinality,proven_optimal,22943.79026251857,1.6095469248306356,14254.812897072155,5,5,9,31;90;92;119;134,31;90;92;119;134,31;57;90;92;119;134;158;159;177,5,5,9,0,0,0,0.16666666666666666,0.16666666666666666,0.3,0.0,0.0,0.0,0,4,3.237190993000695,14,8,573,44,9,,original_uniform_floor_plus_prior_scores,maximum_cardinality_certified_superset_of_eBH_then_maximum_testing_evalue_sum,200,5,5,exact_dyadic_prefix_or_HiGHS_QUBO_MILP,300.0,1
215,f34e66f32dc04fd5fcb9bb54773db91e55ba490eafd36d0e1ab4094e9c7c0f31,proven_maximal,maximize_sum_testing_e_values_at_maximum_cardinality,proven_optimal,57452.76839892235,2.8441335886245995,20200.44650107524,11,11,16,30;39;46;58;80;106;129;146;171;177;194,30;39;46;58;80;106;129;146;171;177;194,7;29;30;39;46;55;58;80;106;110;129;146;171;177;194;198,11,11,16,0,0,0,0.36666666666666664,0.36666666666666664,0.5333333333333333,0.0,0.0,0.0,0,5,12.413073411000369,17,12,1023,45,16,,original_uniform_floor_plus_prior_scores,maximum_cardinality_certified_superset_of_eBH_then_maximum_testing_evalue_sum,200,11,11,exact_dyadic_prefix_or_HiGHS_QUBO_MILP,300.0,1
216,d1599e179c38d7c9e297609e58080a8f709855d6d6a11f9cf4bd6277c034d1a9,proven_maximal,maximize_sum_testing_e_values_at_maximum_cardinality,proven_optimal,0.0,0.0,783.0901596913617,0,0,0,,,,0,0,0,0,0,0,0.0,0.0,0.0,0.0,0.0,0.0,0,0,8.515235867002048,27,17,1108,55,0,,original_uniform_floor_plus_prior_scores,maximum_cardinality_certified_superset_of_eBH_then_maximum_testing_evalue_sum,200,0,0,exact_dyadic_prefix_or_HiGHS_QUBO_MILP,300.0,1
217,19825c03d527fee871cf118c73b9b77ae0ccd9bb69e4d239754c1c0305be7f9d,proven_maximal,maximize_sum_testing_e_values_at_maximum_cardinality,proven_optimal,5186.68519864468,1.6849016493232787,3078.331130323157,2,2,2,149;160,149;160,149;160,2,2,2,0,0,0,0.06666666666666667,0.06666666666666667,0.06666666666666667,0.0,0.0,0.0,0,0,1.4208445780022885,16,9,865,66,2,,original_uniform_floor_plus_prior_scores,maximum_cardinality_certified_superset_of_eBH_then_maximum_testing_evalue_sum,200,2,2,exact_dyadic_prefix_or_HiGHS_QUBO_MILP,300.0,1
218,39651310fc5ddb55831c5126e7fe0292f193169a2ed712688f32f2be5d5b2aad,proven_maximal,maximize_sum_testing_e_values_at_maximum_cardinality,proven_optimal,11742.978617306635,5.67575856235104,2068.970779553809,8,8,8,0;35;51;76;111;113;128;180,0;35;51;76;111;113;128;180,0;35;51;76;111;113;128;180,8,8,8,0,0,0,0.26666666666666666,0.26666666666666666,0.26666666666666666,0.0,0.0,0.0,0,0,1.724110805997043,14,12,910,46,8,,original_uniform_floor_plus_prior_scores,maximum_cardinality_certified_superset_of_eBH_then_maximum_testing_evalue_sum,200,8,8,exact_dyadic_prefix_or_HiGHS_QUBO_MILP,300.0,1
219,25ffa2ae3951dce28006c4ced7d544b9c17158c5a8adc7f02de54b375eb2f551,proven_maximal,maximize_sum_testing_e_values_at_maximum_cardinality,proven_optimal,16078.100089279606,2.573300736470764,6248.045501020775,4,4,6,73;100;108;125,73;100;108;125,60;73;100;108;110;125,4,4,6,0,0,0,0.13333333333333333,0.13333333333333333,0.2,0.0,0.0,0.0,0,2,4.8029561750008725,18,14,1179,58,6,,original_uniform_floor_plus_prior_scores,maximum_cardinality_certified_superset_of_eBH_then_maximum_testing_evalue_sum,200,4,4,exact_dyadic_prefix_or_HiGHS_QUBO_MILP,300.0,1
220,108df99ecb0ad95d970059e997e9715c848cb6cb78c21abfcb2c222d284dc358,proven_maximal,maximize_sum_testing_e_values_at_maximum_cardinality,proven_optimal,6398.992408356169,5.22844120906909,1223.8814882831,0,0,10,,,0;8;14;15;72;86;101;116;172;183,0,0,10,0,0,0,0.0,0.0,0.3333333333333333,0.0,0.0,0.0,0,10,2.7159013250056887,16,15,1210,55,10,,original_uniform_floor_plus_prior_scores,maximum_cardinality_certified_superset_of_eBH_then_maximum_testing_evalue_sum,200,0,0,exact_dyadic_prefix_or_HiGHS_QUBO_MILP,300.0,1
221,765fec975de71e62ab621b4c4e40b6eeb3af8d9b4a579a3f7e9157d9a2a15da7,proven_maximal,maximize_sum_testing_e_values_at_maximum_cardinality,proven_optimal,51383.23614981974,2.057513757917149,24973.459327842225,10,10,11,6;19;36;47;50;117;121;127;155;161,6;19;36;47;50;117;121;127;155;161,6;19;36;47;50;71;117;121;127;155;161,10,10,11,0,0,0,0.3333333333333333,0.3333333333333333,0.36666666666666664,0.0,0.0,0.0,0,1,1.89835586699337,14,9,801,54,11,,original_uniform_floor_plus_prior_scores,maximum_cardinality_certified_superset_of_eBH_then_maximum_testing_evalue_sum,200,10,10,exact_dyadic_prefix_or_HiGHS_QUBO_MILP,300.0,1
222,eca350fd293e67f3eacdae45ad66db249cfed65b726a6417d4bb6b4cbd0e79f4,proven_maximal,maximize_sum_testing_e_values_at_maximum_cardinality,proven_optimal,43268.27894413182,1.7493925082140593,24733.31670335324,4,4,9,10;23;60;199,10;23;60;199,8;10;23;27;31;60;119;149;199,4,4,9,0,0,0,0.13333333333333333,0.13333333333333333,0.3,0.0,0.0,0.0,0,5,3.7854223039976205,14,11,633,45,9,,original_uniform_floor_plus_prior_scores,maximum_cardinality_certified_superset_of_eBH_then_maximum_testing_evalue_sum,200,4,4,exact_dyadic_prefix_or_HiGHS_QUBO_MILP,300.0,1
223,c1331933ed72a77232c87d95b2a1c7de9992dcc9a718552fffedd5ea19b6ca48,proven_maximal,maximize_sum_testing_e_values_at_maximum_cardinality,proven_optimal,27807.89712831205,3.1811965990524476,8741.332471119491,11,11,14,27;39;94;109;134;139;157;167;183;193;197,27;39;94;109;134;139;157;167;183;193;197,27;36;39;90;94;109;116;134;139;157;167;183;193;197,11,11,14,0,0,0,0.36666666666666664,0.36666666666666664,0.4666666666666667,0.0,0.0,0.0,0,3,3.900390189002792,14,7,666,46,14,,original_uniform_floor_plus_prior_scores,maximum_cardinality_certified_superset_of_eBH_then_maximum_testing_evalue_sum,200,11,11,exact_dyadic_prefix_or_HiGHS_QUBO_MILP,300.0,1
224,e9ef3f09e6e5237481abcaf0c3f71e69d104e237b4cbc7e94d85ebaba3bcaef0,proven_maximal,maximize_sum_testing_e_values_at_maximum_cardinality,proven_optimal,17979.73083681545,2.8531083069036356,6301.804524318299,8,8,10,4;47;77;89;114;137;162;166,4;47;77;89;114;137;162;166,4;47;77;89;114;137;144;162;166;185,8,8,10,0,0,0,0.26666666666666666,0.26666666666666666,0.3333333333333333,0.0,0.0,0.0,0,2,3.7184608800016576,13,11,742,46,10,,original_uniform_floor_plus_prior_scores,maximum_cardinality_certified_superset_of_eBH_then_maximum_testing_evalue_sum,200,8,8,exact_dyadic_prefix_or_HiGHS_QUBO_MILP,300.0,1
225,4dd6b1346b53e09454a3eb0a688332a5a58ff5d9246f9a6a81a1d21ea7840b1d,proven_maximal,maximize_sum_testing_e_values_at_maximum_cardinality,proven_optimal,15223.271703496377,2.268974830467535,6709.317132601042,2,2,6,167;199,167;199,3;125;152;167;189;199,2,2,6,0,0,0,0.06666666666666667,0.06666666666666667,0.2,0.0,0.0,0.0,0,4,2.9757868720043916,14,11,886,54,6,,original_uniform_floor_plus_prior_scores,maximum_cardinality_certified_superset_of_eBH_then_maximum_testing_evalue_sum,200,2,2,exact_dyadic_prefix_or_HiGHS_QUBO_MILP,300.0,1
226,c49d01aef3fa0e97ac3c5066ea2c4273b3049adbf41fd5c8f30a8ce811a89bac,proven_maximal,maximize_sum_testing_e_values_at_maximum_cardinality,proven_optimal,64678.33486788536,2.2431267749027444,28834.00777501291,5,5,6,14;52;100;168;174,14;52;100;168;174,14;52;100;168;174;192,5,5,6,0,0,0,0.16666666666666666,0.16666666666666666,0.2,0.0,0.0,0.0,0,1,2.577915126006701,21,12,1095,62,6,,original_uniform_floor_plus_prior_scores,maximum_cardinality_certified_superset_of_eBH_then_maximum_testing_evalue_sum,200,5,5,exact_dyadic_prefix_or_HiGHS_QUBO_MILP,300.0,1
227,7d1504dd67e2aa2e5304bdce6d6982d02b0cbf7d239bcaccae0a228d57d57c3a,proven_maximal,maximize_sum_testing_e_values_at_maximum_cardinality,proven_optimal,139229.51958551432,1.0930619613124433,127375.68821655908,6,6,15,44;118;123;124;167;179,44;118;123;124;167;179,34;44;67;92;101;118;123;124;142;148;157;163;167;178;179,6,6,14,0,0,1,0.2,0.2,0.4666666666666667,0.0,0.0,0.06666666666666667,0,9,5.815972554002656,8,7,615,54,15,,original_uniform_floor_plus_prior_scores,maximum_cardinality_certified_superset_of_eBH_then_maximum_testing_evalue_sum,200,6,6,exact_dyadic_prefix_or_HiGHS_QUBO_MILP,300.0,1
228,2647fe418797d3d722424b9612a80acc75663235f43084bbd080c9c62dd12ada,proven_maximal,maximize_sum_testing_e_values_at_maximum_cardinality,proven_optimal,190141.8526640545,1.2197872807784769,155881.15703477792,6,6,13,28;80;81;96;155;188,28;80;81;96;155;188,9;28;35;43;80;81;96;99;129;134;146;155;188,6,6,13,0,0,0,0.2,0.2,0.43333333333333335,0.0,0.0,0.0,0,7,4.601403536995349,8,7,601,53,13,,original_uniform_floor_plus_prior_scores,maximum_cardinality_certified_superset_of_eBH_then_maximum_testing_evalue_sum,200,6,6,exact_dyadic_prefix_or_HiGHS_QUBO_MILP,300.0,1
229,7571fb01c10318c654136760c63a8b2e7556cde36351579ad6bf75e7c284825f,proven_maximal,maximize_sum_testing_e_values_at_maximum_cardinality,proven_optimal,13776.373475005801,1.7593236126919787,7830.49427383418,3,3,7,25;58;82,25;58;82,22;25;54;58;82;114;126,3,3,7,0,0,0,0.1,0.1,0.23333333333333334,0.0,0.0,0.0,0,4,2.2412269639971782,16,12,891,57,7,,original_uniform_floor_plus_prior_scores,maximum_cardinality_certified_superset_of_eBH_then_maximum_testing_evalue_sum,200,3,3,exact_dyadic_prefix_or_HiGHS_QUBO_MILP,300.0,1
230,85ccaf0be7a550d2eeb008dd5a01be06ea995c1b9c0f485e0d72ad3df158c5e1,proven_maximal,maximize_sum_testing_e_values_at_maximum_cardinality,proven_optimal,40869.175436305595,2.5203445033171037,16215.709948586951,11,11,12,7;19;26;53;76;86;129;140;179;184;195,7;19;26;53;76;86;129;140;179;184;195,7;19;26;53;72;76;86;129;140;179;184;195,11,11,12,0,0,0,0.36666666666666664,0.36666666666666664,0.4,0.0,0.0,0.0,0,1,6.972617059996992,20,13,1071,65,12,,original_uniform_floor_plus_prior_scores,maximum_cardinality_certified_superset_of_eBH_then_maximum_testing_evalue_sum,200,11,11,exact_dyadic_prefix_or_HiGHS_QUBO_MILP,300.0,1
231,19e62069b290d64b35885822c03d05ee952a33f02dc5af100fac23f6319e47e4,proven_maximal,maximize_sum_testing_e_values_at_maximum_cardinality,proven_optimal,28824.188626157284,1.6023483056017085,17988.716014732716,3,3,5,7;52;82,7;52;82,7;52;82;139;147,3,3,5,0,0,0,0.1,0.1,0.16666666666666666,0.0,0.0,0.0,0,2,2.2008041509980103,17,10,676,50,5,,original_uniform_floor_plus_prior_scores,maximum_cardinality_certified_superset_of_eBH_then_maximum_testing_evalue_sum,200,3,3,exact_dyadic_prefix_or_HiGHS_QUBO_MILP,300.0,1
232,31530126ac1ab0dc838fe114be4aeee7f94304025e6158d7153cc9207a2c1410,proven_maximal,maximize_sum_testing_e_values_at_maximum_cardinality,proven_optimal,64932.803707101746,1.370612348075278,47375.03189598832,6,6,6,7;29;63;123;168;198,7;29;63;123;168;198,7;29;63;123;168;198,6,6,6,0,0,0,0.2,0.2,0.2,0.0,0.0,0.0,0,0,4.002483888005372,15,7,628,50,6,,original_uniform_floor_plus_prior_scores,maximum_cardinality_certified_superset_of_eBH_then_maximum_testing_evalue_sum,200,6,6,exact_dyadic_prefix_or_HiGHS_QUBO_MILP,300.0,1
233,48d5dfe341f79edf6d1d62267f53bd748d3a514353544973780ee564996d1745,proven_maximal,maximize_sum_testing_e_values_at_maximum_cardinality,proven_optimal,61466.20771480036,1.0978847480002862,55986.02934120034,1,1,10,54,54,7;13;48;54;56;91;135;155;180;189,1,1,10,0,0,0,0.03333333333333333,0.03333333333333333,0.3333333333333333,0.0,0.0,0.0,0,9,2.105212809998193,10,9,803,48,10,,original_uniform_floor_plus_prior_scores,maximum_cardinality_certified_superset_of_eBH_then_maximum_testing_evalue_sum,200,1,1,exact_dyadic_prefix_or_HiGHS_QUBO_MILP,300.0,1
234,af1a3f0c7b2553644105b2e851895daf071c77ab4eddd8bcbe20ce68b723cd92,proven_maximal,maximize_sum_testing_e_values_at_maximum_cardinality,proven_optimal,67538.1676322641,1.944064979052372,34740.69455496562,12,12,16,11;43;53;72;77;115;116;139;151;161;170;191,11;43;53;72;77;115;116;139;151;161;170;191,11;19;43;53;72;77;115;116;139;151;154;157;161;170;188;191,12,12,16,0,0,0,0.4,0.4,0.5333333333333333,0.0,0.0,0.0,0,4,15.22308998600056,17,12,1120,59,16,,original_uniform_floor_plus_prior_scores,maximum_cardinality_certified_superset_of_eBH_then_maximum_testing_evalue_sum,200,12,12,exact_dyadic_prefix_or_HiGHS_QUBO_MILP,300.0,1
235,f921e5a1b1852981cd51243a8996fd6ab97ca450ceee76f7252db741691b5307,proven_maximal,maximize_sum_testing_e_values_at_maximum_cardinality,proven_optimal,37016.7878603545,3.119427934542145,11866.530863065973,7,7,7,16;17;25;48;111;118;150,16;17;25;48;111;118;150,16;17;25;48;111;118;150,7,7,7,0,0,0,0.23333333333333334,0.23333333333333334,0.23333333333333334,0.0,0.0,0.0,0,0,2.3861032860004343,18,11,914,43,7,,original_uniform_floor_plus_prior_scores,maximum_cardinality_certified_superset_of_eBH_then_maximum_testing_evalue_sum,200,7,7,exact_dyadic_prefix_or_HiGHS_QUBO_MILP,300.0,1
236,4a801083c71ef95de09ccbadb43f623386f846f69fb6cf434f06abe655800d63,proven_maximal,maximize_sum_testing_e_values_at_maximum_cardinality,proven_optimal,43726.29490019237,1.4036545047569124,31151.750485611825,8,8,8,3;78;89;112;142;165;169;181,3;78;89;112;142;165;169;181,3;78;89;112;142;165;169;181,7,7,7,1,1,1,0.23333333333333334,0.23333333333333334,0.23333333333333334,0.125,0.125,0.125,0,0,5.049772783997469,19,9,843,54,8,,original_uniform_floor_plus_prior_scores,maximum_cardinality_certified_superset_of_eBH_then_maximum_testing_evalue_sum,200,8,8,exact_dyadic_prefix_or_HiGHS_QUBO_MILP,300.0,1
237,89908738c7160461fc34e855507390cede74030ada5fd912141a8b2a52fe68f3,proven_maximal,maximize_sum_testing_e_values_at_maximum_cardinality,proven_optimal,5748.854149148079,3.3439074309543124,1719.2025400976554,0,0,8,,,14;18;23;33;35;40;67;144,0,0,8,0,0,0,0.0,0.0,0.26666666666666666,0.0,0.0,0.0,0,8,5.451323081004375,17,15,1076,63,8,,original_uniform_floor_plus_prior_scores,maximum_cardinality_certified_superset_of_eBH_then_maximum_testing_evalue_sum,200,0,0,exact_dyadic_prefix_or_HiGHS_QUBO_MILP,300.0,1
238,2b54bfc3ef5e98d8f090d7ba54d561242ba1a06af0b851f9e3c96fa1077a07e1,proven_maximal,maximize_sum_testing_e_values_at_maximum_cardinality,proven_optimal,190576.99960940707,1.0545158674666424,180724.6391343994,3,3,7,40;82;98,40;82;98,40;46;82;91;98;109;163,3,3,7,0,0,0,0.1,0.1,0.23333333333333334,0.0,0.0,0.0,0,4,1.5317243690005853,15,9,633,47,7,,original_uniform_floor_plus_prior_scores,maximum_cardinality_certified_superset_of_eBH_then_maximum_testing_evalue_sum,200,3,3,exact_dyadic_prefix_or_HiGHS_QUBO_MILP,300.0,1
239,4ea8905432a3f222531245c64cc98eae8e763aef666978e762593bbb014bd081,proven_maximal,maximize_sum_testing_e_values_at_maximum_cardinality,proven_optimal,59008.9380591321,1.254574896624664,47035.006214368754,9,9,10,10;12;59;68;90;102;124;131;154,10;12;59;68;90;102;124;131;154,10;12;59;68;90;102;124;131;150;154,9,9,10,0,0,0,0.3,0.3,0.3333333333333333,0.0,0.0,0.0,0,1,1.748152778003714,12,8,612,36,10,,original_uniform_floor_plus_prior_scores,maximum_cardinality_certified_superset_of_eBH_then_maximum_testing_evalue_sum,200,9,9,exact_dyadic_prefix_or_HiGHS_QUBO_MILP,300.0,1
240,335e5fc6975822acc41b37f53b95be52d202817dc2c8f5fe7bdd553acd0bc9bc,proven_maximal,maximize_sum_testing_e_values_at_maximum_cardinality,proven_optimal,6143.949517211284,4.193400141008458,1465.1474485174565,5,5,6,29;31;69;97;118,29;31;69;97;118,29;31;69;97;118;194,5,5,6,0,0,0,0.16666666666666666,0.16666666666666666,0.2,0.0,0.0,0.0,0,1,4.1308374799991725,26,17,1093,60,6,,original_uniform_floor_plus_prior_scores,maximum_cardinality_certified_superset_of_eBH_then_maximum_testing_evalue_sum,200,5,5,exact_dyadic_prefix_or_HiGHS_QUBO_MILP,300.0,1
241,ffdc752bfbf2094b5ebb5c3b7c6629c852dc5115d1e295d191bb705e91c51359,proven_maximal,maximize_sum_testing_e_values_at_maximum_cardinality,proven_optimal,69296.07289490383,1.7443614787560155,39725.752797706846,7,7,10,40;77;135;136;157;163;195,40;77;135;136;157;163;195,1;10;40;41;77;135;136;157;163;195,7,7,10,0,0,0,0.23333333333333334,0.23333333333333334,0.3333333333333333,0.0,0.0,0.0,0,3,7.507917073002318,20,13,1083,52,10,,original_uniform_floor_plus_prior_scores,maximum_cardinality_certified_superset_of_eBH_then_maximum_testing_evalue_sum,200,7,7,exact_dyadic_prefix_or_HiGHS_QUBO_MILP,300.0,1
242,08dde9978a285d382c2582a010c0a57abde2422a640e42f94756218ff545c663,proven_maximal,maximize_sum_testing_e_values_at_maximum_cardinality,proven_optimal,13183.754869442773,4.275242027565688,3083.744682625505,7,7,9,27;65;76;88;116;138;155,27;65;76;88;116;138;155,27;65;72;76;88;116;138;155;163,7,7,9,0,0,0,0.23333333333333334,0.23333333333333334,0.3,0.0,0.0,0.0,0,2,4.660108715994284,15,8,495,45,9,,original_uniform_floor_plus_prior_scores,maximum_cardinality_certified_superset_of_eBH_then_maximum_testing_evalue_sum,200,7,7,exact_dyadic_prefix_or_HiGHS_QUBO_MILP,300.0,1
243,9e7fdbcff5937a5ef2b0761e6c5245321b1ad9e560ec766134bf7e0019c16d8b,proven_maximal,maximize_sum_testing_e_values_at_maximum_cardinality,proven_optimal,0.0,0.0,3257.1147090045274,0,0,0,,,,0,0,0,0,0,0,0.0,0.0,0.0,0.0,0.0,0.0,0,0,2.976650448006694,20,12,1023,48,0,,original_uniform_floor_plus_prior_scores,maximum_cardinality_certified_superset_of_eBH_then_maximum_testing_evalue_sum,200,0,0,exact_dyadic_prefix_or_HiGHS_QUBO_MILP,300.0,1
244,02decf488d98838bc3ab6840238c61b92741e683e75f4fdf57c1ae176aeff683,proven_maximal,maximize_sum_testing_e_values_at_maximum_cardinality,proven_optimal,12591.019505638451,2.7506931984380922,4577.398712727369,4,4,7,62;86;119;124,62;86;119;124,32;60;62;86;119;124;169,4,4,7,0,0,0,0.13333333333333333,0.13333333333333333,0.23333333333333334,0.0,0.0,0.0,0,3,5.98029414100165,20,14,1125,63,7,,original_uniform_floor_plus_prior_scores,maximum_cardinality_certified_superset_of_eBH_then_maximum_testing_evalue_sum,200,4,4,exact_dyadic_prefix_or_HiGHS_QUBO_MILP,300.0,1
245,2549529830de813c598e3096fe59cabd9eb01f0fa55cf50af4e071aaf373c6d6,proven_maximal,maximize_sum_testing_e_values_at_maximum_cardinality,proven_optimal,13944.051321118011,4.0896815674779745,3409.5689581321194,8,8,8,33;35;49;73;80;92;104;139,33;35;49;73;80;92;104;139,33;35;49;73;80;92;104;139,8,8,8,0,0,0,0.26666666666666666,0.26666666666666666,0.26666666666666666,0.0,0.0,0.0,0,0,2.033532418005052,16,8,696,65,8,,original_uniform_floor_plus_prior_scores,maximum_cardinality_certified_superset_of_eBH_then_maximum_testing_evalue_sum,200,8,8,exact_dyadic_prefix_or_HiGHS_QUBO_MILP,300.0,1
246,db2423631e02051db27d9f29d43733f28a857d9b1821504dd489665445974a0b,proven_maximal,maximize_sum_testing_e_values_at_maximum_cardinality,proven_optimal,262293.0930072926,1.0529757297205231,249096.99777877072,7,7,8,33;97;106;118;129;130;141,33;97;106;118;129;130;141,33;97;106;118;129;130;141;169,7,7,8,0,0,0,0.23333333333333334,0.23333333333333334,0.26666666666666666,0.0,0.0,0.0,0,1,5.324571470002411,20,16,1218,52,8,,original_uniform_floor_plus_prior_scores,maximum_cardinality_certified_superset_of_eBH_then_maximum_testing_evalue_sum,200,7,7,exact_dyadic_prefix_or_HiGHS_QUBO_MILP,300.0,1
247,637b01b91087b32e6305bfde0352b061076d3b5546a3fdf415e4184d2be7b0fa,proven_maximal,maximize_sum_testing_e_values_at_maximum_cardinality,proven_optimal,31436.550863683966,2.407676018059136,13056.80275414524,7,7,7,61;65;120;126;127;145;148,61;65;120;126;127;145;148,61;65;120;126;127;145;148,7,7,7,0,0,0,0.23333333333333334,0.23333333333333334,0.23333333333333334,0.0,0.0,0.0,0,0,1.7883974729993497,14,6,623,42,7,,original_uniform_floor_plus_prior_scores,maximum_cardinality_certified_superset_of_eBH_then_maximum_testing_evalue_sum,200,7,7,exact_dyadic_prefix_or_HiGHS_QUBO_MILP,300.0,1
248,aadfc34607591406cd272e0b1d95316b3cde6542d4be18d1c6a13e9d786ecb18,proven_maximal,maximize_sum_testing_e_values_at_maximum_cardinality,proven_optimal,178351.08951954395,1.530339748059481,116543.46019940916,3,3,3,95;110;133,95;110;133,95;110;133,3,3,3,0,0,0,0.1,0.1,0.1,0.0,0.0,0.0,0,0,1.784615397999005,17,9,860,55,3,,original_uniform_floor_plus_prior_scores,maximum_cardinality_certified_superset_of_eBH_then_maximum_testing_evalue_sum,200,3,3,exact_dyadic_prefix_or_HiGHS_QUBO_MILP,300.0,1
249,f86b2cd73014dcb211579358787f93124b0f3c3140fcbd60cf4678c4263c23b4,proven_maximal,maximize_sum_testing_e_values_at_maximum_cardinality,proven_optimal,18102.773705091986,3.843009731787116,4710.571913299227,8,8,12,2;23;74;106;129;152;161;165,2;23;74;106;129;152;161;165,2;23;49;58;74;106;129;144;152;161;165;186,8,8,12,0,0,0,0.26666666666666666,0.26666666666666666,0.4,0.0,0.0,0.0,0,4,4.994365931997891,20,14,1113,62,12,,original_uniform_floor_plus_prior_scores,maximum_cardinality_certified_superset_of_eBH_then_maximum_testing_evalue_sum,200,8,8,exact_dyadic_prefix_or_HiGHS_QUBO_MILP,300.0,1
250,c92cbdf09ed660cd6fa09fb0843743a32cdaaa548f4e989de4a30d2626615a25,proven_maximal,maximize_sum_testing_e_values_at_maximum_cardinality,proven_optimal,32414.92595755078,3.7917756180999147,8548.745817874667,8,8,10,3;44;68;75;131;134;137;154,3;44;68;75;131;134;137;154,3;11;44;68;75;131;134;137;154;157,8,8,10,0,0,0,0.26666666666666666,0.26666666666666666,0.3333333333333333,0.0,0.0,0.0,0,2,2.1485272869977052,17,9,712,53,10,,original_uniform_floor_plus_prior_scores,maximum_cardinality_certified_superset_of_eBH_then_maximum_testing_evalue_sum,200,8,8,exact_dyadic_prefix_or_HiGHS_QUBO_MILP,300.0,1
251,82c697b554f56f93c3f5099d2b2bce82ac7b72c0eed968137043614bcc9b1923,proven_maximal,maximize_sum_testing_e_values_at_maximum_cardinality,proven_optimal,84298.77483333969,2.6113326792652742,32281.89786107913,12,12,12,35;88;89;92;103;107;113;120;138;169;171;192,35;88;89;92;103;107;113;120;138;169;171;192,35;88;89;92;103;107;113;120;138;169;171;192,12,12,12,0,0,0,0.4,0.4,0.4,0.0,0.0,0.0,0,0,2.4189530229996308,15,7,652,51,12,,original_uniform_floor_plus_prior_scores,maximum_cardinality_certified_superset_of_eBH_then_maximum_testing_evalue_sum,200,12,12,exact_dyadic_prefix_or_HiGHS_QUBO_MILP,300.0,1
252,8ef94c688c4039dce1efbf19192e67816ac43211f7b75f15c4578d8f8ffd26ac,proven_maximal,maximize_sum_testing_e_values_at_maximum_cardinality,proven_optimal,14158.19655958869,3.8517184198824417,3675.81297908605,5,5,7,32;37;61;188;198,32;37;61;188;198,32;37;61;159;172;188;198,5,5,7,0,0,0,0.16666666666666666,0.16666666666666666,0.23333333333333334,0.0,0.0,0.0,0,2,2.4046249720049673,17,11,817,46,7,,original_uniform_floor_plus_prior_scores,maximum_cardinality_certified_superset_of_eBH_then_maximum_testing_evalue_sum,200,5,5,exact_dyadic_prefix_or_HiGHS_QUBO_MILP,300.0,1
253,2c35e56131234908f3655e6736093c7b312406ede2824c156d5fcbc70ebb3d89,proven_maximal,maximize_sum_testing_e_values_at_maximum_cardinality,proven_optimal,7767.119641369198,1.8587420199492937,4178.696967092337,2,2,4,43;101,43;101,23;43;101;179,2,2,4,0,0,0,0.06666666666666667,0.06666666666666667,0.13333333333333333,0.0,0.0,0.0,0,2,1.5900245719967643,13,8,683,47,4,,original_uniform_floor_plus_prior_scores,maximum_cardinality_certified_superset_of_eBH_then_maximum_testing_evalue_sum,200,2,2,exact_dyadic_prefix_or_HiGHS_QUBO_MILP,300.0,1
254,f30890eb9e764c0d04e251c0eb8c32696c77ea0f5200f8bea8046245646d59d6,proven_maximal,maximize_sum_testing_e_values_at_maximum_cardinality,proven_optimal,69223.59426325672,1.3547760139921212,51095.969775310245,9,9,9,22;32;79;81;84;101;140;161;165,22;32;79;81;84;101;140;161;165,22;32;79;81;84;101;140;161;165,9,9,9,0,0,0,0.3,0.3,0.3,0.0,0.0,0.0,0,0,1.6119530260039028,16,6,630,56,9,,original_uniform_floor_plus_prior_scores,maximum_cardinality_certified_superset_of_eBH_then_maximum_testing_evalue_sum,200,9,9,exact_dyadic_prefix_or_HiGHS_QUBO_MILP,300.0,1
255,c10ab18e5f8510a9d8aab52e1f8b9fb2b42284c28552cbb1ce7ce1fddf481f3b,proven_maximal,maximize_sum_testing_e_values_at_maximum_cardinality,proven_optimal,15088.497152581565,1.9248328725780728,7838.860904517082,5,5,7,6;92;97;98;105,6;92;97;98;105,6;33;92;97;98;105;134,5,5,7,0,0,0,0.16666666666666666,0.16666666666666666,0.23333333333333334,0.0,0.0,0.0,0,2,1.0199390769994352,11,7,546,57,7,,original_uniform_floor_plus_prior_scores,maximum_cardinality_certified_superset_of_eBH_then_maximum_testing_evalue_sum,200,5,5,exact_dyadic_prefix_or_HiGHS_QUBO_MILP,300.0,1
256,2a1b6d08691de626c9916dde047307f2d9b7b0cf8c0edc89bde582c64df96670,proven_maximal,maximize_sum_testing_e_values_at_maximum_cardinality,proven_optimal,46963.516242370286,1.123389832924822,41805.18183976934,2,2,2,128;156,128;156,128;156,2,2,2,0,0,0,0.06666666666666667,0.06666666666666667,0.06666666666666667,0.0,0.0,0.0,0,0,1.4882062660035444,20,16,927,61,2,,original_uniform_floor_plus_prior_scores,maximum_cardinality_certified_superset_of_eBH_then_maximum_testing_evalue_sum,200,2,2,exact_dyadic_prefix_or_HiGHS_QUBO_MILP,300.0,1
257,d6c1a69c7bebd5385e55f4ca12abb1b9a3233a96989f2f56f0307d145ac5af10,proven_maximal,maximize_sum_testing_e_values_at_maximum_cardinality,proven_optimal,589525.3189759447,1.027067414800524,573988.9227139405,8,8,12,55;65;81;102;107;132;173;175,55;65;81;102;107;132;173;175,49;55;65;71;81;102;107;126;132;155;173;175,8,8,12,0,0,0,0.26666666666666666,0.26666666666666666,0.4,0.0,0.0,0.0,0,4,1.6934882429995923,13,9,719,57,12,,original_uniform_floor_plus_prior_scores,maximum_cardinality_certified_superset_of_eBH_then_maximum_testing_evalue_sum,200,8,8,exact_dyadic_prefix_or_HiGHS_QUBO_MILP,300.0,1
258,4ade5ab955f1f63d3811ce943abb676beffa16b279ed3619c77e77da62ebd66f,proven_maximal,maximize_sum_testing_e_values_at_maximum_cardinality,proven_optimal,21271.875249303015,1.1703888164047713,18175.04999291302,2,2,2,27;31,27;31,27;31,2,2,2,0,0,0,0.06666666666666667,0.06666666666666667,0.06666666666666667,0.0,0.0,0.0,0,0,1.1838967650037375,14,7,713,44,2,,original_uniform_floor_plus_prior_scores,maximum_cardinality_certified_superset_of_eBH_then_maximum_testing_evalue_sum,200,2,2,exact_dyadic_prefix_or_HiGHS_QUBO_MILP,300.0,1
259,986f5c4aff31cbf961a8b22ae1d758dd6212d42c6aef18da5cd4d91261daf839,proven_maximal,maximize_sum_testing_e_values_at_maximum_cardinality,proven_optimal,88086.18522095888,2.93830949726807,29978.52516995167,11,11,11,4;14;20;65;76;116;120;122;154;159;167,4;14;20;65;76;116;120;122;154;159;167,4;14;20;65;76;116;120;122;154;159;167,11,11,11,0,0,0,0.36666666666666664,0.36666666666666664,0.36666666666666664,0.0,0.0,0.0,0,0,0.9397493639989989,11,6,693,52,11,,original_uniform_floor_plus_prior_scores,maximum_cardinality_certified_superset_of_eBH_then_maximum_testing_evalue_sum,200,11,11,exact_dyadic_prefix_or_HiGHS_QUBO_MILP,300.0,1
260,37b13f83f6f1561334f035371a1ff41f1828f036e2f789974f9ec8391c95417b,proven_maximal,maximize_sum_testing_e_values_at_maximum_cardinality,proven_optimal,53434.141952724305,2.1505141959074128,24847.14681466108,9,9,10,5;41;68;112;129;132;150;161;184,5;41;68;112;129;132;150;161;184,5;41;68;112;129;132;150;159;161;184,9,9,10,0,0,0,0.3,0.3,0.3333333333333333,0.0,0.0,0.0,0,1,3.7334266770049,25,16,1307,69,10,,original_uniform_floor_plus_prior_scores,maximum_cardinality_certified_superset_of_eBH_then_maximum_testing_evalue_sum,200,9,9,exact_dyadic_prefix_or_HiGHS_QUBO_MILP,300.0,1
261,dbe610746b10ce0f8cf9eccee6b32b569457740cf6916c0e2fbabf5d0f57ee0b,proven_maximal,maximize_sum_testing_e_values_at_maximum_cardinality,proven_optimal,41592.046637933454,3.274403834043186,12702.173814210388,17,17,17,16;27;39;50;61;62;76;93;109;116;134;149;154;155;168;192;194,16;27;39;50;61;62;76;93;109;116;134;149;154;155;168;192;194,16;27;39;50;61;62;76;93;109;116;134;149;154;155;168;192;194,17,17,17,0,0,0,0.5666666666666667,0.5666666666666667,0.5666666666666667,0.0,0.0,0.0,0,0,0.6836029219994089,9,5,515,46,17,,original_uniform_floor_plus_prior_scores,maximum_cardinality_certified_superset_of_eBH_then_maximum_testing_evalue_sum,200,17,17,exact_dyadic_prefix_or_HiGHS_QUBO_MILP,300.0,1
262,b48758f3e57fa145700556f75e4fc19979eec86971da29bd4b0aad61cd19ab33,proven_maximal,maximize_sum_testing_e_values_at_maximum_cardinality,proven_optimal,25869.539253260627,1.9757256042413824,13093.69033722359,3,3,3,56;88;135,56;88;135,56;88;135,3,3,3,0,0,0,0.1,0.1,0.1,0.0,0.0,0.0,0,0,2.053260827997292,23,14,827,51,3,,original_uniform_floor_plus_prior_scores,maximum_cardinality_certified_superset_of_eBH_then_maximum_testing_evalue_sum,200,3,3,exact_dyadic_prefix_or_HiGHS_QUBO_MILP,300.0,1
263,83d1691a55b52bcd1f3b5b884e5d3510764658b1eed31eefbbb1ec4a442d1003,proven_maximal,maximize_sum_testing_e_values_at_maximum_cardinality,proven_optimal,0.0,0.0,1187.7744647026852,0,0,0,,,,0,0,0,0,0,0,0.0,0.0,0.0,0.0,0.0,0.0,0,0,1.545319417004066,16,8,775,49,0,,original_uniform_floor_plus_prior_scores,maximum_cardinality_certified_superset_of_eBH_then_maximum_testing_evalue_sum,200,0,0,exact_dyadic_prefix_or_HiGHS_QUBO_MILP,300.0,1
264,30d5921716d5d608c177e6ed8fc7c96f3bb45b513bae7de0dd7d3801845b04d1,proven_maximal,maximize_sum_testing_e_values_at_maximum_cardinality,proven_optimal,337879.7378806927,1.5476311039422144,218320.5913993497,7,7,9,16;27;91;131;134;140;142,16;27;91;131;134;140;142,16;27;91;110;131;134;140;142;169,7,7,9,0,0,0,0.23333333333333334,0.23333333333333334,0.3,0.0,0.0,0.0,0,2,2.5503430390017456,21,13,1066,51,9,,original_uniform_floor_plus_prior_scores,maximum_cardinality_certified_superset_of_eBH_then_maximum_testing_evalue_sum,200,7,7,exact_dyadic_prefix_or_HiGHS_QUBO_MILP,300.0,1
265,6d05f3caa917e86224b2daf72632945f7f28b1e4211a50448a7a39cb09fffc4f,proven_maximal,maximize_sum_testing_e_values_at_maximum_cardinality,proven_optimal,40498.85002606536,1.7987618067124302,22514.84875592533,8,8,9,9;22;25;46;91;108;113;130,9;22;25;46;91;108;113;130,9;22;25;46;57;91;108;113;130,8,8,9,0,0,0,0.26666666666666666,0.26666666666666666,0.3,0.0,0.0,0.0,0,1,1.396353830001317,15,8,609,56,9,,original_uniform_floor_plus_prior_scores,maximum_cardinality_certified_superset_of_eBH_then_maximum_testing_evalue_sum,200,8,8,exact_dyadic_prefix_or_HiGHS_QUBO_MILP,300.0,1
266,bd55febb32173ac66c37f080582039fd59b556e2abfc117d80b4e0deb6a0c9c3,proven_maximal,maximize_sum_testing_e_values_at_maximum_cardinality,proven_optimal,45656.90991238175,1.8399468033460797,24814.255406379834,10,10,12,5;15;25;31;33;74;98;102;114;138,5;15;25;31;33;74;98;102;114;138,5;15;25;31;33;52;74;87;98;102;114;138,10,10,12,0,0,0,0.3333333333333333,0.3333333333333333,0.4,0.0,0.0,0.0,0,2,2.2173048840049887,15,9,721,67,12,,original_uniform_floor_plus_prior_scores,maximum_cardinality_certified_superset_of_eBH_then_maximum_testing_evalue_sum,200,10,10,exact_dyadic_prefix_or_HiGHS_QUBO_MILP,300.0,1
267,2a5098854c1c5600a8de24f3b4a5f3379fa693ae43b7911b4b86b9c69230f278,proven_maximal,maximize_sum_testing_e_values_at_maximum_cardinality,proven_optimal,43378.70620390452,1.5407465137389262,28154.343246662625,7,7,10,33;76;97;128;139;178;192,33;76;97;128;139;178;192,23;33;49;76;97;128;130;139;178;192,7,7,10,0,0,0,0.23333333333333334,0.23333333333333334,0.3333333333333333,0.0,0.0,0.0,0,3,1.3756321410037344,12,9,622,50,10,,original_uniform_floor_plus_prior_scores,maximum_cardinality_certified_superset_of_eBH_then_maximum_testing_evalue_sum,200,7,7,exact_dyadic_prefix_or_HiGHS_QUBO_MILP,300.0,1
268,dcc8b57ff3fd3eb5c99c991f0307653c1d6922159370f2e64267d6db4a30be24,proven_maximal,maximize_sum_testing_e_values_at_maximum_cardinality,proven_optimal,116010.10605249429,1.7588841217981763,65956.65093269055,4,4,9,22;67;113;146,22;67;113;146,22;23;43;67;68;113;142;146;161,4,4,9,0,0,0,0.13333333333333333,0.13333333333333333,0.3,0.0,0.0,0.0,0,5,1.536484078002104,16,14,1045,61,9,,original_uniform_floor_plus_prior_scores,maximum_cardinality_certified_superset_of_eBH_then_maximum_testing_evalue_sum,200,4,4,exact_dyadic_prefix_or_HiGHS_QUBO_MILP,300.0,1
269,f153674a860d6d4d22b2e11f790465e9f9ecf07ba0c48fed40b39807302959eb,proven_maximal,maximize_sum_testing_e_values_at_maximum_cardinality,proven_optimal,50336.95415687796,3.643872709071587,13814.136270886143,9,9,11,6;25;26;28;50;60;122;162;194,6;25;26;28;50;60;122;162;194,6;25;26;28;50;60;122;151;162;186;194,9,9,11,0,0,0,0.3,0.3,0.36666666666666664,0.0,0.0,0.0,0,2,1.6228153699994436,14,8,618,51,11,,original_uniform_floor_plus_prior_scores,maximum_cardinality_certified_superset_of_eBH_then_maximum_testing_evalue_sum,200,9,9,exact_dyadic_prefix_or_HiGHS_QUBO_MILP,300.0,1
270,4a18d18321ced2ac26a903b185a527868e6ac3338eb48a9833b0fa9c3b20375e,proven_maximal,maximize_sum_testing_e_values_at_maximum_cardinality,proven_optimal,18692.8864929512,1.9115135290048209,9779.102375845154,4,4,11,71;72;173;187,71;72;173;187,6;16;71;72;78;87;160;173;178;182;187,4,4,11,0,0,0,0.13333333333333333,0.13333333333333333,0.36666666666666664,0.0,0.0,0.0,0,7,1.075369262995082,9,7,545,59,11,,original_uniform_floor_plus_prior_scores,maximum_cardinality_certified_superset_of_eBH_then_maximum_testing_evalue_sum,200,4,4,exact_dyadic_prefix_or_HiGHS_QUBO_MILP,300.0,1
271,d817267c609baef941f9197ee400209456c7d9b48cdc9ed1c4098ac4e0155fef,proven_maximal,maximize_sum_testing_e_values_at_maximum_cardinality,proven_optimal,35027.75946879724,1.735324594972206,20185.133991809907,9,9,11,7;33;50;69;73;105;109;118;140,7;33;50;69;73;105;109;118;140,7;33;50;69;73;86;105;109;118;138;140,9,9,11,0,0,0,0.3,0.3,0.36666666666666664,0.0,0.0,0.0,0,2,2.5875583890010603,18,12,758,48,11,,original_uniform_floor_plus_prior_scores,maximum_cardinality_certified_superset_of_eBH_then_maximum_testing_evalue_sum,200,9,9,exact_dyadic_prefix_or_HiGHS_QUBO_MILP,300.0,1
272,80fe7365ffcfa7c527cf2c8340ac81668ea63c1c9ae76988277a65f4d6d1d81b,proven_maximal,maximize_sum_testing_e_values_at_maximum_cardinality,proven_optimal,60370.594437480424,2.70949872817276,22281.0934767234,6,6,9,63;73;157;175;188;189,63;73;157;175;188;189,37;63;73;155;157;174;175;188;189,6,6,9,0,0,0,0.2,0.2,0.3,0.0,0.0,0.0,0,3,1.9147130969940918,20,14,914,56,9,,original_uniform_floor_plus_prior_scores,maximum_cardinality_certified_superset_of_eBH_then_maximum_testing_evalue_sum,200,6,6,exact_dyadic_prefix_or_HiGHS_QUBO_MILP,300.0,1
273,3638add81aa55e26e4c1753717568c5a265e71d56aadfe0c998b76e3290c00e6,proven_maximal,maximize_sum_testing_e_values_at_maximum_cardinality,proven_optimal,42597.733299926724,2.862492383186185,14881.343807284478,5,5,7,13;63;99;114;169,13;63;99;114;169,13;63;92;99;114;163;169,5,5,7,0,0,0,0.16666666666666666,0.16666666666666666,0.23333333333333334,0.0,0.0,0.0,0,2,1.6116309220014955,17,11,1033,58,7,,original_uniform_floor_plus_prior_scores,maximum_cardinality_certified_superset_of_eBH_then_maximum_testing_evalue_sum,200,5,5,exact_dyadic_prefix_or_HiGHS_QUBO_MILP,300.0,1
274,fe84f3d729baa709835573da9b67fe197f90db07f9f5d25a6b7d57195215e3f4,proven_maximal,maximize_sum_testing_e_values_at_maximum_cardinality,proven_optimal,41201.22328357004,2.091735825698613,19697.14472419545,12,12,13,28;37;54;55;98;127;136;137;140;158;170;181,28;37;54;55;98;127;136;137;140;158;170;181,28;37;54;55;98;127;136;137;140;141;158;170;181,12,12,13,0,0,0,0.4,0.4,0.43333333333333335,0.0,0.0,0.0,0,1,2.2066204129951075,13,7,606,47,13,,original_uniform_floor_plus_prior_scores,maximum_cardinality_certified_superset_of_eBH_then_maximum_testing_evalue_sum,200,12,12,exact_dyadic_prefix_or_HiGHS_QUBO_MILP,300.0,1
275,256840504d4dff479e5db097a2a02ceff8b692b895bdd417da58a4238272dfda,proven_maximal,maximize_sum_testing_e_values_at_maximum_cardinality,proven_optimal,0.0,0.0,2654.294741346016,0,0,0,,,,0,0,0,0,0,0,0.0,0.0,0.0,0.0,0.0,0.0,0,0,1.113595588998578,14,6,609,52,0,,original_uniform_floor_plus_prior_scores,maximum_cardinality_certified_superset_of_eBH_then_maximum_testing_evalue_sum,200,0,0,exact_dyadic_prefix_or_HiGHS_QUBO_MILP,300.0,1
276,0d80c7f2007b55bf7ac37015b211cefba433cf6608cdda0026d150afda1e7aba,proven_maximal,maximize_sum_testing_e_values_at_maximum_cardinality,proven_optimal,122010.10289348368,2.429708310153676,50215.94665648022,7,7,10,29;32;40;50;55;115;187,29;32;40;50;55;115;187,29;32;34;39;40;50;55;115;186;187,7,7,10,0,0,0,0.23333333333333334,0.23333333333333334,0.3333333333333333,0.0,0.0,0.0,0,3,2.9047659679999924,21,18,1220,46,10,,original_uniform_floor_plus_prior_scores,maximum_cardinality_certified_superset_of_eBH_then_maximum_testing_evalue_sum,200,7,7,exact_dyadic_prefix_or_HiGHS_QUBO_MILP,300.0,1
277,4ca2e880f9f74ddf0f03ce6952ff64a7de993eaa55449ed074249d3e098cedab,proven_maximal,maximize_sum_testing_e_values_at_maximum_cardinality,proven_optimal,57671.714911734234,1.3616529267062139,42354.19597800146,11,11,12,15;37;45;52;54;68;74;87;126;146;177,15;37;45;52;54;68;74;87;126;146;177,15;37;45;52;54;68;74;87;96;126;146;177,11,11,12,0,0,0,0.36666666666666664,0.36666666666666664,0.4,0.0,0.0,0.0,0,1,1.6652155359988683,11,8,800,48,12,,original_uniform_floor_plus_prior_scores,maximum_cardinality_certified_superset_of_eBH_then_maximum_testing_evalue_sum,200,11,11,exact_dyadic_prefix_or_HiGHS_QUBO_MILP,300.0,1
278,c14ba5f5b5784ae1435c6937f2bbbb1e135f2a074509c45f6be525b00bd7ef83,proven_maximal,maximize_sum_testing_e_values_at_maximum_cardinality,proven_optimal,9244.277970555393,4.604305206940617,2007.7465665439368,6,6,9,21;60;133;139;149;185,21;60;133;139;149;185,21;44;60;124;133;139;149;180;185,6,6,9,0,0,0,0.2,0.2,0.3,0.0,0.0,0.0,0,3,1.371831538999686,14,10,728,48,9,,original_uniform_floor_plus_prior_scores,maximum_cardinality_certified_superset_of_eBH_then_maximum_testing_evalue_sum,200,6,6,exact_dyadic_prefix_or_HiGHS_QUBO_MILP,300.0,1
279,973e7b9e746a90ad12c7e6076ee1861c12cb78a94918ba139d3230bd227b9eb1,proven_maximal,maximize_sum_testing_e_values_at_maximum_cardinality,proven_optimal,14802.651077133985,2.358329050927845,6276.753903917746,8,8,10,9;23;27;36;53;67;143;172,9;23;27;36;53;67;143;172,9;23;27;36;53;67;85;110;143;172,8,8,10,0,0,0,0.26666666666666666,0.26666666666666666,0.3333333333333333,0.0,0.0,0.0,0,2,1.2736956900043879,13,7,561,59,10,,original_uniform_floor_plus_prior_scores,maximum_cardinality_certified_superset_of_eBH_then_maximum_testing_evalue_sum,200,8,8,exact_dyadic_prefix_or_HiGHS_QUBO_MILP,300.0,1
280,bf7b7b1a70783a4d4924fce56df4bd1ee2d18df78dabcf31dfadba8436f5b084,proven_maximal,maximize_sum_testing_e_values_at_maximum_cardinality,proven_optimal,77598.6406513471,1.3511258386712997,57432.57839525724,3,3,3,43;57;109,43;57;109,43;57;109,3,3,3,0,0,0,0.1,0.1,0.1,0.0,0.0,0.0,0,0,1.64600570499897,18,8,708,45,3,,original_uniform_floor_plus_prior_scores,maximum_cardinality_certified_superset_of_eBH_then_maximum_testing_evalue_sum,200,3,3,exact_dyadic_prefix_or_HiGHS_QUBO_MILP,300.0,1
281,827d768d7e6f0319889c82fd0580da445fc23c70bf88d326223c5b9ceac65f1c,proven_maximal,maximize_sum_testing_e_values_at_maximum_cardinality,proven_optimal,22906.360168328425,1.9464860209526507,11768.057885726595,3,3,3,114;150;181,114;150;181,114;150;181,3,3,3,0,0,0,0.1,0.1,0.1,0.0,0.0,0.0,0,0,1.6410827989966492,19,10,855,53,3,,original_uniform_floor_plus_prior_scores,maximum_cardinality_certified_superset_of_eBH_then_maximum_testing_evalue_sum,200,3,3,exact_dyadic_prefix_or_HiGHS_QUBO_MILP,300.0,1
282,8b2fc870a9b517e7dbc20ff36e88f525aae6e1b094565cb152dec6da31626e98,proven_maximal,maximize_sum_testing_e_values_at_maximum_cardinality,proven_optimal,12115.692680202175,2.621535142197904,4621.60223800942,7,7,11,29;69;109;130;134;166;177,29;69;109;130;134;166;177,29;50;67;69;103;109;130;134;166;177;180,7,7,11,0,0,0,0.23333333333333334,0.23333333333333334,0.36666666666666664,0.0,0.0,0.0,0,4,2.9124618470013957,15,13,1049,53,11,,original_uniform_floor_plus_prior_scores,maximum_cardinality_certified_superset_of_eBH_then_maximum_testing_evalue_sum,200,7,7,exact_dyadic_prefix_or_HiGHS_QUBO_MILP,300.0,1
283,d7f4bb461af8595b81c0f94f494cfd3d026d54340404fcfd59bc523b07578171,proven_maximal,maximize_sum_testing_e_values_at_maximum_cardinality,proven_optimal,28983.023558453282,3.5484846081782706,8167.71854995664,12,12,13,24;33;78;83;112;132;152;154;164;172;184;188,24;33;78;83;112;132;152;154;164;172;184;188,24;33;78;83;99;112;132;152;154;164;172;184;188,12,12,13,0,0,0,0.4,0.4,0.43333333333333335,0.0,0.0,0.0,0,1,3.414163338005892,18,12,978,53,13,,original_uniform_floor_plus_prior_scores,maximum_cardinality_certified_superset_of_eBH_then_maximum_testing_evalue_sum,200,12,12,exact_dyadic_prefix_or_HiGHS_QUBO_MILP,300.0,1
284,48f37578805c2be34ff810717b9e0211dfe4099ced0e8d917183a5f510aac81e,proven_maximal,maximize_sum_testing_e_values_at_maximum_cardinality,proven_optimal,8751.344710445963,4.636030446718508,1887.680594643284,9,9,9,31;75;98;110;118;120;135;181;182,31;75;98;110;118;120;135;181;182,31;75;98;110;118;120;135;181;182,9,9,9,0,0,0,0.3,0.3,0.3,0.0,0.0,0.0,0,0,0.6061524620017735,8,6,633,55,9,,original_uniform_floor_plus_prior_scores,maximum_cardinality_certified_superset_of_eBH_then_maximum_testing_evalue_sum,200,9,9,exact_dyadic_prefix_or_HiGHS_QUBO_MILP,300.0,1
285,7d3e9cce8225b0c015c9804bed6340e5633db1599b3282ccc694bf1da0ef1a2d,proven_maximal,maximize_sum_testing_e_values_at_maximum_cardinality,proven_optimal,125450.67531180964,1.5764753263613984,79576.68173681949,8,8,9,10;13;26;34;35;107;114;192,10;13;26;34;35;107;114;192,10;13;26;34;35;100;107;114;192,8,8,9,0,0,0,0.26666666666666666,0.26666666666666666,0.3,0.0,0.0,0.0,0,1,3.026577743003145,22,13,704,55,9,,original_uniform_floor_plus_prior_scores,maximum_cardinality_certified_superset_of_eBH_then_maximum_testing_evalue_sum,200,8,8,exact_dyadic_prefix_or_HiGHS_QUBO_MILP,300.0,1
286,44027cd244ffcee6c6919952f50ab15b0d088b6405ead48f945bf01405858d88,proven_maximal,maximize_sum_testing_e_values_at_maximum_cardinality,proven_optimal,0.0,0.0,1094.2413749209566,0,0,0,,,,0,0,0,0,0,0,0.0,0.0,0.0,0.0,0.0,0.0,0,0,0.39106868200178724,3,3,300,49,0,,original_uniform_floor_plus_prior_scores,maximum_cardinality_certified_superset_of_eBH_then_maximum_testing_evalue_sum,200,0,0,exact_dyadic_prefix_or_HiGHS_QUBO_MILP,300.0,1
287,2d63978ecd8052af3e42fd3cdef29c17c07c52963b1e87b49a704aef61872254,proven_maximal,maximize_sum_testing_e_values_at_maximum_cardinality,proven_optimal,28160.352678331295,2.5041506134315057,11245.470830423574,10,10,11,43;49;53;57;60;86;88;131;144;157,43;49;53;57;60;86;88;131;144;157,43;49;53;57;60;86;88;123;131;144;157,10,10,11,0,0,0,0.3333333333333333,0.3333333333333333,0.36666666666666664,0.0,0.0,0.0,0,1,3.678184374999546,18,13,1114,42,11,,original_uniform_floor_plus_prior_scores,maximum_cardinality_certified_superset_of_eBH_then_maximum_testing_evalue_sum,200,10,10,exact_dyadic_prefix_or_HiGHS_QUBO_MILP,300.0,1
288,8545e37615b093acb4611858aa3aa79968643d662eada4b03fbac2ae8d07249c,proven_maximal,maximize_sum_testing_e_values_at_maximum_cardinality,proven_optimal,26652.097280372785,3.0563038756353174,8720.368904689683,8,8,10,11;43;71;92;100;104;133;150,11;43;71;92;100;104;133;150,11;43;71;92;100;104;105;133;150;183,8,8,10,0,0,0,0.26666666666666666,0.26666666666666666,0.3333333333333333,0.0,0.0,0.0,0,2,3.1923882580013014,17,9,684,48,10,,original_uniform_floor_plus_prior_scores,maximum_cardinality_certified_superset_of_eBH_then_maximum_testing_evalue_sum,200,8,8,exact_dyadic_prefix_or_HiGHS_QUBO_MILP,300.0,1
289,32305eef058a9b96a9180f0f84a9ee4c04bf4fee07dafa811e67a44b3971dbb9,proven_maximal,maximize_sum_testing_e_values_at_maximum_cardinality,proven_optimal,59601.32590053521,1.521149667023625,39181.76310497758,3,3,12,56;151;161,56;151;161,19;50;56;60;82;83;127;141;151;161;184;189,3,3,12,0,0,0,0.1,0.1,0.4,0.0,0.0,0.0,0,9,5.0359042860000045,15,14,1100,57,12,,original_uniform_floor_plus_prior_scores,maximum_cardinality_certified_superset_of_eBH_then_maximum_testing_evalue_sum,200,3,3,exact_dyadic_prefix_or_HiGHS_QUBO_MILP,300.0,1
290,de4838dd2316ca28aeb6130370d08414e78c9bee49b32e83292a452d8a1987d4,proven_maximal,maximize_sum_testing_e_values_at_maximum_cardinality,proven_optimal,30299.68920306228,2.9918448909273345,10127.426490238526,9,9,11,6;42;62;63;71;85;96;112;121,6;42;62;63;71;85;96;112;121,6;28;42;62;63;71;85;96;112;121;175,9,9,11,0,0,0,0.3,0.3,0.36666666666666664,0.0,0.0,0.0,0,2,6.458996566994756,22,14,917,43,11,,original_uniform_floor_plus_prior_scores,maximum_cardinality_certified_superset_of_eBH_then_maximum_testing_evalue_sum,200,9,9,exact_dyadic_prefix_or_HiGHS_QUBO_MILP,300.0,1
291,0a84b33269ee066e0b42bc9105e943f6d66ca46a81c0c36cbbe4c7b9bcd5c911,proven_maximal,maximize_sum_testing_e_values_at_maximum_cardinality,proven_optimal,94352.29538328864,1.0540468857562195,89514.32489228994,5,5,5,9;35;61;98;174,9;35;61;98;174,9;35;61;98;174,5,5,5,0,0,0,0.16666666666666666,0.16666666666666666,0.16666666666666666,0.0,0.0,0.0,0,0,2.9655594889991335,18,10,880,62,5,,original_uniform_floor_plus_prior_scores,maximum_cardinality_certified_superset_of_eBH_then_maximum_testing_evalue_sum,200,5,5,exact_dyadic_prefix_or_HiGHS_QUBO_MILP,300.0,1
292,21b6bc961386b3ab618aaf721cd182f68539df0924ec91a993f5c674c00225f1,proven_maximal,maximize_sum_testing_e_values_at_maximum_cardinality,proven_optimal,19710.052614237902,2.596584879058956,7590.759991401145,6,6,6,14;34;35;107;115;125,14;34;35;107;115;125,14;34;35;107;115;125,6,6,6,0,0,0,0.2,0.2,0.2,0.0,0.0,0.0,0,0,1.7706563800020376,12,7,697,53,6,,original_uniform_floor_plus_prior_scores,maximum_cardinality_certified_superset_of_eBH_then_maximum_testing_evalue_sum,200,6,6,exact_dyadic_prefix_or_HiGHS_QUBO_MILP,300.0,1
293,9b874d8cf14e5b24781e63e9895fce6c4772be1ea9b68f4379baaea895873437,proven_maximal,maximize_sum_testing_e_values_at_maximum_cardinality,proven_optimal,79234.74727187163,1.137739933941646,69642.23097748411,3,3,3,61;96;114,61;96;114,61;96;114,3,3,3,0,0,0,0.1,0.1,0.1,0.0,0.0,0.0,0,0,2.0449437979987124,14,7,626,43,3,,original_uniform_floor_plus_prior_scores,maximum_cardinality_certified_superset_of_eBH_then_maximum_testing_evalue_sum,200,3,3,exact_dyadic_prefix_or_HiGHS_QUBO_MILP,300.0,1
294,1d58aca8f853fef7180f02a617af412b10b2aa9000c00c7c9959aaf385225508,proven_maximal,maximize_sum_testing_e_values_at_maximum_cardinality,proven_optimal,208885.93541534882,1.188448332447964,175763.58156444706,10,10,12,19;25;43;57;98;107;114;140;154;199,19;25;43;57;98;107;114;140;154;199,19;25;43;57;85;98;107;114;118;140;154;199,10,10,12,0,0,0,0.3333333333333333,0.3333333333333333,0.4,0.0,0.0,0.0,0,2,2.3348385880017304,13,8,750,53,12,,original_uniform_floor_plus_prior_scores,maximum_cardinality_certified_superset_of_eBH_then_maximum_testing_evalue_sum,200,10,10,exact_dyadic_prefix_or_HiGHS_QUBO_MILP,300.0,1
295,8556e772d34e527220157364578af7d9f4d16ac3575ec84890a8ea2a309c2ff0,proven_maximal,maximize_sum_testing_e_values_at_maximum_cardinality,proven_optimal,17527.627157468294,1.9709074876697614,8893.17599487712,6,6,8,6;32;94;139;172;192,6;32;94;139;172;192,6;17;32;59;94;139;172;192,6,6,8,0,0,0,0.2,0.2,0.26666666666666666,0.0,0.0,0.0,0,2,1.6045292490016436,14,8,542,57,8,,original_uniform_floor_plus_prior_scores,maximum_cardinality_certified_superset_of_eBH_then_maximum_testing_evalue_sum,200,6,6,exact_dyadic_prefix_or_HiGHS_QUBO_MILP,300.0,1
296,57b5272a58a198131dbd7b6b4d3f65a66cf3dc0aa6effbba718258059c529bca,proven_maximal,maximize_sum_testing_e_values_at_maximum_cardinality,proven_optimal,69421.70512248519,1.9141116566803198,36268.367563721215,4,4,5,61;100;181;186,61;100;181;186,61;100;128;181;186,4,4,5,0,0,0,0.13333333333333333,0.13333333333333333,0.16666666666666666,0.0,0.0,0.0,0,1,2.0830919070067466,23,15,1046,55,5,,original_uniform_floor_plus_prior_scores,maximum_cardinality_certified_superset_of_eBH_then_maximum_testing_evalue_sum,200,4,4,exact_dyadic_prefix_or_HiGHS_QUBO_MILP,300.0,1
297,3ea8029973cc1a4fd129b01942e0ef1cdb0933764f0b16b2a3a70d17e3a25b45,proven_maximal,maximize_sum_testing_e_values_at_maximum_cardinality,proven_optimal,292070.2066705091,1.5155627573109398,192714.0299941975,5,5,8,15;19;82;125;194,15;19;82;125;194,15;19;36;82;86;123;125;194,5,5,8,0,0,0,0.16666666666666666,0.16666666666666666,0.26666666666666666,0.0,0.0,0.0,0,3,3.6210965950012906,20,16,1485,53,8,,original_uniform_floor_plus_prior_scores,maximum_cardinality_certified_superset_of_eBH_then_maximum_testing_evalue_sum,200,5,5,exact_dyadic_prefix_or_HiGHS_QUBO_MILP,300.0,1
298,9ef5c22b6ab58cc42ebc8c8adb63cd3062c34c6aaddbc3787354b0513ec39548,proven_maximal,maximize_sum_testing_e_values_at_maximum_cardinality,proven_optimal,92469.15244681895,1.6792361264454312,55066.20003617689,7,7,8,13;27;94;137;143;158;193,13;27;94;137;143;158;193,13;27;94;113;137;143;158;193,7,7,8,0,0,0,0.23333333333333334,0.23333333333333334,0.26666666666666666,0.0,0.0,0.0,0,1,1.4533343150033033,14,7,672,56,8,,original_uniform_floor_plus_prior_scores,maximum_cardinality_certified_superset_of_eBH_then_maximum_testing_evalue_sum,200,7,7,exact_dyadic_prefix_or_HiGHS_QUBO_MILP,300.0,1
299,d5523d33212dc7bc9d98062b26eafb8c875c2eb326e739dc1322c2b754d002e9,proven_maximal,maximize_sum_testing_e_values_at_maximum_cardinality,proven_optimal,28837.49294851304,2.7722167641218194,10402.32254624871,7,7,11,25;30;86;92;95;137;165,25;30;86;92;95;137;165,4;25;30;44;83;86;87;92;95;137;165,7,7,11,0,0,0,0.23333333333333334,0.23333333333333334,0.36666666666666664,0.0,0.0,0.0,0,4,1.5211960340020596,12,8,644,56,11,,original_uniform_floor_plus_prior_scores,maximum_cardinality_certified_superset_of_eBH_then_maximum_testing_evalue_sum,200,7,7,exact_dyadic_prefix_or_HiGHS_QUBO_MILP,300.0,1
300,055817e37b97c02b4ab7cc0ee192b6b5ef203027e030adfea5a399e36020fe55,proven_maximal,maximize_sum_testing_e_values_at_maximum_cardinality,proven_optimal,26545.696306816335,1.972319247994508,13459.127539219884,7,7,12,57;78;110;112;135;139;179,57;78;110;112;135;139;179,9;57;78;110;112;113;120;135;139;152;179;184,7,7,12,0,0,0,0.23333333333333334,0.23333333333333334,0.4,0.0,0.0,0.0,0,5,2.0067816480004694,12,7,585,52,12,,original_uniform_floor_plus_prior_scores,maximum_cardinality_certified_superset_of_eBH_then_maximum_testing_evalue_sum,200,7,7,exact_dyadic_prefix_or_HiGHS_QUBO_MILP,300.0,1
301,173eeb9d534c7d78014c40bd076046beec45c556c3172933c5c9bf6503f530a1,proven_maximal,maximize_sum_testing_e_values_at_maximum_cardinality,proven_optimal,89870.20780953292,1.0779665042273432,83370.13020079823,2,2,9,96;175,96;175,26;76;96;105;135;159;175;180;195,2,2,9,0,0,0,0.06666666666666667,0.06666666666666667,0.3,0.0,0.0,0.0,0,7,1.4454742919988348,13,10,613,47,9,,original_uniform_floor_plus_prior_scores,maximum_cardinality_certified_superset_of_eBH_then_maximum_testing_evalue_sum,200,2,2,exact_dyadic_prefix_or_HiGHS_QUBO_MILP,300.0,1
302,682dfc281cbdf27a1623f7b31310af718bfc5de3d2f00695040a0d89d99bbd81,proven_maximal,maximize_sum_testing_e_values_at_maximum_cardinality,proven_optimal,186424.09502051544,1.9612264259863372,95054.8557527004,8,8,12,5;33;51;69;91;98;104;125,5;33;51;69;91;98;104;125,5;33;51;69;88;90;91;98;104;125;128;152,8,8,12,0,0,0,0.26666666666666666,0.26666666666666666,0.4,0.0,0.0,0.0,0,4,2.547957378999854,14,9,812,58,12,,original_uniform_floor_plus_prior_scores,maximum_cardinality_certified_superset_of_eBH_then_maximum_testing_evalue_sum,200,8,8,exact_dyadic_prefix_or_HiGHS_QUBO_MILP,300.0,1
303,488c8a72ae4febf2f9750cc28d721c545370d3b3c21f5d0f7ea24c94da799ba6,proven_maximal,maximize_sum_testing_e_values_at_maximum_cardinality,proven_optimal,27780.016852349185,1.4662043804189806,18946.892550144206,8,8,8,24;79;101;136;140;147;167;181,24;79;101;136;140;147;167;181,24;79;101;136;140;147;167;181,8,8,8,0,0,0,0.26666666666666666,0.26666666666666666,0.26666666666666666,0.0,0.0,0.0,0,0,2.8674755059983,19,12,1141,57,8,,original_uniform_floor_plus_prior_scores,maximum_cardinality_certified_superset_of_eBH_then_maximum_testing_evalue_sum,200,8,8,exact_dyadic_prefix_or_HiGHS_QUBO_MILP,300.0,1
304,de4c4af293dc8acfea2f3358e1092d3f23320c853d186f22c33dad12d2f77693,proven_maximal,maximize_sum_testing_e_values_at_maximum_cardinality,proven_optimal,34451.63755100166,2.877050493149706,11974.63778721696,11,11,14,42;45;83;95;114;143;146;156;158;180;194,42;45;83;95;114;143;146;156;158;180;194,23;42;45;72;83;95;111;114;143;146;156;158;180;194,11,11,14,0,0,0,0.36666666666666664,0.36666666666666664,0.4666666666666667,0.0,0.0,0.0,0,3,9.002479770999344,13,9,695,47,14,,original_uniform_floor_plus_prior_scores,maximum_cardinality_certified_superset_of_eBH_then_maximum_testing_evalue_sum,200,11,11,exact_dyadic_prefix_or_HiGHS_QUBO_MILP,300.0,1
305,9063de045ed8063c70b4fa5fcd3dae4c4d979c77658a5f62bbb99003e9236e6c,proven_maximal,maximize_sum_testing_e_values_at_maximum_cardinality,proven_optimal,7578.47547046623,1.0,7578.47547046623,1,1,1,41,41,41,1,1,1,0,0,0,0.03333333333333333,0.03333333333333333,0.03333333333333333,0.0,0.0,0.0,0,0,2.4072148429986555,21,13,870,46,1,,original_uniform_floor_plus_prior_scores,maximum_cardinality_certified_superset_of_eBH_then_maximum_testing_evalue_sum,200,1,1,exact_dyadic_prefix_or_HiGHS_QUBO_MILP,300.0,1
306,9b09accd8a264f3947819d9a61be03ea2a33a70faaa85294b08abadae1fce3f9,proven_maximal,maximize_sum_testing_e_values_at_maximum_cardinality,proven_optimal,8498.896634739649,1.2154398712160475,6992.445151759342,1,1,3,21,21,21;32;76,1,1,3,0,0,0,0.03333333333333333,0.03333333333333333,0.1,0.0,0.0,0.0,0,2,1.451472583998111,11,8,681,50,3,,original_uniform_floor_plus_prior_scores,maximum_cardinality_certified_superset_of_eBH_then_maximum_testing_evalue_sum,200,1,1,exact_dyadic_prefix_or_HiGHS_QUBO_MILP,300.0,1
307,d4842926335f41fcf4e2743965ef33189143eadaa44c63b2ae50506e63bea7fa,proven_maximal,maximize_sum_testing_e_values_at_maximum_cardinality,proven_optimal,17980.872431001415,2.3453469105442966,7666.615267090063,11,11,14,56;66;69;91;94;99;100;117;152;171;196,56;66;69;91;94;99;100;117;152;171;196,56;66;69;70;91;94;99;100;106;117;125;152;171;196,10,10,13,1,1,1,0.3333333333333333,0.3333333333333333,0.43333333333333335,0.09090909090909091,0.09090909090909091,0.07142857142857142,0,3,3.5772538960009115,11,7,617,46,14,,original_uniform_floor_plus_prior_scores,maximum_cardinality_certified_superset_of_eBH_then_maximum_testing_evalue_sum,200,11,11,exact_dyadic_prefix_or_HiGHS_QUBO_MILP,300.0,1
308,10b5f11246d87d8f259905e14820890f3f5d97194f2df4ab6e6f3ee389f7ddb4,proven_maximal,maximize_sum_testing_e_values_at_maximum_cardinality,proven_optimal,303663.8334600032,1.0725805867861706,283115.1684088251,9,9,11,11;26;58;89;90;100;153;173;199,11;26;58;89;90;100;153;173;199,11;26;36;56;58;89;90;100;153;173;199,9,9,11,0,0,0,0.3,0.3,0.36666666666666664,0.0,0.0,0.0,0,2,1.850802382999973,15,9,655,61,11,,original_uniform_floor_plus_prior_scores,maximum_cardinality_certified_superset_of_eBH_then_maximum_testing_evalue_sum,200,9,9,exact_dyadic_prefix_or_HiGHS_QUBO_MILP,300.0,1
309,eb1c761640918d4f494e736104c812d09024cc1bff6aa7dfad05f3e81ddfa624,proven_maximal,maximize_sum_testing_e_values_at_maximum_cardinality,proven_optimal,61677.612373198564,1.5568436128514611,39617.08925935854,7,7,7,1;49;75;87;101;115;172,1;49;75;87;101;115;172,1;49;75;87;101;115;172,7,7,7,0,0,0,0.23333333333333334,0.23333333333333334,0.23333333333333334,0.0,0.0,0.0,0,0,1.4091192580017378,17,9,820,53,7,,original_uniform_floor_plus_prior_scores,maximum_cardinality_certified_superset_of_eBH_then_maximum_testing_evalue_sum,200,7,7,exact_dyadic_prefix_or_HiGHS_QUBO_MILP,300.0,1
310,8196d00aafdcdbaf974f4b57c88e5544c1439d115e59689d38e55ff3e547d4c5,proven_maximal,maximize_sum_testing_e_values_at_maximum_cardinality,proven_optimal,53942.77660646351,1.2214588579084718,44162.58170073022,7,7,7,24;51;112;114;115;117;180,24;51;112;114;115;117;180,24;51;112;114;115;117;180,7,7,7,0,0,0,0.23333333333333334,0.23333333333333334,0.23333333333333334,0.0,0.0,0.0,0,0,1.118254043001798,13,7,604,56,7,,original_uniform_floor_plus_prior_scores,maximum_cardinality_certified_superset_of_eBH_then_maximum_testing_evalue_sum,200,7,7,exact_dyadic_prefix_or_HiGHS_QUBO_MILP,300.0,1
311,d0ea6286a1a634a094a328157ad508831c2befeb2c3b263611affe04dc339627,proven_maximal,maximize_sum_testing_e_values_at_maximum_cardinality,proven_optimal,16864.481063149517,2.412046862772356,6991.771728583182,8,8,9,2;8;63;106;113;150;171;174,2;8;63;106;113;150;171;174,2;8;55;63;106;113;150;171;174,8,8,9,0,0,0,0.26666666666666666,0.26666666666666666,0.3,0.0,0.0,0.0,0,1,1.874409320000268,16,7,644,47,9,,original_uniform_floor_plus_prior_scores,maximum_cardinality_certified_superset_of_eBH_then_maximum_testing_evalue_sum,200,8,8,exact_dyadic_prefix_or_HiGHS_QUBO_MILP,300.0,1
312,77fe2e7aa9e959b9ca487c52d5a80fdf2560bff19c9e3efa21eefda2640b1528,proven_maximal,maximize_sum_testing_e_values_at_maximum_cardinality,proven_optimal,125662.68923960616,2.916140516140482,43092.12417717134,11,11,11,25;39;72;81;101;107;114;128;146;159;161,25;39;72;81;101;107;114;128;146;159;161,25;39;72;81;101;107;114;128;146;159;161,11,11,11,0,0,0,0.36666666666666664,0.36666666666666664,0.36666666666666664,0.0,0.0,0.0,0,0,1.3985430719985743,14,10,974,67,11,,original_uniform_floor_plus_prior_scores,maximum_cardinality_certified_superset_of_eBH_then_maximum_testing_evalue_sum,200,11,11,exact_dyadic_prefix_or_HiGHS_QUBO_MILP,300.0,1
313,55a9312b71f6fb58bcdb36452df6b6308be8ef1ba73d88a4118a43b8e1ea2086,proven_maximal,maximize_sum_testing_e_values_at_maximum_cardinality,proven_optimal,59764.05414923693,1.8949945388537972,31537.85033353484,8,8,9,38;52;66;118;130;143;151;174,38;52;66;118;130;143;151;174,38;52;66;118;127;130;143;151;174,8,8,9,0,0,0,0.26666666666666666,0.26666666666666666,0.3,0.0,0.0,0.0,0,1,2.223375533001672,18,12,1023,55,9,,original_uniform_floor_plus_prior_scores,maximum_cardinality_certified_superset_of_eBH_then_maximum_testing_evalue_sum,200,8,8,exact_dyadic_prefix_or_HiGHS_QUBO_MILP,300.0,1
314,7ca8620db0a1a8f0fa686e1bd51bfee17095b0fa27b1e188ba1a233728c0f258,proven_maximal,maximize_sum_testing_e_values_at_maximum_cardinality,proven_optimal,35560.29541878973,3.219192129712479,11046.34143783328,10,10,13,9;40;73;101;103;150;157;173;185;193,9;40;73;101;103;150;157;173;185;193,8;9;40;73;98;101;103;150;154;157;173;185;193,10,10,13,0,0,0,0.3333333333333333,0.3333333333333333,0.43333333333333335,0.0,0.0,0.0,0,3,4.285634556996229,20,13,1015,57,13,,original_uniform_floor_plus_prior_scores,maximum_cardinality_certified_superset_of_eBH_then_maximum_testing_evalue_sum,200,10,10,exact_dyadic_prefix_or_HiGHS_QUBO_MILP,300.0,1
315,f8f817f97cae949f46d5f963bc516e550d41994e5173c59c5a6fc55b5aea6873,proven_maximal,maximize_sum_testing_e_values_at_maximum_cardinality,proven_optimal,32685.78565135008,3.0557602602000853,10696.449612578534,16,16,17,18;27;37;59;66;93;102;108;111;117;129;140;151;154;189;195,18;27;37;59;66;93;102;108;111;117;129;140;151;154;189;195,18;27;37;59;66;93;102;108;111;117;129;140;151;154;189;195;198,16,16,17,0,0,0,0.5333333333333333,0.5333333333333333,0.5666666666666667,0.0,0.0,0.0,0,1,1.628098471002886,11,7,602,45,17,,original_uniform_floor_plus_prior_scores,maximum_cardinality_certified_superset_of_eBH_then_maximum_testing_evalue_sum,200,16,16,exact_dyadic_prefix_or_HiGHS_QUBO_MILP,300.0,1
316,8af4dc5f16c0a6bcd9262b78aeaff3469cfd8a70a3757c5ce29e47e35b4cbe64,proven_maximal,maximize_sum_testing_e_values_at_maximum_cardinality,proven_optimal,82888.55546258608,2.4540504948031727,33776.2224689815,10,10,11,1;14;64;94;116;122;144;154;159;166,1;14;64;94;116;122;144;154;159;166,1;14;42;64;94;116;122;144;154;159;166,10,10,11,0,0,0,0.3333333333333333,0.3333333333333333,0.36666666666666664,0.0,0.0,0.0,0,1,2.739462950004963,13,9,553,52,11,,original_uniform_floor_plus_prior_scores,maximum_cardinality_certified_superset_of_eBH_then_maximum_testing_evalue_sum,200,10,10,exact_dyadic_prefix_or_HiGHS_QUBO_MILP,300.0,1
317,39a058af6d2fd49223a271f1b46c4c1d816dfe7701809b2b1d8862c27da514b5,proven_maximal,maximize_sum_testing_e_values_at_maximum_cardinality,proven_optimal,26554.762598821417,2.513773991551894,10563.703295548725,6,6,6,25;62;70;153;167;196,25;62;70;153;167;196,25;62;70;153;167;196,6,6,6,0,0,0,0.2,0.2,0.2,0.0,0.0,0.0,0,0,2.2295694389977143,21,11,778,55,6,,original_uniform_floor_plus_prior_scores,maximum_cardinality_certified_superset_of_eBH_then_maximum_testing_evalue_sum,200,6,6,exact_dyadic_prefix_or_HiGHS_QUBO_MILP,300.0,1
318,39a2179646ffaa89e69da8773645b6e834b50d0ceea6eb72003f58d347bb18c7,proven_maximal,maximize_sum_testing_e_values_at_maximum_cardinality,proven_optimal,100510.79583101826,2.0820744643692746,48274.35211903726,8,8,11,75;85;92;129;144;152;189;195,75;85;92;129;144;152;189;195,11;75;85;92;129;143;144;152;189;195;199,8,8,11,0,0,0,0.26666666666666666,0.26666666666666666,0.36666666666666664,0.0,0.0,0.0,0,3,1.354834400000982,9,7,597,46,11,,original_uniform_floor_plus_prior_scores,maximum_cardinality_certified_superset_of_eBH_then_maximum_testing_evalue_sum,200,8,8,exact_dyadic_prefix_or_HiGHS_QUBO_MILP,300.0,1
319,7dde317ac7f7f77abe1ef09836aad8f98b12f01975e1c22ec0481f596e589dca,proven_maximal,maximize_sum_testing_e_values_at_maximum_cardinality,proven_optimal,97760.4913825272,1.2727515503962372,76810.34947637036,4,4,9,12;24;46;111,12;24;46;111,12;24;46;57;78;101;111;128;156,4,4,9,0,0,0,0.13333333333333333,0.13333333333333333,0.3,0.0,0.0,0.0,0,5,1.922477642998274,13,10,705,55,9,,original_uniform_floor_plus_prior_scores,maximum_cardinality_certified_superset_of_eBH_then_maximum_testing_evalue_sum,200,4,4,exact_dyadic_prefix_or_HiGHS_QUBO_MILP,300.0,1
320,2e009587f064870356dcfe5e690d2d5f151ef0fdfcb82861fa58f64237922646,proven_maximal,maximize_sum_testing_e_values_at_maximum_cardinality,proven_optimal,10813.502123237038,3.7873533749072217,2855.1605970757705,5,5,9,22;42;124;125;189,22;42;124;125;189,22;25;27;42;45;124;125;185;189,5,5,9,0,0,0,0.16666666666666666,0.16666666666666666,0.3,0.0,0.0,0.0,0,4,1.7093721069977619,16,10,692,61,9,,original_uniform_floor_plus_prior_scores,maximum_cardinality_certified_superset_of_eBH_then_maximum_testing_evalue_sum,200,5,5,exact_dyadic_prefix_or_HiGHS_QUBO_MILP,300.0,1
321,8c5b473a5bac2b575d627c08c2c99fcf263be3f484627e2706ffe2640f82d8c6,proven_maximal,maximize_sum_testing_e_values_at_maximum_cardinality,proven_optimal,35847.49868317532,1.4425159174704532,24850.67807503731,7,7,15,17;56;83;99;179;190;191,17;56;83;99;179;190;191,17;34;56;64;78;83;99;104;105;106;140;160;179;190;191,7,7,15,0,0,0,0.23333333333333334,0.23333333333333334,0.5,0.0,0.0,0.0,0,8,13.606075443996815,11,10,829,49,15,,original_uniform_floor_plus_prior_scores,maximum_cardinality_certified_superset_of_eBH_then_maximum_testing_evalue_sum,200,7,7,exact_dyadic_prefix_or_HiGHS_QUBO_MILP,300.0,1
322,279f6b8c49f5bc56ae704e1a4ae0cba936dfc727ec371553e8e2bf1bb8c19eb9,proven_maximal,maximize_sum_testing_e_values_at_maximum_cardinality,proven_optimal,13446.596129857813,2.8819249848590505,4665.838354746579,5,5,9,24;55;60;98;104,24;55;60;98;104,24;55;60;98;104;115;126;152;184,5,5,9,0,0,0,0.16666666666666666,0.16666666666666666,0.3,0.0,0.0,0.0,0,4,1.5581398470021668,13,12,958,55,9,,original_uniform_floor_plus_prior_scores,maximum_cardinality_certified_superset_of_eBH_then_maximum_testing_evalue_sum,200,5,5,exact_dyadic_prefix_or_HiGHS_QUBO_MILP,300.0,1
323,7ea4db060c9c3d1101dad0feae48030b07fa47aa0d110ddc543f2fcf0eb15768,proven_maximal,maximize_sum_testing_e_values_at_maximum_cardinality,proven_optimal,66170.85013498171,2.225760535520818,29729.54595921884,9,9,11,57;73;84;120;143;174;176;182;192,57;73;84;120;143;174;176;182;192,57;73;84;120;143;165;174;176;182;192;193,9,9,11,0,0,0,0.3,0.3,0.36666666666666664,0.0,0.0,0.0,0,2,1.8787370729987742,14,12,977,52,11,,original_uniform_floor_plus_prior_scores,maximum_cardinality_certified_superset_of_eBH_then_maximum_testing_evalue_sum,200,9,9,exact_dyadic_prefix_or_HiGHS_QUBO_MILP,300.0,1
324,958eff4184e473c9cdab1147d4baff1d826474928583f48119797a2fd688b4a9,proven_maximal,maximize_sum_testing_e_values_at_maximum_cardinality,proven_optimal,48272.1115220982,1.6889089124766365,28581.83242772483,9,9,9,45;85;91;127;130;148;191;192;199,45;85;91;127;130;148;191;192;199,45;85;91;127;130;148;191;192;199,9,9,9,0,0,0,0.3,0.3,0.3,0.0,0.0,0.0,0,0,1.4090397610052605,16,7,623,57,9,,original_uniform_floor_plus_prior_scores,maximum_cardinality_certified_superset_of_eBH_then_maximum_testing_evalue_sum,200,9,9,exact_dyadic_prefix_or_HiGHS_QUBO_MILP,300.0,1
325,2cd236322152f3adb8b70d16f8f22fa9af05fd98e0e59d66cb170faac6fed9c7,proven_maximal,maximize_sum_testing_e_values_at_maximum_cardinality,proven_optimal,33713.12729341756,2.3013897019136627,14649.03022090707,9,9,9,45;98;101;107;113;130;148;179;191,45;98;101;107;113;130;148;179;191,45;98;101;107;113;130;148;179;191,9,9,9,0,0,0,0.3,0.3,0.3,0.0,0.0,0.0,0,0,2.2866085460045724,23,13,1068,59,9,,original_uniform_floor_plus_prior_scores,maximum_cardinality_certified_superset_of_eBH_then_maximum_testing_evalue_sum,200,9,9,exact_dyadic_prefix_or_HiGHS_QUBO_MILP,300.0,1
326,6e696a0f2b5f65f434955c0562cec5e6b671226ff4101aba634476e9480d76b7,proven_maximal,maximize_sum_testing_e_values_at_maximum_cardinality,proven_optimal,81594.7871191828,1.7198748828825223,47442.28079104764,13,13,16,15;20;32;87;123;126;135;147;152;175;185;195;197,15;20;32;87;123;126;135;147;152;175;185;195;197,15;20;32;87;92;123;126;135;147;152;163;175;183;185;195;197,13,13,16,0,0,0,0.43333333333333335,0.43333333333333335,0.5333333333333333,0.0,0.0,0.0,0,3,9.88286567999603,13,6,528,62,16,,original_uniform_floor_plus_prior_scores,maximum_cardinality_certified_superset_of_eBH_then_maximum_testing_evalue_sum,200,13,13,exact_dyadic_prefix_or_HiGHS_QUBO_MILP,300.0,1
327,f2306c4113048cca2c2673c923a992fc996be45bc8c866b708a27f8c7122b291,proven_maximal,maximize_sum_testing_e_values_at_maximum_cardinality,proven_optimal,294491.87285614363,1.1762307297197294,250369.13712185936,3,3,5,138;145;177,138;145;177,30;111;138;145;177,3,3,5,0,0,0,0.1,0.1,0.16666666666666666,0.0,0.0,0.0,0,2,0.9425192920025438,11,9,657,54,5,,original_uniform_floor_plus_prior_scores,maximum_cardinality_certified_superset_of_eBH_then_maximum_testing_evalue_sum,200,3,3,exact_dyadic_prefix_or_HiGHS_QUBO_MILP,300.0,1
328,a37dc589ba33ccffd520a3b0736a505c0a8616c2168f7cfb2645f5b257b6fdad,proven_maximal,maximize_sum_testing_e_values_at_maximum_cardinality,proven_optimal,49486.449556524094,1.2134496550735643,40781.6256320284,2,2,11,78;133,78;133,53;58;78;95;121;133;139;152;153;162;178,2,2,11,0,0,0,0.06666666666666667,0.06666666666666667,0.36666666666666664,0.0,0.0,0.0,0,9,1.89590498200414,11,10,748,42,11,,original_uniform_floor_plus_prior_scores,maximum_cardinality_certified_superset_of_eBH_then_maximum_testing_evalue_sum,200,2,2,exact_dyadic_prefix_or_HiGHS_QUBO_MILP,300.0,1
329,86c4ee2d6a8b7a4bc3905bd3a8cc8efb4b0efad1f08cf5f47e919b2212da4baf,proven_maximal,maximize_sum_testing_e_values_at_maximum_cardinality,proven_optimal,58562.577869581284,1.2101261759777768,48393.77829527815,8,8,10,31;39;68;79;85;86;109;110,31;39;68;79;85;86;109;110,31;39;68;79;85;86;109;110;158;168,8,8,10,0,0,0,0.26666666666666666,0.26666666666666666,0.3333333333333333,0.0,0.0,0.0,0,2,1.5272650249971775,16,8,715,55,10,,original_uniform_floor_plus_prior_scores,maximum_cardinality_certified_superset_of_eBH_then_maximum_testing_evalue_sum,200,8,8,exact_dyadic_prefix_or_HiGHS_QUBO_MILP,300.0,1
330,9a787ef81ab79f799e6c3658b767bfb68ac1c5d1a69f2ffb973c8bc954226bc3,proven_maximal,maximize_sum_testing_e_values_at_maximum_cardinality,proven_optimal,76082.89530673424,1.247973938126769,60965.13154828859,6,6,8,21;29;36;55;94;115,21;29;36;55;94;115,21;29;36;55;94;115;129;185,6,6,8,0,0,0,0.2,0.2,0.26666666666666666,0.0,0.0,0.0,0,2,1.9768614019994857,18,10,666,51,8,,original_uniform_floor_plus_prior_scores,maximum_cardinality_certified_superset_of_eBH_then_maximum_testing_evalue_sum,200,6,6,exact_dyadic_prefix_or_HiGHS_QUBO_MILP,300.0,1
331,3a12000aa8cc8da745c87b1534c5f91c19f3bc983c9d7504a6f85d2fce377eb8,proven_maximal,maximize_sum_testing_e_values_at_maximum_cardinality,proven_optimal,10297.1243003212,2.1726857477802133,4739.352808311811,4,4,5,12;33;97;101,12;33;97;101,12;33;97;101;170,4,4,5,0,0,0,0.13333333333333333,0.13333333333333333,0.16666666666666666,0.0,0.0,0.0,0,1,2.405108333005046,22,17,1382,68,5,,original_uniform_floor_plus_prior_scores,maximum_cardinality_certified_superset_of_eBH_then_maximum_testing_evalue_sum,200,4,4,exact_dyadic_prefix_or_HiGHS_QUBO_MILP,300.0,1
332,cfb85bb8da2d3d5d93624ae21e45eac402dd1ffb8241c79c6a036575173927df,proven_maximal,maximize_sum_testing_e_values_at_maximum_cardinality,proven_optimal,433713.42119261,1.0141388996574345,427666.6848487064,4,4,8,17;75;106;180,17;75;106;180,17;41;75;106;118;121;180;191,4,4,8,0,0,0,0.13333333333333333,0.13333333333333333,0.26666666666666666,0.0,0.0,0.0,0,4,0.9841826650008443,10,9,708,47,8,,original_uniform_floor_plus_prior_scores,maximum_cardinality_certified_superset_of_eBH_then_maximum_testing_evalue_sum,200,4,4,exact_dyadic_prefix_or_HiGHS_QUBO_MILP,300.0,1
333,23a5ebc40464df3102aabcc8c03e32debde3c4a0ed16924e0748e565da78e533,proven_maximal,maximize_sum_testing_e_values_at_maximum_cardinality,proven_optimal,76228.67172173999,2.257891118617915,33761.00428102156,12,12,16,2;3;13;25;31;66;72;83;90;95;191;193,2;3;13;25;31;66;72;83;90;95;191;193,2;3;5;7;13;25;31;66;72;83;90;95;104;138;191;193,12,12,16,0,0,0,0.4,0.4,0.5333333333333333,0.0,0.0,0.0,0,4,10.664710660006676,18,12,871,53,16,,original_uniform_floor_plus_prior_scores,maximum_cardinality_certified_superset_of_eBH_then_maximum_testing_evalue_sum,200,12,12,exact_dyadic_prefix_or_HiGHS_QUBO_MILP,300.0,1
334,860c7455458f908e64fb6ab5fe4cb6f8dce95733311a7adde4b0e165f24ea485,proven_maximal,maximize_sum_testing_e_values_at_maximum_cardinality,proven_optimal,34486.333006573695,2.4746130393930654,13936.050791614662,9,9,13,7;25;30;46;62;119;130;161;186,7;25;30;46;62;119;130;161;186,7;22;25;30;46;62;82;91;119;130;155;161;186,8,8,12,1,1,1,0.26666666666666666,0.26666666666666666,0.4,0.1111111111111111,0.1111111111111111,0.07692307692307693,0,4,4.372957749998022,12,9,638,56,13,,original_uniform_floor_plus_prior_scores,maximum_cardinality_certified_superset_of_eBH_then_maximum_testing_evalue_sum,200,9,9,exact_dyadic_prefix_or_HiGHS_QUBO_MILP,300.0,1
335,a3be99a942af4ddfa8cd4e1ab6071672b05a2781c79b04ac0ddc86557027b052,proven_maximal,maximize_sum_testing_e_values_at_maximum_cardinality,proven_optimal,79605.50742449,1.799261754734061,44243.42773642518,11,11,13,6;8;19;26;47;49;93;113;141;159;181,6;8;19;26;47;49;93;113;141;159;181,6;8;19;26;47;49;93;113;140;141;148;159;181,11,11,13,0,0,0,0.36666666666666664,0.36666666666666664,0.43333333333333335,0.0,0.0,0.0,0,2,1.9051835619975463,11,8,690,58,13,,original_uniform_floor_plus_prior_scores,maximum_cardinality_certified_superset_of_eBH_then_maximum_testing_evalue_sum,200,11,11,exact_dyadic_prefix_or_HiGHS_QUBO_MILP,300.0,1
336,5b95bd4c26367cfa708f177c68550fb7fd64332c959b4faab33f29d5022b8558,proven_maximal,maximize_sum_testing_e_values_at_maximum_cardinality,proven_optimal,213775.69757323776,1.1282886653246242,189468.9755761497,8,8,8,8;17;81;120;121;169;171;194,8;17;81;120;121;169;171;194,8;17;81;120;121;169;171;194,8,8,8,0,0,0,0.26666666666666666,0.26666666666666666,0.26666666666666666,0.0,0.0,0.0,0,0,1.355005750003329,15,7,704,45,8,,original_uniform_floor_plus_prior_scores,maximum_cardinality_certified_superset_of_eBH_then_maximum_testing_evalue_sum,200,8,8,exact_dyadic_prefix_or_HiGHS_QUBO_MILP,300.0,1
337,35c2a5ce5cb070d70593835eb85fc860ecb16af449249fd7f944e5a07342c60d,proven_maximal,maximize_sum_testing_e_values_at_maximum_cardinality,proven_optimal,85939.85422301276,1.2901358008640018,66613.02954732283,12,12,14,5;7;30;33;91;96;100;111;144;145;148;181,5;7;30;33;91;96;100;111;144;145;148;181,5;7;30;32;33;81;91;96;100;111;144;145;148;181,12,12,14,0,0,0,0.4,0.4,0.4666666666666667,0.0,0.0,0.0,0,2,3.521482087999175,13,7,563,50,14,,original_uniform_floor_plus_prior_scores,maximum_cardinality_certified_superset_of_eBH_then_maximum_testing_evalue_sum,200,12,12,exact_dyadic_prefix_or_HiGHS_QUBO_MILP,300.0,1
338,18fc83b4edb1aa10b0db62a64bbba34886f8d873e362c638ea10ee9deab5c902,proven_maximal,maximize_sum_testing_e_values_at_maximum_cardinality,proven_optimal,125676.59680057853,1.6814163017637938,74744.48574617997,8,8,9,78;99;109;117;137;150;166;187,78;99;109;117;137;150;166;187,74;78;99;109;117;137;150;166;187,8,8,9,0,0,0,0.26666666666666666,0.26666666666666666,0.3,0.0,0.0,0.0,0,1,2.8724095729994588,24,15,1306,47,9,,original_uniform_floor_plus_prior_scores,maximum_cardinality_certified_superset_of_eBH_then_maximum_testing_evalue_sum,200,8,8,exact_dyadic_prefix_or_HiGHS_QUBO_MILP,300.0,1
339,38ee7e9658d1a5bf328c140ee92feb93d6123398a2cb213b74d1ca3eb9adf507,proven_maximal,maximize_sum_testing_e_values_at_maximum_cardinality,proven_optimal,39803.03623672675,2.5778857532721418,15440.186279087146,8,8,11,42;50;60;76;133;138;146;155,42;50;60;76;133;138;146;155,42;50;60;76;133;138;146;148;154;155;162,8,8,11,0,0,0,0.26666666666666666,0.26666666666666666,0.36666666666666664,0.0,0.0,0.0,0,3,1.882389847000013,15,12,893,47,11,,original_uniform_floor_plus_prior_scores,maximum_cardinality_certified_superset_of_eBH_then_maximum_testing_evalue_sum,200,8,8,exact_dyadic_prefix_or_HiGHS_QUBO_MILP,300.0,1
340,72db510cc07bdc91013171034152ffe93741a9aeab5449634542e8dabab11ec1,proven_maximal,maximize_sum_testing_e_values_at_maximum_cardinality,proven_optimal,46516.465342624906,3.9551174839445684,11761.08308576273,10,10,11,7;20;32;34;35;111;141;147;161;182,7;20;32;34;35;111;141;147;161;182,7;20;32;34;35;111;141;147;161;164;182,10,10,11,0,0,0,0.3333333333333333,0.3333333333333333,0.36666666666666664,0.0,0.0,0.0,0,1,3.4363783670050907,19,16,1247,58,11,,original_uniform_floor_plus_prior_scores,maximum_cardinality_certified_superset_of_eBH_then_maximum_testing_evalue_sum,200,10,10,exact_dyadic_prefix_or_HiGHS_QUBO_MILP,300.0,1
341,8ae5c73d53060cb59174d613f9a0d61734d045ac60262c82d0fff63549db80a7,proven_maximal,maximize_sum_testing_e_values_at_maximum_cardinality,proven_optimal,459911.56816462486,1.0174792287696863,452010.7685350392,7,7,7,4;23;100;115;184;186;198,4;23;100;115;184;186;198,4;23;100;115;184;186;198,7,7,7,0,0,0,0.23333333333333334,0.23333333333333334,0.23333333333333334,0.0,0.0,0.0,0,0,2.0801080909950542,18,11,1012,57,7,,original_uniform_floor_plus_prior_scores,maximum_cardinality_certified_superset_of_eBH_then_maximum_testing_evalue_sum,200,7,7,exact_dyadic_prefix_or_HiGHS_QUBO_MILP,300.0,1
342,2f6bd18c05fc9a325b703fc8d1f64aefd63d616f26e8718a03d259b4663308fb,proven_maximal,maximize_sum_testing_e_values_at_maximum_cardinality,proven_optimal,31286.18111625551,1.2645981743378711,24740.01762072493,2,2,10,35;53,35;53,20;30;32;35;41;53;73;81;169;172,2,2,10,0,0,0,0.06666666666666667,0.06666666666666667,0.3333333333333333,0.0,0.0,0.0,0,8,3.6064359809970483,21,18,1178,59,10,,original_uniform_floor_plus_prior_scores,maximum_cardinality_certified_superset_of_eBH_then_maximum_testing_evalue_sum,200,2,2,exact_dyadic_prefix_or_HiGHS_QUBO_MILP,300.0,1
343,6e55bc17d27317102f048386b47c48ac918512b95c38a62a33dacd5ebf9be2a4,proven_maximal,maximize_sum_testing_e_values_at_maximum_cardinality,proven_optimal,19038.3765951593,3.204789425415605,5940.601414924588,8,8,9,21;32;67;71;76;119;195;198,21;32;67;71;76;119;195;198,21;32;67;71;76;119;130;195;198,7,7,8,1,1,1,0.23333333333333334,0.23333333333333334,0.26666666666666666,0.125,0.125,0.1111111111111111,0,1,2.0190842900046846,12,6,485,61,9,,original_uniform_floor_plus_prior_scores,maximum_cardinality_certified_superset_of_eBH_then_maximum_testing_evalue_sum,200,8,8,exact_dyadic_prefix_or_HiGHS_QUBO_MILP,300.0,1
344,2e6c3fc30f914703323d80f39e4d88609fafab28234abaf073acaac570f5bed7,proven_maximal,maximize_sum_testing_e_values_at_maximum_cardinality,proven_optimal,41212.54924449706,1.2440390496547342,33128.01897652251,5,5,9,13;31;66;88;190,13;31;66;88;190,0;13;31;61;66;85;88;167;190,5,5,9,0,0,0,0.16666666666666666,0.16666666666666666,0.3,0.0,0.0,0.0,0,4,2.696432819997426,16,10,790,51,9,,original_uniform_floor_plus_prior_scores,maximum_cardinality_certified_superset_of_eBH_then_maximum_testing_evalue_sum,200,5,5,exact_dyadic_prefix_or_HiGHS_QUBO_MILP,300.0,1
345,44fc61e364ac2c00d09672dbaf3373b50df8f544d58e154afecc3421b9056320,proven_maximal,maximize_sum_testing_e_values_at_maximum_cardinality,proven_optimal,10063.481706272016,2.4446738687967726,4116.4925247166375,1,1,9,6,6,6;26;55;112;120;140;146;166;187,1,1,9,0,0,0,0.03333333333333333,0.03333333333333333,0.3,0.0,0.0,0.0,0,8,2.4667162260011537,15,13,704,49,9,,original_uniform_floor_plus_prior_scores,maximum_cardinality_certified_superset_of_eBH_then_maximum_testing_evalue_sum,200,1,1,exact_dyadic_prefix_or_HiGHS_QUBO_MILP,300.0,1
346,660f294bd53a3085bcc110950fd17436a9d19a067bb3281058e71c6e944330e5,proven_maximal,maximize_sum_testing_e_values_at_maximum_cardinality,proven_optimal,346229.673026368,1.0249471410560909,337802.46722735174,3,3,8,16;82;166,16;82;166,16;40;82;91;132;139;166;182,3,3,8,0,0,0,0.1,0.1,0.26666666666666666,0.0,0.0,0.0,0,5,1.900325532995339,14,10,648,56,8,,original_uniform_floor_plus_prior_scores,maximum_cardinality_certified_superset_of_eBH_then_maximum_testing_evalue_sum,200,3,3,exact_dyadic_prefix_or_HiGHS_QUBO_MILP,300.0,1
347,cbab6c9182387fb940ba0ca4bdbb825665dfcc7774d79e98f858c1bb68fc5d38,proven_maximal,maximize_sum_testing_e_values_at_maximum_cardinality,proven_optimal,244265.2798536477,1.0917305461201232,223741.36248338624,7,7,10,15;28;97;135;142;146;150,15;28;97;135;142;146;150,15;28;97;99;135;136;142;146;150;165,7,7,10,0,0,0,0.23333333333333334,0.23333333333333334,0.3333333333333333,0.0,0.0,0.0,0,3,2.546262775998912,15,8,669,50,10,,original_uniform_floor_plus_prior_scores,maximum_cardinality_certified_superset_of_eBH_then_maximum_testing_evalue_sum,200,7,7,exact_dyadic_prefix_or_HiGHS_QUBO_MILP,300.0,1
348,4ddc712a457dc2e22dc86b2e5d028c56305a6ec7e84a6a50ecdb11653fc602cd,proven_maximal,maximize_sum_testing_e_values_at_maximum_cardinality,proven_optimal,19913.51479238005,1.5325028022140332,12994.113135460928,5,5,5,21;30;55;120;127,21;30;55;120;127,21;30;55;120;127,5,5,5,0,0,0,0.16666666666666666,0.16666666666666666,0.16666666666666666,0.0,0.0,0.0,0,0,1.8724562889983645,15,8,664,56,5,,original_uniform_floor_plus_prior_scores,maximum_cardinality_certified_superset_of_eBH_then_maximum_testing_evalue_sum,200,5,5,exact_dyadic_prefix_or_HiGHS_QUBO_MILP,300.0,1
349,1f3f66deaa1786a0021aece111962e9b2b2045ce07e208ce0d88b4b1a218b9e0,proven_maximal,maximize_sum_testing_e_values_at_maximum_cardinality,proven_optimal,93301.03295350152,2.272999335037301,41047.54080448088,15,15,16,31;38;53;57;67;81;127;147;157;159;177;187;193;194;195,31;38;53;57;67;81;127;147;157;159;177;187;193;194;195,29;31;38;53;57;67;81;127;147;157;159;177;187;193;194;195,15,15,16,0,0,0,0.5,0.5,0.5333333333333333,0.0,0.0,0.0,0,1,10.922767194999324,11,7,602,57,16,,original_uniform_floor_plus_prior_scores,maximum_cardinality_certified_superset_of_eBH_then_maximum_testing_evalue_sum,200,15,15,exact_dyadic_prefix_or_HiGHS_QUBO_MILP,300.0,1
350,fcbb343b4a008839c0c6e2b5c7cdd717767a09887d481798a49f9b2bc9c2f1f4,proven_maximal,maximize_sum_testing_e_values_at_maximum_cardinality,proven_optimal,64179.63435331107,1.324043361118935,48472.45659618998,5,5,7,30;32;130;147;197,30;32;130;147;197,14;30;32;130;147;168;197,5,5,7,0,0,0,0.16666666666666666,0.16666666666666666,0.23333333333333334,0.0,0.0,0.0,0,2,1.9932553059989004,13,8,622,60,7,,original_uniform_floor_plus_prior_scores,maximum_cardinality_certified_superset_of_eBH_then_maximum_testing_evalue_sum,200,5,5,exact_dyadic_prefix_or_HiGHS_QUBO_MILP,300.0,1
351,6178310a9f141d245b532f5ce3f17ab90d5de238c0b043ea96da7e87b339b8d0,proven_maximal,maximize_sum_testing_e_values_at_maximum_cardinality,proven_optimal,110576.78022759048,1.4365459654328931,76974.06340511279,7,7,9,8;78;97;115;159;161;182,8;78;97;115;159;161;182,8;25;70;78;97;115;159;161;182,7,7,9,0,0,0,0.23333333333333334,0.23333333333333334,0.3,0.0,0.0,0.0,0,2,2.1882562060054624,15,7,639,47,9,,original_uniform_floor_plus_prior_scores,maximum_cardinality_certified_superset_of_eBH_then_maximum_testing_evalue_sum,200,7,7,exact_dyadic_prefix_or_HiGHS_QUBO_MILP,300.0,1
352,c6be57ce6a20fe9cfd5be0ba0b7c3e76604bb04abb793d27f0795440476c470c,proven_maximal,maximize_sum_testing_e_values_at_maximum_cardinality,proven_optimal,13540.33136563574,1.9362346965871804,6993.12505322935,5,5,6,102;106;111;122;179,102;106;111;122;179,6;102;106;111;122;179,5,5,6,0,0,0,0.16666666666666666,0.16666666666666666,0.2,0.0,0.0,0.0,0,1,2.143282368000655,17,8,742,62,6,,original_uniform_floor_plus_prior_scores,maximum_cardinality_certified_superset_of_eBH_then_maximum_testing_evalue_sum,200,5,5,exact_dyadic_prefix_or_HiGHS_QUBO_MILP,300.0,1
353,f6f326bfa293ecbabf0d6b4435b0f5220ec2ee0861640e7bee73cb22513beaf5,proven_maximal,maximize_sum_testing_e_values_at_maximum_cardinality,proven_optimal,49737.003944490054,1.6541383232987852,30068.22539804376,10,10,13,6;9;15;33;80;98;102;119;164;178,6;9;15;33;80;98;102;119;164;178,6;9;15;33;80;98;102;119;129;164;170;178;187,10,10,12,0,0,1,0.3333333333333333,0.3333333333333333,0.4,0.0,0.0,0.07692307692307693,0,3,2.934753819004982,12,9,730,73,13,,original_uniform_floor_plus_prior_scores,maximum_cardinality_certified_superset_of_eBH_then_maximum_testing_evalue_sum,200,10,10,exact_dyadic_prefix_or_HiGHS_QUBO_MILP,300.0,1
354,841bf833e1a5f2835b4f4940c7910b4ea3394372ff755fe7280fb44d3eb8effb,proven_maximal,maximize_sum_testing_e_values_at_maximum_cardinality,proven_optimal,12838.085127401813,1.4525315213131198,8838.421018082903,3,3,3,130;149;162,130;149;162,130;149;162,3,3,3,0,0,0,0.1,0.1,0.1,0.0,0.0,0.0,0,0,1.6887757580043399,15,8,715,64,3,,original_uniform_floor_plus_prior_scores,maximum_cardinality_certified_superset_of_eBH_then_maximum_testing_evalue_sum,200,3,3,exact_dyadic_prefix_or_HiGHS_QUBO_MILP,300.0,1
355,b6a6cafbc779559758b419824ab3cd3cf6dd17a18acfa573f6ac1fcbc5e883ef,proven_maximal,maximize_sum_testing_e_values_at_maximum_cardinality,proven_optimal,44830.74893966565,1.5243107945463346,29410.50414394538,8,8,8,37;55;65;76;90;98;111;196,37;55;65;76;90;98;111;196,37;55;65;76;90;98;111;196,8,8,8,0,0,0,0.26666666666666666,0.26666666666666666,0.26666666666666666,0.0,0.0,0.0,0,0,3.102560696002911,21,12,1285,59,8,,original_uniform_floor_plus_prior_scores,maximum_cardinality_certified_superset_of_eBH_then_maximum_testing_evalue_sum,200,8,8,exact_dyadic_prefix_or_HiGHS_QUBO_MILP,300.0,1
356,c0dfab5daf9fdaeb21de4cdd0c3708a8aaf0da3cffa943949d3acdf0ccd56af8,proven_maximal,maximize_sum_testing_e_values_at_maximum_cardinality,proven_optimal,27131.092611152013,4.58520064021279,5917.10041501977,9,9,13,6;37;58;69;87;103;133;153;189,6;37;58;69;87;103;133;153;189,6;37;58;69;87;88;103;112;130;133;153;188;189,9,9,13,0,0,0,0.3,0.3,0.43333333333333335,0.0,0.0,0.0,0,4,2.4063565300020855,13,10,906,52,13,,original_uniform_floor_plus_prior_scores,maximum_cardinality_certified_superset_of_eBH_then_maximum_testing_evalue_sum,200,9,9,exact_dyadic_prefix_or_HiGHS_QUBO_MILP,300.0,1
357,5a5328a4076a2322becb0e5fa7a4064ec06762549d99f419f4ba5c09f1c89911,proven_maximal,maximize_sum_testing_e_values_at_maximum_cardinality,proven_optimal,32845.44675555511,2.1773045195562823,15085.37113689947,5,5,8,29;51;92;99;121,29;51;92;99;121,29;51;92;99;121;154;173;185,4,4,7,1,1,1,0.13333333333333333,0.13333333333333333,0.23333333333333334,0.2,0.2,0.125,0,3,1.429473546006193,16,14,1059,56,8,,original_uniform_floor_plus_prior_scores,maximum_cardinality_certified_superset_of_eBH_then_maximum_testing_evalue_sum,200,5,5,exact_dyadic_prefix_or_HiGHS_QUBO_MILP,300.0,1
358,2c672b0264dcc7f758801f99c4c8bd641d50b3768166bb345d7a06ac801670b8,proven_maximal,maximize_sum_testing_e_values_at_maximum_cardinality,proven_optimal,35421.73505237519,1.9319912633213048,18334.31430299604,7,7,9,27;71;97;126;128;151;166,27;71;97;126;128;151;166,27;71;74;97;126;128;151;166;180,7,7,9,0,0,0,0.23333333333333334,0.23333333333333334,0.3,0.0,0.0,0.0,0,2,1.7673574770014966,14,11,924,51,9,,original_uniform_floor_plus_prior_scores,maximum_cardinality_certified_superset_of_eBH_then_maximum_testing_evalue_sum,200,7,7,exact_dyadic_prefix_or_HiGHS_QUBO_MILP,300.0,1
359,34a831ee506c96bdfe22ed4d8b5fb6f3aa2464d3896265b24878996e5473eddb,proven_maximal,maximize_sum_testing_e_values_at_maximum_cardinality,proven_optimal,0.0,0.0,1373.441129337137,0,0,0,,,,0,0,0,0,0,0,0.0,0.0,0.0,0.0,0.0,0.0,0,0,1.3246159469999839,15,6,539,60,0,,original_uniform_floor_plus_prior_scores,maximum_cardinality_certified_superset_of_eBH_then_maximum_testing_evalue_sum,200,0,0,exact_dyadic_prefix_or_HiGHS_QUBO_MILP,300.0,1
360,be32721462464cd865e5e8fda6209a32dc73598ba83a6cff44550ac03911a46f,proven_maximal,maximize_sum_testing_e_values_at_maximum_cardinality,proven_optimal,27216.038702430265,2.1138304206495557,12875.223308626191,8,8,9,27;42;53;115;122;144;190;196,27;42;53;115;122;144;190;196,27;42;53;79;115;122;144;190;196,8,8,9,0,0,0,0.26666666666666666,0.26666666666666666,0.3,0.0,0.0,0.0,0,1,2.096729138000228,19,13,979,57,9,,original_uniform_floor_plus_prior_scores,maximum_cardinality_certified_superset_of_eBH_then_maximum_testing_evalue_sum,200,8,8,exact_dyadic_prefix_or_HiGHS_QUBO_MILP,300.0,1
361,15d34d6df579dc1fc39879c39f2e0cc9afe80694650d85a6d5f90a83dce6122a,proven_maximal,maximize_sum_testing_e_values_at_maximum_cardinality,proven_optimal,24752.910012026845,1.7194253095556717,14396.03678884046,5,5,14,28;30;47;59;159,28;30;47;59;159,21;27;28;30;47;59;64;65;85;89;98;120;152;159,5,5,14,0,0,0,0.16666666666666666,0.16666666666666666,0.4666666666666667,0.0,0.0,0.0,0,9,2.903763230999175,10,9,657,50,14,,original_uniform_floor_plus_prior_scores,maximum_cardinality_certified_superset_of_eBH_then_maximum_testing_evalue_sum,200,5,5,exact_dyadic_prefix_or_HiGHS_QUBO_MILP,300.0,1
362,427816377342cd4a5686cdb1dc5f7a31adeb6c0596bddad5aa84c8f35521d3f8,proven_maximal,maximize_sum_testing_e_values_at_maximum_cardinality,proven_optimal,31791.235230901024,1.875767651215179,16948.38655006429,7,7,10,4;7;15;94;141;162;180,4;7;15;94;141;162;180,4;7;9;15;17;94;100;141;162;180,7,7,10,0,0,0,0.23333333333333334,0.23333333333333334,0.3333333333333333,0.0,0.0,0.0,0,3,1.6713919059984619,17,10,748,54,10,,original_uniform_floor_plus_prior_scores,maximum_cardinality_certified_superset_of_eBH_then_maximum_testing_evalue_sum,200,7,7,exact_dyadic_prefix_or_HiGHS_QUBO_MILP,300.0,1
363,7050e59e9fddf4c104408c0d5eaae794c8ad4030a99d0ff49d92573c73a4321c,proven_maximal,maximize_sum_testing_e_values_at_maximum_cardinality,proven_optimal,236723.1893604792,1.362330973376247,173763.3467833527,11,11,14,1;5;19;55;59;85;89;106;128;135;164,1;5;19;55;59;85;89;106;128;135;164,1;5;8;19;21;55;59;85;89;106;128;135;164;195,11,11,14,0,0,0,0.36666666666666664,0.36666666666666664,0.4666666666666667,0.0,0.0,0.0,0,3,5.556708983000135,14,8,630,50,14,,original_uniform_floor_plus_prior_scores,maximum_cardinality_certified_superset_of_eBH_then_maximum_testing_evalue_sum,200,11,11,exact_dyadic_prefix_or_HiGHS_QUBO_MILP,300.0,1
364,62e0b8db2923d2e23196af36ff19d308c723c01a12fc26bab186cc98842bb113,proven_maximal,maximize_sum_testing_e_values_at_maximum_cardinality,proven_optimal,66686.20490749003,1.770961227866527,37655.37260678866,8,8,9,7;16;114;117;131;147;159;177,7;16;114;117;131;147;159;177,7;16;114;117;131;147;159;177;190,8,8,9,0,0,0,0.26666666666666666,0.26666666666666666,0.3,0.0,0.0,0.0,0,1,2.4935535059994436,23,15,829,42,9,,original_uniform_floor_plus_prior_scores,maximum_cardinality_certified_superset_of_eBH_then_maximum_testing_evalue_sum,200,8,8,exact_dyadic_prefix_or_HiGHS_QUBO_MILP,300.0,1
365,35ffc99b9cc1a1f8193fe019e842223bb0967dedf227c59db64f2557486674a6,proven_maximal,maximize_sum_testing_e_values_at_maximum_cardinality,proven_optimal,841743.7762672426,1.0144397983257307,829762.1777620396,2,2,3,16;99,16;99,16;85;99,2,2,3,0,0,0,0.06666666666666667,0.06666666666666667,0.1,0.0,0.0,0.0,0,1,1.186823481002648,15,9,713,59,3,,original_uniform_floor_plus_prior_scores,maximum_cardinality_certified_superset_of_eBH_then_maximum_testing_evalue_sum,200,2,2,exact_dyadic_prefix_or_HiGHS_QUBO_MILP,300.0,1
366,fd3f1e48668c146ccf96d1a111dd53390d8ca03db2a7d0c593745abbddca865e,proven_maximal,maximize_sum_testing_e_values_at_maximum_cardinality,proven_optimal,5167.544362548473,2.874980688308256,1797.4188082596288,0,0,5,,,46;50;68;142;196,0,0,5,0,0,0,0.0,0.0,0.16666666666666666,0.0,0.0,0.0,0,5,1.7054116819999763,15,12,1075,45,5,,original_uniform_floor_plus_prior_scores,maximum_cardinality_certified_superset_of_eBH_then_maximum_testing_evalue_sum,200,0,0,exact_dyadic_prefix_or_HiGHS_QUBO_MILP,300.0,1
367,7f188c3cd723bc428aeb1d0982cd3dc2e57aa57861495483eb908369c5ec03e4,proven_maximal,maximize_sum_testing_e_values_at_maximum_cardinality,proven_optimal,17730.360019571795,1.8271009736737625,9704.094231815365,3,3,3,12;90;170,12;90;170,12;90;170,3,3,3,0,0,0,0.1,0.1,0.1,0.0,0.0,0.0,0,0,1.2367000599988387,16,8,623,53,3,,original_uniform_floor_plus_prior_scores,maximum_cardinality_certified_superset_of_eBH_then_maximum_testing_evalue_sum,200,3,3,exact_dyadic_prefix_or_HiGHS_QUBO_MILP,300.0,1
368,a1ce1eea1656af78fc35ea0ccf687fe9c6c289c8cd1c577885352960ae58058e,proven_maximal,maximize_sum_testing_e_values_at_maximum_cardinality,proven_optimal,39418.17607469885,2.069217430106081,19049.79897287934,5,5,5,81;90;108;162;185,81;90;108;162;185,81;90;108;162;185,5,5,5,0,0,0,0.16666666666666666,0.16666666666666666,0.16666666666666666,0.0,0.0,0.0,0,0,2.6352447449971805,24,14,857,53,5,,original_uniform_floor_plus_prior_scores,maximum_cardinality_certified_superset_of_eBH_then_maximum_testing_evalue_sum,200,5,5,exact_dyadic_prefix_or_HiGHS_QUBO_MILP,300.0,1
369,8a3a068015444abbd0c91d21a3cc41c240b6e5e08b85d04199c1c3013a23a99a,proven_maximal,maximize_sum_testing_e_values_at_maximum_cardinality,proven_optimal,21215.241320067293,2.588281654090814,8196.65096591645,8,8,8,31;32;36;39;56;144;173;198,31;32;36;39;56;144;173;198,31;32;36;39;56;144;173;198,8,8,8,0,0,0,0.26666666666666666,0.26666666666666666,0.26666666666666666,0.0,0.0,0.0,0,0,1.9535156510028173,20,10,794,45,8,,original_uniform_floor_plus_prior_scores,maximum_cardinality_certified_superset_of_eBH_then_maximum_testing_evalue_sum,200,8,8,exact_dyadic_prefix_or_HiGHS_QUBO_MILP,300.0,1
370,c6de271bbcacea74613b87cbb1d0226890abaa2c7f4bd33688aab415f4cc0f98,proven_maximal,maximize_sum_testing_e_values_at_maximum_cardinality,proven_optimal,105488.2720713978,1.592539522639287,66239.02928109061,8,8,13,2;8;29;138;154;159;168;182,2;8;29;138;154;159;168;182,2;8;21;29;46;54;66;103;138;154;159;168;182,8,8,13,0,0,0,0.26666666666666666,0.26666666666666666,0.43333333333333335,0.0,0.0,0.0,0,5,2.4853620770009,12,7,601,63,13,,original_uniform_floor_plus_prior_scores,maximum_cardinality_certified_superset_of_eBH_then_maximum_testing_evalue_sum,200,8,8,exact_dyadic_prefix_or_HiGHS_QUBO_MILP,300.0,1
371,a18b9bd9e42b5d093ea6ec6b97311f9e3764ac8801ab5395020915b4343ed134,proven_maximal,maximize_sum_testing_e_values_at_maximum_cardinality,proven_optimal,6332.591151774901,3.1522339575550022,2008.921684444612,5,5,7,82;123;139;186;198,82;123;139;186;198,45;82;89;123;139;186;198,5,5,7,0,0,0,0.16666666666666666,0.16666666666666666,0.23333333333333334,0.0,0.0,0.0,0,2,2.3191900590027217,22,14,1135,56,7,,original_uniform_floor_plus_prior_scores,maximum_cardinality_certified_superset_of_eBH_then_maximum_testing_evalue_sum,200,5,5,exact_dyadic_prefix_or_HiGHS_QUBO_MILP,300.0,1
372,90addd166a1ce9c57d4bce29ec66c526573ceadbcc934a18586acb1230c3437c,proven_maximal,maximize_sum_testing_e_values_at_maximum_cardinality,proven_optimal,15965.923730783741,4.178205741863223,3821.239239325712,8,8,9,42;48;120;126;158;172;183;184,42;48;120;126;158;172;183;184,42;48;67;120;126;158;172;183;184,8,8,9,0,0,0,0.26666666666666666,0.26666666666666666,0.3,0.0,0.0,0.0,0,1,2.599164182000095,23,14,1110,63,9,,original_uniform_floor_plus_prior_scores,maximum_cardinality_certified_superset_of_eBH_then_maximum_testing_evalue_sum,200,8,8,exact_dyadic_prefix_or_HiGHS_QUBO_MILP,300.0,1
373,3599dec3323025d0913191e9dfdd6673a7216e44a612045d5910c8b00c6853b8,proven_maximal,maximize_sum_testing_e_values_at_maximum_cardinality,proven_optimal,37174.634478339176,1.7747622410896646,20946.261768288903,4,4,6,14;48;127;140,14;48;127;140,14;48;85;127;140;157,4,4,6,0,0,0,0.13333333333333333,0.13333333333333333,0.2,0.0,0.0,0.0,0,2,2.0137938980042236,21,14,809,57,6,,original_uniform_floor_plus_prior_scores,maximum_cardinality_certified_superset_of_eBH_then_maximum_testing_evalue_sum,200,4,4,exact_dyadic_prefix_or_HiGHS_QUBO_MILP,300.0,1
374,8d2ea6b6c21eca2f2dc69d4aa6f57e2dce699fe83072e5e56d469d7cce3b56e4,proven_maximal,maximize_sum_testing_e_values_at_maximum_cardinality,proven_optimal,13267.882806369524,4.082782059022412,3249.71615299652,5,5,14,14;44;53;126;191,14;44;53;126;191,14;19;22;44;53;65;67;71;121;126;127;158;171;191,5,5,14,0,0,0,0.16666666666666666,0.16666666666666666,0.4666666666666667,0.0,0.0,0.0,0,9,2.8633544190015527,10,9,786,63,14,,original_uniform_floor_plus_prior_scores,maximum_cardinality_certified_superset_of_eBH_then_maximum_testing_evalue_sum,200,5,5,exact_dyadic_prefix_or_HiGHS_QUBO_MILP,300.0,1
375,ab08065d921341efcee99fee30e7fc71ee81eb3b681621a3f580f0889f403e58,proven_maximal,maximize_sum_testing_e_values_at_maximum_cardinality,proven_optimal,18387.802313383418,2.0576987017976114,8936.10045888632,6,6,6,10;42;47;84;119;163,10;42;47;84;119;163,10;42;47;84;119;163,6,6,6,0,0,0,0.2,0.2,0.2,0.0,0.0,0.0,0,0,1.3955697119963588,12,9,919,57,6,,original_uniform_floor_plus_prior_scores,maximum_cardinality_certified_superset_of_eBH_then_maximum_testing_evalue_sum,200,6,6,exact_dyadic_prefix_or_HiGHS_QUBO_MILP,300.0,1
376,647b0ea22a5e5685253abb30c7b6f570ca54cd60022baf5cf8fbd1654325420f,proven_maximal,maximize_sum_testing_e_values_at_maximum_cardinality,proven_optimal,5578.114551212998,3.2863130465065344,1697.3777215602538,0,0,5,,,42;86;101;190;196,0,0,5,0,0,0,0.0,0.0,0.16666666666666666,0.0,0.0,0.0,0,5,3.136546742003702,23,18,1552,58,5,,original_uniform_floor_plus_prior_scores,maximum_cardinality_certified_superset_of_eBH_then_maximum_testing_evalue_sum,200,0,0,exact_dyadic_prefix_or_HiGHS_QUBO_MILP,300.0,1
377,f64aefa111c4b50098cb1a1a3b550a7584df7ad59e797d45ffc68696bd117448,proven_maximal,maximize_sum_testing_e_values_at_maximum_cardinality,proven_optimal,43852.539340126175,2.3015391619294516,19053.57078667444,10,10,16,16;23;41;50;88;108;117;137;138;189,16;23;41;50;88;108;117;137;138;189,16;23;41;50;88;108;113;117;125;136;137;138;144;146;174;189,10,10,16,0,0,0,0.3333333333333333,0.3333333333333333,0.5333333333333333,0.0,0.0,0.0,0,6,10.38343698099925,12,11,904,53,16,,original_uniform_floor_plus_prior_scores,maximum_cardinality_certified_superset_of_eBH_then_maximum_testing_evalue_sum,200,10,10,exact_dyadic_prefix_or_HiGHS_QUBO_MILP,300.0,1
378,e8501cf00643f75c8f78cbb499148b6fc458b2e1f81572d454c0a813cc8fdad8,proven_maximal,maximize_sum_testing_e_values_at_maximum_cardinality,proven_optimal,42489.203732172624,2.2249831220153586,19096.416198288505,5,5,10,22;44;72;73;115,22;44;72;73;115,22;44;70;72;73;79;86;107;115;155,5,5,10,0,0,0,0.16666666666666666,0.16666666666666666,0.3333333333333333,0.0,0.0,0.0,0,5,1.0128487969996058,9,6,469,50,10,,original_uniform_floor_plus_prior_scores,maximum_cardinality_certified_superset_of_eBH_then_maximum_testing_evalue_sum,200,5,5,exact_dyadic_prefix_or_HiGHS_QUBO_MILP,300.0,1
379,1c6538b2062d1f5f9a9d04e4d9f00e3e8e16eede0f43e7588a951c559f65937f,proven_maximal,maximize_sum_testing_e_values_at_maximum_cardinality,proven_optimal,25473.561184185473,4.694782936037154,5425.92949050965,13,13,13,14;18;28;73;75;80;112;127;148;172;173;175;194,14;18;28;73;75;80;112;127;148;172;173;175;194,14;18;28;73;75;80;112;127;148;172;173;175;194,13,13,13,0,0,0,0.43333333333333335,0.43333333333333335,0.43333333333333335,0.0,0.0,0.0,0,0,1.6062777480037767,16,7,697,48,13,,original_uniform_floor_plus_prior_scores,maximum_cardinality_certified_superset_of_eBH_then_maximum_testing_evalue_sum,200,13,13,exact_dyadic_prefix_or_HiGHS_QUBO_MILP,300.0,1
380,b38fc2bd8dcac79eaa8f2e9e88be8c7ee52cee2d83bbddef06e5ec8ca5bda978,proven_maximal,maximize_sum_testing_e_values_at_maximum_cardinality,proven_optimal,28973.82568536444,1.3906157483286867,20835.249219769496,6,6,7,41;67;90;136;167;191,41;67;90;136;167;191,41;67;90;136;155;167;191,6,6,7,0,0,0,0.2,0.2,0.23333333333333334,0.0,0.0,0.0,0,1,1.341572201003146,15,9,660,45,7,,original_uniform_floor_plus_prior_scores,maximum_cardinality_certified_superset_of_eBH_then_maximum_testing_evalue_sum,200,6,6,exact_dyadic_prefix_or_HiGHS_QUBO_MILP,300.0,1
381,1e394c52f6f92a1944f0878295ac4a3b925e3709b451d2cc4659f6d373b9dbd1,proven_maximal,maximize_sum_testing_e_values_at_maximum_cardinality,proven_optimal,75562.37687549513,1.2388290352164923,60994.99989705213,5,5,8,21;85;105;174;184,21;85;105;174;184,21;26;85;105;122;154;174;184,5,5,8,0,0,0,0.16666666666666666,0.16666666666666666,0.26666666666666666,0.0,0.0,0.0,0,3,1.4623889040012727,16,9,686,47,8,,original_uniform_floor_plus_prior_scores,maximum_cardinality_certified_superset_of_eBH_then_maximum_testing_evalue_sum,200,5,5,exact_dyadic_prefix_or_HiGHS_QUBO_MILP,300.0,1
382,ae543fb88f5d6e7b040547e7b415098b768353d6e3e0e67c21183b651aadf346,proven_maximal,maximize_sum_testing_e_values_at_maximum_cardinality,proven_optimal,66003.3901195231,1.4162681293679902,46603.73890428299,3,3,3,20;68;79,20;68;79,20;68;79,3,3,3,0,0,0,0.1,0.1,0.1,0.0,0.0,0.0,0,0,0.450297216004401,7,6,555,52,3,,original_uniform_floor_plus_prior_scores,maximum_cardinality_certified_superset_of_eBH_then_maximum_testing_evalue_sum,200,3,3,exact_dyadic_prefix_or_HiGHS_QUBO_MILP,300.0,1
383,68ecb0aa28dfc28a89f8c9b3a52d43e8183d11a1335f2c55d5e82a46588a13fa,proven_maximal,maximize_sum_testing_e_values_at_maximum_cardinality,proven_optimal,190642.0127864359,1.3005537569897179,146585.2616716889,12,12,12,2;7;18;80;88;119;121;124;146;147;158;179,2;7;18;80;88;119;121;124;146;147;158;179,2;7;18;80;88;119;121;124;146;147;158;179,12,12,12,0,0,0,0.4,0.4,0.4,0.0,0.0,0.0,0,0,1.2385127939996892,14,8,688,55,12,,original_uniform_floor_plus_prior_scores,maximum_cardinality_certified_superset_of_eBH_then_maximum_testing_evalue_sum,200,12,12,exact_dyadic_prefix_or_HiGHS_QUBO_MILP,300.0,1
384,b09a7ba168e3ac658a2d127081b99581242b608ed3766e4f812dd5c7a3dd37b5,proven_maximal,maximize_sum_testing_e_values_at_maximum_cardinality,proven_optimal,6215.089236017969,2.6980321214471292,2303.563840701946,0,0,6,,,9;32;71;88;189;192,0,0,6,0,0,0,0.0,0.0,0.2,0.0,0.0,0.0,0,6,1.2301855980040273,14,10,672,64,6,,original_uniform_floor_plus_prior_scores,maximum_cardinality_certified_superset_of_eBH_then_maximum_testing_evalue_sum,200,0,0,exact_dyadic_prefix_or_HiGHS_QUBO_MILP,300.0,1
385,cc5011738cb9d7fbb1f479e0e4dbdb1096cee35dd9204bb43ee30549b6cb5a27,proven_maximal,maximize_sum_testing_e_values_at_maximum_cardinality,proven_optimal,17947.80075461597,3.343140162833514,5368.545702673777,8,8,9,2;8;11;53;93;138;157;167,2;8;11;53;93;138;157;167,2;8;11;53;92;93;138;157;167,8,8,9,0,0,0,0.26666666666666666,0.26666666666666666,0.3,0.0,0.0,0.0,0,1,1.4963959320011782,15,7,613,59,9,,original_uniform_floor_plus_prior_scores,maximum_cardinality_certified_superset_of_eBH_then_maximum_testing_evalue_sum,200,8,8,exact_dyadic_prefix_or_HiGHS_QUBO_MILP,300.0,1
386,5a7ff52ab46ffca00778339eb95c0cf7f074c6911fa0e3b8c88cd4cec91c42ee,proven_maximal,maximize_sum_testing_e_values_at_maximum_cardinality,proven_optimal,7866.660216899841,3.9297732095932214,2001.8102311085108,0,0,14,,,6;20;24;25;66;72;90;94;99;116;117;177;194;198,0,0,14,0,0,0,0.0,0.0,0.4666666666666667,0.0,0.0,0.0,0,14,7.480110141004843,8,8,608,40,14,,original_uniform_floor_plus_prior_scores,maximum_cardinality_certified_superset_of_eBH_then_maximum_testing_evalue_sum,200,0,0,exact_dyadic_prefix_or_HiGHS_QUBO_MILP,300.0,1
387,25f4159055dd04680d0f4bd2c5283f0f25c905d2d7e15f2107b05577b5e65daf,proven_maximal,maximize_sum_testing_e_values_at_maximum_cardinality,proven_optimal,15540.127028109944,2.0733804683279935,7495.067724179801,4,4,9,39;91;106;114,39;91;106;114,13;29;39;74;91;106;114;184;187,4,4,9,0,0,0,0.13333333333333333,0.13333333333333333,0.3,0.0,0.0,0.0,0,5,1.9640606210014084,15,10,768,50,9,,original_uniform_floor_plus_prior_scores,maximum_cardinality_certified_superset_of_eBH_then_maximum_testing_evalue_sum,200,4,4,exact_dyadic_prefix_or_HiGHS_QUBO_MILP,300.0,1
388,a108cde1b998a70467e5508c083ab14b856a61164fee1e4fcc31dc9bf4b48fb0,proven_maximal,maximize_sum_testing_e_values_at_maximum_cardinality,proven_optimal,37492.915031641205,2.4604711592036623,15238.103845027748,10,10,14,7;61;76;82;101;120;140;172;184;189,7;61;76;82;101;120;140;172;184;189,7;32;49;61;76;82;101;120;127;140;172;184;189;195,10,10,14,0,0,0,0.3333333333333333,0.3333333333333333,0.4666666666666667,0.0,0.0,0.0,0,4,3.4963028429992846,10,8,564,50,14,,original_uniform_floor_plus_prior_scores,maximum_cardinality_certified_superset_of_eBH_then_maximum_testing_evalue_sum,200,10,10,exact_dyadic_prefix_or_HiGHS_QUBO_MILP,300.0,1
389,e785b61236944e83842c647dda5532b99be24a5ca057f8d5cca14fb2c5de15e8,proven_maximal,maximize_sum_testing_e_values_at_maximum_cardinality,proven_optimal,16336.994972625058,2.8222964943508804,5788.546669467666,4,4,5,49;135;163;184,49;135;163;184,49;135;162;163;184,4,4,5,0,0,0,0.13333333333333333,0.13333333333333333,0.16666666666666666,0.0,0.0,0.0,0,1,3.182948873996793,26,17,1169,49,5,,original_uniform_floor_plus_prior_scores,maximum_cardinality_certified_superset_of_eBH_then_maximum_testing_evalue_sum,200,4,4,exact_dyadic_prefix_or_HiGHS_QUBO_MILP,300.0,1
390,8d42a1388d1590dfe18039e53129e9a7535b5499dde2e1cf19e26a466f6994cb,proven_maximal,maximize_sum_testing_e_values_at_maximum_cardinality,proven_optimal,0.0,0.0,508.4449762050581,0,0,0,,,,0,0,0,0,0,0,0.0,0.0,0.0,0.0,0.0,0.0,0,0,0.33192180799960624,3,3,300,53,0,,original_uniform_floor_plus_prior_scores,maximum_cardinality_certified_superset_of_eBH_then_maximum_testing_evalue_sum,200,0,0,exact_dyadic_prefix_or_HiGHS_QUBO_MILP,300.0,1
391,169eab4095d585c901da63c40f69c64227f8977670e2607de848dc607da1dd0e,proven_maximal,maximize_sum_testing_e_values_at_maximum_cardinality,proven_optimal,42128.10200294092,1.9864091919147868,21208.169079368687,5,5,7,10;29;33;40;108,10;29;33;40;108,10;29;33;39;40;86;108,5,5,7,0,0,0,0.16666666666666666,0.16666666666666666,0.23333333333333334,0.0,0.0,0.0,0,2,1.911352037001052,18,16,1401,49,7,,original_uniform_floor_plus_prior_scores,maximum_cardinality_certified_superset_of_eBH_then_maximum_testing_evalue_sum,200,5,5,exact_dyadic_prefix_or_HiGHS_QUBO_MILP,300.0,1
392,6df0425af067045bc5b9e47e25f9737f397f31d9f33b43309731eef1954533f6,proven_maximal,maximize_sum_testing_e_values_at_maximum_cardinality,proven_optimal,644307.6132171856,1.494801096843462,431032.3390702319,6,6,6,1;41;114;125;128;130,1;41;114;125;128;130,1;41;114;125;128;130,6,6,6,0,0,0,0.2,0.2,0.2,0.0,0.0,0.0,0,0,2.085162062001473,20,11,938,45,6,,original_uniform_floor_plus_prior_scores,maximum_cardinality_certified_superset_of_eBH_then_maximum_testing_evalue_sum,200,6,6,exact_dyadic_prefix_or_HiGHS_QUBO_MILP,300.0,1
393,837839d16c8ee113636f857eef270b1379370771cb3fa33a2a468c248215fa9a,proven_maximal,maximize_sum_testing_e_values_at_maximum_cardinality,proven_optimal,11303.186741119654,2.2803948969080516,4956.67954547936,5,5,5,91;117;121;137;142,91;117;121;137;142,91;117;121;137;142,5,5,5,0,0,0,0.16666666666666666,0.16666666666666666,0.16666666666666666,0.0,0.0,0.0,0,0,1.2530931329965824,14,6,604,60,5,,original_uniform_floor_plus_prior_scores,maximum_cardinality_certified_superset_of_eBH_then_maximum_testing_evalue_sum,200,5,5,exact_dyadic_prefix_or_HiGHS_QUBO_MILP,300.0,1
394,4962bb6f4eff6d57464611439f9eba32bae4118c3a0ffa1bfbc0fd976480ce80,proven_maximal,maximize_sum_testing_e_values_at_maximum_cardinality,proven_optimal,5035.470231031122,1.0,5035.470231031122,1,1,1,136,136,136,1,1,1,0,0,0,0.03333333333333333,0.03333333333333333,0.03333333333333333,0.0,0.0,0.0,0,0,1.5167316180013586,17,7,705,63,1,,original_uniform_floor_plus_prior_scores,maximum_cardinality_certified_superset_of_eBH_then_maximum_testing_evalue_sum,200,1,1,exact_dyadic_prefix_or_HiGHS_QUBO_MILP,300.0,1
395,5e1649b1c014bbe48f14e71051c5404b3af127bb7128ef09fd927d09555ac39c,proven_maximal,maximize_sum_testing_e_values_at_maximum_cardinality,proven_optimal,25002.04035136437,2.4993365855238707,10003.470719460478,8,8,10,10;56;111;115;122;135;160;197,10;56;111;115;122;135;160;197,10;56;92;111;115;122;135;160;167;197,8,8,10,0,0,0,0.26666666666666666,0.26666666666666666,0.3333333333333333,0.0,0.0,0.0,0,2,1.5441959410018171,15,8,690,43,10,,original_uniform_floor_plus_prior_scores,maximum_cardinality_certified_superset_of_eBH_then_maximum_testing_evalue_sum,200,8,8,exact_dyadic_prefix_or_HiGHS_QUBO_MILP,300.0,1
396,f1afc7c21ba01c92f7e71c9a1cb49647f50d93010de0df02e94a9b412c9ad4f1,proven_maximal,maximize_sum_testing_e_values_at_maximum_cardinality,proven_optimal,16274.636045854311,5.317469540006516,3060.597888414866,9,9,10,10;38;64;70;93;146;165;194;197,10;38;64;70;93;146;165;194;197,10;38;64;70;93;146;165;187;194;197,9,9,10,0,0,0,0.3,0.3,0.3333333333333333,0.0,0.0,0.0,0,1,1.866634600002726,17,8,621,59,10,,original_uniform_floor_plus_prior_scores,maximum_cardinality_certified_superset_of_eBH_then_maximum_testing_evalue_sum,200,9,9,exact_dyadic_prefix_or_HiGHS_QUBO_MILP,300.0,1
397,778e4c4a4c1ffed5e54295d2f5f9c485550d33162feccc4f59bcf65171f0da45,proven_maximal,maximize_sum_testing_e_values_at_maximum_cardinality,proven_optimal,73674.0334056214,1.6208764032696572,45453.20868204694,3,3,3,10;106;131,10;106;131,10;106;131,3,3,3,0,0,0,0.1,0.1,0.1,0.0,0.0,0.0,0,0,1.2450046869998914,15,6,539,47,3,,original_uniform_floor_plus_prior_scores,maximum_cardinality_certified_superset_of_eBH_then_maximum_testing_evalue_sum,200,3,3,exact_dyadic_prefix_or_HiGHS_QUBO_MILP,300.0,1
398,a5ac2ac7ee671b476a1980edbc7aed5b307ebdab73386dea521ad9e3da22497f,proven_maximal,maximize_sum_testing_e_values_at_maximum_cardinality,proven_optimal,35589.55246135514,2.170658382490636,16395.740918255095,12,12,12,11;17;24;65;66;79;80;95;100;133;185;188,11;17;24;65;66;79;80;95;100;133;185;188,11;17;24;65;66;79;80;95;100;133;185;188,12,12,12,0,0,0,0.4,0.4,0.4,0.0,0.0,0.0,0,0,4.067075721999572,19,9,707,60,12,,original_uniform_floor_plus_prior_scores,maximum_cardinality_certified_superset_of_eBH_then_maximum_testing_evalue_sum,200,12,12,exact_dyadic_prefix_or_HiGHS_QUBO_MILP,300.0,1
399,51c0980ba0d6454b880d472682368ba979f090145f5d7d0402c2e886b720b050,proven_maximal,maximize_sum_testing_e_values_at_maximum_cardinality,proven_optimal,101817.42911986944,2.4422177292152103,41690.56177992278,7,7,11,44;49;83;95;111;121;175,44;49;83;95;111;121;175,41;44;49;83;95;111;121;143;174;175;186,7,7,11,0,0,0,0.23333333333333334,0.23333333333333334,0.36666666666666664,0.0,0.0,0.0,0,4,1.7864515760011273,17,11,862,50,11,,original_uniform_floor_plus_prior_scores,maximum_cardinality_certified_superset_of_eBH_then_maximum_testing_evalue_sum,200,7,7,exact_dyadic_prefix_or_HiGHS_QUBO_MILP,300.0,1
400,c24a47d76ab12957bead33cad29c79438f0a8f85995f12d4f95d074ed66a42c0,proven_maximal,maximize_sum_testing_e_values_at_maximum_cardinality,proven_optimal,17655.847928011168,1.661174565668636,10628.532541313349,2,2,4,7;156,7;156,7;60;146;156,2,2,4,0,0,0,0.06666666666666667,0.06666666666666667,0.13333333333333333,0.0,0.0,0.0,0,2,1.2529066369970678,14,8,619,44,4,,original_uniform_floor_plus_prior_scores,maximum_cardinality_certified_superset_of_eBH_then_maximum_testing_evalue_sum,200,2,2,exact_dyadic_prefix_or_HiGHS_QUBO_MILP,300.0,1
401,95605419144028a07974a7d5909133334d4bde9ae6eba564d9e1fce56f5eab62,proven_maximal,maximize_sum_testing_e_values_at_maximum_cardinality,proven_optimal,26627.43389274464,2.6743686887432405,9956.530677622315,9,9,11,26;36;62;94;109;132;142;154;189,26;36;62;94;109;132;142;154;189,26;36;39;62;94;107;109;132;142;154;189,9,9,11,0,0,0,0.3,0.3,0.36666666666666664,0.0,0.0,0.0,0,2,0.9519590030031395,9,7,602,54,11,,original_uniform_floor_plus_prior_scores,maximum_cardinality_certified_superset_of_eBH_then_maximum_testing_evalue_sum,200,9,9,exact_dyadic_prefix_or_HiGHS_QUBO_MILP,300.0,1
402,035dd615ca5238678279187a77e5462796ddba2d52d1eef47ed64125629e8d79,proven_maximal,maximize_sum_testing_e_values_at_maximum_cardinality,proven_optimal,59134.237423297964,2.2331346568665227,26480.372440358617,13,13,15,0;5;7;44;75;80;86;91;128;176;186;192;197,0;5;7;44;75;80;86;91;128;176;186;192;197,0;5;7;9;44;75;80;86;91;99;128;176;186;192;197,13,13,15,0,0,0,0.43333333333333335,0.43333333333333335,0.5,0.0,0.0,0.0,0,2,6.0746031449962175,9,6,503,63,15,,original_uniform_floor_plus_prior_scores,maximum_cardinality_certified_superset_of_eBH_then_maximum_testing_evalue_sum,200,13,13,exact_dyadic_prefix_or_HiGHS_QUBO_MILP,300.0,1
403,e828be2af8dd281ab2cc02ed4b4c61382be8c2c3fe8f4da4bf550eb33ed4e509,proven_maximal,maximize_sum_testing_e_values_at_maximum_cardinality,proven_optimal,27178.01831906221,1.2459084084168195,21813.817240062952,3,3,3,47;82;92,47;82;92,47;82;92,3,3,3,0,0,0,0.1,0.1,0.1,0.0,0.0,0.0,0,0,1.6212705989964888,19,9,615,61,3,,original_uniform_floor_plus_prior_scores,maximum_cardinality_certified_superset_of_eBH_then_maximum_testing_evalue_sum,200,3,3,exact_dyadic_prefix_or_HiGHS_QUBO_MILP,300.0,1
404,b3a6c49289a18b9e80712b79511daf5e9185a4ab12a7bf0a6db607ae79ce4d16,proven_maximal,maximize_sum_testing_e_values_at_maximum_cardinality,proven_optimal,38220.953555184904,3.3600217228433666,11375.210253950683,7,7,8,8;75;80;81;167;176;178,8;75;80;81;167;176;178,8;75;80;81;167;176;178;189,7,7,8,0,0,0,0.23333333333333334,0.23333333333333334,0.26666666666666666,0.0,0.0,0.0,0,1,2.9998712279993924,20,14,1047,45,8,,original_uniform_floor_plus_prior_scores,maximum_cardinality_certified_superset_of_eBH_then_maximum_testing_evalue_sum,200,7,7,exact_dyadic_prefix_or_HiGHS_QUBO_MILP,300.0,1
405,b4296b1cc0b87484b1c50d6e68e8b4faf18b42b3c23b82aa554e71e1a25b53d8,proven_maximal,maximize_sum_testing_e_values_at_maximum_cardinality,proven_optimal,76831.41607582137,3.026697852751471,25384.56754313169,8,8,9,1;79;93;95;104;168;187;194,1;79;93;95;104;168;187;194,1;54;79;93;95;104;168;187;194,8,8,9,0,0,0,0.26666666666666666,0.26666666666666666,0.3,0.0,0.0,0.0,0,1,1.6793088630001876,13,7,568,49,9,,original_uniform_floor_plus_prior_scores,maximum_cardinality_certified_superset_of_eBH_then_maximum_testing_evalue_sum,200,8,8,exact_dyadic_prefix_or_HiGHS_QUBO_MILP,300.0,1
406,7fa143a6b1cdf2bd4b2fc6e19efaaecf3ca53da62f5adf1d4a93b118c105201a,proven_maximal,maximize_sum_testing_e_values_at_maximum_cardinality,proven_optimal,28131.27216666446,4.498574956705611,6253.374110112752,6,6,8,21;37;57;107;123;184,21;37;57;107;123;184,21;37;57;93;95;107;123;184,6,6,8,0,0,0,0.2,0.2,0.26666666666666666,0.0,0.0,0.0,0,2,4.606958436997957,23,19,1648,54,8,,original_uniform_floor_plus_prior_scores,maximum_cardinality_certified_superset_of_eBH_then_maximum_testing_evalue_sum,200,6,6,exact_dyadic_prefix_or_HiGHS_QUBO_MILP,300.0,1
407,0e504406e2e4c3a8e2193ef65cc866a71046f914e2237c6ffae0c4e7fb6e6eeb,proven_maximal,maximize_sum_testing_e_values_at_maximum_cardinality,proven_optimal,13824.806074926293,2.4099544966606268,5736.542367950411,7,7,11,62;87;128;137;147;186;196,62;87;128;137;147;186;196,9;12;62;87;93;128;137;147;161;186;196,7,7,11,0,0,0,0.23333333333333334,0.23333333333333334,0.36666666666666664,0.0,0.0,0.0,0,4,3.072561453001981,16,11,881,52,11,,original_uniform_floor_plus_prior_scores,maximum_cardinality_certified_superset_of_eBH_then_maximum_testing_evalue_sum,200,7,7,exact_dyadic_prefix_or_HiGHS_QUBO_MILP,300.0,1
408,4daac9b4b80d3ee761779baa49f79a7528ecd1e78240bc9a74f6ce4cdf898c91,proven_maximal,maximize_sum_testing_e_values_at_maximum_cardinality,proven_optimal,10259.246628105564,2.1961090699527013,4671.556057243788,6,6,6,41;89;101;124;158;163,41;89;101;124;158;163,41;89;101;124;158;163,6,6,6,0,0,0,0.2,0.2,0.2,0.0,0.0,0.0,0,0,2.065229845000431,15,5,549,53,6,,original_uniform_floor_plus_prior_scores,maximum_cardinality_certified_superset_of_eBH_then_maximum_testing_evalue_sum,200,6,6,exact_dyadic_prefix_or_HiGHS_QUBO_MILP,300.0,1
409,c94b7c9a704fcddb98a0850dcce9bc6634305ad851de6e955f63fb512f410c06,proven_maximal,maximize_sum_testing_e_values_at_maximum_cardinality,proven_optimal,74418.56739925791,2.153199603305339,34561.85264246718,9,9,11,19;27;28;54;60;103;128;159;189,19;27;28;54;60;103;128;159;189,19;27;28;31;42;54;60;103;128;159;189,9,9,11,0,0,0,0.3,0.3,0.36666666666666664,0.0,0.0,0.0,0,2,3.59823176899954,20,16,1396,64,11,,original_uniform_floor_plus_prior_scores,maximum_cardinality_certified_superset_of_eBH_then_maximum_testing_evalue_sum,200,9,9,exact_dyadic_prefix_or_HiGHS_QUBO_MILP,300.0,1
410,dd11cdea0b8234071d7daec0bbb676ffdbef9dbfac0711d5d832e54994bba424,proven_maximal,maximize_sum_testing_e_values_at_maximum_cardinality,proven_optimal,0.0,0.0,1064.0146314164558,0,0,0,,,,0,0,0,0,0,0,0.0,0.0,0.0,0.0,0.0,0.0,0,0,1.5520165460038697,15,9,904,44,0,,original_uniform_floor_plus_prior_scores,maximum_cardinality_certified_superset_of_eBH_then_maximum_testing_evalue_sum,200,0,0,exact_dyadic_prefix_or_HiGHS_QUBO_MILP,300.0,1
411,d82eb1fab9f75eade025f0d1add245f2750b40f3926519249cd62d5195b9ebeb,proven_maximal,maximize_sum_testing_e_values_at_maximum_cardinality,proven_optimal,30936.455475494815,1.6328811283388747,18945.932400459784,5,5,5,25;42;90;140;158,25;42;90;140;158,25;42;90;140;158,5,5,5,0,0,0,0.16666666666666666,0.16666666666666666,0.16666666666666666,0.0,0.0,0.0,0,0,1.5180679000040982,17,7,607,40,5,,original_uniform_floor_plus_prior_scores,maximum_cardinality_certified_superset_of_eBH_then_maximum_testing_evalue_sum,200,5,5,exact_dyadic_prefix_or_HiGHS_QUBO_MILP,300.0,1
412,6a47d7a05c945ba0e40f1886e4a7800e3cf3d5851561a98d351ccddbc087bf2b,proven_maximal,maximize_sum_testing_e_values_at_maximum_cardinality,proven_optimal,30562.247058215376,2.0895527019541307,14626.214993110172,9,9,12,7;36;70;76;127;142;154;168;191,7;36;70;76;127;142;154;168;191,7;12;36;44;70;76;98;127;142;154;168;191,9,9,12,0,0,0,0.3,0.3,0.4,0.0,0.0,0.0,0,3,3.1590334540014737,15,10,705,45,12,,original_uniform_floor_plus_prior_scores,maximum_cardinality_certified_superset_of_eBH_then_maximum_testing_evalue_sum,200,9,9,exact_dyadic_prefix_or_HiGHS_QUBO_MILP,300.0,1
413,4eb296cf1ab5452e0f0feb96910269839b60b93d209dbff4c9d965b402e9aa79,proven_maximal,maximize_sum_testing_e_values_at_maximum_cardinality,proven_optimal,262659.0045204673,1.2461750345263414,210772.1606060752,8,8,9,6;17;85;95;100;132;138;177,6;17;85;95;100;132;138;177,6;17;85;95;100;106;132;138;177,8,8,9,0,0,0,0.26666666666666666,0.26666666666666666,0.3,0.0,0.0,0.0,0,1,1.3970291269943118,14,5,414,40,9,,original_uniform_floor_plus_prior_scores,maximum_cardinality_certified_superset_of_eBH_then_maximum_testing_evalue_sum,200,8,8,exact_dyadic_prefix_or_HiGHS_QUBO_MILP,300.0,1
414,bf7638765f325106513efc79ef70d1c05a7d2012e736ff551d223e735171be66,proven_maximal,maximize_sum_testing_e_values_at_maximum_cardinality,proven_optimal,72926.55285124434,2.943944261352135,24771.716573787857,11,11,17,9;26;28;29;62;66;84;124;138;153;191,9;26;28;29;62;66;84;124;138;153;191,9;26;28;29;56;62;66;71;84;124;138;141;144;153;157;167;191,11,11,17,0,0,0,0.36666666666666664,0.36666666666666664,0.5666666666666667,0.0,0.0,0.0,0,6,1.8020348390055005,13,11,1001,54,17,,original_uniform_floor_plus_prior_scores,maximum_cardinality_certified_superset_of_eBH_then_maximum_testing_evalue_sum,200,11,11,exact_dyadic_prefix_or_HiGHS_QUBO_MILP,300.0,1
415,88a399d72b4a4065271cdcff4c78477c8f9e47d330ba01bc02a95abc1323784a,proven_maximal,maximize_sum_testing_e_values_at_maximum_cardinality,proven_optimal,19106.342377089095,1.5374671784721345,12427.154637587852,6,6,6,35;83;128;140;174;190,35;83;128;140;174;190,35;83;128;140;174;190,6,6,6,0,0,0,0.2,0.2,0.2,0.0,0.0,0.0,0,0,0.9691621269957977,13,8,751,56,6,,original_uniform_floor_plus_prior_scores,maximum_cardinality_certified_superset_of_eBH_then_maximum_testing_evalue_sum,200,6,6,exact_dyadic_prefix_or_HiGHS_QUBO_MILP,300.0,1
416,041f36af6628f377a2770d71a0e9190aa94f19aca1b397c5e2d4784bf834baee,proven_maximal,maximize_sum_testing_e_values_at_maximum_cardinality,proven_optimal,27141.896581086963,1.8944557159640019,14327.015592061856,5,5,7,81;115;159;160;175,81;115;159;160;175,1;81;115;116;159;160;175,5,5,7,0,0,0,0.16666666666666666,0.16666666666666666,0.23333333333333334,0.0,0.0,0.0,0,2,1.023936445999425,12,8,627,51,7,,original_uniform_floor_plus_prior_scores,maximum_cardinality_certified_superset_of_eBH_then_maximum_testing_evalue_sum,200,5,5,exact_dyadic_prefix_or_HiGHS_QUBO_MILP,300.0,1
417,82469f91ddb41ce4ca01607ffc3bc79ca88129d1dd956b55cd5fb705b9b48b11,proven_maximal,maximize_sum_testing_e_values_at_maximum_cardinality,proven_optimal,27472.949127938526,2.2709040325503835,12097.80278433188,3,3,10,44;52;171,44;52;171,26;39;44;52;63;125;145;171;178;192,3,3,10,0,0,0,0.1,0.1,0.3333333333333333,0.0,0.0,0.0,0,7,1.6119354179973016,14,12,863,46,10,,original_uniform_floor_plus_prior_scores,maximum_cardinality_certified_superset_of_eBH_then_maximum_testing_evalue_sum,200,3,3,exact_dyadic_prefix_or_HiGHS_QUBO_MILP,300.0,1
418,d04523d3c736ac9ce602312b2a6fa0277726121b3b24a08616275cdbb39e06af,proven_maximal,maximize_sum_testing_e_values_at_maximum_cardinality,proven_optimal,0.0,0.0,1803.7729878913208,0,0,0,,,,0,0,0,0,0,0,0.0,0.0,0.0,0.0,0.0,0.0,0,0,1.1963091849975171,16,9,622,56,0,,original_uniform_floor_plus_prior_scores,maximum_cardinality_certified_superset_of_eBH_then_maximum_testing_evalue_sum,200,0,0,exact_dyadic_prefix_or_HiGHS_QUBO_MILP,300.0,1
419,05fd5a7c194d96c5ec2e40945d1196cf24e3be137d331bc0ab05a37d67d3c73a,proven_maximal,maximize_sum_testing_e_values_at_maximum_cardinality,proven_optimal,18112.479269949046,4.252061539475294,4259.693586698214,11,11,17,16;47;57;60;64;102;109;124;145;155;177,16;47;57;60;64;102;109;124;145;155;177,16;17;47;51;57;60;64;84;102;109;123;124;126;137;145;155;177,11,11,17,0,0,0,0.36666666666666664,0.36666666666666664,0.5666666666666667,0.0,0.0,0.0,0,6,1.1954847570013953,10,7,514,54,17,,original_uniform_floor_plus_prior_scores,maximum_cardinality_certified_superset_of_eBH_then_maximum_testing_evalue_sum,200,11,11,exact_dyadic_prefix_or_HiGHS_QUBO_MILP,300.0,1
420,7ac42d3952d45f1b0e123b0409310e46c868985f2f5ff3c82bdb7f993c0f3c35,proven_maximal,maximize_sum_testing_e_values_at_maximum_cardinality,proven_optimal,107367.66645686676,1.1683947242423331,91893.31672692316,11,11,16,8;23;34;51;56;103;124;127;145;153;189,8;23;34;51;56;103;124;127;145;153;189,7;8;23;34;40;51;56;64;103;111;124;127;145;147;153;189,11,11,16,0,0,0,0.36666666666666664,0.36666666666666664,0.5333333333333333,0.0,0.0,0.0,0,5,9.117466288000287,13,11,832,59,16,,original_uniform_floor_plus_prior_scores,maximum_cardinality_certified_superset_of_eBH_then_maximum_testing_evalue_sum,200,11,11,exact_dyadic_prefix_or_HiGHS_QUBO_MILP,300.0,1
421,69ca018217393ff5b89a633d0e37a7749f00d8e475691516caa33bc2132744bb,proven_maximal,maximize_sum_testing_e_values_at_maximum_cardinality,proven_optimal,53168.78323997522,1.6558149096916834,32110.34212143637,4,4,4,87;118;141;174,87;118;141;174,87;118;141;174,4,4,4,0,0,0,0.13333333333333333,0.13333333333333333,0.13333333333333333,0.0,0.0,0.0,0,0,0.7863996699961717,11,6,605,52,4,,original_uniform_floor_plus_prior_scores,maximum_cardinality_certified_superset_of_eBH_then_maximum_testing_evalue_sum,200,4,4,exact_dyadic_prefix_or_HiGHS_QUBO_MILP,300.0,1
422,2b10b945c3a27971e70f14b1cf7f608eff35519840a2a3c68e682532d69fc8b9,proven_maximal,maximize_sum_testing_e_values_at_maximum_cardinality,proven_optimal,30070.539147988577,3.920359436681202,7670.352587222188,9,9,14,1;20;22;33;114;136;152;156;176,1;20;22;33;114;136;152;156;176,1;20;22;33;48;97;114;120;135;136;137;152;156;176,9,9,14,0,0,0,0.3,0.3,0.4666666666666667,0.0,0.0,0.0,0,5,3.3458040119949146,14,9,765,57,14,,original_uniform_floor_plus_prior_scores,maximum_cardinality_certified_superset_of_eBH_then_maximum_testing_evalue_sum,200,9,9,exact_dyadic_prefix_or_HiGHS_QUBO_MILP,300.0,1
423,8b5fa3b8173760daf60a2627d9a17036ea2903c914be9dfd05a6f78bd25320a2,proven_maximal,maximize_sum_testing_e_values_at_maximum_cardinality,proven_optimal,105899.87491157686,1.3287226196639605,79700.51336851582,12,12,13,5;12;52;63;120;151;153;161;170;180;187;193,5;12;52;63;120;151;153;161;170;180;187;193,5;12;52;63;64;120;151;153;161;170;180;187;193,12,12,13,0,0,0,0.4,0.4,0.43333333333333335,0.0,0.0,0.0,0,1,2.438542896998115,16,7,663,49,13,,original_uniform_floor_plus_prior_scores,maximum_cardinality_certified_superset_of_eBH_then_maximum_testing_evalue_sum,200,12,12,exact_dyadic_prefix_or_HiGHS_QUBO_MILP,300.0,1
424,75f229c1ab67cb2861198282a9b83ff85db16a65b46ba6a07141930b106f2fb3,proven_maximal,maximize_sum_testing_e_values_at_maximum_cardinality,proven_optimal,18405.26805939609,2.4312417950859166,7570.315752467423,7,7,9,25;65;106;133;155;179;197,25;65;106;133;155;179;197,25;30;43;65;106;133;155;179;197,7,7,9,0,0,0,0.23333333333333334,0.23333333333333334,0.3,0.0,0.0,0.0,0,2,1.6343114400006016,13,10,866,55,9,,original_uniform_floor_plus_prior_scores,maximum_cardinality_certified_superset_of_eBH_then_maximum_testing_evalue_sum,200,7,7,exact_dyadic_prefix_or_HiGHS_QUBO_MILP,300.0,1
425,2c14cd1c3c67589f55f986f4cd3cf5e8d0a3d2ae34475d681f0f648d1e487cc1,proven_maximal,maximize_sum_testing_e_values_at_maximum_cardinality,proven_optimal,9815.80371537071,2.2617144264262556,4339.983687012468,3,3,5,45;188;194,45;188;194,43;45;126;188;194,3,3,5,0,0,0,0.1,0.1,0.16666666666666666,0.0,0.0,0.0,0,2,1.4492124509997666,18,10,698,52,5,,original_uniform_floor_plus_prior_scores,maximum_cardinality_certified_superset_of_eBH_then_maximum_testing_evalue_sum,200,3,3,exact_dyadic_prefix_or_HiGHS_QUBO_MILP,300.0,1
426,3d3cc9c59aebe7a01b2012c3f82803040298625c26892e02a3fd2d4931eb1af6,proven_maximal,maximize_sum_testing_e_values_at_maximum_cardinality,proven_optimal,13531.332819078405,2.286048088311998,5919.093691974716,6,6,6,37;113;125;152;154;176,37;113;125;152;154;176,37;113;125;152;154;176,6,6,6,0,0,0,0.2,0.2,0.2,0.0,0.0,0.0,0,0,1.2482338520057965,15,6,548,48,6,,original_uniform_floor_plus_prior_scores,maximum_cardinality_certified_superset_of_eBH_then_maximum_testing_evalue_sum,200,6,6,exact_dyadic_prefix_or_HiGHS_QUBO_MILP,300.0,1
427,6c4f81765581d41761096a37654cd86555122022ec6c2bc80231a9a9d19eb679,proven_maximal,maximize_sum_testing_e_values_at_maximum_cardinality,proven_optimal,29493.797761863458,1.8049911207161724,16340.134543244238,7,7,10,25;38;45;119;123;132;164,25;38;45;119;123;132;164,0;22;25;38;45;51;119;123;132;164,7,7,10,0,0,0,0.23333333333333334,0.23333333333333334,0.3333333333333333,0.0,0.0,0.0,0,3,1.575922937001451,16,9,542,54,10,,original_uniform_floor_plus_prior_scores,maximum_cardinality_certified_superset_of_eBH_then_maximum_testing_evalue_sum,200,7,7,exact_dyadic_prefix_or_HiGHS_QUBO_MILP,300.0,1
428,bf32f02f4a490e56f84b268d97d88b844c44c660c54fb33dd72ef8c70b61c086,proven_maximal,maximize_sum_testing_e_values_at_maximum_cardinality,proven_optimal,114817.1959661394,1.177179762246371,97535.82218151436,5,5,6,26;59;117;132;178,26;59;117;132;178,26;59;87;117;132;178,5,5,6,0,0,0,0.16666666666666666,0.16666666666666666,0.2,0.0,0.0,0.0,0,1,1.5258768860003329,17,8,679,57,6,,original_uniform_floor_plus_prior_scores,maximum_cardinality_certified_superset_of_eBH_then_maximum_testing_evalue_sum,200,5,5,exact_dyadic_prefix_or_HiGHS_QUBO_MILP,300.0,1
429,551d3dc06df783a3b52f4b7d42d12085b93b278f87aedb6a97238c91eb31e63c,proven_maximal,maximize_sum_testing_e_values_at_maximum_cardinality,proven_optimal,28679.555422141697,1.9302881986543599,14857.654645629991,7,7,8,12;19;67;80;120;147;153,12;19;67;80;120;147;153,12;19;53;67;80;120;147;153,7,7,8,0,0,0,0.23333333333333334,0.23333333333333334,0.26666666666666666,0.0,0.0,0.0,0,1,2.6179751609961386,26,18,973,56,8,,original_uniform_floor_plus_prior_scores,maximum_cardinality_certified_superset_of_eBH_then_maximum_testing_evalue_sum,200,7,7,exact_dyadic_prefix_or_HiGHS_QUBO_MILP,300.0,1
430,fa54600a3a3313492670dba73b87bdbd965235f95bee2ae11194e42631d09466,proven_maximal,maximize_sum_testing_e_values_at_maximum_cardinality,proven_optimal,2977.992255482389,1.0,2977.992255482389,0,0,1,,,70,0,0,1,0,0,0,0.0,0.0,0.03333333333333333,0.0,0.0,0.0,0,1,1.5002716800008784,19,10,733,46,1,,original_uniform_floor_plus_prior_scores,maximum_cardinality_certified_superset_of_eBH_then_maximum_testing_evalue_sum,200,0,0,exact_dyadic_prefix_or_HiGHS_QUBO_MILP,300.0,1
431,ab5286fcf19ec6189676c5dbfd05cea9d6fe30197f9fdbf529dc84147edbadb7,proven_maximal,maximize_sum_testing_e_values_at_maximum_cardinality,proven_optimal,15768.083272630627,1.491441966493497,10572.374672882976,3,3,3,101;132;179,101;132;179,101;132;179,3,3,3,0,0,0,0.1,0.1,0.1,0.0,0.0,0.0,0,0,1.5384339349984657,16,9,726,61,3,,original_uniform_floor_plus_prior_scores,maximum_cardinality_certified_superset_of_eBH_then_maximum_testing_evalue_sum,200,3,3,exact_dyadic_prefix_or_HiGHS_QUBO_MILP,300.0,1
432,f44af662fc702982fa718abdf6fbb9f3e0656f11b9b27d2f02e80566c583ced9,proven_maximal,maximize_sum_testing_e_values_at_maximum_cardinality,proven_optimal,100855.8881882643,1.9447601020911927,51860.32358428907,12,12,13,18;33;40;44;64;71;85;97;159;185;188;197,18;33;40;44;64;71;85;97;159;185;188;197,8;18;33;40;44;64;71;85;97;159;185;188;197,12,12,13,0,0,0,0.4,0.4,0.43333333333333335,0.0,0.0,0.0,0,1,4.144660912003019,12,8,518,49,13,,original_uniform_floor_plus_prior_scores,maximum_cardinality_certified_superset_of_eBH_then_maximum_testing_evalue_sum,200,12,12,exact_dyadic_prefix_or_HiGHS_QUBO_MILP,300.0,1
433,b9599c28fdb742f7369c9f025cdbf606b27b7cc4a737cdd98221cb79c0474883,proven_maximal,maximize_sum_testing_e_values_at_maximum_cardinality,proven_optimal,50674.85298743287,1.0873867272743412,46602.42001891559,2,2,4,8;59,8;59,8;59;121;143,2,2,4,0,0,0,0.06666666666666667,0.06666666666666667,0.13333333333333333,0.0,0.0,0.0,0,2,1.4031082869987586,16,9,664,52,4,,original_uniform_floor_plus_prior_scores,maximum_cardinality_certified_superset_of_eBH_then_maximum_testing_evalue_sum,200,2,2,exact_dyadic_prefix_or_HiGHS_QUBO_MILP,300.0,1
434,1f079f5a0ec1cec5af5028271acd5768b5cc0c7d93a8c016b6b1aef3cd26a7d1,proven_maximal,maximize_sum_testing_e_values_at_maximum_cardinality,proven_optimal,128450.87039761907,1.6138826939302309,79591.20627584602,8,8,10,8;35;44;63;117;128;135;199,8;35;44;63;117;128;135;199,8;35;36;44;63;110;117;128;135;199,8,8,10,0,0,0,0.26666666666666666,0.26666666666666666,0.3333333333333333,0.0,0.0,0.0,0,2,2.270186459994875,19,16,1238,65,10,,original_uniform_floor_plus_prior_scores,maximum_cardinality_certified_superset_of_eBH_then_maximum_testing_evalue_sum,200,8,8,exact_dyadic_prefix_or_HiGHS_QUBO_MILP,300.0,1
435,5dec255527a68b13cf1d2cb6f3440a397ae6ebbc36db2f753e992e97b25c3e75,proven_maximal,maximize_sum_testing_e_values_at_maximum_cardinality,proven_optimal,26095.984423009802,1.651613542597953,15800.296952010562,3,3,3,69;121;193,69;121;193,69;121;193,3,3,3,0,0,0,0.1,0.1,0.1,0.0,0.0,0.0,0,0,1.2598856129989144,16,7,645,55,3,,original_uniform_floor_plus_prior_scores,maximum_cardinality_certified_superset_of_eBH_then_maximum_testing_evalue_sum,200,3,3,exact_dyadic_prefix_or_HiGHS_QUBO_MILP,300.0,1
436,032b9e1aa991b133afe6563198637ee587f60b176f25d1e07bb1f9da578e140d,proven_maximal,maximize_sum_testing_e_values_at_maximum_cardinality,proven_optimal,133941.4740590265,1.3142685287761875,101913.32374347372,8,8,9,13;39;117;121;129;140;154;191,13;39;117;121;129;140;154;191,0;13;39;117;121;129;140;154;191,8,8,9,0,0,0,0.26666666666666666,0.26666666666666666,0.3,0.0,0.0,0.0,0,1,2.335153435000393,21,13,1142,58,9,,original_uniform_floor_plus_prior_scores,maximum_cardinality_certified_superset_of_eBH_then_maximum_testing_evalue_sum,200,8,8,exact_dyadic_prefix_or_HiGHS_QUBO_MILP,300.0,1
437,63674bfecc58a676f3211d8479deab0ee1db7f2e5498643e3af1ff6d804c3872,proven_maximal,maximize_sum_testing_e_values_at_maximum_cardinality,proven_optimal,134967.61128708904,1.145052073619494,117870.28240598548,3,3,6,121;130;173,121;130;173,5;13;121;130;173;175,3,3,6,0,0,0,0.1,0.1,0.2,0.0,0.0,0.0,0,3,1.0910765849985182,12,9,671,46,6,,original_uniform_floor_plus_prior_scores,maximum_cardinality_certified_superset_of_eBH_then_maximum_testing_evalue_sum,200,3,3,exact_dyadic_prefix_or_HiGHS_QUBO_MILP,300.0,1
438,6a403e4a3ff3aedeec8ffaef45574254f189a4fe7bdebe115cd0e412de0cf4b2,proven_maximal,maximize_sum_testing_e_values_at_maximum_cardinality,proven_optimal,138655.47245255666,1.3773496326610914,100668.31918680594,14,14,15,28;33;41;43;53;89;92;102;106;117;159;169;180;182,28;33;41;43;53;89;92;102;106;117;159;169;180;182,28;33;41;43;53;89;92;102;106;117;140;159;169;180;182,14,14,15,0,0,0,0.4666666666666667,0.4666666666666667,0.5,0.0,0.0,0.0,0,1,5.369909744003962,16,9,731,64,15,,original_uniform_floor_plus_prior_scores,maximum_cardinality_certified_superset_of_eBH_then_maximum_testing_evalue_sum,200,14,14,exact_dyadic_prefix_or_HiGHS_QUBO_MILP,300.0,1
439,bcef2275a927ed222622390a45e79adcf77ada575a35f4d623e061c76462e9e2,proven_maximal,maximize_sum_testing_e_values_at_maximum_cardinality,proven_optimal,33932.94068493951,2.0883478107538744,16248.701729761207,8,8,10,12;34;117;120;153;176;177;186,12;34;117;120;153;176;177;186,12;24;34;37;117;120;153;176;177;186,8,8,10,0,0,0,0.26666666666666666,0.26666666666666666,0.3333333333333333,0.0,0.0,0.0,0,2,3.5109034269989934,24,19,1519,49,10,,original_uniform_floor_plus_prior_scores,maximum_cardinality_certified_superset_of_eBH_then_maximum_testing_evalue_sum,200,8,8,exact_dyadic_prefix_or_HiGHS_QUBO_MILP,300.0,1
440,1db91fa1ebf7f51de13827a4b03458c87b32133995e1bb6020b6407f188384c6,proven_maximal,maximize_sum_testing_e_values_at_maximum_cardinality,proven_optimal,18803.004653178275,1.5129330344709193,12428.180378620516,7,7,7,10;16;19;30;37;91;104,10;16;19;30;37;91;104,10;16;19;30;37;91;104,7,7,7,0,0,0,0.23333333333333334,0.23333333333333334,0.23333333333333334,0.0,0.0,0.0,0,0,2.157991149004374,20,10,740,56,7,,original_uniform_floor_plus_prior_scores,maximum_cardinality_certified_superset_of_eBH_then_maximum_testing_evalue_sum,200,7,7,exact_dyadic_prefix_or_HiGHS_QUBO_MILP,300.0,1
441,f9af51eb6e521c7ac756fc20787c3e065fe6728da0dc0bab60a2b4f9894f4bde,proven_maximal,maximize_sum_testing_e_values_at_maximum_cardinality,proven_optimal,11913.711787121189,1.8991208854296875,6273.277219225379,1,1,10,92,92,90;92;111;120;129;132;151;181;189;193,1,1,9,0,0,1,0.03333333333333333,0.03333333333333333,0.3,0.0,0.0,0.1,0,9,2.2230055289983284,15,14,1017,52,10,,original_uniform_floor_plus_prior_scores,maximum_cardinality_certified_superset_of_eBH_then_maximum_testing_evalue_sum,200,1,1,exact_dyadic_prefix_or_HiGHS_QUBO_MILP,300.0,1
442,d66c27b1896dcec25a655c263a7f6dc6455a64ff779e2fd3ec97f959ba0c6e9f,proven_maximal,maximize_sum_testing_e_values_at_maximum_cardinality,proven_optimal,42898.05878024908,2.506959446260513,17111.588639472266,7,7,11,5;42;44;69;85;125;182,5;42;44;69;85;125;182,5;18;42;44;69;73;85;125;150;182;193,7,7,11,0,0,0,0.23333333333333334,0.23333333333333334,0.36666666666666664,0.0,0.0,0.0,0,4,1.9139122540000244,16,14,1045,46,11,,original_uniform_floor_plus_prior_scores,maximum_cardinality_certified_superset_of_eBH_then_maximum_testing_evalue_sum,200,7,7,exact_dyadic_prefix_or_HiGHS_QUBO_MILP,300.0,1
443,5e4bc52dd73d2eb75f13c44f1381b0ed3574fdc9e4bc6183e3fdb2ac999c36f2,proven_maximal,maximize_sum_testing_e_values_at_maximum_cardinality,proven_optimal,29596.62418879038,1.832437678588581,16151.503832636165,4,4,6,41;88;139;174,41;88;139;174,41;88;90;103;139;174,4,4,6,0,0,0,0.13333333333333333,0.13333333333333333,0.2,0.0,0.0,0.0,0,2,1.4735096840013284,18,10,593,58,6,,original_uniform_floor_plus_prior_scores,maximum_cardinality_certified_superset_of_eBH_then_maximum_testing_evalue_sum,200,4,4,exact_dyadic_prefix_or_HiGHS_QUBO_MILP,300.0,1
444,5642e2a7b95b424e5b123f6c25ce4f1f3619cfb03abe22bd771f093433ca6ee3,proven_maximal,maximize_sum_testing_e_values_at_maximum_cardinality,proven_optimal,21904.34533187168,1.6631210175087867,13170.626251048476,4,4,8,7;85;92;164,7;85;92;164,7;35;57;85;92;104;150;164,4,4,8,0,0,0,0.13333333333333333,0.13333333333333333,0.26666666666666666,0.0,0.0,0.0,0,4,1.0329138550005155,10,9,755,50,8,,original_uniform_floor_plus_prior_scores,maximum_cardinality_certified_superset_of_eBH_then_maximum_testing_evalue_sum,200,4,4,exact_dyadic_prefix_or_HiGHS_QUBO_MILP,300.0,1
445,23a2b383aa52167d208220608262522fa84346b2493d07d6f12926585caa2224,proven_maximal,maximize_sum_testing_e_values_at_maximum_cardinality,proven_optimal,147341.73758718002,1.301112519517796,113242.88666577906,9,9,10,24;54;65;68;72;123;140;147;183,24;54;65;68;72;123;140;147;183,24;54;65;68;72;123;140;147;176;183,9,9,10,0,0,0,0.3,0.3,0.3333333333333333,0.0,0.0,0.0,0,1,5.461699204999604,28,23,1262,37,10,,original_uniform_floor_plus_prior_scores,maximum_cardinality_certified_superset_of_eBH_then_maximum_testing_evalue_sum,200,9,9,exact_dyadic_prefix_or_HiGHS_QUBO_MILP,300.0,1
446,1b8ff434e5e3f7fad9f1d61edc7ba50c31d6787aa5279dcc223d41bd2152ff5f,proven_maximal,maximize_sum_testing_e_values_at_maximum_cardinality,proven_optimal,31357.24834945323,2.5024261749414776,12530.738634152338,4,4,6,89;97;103;171,89;97;103;171,32;74;89;97;103;171,4,4,6,0,0,0,0.13333333333333333,0.13333333333333333,0.2,0.0,0.0,0.0,0,2,0.9949586420043488,13,11,676,58,6,,original_uniform_floor_plus_prior_scores,maximum_cardinality_certified_superset_of_eBH_then_maximum_testing_evalue_sum,200,4,4,exact_dyadic_prefix_or_HiGHS_QUBO_MILP,300.0,1
447,61aa946c7aa905f4c42cd174dbd948eb224630a1c2e2f09e41ee21c979be5dee,proven_maximal,maximize_sum_testing_e_values_at_maximum_cardinality,proven_optimal,25463.676035681558,3.6795931725978335,6920.242222784624,8,8,10,1;95;113;121;123;131;142;192,1;95;113;121;123;131;142;192,1;95;113;121;123;131;142;177;192;195,8,8,10,0,0,0,0.26666666666666666,0.26666666666666666,0.3333333333333333,0.0,0.0,0.0,0,2,1.0690662550041452,11,8,647,45,10,,original_uniform_floor_plus_prior_scores,maximum_cardinality_certified_superset_of_eBH_then_maximum_testing_evalue_sum,200,8,8,exact_dyadic_prefix_or_HiGHS_QUBO_MILP,300.0,1
448,576a76ab3abd5215b9daab7d8dc41812fdce4d9eeaf6cf6ac0d402b10162118c,proven_maximal,maximize_sum_testing_e_values_at_maximum_cardinality,proven_optimal,15476.057657222273,1.9076946002758879,8112.439829197057,5,5,8,33;40;62;114;193,33;40;62;114;193,33;40;44;62;114;166;172;193,5,5,8,0,0,0,0.16666666666666666,0.16666666666666666,0.26666666666666666,0.0,0.0,0.0,0,3,1.6848346940023475,18,11,613,50,8,,original_uniform_floor_plus_prior_scores,maximum_cardinality_certified_superset_of_eBH_then_maximum_testing_evalue_sum,200,5,5,exact_dyadic_prefix_or_HiGHS_QUBO_MILP,300.0,1
449,3069e6f255ad8418dd7a2180a0bec58aee04e51bc6832b4abf310093df541f08,proven_maximal,maximize_sum_testing_e_values_at_maximum_cardinality,proven_optimal,11858.261822642953,2.818777632505208,4206.880913874657,5,5,6,57;80;102;159;188,57;80;102;159;188,57;67;80;102;159;188,5,5,6,0,0,0,0.16666666666666666,0.16666666666666666,0.2,0.0,0.0,0.0,0,1,1.9073210429996834,20,11,947,57,6,,original_uniform_floor_plus_prior_scores,maximum_cardinality_certified_superset_of_eBH_then_maximum_testing_evalue_sum,200,5,5,exact_dyadic_prefix_or_HiGHS_QUBO_MILP,300.0,1
450,2f74621af3f56cafee054bb7007efaa57f5d4abc66d80d4e1cd372f753bf7fce,proven_maximal,maximize_sum_testing_e_values_at_maximum_cardinality,proven_optimal,109784.03155184754,1.2617363699233493,87010.27739932467,7,7,10,51;69;98;111;137;146;147,51;69;98;111;137;146;147,17;51;68;69;91;98;111;137;146;147,7,7,10,0,0,0,0.23333333333333334,0.23333333333333334,0.3333333333333333,0.0,0.0,0.0,0,3,1.0635904990049312,11,9,664,44,10,,original_uniform_floor_plus_prior_scores,maximum_cardinality_certified_superset_of_eBH_then_maximum_testing_evalue_sum,200,7,7,exact_dyadic_prefix_or_HiGHS_QUBO_MILP,300.0,1
451,4e2dfb40f30dd1035817e1e9ccd50827ae5c0f6aa62779854f5cb76289354048,proven_maximal,maximize_sum_testing_e_values_at_maximum_cardinality,proven_optimal,10183.864009206829,2.2855673684924875,4455.726901598133,2,2,11,121;141,121;141,0;4;17;61;110;121;141;163;180;185;199,2,2,11,0,0,0,0.06666666666666667,0.06666666666666667,0.36666666666666664,0.0,0.0,0.0,0,9,1.2957112020012573,12,11,714,61,11,,original_uniform_floor_plus_prior_scores,maximum_cardinality_certified_superset_of_eBH_then_maximum_testing_evalue_sum,200,2,2,exact_dyadic_prefix_or_HiGHS_QUBO_MILP,300.0,1
452,4d21818c4ca6e2a466abd8a295b04a507c198620df569955cab846aeefcc76cf,proven_maximal,maximize_sum_testing_e_values_at_maximum_cardinality,proven_optimal,87333.0778458763,2.1116720346129636,41357.31136955795,18,18,20,9;13;18;19;33;40;70;79;87;99;102;104;115;128;151;181;186;189,9;13;18;19;33;40;70;79;87;99;102;104;115;128;151;181;186;189,9;13;18;19;23;33;40;70;79;87;99;102;104;115;125;128;151;181;186;189,18,18,20,0,0,0,0.6,0.6,0.6666666666666666,0.0,0.0,0.0,0,2,2.9578904090012657,9,7,606,55,20,,original_uniform_floor_plus_prior_scores,maximum_cardinality_certified_superset_of_eBH_then_maximum_testing_evalue_sum,200,18,18,exact_dyadic_prefix_or_HiGHS_QUBO_MILP,300.0,1
453,eac791a638ccdcba19e6177e6f670cbae0fa36b54294bbe16b07e4217a2d595f,proven_maximal,maximize_sum_testing_e_values_at_maximum_cardinality,proven_optimal,15506.95135652483,2.5759194867771305,6019.967408191938,5,5,5,12;24;60;154;175,12;24;60;154;175,12;24;60;154;175,5,5,5,0,0,0,0.16666666666666666,0.16666666666666666,0.16666666666666666,0.0,0.0,0.0,0,0,1.7251427159935702,19,15,1061,56,5,,original_uniform_floor_plus_prior_scores,maximum_cardinality_certified_superset_of_eBH_then_maximum_testing_evalue_sum,200,5,5,exact_dyadic_prefix_or_HiGHS_QUBO_MILP,300.0,1
454,fba6e80ea928f01cb25a5d0f390d6b97af340e0048ba1f1ffab02976a896d6de,proven_maximal,maximize_sum_testing_e_values_at_maximum_cardinality,proven_optimal,10924.496007287758,2.0634198560812687,5294.364099042329,6,6,6,28;33;54;58;72;80,28;33;54;58;72;80,28;33;54;58;72;80,6,6,6,0,0,0,0.2,0.2,0.2,0.0,0.0,0.0,0,0,1.4609409670010791,14,11,1006,54,6,,original_uniform_floor_plus_prior_scores,maximum_cardinality_certified_superset_of_eBH_then_maximum_testing_evalue_sum,200,6,6,exact_dyadic_prefix_or_HiGHS_QUBO_MILP,300.0,1
455,706802d432039ed99bf60e9b947b935b0948d99074627117fe0d2bcdd7c38609,proven_maximal,maximize_sum_testing_e_values_at_maximum_cardinality,proven_optimal,32296.408877745784,1.6013833040602248,20167.81915726229,6,6,6,7;22;75;103;156;171,7;22;75;103;156;171,7;22;75;103;156;171,6,6,6,0,0,0,0.2,0.2,0.2,0.0,0.0,0.0,0,0,1.0959270029998152,14,7,719,56,6,,original_uniform_floor_plus_prior_scores,maximum_cardinality_certified_superset_of_eBH_then_maximum_testing_evalue_sum,200,6,6,exact_dyadic_prefix_or_HiGHS_QUBO_MILP,300.0,1
456,8e4eb501e5135f39d31e6c4f2aa97505cf08d7c65f9ffd42fcf7efe5fa61ce23,proven_maximal,maximize_sum_testing_e_values_at_maximum_cardinality,proven_optimal,150110.3184602801,1.5826816603881055,94845.5537315508,9,9,17,3;35;45;66;89;101;120;152;181,3;35;45;66;89;101;120;152;181,3;18;25;35;45;61;66;89;101;105;110;111;120;152;160;174;181,8,8,16,1,1,1,0.26666666666666666,0.26666666666666666,0.5333333333333333,0.1111111111111111,0.1111111111111111,0.058823529411764705,0,8,0.9773288750002393,7,7,615,50,17,,original_uniform_floor_plus_prior_scores,maximum_cardinality_certified_superset_of_eBH_then_maximum_testing_evalue_sum,200,9,9,exact_dyadic_prefix_or_HiGHS_QUBO_MILP,300.0,1
457,eaf1b2a5deea147294471208f8517896d5b58a93601f285ab0ee086ac3a68dfb,proven_maximal,maximize_sum_testing_e_values_at_maximum_cardinality,proven_optimal,27539.78735257677,1.656326940222694,16627.0237377616,2,2,11,27;139,27;139,3;18;27;34;46;61;81;103;106;115;139,2,2,11,0,0,0,0.06666666666666667,0.06666666666666667,0.36666666666666664,0.0,0.0,0.0,0,9,2.160153374999936,15,14,876,55,11,,original_uniform_floor_plus_prior_scores,maximum_cardinality_certified_superset_of_eBH_then_maximum_testing_evalue_sum,200,2,2,exact_dyadic_prefix_or_HiGHS_QUBO_MILP,300.0,1
458,fe2c226d78bf439b50a2bfd8156bd6e9e1b70daf7204c3f710af8c01c7c5a736,proven_maximal,maximize_sum_testing_e_values_at_maximum_cardinality,proven_optimal,0.0,0.0,1396.5451977788864,0,0,0,,,,0,0,0,0,0,0,0.0,0.0,0.0,0.0,0.0,0.0,0,0,1.214428973995382,16,7,642,40,0,,original_uniform_floor_plus_prior_scores,maximum_cardinality_certified_superset_of_eBH_then_maximum_testing_evalue_sum,200,0,0,exact_dyadic_prefix_or_HiGHS_QUBO_MILP,300.0,1
459,e09a5ca5067fc47d052c9c6a8475ba0d84ccf08081835fa08579270749daedc4,proven_maximal,maximize_sum_testing_e_values_at_maximum_cardinality,proven_optimal,57706.34161690186,1.6357209892711753,35278.84156002299,4,4,6,95;127;142;199,95;127;142;199,95;125;127;142;166;199,4,4,6,0,0,0,0.13333333333333333,0.13333333333333333,0.2,0.0,0.0,0.0,0,2,0.976237085997127,12,8,615,55,6,,original_uniform_floor_plus_prior_scores,maximum_cardinality_certified_superset_of_eBH_then_maximum_testing_evalue_sum,200,4,4,exact_dyadic_prefix_or_HiGHS_QUBO_MILP,300.0,1
460,804e0a2d318793efe913ae3688be2cf90956e0904982e78edf148d293a04fce0,proven_maximal,maximize_sum_testing_e_values_at_maximum_cardinality,proven_optimal,41706.83087425252,1.8162669770147912,22962.940692123186,2,2,3,103;177,103;177,103;177;180,2,2,3,0,0,0,0.06666666666666667,0.06666666666666667,0.1,0.0,0.0,0.0,0,1,1.6260676629972295,17,8,621,37,3,,original_uniform_floor_plus_prior_scores,maximum_cardinality_certified_superset_of_eBH_then_maximum_testing_evalue_sum,200,2,2,exact_dyadic_prefix_or_HiGHS_QUBO_MILP,300.0,1
461,236073b54a3a58b1f780513c23129f6d4f46e15ddbff5e0dc9053a23abfdd3ca,proven_maximal,maximize_sum_testing_e_values_at_maximum_cardinality,proven_optimal,296342.6103745414,1.6226345451984883,182630.53208835225,10,10,13,8;36;61;67;72;102;103;116;152;172,8;36;61;67;72;102;103;116;152;172,8;36;42;61;65;67;72;93;102;103;116;152;172,10,10,13,0,0,0,0.3333333333333333,0.3333333333333333,0.43333333333333335,0.0,0.0,0.0,0,3,2.6567267299978994,12,10,809,54,13,,original_uniform_floor_plus_prior_scores,maximum_cardinality_certified_superset_of_eBH_then_maximum_testing_evalue_sum,200,10,10,exact_dyadic_prefix_or_HiGHS_QUBO_MILP,300.0,1
462,db0714bfe16ea6d6e83c3c995347267d7200eca3978e7b70667d4fe2cbd327a4,proven_maximal,maximize_sum_testing_e_values_at_maximum_cardinality,proven_optimal,14213.39268130085,1.180762655291124,12037.468002234924,1,1,3,101,101,96;101;163,1,1,3,0,0,0,0.03333333333333333,0.03333333333333333,0.1,0.0,0.0,0.0,0,2,2.849221062999277,21,14,1274,43,3,,original_uniform_floor_plus_prior_scores,maximum_cardinality_certified_superset_of_eBH_then_maximum_testing_evalue_sum,200,1,1,exact_dyadic_prefix_or_HiGHS_QUBO_MILP,300.0,1
463,818013ed8b66790fecc4b6cf6579df0b3115d88d93773aa739724fa36682b323,proven_maximal,maximize_sum_testing_e_values_at_maximum_cardinality,proven_optimal,238699.60696425033,1.1355395348310533,210208.09900710703,11,11,12,2;28;45;52;57;78;94;130;150;184;189,2;28;45;52;57;78;94;130;150;184;189,2;28;45;52;57;58;78;94;130;150;184;189,11,11,12,0,0,0,0.36666666666666664,0.36666666666666664,0.4,0.0,0.0,0.0,0,1,3.1277591839971137,16,10,980,50,12,,original_uniform_floor_plus_prior_scores,maximum_cardinality_certified_superset_of_eBH_then_maximum_testing_evalue_sum,200,11,11,exact_dyadic_prefix_or_HiGHS_QUBO_MILP,300.0,1
464,35eefff3a7bfdf1a018d27ff1b758221cd5c1935ac7798b0cafbcf3edb9735b6,proven_maximal,maximize_sum_testing_e_values_at_maximum_cardinality,proven_optimal,42818.74878214336,1.6500202654486362,25950.43811204407,6,6,10,4;13;74;92;175;199,4;13;74;92;175;199,4;9;13;43;69;74;92;132;175;199,6,6,10,0,0,0,0.2,0.2,0.3333333333333333,0.0,0.0,0.0,0,4,1.8822968189997482,15,10,750,51,10,,original_uniform_floor_plus_prior_scores,maximum_cardinality_certified_superset_of_eBH_then_maximum_testing_evalue_sum,200,6,6,exact_dyadic_prefix_or_HiGHS_QUBO_MILP,300.0,1
465,9749b6380cbab98c36f648354b69553d69cce55a8cb60c7e8ce753beb88b08fe,proven_maximal,maximize_sum_testing_e_values_at_maximum_cardinality,proven_optimal,59337.903803312256,1.5851609676870484,37433.36166666645,5,5,9,53;67;131;140;193,53;67;131;140;193,6;26;53;67;112;131;133;140;193,5,5,8,0,0,1,0.16666666666666666,0.16666666666666666,0.26666666666666666,0.0,0.0,0.1111111111111111,0,4,1.3141544719983358,12,8,618,56,9,,original_uniform_floor_plus_prior_scores,maximum_cardinality_certified_superset_of_eBH_then_maximum_testing_evalue_sum,200,5,5,exact_dyadic_prefix_or_HiGHS_QUBO_MILP,300.0,1
466,097c59d189738705ad2e835654052aac3fe9b4e2a9a6ecfa743d339f2a2d7cfe,proven_maximal,maximize_sum_testing_e_values_at_maximum_cardinality,proven_optimal,3123.0977407201904,1.0,3123.0977407201904,0,0,1,,,135,0,0,1,0,0,0,0.0,0.0,0.03333333333333333,0.0,0.0,0.0,0,1,2.5417572540027322,21,13,870,53,1,,original_uniform_floor_plus_prior_scores,maximum_cardinality_certified_superset_of_eBH_then_maximum_testing_evalue_sum,200,0,0,exact_dyadic_prefix_or_HiGHS_QUBO_MILP,300.0,1
467,7e0e32374e87a21a8a3760520b86f494a79577f546d979383522d6cb7765a5ec,proven_maximal,maximize_sum_testing_e_values_at_maximum_cardinality,proven_optimal,131089.6020169649,1.146336126249866,114355.29162446671,7,7,11,1;11;69;73;158;178;197,1;11;69;73;158;178;197,1;11;53;69;73;110;152;158;173;178;197,7,7,11,0,0,0,0.23333333333333334,0.23333333333333334,0.36666666666666664,0.0,0.0,0.0,0,4,2.3902466609943076,19,13,996,60,11,,original_uniform_floor_plus_prior_scores,maximum_cardinality_certified_superset_of_eBH_then_maximum_testing_evalue_sum,200,7,7,exact_dyadic_prefix_or_HiGHS_QUBO_MILP,300.0,1
468,ac5f5c76c8eb9f9aef1854495f295a67acc4296ab4297e20231ed09daf562ce2,proven_maximal,maximize_sum_testing_e_values_at_maximum_cardinality,proven_optimal,38467.69314976984,2.1196001603704144,18148.56116214265,3,3,4,86;100;160,86;100;160,0;86;100;160,3,3,4,0,0,0,0.1,0.1,0.13333333333333333,0.0,0.0,0.0,0,1,1.3629214449974825,14,9,611,44,4,,original_uniform_floor_plus_prior_scores,maximum_cardinality_certified_superset_of_eBH_then_maximum_testing_evalue_sum,200,3,3,exact_dyadic_prefix_or_HiGHS_QUBO_MILP,300.0,1
469,d7e8201dd59ceef19ba07a6d2c18ab55ba825cfee5d8cd7b8799cecca00280b7,proven_maximal,maximize_sum_testing_e_values_at_maximum_cardinality,proven_optimal,17383.44108937573,1.394053121535065,12469.712108412275,7,7,9,0;20;27;110;130;136;177,0;20;27;110;130;136;177,0;20;24;27;110;130;136;166;177,7,7,9,0,0,0,0.23333333333333334,0.23333333333333334,0.3,0.0,0.0,0.0,0,2,1.7458513199962908,16,11,752,52,9,,original_uniform_floor_plus_prior_scores,maximum_cardinality_certified_superset_of_eBH_then_maximum_testing_evalue_sum,200,7,7,exact_dyadic_prefix_or_HiGHS_QUBO_MILP,300.0,1
470,9def4b5af0ff99db05cbfb1ae66252c6c0d39680842a762d3628a90e1ac77620,proven_maximal,maximize_sum_testing_e_values_at_maximum_cardinality,proven_optimal,1652637.315952717,1.0282105107852861,1607294.711168174,10,10,14,7;21;47;51;102;117;146;151;153;184,7;21;47;51;102;117;146;151;153;184,7;21;47;51;55;102;117;127;141;146;151;153;184;186,10,10,14,0,0,0,0.3333333333333333,0.3333333333333333,0.4666666666666667,0.0,0.0,0.0,0,4,31.45446861999517,19,13,710,52,14,,original_uniform_floor_plus_prior_scores,maximum_cardinality_certified_superset_of_eBH_then_maximum_testing_evalue_sum,200,10,10,exact_dyadic_prefix_or_HiGHS_QUBO_MILP,300.0,1
471,e0c407ff8c19262fbc3edb064f947f3c92ccb647bcf02ccc700f0f874436c165,proven_maximal,maximize_sum_testing_e_values_at_maximum_cardinality,proven_optimal,10203.3109306866,3.149093557105415,3240.078691109223,3,3,17,15;168;181,15;168;181,2;12;15;29;40;43;45;68;92;108;135;136;140;168;174;181;197,3,3,17,0,0,0,0.1,0.1,0.5666666666666667,0.0,0.0,0.0,0,14,2.250875875004567,10,10,735,59,17,,original_uniform_floor_plus_prior_scores,maximum_cardinality_certified_superset_of_eBH_then_maximum_testing_evalue_sum,200,3,3,exact_dyadic_prefix_or_HiGHS_QUBO_MILP,300.0,1
472,19dbb02a685d072ce066c9252f88a70514d7afac7d3324ef5398fd561100a1a3,proven_maximal,maximize_sum_testing_e_values_at_maximum_cardinality,proven_optimal,18695.711007219015,2.407895338939929,7764.337056049025,4,4,4,48;59;85;173,48;59;85;173,48;59;85;173,4,4,4,0,0,0,0.13333333333333333,0.13333333333333333,0.13333333333333333,0.0,0.0,0.0,0,0,2.7240080579940695,18,11,998,45,4,,original_uniform_floor_plus_prior_scores,maximum_cardinality_certified_superset_of_eBH_then_maximum_testing_evalue_sum,200,4,4,exact_dyadic_prefix_or_HiGHS_QUBO_MILP,300.0,1
473,9f486e905c19b4336fac72f7361ee99863335e7636f0206330bfaa3b5f063fc7,proven_maximal,maximize_sum_testing_e_values_at_maximum_cardinality,proven_optimal,343905.36328367,1.642413492479153,209390.24481865377,9,9,11,21;24;32;47;53;155;171;176;181,21;24;32;47;53;155;171;176;181,21;24;32;47;53;85;155;160;171;176;181,9,9,11,0,0,0,0.3,0.3,0.36666666666666664,0.0,0.0,0.0,0,2,3.1336224699989543,18,10,720,53,11,,original_uniform_floor_plus_prior_scores,maximum_cardinality_certified_superset_of_eBH_then_maximum_testing_evalue_sum,200,9,9,exact_dyadic_prefix_or_HiGHS_QUBO_MILP,300.0,1
474,272c5c7963e8f6daf55318b2c80811fd356fca7865c0e56caf6f7c10c58e3588,proven_maximal,maximize_sum_testing_e_values_at_maximum_cardinality,proven_optimal,59176.531841013944,1.8735581255400042,31585.10591922941,3,3,5,25;152;195,25;152;195,25;131;148;152;195,3,3,5,0,0,0,0.1,0.1,0.16666666666666666,0.0,0.0,0.0,0,2,1.9558049619954545,15,7,581,55,5,,original_uniform_floor_plus_prior_scores,maximum_cardinality_certified_superset_of_eBH_then_maximum_testing_evalue_sum,200,3,3,exact_dyadic_prefix_or_HiGHS_QUBO_MILP,300.0,1
475,8611f1ad46d34b5491a763d21d9c844941576bdadfe09b5e93b1e788d22fe509,proven_maximal,maximize_sum_testing_e_values_at_maximum_cardinality,proven_optimal,11313.667653130084,4.068044099806123,2781.1074254748805,6,6,12,65;84;108;116;121;172,65;84;108;116;121;172,37;47;61;65;84;94;108;116;121;158;172;188,6,6,12,0,0,0,0.2,0.2,0.4,0.0,0.0,0.0,0,6,3.4132934890003526,14,13,1103,50,12,,original_uniform_floor_plus_prior_scores,maximum_cardinality_certified_superset_of_eBH_then_maximum_testing_evalue_sum,200,6,6,exact_dyadic_prefix_or_HiGHS_QUBO_MILP,300.0,1
476,79c2a3c20d921b41fbd3098922031fcf005f9a87ba3c9442802a00433c717970,proven_maximal,maximize_sum_testing_e_values_at_maximum_cardinality,proven_optimal,213333.40817521387,1.0554539118324997,202124.79747677493,5,5,5,10;52;73;97;135,10;52;73;97;135,10;52;73;97;135,5,5,5,0,0,0,0.16666666666666666,0.16666666666666666,0.16666666666666666,0.0,0.0,0.0,0,0,2.8746121110016247,19,11,917,51,5,,original_uniform_floor_plus_prior_scores,maximum_cardinality_certified_superset_of_eBH_then_maximum_testing_evalue_sum,200,5,5,exact_dyadic_prefix_or_HiGHS_QUBO_MILP,300.0,1
477,a07a17bc403d835929be579d3d3982ea3c8a46c0b09a62811897bc2ee1444a19,proven_maximal,maximize_sum_testing_e_values_at_maximum_cardinality,proven_optimal,37801.58644064424,2.458591449003289,15375.30216985379,15,15,15,11;25;37;38;49;62;70;75;77;86;97;143;157;166;196,11;25;37;38;49;62;70;75;77;86;97;143;157;166;196,11;25;37;38;49;62;70;75;77;86;97;143;157;166;196,14,14,14,1,1,1,0.4666666666666667,0.4666666666666667,0.4666666666666667,0.06666666666666667,0.06666666666666667,0.06666666666666667,0,0,2.2357688039992354,16,7,719,68,15,,original_uniform_floor_plus_prior_scores,maximum_cardinality_certified_superset_of_eBH_then_maximum_testing_evalue_sum,200,15,15,exact_dyadic_prefix_or_HiGHS_QUBO_MILP,300.0,1
478,ecc9f989cd1b7159e885908f9c31785e07302f6cfce61af3fa02f84def952bbb,proven_maximal,maximize_sum_testing_e_values_at_maximum_cardinality,proven_optimal,38779.60106698653,1.9566880761117922,19819.00004422111,9,9,9,6;44;64;75;91;95;130;139;193,6;44;64;75;91;95;130;139;193,6;44;64;75;91;95;130;139;193,9,9,9,0,0,0,0.3,0.3,0.3,0.0,0.0,0.0,0,0,1.8517262780005694,14,5,527,49,9,,original_uniform_floor_plus_prior_scores,maximum_cardinality_certified_superset_of_eBH_then_maximum_testing_evalue_sum,200,9,9,exact_dyadic_prefix_or_HiGHS_QUBO_MILP,300.0,1
479,bb96694c3911ad4dce4f0757a77cfbbcd289b0fff51765011676c6c79b9afc2a,proven_maximal,maximize_sum_testing_e_values_at_maximum_cardinality,proven_optimal,49535.430502745236,2.490535123959165,19889.47275876982,11,11,15,2;39;41;71;92;109;136;147;152;170;172,2;39;41;71;92;109;136;147;152;170;172,2;3;39;41;71;74;92;95;109;121;136;147;152;170;172,11,11,15,0,0,0,0.36666666666666664,0.36666666666666664,0.5,0.0,0.0,0.0,0,4,7.4046034989951295,16,13,916,53,15,,original_uniform_floor_plus_prior_scores,maximum_cardinality_certified_superset_of_eBH_then_maximum_testing_evalue_sum,200,11,11,exact_dyadic_prefix_or_HiGHS_QUBO_MILP,300.0,1
480,af07e2ac1b17ceb499a52aa41ff0ef4f2d4c8068f92d50858248639cb5ead07e,proven_maximal,maximize_sum_testing_e_values_at_maximum_cardinality,proven_optimal,67015.82893474602,1.4076053998739602,47609.81233856218,9,9,12,58;88;108;119;137;171;175;183;189,58;88;108;119;137;171;175;183;189,41;42;58;78;88;108;119;137;171;175;183;189,9,9,12,0,0,0,0.3,0.3,0.4,0.0,0.0,0.0,0,3,4.580319401000452,20,18,1353,62,12,,original_uniform_floor_plus_prior_scores,maximum_cardinality_certified_superset_of_eBH_then_maximum_testing_evalue_sum,200,9,9,exact_dyadic_prefix_or_HiGHS_QUBO_MILP,300.0,1
481,06d5efb55dde185b39984b72ac7db8314c472ea3f5fef6d71b2f174308ab589f,proven_maximal,maximize_sum_testing_e_values_at_maximum_cardinality,proven_optimal,57821.835828813324,1.2566942057565365,46011.06264670352,9,9,10,10;21;27;102;124;132;140;158;174,10;21;27;102;124;132;140;158;174,10;21;27;102;124;132;140;158;170;174,9,9,10,0,0,0,0.3,0.3,0.3333333333333333,0.0,0.0,0.0,0,1,3.0038343259948306,20,11,861,49,10,,original_uniform_floor_plus_prior_scores,maximum_cardinality_certified_superset_of_eBH_then_maximum_testing_evalue_sum,200,9,9,exact_dyadic_prefix_or_HiGHS_QUBO_MILP,300.0,1
482,cbcd37685d27d35e36364cf18906a9f775f66f0eb722e9023149a11298b41736,proven_maximal,maximize_sum_testing_e_values_at_maximum_cardinality,proven_optimal,108666.26411974154,1.1211000845872976,96928.2454025896,3,3,11,7;100;117,7;100;117,7;10;33;60;100;117;156;164;168;180;188,3,3,11,0,0,0,0.1,0.1,0.36666666666666664,0.0,0.0,0.0,0,8,1.968538097004057,13,11,802,60,11,,original_uniform_floor_plus_prior_scores,maximum_cardinality_certified_superset_of_eBH_then_maximum_testing_evalue_sum,200,3,3,exact_dyadic_prefix_or_HiGHS_QUBO_MILP,300.0,1
483,617e0ea8f8f78d4d3edd72e59040512cb1dd6af7f8e0bfe381660391de72ec1a,proven_maximal,maximize_sum_testing_e_values_at_maximum_cardinality,proven_optimal,218020.1934688561,1.032537694151943,211149.86378092784,4,4,6,20;45;67;124,20;45;67;124,20;45;67;89;124;171,4,4,6,0,0,0,0.13333333333333333,0.13333333333333333,0.2,0.0,0.0,0.0,0,2,2.194044861003931,22,17,1296,47,6,,original_uniform_floor_plus_prior_scores,maximum_cardinality_certified_superset_of_eBH_then_maximum_testing_evalue_sum,200,4,4,exact_dyadic_prefix_or_HiGHS_QUBO_MILP,300.0,1
484,12e9edeb35046f76174b2efb56f859241da563b87db24bccdd901190d3f4f543,proven_maximal,maximize_sum_testing_e_values_at_maximum_cardinality,proven_optimal,18092.4829667866,1.2023639555081884,15047.426267148596,2,2,5,80;90,80;90,0;44;80;90;132,2,2,5,0,0,0,0.06666666666666667,0.06666666666666667,0.16666666666666666,0.0,0.0,0.0,0,3,1.3087099409967777,15,11,859,51,5,,original_uniform_floor_plus_prior_scores,maximum_cardinality_certified_superset_of_eBH_then_maximum_testing_evalue_sum,200,2,2,exact_dyadic_prefix_or_HiGHS_QUBO_MILP,300.0,1
485,fb52965d4b72d75bdc4d8c9dfb2e58820770e16b046e6af4a8adc8744871bd6e,proven_maximal,maximize_sum_testing_e_values_at_maximum_cardinality,proven_optimal,24115.323586289436,2.742920783983151,8791.841064863056,7,7,8,7;13;57;103;150;160;172,7;13;57;103;150;160;172,7;13;57;73;103;150;160;172,7,7,8,0,0,0,0.23333333333333334,0.23333333333333334,0.26666666666666666,0.0,0.0,0.0,0,1,0.8207102720043622,10,7,603,58,8,,original_uniform_floor_plus_prior_scores,maximum_cardinality_certified_superset_of_eBH_then_maximum_testing_evalue_sum,200,7,7,exact_dyadic_prefix_or_HiGHS_QUBO_MILP,300.0,1
486,a19cc763f53e6bc4649076d75b71d0145c67750c26934bbec7ab12c3e8fcaf6b,proven_maximal,maximize_sum_testing_e_values_at_maximum_cardinality,proven_optimal,497736.9889130486,1.1788815080283024,422211.21081585326,7,7,7,9;15;78;99;124;136;170,9;15;78;99;124;136;170,9;15;78;99;124;136;170,7,7,7,0,0,0,0.23333333333333334,0.23333333333333334,0.23333333333333334,0.0,0.0,0.0,0,0,1.1696508019958856,14,5,523,48,7,,original_uniform_floor_plus_prior_scores,maximum_cardinality_certified_superset_of_eBH_then_maximum_testing_evalue_sum,200,7,7,exact_dyadic_prefix_or_HiGHS_QUBO_MILP,300.0,1
487,f8b45042ada32399e04dc84f629d02bca59260e22d8f4d6882fc6487574d8dd3,proven_maximal,maximize_sum_testing_e_values_at_maximum_cardinality,proven_optimal,74447.62992862449,1.5699070735520266,47421.67939926624,4,4,4,116;136;163;183,116;136;163;183,116;136;163;183,4,4,4,0,0,0,0.13333333333333333,0.13333333333333333,0.13333333333333333,0.0,0.0,0.0,0,0,1.6041448789983406,20,10,872,56,4,,original_uniform_floor_plus_prior_scores,maximum_cardinality_certified_superset_of_eBH_then_maximum_testing_evalue_sum,200,4,4,exact_dyadic_prefix_or_HiGHS_QUBO_MILP,300.0,1
488,d46a69f6d6bd6e5a554b93fe7d709012048c6c868d5aea6c2ef5d33d6d138420,proven_maximal,maximize_sum_testing_e_values_at_maximum_cardinality,proven_optimal,7433.382969280261,2.1211136140056017,3504.4718586491663,2,2,4,44;79,44;79,44;79;104;178,2,2,4,0,0,0,0.06666666666666667,0.06666666666666667,0.13333333333333333,0.0,0.0,0.0,0,2,2.1153802099943277,25,18,1000,62,4,,original_uniform_floor_plus_prior_scores,maximum_cardinality_certified_superset_of_eBH_then_maximum_testing_evalue_sum,200,2,2,exact_dyadic_prefix_or_HiGHS_QUBO_MILP,300.0,1
489,f942ba6a1f395445e828b8b7b9d2c1e9902884bfb6f77b100a9b33ee80e87c04,proven_maximal,maximize_sum_testing_e_values_at_maximum_cardinality,proven_optimal,18513.095941274594,2.5099240908549274,7375.958503577168,5,5,7,5;13;77;126;140,5;13;77;126;140,5;13;47;61;77;126;140,5,5,7,0,0,0,0.16666666666666666,0.16666666666666666,0.23333333333333334,0.0,0.0,0.0,0,2,1.5552474969954346,14,9,636,50,7,,original_uniform_floor_plus_prior_scores,maximum_cardinality_certified_superset_of_eBH_then_maximum_testing_evalue_sum,200,5,5,exact_dyadic_prefix_or_HiGHS_QUBO_MILP,300.0,1
490,803ab8445626b065809b32cea5a5d12f1191123388e4e8faed9ef31ee5d09b8e,proven_maximal,maximize_sum_testing_e_values_at_maximum_cardinality,proven_optimal,13599.875475324216,1.8004929686024578,7553.417709751145,2,2,5,63;167,63;167,50;52;63;78;167,2,2,5,0,0,0,0.06666666666666667,0.06666666666666667,0.16666666666666666,0.0,0.0,0.0,0,3,1.5260791909968248,14,7,607,48,5,,original_uniform_floor_plus_prior_scores,maximum_cardinality_certified_superset_of_eBH_then_maximum_testing_evalue_sum,200,2,2,exact_dyadic_prefix_or_HiGHS_QUBO_MILP,300.0,1
491,b7ee316ed9cd2b321517a976f5d037c95232b7901d32fe7351086f14f45c3e06,proven_maximal,maximize_sum_testing_e_values_at_maximum_cardinality,proven_optimal,91665.28983587104,1.84370508398531,49717.97855963465,6,6,10,6;51;93;136;139;155,6;51;93;136;139;155,6;51;70;93;136;137;139;155;168;171,6,6,10,0,0,0,0.2,0.2,0.3333333333333333,0.0,0.0,0.0,0,4,1.3781072530036909,10,8,700,51,10,,original_uniform_floor_plus_prior_scores,maximum_cardinality_certified_superset_of_eBH_then_maximum_testing_evalue_sum,200,6,6,exact_dyadic_prefix_or_HiGHS_QUBO_MILP,300.0,1
492,7f016b27d9ab63597073a85c013bda79dad6fd9464a5873747f685dfa340337f,proven_maximal,maximize_sum_testing_e_values_at_maximum_cardinality,proven_optimal,28018.654710755283,1.9006525905560785,14741.597096688669,16,16,18,14;33;65;71;72;95;116;121;123;132;144;148;156;180;181;187,14;33;65;71;72;95;116;121;123;132;144;148;156;180;181;187,14;21;33;65;71;72;95;116;121;123;132;134;144;148;156;180;181;187,16,16,18,0,0,0,0.5333333333333333,0.5333333333333333,0.6,0.0,0.0,0.0,0,2,2.4184561250003753,16,8,714,50,18,,original_uniform_floor_plus_prior_scores,maximum_cardinality_certified_superset_of_eBH_then_maximum_testing_evalue_sum,200,16,16,exact_dyadic_prefix_or_HiGHS_QUBO_MILP,300.0,1
493,cc394aab8655b579590eb51d8e0c4ae23aeda827a919a808730411eaa3f1dc70,proven_maximal,maximize_sum_testing_e_values_at_maximum_cardinality,proven_optimal,68645.7136245886,1.4355380178005948,47818.80575323358,11,11,12,94;102;108;115;128;135;146;151;158;166;173,94;102;108;115;128;135;146;151;158;166;173,74;94;102;108;115;128;135;146;151;158;166;173,11,11,12,0,0,0,0.36666666666666664,0.36666666666666664,0.4,0.0,0.0,0.0,0,1,3.470147291001922,21,13,1078,37,12,,original_uniform_floor_plus_prior_scores,maximum_cardinality_certified_superset_of_eBH_then_maximum_testing_evalue_sum,200,11,11,exact_dyadic_prefix_or_HiGHS_QUBO_MILP,300.0,1
494,c4ddcc8cc92b653d9866b56169537e8f7dd22a9a24323822b4b5be4c62057efd,proven_maximal,maximize_sum_testing_e_values_at_maximum_cardinality,proven_optimal,32478.057496638008,2.3147083121057865,14031.166400872067,7,7,7,9;16;21;97;98;156;159,9;16;21;97;98;156;159,9;16;21;97;98;156;159,7,7,7,0,0,0,0.23333333333333334,0.23333333333333334,0.23333333333333334,0.0,0.0,0.0,0,0,1.0880495849996805,11,5,485,51,7,,original_uniform_floor_plus_prior_scores,maximum_cardinality_certified_superset_of_eBH_then_maximum_testing_evalue_sum,200,7,7,exact_dyadic_prefix_or_HiGHS_QUBO_MILP,300.0,1
495,7f299610d2c5d78d1932a09c68cc866d401dd2fb098c246d68305e325105676e,proven_maximal,maximize_sum_testing_e_values_at_maximum_cardinality,proven_optimal,29205.467147699073,3.265865647623349,8942.6419512856,7,7,9,27;58;62;70;80;174;183,27;58;62;70;80;174;183,27;58;62;70;80;101;153;174;183,7,7,9,0,0,0,0.23333333333333334,0.23333333333333334,0.3,0.0,0.0,0.0,0,2,1.2565763849997893,13,6,528,54,9,,original_uniform_floor_plus_prior_scores,maximum_cardinality_certified_superset_of_eBH_then_maximum_testing_evalue_sum,200,7,7,exact_dyadic_prefix_or_HiGHS_QUBO_MILP,300.0,1
496,aeaa4ef98cacb2d2c2ed3418536ca5f5fc966648bb57880f9a95109e0adaf1ea,proven_maximal,maximize_sum_testing_e_values_at_maximum_cardinality,proven_optimal,22954.05798217532,1.8615265864910162,12330.770964407118,9,9,9,0;11;48;66;96;145;174;180;197,0;11;48;66;96;145;174;180;197,0;11;48;66;96;145;174;180;197,8,8,8,1,1,1,0.26666666666666666,0.26666666666666666,0.26666666666666666,0.1111111111111111,0.1111111111111111,0.1111111111111111,0,0,0.8087257529987255,11,6,608,54,9,,original_uniform_floor_plus_prior_scores,maximum_cardinality_certified_superset_of_eBH_then_maximum_testing_evalue_sum,200,9,9,exact_dyadic_prefix_or_HiGHS_QUBO_MILP,300.0,1
497,379cb11a9c46995455e5f0b7f92c8b5e01e91dec3d10970f727bbea13b478afe,proven_maximal,maximize_sum_testing_e_values_at_maximum_cardinality,proven_optimal,94733.91540981908,1.5962338286319593,59348.39477184248,12,12,13,22;23;29;38;43;52;54;70;94;149;165;179,22;23;29;38;43;52;54;70;94;149;165;179,22;23;29;38;43;52;54;70;94;149;156;165;179,12,12,13,0,0,0,0.4,0.4,0.43333333333333335,0.0,0.0,0.0,0,1,2.258639674000733,14,7,616,63,13,,original_uniform_floor_plus_prior_scores,maximum_cardinality_certified_superset_of_eBH_then_maximum_testing_evalue_sum,200,12,12,exact_dyadic_prefix_or_HiGHS_QUBO_MILP,300.0,1
498,a6059c7baff2900e968db1b91796539c53458d4fbf9986e17a7948fd161ee626,proven_maximal,maximize_sum_testing_e_values_at_maximum_cardinality,proven_optimal,33802.68990663443,2.7473239736177253,12303.860131254356,11,11,16,65;84;105;131;133;146;161;179;185;190;191,65;84;105;131;133;146;161;179;185;190;191,24;28;65;84;105;116;122;124;131;133;146;161;179;185;190;191,11,11,16,0,0,0,0.36666666666666664,0.36666666666666664,0.5333333333333333,0.0,0.0,0.0,0,5,8.939593396004057,16,11,722,57,16,,original_uniform_floor_plus_prior_scores,maximum_cardinality_certified_superset_of_eBH_then_maximum_testing_evalue_sum,200,11,11,exact_dyadic_prefix_or_HiGHS_QUBO_MILP,300.0,1
499,932c2c932666ce5bd4d5021bb84b2ed6a63f332256e8da591f94a693bcb19734,proven_maximal,maximize_sum_testing_e_values_at_maximum_cardinality,proven_optimal,427288.2535373117,1.0884716544842248,392557.997975412,11,11,14,39;45;52;65;68;74;82;91;98;138;150,39;45;52;65;68;74;82;91;98;138;150,26;39;45;52;60;65;68;74;82;91;98;138;150;179,10,10,13,1,1,1,0.3333333333333333,0.3333333333333333,0.43333333333333335,0.09090909090909091,0.09090909090909091,0.07142857142857142,0,3,7.393769194997731,27,21,1887,45,14,,original_uniform_floor_plus_prior_scores,maximum_cardinality_certified_superset_of_eBH_then_maximum_testing_evalue_sum,200,11,11,exact_dyadic_prefix_or_HiGHS_QUBO_MILP,300.0,1
500,4259205145843db8f63c0ac9a84d0f90f19f87543a4f939ede50ffb2b21b3920,proven_maximal,maximize_sum_testing_e_values_at_maximum_cardinality,proven_optimal,7758.200362282949,3.6236289383886144,2141.0029818706907,3,3,8,42;174;185,42;174;185,3;42;62;133;162;169;174;185,3,3,8,0,0,0,0.1,0.1,0.26666666666666666,0.0,0.0,0.0,0,5,1.6270233859977452,16,13,1060,56,8,,original_uniform_floor_plus_prior_scores,maximum_cardinality_certified_superset_of_eBH_then_maximum_testing_evalue_sum,200,3,3,exact_dyadic_prefix_or_HiGHS_QUBO_MILP,300.0,1
