replication,problem_sha256,status,secondary_rule,secondary_status,secondary_value,secondary_normalized_value,secondary_normalization,prefix_size,greedy_size,maximal_size,prefix_indices,greedy_indices,maximal_indices,prefix_true,greedy_true,maximal_true,prefix_false,greedy_false,maximal_false,prefix_tpr,greedy_tpr,maximal_tpr,prefix_fdp,greedy_fdp,maximal_fdp,greedy_added,optimizer_added,elapsed_seconds,mip_solves,separation_calls,final_cut_count,initial_singleton_upper_bound,proof_upper_bound,message,method,selection_rule,K,ebh_seed_size,old_exported_prefix_size,separator_backend,separator_time_limit,separator_threads,ordinary_eBH_required
1,d899c2c8d0607e3a37b7de07e171cbd94e590d32f706a4f854e1338fa2909833,proven_maximal,maximize_sum_testing_e_values_at_maximum_cardinality,proven_optimal,566.2792903267089,0.0685323207972202,8262.952191598306,0,0,3,,,9;49;158,0,0,3,0,0,0,0.0,0.0,0.1,0.0,0.0,0.0,0,3,0.8771109619992785,6,4,259,56,3,,method1_proportional_scores_gamma1,unrestricted_maximum_cardinality_then_maximum_testing_evalue_sum,200,0,1,exact_fixed_count_order_statistics,300.0,1,False
2,12123d5976f8d35ca297950dcbe3a869d3e5c8b6471a116fcffd8b7fb08d894f,proven_maximal,maximize_sum_testing_e_values_at_maximum_cardinality,proven_optimal,13779.176320027187,1.0357150441627938,13304.02256652108,0,0,8,,,92;102;122;123;137;139;168;187,0,0,8,0,0,0,0.0,0.0,0.26666666666666666,0.0,0.0,0.0,0,8,0.20091035900259158,3,3,245,51,8,,method1_proportional_scores_gamma1,unrestricted_maximum_cardinality_then_maximum_testing_evalue_sum,200,0,9,exact_fixed_count_order_statistics,300.0,1,False
3,2cc3479777cac41c092cfd693bc0663e3ab88f9fc1d7230d133bab401cb6ad56,proven_maximal,maximize_sum_testing_e_values_at_maximum_cardinality,proven_optimal,74647.60366335874,1.1607174976710761,64311.60365302976,0,0,9,,,24;26;27;51;66;83;133;146;186,0,0,9,0,0,0,0.0,0.0,0.3,0.0,0.0,0.0,0,9,0.39224583199393237,5,4,247,52,9,,method1_proportional_scores_gamma1,unrestricted_maximum_cardinality_then_maximum_testing_evalue_sum,200,0,3,exact_fixed_count_order_statistics,300.0,1,False
4,7b65854d10ed7a25ae697019e9e0e7bfd7ea6fbd2afeac86fa762d4d9ad79ab6,proven_maximal,maximize_sum_testing_e_values_at_maximum_cardinality,proven_optimal,807173.6545476307,1.0509318946244788,768055.1505538346,0,0,14,,,8;26;54;77;82;116;127;128;154;168;174;177;184;189,0,0,14,0,0,0,0.0,0.0,0.4666666666666667,0.0,0.0,0.0,0,14,0.3296964780020062,4,4,232,40,14,,method1_proportional_scores_gamma1,unrestricted_maximum_cardinality_then_maximum_testing_evalue_sum,200,0,11,exact_fixed_count_order_statistics,300.0,1,False
5,415eaa0c2159cd9a9e749ec6d186bb3d0382568fea4e2c7998f83eff81097bb3,proven_maximal,maximize_sum_testing_e_values_at_maximum_cardinality,proven_optimal,122537.04829479965,1.4292850203434824,85733.10889758842,0,0,8,,,22;24;27;33;99;130;154;182,0,0,8,0,0,0,0.0,0.0,0.26666666666666666,0.0,0.0,0.0,0,8,0.4158995789985056,6,5,254,57,8,,method1_proportional_scores_gamma1,unrestricted_maximum_cardinality_then_maximum_testing_evalue_sum,200,0,3,exact_fixed_count_order_statistics,300.0,1,False
6,8885cd2130f9421679a5cf61e721b95fe7595e22d49102d61fc2905e5c9e4bfb,proven_maximal,maximize_sum_testing_e_values_at_maximum_cardinality,proven_optimal,9583.636552522934,1.109212989130128,8640.03274974147,0,0,6,,,7;33;125;162;169;196,0,0,6,0,0,0,0.0,0.0,0.2,0.0,0.0,0.0,0,6,0.9405888190012774,11,8,268,60,6,,method1_proportional_scores_gamma1,unrestricted_maximum_cardinality_then_maximum_testing_evalue_sum,200,0,10,exact_fixed_count_order_statistics,300.0,1,False
7,e70a6d0578674e814eea69a5b6c2d09794956d4954688ae41904749a847ad6f3,proven_maximal,maximize_sum_testing_e_values_at_maximum_cardinality,proven_optimal,0.0,0.0,985.030263278486,0,0,0,,,,0,0,0,0,0,0,0.0,0.0,0.0,0.0,0.0,0.0,0,0,0.15988424699753523,3,3,254,54,0,,method1_proportional_scores_gamma1,unrestricted_maximum_cardinality_then_maximum_testing_evalue_sum,200,0,0,exact_fixed_count_order_statistics,300.0,1,False
8,c384ad51227a3f2672b0aea899133b28973d35ffe67f3f7224e43f051112d924,proven_maximal,maximize_sum_testing_e_values_at_maximum_cardinality,proven_optimal,15013.574673949937,1.7059089382322492,8800.923857933341,0,0,7,,,28;115;116;134;171;176;189,0,0,7,0,0,0,0.0,0.0,0.23333333333333334,0.0,0.0,0.0,0,7,0.6242297229982796,6,4,269,70,7,,method1_proportional_scores_gamma1,unrestricted_maximum_cardinality_then_maximum_testing_evalue_sum,200,0,4,exact_fixed_count_order_statistics,300.0,1,False
9,a2dd92487429eb441689f78ad4e8fe6025d9bab48864016644be70d14e80f2fc,proven_maximal,maximize_sum_testing_e_values_at_maximum_cardinality,proven_optimal,0.0,0.0,10667.850393531451,0,0,0,,,,0,0,0,0,0,0,0.0,0.0,0.0,0.0,0.0,0.0,0,0,0.19934116199874552,3,3,251,51,0,,method1_proportional_scores_gamma1,unrestricted_maximum_cardinality_then_maximum_testing_evalue_sum,200,0,8,exact_fixed_count_order_statistics,300.0,1,False
10,82d2fc78d3862c2a6e81fff654ca228dbac15f5e28ef76c4e3979a1cc8552ac3,proven_maximal,maximize_sum_testing_e_values_at_maximum_cardinality,proven_optimal,29707.232735381927,1.3222691617165256,22466.85742622704,0,0,2,,,57;73,0,0,2,0,0,0,0.0,0.0,0.06666666666666667,0.0,0.0,0.0,0,2,0.5807405579980696,6,4,251,51,2,,method1_proportional_scores_gamma1,unrestricted_maximum_cardinality_then_maximum_testing_evalue_sum,200,0,4,exact_fixed_count_order_statistics,300.0,1,False
11,7af9c36d8adc1e94b8048e287d51be3ebcf011c4d0c7c6ca9a7aaa9f354f835a,proven_maximal,maximize_sum_testing_e_values_at_maximum_cardinality,proven_optimal,36291.67431925496,1.1870463109248124,30573.09052330114,0,0,3,,,40;45;46,0,0,3,0,0,0,0.0,0.0,0.1,0.0,0.0,0.0,0,3,0.45011894200433744,5,4,259,60,3,,method1_proportional_scores_gamma1,unrestricted_maximum_cardinality_then_maximum_testing_evalue_sum,200,0,5,exact_fixed_count_order_statistics,300.0,1,False
12,2029cbe07650308e8128e84a1a7dd6f3fae0a43ec19dc07046885b37d2ed69b6,proven_maximal,maximize_sum_testing_e_values_at_maximum_cardinality,proven_optimal,28910.11771141457,1.8600918318745754,15542.306684008898,0,0,7,,,20;55;85;117;119;158;187,0,0,7,0,0,0,0.0,0.0,0.23333333333333334,0.0,0.0,0.0,0,7,0.5834235919974162,9,7,266,63,7,,method1_proportional_scores_gamma1,unrestricted_maximum_cardinality_then_maximum_testing_evalue_sum,200,0,8,exact_fixed_count_order_statistics,300.0,1,False
13,471bd47a47cccd767fe09791e05b0d44718d9b19b26d63a7ddc942addb8cd7d0,proven_maximal,maximize_sum_testing_e_values_at_maximum_cardinality,proven_optimal,29405.534322017113,0.12177197212466784,241480.31611011672,0,0,6,,,6;90;118;131;144;163,0,0,6,0,0,0,0.0,0.0,0.2,0.0,0.0,0.0,0,6,0.5705350409989478,5,4,251,55,6,,method1_proportional_scores_gamma1,unrestricted_maximum_cardinality_then_maximum_testing_evalue_sum,200,0,4,exact_fixed_count_order_statistics,300.0,1,False
14,6bdf1e64e5fdb93c18f0add42c76414bc1d8a8c5735268b9b433df6c0487662d,proven_maximal,maximize_sum_testing_e_values_at_maximum_cardinality,proven_optimal,52760.43088108522,1.2326274935066701,42803.22413626232,0,0,9,,,0;57;58;79;107;111;141;173;189,0,0,9,0,0,0,0.0,0.0,0.3,0.0,0.0,0.0,0,9,0.24354490199766587,5,5,251,51,9,,method1_proportional_scores_gamma1,unrestricted_maximum_cardinality_then_maximum_testing_evalue_sum,200,0,6,exact_fixed_count_order_statistics,300.0,1,False
15,16e5a49c20b23535cb2b5342036866e282752f41e79e011ba6c9e78391e30e97,proven_maximal,maximize_sum_testing_e_values_at_maximum_cardinality,proven_optimal,37872.28513746714,1.5628906654761674,24232.20380929753,0,0,7,,,5;16;23;123;144;179;185,0,0,7,0,0,0,0.0,0.0,0.23333333333333334,0.0,0.0,0.0,0,7,0.6276045339982375,5,4,243,48,7,,method1_proportional_scores_gamma1,unrestricted_maximum_cardinality_then_maximum_testing_evalue_sum,200,0,6,exact_fixed_count_order_statistics,300.0,1,False
16,4b800f64448cdd851e445a59a44fa697af951e68e796809160cc3667ba283487,proven_maximal,maximize_sum_testing_e_values_at_maximum_cardinality,proven_optimal,1677.184410845075,0.38380607799489,4369.87454603938,0,0,1,,,110,0,0,1,0,0,0,0.0,0.0,0.03333333333333333,0.0,0.0,0.0,0,1,0.6586071900019306,8,5,258,55,1,,method1_proportional_scores_gamma1,unrestricted_maximum_cardinality_then_maximum_testing_evalue_sum,200,0,7,exact_fixed_count_order_statistics,300.0,1,False
17,aeb79faa098ce2143662674fb3188010d0eca7dd05657edcaea8d4e79435cb4f,proven_maximal,maximize_sum_testing_e_values_at_maximum_cardinality,proven_optimal,13417.194932850773,2.1080989330282582,6364.59452762833,0,0,11,,,10;18;49;63;85;87;88;112;168;178;197,0,0,11,0,0,0,0.0,0.0,0.36666666666666664,0.0,0.0,0.0,0,11,0.26661955999588827,4,4,251,55,11,,method1_proportional_scores_gamma1,unrestricted_maximum_cardinality_then_maximum_testing_evalue_sum,200,0,9,exact_fixed_count_order_statistics,300.0,1,False
18,c15155c2344a8a7f2afcbb66212304b4664e522e60404c78180dc3ebb7044815,proven_maximal,maximize_sum_testing_e_values_at_maximum_cardinality,proven_optimal,36788.08143267675,1.1272267384583696,32635.919799941294,0,0,6,,,37;84;112;144;147;149,0,0,6,0,0,0,0.0,0.0,0.2,0.0,0.0,0.0,0,6,0.47964802799833706,5,4,243,47,6,,method1_proportional_scores_gamma1,unrestricted_maximum_cardinality_then_maximum_testing_evalue_sum,200,0,17,exact_fixed_count_order_statistics,300.0,1,False
19,35d26b36a2374c81b01bbd37341b9cdf9d23154ec458a75ad4ed17b309c1defd,proven_maximal,maximize_sum_testing_e_values_at_maximum_cardinality,proven_optimal,66795.2998354373,2.5208580970683667,26497.04872841392,0,0,13,,,0;17;36;38;59;69;73;74;89;91;131;149;199,0,0,13,0,0,0,0.0,0.0,0.43333333333333335,0.0,0.0,0.0,0,13,0.31539149599848315,7,7,258,53,13,,method1_proportional_scores_gamma1,unrestricted_maximum_cardinality_then_maximum_testing_evalue_sum,200,0,11,exact_fixed_count_order_statistics,300.0,1,False
20,5d01d2406cccdd14d84c925dd75675ea91e09492fca869ed6b4e39c085491b49,proven_maximal,maximize_sum_testing_e_values_at_maximum_cardinality,proven_optimal,19377.193001338474,1.5796108416471768,12267.06761592776,0,0,11,,,12;20;21;24;59;71;95;96;98;153;190,0,0,11,0,0,0,0.0,0.0,0.36666666666666664,0.0,0.0,0.0,0,11,2.1380947639991064,16,15,303,71,11,,method1_proportional_scores_gamma1,unrestricted_maximum_cardinality_then_maximum_testing_evalue_sum,200,0,3,exact_fixed_count_order_statistics,300.0,1,False
21,0264b7fde81f3bd9937ead73e9bb8baa72de2f15a96b2692cd76645a422fe991,proven_maximal,maximize_sum_testing_e_values_at_maximum_cardinality,proven_optimal,6602.620239596085,0.617621812966756,10690.393540150882,0,0,6,,,48;66;78;79;95;126,0,0,6,0,0,0,0.0,0.0,0.2,0.0,0.0,0.0,0,6,0.9653128230056609,18,14,285,50,6,,method1_proportional_scores_gamma1,unrestricted_maximum_cardinality_then_maximum_testing_evalue_sum,200,0,10,exact_fixed_count_order_statistics,300.0,1,False
22,eefc5fb31b01d96fde0774ffd8f1efe4aeda2f35f601c06ce477e50a4274d90f,proven_maximal,maximize_sum_testing_e_values_at_maximum_cardinality,proven_optimal,30969.60880800322,1.4177555825495103,21844.109936292007,0,0,8,,,9;47;54;57;82;112;163;176,0,0,8,0,0,0,0.0,0.0,0.26666666666666666,0.0,0.0,0.0,0,8,0.52636635700037,8,7,261,63,8,,method1_proportional_scores_gamma1,unrestricted_maximum_cardinality_then_maximum_testing_evalue_sum,200,0,10,exact_fixed_count_order_statistics,300.0,1,False
23,32a8daa74e2a2606eb0f63b48a2676b7fb9507094d88c546869c5d2539be62a5,proven_maximal,maximize_sum_testing_e_values_at_maximum_cardinality,proven_optimal,639.2258039231364,0.045729794949859674,13978.32211196254,0,0,1,,,169,0,0,1,0,0,0,0.0,0.0,0.03333333333333333,0.0,0.0,0.0,0,1,0.5808510720016784,7,5,256,54,1,,method1_proportional_scores_gamma1,unrestricted_maximum_cardinality_then_maximum_testing_evalue_sum,200,0,3,exact_fixed_count_order_statistics,300.0,1,False
24,2ab5cfbc0c1f6c04f7f93dd452412990eb7645314aa7b0a851e09c37011d488c,proven_maximal,maximize_sum_testing_e_values_at_maximum_cardinality,proven_optimal,74468.02544205525,1.189389017512876,62610.31869772505,0,0,7,,,9;86;93;108;124;135;183,0,0,7,0,0,0,0.0,0.0,0.23333333333333334,0.0,0.0,0.0,0,7,0.42505419199733296,6,5,250,54,7,,method1_proportional_scores_gamma1,unrestricted_maximum_cardinality_then_maximum_testing_evalue_sum,200,0,4,exact_fixed_count_order_statistics,300.0,1,False
25,7164cd584e63750ddaea3459d8e82cee2f8f11fd5f1adee474c0cbd83158426d,proven_maximal,maximize_sum_testing_e_values_at_maximum_cardinality,proven_optimal,575.2691773157276,0.04710110351163487,12213.496806367288,0,0,2,,,67;134,0,0,2,0,0,0,0.0,0.0,0.06666666666666667,0.0,0.0,0.0,0,2,0.38781944299989846,5,4,251,51,2,,method1_proportional_scores_gamma1,unrestricted_maximum_cardinality_then_maximum_testing_evalue_sum,200,0,4,exact_fixed_count_order_statistics,300.0,1,False
26,c549bd6fa1c5c72bc4cfb284c5c21720b559b7b60ac1b6dfa7c56675ad434d2c,proven_maximal,maximize_sum_testing_e_values_at_maximum_cardinality,proven_optimal,403403.14005465317,1.1278702774934803,357668.0298297736,0,0,7,,,2;27;40;61;98;140;173,0,0,7,0,0,0,0.0,0.0,0.23333333333333334,0.0,0.0,0.0,0,7,0.5477794100006577,11,9,267,47,7,,method1_proportional_scores_gamma1,unrestricted_maximum_cardinality_then_maximum_testing_evalue_sum,200,0,7,exact_fixed_count_order_statistics,300.0,1,False
27,85b30fef1a68ebe10f8fec10c91903789cfae8fbdf41175a8879938409fbcdbc,proven_maximal,maximize_sum_testing_e_values_at_maximum_cardinality,proven_optimal,3553.9617482947892,2.4811822929546374,1432.366238621938,0,0,5,,,16;68;156;166;194,0,0,5,0,0,0,0.0,0.0,0.16666666666666666,0.0,0.0,0.0,0,5,0.742923523997888,9,5,253,49,5,,method1_proportional_scores_gamma1,unrestricted_maximum_cardinality_then_maximum_testing_evalue_sum,200,0,0,exact_fixed_count_order_statistics,300.0,1,False
28,787261d3324ea1bf3806e9ffb7ac0566118956612b1c5b9cf4a7e38beb989947,proven_maximal,maximize_sum_testing_e_values_at_maximum_cardinality,proven_optimal,7325.860790795165,1.2389072363325246,5913.163290967244,0,0,5,,,97;144;161;162;174,0,0,5,0,0,0,0.0,0.0,0.16666666666666666,0.0,0.0,0.0,0,5,0.5133399170008488,7,5,259,55,5,,method1_proportional_scores_gamma1,unrestricted_maximum_cardinality_then_maximum_testing_evalue_sum,200,0,2,exact_fixed_count_order_statistics,300.0,1,False
29,92a2a202fe14fbfd1a5e2f71376f53316cf0b8c176900558156deff4e3f5e0d7,proven_maximal,maximize_sum_testing_e_values_at_maximum_cardinality,proven_optimal,309.2880517058585,0.12421731194125847,2489.894901703546,0,0,1,,,191,0,0,1,0,0,0,0.0,0.0,0.03333333333333333,0.0,0.0,0.0,0,1,0.19124186399858445,3,3,252,53,1,,method1_proportional_scores_gamma1,unrestricted_maximum_cardinality_then_maximum_testing_evalue_sum,200,0,0,exact_fixed_count_order_statistics,300.0,1,False
30,67e300359961df31fd0d6e94972c76bf1ca3815791a63c7e4b4243e2ce21ac3b,proven_maximal,maximize_sum_testing_e_values_at_maximum_cardinality,proven_optimal,56585.78993706849,1.186351084778074,47697.33906186276,0,0,18,,,21;25;28;39;47;53;93;103;108;111;114;116;144;159;166;168;178;194,0,0,18,0,0,0,0.0,0.0,0.6,0.0,0.0,0.0,0,18,0.29649003799568163,7,7,262,50,18,,method1_proportional_scores_gamma1,unrestricted_maximum_cardinality_then_maximum_testing_evalue_sum,200,0,6,exact_fixed_count_order_statistics,300.0,1,False
31,0007ed9f9e9c8637e28b9b6207de46a92d9aee1b8f4ccd1bedc347ae8851169d,proven_maximal,maximize_sum_testing_e_values_at_maximum_cardinality,proven_optimal,94633.68019980004,1.8834546809471167,50244.73440062408,0,0,7,,,8;20;85;92;94;101;112,0,0,7,0,0,0,0.0,0.0,0.23333333333333334,0.0,0.0,0.0,0,7,0.4429251120018307,5,4,247,50,7,,method1_proportional_scores_gamma1,unrestricted_maximum_cardinality_then_maximum_testing_evalue_sum,200,0,4,exact_fixed_count_order_statistics,300.0,1,False
32,4e9ea38973dc5e2f51251f704b31a4c93bb5d57fff7965be59a6781af129801b,proven_maximal,maximize_sum_testing_e_values_at_maximum_cardinality,proven_optimal,9589.531492146822,1.0,9589.531492146822,0,0,1,,,3,0,0,1,0,0,0,0.0,0.0,0.03333333333333333,0.0,0.0,0.0,0,1,0.2044802740056184,3,3,251,52,1,,method1_proportional_scores_gamma1,unrestricted_maximum_cardinality_then_maximum_testing_evalue_sum,200,0,8,exact_fixed_count_order_statistics,300.0,1,False
33,898e0895c6e716ada316b99abbed6fe424389db69a8c8076d6ee5d631b79c0c8,proven_maximal,maximize_sum_testing_e_values_at_maximum_cardinality,proven_optimal,0.0,0.0,7189.742666362446,0,0,0,,,,0,0,0,0,0,0,0.0,0.0,0.0,0.0,0.0,0.0,0,0,0.14565200300421566,3,3,251,51,0,,method1_proportional_scores_gamma1,unrestricted_maximum_cardinality_then_maximum_testing_evalue_sum,200,0,7,exact_fixed_count_order_statistics,300.0,1,False
34,e66172deeef5d223c38409bb54e22bb61b3f4f55f244cce6066901f32676787c,proven_maximal,maximize_sum_testing_e_values_at_maximum_cardinality,proven_optimal,36267.80318793116,1.894015769791743,19148.627887041825,0,0,14,,,20;25;33;36;84;87;112;114;121;133;148;155;177;191,0,0,14,0,0,0,0.0,0.0,0.4666666666666667,0.0,0.0,0.0,0,14,0.6379504329961492,9,9,294,67,14,,method1_proportional_scores_gamma1,unrestricted_maximum_cardinality_then_maximum_testing_evalue_sum,200,0,10,exact_fixed_count_order_statistics,300.0,1,False
35,cf615bd739f131f3d6d54ec76ac3116603e6ca06d2a94f8157815ee3a530d4f4,proven_maximal,maximize_sum_testing_e_values_at_maximum_cardinality,proven_optimal,71516.24519398529,1.1953329279307237,59829.561725358966,0,0,6,,,16;77;163;176;177;188,0,0,6,0,0,0,0.0,0.0,0.2,0.0,0.0,0.0,0,6,0.465847109000606,5,4,253,58,6,,method1_proportional_scores_gamma1,unrestricted_maximum_cardinality_then_maximum_testing_evalue_sum,200,0,8,exact_fixed_count_order_statistics,300.0,1,False
36,751bd620c668a098fa274604738e377a21b43cef7d262d644504b5df6bf9ceeb,proven_maximal,maximize_sum_testing_e_values_at_maximum_cardinality,proven_optimal,114899.48357991781,1.4202426369175665,80901.30558908632,0,0,9,,,0;31;50;58;60;78;96;104;198,0,0,9,0,0,0,0.0,0.0,0.3,0.0,0.0,0.0,0,9,0.715510470996378,19,18,295,55,9,,method1_proportional_scores_gamma1,unrestricted_maximum_cardinality_then_maximum_testing_evalue_sum,200,0,9,exact_fixed_count_order_statistics,300.0,1,False
37,1ef7bd932873f3a9946a9b7535e51d46f8cfbccbd2b1df9532bcdc0a512206f3,proven_maximal,maximize_sum_testing_e_values_at_maximum_cardinality,proven_optimal,12170.556898302093,1.4847242610515012,8197.183286870213,0,0,8,,,1;2;16;23;47;111;140;189,0,0,8,0,0,0,0.0,0.0,0.26666666666666666,0.0,0.0,0.0,0,8,0.5118223969984683,6,5,259,55,8,,method1_proportional_scores_gamma1,unrestricted_maximum_cardinality_then_maximum_testing_evalue_sum,200,0,4,exact_fixed_count_order_statistics,300.0,1,False
38,76543d4a5cd8602d39e62adb9a39246ad628aa39fbee6c1949f67abf4c6fc156,proven_maximal,maximize_sum_testing_e_values_at_maximum_cardinality,proven_optimal,105927.48418993213,1.0830415836475555,97805.5559355172,0,0,10,,,22;47;75;87;93;100;123;154;165;194,0,0,9,0,0,1,0.0,0.0,0.3,0.0,0.0,0.1,0,10,0.650470681997831,10,10,282,52,10,,method1_proportional_scores_gamma1,unrestricted_maximum_cardinality_then_maximum_testing_evalue_sum,200,0,3,exact_fixed_count_order_statistics,300.0,1,False
39,7bb3b6441691ce8ca358fe3cea3249777e3d08258e92c0dc73d6aac69a97a61f,proven_maximal,maximize_sum_testing_e_values_at_maximum_cardinality,proven_optimal,37407.4291088675,0.6410745674048408,58351.135750553934,0,0,9,,,9;10;50;57;77;88;104;134;170,0,0,9,0,0,0,0.0,0.0,0.3,0.0,0.0,0.0,0,9,0.49544705000153044,8,7,260,55,9,,method1_proportional_scores_gamma1,unrestricted_maximum_cardinality_then_maximum_testing_evalue_sum,200,0,13,exact_fixed_count_order_statistics,300.0,1,False
40,363c5539ec515613bd69df80a865ec72d7ec605fa9966c271e705451a6bdf0df,proven_maximal,maximize_sum_testing_e_values_at_maximum_cardinality,proven_optimal,34059.14192379276,1.8257273196683992,18655.108874625817,0,0,8,,,52;68;118;136;150;160;170;184,0,0,8,0,0,0,0.0,0.0,0.26666666666666666,0.0,0.0,0.0,0,8,0.7225210280012107,11,9,269,49,8,,method1_proportional_scores_gamma1,unrestricted_maximum_cardinality_then_maximum_testing_evalue_sum,200,0,5,exact_fixed_count_order_statistics,300.0,1,False
41,df09f57ec718b25377cb742e8717cb94746b4ea653a1826920221a834a816c18,proven_maximal,maximize_sum_testing_e_values_at_maximum_cardinality,proven_optimal,1399.1962245505433,0.890570962191369,1571.1226661911744,0,0,2,,,27;107,0,0,2,0,0,0,0.0,0.0,0.06666666666666667,0.0,0.0,0.0,0,2,0.5018032469961327,7,5,251,49,2,,method1_proportional_scores_gamma1,unrestricted_maximum_cardinality_then_maximum_testing_evalue_sum,200,0,0,exact_fixed_count_order_statistics,300.0,1,False
42,0edb3d5e7dfd88cf019b0a5e67a00b5f9b9e7f073544be6d13bb94c70d9e1477,proven_maximal,maximize_sum_testing_e_values_at_maximum_cardinality,proven_optimal,28973.079064405854,3.2636095188157705,8877.618139476132,0,0,10,,,0;46;61;90;96;107;146;158;164;169,0,0,10,0,0,0,0.0,0.0,0.3333333333333333,0.0,0.0,0.0,0,10,0.37831754900253145,5,5,255,55,10,,method1_proportional_scores_gamma1,unrestricted_maximum_cardinality_then_maximum_testing_evalue_sum,200,0,11,exact_fixed_count_order_statistics,300.0,1,False
43,da20624f496e61532d83c8b419a2150ce9df8da86df579054b6e3d9793ba19fa,proven_maximal,maximize_sum_testing_e_values_at_maximum_cardinality,proven_optimal,15839.013298530577,2.2078645434623283,7173.906273114092,0,0,8,,,4;11;47;85;107;118;152;173,0,0,8,0,0,0,0.0,0.0,0.26666666666666666,0.0,0.0,0.0,0,8,0.5013997589994688,7,5,256,59,8,,method1_proportional_scores_gamma1,unrestricted_maximum_cardinality_then_maximum_testing_evalue_sum,200,0,2,exact_fixed_count_order_statistics,300.0,1,False
44,2dfe0ca1587b729e8449c1e287e88d40aed25dbc3e7ef1e2ee25658fd587fd3e,proven_maximal,maximize_sum_testing_e_values_at_maximum_cardinality,proven_optimal,26350.54876890345,2.4255288750589417,10863.836353324434,0,0,8,,,5;55;60;80;84;94;102;165,0,0,8,0,0,0,0.0,0.0,0.26666666666666666,0.0,0.0,0.0,0,8,0.4690731539958506,7,5,270,66,8,,method1_proportional_scores_gamma1,unrestricted_maximum_cardinality_then_maximum_testing_evalue_sum,200,0,7,exact_fixed_count_order_statistics,300.0,1,False
45,4b19fb53bc9571a322b4e1b629ff28d8aa0ec9bc3fdbf7bad26dbe1ef0c0a097,proven_maximal,maximize_sum_testing_e_values_at_maximum_cardinality,proven_optimal,43440.95064113752,1.0652689115539393,40779.32827098926,0,0,4,,,62;74;90;175,0,0,4,0,0,0,0.0,0.0,0.13333333333333333,0.0,0.0,0.0,0,4,0.2680677239986835,7,7,255,49,4,,method1_proportional_scores_gamma1,unrestricted_maximum_cardinality_then_maximum_testing_evalue_sum,200,0,7,exact_fixed_count_order_statistics,300.0,1,False
46,c89e46e0238edab137ef56aae743d110a15bd4f759dd1018488a73a91d4059bc,proven_maximal,maximize_sum_testing_e_values_at_maximum_cardinality,proven_optimal,0.0,0.0,8304.826418577857,0,0,0,,,,0,0,0,0,0,0,0.0,0.0,0.0,0.0,0.0,0.0,0,0,0.1884588819957571,3,3,253,53,0,,method1_proportional_scores_gamma1,unrestricted_maximum_cardinality_then_maximum_testing_evalue_sum,200,0,4,exact_fixed_count_order_statistics,300.0,1,False
47,972135d79a2290bcd5737525ab27366036563444570252e68c10340b9364c667,proven_maximal,maximize_sum_testing_e_values_at_maximum_cardinality,proven_optimal,54156.23392329715,1.5366172841878059,35243.80109515816,0,0,8,,,20;29;42;47;78;98;132;136,0,0,7,0,0,1,0.0,0.0,0.23333333333333334,0.0,0.0,0.125,0,8,0.6026621060009347,9,7,258,52,8,,method1_proportional_scores_gamma1,unrestricted_maximum_cardinality_then_maximum_testing_evalue_sum,200,0,3,exact_fixed_count_order_statistics,300.0,1,False
48,4ef53f4689e335f3bbf24cc7b97b0a4ed7cb81a1d4a07a702f012276fb2a12f2,proven_maximal,maximize_sum_testing_e_values_at_maximum_cardinality,proven_optimal,8028.0910742959095,1.6749585292768576,4793.008861993698,0,0,6,,,0;18;32;52;84;89,0,0,6,0,0,0,0.0,0.0,0.2,0.0,0.0,0.0,0,6,0.5597616369996103,7,4,254,51,6,,method1_proportional_scores_gamma1,unrestricted_maximum_cardinality_then_maximum_testing_evalue_sum,200,0,4,exact_fixed_count_order_statistics,300.0,1,False
49,d951fe2b2891a22db4d98ca9334eb8f3c395390958bf7f4795558d5dd40ce3ed,proven_maximal,maximize_sum_testing_e_values_at_maximum_cardinality,proven_optimal,3628.0449342385546,1.61528532071472,2246.070640097963,0,0,3,,,37;114;151,0,0,3,0,0,0,0.0,0.0,0.1,0.0,0.0,0.0,0,3,0.5354010529990774,5,4,265,67,3,,method1_proportional_scores_gamma1,unrestricted_maximum_cardinality_then_maximum_testing_evalue_sum,200,0,4,exact_fixed_count_order_statistics,300.0,1,False
50,fb33f175fba1e957fc651a036d642f94f788df1ae95c0eb0661b521185d3cece,proven_maximal,maximize_sum_testing_e_values_at_maximum_cardinality,proven_optimal,8245.219026007157,1.8713954508155355,4405.920203778401,0,0,7,,,6;25;55;68;75;122;194,0,0,7,0,0,0,0.0,0.0,0.23333333333333334,0.0,0.0,0.0,0,7,0.6374311280014808,9,7,264,58,7,,method1_proportional_scores_gamma1,unrestricted_maximum_cardinality_then_maximum_testing_evalue_sum,200,0,12,exact_fixed_count_order_statistics,300.0,1,False
51,b0e4fbb6331bceb3cb3874b2c657bf7be264fa542fbbd284e3923dcbea1885e2,proven_maximal,maximize_sum_testing_e_values_at_maximum_cardinality,proven_optimal,504.1228706700486,0.2365678529698393,2130.986371738009,0,0,2,,,79;187,0,0,2,0,0,0,0.0,0.0,0.06666666666666667,0.0,0.0,0.0,0,2,0.16226919800101314,3,3,255,57,2,,method1_proportional_scores_gamma1,unrestricted_maximum_cardinality_then_maximum_testing_evalue_sum,200,0,0,exact_fixed_count_order_statistics,300.0,1,False
52,42e130e4c08bc940c3d3484e823c037eafd4e1e29b27ed60c55bde7523c2939f,proven_maximal,maximize_sum_testing_e_values_at_maximum_cardinality,proven_optimal,2083.8177959901996,0.4266248707856519,4884.426433350546,0,0,3,,,32;136;148,0,0,3,0,0,0,0.0,0.0,0.1,0.0,0.0,0.0,0,3,0.17169753200141713,3,3,256,57,3,,method1_proportional_scores_gamma1,unrestricted_maximum_cardinality_then_maximum_testing_evalue_sum,200,0,1,exact_fixed_count_order_statistics,300.0,1,False
53,e793b44622ffbd250bd9df727464f1ae315090dd81ab1e132ce92a476fc09e5a,proven_maximal,maximize_sum_testing_e_values_at_maximum_cardinality,proven_optimal,0.0,0.0,103204.59113731502,0,0,0,,,,0,0,0,0,0,0,0.0,0.0,0.0,0.0,0.0,0.0,0,0,0.20778219600470038,3,3,259,59,0,,method1_proportional_scores_gamma1,unrestricted_maximum_cardinality_then_maximum_testing_evalue_sum,200,0,8,exact_fixed_count_order_statistics,300.0,1,False
54,6b814fbce22842ca619fadc2526099d55e0416b4294b609e39123beb62b44dc0,proven_maximal,maximize_sum_testing_e_values_at_maximum_cardinality,proven_optimal,13676.280426335918,1.5852675219046581,8627.111977859875,0,0,12,,,5;50;51;54;73;119;122;137;147;166;167;183,0,0,11,0,0,1,0.0,0.0,0.36666666666666664,0.0,0.0,0.08333333333333333,0,12,0.27667352199932793,6,6,272,58,12,,method1_proportional_scores_gamma1,unrestricted_maximum_cardinality_then_maximum_testing_evalue_sum,200,0,5,exact_fixed_count_order_statistics,300.0,1,False
55,6da7b2f6ccea1e0fd218442c12b36ba2b4125bf70fd7c8be905c752af03f9cc4,proven_maximal,maximize_sum_testing_e_values_at_maximum_cardinality,proven_optimal,21449.800765757464,4.484749408849049,4782.831505241732,0,0,12,,,5;12;17;20;42;53;81;142;168;177;191;193,0,0,12,0,0,0,0.0,0.0,0.4,0.0,0.0,0.0,0,12,0.33855762400344247,7,7,273,60,12,,method1_proportional_scores_gamma1,unrestricted_maximum_cardinality_then_maximum_testing_evalue_sum,200,0,11,exact_fixed_count_order_statistics,300.0,1,False
56,3ff03c16ea9b48be87f00c560c7a4f9b5df36c71cb289bbcbab27d798def6c29,proven_maximal,maximize_sum_testing_e_values_at_maximum_cardinality,proven_optimal,169689.09940109076,1.0531606801809086,161123.65624202957,0,0,6,,,15;25;60;91;134;141,0,0,6,0,0,0,0.0,0.0,0.2,0.0,0.0,0.0,0,6,0.7099702289997367,13,10,274,49,6,,method1_proportional_scores_gamma1,unrestricted_maximum_cardinality_then_maximum_testing_evalue_sum,200,0,3,exact_fixed_count_order_statistics,300.0,1,False
57,75ece27d933f17e32f892b87a0d0ee27315c9fa0402d83dd6f0e47ff0581ce23,proven_maximal,maximize_sum_testing_e_values_at_maximum_cardinality,proven_optimal,18106.92959496349,0.7913262939878463,22881.748947977696,0,0,8,,,16;35;40;62;81;88;124;132,0,0,7,0,0,1,0.0,0.0,0.23333333333333334,0.0,0.0,0.125,0,8,0.44373185300355544,9,8,263,56,8,,method1_proportional_scores_gamma1,unrestricted_maximum_cardinality_then_maximum_testing_evalue_sum,200,0,3,exact_fixed_count_order_statistics,300.0,1,False
58,619d33744612151b6ca003e9f12867355fb70332e9cb1653ce6b83ae4f091b3f,proven_maximal,maximize_sum_testing_e_values_at_maximum_cardinality,proven_optimal,20107.745018773472,1.1401704127219114,17635.73654816262,0,0,6,,,6;16;31;97;127;129,0,0,6,0,0,0,0.0,0.0,0.2,0.0,0.0,0.0,0,6,0.5801892650051741,8,6,249,47,6,,method1_proportional_scores_gamma1,unrestricted_maximum_cardinality_then_maximum_testing_evalue_sum,200,0,9,exact_fixed_count_order_statistics,300.0,1,False
59,6c5db91b5e79bd7a4031ef66c322d4cf9bdb6b6cf9276b9ac9a73deffee35de7,proven_maximal,maximize_sum_testing_e_values_at_maximum_cardinality,proven_optimal,14332.494577806983,1.1184928832373027,12814.113341806717,0,0,4,,,45;58;102;124,0,0,4,0,0,0,0.0,0.0,0.13333333333333333,0.0,0.0,0.0,0,4,0.3883921870001359,6,5,243,41,4,,method1_proportional_scores_gamma1,unrestricted_maximum_cardinality_then_maximum_testing_evalue_sum,200,0,6,exact_fixed_count_order_statistics,300.0,1,False
60,4f467b4d1903b679c64265136cf4fdc9ef916b616765c6144cbccb1e3240ea04,proven_maximal,maximize_sum_testing_e_values_at_maximum_cardinality,proven_optimal,134411.76768750217,1.143452527075295,117549.05822920211,0,0,8,,,24;35;53;67;81;120;157;159,0,0,8,0,0,0,0.0,0.0,0.26666666666666666,0.0,0.0,0.0,0,8,0.7902086300018709,11,9,258,44,8,,method1_proportional_scores_gamma1,unrestricted_maximum_cardinality_then_maximum_testing_evalue_sum,200,0,5,exact_fixed_count_order_statistics,300.0,1,False
61,d409be56d4c8a13e70805f1424e867c5d8432712ef09c2fe70e26795ac2eccb6,proven_maximal,maximize_sum_testing_e_values_at_maximum_cardinality,proven_optimal,11056.815946811372,1.7589503690748065,6286.030658515491,0,0,10,,,24;26;32;93;118;130;143;150;167;199,0,0,10,0,0,0,0.0,0.0,0.3333333333333333,0.0,0.0,0.0,0,10,0.15904169600253226,4,4,248,53,10,,method1_proportional_scores_gamma1,unrestricted_maximum_cardinality_then_maximum_testing_evalue_sum,200,0,12,exact_fixed_count_order_statistics,300.0,1,False
62,ac8508cc3af41814e1044d17d461f50da29d94e3203f2fef6830b0f045d1cf69,proven_maximal,maximize_sum_testing_e_values_at_maximum_cardinality,proven_optimal,10691.937724953725,1.5082506664970927,7088.966020340448,0,0,9,,,23;44;59;75;98;111;113;142;194,0,0,9,0,0,0,0.0,0.0,0.3,0.0,0.0,0.0,0,9,0.4649961270042695,7,6,255,53,9,,method1_proportional_scores_gamma1,unrestricted_maximum_cardinality_then_maximum_testing_evalue_sum,200,0,1,exact_fixed_count_order_statistics,300.0,1,False
63,d3a4ffdf5bdf7c1b64adb5bd5b7a0b72de2fc23c0d80529dcd3c21ef99d47783,proven_maximal,maximize_sum_testing_e_values_at_maximum_cardinality,proven_optimal,45937.34148615331,1.0375293661980403,44275.70243576598,0,0,5,,,31;86;93;165;168,0,0,5,0,0,0,0.0,0.0,0.16666666666666666,0.0,0.0,0.0,0,5,0.8013882999948692,7,4,260,60,5,,method1_proportional_scores_gamma1,unrestricted_maximum_cardinality_then_maximum_testing_evalue_sum,200,0,7,exact_fixed_count_order_statistics,300.0,1,False
64,5b60cd5be9989aa4d7faf3bb082880fd5a0e0192491d26aedc074e1d6aeeaa1e,proven_maximal,maximize_sum_testing_e_values_at_maximum_cardinality,proven_optimal,0.0,0.0,2214.3111067877594,0,0,0,,,,0,0,0,0,0,0,0.0,0.0,0.0,0.0,0.0,0.0,0,0,0.21233633600058965,3,3,262,62,0,,method1_proportional_scores_gamma1,unrestricted_maximum_cardinality_then_maximum_testing_evalue_sum,200,0,5,exact_fixed_count_order_statistics,300.0,1,False
65,beeb39826323d500d202caad2e7e808535b7e624699c2e69f8906381594ee26a,proven_maximal,maximize_sum_testing_e_values_at_maximum_cardinality,proven_optimal,278311.27686950285,1.0050754449426396,276905.8564408429,0,0,2,,,132;136,0,0,2,0,0,0,0.0,0.0,0.06666666666666667,0.0,0.0,0.0,0,2,0.4151582800041069,5,4,255,54,2,,method1_proportional_scores_gamma1,unrestricted_maximum_cardinality_then_maximum_testing_evalue_sum,200,0,8,exact_fixed_count_order_statistics,300.0,1,False
66,5b1a9205a6e83e356f98c2d25e22358111b85ec2babf56c80a7fbd4fac0f45a1,proven_maximal,maximize_sum_testing_e_values_at_maximum_cardinality,proven_optimal,3422.365115065308,0.7873172438422181,4346.869247221982,0,0,10,,,44;70;72;100;114;132;149;159;161;186,0,0,10,0,0,0,0.0,0.0,0.3333333333333333,0.0,0.0,0.0,0,10,0.2022629649945884,6,6,246,47,10,,method1_proportional_scores_gamma1,unrestricted_maximum_cardinality_then_maximum_testing_evalue_sum,200,0,1,exact_fixed_count_order_statistics,300.0,1,False
67,9971317d01e3912e5c3ee59a927368d6213ceebcbe17c1aff9d235fd20a1c67a,proven_maximal,maximize_sum_testing_e_values_at_maximum_cardinality,proven_optimal,9671.521049814695,1.4453422798176911,6691.5091220016175,0,0,2,,,123;170,0,0,2,0,0,0,0.0,0.0,0.06666666666666667,0.0,0.0,0.0,0,2,0.22228551100124605,3,3,256,57,2,,method1_proportional_scores_gamma1,unrestricted_maximum_cardinality_then_maximum_testing_evalue_sum,200,0,3,exact_fixed_count_order_statistics,300.0,1,False
68,898daebf95ca80b3db9386d2bb2d60dd6c6916ddb537422b8775dfdfe44e5565,proven_maximal,maximize_sum_testing_e_values_at_maximum_cardinality,proven_optimal,39231.88995148633,1.255472032067988,31248.716776959467,0,0,15,,,9;27;34;57;61;83;102;120;126;135;139;148;173;180;181,0,0,15,0,0,0,0.0,0.0,0.5,0.0,0.0,0.0,0,15,0.15153288900182815,3,3,246,55,15,,method1_proportional_scores_gamma1,unrestricted_maximum_cardinality_then_maximum_testing_evalue_sum,200,0,4,exact_fixed_count_order_statistics,300.0,1,False
69,4e64e13eadf8ece8be2c788f029ab4f297eba6bc5c8a8c397a9c43d967dba034,proven_maximal,maximize_sum_testing_e_values_at_maximum_cardinality,proven_optimal,0.0,0.0,5001.905270698186,0,0,0,,,,0,0,0,0,0,0,0.0,0.0,0.0,0.0,0.0,0.0,0,0,0.1738825580032426,3,3,248,48,0,,method1_proportional_scores_gamma1,unrestricted_maximum_cardinality_then_maximum_testing_evalue_sum,200,0,2,exact_fixed_count_order_statistics,300.0,1,False
70,ad67d956c5d6336527a735d94fcf6858e1f8c1d04f416686b31d0bcc4080e9be,proven_maximal,maximize_sum_testing_e_values_at_maximum_cardinality,proven_optimal,768.4334989772669,0.20106144535949252,3821.883890287013,0,0,3,,,68;92;156,0,0,3,0,0,0,0.0,0.0,0.1,0.0,0.0,0.0,0,3,0.5897418570020818,8,5,256,54,3,,method1_proportional_scores_gamma1,unrestricted_maximum_cardinality_then_maximum_testing_evalue_sum,200,0,5,exact_fixed_count_order_statistics,300.0,1,False
71,81531838df9b806c22c2163b6fdf682ffff002e6189e159bbd2a273316a301d0,proven_maximal,maximize_sum_testing_e_values_at_maximum_cardinality,proven_optimal,42262.32086852699,1.314805455782557,32143.402419465125,0,0,11,,,15;41;63;68;73;86;115;152;165;181;191,0,0,11,0,0,0,0.0,0.0,0.36666666666666664,0.0,0.0,0.0,0,11,0.30667756700131577,6,6,242,39,11,,method1_proportional_scores_gamma1,unrestricted_maximum_cardinality_then_maximum_testing_evalue_sum,200,0,2,exact_fixed_count_order_statistics,300.0,1,False
72,4b7f045742358db158b390b1e0a0003f95872972c1a9c4dc3756bb4bb940c217,proven_maximal,maximize_sum_testing_e_values_at_maximum_cardinality,proven_optimal,26208.896838362012,1.692627956561692,15484.14507556715,0,0,8,,,18;112;145;156;158;178;183;186,0,0,8,0,0,0,0.0,0.0,0.26666666666666666,0.0,0.0,0.0,0,8,0.674409512001148,6,4,253,54,8,,method1_proportional_scores_gamma1,unrestricted_maximum_cardinality_then_maximum_testing_evalue_sum,200,0,12,exact_fixed_count_order_statistics,300.0,1,False
73,6a3415a7620e8e3bd640b11db1737527afee5caf17735192279ea0e063915c7d,proven_maximal,maximize_sum_testing_e_values_at_maximum_cardinality,proven_optimal,88210.06476453788,2.6170289611668878,33706.18593582798,0,0,11,,,18;23;29;34;55;68;106;110;155;185;198,0,0,11,0,0,0,0.0,0.0,0.36666666666666664,0.0,0.0,0.0,0,11,1.2878421010027523,16,14,281,55,11,,method1_proportional_scores_gamma1,unrestricted_maximum_cardinality_then_maximum_testing_evalue_sum,200,0,11,exact_fixed_count_order_statistics,300.0,1,False
74,19b3bc03e29e1472265443a514875ae538143e1bd79e4b5921b3c2d7837cb2d9,proven_maximal,maximize_sum_testing_e_values_at_maximum_cardinality,proven_optimal,5410.349065619439,2.0304296457421835,2664.632619487681,0,0,5,,,25;46;75;88;115,0,0,5,0,0,0,0.0,0.0,0.16666666666666666,0.0,0.0,0.0,0,5,0.4248631230002502,10,9,264,56,5,,method1_proportional_scores_gamma1,unrestricted_maximum_cardinality_then_maximum_testing_evalue_sum,200,0,0,exact_fixed_count_order_statistics,300.0,1,False
75,39d68feba875a01a11f9af0539d3f88e48a4487c8a28de16871158141711b154,proven_maximal,maximize_sum_testing_e_values_at_maximum_cardinality,proven_optimal,18824.38647301689,1.9109115092072715,9850.998532541184,0,0,5,,,21;49;129;156;194,0,0,5,0,0,0,0.0,0.0,0.16666666666666666,0.0,0.0,0.0,0,5,0.734828190994449,11,7,265,59,5,,method1_proportional_scores_gamma1,unrestricted_maximum_cardinality_then_maximum_testing_evalue_sum,200,0,7,exact_fixed_count_order_statistics,300.0,1,False
76,f321b5718e1a410334cebda2a08f8c3b61306e01a55d09d2ba3b5473d4840030,proven_maximal,maximize_sum_testing_e_values_at_maximum_cardinality,proven_optimal,20319.66477724094,2.566920405289912,7915.969944126883,0,0,12,,,23;41;65;88;105;123;127;138;145;150;166;194,0,0,12,0,0,0,0.0,0.0,0.4,0.0,0.0,0.0,0,12,0.2642992740002228,6,6,240,45,12,,method1_proportional_scores_gamma1,unrestricted_maximum_cardinality_then_maximum_testing_evalue_sum,200,0,4,exact_fixed_count_order_statistics,300.0,1,False
77,6d49a08a777feff78171789441b027b16793ea2250c352142a84be8f6533b045,proven_maximal,maximize_sum_testing_e_values_at_maximum_cardinality,proven_optimal,109975.99269336386,2.5928018000915607,42415.88874609707,0,0,11,,,5;9;15;19;24;56;98;100;126;167;183,0,0,11,0,0,0,0.0,0.0,0.36666666666666664,0.0,0.0,0.0,0,11,0.33155550000083167,6,6,251,53,11,,method1_proportional_scores_gamma1,unrestricted_maximum_cardinality_then_maximum_testing_evalue_sum,200,0,8,exact_fixed_count_order_statistics,300.0,1,False
78,010a80810af9938acdc0a40d1d91bb23498613e558a163feeb0b10f92bfc3786,proven_maximal,maximize_sum_testing_e_values_at_maximum_cardinality,proven_optimal,13020.454220969255,1.496273178371335,8701.92315760266,0,0,6,,,3;11;57;65;117;160,0,0,5,0,0,1,0.0,0.0,0.16666666666666666,0.0,0.0,0.16666666666666666,0,6,0.5014321569979074,7,6,262,59,6,,method1_proportional_scores_gamma1,unrestricted_maximum_cardinality_then_maximum_testing_evalue_sum,200,0,8,exact_fixed_count_order_statistics,300.0,1,False
79,c12f4c8e08164b756f452a46fd0a0d7549f064adf22619059274f76d56169da8,proven_maximal,maximize_sum_testing_e_values_at_maximum_cardinality,proven_optimal,16938.731621892766,2.8972753060608167,5846.434954406506,0,0,11,,,1;8;19;43;44;72;80;109;127;148;164,0,0,11,0,0,0,0.0,0.0,0.36666666666666664,0.0,0.0,0.0,0,11,1.0334815370006254,15,15,262,58,11,,method1_proportional_scores_gamma1,unrestricted_maximum_cardinality_then_maximum_testing_evalue_sum,200,0,11,exact_fixed_count_order_statistics,300.0,1,False
80,4e858ac8ff554efdd14de3060f2fade45cd7c5267bed952e03c745478eafa6cd,proven_maximal,maximize_sum_testing_e_values_at_maximum_cardinality,proven_optimal,95876.88150179031,1.0131809416535265,94629.57460028592,0,0,2,,,70;84,0,0,2,0,0,0,0.0,0.0,0.06666666666666667,0.0,0.0,0.0,0,2,0.5190911079989746,5,4,258,58,2,,method1_proportional_scores_gamma1,unrestricted_maximum_cardinality_then_maximum_testing_evalue_sum,200,0,1,exact_fixed_count_order_statistics,300.0,1,False
81,01f8cc454aab7e8693059cc9a1a572bdda164b580dc2944cc748739bb3d12014,proven_maximal,maximize_sum_testing_e_values_at_maximum_cardinality,proven_optimal,1050221.0393805855,1.1372946440903633,923437.954128922,0,0,8,,,29;34;92;93;143;145;165;183,0,0,8,0,0,0,0.0,0.0,0.26666666666666666,0.0,0.0,0.0,0,8,0.4730350549943978,5,4,252,58,8,,method1_proportional_scores_gamma1,unrestricted_maximum_cardinality_then_maximum_testing_evalue_sum,200,0,5,exact_fixed_count_order_statistics,300.0,1,False
82,1287b13c5430e89f7e26f7b5180d33f651a90d2303fd9c1654542006e3205e2e,proven_maximal,maximize_sum_testing_e_values_at_maximum_cardinality,proven_optimal,185834.74289749278,1.5834882199371776,117357.8309947045,0,0,6,,,24;55;121;139;167;199,0,0,6,0,0,0,0.0,0.0,0.2,0.0,0.0,0.0,0,6,0.4360032559998217,5,4,255,58,6,,method1_proportional_scores_gamma1,unrestricted_maximum_cardinality_then_maximum_testing_evalue_sum,200,0,10,exact_fixed_count_order_statistics,300.0,1,False
83,cf5f84ed6ea79d2d215e6ee3526a90ef7902c8992d8e5ba25079862ec8b7012d,proven_maximal,maximize_sum_testing_e_values_at_maximum_cardinality,proven_optimal,24309.19510529713,2.1986202692171974,11056.568269495778,0,0,13,,,15;29;45;70;72;79;81;115;142;156;164;170;187,0,0,13,0,0,0,0.0,0.0,0.43333333333333335,0.0,0.0,0.0,0,13,1.0800066410010913,14,14,314,53,13,,method1_proportional_scores_gamma1,unrestricted_maximum_cardinality_then_maximum_testing_evalue_sum,200,0,8,exact_fixed_count_order_statistics,300.0,1,False
84,f49cb2c4dac89d3c96d5df644357e9b052f943ba822a9c442fb17d5a8054f861,proven_maximal,maximize_sum_testing_e_values_at_maximum_cardinality,proven_optimal,608.6839814999149,0.4201918578352905,1448.58585465145,0,0,1,,,59,0,0,1,0,0,0,0.0,0.0,0.03333333333333333,0.0,0.0,0.0,0,1,0.5203971439987072,7,5,255,52,1,,method1_proportional_scores_gamma1,unrestricted_maximum_cardinality_then_maximum_testing_evalue_sum,200,0,0,exact_fixed_count_order_statistics,300.0,1,False
85,f81b69e86ad64890c9bd10551a6206369723d407b5c53f1928860089a046c7b4,proven_maximal,maximize_sum_testing_e_values_at_maximum_cardinality,proven_optimal,547238.2402084639,1.0169367483266885,538124.1666297469,0,0,5,,,41;55;74;107;190,0,0,5,0,0,0,0.0,0.0,0.16666666666666666,0.0,0.0,0.0,0,5,0.14418166200630367,3,3,248,51,5,,method1_proportional_scores_gamma1,unrestricted_maximum_cardinality_then_maximum_testing_evalue_sum,200,0,11,exact_fixed_count_order_statistics,300.0,1,False
86,fe9af93429fc8334d4cf895ec3e6d9f2f9ddd854f2e36b0ea449407153bc234a,proven_maximal,maximize_sum_testing_e_values_at_maximum_cardinality,proven_optimal,36581.4657527824,1.5049792817544787,24306.95637891863,0,0,7,,,16;51;56;101;127;167;193,0,0,7,0,0,0,0.0,0.0,0.23333333333333334,0.0,0.0,0.0,0,7,0.459688554998138,12,11,281,55,7,,method1_proportional_scores_gamma1,unrestricted_maximum_cardinality_then_maximum_testing_evalue_sum,200,0,5,exact_fixed_count_order_statistics,300.0,1,False
87,5ae4b4f50800dca06c9567c8b717b46ad28bb5ba4a5fcd9f45c229f3288bb8aa,proven_maximal,maximize_sum_testing_e_values_at_maximum_cardinality,proven_optimal,10406.959408961446,1.2121092392487043,8585.826319921413,0,0,3,,,29;84;141,0,0,3,0,0,0,0.0,0.0,0.1,0.0,0.0,0.0,0,3,0.49491046399634797,9,7,257,53,3,,method1_proportional_scores_gamma1,unrestricted_maximum_cardinality_then_maximum_testing_evalue_sum,200,0,6,exact_fixed_count_order_statistics,300.0,1,False
88,812c471346ed5ce76f916f267f0b7e9ab0f2a8aeade0e0ec67f43a8591b94ca1,proven_maximal,maximize_sum_testing_e_values_at_maximum_cardinality,proven_optimal,5545.608337065232,1.4828574324377337,3739.812213739635,0,0,5,,,78;88;116;183;185,0,0,5,0,0,0,0.0,0.0,0.16666666666666666,0.0,0.0,0.0,0,5,0.699577234001481,10,7,253,48,5,,method1_proportional_scores_gamma1,unrestricted_maximum_cardinality_then_maximum_testing_evalue_sum,200,0,0,exact_fixed_count_order_statistics,300.0,1,False
89,042b936c770889e51b202cd20ce035d118173284ce371422d73bb94ccadcb414,proven_maximal,maximize_sum_testing_e_values_at_maximum_cardinality,proven_optimal,56482.36090415759,1.022327227983335,55248.80816837474,0,0,5,,,1;7;148;150;151,0,0,4,0,0,1,0.0,0.0,0.13333333333333333,0.0,0.0,0.2,0,5,0.20934000099805417,3,3,246,48,5,,method1_proportional_scores_gamma1,unrestricted_maximum_cardinality_then_maximum_testing_evalue_sum,200,0,1,exact_fixed_count_order_statistics,300.0,1,False
90,df1fcb76ded5f50b4d108cdaeecc6d2d9a56995680e2932aadb3d9e32b5b53b5,proven_maximal,maximize_sum_testing_e_values_at_maximum_cardinality,proven_optimal,30535.45100196292,2.278583252332277,13401.06883112913,0,0,7,,,14;57;59;76;101;129;142,0,0,7,0,0,0,0.0,0.0,0.23333333333333334,0.0,0.0,0.0,0,7,0.49397220299579203,7,5,256,55,7,,method1_proportional_scores_gamma1,unrestricted_maximum_cardinality_then_maximum_testing_evalue_sum,200,0,7,exact_fixed_count_order_statistics,300.0,1,False
91,feeb6a02a3fda26ff0dbd7dfd8d044b4463263cc9305e4a2c73530570553b31d,proven_maximal,maximize_sum_testing_e_values_at_maximum_cardinality,proven_optimal,27021.613787022343,1.0656172600579144,25357.71031482145,0,0,4,,,59;83;120;198,0,0,4,0,0,0,0.0,0.0,0.13333333333333333,0.0,0.0,0.0,0,4,0.5902168070024345,6,4,251,53,4,,method1_proportional_scores_gamma1,unrestricted_maximum_cardinality_then_maximum_testing_evalue_sum,200,0,1,exact_fixed_count_order_statistics,300.0,1,False
92,8d3572b497495d0aefd13622227cd2ddce3795de54c0ae6bb76709069c4945c6,proven_maximal,maximize_sum_testing_e_values_at_maximum_cardinality,proven_optimal,9843.400257809162,1.3632836185178916,7220.36128367076,0,0,6,,,1;37;135;157;158;174,0,0,6,0,0,0,0.0,0.0,0.2,0.0,0.0,0.0,0,6,0.9182108910026727,9,6,256,54,6,,method1_proportional_scores_gamma1,unrestricted_maximum_cardinality_then_maximum_testing_evalue_sum,200,0,3,exact_fixed_count_order_statistics,300.0,1,False
93,f9e84f429cb2e34e9380b027a8a3b659564cac7c6ec8d33e70ad8c37ebf407e5,proven_maximal,maximize_sum_testing_e_values_at_maximum_cardinality,proven_optimal,264524.2719624419,1.0130675949598802,261112.163964654,0,0,3,,,25;83;155,0,0,3,0,0,0,0.0,0.0,0.1,0.0,0.0,0.0,0,3,0.8923817969989614,9,6,251,48,3,,method1_proportional_scores_gamma1,unrestricted_maximum_cardinality_then_maximum_testing_evalue_sum,200,0,7,exact_fixed_count_order_statistics,300.0,1,False
94,6e45f5444524ac0edd9aabc069c1b98e99a6e32dd3bcaed486844992f64bb8eb,proven_maximal,maximize_sum_testing_e_values_at_maximum_cardinality,proven_optimal,128.12761623607705,0.0031698624642984632,40420.56009658247,0,0,1,,,133,0,0,1,0,0,0,0.0,0.0,0.03333333333333333,0.0,0.0,0.0,0,1,0.6914780669976608,9,7,251,45,1,,method1_proportional_scores_gamma1,unrestricted_maximum_cardinality_then_maximum_testing_evalue_sum,200,0,4,exact_fixed_count_order_statistics,300.0,1,False
95,df0e7ca10e5d235de461351651de295496cd8c09184711d1f6f098533d6e1f0f,proven_maximal,maximize_sum_testing_e_values_at_maximum_cardinality,proven_optimal,235627.78188251762,1.1719844897627996,201050.2561601364,0,0,9,,,13;21;22;44;49;103;166;173;197,0,0,9,0,0,0,0.0,0.0,0.3,0.0,0.0,0.0,0,9,0.3944336370041128,5,4,240,45,9,,method1_proportional_scores_gamma1,unrestricted_maximum_cardinality_then_maximum_testing_evalue_sum,200,0,4,exact_fixed_count_order_statistics,300.0,1,False
96,7bf06ebc8feedcfed757e657cc7696ebeef1035e2d332050390c18347f2e4861,proven_maximal,maximize_sum_testing_e_values_at_maximum_cardinality,proven_optimal,15062.904734369335,1.5392251851524024,9786.030581924191,0,0,14,,,26;32;61;87;92;97;102;126;146;150;163;175;177;187,0,0,14,0,0,0,0.0,0.0,0.4666666666666667,0.0,0.0,0.0,0,14,0.6536147799997707,14,14,275,50,14,,method1_proportional_scores_gamma1,unrestricted_maximum_cardinality_then_maximum_testing_evalue_sum,200,0,4,exact_fixed_count_order_statistics,300.0,1,False
97,5942d9b8d6bbd9458da9b2c490fdea6da1aa0d3f9ba5181e0724d11510b81260,proven_maximal,maximize_sum_testing_e_values_at_maximum_cardinality,proven_optimal,49254.692194225136,1.855507725138223,26545.12914547741,0,0,7,,,7;16;25;45;47;95;144,0,0,7,0,0,0,0.0,0.0,0.23333333333333334,0.0,0.0,0.0,0,7,0.42755958700581687,6,5,246,48,7,,method1_proportional_scores_gamma1,unrestricted_maximum_cardinality_then_maximum_testing_evalue_sum,200,0,4,exact_fixed_count_order_statistics,300.0,1,False
98,eb0e3b51d9eb92cedd3aa39e85a0526ce5fab0a44853fbd032d93c2a93bb617b,proven_maximal,maximize_sum_testing_e_values_at_maximum_cardinality,proven_optimal,1614326.990696454,1.043202942251452,1547471.6618536331,0,0,4,,,9;116;122;124,0,0,4,0,0,0,0.0,0.0,0.13333333333333333,0.0,0.0,0.0,0,4,0.37716440400254214,5,4,243,46,4,,method1_proportional_scores_gamma1,unrestricted_maximum_cardinality_then_maximum_testing_evalue_sum,200,0,7,exact_fixed_count_order_statistics,300.0,1,False
99,4b8dc5e8c2d5929028a3b20eb33533fcd95502c91ec1408870877ae932f57df4,proven_maximal,maximize_sum_testing_e_values_at_maximum_cardinality,proven_optimal,962.1224372883607,0.021961232448427022,43810.038418735145,0,0,2,,,10;83,0,0,2,0,0,0,0.0,0.0,0.06666666666666667,0.0,0.0,0.0,0,2,0.5283272610031418,5,4,259,59,2,,method1_proportional_scores_gamma1,unrestricted_maximum_cardinality_then_maximum_testing_evalue_sum,200,0,1,exact_fixed_count_order_statistics,300.0,1,False
100,bffee79aadef08c4d71bf5472181ff58c75fc76d11af97e2b6eacbe701c8ecd0,proven_maximal,maximize_sum_testing_e_values_at_maximum_cardinality,proven_optimal,528279.2473189532,1.5791218557118085,334539.88709492265,0,0,10,,,18;25;60;70;91;119;142;144;173;192,0,0,10,0,0,0,0.0,0.0,0.3333333333333333,0.0,0.0,0.0,0,10,0.3177854320019833,5,5,248,52,10,,method1_proportional_scores_gamma1,unrestricted_maximum_cardinality_then_maximum_testing_evalue_sum,200,0,11,exact_fixed_count_order_statistics,300.0,1,False
101,7f4158667cfb0e56af5359a8b19d5a6dc1aa0deaf491ac3ec0e168b20501b9e4,proven_maximal,maximize_sum_testing_e_values_at_maximum_cardinality,proven_optimal,0.0,0.0,4354.460615377296,0,0,0,,,,0,0,0,0,0,0,0.0,0.0,0.0,0.0,0.0,0.0,0,0,0.18236843799968483,3,3,247,47,0,,method1_proportional_scores_gamma1,unrestricted_maximum_cardinality_then_maximum_testing_evalue_sum,200,0,6,exact_fixed_count_order_statistics,300.0,1,False
102,bffbb70e9b279ff970282d66420623eb99dcbb51fc88f1b4acf7558abea25e1d,proven_maximal,maximize_sum_testing_e_values_at_maximum_cardinality,proven_optimal,327124.62674155843,1.0605825937718765,308438.6154011505,0,0,2,,,12;42,0,0,2,0,0,0,0.0,0.0,0.06666666666666667,0.0,0.0,0.0,0,2,0.7456063970021205,9,6,264,60,2,,method1_proportional_scores_gamma1,unrestricted_maximum_cardinality_then_maximum_testing_evalue_sum,200,0,5,exact_fixed_count_order_statistics,300.0,1,False
103,a2bb8ca24f9afce46bf7b8cb09d5cc27308a2e7b9a4ce3a0d7b14404ff8fec26,proven_maximal,maximize_sum_testing_e_values_at_maximum_cardinality,proven_optimal,56.39932121314212,0.00155321266482612,36311.39668788108,0,0,1,,,29,0,0,1,0,0,0,0.0,0.0,0.03333333333333333,0.0,0.0,0.0,0,1,0.8879772439977387,10,5,260,53,1,,method1_proportional_scores_gamma1,unrestricted_maximum_cardinality_then_maximum_testing_evalue_sum,200,0,2,exact_fixed_count_order_statistics,300.0,1,False
104,22e7519e60cc4fb6cf845c5bbcf0e4c1c6c1ce6122cf7d004d2355655e55bc80,proven_maximal,maximize_sum_testing_e_values_at_maximum_cardinality,proven_optimal,16624.021253923318,2.3322153025649435,7127.995959738542,0,0,6,,,16;20;63;74;95;127,0,0,6,0,0,0,0.0,0.0,0.2,0.0,0.0,0.0,0,6,0.5696904790020199,8,6,249,48,6,,method1_proportional_scores_gamma1,unrestricted_maximum_cardinality_then_maximum_testing_evalue_sum,200,0,10,exact_fixed_count_order_statistics,300.0,1,False
105,7892079e41d01c315fd2e919c712db2e3b84a6374e7e7708c18f556c9db01f3f,proven_maximal,maximize_sum_testing_e_values_at_maximum_cardinality,proven_optimal,21798.81178635093,1.6209270897280292,13448.360462658742,0,0,8,,,24;32;45;50;128;132;147;159,0,0,8,0,0,0,0.0,0.0,0.26666666666666666,0.0,0.0,0.0,0,8,0.6702027280043694,9,7,256,51,8,,method1_proportional_scores_gamma1,unrestricted_maximum_cardinality_then_maximum_testing_evalue_sum,200,0,10,exact_fixed_count_order_statistics,300.0,1,False
106,f1984d887a6a7e0887fdb045c054e02ccbcc6054a15f217c93c1614510b0f2e6,proven_maximal,maximize_sum_testing_e_values_at_maximum_cardinality,proven_optimal,25608.438287685825,1.0076652812724352,25413.635622484304,0,0,2,,,86;111,0,0,2,0,0,0,0.0,0.0,0.06666666666666667,0.0,0.0,0.0,0,2,0.4832275770022534,7,5,248,47,2,,method1_proportional_scores_gamma1,unrestricted_maximum_cardinality_then_maximum_testing_evalue_sum,200,0,6,exact_fixed_count_order_statistics,300.0,1,False
107,32660f8575886859588392188c250634893f2009c605f89832147287a8e9889c,proven_maximal,maximize_sum_testing_e_values_at_maximum_cardinality,proven_optimal,14020.016449855386,1.6360091085814032,8569.644494224274,0,0,6,,,41;71;95;120;134;156,0,0,6,0,0,0,0.0,0.0,0.2,0.0,0.0,0.0,0,6,0.17173197300144238,3,3,241,44,6,,method1_proportional_scores_gamma1,unrestricted_maximum_cardinality_then_maximum_testing_evalue_sum,200,0,9,exact_fixed_count_order_statistics,300.0,1,False
108,0db828d0ed784248f41b7f2dc7a906e439f036872dd7ccaaa367a8a8cd0da7ae,proven_maximal,maximize_sum_testing_e_values_at_maximum_cardinality,proven_optimal,397.11785848566376,0.03604685459833024,11016.713189285008,0,0,2,,,6;128,0,0,2,0,0,0,0.0,0.0,0.06666666666666667,0.0,0.0,0.0,0,2,0.6004112570008147,6,4,253,53,2,,method1_proportional_scores_gamma1,unrestricted_maximum_cardinality_then_maximum_testing_evalue_sum,200,0,9,exact_fixed_count_order_statistics,300.0,1,False
109,819a42a631c3e4b58ba1d0e4a9040979321a6040b2bdcc62482317d08aaec6e8,proven_maximal,maximize_sum_testing_e_values_at_maximum_cardinality,proven_optimal,32710.529557601865,1.2199119491169708,26813.844705168496,0,0,4,,,5;79;142;187,0,0,4,0,0,0,0.0,0.0,0.13333333333333333,0.0,0.0,0.0,0,4,0.40905155800282955,5,4,253,55,4,,method1_proportional_scores_gamma1,unrestricted_maximum_cardinality_then_maximum_testing_evalue_sum,200,0,8,exact_fixed_count_order_statistics,300.0,1,False
110,cac4fb8b1ca0f594ab5a981267b8e6c57d7545eddf39a816858043ed15e1229b,proven_maximal,maximize_sum_testing_e_values_at_maximum_cardinality,proven_optimal,23046.82980684977,1.8228226348099708,12643.484542451057,0,0,8,,,11;19;22;93;102;143;171;187,0,0,8,0,0,0,0.0,0.0,0.26666666666666666,0.0,0.0,0.0,0,8,0.3732033250053064,5,4,243,47,8,,method1_proportional_scores_gamma1,unrestricted_maximum_cardinality_then_maximum_testing_evalue_sum,200,0,4,exact_fixed_count_order_statistics,300.0,1,False
111,b48ab42c68341f53d5611f7ed1605e0ace6f01dab0252e61dd0627388cca0195,proven_maximal,maximize_sum_testing_e_values_at_maximum_cardinality,proven_optimal,26487.29506029851,1.1334106046886967,23369.54935018764,0,0,3,,,38;58;60,0,0,3,0,0,0,0.0,0.0,0.1,0.0,0.0,0.0,0,3,0.593416347001039,8,6,259,57,3,,method1_proportional_scores_gamma1,unrestricted_maximum_cardinality_then_maximum_testing_evalue_sum,200,0,14,exact_fixed_count_order_statistics,300.0,1,False
112,f01f05c3ce6764b3f3de13a53bfe47b8dfe39d1a6ed0ffc12fe9aa1b2d76f952,proven_maximal,maximize_sum_testing_e_values_at_maximum_cardinality,proven_optimal,17550.848053627902,3.2108853636605432,5466.0462974670645,0,0,9,,,43;53;62;85;114;133;135;162;176,0,0,9,0,0,0,0.0,0.0,0.3,0.0,0.0,0.0,0,9,0.4700685549978516,6,5,248,48,9,,method1_proportional_scores_gamma1,unrestricted_maximum_cardinality_then_maximum_testing_evalue_sum,200,0,11,exact_fixed_count_order_statistics,300.0,1,False
113,a292d5f862cede0be765182cf4929bdfe11e217ba671d7bf0bdf2128800b6902,proven_maximal,maximize_sum_testing_e_values_at_maximum_cardinality,proven_optimal,68108.75843040671,2.212814366494484,30779.2463126059,0,0,7,,,25;48;80;87;114;176;199,0,0,7,0,0,0,0.0,0.0,0.23333333333333334,0.0,0.0,0.0,0,7,0.1618567570039886,3,3,259,63,7,,method1_proportional_scores_gamma1,unrestricted_maximum_cardinality_then_maximum_testing_evalue_sum,200,0,4,exact_fixed_count_order_statistics,300.0,1,False
114,e52cfef28da98d7b2c18b5309cc27eda3daa76012dbe7ac3441d3ec5311c7c70,proven_maximal,maximize_sum_testing_e_values_at_maximum_cardinality,proven_optimal,39300.044617014915,1.2686384150152852,30978.129112180013,0,0,7,,,86;101;116;118;134;135;186,0,0,7,0,0,0,0.0,0.0,0.23333333333333334,0.0,0.0,0.0,0,7,0.41673286000150256,7,6,269,60,7,,method1_proportional_scores_gamma1,unrestricted_maximum_cardinality_then_maximum_testing_evalue_sum,200,0,10,exact_fixed_count_order_statistics,300.0,1,False
115,07a333c692d144e6abb617f9fc6225a5d06aa4b6b893307b0983895fe14efa0f,proven_maximal,maximize_sum_testing_e_values_at_maximum_cardinality,proven_optimal,13659.73630376008,1.1986980777002108,11395.476941088682,0,0,5,,,7;92;111;145;166,0,0,5,0,0,0,0.0,0.0,0.16666666666666666,0.0,0.0,0.0,0,5,0.33411531100136926,5,4,254,53,5,,method1_proportional_scores_gamma1,unrestricted_maximum_cardinality_then_maximum_testing_evalue_sum,200,0,3,exact_fixed_count_order_statistics,300.0,1,False
116,ce70e5f524b190e473681e439b89c455666de89c45f8fbe99fe391d9286d661d,proven_maximal,maximize_sum_testing_e_values_at_maximum_cardinality,proven_optimal,12208.307801360213,1.5626985274751264,7812.324377809036,0,0,5,,,25;55;88;112;134,0,0,4,0,0,1,0.0,0.0,0.13333333333333333,0.0,0.0,0.2,0,5,0.3515337759963586,6,6,252,49,5,,method1_proportional_scores_gamma1,unrestricted_maximum_cardinality_then_maximum_testing_evalue_sum,200,0,6,exact_fixed_count_order_statistics,300.0,1,False
117,86492aaf6c26ec7917659cd74de03b167dbd976dda1c8ac27bfe6e0b6ff1671d,proven_maximal,maximize_sum_testing_e_values_at_maximum_cardinality,proven_optimal,4519.871888053735,1.0811093942394687,4180.772003404284,0,0,3,,,1;41;87,0,0,3,0,0,0,0.0,0.0,0.1,0.0,0.0,0.0,0,3,0.37078709100023843,5,4,259,60,3,,method1_proportional_scores_gamma1,unrestricted_maximum_cardinality_then_maximum_testing_evalue_sum,200,0,4,exact_fixed_count_order_statistics,300.0,1,False
118,96addba165bc1cac1fd637764b1f392af67e16e1a3f4148d1f3e0f372170e4a2,proven_maximal,maximize_sum_testing_e_values_at_maximum_cardinality,proven_optimal,10341.45163399116,2.0562480204917475,5029.282231974149,0,0,5,,,33;52;102;131;190,0,0,5,0,0,0,0.0,0.0,0.16666666666666666,0.0,0.0,0.0,0,5,0.46598066599835875,9,8,260,50,5,,method1_proportional_scores_gamma1,unrestricted_maximum_cardinality_then_maximum_testing_evalue_sum,200,0,7,exact_fixed_count_order_statistics,300.0,1,False
119,64e95300067a14a1c30c531f49287211bcbf8f3755b461601b420ad59b7f7a09,proven_maximal,maximize_sum_testing_e_values_at_maximum_cardinality,proven_optimal,37640.03035881758,2.5085635385842386,15004.615103375272,0,0,9,,,23;44;81;94;114;138;144;152;155,0,0,9,0,0,0,0.0,0.0,0.3,0.0,0.0,0.0,0,9,0.7630088229998364,9,8,269,60,9,,method1_proportional_scores_gamma1,unrestricted_maximum_cardinality_then_maximum_testing_evalue_sum,200,0,13,exact_fixed_count_order_statistics,300.0,1,False
120,e001d41176836b210febe01b21f79bcd8900bea44e2eaa990e6c8e571ac72c6c,proven_maximal,maximize_sum_testing_e_values_at_maximum_cardinality,proven_optimal,147695.21309052946,1.0495002560123672,140729.08724358524,0,0,9,,,2;18;22;82;83;102;130;177;191,0,0,9,0,0,0,0.0,0.0,0.3,0.0,0.0,0.0,0,9,0.3814735049963929,5,4,256,62,9,,method1_proportional_scores_gamma1,unrestricted_maximum_cardinality_then_maximum_testing_evalue_sum,200,0,9,exact_fixed_count_order_statistics,300.0,1,False
121,f90e00efd0c5a853c3047d255416914fc158b59dce920b548379f24fbe181b1e,proven_maximal,maximize_sum_testing_e_values_at_maximum_cardinality,proven_optimal,46379.77333881769,1.082619770635212,42840.316237348045,0,0,11,,,20;35;38;51;112;145;161;170;176;193;197,0,0,11,0,0,0,0.0,0.0,0.36666666666666664,0.0,0.0,0.0,0,11,0.60004478799965,11,11,293,52,11,,method1_proportional_scores_gamma1,unrestricted_maximum_cardinality_then_maximum_testing_evalue_sum,200,0,4,exact_fixed_count_order_statistics,300.0,1,False
122,80a7de2eaa14a2b7940a5389e410efe4c5bc1414081cd89db5e4c798d5a4b69b,proven_maximal,maximize_sum_testing_e_values_at_maximum_cardinality,proven_optimal,2235.109112748721,1.2105199003966887,1846.40426978216,0,0,7,,,9;26;41;48;63;95;170,0,0,7,0,0,0,0.0,0.0,0.23333333333333334,0.0,0.0,0.0,0,7,0.6191690980049316,12,9,263,52,7,,method1_proportional_scores_gamma1,unrestricted_maximum_cardinality_then_maximum_testing_evalue_sum,200,0,0,exact_fixed_count_order_statistics,300.0,1,False
123,dc220d4c7c13c8432a03bfdd5d65226b799ba95aea34f6da27835ed63d9b7bcf,proven_maximal,maximize_sum_testing_e_values_at_maximum_cardinality,proven_optimal,343.15792918315697,0.6527914510895262,525.677731548747,0,0,3,,,22;47;119,0,0,3,0,0,0,0.0,0.0,0.1,0.0,0.0,0.0,0,3,0.21950329499668442,3,3,240,42,3,,method1_proportional_scores_gamma1,unrestricted_maximum_cardinality_then_maximum_testing_evalue_sum,200,0,0,exact_fixed_count_order_statistics,300.0,1,False
124,95f2df385a49c2a4509f8431cfdc3f3c6bc9fe0a67d82ab46cbf5a0855bbbb97,proven_maximal,maximize_sum_testing_e_values_at_maximum_cardinality,proven_optimal,7473.054146497142,0.5021873727631612,14881.007671257285,0,0,13,,,7;28;31;37;61;78;106;109;137;142;175;181;198,0,0,12,0,0,1,0.0,0.0,0.4,0.0,0.0,0.07692307692307693,0,13,1.4901943240038236,16,15,264,51,13,,method1_proportional_scores_gamma1,unrestricted_maximum_cardinality_then_maximum_testing_evalue_sum,200,0,5,exact_fixed_count_order_statistics,300.0,1,False
125,49237548f5f26bb12c690457a3445d497ce7c966500539ca3ffcf6ee411d995e,proven_maximal,maximize_sum_testing_e_values_at_maximum_cardinality,proven_optimal,40219.07630543076,1.3996515377762033,28735.063849771992,0,0,10,,,15;40;55;64;100;106;116;139;182;185,0,0,10,0,0,0,0.0,0.0,0.3333333333333333,0.0,0.0,0.0,0,10,0.9100354339971091,18,17,286,44,10,,method1_proportional_scores_gamma1,unrestricted_maximum_cardinality_then_maximum_testing_evalue_sum,200,0,5,exact_fixed_count_order_statistics,300.0,1,False
126,3ddd2630924172a82270a5c22f37a288be4465ad58c76687979dd75569028bfb,proven_maximal,maximize_sum_testing_e_values_at_maximum_cardinality,proven_optimal,111591.8723338964,1.4734914027888308,75732.96465978015,0,0,9,,,16;45;84;88;96;127;160;186;189,0,0,9,0,0,0,0.0,0.0,0.3,0.0,0.0,0.0,0,9,0.46909407400380587,6,5,278,79,9,,method1_proportional_scores_gamma1,unrestricted_maximum_cardinality_then_maximum_testing_evalue_sum,200,0,13,exact_fixed_count_order_statistics,300.0,1,False
127,695c65e53c8d93e5d325fe37aef6b8bdd5ce728c8ac6d70970c29e36f8790e25,proven_maximal,maximize_sum_testing_e_values_at_maximum_cardinality,proven_optimal,14646.493319519037,1.3448702977291167,10890.636326975471,0,0,10,,,43;76;85;97;101;123;133;141;147;199,0,0,10,0,0,0,0.0,0.0,0.3333333333333333,0.0,0.0,0.0,0,10,0.4847539250040427,10,10,297,52,10,,method1_proportional_scores_gamma1,unrestricted_maximum_cardinality_then_maximum_testing_evalue_sum,200,0,5,exact_fixed_count_order_statistics,300.0,1,False
128,7eed2846534102fcf3af9ed209397d3eb839d87433d38d7cd23d0608a76273ff,proven_maximal,maximize_sum_testing_e_values_at_maximum_cardinality,proven_optimal,37890.99562575381,1.0544448347671633,35934.545247329785,0,0,5,,,12;92;107;162;186,0,0,5,0,0,0,0.0,0.0,0.16666666666666666,0.0,0.0,0.0,0,5,0.530993504995422,6,5,243,44,5,,method1_proportional_scores_gamma1,unrestricted_maximum_cardinality_then_maximum_testing_evalue_sum,200,0,4,exact_fixed_count_order_statistics,300.0,1,False
129,0464cf77fb6aac3b8cd6318244228f7e38a6cf6d9aed9c93c3c1eafd3cc66bfd,proven_maximal,maximize_sum_testing_e_values_at_maximum_cardinality,proven_optimal,55436.29995847936,0.9826842880269377,56413.13353018596,0,0,5,,,50;69;117;128;193,0,0,5,0,0,0,0.0,0.0,0.16666666666666666,0.0,0.0,0.0,0,5,0.8604502070011222,9,6,261,59,5,,method1_proportional_scores_gamma1,unrestricted_maximum_cardinality_then_maximum_testing_evalue_sum,200,0,10,exact_fixed_count_order_statistics,300.0,1,False
130,8c84789e551cdde363eef37222e3d0649ea7a784cad186dd529c70352880e6e4,proven_maximal,maximize_sum_testing_e_values_at_maximum_cardinality,proven_optimal,26553.773381055653,2.3584058514900748,11259.204332570069,0,0,7,,,53;92;120;137;145;152;173,0,0,7,0,0,0,0.0,0.0,0.23333333333333334,0.0,0.0,0.0,0,7,0.8030637240008218,9,6,258,57,7,,method1_proportional_scores_gamma1,unrestricted_maximum_cardinality_then_maximum_testing_evalue_sum,200,0,10,exact_fixed_count_order_statistics,300.0,1,False
131,f4cfb311c0ede1da73c2437f774499716e2ca78e643baadd8c3b2cb830843cb2,proven_maximal,maximize_sum_testing_e_values_at_maximum_cardinality,proven_optimal,141125.9224875518,1.2940461713308309,109057.87259693696,0,0,11,,,2;27;61;62;75;77;99;104;128;175;195,0,0,11,0,0,0,0.0,0.0,0.36666666666666664,0.0,0.0,0.0,0,11,0.39363285399304004,5,5,260,62,11,,method1_proportional_scores_gamma1,unrestricted_maximum_cardinality_then_maximum_testing_evalue_sum,200,0,11,exact_fixed_count_order_statistics,300.0,1,False
132,60bbdd43dc6f98dee38ea51473c54efe764e6cb62d69ab9c0739c241752d33fb,proven_maximal,maximize_sum_testing_e_values_at_maximum_cardinality,proven_optimal,10572.86750457901,1.7993184934498292,5876.040035751355,0,0,6,,,3;99;100;107;108;109,0,0,6,0,0,0,0.0,0.0,0.2,0.0,0.0,0.0,0,6,0.7281674780024332,8,6,254,46,6,,method1_proportional_scores_gamma1,unrestricted_maximum_cardinality_then_maximum_testing_evalue_sum,200,0,4,exact_fixed_count_order_statistics,300.0,1,False
133,9f01447090c76930c9989c0cdc10446fd92cac0987fd508962f3dab01e6e0306,proven_maximal,maximize_sum_testing_e_values_at_maximum_cardinality,proven_optimal,15686.286875551754,1.877884759421441,8353.167997584982,0,0,4,,,5;107;127;183,0,0,4,0,0,0,0.0,0.0,0.13333333333333333,0.0,0.0,0.0,0,4,0.8070417600029032,9,6,256,53,4,,method1_proportional_scores_gamma1,unrestricted_maximum_cardinality_then_maximum_testing_evalue_sum,200,0,4,exact_fixed_count_order_statistics,300.0,1,False
134,d36bcf205607d15d57b2557f6928780c86927aa7382194ec19874921f99f897c,proven_maximal,maximize_sum_testing_e_values_at_maximum_cardinality,proven_optimal,82537.08555317887,1.1050467996166575,74691.03171178914,0,0,5,,,99;107;180;182;196,0,0,5,0,0,0,0.0,0.0,0.16666666666666666,0.0,0.0,0.0,0,5,0.8759965100034606,8,5,254,54,5,,method1_proportional_scores_gamma1,unrestricted_maximum_cardinality_then_maximum_testing_evalue_sum,200,0,10,exact_fixed_count_order_statistics,300.0,1,False
135,5538b97d6221103ebdcf8eb7ce22a9ec4a69758256a7eaf831d3b15c9ca2ee5c,proven_maximal,maximize_sum_testing_e_values_at_maximum_cardinality,proven_optimal,73283.80662625874,1.2513582977398987,58563.40806515446,0,0,10,,,24;38;39;55;56;60;73;83;117;142,0,0,10,0,0,0,0.0,0.0,0.3333333333333333,0.0,0.0,0.0,0,10,0.7992926919978345,13,13,268,52,10,,method1_proportional_scores_gamma1,unrestricted_maximum_cardinality_then_maximum_testing_evalue_sum,200,0,9,exact_fixed_count_order_statistics,300.0,1,False
136,bc71e5a8714ae2c265b7029b2c74bb3338356b7e04f0303a1eb85f53eb5e88b9,proven_maximal,maximize_sum_testing_e_values_at_maximum_cardinality,proven_optimal,2209.9046712664967,0.08463364841714512,26111.419188432545,0,0,1,,,180,0,0,1,0,0,0,0.0,0.0,0.03333333333333333,0.0,0.0,0.0,0,1,0.553729942002974,5,4,258,58,1,,method1_proportional_scores_gamma1,unrestricted_maximum_cardinality_then_maximum_testing_evalue_sum,200,0,4,exact_fixed_count_order_statistics,300.0,1,False
137,bc772ae2704bbbc21442843edcf88e101972b76f329cc950cc8a32aefaab027b,proven_maximal,maximize_sum_testing_e_values_at_maximum_cardinality,proven_optimal,31559.88210358331,1.1691906444138576,26992.930754594785,0,0,6,,,58;111;153;157;158;196,0,0,6,0,0,0,0.0,0.0,0.2,0.0,0.0,0.0,0,6,0.5203952359952382,7,6,253,49,6,,method1_proportional_scores_gamma1,unrestricted_maximum_cardinality_then_maximum_testing_evalue_sum,200,0,10,exact_fixed_count_order_statistics,300.0,1,False
138,7f80dd9704b86fb9d81894b88fb53897973c77690aa6b867cab9fcecbd1d8278,proven_maximal,maximize_sum_testing_e_values_at_maximum_cardinality,proven_optimal,13897.252311353923,1.7487648300952414,7946.896044676887,0,0,11,,,6;20;22;87;99;119;144;145;149;174;183,0,0,11,0,0,0,0.0,0.0,0.36666666666666664,0.0,0.0,0.0,0,11,0.8751100250010495,11,11,298,65,11,,method1_proportional_scores_gamma1,unrestricted_maximum_cardinality_then_maximum_testing_evalue_sum,200,0,2,exact_fixed_count_order_statistics,300.0,1,False
139,58ebceed4ac886db21ce3d54bf010f061db8f5771b4c5637b87ee7d70b5bab6f,proven_maximal,maximize_sum_testing_e_values_at_maximum_cardinality,proven_optimal,614.2006264888139,0.01633993879646644,37588.918424935386,0,0,1,,,195,0,0,1,0,0,0,0.0,0.0,0.03333333333333333,0.0,0.0,0.0,0,1,0.6115134729989222,7,5,253,52,1,,method1_proportional_scores_gamma1,unrestricted_maximum_cardinality_then_maximum_testing_evalue_sum,200,0,12,exact_fixed_count_order_statistics,300.0,1,False
140,89f4baf04ff1213a1a22be977fdd02833f01c0a86faac32425ffde8c69a9b0d4,proven_maximal,maximize_sum_testing_e_values_at_maximum_cardinality,proven_optimal,8405.009708128136,2.6062747277473752,3224.913175363004,0,0,8,,,36;50;58;66;84;95;130;153,0,0,8,0,0,0,0.0,0.0,0.26666666666666666,0.0,0.0,0.0,0,8,0.5929374579936848,7,6,256,57,8,,method1_proportional_scores_gamma1,unrestricted_maximum_cardinality_then_maximum_testing_evalue_sum,200,0,6,exact_fixed_count_order_statistics,300.0,1,False
141,989906edc356643d90fd1d4ea45099274030a3d5876559ff8b92a9832301d03e,proven_maximal,maximize_sum_testing_e_values_at_maximum_cardinality,proven_optimal,142818.07238973447,1.6854812680703741,84734.29820625653,0,0,11,,,18;33;45;50;69;71;73;102;137;155;186,0,0,11,0,0,0,0.0,0.0,0.36666666666666664,0.0,0.0,0.0,0,11,0.3126604060016689,6,6,249,46,11,,method1_proportional_scores_gamma1,unrestricted_maximum_cardinality_then_maximum_testing_evalue_sum,200,0,7,exact_fixed_count_order_statistics,300.0,1,False
142,2ce7f9337ca830ac6807ce064ce9198bdddb7148443ef0ab4906c21e261d7d40,proven_maximal,maximize_sum_testing_e_values_at_maximum_cardinality,proven_optimal,22720.10039529734,2.2619170777983264,10044.621272063749,0,0,7,,,19;65;93;124;132;146;165,0,0,7,0,0,0,0.0,0.0,0.23333333333333334,0.0,0.0,0.0,0,7,0.8691922580037499,12,9,273,48,7,,method1_proportional_scores_gamma1,unrestricted_maximum_cardinality_then_maximum_testing_evalue_sum,200,0,11,exact_fixed_count_order_statistics,300.0,1,False
143,ebb976a25fcbb9e8480424d2adbf1dadc2f0383085088036b42c8f3d1cfa3706,proven_maximal,maximize_sum_testing_e_values_at_maximum_cardinality,proven_optimal,25902.448242115628,2.2763507393022158,11378.935501853142,0,0,7,,,41;50;79;113;116;192;193,0,0,7,0,0,0,0.0,0.0,0.23333333333333334,0.0,0.0,0.0,0,7,0.45079807299771346,5,4,249,54,7,,method1_proportional_scores_gamma1,unrestricted_maximum_cardinality_then_maximum_testing_evalue_sum,200,0,12,exact_fixed_count_order_statistics,300.0,1,False
144,b0257b814fd3c86a3760801efb848375ab09d9518ac69719247b8bef59147b47,proven_maximal,maximize_sum_testing_e_values_at_maximum_cardinality,proven_optimal,91907.66198733651,1.2270774480745603,74899.64234250353,0,0,7,,,17;41;52;75;164;170;194,0,0,7,0,0,0,0.0,0.0,0.23333333333333334,0.0,0.0,0.0,0,7,0.4204386049968889,6,5,242,45,7,,method1_proportional_scores_gamma1,unrestricted_maximum_cardinality_then_maximum_testing_evalue_sum,200,0,4,exact_fixed_count_order_statistics,300.0,1,False
145,ea2cced01d568d0e3808552cc665a36bfeeaaf01f5e60d875dc3fee8d1bc910f,proven_maximal,maximize_sum_testing_e_values_at_maximum_cardinality,proven_optimal,7055.134843535518,0.8832317089973821,7987.864081039723,0,0,2,,,101;169,0,0,2,0,0,0,0.0,0.0,0.06666666666666667,0.0,0.0,0.0,0,2,0.5437388740028837,5,4,256,56,2,,method1_proportional_scores_gamma1,unrestricted_maximum_cardinality_then_maximum_testing_evalue_sum,200,0,6,exact_fixed_count_order_statistics,300.0,1,False
146,bf343b44b4b9719ab54dc51bf5d9dcd8bbcce39272370392d2cbe3ccb804de69,proven_maximal,maximize_sum_testing_e_values_at_maximum_cardinality,proven_optimal,6341.018795250769,0.6482995737856179,9781.001024300596,0,0,3,,,17;143;194,0,0,3,0,0,0,0.0,0.0,0.1,0.0,0.0,0.0,0,3,0.3728135469937115,5,4,245,44,3,,method1_proportional_scores_gamma1,unrestricted_maximum_cardinality_then_maximum_testing_evalue_sum,200,0,4,exact_fixed_count_order_statistics,300.0,1,False
147,15c01ba9c5359ec651069a88bcfee3175a86d1dadda2d8bda3d4d92a47cb3225,proven_maximal,maximize_sum_testing_e_values_at_maximum_cardinality,proven_optimal,38562.79352507213,1.1590092419115272,33272.20537212577,0,0,6,,,2;57;116;143;173;197,0,0,6,0,0,0,0.0,0.0,0.2,0.0,0.0,0.0,0,6,0.4473029500004486,8,7,260,54,6,,method1_proportional_scores_gamma1,unrestricted_maximum_cardinality_then_maximum_testing_evalue_sum,200,0,7,exact_fixed_count_order_statistics,300.0,1,False
148,a5aba57d528e1aae5ffc6f2eb68d2ac38028078afd02445d8b62e6437ec6e963,proven_maximal,maximize_sum_testing_e_values_at_maximum_cardinality,proven_optimal,5828.295874079709,0.341445223007953,17069.490159315996,0,0,3,,,27;87;125,0,0,3,0,0,0,0.0,0.0,0.1,0.0,0.0,0.0,0,3,0.3904056669998681,5,4,250,51,3,,method1_proportional_scores_gamma1,unrestricted_maximum_cardinality_then_maximum_testing_evalue_sum,200,0,9,exact_fixed_count_order_statistics,300.0,1,False
149,ac3f6c125d13e3ed49c08ce2cf50f8413b34ea6889ff05c20b8001c5bb7aa1c6,proven_maximal,maximize_sum_testing_e_values_at_maximum_cardinality,proven_optimal,2369.2460087093914,0.008169424379763158,290013.8245453811,0,0,2,,,32;58,0,0,2,0,0,0,0.0,0.0,0.06666666666666667,0.0,0.0,0.0,0,2,0.4106284309964394,5,4,256,56,2,,method1_proportional_scores_gamma1,unrestricted_maximum_cardinality_then_maximum_testing_evalue_sum,200,0,13,exact_fixed_count_order_statistics,300.0,1,False
150,0d959891bff155da573ff17d11c7c679f0fb27c0d009bd970a0e834cad240ab9,proven_maximal,maximize_sum_testing_e_values_at_maximum_cardinality,proven_optimal,116565.02143906963,1.061447497662501,109817.03918071016,0,0,12,,,40;53;57;91;118;136;138;150;151;159;163;180,0,0,12,0,0,0,0.0,0.0,0.4,0.0,0.0,0.0,0,12,0.2114640319996397,6,6,247,49,12,,method1_proportional_scores_gamma1,unrestricted_maximum_cardinality_then_maximum_testing_evalue_sum,200,0,9,exact_fixed_count_order_statistics,300.0,1,False
151,5cd4ee2fc56b9f77d5e51184dbbc3bf4cd4652e01942427aeec920ac1724823e,proven_maximal,maximize_sum_testing_e_values_at_maximum_cardinality,proven_optimal,6022.11558259289,0.19817152746795152,30388.39968353573,0,0,5,,,13;37;72;91;120,0,0,5,0,0,0,0.0,0.0,0.16666666666666666,0.0,0.0,0.0,0,5,0.5807557250009268,8,6,262,61,5,,method1_proportional_scores_gamma1,unrestricted_maximum_cardinality_then_maximum_testing_evalue_sum,200,0,7,exact_fixed_count_order_statistics,300.0,1,False
152,85a06df4d8d9aed9f83e862ea77bd1350bdd92986f7de95df1e7d7a1e24765f3,proven_maximal,maximize_sum_testing_e_values_at_maximum_cardinality,proven_optimal,30152.745952216897,1.1768011637584126,25622.634375986225,0,0,8,,,12;44;49;56;105;148;180;194,0,0,8,0,0,0,0.0,0.0,0.26666666666666666,0.0,0.0,0.0,0,8,0.4301093390022288,8,7,254,52,8,,method1_proportional_scores_gamma1,unrestricted_maximum_cardinality_then_maximum_testing_evalue_sum,200,0,3,exact_fixed_count_order_statistics,300.0,1,False
153,3021d5a715166f48b9ff773faafc21b6d1da6ec9db9c745b9a807905c750bbe5,proven_maximal,maximize_sum_testing_e_values_at_maximum_cardinality,proven_optimal,116901.77319012572,1.2707376543342286,91995.20671430288,0,0,8,,,2;46;68;84;95;144;169;174,0,0,8,0,0,0,0.0,0.0,0.26666666666666666,0.0,0.0,0.0,0,8,0.5121256870042998,8,6,259,57,8,,method1_proportional_scores_gamma1,unrestricted_maximum_cardinality_then_maximum_testing_evalue_sum,200,0,8,exact_fixed_count_order_statistics,300.0,1,False
154,538795234c0c0df0bb541c6dfaf152b5f07b547a68707fbe7ef858d6700b4b2d,proven_maximal,maximize_sum_testing_e_values_at_maximum_cardinality,proven_optimal,30890.430400032452,1.7679424046814174,17472.532090545617,0,0,10,,,9;16;42;46;72;125;129;134;151;175,0,0,10,0,0,0,0.0,0.0,0.3333333333333333,0.0,0.0,0.0,0,10,0.7312146769982064,8,8,266,56,10,,method1_proportional_scores_gamma1,unrestricted_maximum_cardinality_then_maximum_testing_evalue_sum,200,0,5,exact_fixed_count_order_statistics,300.0,1,False
155,077514f02a4b71bca071605c1323918956714fcea31d593e11c2f85e711d1f83,proven_maximal,maximize_sum_testing_e_values_at_maximum_cardinality,proven_optimal,286200.4807939729,1.2733096872232073,224768.9495067847,0,0,14,,,10;15;43;60;66;78;87;107;115;123;147;171;186;197,0,0,14,0,0,0,0.0,0.0,0.4666666666666667,0.0,0.0,0.0,0,14,1.0137522459990578,15,15,269,58,14,,method1_proportional_scores_gamma1,unrestricted_maximum_cardinality_then_maximum_testing_evalue_sum,200,0,11,exact_fixed_count_order_statistics,300.0,1,False
156,e38ffdcc48322db025f7231c8ce16ead6c3c25de7d4e0c9cc8f7d0c10a947c99,proven_maximal,maximize_sum_testing_e_values_at_maximum_cardinality,proven_optimal,33692.47418059486,0.8328253422759704,40455.63033482992,0,0,9,,,1;12;25;51;53;86;115;153;176,0,0,9,0,0,0,0.0,0.0,0.3,0.0,0.0,0.0,0,9,0.3721082599950023,5,4,240,45,9,,method1_proportional_scores_gamma1,unrestricted_maximum_cardinality_then_maximum_testing_evalue_sum,200,0,7,exact_fixed_count_order_statistics,300.0,1,False
157,764a16039858b8ea315aebbeccab520dd53867e334aa2045990eec2baa167cbd,proven_maximal,maximize_sum_testing_e_values_at_maximum_cardinality,proven_optimal,15021.212295621917,1.597982443758844,9400.110967607608,0,0,8,,,29;65;105;106;111;124;169;195,0,0,8,0,0,0,0.0,0.0,0.26666666666666666,0.0,0.0,0.0,0,8,0.4717657470027916,8,7,250,44,8,,method1_proportional_scores_gamma1,unrestricted_maximum_cardinality_then_maximum_testing_evalue_sum,200,0,5,exact_fixed_count_order_statistics,300.0,1,False
158,481e6422ea9094f3f2486492d1a23bd77ef254d986d89727370ba00708c469a5,proven_maximal,maximize_sum_testing_e_values_at_maximum_cardinality,proven_optimal,41131.46335838309,1.8421191777184365,22328.34002050107,0,0,9,,,4;5;21;28;35;52;73;178;193,0,0,9,0,0,0,0.0,0.0,0.3,0.0,0.0,0.0,0,9,0.38706419699883554,5,4,242,46,9,,method1_proportional_scores_gamma1,unrestricted_maximum_cardinality_then_maximum_testing_evalue_sum,200,0,9,exact_fixed_count_order_statistics,300.0,1,False
159,16d4c7714f7131d70d0cfc3f24e359636f757713271e70d8ef16f6cb93481e11,proven_maximal,maximize_sum_testing_e_values_at_maximum_cardinality,proven_optimal,124065.97383905892,1.0009198043882044,123951.96228022702,0,0,2,,,44;114,0,0,2,0,0,0,0.0,0.0,0.06666666666666667,0.0,0.0,0.0,0,2,0.5858477069996297,7,5,256,55,2,,method1_proportional_scores_gamma1,unrestricted_maximum_cardinality_then_maximum_testing_evalue_sum,200,0,4,exact_fixed_count_order_statistics,300.0,1,False
160,6315bb56651b417ba85101a8a081b098a49a8ee9953d75813e7e7acf51d44078,proven_maximal,maximize_sum_testing_e_values_at_maximum_cardinality,proven_optimal,25237.992578162175,1.1467552534772056,22008.17698600919,0,0,5,,,31;73;131;167;178,0,0,5,0,0,0,0.0,0.0,0.16666666666666666,0.0,0.0,0.0,0,5,0.2884961769959773,4,4,249,51,5,,method1_proportional_scores_gamma1,unrestricted_maximum_cardinality_then_maximum_testing_evalue_sum,200,0,6,exact_fixed_count_order_statistics,300.0,1,False
161,ec95a15017443d04e80ad45a970c95642721016422ac047040253a5711c38234,proven_maximal,maximize_sum_testing_e_values_at_maximum_cardinality,proven_optimal,8750.600785439174,2.248876755904812,3891.098417226719,0,0,12,,,18;38;43;44;55;83;102;113;122;125;160;191,0,0,12,0,0,0,0.0,0.0,0.4,0.0,0.0,0.0,0,12,0.4639382530003786,5,5,255,61,12,,method1_proportional_scores_gamma1,unrestricted_maximum_cardinality_then_maximum_testing_evalue_sum,200,0,9,exact_fixed_count_order_statistics,300.0,1,False
162,fef83679f456f15d246c24a75e6ad2d4d10d9664092525384a4c05beca2bee4d,proven_maximal,maximize_sum_testing_e_values_at_maximum_cardinality,proven_optimal,7789.49682665474,1.4630794271287406,5324.042346724434,0,0,3,,,5;28;139,0,0,3,0,0,0,0.0,0.0,0.1,0.0,0.0,0.0,0,3,0.134193342004437,3,3,244,47,3,,method1_proportional_scores_gamma1,unrestricted_maximum_cardinality_then_maximum_testing_evalue_sum,200,0,2,exact_fixed_count_order_statistics,300.0,1,False
163,172bd05c28e5cbffaf85c2fb8522703f2f2846397c357b09008fe5619cf4002e,proven_maximal,maximize_sum_testing_e_values_at_maximum_cardinality,proven_optimal,970.0915474237879,0.14409322245591477,6732.388455817808,0,0,2,,,50;116,0,0,2,0,0,0,0.0,0.0,0.06666666666666667,0.0,0.0,0.0,0,2,0.20189332699374063,3,3,250,51,2,,method1_proportional_scores_gamma1,unrestricted_maximum_cardinality_then_maximum_testing_evalue_sum,200,0,5,exact_fixed_count_order_statistics,300.0,1,False
164,15d1f1e0178f8f5405d890e37cd12ccf61e868df4fceacafb9f0afac093b0bee,proven_maximal,maximize_sum_testing_e_values_at_maximum_cardinality,proven_optimal,26461.20063931721,1.6526798985166165,16011.086395537206,0,0,3,,,69;95;199,0,0,3,0,0,0,0.0,0.0,0.1,0.0,0.0,0.0,0,3,0.1860860929955379,3,3,251,54,3,,method1_proportional_scores_gamma1,unrestricted_maximum_cardinality_then_maximum_testing_evalue_sum,200,0,4,exact_fixed_count_order_statistics,300.0,1,False
165,e9017430687ac879d567a7934f7df6db5468d48b3d848cc06ca82bfb4957e0b9,proven_maximal,maximize_sum_testing_e_values_at_maximum_cardinality,proven_optimal,63269.508078240906,1.0968201848894223,57684.48552450694,0,0,5,,,12;42;54;136;142,0,0,5,0,0,0,0.0,0.0,0.16666666666666666,0.0,0.0,0.0,0,5,0.47142032500414643,5,4,249,52,5,,method1_proportional_scores_gamma1,unrestricted_maximum_cardinality_then_maximum_testing_evalue_sum,200,0,11,exact_fixed_count_order_statistics,300.0,1,False
166,9ec79c702f851dd0040555273022d38d75be925e581234b8ee88eab06620dfa6,proven_maximal,maximize_sum_testing_e_values_at_maximum_cardinality,proven_optimal,750477.1556749395,1.1827722378216274,634506.9081576788,0,0,8,,,14;18;30;40;93;105;133;149,0,0,8,0,0,0,0.0,0.0,0.26666666666666666,0.0,0.0,0.0,0,8,0.5717515109936357,7,5,250,52,8,,method1_proportional_scores_gamma1,unrestricted_maximum_cardinality_then_maximum_testing_evalue_sum,200,0,12,exact_fixed_count_order_statistics,300.0,1,False
167,c449ea5c8ad66e6ada9ad63a24d4e93715beda587a131e0e8147196be6ee3263,proven_maximal,maximize_sum_testing_e_values_at_maximum_cardinality,proven_optimal,12695.21432483052,2.1338239074797594,5949.513584663472,0,0,7,,,36;85;87;95;111;114;117,0,0,7,0,0,0,0.0,0.0,0.23333333333333334,0.0,0.0,0.0,0,7,0.7941943199984962,9,6,254,45,7,,method1_proportional_scores_gamma1,unrestricted_maximum_cardinality_then_maximum_testing_evalue_sum,200,0,9,exact_fixed_count_order_statistics,300.0,1,False
168,10dfdc51aec38038b47b8f4cf48013ef6e4d3c5922dbafdb68712b05cd6dc218,proven_maximal,maximize_sum_testing_e_values_at_maximum_cardinality,proven_optimal,52023.282810800665,3.0852331136711038,16862.026593801987,0,0,7,,,25;31;78;105;151;161;169,0,0,7,0,0,0,0.0,0.0,0.23333333333333334,0.0,0.0,0.0,0,7,0.4504006990027847,4,4,252,55,7,,method1_proportional_scores_gamma1,unrestricted_maximum_cardinality_then_maximum_testing_evalue_sum,200,0,9,exact_fixed_count_order_statistics,300.0,1,False
169,0948d52c8e1f908ff404428f18ca7152efdacf502c67def4baa4fe3cc9684cfd,proven_maximal,maximize_sum_testing_e_values_at_maximum_cardinality,proven_optimal,40941.30774798281,1.2454353769112465,32873.08880651815,0,0,8,,,37;87;110;120;144;157;192;197,0,0,8,0,0,0,0.0,0.0,0.26666666666666666,0.0,0.0,0.0,0,8,0.5516436269972473,5,4,250,52,8,,method1_proportional_scores_gamma1,unrestricted_maximum_cardinality_then_maximum_testing_evalue_sum,200,0,9,exact_fixed_count_order_statistics,300.0,1,False
170,3226e4503774558abdd2788ecd516985c0f3b9bcbff75c553fd6799508450fcd,proven_maximal,maximize_sum_testing_e_values_at_maximum_cardinality,proven_optimal,6212.049817757072,0.38104301497034543,16302.752113801436,0,0,4,,,66;119;129;140,0,0,4,0,0,0,0.0,0.0,0.13333333333333333,0.0,0.0,0.0,0,4,0.37762883299728855,4,4,245,47,4,,method1_proportional_scores_gamma1,unrestricted_maximum_cardinality_then_maximum_testing_evalue_sum,200,0,5,exact_fixed_count_order_statistics,300.0,1,False
171,0f38935a680facf4991136e98cadd58b38a554fd3419a7afd02b1b7bfa463768,proven_maximal,maximize_sum_testing_e_values_at_maximum_cardinality,proven_optimal,13861.90018605506,1.3966530071871641,9925.08526793831,0,0,4,,,6;72;128;168,0,0,4,0,0,0,0.0,0.0,0.13333333333333333,0.0,0.0,0.0,0,4,0.4150431039961404,5,4,244,46,4,,method1_proportional_scores_gamma1,unrestricted_maximum_cardinality_then_maximum_testing_evalue_sum,200,0,4,exact_fixed_count_order_statistics,300.0,1,False
172,3f35eda3ac14979679b87f5952b154620ce787074672228d806a09e28aa27f33,proven_maximal,maximize_sum_testing_e_values_at_maximum_cardinality,proven_optimal,51301.06200337959,3.082808111137486,16641.0169410287,0,0,14,,,17;38;52;71;82;94;105;116;139;142;151;156;191;199,0,0,14,0,0,0,0.0,0.0,0.4666666666666667,0.0,0.0,0.0,0,14,0.20562773100391496,3,3,240,50,14,,method1_proportional_scores_gamma1,unrestricted_maximum_cardinality_then_maximum_testing_evalue_sum,200,0,9,exact_fixed_count_order_statistics,300.0,1,False
173,391708edc21f218683a334debb69d29103f9edfb70c85e71ffdbca875c88f249,proven_maximal,maximize_sum_testing_e_values_at_maximum_cardinality,proven_optimal,52979.32058655929,2.0324328985458284,26066.946970040244,0,0,15,,,15;27;37;62;103;126;133;135;145;163;165;172;181;189;193,0,0,15,0,0,0,0.0,0.0,0.5,0.0,0.0,0.0,0,15,0.2949357819961733,4,4,231,41,15,,method1_proportional_scores_gamma1,unrestricted_maximum_cardinality_then_maximum_testing_evalue_sum,200,0,17,exact_fixed_count_order_statistics,300.0,1,False
174,e0f4310f6cfbe49786406e6dbfdc4a4d10c3e5860ddb181d3f4e8b595d2cf012,proven_maximal,maximize_sum_testing_e_values_at_maximum_cardinality,proven_optimal,51679.230404592985,2.0057690040426714,25765.295156337725,0,0,9,,,1;41;46;49;62;69;126;153;189,0,0,9,0,0,0,0.0,0.0,0.3,0.0,0.0,0.0,0,9,0.6012619780012756,6,5,273,72,9,,method1_proportional_scores_gamma1,unrestricted_maximum_cardinality_then_maximum_testing_evalue_sum,200,0,8,exact_fixed_count_order_statistics,300.0,1,False
175,0892f6494120bd99007fc7c32e5b3e2866732d75aae9dc6cb0d4d67a4e344ee7,proven_maximal,maximize_sum_testing_e_values_at_maximum_cardinality,proven_optimal,43554.47107939515,1.0754678242291127,40498.16284426238,0,0,4,,,20;78;114;152,0,0,4,0,0,0,0.0,0.0,0.13333333333333333,0.0,0.0,0.0,0,4,1.063731291993463,11,7,263,60,4,,method1_proportional_scores_gamma1,unrestricted_maximum_cardinality_then_maximum_testing_evalue_sum,200,0,13,exact_fixed_count_order_statistics,300.0,1,False
176,97f5d66095caca54d0226a509cc18456720a19ca47747c81d98adb6b33b9ed76,proven_maximal,maximize_sum_testing_e_values_at_maximum_cardinality,proven_optimal,8846.87722232995,1.2800113994936184,6911.56127658694,0,0,11,,,10;46;75;94;128;133;134;150;152;153;178,0,0,11,0,0,0,0.0,0.0,0.36666666666666664,0.0,0.0,0.0,0,11,1.0137010050020763,14,14,268,59,11,,method1_proportional_scores_gamma1,unrestricted_maximum_cardinality_then_maximum_testing_evalue_sum,200,0,10,exact_fixed_count_order_statistics,300.0,1,False
177,c90b2e0b4a79d1c1963deb3a720bf3dee9dfdeabb1a81229835efe9fc7325848,proven_maximal,maximize_sum_testing_e_values_at_maximum_cardinality,proven_optimal,154919.1854095383,1.01640951709469,152418.07834735754,0,0,4,,,1;22;31;73,0,0,4,0,0,0,0.0,0.0,0.13333333333333333,0.0,0.0,0.0,0,4,0.5374573670051177,5,4,248,48,4,,method1_proportional_scores_gamma1,unrestricted_maximum_cardinality_then_maximum_testing_evalue_sum,200,0,3,exact_fixed_count_order_statistics,300.0,1,False
178,d22a3311bcb72528f962996a0e0768bfd50ae0a89b2f6d5dc2f6b953922cfd13,proven_maximal,maximize_sum_testing_e_values_at_maximum_cardinality,proven_optimal,11522.266622603047,1.099499200934276,10479.558887184498,0,0,3,,,20;69;134,0,0,3,0,0,0,0.0,0.0,0.1,0.0,0.0,0.0,0,3,0.4409486509975977,5,4,250,51,3,,method1_proportional_scores_gamma1,unrestricted_maximum_cardinality_then_maximum_testing_evalue_sum,200,0,5,exact_fixed_count_order_statistics,300.0,1,False
179,ef1ef2c6e6b916a8a8001e1633e44cb79e912a217c8b0c0da80cf36a525af4c1,proven_maximal,maximize_sum_testing_e_values_at_maximum_cardinality,proven_optimal,1985.5222487909562,0.5843331920043141,3397.9282299204,0,0,2,,,88;150,0,0,2,0,0,0,0.0,0.0,0.06666666666666667,0.0,0.0,0.0,0,2,0.14928078500088304,3,3,249,51,2,,method1_proportional_scores_gamma1,unrestricted_maximum_cardinality_then_maximum_testing_evalue_sum,200,0,5,exact_fixed_count_order_statistics,300.0,1,False
180,6ad132ff3cc959363b0ee1bf76ce618a597b527b6deeb6b90623ae122a31feb4,proven_maximal,maximize_sum_testing_e_values_at_maximum_cardinality,proven_optimal,3436.8851102179437,1.5529767262879755,2213.095052900765,0,0,8,,,4;10;36;41;70;116;136;191,0,0,8,0,0,0,0.0,0.0,0.26666666666666666,0.0,0.0,0.0,0,8,0.9708337920019403,7,5,251,47,8,,method1_proportional_scores_gamma1,unrestricted_maximum_cardinality_then_maximum_testing_evalue_sum,200,0,0,exact_fixed_count_order_statistics,300.0,1,False
181,2cff891cbce636ae496fdf108e8f6316b082ed035fa3979800ece2e59e915462,proven_maximal,maximize_sum_testing_e_values_at_maximum_cardinality,proven_optimal,137454.16950109947,1.643257182016987,83647.38703431911,0,0,8,,,17;21;52;63;70;135;156;176,0,0,8,0,0,0,0.0,0.0,0.26666666666666666,0.0,0.0,0.0,0,8,0.7761000780010363,7,5,255,48,8,,method1_proportional_scores_gamma1,unrestricted_maximum_cardinality_then_maximum_testing_evalue_sum,200,0,7,exact_fixed_count_order_statistics,300.0,1,False
182,97fad4cd54c62076358638f168a3061cd88f9af5f57266a39e9928ac14d202f1,proven_maximal,maximize_sum_testing_e_values_at_maximum_cardinality,proven_optimal,2373.6670087035664,0.3936846343972353,6029.361578558566,0,0,5,,,1;12;20;34;140,0,0,5,0,0,0,0.0,0.0,0.16666666666666666,0.0,0.0,0.0,0,5,0.7208406810023007,6,4,244,46,5,,method1_proportional_scores_gamma1,unrestricted_maximum_cardinality_then_maximum_testing_evalue_sum,200,0,3,exact_fixed_count_order_statistics,300.0,1,False
183,38bcd1a5526c363ddfe999aa3c1b62596adb32e1bcaf60c5b2eb90a4d0da30a3,proven_maximal,maximize_sum_testing_e_values_at_maximum_cardinality,proven_optimal,133827.86303436113,1.250101256152414,107053.6185574752,0,0,6,,,0;66;70;73;127;140,0,0,6,0,0,0,0.0,0.0,0.2,0.0,0.0,0.0,0,6,0.5241356689948589,6,6,273,68,6,,method1_proportional_scores_gamma1,unrestricted_maximum_cardinality_then_maximum_testing_evalue_sum,200,0,4,exact_fixed_count_order_statistics,300.0,1,False
184,5e2aaec45285a3fe2045e529904c81355a6a6060dc43ed535745a34807b3ae61,proven_maximal,maximize_sum_testing_e_values_at_maximum_cardinality,proven_optimal,8402.54945757204,0.5858334854615074,14342.89719877089,0,0,2,,,61;74,0,0,2,0,0,0,0.0,0.0,0.06666666666666667,0.0,0.0,0.0,0,2,0.2835956240014639,3,3,256,58,2,,method1_proportional_scores_gamma1,unrestricted_maximum_cardinality_then_maximum_testing_evalue_sum,200,0,4,exact_fixed_count_order_statistics,300.0,1,False
185,0b69c6f2731d680faaba5103886848c7daca5bf8b3e490af2cd7beef8f1a0a97,proven_maximal,maximize_sum_testing_e_values_at_maximum_cardinality,proven_optimal,67162.15804202438,1.082182667611268,62061.75727271006,0,0,6,,,17;23;34;64;188;199,0,0,6,0,0,0,0.0,0.0,0.2,0.0,0.0,0.0,0,6,0.7345556569998735,7,5,263,64,6,,method1_proportional_scores_gamma1,unrestricted_maximum_cardinality_then_maximum_testing_evalue_sum,200,0,3,exact_fixed_count_order_statistics,300.0,1,False
186,37bd650232f7e6acd4b55b4429c2b58e2e75e553a11a85364de3f9c4a928845d,proven_maximal,maximize_sum_testing_e_values_at_maximum_cardinality,proven_optimal,28952.89052125155,0.4183251526024955,69211.45033027315,0,0,5,,,0;47;56;89;181,0,0,5,0,0,0,0.0,0.0,0.16666666666666666,0.0,0.0,0.0,0,5,0.7991750630026218,9,6,253,48,5,,method1_proportional_scores_gamma1,unrestricted_maximum_cardinality_then_maximum_testing_evalue_sum,200,0,9,exact_fixed_count_order_statistics,300.0,1,False
187,d9e26f1b39df2aef463d0d69680f0f130914fdf43b6b5158ac50de7f0f09d059,proven_maximal,maximize_sum_testing_e_values_at_maximum_cardinality,proven_optimal,110327.73464161328,2.1972763791460763,50211.13214919725,0,0,5,,,80;84;151;177;188,0,0,5,0,0,0,0.0,0.0,0.16666666666666666,0.0,0.0,0.0,0,5,0.4865319520031335,5,4,241,43,5,,method1_proportional_scores_gamma1,unrestricted_maximum_cardinality_then_maximum_testing_evalue_sum,200,0,3,exact_fixed_count_order_statistics,300.0,1,False
188,b4571937eea3d6b13d86390fa457a5d6948d7a9a532c9517cbe918dd056e0c93,proven_maximal,maximize_sum_testing_e_values_at_maximum_cardinality,proven_optimal,49823.1234181044,1.0279571563030019,48468.09335643019,0,0,3,,,125;158;159,0,0,3,0,0,0,0.0,0.0,0.1,0.0,0.0,0.0,0,3,0.37343839799723355,4,4,258,58,3,,method1_proportional_scores_gamma1,unrestricted_maximum_cardinality_then_maximum_testing_evalue_sum,200,0,1,exact_fixed_count_order_statistics,300.0,1,False
189,a4c52897a9fe9a6d5897a86f2ba0957d81b56a41695d3bfe62b0e88894bb0547,proven_maximal,maximize_sum_testing_e_values_at_maximum_cardinality,proven_optimal,18360.550227656644,1.4051803439485016,13066.330102557667,0,0,7,,,9;59;67;72;105;145;189,0,0,7,0,0,0,0.0,0.0,0.23333333333333334,0.0,0.0,0.0,0,7,0.5382548689958639,5,4,253,56,7,,method1_proportional_scores_gamma1,unrestricted_maximum_cardinality_then_maximum_testing_evalue_sum,200,0,2,exact_fixed_count_order_statistics,300.0,1,False
190,e2cac8cf0d39540ebbad3e4ab758ddfd2222a8272752572f168cd55a98d77784,proven_maximal,maximize_sum_testing_e_values_at_maximum_cardinality,proven_optimal,44322.63577931959,1.58765948034131,27916.966029637068,0,0,6,,,4;16;65;125;126;147,0,0,6,0,0,0,0.0,0.0,0.2,0.0,0.0,0.0,0,6,0.5503784560060012,5,4,244,47,6,,method1_proportional_scores_gamma1,unrestricted_maximum_cardinality_then_maximum_testing_evalue_sum,200,0,5,exact_fixed_count_order_statistics,300.0,1,False
191,b5f9bfc92b41ab7332a6dfc7f972637e6c0b7d5e37c839fce851dd3bd8c517b7,proven_maximal,maximize_sum_testing_e_values_at_maximum_cardinality,proven_optimal,40556.39393559897,1.873718307275252,21644.872539339063,0,0,5,,,3;78;97;174;178,0,0,5,0,0,0,0.0,0.0,0.16666666666666666,0.0,0.0,0.0,0,5,0.8767109389955294,8,5,253,51,5,,method1_proportional_scores_gamma1,unrestricted_maximum_cardinality_then_maximum_testing_evalue_sum,200,0,9,exact_fixed_count_order_statistics,300.0,1,False
192,f3c34de281eb1ce890dc3a5e2b95694b0194e7416b30c94fe9a770b3cf621a4e,proven_maximal,maximize_sum_testing_e_values_at_maximum_cardinality,proven_optimal,397214.16978409985,1.072900732896643,370224.53019646247,0,0,9,,,22;30;32;72;85;137;172;180;194,0,0,8,0,0,1,0.0,0.0,0.26666666666666666,0.0,0.0,0.1111111111111111,0,9,0.5781913210012135,6,5,251,50,9,,method1_proportional_scores_gamma1,unrestricted_maximum_cardinality_then_maximum_testing_evalue_sum,200,0,12,exact_fixed_count_order_statistics,300.0,1,False
193,51c6b66fa493b678335d33ba08a7aec4d03481d796d839bf05202e6594a279b4,proven_maximal,maximize_sum_testing_e_values_at_maximum_cardinality,proven_optimal,13315.654953012177,1.3491543660013212,9869.63040595396,0,0,7,,,17;44;56;78;91;143;192,0,0,7,0,0,0,0.0,0.0,0.23333333333333334,0.0,0.0,0.0,0,7,0.6991696000040974,8,6,254,55,7,,method1_proportional_scores_gamma1,unrestricted_maximum_cardinality_then_maximum_testing_evalue_sum,200,0,1,exact_fixed_count_order_statistics,300.0,1,False
194,fd95675b735bebb414bcb0663f9fee6ebab8ff4e12f70eebf3745f618e68d2ab,proven_maximal,maximize_sum_testing_e_values_at_maximum_cardinality,proven_optimal,18448.59794486305,1.2510831854616702,14746.100146854114,0,0,8,,,24;91;116;135;162;163;166;178,0,0,8,0,0,0,0.0,0.0,0.26666666666666666,0.0,0.0,0.0,0,8,0.4963694129983196,6,5,248,49,8,,method1_proportional_scores_gamma1,unrestricted_maximum_cardinality_then_maximum_testing_evalue_sum,200,0,3,exact_fixed_count_order_statistics,300.0,1,False
195,baee7dde82e271f4645d9605bf8425782ec189defb111cc825f5fe0dee536dcd,proven_maximal,maximize_sum_testing_e_values_at_maximum_cardinality,proven_optimal,28623.860879648128,1.0113439393202779,28302.795682827906,0,0,2,,,14;115,0,0,2,0,0,0,0.0,0.0,0.06666666666666667,0.0,0.0,0.0,0,2,1.1581081319964142,16,11,261,42,2,,method1_proportional_scores_gamma1,unrestricted_maximum_cardinality_then_maximum_testing_evalue_sum,200,0,3,exact_fixed_count_order_statistics,300.0,1,False
196,ce263acc172de6647998b8182a678d99693022c19da41340be6237d4a25d0eff,proven_maximal,maximize_sum_testing_e_values_at_maximum_cardinality,proven_optimal,97888.76553901186,1.0662484175835347,91806.7158878975,0,0,3,,,88;112;159,0,0,3,0,0,0,0.0,0.0,0.1,0.0,0.0,0.0,0,3,0.25153510800009826,3,3,260,62,3,,method1_proportional_scores_gamma1,unrestricted_maximum_cardinality_then_maximum_testing_evalue_sum,200,0,4,exact_fixed_count_order_statistics,300.0,1,False
197,e1f4af7d9f5247439454bcae80c1d1acf7783c3823e0cf5c3b325da64ebb1782,proven_maximal,maximize_sum_testing_e_values_at_maximum_cardinality,proven_optimal,687.0143636018436,0.04382185810223283,15677.435721668737,0,0,2,,,19;109,0,0,2,0,0,0,0.0,0.0,0.06666666666666667,0.0,0.0,0.0,0,2,0.6745719379978254,6,4,255,55,2,,method1_proportional_scores_gamma1,unrestricted_maximum_cardinality_then_maximum_testing_evalue_sum,200,0,2,exact_fixed_count_order_statistics,300.0,1,False
198,938eede82d4c1a2f6c92dc953fff442f473e75347c455f069e819bad912db1aa,proven_maximal,maximize_sum_testing_e_values_at_maximum_cardinality,proven_optimal,10280.46175472701,1.0119403819943062,10159.157533042153,0,0,2,,,100;110,0,0,2,0,0,0,0.0,0.0,0.06666666666666667,0.0,0.0,0.0,0,2,0.1881074199991417,3,3,244,45,2,,method1_proportional_scores_gamma1,unrestricted_maximum_cardinality_then_maximum_testing_evalue_sum,200,0,3,exact_fixed_count_order_statistics,300.0,1,False
199,40eb3fcc9271b339ee18bb5b23770a7e0eeedb5ed3a8d4e0098a9bf4ca14f395,proven_maximal,maximize_sum_testing_e_values_at_maximum_cardinality,proven_optimal,37452.935626068574,1.2695598891647049,29500.72379075428,0,0,7,,,1;41;58;100;104;115;119,0,0,7,0,0,0,0.0,0.0,0.23333333333333334,0.0,0.0,0.0,0,7,0.9066552559961565,9,6,261,51,7,,method1_proportional_scores_gamma1,unrestricted_maximum_cardinality_then_maximum_testing_evalue_sum,200,0,8,exact_fixed_count_order_statistics,300.0,1,False
200,e1bb193f4733aa63dd24694a1321a12700c45d52ecc10cb5495551e73cd53a13,proven_maximal,maximize_sum_testing_e_values_at_maximum_cardinality,proven_optimal,30102.940093339716,2.802612467734413,10741.028394009269,0,0,14,,,28;71;84;86;87;102;105;106;114;115;146;148;155;173,0,0,14,0,0,0,0.0,0.0,0.4666666666666667,0.0,0.0,0.0,0,14,0.45959600200149,8,8,270,52,14,,method1_proportional_scores_gamma1,unrestricted_maximum_cardinality_then_maximum_testing_evalue_sum,200,0,11,exact_fixed_count_order_statistics,300.0,1,False
201,1ad859145a764863a885477bb0aff47b431e7664dba0b5435af5a0cb4388496d,proven_maximal,maximize_sum_testing_e_values_at_maximum_cardinality,proven_optimal,4276.704034572968,0.648501388658009,6594.749231644765,0,0,2,,,14;136,0,0,2,0,0,0,0.0,0.0,0.06666666666666667,0.0,0.0,0.0,0,2,0.583226264003315,5,4,250,51,2,,method1_proportional_scores_gamma1,unrestricted_maximum_cardinality_then_maximum_testing_evalue_sum,200,0,4,exact_fixed_count_order_statistics,300.0,1,False
202,919c737f41bb0b1c7086b3622ba40dc9ff16078a1bd9ecf4495b40f6cd22dec9,proven_maximal,maximize_sum_testing_e_values_at_maximum_cardinality,proven_optimal,4561.925797676803,0.07891407165113926,57808.77481324263,0,0,5,,,63;81;86;89;142,0,0,5,0,0,0,0.0,0.0,0.16666666666666666,0.0,0.0,0.0,0,5,0.6224030480007059,7,5,245,46,5,,method1_proportional_scores_gamma1,unrestricted_maximum_cardinality_then_maximum_testing_evalue_sum,200,0,8,exact_fixed_count_order_statistics,300.0,1,False
203,dc51a3c601f1144e91fc4915e96a51d28bfb0aae4946df2efe20ba8c73b4c6a8,proven_maximal,maximize_sum_testing_e_values_at_maximum_cardinality,proven_optimal,44176.6385549793,1.2561832040558403,35167.35330670409,0,0,11,,,4;14;15;16;35;69;122;128;147;149;160,0,0,11,0,0,0,0.0,0.0,0.36666666666666664,0.0,0.0,0.0,0,11,0.28426097500050673,7,7,255,52,11,,method1_proportional_scores_gamma1,unrestricted_maximum_cardinality_then_maximum_testing_evalue_sum,200,0,7,exact_fixed_count_order_statistics,300.0,1,False
204,010af7011905d9cb55ae27d55c8b0b461111737066ede45f086ce527dce2e55f,proven_maximal,maximize_sum_testing_e_values_at_maximum_cardinality,proven_optimal,19240.382137961096,1.432721872013,13429.251352830968,0,0,8,,,17;65;81;109;114;141;148;166,0,0,8,0,0,0,0.0,0.0,0.26666666666666666,0.0,0.0,0.0,0,8,0.4541509920018143,5,4,243,47,8,,method1_proportional_scores_gamma1,unrestricted_maximum_cardinality_then_maximum_testing_evalue_sum,200,0,5,exact_fixed_count_order_statistics,300.0,1,False
205,065586ab1fc0ed58ab1dffc3ab61fd230155f7ca345495155949fe8fef1d84a3,proven_maximal,maximize_sum_testing_e_values_at_maximum_cardinality,proven_optimal,176093.8231150609,1.1115001246877987,158428.97288430142,0,0,7,,,28;50;76;88;147;168;170,0,0,7,0,0,0,0.0,0.0,0.23333333333333334,0.0,0.0,0.0,0,7,0.6294016690007993,12,11,267,49,7,,method1_proportional_scores_gamma1,unrestricted_maximum_cardinality_then_maximum_testing_evalue_sum,200,0,9,exact_fixed_count_order_statistics,300.0,1,False
206,d3f88764b95f0a82aac39ec2bccdc5715b6ad90c55b16dbe6247770bd27702bd,proven_maximal,maximize_sum_testing_e_values_at_maximum_cardinality,proven_optimal,76576.0196189072,1.63553127676031,46820.27223018955,0,0,11,,,0;2;71;73;74;99;122;123;125;134;181,0,0,11,0,0,0,0.0,0.0,0.36666666666666664,0.0,0.0,0.0,0,11,1.0846035340000526,28,27,280,43,11,,method1_proportional_scores_gamma1,unrestricted_maximum_cardinality_then_maximum_testing_evalue_sum,200,0,7,exact_fixed_count_order_statistics,300.0,1,False
207,40dec997af6b829087ce955f0c3c2764a8534a5e6223df47a459a296ff076c24,proven_maximal,maximize_sum_testing_e_values_at_maximum_cardinality,proven_optimal,154130.9632787553,2.0651204354487684,74635.3387594372,0,0,9,,,0;13;35;40;100;123;170;175;180,0,0,9,0,0,0,0.0,0.0,0.3,0.0,0.0,0.0,0,9,0.5813226649988792,5,4,243,48,9,,method1_proportional_scores_gamma1,unrestricted_maximum_cardinality_then_maximum_testing_evalue_sum,200,0,13,exact_fixed_count_order_statistics,300.0,1,False
208,ea99fa09263f90a33262f813ad55876ad327108a375cb80e3896d4395181fac2,proven_maximal,maximize_sum_testing_e_values_at_maximum_cardinality,proven_optimal,0.0,0.0,32300.62316258144,0,0,0,,,,0,0,0,0,0,0,0.0,0.0,0.0,0.0,0.0,0.0,0,0,0.2525153160022455,3,3,256,56,0,,method1_proportional_scores_gamma1,unrestricted_maximum_cardinality_then_maximum_testing_evalue_sum,200,0,1,exact_fixed_count_order_statistics,300.0,1,False
209,d352020bfe9dc9a9ade9ec727a7271f308d7dca7b8d574c89d69d26318f5820d,proven_maximal,maximize_sum_testing_e_values_at_maximum_cardinality,proven_optimal,6710.835329488755,0.5832332975166138,11506.262344868252,0,0,6,,,52;53;77;166;177;197,0,0,6,0,0,0,0.0,0.0,0.2,0.0,0.0,0.0,0,6,0.7239979579971987,10,7,266,58,6,,method1_proportional_scores_gamma1,unrestricted_maximum_cardinality_then_maximum_testing_evalue_sum,200,0,5,exact_fixed_count_order_statistics,300.0,1,False
210,8c30b8419dcd3d263614c9b1dd9bd5b7db71cda5d256a41d97528f56ed7fd30b,proven_maximal,maximize_sum_testing_e_values_at_maximum_cardinality,proven_optimal,219316.4503723327,1.3054020896100442,168006.8173001377,0,0,13,,,2;12;14;19;65;81;115;155;160;168;174;176;193,0,0,13,0,0,0,0.0,0.0,0.43333333333333335,0.0,0.0,0.0,0,13,0.2966405099941767,8,8,265,49,13,,method1_proportional_scores_gamma1,unrestricted_maximum_cardinality_then_maximum_testing_evalue_sum,200,0,9,exact_fixed_count_order_statistics,300.0,1,False
211,fd378eca1c192afcfdfb3a421878b3e28720b32c46f299c7d77c030a589233ef,proven_maximal,maximize_sum_testing_e_values_at_maximum_cardinality,proven_optimal,20926.82664980259,2.186555618424207,9570.681154172516,0,0,7,,,9;13;51;54;139;142;199,0,0,7,0,0,0,0.0,0.0,0.23333333333333334,0.0,0.0,0.0,0,7,0.3030819190025795,3,3,247,50,7,,method1_proportional_scores_gamma1,unrestricted_maximum_cardinality_then_maximum_testing_evalue_sum,200,0,8,exact_fixed_count_order_statistics,300.0,1,False
212,a37335f4fe38f21f9203900ab6772057f0ce7f01d7db38296a11cb03af259a74,proven_maximal,maximize_sum_testing_e_values_at_maximum_cardinality,proven_optimal,3164.967067679467,0.263681187800926,12003.006714566813,0,0,1,,,62,0,0,1,0,0,0,0.0,0.0,0.03333333333333333,0.0,0.0,0.0,0,1,0.5491423030034639,7,5,247,46,1,,method1_proportional_scores_gamma1,unrestricted_maximum_cardinality_then_maximum_testing_evalue_sum,200,0,5,exact_fixed_count_order_statistics,300.0,1,False
213,834b00ce5fa52ef2f6343e2fb03de333216febfb06b72050a8ee1779f22084c4,proven_maximal,maximize_sum_testing_e_values_at_maximum_cardinality,proven_optimal,86304.19010215267,3.4862229285113724,24755.786383117163,0,0,12,,,18;28;29;30;40;57;66;75;116;117;119;127,0,0,12,0,0,0,0.0,0.0,0.4,0.0,0.0,0.0,0,12,0.5546373529941775,7,7,287,74,12,,method1_proportional_scores_gamma1,unrestricted_maximum_cardinality_then_maximum_testing_evalue_sum,200,0,10,exact_fixed_count_order_statistics,300.0,1,False
214,a14f3ddb8c4c14a888b92af498bd426b81afbd5df3d83c28ab8d8cdb7489fe2a,proven_maximal,maximize_sum_testing_e_values_at_maximum_cardinality,proven_optimal,18732.16410566947,1.3140940004562904,14254.812897072155,0,0,10,,,70;89;90;92;98;119;134;159;174;177,0,0,10,0,0,0,0.0,0.0,0.3333333333333333,0.0,0.0,0.0,0,10,0.31521885500114877,6,6,252,44,10,,method1_proportional_scores_gamma1,unrestricted_maximum_cardinality_then_maximum_testing_evalue_sum,200,0,5,exact_fixed_count_order_statistics,300.0,1,False
215,356048d98ea6ffd0c748fbec56d3cfbfd6585f28e5eb1f327e622bebdc99d652,proven_maximal,maximize_sum_testing_e_values_at_maximum_cardinality,proven_optimal,50098.70519377239,2.4800791007815453,20200.44650107524,0,0,13,,,7;29;30;38;39;58;110;129;146;171;177;194;198,0,0,13,0,0,0,0.0,0.0,0.43333333333333335,0.0,0.0,0.0,0,13,0.7741058870014967,10,10,262,45,13,,method1_proportional_scores_gamma1,unrestricted_maximum_cardinality_then_maximum_testing_evalue_sum,200,0,11,exact_fixed_count_order_statistics,300.0,1,False
216,e4c115046a6eb9bcac6040b83b54c7634d90e36e2a2483235d67dd023bf4faee,proven_maximal,maximize_sum_testing_e_values_at_maximum_cardinality,proven_optimal,3175.6002476174494,4.05521664180922,783.0901596913617,0,0,8,,,13;34;42;44;79;83;105;114,0,0,8,0,0,0,0.0,0.0,0.26666666666666666,0.0,0.0,0.0,0,8,0.4536739140021382,5,4,252,55,8,,method1_proportional_scores_gamma1,unrestricted_maximum_cardinality_then_maximum_testing_evalue_sum,200,0,0,exact_fixed_count_order_statistics,300.0,1,False
217,1ab423374c2c24d4895c9cf98c5836c9678bce8630543d629c5f7c65d8d3169d,proven_maximal,maximize_sum_testing_e_values_at_maximum_cardinality,proven_optimal,5420.409304683513,1.76082723891841,3078.331130323157,0,0,5,,,56;149;160;174;183,0,0,5,0,0,0,0.0,0.0,0.16666666666666666,0.0,0.0,0.0,0,5,0.48726873000123305,5,4,263,66,5,,method1_proportional_scores_gamma1,unrestricted_maximum_cardinality_then_maximum_testing_evalue_sum,200,0,2,exact_fixed_count_order_statistics,300.0,1,False
218,f7a741971319e10af223ea9a69d1ecd414678350bf7a365440c77b148672f39a,proven_maximal,maximize_sum_testing_e_values_at_maximum_cardinality,proven_optimal,6721.5013322865925,3.2487173809850236,2068.970779553809,0,0,7,,,1;18;35;60;76;113;128,0,0,7,0,0,0,0.0,0.0,0.23333333333333334,0.0,0.0,0.0,0,7,0.6135151920025237,10,9,272,46,7,,method1_proportional_scores_gamma1,unrestricted_maximum_cardinality_then_maximum_testing_evalue_sum,200,0,8,exact_fixed_count_order_statistics,300.0,1,False
219,112e1f4174cb86c6a0f4543307fd5e35258e5238426ddb5cdea19f449dc2ab02,proven_maximal,maximize_sum_testing_e_values_at_maximum_cardinality,proven_optimal,9355.026613654965,1.4972724849917605,6248.045501020775,0,0,6,,,60;95;108;110;125;172,0,0,5,0,0,1,0.0,0.0,0.16666666666666666,0.0,0.0,0.16666666666666666,0,6,0.7772838140008389,12,10,282,58,6,,method1_proportional_scores_gamma1,unrestricted_maximum_cardinality_then_maximum_testing_evalue_sum,200,0,4,exact_fixed_count_order_statistics,300.0,1,False
220,1403e19d90f58be66c7efdcaa827882e740f79662873591507ab24828a5630c5,proven_maximal,maximize_sum_testing_e_values_at_maximum_cardinality,proven_optimal,5980.297612692092,4.886337173937849,1223.8814882831,0,0,11,,,0;8;14;15;72;85;86;116;124;172;183,0,0,11,0,0,0,0.0,0.0,0.36666666666666664,0.0,0.0,0.0,0,11,0.8367352899949765,12,12,275,55,11,,method1_proportional_scores_gamma1,unrestricted_maximum_cardinality_then_maximum_testing_evalue_sum,200,0,0,exact_fixed_count_order_statistics,300.0,1,False
221,1aee8cbbcdf68528e5ecffe651310165caaddcc90e7493e304c3e1aed2de539f,proven_maximal,maximize_sum_testing_e_values_at_maximum_cardinality,proven_optimal,35110.634039817975,1.4059179218585105,24973.459327842225,0,0,10,,,6;19;36;47;71;86;109;121;127;161,0,0,10,0,0,0,0.0,0.0,0.3333333333333333,0.0,0.0,0.0,0,10,0.6420556910015875,12,12,272,54,10,,method1_proportional_scores_gamma1,unrestricted_maximum_cardinality_then_maximum_testing_evalue_sum,200,0,10,exact_fixed_count_order_statistics,300.0,1,False
222,af5844cfd2e7217ae814246565b584ebee6225b9c142b6ad26b37ce776e784d4,proven_maximal,maximize_sum_testing_e_values_at_maximum_cardinality,proven_optimal,40410.83956339837,1.6338625364353028,24733.31670335324,0,0,11,,,8;10;27;31;34;60;71;119;149;160;199,0,0,11,0,0,0,0.0,0.0,0.36666666666666664,0.0,0.0,0.0,0,11,1.037658763001673,15,14,268,45,11,,method1_proportional_scores_gamma1,unrestricted_maximum_cardinality_then_maximum_testing_evalue_sum,200,0,4,exact_fixed_count_order_statistics,300.0,1,False
223,90a4da69391611b6aa3469279b78e4419f050277e42e43e5a159b6d117874842,proven_maximal,maximize_sum_testing_e_values_at_maximum_cardinality,proven_optimal,22277.33192587709,2.5485052764529,8741.332471119491,0,0,11,,,27;36;88;90;94;109;116;134;139;157;193,0,0,11,0,0,0,0.0,0.0,0.36666666666666664,0.0,0.0,0.0,0,11,0.2302219370030798,6,6,250,46,11,,method1_proportional_scores_gamma1,unrestricted_maximum_cardinality_then_maximum_testing_evalue_sum,200,0,11,exact_fixed_count_order_statistics,300.0,1,False
224,e58ea97a2fca2c3e60ee00f6e73154d1761f297ae05a79e4a78315a28260710d,proven_maximal,maximize_sum_testing_e_values_at_maximum_cardinality,proven_optimal,10578.19655373249,1.6785980131424012,6301.804524318299,0,0,6,,,4;114;137;155;166;185,0,0,6,0,0,0,0.0,0.0,0.2,0.0,0.0,0.0,0,6,0.46038724100071704,5,4,242,46,6,,method1_proportional_scores_gamma1,unrestricted_maximum_cardinality_then_maximum_testing_evalue_sum,200,0,8,exact_fixed_count_order_statistics,300.0,1,False
225,54c897d3b44af2fc65f956f31f00678390e1937650364f13bb2d7bbba007f16a,proven_maximal,maximize_sum_testing_e_values_at_maximum_cardinality,proven_optimal,7461.562898168436,1.1121195720369481,6709.317132601042,0,0,3,,,3;167;189,0,0,3,0,0,0,0.0,0.0,0.1,0.0,0.0,0.0,0,3,0.7256353620032314,10,7,260,54,3,,method1_proportional_scores_gamma1,unrestricted_maximum_cardinality_then_maximum_testing_evalue_sum,200,0,2,exact_fixed_count_order_statistics,300.0,1,False
226,0275a43278867571442406001e19a615e4dd14129435e8c473a8deb2484cfe39,proven_maximal,maximize_sum_testing_e_values_at_maximum_cardinality,proven_optimal,29228.456316850614,1.013679976259822,28834.00777501291,0,0,3,,,145;168;192,0,0,3,0,0,0,0.0,0.0,0.1,0.0,0.0,0.0,0,3,0.7399221109953942,8,5,266,62,3,,method1_proportional_scores_gamma1,unrestricted_maximum_cardinality_then_maximum_testing_evalue_sum,200,0,5,exact_fixed_count_order_statistics,300.0,1,False
227,47299ed4a68c33b9c79f2d7b16562523f1909a14ec9046283c7f2fead29c6032,proven_maximal,maximize_sum_testing_e_values_at_maximum_cardinality,proven_optimal,131825.7034906554,1.0349361431243502,127375.68821655908,0,0,9,,,34;118;123;142;157;163;167;171;179,0,0,8,0,0,1,0.0,0.0,0.26666666666666666,0.0,0.0,0.1111111111111111,0,9,0.642187125995406,9,8,260,54,9,,method1_proportional_scores_gamma1,unrestricted_maximum_cardinality_then_maximum_testing_evalue_sum,200,0,6,exact_fixed_count_order_statistics,300.0,1,False
228,e080902e37b8bc59720e57d0ccc91dc5de02ef58d125e3d49159e34f087f1a68,proven_maximal,maximize_sum_testing_e_values_at_maximum_cardinality,proven_optimal,174504.83456320537,1.1194735648791239,155881.15703477792,0,0,8,,,35;43;73;80;96;134;155;188,0,0,8,0,0,0,0.0,0.0,0.26666666666666666,0.0,0.0,0.0,0,8,0.6345717969961697,9,7,261,53,8,,method1_proportional_scores_gamma1,unrestricted_maximum_cardinality_then_maximum_testing_evalue_sum,200,0,6,exact_fixed_count_order_statistics,300.0,1,False
229,5174e01e5274e55142bcfd9b08c1c1c8d72fc87b32f00f77a297b5efab701c87,proven_maximal,maximize_sum_testing_e_values_at_maximum_cardinality,proven_optimal,8988.047414338645,1.1478263184959425,7830.49427383418,0,0,3,,,54;82;126,0,0,3,0,0,0,0.0,0.0,0.1,0.0,0.0,0.0,0,3,0.2901593380011036,5,5,260,57,3,,method1_proportional_scores_gamma1,unrestricted_maximum_cardinality_then_maximum_testing_evalue_sum,200,0,3,exact_fixed_count_order_statistics,300.0,1,False
230,15d2c5c93d4d10c8ea66b107e96eff5ae619f8ee752d1b1f2b2706c4f458f04c,proven_maximal,maximize_sum_testing_e_values_at_maximum_cardinality,proven_optimal,38536.86238706398,2.3765140415836132,16215.709948586951,0,0,10,,,7;9;26;53;72;86;129;140;179;184,0,0,10,0,0,0,0.0,0.0,0.3333333333333333,0.0,0.0,0.0,0,10,0.5795469669974409,6,6,266,65,10,,method1_proportional_scores_gamma1,unrestricted_maximum_cardinality_then_maximum_testing_evalue_sum,200,0,11,exact_fixed_count_order_statistics,300.0,1,False
231,d98e70c02ee0b0b63c5f550332e336030b3a0f27591152a780c598d81d620e8f,proven_maximal,maximize_sum_testing_e_values_at_maximum_cardinality,proven_optimal,20725.13981700196,1.1521189060980295,17988.716014732716,0,0,7,,,7;61;82;139;147;157;165,0,0,7,0,0,0,0.0,0.0,0.23333333333333334,0.0,0.0,0.0,0,7,0.35386495900456794,5,4,247,50,7,,method1_proportional_scores_gamma1,unrestricted_maximum_cardinality_then_maximum_testing_evalue_sum,200,0,3,exact_fixed_count_order_statistics,300.0,1,False
232,6e8c18fef5a8370c5194d808c580e8ac2429d3caf51a9ac587d187e424ad8e36,proven_maximal,maximize_sum_testing_e_values_at_maximum_cardinality,proven_optimal,13851.068284416231,0.2923706376562699,47375.03189598832,0,0,3,,,7;45;123,0,0,3,0,0,0,0.0,0.0,0.1,0.0,0.0,0.0,0,3,0.6789973069971893,12,9,264,50,3,,method1_proportional_scores_gamma1,unrestricted_maximum_cardinality_then_maximum_testing_evalue_sum,200,0,6,exact_fixed_count_order_statistics,300.0,1,False
233,9dd8c57c0fa66e563a19e5d9936f67e1468b193933fcbd066188ecf0266e9876,proven_maximal,maximize_sum_testing_e_values_at_maximum_cardinality,proven_optimal,0.0,0.0,55986.02934120034,0,0,0,,,,0,0,0,0,0,0,0.0,0.0,0.0,0.0,0.0,0.0,0,0,0.14558199000020977,3,3,248,48,0,,method1_proportional_scores_gamma1,unrestricted_maximum_cardinality_then_maximum_testing_evalue_sum,200,0,1,exact_fixed_count_order_statistics,300.0,1,False
234,e9021712f969257b71dbe4bb8505c975ae9fae4cbe7bfbd848d5ff60ca2e85bb,proven_maximal,maximize_sum_testing_e_values_at_maximum_cardinality,proven_optimal,59181.142881089516,1.7035106418916004,34740.69455496562,0,0,9,,,11;19;43;77;115;139;151;170;188,0,0,9,0,0,0,0.0,0.0,0.3,0.0,0.0,0.0,0,9,0.5618089429990505,9,8,272,59,9,,method1_proportional_scores_gamma1,unrestricted_maximum_cardinality_then_maximum_testing_evalue_sum,200,0,12,exact_fixed_count_order_statistics,300.0,1,False
235,5647ae8faf67df1f03ce70e621c9ec4c5c87746c3366c22453f903b2e9e007cc,proven_maximal,maximize_sum_testing_e_values_at_maximum_cardinality,proven_optimal,26990.31610103812,2.2744908695298833,11866.530863065973,0,0,7,,,9;17;21;25;111;118;127,0,0,7,0,0,0,0.0,0.0,0.23333333333333334,0.0,0.0,0.0,0,7,0.14792758799740113,3,3,241,43,7,,method1_proportional_scores_gamma1,unrestricted_maximum_cardinality_then_maximum_testing_evalue_sum,200,0,7,exact_fixed_count_order_statistics,300.0,1,False
236,d78dd91bdae4edaadca6de52166c625a4592a3b7b716c49b0cecd7c1cc20d732,proven_maximal,maximize_sum_testing_e_values_at_maximum_cardinality,proven_optimal,7079.69246471328,0.22726467547893348,31151.750485611825,0,0,3,,,142;169;181,0,0,3,0,0,0,0.0,0.0,0.1,0.0,0.0,0.0,0,3,0.43970380399696296,5,4,255,54,3,,method1_proportional_scores_gamma1,unrestricted_maximum_cardinality_then_maximum_testing_evalue_sum,200,0,8,exact_fixed_count_order_statistics,300.0,1,False
237,bc263fee67305917ea152d746dc997848e5be2ca4d9a58d5eed3f27ef4f6e625,proven_maximal,maximize_sum_testing_e_values_at_maximum_cardinality,proven_optimal,5118.060995024435,2.976997110959198,1719.2025400976554,0,0,11,,,14;33;35;40;52;67;80;123;134;144;191,0,0,11,0,0,0,0.0,0.0,0.36666666666666664,0.0,0.0,0.0,0,11,0.3152931950025959,9,9,277,63,11,,method1_proportional_scores_gamma1,unrestricted_maximum_cardinality_then_maximum_testing_evalue_sum,200,0,0,exact_fixed_count_order_statistics,300.0,1,False
238,ff971512640acd123accacb4a3c7daa46ddedbb2110e451bed3b386a83a23c4c,proven_maximal,maximize_sum_testing_e_values_at_maximum_cardinality,proven_optimal,185113.33272270803,1.0242838696999412,180724.6391343994,0,0,7,,,46;82;95;98;129;163;175,0,0,7,0,0,0,0.0,0.0,0.23333333333333334,0.0,0.0,0.0,0,7,0.765192555001704,8,6,250,47,7,,method1_proportional_scores_gamma1,unrestricted_maximum_cardinality_then_maximum_testing_evalue_sum,200,0,3,exact_fixed_count_order_statistics,300.0,1,False
239,7db79faa7136995235a912968fb7a7ba9d3d34bf64bdb540414ad53f44f243ca,proven_maximal,maximize_sum_testing_e_values_at_maximum_cardinality,proven_optimal,50565.58511856518,1.075062792340354,47035.006214368754,0,0,3,,,12;68;150,0,0,3,0,0,0,0.0,0.0,0.1,0.0,0.0,0.0,0,3,0.46815741099999286,5,4,235,36,3,,method1_proportional_scores_gamma1,unrestricted_maximum_cardinality_then_maximum_testing_evalue_sum,200,0,9,exact_fixed_count_order_statistics,300.0,1,False
240,1dae6a0bb1abb1ae0c7b6569b5aa129b4bcd03059230f2a34e79e15641e53779,proven_maximal,maximize_sum_testing_e_values_at_maximum_cardinality,proven_optimal,0.0,0.0,1465.1474485174565,0,0,0,,,,0,0,0,0,0,0,0.0,0.0,0.0,0.0,0.0,0.0,0,0,1.5880719309934648,16,11,274,60,0,,method1_proportional_scores_gamma1,unrestricted_maximum_cardinality_then_maximum_testing_evalue_sum,200,0,5,exact_fixed_count_order_statistics,300.0,1,False
241,2a8af2e07399e2e8a0a8bdbb9e93157611d9a0baf255748245a1391e884c7554,proven_maximal,maximize_sum_testing_e_values_at_maximum_cardinality,proven_optimal,11743.852825309938,0.29562316628995,39725.752797706846,0,0,7,,,1;10;20;41;77;135;195,0,0,7,0,0,0,0.0,0.0,0.23333333333333334,0.0,0.0,0.0,0,7,1.1736626520068967,12,9,269,52,7,,method1_proportional_scores_gamma1,unrestricted_maximum_cardinality_then_maximum_testing_evalue_sum,200,0,7,exact_fixed_count_order_statistics,300.0,1,False
242,643e54aa79a1290a0a5060c452939f384d50a092c62fcce6c28f5cfdbf294c87,proven_maximal,maximize_sum_testing_e_values_at_maximum_cardinality,proven_optimal,10449.32538544848,3.3885183310804794,3083.744682625505,0,0,10,,,52;54;65;72;76;88;116;155;163;175,0,0,10,0,0,0,0.0,0.0,0.3333333333333333,0.0,0.0,0.0,0,10,1.5870559389950358,15,14,250,45,10,,method1_proportional_scores_gamma1,unrestricted_maximum_cardinality_then_maximum_testing_evalue_sum,200,0,7,exact_fixed_count_order_statistics,300.0,1,False
243,3a44c5002bde1b20c29e27cc4d2d3ab0c52103f4da2fc8b222cad345d32e8ecd,proven_maximal,maximize_sum_testing_e_values_at_maximum_cardinality,proven_optimal,0.0,0.0,3257.1147090045274,0,0,0,,,,0,0,0,0,0,0,0.0,0.0,0.0,0.0,0.0,0.0,0,0,0.5335816839942709,5,3,249,48,0,,method1_proportional_scores_gamma1,unrestricted_maximum_cardinality_then_maximum_testing_evalue_sum,200,0,0,exact_fixed_count_order_statistics,300.0,1,False
244,b55d7ee406ed358c77481ed49dfd1d58117ea2a8b2ce2dd7fabc3fab07446e05,proven_maximal,maximize_sum_testing_e_values_at_maximum_cardinality,proven_optimal,7849.382843062938,1.7148130053075519,4577.398712727369,0,0,5,,,32;60;62;86;169,0,0,5,0,0,0,0.0,0.0,0.16666666666666666,0.0,0.0,0.0,0,5,0.9559379339989391,7,5,262,63,5,,method1_proportional_scores_gamma1,unrestricted_maximum_cardinality_then_maximum_testing_evalue_sum,200,0,4,exact_fixed_count_order_statistics,300.0,1,False
245,847e3625db2f48a9f23b14d3608c548f2c5dd2aa169e182cbb22f316f009d9b4,proven_maximal,maximize_sum_testing_e_values_at_maximum_cardinality,proven_optimal,7015.44154141489,2.0575743231948573,3409.5689581321194,0,0,3,,,35;49;104,0,0,3,0,0,0,0.0,0.0,0.1,0.0,0.0,0.0,0,3,0.8326334199955454,5,4,264,65,3,,method1_proportional_scores_gamma1,unrestricted_maximum_cardinality_then_maximum_testing_evalue_sum,200,0,8,exact_fixed_count_order_statistics,300.0,1,False
246,7900512deaed61b611c5c39dfb7a4bd978197766d61e815aaf469394a9a6389c,proven_maximal,maximize_sum_testing_e_values_at_maximum_cardinality,proven_optimal,260833.8461083559,1.0471175824447672,249096.99777877072,0,0,7,,,76;97;106;118;130;141;169,0,0,7,0,0,0,0.0,0.0,0.23333333333333334,0.0,0.0,0.0,0,7,1.031220780001604,9,7,263,52,7,,method1_proportional_scores_gamma1,unrestricted_maximum_cardinality_then_maximum_testing_evalue_sum,200,0,7,exact_fixed_count_order_statistics,300.0,1,False
247,e957e5ae0664d23b3f69e53a11b6daeaffe0049732c5a8238fbce4564aca6692,proven_maximal,maximize_sum_testing_e_values_at_maximum_cardinality,proven_optimal,25389.60037683151,1.9445495849870968,13056.80275414524,0,0,7,,,61;65;97;120;126;148;161,0,0,7,0,0,0,0.0,0.0,0.23333333333333334,0.0,0.0,0.0,0,7,0.7117199190033716,6,4,241,42,7,,method1_proportional_scores_gamma1,unrestricted_maximum_cardinality_then_maximum_testing_evalue_sum,200,0,7,exact_fixed_count_order_statistics,300.0,1,False
248,5a1798266aad712a0089f30de588d759b055669f60850582eaf67f3f1b49c39e,proven_maximal,maximize_sum_testing_e_values_at_maximum_cardinality,proven_optimal,122845.108319163,1.0540712289558893,116543.46019940916,0,0,6,,,53;60;95;106;110;144,0,0,6,0,0,0,0.0,0.0,0.2,0.0,0.0,0.0,0,6,0.6091974980008672,5,4,253,55,6,,method1_proportional_scores_gamma1,unrestricted_maximum_cardinality_then_maximum_testing_evalue_sum,200,0,3,exact_fixed_count_order_statistics,300.0,1,False
249,766c56bc148062b0a988040f255e1d01246d69ba7097cc4a96902c09b631d3d6,proven_maximal,maximize_sum_testing_e_values_at_maximum_cardinality,proven_optimal,9140.061458185219,1.9403294602891714,4710.571913299227,0,0,6,,,2;49;141;144;161;165,0,0,6,0,0,0,0.0,0.0,0.2,0.0,0.0,0.0,0,6,1.0466826929987292,5,4,259,62,6,,method1_proportional_scores_gamma1,unrestricted_maximum_cardinality_then_maximum_testing_evalue_sum,200,0,8,exact_fixed_count_order_statistics,300.0,1,False
250,00bd8fbbd8c7f6e3bb1d3a47c9b1c0594867e18a2fb89ca1abb94191422af859,proven_maximal,maximize_sum_testing_e_values_at_maximum_cardinality,proven_optimal,19797.29901206827,2.315813270605599,8548.745817874667,0,0,5,,,75;134;137;154;157,0,0,5,0,0,0,0.0,0.0,0.16666666666666666,0.0,0.0,0.0,0,5,1.2595011070006876,5,4,251,53,5,,method1_proportional_scores_gamma1,unrestricted_maximum_cardinality_then_maximum_testing_evalue_sum,200,0,8,exact_fixed_count_order_statistics,300.0,1,False
251,04f0b322226b981b37369d9e412fc1817a22051bf0a42a77464f258e4db9aac9,proven_maximal,maximize_sum_testing_e_values_at_maximum_cardinality,proven_optimal,29501.54546581863,0.9138727094910783,32281.89786107913,0,0,3,,,92;103;113,0,0,3,0,0,0,0.0,0.0,0.1,0.0,0.0,0.0,0,3,11.874882875003095,7,5,252,51,3,,method1_proportional_scores_gamma1,unrestricted_maximum_cardinality_then_maximum_testing_evalue_sum,200,0,12,exact_fixed_count_order_statistics,300.0,1,False
252,22def12cfa1d7616afd0e1b251991f0e6fde1707fa9302e5c841e72c6210dbf4,proven_maximal,maximize_sum_testing_e_values_at_maximum_cardinality,proven_optimal,11062.955967583288,3.0096623605518604,3675.81297908605,0,0,12,,,24;32;37;56;61;107;115;155;159;172;182;198,0,0,12,0,0,0,0.0,0.0,0.4,0.0,0.0,0.0,0,12,9.35597437400429,9,9,265,46,12,,method1_proportional_scores_gamma1,unrestricted_maximum_cardinality_then_maximum_testing_evalue_sum,200,0,5,exact_fixed_count_order_statistics,300.0,1,False
253,54f99162a0fb92a665e089d1fcd48715b347701679151e397d3ddd1d2eb1ed3c,proven_maximal,maximize_sum_testing_e_values_at_maximum_cardinality,proven_optimal,3911.76621759104,0.936121056012579,4178.696967092337,0,0,5,,,23;101;128;146;179,0,0,5,0,0,0,0.0,0.0,0.16666666666666666,0.0,0.0,0.0,0,5,8.972790371000883,8,6,248,47,5,,method1_proportional_scores_gamma1,unrestricted_maximum_cardinality_then_maximum_testing_evalue_sum,200,0,2,exact_fixed_count_order_statistics,300.0,1,False
254,a9106390f0947a9bed70a9e66c1c98f7a2580dbc42cf7cbfeaa3f8a6d65e09a5,proven_maximal,maximize_sum_testing_e_values_at_maximum_cardinality,proven_optimal,15247.64090021982,0.29841181148473933,51095.969775310245,0,0,6,,,32;79;81;154;161;165,0,0,6,0,0,0,0.0,0.0,0.2,0.0,0.0,0.0,0,6,10.266446280998935,4,4,255,56,6,,method1_proportional_scores_gamma1,unrestricted_maximum_cardinality_then_maximum_testing_evalue_sum,200,0,9,exact_fixed_count_order_statistics,300.0,1,False
255,02c3795b8dd3228a657c4821e63bc5751eff5fc8129abd1d8f8128650d80ff4e,proven_maximal,maximize_sum_testing_e_values_at_maximum_cardinality,proven_optimal,13533.244499724133,1.7264299832040273,7838.860904517082,0,0,5,,,6;97;98;105;134,0,0,5,0,0,0,0.0,0.0,0.16666666666666666,0.0,0.0,0.0,0,5,2.499877745998674,5,4,256,57,5,,method1_proportional_scores_gamma1,unrestricted_maximum_cardinality_then_maximum_testing_evalue_sum,200,0,5,exact_fixed_count_order_statistics,300.0,1,False
256,967123cfe49dfc489f2b88049e390446e8cbf3d9a54eb63673098d5bcde61cb9,proven_maximal,maximize_sum_testing_e_values_at_maximum_cardinality,proven_optimal,0.0,0.0,41805.18183976934,0,0,0,,,,0,0,0,0,0,0,0.0,0.0,0.0,0.0,0.0,0.0,0,0,2.1886663340046653,3,3,261,61,0,,method1_proportional_scores_gamma1,unrestricted_maximum_cardinality_then_maximum_testing_evalue_sum,200,0,2,exact_fixed_count_order_statistics,300.0,1,False
257,9dd3152a64c6cc017b33f343243ab9714810855300a6d9bb0bffc9e3bf46a9b3,proven_maximal,maximize_sum_testing_e_values_at_maximum_cardinality,proven_optimal,582122.5374494806,1.0141703339797616,573988.9227139405,0,0,5,,,71;81;132;155;175,0,0,5,0,0,0,0.0,0.0,0.16666666666666666,0.0,0.0,0.0,0,5,0.7141341339956853,7,5,259,57,5,,method1_proportional_scores_gamma1,unrestricted_maximum_cardinality_then_maximum_testing_evalue_sum,200,0,8,exact_fixed_count_order_statistics,300.0,1,False
258,b164f63e92dd0852c49971fce4dbb5331143bf1c8f4286a86ec687f58623724b,proven_maximal,maximize_sum_testing_e_values_at_maximum_cardinality,proven_optimal,18175.04999291302,1.0,18175.04999291302,0,0,1,,,31,0,0,1,0,0,0,0.0,0.0,0.03333333333333333,0.0,0.0,0.0,0,1,0.18634792100056075,3,3,243,44,1,,method1_proportional_scores_gamma1,unrestricted_maximum_cardinality_then_maximum_testing_evalue_sum,200,0,2,exact_fixed_count_order_statistics,300.0,1,False
259,5c5073a26eb4e2b51d1a5a847f3c48b1389844251c19e350d5671dd21c03fb33,proven_maximal,maximize_sum_testing_e_values_at_maximum_cardinality,proven_optimal,71776.56878554716,2.394266174824733,29978.52516995167,0,0,10,,,4;20;67;76;116;120;122;132;154;159,0,0,10,0,0,0,0.0,0.0,0.3333333333333333,0.0,0.0,0.0,0,10,0.38110600499931024,7,7,257,52,10,,method1_proportional_scores_gamma1,unrestricted_maximum_cardinality_then_maximum_testing_evalue_sum,200,0,11,exact_fixed_count_order_statistics,300.0,1,False
260,47667be1792a97d1a91a566e365b3e11b4604748e1471afc6ce68c1ce1f0b28e,proven_maximal,maximize_sum_testing_e_values_at_maximum_cardinality,proven_optimal,2274.0994853697734,0.09152356615963404,24847.14681466108,0,0,2,,,150;159,0,0,2,0,0,0,0.0,0.0,0.06666666666666667,0.0,0.0,0.0,0,2,0.24029672500182642,3,3,268,69,2,,method1_proportional_scores_gamma1,unrestricted_maximum_cardinality_then_maximum_testing_evalue_sum,200,0,9,exact_fixed_count_order_statistics,300.0,1,False
261,a5cc4191a5b9deca1a95742046f3a69226b43a33fa6a8e6f0861cd0d2617232d,proven_maximal,maximize_sum_testing_e_values_at_maximum_cardinality,proven_optimal,16456.581260063336,1.2955720415077894,12702.173814210388,0,0,4,,,62;76;116;149,0,0,4,0,0,0,0.0,0.0,0.13333333333333333,0.0,0.0,0.0,0,4,0.5886848700029077,6,4,245,46,4,,method1_proportional_scores_gamma1,unrestricted_maximum_cardinality_then_maximum_testing_evalue_sum,200,0,17,exact_fixed_count_order_statistics,300.0,1,False
262,7b22f679a6cbedec410ffe474aaa823763d69780276d2622cb9af110c445efef,proven_maximal,maximize_sum_testing_e_values_at_maximum_cardinality,proven_optimal,25.53953810599555,0.0019505225378203806,13093.69033722359,0,0,1,,,57,0,0,1,0,0,0,0.0,0.0,0.03333333333333333,0.0,0.0,0.0,0,1,0.5713356839987682,7,5,253,51,1,,method1_proportional_scores_gamma1,unrestricted_maximum_cardinality_then_maximum_testing_evalue_sum,200,0,3,exact_fixed_count_order_statistics,300.0,1,False
263,dc7e0e1ee0738ec91246352040f1859f3786a66ff5d2e4314efdad15c433a63c,proven_maximal,maximize_sum_testing_e_values_at_maximum_cardinality,proven_optimal,0.0,0.0,1187.7744647026852,0,0,0,,,,0,0,0,0,0,0,0.0,0.0,0.0,0.0,0.0,0.0,0,0,0.22003543000028003,3,3,249,49,0,,method1_proportional_scores_gamma1,unrestricted_maximum_cardinality_then_maximum_testing_evalue_sum,200,0,0,exact_fixed_count_order_statistics,300.0,1,False
264,087c106d7942474756515854f98802d182e5e020ae55fada3d27cf31e1294730,proven_maximal,maximize_sum_testing_e_values_at_maximum_cardinality,proven_optimal,329243.8813230838,1.5080752539774611,218320.5913993497,0,0,8,,,16;27;45;106;131;140;142;169,0,0,8,0,0,0,0.0,0.0,0.26666666666666666,0.0,0.0,0.0,0,8,0.5545593260030728,6,5,250,51,8,,method1_proportional_scores_gamma1,unrestricted_maximum_cardinality_then_maximum_testing_evalue_sum,200,0,7,exact_fixed_count_order_statistics,300.0,1,False
265,16e0f82e665817259aa8fd94314f9d4ac3f24d62a25d481089a8b0b1f5a5b63c,proven_maximal,maximize_sum_testing_e_values_at_maximum_cardinality,proven_optimal,34069.563885266536,1.5132042082361448,22514.84875592533,0,0,4,,,9;22;46;57,0,0,4,0,0,0,0.0,0.0,0.13333333333333333,0.0,0.0,0.0,0,4,0.7684124470033566,7,4,256,56,4,,method1_proportional_scores_gamma1,unrestricted_maximum_cardinality_then_maximum_testing_evalue_sum,200,0,8,exact_fixed_count_order_statistics,300.0,1,False
266,57129756269b162dae3c5b6a92f46ebdb93ecc4bb4a559621b6f5ce46fd70c4c,proven_maximal,maximize_sum_testing_e_values_at_maximum_cardinality,proven_optimal,34698.83925908853,1.3983429561286507,24814.255406379834,0,0,7,,,25;33;52;74;87;145;151,0,0,7,0,0,0,0.0,0.0,0.23333333333333334,0.0,0.0,0.0,0,7,1.039551747002406,11,8,295,67,7,,method1_proportional_scores_gamma1,unrestricted_maximum_cardinality_then_maximum_testing_evalue_sum,200,0,10,exact_fixed_count_order_statistics,300.0,1,False
267,4664aab3cbe868806141d266103767aa4292139b2f9f69e8f3a090ec224ce7f7,proven_maximal,maximize_sum_testing_e_values_at_maximum_cardinality,proven_optimal,11493.185107343952,0.4082206786587479,28154.343246662625,0,0,9,,,12;23;33;49;76;94;123;128;178,0,0,8,0,0,1,0.0,0.0,0.26666666666666666,0.0,0.0,0.1111111111111111,0,9,0.3382012419970124,5,4,246,50,9,,method1_proportional_scores_gamma1,unrestricted_maximum_cardinality_then_maximum_testing_evalue_sum,200,0,7,exact_fixed_count_order_statistics,300.0,1,False
268,9853fb30e663758e454f462ca050e331505d8825dd62ace79fc41d6994ad74e5,proven_maximal,maximize_sum_testing_e_values_at_maximum_cardinality,proven_optimal,115142.61823940779,1.7457317285092604,65956.65093269055,0,0,11,,,10;22;37;44;67;68;113;136;142;146;161,0,0,11,0,0,0,0.0,0.0,0.36666666666666664,0.0,0.0,0.0,0,11,0.25300260999938473,5,5,256,61,11,,method1_proportional_scores_gamma1,unrestricted_maximum_cardinality_then_maximum_testing_evalue_sum,200,0,4,exact_fixed_count_order_statistics,300.0,1,False
269,881863962836efb3b9f5732cd5e560517b3441a0ae7d0ab6d760a57d2a14406e,proven_maximal,maximize_sum_testing_e_values_at_maximum_cardinality,proven_optimal,23119.584312354345,1.6736177969432526,13814.136270886143,0,0,8,,,25;26;28;50;78;122;166;186,0,0,8,0,0,0,0.0,0.0,0.26666666666666666,0.0,0.0,0.0,0,8,0.3663586180045968,5,4,248,51,8,,method1_proportional_scores_gamma1,unrestricted_maximum_cardinality_then_maximum_testing_evalue_sum,200,0,9,exact_fixed_count_order_statistics,300.0,1,False
270,c8dcaf529f69e359847dee8bf4c11fab8ff19ab43b527c54a75cd808b1766a07,proven_maximal,maximize_sum_testing_e_values_at_maximum_cardinality,proven_optimal,5326.360053420711,0.5446675828424777,9779.102375845154,0,0,6,,,6;72;87;160;173;182,0,0,6,0,0,0,0.0,0.0,0.2,0.0,0.0,0.0,0,6,0.5262123990032705,7,5,257,59,6,,method1_proportional_scores_gamma1,unrestricted_maximum_cardinality_then_maximum_testing_evalue_sum,200,0,4,exact_fixed_count_order_statistics,300.0,1,False
271,64dd77bd6c38c0dfc1da62dcdd92b3b2078ad4998826a075df5ab8b92f4aaf48,proven_maximal,maximize_sum_testing_e_values_at_maximum_cardinality,proven_optimal,9592.18538318542,0.475210389342842,20185.133991809907,0,0,7,,,69;73;86;101;109;116;185,0,0,7,0,0,0,0.0,0.0,0.23333333333333334,0.0,0.0,0.0,0,7,0.5920393799970043,7,4,249,48,7,,method1_proportional_scores_gamma1,unrestricted_maximum_cardinality_then_maximum_testing_evalue_sum,200,0,9,exact_fixed_count_order_statistics,300.0,1,False
272,e4a2377750e449c3fbf89e420c8110429398517db503366ca1513a89a886b467,proven_maximal,maximize_sum_testing_e_values_at_maximum_cardinality,proven_optimal,29976.242515078924,1.3453667588798768,22281.0934767234,0,0,5,,,37;73;143;174;189,0,0,5,0,0,0,0.0,0.0,0.16666666666666666,0.0,0.0,0.0,0,5,0.47288133099937113,5,4,254,56,5,,method1_proportional_scores_gamma1,unrestricted_maximum_cardinality_then_maximum_testing_evalue_sum,200,0,6,exact_fixed_count_order_statistics,300.0,1,False
273,882531bc236504b9e853d668c4f6975ac34a123b5548b1281e56fe64e9bc29ba,proven_maximal,maximize_sum_testing_e_values_at_maximum_cardinality,proven_optimal,41015.88075732917,2.756194688362198,14881.343807284478,0,0,5,,,13;92;99;114;169,0,0,5,0,0,0,0.0,0.0,0.16666666666666666,0.0,0.0,0.0,0,5,0.45414914000139106,6,5,259,58,5,,method1_proportional_scores_gamma1,unrestricted_maximum_cardinality_then_maximum_testing_evalue_sum,200,0,5,exact_fixed_count_order_statistics,300.0,1,False
274,4b3d097a40540827fe5bce2884a95ca33c19028345410349319dc52d86fc91d1,proven_maximal,maximize_sum_testing_e_values_at_maximum_cardinality,proven_optimal,28628.834947135856,1.4534510127231262,19697.14472419545,0,0,5,,,55;136;140;141;181,0,0,5,0,0,0,0.0,0.0,0.16666666666666666,0.0,0.0,0.0,0,5,0.6550500290031778,13,11,271,47,5,,method1_proportional_scores_gamma1,unrestricted_maximum_cardinality_then_maximum_testing_evalue_sum,200,0,12,exact_fixed_count_order_statistics,300.0,1,False
275,5dc42c5272d365d9838ac7dfeb6855756f7de8055734d207f6fac13c420a6318,proven_maximal,maximize_sum_testing_e_values_at_maximum_cardinality,proven_optimal,146.34291869117436,0.05513438896275799,2654.294741346016,0,0,1,,,139,0,0,1,0,0,0,0.0,0.0,0.03333333333333333,0.0,0.0,0.0,0,1,0.19560579199605854,3,3,251,52,1,,method1_proportional_scores_gamma1,unrestricted_maximum_cardinality_then_maximum_testing_evalue_sum,200,0,0,exact_fixed_count_order_statistics,300.0,1,False
276,18d618dcb0643423b5e30184684a1edaabba5b95d1146028781b1c8030049f13,proven_maximal,maximize_sum_testing_e_values_at_maximum_cardinality,proven_optimal,117741.06731775783,2.3446947664495275,50215.94665648022,0,0,9,,,15;34;40;50;55;108;115;184;187,0,0,9,0,0,0,0.0,0.0,0.3,0.0,0.0,0.0,0,9,1.1177067550015636,18,17,312,46,9,,method1_proportional_scores_gamma1,unrestricted_maximum_cardinality_then_maximum_testing_evalue_sum,200,0,7,exact_fixed_count_order_statistics,300.0,1,False
277,591c9e7118c8781495f775285f5faa0ee0d777b8e394b0a2815efbc2b104298a,proven_maximal,maximize_sum_testing_e_values_at_maximum_cardinality,proven_optimal,10260.137848260772,0.24224607766347006,42354.19597800146,0,0,6,,,52;54;74;96;126;177,0,0,6,0,0,0,0.0,0.0,0.2,0.0,0.0,0.0,0,6,0.20086869700026,3,3,244,48,6,,method1_proportional_scores_gamma1,unrestricted_maximum_cardinality_then_maximum_testing_evalue_sum,200,0,11,exact_fixed_count_order_statistics,300.0,1,False
278,4d87dae28a96e0e57ad3a5d32c6fecb994e8fdfc720cb9603a8d2453eeeff942,proven_maximal,maximize_sum_testing_e_values_at_maximum_cardinality,proven_optimal,4444.776757737263,2.2138136514850792,2007.7465665439368,0,0,6,,,44;60;80;124;133;185,0,0,6,0,0,0,0.0,0.0,0.2,0.0,0.0,0.0,0,6,0.6422966090030968,9,7,250,48,6,,method1_proportional_scores_gamma1,unrestricted_maximum_cardinality_then_maximum_testing_evalue_sum,200,0,6,exact_fixed_count_order_statistics,300.0,1,False
279,57437af2af08560846d928a8fe28b2b06b665ed1d9ba74080c0d24900e483cc8,proven_maximal,maximize_sum_testing_e_values_at_maximum_cardinality,proven_optimal,0.0,0.0,6276.753903917746,0,0,0,,,,0,0,0,0,0,0,0.0,0.0,0.0,0.0,0.0,0.0,0,0,0.4669497940049041,6,4,260,59,0,,method1_proportional_scores_gamma1,unrestricted_maximum_cardinality_then_maximum_testing_evalue_sum,200,0,8,exact_fixed_count_order_statistics,300.0,1,False
280,1262ac07726292ee951df3d1dcf73bb37b39151ba759bb6c7ebfcd96fbcd0fdd,proven_maximal,maximize_sum_testing_e_values_at_maximum_cardinality,proven_optimal,0.0,0.0,57432.57839525724,0,0,0,,,,0,0,0,0,0,0,0.0,0.0,0.0,0.0,0.0,0.0,0,0,0.1850357660005102,3,3,245,45,0,,method1_proportional_scores_gamma1,unrestricted_maximum_cardinality_then_maximum_testing_evalue_sum,200,0,3,exact_fixed_count_order_statistics,300.0,1,False
281,6eb885eb04cd8849c0c70698d5b81c05bf183a548cbfd1a71e477d95559e9453,proven_maximal,maximize_sum_testing_e_values_at_maximum_cardinality,proven_optimal,11933.47245266631,1.0140562332838579,11768.057885726595,0,0,3,,,82;157;181,0,0,3,0,0,0,0.0,0.0,0.1,0.0,0.0,0.0,0,3,0.4674594500029343,5,4,252,53,3,,method1_proportional_scores_gamma1,unrestricted_maximum_cardinality_then_maximum_testing_evalue_sum,200,0,3,exact_fixed_count_order_statistics,300.0,1,False
282,709e9e82562a7eefb557b21c90c418fcb12d295a5cccf80af8bb72b41618a012,proven_maximal,maximize_sum_testing_e_values_at_maximum_cardinality,proven_optimal,9284.734059376504,2.0089859709293267,4621.60223800942,0,0,12,,,27;29;50;67;69;75;103;109;167;177;180;191,0,0,12,0,0,0,0.0,0.0,0.4,0.0,0.0,0.0,0,12,0.4706106340017868,8,8,288,53,12,,method1_proportional_scores_gamma1,unrestricted_maximum_cardinality_then_maximum_testing_evalue_sum,200,0,7,exact_fixed_count_order_statistics,300.0,1,False
283,6b67c1cf2c10cc4db5f75395cf55c7d5dd38738438625595b366af0279f7fb47,proven_maximal,maximize_sum_testing_e_values_at_maximum_cardinality,proven_optimal,18894.38875555663,2.3133006652949537,8167.71854995664,0,0,8,,,33;83;99;112;132;154;164;188,0,0,8,0,0,0,0.0,0.0,0.26666666666666666,0.0,0.0,0.0,0,8,0.6482389629964018,7,5,249,53,8,,method1_proportional_scores_gamma1,unrestricted_maximum_cardinality_then_maximum_testing_evalue_sum,200,0,12,exact_fixed_count_order_statistics,300.0,1,False
284,fd15863ec5c608dcd3d1c4718564dc88d6bb7285b1775045b1b1cfd4469521e5,proven_maximal,maximize_sum_testing_e_values_at_maximum_cardinality,proven_optimal,0.0,0.0,1887.680594643284,0,0,0,,,,0,0,0,0,0,0,0.0,0.0,0.0,0.0,0.0,0.0,0,0,0.16221185399626847,3,3,255,55,0,,method1_proportional_scores_gamma1,unrestricted_maximum_cardinality_then_maximum_testing_evalue_sum,200,0,9,exact_fixed_count_order_statistics,300.0,1,False
285,8b7385ba460b619f3818379e5c73d82a83e116ddb6326ea02c5a7eea92d35703,proven_maximal,maximize_sum_testing_e_values_at_maximum_cardinality,proven_optimal,82185.4678370212,1.0327832983640817,79576.68173681949,0,0,8,,,10;13;42;63;89;100;144;192,0,0,8,0,0,0,0.0,0.0,0.26666666666666666,0.0,0.0,0.0,0,8,0.6124918950008578,9,7,269,55,8,,method1_proportional_scores_gamma1,unrestricted_maximum_cardinality_then_maximum_testing_evalue_sum,200,0,8,exact_fixed_count_order_statistics,300.0,1,False
286,e2f89c786a4f4d3456f6d0aa98c497386dc75744582ae1d58f39042ca1543e59,proven_maximal,maximize_sum_testing_e_values_at_maximum_cardinality,proven_optimal,0.0,0.0,1094.2413749209566,0,0,0,,,,0,0,0,0,0,0,0.0,0.0,0.0,0.0,0.0,0.0,0,0,0.4909102360034012,8,5,252,49,0,,method1_proportional_scores_gamma1,unrestricted_maximum_cardinality_then_maximum_testing_evalue_sum,200,0,0,exact_fixed_count_order_statistics,300.0,1,False
287,e86bc1c587f4ee48809237deccbf00aecc63a5e0a3c0b30cacef55b0ad06c0a2,proven_maximal,maximize_sum_testing_e_values_at_maximum_cardinality,proven_optimal,4441.758639604256,0.3949820071194789,11245.470830423574,0,0,2,,,49;131,0,0,2,0,0,0,0.0,0.0,0.06666666666666667,0.0,0.0,0.0,0,2,0.3388763920011115,5,4,241,42,2,,method1_proportional_scores_gamma1,unrestricted_maximum_cardinality_then_maximum_testing_evalue_sum,200,0,10,exact_fixed_count_order_statistics,300.0,1,False
288,e72af1fa3d371f727f598981ee84fbfc2b206379fe26c24d8f18a20134e55b13,proven_maximal,maximize_sum_testing_e_values_at_maximum_cardinality,proven_optimal,16959.10540486277,1.9447692626561266,8720.368904689683,0,0,5,,,92;104;105;150;183,0,0,5,0,0,0,0.0,0.0,0.16666666666666666,0.0,0.0,0.0,0,5,0.6590280140007962,8,5,248,48,5,,method1_proportional_scores_gamma1,unrestricted_maximum_cardinality_then_maximum_testing_evalue_sum,200,0,8,exact_fixed_count_order_statistics,300.0,1,False
289,4b5ae260db289b2ced733cc5c1364f1b4d097ab3c7b8fd2fbd2d703797d310fe,proven_maximal,maximize_sum_testing_e_values_at_maximum_cardinality,proven_optimal,18797.67608066086,0.4797557483642904,39181.76310497758,0,0,8,,,19;50;83;141;151;161;177;184,0,0,8,0,0,0,0.0,0.0,0.26666666666666666,0.0,0.0,0.0,0,8,0.7963663120026467,8,7,268,57,8,,method1_proportional_scores_gamma1,unrestricted_maximum_cardinality_then_maximum_testing_evalue_sum,200,0,3,exact_fixed_count_order_statistics,300.0,1,False
290,75aa176e1d8738268143aa94d94b7179f4d620e7a9e56dbc683a25b33304d24f,proven_maximal,maximize_sum_testing_e_values_at_maximum_cardinality,proven_optimal,0.0,0.0,10127.426490238526,0,0,0,,,,0,0,0,0,0,0,0.0,0.0,0.0,0.0,0.0,0.0,0,0,0.13767463600379415,3,3,243,43,0,,method1_proportional_scores_gamma1,unrestricted_maximum_cardinality_then_maximum_testing_evalue_sum,200,0,9,exact_fixed_count_order_statistics,300.0,1,False
291,ce97e84d07889482af7abd15550bfe08860da5063311d1998e33a5d8d9ccbd6d,proven_maximal,maximize_sum_testing_e_values_at_maximum_cardinality,proven_optimal,0.0,0.0,89514.32489228994,0,0,0,,,,0,0,0,0,0,0,0.0,0.0,0.0,0.0,0.0,0.0,0,0,0.6243614139966667,6,3,264,62,0,,method1_proportional_scores_gamma1,unrestricted_maximum_cardinality_then_maximum_testing_evalue_sum,200,0,5,exact_fixed_count_order_statistics,300.0,1,False
292,2bb17b988e62b151c0bc76e5a37e1182116ab605cf4bcf18215568eb5ad73956,proven_maximal,maximize_sum_testing_e_values_at_maximum_cardinality,proven_optimal,4791.537567630216,0.6312329164745158,7590.759991401145,0,0,2,,,107;115,0,0,2,0,0,0,0.0,0.0,0.06666666666666667,0.0,0.0,0.0,0,2,0.5548640190027072,7,5,255,53,2,,method1_proportional_scores_gamma1,unrestricted_maximum_cardinality_then_maximum_testing_evalue_sum,200,0,6,exact_fixed_count_order_statistics,300.0,1,False
293,d3c35b3f9fcb410e2e80c2712cd836b3115e8859a63321df9e30b60469cd7e03,proven_maximal,maximize_sum_testing_e_values_at_maximum_cardinality,proven_optimal,194.42909233274887,0.0027918274530235733,69642.23097748411,0,0,2,,,7;136,0,0,2,0,0,0,0.0,0.0,0.06666666666666667,0.0,0.0,0.0,0,2,0.5233017720020143,7,5,245,43,2,,method1_proportional_scores_gamma1,unrestricted_maximum_cardinality_then_maximum_testing_evalue_sum,200,0,3,exact_fixed_count_order_statistics,300.0,1,False
294,331033184888e21ac36b1c6f96d08964e7d0bb398c5e573b89bf18f8ed599d8d,proven_maximal,maximize_sum_testing_e_values_at_maximum_cardinality,proven_optimal,192554.74051801916,1.0955326399480276,175763.58156444706,0,0,9,,,21;25;57;85;114;118;140;154;199,0,0,9,0,0,0,0.0,0.0,0.3,0.0,0.0,0.0,0,9,0.39791740399959963,6,5,251,53,9,,method1_proportional_scores_gamma1,unrestricted_maximum_cardinality_then_maximum_testing_evalue_sum,200,0,10,exact_fixed_count_order_statistics,300.0,1,False
295,a8584cf3aeb949bd99a4ef9badc9764b0e422d0c0ca9179f0c2905f2b271b7c5,proven_maximal,maximize_sum_testing_e_values_at_maximum_cardinality,proven_optimal,0.0,0.0,8893.17599487712,0,0,0,,,,0,0,0,0,0,0,0.0,0.0,0.0,0.0,0.0,0.0,0,0,0.20998934399540303,3,3,257,57,0,,method1_proportional_scores_gamma1,unrestricted_maximum_cardinality_then_maximum_testing_evalue_sum,200,0,6,exact_fixed_count_order_statistics,300.0,1,False
296,377ad8bef3efc137299c8a3e924df400156230d5e5211cc74d8c56272d5f8424,proven_maximal,maximize_sum_testing_e_values_at_maximum_cardinality,proven_optimal,69512.90334364651,1.916626195582604,36268.367563721215,0,0,6,,,61;100;128;133;181;186,0,0,6,0,0,0,0.0,0.0,0.2,0.0,0.0,0.0,0,6,0.3645454540019273,5,4,251,55,6,,method1_proportional_scores_gamma1,unrestricted_maximum_cardinality_then_maximum_testing_evalue_sum,200,0,4,exact_fixed_count_order_statistics,300.0,1,False
297,dd085ffe8049dca619145f405124328a76f86c93ced81f6b2c3fab76b6f59b32,proven_maximal,maximize_sum_testing_e_values_at_maximum_cardinality,proven_optimal,31723.118284033582,0.16461239633143857,192714.0299941975,0,0,1,,,125,0,0,1,0,0,0,0.0,0.0,0.03333333333333333,0.0,0.0,0.0,0,1,0.5782513410013053,7,5,254,53,1,,method1_proportional_scores_gamma1,unrestricted_maximum_cardinality_then_maximum_testing_evalue_sum,200,0,5,exact_fixed_count_order_statistics,300.0,1,False
298,1b11c456f4a08916d4dd8861b99279069febd678ba175fbea4a1a69dc95c9991,proven_maximal,maximize_sum_testing_e_values_at_maximum_cardinality,proven_optimal,90989.9727526366,1.6523742820978902,55066.20003617689,0,0,7,,,27;40;113;137;143;158;193,0,0,7,0,0,0,0.0,0.0,0.23333333333333334,0.0,0.0,0.0,0,7,0.43870356100524077,5,4,252,56,7,,method1_proportional_scores_gamma1,unrestricted_maximum_cardinality_then_maximum_testing_evalue_sum,200,0,7,exact_fixed_count_order_statistics,300.0,1,False
299,77d698d99dd97844cced4ad2edef12bcc64819a9a24e01c812e4f9b35002fd78,proven_maximal,maximize_sum_testing_e_values_at_maximum_cardinality,proven_optimal,6518.89965570193,0.6266773239071286,10402.32254624871,0,0,5,,,4;30;83;87;92,0,0,5,0,0,0,0.0,0.0,0.16666666666666666,0.0,0.0,0.0,0,5,0.5948544409984606,10,7,261,56,5,,method1_proportional_scores_gamma1,unrestricted_maximum_cardinality_then_maximum_testing_evalue_sum,200,0,7,exact_fixed_count_order_statistics,300.0,1,False
300,e6d56a01cf1917eda8e69ca986ab966c3cd997318ecbd6d19f0627ae9411b053,proven_maximal,maximize_sum_testing_e_values_at_maximum_cardinality,proven_optimal,23819.92443574927,1.7697970664397107,13459.127539219884,0,0,8,,,57;112;113;135;139;152;179;184,0,0,8,0,0,0,0.0,0.0,0.26666666666666666,0.0,0.0,0.0,0,8,0.37759812800504733,5,4,248,52,8,,method1_proportional_scores_gamma1,unrestricted_maximum_cardinality_then_maximum_testing_evalue_sum,200,0,7,exact_fixed_count_order_statistics,300.0,1,False
301,505df861d6845791f09d8fdae7fcca37bfb9d5cd99c4da126561810c0f98c40c,proven_maximal,maximize_sum_testing_e_values_at_maximum_cardinality,proven_optimal,85671.60425717152,1.027605499125768,83370.13020079823,0,0,5,,,26;76;135;159;175,0,0,5,0,0,0,0.0,0.0,0.16666666666666666,0.0,0.0,0.0,0,5,0.5553103409984033,6,5,248,47,5,,method1_proportional_scores_gamma1,unrestricted_maximum_cardinality_then_maximum_testing_evalue_sum,200,0,2,exact_fixed_count_order_statistics,300.0,1,False
302,ffec61a4bd82b482d00d4506a868f44f75e277e115bad3b45f5fd2752bb4525c,proven_maximal,maximize_sum_testing_e_values_at_maximum_cardinality,proven_optimal,178265.9599643036,1.8754008782895792,95054.8557527004,0,0,10,,,0;5;33;51;69;90;104;125;128;152,0,0,10,0,0,0,0.0,0.0,0.3333333333333333,0.0,0.0,0.0,0,10,0.49304377999942517,10,10,286,58,10,,method1_proportional_scores_gamma1,unrestricted_maximum_cardinality_then_maximum_testing_evalue_sum,200,0,8,exact_fixed_count_order_statistics,300.0,1,False
303,c1ef8726fd315c36a3861b61ed265633eba8e7afa6ea95a3d9cc2bf178f282cd,proven_maximal,maximize_sum_testing_e_values_at_maximum_cardinality,proven_optimal,2229.949419170436,0.11769473085197096,18946.892550144206,0,0,2,,,79;101,0,0,2,0,0,0,0.0,0.0,0.06666666666666667,0.0,0.0,0.0,0,2,0.831395004002843,10,6,262,57,2,,method1_proportional_scores_gamma1,unrestricted_maximum_cardinality_then_maximum_testing_evalue_sum,200,0,8,exact_fixed_count_order_statistics,300.0,1,False
304,fbf11ca853ddf8b4f65889e157914c4592efc7902e7d21d143435f0a464df9b0,proven_maximal,maximize_sum_testing_e_values_at_maximum_cardinality,proven_optimal,30759.953869155077,2.568758605958973,11974.63778721696,0,0,9,,,23;72;83;95;111;114;143;156;158,0,0,9,0,0,0,0.0,0.0,0.3,0.0,0.0,0.0,0,9,0.4130443350004498,6,5,245,47,9,,method1_proportional_scores_gamma1,unrestricted_maximum_cardinality_then_maximum_testing_evalue_sum,200,0,11,exact_fixed_count_order_statistics,300.0,1,False
305,b2aaf783530e340eb5afab8794c3f61c9014694ed5bda5278755a47683305179,proven_maximal,maximize_sum_testing_e_values_at_maximum_cardinality,proven_optimal,8919.707685688682,1.1769791589943537,7578.47547046623,0,0,4,,,41;63;67;132,0,0,4,0,0,0,0.0,0.0,0.13333333333333333,0.0,0.0,0.0,0,4,0.7245521799995913,10,7,255,46,4,,method1_proportional_scores_gamma1,unrestricted_maximum_cardinality_then_maximum_testing_evalue_sum,200,0,1,exact_fixed_count_order_statistics,300.0,1,False
306,5ff88e18a959ee6ff08bc8a9d2012662277446aac254d811928e01ac729e14c3,proven_maximal,maximize_sum_testing_e_values_at_maximum_cardinality,proven_optimal,9251.953899605805,1.3231357127310406,6992.445151759342,0,0,11,,,15;21;32;34;76;108;109;127;143;148;151,0,0,11,0,0,0,0.0,0.0,0.36666666666666664,0.0,0.0,0.0,0,11,0.5399746399998548,7,7,256,50,11,,method1_proportional_scores_gamma1,unrestricted_maximum_cardinality_then_maximum_testing_evalue_sum,200,0,1,exact_fixed_count_order_statistics,300.0,1,False
307,e8d5c62a1800b520861e2106424e5d2315e0c93d6a92bfe054a164b20879e1fe,proven_maximal,maximize_sum_testing_e_values_at_maximum_cardinality,proven_optimal,7341.402643685143,0.9575806777730275,7666.615267090063,0,0,11,,,12;13;32;66;70;94;100;106;125;152;196,0,0,11,0,0,0,0.0,0.0,0.36666666666666664,0.0,0.0,0.0,0,11,0.3219022169942036,7,7,266,46,11,,method1_proportional_scores_gamma1,unrestricted_maximum_cardinality_then_maximum_testing_evalue_sum,200,0,11,exact_fixed_count_order_statistics,300.0,1,False
308,eb346ba82b16dbad0fb6ca41df578191ebc2639f1e17ac5b115a0beff5b23055,proven_maximal,maximize_sum_testing_e_values_at_maximum_cardinality,proven_optimal,300794.09669130127,1.062444299193985,283115.1684088251,0,0,9,,,26;27;36;56;58;100;153;173;199,0,0,9,0,0,0,0.0,0.0,0.3,0.0,0.0,0.0,0,9,0.5047449100020458,9,8,262,61,9,,method1_proportional_scores_gamma1,unrestricted_maximum_cardinality_then_maximum_testing_evalue_sum,200,0,9,exact_fixed_count_order_statistics,300.0,1,False
309,8ec482ed31a74ba5c28defa99c0b442ee6033bafb46d9dec7a8ce89d37dc38f2,proven_maximal,maximize_sum_testing_e_values_at_maximum_cardinality,proven_optimal,43550.62758825602,1.0992889281478013,39617.08925935854,0,0,5,,,1;49;78;122;172,0,0,5,0,0,0,0.0,0.0,0.16666666666666666,0.0,0.0,0.0,0,5,0.4513921499965363,6,4,253,53,5,,method1_proportional_scores_gamma1,unrestricted_maximum_cardinality_then_maximum_testing_evalue_sum,200,0,7,exact_fixed_count_order_statistics,300.0,1,False
310,6decb428c27ef7958aefce5648bf32f849b97f8975c1e5ff32d669baad213d60,proven_maximal,maximize_sum_testing_e_values_at_maximum_cardinality,proven_optimal,50259.53264605203,1.13805694120507,44162.58170073022,0,0,4,,,24;114;115;117,0,0,4,0,0,0,0.0,0.0,0.13333333333333333,0.0,0.0,0.0,0,4,0.4651426039999933,5,4,255,56,4,,method1_proportional_scores_gamma1,unrestricted_maximum_cardinality_then_maximum_testing_evalue_sum,200,0,7,exact_fixed_count_order_statistics,300.0,1,False
311,47b3d6d30a7ee41860778e847da442d01977440017c1011c797b8a8b5cb126cb,proven_maximal,maximize_sum_testing_e_values_at_maximum_cardinality,proven_optimal,10971.469648263104,1.569197347134554,6991.771728583182,0,0,7,,,8;55;63;72;106;150;171,0,0,7,0,0,0,0.0,0.0,0.23333333333333334,0.0,0.0,0.0,0,7,0.426499175002391,5,4,244,47,7,,method1_proportional_scores_gamma1,unrestricted_maximum_cardinality_then_maximum_testing_evalue_sum,200,0,8,exact_fixed_count_order_statistics,300.0,1,False
312,fccbc836b1a2f8fa64b21cf3108b55d70f91b2838e42938bdda907e3c42d68f4,proven_maximal,maximize_sum_testing_e_values_at_maximum_cardinality,proven_optimal,119413.88571730754,2.771130177438984,43092.12417717134,0,0,6,,,72;107;128;146;159;161,0,0,6,0,0,0,0.0,0.0,0.2,0.0,0.0,0.0,0,6,0.4879789240003447,7,5,267,67,6,,method1_proportional_scores_gamma1,unrestricted_maximum_cardinality_then_maximum_testing_evalue_sum,200,0,11,exact_fixed_count_order_statistics,300.0,1,False
313,139a678ed989afcf9c19b617d2742d81a7bab753b6ffe6d41a659f19e2a9121f,proven_maximal,maximize_sum_testing_e_values_at_maximum_cardinality,proven_optimal,5312.760559314671,0.16845664822200973,31537.85033353484,0,0,1,,,130,0,0,1,0,0,0,0.0,0.0,0.03333333333333333,0.0,0.0,0.0,0,1,0.4657418030037661,6,4,256,55,1,,method1_proportional_scores_gamma1,unrestricted_maximum_cardinality_then_maximum_testing_evalue_sum,200,0,8,exact_fixed_count_order_statistics,300.0,1,False
314,cf801ba96e4afa94bd6ec94dee783228a6e5a3ee775372f6314143199a3055ac,proven_maximal,maximize_sum_testing_e_values_at_maximum_cardinality,proven_optimal,7702.406531320106,0.6972812287821984,11046.34143783328,0,0,6,,,8;9;40;101;117;157,0,0,6,0,0,0,0.0,0.0,0.2,0.0,0.0,0.0,0,6,1.2230421740023303,36,32,353,57,6,,method1_proportional_scores_gamma1,unrestricted_maximum_cardinality_then_maximum_testing_evalue_sum,200,0,10,exact_fixed_count_order_statistics,300.0,1,False
315,38e8e4d3f4ce077b46b27ad4f4e610d413ae69b14b242e289beb22879add1c6c,proven_maximal,maximize_sum_testing_e_values_at_maximum_cardinality,proven_optimal,4586.983379206066,0.42883232711272573,10696.449612578534,0,0,4,,,59;140;154;198,0,0,4,0,0,0,0.0,0.0,0.13333333333333333,0.0,0.0,0.0,0,4,0.595332449003763,10,7,253,45,4,,method1_proportional_scores_gamma1,unrestricted_maximum_cardinality_then_maximum_testing_evalue_sum,200,0,16,exact_fixed_count_order_statistics,300.0,1,False
316,090d326a66e6a34fb539fd529b29a2467efc845f9c5632fb3aea52646365e310,proven_maximal,maximize_sum_testing_e_values_at_maximum_cardinality,proven_optimal,69928.92531639068,2.0703595667221264,33776.2224689815,0,0,7,,,1;14;42;80;94;144;150,0,0,7,0,0,0,0.0,0.0,0.23333333333333334,0.0,0.0,0.0,0,7,0.5800238689989783,8,6,259,52,7,,method1_proportional_scores_gamma1,unrestricted_maximum_cardinality_then_maximum_testing_evalue_sum,200,0,10,exact_fixed_count_order_statistics,300.0,1,False
317,64db4ffba2891b34223a0bbf5f300502131df10402416c0eabb5212712e97f33,proven_maximal,maximize_sum_testing_e_values_at_maximum_cardinality,proven_optimal,23050.564805533726,2.1820534106866334,10563.703295548725,0,0,7,,,25;58;70;151;153;167;188,0,0,7,0,0,0,0.0,0.0,0.23333333333333334,0.0,0.0,0.0,0,7,0.40109191199735506,6,5,253,55,7,,method1_proportional_scores_gamma1,unrestricted_maximum_cardinality_then_maximum_testing_evalue_sum,200,0,6,exact_fixed_count_order_statistics,300.0,1,False
318,8bc433a304377202cfd90d55f7e6c8458bba503a0fd6fb9842c0ccda9199e036,proven_maximal,maximize_sum_testing_e_values_at_maximum_cardinality,proven_optimal,93187.91065552023,1.9303813840055877,48274.35211903726,0,0,5,,,143;144;189;195;199,0,0,5,0,0,0,0.0,0.0,0.16666666666666666,0.0,0.0,0.0,0,5,0.1629185969941318,3,3,242,46,5,,method1_proportional_scores_gamma1,unrestricted_maximum_cardinality_then_maximum_testing_evalue_sum,200,0,8,exact_fixed_count_order_statistics,300.0,1,False
319,ba9c7fc6b0a5ffc0bf366d85e56a545305020a27a67b08b163dd219236cef8e9,proven_maximal,maximize_sum_testing_e_values_at_maximum_cardinality,proven_optimal,97514.96899533996,1.269555075066272,76810.34947637036,0,0,11,,,10;12;24;31;46;57;65;101;111;128;156,0,0,11,0,0,0,0.0,0.0,0.36666666666666664,0.0,0.0,0.0,0,11,0.5550950660035596,9,9,270,55,11,,method1_proportional_scores_gamma1,unrestricted_maximum_cardinality_then_maximum_testing_evalue_sum,200,0,4,exact_fixed_count_order_statistics,300.0,1,False
320,f1749a47fb6285ddf353e8d601e454a980cbce396c6f37e3b72fbd21b108934c,proven_maximal,maximize_sum_testing_e_values_at_maximum_cardinality,proven_optimal,8434.390499192546,2.9540861932008213,2855.1605970757705,0,0,8,,,22;27;42;49;54;124;125;185,0,0,8,0,0,0,0.0,0.0,0.26666666666666666,0.0,0.0,0.0,0,8,0.60022804899927,6,5,263,61,8,,method1_proportional_scores_gamma1,unrestricted_maximum_cardinality_then_maximum_testing_evalue_sum,200,0,5,exact_fixed_count_order_statistics,300.0,1,False
321,7bf199673ce310a8e393626a12215297388b6fb6b50983c489967e3af4763b61,proven_maximal,maximize_sum_testing_e_values_at_maximum_cardinality,proven_optimal,30363.589040965526,1.2218414704533143,24850.67807503731,0,0,9,,,17;34;78;92;99;140;160;179;191,0,0,9,0,0,0,0.0,0.0,0.3,0.0,0.0,0.0,0,9,0.9704586709995056,16,15,303,49,9,,method1_proportional_scores_gamma1,unrestricted_maximum_cardinality_then_maximum_testing_evalue_sum,200,0,7,exact_fixed_count_order_statistics,300.0,1,False
322,eb14bb12691abd179db5650df1d66a822e06b10ee3ef84f87da332f0d1567b3b,proven_maximal,maximize_sum_testing_e_values_at_maximum_cardinality,proven_optimal,6810.468163858852,1.4596451154229402,4665.838354746579,0,0,11,,,22;24;55;56;67;103;104;115;126;184;193,0,0,11,0,0,0,0.0,0.0,0.36666666666666664,0.0,0.0,0.0,0,11,0.622443384003418,12,12,292,55,11,,method1_proportional_scores_gamma1,unrestricted_maximum_cardinality_then_maximum_testing_evalue_sum,200,0,5,exact_fixed_count_order_statistics,300.0,1,False
323,e022f7f976910a87894e5f19bfab84476091a6f43c412ed5cd9075724e530bea,proven_maximal,maximize_sum_testing_e_values_at_maximum_cardinality,proven_optimal,64762.09815396835,2.1783749487060784,29729.54595921884,0,0,10,,,57;68;73;84;120;161;165;174;176;193,0,0,10,0,0,0,0.0,0.0,0.3333333333333333,0.0,0.0,0.0,0,10,1.6970190300053218,19,17,322,52,10,,method1_proportional_scores_gamma1,unrestricted_maximum_cardinality_then_maximum_testing_evalue_sum,200,0,9,exact_fixed_count_order_statistics,300.0,1,False
324,da95d13a014fdd2e657ad67c9b9bb1f47d9fda422f008a56f856918fe94c94c3,proven_maximal,maximize_sum_testing_e_values_at_maximum_cardinality,proven_optimal,1312.2754197648849,0.04591292119157332,28581.83242772483,0,0,1,,,192,0,0,1,0,0,0,0.0,0.0,0.03333333333333333,0.0,0.0,0.0,0,1,0.5847225089964923,7,4,259,57,1,,method1_proportional_scores_gamma1,unrestricted_maximum_cardinality_then_maximum_testing_evalue_sum,200,0,9,exact_fixed_count_order_statistics,300.0,1,False
325,bc64ee85463af0fadc0c6738e632898810d7e19fe484a8155c5ee4908933a84d,proven_maximal,maximize_sum_testing_e_values_at_maximum_cardinality,proven_optimal,23157.441506165087,1.5808173754133448,14649.03022090707,0,0,6,,,98;101;107;127;148;179,0,0,6,0,0,0,0.0,0.0,0.2,0.0,0.0,0.0,0,6,0.5572073490038747,8,5,258,59,6,,method1_proportional_scores_gamma1,unrestricted_maximum_cardinality_then_maximum_testing_evalue_sum,200,0,9,exact_fixed_count_order_statistics,300.0,1,False
326,dbad5100ef4522f628e1b914600b9b641ec50a5bb3cfe5068b05cf072df4d346,proven_maximal,maximize_sum_testing_e_values_at_maximum_cardinality,proven_optimal,64941.034315815225,1.3688430073975195,47442.28079104764,0,0,9,,,20;87;92;123;126;152;175;183;185,0,0,9,0,0,0,0.0,0.0,0.3,0.0,0.0,0.0,0,9,0.3917887450006674,5,4,259,62,9,,method1_proportional_scores_gamma1,unrestricted_maximum_cardinality_then_maximum_testing_evalue_sum,200,0,13,exact_fixed_count_order_statistics,300.0,1,False
327,1960c8bb236b4b25276ef12991d9cf9e9e96b7967d777702a4aad52ec7752636,proven_maximal,maximize_sum_testing_e_values_at_maximum_cardinality,proven_optimal,292930.71720174805,1.1699953139958028,250369.13712185936,0,0,5,,,71;80;138;145;177,0,0,5,0,0,0,0.0,0.0,0.16666666666666666,0.0,0.0,0.0,0,5,0.39970746399922064,8,7,258,54,5,,method1_proportional_scores_gamma1,unrestricted_maximum_cardinality_then_maximum_testing_evalue_sum,200,0,3,exact_fixed_count_order_statistics,300.0,1,False
328,12823a94fefebb9dfc4426d07d8503ce39addcee1635d1f009b084b62ac25b62,proven_maximal,maximize_sum_testing_e_values_at_maximum_cardinality,proven_optimal,48012.081772542435,1.177296908312441,40781.6256320284,0,0,11,,,8;53;58;67;78;88;109;121;133;139;178,0,0,11,0,0,0,0.0,0.0,0.36666666666666664,0.0,0.0,0.0,0,11,0.34428094900067663,6,6,250,42,11,,method1_proportional_scores_gamma1,unrestricted_maximum_cardinality_then_maximum_testing_evalue_sum,200,0,2,exact_fixed_count_order_statistics,300.0,1,False
329,7ce7333585751ea8467153c603aafdf9e6d6861face6adbe44ccfd6e862a5878,proven_maximal,maximize_sum_testing_e_values_at_maximum_cardinality,proven_optimal,50105.964483365315,1.0353802957405007,48393.77829527815,0,0,5,,,39;85;109;158;168,0,0,5,0,0,0,0.0,0.0,0.16666666666666666,0.0,0.0,0.0,0,5,0.5483967320033116,9,6,258,55,5,,method1_proportional_scores_gamma1,unrestricted_maximum_cardinality_then_maximum_testing_evalue_sum,200,0,8,exact_fixed_count_order_statistics,300.0,1,False
330,732a09b9aefbc40e599ba1984feb7d7dc2632b63027e169a870b2858c9c5c94d,proven_maximal,maximize_sum_testing_e_values_at_maximum_cardinality,proven_optimal,12352.067814923907,0.20260872897715668,60965.13154828859,0,0,3,,,36;115;129,0,0,3,0,0,0,0.0,0.0,0.1,0.0,0.0,0.0,0,3,0.6147953799954848,8,5,252,51,3,,method1_proportional_scores_gamma1,unrestricted_maximum_cardinality_then_maximum_testing_evalue_sum,200,0,6,exact_fixed_count_order_statistics,300.0,1,False
331,453229bbba246fd66e9ef82610fb4f33ae1052d5e4b20eaa938de930bef2dd15,proven_maximal,maximize_sum_testing_e_values_at_maximum_cardinality,proven_optimal,11362.861355657005,2.397555492329876,4739.352808311811,0,0,11,,,12;16;33;35;36;97;98;101;154;170;197,0,0,11,0,0,0,0.0,0.0,0.36666666666666664,0.0,0.0,0.0,0,11,0.30316393099928973,6,6,269,68,11,,method1_proportional_scores_gamma1,unrestricted_maximum_cardinality_then_maximum_testing_evalue_sum,200,0,4,exact_fixed_count_order_statistics,300.0,1,False
332,1ca70a74b528b176fa5b03ff24a0d93a7226aa1e8da4206a6f1514c835a5245d,proven_maximal,maximize_sum_testing_e_values_at_maximum_cardinality,proven_optimal,429007.04030866246,1.0031341123997775,427666.6848487064,0,0,5,,,74;118;121;180;191,0,0,5,0,0,0,0.0,0.0,0.16666666666666666,0.0,0.0,0.0,0,5,0.5726321809997899,9,7,255,47,5,,method1_proportional_scores_gamma1,unrestricted_maximum_cardinality_then_maximum_testing_evalue_sum,200,0,4,exact_fixed_count_order_statistics,300.0,1,False
333,fec88082df32306d1852b94dd9a80dd40fbed3d589bd024740c4918ee95ed3ee,proven_maximal,maximize_sum_testing_e_values_at_maximum_cardinality,proven_optimal,5246.437598353221,0.15539933453053284,33761.00428102156,0,0,5,,,31;72;95;104;193,0,0,5,0,0,0,0.0,0.0,0.16666666666666666,0.0,0.0,0.0,0,5,0.86716941800114,12,8,265,53,5,,method1_proportional_scores_gamma1,unrestricted_maximum_cardinality_then_maximum_testing_evalue_sum,200,0,12,exact_fixed_count_order_statistics,300.0,1,False
334,a6cd7df67c5c4577b845757827397d6169bf9772198f28a24eb41da46fb864fb,proven_maximal,maximize_sum_testing_e_values_at_maximum_cardinality,proven_optimal,7720.0741557967995,0.553964266579882,13936.050791614662,0,0,4,,,22;46;91;186,0,0,4,0,0,0,0.0,0.0,0.13333333333333333,0.0,0.0,0.0,0,4,0.41612598500069,5,4,255,56,4,,method1_proportional_scores_gamma1,unrestricted_maximum_cardinality_then_maximum_testing_evalue_sum,200,0,9,exact_fixed_count_order_statistics,300.0,1,False
335,ba05cd98e0149d3fb1beeed8976a9b6036d4a5541122cf813493efc4bba63180,proven_maximal,maximize_sum_testing_e_values_at_maximum_cardinality,proven_optimal,75317.21411684604,1.702336775657147,44243.42773642518,0,0,8,,,6;8;19;26;49;148;159;181,0,0,8,0,0,0,0.0,0.0,0.26666666666666666,0.0,0.0,0.0,0,8,0.3571944510040339,5,4,252,58,8,,method1_proportional_scores_gamma1,unrestricted_maximum_cardinality_then_maximum_testing_evalue_sum,200,0,11,exact_fixed_count_order_statistics,300.0,1,False
336,98d4ae7033525675742338e0bdf2526ac1de9336e8deb592759ed5a485537806,proven_maximal,maximize_sum_testing_e_values_at_maximum_cardinality,proven_optimal,17270.730068531124,0.09115334062483398,189468.9755761497,0,0,5,,,8;17;121;171;194,0,0,5,0,0,0,0.0,0.0,0.16666666666666666,0.0,0.0,0.0,0,5,0.5176238310014014,8,6,246,45,5,,method1_proportional_scores_gamma1,unrestricted_maximum_cardinality_then_maximum_testing_evalue_sum,200,0,8,exact_fixed_count_order_statistics,300.0,1,False
337,9e8afebec2d7cfd933576c50569a3bc88ad834fc59f927613ff179739efa57d6,proven_maximal,maximize_sum_testing_e_values_at_maximum_cardinality,proven_optimal,76307.39654221229,1.1455325941601626,66613.02954732283,0,0,6,,,7;33;81;144;145;181,0,0,6,0,0,0,0.0,0.0,0.2,0.0,0.0,0.0,0,6,0.36347271299746353,5,4,246,50,6,,method1_proportional_scores_gamma1,unrestricted_maximum_cardinality_then_maximum_testing_evalue_sum,200,0,12,exact_fixed_count_order_statistics,300.0,1,False
338,d2382c818a3c18d0968d65fec35ef708e56b80aa39a0ffa7dd06b28dd3392ae4,proven_maximal,maximize_sum_testing_e_values_at_maximum_cardinality,proven_optimal,123857.36464254497,1.6570769523138376,74744.48574617997,0,0,8,,,68;74;78;99;117;150;166;187,0,0,8,0,0,0,0.0,0.0,0.26666666666666666,0.0,0.0,0.0,0,8,0.5907215309998719,21,20,292,47,8,,method1_proportional_scores_gamma1,unrestricted_maximum_cardinality_then_maximum_testing_evalue_sum,200,0,8,exact_fixed_count_order_statistics,300.0,1,False
339,3dc8c35518acf46b1c4f56793fb9cc1fd25adcb6d6b8c5c8c08675f8a3db68ee,proven_maximal,maximize_sum_testing_e_values_at_maximum_cardinality,proven_optimal,29920.299032696286,1.9378198223697358,15440.186279087146,0,0,10,,,50;60;76;107;131;133;148;154;155;162,0,0,10,0,0,0,0.0,0.0,0.3333333333333333,0.0,0.0,0.0,0,10,0.3253566160055925,8,8,248,47,10,,method1_proportional_scores_gamma1,unrestricted_maximum_cardinality_then_maximum_testing_evalue_sum,200,0,8,exact_fixed_count_order_statistics,300.0,1,False
340,7d0133d44c7091b453cca8bbf8d7f31e6d87b8911e698fa99ad5bf21a0683035,proven_maximal,maximize_sum_testing_e_values_at_maximum_cardinality,proven_optimal,14377.316989191704,1.222448382036858,11761.08308576273,0,0,5,,,32;34;141;147;164,0,0,5,0,0,0,0.0,0.0,0.16666666666666666,0.0,0.0,0.0,0,5,0.6307695330033312,15,14,290,58,5,,method1_proportional_scores_gamma1,unrestricted_maximum_cardinality_then_maximum_testing_evalue_sum,200,0,10,exact_fixed_count_order_statistics,300.0,1,False
341,16f9fe6cd50a4765ffb6f6fd918ca8c54c1b33332d2e0671438e40d93f281ae9,proven_maximal,maximize_sum_testing_e_values_at_maximum_cardinality,proven_optimal,453478.8347678412,1.0032478567658023,452010.7685350392,0,0,2,,,4;23,0,0,2,0,0,0,0.0,0.0,0.06666666666666667,0.0,0.0,0.0,0,2,0.48049312100192765,10,9,265,57,2,,method1_proportional_scores_gamma1,unrestricted_maximum_cardinality_then_maximum_testing_evalue_sum,200,0,7,exact_fixed_count_order_statistics,300.0,1,False
342,ee8818116de464afe372ad72aa9b57cc2c3527d68fb59a1e1c2225091cac1564,proven_maximal,maximize_sum_testing_e_values_at_maximum_cardinality,proven_optimal,30566.805314272216,1.2355207576192724,24740.01762072493,0,0,10,,,30;32;35;41;53;73;81;104;169;172,0,0,9,0,0,1,0.0,0.0,0.3,0.0,0.0,0.1,0,10,0.6767625160064199,12,12,295,59,10,,method1_proportional_scores_gamma1,unrestricted_maximum_cardinality_then_maximum_testing_evalue_sum,200,0,2,exact_fixed_count_order_statistics,300.0,1,False
343,53ec4d66fea87b6e4e2dc416caaf392710230a3117b38b0816d946751dd6d612,proven_maximal,maximize_sum_testing_e_values_at_maximum_cardinality,proven_optimal,0.0,0.0,5940.601414924588,0,0,0,,,,0,0,0,0,0,0,0.0,0.0,0.0,0.0,0.0,0.0,0,0,0.2565128049973282,3,3,261,61,0,,method1_proportional_scores_gamma1,unrestricted_maximum_cardinality_then_maximum_testing_evalue_sum,200,0,8,exact_fixed_count_order_statistics,300.0,1,False
344,00d35688e56997a2b6dd73a0e3f697707f3543c3dca3031be05b46aff94c6186,proven_maximal,maximize_sum_testing_e_values_at_maximum_cardinality,proven_optimal,38922.174638059754,1.1749019663881353,33128.01897652251,0,0,10,,,0;13;58;61;66;85;159;175;190;194,0,0,10,0,0,0,0.0,0.0,0.3333333333333333,0.0,0.0,0.0,0,10,0.39695682899764506,6,6,253,51,10,,method1_proportional_scores_gamma1,unrestricted_maximum_cardinality_then_maximum_testing_evalue_sum,200,0,5,exact_fixed_count_order_statistics,300.0,1,False
345,c988f23ca6fd5607f1757f43b6e9b9bacb8388f03bc917ba2af0ebfeec8f59f2,proven_maximal,maximize_sum_testing_e_values_at_maximum_cardinality,proven_optimal,4580.811013052322,1.112794687600616,4116.4925247166375,0,0,4,,,6;58;114;166,0,0,4,0,0,0,0.0,0.0,0.13333333333333333,0.0,0.0,0.0,0,4,1.3343419680022635,13,8,261,49,4,,method1_proportional_scores_gamma1,unrestricted_maximum_cardinality_then_maximum_testing_evalue_sum,200,0,1,exact_fixed_count_order_statistics,300.0,1,False
346,812bc462babd88fbca23260e1263441e26f628317c7e3d0534bffd0b63e31eea,proven_maximal,maximize_sum_testing_e_values_at_maximum_cardinality,proven_optimal,342752.6726095201,1.0146541421760449,337802.46722735174,0,0,4,,,16;40;139;166,0,0,4,0,0,0,0.0,0.0,0.13333333333333333,0.0,0.0,0.0,0,4,0.7153363719990011,7,4,255,56,4,,method1_proportional_scores_gamma1,unrestricted_maximum_cardinality_then_maximum_testing_evalue_sum,200,0,3,exact_fixed_count_order_statistics,300.0,1,False
347,bf87a51337b416c6cb2bd7528cd1d4056fc9e650cbc276e497669f36e6162864,proven_maximal,maximize_sum_testing_e_values_at_maximum_cardinality,proven_optimal,230809.0635751442,1.0315887103453334,223741.36248338624,0,0,7,,,15;28;97;136;146;165;182,0,0,7,0,0,0,0.0,0.0,0.23333333333333334,0.0,0.0,0.0,0,7,0.6981316800010973,8,6,252,50,7,,method1_proportional_scores_gamma1,unrestricted_maximum_cardinality_then_maximum_testing_evalue_sum,200,0,7,exact_fixed_count_order_statistics,300.0,1,False
348,18906a47f61475f42b6fb0708e829ff859ab28e072d6383cb1fb2bdb03b861c3,proven_maximal,maximize_sum_testing_e_values_at_maximum_cardinality,proven_optimal,14810.15973588628,1.1397591802913707,12994.113135460928,0,0,4,,,21;55;87;195,0,0,4,0,0,0,0.0,0.0,0.13333333333333333,0.0,0.0,0.0,0,4,0.6323341329989489,5,4,255,56,4,,method1_proportional_scores_gamma1,unrestricted_maximum_cardinality_then_maximum_testing_evalue_sum,200,0,5,exact_fixed_count_order_statistics,300.0,1,False
349,691899f629271de8ac7d8928a87e9f428ee6534a2411394915bb58c319d6182d,proven_maximal,maximize_sum_testing_e_values_at_maximum_cardinality,proven_optimal,89079.15968668667,2.1701460779585244,41047.54080448088,0,0,13,,,29;31;53;57;67;81;127;147;157;159;177;187;193,0,0,13,0,0,0,0.0,0.0,0.43333333333333335,0.0,0.0,0.0,0,13,0.2838343379989965,4,4,250,57,13,,method1_proportional_scores_gamma1,unrestricted_maximum_cardinality_then_maximum_testing_evalue_sum,200,0,15,exact_fixed_count_order_statistics,300.0,1,False
350,efa5e7ab639eabed68506417e30b324bf494651fc02d0ee97985862d1bf204a1,proven_maximal,maximize_sum_testing_e_values_at_maximum_cardinality,proven_optimal,54385.07978665231,1.1219790290333063,48472.45659618998,0,0,4,,,14;30;130;147,0,0,4,0,0,0,0.0,0.0,0.13333333333333333,0.0,0.0,0.0,0,4,0.686129854999308,7,6,261,60,4,,method1_proportional_scores_gamma1,unrestricted_maximum_cardinality_then_maximum_testing_evalue_sum,200,0,5,exact_fixed_count_order_statistics,300.0,1,False
351,7d487669f89a7cfd41c11b55f832636087fefb53d81c2a237d949b47c377baae,proven_maximal,maximize_sum_testing_e_values_at_maximum_cardinality,proven_optimal,106008.08491112464,1.3771922673902044,76974.06340511279,0,0,9,,,25;67;70;78;97;115;159;161;182,0,0,9,0,0,0,0.0,0.0,0.3,0.0,0.0,0.0,0,9,0.20739889799733646,3,3,242,47,9,,method1_proportional_scores_gamma1,unrestricted_maximum_cardinality_then_maximum_testing_evalue_sum,200,0,7,exact_fixed_count_order_statistics,300.0,1,False
352,d5f8d11df2f712c70d5992f771f32280e721a36566de861b6b093128e9f5c6e5,proven_maximal,maximize_sum_testing_e_values_at_maximum_cardinality,proven_optimal,3719.1575850261424,0.5318305559699201,6993.12505322935,0,0,5,,,6;102;106;112;122,0,0,5,0,0,0,0.0,0.0,0.16666666666666666,0.0,0.0,0.0,0,5,0.5389735709977685,5,4,260,62,5,,method1_proportional_scores_gamma1,unrestricted_maximum_cardinality_then_maximum_testing_evalue_sum,200,0,5,exact_fixed_count_order_statistics,300.0,1,False
353,bdb7a55a2f073ad6771026819377c109119c7c328ecf01805b7294ccc91547ab,proven_maximal,maximize_sum_testing_e_values_at_maximum_cardinality,proven_optimal,7231.092870648823,0.24048951259755016,30068.22539804376,0,0,3,,,15;33;119,0,0,3,0,0,0,0.0,0.0,0.1,0.0,0.0,0.0,0,3,1.107154339995759,11,7,280,73,3,,method1_proportional_scores_gamma1,unrestricted_maximum_cardinality_then_maximum_testing_evalue_sum,200,0,10,exact_fixed_count_order_statistics,300.0,1,False
354,fceb4dbf1157598037fd9efd7f2fdf5a5198233b9cd0086a083e1e33b0b440f3,proven_maximal,maximize_sum_testing_e_values_at_maximum_cardinality,proven_optimal,8838.421018082903,1.0,8838.421018082903,0,0,1,,,149,0,0,1,0,0,0,0.0,0.0,0.03333333333333333,0.0,0.0,0.0,0,1,0.8906411239950103,7,5,266,64,1,,method1_proportional_scores_gamma1,unrestricted_maximum_cardinality_then_maximum_testing_evalue_sum,200,0,3,exact_fixed_count_order_statistics,300.0,1,False
355,94cdc2d4fbfe4314318c3aab5e2be3fa34a01231a48e42f4d5de89cfbd8fe889,proven_maximal,maximize_sum_testing_e_values_at_maximum_cardinality,proven_optimal,36790.84716434449,1.2509424178612207,29410.50414394538,0,0,4,,,65;90;98;196,0,0,4,0,0,0,0.0,0.0,0.13333333333333333,0.0,0.0,0.0,0,4,0.917958821002685,9,6,263,59,4,,method1_proportional_scores_gamma1,unrestricted_maximum_cardinality_then_maximum_testing_evalue_sum,200,0,8,exact_fixed_count_order_statistics,300.0,1,False
356,d7ba008bdd82a744b5a10994cd50d0d7006769fad2acc36732826a384035312c,proven_maximal,maximize_sum_testing_e_values_at_maximum_cardinality,proven_optimal,18017.04733830704,3.0449115402154017,5917.10041501977,0,0,6,,,58;87;130;133;188;189,0,0,6,0,0,0,0.0,0.0,0.2,0.0,0.0,0.0,0,6,0.7163096250005765,7,4,252,52,6,,method1_proportional_scores_gamma1,unrestricted_maximum_cardinality_then_maximum_testing_evalue_sum,200,0,9,exact_fixed_count_order_statistics,300.0,1,False
357,d0f0f6e9df000b3dda3dbf5b643a0e9f832b7d91f785b06696a6849fd0627351,proven_maximal,maximize_sum_testing_e_values_at_maximum_cardinality,proven_optimal,29142.01329077651,1.9318061866899574,15085.37113689947,0,0,8,,,51;92;99;121;154;162;173;185,0,0,7,0,0,1,0.0,0.0,0.23333333333333334,0.0,0.0,0.125,0,8,0.7873589879964129,9,7,261,56,8,,method1_proportional_scores_gamma1,unrestricted_maximum_cardinality_then_maximum_testing_evalue_sum,200,0,5,exact_fixed_count_order_statistics,300.0,1,False
358,bbe15b6c051a04018abd1a2332fc9d208d0869abd84ede7d2a7c76e845f8976d,proven_maximal,maximize_sum_testing_e_values_at_maximum_cardinality,proven_optimal,32823.02332874268,1.79025093528472,18334.31430299604,0,0,10,,,27;52;71;74;97;125;126;129;164;180,0,0,10,0,0,0,0.0,0.0,0.3333333333333333,0.0,0.0,0.0,0,10,0.7272461409957032,12,12,288,51,10,,method1_proportional_scores_gamma1,unrestricted_maximum_cardinality_then_maximum_testing_evalue_sum,200,0,7,exact_fixed_count_order_statistics,300.0,1,False
359,4e97b41b2eba27c0e2613844f5fb505fb23702bd0fe416dd9baf27bcd06b55ed,proven_maximal,maximize_sum_testing_e_values_at_maximum_cardinality,proven_optimal,0.0,0.0,1373.441129337137,0,0,0,,,,0,0,0,0,0,0,0.0,0.0,0.0,0.0,0.0,0.0,0,0,0.19329100799950538,3,3,260,60,0,,method1_proportional_scores_gamma1,unrestricted_maximum_cardinality_then_maximum_testing_evalue_sum,200,0,0,exact_fixed_count_order_statistics,300.0,1,False
360,bd13e23cb2579bd8258f60a1752f38029e546fd681d6654accd511ee8c6b7481,proven_maximal,maximize_sum_testing_e_values_at_maximum_cardinality,proven_optimal,4292.816999348727,0.3334168966586086,12875.223308626191,0,0,4,,,53;120;122;124,0,0,4,0,0,0,0.0,0.0,0.13333333333333333,0.0,0.0,0.0,0,4,0.7511097050009994,8,6,259,57,4,,method1_proportional_scores_gamma1,unrestricted_maximum_cardinality_then_maximum_testing_evalue_sum,200,0,8,exact_fixed_count_order_statistics,300.0,1,False
361,f0d0cfb891ed78b24d48f3e702879ed2eae78db7f72e94757693f1e9df660c13,proven_maximal,maximize_sum_testing_e_values_at_maximum_cardinality,proven_optimal,23809.943706329108,1.6539235107252668,14396.03678884046,0,0,12,,,21;27;28;30;47;59;61;85;98;120;152;159,0,0,12,0,0,0,0.0,0.0,0.4,0.0,0.0,0.0,0,12,0.16322458600188838,3,3,242,50,12,,method1_proportional_scores_gamma1,unrestricted_maximum_cardinality_then_maximum_testing_evalue_sum,200,0,5,exact_fixed_count_order_statistics,300.0,1,False
362,8c246b0b5cf078ac2ab33fa288fc62f141dde732701acdd475e8435c730a3836,proven_maximal,maximize_sum_testing_e_values_at_maximum_cardinality,proven_optimal,30986.521575091057,1.8282873997214513,16948.38655006429,0,0,12,,,4;7;9;15;17;94;100;106;111;141;145;180,0,0,12,0,0,0,0.0,0.0,0.4,0.0,0.0,0.0,0,12,0.7628968459976022,13,13,308,54,12,,method1_proportional_scores_gamma1,unrestricted_maximum_cardinality_then_maximum_testing_evalue_sum,200,0,7,exact_fixed_count_order_statistics,300.0,1,False
363,b1d784715b4f5672854fa3ef918b935d7806fd39381afc07e52f89498d9bc3d6,proven_maximal,maximize_sum_testing_e_values_at_maximum_cardinality,proven_optimal,230420.86294997996,1.3260613772435426,173763.3467833527,0,0,14,,,1;5;8;19;21;55;66;85;89;106;128;135;175;195,0,0,14,0,0,0,0.0,0.0,0.4666666666666667,0.0,0.0,0.0,0,14,0.4008504849989549,10,10,266,50,14,,method1_proportional_scores_gamma1,unrestricted_maximum_cardinality_then_maximum_testing_evalue_sum,200,0,11,exact_fixed_count_order_statistics,300.0,1,False
364,1585d9f83574e6953b4dbd01b35dbfe6b7c1a0c6873dee6355b545033b7547ba,proven_maximal,maximize_sum_testing_e_values_at_maximum_cardinality,proven_optimal,51558.94463861659,1.369232092775025,37655.37260678866,0,0,7,,,7;42;95;114;117;159;190,0,0,7,0,0,0,0.0,0.0,0.23333333333333334,0.0,0.0,0.0,0,7,0.4729312659983407,5,4,240,42,7,,method1_proportional_scores_gamma1,unrestricted_maximum_cardinality_then_maximum_testing_evalue_sum,200,0,8,exact_fixed_count_order_statistics,300.0,1,False
365,b4b3a22f7a2c8ef7f9d13f344da619328a3cf7bb1a5c9322150dbe702b4d0efa,proven_maximal,maximize_sum_testing_e_values_at_maximum_cardinality,proven_optimal,831227.7097505213,1.0017662072672853,829762.1777620396,0,0,4,,,20;85;86;99,0,0,4,0,0,0,0.0,0.0,0.13333333333333333,0.0,0.0,0.0,0,4,0.5498921940015862,5,4,258,59,4,,method1_proportional_scores_gamma1,unrestricted_maximum_cardinality_then_maximum_testing_evalue_sum,200,0,2,exact_fixed_count_order_statistics,300.0,1,False
366,f2f0b97d103c96efa81e01bd6c7a12d1d785f1348d4fc4c7625b74b3ad8f97ee,proven_maximal,maximize_sum_testing_e_values_at_maximum_cardinality,proven_optimal,4503.934275953133,2.505778984428297,1797.4188082596288,0,0,7,,,18;46;60;68;142;190;196,0,0,7,0,0,0,0.0,0.0,0.23333333333333334,0.0,0.0,0.0,0,7,0.6185420929978136,25,24,305,45,7,,method1_proportional_scores_gamma1,unrestricted_maximum_cardinality_then_maximum_testing_evalue_sum,200,0,0,exact_fixed_count_order_statistics,300.0,1,False
367,9d18b06b7318538fb42e6a4b3ad9b324a2507de7a7377f2069cdb8a60a710cc3,proven_maximal,maximize_sum_testing_e_values_at_maximum_cardinality,proven_optimal,0.0,0.0,9704.094231815365,0,0,0,,,,0,0,0,0,0,0,0.0,0.0,0.0,0.0,0.0,0.0,0,0,0.7054845110033057,10,6,258,53,0,,method1_proportional_scores_gamma1,unrestricted_maximum_cardinality_then_maximum_testing_evalue_sum,200,0,3,exact_fixed_count_order_statistics,300.0,1,False
368,c1f0098171fbc30a89230b6990cb6eaad2d54fee8efc4ed512ff123e39eba5b3,proven_maximal,maximize_sum_testing_e_values_at_maximum_cardinality,proven_optimal,874.6670221884517,0.04591476390032726,19049.79897287934,0,0,1,,,162,0,0,1,0,0,0,0.0,0.0,0.03333333333333333,0.0,0.0,0.0,0,1,0.7409102270030417,15,12,270,53,1,,method1_proportional_scores_gamma1,unrestricted_maximum_cardinality_then_maximum_testing_evalue_sum,200,0,5,exact_fixed_count_order_statistics,300.0,1,False
369,d7b01e97ba779e830049e3f2be0524e0788a622ee53c53097785b8d8d57baac5,proven_maximal,maximize_sum_testing_e_values_at_maximum_cardinality,proven_optimal,11459.465635118184,1.3980668059149115,8196.65096591645,0,0,6,,,31;36;49;56;123;173,0,0,6,0,0,0,0.0,0.0,0.2,0.0,0.0,0.0,0,6,0.6909961630008183,11,9,262,45,6,,method1_proportional_scores_gamma1,unrestricted_maximum_cardinality_then_maximum_testing_evalue_sum,200,0,8,exact_fixed_count_order_statistics,300.0,1,False
370,9b991de73b2d6265e7bd5068ecfdc3d5c2c21681dec15c0b77d06d7d0baba5c2,proven_maximal,maximize_sum_testing_e_values_at_maximum_cardinality,proven_optimal,72369.49219266654,1.0925506152205344,66239.02928109061,0,0,5,,,8;54;66;103;138,0,0,5,0,0,0,0.0,0.0,0.16666666666666666,0.0,0.0,0.0,0,5,0.8056551879999461,10,6,267,63,5,,method1_proportional_scores_gamma1,unrestricted_maximum_cardinality_then_maximum_testing_evalue_sum,200,0,8,exact_fixed_count_order_statistics,300.0,1,False
371,d7e7d097374c0af0b43a5bf1c8e46c3755581c1f855cfa787862aea677637d4b,proven_maximal,maximize_sum_testing_e_values_at_maximum_cardinality,proven_optimal,5032.163587461959,2.5049077952748338,2008.921684444612,0,0,6,,,89;123;127;139;186;198,0,0,6,0,0,0,0.0,0.0,0.2,0.0,0.0,0.0,0,6,0.6413721520002582,9,7,262,56,6,,method1_proportional_scores_gamma1,unrestricted_maximum_cardinality_then_maximum_testing_evalue_sum,200,0,5,exact_fixed_count_order_statistics,300.0,1,False
372,0221b8b138f93b806159e00c73e55f4baf26bba1316006d10cfe1dd7592c3b33,proven_maximal,maximize_sum_testing_e_values_at_maximum_cardinality,proven_optimal,5990.265378123214,1.5676237479389654,3821.239239325712,0,0,4,,,111;126;172;183,0,0,4,0,0,0,0.0,0.0,0.13333333333333333,0.0,0.0,0.0,0,4,0.8863069220024045,10,6,268,63,4,,method1_proportional_scores_gamma1,unrestricted_maximum_cardinality_then_maximum_testing_evalue_sum,200,0,8,exact_fixed_count_order_statistics,300.0,1,False
373,4f0225901464fff2882f7ba47a09cbbcf577175494380e0fbe1dca54c69826f6,proven_maximal,maximize_sum_testing_e_values_at_maximum_cardinality,proven_optimal,1147.5581542730356,0.05478582130632751,20946.261768288903,0,0,5,,,78;85;109;133;157,0,0,5,0,0,0,0.0,0.0,0.16666666666666666,0.0,0.0,0.0,0,5,0.5119353089976357,5,4,254,57,5,,method1_proportional_scores_gamma1,unrestricted_maximum_cardinality_then_maximum_testing_evalue_sum,200,0,4,exact_fixed_count_order_statistics,300.0,1,False
374,a3ac2048337c6747c676fec7767b2a89f9a915b258513acc48bb286b7f0109ce,proven_maximal,maximize_sum_testing_e_values_at_maximum_cardinality,proven_optimal,10051.391922038194,3.0930061115552934,3249.71615299652,0,0,11,,,14;19;22;44;53;65;67;71;121;126;158,0,0,11,0,0,0,0.0,0.0,0.36666666666666664,0.0,0.0,0.0,0,11,0.22564862499712035,4,4,257,63,11,,method1_proportional_scores_gamma1,unrestricted_maximum_cardinality_then_maximum_testing_evalue_sum,200,0,5,exact_fixed_count_order_statistics,300.0,1,False
375,e55624c2d6a70d243d40b6c7314f09a32152bec561ac7dd5b1106724c5f06544,proven_maximal,maximize_sum_testing_e_values_at_maximum_cardinality,proven_optimal,8936.10045888632,1.0,8936.10045888632,0,0,1,,,163,0,0,1,0,0,0,0.0,0.0,0.03333333333333333,0.0,0.0,0.0,0,1,0.24336696899990784,3,3,256,57,1,,method1_proportional_scores_gamma1,unrestricted_maximum_cardinality_then_maximum_testing_evalue_sum,200,0,6,exact_fixed_count_order_statistics,300.0,1,False
376,1ecd904fe3180adf5ee2e364b408f26f2a1793ca3d68d166009675b93f3c322e,proven_maximal,maximize_sum_testing_e_values_at_maximum_cardinality,proven_optimal,2282.380713727039,1.3446510371474902,1697.3777215602538,0,0,2,,,42;196,0,0,2,0,0,0,0.0,0.0,0.06666666666666667,0.0,0.0,0.0,0,2,0.4296318609995069,6,5,261,58,2,,method1_proportional_scores_gamma1,unrestricted_maximum_cardinality_then_maximum_testing_evalue_sum,200,0,0,exact_fixed_count_order_statistics,300.0,1,False
377,10a75654c69d2002be7a74b9e2a1e231030166d39ae819a789743ae5589acf4d,proven_maximal,maximize_sum_testing_e_values_at_maximum_cardinality,proven_optimal,40109.934588857956,2.1051137887975186,19053.57078667444,0,0,10,,,16;23;113;117;136;138;144;146;174;189,0,0,10,0,0,0,0.0,0.0,0.3333333333333333,0.0,0.0,0.0,0,10,0.4263822520006215,7,7,250,53,10,,method1_proportional_scores_gamma1,unrestricted_maximum_cardinality_then_maximum_testing_evalue_sum,200,0,10,exact_fixed_count_order_statistics,300.0,1,False
378,2d4016ada46ad25ad8a86e42231ba473a8b7479bbeca5f2232a3e8a88b9c21c2,proven_maximal,maximize_sum_testing_e_values_at_maximum_cardinality,proven_optimal,361.26064847758374,0.01891771967715918,19096.416198288505,0,0,2,,,107;155,0,0,2,0,0,0,0.0,0.0,0.06666666666666667,0.0,0.0,0.0,0,2,0.411571921002178,5,4,249,50,2,,method1_proportional_scores_gamma1,unrestricted_maximum_cardinality_then_maximum_testing_evalue_sum,200,0,5,exact_fixed_count_order_statistics,300.0,1,False
379,c20279514662d7269ca1a1155930bba04edc0e3ae497b83da329d7870ce0d572,proven_maximal,maximize_sum_testing_e_values_at_maximum_cardinality,proven_optimal,6611.656776860813,1.2185297999955744,5425.92949050965,0,0,6,,,16;112;127;173;175;194,0,0,6,0,0,0,0.0,0.0,0.2,0.0,0.0,0.0,0,6,0.6766033809981309,8,4,250,48,6,,method1_proportional_scores_gamma1,unrestricted_maximum_cardinality_then_maximum_testing_evalue_sum,200,0,13,exact_fixed_count_order_statistics,300.0,1,False
380,cea9ce9fdfb022a3ff67eb89e70b97e613804451af4cc90a25d295ca8c0d5c07,proven_maximal,maximize_sum_testing_e_values_at_maximum_cardinality,proven_optimal,26776.735677202963,1.285165125445003,20835.249219769496,0,0,7,,,55;67;136;155;160;167;191,0,0,7,0,0,0,0.0,0.0,0.23333333333333334,0.0,0.0,0.0,0,7,0.1638849000009941,3,3,240,45,7,,method1_proportional_scores_gamma1,unrestricted_maximum_cardinality_then_maximum_testing_evalue_sum,200,0,6,exact_fixed_count_order_statistics,300.0,1,False
381,61cd80a89689ab2d41c23a8d6be286a2e3ed815e5ab4b6683babe5d8db56e023,proven_maximal,maximize_sum_testing_e_values_at_maximum_cardinality,proven_optimal,74017.61410880342,1.2135029794857115,60994.99989705213,0,0,6,,,21;26;85;122;174;184,0,0,6,0,0,0,0.0,0.0,0.2,0.0,0.0,0.0,0,6,0.485564462003822,7,6,249,47,6,,method1_proportional_scores_gamma1,unrestricted_maximum_cardinality_then_maximum_testing_evalue_sum,200,0,5,exact_fixed_count_order_statistics,300.0,1,False
382,af17dc73773bb6e166569d1704a7cf72e6cae3bce2542895ca983389394f80da,proven_maximal,maximize_sum_testing_e_values_at_maximum_cardinality,proven_optimal,46603.73890428299,1.0,46603.73890428299,0,0,1,,,79,0,0,1,0,0,0,0.0,0.0,0.03333333333333333,0.0,0.0,0.0,0,1,0.21368284200434573,3,3,251,52,1,,method1_proportional_scores_gamma1,unrestricted_maximum_cardinality_then_maximum_testing_evalue_sum,200,0,3,exact_fixed_count_order_statistics,300.0,1,False
383,c2f5a86c697e4b1c62871fbc438986fb2c2c117f69078b1912c0a7392ecfa23e,proven_maximal,maximize_sum_testing_e_values_at_maximum_cardinality,proven_optimal,179236.8449310003,1.222748064075105,146585.2616716889,0,0,8,,,2;7;18;28;88;121;146;147,0,0,8,0,0,0,0.0,0.0,0.26666666666666666,0.0,0.0,0.0,0,8,0.4896831669975654,8,7,263,55,8,,method1_proportional_scores_gamma1,unrestricted_maximum_cardinality_then_maximum_testing_evalue_sum,200,0,12,exact_fixed_count_order_statistics,300.0,1,False
384,1530d2f17331a9f7a1102ab705f5d8b02909b8777e5f82fb3ca7fd9fdc04f4b2,proven_maximal,maximize_sum_testing_e_values_at_maximum_cardinality,proven_optimal,3521.4326625165227,1.528688981957394,2303.563840701946,0,0,6,,,9;32;71;116;127;192,0,0,6,0,0,0,0.0,0.0,0.2,0.0,0.0,0.0,0,6,0.5260920910004643,6,5,264,64,6,,method1_proportional_scores_gamma1,unrestricted_maximum_cardinality_then_maximum_testing_evalue_sum,200,0,0,exact_fixed_count_order_statistics,300.0,1,False
385,cdba2265b702622001f067349aaeaa19b0a6f1ea60dd0e8bcae6a1371fcf09d4,proven_maximal,maximize_sum_testing_e_values_at_maximum_cardinality,proven_optimal,7183.616544127184,1.3380935810138341,5368.545702673777,0,0,2,,,8;93,0,0,2,0,0,0,0.0,0.0,0.06666666666666667,0.0,0.0,0.0,0,2,0.3334224139980506,5,4,258,59,2,,method1_proportional_scores_gamma1,unrestricted_maximum_cardinality_then_maximum_testing_evalue_sum,200,0,8,exact_fixed_count_order_statistics,300.0,1,False
386,2b19b91d2bb5acd078a9e0574436e9b8b9efab6c27df623e20fa4b998f39a772,proven_maximal,maximize_sum_testing_e_values_at_maximum_cardinality,proven_optimal,5331.9154430851695,2.663546903810457,2001.8102311085108,0,0,11,,,6;20;24;25;72;90;116;117;177;194;198,0,0,11,0,0,0,0.0,0.0,0.36666666666666664,0.0,0.0,0.0,0,11,0.2234228390007047,8,8,247,40,11,,method1_proportional_scores_gamma1,unrestricted_maximum_cardinality_then_maximum_testing_evalue_sum,200,0,0,exact_fixed_count_order_statistics,300.0,1,False
387,f2254929152396c482c777d39c60f0c291911ab296f1c9309ed92d9be52f06ad,proven_maximal,maximize_sum_testing_e_values_at_maximum_cardinality,proven_optimal,8435.591654445772,1.1254857147229973,7495.067724179801,0,0,3,,,29;114;187,0,0,3,0,0,0,0.0,0.0,0.1,0.0,0.0,0.0,0,3,0.7248462720017415,11,7,258,50,3,,method1_proportional_scores_gamma1,unrestricted_maximum_cardinality_then_maximum_testing_evalue_sum,200,0,4,exact_fixed_count_order_statistics,300.0,1,False
388,e1d7af404d4e78a0a8e0a33037bd5a029ce4fc6a6f18bf6f923e63f8806ac1db,proven_maximal,maximize_sum_testing_e_values_at_maximum_cardinality,proven_optimal,17324.81008656944,1.1369400197533495,15238.103845027748,0,0,9,,,7;32;49;76;82;120;127;172;186,0,0,9,0,0,0,0.0,0.0,0.3,0.0,0.0,0.0,0,9,0.5047489709977526,5,4,246,50,9,,method1_proportional_scores_gamma1,unrestricted_maximum_cardinality_then_maximum_testing_evalue_sum,200,0,10,exact_fixed_count_order_statistics,300.0,1,False
389,a23cbea34edaf49eafb048b64d599bbbc5961d2c7feaa6ee910eec1206496644,proven_maximal,maximize_sum_testing_e_values_at_maximum_cardinality,proven_optimal,15095.241553793632,2.6077774639729805,5788.546669467666,0,0,5,,,49;135;161;162;163,0,0,5,0,0,0,0.0,0.0,0.16666666666666666,0.0,0.0,0.0,0,5,0.7783158849997562,12,7,256,49,5,,method1_proportional_scores_gamma1,unrestricted_maximum_cardinality_then_maximum_testing_evalue_sum,200,0,4,exact_fixed_count_order_statistics,300.0,1,False
390,8f5d3a0e97cdf179ab99f3a0b9f8a47d9a8e4e9f70927142c0ea927c85c83d9d,proven_maximal,maximize_sum_testing_e_values_at_maximum_cardinality,proven_optimal,1032.880066170118,2.0314490544863855,508.4449762050581,0,0,8,,,6;9;34;37;56;94;141;152,0,0,8,0,0,0,0.0,0.0,0.26666666666666666,0.0,0.0,0.0,0,8,0.466333358999691,8,6,255,53,8,,method1_proportional_scores_gamma1,unrestricted_maximum_cardinality_then_maximum_testing_evalue_sum,200,0,0,exact_fixed_count_order_statistics,300.0,1,False
391,27d999acef7100a9646450efc6cfe8586d772748a279fb1594e0b4082a9e4d57,proven_maximal,maximize_sum_testing_e_values_at_maximum_cardinality,proven_optimal,31743.440490838984,1.496755348000267,21208.169079368687,0,0,5,,,29;33;39;40;86,0,0,5,0,0,0,0.0,0.0,0.16666666666666666,0.0,0.0,0.0,0,5,0.47110190199600765,8,6,250,49,5,,method1_proportional_scores_gamma1,unrestricted_maximum_cardinality_then_maximum_testing_evalue_sum,200,0,5,exact_fixed_count_order_statistics,300.0,1,False
392,61b3bfb55fc179a2d64ae66ac3a1a6e5fbdf907618c27b681863a656cb31d15e,proven_maximal,maximize_sum_testing_e_values_at_maximum_cardinality,proven_optimal,641466.6318842757,1.48820998737117,431032.3390702319,0,0,3,,,1;41;128,0,0,3,0,0,0,0.0,0.0,0.1,0.0,0.0,0.0,0,3,1.2212940760000492,16,11,264,45,3,,method1_proportional_scores_gamma1,unrestricted_maximum_cardinality_then_maximum_testing_evalue_sum,200,0,6,exact_fixed_count_order_statistics,300.0,1,False
393,06edc94db4d28c0aa023dfd2b5b30572e55b9cfe06b33795c66d901a4f76f589,proven_maximal,maximize_sum_testing_e_values_at_maximum_cardinality,proven_optimal,11423.782773467754,2.304724900742592,4956.67954547936,0,0,7,,,68;83;91;117;121;137;142,0,0,7,0,0,0,0.0,0.0,0.23333333333333334,0.0,0.0,0.0,0,7,0.1698696609964827,3,3,255,60,7,,method1_proportional_scores_gamma1,unrestricted_maximum_cardinality_then_maximum_testing_evalue_sum,200,0,5,exact_fixed_count_order_statistics,300.0,1,False
394,66d15335523880e2c3571d77d24f3eaf825c807079e9b836a6c93237dd12da45,proven_maximal,maximize_sum_testing_e_values_at_maximum_cardinality,proven_optimal,0.0,0.0,5035.470231031122,0,0,0,,,,0,0,0,0,0,0,0.0,0.0,0.0,0.0,0.0,0.0,0,0,0.15680062799947336,3,3,263,63,0,,method1_proportional_scores_gamma1,unrestricted_maximum_cardinality_then_maximum_testing_evalue_sum,200,0,1,exact_fixed_count_order_statistics,300.0,1,False
395,6820827d09abf901f32bd4036a1a3cbdc2c3e68af3834a4efd2ea04464a9c088,proven_maximal,maximize_sum_testing_e_values_at_maximum_cardinality,proven_optimal,23098.167107116282,2.3090153162723555,10003.470719460478,0,0,10,,,10;35;56;92;107;111;115;122;167;197,0,0,10,0,0,0,0.0,0.0,0.3333333333333333,0.0,0.0,0.0,0,10,0.2700273299997207,4,4,243,43,10,,method1_proportional_scores_gamma1,unrestricted_maximum_cardinality_then_maximum_testing_evalue_sum,200,0,8,exact_fixed_count_order_statistics,300.0,1,False
396,0e3abf3254ab023f65bdf76b47c4e5c342e57a5cde9a7a6fd3edadc512f0b830,proven_maximal,maximize_sum_testing_e_values_at_maximum_cardinality,proven_optimal,12453.550092504669,4.068992578098709,3060.597888414866,0,0,10,,,10;38;64;72;93;130;184;187;194;197,0,0,10,0,0,0,0.0,0.0,0.3333333333333333,0.0,0.0,0.0,0,10,0.7255734010032029,13,13,306,59,10,,method1_proportional_scores_gamma1,unrestricted_maximum_cardinality_then_maximum_testing_evalue_sum,200,0,9,exact_fixed_count_order_statistics,300.0,1,False
397,9fd570793127427a15f806be8d34c8f4e01ee276d84f58c7001aa3df12635352,proven_maximal,maximize_sum_testing_e_values_at_maximum_cardinality,proven_optimal,28344.841720771223,0.6236048574490812,45453.20868204694,0,0,3,,,10;106;155,0,0,3,0,0,0,0.0,0.0,0.1,0.0,0.0,0.0,0,3,0.14244584800326265,3,3,245,47,3,,method1_proportional_scores_gamma1,unrestricted_maximum_cardinality_then_maximum_testing_evalue_sum,200,0,3,exact_fixed_count_order_statistics,300.0,1,False
398,a4504e0a520f1d58d54d33af3699fa6820be0b1210df72519598022b0bb5ecc9,proven_maximal,maximize_sum_testing_e_values_at_maximum_cardinality,proven_optimal,5347.9025872538405,0.3261763292014123,16395.740918255095,0,0,1,,,188,0,0,1,0,0,0,0.0,0.0,0.03333333333333333,0.0,0.0,0.0,0,1,0.4066720629998599,5,4,260,60,1,,method1_proportional_scores_gamma1,unrestricted_maximum_cardinality_then_maximum_testing_evalue_sum,200,0,12,exact_fixed_count_order_statistics,300.0,1,False
399,1bf121ad76c974691a9896e4b1e1969ffff4f5d35bd39500457ad4a8a388bbec,proven_maximal,maximize_sum_testing_e_values_at_maximum_cardinality,proven_optimal,99824.5368179372,2.394415727590661,41690.56177992278,0,0,12,,,41;44;83;86;95;111;121;131;143;174;175;186,0,0,12,0,0,0,0.0,0.0,0.4,0.0,0.0,0.0,0,12,0.9044705259948387,15,14,276,50,12,,method1_proportional_scores_gamma1,unrestricted_maximum_cardinality_then_maximum_testing_evalue_sum,200,0,7,exact_fixed_count_order_statistics,300.0,1,False
400,1e2ef3854d4fba5badbc3fde27ca6ed1f28dbe7269428d4927e80735214d6351,proven_maximal,maximize_sum_testing_e_values_at_maximum_cardinality,proven_optimal,2038.681891741624,0.19181217010130241,10628.532541313349,0,0,3,,,60;121;146,0,0,3,0,0,0,0.0,0.0,0.1,0.0,0.0,0.0,0,3,0.4473831740033347,6,4,245,44,3,,method1_proportional_scores_gamma1,unrestricted_maximum_cardinality_then_maximum_testing_evalue_sum,200,0,2,exact_fixed_count_order_statistics,300.0,1,False
401,71943ad99ec0c737bc3235c6907de3f16b10bdbb976c84b1d4716fc28f11d912,proven_maximal,maximize_sum_testing_e_values_at_maximum_cardinality,proven_optimal,2975.340874527058,0.2988330946656199,9956.530677622315,0,0,3,,,39;94;142,0,0,3,0,0,0,0.0,0.0,0.1,0.0,0.0,0.0,0,3,0.14221271200221963,3,3,251,54,3,,method1_proportional_scores_gamma1,unrestricted_maximum_cardinality_then_maximum_testing_evalue_sum,200,0,9,exact_fixed_count_order_statistics,300.0,1,False
402,db4f545cda2169f506b28b77cabe6b4b716ab06397c9e8213e8c93762894e4b0,proven_maximal,maximize_sum_testing_e_values_at_maximum_cardinality,proven_optimal,42697.70991055154,1.612428601852901,26480.372440358617,0,0,7,,,5;44;75;80;86;99;176,0,0,7,0,0,0,0.0,0.0,0.23333333333333334,0.0,0.0,0.0,0,7,0.3612348629976623,5,4,261,63,7,,method1_proportional_scores_gamma1,unrestricted_maximum_cardinality_then_maximum_testing_evalue_sum,200,0,13,exact_fixed_count_order_statistics,300.0,1,False
403,339520baf093d125549f64ba67425fe72a558f368f4316ccfba4cd96ff08e7ce,proven_maximal,maximize_sum_testing_e_values_at_maximum_cardinality,proven_optimal,0.0,0.0,21813.817240062952,0,0,0,,,,0,0,0,0,0,0,0.0,0.0,0.0,0.0,0.0,0.0,0,0,0.26021587300056126,3,3,261,61,0,,method1_proportional_scores_gamma1,unrestricted_maximum_cardinality_then_maximum_testing_evalue_sum,200,0,3,exact_fixed_count_order_statistics,300.0,1,False
404,d4bb4349012ec04ff1d76da9618db19f69ceb6cb04842b0e678887563f0c761f,proven_maximal,maximize_sum_testing_e_values_at_maximum_cardinality,proven_optimal,32307.57037723569,2.840173469849937,11375.210253950683,0,0,5,,,75;80;167;176;189,0,0,5,0,0,0,0.0,0.0,0.16666666666666666,0.0,0.0,0.0,0,5,0.5724162459955551,9,6,248,45,5,,method1_proportional_scores_gamma1,unrestricted_maximum_cardinality_then_maximum_testing_evalue_sum,200,0,7,exact_fixed_count_order_statistics,300.0,1,False
405,546bf2f45b4f46ea9e61f541a6064934f6cef5438a5b589937601996bd410d91,proven_maximal,maximize_sum_testing_e_values_at_maximum_cardinality,proven_optimal,30813.473531846852,1.213866396561247,25384.56754313169,0,0,4,,,54;93;95;187,0,0,4,0,0,0,0.0,0.0,0.13333333333333333,0.0,0.0,0.0,0,4,0.6587912539980607,9,6,252,49,4,,method1_proportional_scores_gamma1,unrestricted_maximum_cardinality_then_maximum_testing_evalue_sum,200,0,8,exact_fixed_count_order_statistics,300.0,1,False
406,a71e016d6438abd5eb8f3589e5ebb3700b7c0f4204262b6de167bf408b1f7f47,proven_maximal,maximize_sum_testing_e_values_at_maximum_cardinality,proven_optimal,15318.405093133182,2.4496223676048356,6253.374110112752,0,0,10,,,21;31;37;93;95;104;123;144;159;190,0,0,10,0,0,0,0.0,0.0,0.3333333333333333,0.0,0.0,0.0,0,10,0.6662361100025009,10,10,291,54,10,,method1_proportional_scores_gamma1,unrestricted_maximum_cardinality_then_maximum_testing_evalue_sum,200,0,6,exact_fixed_count_order_statistics,300.0,1,False
407,659b4f733e7b950f6d1156eb3ac04eda33a960fb90fe830520d55a6f0ddf3cfb,proven_maximal,maximize_sum_testing_e_values_at_maximum_cardinality,proven_optimal,846.5631361140175,0.14757376165191352,5736.542367950411,0,0,1,,,137,0,0,1,0,0,0,0.0,0.0,0.03333333333333333,0.0,0.0,0.0,0,1,0.781141936997301,11,7,259,52,1,,method1_proportional_scores_gamma1,unrestricted_maximum_cardinality_then_maximum_testing_evalue_sum,200,0,7,exact_fixed_count_order_statistics,300.0,1,False
408,0684daba0d2757ed4d9ac9eaf6638f933d3e9ac97ce6d2ed1c7afae3eb6c45e5,proven_maximal,maximize_sum_testing_e_values_at_maximum_cardinality,proven_optimal,0.0,0.0,4671.556057243788,0,0,0,,,,0,0,0,0,0,0,0.0,0.0,0.0,0.0,0.0,0.0,0,0,0.1419339990025037,3,3,253,53,0,,method1_proportional_scores_gamma1,unrestricted_maximum_cardinality_then_maximum_testing_evalue_sum,200,0,6,exact_fixed_count_order_statistics,300.0,1,False
409,7e51cdedbfbf8d5916afe336d085181a4fac71e29cb3b60755b3510e00d5cddb,proven_maximal,maximize_sum_testing_e_values_at_maximum_cardinality,proven_optimal,69177.67948765306,2.001561669835152,34561.85264246718,0,0,7,,,19;28;31;42;60;77;103,0,0,7,0,0,0,0.0,0.0,0.23333333333333334,0.0,0.0,0.0,0,7,0.5497558970018872,8,6,272,64,7,,method1_proportional_scores_gamma1,unrestricted_maximum_cardinality_then_maximum_testing_evalue_sum,200,0,9,exact_fixed_count_order_statistics,300.0,1,False
410,2e3bddb897d887a3b6ec0a1a894d68ebdebfb27fb1cd33264f5d567241ec8e8e,proven_maximal,maximize_sum_testing_e_values_at_maximum_cardinality,proven_optimal,1975.9691736115242,1.8570883475361994,1064.0146314164558,0,0,4,,,99;134;177;197,0,0,3,0,0,1,0.0,0.0,0.1,0.0,0.0,0.25,0,4,0.4830752250054502,8,6,246,44,4,,method1_proportional_scores_gamma1,unrestricted_maximum_cardinality_then_maximum_testing_evalue_sum,200,0,0,exact_fixed_count_order_statistics,300.0,1,False
411,93a3743ed714ed22f7afe038eacfeca1129fcaf933338fc0b8bfb4e6680f5f49,proven_maximal,maximize_sum_testing_e_values_at_maximum_cardinality,proven_optimal,11054.72611716572,0.5834881009549807,18945.932400459784,0,0,5,,,29;42;81;140;158,0,0,5,0,0,0,0.0,0.0,0.16666666666666666,0.0,0.0,0.0,0,5,0.6713225790008437,12,9,253,40,5,,method1_proportional_scores_gamma1,unrestricted_maximum_cardinality_then_maximum_testing_evalue_sum,200,0,5,exact_fixed_count_order_statistics,300.0,1,False
412,29d63aed5ce4bc0554e961a89e82bb7ab30efe5609a2c51dd7e30eb0ca04521e,proven_maximal,maximize_sum_testing_e_values_at_maximum_cardinality,proven_optimal,19209.85038139144,1.3133849318118485,14626.214993110172,0,0,4,,,7;36;70;126,0,0,4,0,0,0,0.0,0.0,0.13333333333333333,0.0,0.0,0.0,0,4,0.15495017400098732,3,3,243,45,4,,method1_proportional_scores_gamma1,unrestricted_maximum_cardinality_then_maximum_testing_evalue_sum,200,0,9,exact_fixed_count_order_statistics,300.0,1,False
413,043b0a93338d181c1ebfe80157b4a5eb234b87a12ad4ca14d667be57309aa09a,proven_maximal,maximize_sum_testing_e_values_at_maximum_cardinality,proven_optimal,230881.4394455735,1.0954076609627859,210772.1606060752,0,0,4,,,17;100;132;177,0,0,4,0,0,0,0.0,0.0,0.13333333333333333,0.0,0.0,0.0,0,4,0.4318353249982465,6,4,239,40,4,,method1_proportional_scores_gamma1,unrestricted_maximum_cardinality_then_maximum_testing_evalue_sum,200,0,8,exact_fixed_count_order_statistics,300.0,1,False
414,e91b454397fc5752a2ecb770eaef586587e10b59a53e02d9528f84bc8f40ecf3,proven_maximal,maximize_sum_testing_e_values_at_maximum_cardinality,proven_optimal,68353.13028191516,2.759321505972779,24771.716573787857,0,0,16,,,9;26;29;56;62;64;66;84;109;126;138;141;153;157;167;191,0,0,16,0,0,0,0.0,0.0,0.5333333333333333,0.0,0.0,0.0,0,16,0.6741554099935456,11,11,301,54,16,,method1_proportional_scores_gamma1,unrestricted_maximum_cardinality_then_maximum_testing_evalue_sum,200,0,11,exact_fixed_count_order_statistics,300.0,1,False
415,817fbca29bbe62a19ed09f73aa023a1e7abfdf055449f3a5f45120869884595b,proven_maximal,maximize_sum_testing_e_values_at_maximum_cardinality,proven_optimal,13203.60055801848,1.0624797826271628,12427.154637587852,0,0,2,,,83;190,0,0,2,0,0,0,0.0,0.0,0.06666666666666667,0.0,0.0,0.0,0,2,0.3483280410000589,5,4,255,56,2,,method1_proportional_scores_gamma1,unrestricted_maximum_cardinality_then_maximum_testing_evalue_sum,200,0,6,exact_fixed_count_order_statistics,300.0,1,False
416,1b16df211c9328670b461d3fcf0777cae47e7be093b88b9465b4948debe76c62,proven_maximal,maximize_sum_testing_e_values_at_maximum_cardinality,proven_optimal,0.0,0.0,14327.015592061856,0,0,0,,,,0,0,0,0,0,0,0.0,0.0,0.0,0.0,0.0,0.0,0,0,1.0913417980045779,13,7,259,51,0,,method1_proportional_scores_gamma1,unrestricted_maximum_cardinality_then_maximum_testing_evalue_sum,200,0,5,exact_fixed_count_order_statistics,300.0,1,False
417,08dc5ad6ec65084cfc36d637a143e54f2b5601b15755eb1ca6d21514e706516e,proven_maximal,maximize_sum_testing_e_values_at_maximum_cardinality,proven_optimal,23623.025886501182,1.9526707706870428,12097.80278433188,0,0,8,,,26;44;52;76;133;169;178;192,0,0,7,0,0,1,0.0,0.0,0.23333333333333334,0.0,0.0,0.125,0,8,0.155083622004895,3,3,242,46,8,,method1_proportional_scores_gamma1,unrestricted_maximum_cardinality_then_maximum_testing_evalue_sum,200,0,3,exact_fixed_count_order_statistics,300.0,1,False
418,e22152d4df94acf191cb01817a0ef178b82265f73430acfcf988afe6e1f6669b,proven_maximal,maximize_sum_testing_e_values_at_maximum_cardinality,proven_optimal,857.4695115193094,0.47537551414478374,1803.7729878913208,0,0,2,,,61;198,0,0,2,0,0,0,0.0,0.0,0.06666666666666667,0.0,0.0,0.0,0,2,0.13874854300229345,3,3,255,56,2,,method1_proportional_scores_gamma1,unrestricted_maximum_cardinality_then_maximum_testing_evalue_sum,200,0,0,exact_fixed_count_order_statistics,300.0,1,False
419,1539a25a892f1b646414b8b7ba9687eef7a700b0435c2d832f6903fb35a780b6,proven_maximal,maximize_sum_testing_e_values_at_maximum_cardinality,proven_optimal,10937.742423822196,2.5677298615979303,4259.693586698214,0,0,11,,,17;47;51;57;64;84;102;126;137;145;155,0,0,11,0,0,0,0.0,0.0,0.36666666666666664,0.0,0.0,0.0,0,11,0.143787428001815,3,3,247,54,11,,method1_proportional_scores_gamma1,unrestricted_maximum_cardinality_then_maximum_testing_evalue_sum,200,0,11,exact_fixed_count_order_statistics,300.0,1,False
420,dd879cc369a9ca1c42d25c7fbfd65154d6aea196a35cf0793288c4cbd02c86f0,proven_maximal,maximize_sum_testing_e_values_at_maximum_cardinality,proven_optimal,107074.16666213152,1.165200805411354,91893.31672692316,0,0,17,,,7;8;34;40;51;56;64;103;111;124;127;139;145;147;153;160;189,0,0,17,0,0,0,0.0,0.0,0.5666666666666667,0.0,0.0,0.0,0,17,0.2046699249985977,4,4,252,59,17,,method1_proportional_scores_gamma1,unrestricted_maximum_cardinality_then_maximum_testing_evalue_sum,200,0,11,exact_fixed_count_order_statistics,300.0,1,False
421,cacc4a45114d652d04e6710d1b872811ddac96e6f57430992c48c8159f8a67ea,proven_maximal,maximize_sum_testing_e_values_at_maximum_cardinality,proven_optimal,15277.844320695558,0.47579201314383707,32110.34212143637,0,0,2,,,87;174,0,0,2,0,0,0,0.0,0.0,0.06666666666666667,0.0,0.0,0.0,0,2,0.19265731899940874,3,3,250,52,2,,method1_proportional_scores_gamma1,unrestricted_maximum_cardinality_then_maximum_testing_evalue_sum,200,0,4,exact_fixed_count_order_statistics,300.0,1,False
422,f2be5c05a0d9c8825bd27c1253b4894b338ef0c7bfaab8ea89283655c1d23c84,proven_maximal,maximize_sum_testing_e_values_at_maximum_cardinality,proven_optimal,25873.433660638137,3.3731739664405933,7670.352587222188,0,0,15,,,1;22;32;37;48;88;97;114;120;135;136;137;152;156;176,0,0,15,0,0,0,0.0,0.0,0.5,0.0,0.0,0.0,0,15,0.5774391960003413,12,12,277,57,15,,method1_proportional_scores_gamma1,unrestricted_maximum_cardinality_then_maximum_testing_evalue_sum,200,0,9,exact_fixed_count_order_statistics,300.0,1,False
423,8caeda5f79b051da100f1a32c5442e99499c3b453a6f2156c2b47a42ab688207,proven_maximal,maximize_sum_testing_e_values_at_maximum_cardinality,proven_optimal,98752.08280736158,1.2390394821016513,79700.51336851582,0,0,11,,,5;12;50;64;120;151;153;161;170;180;187,0,0,11,0,0,0,0.0,0.0,0.36666666666666664,0.0,0.0,0.0,0,11,0.2100755619976553,5,5,243,49,11,,method1_proportional_scores_gamma1,unrestricted_maximum_cardinality_then_maximum_testing_evalue_sum,200,0,12,exact_fixed_count_order_statistics,300.0,1,False
424,944886d4f5b6ddfbaa42d2adcdc920c927ae4b1bd594fbbfab3ff2c136c2f2c3,proven_maximal,maximize_sum_testing_e_values_at_maximum_cardinality,proven_optimal,13796.826381112494,1.8224902147067827,7570.315752467423,0,0,8,,,30;43;65;82;106;165;177;179,0,0,8,0,0,0,0.0,0.0,0.26666666666666666,0.0,0.0,0.0,0,8,0.6398566249990836,10,8,265,55,8,,method1_proportional_scores_gamma1,unrestricted_maximum_cardinality_then_maximum_testing_evalue_sum,200,0,7,exact_fixed_count_order_statistics,300.0,1,False
425,a9ff49ecca769dddc6fbe22718aa2dfdb1943c2f8148b13c20ff29e5237944ac,proven_maximal,maximize_sum_testing_e_values_at_maximum_cardinality,proven_optimal,8548.236205113059,1.9696470820141359,4339.983687012468,0,0,6,,,43;45;62;78;126;188,0,0,6,0,0,0,0.0,0.0,0.2,0.0,0.0,0.0,0,6,0.38999655099905794,5,4,248,52,6,,method1_proportional_scores_gamma1,unrestricted_maximum_cardinality_then_maximum_testing_evalue_sum,200,0,3,exact_fixed_count_order_statistics,300.0,1,False
426,05ca663db9dc479599e736f97172dda54618c29ad21243e48cb3715638f68425,proven_maximal,maximize_sum_testing_e_values_at_maximum_cardinality,proven_optimal,0.0,0.0,5919.093691974716,0,0,0,,,,0,0,0,0,0,0,0.0,0.0,0.0,0.0,0.0,0.0,0,0,0.18016496100608492,3,3,248,48,0,,method1_proportional_scores_gamma1,unrestricted_maximum_cardinality_then_maximum_testing_evalue_sum,200,0,6,exact_fixed_count_order_statistics,300.0,1,False
427,494455b1bce7b1968303801ce47bfada0870115b9c7204ffd5e63c4dd451cee4,proven_maximal,maximize_sum_testing_e_values_at_maximum_cardinality,proven_optimal,21990.44890987395,1.3457936256079246,16340.134543244238,0,0,4,,,22;51;132;164,0,0,4,0,0,0,0.0,0.0,0.13333333333333333,0.0,0.0,0.0,0,4,0.7721495189980487,13,9,270,54,4,,method1_proportional_scores_gamma1,unrestricted_maximum_cardinality_then_maximum_testing_evalue_sum,200,0,7,exact_fixed_count_order_statistics,300.0,1,False
428,5392a16e49dd0c1f51dd084ef4ccfcce6f61eb65377b19dd8f01a9b3205f17ae,proven_maximal,maximize_sum_testing_e_values_at_maximum_cardinality,proven_optimal,112696.48685308394,1.155436888032333,97535.82218151436,0,0,6,,,26;39;59;87;117;132,0,0,6,0,0,0,0.0,0.0,0.2,0.0,0.0,0.0,0,6,0.7112674680029158,8,5,256,57,6,,method1_proportional_scores_gamma1,unrestricted_maximum_cardinality_then_maximum_testing_evalue_sum,200,0,5,exact_fixed_count_order_statistics,300.0,1,False
429,c019b850529ec596d33419ac2fd100c3992061c028f8c241d1492357bfcfefad,proven_maximal,maximize_sum_testing_e_values_at_maximum_cardinality,proven_optimal,28567.59113524816,1.9227524004705954,14857.654645629991,0,0,12,,,7;12;19;53;65;67;88;120;144;147;153;186,0,0,12,0,0,0,0.0,0.0,0.4,0.0,0.0,0.0,0,12,0.3034568910006783,6,6,252,56,12,,method1_proportional_scores_gamma1,unrestricted_maximum_cardinality_then_maximum_testing_evalue_sum,200,0,7,exact_fixed_count_order_statistics,300.0,1,False
430,250afa782a88364032f8cc5f806f0b7ff3ed3f5f25cb03d9f8525c5637e6a1aa,proven_maximal,maximize_sum_testing_e_values_at_maximum_cardinality,proven_optimal,5716.347626335707,1.9195307226914688,2977.992255482389,0,0,5,,,1;70;134;180;188,0,0,5,0,0,0,0.0,0.0,0.16666666666666666,0.0,0.0,0.0,0,5,0.3660612069943454,5,4,245,46,5,,method1_proportional_scores_gamma1,unrestricted_maximum_cardinality_then_maximum_testing_evalue_sum,200,0,0,exact_fixed_count_order_statistics,300.0,1,False
431,0bc035e13cbad26bfe691285645b0715bc0d1bfe50a1cd41368c305592aab046,proven_maximal,maximize_sum_testing_e_values_at_maximum_cardinality,proven_optimal,10769.327310507051,1.0186289876889474,10572.374672882976,0,0,2,,,45;179,0,0,2,0,0,0,0.0,0.0,0.06666666666666667,0.0,0.0,0.0,0,2,0.45615515900135506,5,4,261,61,2,,method1_proportional_scores_gamma1,unrestricted_maximum_cardinality_then_maximum_testing_evalue_sum,200,0,3,exact_fixed_count_order_statistics,300.0,1,False
432,f0344952d4f2296de3e951d8afea99f057c2776513568b2cc73be03da487525a,proven_maximal,maximize_sum_testing_e_values_at_maximum_cardinality,proven_optimal,68909.47753041182,1.3287513992929991,51860.32358428907,0,0,8,,,8;18;33;40;44;64;71;188,0,0,8,0,0,0,0.0,0.0,0.26666666666666666,0.0,0.0,0.0,0,8,0.360363371000858,5,4,244,49,8,,method1_proportional_scores_gamma1,unrestricted_maximum_cardinality_then_maximum_testing_evalue_sum,200,0,12,exact_fixed_count_order_statistics,300.0,1,False
433,1d0c36137119c75631aea7be4c78d9f0a6c82d868d1c03dba509424037b828e6,proven_maximal,maximize_sum_testing_e_values_at_maximum_cardinality,proven_optimal,47114.83122168738,1.0109953775482863,46602.42001891559,0,0,4,,,7;59;103;121,0,0,4,0,0,0,0.0,0.0,0.13333333333333333,0.0,0.0,0.0,0,4,0.49345726399769774,5,4,252,52,4,,method1_proportional_scores_gamma1,unrestricted_maximum_cardinality_then_maximum_testing_evalue_sum,200,0,2,exact_fixed_count_order_statistics,300.0,1,False
434,1b82c34fca45d68ce6c84b928c9b5011893ff9ab0758988ce3d4470a4147a679,proven_maximal,maximize_sum_testing_e_values_at_maximum_cardinality,proven_optimal,47679.93848100064,0.5990603825723185,79591.20627584602,0,0,12,,,8;36;44;48;63;85;94;110;128;135;190;199,0,0,12,0,0,0,0.0,0.0,0.4,0.0,0.0,0.0,0,12,0.5950211620001937,12,12,318,65,12,,method1_proportional_scores_gamma1,unrestricted_maximum_cardinality_then_maximum_testing_evalue_sum,200,0,8,exact_fixed_count_order_statistics,300.0,1,False
435,eb912aa3d2fa42390a45f9e15dd4a0aecc04da75eadf9a17d30d8d717b85fc16,proven_maximal,maximize_sum_testing_e_values_at_maximum_cardinality,proven_optimal,0.0,0.0,15800.296952010562,0,0,0,,,,0,0,0,0,0,0,0.0,0.0,0.0,0.0,0.0,0.0,0,0,0.5415258860011818,6,3,257,55,0,,method1_proportional_scores_gamma1,unrestricted_maximum_cardinality_then_maximum_testing_evalue_sum,200,0,3,exact_fixed_count_order_statistics,300.0,1,False
436,2a9b4555fd3005998f82aaca1815cb187a2d4d09b6b3a10e95727979f5d423ea,proven_maximal,maximize_sum_testing_e_values_at_maximum_cardinality,proven_optimal,0.0,0.0,101913.32374347372,0,0,0,,,,0,0,0,0,0,0,0.0,0.0,0.0,0.0,0.0,0.0,0,0,0.6663308150018565,7,3,260,58,0,,method1_proportional_scores_gamma1,unrestricted_maximum_cardinality_then_maximum_testing_evalue_sum,200,0,8,exact_fixed_count_order_statistics,300.0,1,False
437,70f7c3592144f34fdfef51c5ebf6cc96d2c29c666dcd3efdc631d3340127f0cb,proven_maximal,maximize_sum_testing_e_values_at_maximum_cardinality,proven_optimal,132951.9630929607,1.1279515105854143,117870.28240598548,0,0,6,,,13;66;121;130;147;175,0,0,6,0,0,0,0.0,0.0,0.2,0.0,0.0,0.0,0,6,0.6084850460028974,11,9,259,46,6,,method1_proportional_scores_gamma1,unrestricted_maximum_cardinality_then_maximum_testing_evalue_sum,200,0,3,exact_fixed_count_order_statistics,300.0,1,False
438,b6f781ebfa0c4c0ff5c3b0a354464653055a679e67fad68f0f94a02b5c421e5d,proven_maximal,maximize_sum_testing_e_values_at_maximum_cardinality,proven_optimal,100668.31918680594,1.0,100668.31918680594,0,0,1,,,43,0,0,1,0,0,0,0.0,0.0,0.03333333333333333,0.0,0.0,0.0,0,1,0.5267980689968681,6,4,265,64,1,,method1_proportional_scores_gamma1,unrestricted_maximum_cardinality_then_maximum_testing_evalue_sum,200,0,14,exact_fixed_count_order_statistics,300.0,1,False
439,b7d4a8e24a0913e282f1b73348d7d65586e86ab42533cbf0238f8e487d913680,proven_maximal,maximize_sum_testing_e_values_at_maximum_cardinality,proven_optimal,22145.567479690144,1.3629130405617702,16248.701729761207,0,0,4,,,34;76;117;120,0,0,4,0,0,0,0.0,0.0,0.13333333333333333,0.0,0.0,0.0,0,4,0.7238606409955537,16,12,273,49,4,,method1_proportional_scores_gamma1,unrestricted_maximum_cardinality_then_maximum_testing_evalue_sum,200,0,8,exact_fixed_count_order_statistics,300.0,1,False
440,9a5239b94a454742a06cea9819b77e5c3a427641179b3f971650ec2538945cf4,proven_maximal,maximize_sum_testing_e_values_at_maximum_cardinality,proven_optimal,0.0,0.0,12428.180378620516,0,0,0,,,,0,0,0,0,0,0,0.0,0.0,0.0,0.0,0.0,0.0,0,0,0.14690381900436478,3,3,256,56,0,,method1_proportional_scores_gamma1,unrestricted_maximum_cardinality_then_maximum_testing_evalue_sum,200,0,7,exact_fixed_count_order_statistics,300.0,1,False
441,6565781e73decb3978fa3a309e20be6177f9a926c8875b101d98ddbdc74e7087,proven_maximal,maximize_sum_testing_e_values_at_maximum_cardinality,proven_optimal,11384.591830405487,1.814775823315401,6273.277219225379,0,0,13,,,36;52;90;92;111;120;129;132;148;150;151;189;193,0,0,13,0,0,0,0.0,0.0,0.43333333333333335,0.0,0.0,0.0,0,13,1.0921539929986466,18,17,313,52,13,,method1_proportional_scores_gamma1,unrestricted_maximum_cardinality_then_maximum_testing_evalue_sum,200,0,1,exact_fixed_count_order_statistics,300.0,1,False
442,24ca5ce098abc04a46d86d09289b4667bf0afa27b02e4acc3dac6a1b2ebb52c1,proven_maximal,maximize_sum_testing_e_values_at_maximum_cardinality,proven_optimal,36155.09360834611,2.1129010502826793,17111.588639472266,0,0,9,,,5;18;44;69;73;85;150;193;195,0,0,9,0,0,0,0.0,0.0,0.3,0.0,0.0,0.0,0,9,0.43174864599859575,5,4,245,46,9,,method1_proportional_scores_gamma1,unrestricted_maximum_cardinality_then_maximum_testing_evalue_sum,200,0,7,exact_fixed_count_order_statistics,300.0,1,False
443,15e52485cde44505305b26ffe3a31bd949ad924d8602539bd0e181e1c9e55289,proven_maximal,maximize_sum_testing_e_values_at_maximum_cardinality,proven_optimal,29405.5505090457,1.8206075925653469,16151.503832636165,0,0,9,,,41;44;72;84;88;103;139;174;178,0,0,9,0,0,0,0.0,0.0,0.3,0.0,0.0,0.0,0,9,0.6110051489959005,6,5,257,58,9,,method1_proportional_scores_gamma1,unrestricted_maximum_cardinality_then_maximum_testing_evalue_sum,200,0,4,exact_fixed_count_order_statistics,300.0,1,False
444,8ba6d073be6934f670a28c22a986a5ca6cef4be18254a44e1eee37341043089c,proven_maximal,maximize_sum_testing_e_values_at_maximum_cardinality,proven_optimal,20215.760104629455,1.5349125940780635,13170.626251048476,0,0,9,,,7;35;56;57;92;104;142;164;187,0,0,9,0,0,0,0.0,0.0,0.3,0.0,0.0,0.0,0,9,0.7952581630015629,12,11,284,50,9,,method1_proportional_scores_gamma1,unrestricted_maximum_cardinality_then_maximum_testing_evalue_sum,200,0,4,exact_fixed_count_order_statistics,300.0,1,False
445,78d3cd15e8c2a1ef42d7616d4f52c099de9efe11950e31006f5f1e273e966dc6,proven_maximal,maximize_sum_testing_e_values_at_maximum_cardinality,proven_optimal,23573.423017402027,0.20816692077954327,113242.88666577906,0,0,9,,,24;34;72;107;112;121;123;140;176,0,0,9,0,0,0,0.0,0.0,0.3,0.0,0.0,0.0,0,9,0.5917381239996757,9,8,248,37,9,,method1_proportional_scores_gamma1,unrestricted_maximum_cardinality_then_maximum_testing_evalue_sum,200,0,9,exact_fixed_count_order_statistics,300.0,1,False
446,6f6dacff73f03e0a1e40f60f68257bf96a44158fc6716c5c679430e4375a1380,proven_maximal,maximize_sum_testing_e_values_at_maximum_cardinality,proven_optimal,29812.87647547427,2.3791794997798235,12530.738634152338,0,0,6,,,74;87;97;103;167;171,0,0,6,0,0,0,0.0,0.0,0.2,0.0,0.0,0.0,0,6,0.5792852680024225,8,6,259,58,6,,method1_proportional_scores_gamma1,unrestricted_maximum_cardinality_then_maximum_testing_evalue_sum,200,0,4,exact_fixed_count_order_statistics,300.0,1,False
447,cd0a2055e8a5d4b3c32b3b5b7b50cdfdfa0959434eade183d8e8936e0c7dcec0,proven_maximal,maximize_sum_testing_e_values_at_maximum_cardinality,proven_optimal,10553.26933575822,1.5249855418372493,6920.242222784624,0,0,4,,,1;113;177;192,0,0,4,0,0,0,0.0,0.0,0.13333333333333333,0.0,0.0,0.0,0,4,0.48848261999955866,5,4,245,45,4,,method1_proportional_scores_gamma1,unrestricted_maximum_cardinality_then_maximum_testing_evalue_sum,200,0,8,exact_fixed_count_order_statistics,300.0,1,False
448,d1dc6e4edef1b702720c0202a2804d1c6e8858f402030db7f94e5f9d89aa19e4,proven_maximal,maximize_sum_testing_e_values_at_maximum_cardinality,proven_optimal,12132.41059554566,1.4955316589074148,8112.439829197057,0,0,6,,,33;44;157;166;172;193,0,0,5,0,0,1,0.0,0.0,0.16666666666666666,0.0,0.0,0.16666666666666666,0,6,0.5922935669950675,8,6,252,50,6,,method1_proportional_scores_gamma1,unrestricted_maximum_cardinality_then_maximum_testing_evalue_sum,200,0,5,exact_fixed_count_order_statistics,300.0,1,False
449,2790cea54aa905f18d0c675de487aa9fdb06ea793478fefdc173d80eba13646a,proven_maximal,maximize_sum_testing_e_values_at_maximum_cardinality,proven_optimal,4658.50310539157,1.107353215069013,4206.880913874657,0,0,5,,,15;67;77;80;188,0,0,5,0,0,0,0.0,0.0,0.16666666666666666,0.0,0.0,0.0,0,5,0.45609174000128405,6,5,258,57,5,,method1_proportional_scores_gamma1,unrestricted_maximum_cardinality_then_maximum_testing_evalue_sum,200,0,5,exact_fixed_count_order_statistics,300.0,1,False
450,18b8fd12757e3db0de987535596f972593dcfebdcbf290cf357e4a3528e00c07,proven_maximal,maximize_sum_testing_e_values_at_maximum_cardinality,proven_optimal,109349.6274494637,1.2567438090975724,87010.27739932467,0,0,11,,,17;24;51;68;79;91;98;111;137;146;147,0,0,11,0,0,0,0.0,0.0,0.36666666666666664,0.0,0.0,0.0,0,11,0.32561663199885515,10,10,251,44,11,,method1_proportional_scores_gamma1,unrestricted_maximum_cardinality_then_maximum_testing_evalue_sum,200,0,7,exact_fixed_count_order_statistics,300.0,1,False
451,e8f2e4475466854fec7015f9d367b0ad10e999a3346c7354d36e1f3871015cc6,proven_maximal,maximize_sum_testing_e_values_at_maximum_cardinality,proven_optimal,9383.785782844305,2.1060055946154663,4455.726901598133,0,0,11,,,4;17;61;101;121;141;163;171;180;185;199,0,0,11,0,0,0,0.0,0.0,0.36666666666666664,0.0,0.0,0.0,0,11,0.27551759800553555,6,6,259,61,11,,method1_proportional_scores_gamma1,unrestricted_maximum_cardinality_then_maximum_testing_evalue_sum,200,0,2,exact_fixed_count_order_statistics,300.0,1,False
452,674459dcb56afdf7214d459c4b1b0788ebc9387491941e86f133048ae415651a,proven_maximal,maximize_sum_testing_e_values_at_maximum_cardinality,proven_optimal,35521.03834906012,0.8588817109423182,41357.31136955795,0,0,9,,,13;19;40;87;104;115;125;128;186,0,0,9,0,0,0,0.0,0.0,0.3,0.0,0.0,0.0,0,9,0.508443755999906,9,8,264,55,9,,method1_proportional_scores_gamma1,unrestricted_maximum_cardinality_then_maximum_testing_evalue_sum,200,0,18,exact_fixed_count_order_statistics,300.0,1,False
453,83c0554422f9ce324f85b94e0f800dc2919397f6249d4295c77fd0baf2f8815e,proven_maximal,maximize_sum_testing_e_values_at_maximum_cardinality,proven_optimal,8402.19484547105,1.3957209858042403,6019.967408191938,0,0,2,,,24;154,0,0,2,0,0,0,0.0,0.0,0.06666666666666667,0.0,0.0,0.0,0,2,0.4505073629989056,5,4,255,56,2,,method1_proportional_scores_gamma1,unrestricted_maximum_cardinality_then_maximum_testing_evalue_sum,200,0,5,exact_fixed_count_order_statistics,300.0,1,False
454,a6f4fea70f4473726352889ee3575fe68b51d40b06c1989ff49f60432d932806,proven_maximal,maximize_sum_testing_e_values_at_maximum_cardinality,proven_optimal,5985.086000118731,1.1304636190777553,5294.364099042329,0,0,2,,,28;80,0,0,2,0,0,0,0.0,0.0,0.06666666666666667,0.0,0.0,0.0,0,2,0.48692529999971157,5,4,253,54,2,,method1_proportional_scores_gamma1,unrestricted_maximum_cardinality_then_maximum_testing_evalue_sum,200,0,6,exact_fixed_count_order_statistics,300.0,1,False
455,ef136be287b06c28b03485edb1862723425bd90af67d40cf58b3b636b59ba3d7,proven_maximal,maximize_sum_testing_e_values_at_maximum_cardinality,proven_optimal,20167.81915726229,1.0,20167.81915726229,0,0,1,,,103,0,0,1,0,0,0,0.0,0.0,0.03333333333333333,0.0,0.0,0.0,0,1,0.42199636599980295,5,4,256,56,1,,method1_proportional_scores_gamma1,unrestricted_maximum_cardinality_then_maximum_testing_evalue_sum,200,0,6,exact_fixed_count_order_statistics,300.0,1,False
456,4927d5dd1762f2d568c156428973d3264cb541e558dd4ca07fb34f0b29e19d78,proven_maximal,maximize_sum_testing_e_values_at_maximum_cardinality,proven_optimal,146097.19523413506,1.5403694689541907,94845.5537315508,0,0,16,,,3;18;25;45;61;64;66;89;105;111;160;162;174;181;185;199,0,0,16,0,0,0,0.0,0.0,0.5333333333333333,0.0,0.0,0.0,0,16,0.36327112399885664,8,8,274,50,16,,method1_proportional_scores_gamma1,unrestricted_maximum_cardinality_then_maximum_testing_evalue_sum,200,0,9,exact_fixed_count_order_statistics,300.0,1,False
457,09b409796d99e9265903df4eba5fc697853714a0baa48987ce7465cc5fb154ab,proven_maximal,maximize_sum_testing_e_values_at_maximum_cardinality,proven_optimal,27802.243295970362,1.6721118424116244,16627.0237377616,0,0,17,,,3;18;20;27;34;46;61;64;80;81;82;91;103;106;115;139;156,0,0,17,0,0,0,0.0,0.0,0.5666666666666667,0.0,0.0,0.0,0,17,0.3097771139946417,7,7,264,55,17,,method1_proportional_scores_gamma1,unrestricted_maximum_cardinality_then_maximum_testing_evalue_sum,200,0,2,exact_fixed_count_order_statistics,300.0,1,False
458,007cdd846f40e2a4c9c9a8c7c2d972d156e00e169df78186ccc186b1580f1db0,proven_maximal,maximize_sum_testing_e_values_at_maximum_cardinality,proven_optimal,0.0,0.0,1396.5451977788864,0,0,0,,,,0,0,0,0,0,0,0.0,0.0,0.0,0.0,0.0,0.0,0,0,0.14708706099918345,3,3,240,40,0,,method1_proportional_scores_gamma1,unrestricted_maximum_cardinality_then_maximum_testing_evalue_sum,200,0,0,exact_fixed_count_order_statistics,300.0,1,False
459,899506b1547aff861f9b5b445431f7458ecdc34e425f79851725b12320644cbd,proven_maximal,maximize_sum_testing_e_values_at_maximum_cardinality,proven_optimal,54740.40579544214,1.5516497530767124,35278.84156002299,0,0,6,,,56;77;125;127;166;199,0,0,6,0,0,0,0.0,0.0,0.2,0.0,0.0,0.0,0,6,0.46464481500152033,5,4,253,55,6,,method1_proportional_scores_gamma1,unrestricted_maximum_cardinality_then_maximum_testing_evalue_sum,200,0,4,exact_fixed_count_order_statistics,300.0,1,False
460,77c56381ed01922b52c968a40a344476117f7e2b5ed1cca22468e9a4d654641e,proven_maximal,maximize_sum_testing_e_values_at_maximum_cardinality,proven_optimal,42003.321357933906,1.8291786718911835,22962.940692123186,0,0,5,,,18;103;136;177;180,0,0,5,0,0,0,0.0,0.0,0.16666666666666666,0.0,0.0,0.0,0,5,0.45394441499956883,8,6,242,37,5,,method1_proportional_scores_gamma1,unrestricted_maximum_cardinality_then_maximum_testing_evalue_sum,200,0,2,exact_fixed_count_order_statistics,300.0,1,False
461,2c89d10ebc89a5b6090d4c187f2d1a29021b5381ac1594976e45733b1ffbcc4b,proven_maximal,maximize_sum_testing_e_values_at_maximum_cardinality,proven_optimal,289339.5911119679,1.5842892631555845,182630.53208835225,0,0,10,,,8;36;61;65;67;72;93;102;116;172,0,0,10,0,0,0,0.0,0.0,0.3333333333333333,0.0,0.0,0.0,0,10,0.21198936099972343,6,6,258,54,10,,method1_proportional_scores_gamma1,unrestricted_maximum_cardinality_then_maximum_testing_evalue_sum,200,0,10,exact_fixed_count_order_statistics,300.0,1,False
462,9b09bc975bce0fdd2a90f76021e3cc3beb1fd5ecb85dfcff338fd93e0a0403c7,proven_maximal,maximize_sum_testing_e_values_at_maximum_cardinality,proven_optimal,14651.252611359383,1.2171374086842162,12037.468002234924,0,0,8,,,8;11;33;96;97;101;163;177,0,0,8,0,0,0,0.0,0.0,0.26666666666666666,0.0,0.0,0.0,0,8,0.25542464700265555,6,6,244,43,8,,method1_proportional_scores_gamma1,unrestricted_maximum_cardinality_then_maximum_testing_evalue_sum,200,0,1,exact_fixed_count_order_statistics,300.0,1,False
463,a1dc0c8e435c0f5c162eabf11a554c72be84290945800d80a31d9a01c9320641,proven_maximal,maximize_sum_testing_e_values_at_maximum_cardinality,proven_optimal,228957.19278767385,1.089193013347849,210208.09900710703,0,0,5,,,2;52;58;130;189,0,0,5,0,0,0,0.0,0.0,0.16666666666666666,0.0,0.0,0.0,0,5,0.4137569770027767,6,5,250,50,5,,method1_proportional_scores_gamma1,unrestricted_maximum_cardinality_then_maximum_testing_evalue_sum,200,0,11,exact_fixed_count_order_statistics,300.0,1,False
464,86f40f755b2455fefc37b436fd59ed93e1839b4f05f7129915c87b7959e42a9d,proven_maximal,maximize_sum_testing_e_values_at_maximum_cardinality,proven_optimal,30391.375884514335,1.1711315143619538,25950.43811204407,0,0,10,,,4;9;13;43;69;92;122;132;165;199,0,0,10,0,0,0,0.0,0.0,0.3333333333333333,0.0,0.0,0.0,0,10,0.2547167980010272,5,5,248,51,10,,method1_proportional_scores_gamma1,unrestricted_maximum_cardinality_then_maximum_testing_evalue_sum,200,0,6,exact_fixed_count_order_statistics,300.0,1,False
465,6fcd0782d99b002193483f3cf10577b75e3947432ca47328bfe48983f0221821,proven_maximal,maximize_sum_testing_e_values_at_maximum_cardinality,proven_optimal,21439.409373075334,0.5727353467205868,37433.36166666645,0,0,7,,,6;26;53;67;133;140;193,0,0,6,0,0,1,0.0,0.0,0.2,0.0,0.0,0.14285714285714285,0,7,0.47640772099839523,6,4,255,56,7,,method1_proportional_scores_gamma1,unrestricted_maximum_cardinality_then_maximum_testing_evalue_sum,200,0,5,exact_fixed_count_order_statistics,300.0,1,False
466,fd033add4a0d3de9ff71dc4e5c311cefc5dc33c7e10b4c9ebf2fefc184f3693a,proven_maximal,maximize_sum_testing_e_values_at_maximum_cardinality,proven_optimal,3904.378143143159,1.2501620081358082,3123.0977407201904,0,0,3,,,8;41;135,0,0,3,0,0,0,0.0,0.0,0.1,0.0,0.0,0.0,0,3,1.135934609999822,18,11,281,53,3,,method1_proportional_scores_gamma1,unrestricted_maximum_cardinality_then_maximum_testing_evalue_sum,200,0,0,exact_fixed_count_order_statistics,300.0,1,False
467,2bd40867ebd950704c20f95f9d7fedf38138c8c749e4fc0501989768a438ee3b,proven_maximal,maximize_sum_testing_e_values_at_maximum_cardinality,proven_optimal,129247.8334099819,1.1302304560983594,114355.29162446671,0,0,12,,,1;11;53;65;73;110;123;152;158;160;173;197,0,0,12,0,0,0,0.0,0.0,0.4,0.0,0.0,0.0,0,12,0.582558121997863,7,7,279,60,12,,method1_proportional_scores_gamma1,unrestricted_maximum_cardinality_then_maximum_testing_evalue_sum,200,0,7,exact_fixed_count_order_statistics,300.0,1,False
468,e31f94f6a4f9db68c837bbe20e666c64d26fb317865a67b405053f6c691e7c69,proven_maximal,maximize_sum_testing_e_values_at_maximum_cardinality,proven_optimal,36943.13086180199,2.0355955787208213,18148.56116214265,0,0,5,,,0;82;86;100;128,0,0,5,0,0,0,0.0,0.0,0.16666666666666666,0.0,0.0,0.0,0,5,0.3402937089995248,5,4,240,44,5,,method1_proportional_scores_gamma1,unrestricted_maximum_cardinality_then_maximum_testing_evalue_sum,200,0,3,exact_fixed_count_order_statistics,300.0,1,False
469,48f5f942b87e0e5adccd595319aab0289446c1f579f9fb4d08983ed3b9e1e64a,proven_maximal,maximize_sum_testing_e_values_at_maximum_cardinality,proven_optimal,14119.301545908627,1.1322876922221412,12469.712108412275,0,0,6,,,20;136;165;166;177;181,0,0,6,0,0,0,0.0,0.0,0.2,0.0,0.0,0.0,0,6,0.1608735589979915,3,3,249,52,6,,method1_proportional_scores_gamma1,unrestricted_maximum_cardinality_then_maximum_testing_evalue_sum,200,0,7,exact_fixed_count_order_statistics,300.0,1,False
470,57b3d26960c56e0c0760861888aeb70eed24e1e78587e202ebc51e27a8780826,proven_maximal,maximize_sum_testing_e_values_at_maximum_cardinality,proven_optimal,1614309.0482035063,1.0043640640304443,1607294.711168174,0,0,12,,,21;42;47;51;55;97;117;127;141;151;184;186,0,0,12,0,0,0,0.0,0.0,0.4,0.0,0.0,0.0,0,12,0.2017131190004875,5,5,248,52,12,,method1_proportional_scores_gamma1,unrestricted_maximum_cardinality_then_maximum_testing_evalue_sum,200,0,10,exact_fixed_count_order_statistics,300.0,1,False
471,41e65c1c9347e71a6a901a8a46022992521df4f758e897e8df6348516c6cb91e,proven_maximal,maximize_sum_testing_e_values_at_maximum_cardinality,proven_optimal,8991.333271635462,2.775035463276766,3240.078691109223,0,0,15,,,2;12;15;29;40;43;45;68;92;135;141;168;174;181;197,0,0,15,0,0,0,0.0,0.0,0.5,0.0,0.0,0.0,0,15,0.39208988600148587,7,7,258,59,15,,method1_proportional_scores_gamma1,unrestricted_maximum_cardinality_then_maximum_testing_evalue_sum,200,0,3,exact_fixed_count_order_statistics,300.0,1,False
472,b3ba21fa24228c2c189539cf01dcc43357dbac21adc38f410a37395bff735c24,proven_maximal,maximize_sum_testing_e_values_at_maximum_cardinality,proven_optimal,0.0,0.0,7764.337056049025,0,0,0,,,,0,0,0,0,0,0,0.0,0.0,0.0,0.0,0.0,0.0,0,0,0.3012782090008841,3,3,245,45,0,,method1_proportional_scores_gamma1,unrestricted_maximum_cardinality_then_maximum_testing_evalue_sum,200,0,4,exact_fixed_count_order_statistics,300.0,1,False
473,a65c125a59eff36ebbf70b6a591961c15b9c3ea7b3fcd047faaa4dfa7199bf20,proven_maximal,maximize_sum_testing_e_values_at_maximum_cardinality,proven_optimal,341064.02649186994,1.6288439167128088,209390.24481865377,0,0,9,,,24;32;47;53;85;125;155;160;181,0,0,9,0,0,0,0.0,0.0,0.3,0.0,0.0,0.0,0,9,0.44440001899783965,5,4,250,53,9,,method1_proportional_scores_gamma1,unrestricted_maximum_cardinality_then_maximum_testing_evalue_sum,200,0,9,exact_fixed_count_order_statistics,300.0,1,False
474,b48347bbfeae81624f36e80895052383aff6a18a6594364524995ab9c64acdaa,proven_maximal,maximize_sum_testing_e_values_at_maximum_cardinality,proven_optimal,58250.033640571644,1.844224736479617,31585.10591922941,0,0,4,,,25;131;152;195,0,0,4,0,0,0,0.0,0.0,0.13333333333333333,0.0,0.0,0.0,0,4,0.4036517839995213,5,4,252,55,4,,method1_proportional_scores_gamma1,unrestricted_maximum_cardinality_then_maximum_testing_evalue_sum,200,0,3,exact_fixed_count_order_statistics,300.0,1,False
475,3bd1964b232751ce86d887e8dd34c7a9618e7a5f48f3e51ce483aa8a7cc1b64d,proven_maximal,maximize_sum_testing_e_values_at_maximum_cardinality,proven_optimal,7043.712960537683,2.5327007853121506,2781.1074254748805,0,0,7,,,47;61;65;116;121;158;172,0,0,7,0,0,0,0.0,0.0,0.23333333333333334,0.0,0.0,0.0,0,7,0.5586187830049312,11,10,270,50,7,,method1_proportional_scores_gamma1,unrestricted_maximum_cardinality_then_maximum_testing_evalue_sum,200,0,6,exact_fixed_count_order_statistics,300.0,1,False
476,191583755c9344b980a85073e085455d32d2cae0a7c6843e916bb4c61821f1d2,proven_maximal,maximize_sum_testing_e_values_at_maximum_cardinality,proven_optimal,211924.40392207875,1.0484829499776238,202124.79747677493,0,0,5,,,10;14;52;73;97,0,0,5,0,0,0,0.0,0.0,0.16666666666666666,0.0,0.0,0.0,0,5,0.538002665998647,6,4,251,51,5,,method1_proportional_scores_gamma1,unrestricted_maximum_cardinality_then_maximum_testing_evalue_sum,200,0,5,exact_fixed_count_order_statistics,300.0,1,False
477,db1054674a61d9fcb2e2537ef334edcc34038969167e4a99073f9c4687f2d9aa,proven_maximal,maximize_sum_testing_e_values_at_maximum_cardinality,proven_optimal,35626.740667679405,2.317140845370338,15375.30216985379,0,0,10,,,25;37;38;62;75;77;143;157;166;196,0,0,10,0,0,0,0.0,0.0,0.3333333333333333,0.0,0.0,0.0,0,10,0.2688038350024726,3,3,263,68,10,,method1_proportional_scores_gamma1,unrestricted_maximum_cardinality_then_maximum_testing_evalue_sum,200,0,15,exact_fixed_count_order_statistics,300.0,1,False
478,103955eb3beaf634dd8820a87287c614f33289e7a931852fa87f6de7c36bf431,proven_maximal,maximize_sum_testing_e_values_at_maximum_cardinality,proven_optimal,22989.050138308405,1.1599500523242408,19819.00004422111,0,0,3,,,6;44;91,0,0,3,0,0,0,0.0,0.0,0.1,0.0,0.0,0.0,0,3,0.34094017300230917,5,4,248,49,3,,method1_proportional_scores_gamma1,unrestricted_maximum_cardinality_then_maximum_testing_evalue_sum,200,0,9,exact_fixed_count_order_statistics,300.0,1,False
479,1c62aa594fd8b6b7335e1651345faa9a134cc5716a7847d4fc40a709673c2fb4,proven_maximal,maximize_sum_testing_e_values_at_maximum_cardinality,proven_optimal,3826.153659024994,0.19237079360678055,19889.47275876982,0,0,7,,,3;46;74;92;95;122;147,0,0,7,0,0,0,0.0,0.0,0.23333333333333334,0.0,0.0,0.0,0,7,0.7493856020009844,21,19,306,53,7,,method1_proportional_scores_gamma1,unrestricted_maximum_cardinality_then_maximum_testing_evalue_sum,200,0,11,exact_fixed_count_order_statistics,300.0,1,False
480,f8932fe65b601b38a50572e000d1c03b0c2139c4c209ecbfd899146cf743f19b,proven_maximal,maximize_sum_testing_e_values_at_maximum_cardinality,proven_optimal,56122.75451903562,1.1788064636746798,47609.81233856218,0,0,7,,,41;78;88;108;119;137;171,0,0,7,0,0,0,0.0,0.0,0.23333333333333334,0.0,0.0,0.0,0,7,0.532598275996861,8,7,265,62,7,,method1_proportional_scores_gamma1,unrestricted_maximum_cardinality_then_maximum_testing_evalue_sum,200,0,9,exact_fixed_count_order_statistics,300.0,1,False
481,c6affaf36fc5685522e249226098966b7d04647eb72b99ce0f9513a9f253860f,proven_maximal,maximize_sum_testing_e_values_at_maximum_cardinality,proven_optimal,54754.75976324377,1.1900346702200475,46011.06264670352,0,0,6,,,21;102;132;170;174;181,0,0,6,0,0,0,0.0,0.0,0.2,0.0,0.0,0.0,0,6,0.658944299997529,9,6,255,49,6,,method1_proportional_scores_gamma1,unrestricted_maximum_cardinality_then_maximum_testing_evalue_sum,200,0,9,exact_fixed_count_order_statistics,300.0,1,False
482,296ae861997fbf69cc35e14ff70c56665c1d6d92cae58bdda41667f0bbf550f8,proven_maximal,maximize_sum_testing_e_values_at_maximum_cardinality,proven_optimal,102867.8670429619,1.0612785428612908,96928.2454025896,0,0,7,,,10;33;100;117;164;168;188,0,0,7,0,0,0,0.0,0.0,0.23333333333333334,0.0,0.0,0.0,0,7,0.5010152379982173,6,4,258,60,7,,method1_proportional_scores_gamma1,unrestricted_maximum_cardinality_then_maximum_testing_evalue_sum,200,0,3,exact_fixed_count_order_statistics,300.0,1,False
483,6b8c430d9599a8c5b03cbcafc5a0fa5d0a0f82cf38e331f1d66ab2bee63fa394,proven_maximal,maximize_sum_testing_e_values_at_maximum_cardinality,proven_optimal,219188.0437553813,1.0380686012792943,211149.86378092784,0,0,16,,,20;32;41;45;67;72;80;89;98;124;138;164;169;171;196;198,0,0,16,0,0,0,0.0,0.0,0.5333333333333333,0.0,0.0,0.0,0,16,0.25254216699977405,3,3,238,47,16,,method1_proportional_scores_gamma1,unrestricted_maximum_cardinality_then_maximum_testing_evalue_sum,200,0,4,exact_fixed_count_order_statistics,300.0,1,False
484,bfb911ea6c5019d100cb3515bbfa10af80b38176ccd6993ec6f0d339d07a96cd,proven_maximal,maximize_sum_testing_e_values_at_maximum_cardinality,proven_optimal,18339.659891282336,1.2187904805568852,15047.426267148596,0,0,7,,,0;44;80;90;103;132;157,0,0,7,0,0,0,0.0,0.0,0.23333333333333334,0.0,0.0,0.0,0,7,0.6646097220000229,9,6,253,51,7,,method1_proportional_scores_gamma1,unrestricted_maximum_cardinality_then_maximum_testing_evalue_sum,200,0,2,exact_fixed_count_order_statistics,300.0,1,False
485,58f755bcf9ce5e45b31fdc537c981de595f1d6c8939ddae7e2e7c6ccb6229d39,proven_maximal,maximize_sum_testing_e_values_at_maximum_cardinality,proven_optimal,0.0,0.0,8791.841064863056,0,0,0,,,,0,0,0,0,0,0,0.0,0.0,0.0,0.0,0.0,0.0,0,0,0.20401112399849808,3,3,258,58,0,,method1_proportional_scores_gamma1,unrestricted_maximum_cardinality_then_maximum_testing_evalue_sum,200,0,7,exact_fixed_count_order_statistics,300.0,1,False
486,a6ab9c9e6eaee3c45675679f22f7c5dc6d75a6f5a16dce78d972b522db38ea3f,proven_maximal,maximize_sum_testing_e_values_at_maximum_cardinality,proven_optimal,490251.88485429785,1.161153167645566,422211.21081585326,0,0,6,,,9;15;78;124;170;189,0,0,6,0,0,0,0.0,0.0,0.2,0.0,0.0,0.0,0,6,0.1521251090016449,3,3,244,48,6,,method1_proportional_scores_gamma1,unrestricted_maximum_cardinality_then_maximum_testing_evalue_sum,200,0,7,exact_fixed_count_order_statistics,300.0,1,False
487,9a86fc1ef56cb966dd12b1af7e18ca1557c5538dbd280404d6fabaf3189f6a11,proven_maximal,maximize_sum_testing_e_values_at_maximum_cardinality,proven_optimal,59812.556031602006,1.2612913922345712,47421.67939926624,0,0,5,,,20;74;163;183;186,0,0,5,0,0,0,0.0,0.0,0.16666666666666666,0.0,0.0,0.0,0,5,0.9111910229985369,9,6,260,56,5,,method1_proportional_scores_gamma1,unrestricted_maximum_cardinality_then_maximum_testing_evalue_sum,200,0,4,exact_fixed_count_order_statistics,300.0,1,False
488,b00d8b005a05070e179cac1251c2f6b8328fa2dad3c9c2ff37d642ae8a097769,proven_maximal,maximize_sum_testing_e_values_at_maximum_cardinality,proven_optimal,8714.996668442936,2.4868217009458933,3504.4718586491663,0,0,12,,,9;14;38;44;63;74;79;104;111;145;153;178,0,0,11,0,0,1,0.0,0.0,0.36666666666666664,0.0,0.0,0.08333333333333333,0,12,0.5351579759953893,10,10,284,62,12,,method1_proportional_scores_gamma1,unrestricted_maximum_cardinality_then_maximum_testing_evalue_sum,200,0,2,exact_fixed_count_order_statistics,300.0,1,False
489,3ada525fce3bb0c2928adf1004d5dc6d8c2ed90f4c9e75314096d9c2826b7861,proven_maximal,maximize_sum_testing_e_values_at_maximum_cardinality,proven_optimal,14301.861490443907,1.9389834532702208,7375.958503577168,0,0,6,,,13;33;61;77;126;140,0,0,6,0,0,0,0.0,0.0,0.2,0.0,0.0,0.0,0,6,0.5253818380006123,5,4,247,50,6,,method1_proportional_scores_gamma1,unrestricted_maximum_cardinality_then_maximum_testing_evalue_sum,200,0,5,exact_fixed_count_order_statistics,300.0,1,False
490,d289efdb8f895682f872dba072b69e11c029eaa347985cff951df796fc2d3155,proven_maximal,maximize_sum_testing_e_values_at_maximum_cardinality,proven_optimal,527.6764974793222,0.06985930313348274,7553.417709751145,0,0,3,,,78;97;174,0,0,3,0,0,0,0.0,0.0,0.1,0.0,0.0,0.0,0,3,0.42092396200314397,5,4,247,48,3,,method1_proportional_scores_gamma1,unrestricted_maximum_cardinality_then_maximum_testing_evalue_sum,200,0,2,exact_fixed_count_order_statistics,300.0,1,False
491,81b5270308d1172bb2acd01a6b178dafb67a337b340c55c5ec6668fd2c971cce,proven_maximal,maximize_sum_testing_e_values_at_maximum_cardinality,proven_optimal,84579.92541383543,1.7011939717618512,49717.97855963465,0,0,4,,,6;51;93;171,0,0,4,0,0,0,0.0,0.0,0.13333333333333333,0.0,0.0,0.0,0,4,0.5473964179982431,8,6,257,51,4,,method1_proportional_scores_gamma1,unrestricted_maximum_cardinality_then_maximum_testing_evalue_sum,200,0,6,exact_fixed_count_order_statistics,300.0,1,False
492,1d069c024e1e68e4a1cf51ee99debb6ab4a1a485d58bf18a7a5839c6de88b7e8,proven_maximal,maximize_sum_testing_e_values_at_maximum_cardinality,proven_optimal,21659.489688905753,1.4692770089185938,14741.597096688669,0,0,11,,,14;21;33;71;72;116;121;134;148;156;180,0,0,11,0,0,0,0.0,0.0,0.36666666666666664,0.0,0.0,0.0,0,11,0.3154466880005202,7,7,252,50,11,,method1_proportional_scores_gamma1,unrestricted_maximum_cardinality_then_maximum_testing_evalue_sum,200,0,16,exact_fixed_count_order_statistics,300.0,1,False
493,052528ab229212ed5e7cbd562d7d45b637c976f19a0ee0b2f35ca4d2fcf22d94,proven_maximal,maximize_sum_testing_e_values_at_maximum_cardinality,proven_optimal,7774.459907834081,0.16258164095426744,47818.80575323358,0,0,7,,,74;102;108;128;131;146;173,0,0,7,0,0,0,0.0,0.0,0.23333333333333334,0.0,0.0,0.0,0,7,0.6825890190011705,13,10,259,37,7,,method1_proportional_scores_gamma1,unrestricted_maximum_cardinality_then_maximum_testing_evalue_sum,200,0,11,exact_fixed_count_order_statistics,300.0,1,False
494,78a1a350145f60bccac1852f0b32189a5b19c6aec8d0ea608f66f23a7147b6bd,proven_maximal,maximize_sum_testing_e_values_at_maximum_cardinality,proven_optimal,0.0,0.0,14031.166400872067,0,0,0,,,,0,0,0,0,0,0,0.0,0.0,0.0,0.0,0.0,0.0,0,0,0.25676360699435463,3,3,251,51,0,,method1_proportional_scores_gamma1,unrestricted_maximum_cardinality_then_maximum_testing_evalue_sum,200,0,7,exact_fixed_count_order_statistics,300.0,1,False
495,c1f82d4d1be19446ce8402b9c9425b18496db5a7af3a6ad90ad3043e46d455ba,proven_maximal,maximize_sum_testing_e_values_at_maximum_cardinality,proven_optimal,17393.99346295703,1.945062047402721,8942.6419512856,0,0,6,,,58;62;70;101;153;183,0,0,6,0,0,0,0.0,0.0,0.2,0.0,0.0,0.0,0,6,0.23576381200109608,3,3,249,54,6,,method1_proportional_scores_gamma1,unrestricted_maximum_cardinality_then_maximum_testing_evalue_sum,200,0,7,exact_fixed_count_order_statistics,300.0,1,False
496,32071e8a1ff43da40f2edfff2112c30c17b49137b1f56c8ff23c4dc461dceb61,proven_maximal,maximize_sum_testing_e_values_at_maximum_cardinality,proven_optimal,12777.68683747703,1.0362439521713556,12330.770964407118,0,0,2,,,0;197,0,0,2,0,0,0,0.0,0.0,0.06666666666666667,0.0,0.0,0.0,0,2,0.1643109659999027,3,3,253,54,2,,method1_proportional_scores_gamma1,unrestricted_maximum_cardinality_then_maximum_testing_evalue_sum,200,0,9,exact_fixed_count_order_statistics,300.0,1,False
497,3b93fda4f4ef93bcdc4433a1cdde1be912197c9e54c0a7a13d19687265f22825,proven_maximal,maximize_sum_testing_e_values_at_maximum_cardinality,proven_optimal,82069.14650742422,1.3828368370017223,59348.39477184248,0,0,6,,,23;38;70;94;156;165,0,0,6,0,0,0,0.0,0.0,0.2,0.0,0.0,0.0,0,6,0.545691594001255,5,4,261,63,6,,method1_proportional_scores_gamma1,unrestricted_maximum_cardinality_then_maximum_testing_evalue_sum,200,0,12,exact_fixed_count_order_statistics,300.0,1,False
498,dc48578e84f519aedf600d9e55cb97323dd3c525b08941fe913ccfbb817b91b8,proven_maximal,maximize_sum_testing_e_values_at_maximum_cardinality,proven_optimal,31826.578446704705,2.5867149095639177,12303.860131254356,0,0,13,,,24;84;105;116;122;124;131;146;170;179;185;190;191,0,0,13,0,0,0,0.0,0.0,0.43333333333333335,0.0,0.0,0.0,0,13,0.31510665400128346,6,6,260,57,13,,method1_proportional_scores_gamma1,unrestricted_maximum_cardinality_then_maximum_testing_evalue_sum,200,0,11,exact_fixed_count_order_statistics,300.0,1,False
499,a0d8efc75b7fbca574a21e3ec9e998ef0aefb7c25c6b01f2e12f70ff8a5c27ab,proven_maximal,maximize_sum_testing_e_values_at_maximum_cardinality,proven_optimal,417085.4824399628,1.0624811737145834,392557.997975412,0,0,6,,,26;28;39;45;82;138,0,0,6,0,0,0,0.0,0.0,0.2,0.0,0.0,0.0,0,6,0.8549017580007785,14,10,265,45,6,,method1_proportional_scores_gamma1,unrestricted_maximum_cardinality_then_maximum_testing_evalue_sum,200,0,11,exact_fixed_count_order_statistics,300.0,1,False
500,1ed63e45f7bfa9be700a7d1ab7c221dfe01c4c4901de8bc95b57707ded9035d0,proven_maximal,maximize_sum_testing_e_values_at_maximum_cardinality,proven_optimal,6150.766656715941,2.8728435732218083,2141.0029818706907,0,0,9,,,3;42;49;62;133;162;169;174;192,0,0,9,0,0,0,0.0,0.0,0.3,0.0,0.0,0.0,0,9,0.9948655789994518,16,14,294,56,9,,method1_proportional_scores_gamma1,unrestricted_maximum_cardinality_then_maximum_testing_evalue_sum,200,0,3,exact_fixed_count_order_statistics,300.0,1,False
