replication,problem_sha256,status,secondary_rule,secondary_status,secondary_value,secondary_normalized_value,secondary_normalization,prefix_size,greedy_size,maximal_size,prefix_indices,greedy_indices,maximal_indices,prefix_true,greedy_true,maximal_true,prefix_false,greedy_false,maximal_false,prefix_tpr,greedy_tpr,maximal_tpr,prefix_fdp,greedy_fdp,maximal_fdp,greedy_added,optimizer_added,elapsed_seconds,mip_solves,separation_calls,final_cut_count,initial_singleton_upper_bound,proof_upper_bound,message,method,selection_rule,K,ebh_seed_size,old_exported_prefix_size,separator_backend,separator_time_limit,separator_threads,ordinary_eBH_required
1,c65c8e76564a9982a52bc19fcbf9df52514e908ad9d3d37cb4c3d3985b3cfcc3,proven_maximal,maximize_sum_testing_e_values_at_maximum_cardinality,proven_optimal,8687.202020155559,2.4897323572756114,3489.2111976491824,0,0,16,,,0;3;8;18;43;53;58;73;88;91;100;107;156;160;179;190,0,0,16,0,0,0,0.0,0.0,0.5333333333333333,0.0,0.0,0.0,0,16,0.3591652000322938,11,11,249,44,16,,method1_proportional_scores_gamma1,unrestricted_maximum_cardinality_then_maximum_testing_evalue_sum,200,0,0,exact_fixed_count_order_statistics,300.0,1,False
2,0e60130a60a0ecda4711680ce8fe38a5482b4f1a4e88d6ae07601c2d9b7b8233,proven_maximal,maximize_sum_testing_e_values_at_maximum_cardinality,proven_optimal,36032.94930383013,2.5270341447942695,14258.987904084548,0,0,17,,,14;19;29;66;68;69;86;95;116;127;135;142;162;169;177;184;188,0,0,17,0,0,0,0.0,0.0,0.5666666666666667,0.0,0.0,0.0,0,17,0.297452500090003,6,6,242,49,17,,method1_proportional_scores_gamma1,unrestricted_maximum_cardinality_then_maximum_testing_evalue_sum,200,0,10,exact_fixed_count_order_statistics,300.0,1,False
3,2e7332ff443cee3f34663a98d521df3ddd1c95c45971f326987e27b8e3a95663,proven_maximal,maximize_sum_testing_e_values_at_maximum_cardinality,proven_optimal,24146.40955540423,1.7158291680719866,14072.73521439005,0,0,11,,,23;52;58;68;69;75;91;92;112;120;140,0,0,11,0,0,0,0.0,0.0,0.36666666666666664,0.0,0.0,0.0,0,11,0.31872700015082955,6,6,254,50,11,,method1_proportional_scores_gamma1,unrestricted_maximum_cardinality_then_maximum_testing_evalue_sum,200,0,3,exact_fixed_count_order_statistics,300.0,1,False
4,e528b862e2eb5dedee78a03ae8ac4d67101c7fcb93c6498f50f812d6034cc619,proven_maximal,maximize_sum_testing_e_values_at_maximum_cardinality,proven_optimal,12190.453126302746,3.2476207093001963,3753.6566666769313,0,0,19,,,1;16;23;41;76;78;84;110;128;151;154;155;162;164;168;172;178;183;193,0,0,19,0,0,0,0.0,0.0,0.6333333333333333,0.0,0.0,0.0,0,19,0.267214999999851,6,6,246,50,19,,method1_proportional_scores_gamma1,unrestricted_maximum_cardinality_then_maximum_testing_evalue_sum,200,0,5,exact_fixed_count_order_statistics,300.0,1,False
5,cc9d128dc450a08cfd30d1daaab7c03a90f0017514c6784ffbe18bf6d737debf,proven_maximal,maximize_sum_testing_e_values_at_maximum_cardinality,proven_optimal,16403.653306038625,3.6177133841502864,4534.260059933257,0,0,12,,,10;25;27;40;41;54;58;67;73;129;174;178,0,0,12,0,0,0,0.0,0.0,0.4,0.0,0.0,0.0,0,12,0.9286816001404077,11,11,280,53,12,,method1_proportional_scores_gamma1,unrestricted_maximum_cardinality_then_maximum_testing_evalue_sum,200,0,8,exact_fixed_count_order_statistics,300.0,1,False
6,920696f47a30e381ddc19d475db844daffa61c4b1bc75089f8a564353b331763,proven_maximal,maximize_sum_testing_e_values_at_maximum_cardinality,proven_optimal,4618.177152226583,1.1711891004092128,3943.152434233715,0,0,2,,,173;193,0,0,2,0,0,0,0.0,0.0,0.06666666666666667,0.0,0.0,0.0,0,2,0.5965762999840081,15,13,274,49,2,,method1_proportional_scores_gamma1,unrestricted_maximum_cardinality_then_maximum_testing_evalue_sum,200,0,0,exact_fixed_count_order_statistics,300.0,1,False
7,9d972ddc554a943375d912185e5a09fe51a462d49bcf1316b59185b326464df7,proven_maximal,maximize_sum_testing_e_values_at_maximum_cardinality,proven_optimal,14026.837954940904,1.9317950857564463,7261.038222099171,0,0,12,,,3;19;67;76;82;89;105;113;151;157;173;199,0,0,12,0,0,0,0.0,0.0,0.4,0.0,0.0,0.0,0,12,0.698809300083667,9,9,272,54,12,,method1_proportional_scores_gamma1,unrestricted_maximum_cardinality_then_maximum_testing_evalue_sum,200,0,2,exact_fixed_count_order_statistics,300.0,1,False
8,c2bb7b9deb0721c02db8aa790ae26a60b318fe669974a1cb36d5ff3241474368,proven_maximal,maximize_sum_testing_e_values_at_maximum_cardinality,proven_optimal,37757.48905453757,3.1037289853534484,12165.20167602127,0,0,16,,,0;13;27;29;36;44;46;49;58;61;63;75;92;103;113;170,0,0,16,0,0,0,0.0,0.0,0.5333333333333333,0.0,0.0,0.0,0,16,0.4673984001856297,10,10,271,50,16,,method1_proportional_scores_gamma1,unrestricted_maximum_cardinality_then_maximum_testing_evalue_sum,200,0,5,exact_fixed_count_order_statistics,300.0,1,False
9,4baa9d193e0d2dc1f43ec6367c553e96f6471aa93b822d531bdf5b5e5b3e750a,proven_maximal,maximize_sum_testing_e_values_at_maximum_cardinality,proven_optimal,0.0,0.0,26150.12432797583,0,0,0,,,,0,0,0,0,0,0,0.0,0.0,0.0,0.0,0.0,0.0,0,0,0.15925589995458722,3,3,247,47,0,,method1_proportional_scores_gamma1,unrestricted_maximum_cardinality_then_maximum_testing_evalue_sum,200,0,1,exact_fixed_count_order_statistics,300.0,1,False
10,0c480396b3a805530dc8ad023b26668578f4d69d3636a317509d05a654ec55d2,proven_maximal,maximize_sum_testing_e_values_at_maximum_cardinality,proven_optimal,15344.363743260596,3.732955459680489,4110.513481608471,0,0,20,,,4;5;15;19;28;35;48;64;67;71;72;114;120;123;124;136;148;151;156;170,0,0,20,0,0,0,0.0,0.0,0.6666666666666666,0.0,0.0,0.0,0,20,0.5905665000900626,10,10,278,44,20,,method1_proportional_scores_gamma1,unrestricted_maximum_cardinality_then_maximum_testing_evalue_sum,200,0,5,exact_fixed_count_order_statistics,300.0,1,False
11,b36b6f8ef82aeb0231e471be1cc162953a8150ab2a1bb8f2a21345a3270c8973,proven_maximal,maximize_sum_testing_e_values_at_maximum_cardinality,proven_optimal,256867.92126449908,2.021971079386802,127038.37551543947,0,0,12,,,12;20;85;87;91;112;114;129;144;149;166;183,0,0,12,0,0,0,0.0,0.0,0.4,0.0,0.0,0.0,0,12,1.0546855998691171,16,15,294,43,12,,method1_proportional_scores_gamma1,unrestricted_maximum_cardinality_then_maximum_testing_evalue_sum,200,0,3,exact_fixed_count_order_statistics,300.0,1,False
12,6afd7e1875b952cbb3f7591f06901eed40fdf2f3f1fba19dd17670fbbaea6d87,proven_maximal,maximize_sum_testing_e_values_at_maximum_cardinality,proven_optimal,116013.44954737485,1.5010306934376958,77289.1920562118,0,0,14,,,4;11;15;30;34;36;63;66;83;99;103;112;183;199,0,0,14,0,0,0,0.0,0.0,0.4666666666666667,0.0,0.0,0.0,0,14,1.821215600008145,28,26,336,69,14,,method1_proportional_scores_gamma1,unrestricted_maximum_cardinality_then_maximum_testing_evalue_sum,200,0,3,exact_fixed_count_order_statistics,300.0,1,False
13,1d6dd15a328201bbdf1d9809a28b446d81f26990d40ab9b490fe61c277a90eb0,proven_maximal,maximize_sum_testing_e_values_at_maximum_cardinality,proven_optimal,39428.88416852809,4.387518895456728,8986.601564122417,0,0,14,,,4;26;34;53;84;87;90;104;120;125;126;159;187;197,0,0,14,0,0,0,0.0,0.0,0.4666666666666667,0.0,0.0,0.0,0,14,0.9324115000199527,15,14,277,52,14,,method1_proportional_scores_gamma1,unrestricted_maximum_cardinality_then_maximum_testing_evalue_sum,200,0,10,exact_fixed_count_order_statistics,300.0,1,False
14,4a78ab6c9d6f2b8f66db5c45b6ba00bd229779a9ecb7156d9518423bb35f46bf,proven_maximal,maximize_sum_testing_e_values_at_maximum_cardinality,proven_optimal,171667.36827323065,2.1097430047739065,81368.85292890335,0,0,12,,,17;46;56;82;91;98;105;126;152;155;166;190,0,0,12,0,0,0,0.0,0.0,0.4,0.0,0.0,0.0,0,12,0.4495534999296069,8,8,253,42,12,,method1_proportional_scores_gamma1,unrestricted_maximum_cardinality_then_maximum_testing_evalue_sum,200,0,10,exact_fixed_count_order_statistics,300.0,1,False
15,26098e9bb63771883c25e5a5e799f7b316672d305439625f9cb7cbf7b47f1cee,proven_maximal,maximize_sum_testing_e_values_at_maximum_cardinality,proven_optimal,10771.4438308253,1.1026110045447644,9769.033490893293,0,0,3,,,33;65;119,0,0,3,0,0,0,0.0,0.0,0.1,0.0,0.0,0.0,0,3,0.6462789999786764,8,6,251,49,3,,method1_proportional_scores_gamma1,unrestricted_maximum_cardinality_then_maximum_testing_evalue_sum,200,0,1,exact_fixed_count_order_statistics,300.0,1,False
16,3ae8b99abb260db1f9dfae38f7c5f6a968a1420e309a3fe2eab3783d549031b0,proven_maximal,maximize_sum_testing_e_values_at_maximum_cardinality,proven_optimal,41990.751313944085,1.6317089329919312,25734.21672512945,0,0,15,,,8;12;14;37;43;69;75;90;116;128;137;146;150;151;165,0,0,15,0,0,0,0.0,0.0,0.5,0.0,0.0,0.0,0,15,0.5440664000343531,10,10,279,44,15,,method1_proportional_scores_gamma1,unrestricted_maximum_cardinality_then_maximum_testing_evalue_sum,200,0,7,exact_fixed_count_order_statistics,300.0,1,False
17,47ed92237a8e596bce32ded9ad2f9fb02555221b3ea9bf18464bab766a812b7b,proven_maximal,maximize_sum_testing_e_values_at_maximum_cardinality,proven_optimal,68887.16472018721,1.4801273114478257,46541.37802024841,0,0,8,,,71;79;86;96;104;121;124;154,0,0,8,0,0,0,0.0,0.0,0.26666666666666666,0.0,0.0,0.0,0,8,0.6293088998645544,6,4,252,55,8,,method1_proportional_scores_gamma1,unrestricted_maximum_cardinality_then_maximum_testing_evalue_sum,200,0,5,exact_fixed_count_order_statistics,300.0,1,False
18,2d8fe77a204f37b9d2ea07ae5d682b70cfaee1aca265e23144de525759d8484d,proven_maximal,maximize_sum_testing_e_values_at_maximum_cardinality,proven_optimal,50331.441830039,1.4865686298193581,33857.462629327165,0,0,21,,,0;42;53;60;72;73;75;79;103;107;120;148;159;162;169;180;186;187;191;193;199,0,0,21,0,0,0,0.0,0.0,0.7,0.0,0.0,0.0,0,21,0.3731798001099378,7,7,264,52,21,,method1_proportional_scores_gamma1,unrestricted_maximum_cardinality_then_maximum_testing_evalue_sum,200,0,6,exact_fixed_count_order_statistics,300.0,1,False
19,38d9be7cb1c60558201df5f5c8cd535ebc4e43b8aaa276b645ac70530ffc7931,proven_maximal,maximize_sum_testing_e_values_at_maximum_cardinality,proven_optimal,25894.69706290464,3.9568790232888262,6544.222583126089,0,0,20,,,2;9;12;15;22;23;26;32;48;55;58;68;70;126;132;150;159;161;168;175,0,0,20,0,0,0,0.0,0.0,0.6666666666666666,0.0,0.0,0.0,0,20,0.5314224001485854,10,10,267,55,20,,method1_proportional_scores_gamma1,unrestricted_maximum_cardinality_then_maximum_testing_evalue_sum,200,0,8,exact_fixed_count_order_statistics,300.0,1,False
20,48ff06ccc2e2f2fb09efcfd75dff0517d3ab329b1fefc4f4f139b1da25df6178,proven_maximal,maximize_sum_testing_e_values_at_maximum_cardinality,proven_optimal,26164.86278493895,1.9047206992524428,13736.85012989465,0,0,17,,,6;10;11;18;45;50;64;65;72;78;84;95;106;110;112;115;163,0,0,17,0,0,0,0.0,0.0,0.5666666666666667,0.0,0.0,0.0,0,17,0.5388097001705319,12,12,267,48,17,,method1_proportional_scores_gamma1,unrestricted_maximum_cardinality_then_maximum_testing_evalue_sum,200,0,2,exact_fixed_count_order_statistics,300.0,1,False
21,b8e100806b066d622fd683fa9f5beb4b9a6b7aa4c6623e133351c3ccdec8f75d,proven_maximal,maximize_sum_testing_e_values_at_maximum_cardinality,proven_optimal,118664.72575341395,2.2068233052288524,53771.73853124057,0,0,8,,,15;32;69;85;109;147;154;197,0,0,8,0,0,0,0.0,0.0,0.26666666666666666,0.0,0.0,0.0,0,8,1.0126423998735845,11,9,274,49,8,,method1_proportional_scores_gamma1,unrestricted_maximum_cardinality_then_maximum_testing_evalue_sum,200,0,6,exact_fixed_count_order_statistics,300.0,1,False
22,11a31e9032b00ef79a04450e1d16de66de5335ff1077247e37293aa9573abd6f,proven_maximal,maximize_sum_testing_e_values_at_maximum_cardinality,proven_optimal,22685.55206673598,1.5333498200214104,14794.766184809165,0,0,22,,,9;10;16;21;34;38;51;57;62;77;89;90;106;114;119;129;137;152;164;173;181;197,0,0,22,0,0,0,0.0,0.0,0.7333333333333333,0.0,0.0,0.0,0,22,0.3352737999521196,7,7,255,51,22,,method1_proportional_scores_gamma1,unrestricted_maximum_cardinality_then_maximum_testing_evalue_sum,200,0,5,exact_fixed_count_order_statistics,300.0,1,False
23,eceeeaf312e0c85548b5ff98c22778705156a47f5776ed8f36ea21a7ddfa7f33,proven_maximal,maximize_sum_testing_e_values_at_maximum_cardinality,proven_optimal,8798.698085596245,2.8118907909333184,3129.1037738616424,0,0,16,,,3;16;19;22;23;27;33;51;62;90;111;120;132;145;174;188,0,0,16,0,0,0,0.0,0.0,0.5333333333333333,0.0,0.0,0.0,0,16,0.747409800067544,11,11,289,50,16,,method1_proportional_scores_gamma1,unrestricted_maximum_cardinality_then_maximum_testing_evalue_sum,200,0,2,exact_fixed_count_order_statistics,300.0,1,False
24,920d93030288791c607d0a3b15491b72a2d238210da4212dd39166de5c636d40,proven_maximal,maximize_sum_testing_e_values_at_maximum_cardinality,proven_optimal,92205.62417368944,1.1955662329124452,77122.97456668127,0,0,12,,,0;14;19;71;79;81;85;89;122;138;142;167,0,0,12,0,0,0,0.0,0.0,0.4,0.0,0.0,0.0,0,12,0.5755757000297308,13,13,267,47,12,,method1_proportional_scores_gamma1,unrestricted_maximum_cardinality_then_maximum_testing_evalue_sum,200,0,6,exact_fixed_count_order_statistics,300.0,1,False
25,abd8570ae0e1db5f067e5f6f63182f4a36fc4b782ce78eedf24cd265391f393d,proven_maximal,maximize_sum_testing_e_values_at_maximum_cardinality,proven_optimal,10427.217772517426,3.0323239182712425,3438.688627454446,0,0,13,,,1;33;52;71;82;107;128;129;142;151;154;165;179,0,0,13,0,0,0,0.0,0.0,0.43333333333333335,0.0,0.0,0.0,0,13,1.804469499969855,18,17,320,52,13,,method1_proportional_scores_gamma1,unrestricted_maximum_cardinality_then_maximum_testing_evalue_sum,200,0,7,exact_fixed_count_order_statistics,300.0,1,False
26,44e04091b095fc20c197004fb23594878a0dd4a90afbb3bdb14407b9f1cf2763,proven_maximal,maximize_sum_testing_e_values_at_maximum_cardinality,proven_optimal,13471.87297918857,1.8658637960220115,7220.180276776025,0,0,12,,,2;16;38;49;50;85;111;112;117;130;141;166,0,0,12,0,0,0,0.0,0.0,0.4,0.0,0.0,0.0,0,12,0.5797973999287933,8,8,255,52,12,,method1_proportional_scores_gamma1,unrestricted_maximum_cardinality_then_maximum_testing_evalue_sum,200,0,3,exact_fixed_count_order_statistics,300.0,1,False
27,9db0a472b0bc4f16c2c71f834d54b324d8b09a782a33f2905fedea5522fd8b3b,proven_maximal,maximize_sum_testing_e_values_at_maximum_cardinality,proven_optimal,24954.42776202078,1.275189648181927,19569.18941241328,0,0,8,,,4;19;69;84;86;120;152;153,0,0,8,0,0,0,0.0,0.0,0.26666666666666666,0.0,0.0,0.0,0,8,0.6529421000741422,9,7,248,47,8,,method1_proportional_scores_gamma1,unrestricted_maximum_cardinality_then_maximum_testing_evalue_sum,200,0,8,exact_fixed_count_order_statistics,300.0,1,False
28,c2cd3d5934b28fa2b552620470bd7628e46ba2afc08b5c73999b379ebfe8348d,proven_maximal,maximize_sum_testing_e_values_at_maximum_cardinality,proven_optimal,9532.149615787628,2.4520635360747858,3887.3991132572783,0,0,11,,,0;10;20;73;110;127;131;177;178;189;197,0,0,11,0,0,0,0.0,0.0,0.36666666666666664,0.0,0.0,0.0,0,11,0.29506490007042885,6,6,264,54,11,,method1_proportional_scores_gamma1,unrestricted_maximum_cardinality_then_maximum_testing_evalue_sum,200,0,2,exact_fixed_count_order_statistics,300.0,1,False
29,6c96074580baedee99eb251146c82fc007fdc9aceb78e0e7a06affeb0c9c8a2e,proven_maximal,maximize_sum_testing_e_values_at_maximum_cardinality,proven_optimal,45629.35269534286,2.020338549270019,22585.003247019904,0,0,12,,,12;15;35;38;43;51;75;96;108;159;161;194,0,0,12,0,0,0,0.0,0.0,0.4,0.0,0.0,0.0,0,12,0.5104656000621617,9,9,260,54,12,,method1_proportional_scores_gamma1,unrestricted_maximum_cardinality_then_maximum_testing_evalue_sum,200,0,10,exact_fixed_count_order_statistics,300.0,1,False
30,badcfcd7ea96a763cb4b92ebc7d873a48bd0a7e0584d134fdf475b22776177d3,proven_maximal,maximize_sum_testing_e_values_at_maximum_cardinality,proven_optimal,8105.199765414919,2.653447842937942,3054.5917030126,0,0,21,,,14;34;40;76;81;92;94;107;109;116;118;119;124;127;128;140;141;188;191;194;198,0,0,21,0,0,0,0.0,0.0,0.7,0.0,0.0,0.0,0,21,1.391443599946797,21,21,319,50,21,,method1_proportional_scores_gamma1,unrestricted_maximum_cardinality_then_maximum_testing_evalue_sum,200,0,4,exact_fixed_count_order_statistics,300.0,1,False
31,c377d3d218e91f7cac5dba2044b10aa3f7d59fd3920843283fc741288dfee388,proven_maximal,maximize_sum_testing_e_values_at_maximum_cardinality,proven_optimal,26214.84286728334,2.782869236360251,9420.077136491707,0,0,21,,,2;18;19;25;39;46;67;70;78;94;96;111;113;126;129;137;145;156;158;168;171,0,0,21,0,0,0,0.0,0.0,0.7,0.0,0.0,0.0,0,21,0.3234105999581516,7,7,260,53,21,,method1_proportional_scores_gamma1,unrestricted_maximum_cardinality_then_maximum_testing_evalue_sum,200,0,10,exact_fixed_count_order_statistics,300.0,1,False
32,13099a6a02ac231b992e9ac04fd88dced50330bf0f01291fa5bdddbb7492835b,proven_maximal,maximize_sum_testing_e_values_at_maximum_cardinality,proven_optimal,15404.035266501243,3.103374129730643,4963.641063747036,0,0,17,,,1;2;8;9;57;59;65;91;118;132;152;162;172;176;186;187;195,0,0,17,0,0,0,0.0,0.0,0.5666666666666667,0.0,0.0,0.0,0,17,1.246587699977681,15,14,288,56,17,,method1_proportional_scores_gamma1,unrestricted_maximum_cardinality_then_maximum_testing_evalue_sum,200,0,6,exact_fixed_count_order_statistics,300.0,1,False
33,1cc4c3ce1598c6db1698aa4cf0ccf1225ab5284010b145104c4ced9a84651695,proven_maximal,maximize_sum_testing_e_values_at_maximum_cardinality,proven_optimal,49189.68177392219,2.253936929952192,21823.89450221464,0,0,17,,,0;9;10;18;28;52;82;96;99;100;111;124;135;137;157;186;195,0,0,17,0,0,0,0.0,0.0,0.5666666666666667,0.0,0.0,0.0,0,17,1.118977699894458,15,14,291,52,17,,method1_proportional_scores_gamma1,unrestricted_maximum_cardinality_then_maximum_testing_evalue_sum,200,0,8,exact_fixed_count_order_statistics,300.0,1,False
34,c3732aaebfb3f792d428ffd649fc68cf92139623457ca7e8e4e2b16dc85cc1ea,proven_maximal,maximize_sum_testing_e_values_at_maximum_cardinality,proven_optimal,64774.18722455709,1.956051782357145,33114.76097350592,0,0,23,,,14;35;50;68;78;81;82;91;96;100;107;108;123;130;133;136;142;143;156;182;184;189;197,0,0,23,0,0,0,0.0,0.0,0.7666666666666667,0.0,0.0,0.0,0,23,0.7780595999211073,12,12,299,59,23,,method1_proportional_scores_gamma1,unrestricted_maximum_cardinality_then_maximum_testing_evalue_sum,200,0,3,exact_fixed_count_order_statistics,300.0,1,False
35,baf8a674100ad50cca734ff0d372310dfb964ae4d2e4b6747faa24eb398bfa10,proven_maximal,maximize_sum_testing_e_values_at_maximum_cardinality,proven_optimal,19271.688338555374,1.7737298592716664,10865.063942977633,0,0,15,,,4;39;44;65;84;109;111;119;144;147;162;165;173;174;185,0,0,15,0,0,0,0.0,0.0,0.5,0.0,0.0,0.0,0,15,1.6977267998736352,25,24,374,61,15,,method1_proportional_scores_gamma1,unrestricted_maximum_cardinality_then_maximum_testing_evalue_sum,200,0,3,exact_fixed_count_order_statistics,300.0,1,False
36,184d9683dd81dea599cc3599f8eced328b6fed30178acd560617406a0fe0172a,proven_maximal,maximize_sum_testing_e_values_at_maximum_cardinality,proven_optimal,19979.300996323374,2.615442795708578,7638.97456641202,0,0,8,,,10;15;95;140;150;159;195;198,0,0,8,0,0,0,0.0,0.0,0.26666666666666666,0.0,0.0,0.0,0,8,1.066035500029102,13,11,281,51,8,,method1_proportional_scores_gamma1,unrestricted_maximum_cardinality_then_maximum_testing_evalue_sum,200,0,5,exact_fixed_count_order_statistics,300.0,1,False
37,4a512bf2e62500ca6f3d1fbf41f427be28ffa3dca8dc9a5871d642efc3534ce8,proven_maximal,maximize_sum_testing_e_values_at_maximum_cardinality,proven_optimal,115094.8151792991,1.3233245918784187,86973.98649255474,0,0,26,,,4;12;20;21;22;57;59;81;95;101;102;105;113;122;124;125;144;145;148;149;162;163;174;180;181;186,0,0,26,0,0,0,0.0,0.0,0.8666666666666667,0.0,0.0,0.0,0,26,0.3808533998671919,7,7,270,52,26,,method1_proportional_scores_gamma1,unrestricted_maximum_cardinality_then_maximum_testing_evalue_sum,200,0,7,exact_fixed_count_order_statistics,300.0,1,False
38,f53263aeb9c9d20599a3360e74d7288346583f0fb9cb27c98d5f84c50da36f49,proven_maximal,maximize_sum_testing_e_values_at_maximum_cardinality,proven_optimal,56538.11288857904,1.0796008829408483,52369.45780793399,0,0,18,,,19;20;30;40;53;55;68;77;81;82;99;108;117;129;149;152;174;176,0,0,18,0,0,0,0.0,0.0,0.6,0.0,0.0,0.0,0,18,0.8215143999550492,12,12,300,58,18,,method1_proportional_scores_gamma1,unrestricted_maximum_cardinality_then_maximum_testing_evalue_sum,200,0,1,exact_fixed_count_order_statistics,300.0,1,False
39,e0d7ead49a7ac4b563874a21d445719afc09a138366b9c7f962ed82caddcad77,proven_maximal,maximize_sum_testing_e_values_at_maximum_cardinality,proven_optimal,20191.56324586457,2.628308513894935,7682.341376257367,0,0,16,,,27;55;58;74;93;105;108;125;147;164;179;184;190;192;194;198,0,0,16,0,0,0,0.0,0.0,0.5333333333333333,0.0,0.0,0.0,0,16,0.30754319997504354,5,5,249,55,16,,method1_proportional_scores_gamma1,unrestricted_maximum_cardinality_then_maximum_testing_evalue_sum,200,0,4,exact_fixed_count_order_statistics,300.0,1,False
40,adab9894c865c68cd4b3551a10ecf7b64c10449beeaaff1f7e5281803d1d3fa0,proven_maximal,maximize_sum_testing_e_values_at_maximum_cardinality,proven_optimal,16242.097707101158,1.9566334122465932,8301.042804156192,0,0,3,,,93;123;192,0,0,3,0,0,0,0.0,0.0,0.1,0.0,0.0,0.0,0,3,0.2679669999051839,3,3,252,55,3,,method1_proportional_scores_gamma1,unrestricted_maximum_cardinality_then_maximum_testing_evalue_sum,200,0,3,exact_fixed_count_order_statistics,300.0,1,False
41,bdd97aa8915588dfab83821c80a29853722a92d5992bdb2d808c894054f43dbe,proven_maximal,maximize_sum_testing_e_values_at_maximum_cardinality,proven_optimal,304787.7684237722,1.0677143239779485,285458.16196249414,0,0,17,,,26;40;48;52;53;55;59;60;62;74;98;107;110;114;132;136;164,0,0,17,0,0,0,0.0,0.0,0.5666666666666667,0.0,0.0,0.0,0,17,0.4711790999863297,8,8,256,45,17,,method1_proportional_scores_gamma1,unrestricted_maximum_cardinality_then_maximum_testing_evalue_sum,200,0,9,exact_fixed_count_order_statistics,300.0,1,False
42,ca4a43668ad9e2ef8af0963f70e188552e71a308d1a7ff658c49a10e0b173dea,proven_maximal,maximize_sum_testing_e_values_at_maximum_cardinality,proven_optimal,6708.911651285722,1.6064949160998334,4176.117573763181,0,0,7,,,44;65;68;136;140;143;154,0,0,7,0,0,0,0.0,0.0,0.23333333333333334,0.0,0.0,0.0,0,7,0.9079065998084843,11,8,276,52,7,,method1_proportional_scores_gamma1,unrestricted_maximum_cardinality_then_maximum_testing_evalue_sum,200,0,1,exact_fixed_count_order_statistics,300.0,1,False
43,e77a6749ea522b2f070b2d8199a42ff566f622165e52cc0f1321aa58c899cc42,proven_maximal,maximize_sum_testing_e_values_at_maximum_cardinality,proven_optimal,108409.92363345204,1.4961693228197817,72458.32539136372,0,0,12,,,32;47;53;62;75;81;83;84;113;156;180;197,0,0,12,0,0,0,0.0,0.0,0.4,0.0,0.0,0.0,0,12,1.1359038001392037,16,15,301,60,12,,method1_proportional_scores_gamma1,unrestricted_maximum_cardinality_then_maximum_testing_evalue_sum,200,0,6,exact_fixed_count_order_statistics,300.0,1,False
44,4a4dead7f25dd760cfae0c3ea1d5403e0c1fe31c7e7760efaaab5cc82de248a9,proven_maximal,maximize_sum_testing_e_values_at_maximum_cardinality,proven_optimal,19039.9218413362,2.452691392777016,7762.868943645857,0,0,14,,,11;23;30;47;48;65;94;101;109;122;154;171;191;198,0,0,14,0,0,0,0.0,0.0,0.4666666666666667,0.0,0.0,0.0,0,14,0.6206698999740183,12,12,307,51,14,,method1_proportional_scores_gamma1,unrestricted_maximum_cardinality_then_maximum_testing_evalue_sum,200,0,6,exact_fixed_count_order_statistics,300.0,1,False
45,75722127b5e75048bf668ed228ce9a90160176bc888dbce899b9b1e9cde02d32,proven_maximal,maximize_sum_testing_e_values_at_maximum_cardinality,proven_optimal,26684.544605636722,2.3099238449683335,11552.131756968178,0,0,15,,,1;13;17;54;56;76;77;79;103;130;147;176;178;184;195,0,0,15,0,0,0,0.0,0.0,0.5,0.0,0.0,0.0,0,15,0.6909235999919474,12,12,287,47,15,,method1_proportional_scores_gamma1,unrestricted_maximum_cardinality_then_maximum_testing_evalue_sum,200,0,8,exact_fixed_count_order_statistics,300.0,1,False
46,0f2c4a90f8927d3cfe5e64d556d7cce293d45205fced39671e69d3c4535538c3,proven_maximal,maximize_sum_testing_e_values_at_maximum_cardinality,proven_optimal,6807.490503923717,2.832516385660836,2403.336672079129,0,0,14,,,10;11;23;36;42;114;120;127;132;136;175;182;192;194,0,0,14,0,0,0,0.0,0.0,0.4666666666666667,0.0,0.0,0.0,0,14,0.5763781000860035,11,11,261,44,14,,method1_proportional_scores_gamma1,unrestricted_maximum_cardinality_then_maximum_testing_evalue_sum,200,0,0,exact_fixed_count_order_statistics,300.0,1,False
47,cce82c59dd3859912bae733fb74df98abb5dbe16dbfd6f890321d5d6c5e57aea,proven_maximal,maximize_sum_testing_e_values_at_maximum_cardinality,proven_optimal,4906372.067115284,1.0231754536385695,4795240.2001704285,0,0,21,,,7;24;40;47;61;79;85;111;115;116;128;131;134;139;142;158;168;170;175;182;192,0,0,21,0,0,0,0.0,0.0,0.7,0.0,0.0,0.0,0,21,0.907304999884218,13,13,297,52,21,,method1_proportional_scores_gamma1,unrestricted_maximum_cardinality_then_maximum_testing_evalue_sum,200,0,15,exact_fixed_count_order_statistics,300.0,1,False
48,3308f806762bf1de420aa3bb69d8198b54414811a644ab81e93b39119ea0011b,proven_maximal,maximize_sum_testing_e_values_at_maximum_cardinality,proven_optimal,5834.992077521003,5.322526817088443,1096.2823256779552,0,0,13,,,3;6;14;15;43;48;55;115;135;147;189;191;193,0,0,13,0,0,0,0.0,0.0,0.43333333333333335,0.0,0.0,0.0,0,13,0.601737700169906,9,9,267,52,13,,method1_proportional_scores_gamma1,unrestricted_maximum_cardinality_then_maximum_testing_evalue_sum,200,0,0,exact_fixed_count_order_statistics,300.0,1,False
49,ea4e67be7ba56a4a73992dd76488c8806f25cc7eabcc7af380dae86afd205273,proven_maximal,maximize_sum_testing_e_values_at_maximum_cardinality,proven_optimal,24194.80427004067,2.1230993768137276,11395.982936206865,0,0,12,,,5;21;23;43;89;98;111;119;130;131;140;150,0,0,12,0,0,0,0.0,0.0,0.4,0.0,0.0,0.0,0,12,0.4498311998322606,7,7,262,57,12,,method1_proportional_scores_gamma1,unrestricted_maximum_cardinality_then_maximum_testing_evalue_sum,200,0,5,exact_fixed_count_order_statistics,300.0,1,False
50,0cd5e5d669eb184279d282c1eb6376037d07066446e42c9922fddab1d45c1dbc,proven_maximal,maximize_sum_testing_e_values_at_maximum_cardinality,proven_optimal,7459.230486861037,2.5747214201407225,2897.1019654830657,0,0,10,,,5;9;25;47;62;72;85;134;151;171,0,0,10,0,0,0,0.0,0.0,0.3333333333333333,0.0,0.0,0.0,0,10,0.23013560008257627,4,4,248,54,10,,method1_proportional_scores_gamma1,unrestricted_maximum_cardinality_then_maximum_testing_evalue_sum,200,0,0,exact_fixed_count_order_statistics,300.0,1,False
51,2dfa02e1b3ca002bc4b76c220f0336ce6905c3bbb7069d707f15dd8f946dfd4d,proven_maximal,maximize_sum_testing_e_values_at_maximum_cardinality,proven_optimal,23255.71638813903,2.9658099765737362,7841.269862813426,0,0,22,,,33;40;43;46;47;49;53;77;88;91;92;94;111;125;126;144;145;149;153;164;186;194,0,0,22,0,0,0,0.0,0.0,0.7333333333333333,0.0,0.0,0.0,0,22,0.3121722999494523,5,5,257,56,22,,method1_proportional_scores_gamma1,unrestricted_maximum_cardinality_then_maximum_testing_evalue_sum,200,0,8,exact_fixed_count_order_statistics,300.0,1,False
52,ad9439d977eea7b90b1418bea4d0e2b2dd476d21035bbe9f4b8a0d1199b2f252,proven_maximal,maximize_sum_testing_e_values_at_maximum_cardinality,proven_optimal,2240.358549682265,2.2097546674193196,1013.8494479564496,0,0,12,,,7;8;59;71;110;116;125;138;148;158;165;166,0,0,12,0,0,0,0.0,0.0,0.4,0.0,0.0,0.0,0,12,1.0830023000016809,15,15,305,57,12,,method1_proportional_scores_gamma1,unrestricted_maximum_cardinality_then_maximum_testing_evalue_sum,200,0,0,exact_fixed_count_order_statistics,300.0,1,False
53,d77d74535208db6847ebb205855141d812d8d17c61673c50f23c53ccc3e83fcf,proven_maximal,maximize_sum_testing_e_values_at_maximum_cardinality,proven_optimal,65707.01240020101,2.1762417433879806,30192.883028660275,0,0,20,,,0;4;10;17;24;29;30;37;51;75;86;90;93;120;124;132;145;150;152;175,0,0,19,0,0,1,0.0,0.0,0.6333333333333333,0.0,0.0,0.05,0,20,0.4157700000796467,8,8,270,52,20,,method1_proportional_scores_gamma1,unrestricted_maximum_cardinality_then_maximum_testing_evalue_sum,200,0,8,exact_fixed_count_order_statistics,300.0,1,False
54,672a5edc7ba3b865ede25f15e9a3b4a34228834293ccd13ae66e7958e2f2fd30,proven_maximal,maximize_sum_testing_e_values_at_maximum_cardinality,proven_optimal,187790.4346499144,2.1315367847337092,88100.95889261177,0,0,24,,,32;38;47;70;74;75;79;86;90;99;103;110;118;136;143;144;145;148;162;164;166;171;186;195,0,0,24,0,0,0,0.0,0.0,0.8,0.0,0.0,0.0,0,24,0.8571567998733371,13,13,290,57,24,,method1_proportional_scores_gamma1,unrestricted_maximum_cardinality_then_maximum_testing_evalue_sum,200,0,9,exact_fixed_count_order_statistics,300.0,1,False
55,7c37a8d5feb49142d21d81d91de2e816813b2c172e8b072a984598f58e6ffe20,proven_maximal,maximize_sum_testing_e_values_at_maximum_cardinality,proven_optimal,31971.009059406064,2.801932780044362,11410.341207007785,0,0,17,,,31;40;65;76;79;80;85;96;99;109;126;135;150;155;159;194;195,0,0,17,0,0,0,0.0,0.0,0.5666666666666667,0.0,0.0,0.0,0,17,0.5657588001340628,10,10,278,46,17,,method1_proportional_scores_gamma1,unrestricted_maximum_cardinality_then_maximum_testing_evalue_sum,200,0,9,exact_fixed_count_order_statistics,300.0,1,False
56,147081bf25cbf3a29a9e90ae3e8ed80b1300b8d20e09a7be804a31332bf5e0d6,proven_maximal,maximize_sum_testing_e_values_at_maximum_cardinality,proven_optimal,23371.135210213703,4.25036915546786,5498.613027564455,0,0,16,,,27;68;77;78;90;91;93;111;115;144;151;158;174;179;180;186,0,0,16,0,0,0,0.0,0.0,0.5333333333333333,0.0,0.0,0.0,0,16,0.4860160001553595,8,8,275,53,16,,method1_proportional_scores_gamma1,unrestricted_maximum_cardinality_then_maximum_testing_evalue_sum,200,0,13,exact_fixed_count_order_statistics,300.0,1,False
57,3c389287bad9d4c5c6ecffc1bcf3822515d82d6da823ee8d39f03a3ea55cbdb9,proven_maximal,maximize_sum_testing_e_values_at_maximum_cardinality,proven_optimal,12393.76992734527,1.4581806072099197,8499.475213197005,0,0,12,,,21;29;35;52;73;77;124;150;163;175;183;185,0,0,12,0,0,0,0.0,0.0,0.4,0.0,0.0,0.0,0,12,0.37999099981971085,7,7,255,51,12,,method1_proportional_scores_gamma1,unrestricted_maximum_cardinality_then_maximum_testing_evalue_sum,200,0,1,exact_fixed_count_order_statistics,300.0,1,False
58,1e2a89ed3d7b20f65eab110d6fb993ad9a500ee64237a48435b53dc8807d5c1f,proven_maximal,maximize_sum_testing_e_values_at_maximum_cardinality,proven_optimal,46289.89444561138,1.3934586331873884,33219.42492094521,0,0,4,,,126;131;162;199,0,0,4,0,0,0,0.0,0.0,0.13333333333333333,0.0,0.0,0.0,0,4,1.0588305001147091,10,5,260,56,4,,method1_proportional_scores_gamma1,unrestricted_maximum_cardinality_then_maximum_testing_evalue_sum,200,0,4,exact_fixed_count_order_statistics,300.0,1,False
59,abb7d54083d5737c1c678dc2defac14502a637b625e319261c65dfb73d1b7a2c,proven_maximal,maximize_sum_testing_e_values_at_maximum_cardinality,proven_optimal,78687.86277016281,2.2565543399220767,34870.8034094495,0,0,23,,,39;42;51;59;78;80;88;91;100;106;109;112;122;123;126;134;145;157;165;172;174;183;197,0,0,23,0,0,0,0.0,0.0,0.7666666666666667,0.0,0.0,0.0,0,23,0.27541489992290735,5,5,253,58,23,,method1_proportional_scores_gamma1,unrestricted_maximum_cardinality_then_maximum_testing_evalue_sum,200,0,10,exact_fixed_count_order_statistics,300.0,1,False
60,1ec157b4315f9674c7766889ea54ffa5159bf9701c1b0851a7c108fe77734280,proven_maximal,maximize_sum_testing_e_values_at_maximum_cardinality,proven_optimal,11943.31583739522,1.9464585004578485,6135.921127825688,0,0,8,,,9;14;115;127;162;171;181;184,0,0,8,0,0,0,0.0,0.0,0.26666666666666666,0.0,0.0,0.0,0,8,0.6583573000971228,8,6,248,49,8,,method1_proportional_scores_gamma1,unrestricted_maximum_cardinality_then_maximum_testing_evalue_sum,200,0,4,exact_fixed_count_order_statistics,300.0,1,False
61,033275983de73e175c8126979fe5fa3f553d381af34dec332475ceed952af971,proven_maximal,maximize_sum_testing_e_values_at_maximum_cardinality,proven_optimal,0.0,0.0,35342.76473261122,0,0,0,,,,0,0,0,0,0,0,0.0,0.0,0.0,0.0,0.0,0.0,0,0,0.20477019995450974,3,3,268,68,0,,method1_proportional_scores_gamma1,unrestricted_maximum_cardinality_then_maximum_testing_evalue_sum,200,0,1,exact_fixed_count_order_statistics,300.0,1,False
62,75a3b42bc8202fbcf58bb108f10995116340f83adc18e9b0ab1b1ae0386ce51e,proven_maximal,maximize_sum_testing_e_values_at_maximum_cardinality,proven_optimal,28076.869427325433,2.530463919725293,11095.542287112892,0,0,22,,,12;41;42;48;50;59;61;73;74;79;83;87;98;108;112;113;132;133;138;151;172;196,0,0,22,0,0,0,0.0,0.0,0.7333333333333333,0.0,0.0,0.0,0,22,0.21037820004858077,4,4,239,52,22,,method1_proportional_scores_gamma1,unrestricted_maximum_cardinality_then_maximum_testing_evalue_sum,200,0,16,exact_fixed_count_order_statistics,300.0,1,False
63,376681bce7f2b78a6fa18aa5748020aabff3efc2e840ac3e6f7cc6e8fd51e8b1,proven_maximal,maximize_sum_testing_e_values_at_maximum_cardinality,proven_optimal,26875.296263817156,3.605896662447432,7453.152094928886,0,0,23,,,0;8;14;19;41;65;72;79;87;93;116;125;139;147;148;161;174;176;178;179;181;186;197,0,0,23,0,0,0,0.0,0.0,0.7666666666666667,0.0,0.0,0.0,0,23,0.5923673999495804,10,10,274,55,23,,method1_proportional_scores_gamma1,unrestricted_maximum_cardinality_then_maximum_testing_evalue_sum,200,0,11,exact_fixed_count_order_statistics,300.0,1,False
64,a5c1d46085f8a753f8c96ed19dc907665dacadce502f5bf5addd6db40aafdef4,proven_maximal,maximize_sum_testing_e_values_at_maximum_cardinality,proven_optimal,7488.119735565966,2.4404333429017093,3068.356592220006,0,0,25,,,2;7;10;42;47;62;91;92;98;105;108;119;122;130;134;140;142;159;167;184;187;188;192;193;194,0,0,25,0,0,0,0.0,0.0,0.8333333333333334,0.0,0.0,0.0,0,25,0.3109730000142008,7,7,239,51,25,,method1_proportional_scores_gamma1,unrestricted_maximum_cardinality_then_maximum_testing_evalue_sum,200,0,0,exact_fixed_count_order_statistics,300.0,1,False
65,bb9567b4a3e9813cb0afe1c91baef164c3befe78be4d280e062d2e6b50cee69a,proven_maximal,maximize_sum_testing_e_values_at_maximum_cardinality,proven_optimal,52034.343744439946,1.5941764281169903,32640.26667732246,0,0,16,,,11;15;32;35;47;61;73;88;96;112;113;154;163;176;195;197,0,0,16,0,0,0,0.0,0.0,0.5333333333333333,0.0,0.0,0.0,0,16,0.7544301999732852,10,10,280,54,16,,method1_proportional_scores_gamma1,unrestricted_maximum_cardinality_then_maximum_testing_evalue_sum,200,0,8,exact_fixed_count_order_statistics,300.0,1,False
66,41bf73c9f035986786fc9eec05700668b105a18473dc09820f9b34901d80bbfb,proven_maximal,maximize_sum_testing_e_values_at_maximum_cardinality,proven_optimal,27227.369923795162,1.865067841689691,14598.594922492495,0,0,16,,,0;11;25;36;65;69;81;88;108;115;124;128;132;141;151;184,0,0,16,0,0,0,0.0,0.0,0.5333333333333333,0.0,0.0,0.0,0,16,1.09584919991903,15,14,260,47,16,,method1_proportional_scores_gamma1,unrestricted_maximum_cardinality_then_maximum_testing_evalue_sum,200,0,10,exact_fixed_count_order_statistics,300.0,1,False
67,fd046c3720439c65597e7abab2daf1ef8ae02d19a2f68eeff5b0982216d8aefd,proven_maximal,maximize_sum_testing_e_values_at_maximum_cardinality,proven_optimal,12445.143713807407,2.3985002019854664,5188.719060146578,0,0,10,,,51;71;90;96;111;118;122;132;138;182,0,0,10,0,0,0,0.0,0.0,0.3333333333333333,0.0,0.0,0.0,0,10,2.031324899988249,17,16,323,61,10,,method1_proportional_scores_gamma1,unrestricted_maximum_cardinality_then_maximum_testing_evalue_sum,200,0,6,exact_fixed_count_order_statistics,300.0,1,False
68,79a42107813b9c12946ae4cbd02716102d817aecd95b781bce3b3fb431511a99,proven_maximal,maximize_sum_testing_e_values_at_maximum_cardinality,proven_optimal,14506.99504069527,1.6453245931758018,8817.102169909162,0,0,8,,,12;34;39;51;58;69;106;150,0,0,8,0,0,0,0.0,0.0,0.26666666666666666,0.0,0.0,0.0,0,8,0.7475855001248419,8,6,274,63,8,,method1_proportional_scores_gamma1,unrestricted_maximum_cardinality_then_maximum_testing_evalue_sum,200,0,9,exact_fixed_count_order_statistics,300.0,1,False
69,14e96d63d297e4eb223a84e195f679c27f4e9fd1d48b34339c61839ee38bf7b2,proven_maximal,maximize_sum_testing_e_values_at_maximum_cardinality,proven_optimal,54987.285295534326,1.929279881075397,28501.455820336418,0,0,20,,,9;11;20;31;46;53;66;79;97;99;115;126;130;139;141;148;159;163;173;195,0,0,20,0,0,0,0.0,0.0,0.6666666666666666,0.0,0.0,0.0,0,20,0.6676044000778347,10,10,290,49,20,,method1_proportional_scores_gamma1,unrestricted_maximum_cardinality_then_maximum_testing_evalue_sum,200,0,6,exact_fixed_count_order_statistics,300.0,1,False
70,6f90f1eca90d51d04d6dd4a716308a19917bc0a12710f6daba2e2d6cd60328aa,proven_maximal,maximize_sum_testing_e_values_at_maximum_cardinality,proven_optimal,43001.104138133545,1.8584786958109387,23137.79772405204,0,0,20,,,14;15;27;40;45;73;76;117;119;133;142;143;150;154;155;156;158;162;173;194,0,0,20,0,0,0,0.0,0.0,0.6666666666666666,0.0,0.0,0.0,0,20,0.24623519997112453,5,5,245,49,20,,method1_proportional_scores_gamma1,unrestricted_maximum_cardinality_then_maximum_testing_evalue_sum,200,0,13,exact_fixed_count_order_statistics,300.0,1,False
71,1b2e878853fdfdc387d174a85d74f06ae92549a60487c0fac502984b4075fddd,proven_maximal,maximize_sum_testing_e_values_at_maximum_cardinality,proven_optimal,52700.87356942551,1.43817556733368,36644.25593540768,0,0,6,,,36;70;138;152;169;176,0,0,6,0,0,0,0.0,0.0,0.2,0.0,0.0,0.0,0,6,0.9783222998958081,13,9,261,51,6,,method1_proportional_scores_gamma1,unrestricted_maximum_cardinality_then_maximum_testing_evalue_sum,200,0,6,exact_fixed_count_order_statistics,300.0,1,False
72,dd40c6e1f589a02124987eb142af330edf67cdfb2e250f0e5d0252b4d099793e,proven_maximal,maximize_sum_testing_e_values_at_maximum_cardinality,proven_optimal,5784.398968583008,4.233717196281755,1366.269568894005,0,0,15,,,3;32;52;53;63;87;91;92;120;160;163;165;190;196;199,0,0,15,0,0,0,0.0,0.0,0.5,0.0,0.0,0.0,0,15,1.4540917999111116,14,14,331,55,15,,method1_proportional_scores_gamma1,unrestricted_maximum_cardinality_then_maximum_testing_evalue_sum,200,0,0,exact_fixed_count_order_statistics,300.0,1,False
73,bb9bd56562be9cc354ab5c5dcb7fcace53885d3b1e7e208aa7d539abd607996f,proven_maximal,maximize_sum_testing_e_values_at_maximum_cardinality,proven_optimal,13453.203184409076,2.8097371988347906,4788.064588385054,0,0,12,,,13;29;41;52;68;114;142;165;186;193;196;198,0,0,12,0,0,0,0.0,0.0,0.4,0.0,0.0,0.0,0,12,0.6175335000734776,10,10,268,49,12,,method1_proportional_scores_gamma1,unrestricted_maximum_cardinality_then_maximum_testing_evalue_sum,200,0,3,exact_fixed_count_order_statistics,300.0,1,False
74,f2bcf373c12140b3c317dbe22f6b5de60288a4f56872905fb71383ebe685f1ce,proven_maximal,maximize_sum_testing_e_values_at_maximum_cardinality,proven_optimal,18037.730529066605,3.127405718779478,5767.6336718173325,0,0,13,,,36;94;102;119;124;129;136;138;155;156;185;193;199,0,0,13,0,0,0,0.0,0.0,0.43333333333333335,0.0,0.0,0.0,0,13,0.7190364999696612,12,12,279,55,13,,method1_proportional_scores_gamma1,unrestricted_maximum_cardinality_then_maximum_testing_evalue_sum,200,0,7,exact_fixed_count_order_statistics,300.0,1,False
75,1c70bbc202bd4edf082b8170b67f17afa12d3accab7195595b8691eae0c39d19,proven_maximal,maximize_sum_testing_e_values_at_maximum_cardinality,proven_optimal,8982.12412876105,1.1237833519633826,7992.754219991082,0,0,5,,,16;128;140;145;189,0,0,5,0,0,0,0.0,0.0,0.16666666666666666,0.0,0.0,0.0,0,5,1.7198745999485254,31,27,351,51,5,,method1_proportional_scores_gamma1,unrestricted_maximum_cardinality_then_maximum_testing_evalue_sum,200,0,1,exact_fixed_count_order_statistics,300.0,1,False
76,193295a3f958c16c4eab12b4150521e8c571243b24cd3907708caf687aa62c2b,proven_maximal,maximize_sum_testing_e_values_at_maximum_cardinality,proven_optimal,78813.97788136435,1.9772903385491027,39859.58781308592,0,0,21,,,4;5;19;31;33;45;68;73;87;104;108;109;114;130;131;145;146;158;161;169;178,0,0,21,0,0,0,0.0,0.0,0.7,0.0,0.0,0.0,0,21,0.42969100014306605,9,9,238,38,21,,method1_proportional_scores_gamma1,unrestricted_maximum_cardinality_then_maximum_testing_evalue_sum,200,0,11,exact_fixed_count_order_statistics,300.0,1,False
77,322d7f566bdb3539b24d9ffaee98e77b76e00ab62a310c0234222ed07ce28a9d,proven_maximal,maximize_sum_testing_e_values_at_maximum_cardinality,proven_optimal,16087.777996904479,4.02949716992525,3992.502617194522,0,0,15,,,32;43;61;64;91;131;132;134;136;143;146;163;178;183;188,0,0,15,0,0,0,0.0,0.0,0.5,0.0,0.0,0.0,0,15,0.5140327999833971,8,8,281,60,15,,method1_proportional_scores_gamma1,unrestricted_maximum_cardinality_then_maximum_testing_evalue_sum,200,0,7,exact_fixed_count_order_statistics,300.0,1,False
78,a06bf241dd64bca3606747fd58ec28c1883a49b8d06ae5cf769e18333eb3521d,proven_maximal,maximize_sum_testing_e_values_at_maximum_cardinality,proven_optimal,74914.76433507375,1.4723504733890627,50881.067849718296,0,0,14,,,16;18;39;67;73;93;103;126;136;150;164;166;182;190,0,0,14,0,0,0,0.0,0.0,0.4666666666666667,0.0,0.0,0.0,0,14,1.541889099869877,15,14,274,50,14,,method1_proportional_scores_gamma1,unrestricted_maximum_cardinality_then_maximum_testing_evalue_sum,200,0,8,exact_fixed_count_order_statistics,300.0,1,False
79,b93d06ea054f7faa5c55abfb5751f1d5dc110f4500940980953516f88663c89b,proven_maximal,maximize_sum_testing_e_values_at_maximum_cardinality,proven_optimal,30127.166462329853,1.534747488830278,19630.04773201587,0,0,12,,,0;11;20;36;53;62;93;113;121;158;176;181,0,0,11,0,0,1,0.0,0.0,0.36666666666666664,0.0,0.0,0.08333333333333333,0,12,0.5645755000878125,10,10,265,49,12,,method1_proportional_scores_gamma1,unrestricted_maximum_cardinality_then_maximum_testing_evalue_sum,200,0,5,exact_fixed_count_order_statistics,300.0,1,False
80,3fd53293101820d634634318a091d164aaed2330b343a44d68cd86afb1d24855,proven_maximal,maximize_sum_testing_e_values_at_maximum_cardinality,proven_optimal,10009.05963734593,3.0388419725186555,3293.708500758338,0,0,16,,,11;18;20;36;53;76;79;90;124;130;144;156;160;163;164;184,0,0,16,0,0,0,0.0,0.0,0.5333333333333333,0.0,0.0,0.0,0,16,1.2111270998138934,16,15,283,45,16,,method1_proportional_scores_gamma1,unrestricted_maximum_cardinality_then_maximum_testing_evalue_sum,200,0,0,exact_fixed_count_order_statistics,300.0,1,False
81,df243d232fd14a98bafc52778105fb2cdef53d805e0578988a2315663dd2de0f,proven_maximal,maximize_sum_testing_e_values_at_maximum_cardinality,proven_optimal,35481.50363279675,3.373056944056915,10519.09416925576,0,0,23,,,0;17;33;34;36;37;77;79;83;85;94;127;128;131;137;138;140;144;149;163;172;179;197,0,0,23,0,0,0,0.0,0.0,0.7666666666666667,0.0,0.0,0.0,0,23,0.4995619999244809,10,10,259,51,23,,method1_proportional_scores_gamma1,unrestricted_maximum_cardinality_then_maximum_testing_evalue_sum,200,0,9,exact_fixed_count_order_statistics,300.0,1,False
82,49931954b7b7d93784bf9350e7a82bb40776434ad14f5a5bc2bb81b4f6c6a907,proven_maximal,maximize_sum_testing_e_values_at_maximum_cardinality,proven_optimal,3196.8966785479115,3.7710750937075366,847.7414527974512,0,0,15,,,12;40;42;49;53;73;94;104;106;119;121;127;139;145;190,0,0,15,0,0,0,0.0,0.0,0.5,0.0,0.0,0.0,0,15,0.5936979001853615,12,12,279,44,15,,method1_proportional_scores_gamma1,unrestricted_maximum_cardinality_then_maximum_testing_evalue_sum,200,0,0,exact_fixed_count_order_statistics,300.0,1,False
83,a2dc3ea4cfe19370431c59a0718360d8d32095e3af2582d8cb54fd19959cff0e,proven_maximal,maximize_sum_testing_e_values_at_maximum_cardinality,proven_optimal,37624.36800551122,3.1359249886992027,11997.853309979202,0,0,10,,,57;79;93;101;124;158;163;164;173;178,0,0,10,0,0,0,0.0,0.0,0.3333333333333333,0.0,0.0,0.0,0,10,0.9715183998923749,15,14,273,46,10,,method1_proportional_scores_gamma1,unrestricted_maximum_cardinality_then_maximum_testing_evalue_sum,200,0,7,exact_fixed_count_order_statistics,300.0,1,False
84,41acc7da0c555020e48cf8a5ff4bcd19eae5d9045901af8c9da5918f4ae2c510,proven_maximal,maximize_sum_testing_e_values_at_maximum_cardinality,proven_optimal,478247.83235690824,1.1663443912029252,410039.9812988862,0,0,17,,,0;3;13;17;26;42;48;61;89;107;111;127;130;143;144;182;185,0,0,17,0,0,0,0.0,0.0,0.5666666666666667,0.0,0.0,0.0,0,17,0.22214199998416007,4,4,232,43,17,,method1_proportional_scores_gamma1,unrestricted_maximum_cardinality_then_maximum_testing_evalue_sum,200,0,6,exact_fixed_count_order_statistics,300.0,1,False
85,563964727655921b0209307fa39d5cc978c2781bcc2ec021044201351a3ae85b,proven_maximal,maximize_sum_testing_e_values_at_maximum_cardinality,proven_optimal,18482.19168909642,1.6527263196850104,11182.850704900073,0,0,18,,,10;25;55;68;85;91;106;107;111;123;132;147;170;175;176;189;193;199,0,0,18,0,0,0,0.0,0.0,0.6,0.0,0.0,0.0,0,18,1.3176822001114488,21,20,339,58,18,,method1_proportional_scores_gamma1,unrestricted_maximum_cardinality_then_maximum_testing_evalue_sum,200,0,2,exact_fixed_count_order_statistics,300.0,1,False
86,90912c44f277f5d59a41cc2fe44ae1a8fae135bac3766364544f7fe2c0702935,proven_maximal,maximize_sum_testing_e_values_at_maximum_cardinality,proven_optimal,616824.3442935428,1.0262309846528543,601058.001091438,0,0,18,,,2;6;22;36;50;55;67;75;88;90;101;118;126;131;147;163;176;182,0,0,18,0,0,0,0.0,0.0,0.6,0.0,0.0,0.0,0,18,0.5193859999999404,9,9,268,43,18,,method1_proportional_scores_gamma1,unrestricted_maximum_cardinality_then_maximum_testing_evalue_sum,200,0,10,exact_fixed_count_order_statistics,300.0,1,False
87,29d1083c3e435ca5afac76db891a961ca934f95a34d00524f7b738fba1c87687,proven_maximal,maximize_sum_testing_e_values_at_maximum_cardinality,proven_optimal,14485.311291196833,2.64510129504189,5476.278476876792,0,0,13,,,27;57;64;84;85;96;111;114;120;144;174;194;198,0,0,13,0,0,0,0.0,0.0,0.43333333333333335,0.0,0.0,0.0,0,13,1.234326499979943,20,19,326,55,13,,method1_proportional_scores_gamma1,unrestricted_maximum_cardinality_then_maximum_testing_evalue_sum,200,0,7,exact_fixed_count_order_statistics,300.0,1,False
88,ae0f9b7899fa7c27a238f23b7e9db45a67c0b0471fa5c36a219a4d4652764470,proven_maximal,maximize_sum_testing_e_values_at_maximum_cardinality,proven_optimal,19329.41649048516,2.405471860981135,8035.602828711181,0,0,16,,,4;41;44;50;52;64;76;93;104;106;114;130;133;141;143;189,0,0,16,0,0,0,0.0,0.0,0.5333333333333333,0.0,0.0,0.0,0,16,0.22838969994336367,5,5,233,40,16,,method1_proportional_scores_gamma1,unrestricted_maximum_cardinality_then_maximum_testing_evalue_sum,200,0,5,exact_fixed_count_order_statistics,300.0,1,False
89,8195520abcb2899cb978cbb132740086d37fc566ac168393f98d56d11b642e82,proven_maximal,maximize_sum_testing_e_values_at_maximum_cardinality,proven_optimal,35550.489339884945,4.46981952228792,7953.450729412915,0,0,15,,,3;7;38;67;74;81;82;95;99;101;111;125;137;183;197,0,0,14,0,0,1,0.0,0.0,0.4666666666666667,0.0,0.0,0.06666666666666667,0,15,0.8930351999588311,16,15,261,46,15,,method1_proportional_scores_gamma1,unrestricted_maximum_cardinality_then_maximum_testing_evalue_sum,200,0,9,exact_fixed_count_order_statistics,300.0,1,False
90,6dc209e1cd0648209c837f2c1d103d9fe22f7d6ba272414530ab0888bc8a15f1,proven_maximal,maximize_sum_testing_e_values_at_maximum_cardinality,proven_optimal,147202.61607902558,1.0321232203869,142621.1649650179,0,0,19,,,2;3;32;38;40;46;65;71;76;90;92;96;108;117;156;173;182;184;199,0,0,19,0,0,0,0.0,0.0,0.6333333333333333,0.0,0.0,0.0,0,19,0.6409119998570532,9,9,281,66,19,,method1_proportional_scores_gamma1,unrestricted_maximum_cardinality_then_maximum_testing_evalue_sum,200,0,1,exact_fixed_count_order_statistics,300.0,1,False
91,ae2b61fa404f9843efa05b4d767fcac760911b4fcf5ab0289d1dcb8a04779814,proven_maximal,maximize_sum_testing_e_values_at_maximum_cardinality,proven_optimal,31913.504728804473,1.5982749650857289,19967.468318001644,0,0,12,,,41;44;103;107;129;135;149;162;163;171;177;190,0,0,12,0,0,0,0.0,0.0,0.4,0.0,0.0,0.0,0,12,2.6063736001960933,57,56,402,52,12,,method1_proportional_scores_gamma1,unrestricted_maximum_cardinality_then_maximum_testing_evalue_sum,200,0,7,exact_fixed_count_order_statistics,300.0,1,False
92,2e0602537c18354ec04d3be0543e8350e56f08180db281ba592fbe577f994906,proven_maximal,maximize_sum_testing_e_values_at_maximum_cardinality,proven_optimal,37444.815865398974,2.891840760297456,12948.43629686836,0,0,24,,,10;13;39;44;45;52;58;67;73;82;91;99;119;136;141;149;163;164;170;173;181;185;190;192,0,0,24,0,0,0,0.0,0.0,0.8,0.0,0.0,0.0,0,24,0.355067600030452,6,6,275,55,24,,method1_proportional_scores_gamma1,unrestricted_maximum_cardinality_then_maximum_testing_evalue_sum,200,0,4,exact_fixed_count_order_statistics,300.0,1,False
93,9476f1825521b9e177fd9a5927b8825933769c98845f5e0e39a3f4501679368e,proven_maximal,maximize_sum_testing_e_values_at_maximum_cardinality,proven_optimal,10247.991154408028,2.1188713276244058,4836.533026239808,0,0,17,,,23;29;50;51;55;69;79;107;129;130;144;155;178;183;184;192;196,0,0,17,0,0,0,0.0,0.0,0.5666666666666667,0.0,0.0,0.0,0,17,0.6305004998575896,12,12,287,59,17,,method1_proportional_scores_gamma1,unrestricted_maximum_cardinality_then_maximum_testing_evalue_sum,200,0,1,exact_fixed_count_order_statistics,300.0,1,False
94,92652a28132e152d7705c4a2ee8de58aae09522b9a7eb84465386533bf1a6683,proven_maximal,maximize_sum_testing_e_values_at_maximum_cardinality,proven_optimal,54767.41562575308,1.2971534061197756,42221.232559979886,0,0,18,,,6;15;17;32;39;63;65;71;87;88;97;106;113;130;137;162;166;185,0,0,18,0,0,0,0.0,0.0,0.6,0.0,0.0,0.0,0,18,0.555224800016731,10,10,278,51,18,,method1_proportional_scores_gamma1,unrestricted_maximum_cardinality_then_maximum_testing_evalue_sum,200,0,2,exact_fixed_count_order_statistics,300.0,1,False
95,1500ece20fc729013f71605dd1bf703fa9c71aabd9ec9c7c01bbd0e9e14d3c3b,proven_maximal,maximize_sum_testing_e_values_at_maximum_cardinality,proven_optimal,15862.674415543554,3.323602003443412,4772.735844757904,0,0,11,,,16;19;26;41;108;111;126;146;156;183;199,0,0,11,0,0,0,0.0,0.0,0.36666666666666664,0.0,0.0,0.0,0,11,1.0907725000288337,15,14,298,53,11,,method1_proportional_scores_gamma1,unrestricted_maximum_cardinality_then_maximum_testing_evalue_sum,200,0,5,exact_fixed_count_order_statistics,300.0,1,False
96,ddb1ea020b3371b3da92708ce3b69d8b9e2c1c115bd2c798a2a61b5bd6e01f70,proven_maximal,maximize_sum_testing_e_values_at_maximum_cardinality,proven_optimal,45129.1171509117,1.3362687250160583,33772.48625673655,0,0,20,,,53;55;83;89;101;126;130;133;137;141;143;152;155;156;162;164;172;186;192;193,0,0,20,0,0,0,0.0,0.0,0.6666666666666666,0.0,0.0,0.0,0,20,0.4625567998737097,9,9,270,46,20,,method1_proportional_scores_gamma1,unrestricted_maximum_cardinality_then_maximum_testing_evalue_sum,200,0,6,exact_fixed_count_order_statistics,300.0,1,False
97,b6a10bf197b1a3e57f75585e3309d5097934ca9cec60fc6b1f9f7e96f0ab69f8,proven_maximal,maximize_sum_testing_e_values_at_maximum_cardinality,proven_optimal,23284.572357719266,3.411667221846043,6824.983459295322,0,0,17,,,9;10;25;35;73;103;112;114;127;131;142;154;166;167;174;181;185,0,0,17,0,0,0,0.0,0.0,0.5666666666666667,0.0,0.0,0.0,0,17,1.6487233999650925,15,14,272,63,17,,method1_proportional_scores_gamma1,unrestricted_maximum_cardinality_then_maximum_testing_evalue_sum,200,0,8,exact_fixed_count_order_statistics,300.0,1,False
98,c4814633f9330cdee559287668ea7de3db6e62df8c288add7983ed87328fcc4f,proven_maximal,maximize_sum_testing_e_values_at_maximum_cardinality,proven_optimal,22343.78249788356,1.4552446415457616,15353.969951162288,0,0,21,,,4;19;21;33;34;51;108;120;121;134;137;140;143;161;163;166;183;184;189;192;193,0,0,21,0,0,0,0.0,0.0,0.7,0.0,0.0,0.0,0,21,0.3489744998514652,8,8,262,51,21,,method1_proportional_scores_gamma1,unrestricted_maximum_cardinality_then_maximum_testing_evalue_sum,200,0,3,exact_fixed_count_order_statistics,300.0,1,False
99,566dd6df25ee86c809c73ab89bc322231fdea83f7ca8f61effa6ceae81ed82f6,proven_maximal,maximize_sum_testing_e_values_at_maximum_cardinality,proven_optimal,236460.16702291704,1.0666348678399156,221688.015414105,0,0,22,,,0;8;11;18;23;36;37;73;81;90;103;117;126;133;148;149;153;155;158;190;193;195,0,0,21,0,0,1,0.0,0.0,0.7,0.0,0.0,0.045454545454545456,0,22,0.27138229995034635,5,5,252,54,22,,method1_proportional_scores_gamma1,unrestricted_maximum_cardinality_then_maximum_testing_evalue_sum,200,0,7,exact_fixed_count_order_statistics,300.0,1,False
100,5e46ac187a85cd70f25e179b44af4415dd171ae5bc154455bf08c65beebe14a0,proven_maximal,maximize_sum_testing_e_values_at_maximum_cardinality,proven_optimal,162424.73082928453,1.121798889327229,144789.52722684073,0,0,18,,,0;23;29;38;50;59;64;66;73;81;90;114;121;129;138;151;156;168,0,0,18,0,0,0,0.0,0.0,0.6,0.0,0.0,0.0,0,18,0.7461949998978525,14,14,253,49,18,,method1_proportional_scores_gamma1,unrestricted_maximum_cardinality_then_maximum_testing_evalue_sum,200,0,8,exact_fixed_count_order_statistics,300.0,1,False
101,b73eb1779e4a00bdcd0faf9b6ce018168bfce45051f3281e4128bc020a3fbb69,proven_maximal,maximize_sum_testing_e_values_at_maximum_cardinality,proven_optimal,41615.21163209739,1.7686238568712271,23529.712929303416,0,0,15,,,2;4;45;55;65;66;99;112;113;119;132;159;160;173;194,0,0,15,0,0,0,0.0,0.0,0.5,0.0,0.0,0.0,0,15,0.3599695998709649,6,6,270,57,15,,method1_proportional_scores_gamma1,unrestricted_maximum_cardinality_then_maximum_testing_evalue_sum,200,0,6,exact_fixed_count_order_statistics,300.0,1,False
102,20e6d5bf9f5f9b84bba0411b866075a92b88eeca026ea2991f7c3c388a2931a0,proven_maximal,maximize_sum_testing_e_values_at_maximum_cardinality,proven_optimal,410992.92043387727,1.7365329395256002,236674.4166374152,0,0,14,,,26;28;32;42;49;57;76;93;105;109;157;158;161;181,0,0,14,0,0,0,0.0,0.0,0.4666666666666667,0.0,0.0,0.0,0,14,0.5564829001668841,11,11,271,50,14,,method1_proportional_scores_gamma1,unrestricted_maximum_cardinality_then_maximum_testing_evalue_sum,200,0,10,exact_fixed_count_order_statistics,300.0,1,False
103,d53a69a5dc4c6ff49a23283da2949de7efb0e5a29003a6e476122aa610641a22,proven_maximal,maximize_sum_testing_e_values_at_maximum_cardinality,proven_optimal,8016.469536435843,3.1441919570908436,2549.6119975617084,0,0,20,,,9;15;19;24;25;26;27;28;30;32;51;53;97;108;145;160;170;172;185;191,0,0,19,0,0,1,0.0,0.0,0.6333333333333333,0.0,0.0,0.05,0,20,1.1084468001499772,14,14,315,64,20,,method1_proportional_scores_gamma1,unrestricted_maximum_cardinality_then_maximum_testing_evalue_sum,200,0,2,exact_fixed_count_order_statistics,300.0,1,False
104,b639d1627236cb2ada721bec7f264d7de897488cf9f8f3345927ee763b962117,proven_maximal,maximize_sum_testing_e_values_at_maximum_cardinality,proven_optimal,947121.4590394219,1.0687898561192466,886162.4702150524,0,0,25,,,9;11;21;22;24;29;50;55;56;63;76;83;86;95;104;111;126;146;160;162;174;184;185;190;193,0,0,25,0,0,0,0.0,0.0,0.8333333333333334,0.0,0.0,0.0,0,25,0.3753057001158595,6,6,260,60,25,,method1_proportional_scores_gamma1,unrestricted_maximum_cardinality_then_maximum_testing_evalue_sum,200,0,6,exact_fixed_count_order_statistics,300.0,1,False
105,7b6e44cbc671f3e388d3540885b1f103163572095e5ad3840d8bf42b817703b4,proven_maximal,maximize_sum_testing_e_values_at_maximum_cardinality,proven_optimal,137525.51116628025,1.1837383625010922,116178.97630326512,0,0,12,,,43;51;97;102;125;126;149;160;161;163;174;182,0,0,12,0,0,0,0.0,0.0,0.4,0.0,0.0,0.0,0,12,0.47097799996845424,6,6,247,50,12,,method1_proportional_scores_gamma1,unrestricted_maximum_cardinality_then_maximum_testing_evalue_sum,200,0,9,exact_fixed_count_order_statistics,300.0,1,False
106,f1fe9c7adcd97b88f47ee7643a8e3a57f3c1313aa9c34015cf74c4c58e6bb884,proven_maximal,maximize_sum_testing_e_values_at_maximum_cardinality,proven_optimal,50394.39977251687,1.120646378920831,44969.04707892428,0,0,17,,,14;39;55;75;77;83;84;87;92;93;113;150;167;186;191;195;196,0,0,17,0,0,0,0.0,0.0,0.5666666666666667,0.0,0.0,0.0,0,17,1.0400276000145823,15,14,294,60,17,,method1_proportional_scores_gamma1,unrestricted_maximum_cardinality_then_maximum_testing_evalue_sum,200,0,1,exact_fixed_count_order_statistics,300.0,1,False
107,c075c782db6460b96779edb60e0c281390ce66b3edd3d99cb743cfd95c716475,proven_maximal,maximize_sum_testing_e_values_at_maximum_cardinality,proven_optimal,8727.541825659817,2.6181555253334405,3333.469590026858,0,0,7,,,12;21;83;97;111;125;149,0,0,7,0,0,0,0.0,0.0,0.23333333333333334,0.0,0.0,0.0,0,7,2.4481927999295294,55,54,446,54,7,,method1_proportional_scores_gamma1,unrestricted_maximum_cardinality_then_maximum_testing_evalue_sum,200,0,0,exact_fixed_count_order_statistics,300.0,1,False
108,a43ecb28180174bbf1dccf005ab12beb60d4263ecfad7c062118fe4aa5635810,proven_maximal,maximize_sum_testing_e_values_at_maximum_cardinality,proven_optimal,28061.972294412717,2.582639200886982,10865.618505587272,0,0,17,,,9;21;32;50;56;60;80;89;133;147;154;157;166;175;190;191;196,0,0,16,0,0,1,0.0,0.0,0.5333333333333333,0.0,0.0,0.058823529411764705,0,17,0.9876829001586884,14,14,290,59,17,,method1_proportional_scores_gamma1,unrestricted_maximum_cardinality_then_maximum_testing_evalue_sum,200,0,7,exact_fixed_count_order_statistics,300.0,1,False
109,1d4936611716d8e51a04fbb68ae049a4ce74b661d6dbb7aef5a9063989462204,proven_maximal,maximize_sum_testing_e_values_at_maximum_cardinality,proven_optimal,23409.886328681245,2.241973748462472,10441.641586898846,0,0,13,,,8;13;15;30;33;68;84;92;94;99;114;134;194,0,0,13,0,0,0,0.0,0.0,0.43333333333333335,0.0,0.0,0.0,0,13,0.2509359000250697,6,6,244,46,13,,method1_proportional_scores_gamma1,unrestricted_maximum_cardinality_then_maximum_testing_evalue_sum,200,0,9,exact_fixed_count_order_statistics,300.0,1,False
110,33b3f786b0b7c25af4ed09fbb932d5453f18b809a7485ee223a0aca4f0868230,proven_maximal,maximize_sum_testing_e_values_at_maximum_cardinality,proven_optimal,37780.5686861102,2.4668443451485014,15315.343572614369,0,0,16,,,2;17;23;58;74;76;82;108;112;139;158;161;165;168;178;195,0,0,16,0,0,0,0.0,0.0,0.5333333333333333,0.0,0.0,0.0,0,16,1.2643283000215888,15,14,290,59,16,,method1_proportional_scores_gamma1,unrestricted_maximum_cardinality_then_maximum_testing_evalue_sum,200,0,5,exact_fixed_count_order_statistics,300.0,1,False
111,1dc27658d960ac8bafa58f1361306a4d65f4518a035d0923f21fa07717246958,proven_maximal,maximize_sum_testing_e_values_at_maximum_cardinality,proven_optimal,47709.12478935213,1.3624456965052607,35017.26704537902,0,0,19,,,8;16;65;76;81;89;130;137;145;146;149;153;160;169;177;182;187;188;189,0,0,18,0,0,1,0.0,0.0,0.6,0.0,0.0,0.05263157894736842,0,19,0.3577753999270499,7,7,264,51,19,,method1_proportional_scores_gamma1,unrestricted_maximum_cardinality_then_maximum_testing_evalue_sum,200,0,3,exact_fixed_count_order_statistics,300.0,1,False
112,d9d1999f61b4fd955f1c9e559d2828e885a21eb40703ca910c5c022cca9b41c7,proven_maximal,maximize_sum_testing_e_values_at_maximum_cardinality,proven_optimal,252471.22434008273,1.2324695326496207,204849.8706473565,0,0,12,,,10;32;36;46;65;88;99;106;139;152;162;165,0,0,12,0,0,0,0.0,0.0,0.4,0.0,0.0,0.0,0,12,1.494815800106153,20,19,281,59,12,,method1_proportional_scores_gamma1,unrestricted_maximum_cardinality_then_maximum_testing_evalue_sum,200,0,9,exact_fixed_count_order_statistics,300.0,1,False
113,adbd33c1875ccf490e0dcea36385dc2deb6e56eb7ac981746af6ae5c62c149da,proven_maximal,maximize_sum_testing_e_values_at_maximum_cardinality,proven_optimal,59644.143232264025,2.5618712575176223,23281.4756234306,0,0,20,,,4;7;16;17;21;31;37;42;69;70;99;106;109;116;120;125;154;164;170;186,0,0,20,0,0,0,0.0,0.0,0.6666666666666666,0.0,0.0,0.0,0,20,1.0481075001880527,15,14,263,54,20,,method1_proportional_scores_gamma1,unrestricted_maximum_cardinality_then_maximum_testing_evalue_sum,200,0,9,exact_fixed_count_order_statistics,300.0,1,False
114,b0a86c2645afffbe54b14849eb5a8c49580f40db5b5314a257ec9810f9bbfdea,proven_maximal,maximize_sum_testing_e_values_at_maximum_cardinality,proven_optimal,234913.60337645077,1.894394654443991,124004.57466736173,0,0,17,,,16;18;35;41;54;57;85;91;92;133;142;165;168;174;177;188;197,0,0,17,0,0,0,0.0,0.0,0.5666666666666667,0.0,0.0,0.0,0,17,0.4100132999010384,8,8,277,62,17,,method1_proportional_scores_gamma1,unrestricted_maximum_cardinality_then_maximum_testing_evalue_sum,200,0,8,exact_fixed_count_order_statistics,300.0,1,False
115,232b7d9a56ba2e08faa6109fbf3b0445a59aeaeeb9f7a8eba1114cdb8b3bc49e,proven_maximal,maximize_sum_testing_e_values_at_maximum_cardinality,proven_optimal,188131.82390996025,1.2016796007213337,156557.39166832002,0,0,20,,,20;21;35;42;49;59;78;89;110;111;115;122;129;150;160;171;178;194;196;198,0,0,20,0,0,0,0.0,0.0,0.6666666666666666,0.0,0.0,0.0,0,20,0.8491950000170618,14,14,255,47,20,,method1_proportional_scores_gamma1,unrestricted_maximum_cardinality_then_maximum_testing_evalue_sum,200,0,11,exact_fixed_count_order_statistics,300.0,1,False
116,25ca9abd7b95894eb542289a5d4871204ebfb485f50ec6c455cdc2336c36b158,proven_maximal,maximize_sum_testing_e_values_at_maximum_cardinality,proven_optimal,30644.41822098313,1.809084067839539,16939.189706965684,0,0,12,,,5;11;19;109;112;117;119;145;152;155;174;199,0,0,12,0,0,0,0.0,0.0,0.4,0.0,0.0,0.0,0,12,1.0244145998731256,12,12,283,51,12,,method1_proportional_scores_gamma1,unrestricted_maximum_cardinality_then_maximum_testing_evalue_sum,200,0,10,exact_fixed_count_order_statistics,300.0,1,False
117,eedf0e1ed8baf8bbe3ed1d4602bfa7e9f5a7e66f83d8907b4686cc40b6b49fa7,proven_maximal,maximize_sum_testing_e_values_at_maximum_cardinality,proven_optimal,166977.30188136428,1.1618651412557504,143714.87357034767,0,0,16,,,10;50;56;80;87;98;100;102;110;134;139;151;163;167;182;189,0,0,16,0,0,0,0.0,0.0,0.5333333333333333,0.0,0.0,0.0,0,16,0.4267667999956757,6,6,260,54,16,,method1_proportional_scores_gamma1,unrestricted_maximum_cardinality_then_maximum_testing_evalue_sum,200,0,5,exact_fixed_count_order_statistics,300.0,1,False
118,8ca0a2b9bc2823633978131a72ade90a44ffafeac86c33f0ca678c4c30ce4f06,proven_maximal,maximize_sum_testing_e_values_at_maximum_cardinality,proven_optimal,9004.573014940612,4.915900705490909,1831.7239412266367,0,0,18,,,1;6;8;20;50;52;59;60;100;105;126;133;165;180;193;194;195;198,0,0,17,0,0,1,0.0,0.0,0.5666666666666667,0.0,0.0,0.05555555555555555,0,18,0.9984037999529392,14,14,299,65,18,,method1_proportional_scores_gamma1,unrestricted_maximum_cardinality_then_maximum_testing_evalue_sum,200,0,5,exact_fixed_count_order_statistics,300.0,1,False
119,84bfa7c22e3ab33d8c77be14daec1fe031aabc7160d052b6d3ffdd167accf926,proven_maximal,maximize_sum_testing_e_values_at_maximum_cardinality,proven_optimal,14301.140908226427,2.0072664525781616,7124.684861772007,0,0,12,,,17;22;34;80;82;141;143;151;158;164;170;180,0,0,12,0,0,0,0.0,0.0,0.4,0.0,0.0,0.0,0,12,0.5532122999429703,7,7,263,60,12,,method1_proportional_scores_gamma1,unrestricted_maximum_cardinality_then_maximum_testing_evalue_sum,200,0,3,exact_fixed_count_order_statistics,300.0,1,False
120,5b3dc1eb0cf7576d551e015988458d340e6d1234c7f0e3000853e0240fad7e43,proven_maximal,maximize_sum_testing_e_values_at_maximum_cardinality,proven_optimal,36120.244880153485,2.272099287589063,15897.300385354583,0,0,21,,,3;23;28;53;56;57;60;62;80;84;117;118;142;159;167;171;180;181;182;191;194,0,0,21,0,0,0,0.0,0.0,0.7,0.0,0.0,0.0,0,21,0.3739308000076562,9,9,265,52,21,,method1_proportional_scores_gamma1,unrestricted_maximum_cardinality_then_maximum_testing_evalue_sum,200,0,9,exact_fixed_count_order_statistics,300.0,1,False
121,de036598f74cc794588d4b82bcbdc2d0b7beb46edc18c34acc08f26c5e5a178a,proven_maximal,maximize_sum_testing_e_values_at_maximum_cardinality,proven_optimal,37821.31431363873,1.4890605222884787,25399.44733442576,0,0,18,,,14;29;33;42;56;60;79;96;111;121;124;144;162;174;183;187;191;199,0,0,18,0,0,0,0.0,0.0,0.6,0.0,0.0,0.0,0,18,0.6496969000436366,10,10,264,48,18,,method1_proportional_scores_gamma1,unrestricted_maximum_cardinality_then_maximum_testing_evalue_sum,200,0,7,exact_fixed_count_order_statistics,300.0,1,False
122,68b3584491153652e3c51d29f2d6b76848119ca7f57d5631a764a3c95a04b771,proven_maximal,maximize_sum_testing_e_values_at_maximum_cardinality,proven_optimal,28504.18714215771,2.211479989497995,12889.190622352477,0,0,16,,,2;35;46;47;55;62;79;94;116;121;132;156;164;172;178;192,0,0,16,0,0,0,0.0,0.0,0.5333333333333333,0.0,0.0,0.0,0,16,0.9557223999872804,15,14,289,48,16,,method1_proportional_scores_gamma1,unrestricted_maximum_cardinality_then_maximum_testing_evalue_sum,200,0,5,exact_fixed_count_order_statistics,300.0,1,False
123,529862c80964a3dec0eb2707077b475336d154f74410a1dd44235a4e69e227db,proven_maximal,maximize_sum_testing_e_values_at_maximum_cardinality,proven_optimal,38228.413253859166,2.036011564516557,18776.12775885011,0,0,22,,,5;13;43;44;54;65;71;75;83;100;102;108;111;127;128;131;143;153;159;171;180;198,0,0,22,0,0,0,0.0,0.0,0.7333333333333333,0.0,0.0,0.0,0,22,0.5322604000102729,9,9,283,57,22,,method1_proportional_scores_gamma1,unrestricted_maximum_cardinality_then_maximum_testing_evalue_sum,200,0,15,exact_fixed_count_order_statistics,300.0,1,False
124,27ef10405a1fb2a3a4f6ea6b21e4cf99023a8ac8ea49c039fbd7a95b1cc6ba18,proven_maximal,maximize_sum_testing_e_values_at_maximum_cardinality,proven_optimal,47549.16648305799,2.503546081724025,18992.726688822942,0,0,20,,,1;3;4;16;20;21;32;37;41;45;56;92;93;105;123;125;141;158;160;162,0,0,20,0,0,0,0.0,0.0,0.6666666666666666,0.0,0.0,0.0,0,20,0.46322879986837506,10,10,251,44,20,,method1_proportional_scores_gamma1,unrestricted_maximum_cardinality_then_maximum_testing_evalue_sum,200,0,14,exact_fixed_count_order_statistics,300.0,1,False
125,0e394e2d6f8c25c14c8615e8b24d320d6f219199ac7b9f11776e928d5f810bff,proven_maximal,maximize_sum_testing_e_values_at_maximum_cardinality,proven_optimal,21503.430413040183,1.6497034915639681,13034.724435634364,0,0,18,,,5;42;51;52;73;78;83;84;111;136;137;143;149;163;173;177;192;196,0,0,18,0,0,0,0.0,0.0,0.6,0.0,0.0,0.0,0,18,0.3488251999951899,8,8,260,44,18,,method1_proportional_scores_gamma1,unrestricted_maximum_cardinality_then_maximum_testing_evalue_sum,200,0,5,exact_fixed_count_order_statistics,300.0,1,False
126,444b0cc784cd21b31d62eda71d44e02c5053256faba775c0ffe2ae643e168632,proven_maximal,maximize_sum_testing_e_values_at_maximum_cardinality,proven_optimal,58023.71823414469,1.1430341396791917,50762.89169318236,0,0,13,,,8;16;21;37;46;71;81;93;94;105;155;161;171,0,0,13,0,0,0,0.0,0.0,0.43333333333333335,0.0,0.0,0.0,0,13,1.0474838998634368,16,15,281,58,13,,method1_proportional_scores_gamma1,unrestricted_maximum_cardinality_then_maximum_testing_evalue_sum,200,0,6,exact_fixed_count_order_statistics,300.0,1,False
127,f11cfb62d92cc833507fbac003a9d2828129a49b384030ae16286733dc680767,proven_maximal,maximize_sum_testing_e_values_at_maximum_cardinality,proven_optimal,703835.484100721,1.0784384777190308,652643.1489994496,0,0,20,,,3;16;17;22;48;70;75;80;94;116;119;121;133;147;154;158;160;167;186;193,0,0,20,0,0,0,0.0,0.0,0.6666666666666666,0.0,0.0,0.0,0,20,0.5809687001165003,12,12,268,60,20,,method1_proportional_scores_gamma1,unrestricted_maximum_cardinality_then_maximum_testing_evalue_sum,200,0,13,exact_fixed_count_order_statistics,300.0,1,False
128,61774d6eba9b9a3f4ff2efd78b792b83eb7c68c168e559e47b8d0859d85e82bd,proven_maximal,maximize_sum_testing_e_values_at_maximum_cardinality,proven_optimal,17743.88288659259,1.992498896222685,8905.34138825917,0,0,13,,,17;26;41;61;77;128;136;157;166;171;183;194;195,0,0,13,0,0,0,0.0,0.0,0.43333333333333335,0.0,0.0,0.0,0,13,0.9714405999984592,14,14,300,60,13,,method1_proportional_scores_gamma1,unrestricted_maximum_cardinality_then_maximum_testing_evalue_sum,200,0,3,exact_fixed_count_order_statistics,300.0,1,False
129,f62871441d9af6cadc2a56b954d9fd41bccfc917101d74d1151c77d6fad56707,proven_maximal,maximize_sum_testing_e_values_at_maximum_cardinality,proven_optimal,29684.886463082294,2.7527387137096473,10783.764661440871,0,0,17,,,8;18;67;69;84;85;101;113;115;120;126;143;155;165;174;175;195,0,0,17,0,0,0,0.0,0.0,0.5666666666666667,0.0,0.0,0.0,0,17,1.224552599946037,14,14,302,57,17,,method1_proportional_scores_gamma1,unrestricted_maximum_cardinality_then_maximum_testing_evalue_sum,200,0,5,exact_fixed_count_order_statistics,300.0,1,False
130,eef14c76de5009639136fb48bd09c9b53bd800c4ed1079f7a6bbd90dcf9d07a5,proven_maximal,maximize_sum_testing_e_values_at_maximum_cardinality,proven_optimal,334167.53195913753,1.1960710701990258,279387.6888131172,0,0,13,,,5;8;32;59;64;71;103;142;150;172;176;180;196,0,0,13,0,0,0,0.0,0.0,0.43333333333333335,0.0,0.0,0.0,0,13,0.29008489986881614,6,6,258,59,13,,method1_proportional_scores_gamma1,unrestricted_maximum_cardinality_then_maximum_testing_evalue_sum,200,0,16,exact_fixed_count_order_statistics,300.0,1,False
131,e4ca058179635ef31f0c7e293c7f15772157771c135dcbce593953dfc9e9b9be,proven_maximal,maximize_sum_testing_e_values_at_maximum_cardinality,proven_optimal,133632.10924819653,1.1881413623021309,112471.55724742408,0,0,19,,,30;35;37;43;53;56;64;67;90;108;109;110;118;156;180;182;185;196;197,0,0,19,0,0,0,0.0,0.0,0.6333333333333333,0.0,0.0,0.0,0,19,0.5291780999395996,8,8,268,47,19,,method1_proportional_scores_gamma1,unrestricted_maximum_cardinality_then_maximum_testing_evalue_sum,200,0,4,exact_fixed_count_order_statistics,300.0,1,False
132,f4462eec073e3dc141cca9d7238423a70a2a87baf9f8faa86d6a14743b24d698,proven_maximal,maximize_sum_testing_e_values_at_maximum_cardinality,proven_optimal,69103.27690978441,1.9481233852525348,35471.7146936905,0,0,16,,,20;30;41;53;76;97;98;136;142;145;146;159;160;186;189;199,0,0,15,0,0,1,0.0,0.0,0.5,0.0,0.0,0.0625,0,16,0.41131410002708435,8,8,267,51,16,,method1_proportional_scores_gamma1,unrestricted_maximum_cardinality_then_maximum_testing_evalue_sum,200,0,3,exact_fixed_count_order_statistics,300.0,1,False
133,3f30b5272117c9dea018721d6978d27297e54209d43414827f7b449491c17aeb,proven_maximal,maximize_sum_testing_e_values_at_maximum_cardinality,proven_optimal,98411.960154195,1.332291551447997,73866.68484629829,0,0,12,,,17;76;83;93;112;113;132;134;137;161;171;174,0,0,12,0,0,0,0.0,0.0,0.4,0.0,0.0,0.0,0,12,0.46003509988076985,8,8,254,51,12,,method1_proportional_scores_gamma1,unrestricted_maximum_cardinality_then_maximum_testing_evalue_sum,200,0,10,exact_fixed_count_order_statistics,300.0,1,False
134,52bfa61d5321cbe6c0a1e7a1a454cccb1bba72b9b39cc9674534f35d848edf74,proven_maximal,maximize_sum_testing_e_values_at_maximum_cardinality,proven_optimal,48525.73515906976,2.1538925146177803,22529.32067396172,0,0,13,,,9;22;30;35;38;40;46;47;87;89;101;130;181,0,0,13,0,0,0,0.0,0.0,0.43333333333333335,0.0,0.0,0.0,0,13,0.42326489998959005,6,6,252,54,13,,method1_proportional_scores_gamma1,unrestricted_maximum_cardinality_then_maximum_testing_evalue_sum,200,0,11,exact_fixed_count_order_statistics,300.0,1,False
135,b4a41711d1e9aa463c9c338f211dc1a5939d512fa6bc4cc627219c24da04501a,proven_maximal,maximize_sum_testing_e_values_at_maximum_cardinality,proven_optimal,19045.81505358167,2.1345216782506604,8922.755504263887,0,0,18,,,5;6;7;12;21;28;49;53;66;80;81;86;88;94;108;132;144;172,0,0,18,0,0,0,0.0,0.0,0.6,0.0,0.0,0.0,0,18,0.5156505999621004,12,12,257,51,18,,method1_proportional_scores_gamma1,unrestricted_maximum_cardinality_then_maximum_testing_evalue_sum,200,0,6,exact_fixed_count_order_statistics,300.0,1,False
136,3fe6b0781200e58e7be51494d0c4262083f013576a5ff3cd5dec9574a0feefc7,proven_maximal,maximize_sum_testing_e_values_at_maximum_cardinality,proven_optimal,43011.22203297485,2.899518118199491,14833.920768766728,0,0,15,,,8;21;31;43;51;55;66;85;94;100;108;115;148;154;166,0,0,14,0,0,1,0.0,0.0,0.4666666666666667,0.0,0.0,0.06666666666666667,0,15,1.2974636999424547,21,20,335,59,15,,method1_proportional_scores_gamma1,unrestricted_maximum_cardinality_then_maximum_testing_evalue_sum,200,0,8,exact_fixed_count_order_statistics,300.0,1,False
137,f494e93b4a321ea54659e50ba08d36133e7719d33b84046a3bc8655bbf11e92f,proven_maximal,maximize_sum_testing_e_values_at_maximum_cardinality,proven_optimal,143505.21354951157,1.9101620600986369,75127.24524645896,0,0,12,,,22;25;49;92;104;108;109;131;148;168;191;199,0,0,12,0,0,0,0.0,0.0,0.4,0.0,0.0,0.0,0,12,2.1409331001341343,41,40,398,54,12,,method1_proportional_scores_gamma1,unrestricted_maximum_cardinality_then_maximum_testing_evalue_sum,200,0,9,exact_fixed_count_order_statistics,300.0,1,False
138,6e7b559ff43e1b47cbb6da5237f68a59f4255c5d512e331fd23b2f4106ffcbb3,proven_maximal,maximize_sum_testing_e_values_at_maximum_cardinality,proven_optimal,76094.11180860341,1.9108554368313657,39822.01392209178,0,0,13,,,6;9;10;81;86;98;104;113;124;125;137;153;177,0,0,13,0,0,0,0.0,0.0,0.43333333333333335,0.0,0.0,0.0,0,13,0.798977900063619,14,14,279,49,13,,method1_proportional_scores_gamma1,unrestricted_maximum_cardinality_then_maximum_testing_evalue_sum,200,0,9,exact_fixed_count_order_statistics,300.0,1,False
139,214c2616c7add00bf3a0d9ae07265d85179365a226f0db942cacd080176ba972,proven_maximal,maximize_sum_testing_e_values_at_maximum_cardinality,proven_optimal,4459.70550319162,2.668165170152098,1671.4503109031275,0,0,7,,,48;90;100;147;152;168;170,0,0,7,0,0,0,0.0,0.0,0.23333333333333334,0.0,0.0,0.0,0,7,0.9395453999750316,23,21,315,57,7,,method1_proportional_scores_gamma1,unrestricted_maximum_cardinality_then_maximum_testing_evalue_sum,200,0,0,exact_fixed_count_order_statistics,300.0,1,False
140,27db2cb4b683b72662b4c51acbfa6e1df2243667bc131d607bdb8c1e4cfe59b1,proven_maximal,maximize_sum_testing_e_values_at_maximum_cardinality,proven_optimal,58150.667400768514,1.3994595017824818,41552.23307762919,0,0,18,,,3;9;12;42;46;49;65;88;103;122;152;164;168;170;174;182;186;189,0,0,18,0,0,0,0.0,0.0,0.6,0.0,0.0,0.0,0,18,0.9952602998819202,14,14,299,57,18,,method1_proportional_scores_gamma1,unrestricted_maximum_cardinality_then_maximum_testing_evalue_sum,200,0,6,exact_fixed_count_order_statistics,300.0,1,False
141,c02b3df13a552d4ce6051685a8f1d263e9c05f26710cdd778507f4c8e4cb7576,proven_maximal,maximize_sum_testing_e_values_at_maximum_cardinality,proven_optimal,17543.485159846634,3.7663583011433435,4657.943763481293,0,0,18,,,3;8;18;19;21;31;47;61;63;79;133;138;145;149;151;161;188;190,0,0,18,0,0,0,0.0,0.0,0.6,0.0,0.0,0.0,0,18,0.7829134000930935,12,12,285,56,18,,method1_proportional_scores_gamma1,unrestricted_maximum_cardinality_then_maximum_testing_evalue_sum,200,0,6,exact_fixed_count_order_statistics,300.0,1,False
142,add2ba05f73c5f83915ee05d3196a4d28d9fc6778821f0442908cc0e5138516d,proven_maximal,maximize_sum_testing_e_values_at_maximum_cardinality,proven_optimal,11172.555903225197,3.341850607662757,3343.22422361038,0,0,15,,,18;30;31;32;49;62;65;71;84;93;123;168;177;181;187,0,0,15,0,0,0,0.0,0.0,0.5,0.0,0.0,0.0,0,15,0.42936629988253117,6,6,259,64,15,,method1_proportional_scores_gamma1,unrestricted_maximum_cardinality_then_maximum_testing_evalue_sum,200,0,8,exact_fixed_count_order_statistics,300.0,1,False
143,42060658b6ff3b90b27d2f447edc274ab24e8738ae879e3b29ed855e8b302e60,proven_maximal,maximize_sum_testing_e_values_at_maximum_cardinality,proven_optimal,131458.1849042904,1.219392309572984,107806.30964478152,0,0,7,,,82;97;105;141;143;194;196,0,0,7,0,0,0,0.0,0.0,0.23333333333333334,0.0,0.0,0.0,0,7,0.7869448000565171,9,6,250,47,7,,method1_proportional_scores_gamma1,unrestricted_maximum_cardinality_then_maximum_testing_evalue_sum,200,0,4,exact_fixed_count_order_statistics,300.0,1,False
144,226e113225f0b0eadaae97053b98398db01a794200b4c0a92b7a9c64815af4cc,proven_maximal,maximize_sum_testing_e_values_at_maximum_cardinality,proven_optimal,11571.893084259285,1.7069060737360362,6779.455098505213,0,0,11,,,7;34;43;66;79;93;139;144;174;183;199,0,0,11,0,0,0,0.0,0.0,0.36666666666666664,0.0,0.0,0.0,0,11,1.578086599940434,29,28,366,49,11,,method1_proportional_scores_gamma1,unrestricted_maximum_cardinality_then_maximum_testing_evalue_sum,200,0,3,exact_fixed_count_order_statistics,300.0,1,False
145,ce8b5d8ad633b9a643f7e7579411357b01ba6e743054f4fb206579ba27799e89,proven_maximal,maximize_sum_testing_e_values_at_maximum_cardinality,proven_optimal,4604.1513076327055,3.5369259859851057,1301.738098528617,0,0,12,,,4;17;27;42;50;51;57;69;72;124;187;188,0,0,12,0,0,0,0.0,0.0,0.4,0.0,0.0,0.0,0,12,11.043301500147209,138,136,658,53,12,,method1_proportional_scores_gamma1,unrestricted_maximum_cardinality_then_maximum_testing_evalue_sum,200,0,0,exact_fixed_count_order_statistics,300.0,1,False
146,217db6d102e528ef74db6e04bf8c125d73df599ada1b878c4fd076c4b55e9e83,proven_maximal,maximize_sum_testing_e_values_at_maximum_cardinality,proven_optimal,430590.1189882591,1.3422643892223796,320793.8185991174,0,0,19,,,9;23;41;43;46;56;70;99;108;111;121;123;125;130;132;162;163;193;197,0,0,19,0,0,0,0.0,0.0,0.6333333333333333,0.0,0.0,0.0,0,19,0.2606315999291837,5,5,253,53,19,,method1_proportional_scores_gamma1,unrestricted_maximum_cardinality_then_maximum_testing_evalue_sum,200,0,8,exact_fixed_count_order_statistics,300.0,1,False
147,a68ab107b8f36d7f0faeb3f1b76e8f43b8e74b25bd17f3a89ad10da7dff6e25e,proven_maximal,maximize_sum_testing_e_values_at_maximum_cardinality,proven_optimal,8219.730744825578,1.7311462218215363,4748.143537047184,0,0,16,,,4;18;24;41;88;89;97;107;122;145;146;176;180;186;187;188,0,0,16,0,0,0,0.0,0.0,0.5333333333333333,0.0,0.0,0.0,0,16,0.7264409000054002,12,12,297,52,16,,method1_proportional_scores_gamma1,unrestricted_maximum_cardinality_then_maximum_testing_evalue_sum,200,0,1,exact_fixed_count_order_statistics,300.0,1,False
148,b0affc58c47a061b0582ed486d056477a4b339b1e4edaa30c890ed989cf6f21a,proven_maximal,maximize_sum_testing_e_values_at_maximum_cardinality,proven_optimal,164079.45197322438,1.2213148556114646,134346.56200188134,0,0,15,,,3;10;40;49;83;91;94;99;119;137;151;153;166;169;175,0,0,15,0,0,0,0.0,0.0,0.5,0.0,0.0,0.0,0,15,0.5490748998709023,8,8,273,52,15,,method1_proportional_scores_gamma1,unrestricted_maximum_cardinality_then_maximum_testing_evalue_sum,200,0,4,exact_fixed_count_order_statistics,300.0,1,False
149,895363123e53316711336dee63e5a2577a57ce67e0cdc1bd6e63e50620986478,proven_maximal,maximize_sum_testing_e_values_at_maximum_cardinality,proven_optimal,38690.89625354019,1.9878069313398774,19464.11175227197,0,0,16,,,11;12;15;21;35;42;60;61;70;94;104;121;122;150;170;188,0,0,16,0,0,0,0.0,0.0,0.5333333333333333,0.0,0.0,0.0,0,16,0.5755477000493556,11,11,287,48,16,,method1_proportional_scores_gamma1,unrestricted_maximum_cardinality_then_maximum_testing_evalue_sum,200,0,4,exact_fixed_count_order_statistics,300.0,1,False
150,08717633204d6f2fc96afc5e1e5e5b82043e59fd01cd097d4064a6236904a89e,proven_maximal,maximize_sum_testing_e_values_at_maximum_cardinality,proven_optimal,30642.28311055938,1.8943020004676017,16176.028480672798,0,0,19,,,7;12;20;35;37;43;58;60;66;95;130;134;137;153;167;170;180;185;196,0,0,19,0,0,0,0.0,0.0,0.6333333333333333,0.0,0.0,0.0,0,19,0.8205639999359846,13,13,294,54,19,,method1_proportional_scores_gamma1,unrestricted_maximum_cardinality_then_maximum_testing_evalue_sum,200,0,10,exact_fixed_count_order_statistics,300.0,1,False
151,4224fa90734763726d3ce12c1a78dbbfbd58852897b648ebef125a3ed05f44fc,proven_maximal,maximize_sum_testing_e_values_at_maximum_cardinality,proven_optimal,5499.036885084768,4.892336400314205,1124.0103776861292,0,0,17,,,22;39;46;57;88;96;119;121;123;128;133;137;144;158;162;173;174,0,0,17,0,0,0,0.0,0.0,0.5666666666666667,0.0,0.0,0.0,0,17,0.5841439999639988,12,12,272,49,17,,method1_proportional_scores_gamma1,unrestricted_maximum_cardinality_then_maximum_testing_evalue_sum,200,0,0,exact_fixed_count_order_statistics,300.0,1,False
152,f9d1446554446587b4701455da5fbff46420e75d932ccc24b4665f03f193ee33,proven_maximal,maximize_sum_testing_e_values_at_maximum_cardinality,proven_optimal,22668.40366641628,1.1940736674923493,18984.09142044121,0,0,14,,,22;28;77;96;103;111;114;135;148;151;157;158;162;184,0,0,14,0,0,0,0.0,0.0,0.4666666666666667,0.0,0.0,0.0,0,14,0.8381147000472993,11,11,336,57,14,,method1_proportional_scores_gamma1,unrestricted_maximum_cardinality_then_maximum_testing_evalue_sum,200,0,1,exact_fixed_count_order_statistics,300.0,1,False
153,33e84403d872a5458c14da9fa62961696b8ca7b7997c6531b331de2ef1f7af07,proven_maximal,maximize_sum_testing_e_values_at_maximum_cardinality,proven_optimal,16372.04581899256,2.980135197291628,5493.725866488075,0,0,18,,,4;11;33;50;67;79;104;119;134;144;150;159;163;182;187;188;189;198,0,0,18,0,0,0,0.0,0.0,0.6,0.0,0.0,0.0,0,18,0.279568700119853,5,5,253,52,18,,method1_proportional_scores_gamma1,unrestricted_maximum_cardinality_then_maximum_testing_evalue_sum,200,0,7,exact_fixed_count_order_statistics,300.0,1,False
154,c41eab9432aafba6e712b9000a92dad858d4a46273cfce9c5ebdd5935d8e01e3,proven_maximal,maximize_sum_testing_e_values_at_maximum_cardinality,proven_optimal,74026.345818062,2.5372722667192478,29175.562587053297,0,0,25,,,0;12;21;22;32;38;41;43;44;50;64;65;70;77;78;94;99;122;137;149;151;153;156;172;198,0,0,25,0,0,0,0.0,0.0,0.8333333333333334,0.0,0.0,0.0,0,25,0.3272480999585241,7,7,262,49,25,,method1_proportional_scores_gamma1,unrestricted_maximum_cardinality_then_maximum_testing_evalue_sum,200,0,8,exact_fixed_count_order_statistics,300.0,1,False
155,07d80911e37227ace3ab94ee36d566d161cbc6a543e9048b2104bc011c53b15a,proven_maximal,maximize_sum_testing_e_values_at_maximum_cardinality,proven_optimal,131043.18597284752,1.5639060736065409,83792.23547015672,0,0,23,,,2;23;40;78;90;95;102;106;119;121;126;129;138;147;149;165;166;170;171;177;185;196;199,0,0,23,0,0,0,0.0,0.0,0.7666666666666667,0.0,0.0,0.0,0,23,0.34580270014703274,6,6,264,56,23,,method1_proportional_scores_gamma1,unrestricted_maximum_cardinality_then_maximum_testing_evalue_sum,200,0,10,exact_fixed_count_order_statistics,300.0,1,False
156,fb2d88af98fb4feb72acd06cd95640271e2b854578f360f6b519b7ed5fa96c49,proven_maximal,maximize_sum_testing_e_values_at_maximum_cardinality,proven_optimal,65691.79514124214,1.627369505273154,40366.858865415306,0,0,21,,,1;28;31;39;43;63;70;74;79;85;87;101;106;115;145;148;150;167;173;177;185,0,0,21,0,0,0,0.0,0.0,0.7,0.0,0.0,0.0,0,21,0.2632848999928683,5,5,248,53,21,,method1_proportional_scores_gamma1,unrestricted_maximum_cardinality_then_maximum_testing_evalue_sum,200,0,8,exact_fixed_count_order_statistics,300.0,1,False
157,b1b20169f31398887a35761c5988f46aff381a067302ac1010e51e42cf5d0c1c,proven_maximal,maximize_sum_testing_e_values_at_maximum_cardinality,proven_optimal,12008.538628195844,1.3164323169837022,9122.03268885909,0,0,9,,,1;5;16;17;38;91;145;159;184,0,0,9,0,0,0,0.0,0.0,0.3,0.0,0.0,0.0,0,9,1.5313440000172704,18,17,313,50,9,,method1_proportional_scores_gamma1,unrestricted_maximum_cardinality_then_maximum_testing_evalue_sum,200,0,1,exact_fixed_count_order_statistics,300.0,1,False
158,f8f26edb65b40ee32f6f343645aed5ecea3165a6d9901f8dbb523dd58a8f990c,proven_maximal,maximize_sum_testing_e_values_at_maximum_cardinality,proven_optimal,4700.06353424978,1.899568412818423,2474.2796850765767,0,0,6,,,28;61;85;89;99;141,0,0,6,0,0,0,0.0,0.0,0.2,0.0,0.0,0.0,0,6,0.6935197999700904,11,9,273,48,6,,method1_proportional_scores_gamma1,unrestricted_maximum_cardinality_then_maximum_testing_evalue_sum,200,0,0,exact_fixed_count_order_statistics,300.0,1,False
159,200b0a59f13fb91550074ad703b5eac3a5f1cd1abc79c4f9c009cc93de811412,proven_maximal,maximize_sum_testing_e_values_at_maximum_cardinality,proven_optimal,100664.98191173526,1.1941767029616734,84296.55482482315,0,0,20,,,0;11;18;25;27;50;51;57;64;94;104;106;113;134;142;144;146;148;173;189,0,0,20,0,0,0,0.0,0.0,0.6666666666666666,0.0,0.0,0.0,0,20,0.3563033000100404,8,8,263,47,20,,method1_proportional_scores_gamma1,unrestricted_maximum_cardinality_then_maximum_testing_evalue_sum,200,0,5,exact_fixed_count_order_statistics,300.0,1,False
160,9cb766f832bc451aba7a80802cd3c69579ad683d14c93c93eaa447f24a470a94,proven_maximal,maximize_sum_testing_e_values_at_maximum_cardinality,proven_optimal,14402.693172582665,1.8373516557616163,7838.8332072514895,0,0,15,,,11;30;33;34;40;41;43;55;134;141;160;167;177;183;192,0,0,15,0,0,0,0.0,0.0,0.5,0.0,0.0,0.0,0,15,0.394693800015375,7,7,267,46,15,,method1_proportional_scores_gamma1,unrestricted_maximum_cardinality_then_maximum_testing_evalue_sum,200,0,4,exact_fixed_count_order_statistics,300.0,1,False
161,1b0efab4e1baff026ad5dce6ffad2f3bef8d91ee2003d80977c21f97e576decb,proven_maximal,maximize_sum_testing_e_values_at_maximum_cardinality,proven_optimal,62823.224275141874,1.6610727781155197,37820.87401758192,0,0,19,,,5;6;23;28;39;43;45;49;56;73;89;107;130;147;150;157;173;174;192,0,0,19,0,0,0,0.0,0.0,0.6333333333333333,0.0,0.0,0.0,0,19,0.2826395998708904,6,6,246,49,19,,method1_proportional_scores_gamma1,unrestricted_maximum_cardinality_then_maximum_testing_evalue_sum,200,0,12,exact_fixed_count_order_statistics,300.0,1,False
162,31171f1bb1171f1f703447c05e594800ef0107a8ee7b3b329ef0eb6e557931af,proven_maximal,maximize_sum_testing_e_values_at_maximum_cardinality,proven_optimal,51564.17433830316,1.8168328495156292,28381.35294176911,0,0,24,,,11;22;41;58;72;81;87;101;108;110;116;126;133;138;143;150;157;160;166;170;184;188;196;197,0,0,24,0,0,0,0.0,0.0,0.8,0.0,0.0,0.0,0,24,0.3558440001215786,7,7,259,53,24,,method1_proportional_scores_gamma1,unrestricted_maximum_cardinality_then_maximum_testing_evalue_sum,200,0,6,exact_fixed_count_order_statistics,300.0,1,False
163,92edb2427b32686f2d1517d750cf7cba8b8397fe4f768bf452b88dce2849bc58,proven_maximal,maximize_sum_testing_e_values_at_maximum_cardinality,proven_optimal,25906.987993896626,2.642744171285207,9803.06314753791,0,0,22,,,1;2;7;8;12;18;20;32;39;43;52;63;84;106;109;112;129;148;159;163;171;186,0,0,22,0,0,0,0.0,0.0,0.7333333333333333,0.0,0.0,0.0,0,22,0.6208029999397695,12,12,281,54,22,,method1_proportional_scores_gamma1,unrestricted_maximum_cardinality_then_maximum_testing_evalue_sum,200,0,9,exact_fixed_count_order_statistics,300.0,1,False
164,2e61752e0bdfcee9fbfad586c8f10123e0dd0da1584d6de1e45c7619c50f972e,proven_maximal,maximize_sum_testing_e_values_at_maximum_cardinality,proven_optimal,59448.54693834356,1.1601133593540447,51243.73963889592,0,0,15,,,0;20;21;22;26;97;120;135;144;146;157;170;173;181;198,0,0,15,0,0,0,0.0,0.0,0.5,0.0,0.0,0.0,0,15,0.4753544998820871,7,7,254,52,15,,method1_proportional_scores_gamma1,unrestricted_maximum_cardinality_then_maximum_testing_evalue_sum,200,0,4,exact_fixed_count_order_statistics,300.0,1,False
165,a477920218713f8aaf631530683446cebe4ceb509e4e1b161467ec2dbc5323e1,proven_maximal,maximize_sum_testing_e_values_at_maximum_cardinality,proven_optimal,57121.15677461305,1.4690171470931679,38883.92786132014,0,0,23,,,5;26;32;33;40;61;64;66;77;80;85;87;103;106;107;128;133;145;153;157;164;180;192,0,0,23,0,0,0,0.0,0.0,0.7666666666666667,0.0,0.0,0.0,0,23,0.3092315997928381,7,7,245,55,23,,method1_proportional_scores_gamma1,unrestricted_maximum_cardinality_then_maximum_testing_evalue_sum,200,0,13,exact_fixed_count_order_statistics,300.0,1,False
166,e5f36872a5f48870cb0d7264085be5a5ad7c91927cd08737b41c2e8c7eb3c6e7,proven_maximal,maximize_sum_testing_e_values_at_maximum_cardinality,proven_optimal,12403.895495480538,1.6931841057295938,7325.78073081763,0,0,17,,,15;29;42;55;60;85;89;95;103;113;138;141;142;149;180;184;191,0,0,17,0,0,0,0.0,0.0,0.5666666666666667,0.0,0.0,0.0,0,17,0.7912042997777462,11,11,281,54,17,,method1_proportional_scores_gamma1,unrestricted_maximum_cardinality_then_maximum_testing_evalue_sum,200,0,1,exact_fixed_count_order_statistics,300.0,1,False
167,2e640a1e1d7630fc164160cb3abeb3a791156e242d783959e58e746a7bd400a3,proven_maximal,maximize_sum_testing_e_values_at_maximum_cardinality,proven_optimal,26386.639072309936,2.6755645315576184,9862.08284684824,0,0,22,,,2;9;40;42;44;45;48;68;70;73;81;104;111;112;113;122;125;173;176;189;194;199,0,0,22,0,0,0,0.0,0.0,0.7333333333333333,0.0,0.0,0.0,0,22,0.42626510001719,8,8,272,57,22,,method1_proportional_scores_gamma1,unrestricted_maximum_cardinality_then_maximum_testing_evalue_sum,200,0,9,exact_fixed_count_order_statistics,300.0,1,False
168,d9301de4123f0aafc23fcb9e2f4d21241a89cf9725b7d175a8e8495201637413,proven_maximal,maximize_sum_testing_e_values_at_maximum_cardinality,proven_optimal,32178.05198653668,1.7499885747630466,18387.57832512917,0,0,18,,,11;22;24;26;60;91;136;140;147;149;159;165;167;171;172;174;186;191,0,0,18,0,0,0,0.0,0.0,0.6,0.0,0.0,0.0,0,18,0.5182608999311924,9,9,241,45,18,,method1_proportional_scores_gamma1,unrestricted_maximum_cardinality_then_maximum_testing_evalue_sum,200,0,4,exact_fixed_count_order_statistics,300.0,1,False
169,e726391c7e2b90414909c627a28511167848071758f7422827c6d93ecf7b2aca,proven_maximal,maximize_sum_testing_e_values_at_maximum_cardinality,proven_optimal,32360.875909238694,2.0642567823506317,15676.76860065267,0,0,15,,,27;37;46;48;50;55;57;62;67;88;110;122;141;163;195,0,0,15,0,0,0,0.0,0.0,0.5,0.0,0.0,0.0,0,15,1.086235199822113,16,15,261,53,15,,method1_proportional_scores_gamma1,unrestricted_maximum_cardinality_then_maximum_testing_evalue_sum,200,0,5,exact_fixed_count_order_statistics,300.0,1,False
170,d2b0037c9bb8fa2658f72cf749d5a706555fb96b9acff050474ad51cfe2c1a70,proven_maximal,maximize_sum_testing_e_values_at_maximum_cardinality,proven_optimal,133826.31599636472,1.4232580882927233,94028.14366359707,0,0,15,,,41;72;78;95;101;103;109;141;151;157;158;162;189;194;195,0,0,14,0,0,1,0.0,0.0,0.4666666666666667,0.0,0.0,0.06666666666666667,0,15,0.8263882000464946,11,11,287,51,15,,method1_proportional_scores_gamma1,unrestricted_maximum_cardinality_then_maximum_testing_evalue_sum,200,0,6,exact_fixed_count_order_statistics,300.0,1,False
171,be2e85b1f1180d9f9defb840d71538fab0ca02bc723ebd9e1bded2e816641896,proven_maximal,maximize_sum_testing_e_values_at_maximum_cardinality,proven_optimal,10207.543668845803,1.6183458293266522,6307.393317220011,0,0,10,,,22;30;34;92;103;114;146;152;156;161,0,0,10,0,0,0,0.0,0.0,0.3333333333333333,0.0,0.0,0.0,0,10,0.48337880009785295,12,12,265,43,10,,method1_proportional_scores_gamma1,unrestricted_maximum_cardinality_then_maximum_testing_evalue_sum,200,0,1,exact_fixed_count_order_statistics,300.0,1,False
172,fbf413911d81f84712d5715f01e165cffb353c7a3c777f8e39389b81a3467a5b,proven_maximal,maximize_sum_testing_e_values_at_maximum_cardinality,proven_optimal,49943.73917103702,1.337373363664252,37344.649241552725,0,0,17,,,0;16;17;24;27;43;44;51;72;102;112;118;124;144;164;167;193,0,0,17,0,0,0,0.0,0.0,0.5666666666666667,0.0,0.0,0.0,0,17,0.6898449000436813,9,9,283,51,17,,method1_proportional_scores_gamma1,unrestricted_maximum_cardinality_then_maximum_testing_evalue_sum,200,0,8,exact_fixed_count_order_statistics,300.0,1,False
173,c8eaf5269e935016315a72e7da4abd9c88bb139fc3b40faa017e42e7a7902ccb,proven_maximal,maximize_sum_testing_e_values_at_maximum_cardinality,proven_optimal,7564.018425593846,3.0084859589403905,2514.227597810676,0,0,16,,,22;25;41;47;50;71;80;81;85;99;104;116;128;137;145;175,0,0,16,0,0,0,0.0,0.0,0.5333333333333333,0.0,0.0,0.0,0,16,0.6765641998499632,10,10,289,52,16,,method1_proportional_scores_gamma1,unrestricted_maximum_cardinality_then_maximum_testing_evalue_sum,200,0,0,exact_fixed_count_order_statistics,300.0,1,False
174,29a125fdae42849e46de515c23a281a49087430de3fba0e48106ab1d4dd41afd,proven_maximal,maximize_sum_testing_e_values_at_maximum_cardinality,proven_optimal,130775.33410550634,1.334981611491101,97960.40108705129,0,0,17,,,2;10;37;42;70;73;75;111;115;123;126;130;148;158;161;162;198,0,0,17,0,0,0,0.0,0.0,0.5666666666666667,0.0,0.0,0.0,0,17,0.381161900004372,7,7,255,50,17,,method1_proportional_scores_gamma1,unrestricted_maximum_cardinality_then_maximum_testing_evalue_sum,200,0,9,exact_fixed_count_order_statistics,300.0,1,False
175,b0985a7d22fc6cd613c0f10830c396e2064b5d862026eb13092779cbc036e675,proven_maximal,maximize_sum_testing_e_values_at_maximum_cardinality,proven_optimal,34300.517014182646,3.8554385777884024,8896.657623283541,0,0,21,,,0;1;5;8;11;43;58;59;81;94;104;105;107;114;118;122;135;156;185;186;194,0,0,21,0,0,0,0.0,0.0,0.7,0.0,0.0,0.0,0,21,1.8481795999687165,25,24,329,53,21,,method1_proportional_scores_gamma1,unrestricted_maximum_cardinality_then_maximum_testing_evalue_sum,200,0,10,exact_fixed_count_order_statistics,300.0,1,False
176,843c7ce1ca7bbfd1ab288b35316afbf9309bcde326163feca75b6dc19c8d319d,proven_maximal,maximize_sum_testing_e_values_at_maximum_cardinality,proven_optimal,62119.051425929305,1.8740617342344015,33146.747671739,0,0,21,,,10;13;24;30;33;37;50;53;56;70;71;72;78;90;110;142;145;155;160;191;194,0,0,21,0,0,0,0.0,0.0,0.7,0.0,0.0,0.0,0,21,1.2417164999060333,15,15,315,52,21,,method1_proportional_scores_gamma1,unrestricted_maximum_cardinality_then_maximum_testing_evalue_sum,200,0,7,exact_fixed_count_order_statistics,300.0,1,False
177,f2b3d245b7434da67c85e96f612467c50c50474a032f98ce72adfd78f0977799,proven_maximal,maximize_sum_testing_e_values_at_maximum_cardinality,proven_optimal,26250.869091610508,1.874212655986519,14006.345015204788,0,0,13,,,10;14;15;55;63;65;75;85;112;114;165;171;192,0,0,13,0,0,0,0.0,0.0,0.43333333333333335,0.0,0.0,0.0,0,13,0.7260772997979075,11,11,276,51,13,,method1_proportional_scores_gamma1,unrestricted_maximum_cardinality_then_maximum_testing_evalue_sum,200,0,7,exact_fixed_count_order_statistics,300.0,1,False
178,3071537952cdf33f0dee8a34d1278ee26f6a4c0492559ff81551c4d3504d9afc,proven_maximal,maximize_sum_testing_e_values_at_maximum_cardinality,proven_optimal,5996.901804831818,3.6914564422384104,1624.5354370741106,0,0,8,,,48;51;66;75;97;103;124;137,0,0,8,0,0,0,0.0,0.0,0.26666666666666666,0.0,0.0,0.0,0,8,2.592821199912578,45,41,392,47,8,,method1_proportional_scores_gamma1,unrestricted_maximum_cardinality_then_maximum_testing_evalue_sum,200,0,0,exact_fixed_count_order_statistics,300.0,1,False
179,63dec448565bbbd5309020b37af62666ab6bd47b335a00428b96583ff83c41ea,proven_maximal,maximize_sum_testing_e_values_at_maximum_cardinality,proven_optimal,62448.518756390775,2.4048419782536747,25967.82629424119,0,0,20,,,12;14;19;30;37;47;53;61;67;69;71;81;94;122;130;132;147;152;175;185,0,0,20,0,0,0,0.0,0.0,0.6666666666666666,0.0,0.0,0.0,0,20,0.2696080000605434,3,3,242,55,20,,method1_proportional_scores_gamma1,unrestricted_maximum_cardinality_then_maximum_testing_evalue_sum,200,0,10,exact_fixed_count_order_statistics,300.0,1,False
180,bc7ad2aebd643819c8f88056c69ae2da73014f5d9b975ff37a4236cea27df9d3,proven_maximal,maximize_sum_testing_e_values_at_maximum_cardinality,proven_optimal,15783.87723962499,2.649510989861149,5957.279399868488,0,0,10,,,16;27;37;70;86;94;98;117;162;191,0,0,10,0,0,0,0.0,0.0,0.3333333333333333,0.0,0.0,0.0,0,10,1.6583805000409484,16,15,296,54,10,,method1_proportional_scores_gamma1,unrestricted_maximum_cardinality_then_maximum_testing_evalue_sum,200,0,5,exact_fixed_count_order_statistics,300.0,1,False
181,de91d3761d5afa010664b5bc11efb8423188d0b8b25158b949084c614e5d9ddd,proven_maximal,maximize_sum_testing_e_values_at_maximum_cardinality,proven_optimal,18811.848176520776,1.878781687291604,10012.790897296523,0,0,12,,,43;60;72;74;76;86;111;124;130;137;154;193,0,0,12,0,0,0,0.0,0.0,0.4,0.0,0.0,0.0,0,12,1.7997355998959392,25,23,340,56,12,,method1_proportional_scores_gamma1,unrestricted_maximum_cardinality_then_maximum_testing_evalue_sum,200,0,3,exact_fixed_count_order_statistics,300.0,1,False
182,1d2f01b74e034d6bf1b3e229f1dab270ee1fd3e4ae78c48d56a662f6041dbacc,proven_maximal,maximize_sum_testing_e_values_at_maximum_cardinality,proven_optimal,42850.25801053056,2.4504046166939673,17487.01325430214,0,0,11,,,0;8;17;50;55;67;99;106;152;193;194,0,0,11,0,0,0,0.0,0.0,0.36666666666666664,0.0,0.0,0.0,0,11,0.7530817000661045,11,11,303,62,11,,method1_proportional_scores_gamma1,unrestricted_maximum_cardinality_then_maximum_testing_evalue_sum,200,0,6,exact_fixed_count_order_statistics,300.0,1,False
183,ed6437b174e1775dacc8635442808df0a2afed2223ac365e91aa50e8b3c38e38,proven_maximal,maximize_sum_testing_e_values_at_maximum_cardinality,proven_optimal,55942.897208367736,1.7107613088974676,32700.58594230261,0,0,24,,,0;6;9;17;31;51;62;65;84;98;109;122;135;139;141;142;153;155;156;162;163;167;187;190,0,0,23,0,0,1,0.0,0.0,0.7666666666666667,0.0,0.0,0.041666666666666664,0,24,0.6596760998945683,10,10,291,65,24,,method1_proportional_scores_gamma1,unrestricted_maximum_cardinality_then_maximum_testing_evalue_sum,200,0,8,exact_fixed_count_order_statistics,300.0,1,False
184,60b344ecaacdbcf853095c5c5e3d56c8d860ef8a6701822d40ca10157523f0d5,proven_maximal,maximize_sum_testing_e_values_at_maximum_cardinality,proven_optimal,142222.881116474,1.28177756068575,110957.53700071396,0,0,16,,,4;6;22;24;39;43;59;67;69;123;127;146;149;155;179;181,0,0,16,0,0,0,0.0,0.0,0.5333333333333333,0.0,0.0,0.0,0,16,0.3553694998845458,6,6,267,59,16,,method1_proportional_scores_gamma1,unrestricted_maximum_cardinality_then_maximum_testing_evalue_sum,200,0,8,exact_fixed_count_order_statistics,300.0,1,False
185,8a1f1c6b5bf27408e40116d77ad4e5120e102929e1a1e81256af9c6d31c9ea2b,proven_maximal,maximize_sum_testing_e_values_at_maximum_cardinality,proven_optimal,36655.84602856756,1.4497273933941939,25284.64744171424,0,0,9,,,8;28;67;78;86;128;132;152;178,0,0,9,0,0,0,0.0,0.0,0.3,0.0,0.0,0.0,0,9,0.32917059981264174,6,6,251,53,9,,method1_proportional_scores_gamma1,unrestricted_maximum_cardinality_then_maximum_testing_evalue_sum,200,0,7,exact_fixed_count_order_statistics,300.0,1,False
186,83e23d19a59d88fdc3e51a69e307182694b69aa630843a7434a11297552309c5,proven_maximal,maximize_sum_testing_e_values_at_maximum_cardinality,proven_optimal,33559.883586055024,2.077529970702134,16153.742212784027,0,0,19,,,1;29;37;50;56;62;91;118;150;151;157;161;164;168;181;182;183;184;191,0,0,19,0,0,0,0.0,0.0,0.6333333333333333,0.0,0.0,0.0,0,19,0.5173184000886977,10,10,273,59,19,,method1_proportional_scores_gamma1,unrestricted_maximum_cardinality_then_maximum_testing_evalue_sum,200,0,6,exact_fixed_count_order_statistics,300.0,1,False
187,152050c46b065493b90dc24df67f18a45b2b7afbd4902eafdd59502394f347e2,proven_maximal,maximize_sum_testing_e_values_at_maximum_cardinality,proven_optimal,99405.83494927123,2.0551331486928808,48369.53508948847,0,0,18,,,0;5;28;34;37;52;56;81;83;100;110;122;124;130;171;191;192;194,0,0,18,0,0,0,0.0,0.0,0.6,0.0,0.0,0.0,0,18,0.4130357000976801,7,7,251,51,18,,method1_proportional_scores_gamma1,unrestricted_maximum_cardinality_then_maximum_testing_evalue_sum,200,0,12,exact_fixed_count_order_statistics,300.0,1,False
188,3b8f51dbd9f12f096dff0d951f3ebd6080acdd8b99ef4725896ba1a26d099c1e,proven_maximal,maximize_sum_testing_e_values_at_maximum_cardinality,proven_optimal,26503.423279348568,2.725624132450379,9723.79975793712,0,0,14,,,2;14;28;46;60;77;92;108;109;129;140;150;159;170,0,0,14,0,0,0,0.0,0.0,0.4666666666666667,0.0,0.0,0.0,0,14,1.144039000151679,17,16,298,48,14,,method1_proportional_scores_gamma1,unrestricted_maximum_cardinality_then_maximum_testing_evalue_sum,200,0,5,exact_fixed_count_order_statistics,300.0,1,False
189,f347566cdd59ff6bde7cace5315222513f9f1400044c5725c638ae6b6a4e7f83,proven_maximal,maximize_sum_testing_e_values_at_maximum_cardinality,proven_optimal,49314.68702793123,4.008826761531074,12301.526097649748,0,0,21,,,11;19;21;24;44;63;90;99;102;118;130;138;158;159;164;168;171;182;190;195;196,0,0,21,0,0,0,0.0,0.0,0.7,0.0,0.0,0.0,0,21,0.7625479998532683,12,12,266,52,21,,method1_proportional_scores_gamma1,unrestricted_maximum_cardinality_then_maximum_testing_evalue_sum,200,0,14,exact_fixed_count_order_statistics,300.0,1,False
190,cd41949a11d6802e9aa884df05423fecca418f622b651ba339b2514ec70d6783,proven_maximal,maximize_sum_testing_e_values_at_maximum_cardinality,proven_optimal,2087.8813192388766,1.5206230094721402,1373.0433554097349,0,0,5,,,46;95;127;133;136,0,0,5,0,0,0,0.0,0.0,0.16666666666666666,0.0,0.0,0.0,0,5,0.8015743000432849,13,10,257,47,5,,method1_proportional_scores_gamma1,unrestricted_maximum_cardinality_then_maximum_testing_evalue_sum,200,0,0,exact_fixed_count_order_statistics,300.0,1,False
191,4bf51d96436c8e353ba9b9b863097e0cbd81f66d22982a76462595bae510610b,proven_maximal,maximize_sum_testing_e_values_at_maximum_cardinality,proven_optimal,43727.02244521445,2.1829078417115015,20031.54764927246,0,0,20,,,5;10;18;42;49;50;85;89;101;120;125;136;157;172;174;177;183;190;191;197,0,0,20,0,0,0,0.0,0.0,0.6666666666666666,0.0,0.0,0.0,0,20,0.6016480000689626,9,9,261,52,20,,method1_proportional_scores_gamma1,unrestricted_maximum_cardinality_then_maximum_testing_evalue_sum,200,0,11,exact_fixed_count_order_statistics,300.0,1,False
192,e421467df31fd1eb56c02c6a0b2c37b365c430ebf24d9e00768dab73f3bfbfb7,proven_maximal,maximize_sum_testing_e_values_at_maximum_cardinality,proven_optimal,54859.99510829256,1.3242771531382942,41426.36983375,0,0,16,,,0;5;20;21;58;61;73;108;110;135;139;148;158;162;173;182,0,0,16,0,0,0,0.0,0.0,0.5333333333333333,0.0,0.0,0.0,0,16,0.8304176998790354,14,14,261,50,16,,method1_proportional_scores_gamma1,unrestricted_maximum_cardinality_then_maximum_testing_evalue_sum,200,0,8,exact_fixed_count_order_statistics,300.0,1,False
193,43f08fb711dfac120607d240ed05d953594b2be5cf80685b2b36b9e7453762e2,proven_maximal,maximize_sum_testing_e_values_at_maximum_cardinality,proven_optimal,442029.96239876485,1.0605652166470416,416787.15788571193,0,0,8,,,30;79;143;160;163;176;184;195,0,0,8,0,0,0,0.0,0.0,0.26666666666666666,0.0,0.0,0.0,0,8,0.6839930000714958,10,8,257,39,8,,method1_proportional_scores_gamma1,unrestricted_maximum_cardinality_then_maximum_testing_evalue_sum,200,0,6,exact_fixed_count_order_statistics,300.0,1,False
194,ed26a8333da7363f984ab077adcac1ade4ea65b1c67feef7fbdfc82ed47a2fbd,proven_maximal,maximize_sum_testing_e_values_at_maximum_cardinality,proven_optimal,20550.989862075214,2.326580265282694,8833.131686337132,0,0,9,,,12;20;30;54;157;163;166;186;196,0,0,9,0,0,0,0.0,0.0,0.3,0.0,0.0,0.0,0,9,0.9750440998468548,10,9,273,57,9,,method1_proportional_scores_gamma1,unrestricted_maximum_cardinality_then_maximum_testing_evalue_sum,200,0,6,exact_fixed_count_order_statistics,300.0,1,False
195,cb744cc963ee3fa8f44a5f669d8235f32ead803503207464f34d97176cf4d3ee,proven_maximal,maximize_sum_testing_e_values_at_maximum_cardinality,proven_optimal,38448.91319220039,1.459123269385147,26350.695653289247,0,0,16,,,1;13;25;34;50;61;67;78;80;100;157;166;173;174;176;194,0,0,16,0,0,0,0.0,0.0,0.5333333333333333,0.0,0.0,0.0,0,16,0.5397987000178546,10,10,281,58,16,,method1_proportional_scores_gamma1,unrestricted_maximum_cardinality_then_maximum_testing_evalue_sum,200,0,5,exact_fixed_count_order_statistics,300.0,1,False
196,fdd8ee2d642c2b26ed5a86b5fc510f9c37a9fc83e0fa64793cd13901c5faa78b,proven_maximal,maximize_sum_testing_e_values_at_maximum_cardinality,proven_optimal,10080.73576189286,1.6760165136148264,6014.699545024629,0,0,6,,,56;66;144;154;172;186,0,0,6,0,0,0,0.0,0.0,0.2,0.0,0.0,0.0,0,6,0.9371972000226378,10,6,251,45,6,,method1_proportional_scores_gamma1,unrestricted_maximum_cardinality_then_maximum_testing_evalue_sum,200,0,2,exact_fixed_count_order_statistics,300.0,1,False
197,a08ab514877402d60d114e242c672ad38e80e7df2505eb122669d5205054151d,proven_maximal,maximize_sum_testing_e_values_at_maximum_cardinality,proven_optimal,222698.5513580804,1.4254836782373919,156226.65819186845,0,0,15,,,8;16;46;47;48;54;73;75;93;102;119;121;137;189;196,0,0,15,0,0,0,0.0,0.0,0.5,0.0,0.0,0.0,0,15,1.4838959998451173,17,16,319,67,15,,method1_proportional_scores_gamma1,unrestricted_maximum_cardinality_then_maximum_testing_evalue_sum,200,0,12,exact_fixed_count_order_statistics,300.0,1,False
198,93027051a8c5b2e0d2a6d7f284ccf3e8f99744b6cfeb36cfa7b66e71cc381013,proven_maximal,maximize_sum_testing_e_values_at_maximum_cardinality,proven_optimal,85958.0530220863,1.7242678544870562,49851.91413178524,0,0,12,,,4;18;46;83;93;106;115;127;157;168;173;196,0,0,12,0,0,0,0.0,0.0,0.4,0.0,0.0,0.0,0,12,0.8150035999715328,14,14,284,57,12,,method1_proportional_scores_gamma1,unrestricted_maximum_cardinality_then_maximum_testing_evalue_sum,200,0,8,exact_fixed_count_order_statistics,300.0,1,False
199,e39b44800d645979d5569799373e48a8675a31fc03fe01de779756e6a943bed9,proven_maximal,maximize_sum_testing_e_values_at_maximum_cardinality,proven_optimal,116964.18801496575,1.2644559394151111,92501.59247863464,0,0,15,,,4;5;24;59;82;103;105;106;124;128;146;152;172;190;191,0,0,15,0,0,0,0.0,0.0,0.5,0.0,0.0,0.0,0,15,0.3149276999756694,6,6,250,46,15,,method1_proportional_scores_gamma1,unrestricted_maximum_cardinality_then_maximum_testing_evalue_sum,200,0,7,exact_fixed_count_order_statistics,300.0,1,False
200,f45372947e04ed3f324632775d86bb12c7e4c6a0fe8dc9c1b73218fcdaace252,proven_maximal,maximize_sum_testing_e_values_at_maximum_cardinality,proven_optimal,186714.96380427975,1.3914780566602898,134184.62685097422,0,0,14,,,3;4;18;20;50;73;93;97;127;134;143;177;197;198,0,0,14,0,0,0,0.0,0.0,0.4666666666666667,0.0,0.0,0.0,0,14,1.0398377000819892,15,14,286,54,14,,method1_proportional_scores_gamma1,unrestricted_maximum_cardinality_then_maximum_testing_evalue_sum,200,0,12,exact_fixed_count_order_statistics,300.0,1,False
201,13f97d813ca3754dcfce40102f6a06283ce5fbb2fcf2e5314003031b470d99bb,proven_maximal,maximize_sum_testing_e_values_at_maximum_cardinality,proven_optimal,185845.75996364738,1.2941290823677216,143606.81828092944,0,0,18,,,4;27;32;41;49;50;68;90;111;113;136;148;151;180;184;188;193;195,0,0,18,0,0,0,0.0,0.0,0.6,0.0,0.0,0.0,0,18,0.8625868998933583,14,14,325,44,18,,method1_proportional_scores_gamma1,unrestricted_maximum_cardinality_then_maximum_testing_evalue_sum,200,0,7,exact_fixed_count_order_statistics,300.0,1,False
202,afc207dd009f7a90904de302168a845fbc1135870e32220d4e84eb063492c2d1,proven_maximal,maximize_sum_testing_e_values_at_maximum_cardinality,proven_optimal,162024.11183730038,1.9104147864241767,84810.95989660412,0,0,11,,,20;27;53;56;71;73;92;97;102;114;165,0,0,11,0,0,0,0.0,0.0,0.36666666666666664,0.0,0.0,0.0,0,11,0.8638959999661893,10,10,270,55,11,,method1_proportional_scores_gamma1,unrestricted_maximum_cardinality_then_maximum_testing_evalue_sum,200,0,7,exact_fixed_count_order_statistics,300.0,1,False
203,4705cd8d1cc92f1de2445e0ce2a1a7f83f73485cbe3c515f59c9ebf5d38e93bc,proven_maximal,maximize_sum_testing_e_values_at_maximum_cardinality,proven_optimal,10429.554117468882,1.1607449062230255,8985.224971958609,0,0,6,,,1;65;106;162;175;185,0,0,6,0,0,0,0.0,0.0,0.2,0.0,0.0,0.0,0,6,0.48042529984377325,6,5,253,50,6,,method1_proportional_scores_gamma1,unrestricted_maximum_cardinality_then_maximum_testing_evalue_sum,200,0,1,exact_fixed_count_order_statistics,300.0,1,False
204,4dc72bd01af25597158281df42a6254afd2b6af7787fcafca19a4c0597b9b1ce,proven_maximal,maximize_sum_testing_e_values_at_maximum_cardinality,proven_optimal,54142.33181097925,1.1553243626748766,46863.31696981241,0,0,16,,,2;7;13;25;30;32;47;67;80;91;114;121;152;160;161;186,0,0,15,0,0,1,0.0,0.0,0.5,0.0,0.0,0.0625,0,16,0.3417381998151541,9,9,247,35,16,,method1_proportional_scores_gamma1,unrestricted_maximum_cardinality_then_maximum_testing_evalue_sum,200,0,4,exact_fixed_count_order_statistics,300.0,1,False
205,70ebcee1418cbe64faae38ec27147df57d0b70c5f91dbcc8cec602f1f2b10062,proven_maximal,maximize_sum_testing_e_values_at_maximum_cardinality,proven_optimal,22707.46280096253,1.9042148649385557,11924.84273653396,0,0,11,,,36;61;66;77;83;95;144;152;155;156;169,0,0,11,0,0,0,0.0,0.0,0.36666666666666664,0.0,0.0,0.0,0,11,0.48683639988303185,6,6,248,53,11,,method1_proportional_scores_gamma1,unrestricted_maximum_cardinality_then_maximum_testing_evalue_sum,200,0,7,exact_fixed_count_order_statistics,300.0,1,False
206,1fa8938a77176d1e052224c53e10c07f2ff280bcbc3732b65786d0aa17143c5f,proven_maximal,maximize_sum_testing_e_values_at_maximum_cardinality,proven_optimal,12762.219231337844,2.3640056494136603,5398.556993509399,0,0,15,,,13;14;53;67;69;72;95;139;157;167;169;173;179;182;187,0,0,15,0,0,0,0.0,0.0,0.5,0.0,0.0,0.0,0,15,1.3219612000975758,19,18,320,55,15,,method1_proportional_scores_gamma1,unrestricted_maximum_cardinality_then_maximum_testing_evalue_sum,200,0,6,exact_fixed_count_order_statistics,300.0,1,False
207,87216528a0ae85956861ce3b64781ed1415884df959db54eb02de243159df051,proven_maximal,maximize_sum_testing_e_values_at_maximum_cardinality,proven_optimal,557408.0837304519,1.0220295849322774,545393.2957991498,0,0,20,,,9;10;13;14;16;21;36;57;66;85;88;91;121;124;140;153;165;191;192;193,0,0,20,0,0,0,0.0,0.0,0.6666666666666666,0.0,0.0,0.0,0,20,0.4216129998676479,9,9,260,51,20,,method1_proportional_scores_gamma1,unrestricted_maximum_cardinality_then_maximum_testing_evalue_sum,200,0,7,exact_fixed_count_order_statistics,300.0,1,False
208,37edbf9f3bdf2fb3cc4f9b747e576bb20c61d03a604b70dc1d33ef0dcae79afb,proven_maximal,maximize_sum_testing_e_values_at_maximum_cardinality,proven_optimal,24199.904494599796,2.696982113096013,8972.956986659212,0,0,22,,,7;19;37;38;43;44;46;57;64;72;85;96;103;118;136;140;149;163;171;180;183;188,0,0,22,0,0,0,0.0,0.0,0.7333333333333333,0.0,0.0,0.0,0,22,0.21700729988515377,4,4,242,51,22,,method1_proportional_scores_gamma1,unrestricted_maximum_cardinality_then_maximum_testing_evalue_sum,200,0,8,exact_fixed_count_order_statistics,300.0,1,False
209,aff552d3666814cbfe46cfff551fcd4255bd311078b668928c77e041b9bfd07e,proven_maximal,maximize_sum_testing_e_values_at_maximum_cardinality,proven_optimal,8841.212980598459,3.3540122695923427,2636.010923619265,0,0,11,,,29;30;40;58;64;97;101;111;162;178;195,0,0,11,0,0,0,0.0,0.0,0.36666666666666664,0.0,0.0,0.0,0,11,0.9762402998749167,19,19,280,50,11,,method1_proportional_scores_gamma1,unrestricted_maximum_cardinality_then_maximum_testing_evalue_sum,200,0,4,exact_fixed_count_order_statistics,300.0,1,False
210,1a4026ae73ccec0a09a7207a15c5cd00ca3c1afab702d36b086c67f35eddc848,proven_maximal,maximize_sum_testing_e_values_at_maximum_cardinality,proven_optimal,72598.81353327379,1.129738054452094,64261.63414357421,0,0,10,,,13;16;27;29;77;102;136;184;190;198,0,0,10,0,0,0,0.0,0.0,0.3333333333333333,0.0,0.0,0.0,0,10,0.5019121000077575,6,6,260,63,10,,method1_proportional_scores_gamma1,unrestricted_maximum_cardinality_then_maximum_testing_evalue_sum,200,0,4,exact_fixed_count_order_statistics,300.0,1,False
211,52969bc3716ce501f6dfcbd0f28440bccf72d8882fa29027d9fc42f4b1cd6212,proven_maximal,maximize_sum_testing_e_values_at_maximum_cardinality,proven_optimal,44089.18523569746,1.4863049098903045,29663.62079699476,0,0,21,,,16;28;33;41;49;54;55;57;60;65;77;79;81;122;141;158;167;170;186;193;196,0,0,21,0,0,0,0.0,0.0,0.7,0.0,0.0,0.0,0,21,0.7339769001118839,12,12,315,46,21,,method1_proportional_scores_gamma1,unrestricted_maximum_cardinality_then_maximum_testing_evalue_sum,200,0,9,exact_fixed_count_order_statistics,300.0,1,False
212,55d8fb798bd791e0e3ffbab5e3e7c5350aa4570fe29dbce99130cf77d01753b5,proven_maximal,maximize_sum_testing_e_values_at_maximum_cardinality,proven_optimal,59934.669566218035,2.3984178723528085,24989.252397215965,0,0,12,,,6;10;74;90;94;97;101;104;123;142;153;177,0,0,12,0,0,0,0.0,0.0,0.4,0.0,0.0,0.0,0,12,1.4114234000444412,21,19,315,60,12,,method1_proportional_scores_gamma1,unrestricted_maximum_cardinality_then_maximum_testing_evalue_sum,200,0,9,exact_fixed_count_order_statistics,300.0,1,False
213,4b84e0bfdf02ae380873aa6da246f1bb4bc9b1b2fee0ba036f0e0e5ef284716d,proven_maximal,maximize_sum_testing_e_values_at_maximum_cardinality,proven_optimal,64650.60935069373,1.4947209933090566,43252.62683811535,0,0,14,,,7;18;66;67;72;82;93;95;100;107;120;180;186;195,0,0,14,0,0,0,0.0,0.0,0.4666666666666667,0.0,0.0,0.0,0,14,0.5134946999605745,11,11,292,41,14,,method1_proportional_scores_gamma1,unrestricted_maximum_cardinality_then_maximum_testing_evalue_sum,200,0,3,exact_fixed_count_order_statistics,300.0,1,False
214,b35566dd27387378b03494ab732af9ddc33d14bc31043ac46be7b529c1a56dc8,proven_maximal,maximize_sum_testing_e_values_at_maximum_cardinality,proven_optimal,59755.91418351675,2.4353917772763216,24536.468727978623,0,0,23,,,18;27;43;45;46;56;61;67;72;77;98;105;109;114;115;122;151;153;156;167;183;187;193,0,0,23,0,0,0,0.0,0.0,0.7666666666666667,0.0,0.0,0.0,0,23,0.5118914998602122,11,11,266,59,23,,method1_proportional_scores_gamma1,unrestricted_maximum_cardinality_then_maximum_testing_evalue_sum,200,0,13,exact_fixed_count_order_statistics,300.0,1,False
215,3030787e0d0d8f1f4371687d92612b5375ca8127a28d2a4589dce46356877839,proven_maximal,maximize_sum_testing_e_values_at_maximum_cardinality,proven_optimal,6759.754255213448,2.0317369497677893,3327.081419662143,0,0,5,,,46;52;116;122;139,0,0,5,0,0,0,0.0,0.0,0.16666666666666666,0.0,0.0,0.0,0,5,0.6211764998733997,6,4,249,50,5,,method1_proportional_scores_gamma1,unrestricted_maximum_cardinality_then_maximum_testing_evalue_sum,200,0,2,exact_fixed_count_order_statistics,300.0,1,False
216,3e945648a0dbf1fa89b998997d6b02e4d4fa3ce169bcce168a5fa77f08e9b700,proven_maximal,maximize_sum_testing_e_values_at_maximum_cardinality,proven_optimal,27803.742568631285,2.0671689110611777,13450.155146904895,0,0,24,,,5;6;23;27;33;39;45;47;52;53;55;72;84;87;91;92;114;128;140;142;154;163;171;182,0,0,24,0,0,0,0.0,0.0,0.8,0.0,0.0,0.0,0,24,0.4947768000420183,9,9,275,58,24,,method1_proportional_scores_gamma1,unrestricted_maximum_cardinality_then_maximum_testing_evalue_sum,200,0,6,exact_fixed_count_order_statistics,300.0,1,False
217,3fea9cf7bb0995d97c5303fa78ccbd1bc7ad41adf30cce3c14ed1b3f083fff49,proven_maximal,maximize_sum_testing_e_values_at_maximum_cardinality,proven_optimal,9214.610202873042,1.6578872707807009,5558.043882280291,0,0,10,,,8;9;34;47;75;83;101;146;169;180,0,0,10,0,0,0,0.0,0.0,0.3333333333333333,0.0,0.0,0.0,0,10,1.3200584999285638,15,14,282,49,10,,method1_proportional_scores_gamma1,unrestricted_maximum_cardinality_then_maximum_testing_evalue_sum,200,0,1,exact_fixed_count_order_statistics,300.0,1,False
218,f09b247915e9ce87e68aee7b43b9bec65acf74e942934359ee744264be14b4aa,proven_maximal,maximize_sum_testing_e_values_at_maximum_cardinality,proven_optimal,77642.26962081232,1.5386391886849469,50461.64831351532,0,0,11,,,9;16;40;52;54;62;79;112;155;167;178,0,0,11,0,0,0,0.0,0.0,0.36666666666666664,0.0,0.0,0.0,0,11,1.5300347001757473,16,15,289,59,11,,method1_proportional_scores_gamma1,unrestricted_maximum_cardinality_then_maximum_testing_evalue_sum,200,0,6,exact_fixed_count_order_statistics,300.0,1,False
219,80144fd4d9f73c8d4188f6ebf0811e36c1528dcbd6f9e11331488224eba6e049,proven_maximal,maximize_sum_testing_e_values_at_maximum_cardinality,proven_optimal,51876.255997323904,1.1495997828020406,45125.49216987537,0,0,14,,,1;26;29;35;38;96;100;115;118;131;143;170;178;197,0,0,14,0,0,0,0.0,0.0,0.4666666666666667,0.0,0.0,0.0,0,14,1.2117834999226034,16,15,323,56,14,,method1_proportional_scores_gamma1,unrestricted_maximum_cardinality_then_maximum_testing_evalue_sum,200,0,2,exact_fixed_count_order_statistics,300.0,1,False
220,35019d48e29c0a563dd96037e13db67254cc40b5cd2097f6815468757daf4739,proven_maximal,maximize_sum_testing_e_values_at_maximum_cardinality,proven_optimal,66916.20497757531,1.3097714605334532,51089.98553863832,0,0,14,,,3;7;8;34;50;69;82;91;96;113;115;151;174;184,0,0,14,0,0,0,0.0,0.0,0.4666666666666667,0.0,0.0,0.0,0,14,0.75620669987984,12,12,277,46,14,,method1_proportional_scores_gamma1,unrestricted_maximum_cardinality_then_maximum_testing_evalue_sum,200,0,7,exact_fixed_count_order_statistics,300.0,1,False
221,70155151d2fbe7b8cc4a015b13816c606fd08d8e9689121125bbb9da4441bacf,proven_maximal,maximize_sum_testing_e_values_at_maximum_cardinality,proven_optimal,161893.8553261153,1.070718185523859,151201.18208033164,0,0,13,,,5;22;37;42;72;75;89;93;100;141;147;156;174,0,0,13,0,0,0,0.0,0.0,0.43333333333333335,0.0,0.0,0.0,0,13,2.091468600090593,18,17,330,66,13,,method1_proportional_scores_gamma1,unrestricted_maximum_cardinality_then_maximum_testing_evalue_sum,200,0,2,exact_fixed_count_order_statistics,300.0,1,False
222,3ee147ba9d09eb683fd2cb68e08bd60a92823bb7b512da2c0cb8196d41ee4a8e,proven_maximal,maximize_sum_testing_e_values_at_maximum_cardinality,proven_optimal,47600.45336930413,1.488943316814693,31969.28508409314,0,0,21,,,11;17;21;22;25;30;31;36;40;51;57;64;69;71;89;95;97;137;175;179;186,0,0,21,0,0,0,0.0,0.0,0.7,0.0,0.0,0.0,0,21,0.9630165998823941,16,15,267,48,21,,method1_proportional_scores_gamma1,unrestricted_maximum_cardinality_then_maximum_testing_evalue_sum,200,0,10,exact_fixed_count_order_statistics,300.0,1,False
223,8597beebf3f83bc7bb3aeaa17407e0582cd9f1730c54866d40b2f82b181b8352,proven_maximal,maximize_sum_testing_e_values_at_maximum_cardinality,proven_optimal,130665.23628997742,1.7329850982553454,75398.93817986232,0,0,19,,,16;17;55;63;73;86;99;102;111;135;138;143;145;151;168;169;191;194;197,0,0,19,0,0,0,0.0,0.0,0.6333333333333333,0.0,0.0,0.0,0,19,0.31754660001024604,8,8,251,44,19,,method1_proportional_scores_gamma1,unrestricted_maximum_cardinality_then_maximum_testing_evalue_sum,200,0,9,exact_fixed_count_order_statistics,300.0,1,False
224,8e74233719b1b73afd5162918855e343834447b16d6e111923d32341b3e8616d,proven_maximal,maximize_sum_testing_e_values_at_maximum_cardinality,proven_optimal,106467.75440007825,1.1340174403033478,93885.4647346502,0,0,6,,,47;85;88;104;112;118,0,0,6,0,0,0,0.0,0.0,0.2,0.0,0.0,0.0,0,6,0.6569014000706375,13,12,280,60,6,,method1_proportional_scores_gamma1,unrestricted_maximum_cardinality_then_maximum_testing_evalue_sum,200,0,6,exact_fixed_count_order_statistics,300.0,1,False
225,4fb01a437059f713d631eec112481a3de8f28b57a7c8c2f16b441c8066afd007,proven_maximal,maximize_sum_testing_e_values_at_maximum_cardinality,proven_optimal,56710.47216100672,1.6572924522553318,34218.7476228665,0,0,13,,,6;42;50;57;74;82;85;98;139;141;157;170;175,0,0,13,0,0,0,0.0,0.0,0.43333333333333335,0.0,0.0,0.0,0,13,0.6003806998487562,10,10,257,56,13,,method1_proportional_scores_gamma1,unrestricted_maximum_cardinality_then_maximum_testing_evalue_sum,200,0,8,exact_fixed_count_order_statistics,300.0,1,False
226,79bb7be90045c560569296857378ba867b6fada2413e3501c572cb13959931b1,proven_maximal,maximize_sum_testing_e_values_at_maximum_cardinality,proven_optimal,21868.468879860764,2.010745873735275,10875.799456067843,0,0,14,,,11;68;79;94;100;109;124;131;136;141;166;170;176;177,0,0,14,0,0,0,0.0,0.0,0.4666666666666667,0.0,0.0,0.0,0,14,0.664692300138995,10,10,271,56,14,,method1_proportional_scores_gamma1,unrestricted_maximum_cardinality_then_maximum_testing_evalue_sum,200,0,4,exact_fixed_count_order_statistics,300.0,1,False
227,7804abc18f6f678dde46c5bd69cb328cbf19ae8a65ffabdfe297a4025abf94e1,proven_maximal,maximize_sum_testing_e_values_at_maximum_cardinality,proven_optimal,28618.51181251051,3.8180390550138377,7495.604785636953,0,0,22,,,5;9;13;25;36;38;44;46;50;51;54;100;113;118;132;138;151;153;165;166;184;191,0,0,22,0,0,0,0.0,0.0,0.7333333333333333,0.0,0.0,0.0,0,22,0.2684527998790145,6,6,240,50,22,,method1_proportional_scores_gamma1,unrestricted_maximum_cardinality_then_maximum_testing_evalue_sum,200,0,13,exact_fixed_count_order_statistics,300.0,1,False
228,a8c901ea740588c54bc471860b480d4b8ed49e41c0e4abc84dccb4ca4ec7207f,proven_maximal,maximize_sum_testing_e_values_at_maximum_cardinality,proven_optimal,15428.283115115983,1.3538654134384178,11395.728823541407,0,0,3,,,62;145;190,0,0,3,0,0,0,0.0,0.0,0.1,0.0,0.0,0.0,0,3,0.9186889999546111,15,12,280,55,3,,method1_proportional_scores_gamma1,unrestricted_maximum_cardinality_then_maximum_testing_evalue_sum,200,0,7,exact_fixed_count_order_statistics,300.0,1,False
229,d3215c859e296d52865a1138f4b1288732e04465dc8add6d0e98551ecfa55a60,proven_maximal,maximize_sum_testing_e_values_at_maximum_cardinality,proven_optimal,38535.08632841244,1.4057511567111656,27412.45215729892,0,0,21,,,3;5;7;22;29;41;46;49;71;93;106;115;121;139;140;165;166;175;177;178;185,0,0,21,0,0,0,0.0,0.0,0.7,0.0,0.0,0.0,0,21,0.7862788999918848,14,14,274,47,21,,method1_proportional_scores_gamma1,unrestricted_maximum_cardinality_then_maximum_testing_evalue_sum,200,0,5,exact_fixed_count_order_statistics,300.0,1,False
230,cc27aee1808f418572fce53ae78dd9417bd9f8cd699b82556acc50523dfbae46,proven_maximal,maximize_sum_testing_e_values_at_maximum_cardinality,proven_optimal,244961.57505520777,1.1154894763113403,219600.0771475117,0,0,16,,,7;16;17;31;49;66;69;97;98;112;131;134;139;147;151;171,0,0,16,0,0,0,0.0,0.0,0.5333333333333333,0.0,0.0,0.0,0,16,0.46816089982166886,7,7,253,51,16,,method1_proportional_scores_gamma1,unrestricted_maximum_cardinality_then_maximum_testing_evalue_sum,200,0,7,exact_fixed_count_order_statistics,300.0,1,False
231,e1ef39f642daa1b5799cd9a2fe79467b0797c6cd7820635a22b36f6aa66f5e17,proven_maximal,maximize_sum_testing_e_values_at_maximum_cardinality,proven_optimal,11188.27322493229,3.0156961306953467,3710.01345628034,0,0,16,,,4;33;35;69;88;93;105;108;117;141;151;161;171;176;195;197,0,0,16,0,0,0,0.0,0.0,0.5333333333333333,0.0,0.0,0.0,0,16,2.671652200166136,42,40,414,49,16,,method1_proportional_scores_gamma1,unrestricted_maximum_cardinality_then_maximum_testing_evalue_sum,200,0,4,exact_fixed_count_order_statistics,300.0,1,False
232,71fa5861f0ca515b8724360e3a8d514fe65954f293bb24ff5c0ea7b5a3e0179b,proven_maximal,maximize_sum_testing_e_values_at_maximum_cardinality,proven_optimal,269796.8984661672,1.070246999181967,252088.441894613,0,0,23,,,0;2;4;14;20;39;49;61;95;103;104;105;106;108;121;125;133;147;148;167;173;174;199,0,0,23,0,0,0,0.0,0.0,0.7666666666666667,0.0,0.0,0.0,0,23,0.2782699998933822,6,6,229,42,23,,method1_proportional_scores_gamma1,unrestricted_maximum_cardinality_then_maximum_testing_evalue_sum,200,0,11,exact_fixed_count_order_statistics,300.0,1,False
233,f1734891e41de84c03ccfba70143b1b969d0e5562e6ccc42a053d21eec94d916,proven_maximal,maximize_sum_testing_e_values_at_maximum_cardinality,proven_optimal,93820.03020164552,1.783452277360168,52605.85404646551,0,0,17,,,13;30;34;45;50;81;88;105;111;130;143;163;164;170;175;177;183,0,0,16,0,0,1,0.0,0.0,0.5333333333333333,0.0,0.0,0.058823529411764705,0,17,1.4519569999538362,20,18,303,61,17,,method1_proportional_scores_gamma1,unrestricted_maximum_cardinality_then_maximum_testing_evalue_sum,200,0,13,exact_fixed_count_order_statistics,300.0,1,False
234,040adff3812909e11d9064717f4b1e666ee32e33e0abd16e95b7a4527386c4dc,proven_maximal,maximize_sum_testing_e_values_at_maximum_cardinality,proven_optimal,57267.73169234162,1.1645645593519398,49175.2314051272,0,0,7,,,35;36;51;54;59;103;155,0,0,7,0,0,0,0.0,0.0,0.23333333333333334,0.0,0.0,0.0,0,7,0.9160130000673234,11,8,268,60,7,,method1_proportional_scores_gamma1,unrestricted_maximum_cardinality_then_maximum_testing_evalue_sum,200,0,4,exact_fixed_count_order_statistics,300.0,1,False
235,fe4e36d56c889aae8c1882bb80aac364a3acccbb6337a2c96a73c1c233dc2e7b,proven_maximal,maximize_sum_testing_e_values_at_maximum_cardinality,proven_optimal,36753.282918596975,2.2094678439107907,16634.450245513926,0,0,19,,,12;15;44;54;60;70;73;89;100;127;128;146;147;149;154;155;173;185;191,0,0,19,0,0,0,0.0,0.0,0.6333333333333333,0.0,0.0,0.0,0,19,0.7568964001256973,13,13,274,51,19,,method1_proportional_scores_gamma1,unrestricted_maximum_cardinality_then_maximum_testing_evalue_sum,200,0,7,exact_fixed_count_order_statistics,300.0,1,False
236,e3c1c0f66e9585ca5ca791f5af9961c0024aa2eaf8ff3f33b2331f79119c88ca,proven_maximal,maximize_sum_testing_e_values_at_maximum_cardinality,proven_optimal,5946.060624003069,1.5026214604814974,3957.124785172258,0,0,9,,,31;52;118;120;128;132;166;186;192,0,0,9,0,0,0,0.0,0.0,0.3,0.0,0.0,0.0,0,9,0.5244976999238133,6,5,246,49,9,,method1_proportional_scores_gamma1,unrestricted_maximum_cardinality_then_maximum_testing_evalue_sum,200,0,0,exact_fixed_count_order_statistics,300.0,1,False
237,42b107559e51936877273f156d2d9d526bc5e9378ac22ee1b942225c2ae55321,proven_maximal,maximize_sum_testing_e_values_at_maximum_cardinality,proven_optimal,42846.51316485155,2.1946267031368576,19523.371835223512,0,0,23,,,1;3;6;16;17;19;20;51;54;61;66;87;109;110;112;115;164;169;173;174;178;193;196,0,0,23,0,0,0,0.0,0.0,0.7666666666666667,0.0,0.0,0.0,0,23,0.44135119998827577,7,7,250,52,23,,method1_proportional_scores_gamma1,unrestricted_maximum_cardinality_then_maximum_testing_evalue_sum,200,0,16,exact_fixed_count_order_statistics,300.0,1,False
238,8f0965cec66aec319e0c4e5793abc21321d483dc8087b001a74558b694d96beb,proven_maximal,maximize_sum_testing_e_values_at_maximum_cardinality,proven_optimal,85282.12738887392,1.2228149059245152,69742.46631741535,0,0,25,,,9;10;21;25;26;41;44;53;55;57;72;90;100;105;108;119;127;136;151;163;173;177;180;182;196,0,0,25,0,0,0,0.0,0.0,0.8333333333333334,0.0,0.0,0.0,0,25,0.4760447998996824,9,9,279,48,25,,method1_proportional_scores_gamma1,unrestricted_maximum_cardinality_then_maximum_testing_evalue_sum,200,0,6,exact_fixed_count_order_statistics,300.0,1,False
239,2ee2f270fad18b0bc7008439e764dd03e74f0aedf00efb1b48acafcedac2f1b7,proven_maximal,maximize_sum_testing_e_values_at_maximum_cardinality,proven_optimal,69872.06154272321,2.3405226618316552,29853.18735946033,0,0,17,,,3;9;29;56;64;97;106;107;130;147;149;156;158;160;172;179;198,0,0,17,0,0,0,0.0,0.0,0.5666666666666667,0.0,0.0,0.0,0,17,0.5898998999036849,11,11,272,50,17,,method1_proportional_scores_gamma1,unrestricted_maximum_cardinality_then_maximum_testing_evalue_sum,200,0,5,exact_fixed_count_order_statistics,300.0,1,False
240,ac0688b1aa2ef850ae4f39a988b9eb67717bb6090256b2c1a3ffb9c91e55c63b,proven_maximal,maximize_sum_testing_e_values_at_maximum_cardinality,proven_optimal,20418.32363301001,3.068100200867848,6655.038067933521,0,0,22,,,2;17;24;27;32;35;41;51;52;56;70;94;103;109;115;129;146;158;175;177;191;196,0,0,22,0,0,0,0.0,0.0,0.7333333333333333,0.0,0.0,0.0,0,22,0.2613228999543935,5,5,244,55,22,,method1_proportional_scores_gamma1,unrestricted_maximum_cardinality_then_maximum_testing_evalue_sum,200,0,11,exact_fixed_count_order_statistics,300.0,1,False
241,6471f18152f262318a02f34deed711f4b254cb50a583597ee2aa822b04016c4c,proven_maximal,maximize_sum_testing_e_values_at_maximum_cardinality,proven_optimal,5977.6814023893585,2.3393314989277068,2555.294709248939,0,0,7,,,1;22;51;67;90;142;182,0,0,7,0,0,0,0.0,0.0,0.23333333333333334,0.0,0.0,0.0,0,7,0.790074500022456,8,5,260,57,7,,method1_proportional_scores_gamma1,unrestricted_maximum_cardinality_then_maximum_testing_evalue_sum,200,0,4,exact_fixed_count_order_statistics,300.0,1,False
242,f1baba9054664571e2e5a6d715f8a1a9f270513dda5fe5251b04a5544fe1ebd1,proven_maximal,maximize_sum_testing_e_values_at_maximum_cardinality,proven_optimal,109443.44628028286,2.0668299466545226,52952.32268984377,0,0,8,,,4;36;137;160;174;175;177;193,0,0,8,0,0,0,0.0,0.0,0.26666666666666666,0.0,0.0,0.0,0,8,0.6912359001580626,9,7,259,53,8,,method1_proportional_scores_gamma1,unrestricted_maximum_cardinality_then_maximum_testing_evalue_sum,200,0,5,exact_fixed_count_order_statistics,300.0,1,False
243,fac1091f58a3d2e9b063d668a31d6ab4b3907ad6fe8f6b6933ef4a723c1fbd83,proven_maximal,maximize_sum_testing_e_values_at_maximum_cardinality,proven_optimal,209876.74085649627,1.3011661834144608,161298.95130362775,0,0,19,,,14;16;34;37;45;47;68;88;93;110;120;130;136;161;171;174;177;190;197,0,0,19,0,0,0,0.0,0.0,0.6333333333333333,0.0,0.0,0.0,0,19,0.7252193000167608,8,8,281,61,19,,method1_proportional_scores_gamma1,unrestricted_maximum_cardinality_then_maximum_testing_evalue_sum,200,0,8,exact_fixed_count_order_statistics,300.0,1,False
244,ac7f940f94a18d858f10ebf090925313a328cc71529bfdcccd3cb1c51a249a71,proven_maximal,maximize_sum_testing_e_values_at_maximum_cardinality,proven_optimal,8498.137894233494,2.2897460632983715,3711.3888000278753,0,0,15,,,20;33;53;86;88;95;114;117;118;122;124;129;136;146;171,0,0,15,0,0,0,0.0,0.0,0.5,0.0,0.0,0.0,0,15,0.8693933000322431,10,10,264,51,15,,method1_proportional_scores_gamma1,unrestricted_maximum_cardinality_then_maximum_testing_evalue_sum,200,0,0,exact_fixed_count_order_statistics,300.0,1,False
245,7a29df95330dbccef90205b8a12de9553f019d85025f4c8c5dda3b44def69ce3,proven_maximal,maximize_sum_testing_e_values_at_maximum_cardinality,proven_optimal,71647.71191315811,2.446251452591249,29288.776440894333,0,0,17,,,0;15;23;28;30;39;57;76;112;116;126;127;131;147;155;164;197,0,0,17,0,0,0,0.0,0.0,0.5666666666666667,0.0,0.0,0.0,0,17,1.7487372001633048,19,17,325,53,17,,method1_proportional_scores_gamma1,unrestricted_maximum_cardinality_then_maximum_testing_evalue_sum,200,0,11,exact_fixed_count_order_statistics,300.0,1,False
246,3ba72c2b250fdd433c6fca5e1d88a015ab75a791242fdf1e4323ff6401fce6f2,proven_maximal,maximize_sum_testing_e_values_at_maximum_cardinality,proven_optimal,47513.39296734011,2.3605731388073874,20127.905459156795,0,0,22,,,7;13;22;26;27;36;53;71;75;84;90;118;120;121;151;153;164;170;181;186;188;189,0,0,21,0,0,1,0.0,0.0,0.7,0.0,0.0,0.045454545454545456,0,22,0.35950800008140504,7,7,244,52,22,,method1_proportional_scores_gamma1,unrestricted_maximum_cardinality_then_maximum_testing_evalue_sum,200,0,15,exact_fixed_count_order_statistics,300.0,1,False
247,7380d6c28fde5916626911eae18783f9fe8cde8abb8228487ae7f3f27edad4da,proven_maximal,maximize_sum_testing_e_values_at_maximum_cardinality,proven_optimal,36616.48967402534,1.2320692527401014,29719.506101293315,0,0,20,,,4;14;16;33;43;53;55;56;59;71;77;79;86;104;117;139;151;184;191;194,0,0,20,0,0,0,0.0,0.0,0.6666666666666666,0.0,0.0,0.0,0,20,1.6348977000452578,18,17,321,51,20,,method1_proportional_scores_gamma1,unrestricted_maximum_cardinality_then_maximum_testing_evalue_sum,200,0,4,exact_fixed_count_order_statistics,300.0,1,False
248,05f02bcef43eb83864d39f6e45d1acb6b9d4326fd3864d253abf7171127cc6a3,proven_maximal,maximize_sum_testing_e_values_at_maximum_cardinality,proven_optimal,112510.11379493984,1.2891309838163798,87275.93643111557,0,0,23,,,3;21;26;27;48;51;65;66;69;101;102;117;120;130;140;141;143;162;168;188;191;193;197,0,0,23,0,0,0,0.0,0.0,0.7666666666666667,0.0,0.0,0.0,0,23,0.3231882001273334,7,7,259,51,23,,method1_proportional_scores_gamma1,unrestricted_maximum_cardinality_then_maximum_testing_evalue_sum,200,0,10,exact_fixed_count_order_statistics,300.0,1,False
249,5c7192751f84a287c0fbfc88e11969ff8fb32ef0f4eee23b2cdae37276d0ccc3,proven_maximal,maximize_sum_testing_e_values_at_maximum_cardinality,proven_optimal,6972.734797435549,1.596210771156283,4368.3045644307695,0,0,16,,,7;21;41;45;49;64;73;76;95;98;99;110;138;157;160;197,0,0,16,0,0,0,0.0,0.0,0.5333333333333333,0.0,0.0,0.0,0,16,0.42080329987220466,9,9,260,48,16,,method1_proportional_scores_gamma1,unrestricted_maximum_cardinality_then_maximum_testing_evalue_sum,200,0,1,exact_fixed_count_order_statistics,300.0,1,False
250,b40c4989ddaa75a370cf5b1866be172cb2680052b7def462f0b6b7f031a69c71,proven_maximal,maximize_sum_testing_e_values_at_maximum_cardinality,proven_optimal,24348.047411031705,2.110666324181504,11535.716058990822,0,0,18,,,9;10;40;49;57;82;84;106;137;149;157;160;162;169;172;174;176;180,0,0,18,0,0,0,0.0,0.0,0.6,0.0,0.0,0.0,0,18,0.46775850001722574,10,10,257,52,18,,method1_proportional_scores_gamma1,unrestricted_maximum_cardinality_then_maximum_testing_evalue_sum,200,0,6,exact_fixed_count_order_statistics,300.0,1,False
251,c2b05e7156f84c5067780519d7c49e7774cc66b37dccea65aae0eee4abc8d9d9,proven_maximal,maximize_sum_testing_e_values_at_maximum_cardinality,proven_optimal,7301.053272371789,2.5703265213798456,2840.515868953613,0,0,11,,,31;60;62;63;76;133;140;163;168;184;192,0,0,11,0,0,0,0.0,0.0,0.36666666666666664,0.0,0.0,0.0,0,11,1.6024205998983234,12,12,303,58,11,,method1_proportional_scores_gamma1,unrestricted_maximum_cardinality_then_maximum_testing_evalue_sum,200,0,0,exact_fixed_count_order_statistics,300.0,1,False
252,80508b50b3aff8d814c769e5c6e5d32315eae3f322a992279ff47c20ba30ac02,proven_maximal,maximize_sum_testing_e_values_at_maximum_cardinality,proven_optimal,15754.213616194864,2.2642462743152656,6957.818058443806,0,0,18,,,2;7;16;42;50;57;70;74;77;80;84;111;127;134;148;151;161;174,0,0,18,0,0,0,0.0,0.0,0.6,0.0,0.0,0.0,0,18,0.6331595000810921,9,9,298,56,18,,method1_proportional_scores_gamma1,unrestricted_maximum_cardinality_then_maximum_testing_evalue_sum,200,0,9,exact_fixed_count_order_statistics,300.0,1,False
253,78b250aff1059a4385d81d9d5b9378d11c2f7c1eed13d70f667120e8f34d0c0d,proven_maximal,maximize_sum_testing_e_values_at_maximum_cardinality,proven_optimal,29447.133304676154,1.9090633307197138,15424.911699275388,0,0,15,,,16;45;57;85;104;108;110;135;137;154;155;162;169;173;187,0,0,15,0,0,0,0.0,0.0,0.5,0.0,0.0,0.0,0,15,1.1269946000538766,12,12,277,53,15,,method1_proportional_scores_gamma1,unrestricted_maximum_cardinality_then_maximum_testing_evalue_sum,200,0,8,exact_fixed_count_order_statistics,300.0,1,False
254,40c108bf7168164e625c2cd116a3be59a0ecf6b47a270542f8edfa31a3575313,proven_maximal,maximize_sum_testing_e_values_at_maximum_cardinality,proven_optimal,11427.35779393959,2.179154645653984,5243.940725698307,0,0,14,,,7;20;24;62;64;80;108;115;118;120;128;139;145;199,0,0,14,0,0,0,0.0,0.0,0.4666666666666667,0.0,0.0,0.0,0,14,0.5177424000576138,8,8,271,57,14,,method1_proportional_scores_gamma1,unrestricted_maximum_cardinality_then_maximum_testing_evalue_sum,200,0,2,exact_fixed_count_order_statistics,300.0,1,False
255,408e13b80f3b1a65f30185dae945c89b0554396e9e8cc0a77c7fce9bf4a0c217,proven_maximal,maximize_sum_testing_e_values_at_maximum_cardinality,proven_optimal,117896.21984203868,1.1402990808201519,103390.61201140554,0,0,8,,,50;58;102;111;158;180;189;193,0,0,8,0,0,0,0.0,0.0,0.26666666666666666,0.0,0.0,0.0,0,8,0.5945609998889267,9,8,259,58,8,,method1_proportional_scores_gamma1,unrestricted_maximum_cardinality_then_maximum_testing_evalue_sum,200,0,9,exact_fixed_count_order_statistics,300.0,1,False
256,507599861360a71220fed06fb5dab8a435ecf841dc4378364ebb4d275cee9967,proven_maximal,maximize_sum_testing_e_values_at_maximum_cardinality,proven_optimal,28308.404543762626,2.4930329310439867,11355.006262154808,0,0,15,,,4;17;27;54;58;63;73;77;84;112;123;126;133;141;154,0,0,15,0,0,0,0.0,0.0,0.5,0.0,0.0,0.0,0,15,0.4419493000023067,9,9,269,40,15,,method1_proportional_scores_gamma1,unrestricted_maximum_cardinality_then_maximum_testing_evalue_sum,200,0,4,exact_fixed_count_order_statistics,300.0,1,False
257,f830f65ea30c3595819abc169f1acebcf634755c7e65679a1af38e9460063453,proven_maximal,maximize_sum_testing_e_values_at_maximum_cardinality,proven_optimal,17703.97014523215,4.243547222296259,4171.974345475109,0,0,13,,,26;39;43;54;65;70;74;84;99;133;139;160;163,0,0,13,0,0,0,0.0,0.0,0.43333333333333335,0.0,0.0,0.0,0,13,1.3524546001572162,17,16,327,60,13,,method1_proportional_scores_gamma1,unrestricted_maximum_cardinality_then_maximum_testing_evalue_sum,200,0,7,exact_fixed_count_order_statistics,300.0,1,False
258,d30b380d361165c0eca2097d8168cee3a399ac8ef93702a066882b65247969fd,proven_maximal,maximize_sum_testing_e_values_at_maximum_cardinality,proven_optimal,22300.51360568531,4.9635563475450475,4492.849893144669,0,0,20,,,0;23;33;44;56;61;64;76;82;95;110;139;146;148;152;155;185;196;198;199,0,0,20,0,0,0,0.0,0.0,0.6666666666666666,0.0,0.0,0.0,0,20,0.27737999986857176,5,5,239,47,20,,method1_proportional_scores_gamma1,unrestricted_maximum_cardinality_then_maximum_testing_evalue_sum,200,0,15,exact_fixed_count_order_statistics,300.0,1,False
259,c6b3f7e2ce6b02e4613ba08912adf28a6027fdc2c81e3f58cb518d5046246aa9,proven_maximal,maximize_sum_testing_e_values_at_maximum_cardinality,proven_optimal,68031.94703781909,1.4663964516808596,46393.96594272807,0,0,21,,,26;29;30;32;56;57;64;67;72;74;87;103;111;113;131;145;161;165;168;179;190,0,0,21,0,0,0,0.0,0.0,0.7,0.0,0.0,0.0,0,21,0.5293309998232871,7,7,258,51,21,,method1_proportional_scores_gamma1,unrestricted_maximum_cardinality_then_maximum_testing_evalue_sum,200,0,7,exact_fixed_count_order_statistics,300.0,1,False
260,62b333d44a200bced1c2c398913461411ef66b9b1e11d57e30931a35e562f49d,proven_maximal,maximize_sum_testing_e_values_at_maximum_cardinality,proven_optimal,88185.47155152787,2.9446020780349467,29948.1794872527,0,0,21,,,27;31;44;51;59;77;84;86;88;110;116;133;136;142;155;161;162;168;171;174;179,0,0,21,0,0,0,0.0,0.0,0.7,0.0,0.0,0.0,0,21,0.37325579999014735,6,6,272,65,21,,method1_proportional_scores_gamma1,unrestricted_maximum_cardinality_then_maximum_testing_evalue_sum,200,0,10,exact_fixed_count_order_statistics,300.0,1,False
261,560a84b38bdf1db9ae1d7a77a0c8108bfc21a374c74adf2a27e3cefa27be6208,proven_maximal,maximize_sum_testing_e_values_at_maximum_cardinality,proven_optimal,3206.5158914159297,1.9760157424954536,1622.7177863302409,0,0,10,,,9;15;53;62;90;95;103;112;186;192,0,0,10,0,0,0,0.0,0.0,0.3333333333333333,0.0,0.0,0.0,0,10,1.1629647000227123,15,14,314,55,10,,method1_proportional_scores_gamma1,unrestricted_maximum_cardinality_then_maximum_testing_evalue_sum,200,0,0,exact_fixed_count_order_statistics,300.0,1,False
262,b6387d599c2de7e36939dc44715982077d0ca8e04e0790167c7877c125929ef6,proven_maximal,maximize_sum_testing_e_values_at_maximum_cardinality,proven_optimal,15047.694296017213,2.060257126941893,7303.794317339893,0,0,14,,,3;9;29;70;82;86;97;102;107;118;142;162;195;197,0,0,14,0,0,0,0.0,0.0,0.4666666666666667,0.0,0.0,0.0,0,14,0.5740712000988424,8,8,273,58,14,,method1_proportional_scores_gamma1,unrestricted_maximum_cardinality_then_maximum_testing_evalue_sum,200,0,3,exact_fixed_count_order_statistics,300.0,1,False
263,2c7f2c5567ea030cf34dfb247f2ef98503f8ed49fd099897979ddc87926f83d1,proven_maximal,maximize_sum_testing_e_values_at_maximum_cardinality,proven_optimal,406548.2359123985,1.4323961916810257,283823.87378123595,0,0,13,,,3;19;36;39;66;73;80;94;100;111;114;139;184,0,0,13,0,0,0,0.0,0.0,0.43333333333333335,0.0,0.0,0.0,0,13,0.32327359984628856,8,8,257,41,13,,method1_proportional_scores_gamma1,unrestricted_maximum_cardinality_then_maximum_testing_evalue_sum,200,0,7,exact_fixed_count_order_statistics,300.0,1,False
264,cb14bfadd622521fbfe6bb7cd1a3359ad4d8b0c52ae4853c9109ad512e599010,proven_maximal,maximize_sum_testing_e_values_at_maximum_cardinality,proven_optimal,93333.10555421557,1.1906680993247332,78387.17238426713,0,0,22,,,0;1;8;13;38;41;58;68;74;100;102;105;113;120;124;134;152;165;167;169;192;198,0,0,21,0,0,1,0.0,0.0,0.7,0.0,0.0,0.045454545454545456,0,22,0.5760409000795335,11,11,285,52,22,,method1_proportional_scores_gamma1,unrestricted_maximum_cardinality_then_maximum_testing_evalue_sum,200,0,5,exact_fixed_count_order_statistics,300.0,1,False
265,b3047e8b6ad0aad861160dbb4b44be5a4f53c90a394ff621905a89871c96e0d6,proven_maximal,maximize_sum_testing_e_values_at_maximum_cardinality,proven_optimal,16357.159573508226,2.2534759646844367,7258.635028662836,0,0,10,,,17;50;57;73;79;99;113;115;121;168,0,0,10,0,0,0,0.0,0.0,0.3333333333333333,0.0,0.0,0.0,0,10,0.38023020001128316,5,5,246,48,10,,method1_proportional_scores_gamma1,unrestricted_maximum_cardinality_then_maximum_testing_evalue_sum,200,0,4,exact_fixed_count_order_statistics,300.0,1,False
266,acfd424da2330d8b2986adfef526ed82ff6d10d4dd9532ebee801c66ea1cbda6,proven_maximal,maximize_sum_testing_e_values_at_maximum_cardinality,proven_optimal,6515.078328981749,1.0299163825888809,6325.832309420035,0,0,11,,,9;24;36;53;60;65;81;133;141;147;168,0,0,11,0,0,0,0.0,0.0,0.36666666666666664,0.0,0.0,0.0,0,11,0.5362217999063432,8,8,283,62,11,,method1_proportional_scores_gamma1,unrestricted_maximum_cardinality_then_maximum_testing_evalue_sum,200,0,3,exact_fixed_count_order_statistics,300.0,1,False
267,e456a7378cf2b1cb7365a70007953cd5453bc26997342892f9a72065be9df47c,proven_maximal,maximize_sum_testing_e_values_at_maximum_cardinality,proven_optimal,9264.46485011204,5.934684303260896,1561.071217389196,0,0,18,,,26;32;56;62;70;83;92;99;102;106;107;126;143;155;167;171;174;186,0,0,18,0,0,0,0.0,0.0,0.6,0.0,0.0,0.0,0,18,0.5695168999955058,9,9,286,58,18,,method1_proportional_scores_gamma1,unrestricted_maximum_cardinality_then_maximum_testing_evalue_sum,200,0,10,exact_fixed_count_order_statistics,300.0,1,False
268,1520051a4e0f90aa081696f5b61458d9b43a8a8869877e2b0d6708f30bba585c,proven_maximal,maximize_sum_testing_e_values_at_maximum_cardinality,proven_optimal,124913.38822500865,1.0087306446171438,123832.25283338012,0,0,3,,,42;140;166,0,0,3,0,0,0,0.0,0.0,0.1,0.0,0.0,0.0,0,3,1.073433700017631,15,11,274,56,3,,method1_proportional_scores_gamma1,unrestricted_maximum_cardinality_then_maximum_testing_evalue_sum,200,0,1,exact_fixed_count_order_statistics,300.0,1,False
269,bcb065acb39dbcf5097ec113703c8185531061b160c64985d12b43b87e74482f,proven_maximal,maximize_sum_testing_e_values_at_maximum_cardinality,proven_optimal,41060.991470888366,1.6349616194958076,25114.34579335925,0,0,11,,,12;18;28;68;70;108;124;135;161;194;196,0,0,11,0,0,0,0.0,0.0,0.36666666666666664,0.0,0.0,0.0,0,11,1.2142199000809342,13,13,284,55,11,,method1_proportional_scores_gamma1,unrestricted_maximum_cardinality_then_maximum_testing_evalue_sum,200,0,11,exact_fixed_count_order_statistics,300.0,1,False
270,27a18edc51a8b23d0c003a9a4bd516d1f04346ce9fc62cc206af4e6fa346d8ef,proven_maximal,maximize_sum_testing_e_values_at_maximum_cardinality,proven_optimal,47860.99618717906,3.5201102192040103,13596.448181103173,0,0,23,,,5;16;23;36;43;51;52;67;85;88;93;95;96;102;103;114;137;138;160;163;176;187;189,0,0,23,0,0,0,0.0,0.0,0.7666666666666667,0.0,0.0,0.0,0,23,0.6271905000321567,9,9,261,58,23,,method1_proportional_scores_gamma1,unrestricted_maximum_cardinality_then_maximum_testing_evalue_sum,200,0,8,exact_fixed_count_order_statistics,300.0,1,False
271,31a3ad020f6d67988742aee69bcfbeea2a0594b9efd6f267a37d262798a0f9eb,proven_maximal,maximize_sum_testing_e_values_at_maximum_cardinality,proven_optimal,42772.13904667789,2.6638886218960427,16056.279040763537,0,0,17,,,2;12;30;42;49;52;72;77;103;104;136;147;166;167;168;179;190,0,0,17,0,0,0,0.0,0.0,0.5666666666666667,0.0,0.0,0.0,0,17,0.29357970017008483,7,7,247,45,17,,method1_proportional_scores_gamma1,unrestricted_maximum_cardinality_then_maximum_testing_evalue_sum,200,0,16,exact_fixed_count_order_statistics,300.0,1,False
272,ee78b80079c2147ddb68c9fb7cd6540b74d7558b25a894faed6486eaca8246d3,proven_maximal,maximize_sum_testing_e_values_at_maximum_cardinality,proven_optimal,4182.5988062842425,0.715898737146435,5842.444733114125,0,0,6,,,35;53;56;94;97;195,0,0,6,0,0,0,0.0,0.0,0.2,0.0,0.0,0.0,0,6,0.5835140000563115,7,5,240,39,6,,method1_proportional_scores_gamma1,unrestricted_maximum_cardinality_then_maximum_testing_evalue_sum,200,0,3,exact_fixed_count_order_statistics,300.0,1,False
273,26aede75dd7f1ab20b959cc119608df9f8876c5ff0465ae02f1fab969dba4cd7,proven_maximal,maximize_sum_testing_e_values_at_maximum_cardinality,proven_optimal,205580.33309315305,1.0914339806951912,188358.01040591407,0,0,23,,,13;17;30;38;40;45;55;59;60;89;91;95;111;119;125;132;147;167;169;176;183;184;193,0,0,23,0,0,0,0.0,0.0,0.7666666666666667,0.0,0.0,0.0,0,23,0.3566141000483185,6,6,282,62,23,,method1_proportional_scores_gamma1,unrestricted_maximum_cardinality_then_maximum_testing_evalue_sum,200,0,6,exact_fixed_count_order_statistics,300.0,1,False
274,9636b6331e6cca2f3ccd5caac036cc7ad1e1c97d6c2f502ede2c7cade8aa6dcb,proven_maximal,maximize_sum_testing_e_values_at_maximum_cardinality,proven_optimal,68801.9797762145,2.3685551112492553,29048.08059962178,0,0,11,,,2;26;58;61;75;89;114;133;135;143;184,0,0,11,0,0,0,0.0,0.0,0.36666666666666664,0.0,0.0,0.0,0,11,0.7994443001225591,9,9,267,57,11,,method1_proportional_scores_gamma1,unrestricted_maximum_cardinality_then_maximum_testing_evalue_sum,200,0,8,exact_fixed_count_order_statistics,300.0,1,False
275,cdd31208dd5257c4bbdf2c28e2a5f182593f95b4673e60a7559df925f3de2c64,proven_maximal,maximize_sum_testing_e_values_at_maximum_cardinality,proven_optimal,45042.07474136585,1.5484925004052355,29087.693178738988,0,0,20,,,29;33;34;46;63;90;91;93;107;116;133;143;147;151;164;178;185;190;192;197,0,0,20,0,0,0,0.0,0.0,0.6666666666666666,0.0,0.0,0.0,0,20,0.4073985000140965,7,7,263,57,20,,method1_proportional_scores_gamma1,unrestricted_maximum_cardinality_then_maximum_testing_evalue_sum,200,0,8,exact_fixed_count_order_statistics,300.0,1,False
276,7027ce26eb8e408811a1ea1db3b4a0715d166e4922b688dad4f0ffe46138e5a0,proven_maximal,maximize_sum_testing_e_values_at_maximum_cardinality,proven_optimal,192929.87025449815,1.377112806696935,140097.3611720661,0,0,16,,,2;6;13;16;23;27;37;42;45;52;108;118;126;159;177;194,0,0,16,0,0,0,0.0,0.0,0.5333333333333333,0.0,0.0,0.0,0,16,0.9642360999714583,14,14,286,56,16,,method1_proportional_scores_gamma1,unrestricted_maximum_cardinality_then_maximum_testing_evalue_sum,200,0,12,exact_fixed_count_order_statistics,300.0,1,False
277,46df177538603e959a14b20508620466918570d3e194b70b85e309a61f314ac2,proven_maximal,maximize_sum_testing_e_values_at_maximum_cardinality,proven_optimal,16731.522782397748,2.3304536887854357,7179.513097776994,0,0,14,,,1;23;45;48;77;97;116;124;132;136;150;157;167;179,0,0,14,0,0,0,0.0,0.0,0.4666666666666667,0.0,0.0,0.0,0,14,1.3010303999762982,20,19,315,54,14,,method1_proportional_scores_gamma1,unrestricted_maximum_cardinality_then_maximum_testing_evalue_sum,200,0,8,exact_fixed_count_order_statistics,300.0,1,False
278,fa21e8f0816c52b76e68ba808d153d81f0c0442345a3dc822e7a45a3d274a48c,proven_maximal,maximize_sum_testing_e_values_at_maximum_cardinality,proven_optimal,55896.23411442151,1.963401490911624,28469.07999874667,0,0,10,,,2;11;18;71;81;109;126;127;148;199,0,0,10,0,0,0,0.0,0.0,0.3333333333333333,0.0,0.0,0.0,0,10,0.21508170012384653,5,5,245,44,10,,method1_proportional_scores_gamma1,unrestricted_maximum_cardinality_then_maximum_testing_evalue_sum,200,0,6,exact_fixed_count_order_statistics,300.0,1,False
279,db39a36b8fbd65af27d947ee9c2ff5cc018e7d88b2b28d7ba06091a7673c5a64,proven_maximal,maximize_sum_testing_e_values_at_maximum_cardinality,proven_optimal,55592.038746381964,1.4183012227900673,39196.21435355029,0,0,5,,,54;57;62;134;150,0,0,5,0,0,0,0.0,0.0,0.16666666666666666,0.0,0.0,0.0,0,5,1.5675316001288593,21,17,303,54,5,,method1_proportional_scores_gamma1,unrestricted_maximum_cardinality_then_maximum_testing_evalue_sum,200,0,6,exact_fixed_count_order_statistics,300.0,1,False
280,22ff4d4db1882a354ff747b9d7b847259ea1c7b04697646d0fe5be7b2cd23fa6,proven_maximal,maximize_sum_testing_e_values_at_maximum_cardinality,proven_optimal,6903.335600337245,2.237844267058654,3084.815016824541,0,0,9,,,0;2;44;52;83;87;123;152;172,0,0,9,0,0,0,0.0,0.0,0.3,0.0,0.0,0.0,0,9,0.7091075999196619,9,8,270,59,9,,method1_proportional_scores_gamma1,unrestricted_maximum_cardinality_then_maximum_testing_evalue_sum,200,0,0,exact_fixed_count_order_statistics,300.0,1,False
281,8019010dd43374c45deff10345b98f0d08907c3feb2d78079b9f391dd420b58d,proven_maximal,maximize_sum_testing_e_values_at_maximum_cardinality,proven_optimal,7145.163633515906,3.4293400769605427,2083.538953024669,0,0,20,,,9;25;27;32;33;40;49;54;77;82;84;90;95;102;107;113;149;158;166;167,0,0,20,0,0,0,0.0,0.0,0.6666666666666666,0.0,0.0,0.0,0,20,0.45304930000565946,6,6,274,57,20,,method1_proportional_scores_gamma1,unrestricted_maximum_cardinality_then_maximum_testing_evalue_sum,200,0,3,exact_fixed_count_order_statistics,300.0,1,False
282,f6fe5ad008fa66b06ec249a7c8a7185f8ef883bdcf53ec164c0594f50bf412da,proven_maximal,maximize_sum_testing_e_values_at_maximum_cardinality,proven_optimal,148514.8205420883,1.4322027482639075,103696.7850551296,0,0,20,,,13;16;20;27;33;40;57;66;67;71;76;87;96;132;134;147;151;160;173;180,0,0,20,0,0,0,0.0,0.0,0.6666666666666666,0.0,0.0,0.0,0,20,0.5949125001206994,11,11,277,56,20,,method1_proportional_scores_gamma1,unrestricted_maximum_cardinality_then_maximum_testing_evalue_sum,200,0,9,exact_fixed_count_order_statistics,300.0,1,False
283,463dd6f5f7331c259fc9cf9699e968f96219d8566ec1279e909f59bbe50cc69c,proven_maximal,maximize_sum_testing_e_values_at_maximum_cardinality,proven_optimal,16457.27433543838,2.083913996127062,7897.290562865884,0,0,19,,,1;3;16;28;34;38;51;63;66;80;82;96;102;104;118;138;163;164;176,0,0,19,0,0,0,0.0,0.0,0.6333333333333333,0.0,0.0,0.0,0,19,0.5445976001210511,11,11,272,41,19,,method1_proportional_scores_gamma1,unrestricted_maximum_cardinality_then_maximum_testing_evalue_sum,200,0,8,exact_fixed_count_order_statistics,300.0,1,False
284,c5148bff7e0c7c8a969f9316101e1ecc75a4822d5ffc0b474a4758975ef64a58,proven_maximal,maximize_sum_testing_e_values_at_maximum_cardinality,proven_optimal,76189.81549399854,2.2768632681614425,33462.6222660799,0,0,13,,,15;45;55;59;69;111;115;152;158;168;175;192;197,0,0,13,0,0,0,0.0,0.0,0.43333333333333335,0.0,0.0,0.0,0,13,0.3439481998793781,6,6,255,57,13,,method1_proportional_scores_gamma1,unrestricted_maximum_cardinality_then_maximum_testing_evalue_sum,200,0,9,exact_fixed_count_order_statistics,300.0,1,False
285,9206103138a10b44449fe386ada49df1f660de55136cf1f93f8944d3af04ce46,proven_maximal,maximize_sum_testing_e_values_at_maximum_cardinality,proven_optimal,75261.8254991019,1.179313535121285,63818.33435954053,0,0,17,,,2;6;9;18;33;37;41;81;89;119;120;151;161;175;187;191;193,0,0,17,0,0,0,0.0,0.0,0.5666666666666667,0.0,0.0,0.0,0,17,0.49662250000983477,10,10,270,49,17,,method1_proportional_scores_gamma1,unrestricted_maximum_cardinality_then_maximum_testing_evalue_sum,200,0,11,exact_fixed_count_order_statistics,300.0,1,False
286,5838775322cda52fd932083388b038372d9b4aeb78ab8ba02301f7612fb0a778,proven_maximal,maximize_sum_testing_e_values_at_maximum_cardinality,proven_optimal,179572.2483254175,1.376766242658238,130430.45562963709,0,0,20,,,5;8;30;31;47;66;71;89;94;108;118;128;145;156;170;175;177;182;192;196,0,0,20,0,0,0,0.0,0.0,0.6666666666666666,0.0,0.0,0.0,0,20,0.2855172997806221,5,5,249,50,20,,method1_proportional_scores_gamma1,unrestricted_maximum_cardinality_then_maximum_testing_evalue_sum,200,0,10,exact_fixed_count_order_statistics,300.0,1,False
287,a4b3c90d80537912e54f527d8c86b43e948808e1f179386e1086db1c64d05ea5,proven_maximal,maximize_sum_testing_e_values_at_maximum_cardinality,proven_optimal,16918.68156907012,3.9570465682099956,4275.583134399005,0,0,17,,,20;38;47;53;60;61;76;82;87;101;111;114;119;133;165;166;199,0,0,17,0,0,0,0.0,0.0,0.5666666666666667,0.0,0.0,0.0,0,17,1.0260613998398185,12,12,296,59,17,,method1_proportional_scores_gamma1,unrestricted_maximum_cardinality_then_maximum_testing_evalue_sum,200,0,7,exact_fixed_count_order_statistics,300.0,1,False
288,436a23a073e16f3ebb5b5676425405b936ce3f152bb2c4834aaf089e168e7807,proven_maximal,maximize_sum_testing_e_values_at_maximum_cardinality,proven_optimal,70233.09349114628,1.5834055940247918,44355.71893656366,0,0,15,,,2;40;60;61;64;66;75;94;101;126;135;156;168;180;186,0,0,15,0,0,0,0.0,0.0,0.5,0.0,0.0,0.0,0,15,1.158876100089401,15,14,296,49,15,,method1_proportional_scores_gamma1,unrestricted_maximum_cardinality_then_maximum_testing_evalue_sum,200,0,8,exact_fixed_count_order_statistics,300.0,1,False
289,3a88bd098b72e29ab0d166193412092e31c0e2f9ea196f4b2fe3d9bcd8639932,proven_maximal,maximize_sum_testing_e_values_at_maximum_cardinality,proven_optimal,12678.095173453075,3.5012171197511655,3621.0536907103087,0,0,16,,,6;9;16;22;58;68;85;101;130;145;156;158;179;187;196;198,0,0,16,0,0,0,0.0,0.0,0.5333333333333333,0.0,0.0,0.0,0,16,0.5943322000093758,9,9,278,50,16,,method1_proportional_scores_gamma1,unrestricted_maximum_cardinality_then_maximum_testing_evalue_sum,200,0,3,exact_fixed_count_order_statistics,300.0,1,False
290,68a51c3277a854ce9217d2a023911d2ee7324a114266e7341d79a11330d1efdd,proven_maximal,maximize_sum_testing_e_values_at_maximum_cardinality,proven_optimal,8628.8716492876,2.1051255631556036,4098.981932627732,0,0,5,,,49;72;125;157;177,0,0,5,0,0,0,0.0,0.0,0.16666666666666666,0.0,0.0,0.0,0,5,0.7564984001219273,20,19,274,57,5,,method1_proportional_scores_gamma1,unrestricted_maximum_cardinality_then_maximum_testing_evalue_sum,200,0,4,exact_fixed_count_order_statistics,300.0,1,False
291,36a265b245b32f3b817a24ec37fe0ccff05a682c74e661fac6ac1c4cdf783be8,proven_maximal,maximize_sum_testing_e_values_at_maximum_cardinality,proven_optimal,37739.111935607965,1.5438482413896966,24444.8326745102,0,0,19,,,3;26;30;35;41;44;46;55;57;72;92;100;109;127;135;139;169;185;187,0,0,19,0,0,0,0.0,0.0,0.6333333333333333,0.0,0.0,0.0,0,19,0.7593523000832647,13,13,257,44,19,,method1_proportional_scores_gamma1,unrestricted_maximum_cardinality_then_maximum_testing_evalue_sum,200,0,6,exact_fixed_count_order_statistics,300.0,1,False
292,16207c393efb54841217e37c2668b1b8952b36116dd376f0aa7c092c6a0d82cb,proven_maximal,maximize_sum_testing_e_values_at_maximum_cardinality,proven_optimal,344605.75251860096,1.0363603264253656,332515.38459333143,0,0,18,,,14;23;27;29;54;83;84;88;107;113;126;129;145;148;180;193;197;199,0,0,18,0,0,0,0.0,0.0,0.6,0.0,0.0,0.0,0,18,0.6507792000193149,10,10,292,60,18,,method1_proportional_scores_gamma1,unrestricted_maximum_cardinality_then_maximum_testing_evalue_sum,200,0,8,exact_fixed_count_order_statistics,300.0,1,False
293,e48529e7688e2e305556afe6cc679b35ec48005b4d4938f65351cc4a9fe7729c,proven_maximal,maximize_sum_testing_e_values_at_maximum_cardinality,proven_optimal,132247.97857436462,2.2377811057915338,59097.81713327439,0,0,17,,,3;13;21;55;58;81;83;90;95;111;114;115;117;128;142;167;186,0,0,16,0,0,1,0.0,0.0,0.5333333333333333,0.0,0.0,0.058823529411764705,0,17,1.2522005001083016,19,18,300,51,17,,method1_proportional_scores_gamma1,unrestricted_maximum_cardinality_then_maximum_testing_evalue_sum,200,0,13,exact_fixed_count_order_statistics,300.0,1,False
294,ae153be5d82ad45fef42aa0515efe35791e07c10407e3b766222d199330f70af,proven_maximal,maximize_sum_testing_e_values_at_maximum_cardinality,proven_optimal,35130.19716542539,2.6277634785949373,13368.858137951393,0,0,25,,,3;4;10;25;36;46;52;54;62;66;77;108;111;113;114;119;125;129;134;143;145;149;163;182;188,0,0,25,0,0,0,0.0,0.0,0.8333333333333334,0.0,0.0,0.0,0,25,0.257699100067839,4,4,253,65,25,,method1_proportional_scores_gamma1,unrestricted_maximum_cardinality_then_maximum_testing_evalue_sum,200,0,10,exact_fixed_count_order_statistics,300.0,1,False
295,91a63444eea379963af228e4ca082630dcada2f3809bdfe4d7a4696be6f7a77b,proven_maximal,maximize_sum_testing_e_values_at_maximum_cardinality,proven_optimal,57331.718487438695,1.897682736392297,30211.43491900684,0,0,18,,,7;30;34;39;54;58;61;79;87;96;116;122;124;131;132;144;164;175,0,0,18,0,0,0,0.0,0.0,0.6,0.0,0.0,0.0,0,18,0.22331120003946126,4,4,249,56,18,,method1_proportional_scores_gamma1,unrestricted_maximum_cardinality_then_maximum_testing_evalue_sum,200,0,10,exact_fixed_count_order_statistics,300.0,1,False
296,6eea7ce85114efffef4c1e5e2607b3251c83852742d41ef600224f4cd19dad55,proven_maximal,maximize_sum_testing_e_values_at_maximum_cardinality,proven_optimal,15510.351609643683,1.8255810493476305,8496.117778603306,0,0,10,,,45;54;58;62;63;124;129;160;167;189,0,0,10,0,0,0,0.0,0.0,0.3333333333333333,0.0,0.0,0.0,0,10,0.48428050009533763,7,7,280,73,10,,method1_proportional_scores_gamma1,unrestricted_maximum_cardinality_then_maximum_testing_evalue_sum,200,0,4,exact_fixed_count_order_statistics,300.0,1,False
297,34c99c82bb47815fd0439f3f184b2d3b05f9c48550febc62a6e4e3010d5ec44e,proven_maximal,maximize_sum_testing_e_values_at_maximum_cardinality,proven_optimal,28790.95173622538,1.753713478702527,16417.13545905239,0,0,9,,,10;16;72;102;118;140;151;184;185,0,0,9,0,0,0,0.0,0.0,0.3,0.0,0.0,0.0,0,9,1.0214780999813229,13,12,284,55,9,,method1_proportional_scores_gamma1,unrestricted_maximum_cardinality_then_maximum_testing_evalue_sum,200,0,4,exact_fixed_count_order_statistics,300.0,1,False
298,8a207ffbd2766908d0fd1b827e8e63a6805ed1fccc5b227bf5e4f95cea684edb,proven_maximal,maximize_sum_testing_e_values_at_maximum_cardinality,proven_optimal,89271.35407799421,4.266003556005104,20926.22589409942,0,0,21,,,2;4;5;7;25;35;44;59;63;81;98;109;131;152;154;159;176;177;190;193;196,0,0,21,0,0,0,0.0,0.0,0.7,0.0,0.0,0.0,0,21,0.7930793999694288,12,12,260,60,21,,method1_proportional_scores_gamma1,unrestricted_maximum_cardinality_then_maximum_testing_evalue_sum,200,0,15,exact_fixed_count_order_statistics,300.0,1,False
299,6274f250dd68c1b42f8af700a67b5abd37abd32956c8125b42ba1d26bb6a4ddb,proven_maximal,maximize_sum_testing_e_values_at_maximum_cardinality,proven_optimal,55036.31246170804,2.1905127851468102,25124.853337945457,0,0,18,,,25;49;57;68;87;94;97;119;121;133;137;163;165;176;177;178;179;188,0,0,18,0,0,0,0.0,0.0,0.6,0.0,0.0,0.0,0,18,0.9266523001715541,15,14,281,58,18,,method1_proportional_scores_gamma1,unrestricted_maximum_cardinality_then_maximum_testing_evalue_sum,200,0,12,exact_fixed_count_order_statistics,300.0,1,False
300,4589c4425b5def3220c91705c8489764443553a4a7af612c449474bb8cb8d647,proven_maximal,maximize_sum_testing_e_values_at_maximum_cardinality,proven_optimal,165397.32619691445,1.0481292883806148,157802.40856779923,0,0,17,,,0;23;37;39;50;55;62;84;103;110;122;123;134;149;152;166;191,0,0,17,0,0,0,0.0,0.0,0.5666666666666667,0.0,0.0,0.0,0,17,1.2427090001292527,15,15,348,55,17,,method1_proportional_scores_gamma1,unrestricted_maximum_cardinality_then_maximum_testing_evalue_sum,200,0,2,exact_fixed_count_order_statistics,300.0,1,False
301,93cf55132427654b37e22aaa1db16d750f7b3f724f6b07a3a2bb33dd5f596b30,proven_maximal,maximize_sum_testing_e_values_at_maximum_cardinality,proven_optimal,38142.00118336959,1.5694791716122414,24302.33027188782,0,0,19,,,3;6;12;27;29;31;49;55;58;98;105;118;122;126;132;173;174;178;184,0,0,19,0,0,0,0.0,0.0,0.6333333333333333,0.0,0.0,0.0,0,19,0.48637020005844533,10,10,265,49,19,,method1_proportional_scores_gamma1,unrestricted_maximum_cardinality_then_maximum_testing_evalue_sum,200,0,2,exact_fixed_count_order_statistics,300.0,1,False
302,298a85c049752e08e8f1cd81125e33d276147676390f976fa83c24b347485a7a,proven_maximal,maximize_sum_testing_e_values_at_maximum_cardinality,proven_optimal,195393.5500755102,1.113778644601103,175433.01895996567,0,0,11,,,12;49;63;78;90;105;112;113;133;137;173,0,0,11,0,0,0,0.0,0.0,0.36666666666666664,0.0,0.0,0.0,0,11,1.3512867998797446,17,16,279,53,11,,method1_proportional_scores_gamma1,unrestricted_maximum_cardinality_then_maximum_testing_evalue_sum,200,0,6,exact_fixed_count_order_statistics,300.0,1,False
303,ab5e891096c808b87601f515017bcfbe1e1dd0aaecff58ae9ea8e0f1ed90cc93,proven_maximal,maximize_sum_testing_e_values_at_maximum_cardinality,proven_optimal,74811.3612382814,1.4732025389600334,50781.45011282183,0,0,19,,,6;9;19;23;32;38;48;60;68;81;106;110;111;163;168;174;189;194;199,0,0,18,0,0,1,0.0,0.0,0.6,0.0,0.0,0.05263157894736842,0,19,0.38718950003385544,9,9,261,59,19,,method1_proportional_scores_gamma1,unrestricted_maximum_cardinality_then_maximum_testing_evalue_sum,200,0,8,exact_fixed_count_order_statistics,300.0,1,False
304,8bf8a41263abf617898d5ec96aa9cbaefcbe91b24a9c78ad29d5fcddcead7ecc,proven_maximal,maximize_sum_testing_e_values_at_maximum_cardinality,proven_optimal,25283.85842531336,1.8031742527784993,14021.86083034051,0,0,21,,,1;36;50;51;60;72;81;84;109;111;112;117;118;128;141;142;158;163;165;171;182,0,0,21,0,0,0,0.0,0.0,0.7,0.0,0.0,0.0,0,21,0.9267205998767167,13,13,303,56,21,,method1_proportional_scores_gamma1,unrestricted_maximum_cardinality_then_maximum_testing_evalue_sum,200,0,3,exact_fixed_count_order_statistics,300.0,1,False
305,bd83f2152c15dc5ad0bf57621a98fbe8ddc27a59cad1c63c17db3a2615e4be1a,proven_maximal,maximize_sum_testing_e_values_at_maximum_cardinality,proven_optimal,18535.59963451352,1.5075554996819003,12295.135826458529,0,0,13,,,13;14;17;22;44;48;75;112;116;129;147;162;171,0,0,13,0,0,0,0.0,0.0,0.43333333333333335,0.0,0.0,0.0,0,13,0.8568901000544429,10,10,292,71,13,,method1_proportional_scores_gamma1,unrestricted_maximum_cardinality_then_maximum_testing_evalue_sum,200,0,1,exact_fixed_count_order_statistics,300.0,1,False
306,f6b0c7d6e30e175cb709bfe52ac87d2afd40b2165a18278bae3755f138ca6b59,proven_maximal,maximize_sum_testing_e_values_at_maximum_cardinality,proven_optimal,6527.914905252856,1.2071037412861114,5407.915394494325,0,0,11,,,9;34;36;64;65;107;121;131;135;141;147,0,0,11,0,0,0,0.0,0.0,0.36666666666666664,0.0,0.0,0.0,0,11,1.3623442000243813,15,14,320,62,11,,method1_proportional_scores_gamma1,unrestricted_maximum_cardinality_then_maximum_testing_evalue_sum,200,0,1,exact_fixed_count_order_statistics,300.0,1,False
307,ee5e0af7cbc04a286b22e20aed39957c8fdf7b6231b468b840a37034c1e629ba,proven_maximal,maximize_sum_testing_e_values_at_maximum_cardinality,proven_optimal,21589.7080455428,3.092687681913965,6980.8885558666,0,0,20,,,19;41;47;48;51;57;64;65;101;112;117;121;135;139;143;162;165;173;180;195,0,0,20,0,0,0,0.0,0.0,0.6666666666666666,0.0,0.0,0.0,0,20,1.1570165001321584,15,14,322,60,20,,method1_proportional_scores_gamma1,unrestricted_maximum_cardinality_then_maximum_testing_evalue_sum,200,0,11,exact_fixed_count_order_statistics,300.0,1,False
308,09cc6e4fa42014dc9443ee3f3743ff649fa38a611316c21c9d78d3e0fe1f14c6,proven_maximal,maximize_sum_testing_e_values_at_maximum_cardinality,proven_optimal,79970.86371579577,1.9661769216671157,40673.279619205736,0,0,21,,,24;27;37;38;41;43;51;64;67;88;98;116;125;126;151;154;166;168;169;172;199,0,0,21,0,0,0,0.0,0.0,0.7,0.0,0.0,0.0,0,21,0.4548136000521481,10,10,259,47,21,,method1_proportional_scores_gamma1,unrestricted_maximum_cardinality_then_maximum_testing_evalue_sum,200,0,10,exact_fixed_count_order_statistics,300.0,1,False
309,71275ed68a1f9b9a671cb128c9312236741fbca1c2ab8bcf28e4b2a51525effe,proven_maximal,maximize_sum_testing_e_values_at_maximum_cardinality,proven_optimal,66339.14795106693,2.739046328467499,24219.797694398178,0,0,21,,,13;48;50;56;62;65;70;107;122;124;149;152;153;162;167;169;172;174;178;185;193,0,0,21,0,0,0,0.0,0.0,0.7,0.0,0.0,0.0,0,21,0.3375806000549346,7,7,254,50,21,,method1_proportional_scores_gamma1,unrestricted_maximum_cardinality_then_maximum_testing_evalue_sum,200,0,7,exact_fixed_count_order_statistics,300.0,1,False
310,7220c3e847e0b04d78c272d4917930d4de5b4b12f3c67ea3099f08c0b80bebfd,proven_maximal,maximize_sum_testing_e_values_at_maximum_cardinality,proven_optimal,103673.68149467406,2.1344341500296875,48571.97468154831,0,0,11,,,9;17;24;37;54;66;81;93;97;175;199,0,0,11,0,0,0,0.0,0.0,0.36666666666666664,0.0,0.0,0.0,0,11,0.35191219998523593,9,9,268,52,11,,method1_proportional_scores_gamma1,unrestricted_maximum_cardinality_then_maximum_testing_evalue_sum,200,0,13,exact_fixed_count_order_statistics,300.0,1,False
311,48f61ebf4914e8ae22aa3ca7f2b29d138818ad02cd8e71296f8cdf3ba3e015ac,proven_maximal,maximize_sum_testing_e_values_at_maximum_cardinality,proven_optimal,26925.136235605743,2.0260920145764483,13289.197154865844,0,0,17,,,3;17;36;43;69;71;72;75;106;110;132;136;137;143;144;162;196,0,0,17,0,0,0,0.0,0.0,0.5666666666666667,0.0,0.0,0.0,0,17,0.31443180004134774,7,7,267,51,17,,method1_proportional_scores_gamma1,unrestricted_maximum_cardinality_then_maximum_testing_evalue_sum,200,0,6,exact_fixed_count_order_statistics,300.0,1,False
312,1698b92561d6411f7f91e8dcb45e679770a9edc122a465e8550cfeb1d42e3a5d,proven_maximal,maximize_sum_testing_e_values_at_maximum_cardinality,proven_optimal,67290.86043860822,1.5584825227331327,43177.16718478131,0,0,17,,,3;6;8;9;10;24;48;50;86;88;104;111;139;153;157;192;197,0,0,17,0,0,0,0.0,0.0,0.5666666666666667,0.0,0.0,0.0,0,17,0.5917475998867303,11,11,279,55,17,,method1_proportional_scores_gamma1,unrestricted_maximum_cardinality_then_maximum_testing_evalue_sum,200,0,4,exact_fixed_count_order_statistics,300.0,1,False
313,db7f9e66e753c2b60bf782d8057602d6e2e76b8ea163c2050c79a63ea1cc27d7,proven_maximal,maximize_sum_testing_e_values_at_maximum_cardinality,proven_optimal,153434.07428089713,1.395459993622424,109952.327535097,0,0,22,,,4;19;28;31;36;56;57;87;92;97;105;122;127;132;139;160;172;173;184;194;195;196,0,0,22,0,0,0,0.0,0.0,0.7333333333333333,0.0,0.0,0.0,0,22,0.33116249996237457,7,7,241,42,22,,method1_proportional_scores_gamma1,unrestricted_maximum_cardinality_then_maximum_testing_evalue_sum,200,0,6,exact_fixed_count_order_statistics,300.0,1,False
314,21a9061ec410d2ef7c42f2c6129b82f8d0de0f5618ed4e70e8adbf1ce9f23c81,proven_maximal,maximize_sum_testing_e_values_at_maximum_cardinality,proven_optimal,52404.16525433651,1.4360417761268012,36492.08966307208,0,0,9,,,10;43;53;54;58;92;154;158;174,0,0,9,0,0,0,0.0,0.0,0.3,0.0,0.0,0.0,0,9,0.5129094999283552,7,6,251,53,9,,method1_proportional_scores_gamma1,unrestricted_maximum_cardinality_then_maximum_testing_evalue_sum,200,0,5,exact_fixed_count_order_statistics,300.0,1,False
315,bbc9aeae93d1e8decd26ba583a0dd6cecc55a75ab30687a12e7dc4b5dd0adc38,proven_maximal,maximize_sum_testing_e_values_at_maximum_cardinality,proven_optimal,26986.842777249207,1.845955118872191,14619.446865933096,0,0,17,,,22;25;33;45;69;79;80;85;86;91;99;116;125;136;160;164;169,0,0,17,0,0,0,0.0,0.0,0.5666666666666667,0.0,0.0,0.0,0,17,1.646290299948305,23,23,321,58,17,,method1_proportional_scores_gamma1,unrestricted_maximum_cardinality_then_maximum_testing_evalue_sum,200,0,4,exact_fixed_count_order_statistics,300.0,1,False
316,809fd49282184b0a7b76edc43b36105a7d73328dab01f11d698381c5abeca6ed,proven_maximal,maximize_sum_testing_e_values_at_maximum_cardinality,proven_optimal,51231.39661917182,1.9988966625551077,25629.83748929013,0,0,21,,,6;7;13;24;30;34;37;43;51;54;55;65;112;127;135;140;145;163;169;183;188,0,0,20,0,0,1,0.0,0.0,0.6666666666666666,0.0,0.0,0.047619047619047616,0,21,0.3746489000041038,8,8,274,52,21,,method1_proportional_scores_gamma1,unrestricted_maximum_cardinality_then_maximum_testing_evalue_sum,200,0,5,exact_fixed_count_order_statistics,300.0,1,False
317,b22f8e7a4efd98f757cfa699522aa4e69d4e7b3007311666c56b017f1cb8293a,proven_maximal,maximize_sum_testing_e_values_at_maximum_cardinality,proven_optimal,51421.61231852432,2.168738625812264,23710.37786965464,0,0,20,,,0;15;27;34;35;37;51;59;65;75;82;93;102;117;119;123;130;137;157;189,0,0,20,0,0,0,0.0,0.0,0.6666666666666666,0.0,0.0,0.0,0,20,0.17759309988468885,3,3,237,51,20,,method1_proportional_scores_gamma1,unrestricted_maximum_cardinality_then_maximum_testing_evalue_sum,200,0,11,exact_fixed_count_order_statistics,300.0,1,False
318,722a50a89656edda39c3611f35f6f0553a5cedac9eaba26edbe99f7112cd9ebf,proven_maximal,maximize_sum_testing_e_values_at_maximum_cardinality,proven_optimal,17966.392289158626,3.1990195517468902,5616.218343944697,0,0,6,,,77;101;110;141;169;173,0,0,6,0,0,0,0.0,0.0,0.2,0.0,0.0,0.0,0,6,0.645189099945128,8,6,253,51,6,,method1_proportional_scores_gamma1,unrestricted_maximum_cardinality_then_maximum_testing_evalue_sum,200,0,6,exact_fixed_count_order_statistics,300.0,1,False
319,02c3ecd892e9c64d1008357688709bb0b04c72f80334ec74150a93ece018c134,proven_maximal,maximize_sum_testing_e_values_at_maximum_cardinality,proven_optimal,2955376.701538635,1.0113903470595638,2922093.047586289,0,0,16,,,4;6;30;41;42;44;55;66;82;83;87;92;100;125;133;151,0,0,16,0,0,0,0.0,0.0,0.5333333333333333,0.0,0.0,0.0,0,16,0.3631862001493573,7,7,255,50,16,,method1_proportional_scores_gamma1,unrestricted_maximum_cardinality_then_maximum_testing_evalue_sum,200,0,10,exact_fixed_count_order_statistics,300.0,1,False
320,37ed6587f206217da9e598d9d2fad66b3107a35fb03b6ef7c749507170d51e59,proven_maximal,maximize_sum_testing_e_values_at_maximum_cardinality,proven_optimal,35133.17233916447,1.6050269744464836,21889.45911720932,0,0,19,,,33;43;49;63;88;90;109;112;115;123;142;143;149;159;165;168;180;191;199,0,0,19,0,0,0,0.0,0.0,0.6333333333333333,0.0,0.0,0.0,0,19,0.26149350008927286,5,5,247,58,19,,method1_proportional_scores_gamma1,unrestricted_maximum_cardinality_then_maximum_testing_evalue_sum,200,0,6,exact_fixed_count_order_statistics,300.0,1,False
321,7a3e37708f9dd499cf4c78929ec316f4f30454a3e440e35745f99418a277c84d,proven_maximal,maximize_sum_testing_e_values_at_maximum_cardinality,proven_optimal,237521.46831200813,1.185245719007012,200398.50345209552,0,0,20,,,13;19;21;33;54;58;77;98;105;109;114;117;121;138;144;169;177;180;195;196,0,0,20,0,0,0,0.0,0.0,0.6666666666666666,0.0,0.0,0.0,0,20,0.5451734999660403,10,10,276,54,20,,method1_proportional_scores_gamma1,unrestricted_maximum_cardinality_then_maximum_testing_evalue_sum,200,0,6,exact_fixed_count_order_statistics,300.0,1,False
322,8e0929c2758e98cfbf120fa59a43dbb3bc87feacd901b7f02bae469bc6f94397,proven_maximal,maximize_sum_testing_e_values_at_maximum_cardinality,proven_optimal,49709.212217732376,1.2069770168709246,41184.887137787424,0,0,16,,,10;17;44;51;59;81;88;100;122;126;131;133;173;183;189;193,0,0,16,0,0,0,0.0,0.0,0.5333333333333333,0.0,0.0,0.0,0,16,0.6493724999018013,11,11,282,54,16,,method1_proportional_scores_gamma1,unrestricted_maximum_cardinality_then_maximum_testing_evalue_sum,200,0,4,exact_fixed_count_order_statistics,300.0,1,False
323,d93b3e3500fc0bfd35a0202918b9a25c6a579b0b3226ab76ce124ec990b1bd5a,proven_maximal,maximize_sum_testing_e_values_at_maximum_cardinality,proven_optimal,46735.85975887954,1.898737657641317,24614.174354627048,0,0,18,,,18;21;37;46;48;54;59;69;84;105;109;130;142;147;164;179;191;199,0,0,18,0,0,0,0.0,0.0,0.6,0.0,0.0,0.0,0,18,0.2151333000510931,4,4,240,49,18,,method1_proportional_scores_gamma1,unrestricted_maximum_cardinality_then_maximum_testing_evalue_sum,200,0,5,exact_fixed_count_order_statistics,300.0,1,False
324,dacfde42b092b17969f143ce767ee13eef326e54dfddcb34cee75d4498bdb400,proven_maximal,maximize_sum_testing_e_values_at_maximum_cardinality,proven_optimal,20447.08775390049,1.8463924385490598,11074.074680444592,0,0,15,,,2;10;28;29;63;96;114;128;134;162;171;177;186;188;189,0,0,15,0,0,0,0.0,0.0,0.5,0.0,0.0,0.0,0,15,0.9853874000255018,16,15,273,45,15,,method1_proportional_scores_gamma1,unrestricted_maximum_cardinality_then_maximum_testing_evalue_sum,200,0,6,exact_fixed_count_order_statistics,300.0,1,False
325,40e1e23a91f67a5c56ad973478ec4cb54b96d68a17c8bf12861c084f95a261aa,proven_maximal,maximize_sum_testing_e_values_at_maximum_cardinality,proven_optimal,7038.96719340405,1.7389506472660934,4047.824591497421,0,0,5,,,19;29;78;93;172,0,0,5,0,0,0,0.0,0.0,0.16666666666666666,0.0,0.0,0.0,0,5,1.2215859000571072,16,11,281,54,5,,method1_proportional_scores_gamma1,unrestricted_maximum_cardinality_then_maximum_testing_evalue_sum,200,0,5,exact_fixed_count_order_statistics,300.0,1,False
326,d8086a7335dbb9db66e6f25ac9c51bc1deb9f34b7bd1b1bba569b5f52b2a5817,proven_maximal,maximize_sum_testing_e_values_at_maximum_cardinality,proven_optimal,45121.47489169615,1.877119448038445,24037.615154883857,0,0,18,,,5;17;22;36;42;57;59;68;87;89;122;146;148;167;179;181;193;199,0,0,18,0,0,0,0.0,0.0,0.6,0.0,0.0,0.0,0,18,0.6432533001061529,11,11,305,60,18,,method1_proportional_scores_gamma1,unrestricted_maximum_cardinality_then_maximum_testing_evalue_sum,200,0,6,exact_fixed_count_order_statistics,300.0,1,False
327,8dd3c490a68904fa78b2a1836ae652502a2c03c0c6e40fa4faf21985989dfb39,proven_maximal,maximize_sum_testing_e_values_at_maximum_cardinality,proven_optimal,23766.607160733336,3.2785708407006515,7249.0753793364,0,0,18,,,13;21;61;75;78;104;109;119;121;130;154;160;162;174;180;188;189;193,0,0,18,0,0,0,0.0,0.0,0.6,0.0,0.0,0.0,0,18,0.48979280004277825,9,9,285,61,18,,method1_proportional_scores_gamma1,unrestricted_maximum_cardinality_then_maximum_testing_evalue_sum,200,0,9,exact_fixed_count_order_statistics,300.0,1,False
328,62029e1df73a2235aaf093a5f0e688a55c5cbd53a700b7832ef88fb04fe1c015,proven_maximal,maximize_sum_testing_e_values_at_maximum_cardinality,proven_optimal,41025.02174095453,2.975216218985225,13788.921114092063,0,0,14,,,17;19;30;47;52;56;68;85;94;111;116;130;151;188,0,0,14,0,0,0,0.0,0.0,0.4666666666666667,0.0,0.0,0.0,0,14,0.38638009992428124,5,5,260,62,14,,method1_proportional_scores_gamma1,unrestricted_maximum_cardinality_then_maximum_testing_evalue_sum,200,0,10,exact_fixed_count_order_statistics,300.0,1,False
329,ce3be2eeecc13d21babb5d77b24ff6ae04ed35f869debd259d771f6d3ab4d871,proven_maximal,maximize_sum_testing_e_values_at_maximum_cardinality,proven_optimal,57238.42134332618,2.621669770251832,21832.81128417176,0,0,18,,,10;21;30;37;41;42;56;66;69;72;79;96;107;134;166;172;186;191,0,0,18,0,0,0,0.0,0.0,0.6,0.0,0.0,0.0,0,18,1.4072585001122206,15,14,272,54,18,,method1_proportional_scores_gamma1,unrestricted_maximum_cardinality_then_maximum_testing_evalue_sum,200,0,10,exact_fixed_count_order_statistics,300.0,1,False
330,60c5af8476d32784f1b0568dc433f10d2528c432289ec3c26458b4e4316e589f,proven_maximal,maximize_sum_testing_e_values_at_maximum_cardinality,proven_optimal,65499.79469592102,3.3544095212947913,19526.4753096212,0,0,17,,,9;26;52;77;80;102;120;123;129;145;147;149;151;165;181;197;198,0,0,16,0,0,1,0.0,0.0,0.5333333333333333,0.0,0.0,0.058823529411764705,0,17,0.6923215999267995,13,13,286,49,17,,method1_proportional_scores_gamma1,unrestricted_maximum_cardinality_then_maximum_testing_evalue_sum,200,0,8,exact_fixed_count_order_statistics,300.0,1,False
331,9b981c938db830b295d1f91ecc03559f08d46aa956fece599bc38ed96aef45ec,proven_maximal,maximize_sum_testing_e_values_at_maximum_cardinality,proven_optimal,30029.875280867836,1.5065810096262464,19932.466351953863,0,0,15,,,4;20;32;39;75;85;92;99;111;112;115;126;175;183;187,0,0,15,0,0,0,0.0,0.0,0.5,0.0,0.0,0.0,0,15,0.8848860000725836,13,13,269,53,15,,method1_proportional_scores_gamma1,unrestricted_maximum_cardinality_then_maximum_testing_evalue_sum,200,0,4,exact_fixed_count_order_statistics,300.0,1,False
332,f443609ba1be053b30b1c1c1bc9fbf6954a94dc4f6295e44053e9419acb2ea70,proven_maximal,maximize_sum_testing_e_values_at_maximum_cardinality,proven_optimal,9974.965884718451,2.3772500487332198,4196.010381841773,0,0,18,,,2;12;16;38;43;65;69;103;106;120;130;136;138;147;150;155;157;161,0,0,18,0,0,0,0.0,0.0,0.6,0.0,0.0,0.0,0,18,0.4654667000286281,9,9,277,53,18,,method1_proportional_scores_gamma1,unrestricted_maximum_cardinality_then_maximum_testing_evalue_sum,200,0,2,exact_fixed_count_order_statistics,300.0,1,False
333,f6f99088a6eccf2402a3007973fadee6adbe16110e13f1230aa396c3eb5edb5b,proven_maximal,maximize_sum_testing_e_values_at_maximum_cardinality,proven_optimal,86353.37884377774,1.0274407326081318,84047.06578507152,0,0,4,,,11;45;54;106,0,0,4,0,0,0,0.0,0.0,0.13333333333333333,0.0,0.0,0.0,0,4,0.5264456998556852,5,4,252,53,4,,method1_proportional_scores_gamma1,unrestricted_maximum_cardinality_then_maximum_testing_evalue_sum,200,0,4,exact_fixed_count_order_statistics,300.0,1,False
334,c6ded0e4d12fd2f0522e4c12b47f8271d0305c91621348dae79315786824b575,proven_maximal,maximize_sum_testing_e_values_at_maximum_cardinality,proven_optimal,102152.35170703121,1.5046394731907198,67891.58036005011,0,0,18,,,29;38;47;55;65;74;99;109;125;126;130;148;154;160;172;177;181;187,0,0,18,0,0,0,0.0,0.0,0.6,0.0,0.0,0.0,0,18,1.2600559000857174,16,15,307,60,18,,method1_proportional_scores_gamma1,unrestricted_maximum_cardinality_then_maximum_testing_evalue_sum,200,0,6,exact_fixed_count_order_statistics,300.0,1,False
335,c701b1a9b639adb6654ddeb04c7c0eaaaa3b06efa59c9f692424067b549ee57a,proven_maximal,maximize_sum_testing_e_values_at_maximum_cardinality,proven_optimal,123457.05875379991,2.1379835712456856,57744.624614616776,0,0,19,,,13;40;41;63;82;93;95;121;124;128;131;132;159;160;163;168;175;182;195,0,0,19,0,0,0,0.0,0.0,0.6333333333333333,0.0,0.0,0.0,0,19,0.4830038999207318,9,9,273,43,19,,method1_proportional_scores_gamma1,unrestricted_maximum_cardinality_then_maximum_testing_evalue_sum,200,0,4,exact_fixed_count_order_statistics,300.0,1,False
336,d13d1e03264050a6e718c94c9f1c02cba2da54dfe2b7e8fb39bd3055ffee61e5,proven_maximal,maximize_sum_testing_e_values_at_maximum_cardinality,proven_optimal,18914.47030501025,2.203074340697124,8585.488903213816,0,0,21,,,0;10;12;18;21;38;43;45;72;83;86;105;109;111;118;130;136;141;152;171;185,0,0,21,0,0,0,0.0,0.0,0.7,0.0,0.0,0.0,0,21,0.28522250009700656,6,6,260,47,21,,method1_proportional_scores_gamma1,unrestricted_maximum_cardinality_then_maximum_testing_evalue_sum,200,0,2,exact_fixed_count_order_statistics,300.0,1,False
337,244b9c10a643058665e1fccf4505fa5939534fde6b5e23d3e723300a57f3d17d,proven_maximal,maximize_sum_testing_e_values_at_maximum_cardinality,proven_optimal,14098.952739868831,3.0794967788078127,4578.330082010041,0,0,11,,,7;16;45;74;82;102;105;141;152;170;171,0,0,11,0,0,0,0.0,0.0,0.36666666666666664,0.0,0.0,0.0,0,11,1.1159077999182045,15,14,281,60,11,,method1_proportional_scores_gamma1,unrestricted_maximum_cardinality_then_maximum_testing_evalue_sum,200,0,3,exact_fixed_count_order_statistics,300.0,1,False
338,e727b143c800e98a3336c68872294f7c0622edcb32f741096d939f0fd1080b1f,proven_maximal,maximize_sum_testing_e_values_at_maximum_cardinality,proven_optimal,105044.12707789773,2.0992240257556403,50039.50306832349,0,0,17,,,3;5;13;21;32;70;71;117;123;125;145;146;167;169;176;179;184,0,0,17,0,0,0,0.0,0.0,0.5666666666666667,0.0,0.0,0.0,0,17,1.134838999947533,16,15,272,51,17,,method1_proportional_scores_gamma1,unrestricted_maximum_cardinality_then_maximum_testing_evalue_sum,200,0,12,exact_fixed_count_order_statistics,300.0,1,False
339,2ac829ab996da3140c1dd630d4826cdbcdde2a1ee62557abac7f50b02f7f6df7,proven_maximal,maximize_sum_testing_e_values_at_maximum_cardinality,proven_optimal,75273.90313305237,1.5826307801908996,47562.516839191456,0,0,13,,,14;40;51;60;84;86;91;118;132;150;158;159;164,0,0,13,0,0,0,0.0,0.0,0.43333333333333335,0.0,0.0,0.0,0,13,1.0205759000964463,16,15,290,45,13,,method1_proportional_scores_gamma1,unrestricted_maximum_cardinality_then_maximum_testing_evalue_sum,200,0,3,exact_fixed_count_order_statistics,300.0,1,False
340,c8fe6d78de1da0e7a29f930cee1a1f0cd3f64a566cfebf935da70bd75fa48178,proven_maximal,maximize_sum_testing_e_values_at_maximum_cardinality,proven_optimal,16586.59557950842,1.7794739308671603,9321.066912975544,0,0,13,,,1;23;25;31;40;42;84;96;98;130;192;197;198,0,0,13,0,0,0,0.0,0.0,0.43333333333333335,0.0,0.0,0.0,0,13,1.8888268999289721,26,24,368,57,13,,method1_proportional_scores_gamma1,unrestricted_maximum_cardinality_then_maximum_testing_evalue_sum,200,0,6,exact_fixed_count_order_statistics,300.0,1,False
341,b6968b804b0a69f12df2c88f820d0dc6a23c3690c12c5f1b0c7f1c0c9f4e9537,proven_maximal,maximize_sum_testing_e_values_at_maximum_cardinality,proven_optimal,57846.177635722495,1.2792956607368753,45217.20772694801,0,0,4,,,48;52;109;121,0,0,4,0,0,0,0.0,0.0,0.13333333333333333,0.0,0.0,0.0,0,4,0.5412441999651492,5,4,253,55,4,,method1_proportional_scores_gamma1,unrestricted_maximum_cardinality_then_maximum_testing_evalue_sum,200,0,5,exact_fixed_count_order_statistics,300.0,1,False
342,cbbe2a2749b2c7a376ea0c2dab962ac1d419654d03e8050effe7cbea48d879f3,proven_maximal,maximize_sum_testing_e_values_at_maximum_cardinality,proven_optimal,156532.0955667365,1.2392121989299276,126315.81233779296,0,0,15,,,2;5;54;76;101;142;148;152;165;167;170;175;176;180;185,0,0,15,0,0,0,0.0,0.0,0.5,0.0,0.0,0.0,0,15,0.8978079999797046,11,11,298,64,15,,method1_proportional_scores_gamma1,unrestricted_maximum_cardinality_then_maximum_testing_evalue_sum,200,0,3,exact_fixed_count_order_statistics,300.0,1,False
343,90c62f4a49e6b70b0c0df0fb3ef89a6e9ce0adb664e6a6f82e56da3d61696a00,proven_maximal,maximize_sum_testing_e_values_at_maximum_cardinality,proven_optimal,9654.854544594575,1.8757073240628834,5147.31398696127,0,0,11,,,10;11;20;36;38;41;58;64;109;136;192,0,0,11,0,0,0,0.0,0.0,0.36666666666666664,0.0,0.0,0.0,0,11,1.067480199970305,14,14,303,54,11,,method1_proportional_scores_gamma1,unrestricted_maximum_cardinality_then_maximum_testing_evalue_sum,200,0,1,exact_fixed_count_order_statistics,300.0,1,False
344,84f586675ee34c293502d1b2169552b88462b6cb886de250823ef4c6107f3ec1,proven_maximal,maximize_sum_testing_e_values_at_maximum_cardinality,proven_optimal,327260.9799994946,2.1579408617121407,151654.28571561555,0,0,20,,,10;14;19;21;22;30;33;35;36;50;52;64;65;93;100;104;143;160;183;199,0,0,20,0,0,0,0.0,0.0,0.6666666666666666,0.0,0.0,0.0,0,20,0.5030611001420766,9,9,275,53,20,,method1_proportional_scores_gamma1,unrestricted_maximum_cardinality_then_maximum_testing_evalue_sum,200,0,8,exact_fixed_count_order_statistics,300.0,1,False
345,0b7a558b27b15b1c848a97b4834a167a1dfb82e2eb909bbd6fad63383c623a6f,proven_maximal,maximize_sum_testing_e_values_at_maximum_cardinality,proven_optimal,195678.87053061638,1.062113812482234,184235.3128553156,0,0,20,,,10;12;14;26;31;32;40;50;56;61;78;87;101;108;125;126;138;170;189;195,0,0,20,0,0,0,0.0,0.0,0.6666666666666666,0.0,0.0,0.0,0,20,0.9206521001178771,12,12,276,61,20,,method1_proportional_scores_gamma1,unrestricted_maximum_cardinality_then_maximum_testing_evalue_sum,200,0,7,exact_fixed_count_order_statistics,300.0,1,False
346,dd4a8d90c5f61d001195eea2dadd761e0659d99796108c90fc14f878a59ebeec,proven_maximal,maximize_sum_testing_e_values_at_maximum_cardinality,proven_optimal,17572.21381045835,2.9310091963044473,5995.277610392425,0,0,16,,,0;11;18;25;40;50;61;78;85;93;104;112;113;136;178;192,0,0,16,0,0,0,0.0,0.0,0.5333333333333333,0.0,0.0,0.0,0,16,0.3856199001893401,10,10,263,46,16,,method1_proportional_scores_gamma1,unrestricted_maximum_cardinality_then_maximum_testing_evalue_sum,200,0,10,exact_fixed_count_order_statistics,300.0,1,False
347,92892ec17163b6060c219d159b7705013a699dd435049863a51e4520d634a3f2,proven_maximal,maximize_sum_testing_e_values_at_maximum_cardinality,proven_optimal,32855.772901214994,1.7683147675257527,18580.27400132341,0,0,18,,,2;12;22;41;54;62;66;76;118;126;139;154;155;176;186;190;194;195,0,0,18,0,0,0,0.0,0.0,0.6,0.0,0.0,0.0,0,18,0.979798800079152,14,14,304,50,18,,method1_proportional_scores_gamma1,unrestricted_maximum_cardinality_then_maximum_testing_evalue_sum,200,0,8,exact_fixed_count_order_statistics,300.0,1,False
348,03e688955b5418a30f99ddb5455157c231056fea4f06ec5268e9d7ba965fcd68,proven_maximal,maximize_sum_testing_e_values_at_maximum_cardinality,proven_optimal,430657.49801801634,1.0235097870624952,420765.3932201437,0,0,22,,,1;7;11;13;18;27;40;57;81;83;89;91;119;129;130;144;148;165;169;175;181;197,0,0,22,0,0,0,0.0,0.0,0.7333333333333333,0.0,0.0,0.0,0,22,0.259648600127548,5,5,237,45,22,,method1_proportional_scores_gamma1,unrestricted_maximum_cardinality_then_maximum_testing_evalue_sum,200,0,10,exact_fixed_count_order_statistics,300.0,1,False
349,79497f5635e44868fedd37aae88bd128451d83da2a78d7d21b27c7189842dc9c,proven_maximal,maximize_sum_testing_e_values_at_maximum_cardinality,proven_optimal,170001.3404676217,1.3703486999857615,124056.99401136956,0,0,14,,,41;47;59;84;85;88;89;126;136;138;145;152;180;195,0,0,14,0,0,0,0.0,0.0,0.4666666666666667,0.0,0.0,0.0,0,14,1.3834882001392543,25,24,326,56,14,,method1_proportional_scores_gamma1,unrestricted_maximum_cardinality_then_maximum_testing_evalue_sum,200,0,5,exact_fixed_count_order_statistics,300.0,1,False
350,7786c0bb32df2555abbf8aec35033165293a0f9857c5995f0dc4d04eada745a1,proven_maximal,maximize_sum_testing_e_values_at_maximum_cardinality,proven_optimal,49623.91148187503,2.0534706047763587,24165.87379748712,0,0,12,,,39;48;62;68;86;92;98;100;167;169;193;195,0,0,12,0,0,0,0.0,0.0,0.4,0.0,0.0,0.0,0,12,1.2005668999627233,15,14,296,47,12,,method1_proportional_scores_gamma1,unrestricted_maximum_cardinality_then_maximum_testing_evalue_sum,200,0,7,exact_fixed_count_order_statistics,300.0,1,False
351,33e307f2b86f589a71a682bcc9015c50b9cf2db5841bcb0e50086590adcd6ca6,proven_maximal,maximize_sum_testing_e_values_at_maximum_cardinality,proven_optimal,69090.16838715834,2.4321395140325146,28407.156739378846,0,0,14,,,1;32;55;68;91;92;125;131;149;164;167;169;178;179,0,0,14,0,0,0,0.0,0.0,0.4666666666666667,0.0,0.0,0.0,0,14,0.834711599862203,9,9,295,52,14,,method1_proportional_scores_gamma1,unrestricted_maximum_cardinality_then_maximum_testing_evalue_sum,200,0,5,exact_fixed_count_order_statistics,300.0,1,False
352,9439c3dff2252c8ec1ac41ab2ea6c1e1403b1d27830e4eb11363a2e31d86a4dc,proven_maximal,maximize_sum_testing_e_values_at_maximum_cardinality,proven_optimal,228424.17677088,1.0578130781549895,215940.01954418223,0,0,21,,,10;11;14;40;49;79;104;105;116;119;122;125;126;141;144;145;171;182;183;187;196,0,0,21,0,0,0,0.0,0.0,0.7,0.0,0.0,0.0,0,21,0.40107799996621907,6,6,277,64,21,,method1_proportional_scores_gamma1,unrestricted_maximum_cardinality_then_maximum_testing_evalue_sum,200,0,6,exact_fixed_count_order_statistics,300.0,1,False
353,3f2a76fef915da1b708407d6cdee6688b7d10bfc2a9be5d7842ce2d63022d855,proven_maximal,maximize_sum_testing_e_values_at_maximum_cardinality,proven_optimal,256276.52355989872,2.114757151354328,121184.84781847156,0,0,19,,,0;4;9;12;36;90;94;108;111;126;142;152;157;161;184;188;189;194;195,0,0,19,0,0,0,0.0,0.0,0.6333333333333333,0.0,0.0,0.0,0,19,1.1544639999046922,13,13,288,61,19,,method1_proportional_scores_gamma1,unrestricted_maximum_cardinality_then_maximum_testing_evalue_sum,200,0,13,exact_fixed_count_order_statistics,300.0,1,False
354,8f4aa66983cc0a8871d935907638c25b84dcaeceb15bb27e21a67b3a6e7e75e0,proven_maximal,maximize_sum_testing_e_values_at_maximum_cardinality,proven_optimal,204185.7795168064,1.1546010788839587,176845.30462605582,0,0,11,,,0;29;37;45;54;84;93;94;115;165;169,0,0,11,0,0,0,0.0,0.0,0.36666666666666664,0.0,0.0,0.0,0,11,1.1993180001154542,10,10,267,62,11,,method1_proportional_scores_gamma1,unrestricted_maximum_cardinality_then_maximum_testing_evalue_sum,200,0,5,exact_fixed_count_order_statistics,300.0,1,False
355,44aa7e7463bdc7c879c78afaf1ff01b1c091b7c2bf25c23cb2b053fc39a896b2,proven_maximal,maximize_sum_testing_e_values_at_maximum_cardinality,proven_optimal,33379.49783738364,2.677735243225177,12465.57064289148,0,0,13,,,13;15;19;42;66;110;121;130;146;150;161;169;190,0,0,13,0,0,0,0.0,0.0,0.43333333333333335,0.0,0.0,0.0,0,13,2.4426734999287874,44,43,440,58,13,,method1_proportional_scores_gamma1,unrestricted_maximum_cardinality_then_maximum_testing_evalue_sum,200,0,12,exact_fixed_count_order_statistics,300.0,1,False
356,0010b8e96ffa25273cdabb53538910071011b592848ddbd74d81f4ccaee4437d,proven_maximal,maximize_sum_testing_e_values_at_maximum_cardinality,proven_optimal,13793.06002225014,4.029223502968389,3423.255128956879,0,0,21,,,4;12;26;32;38;44;45;55;77;83;90;94;98;113;115;143;149;156;166;181;197,0,0,21,0,0,0,0.0,0.0,0.7,0.0,0.0,0.0,0,21,0.3658112999983132,7,7,251,49,21,,method1_proportional_scores_gamma1,unrestricted_maximum_cardinality_then_maximum_testing_evalue_sum,200,0,11,exact_fixed_count_order_statistics,300.0,1,False
357,5883934debad79d62137fa69863d41ea9a42a4daea5a85bf8e250b5ac9c30b3e,proven_maximal,maximize_sum_testing_e_values_at_maximum_cardinality,proven_optimal,40011.392138100535,1.2261277791604719,32632.318440331142,0,0,14,,,63;64;81;84;85;96;115;124;149;159;165;183;188;191,0,0,14,0,0,0,0.0,0.0,0.4666666666666667,0.0,0.0,0.0,0,14,1.0747495000250638,14,14,303,57,14,,method1_proportional_scores_gamma1,unrestricted_maximum_cardinality_then_maximum_testing_evalue_sum,200,0,3,exact_fixed_count_order_statistics,300.0,1,False
358,fb7e611735e5f6c42ba3693374a81859d3701ddf5b762b96225a3c73f1d86daf,proven_maximal,maximize_sum_testing_e_values_at_maximum_cardinality,proven_optimal,86058.71981601758,1.5336251900311357,56114.571132122845,0,0,15,,,10;11;31;37;43;46;51;90;102;147;172;179;180;181;186,0,0,15,0,0,0,0.0,0.0,0.5,0.0,0.0,0.0,0,15,1.2493390999734402,22,21,300,43,15,,method1_proportional_scores_gamma1,unrestricted_maximum_cardinality_then_maximum_testing_evalue_sum,200,0,11,exact_fixed_count_order_statistics,300.0,1,False
359,9d28a1b84c6d9ec49de4271be3004bf91e7443c981c7c98ef96764c289ecbda0,proven_maximal,maximize_sum_testing_e_values_at_maximum_cardinality,proven_optimal,27602.609005603008,2.8723661113258294,9609.711274884165,0,0,19,,,21;29;35;38;40;45;62;68;75;100;103;110;113;121;138;142;144;147;177,0,0,19,0,0,0,0.0,0.0,0.6333333333333333,0.0,0.0,0.0,0,19,1.352970799896866,13,13,283,56,19,,method1_proportional_scores_gamma1,unrestricted_maximum_cardinality_then_maximum_testing_evalue_sum,200,0,4,exact_fixed_count_order_statistics,300.0,1,False
360,068fc60a702e0a2c649ae7075d298c5c613f80f3f2068e73d86fd3ba9ccb1831,proven_maximal,maximize_sum_testing_e_values_at_maximum_cardinality,proven_optimal,43855.65096769615,3.0050335914539223,14594.06347150932,0,0,17,,,9;35;50;59;94;114;138;142;144;146;147;151;156;159;166;195;198,0,0,17,0,0,0,0.0,0.0,0.5666666666666667,0.0,0.0,0.0,0,17,0.5966233999934047,6,6,256,58,17,,method1_proportional_scores_gamma1,unrestricted_maximum_cardinality_then_maximum_testing_evalue_sum,200,0,13,exact_fixed_count_order_statistics,300.0,1,False
361,c5aa0cc347b33956579c63c7c612d925b9f2f348b8468263479973f950d61d66,proven_maximal,maximize_sum_testing_e_values_at_maximum_cardinality,proven_optimal,171898.5930601025,1.1227735458702643,153101.74851587147,0,0,17,,,5;29;60;79;95;96;100;112;117;125;126;128;144;157;167;168;194,0,0,17,0,0,0,0.0,0.0,0.5666666666666667,0.0,0.0,0.0,0,17,0.8036326998844743,13,13,303,59,17,,method1_proportional_scores_gamma1,unrestricted_maximum_cardinality_then_maximum_testing_evalue_sum,200,0,5,exact_fixed_count_order_statistics,300.0,1,False
362,cee30a0cc8904d9970d8d692f2245a9b558d9b3c0cdca63b3b6560a80ed8560d,proven_maximal,maximize_sum_testing_e_values_at_maximum_cardinality,proven_optimal,105941.44751396157,1.3785411401466712,76850.40687482843,0,0,18,,,27;43;69;72;73;78;85;122;124;126;142;149;150;156;164;168;186;191,0,0,18,0,0,0,0.0,0.0,0.6,0.0,0.0,0.0,0,18,0.7630976000800729,10,10,271,58,18,,method1_proportional_scores_gamma1,unrestricted_maximum_cardinality_then_maximum_testing_evalue_sum,200,0,3,exact_fixed_count_order_statistics,300.0,1,False
363,c29b347513c332fd8962edbccd497ece7d40e823412a6e3e876f9b1d0bb93fb0,proven_maximal,maximize_sum_testing_e_values_at_maximum_cardinality,proven_optimal,338125.1070019249,1.5237331162019414,221905.72837632868,0,0,12,,,10;11;19;35;38;66;105;110;152;167;182;189,0,0,12,0,0,0,0.0,0.0,0.4,0.0,0.0,0.0,0,12,0.3925453999545425,5,5,253,60,12,,method1_proportional_scores_gamma1,unrestricted_maximum_cardinality_then_maximum_testing_evalue_sum,200,0,8,exact_fixed_count_order_statistics,300.0,1,False
364,673645480358dcdcfc343a6cbf244678c57e64b1089486cd6d5f6b844c7bf7fc,proven_maximal,maximize_sum_testing_e_values_at_maximum_cardinality,proven_optimal,121112.83027721723,1.2283138013838146,98600.8869563884,0,0,16,,,2;6;58;66;73;81;90;122;126;129;136;166;179;184;186;190,0,0,15,0,0,1,0.0,0.0,0.5,0.0,0.0,0.0625,0,16,1.400914500001818,11,11,297,63,16,,method1_proportional_scores_gamma1,unrestricted_maximum_cardinality_then_maximum_testing_evalue_sum,200,0,11,exact_fixed_count_order_statistics,300.0,1,False
365,2b1f2d1d00f948c1c62ae760ca4e2381d39ccd0044db8edff770b28f8de28bca,proven_maximal,maximize_sum_testing_e_values_at_maximum_cardinality,proven_optimal,54341.2915539585,3.2920635199751014,16506.75669659299,0,0,19,,,1;26;27;28;35;51;59;66;72;77;95;99;104;121;134;137;165;171;195,0,0,19,0,0,0,0.0,0.0,0.6333333333333333,0.0,0.0,0.0,0,19,0.2818076000548899,6,6,251,53,19,,method1_proportional_scores_gamma1,unrestricted_maximum_cardinality_then_maximum_testing_evalue_sum,200,0,10,exact_fixed_count_order_statistics,300.0,1,False
366,5c03e08b245f8741f59202ea0eed264222932938766219a8a1d7a71e9572b75a,proven_maximal,maximize_sum_testing_e_values_at_maximum_cardinality,proven_optimal,70170.75316591728,4.347755071200071,16139.536845287075,0,0,20,,,7;14;38;39;47;50;54;73;79;81;87;88;137;142;160;165;167;175;198;199,0,0,20,0,0,0,0.0,0.0,0.6666666666666666,0.0,0.0,0.0,0,20,0.5528892998117954,10,10,270,42,20,,method1_proportional_scores_gamma1,unrestricted_maximum_cardinality_then_maximum_testing_evalue_sum,200,0,11,exact_fixed_count_order_statistics,300.0,1,False
367,c08278e33a83aa060798b0cea26e1caa1ec800d085e5b415603bc328e625593c,proven_maximal,maximize_sum_testing_e_values_at_maximum_cardinality,proven_optimal,33773.357570561406,4.03932038287153,8361.148502548866,0,0,21,,,2;31;34;60;67;77;83;86;91;99;110;125;137;149;153;154;160;172;181;189;192,0,0,21,0,0,0,0.0,0.0,0.7,0.0,0.0,0.0,0,21,0.5286421000491828,10,10,261,51,21,,method1_proportional_scores_gamma1,unrestricted_maximum_cardinality_then_maximum_testing_evalue_sum,200,0,16,exact_fixed_count_order_statistics,300.0,1,False
368,d53542693499dca78d3bfa379ab161a3673d5fd8f9f89a58b298dc7962976349,proven_maximal,maximize_sum_testing_e_values_at_maximum_cardinality,proven_optimal,40689.26349914149,2.113836040766348,19249.01587182232,0,0,18,,,19;26;27;32;55;105;108;114;122;129;143;150;151;154;157;170;189;192,0,0,18,0,0,0,0.0,0.0,0.6,0.0,0.0,0.0,0,18,1.0811324999667704,18,17,275,50,18,,method1_proportional_scores_gamma1,unrestricted_maximum_cardinality_then_maximum_testing_evalue_sum,200,0,14,exact_fixed_count_order_statistics,300.0,1,False
369,5c909f475536d65ebb985d0a75c77681997b1a156baf003d1c8fdfde2cc462dd,proven_maximal,maximize_sum_testing_e_values_at_maximum_cardinality,proven_optimal,197293.669815799,1.0811935210430776,182477.6656314594,0,0,19,,,4;5;8;19;25;36;38;39;51;120;121;123;125;126;130;155;157;175;193,0,0,19,0,0,0,0.0,0.0,0.6333333333333333,0.0,0.0,0.0,0,19,0.8368055999744684,14,14,282,53,19,,method1_proportional_scores_gamma1,unrestricted_maximum_cardinality_then_maximum_testing_evalue_sum,200,0,9,exact_fixed_count_order_statistics,300.0,1,False
370,76261ff2954bdeb637d56ca381dfd5651fc2101e3c8828ba49c807edf866ce7c,proven_maximal,maximize_sum_testing_e_values_at_maximum_cardinality,proven_optimal,108283.41279021442,1.057937432990946,102353.3239428736,0,0,15,,,34;45;53;56;62;80;91;109;120;129;141;145;158;168;193,0,0,15,0,0,0,0.0,0.0,0.5,0.0,0.0,0.0,0,15,0.5339371999725699,10,10,279,54,15,,method1_proportional_scores_gamma1,unrestricted_maximum_cardinality_then_maximum_testing_evalue_sum,200,0,2,exact_fixed_count_order_statistics,300.0,1,False
371,68bcdf97c99de50ee203a978a636c0c581e180e6326edcf9b238f9451eadb8be,proven_maximal,maximize_sum_testing_e_values_at_maximum_cardinality,proven_optimal,57333.11883557428,1.9554114721560227,29320.23241755823,0,0,16,,,10;49;51;53;58;67;69;86;93;103;110;116;145;157;158;162,0,0,16,0,0,0,0.0,0.0,0.5333333333333333,0.0,0.0,0.0,0,16,0.3594969999976456,9,9,256,45,16,,method1_proportional_scores_gamma1,unrestricted_maximum_cardinality_then_maximum_testing_evalue_sum,200,0,7,exact_fixed_count_order_statistics,300.0,1,False
372,c8fea8b14be1bae3ddd807ea7d9c2bed377597ff267cf99b6890c21a776d480d,proven_maximal,maximize_sum_testing_e_values_at_maximum_cardinality,proven_optimal,17517.24295686976,1.8895632388131305,9270.524847780518,0,0,17,,,8;20;21;31;37;40;53;69;110;135;139;141;147;164;170;176;183,0,0,17,0,0,0,0.0,0.0,0.5666666666666667,0.0,0.0,0.0,0,17,0.39707990013994277,8,8,261,47,17,,method1_proportional_scores_gamma1,unrestricted_maximum_cardinality_then_maximum_testing_evalue_sum,200,0,3,exact_fixed_count_order_statistics,300.0,1,False
373,c3c497c589654122382443533744158b49053ea7940a1b1968580ef561816a79,proven_maximal,maximize_sum_testing_e_values_at_maximum_cardinality,proven_optimal,21174.34438242551,3.8347123032700767,5521.755664530281,0,0,16,,,3;9;10;14;17;39;45;77;78;89;92;94;106;120;158;160,0,0,16,0,0,0,0.0,0.0,0.5333333333333333,0.0,0.0,0.0,0,16,0.4856914000120014,12,12,289,46,16,,method1_proportional_scores_gamma1,unrestricted_maximum_cardinality_then_maximum_testing_evalue_sum,200,0,7,exact_fixed_count_order_statistics,300.0,1,False
374,54b3009b0f35b7103fb17d87b2d7f5128cba7d240d69bd3a3f85b1312daab21b,proven_maximal,maximize_sum_testing_e_values_at_maximum_cardinality,proven_optimal,53263.99901096017,3.0655383296205154,17375.088250015047,0,0,21,,,5;19;20;26;35;36;39;48;53;55;71;99;104;113;134;157;158;171;184;189;195,0,0,21,0,0,0,0.0,0.0,0.7,0.0,0.0,0.0,0,21,0.26094790012575686,5,5,249,61,21,,method1_proportional_scores_gamma1,unrestricted_maximum_cardinality_then_maximum_testing_evalue_sum,200,0,15,exact_fixed_count_order_statistics,300.0,1,False
375,314a00b9b23097f7a07fd57a439057de593437134fe3755b15a71aa8171db33b,proven_maximal,maximize_sum_testing_e_values_at_maximum_cardinality,proven_optimal,16378.461683552121,3.6832266448002384,4446.769982692828,0,0,8,,,34;44;54;93;108;130;175;187,0,0,8,0,0,0,0.0,0.0,0.26666666666666666,0.0,0.0,0.0,0,8,0.6432862000074238,14,13,291,73,8,,method1_proportional_scores_gamma1,unrestricted_maximum_cardinality_then_maximum_testing_evalue_sum,200,0,5,exact_fixed_count_order_statistics,300.0,1,False
376,eb73517804f6e5312aa2d4c54b52c349c4f29a858697373bfab21db9ebddd5bc,proven_maximal,maximize_sum_testing_e_values_at_maximum_cardinality,proven_optimal,45407.97911609609,1.7879587648979647,25396.547172992232,0,0,16,,,15;20;47;75;78;87;90;91;92;96;108;112;128;146;152;170,0,0,16,0,0,0,0.0,0.0,0.5333333333333333,0.0,0.0,0.0,0,16,0.26624100003391504,7,7,247,46,16,,method1_proportional_scores_gamma1,unrestricted_maximum_cardinality_then_maximum_testing_evalue_sum,200,0,10,exact_fixed_count_order_statistics,300.0,1,False
377,732e456bac289bf0687855b6fba12e9407c5a50f65a84c9f122c2c08b4ff86ae,proven_maximal,maximize_sum_testing_e_values_at_maximum_cardinality,proven_optimal,46474.87171315206,4.609783606332107,10081.790314259672,0,0,21,,,2;4;34;40;59;62;64;74;77;79;82;84;85;88;91;134;138;143;158;177;186,0,0,21,0,0,0,0.0,0.0,0.7,0.0,0.0,0.0,0,21,0.666504800086841,12,12,273,51,21,,method1_proportional_scores_gamma1,unrestricted_maximum_cardinality_then_maximum_testing_evalue_sum,200,0,10,exact_fixed_count_order_statistics,300.0,1,False
378,bdee246388f0c20318d04fe49e3ede2e4322bd18b58a7a2e04317607786e7007,proven_maximal,maximize_sum_testing_e_values_at_maximum_cardinality,proven_optimal,20570.92528717195,2.143035818898656,9598.964751668833,0,0,14,,,35;52;73;82;108;121;157;159;176;177;187;188;192;194,0,0,14,0,0,0,0.0,0.0,0.4666666666666667,0.0,0.0,0.0,0,14,0.7062505001667887,14,14,282,53,14,,method1_proportional_scores_gamma1,unrestricted_maximum_cardinality_then_maximum_testing_evalue_sum,200,0,13,exact_fixed_count_order_statistics,300.0,1,False
379,28461c79d13e40e31be3d4d6b9100f58d2e73454508f63a406a2dec3961202bd,proven_maximal,maximize_sum_testing_e_values_at_maximum_cardinality,proven_optimal,9060.026805047766,3.25344343544365,2784.750060918859,0,0,15,,,1;5;15;36;43;69;83;97;118;121;122;125;139;152;181,0,0,15,0,0,0,0.0,0.0,0.5,0.0,0.0,0.0,0,15,0.44065619981847703,6,6,264,58,15,,method1_proportional_scores_gamma1,unrestricted_maximum_cardinality_then_maximum_testing_evalue_sum,200,0,2,exact_fixed_count_order_statistics,300.0,1,False
380,213fb7d20b455e7106d21e6f17e7f3998aa31b995f3bcaa0082da099d8816d26,proven_maximal,maximize_sum_testing_e_values_at_maximum_cardinality,proven_optimal,18527.549980021064,3.126648989284334,5925.689146277299,0,0,16,,,9;11;29;35;36;44;47;71;78;91;96;127;147;156;169;179,0,0,16,0,0,0,0.0,0.0,0.5333333333333333,0.0,0.0,0.0,0,16,0.6987697000149637,12,12,257,53,16,,method1_proportional_scores_gamma1,unrestricted_maximum_cardinality_then_maximum_testing_evalue_sum,200,0,12,exact_fixed_count_order_statistics,300.0,1,False
381,b35aaa4245e4daf5006fd083455f6b729918c32dab54e45c0acd6e63f7325eda,proven_maximal,maximize_sum_testing_e_values_at_maximum_cardinality,proven_optimal,72182.31000932476,1.4067437390833009,51311.62698926393,0,0,11,,,41;87;89;130;139;148;158;159;165;177;189,0,0,11,0,0,0,0.0,0.0,0.36666666666666664,0.0,0.0,0.0,0,11,0.45603900006972253,7,7,250,47,11,,method1_proportional_scores_gamma1,unrestricted_maximum_cardinality_then_maximum_testing_evalue_sum,200,0,6,exact_fixed_count_order_statistics,300.0,1,False
382,f7d00fbcf2c73a81322a7a8530f475a5c990746e729505e282e86a2db89738ab,proven_maximal,maximize_sum_testing_e_values_at_maximum_cardinality,proven_optimal,239766.91928615334,1.859632615439548,128932.41239989833,0,0,10,,,14;29;47;70;112;149;157;169;180;185,0,0,10,0,0,0,0.0,0.0,0.3333333333333333,0.0,0.0,0.0,0,10,0.3208312999922782,8,8,253,52,10,,method1_proportional_scores_gamma1,unrestricted_maximum_cardinality_then_maximum_testing_evalue_sum,200,0,12,exact_fixed_count_order_statistics,300.0,1,False
383,9735520b15d3fd2833a1db0c2cdcc6e590c806cde9a041a9efd98a0891e4662f,proven_maximal,maximize_sum_testing_e_values_at_maximum_cardinality,proven_optimal,17717.985945055738,1.9913556760305298,8897.449189174431,0,0,17,,,0;6;38;44;47;61;63;86;87;104;140;153;162;168;173;178;199,0,0,17,0,0,0,0.0,0.0,0.5666666666666667,0.0,0.0,0.0,0,17,0.596214999910444,12,12,265,54,17,,method1_proportional_scores_gamma1,unrestricted_maximum_cardinality_then_maximum_testing_evalue_sum,200,0,6,exact_fixed_count_order_statistics,300.0,1,False
384,a7e27591cc1f59da5d629761760dbcdb1d906c7ec8a734222a9c2d7699576ae3,proven_maximal,maximize_sum_testing_e_values_at_maximum_cardinality,proven_optimal,39971.98349278539,1.4206335904376635,28136.729809740013,0,0,9,,,4;5;11;63;73;88;103;140;153,0,0,9,0,0,0,0.0,0.0,0.3,0.0,0.0,0.0,0,9,0.43427899992093444,5,4,239,45,9,,method1_proportional_scores_gamma1,unrestricted_maximum_cardinality_then_maximum_testing_evalue_sum,200,0,5,exact_fixed_count_order_statistics,300.0,1,False
385,f7ce72e3b8212826eb1013fb62ce40bfe2e9651d8a50fad186aafaaf51dc0e84,proven_maximal,maximize_sum_testing_e_values_at_maximum_cardinality,proven_optimal,29418.53029207836,2.493805509195138,11796.64179247604,0,0,15,,,6;31;58;59;61;82;93;127;140;146;153;169;184;185;186,0,0,15,0,0,0,0.0,0.0,0.5,0.0,0.0,0.0,0,15,1.2918786001391709,21,19,305,46,15,,method1_proportional_scores_gamma1,unrestricted_maximum_cardinality_then_maximum_testing_evalue_sum,200,0,6,exact_fixed_count_order_statistics,300.0,1,False
386,b226b617e82f81dfb805852229e448e4bf0c96d309757e559002d0ab5b23b35d,proven_maximal,maximize_sum_testing_e_values_at_maximum_cardinality,proven_optimal,14902.791381501764,3.736775048269401,3988.142499614377,0,0,17,,,2;11;12;13;24;61;65;68;75;116;121;139;170;182;190;193;197,0,0,17,0,0,0,0.0,0.0,0.5666666666666667,0.0,0.0,0.0,0,17,0.8841804000549018,7,7,289,67,17,,method1_proportional_scores_gamma1,unrestricted_maximum_cardinality_then_maximum_testing_evalue_sum,200,0,10,exact_fixed_count_order_statistics,300.0,1,False
387,1138519f4181627a7b28dcec845e82454a121e177d6e4cf0addef9f705306efa,proven_maximal,maximize_sum_testing_e_values_at_maximum_cardinality,proven_optimal,27095.006821515977,1.8525624943453791,14625.69111931107,0,0,23,,,13;21;35;36;39;43;51;64;74;84;90;92;93;104;107;110;115;132;156;174;176;182;184,0,0,23,0,0,0,0.0,0.0,0.7666666666666667,0.0,0.0,0.0,0,23,0.359273900045082,6,6,257,57,23,,method1_proportional_scores_gamma1,unrestricted_maximum_cardinality_then_maximum_testing_evalue_sum,200,0,9,exact_fixed_count_order_statistics,300.0,1,False
388,3352ed398818bf9b03b682aa20741b9c8f643ef31f1035d38ed9a41e04ef3f4e,proven_maximal,maximize_sum_testing_e_values_at_maximum_cardinality,proven_optimal,258583.6269996426,1.038428703990815,249014.32905877163,0,0,15,,,2;14;17;21;30;47;65;95;101;104;110;125;160;168;192,0,0,15,0,0,0,0.0,0.0,0.5,0.0,0.0,0.0,0,15,0.9362437999807298,16,15,262,50,15,,method1_proportional_scores_gamma1,unrestricted_maximum_cardinality_then_maximum_testing_evalue_sum,200,0,9,exact_fixed_count_order_statistics,300.0,1,False
389,8256c344f1b1963cba0ea4d4d417f03a5f754b6844f4b4f12917903e0a6ee758,proven_maximal,maximize_sum_testing_e_values_at_maximum_cardinality,proven_optimal,196713.66275369225,1.0791208578368603,182290.6686726568,0,0,18,,,5;7;10;21;43;47;50;56;58;69;73;84;88;102;146;166;168;199,0,0,18,0,0,0,0.0,0.0,0.6,0.0,0.0,0.0,0,18,0.34782029991038144,8,8,264,48,18,,method1_proportional_scores_gamma1,unrestricted_maximum_cardinality_then_maximum_testing_evalue_sum,200,0,5,exact_fixed_count_order_statistics,300.0,1,False
390,0bf64504ddb9753c638ab024c8049d9b1258ea99f013ce0d8884dbcad98512f3,proven_maximal,maximize_sum_testing_e_values_at_maximum_cardinality,proven_optimal,38654.755014360526,1.8543099270162051,20845.89768473084,0,0,19,,,5;6;12;15;21;25;34;53;99;101;104;107;121;133;152;159;167;169;184,0,0,19,0,0,0,0.0,0.0,0.6333333333333333,0.0,0.0,0.0,0,19,0.5184537000022829,7,7,262,61,19,,method1_proportional_scores_gamma1,unrestricted_maximum_cardinality_then_maximum_testing_evalue_sum,200,0,8,exact_fixed_count_order_statistics,300.0,1,False
391,7f47fa1da2586614532b82285294b257180900ec6a01017e3362e8aa76a009f0,proven_maximal,maximize_sum_testing_e_values_at_maximum_cardinality,proven_optimal,48553.85819046583,1.957553085945608,24803.341753059834,0,0,19,,,30;40;46;73;77;90;101;109;112;113;116;122;143;145;150;154;161;177;180,0,0,19,0,0,0,0.0,0.0,0.6333333333333333,0.0,0.0,0.0,0,19,0.5614688000641763,13,13,281,52,19,,method1_proportional_scores_gamma1,unrestricted_maximum_cardinality_then_maximum_testing_evalue_sum,200,0,9,exact_fixed_count_order_statistics,300.0,1,False
392,62f39f73e0a9f856887b73de5a8fc205750fffae1f04d6ecf7165f721a38532e,proven_maximal,maximize_sum_testing_e_values_at_maximum_cardinality,proven_optimal,21902.69754384172,1.592547353263837,13753.24727327785,0,0,20,,,1;13;15;19;27;33;49;57;67;69;99;118;129;137;146;152;166;172;173;180,0,0,20,0,0,0,0.0,0.0,0.6666666666666666,0.0,0.0,0.0,0,20,0.3896958001423627,7,7,275,56,20,,method1_proportional_scores_gamma1,unrestricted_maximum_cardinality_then_maximum_testing_evalue_sum,200,0,6,exact_fixed_count_order_statistics,300.0,1,False
393,0102700a160fff063a78f1615669b1f35506fb1d8658de965e7d21eb58054704,proven_maximal,maximize_sum_testing_e_values_at_maximum_cardinality,proven_optimal,74394.45907721268,1.1431054066151423,65081.01409256969,0,0,22,,,0;28;52;59;67;69;73;75;100;119;121;128;133;140;142;156;165;172;174;176;184;190,0,0,22,0,0,0,0.0,0.0,0.7333333333333333,0.0,0.0,0.0,0,22,0.27483570016920567,6,6,264,49,22,,method1_proportional_scores_gamma1,unrestricted_maximum_cardinality_then_maximum_testing_evalue_sum,200,0,9,exact_fixed_count_order_statistics,300.0,1,False
394,dde339c49dfa11ad4858947495a20c7e2784e4ca5e0897641a45dfa682a79b46,proven_maximal,maximize_sum_testing_e_values_at_maximum_cardinality,proven_optimal,13811.896080461496,2.840573339257517,4862.362076548855,0,0,13,,,1;12;18;19;27;38;64;72;101;112;153;179;189,0,0,13,0,0,0,0.0,0.0,0.43333333333333335,0.0,0.0,0.0,0,13,0.612946999957785,10,10,297,60,13,,method1_proportional_scores_gamma1,unrestricted_maximum_cardinality_then_maximum_testing_evalue_sum,200,0,4,exact_fixed_count_order_statistics,300.0,1,False
395,e654a43bd875196fad2b06baf9ce53f3167ecafbf4f274d8dfca9ac714184a32,proven_maximal,maximize_sum_testing_e_values_at_maximum_cardinality,proven_optimal,46645.60747820301,1.2435412282196532,37510.30236849032,0,0,21,,,2;3;8;10;15;25;38;48;52;54;90;97;99;102;103;116;130;176;179;190;192,0,0,21,0,0,0,0.0,0.0,0.7,0.0,0.0,0.0,0,21,0.2862422000616789,6,6,251,53,21,,method1_proportional_scores_gamma1,unrestricted_maximum_cardinality_then_maximum_testing_evalue_sum,200,0,5,exact_fixed_count_order_statistics,300.0,1,False
396,cdbf202d0073e41a58bcb791739c910437fb9a5084011f76da6ad234ed449f42,proven_maximal,maximize_sum_testing_e_values_at_maximum_cardinality,proven_optimal,132849.29027430777,1.4726330074505927,90212.08244156846,0,0,14,,,0;17;53;61;62;72;75;82;120;133;182;193;195;196,0,0,14,0,0,0,0.0,0.0,0.4666666666666667,0.0,0.0,0.0,0,14,0.8418269997928292,15,14,256,43,14,,method1_proportional_scores_gamma1,unrestricted_maximum_cardinality_then_maximum_testing_evalue_sum,200,0,3,exact_fixed_count_order_statistics,300.0,1,False
397,31915a34182760ab2412483d56c73ccf3522839c4114feb103a0d11ad52d4b9e,proven_maximal,maximize_sum_testing_e_values_at_maximum_cardinality,proven_optimal,5096.874396511061,3.2917833867282957,1548.362634388542,0,0,20,,,5;7;20;30;35;46;63;91;103;118;127;131;142;143;152;153;168;180;191;198,0,0,20,0,0,0,0.0,0.0,0.6666666666666666,0.0,0.0,0.0,0,20,0.4350326000712812,9,9,269,49,20,,method1_proportional_scores_gamma1,unrestricted_maximum_cardinality_then_maximum_testing_evalue_sum,200,0,0,exact_fixed_count_order_statistics,300.0,1,False
398,6cb266445b28391add9364631ba6123185e953cfe5d020c89138d84c14bc363c,proven_maximal,maximize_sum_testing_e_values_at_maximum_cardinality,proven_optimal,13175.49208285582,3.665598401169283,3594.3632228377755,0,0,16,,,6;33;35;44;60;84;116;120;122;125;136;153;155;159;173;195,0,0,16,0,0,0,0.0,0.0,0.5333333333333333,0.0,0.0,0.0,0,16,0.9369557001627982,15,14,264,50,16,,method1_proportional_scores_gamma1,unrestricted_maximum_cardinality_then_maximum_testing_evalue_sum,200,0,8,exact_fixed_count_order_statistics,300.0,1,False
399,dc785029faff57afe62d1d31fc0f34c17971953d67a48f9d0155efc9404de84f,proven_maximal,maximize_sum_testing_e_values_at_maximum_cardinality,proven_optimal,70691.31097410923,1.1851899355863853,59645.55456601474,0,0,19,,,6;9;24;26;48;54;62;93;102;121;130;131;132;147;148;156;190;191;198,0,0,19,0,0,0,0.0,0.0,0.6333333333333333,0.0,0.0,0.0,0,19,1.3264794000424445,22,21,313,46,19,,method1_proportional_scores_gamma1,unrestricted_maximum_cardinality_then_maximum_testing_evalue_sum,200,0,7,exact_fixed_count_order_statistics,300.0,1,False
400,ddb613880411092ab814c9256f7ce5eb303527a120edc6aef5c1fe5f1e8856ce,proven_maximal,maximize_sum_testing_e_values_at_maximum_cardinality,proven_optimal,428688.7987980438,1.0694064135593295,400866.1191503698,0,0,20,,,4;8;11;16;42;44;57;70;80;81;86;88;93;97;112;117;142;148;188;197,0,0,20,0,0,0,0.0,0.0,0.6666666666666666,0.0,0.0,0.0,0,20,0.502533899853006,9,9,261,51,20,,method1_proportional_scores_gamma1,unrestricted_maximum_cardinality_then_maximum_testing_evalue_sum,200,0,10,exact_fixed_count_order_statistics,300.0,1,False
401,8e6ed731170e0c1959d39534da76416ad61a9c999b16c5a7c898f111ffcfb6e3,proven_maximal,maximize_sum_testing_e_values_at_maximum_cardinality,proven_optimal,2449458.9047273654,1.0358994881403865,2364571.9809405017,0,0,10,,,43;66;74;80;84;123;138;175;187;197,0,0,10,0,0,0,0.0,0.0,0.3333333333333333,0.0,0.0,0.0,0,10,0.5123401000164449,12,12,280,52,10,,method1_proportional_scores_gamma1,unrestricted_maximum_cardinality_then_maximum_testing_evalue_sum,200,0,3,exact_fixed_count_order_statistics,300.0,1,False
402,2b4d99e392538dd10805a42435c8558531b32668cfaad57f229f4b9b732bb20c,proven_maximal,maximize_sum_testing_e_values_at_maximum_cardinality,proven_optimal,52153.03578417895,1.5086871400728608,34568.48964833111,0,0,18,,,7;22;38;41;44;47;49;50;56;77;97;99;105;134;143;151;154;172,0,0,18,0,0,0,0.0,0.0,0.6,0.0,0.0,0.0,0,18,0.3727225000038743,7,7,283,63,18,,method1_proportional_scores_gamma1,unrestricted_maximum_cardinality_then_maximum_testing_evalue_sum,200,0,5,exact_fixed_count_order_statistics,300.0,1,False
403,9824e48b40b578befedd4cb0958ed04e1850ffbfece6c93485e51d9d12d93925,proven_maximal,maximize_sum_testing_e_values_at_maximum_cardinality,proven_optimal,7624.891296323552,2.2725207773686065,3355.2570221833366,0,0,11,,,16;20;22;27;90;97;102;110;132;155;172,0,0,11,0,0,0,0.0,0.0,0.36666666666666664,0.0,0.0,0.0,0,11,1.1230230999644846,16,15,289,56,11,,method1_proportional_scores_gamma1,unrestricted_maximum_cardinality_then_maximum_testing_evalue_sum,200,0,0,exact_fixed_count_order_statistics,300.0,1,False
404,4cef8d491532b51a5626b7f5979a99c7495a8623e008a88c9dfea5e24df120b6,proven_maximal,maximize_sum_testing_e_values_at_maximum_cardinality,proven_optimal,68639.57629036656,1.253498558311923,54758.400666054986,0,0,22,,,4;11;24;28;39;47;49;51;56;60;68;79;88;91;94;130;137;141;157;163;184;189,0,0,22,0,0,0,0.0,0.0,0.7333333333333333,0.0,0.0,0.0,0,22,0.3471576999872923,7,7,279,52,22,,method1_proportional_scores_gamma1,unrestricted_maximum_cardinality_then_maximum_testing_evalue_sum,200,0,7,exact_fixed_count_order_statistics,300.0,1,False
405,538157159ff18c5d33b1280d60f6f85340e745c8b28d208d29cdbc533fe9d634,proven_maximal,maximize_sum_testing_e_values_at_maximum_cardinality,proven_optimal,24398.67578659334,1.8673334253925105,13066.05207983399,0,0,14,,,16;18;47;69;71;73;93;115;137;142;176;178;180;187,0,0,13,0,0,1,0.0,0.0,0.43333333333333335,0.0,0.0,0.07142857142857142,0,14,1.0046522999182343,10,10,301,60,14,,method1_proportional_scores_gamma1,unrestricted_maximum_cardinality_then_maximum_testing_evalue_sum,200,0,6,exact_fixed_count_order_statistics,300.0,1,False
406,19a1d7ee9d3f750e364abbb11a210957432e9cea6f737aaf6a5e88ae49b48aa8,proven_maximal,maximize_sum_testing_e_values_at_maximum_cardinality,proven_optimal,21096.176196587232,1.514856602067268,13926.18691947348,0,0,4,,,29;109;191;198,0,0,4,0,0,0,0.0,0.0,0.13333333333333333,0.0,0.0,0.0,0,4,1.3936244000215083,18,12,299,65,4,,method1_proportional_scores_gamma1,unrestricted_maximum_cardinality_then_maximum_testing_evalue_sum,200,0,7,exact_fixed_count_order_statistics,300.0,1,False
407,574abe876918a242150ee1b6d4376d49b99521cea433ff73550d364583f545fb,proven_maximal,maximize_sum_testing_e_values_at_maximum_cardinality,proven_optimal,30465.40961706372,1.6255405039404944,18741.710553020435,0,0,10,,,4;11;17;34;50;108;146;175;180;186,0,0,10,0,0,0,0.0,0.0,0.3333333333333333,0.0,0.0,0.0,0,10,0.8380875000730157,11,11,262,51,10,,method1_proportional_scores_gamma1,unrestricted_maximum_cardinality_then_maximum_testing_evalue_sum,200,0,3,exact_fixed_count_order_statistics,300.0,1,False
408,2358b5b97bc1631735e97cc9aad92dc78c775fe9a94963f82c010a374315b9d6,proven_maximal,maximize_sum_testing_e_values_at_maximum_cardinality,proven_optimal,82050.30427269831,1.2717989341748945,64515.15413946318,0,0,17,,,2;11;16;29;52;73;84;91;94;97;112;113;121;126;153;175;192,0,0,17,0,0,0,0.0,0.0,0.5666666666666667,0.0,0.0,0.0,0,17,2.664838399970904,61,59,395,53,17,,method1_proportional_scores_gamma1,unrestricted_maximum_cardinality_then_maximum_testing_evalue_sum,200,0,6,exact_fixed_count_order_statistics,300.0,1,False
409,8b5356c1dbdfb9059cbe9b2a074b3697d6daa3f6b9246fb6a4d359403d4a1c74,proven_maximal,maximize_sum_testing_e_values_at_maximum_cardinality,proven_optimal,32831.12443227535,1.4634003309123087,22434.82097055962,0,0,14,,,29;59;63;79;86;95;133;144;145;146;156;163;192;197,0,0,14,0,0,0,0.0,0.0,0.4666666666666667,0.0,0.0,0.0,0,14,0.31612120009958744,5,5,249,53,14,,method1_proportional_scores_gamma1,unrestricted_maximum_cardinality_then_maximum_testing_evalue_sum,200,0,4,exact_fixed_count_order_statistics,300.0,1,False
410,ebbe79a927be230037fb06172d99bec41137ab71fc715dec0ff6e9d948ab65b6,proven_maximal,maximize_sum_testing_e_values_at_maximum_cardinality,proven_optimal,17522.362955147404,1.846283570182916,9490.613055399404,0,0,14,,,3;40;47;52;54;68;82;99;119;133;136;145;158;174,0,0,14,0,0,0,0.0,0.0,0.4666666666666667,0.0,0.0,0.0,0,14,0.3037070999853313,7,7,246,47,14,,method1_proportional_scores_gamma1,unrestricted_maximum_cardinality_then_maximum_testing_evalue_sum,200,0,8,exact_fixed_count_order_statistics,300.0,1,False
411,adf214ab9757aadb237e616d777d71a10d4b63f660d030cc201bdd45ce0c9dbd,proven_maximal,maximize_sum_testing_e_values_at_maximum_cardinality,proven_optimal,23701.727432895394,1.7791504865900873,13321.935165991512,0,0,14,,,3;9;20;35;39;45;50;112;124;139;141;144;176;177,0,0,14,0,0,0,0.0,0.0,0.4666666666666667,0.0,0.0,0.0,0,14,0.28767260001040995,6,6,250,54,14,,method1_proportional_scores_gamma1,unrestricted_maximum_cardinality_then_maximum_testing_evalue_sum,200,0,4,exact_fixed_count_order_statistics,300.0,1,False
412,b47fb843247addac7d2c18d10d8d8b0580aafbc5251a1e527974f6abebc8b012,proven_maximal,maximize_sum_testing_e_values_at_maximum_cardinality,proven_optimal,51863.50140786289,1.5534992126693556,33384.9550646032,0,0,19,,,8;11;18;36;56;69;82;87;89;99;102;103;121;151;153;159;164;171;188,0,0,19,0,0,0,0.0,0.0,0.6333333333333333,0.0,0.0,0.0,0,19,0.5560260000638664,11,11,286,55,19,,method1_proportional_scores_gamma1,unrestricted_maximum_cardinality_then_maximum_testing_evalue_sum,200,0,7,exact_fixed_count_order_statistics,300.0,1,False
413,d7f473f97aae0256bf2e5d477f485590969e1a20723cce1c52a6926b82954f69,proven_maximal,maximize_sum_testing_e_values_at_maximum_cardinality,proven_optimal,22177.41938529026,2.2311319480265506,9939.98557768236,0,0,14,,,45;49;51;54;67;70;86;87;96;148;163;165;189;199,0,0,14,0,0,0,0.0,0.0,0.4666666666666667,0.0,0.0,0.0,0,14,0.6060049999505281,9,9,265,47,14,,method1_proportional_scores_gamma1,unrestricted_maximum_cardinality_then_maximum_testing_evalue_sum,200,0,8,exact_fixed_count_order_statistics,300.0,1,False
414,642281990f3c0dee93f6d277dbe1c502087d66ab86f873a5bf131ef5aecd23ba,proven_maximal,maximize_sum_testing_e_values_at_maximum_cardinality,proven_optimal,54527.71538068746,1.847217466185927,29518.83921565254,0,0,17,,,23;36;40;48;70;71;73;80;102;107;125;127;132;141;148;155;186,0,0,17,0,0,0,0.0,0.0,0.5666666666666667,0.0,0.0,0.0,0,17,0.980003000004217,16,15,279,50,17,,method1_proportional_scores_gamma1,unrestricted_maximum_cardinality_then_maximum_testing_evalue_sum,200,0,11,exact_fixed_count_order_statistics,300.0,1,False
415,6f0ccc0fb3c11403e483a91bb2564ce078fadc85caff4e366bea5bd7d163efec,proven_maximal,maximize_sum_testing_e_values_at_maximum_cardinality,proven_optimal,12283.467723468608,1.8989909546645536,6468.418237220311,0,0,19,,,13;21;44;46;50;54;67;71;86;91;109;135;144;171;176;187;188;191;199,0,0,19,0,0,0,0.0,0.0,0.6333333333333333,0.0,0.0,0.0,0,19,0.7308938000351191,11,11,316,51,19,,method1_proportional_scores_gamma1,unrestricted_maximum_cardinality_then_maximum_testing_evalue_sum,200,0,1,exact_fixed_count_order_statistics,300.0,1,False
416,d657cfa3153c6789bc93e71940059b51eb149abc911abc6298a4bc6d1a579318,proven_maximal,maximize_sum_testing_e_values_at_maximum_cardinality,proven_optimal,5456.886471136328,1.7089637909085533,3193.096600505052,0,0,13,,,10;19;34;72;87;89;102;109;114;117;183;184;186,0,0,13,0,0,0,0.0,0.0,0.43333333333333335,0.0,0.0,0.0,0,13,0.5844550000037998,9,9,281,54,13,,method1_proportional_scores_gamma1,unrestricted_maximum_cardinality_then_maximum_testing_evalue_sum,200,0,0,exact_fixed_count_order_statistics,300.0,1,False
417,902ec4a67838703b54c09a38859ec0b627d691d28a547a2bb40eed6c0d2c71d6,proven_maximal,maximize_sum_testing_e_values_at_maximum_cardinality,proven_optimal,18947.858655145516,1.4714027991171514,12877.411043742964,0,0,17,,,6;7;25;38;44;50;55;61;72;79;83;93;97;107;132;143;172,0,0,17,0,0,0,0.0,0.0,0.5666666666666667,0.0,0.0,0.0,0,17,0.2763984000775963,7,7,243,39,17,,method1_proportional_scores_gamma1,unrestricted_maximum_cardinality_then_maximum_testing_evalue_sum,200,0,4,exact_fixed_count_order_statistics,300.0,1,False
418,4c92c8315961a7341b74a0f651b038d24b715685f7f209061cc4e6654abdbb13,proven_maximal,maximize_sum_testing_e_values_at_maximum_cardinality,proven_optimal,16324.25836035758,4.196074725831334,3890.3640728474847,0,0,18,,,3;10;14;17;21;33;35;57;72;75;76;80;90;138;147;159;188;192,0,0,18,0,0,0,0.0,0.0,0.6,0.0,0.0,0.0,0,18,1.0662055001594126,15,14,295,64,18,,method1_proportional_scores_gamma1,unrestricted_maximum_cardinality_then_maximum_testing_evalue_sum,200,0,9,exact_fixed_count_order_statistics,300.0,1,False
419,4eefdc39e4da066a9902586e31606d1867d41359c9b1630ee54d9810f611d92b,proven_maximal,maximize_sum_testing_e_values_at_maximum_cardinality,proven_optimal,14742.029569195018,3.180884696462171,4634.568988178456,0,0,14,,,8;34;53;54;84;102;126;139;144;147;169;183;189;191,0,0,14,0,0,0,0.0,0.0,0.4666666666666667,0.0,0.0,0.0,0,14,0.48018620000220835,11,11,274,46,14,,method1_proportional_scores_gamma1,unrestricted_maximum_cardinality_then_maximum_testing_evalue_sum,200,0,8,exact_fixed_count_order_statistics,300.0,1,False
420,15d3ea523a2cf031087f4e28d1423bb04c76264dea8ce43eb80ff230267c7281,proven_maximal,maximize_sum_testing_e_values_at_maximum_cardinality,proven_optimal,55651.311353951125,1.6031732148452895,34713.22427210189,0,0,12,,,15;26;49;89;104;110;131;135;167;171;174;194,0,0,12,0,0,0,0.0,0.0,0.4,0.0,0.0,0.0,0,12,1.4192229001782835,15,15,273,54,12,,method1_proportional_scores_gamma1,unrestricted_maximum_cardinality_then_maximum_testing_evalue_sum,200,0,4,exact_fixed_count_order_statistics,300.0,1,False
421,81d005e5e682f4d2e041f72059e55aa4532f21ab34af527d8e06faf2163c0c9f,proven_maximal,maximize_sum_testing_e_values_at_maximum_cardinality,proven_optimal,64026.44385493433,1.2291498852431426,52090.02142344017,0,0,14,,,52;65;71;78;84;85;89;95;105;117;128;138;142;162,0,0,14,0,0,0,0.0,0.0,0.4666666666666667,0.0,0.0,0.0,0,14,0.3641894001048058,8,8,275,46,14,,method1_proportional_scores_gamma1,unrestricted_maximum_cardinality_then_maximum_testing_evalue_sum,200,0,2,exact_fixed_count_order_statistics,300.0,1,False
422,c5f33ddbb3cb6b17fd1b7f687a05247ba57844ecb73570ddc38f27150d52bb29,proven_maximal,maximize_sum_testing_e_values_at_maximum_cardinality,proven_optimal,45690.57241026924,2.928999370405882,15599.379389398002,0,0,20,,,6;16;28;31;57;62;68;77;79;98;120;121;126;163;167;168;174;181;184;197,0,0,20,0,0,0,0.0,0.0,0.6666666666666666,0.0,0.0,0.0,0,20,0.6424207000527531,12,12,275,58,20,,method1_proportional_scores_gamma1,unrestricted_maximum_cardinality_then_maximum_testing_evalue_sum,200,0,6,exact_fixed_count_order_statistics,300.0,1,False
423,e488fb6e1283ea96fabc69d9a98af319b6494a8fd4ff1bb7ddc4a630ea810b82,proven_maximal,maximize_sum_testing_e_values_at_maximum_cardinality,proven_optimal,257816.31784276917,1.1211606532393328,229954.83929789093,0,0,23,,,1;5;8;9;18;23;32;51;64;75;88;101;110;112;120;127;132;140;147;156;177;182;186,0,0,23,0,0,0,0.0,0.0,0.7666666666666667,0.0,0.0,0.0,0,23,0.5434924999717623,12,12,262,52,23,,method1_proportional_scores_gamma1,unrestricted_maximum_cardinality_then_maximum_testing_evalue_sum,200,0,5,exact_fixed_count_order_statistics,300.0,1,False
424,ba012b8b9cfdc0b28cf712af18265e14d179d8f9973f0954e4d6332f8b5986e3,proven_maximal,maximize_sum_testing_e_values_at_maximum_cardinality,proven_optimal,24978.102822190453,2.1389022944247262,11678.00085459654,0,0,14,,,2;13;18;25;27;52;61;63;88;95;100;125;130;138,0,0,14,0,0,0,0.0,0.0,0.4666666666666667,0.0,0.0,0.0,0,14,0.4387670001015067,10,10,277,45,14,,method1_proportional_scores_gamma1,unrestricted_maximum_cardinality_then_maximum_testing_evalue_sum,200,0,7,exact_fixed_count_order_statistics,300.0,1,False
425,f160486663c87a6a62a1893636426c22bb4a3d7c913611073805773a8566cd72,proven_maximal,maximize_sum_testing_e_values_at_maximum_cardinality,proven_optimal,41540.059591143,1.2060598484363771,34442.78461388009,0,0,18,,,12;16;30;36;39;56;57;73;79;81;84;92;119;141;142;158;165;181,0,0,18,0,0,0,0.0,0.0,0.6,0.0,0.0,0.0,0,18,0.5212962999939919,10,10,312,54,18,,method1_proportional_scores_gamma1,unrestricted_maximum_cardinality_then_maximum_testing_evalue_sum,200,0,3,exact_fixed_count_order_statistics,300.0,1,False
426,81ceb1fe1f2a3522728a18f5d7a935a3dcd76203c942284e5b5e3f4d7815528f,proven_maximal,maximize_sum_testing_e_values_at_maximum_cardinality,proven_optimal,14989.71391584289,1.7318139080038517,8655.499211875802,0,0,4,,,12;16;40;199,0,0,4,0,0,0,0.0,0.0,0.13333333333333333,0.0,0.0,0.0,0,4,0.5669186001177877,7,5,251,50,4,,method1_proportional_scores_gamma1,unrestricted_maximum_cardinality_then_maximum_testing_evalue_sum,200,0,2,exact_fixed_count_order_statistics,300.0,1,False
427,feaa31117ef596d36b1e300945776d7291dbd867cd2616b96da82d5a5b29c0b8,proven_maximal,maximize_sum_testing_e_values_at_maximum_cardinality,proven_optimal,141185.18857476636,1.198753160647916,117776.6976634764,0,0,20,,,5;8;11;56;58;79;80;84;89;99;109;119;123;132;137;146;159;166;191;195,0,0,20,0,0,0,0.0,0.0,0.6666666666666666,0.0,0.0,0.0,0,20,0.5437666999641806,11,11,278,51,20,,method1_proportional_scores_gamma1,unrestricted_maximum_cardinality_then_maximum_testing_evalue_sum,200,0,6,exact_fixed_count_order_statistics,300.0,1,False
428,87d2283c10810d7b816c929854a25bdf2e32ab6987f185c3fbbb569dfe6ea50a,proven_maximal,maximize_sum_testing_e_values_at_maximum_cardinality,proven_optimal,699680.9945252442,1.0594769213445225,660402.2989357036,0,0,15,,,16;18;24;43;57;81;102;105;125;129;140;148;155;160;185,0,0,15,0,0,0,0.0,0.0,0.5,0.0,0.0,0.0,0,15,1.0179027998819947,17,15,278,54,15,,method1_proportional_scores_gamma1,unrestricted_maximum_cardinality_then_maximum_testing_evalue_sum,200,0,9,exact_fixed_count_order_statistics,300.0,1,False
429,03d25ef8958ae175b7a711294d900ceac4e179936febe43523341f01525fa8ee,proven_maximal,maximize_sum_testing_e_values_at_maximum_cardinality,proven_optimal,26436.853034721826,2.7535712329115714,9600.933042421431,0,0,19,,,1;17;36;51;61;64;79;84;96;109;134;148;149;155;165;172;193;197;198,0,0,18,0,0,1,0.0,0.0,0.6,0.0,0.0,0.05263157894736842,0,19,0.6092548000160605,12,12,281,56,19,,method1_proportional_scores_gamma1,unrestricted_maximum_cardinality_then_maximum_testing_evalue_sum,200,0,9,exact_fixed_count_order_statistics,300.0,1,False
430,2f18d7e586e20c02e660cae9b903403f81b809ff8b85156a116684d80123bcce,proven_maximal,maximize_sum_testing_e_values_at_maximum_cardinality,proven_optimal,63531.1820881926,2.385278718751073,26634.69957987023,0,0,22,,,15;17;28;34;37;42;46;73;77;87;89;93;98;121;134;139;150;168;169;174;182;185,0,0,22,0,0,0,0.0,0.0,0.7333333333333333,0.0,0.0,0.0,0,22,0.5845123000908643,9,9,270,49,22,,method1_proportional_scores_gamma1,unrestricted_maximum_cardinality_then_maximum_testing_evalue_sum,200,0,6,exact_fixed_count_order_statistics,300.0,1,False
431,b07b10c80c4ecd3407e4b7287b967000a8706f576f81147f884b81eab9ba7301,proven_maximal,maximize_sum_testing_e_values_at_maximum_cardinality,proven_optimal,52833.599968848655,1.5751810577209449,33541.287022135155,0,0,17,,,7;8;16;31;61;64;68;89;95;96;105;110;113;138;150;151;191,0,0,17,0,0,0,0.0,0.0,0.5666666666666667,0.0,0.0,0.0,0,17,0.9939166000112891,14,14,299,51,17,,method1_proportional_scores_gamma1,unrestricted_maximum_cardinality_then_maximum_testing_evalue_sum,200,0,6,exact_fixed_count_order_statistics,300.0,1,False
432,7e809d3438aa711f7880f7c5c5296fb5fb8e148488c3eec92f85613d1befe8de,proven_maximal,maximize_sum_testing_e_values_at_maximum_cardinality,proven_optimal,19819.4771734564,1.2747169933365603,15548.139137597198,0,0,11,,,20;23;34;48;82;102;149;158;168;179;191,0,0,11,0,0,0,0.0,0.0,0.36666666666666664,0.0,0.0,0.0,0,11,1.5314652998931706,14,14,308,61,11,,method1_proportional_scores_gamma1,unrestricted_maximum_cardinality_then_maximum_testing_evalue_sum,200,0,1,exact_fixed_count_order_statistics,300.0,1,False
433,1ad9a0af419cfa5210256a3aec0f9b39339e142cd815711526db4ec9542e4094,proven_maximal,maximize_sum_testing_e_values_at_maximum_cardinality,proven_optimal,25896.571894906196,4.926234793198329,5256.869187530747,0,0,12,,,14;69;73;86;97;111;131;133;171;177;182;193,0,0,11,0,0,1,0.0,0.0,0.36666666666666664,0.0,0.0,0.08333333333333333,0,12,1.9107451001182199,37,36,386,53,12,,method1_proportional_scores_gamma1,unrestricted_maximum_cardinality_then_maximum_testing_evalue_sum,200,0,9,exact_fixed_count_order_statistics,300.0,1,False
434,d5ce62efcf5d3643397c6f388787fd072d85c84d323c9042e468dc904ac19e35,proven_maximal,maximize_sum_testing_e_values_at_maximum_cardinality,proven_optimal,93886.6697441469,1.766788420443077,53139.73572489336,0,0,18,,,23;30;40;55;62;68;72;79;86;97;102;122;127;128;167;176;182;195,0,0,18,0,0,0,0.0,0.0,0.6,0.0,0.0,0.0,0,18,0.6499733000528067,9,9,293,67,18,,method1_proportional_scores_gamma1,unrestricted_maximum_cardinality_then_maximum_testing_evalue_sum,200,0,6,exact_fixed_count_order_statistics,300.0,1,False
435,ab8cd9bb4c29d67f1b46c9287ba547b67036f9d58bb71756e505699c1ee33074,proven_maximal,maximize_sum_testing_e_values_at_maximum_cardinality,proven_optimal,87128.90566202493,1.181097036432102,73769.47276510563,0,0,13,,,16;20;35;36;49;84;95;107;150;157;160;171;181,0,0,13,0,0,0,0.0,0.0,0.43333333333333335,0.0,0.0,0.0,0,13,0.7067396000493318,10,10,278,56,13,,method1_proportional_scores_gamma1,unrestricted_maximum_cardinality_then_maximum_testing_evalue_sum,200,0,6,exact_fixed_count_order_statistics,300.0,1,False
436,fb02cf3d02020d73959834f2309ad3d49c6227bac919ecec76ebac4b1c56ec83,proven_maximal,maximize_sum_testing_e_values_at_maximum_cardinality,proven_optimal,68386.7033000644,1.7764043688178106,38497.261378373805,0,0,11,,,12;33;37;43;54;56;74;100;106;164;193,0,0,11,0,0,0,0.0,0.0,0.36666666666666664,0.0,0.0,0.0,0,11,0.4646783000789583,9,9,264,47,11,,method1_proportional_scores_gamma1,unrestricted_maximum_cardinality_then_maximum_testing_evalue_sum,200,0,5,exact_fixed_count_order_statistics,300.0,1,False
437,11904ca58891a336ecdf2a21917d7d82da76754f585f7e31b4d807a45e27ed6c,proven_maximal,maximize_sum_testing_e_values_at_maximum_cardinality,proven_optimal,9131.435441609588,3.7399193540979856,2441.6129271888963,0,0,18,,,9;22;38;47;55;58;59;106;114;124;130;133;135;140;150;165;177;194,0,0,17,0,0,1,0.0,0.0,0.5666666666666667,0.0,0.0,0.05555555555555555,0,18,1.4707786000799388,22,21,351,58,18,,method1_proportional_scores_gamma1,unrestricted_maximum_cardinality_then_maximum_testing_evalue_sum,200,0,4,exact_fixed_count_order_statistics,300.0,1,False
438,0755343e714a2cbbd7acd13d49efde4d9bd237a1e09ef106354d64de596dc7a1,proven_maximal,maximize_sum_testing_e_values_at_maximum_cardinality,proven_optimal,13629.805260460756,3.621188107544354,3763.904236862076,0,0,24,,,4;7;14;54;62;63;65;68;81;95;100;112;113;116;117;128;131;133;141;166;171;172;174;194,0,0,24,0,0,0,0.0,0.0,0.8,0.0,0.0,0.0,0,24,0.39510819991119206,9,9,279,54,24,,method1_proportional_scores_gamma1,unrestricted_maximum_cardinality_then_maximum_testing_evalue_sum,200,0,7,exact_fixed_count_order_statistics,300.0,1,False
439,6ad2d77aca3ca7b4bfbc583bc045294239acc8bb714aceb5695ba60083f0fe7e,proven_maximal,maximize_sum_testing_e_values_at_maximum_cardinality,proven_optimal,13945.030939500313,2.748585149761156,5073.530627461949,0,0,9,,,0;17;33;65;68;69;160;171;172,0,0,9,0,0,0,0.0,0.0,0.3,0.0,0.0,0.0,0,9,0.5447872001677752,11,11,295,61,9,,method1_proportional_scores_gamma1,unrestricted_maximum_cardinality_then_maximum_testing_evalue_sum,200,0,7,exact_fixed_count_order_statistics,300.0,1,False
440,6427de2ca6550c9839e0e36e9d0ac5b97f191e6f69cb7ac1ddd33cb039baf99f,proven_maximal,maximize_sum_testing_e_values_at_maximum_cardinality,proven_optimal,14895.319560300417,3.0122471785919513,4944.9194163618085,0,0,18,,,2;3;22;24;28;29;58;73;80;88;105;110;111;126;137;175;181;195,0,0,18,0,0,0,0.0,0.0,0.6,0.0,0.0,0.0,0,18,0.46710869995877147,9,9,284,61,18,,method1_proportional_scores_gamma1,unrestricted_maximum_cardinality_then_maximum_testing_evalue_sum,200,0,8,exact_fixed_count_order_statistics,300.0,1,False
441,acd89b8a7199328275d91c7e52051c96d49a6f0fb9070c5cd3b6a2539b7ac873,proven_maximal,maximize_sum_testing_e_values_at_maximum_cardinality,proven_optimal,10948.1196123644,2.0098769930847915,5447.159030145945,0,0,12,,,6;13;21;37;72;75;127;133;141;166;175;177,0,0,12,0,0,0,0.0,0.0,0.4,0.0,0.0,0.0,0,12,0.7448988000396639,13,13,318,48,12,,method1_proportional_scores_gamma1,unrestricted_maximum_cardinality_then_maximum_testing_evalue_sum,200,0,3,exact_fixed_count_order_statistics,300.0,1,False
442,3bbef8652ddf48ef85e11ce404b3f50eae9c15d943c542fd52650672cd251bf0,proven_maximal,maximize_sum_testing_e_values_at_maximum_cardinality,proven_optimal,33267.3313807096,2.1605745294246983,15397.446802988914,0,0,15,,,14;30;46;50;70;90;124;126;148;152;156;161;169;170;180,0,0,15,0,0,0,0.0,0.0,0.5,0.0,0.0,0.0,0,15,0.42506080004386604,9,9,284,50,15,,method1_proportional_scores_gamma1,unrestricted_maximum_cardinality_then_maximum_testing_evalue_sum,200,0,4,exact_fixed_count_order_statistics,300.0,1,False
443,7d3fb184c2c6da4d23d28c6574d3db2383818259449b9021023a144291b89276,proven_maximal,maximize_sum_testing_e_values_at_maximum_cardinality,proven_optimal,29808.95964546734,3.225532543628807,9241.562204773632,0,0,23,,,1;6;10;38;52;57;66;67;76;78;79;80;82;90;97;123;128;134;147;151;170;184;199,0,0,23,0,0,0,0.0,0.0,0.7666666666666667,0.0,0.0,0.0,0,23,0.34151970013044775,7,7,267,53,23,,method1_proportional_scores_gamma1,unrestricted_maximum_cardinality_then_maximum_testing_evalue_sum,200,0,7,exact_fixed_count_order_statistics,300.0,1,False
444,27080500f0c3742020be3d1ae174f74f76cf2d1373370a1ed56f79a1de17630d,proven_maximal,maximize_sum_testing_e_values_at_maximum_cardinality,proven_optimal,14068.626756688443,1.5854315007150663,8873.689434291653,0,0,13,,,65;76;85;113;130;142;145;146;154;156;164;176;184,0,0,13,0,0,0,0.0,0.0,0.43333333333333335,0.0,0.0,0.0,0,13,0.5784479998983443,11,11,276,52,13,,method1_proportional_scores_gamma1,unrestricted_maximum_cardinality_then_maximum_testing_evalue_sum,200,0,3,exact_fixed_count_order_statistics,300.0,1,False
445,4988162295b4995f869ef334ea3e492cf5ef781edfbe2ea181ed9ef93835ed74,proven_maximal,maximize_sum_testing_e_values_at_maximum_cardinality,proven_optimal,58205.81904692067,2.546344130225119,22858.583156933608,0,0,16,,,11;15;16;27;42;48;59;66;80;89;129;150;154;155;184;197,0,0,16,0,0,0,0.0,0.0,0.5333333333333333,0.0,0.0,0.0,0,16,0.43749399995431304,10,10,249,49,16,,method1_proportional_scores_gamma1,unrestricted_maximum_cardinality_then_maximum_testing_evalue_sum,200,0,10,exact_fixed_count_order_statistics,300.0,1,False
446,3713a6f5b5392027478f406cbbc3652b0225bbc1d486f461c7f2386c974d4ea4,proven_maximal,maximize_sum_testing_e_values_at_maximum_cardinality,proven_optimal,37651.77100139836,3.67550010539117,10243.985830981555,0,0,21,,,9;19;29;38;40;46;58;59;69;103;121;125;128;137;142;151;167;181;184;187;191,0,0,21,0,0,0,0.0,0.0,0.7,0.0,0.0,0.0,0,21,0.24835769995115697,6,6,245,48,21,,method1_proportional_scores_gamma1,unrestricted_maximum_cardinality_then_maximum_testing_evalue_sum,200,0,9,exact_fixed_count_order_statistics,300.0,1,False
447,ff35e24576df03467e967fb65e6a153ab1bcc88c566519061a593add914b4a9a,proven_maximal,maximize_sum_testing_e_values_at_maximum_cardinality,proven_optimal,17581.82593063897,2.5269152056857944,6957.821889344852,0,0,18,,,5;7;9;13;22;30;34;49;96;98;110;112;119;141;161;167;178;189,0,0,18,0,0,0,0.0,0.0,0.6,0.0,0.0,0.0,0,18,0.7034948000218719,10,10,266,57,18,,method1_proportional_scores_gamma1,unrestricted_maximum_cardinality_then_maximum_testing_evalue_sum,200,0,3,exact_fixed_count_order_statistics,300.0,1,False
448,fd2fd2c3ca266280c92a37023f8f88a4b1e9390fcce25913295b15c1d9c69970,proven_maximal,maximize_sum_testing_e_values_at_maximum_cardinality,proven_optimal,308064.96606163547,1.0634254867569715,289691.16303683125,0,0,12,,,34;37;48;63;72;76;133;149;162;191;192;198,0,0,12,0,0,0,0.0,0.0,0.4,0.0,0.0,0.0,0,12,0.8708561002276838,14,14,331,63,12,,method1_proportional_scores_gamma1,unrestricted_maximum_cardinality_then_maximum_testing_evalue_sum,200,0,6,exact_fixed_count_order_statistics,300.0,1,False
449,ec99e9ef03865bb7e7c0b99a1076905760b8dce70e360cec46532b330263bed4,proven_maximal,maximize_sum_testing_e_values_at_maximum_cardinality,proven_optimal,40141.75226282356,1.665452624077191,24102.60831350016,0,0,16,,,16;32;34;52;60;61;82;98;119;126;137;150;155;157;166;172,0,0,16,0,0,0,0.0,0.0,0.5333333333333333,0.0,0.0,0.0,0,16,0.25945899984799325,5,5,241,49,16,,method1_proportional_scores_gamma1,unrestricted_maximum_cardinality_then_maximum_testing_evalue_sum,200,0,5,exact_fixed_count_order_statistics,300.0,1,False
450,978f3fc20fc2d2e91d08e5e21de23eaee97f361dfc46c3aa755e97da6253a31d,proven_maximal,maximize_sum_testing_e_values_at_maximum_cardinality,proven_optimal,11598.92628272754,1.6526451283121473,7018.401037235119,0,0,12,,,11;15;16;34;39;64;82;113;127;134;140;168,0,0,12,0,0,0,0.0,0.0,0.4,0.0,0.0,0.0,0,12,0.600540499901399,9,9,254,45,12,,method1_proportional_scores_gamma1,unrestricted_maximum_cardinality_then_maximum_testing_evalue_sum,200,0,1,exact_fixed_count_order_statistics,300.0,1,False
451,93ab5d5729b730800dde2c06311f60e3e3e8ecbf314f7fe941d073f6af6e94c0,proven_maximal,maximize_sum_testing_e_values_at_maximum_cardinality,proven_optimal,9325.753876972676,2.388331187824712,3904.7155287816495,0,0,10,,,22;35;43;52;54;88;127;141;142;169,0,0,10,0,0,0,0.0,0.0,0.3333333333333333,0.0,0.0,0.0,0,10,3.804528099950403,37,35,475,70,10,,method1_proportional_scores_gamma1,unrestricted_maximum_cardinality_then_maximum_testing_evalue_sum,200,0,6,exact_fixed_count_order_statistics,300.0,1,False
452,f55c023917142d8e1b4893b2049b82c7b788ccea0929d1397b945175643ff215,proven_maximal,maximize_sum_testing_e_values_at_maximum_cardinality,proven_optimal,74409.92331525644,2.716151597272631,27395.34987295027,0,0,20,,,9;11;19;20;37;40;71;72;74;84;88;91;101;103;134;145;150;159;176;188,0,0,20,0,0,0,0.0,0.0,0.6666666666666666,0.0,0.0,0.0,0,20,0.5810274998657405,9,9,268,57,20,,method1_proportional_scores_gamma1,unrestricted_maximum_cardinality_then_maximum_testing_evalue_sum,200,0,9,exact_fixed_count_order_statistics,300.0,1,False
453,57a73f9166e4428caf024ef4d72a9c718d5ccffc098966573ebe5058f9d9d3ea,proven_maximal,maximize_sum_testing_e_values_at_maximum_cardinality,proven_optimal,13139.142495589682,3.582897689806529,3667.183278208309,0,0,14,,,7;14;24;41;50;52;135;137;141;143;146;151;163;186,0,0,14,0,0,0,0.0,0.0,0.4666666666666667,0.0,0.0,0.0,0,14,0.5870211001019925,10,10,267,55,14,,method1_proportional_scores_gamma1,unrestricted_maximum_cardinality_then_maximum_testing_evalue_sum,200,0,4,exact_fixed_count_order_statistics,300.0,1,False
454,84bcca4661444e754a4c6f3c854627970ada7de0b61e53b07ef5d1ded174e0b8,proven_maximal,maximize_sum_testing_e_values_at_maximum_cardinality,proven_optimal,39718.95740531255,1.2413748653780983,31995.941365555955,0,0,20,,,22;29;30;34;47;57;71;75;76;79;89;92;99;111;123;132;148;151;164;178,0,0,19,0,0,1,0.0,0.0,0.6333333333333333,0.0,0.0,0.05,0,20,0.8832696999888867,13,13,309,57,20,,method1_proportional_scores_gamma1,unrestricted_maximum_cardinality_then_maximum_testing_evalue_sum,200,0,4,exact_fixed_count_order_statistics,300.0,1,False
455,67addcee233b81369e4795f80b9a322e327e588472d87554424ce088b798df1d,proven_maximal,maximize_sum_testing_e_values_at_maximum_cardinality,proven_optimal,7971.919184809912,1.4407767987835554,5533.070210139826,0,0,13,,,13;51;54;68;82;90;101;114;128;131;163;176;195,0,0,13,0,0,0,0.0,0.0,0.43333333333333335,0.0,0.0,0.0,0,13,44.28832529997453,242,241,1362,49,13,,method1_proportional_scores_gamma1,unrestricted_maximum_cardinality_then_maximum_testing_evalue_sum,200,0,1,exact_fixed_count_order_statistics,300.0,1,False
456,f6202b60c48bec53ba6ac0cc113b47fcc2634cfe5fcd5f8f42238de5aa25c072,proven_maximal,maximize_sum_testing_e_values_at_maximum_cardinality,proven_optimal,112886.37940809905,3.5860794073621176,31479.05179577077,0,0,15,,,5;16;17;34;39;65;66;80;96;117;122;143;151;179;188,0,0,15,0,0,0,0.0,0.0,0.5,0.0,0.0,0.0,0,15,0.5636785998940468,8,8,261,52,15,,method1_proportional_scores_gamma1,unrestricted_maximum_cardinality_then_maximum_testing_evalue_sum,200,0,14,exact_fixed_count_order_statistics,300.0,1,False
457,5bcaecb53557fb53b2a4b8038d0790c8858207b337959cdc01e6d7f3d5d1f0de,proven_maximal,maximize_sum_testing_e_values_at_maximum_cardinality,proven_optimal,513100.52613552805,1.0041162605435847,510997.1288162964,0,0,5,,,22;127;151;174;179,0,0,5,0,0,0,0.0,0.0,0.16666666666666666,0.0,0.0,0.0,0,5,0.5833850000053644,11,10,284,63,5,,method1_proportional_scores_gamma1,unrestricted_maximum_cardinality_then_maximum_testing_evalue_sum,200,0,1,exact_fixed_count_order_statistics,300.0,1,False
458,122e4a294d8e4f305ba2ea4f236eeafc02baa519e6d269af41fa0310d58d0a05,proven_maximal,maximize_sum_testing_e_values_at_maximum_cardinality,proven_optimal,51612.156045600874,2.765802987191703,18660.821571389653,0,0,17,,,4;10;19;22;36;56;57;75;97;125;131;142;149;172;181;188;197,0,0,17,0,0,0,0.0,0.0,0.5666666666666667,0.0,0.0,0.0,0,17,0.7825825999025255,13,13,293,54,17,,method1_proportional_scores_gamma1,unrestricted_maximum_cardinality_then_maximum_testing_evalue_sum,200,0,7,exact_fixed_count_order_statistics,300.0,1,False
459,188fb0bf84f1298e460a8e60726e7840afe89dc3eec02b8ace4308b42517529b,proven_maximal,maximize_sum_testing_e_values_at_maximum_cardinality,proven_optimal,22114.428593599052,3.1816189077120076,6950.684301000136,0,0,21,,,12;19;21;37;43;50;59;72;77;81;87;94;97;103;122;124;126;129;158;162;191,0,0,21,0,0,0,0.0,0.0,0.7,0.0,0.0,0.0,0,21,1.0071767000481486,14,14,290,58,21,,method1_proportional_scores_gamma1,unrestricted_maximum_cardinality_then_maximum_testing_evalue_sum,200,0,9,exact_fixed_count_order_statistics,300.0,1,False
460,4d0d0b21315660854c3be970bb38ece70aac383cb92a69d9ad1874b3bece2539,proven_maximal,maximize_sum_testing_e_values_at_maximum_cardinality,proven_optimal,97075.49944653324,1.3295860508119781,73011.82152689496,0,0,12,,,2;41;61;109;110;113;127;132;145;146;182;186,0,0,12,0,0,0,0.0,0.0,0.4,0.0,0.0,0.0,0,12,0.6990066000726074,11,11,283,58,12,,method1_proportional_scores_gamma1,unrestricted_maximum_cardinality_then_maximum_testing_evalue_sum,200,0,6,exact_fixed_count_order_statistics,300.0,1,False
461,693556982498b04ef93d126f9113a23223179d593f15f730ebeb8038956236bc,proven_maximal,maximize_sum_testing_e_values_at_maximum_cardinality,proven_optimal,86021.50375751198,1.1646385739743106,73861.1150959606,0,0,14,,,4;34;52;58;61;64;97;118;132;135;160;181;185;194,0,0,14,0,0,0,0.0,0.0,0.4666666666666667,0.0,0.0,0.0,0,14,1.4744875999167562,16,14,332,52,14,,method1_proportional_scores_gamma1,unrestricted_maximum_cardinality_then_maximum_testing_evalue_sum,200,0,8,exact_fixed_count_order_statistics,300.0,1,False
462,bb07bb167696d16343f5709b03ace0c642b50688d084d9405a737d528cba2fee,proven_maximal,maximize_sum_testing_e_values_at_maximum_cardinality,proven_optimal,32129.231455698366,2.105893991756891,15256.81329708995,0,0,20,,,3;4;15;19;36;56;64;66;67;72;109;117;122;127;128;148;153;165;173;197,0,0,20,0,0,0,0.0,0.0,0.6666666666666666,0.0,0.0,0.0,0,20,0.8310733002144843,14,14,266,57,20,,method1_proportional_scores_gamma1,unrestricted_maximum_cardinality_then_maximum_testing_evalue_sum,200,0,5,exact_fixed_count_order_statistics,300.0,1,False
463,00b668f2df62693bdb44d9543df5786e74dfe6541c47f2f713c7bdf9892679bb,proven_maximal,maximize_sum_testing_e_values_at_maximum_cardinality,proven_optimal,8120.043146047361,3.8751442782777055,2095.4169865531526,0,0,20,,,9;10;16;29;34;43;44;59;65;69;88;92;108;116;118;128;137;158;190;191,0,0,20,0,0,0,0.0,0.0,0.6666666666666666,0.0,0.0,0.0,0,20,0.3184865000657737,6,6,257,58,20,,method1_proportional_scores_gamma1,unrestricted_maximum_cardinality_then_maximum_testing_evalue_sum,200,0,3,exact_fixed_count_order_statistics,300.0,1,False
464,ce155ee33c44455143d858ff971e6b4fe591e5fb72c400cd899e37270372d06e,proven_maximal,maximize_sum_testing_e_values_at_maximum_cardinality,proven_optimal,10451.233638176556,1.4640502203250925,7138.575912960047,0,0,8,,,0;17;25;29;50;99;153;188,0,0,8,0,0,0,0.0,0.0,0.26666666666666666,0.0,0.0,0.0,0,8,0.5660113000776619,7,5,249,50,8,,method1_proportional_scores_gamma1,unrestricted_maximum_cardinality_then_maximum_testing_evalue_sum,200,0,2,exact_fixed_count_order_statistics,300.0,1,False
465,8634706b69657702777b2f148102865efe7537717e7a637bc4d8517cce2b2ee6,proven_maximal,maximize_sum_testing_e_values_at_maximum_cardinality,proven_optimal,14690.820105144174,1.0113487793744447,14525.968097999752,0,0,3,,,9;44;103,0,0,3,0,0,0,0.0,0.0,0.1,0.0,0.0,0.0,0,3,0.574667900102213,9,7,262,55,3,,method1_proportional_scores_gamma1,unrestricted_maximum_cardinality_then_maximum_testing_evalue_sum,200,0,4,exact_fixed_count_order_statistics,300.0,1,False
466,41ea80c263cc0fb279f1964c692c2019f0790cb5205f90ca7b3620c1fe411c98,proven_maximal,maximize_sum_testing_e_values_at_maximum_cardinality,proven_optimal,384554.1359315318,1.0435466133305347,368506.90809508425,0,0,16,,,8;21;32;34;71;72;80;82;86;117;132;138;154;180;194;199,0,0,16,0,0,0,0.0,0.0,0.5333333333333333,0.0,0.0,0.0,0,16,0.31157139991410077,8,8,262,62,16,,method1_proportional_scores_gamma1,unrestricted_maximum_cardinality_then_maximum_testing_evalue_sum,200,0,10,exact_fixed_count_order_statistics,300.0,1,False
467,459a5b92e0a8cace89d96030abd16b9b0a5c38982deabca24a3e1a5c94169596,proven_maximal,maximize_sum_testing_e_values_at_maximum_cardinality,proven_optimal,30429.021277697666,2.2079593131459134,13781.513588827058,0,0,8,,,19;34;91;93;104;153;176;197,0,0,8,0,0,0,0.0,0.0,0.26666666666666666,0.0,0.0,0.0,0,8,0.7236516000702977,11,10,280,49,8,,method1_proportional_scores_gamma1,unrestricted_maximum_cardinality_then_maximum_testing_evalue_sum,200,0,4,exact_fixed_count_order_statistics,300.0,1,False
468,2cbebf7a889632528c0a765a87c97a6b38c79c4ca495b7027202c532cefb8378,proven_maximal,maximize_sum_testing_e_values_at_maximum_cardinality,proven_optimal,17783.86316593975,1.482294661820573,11997.52223629908,0,0,12,,,2;24;40;87;91;103;114;121;129;136;174;177,0,0,12,0,0,0,0.0,0.0,0.4,0.0,0.0,0.0,0,12,1.2623357998672873,16,15,266,48,12,,method1_proportional_scores_gamma1,unrestricted_maximum_cardinality_then_maximum_testing_evalue_sum,200,0,3,exact_fixed_count_order_statistics,300.0,1,False
469,18a0e83bcfa3daf3e582695688892deb396d09cbabcd0f2ba488c9c598d20200,proven_maximal,maximize_sum_testing_e_values_at_maximum_cardinality,proven_optimal,37430.27350309751,2.494935475951622,15002.501613321603,0,0,14,,,0;22;25;29;30;31;60;62;70;82;104;108;164;186,0,0,14,0,0,0,0.0,0.0,0.4666666666666667,0.0,0.0,0.0,0,14,0.5538687999360263,8,8,272,53,14,,method1_proportional_scores_gamma1,unrestricted_maximum_cardinality_then_maximum_testing_evalue_sum,200,0,8,exact_fixed_count_order_statistics,300.0,1,False
470,b7d7cc3ccd6291e6b70101ac61fe82ca47ce94aaf962ff6f6c80eacf29fdc7a5,proven_maximal,maximize_sum_testing_e_values_at_maximum_cardinality,proven_optimal,83531.02348444208,2.7775290285681633,30073.86156014468,0,0,19,,,5;18;33;39;42;44;47;62;82;85;90;97;125;137;146;153;172;185;191,0,0,19,0,0,0,0.0,0.0,0.6333333333333333,0.0,0.0,0.0,0,19,0.5048938000109047,9,9,278,52,19,,method1_proportional_scores_gamma1,unrestricted_maximum_cardinality_then_maximum_testing_evalue_sum,200,0,8,exact_fixed_count_order_statistics,300.0,1,False
471,a0843fc69c5f955e32ea68418fccfcdef5e40f4f92355c3609b411ce731917e2,proven_maximal,maximize_sum_testing_e_values_at_maximum_cardinality,proven_optimal,29067.72502738694,1.7997385831434076,16151.08177356375,0,0,22,,,5;24;36;37;41;58;62;76;83;84;88;90;95;100;101;128;152;165;169;184;189;196,0,0,20,0,0,2,0.0,0.0,0.6666666666666666,0.0,0.0,0.09090909090909091,0,22,7.204459700034931,101,100,670,56,22,,method1_proportional_scores_gamma1,unrestricted_maximum_cardinality_then_maximum_testing_evalue_sum,200,0,2,exact_fixed_count_order_statistics,300.0,1,False
472,4443b9244e954440236bb37896c4b3ac4c6b1f6bcff9c42b7aed9e979cbddc98,proven_maximal,maximize_sum_testing_e_values_at_maximum_cardinality,proven_optimal,82785.66283532203,1.5615526874890768,53014.96612864119,0,0,14,,,5;32;40;43;59;79;94;100;116;117;121;137;141;185,0,0,14,0,0,0,0.0,0.0,0.4666666666666667,0.0,0.0,0.0,0,14,0.3999091999139637,8,8,290,63,14,,method1_proportional_scores_gamma1,unrestricted_maximum_cardinality_then_maximum_testing_evalue_sum,200,0,3,exact_fixed_count_order_statistics,300.0,1,False
473,6f312d3524f99eb5c86b1f5c4f222c5de1732219e78b52711e2d210ff87e7d97,proven_maximal,maximize_sum_testing_e_values_at_maximum_cardinality,proven_optimal,12763.973582143914,1.635987823161024,7801.997913090582,0,0,7,,,39;56;68;133;149;188;199,0,0,7,0,0,0,0.0,0.0,0.23333333333333334,0.0,0.0,0.0,0,7,0.7308016000315547,14,11,275,48,7,,method1_proportional_scores_gamma1,unrestricted_maximum_cardinality_then_maximum_testing_evalue_sum,200,0,4,exact_fixed_count_order_statistics,300.0,1,False
474,39f0d35e31db1677bd413e1590c65867b04475e0e9c83355ea0ac0eb0a1e36ef,proven_maximal,maximize_sum_testing_e_values_at_maximum_cardinality,proven_optimal,31848.593327453324,3.444287645573999,9246.786739307216,0,0,19,,,10;15;19;20;21;65;75;83;90;111;115;134;139;149;156;162;165;178;187,0,0,19,0,0,0,0.0,0.0,0.6333333333333333,0.0,0.0,0.0,0,19,0.3111632000654936,6,6,265,53,19,,method1_proportional_scores_gamma1,unrestricted_maximum_cardinality_then_maximum_testing_evalue_sum,200,0,5,exact_fixed_count_order_statistics,300.0,1,False
475,eb5fe4e2d302445080637d274221a6f22e44510e89538ac49b83caeda2854bbc,proven_maximal,maximize_sum_testing_e_values_at_maximum_cardinality,proven_optimal,22425.37458892976,1.9515582131428957,11491.009818669316,0,0,15,,,1;6;38;45;68;73;100;101;143;162;164;179;180;186;188,0,0,15,0,0,0,0.0,0.0,0.5,0.0,0.0,0.0,0,15,0.6310604000464082,12,12,292,63,15,,method1_proportional_scores_gamma1,unrestricted_maximum_cardinality_then_maximum_testing_evalue_sum,200,0,9,exact_fixed_count_order_statistics,300.0,1,False
476,471c7f2c1a21a9cbafcf0e485cb60d2be42395c98c834322b4316c74455c6ed6,proven_maximal,maximize_sum_testing_e_values_at_maximum_cardinality,proven_optimal,13498.446268812831,2.1480811334455447,6283.955507379362,0,0,15,,,29;62;76;86;88;91;93;96;104;118;135;141;168;171;196,0,0,15,0,0,0,0.0,0.0,0.5,0.0,0.0,0.0,0,15,0.9728366998024285,15,14,308,58,15,,method1_proportional_scores_gamma1,unrestricted_maximum_cardinality_then_maximum_testing_evalue_sum,200,0,3,exact_fixed_count_order_statistics,300.0,1,False
477,ebc9f6fe91c305e853e7bdfc7d477a9f66fd1a1b783a07048911e08f0e48525c,proven_maximal,maximize_sum_testing_e_values_at_maximum_cardinality,proven_optimal,20149.82706070186,4.642927417317538,4339.897062690562,0,0,18,,,0;2;11;22;40;52;56;63;70;88;89;103;127;138;157;189;193;194,0,0,17,0,0,1,0.0,0.0,0.5666666666666667,0.0,0.0,0.05555555555555555,0,18,0.9585229998920113,17,16,294,45,18,,method1_proportional_scores_gamma1,unrestricted_maximum_cardinality_then_maximum_testing_evalue_sum,200,0,10,exact_fixed_count_order_statistics,300.0,1,False
478,e3e120950f8a30e174d65fde36e4d11eaacbb30b673fa3aa2b86e9b1229a7743,proven_maximal,maximize_sum_testing_e_values_at_maximum_cardinality,proven_optimal,152575.91775593392,1.0475857447886199,145645.27869431867,0,0,15,,,4;47;52;61;68;93;99;114;115;116;128;134;147;186;194,0,0,15,0,0,0,0.0,0.0,0.5,0.0,0.0,0.0,0,15,0.7456529999617487,15,14,270,47,15,,method1_proportional_scores_gamma1,unrestricted_maximum_cardinality_then_maximum_testing_evalue_sum,200,0,5,exact_fixed_count_order_statistics,300.0,1,False
479,6e0f05d2dc24c86ae12612d33e373c7d2776ef7a9e418314f5fc89542ce042fa,proven_maximal,maximize_sum_testing_e_values_at_maximum_cardinality,proven_optimal,10196.00515682244,2.0893834678187972,4879.910899011044,0,0,16,,,7;29;39;53;75;85;107;123;152;155;162;164;176;178;196;199,0,0,16,0,0,0,0.0,0.0,0.5333333333333333,0.0,0.0,0.0,0,16,0.46836220007389784,12,12,291,45,16,,method1_proportional_scores_gamma1,unrestricted_maximum_cardinality_then_maximum_testing_evalue_sum,200,0,1,exact_fixed_count_order_statistics,300.0,1,False
480,d94a327fff524e8594441479138db71e751af0fab09be19a740ad42fd6cf7f9e,proven_maximal,maximize_sum_testing_e_values_at_maximum_cardinality,proven_optimal,20804.08051669432,2.944822144019813,7064.630561455853,0,0,21,,,1;16;25;44;59;62;65;80;88;99;113;124;130;138;147;155;169;176;177;179;182,0,0,21,0,0,0,0.0,0.0,0.7,0.0,0.0,0.0,0,21,0.2634054000955075,5,5,256,58,21,,method1_proportional_scores_gamma1,unrestricted_maximum_cardinality_then_maximum_testing_evalue_sum,200,0,7,exact_fixed_count_order_statistics,300.0,1,False
481,f8a565e38266f457aa976c136cd746d158b2b3b8993afbe4fcf6dd0b279b4ab0,proven_maximal,maximize_sum_testing_e_values_at_maximum_cardinality,proven_optimal,123635.42429549107,1.3014077863958593,95001.29443507412,0,0,18,,,8;19;32;44;48;52;53;57;87;90;96;103;120;121;130;143;167;172,0,0,17,0,0,1,0.0,0.0,0.5666666666666667,0.0,0.0,0.05555555555555555,0,18,0.46888440009206533,11,11,264,51,18,,method1_proportional_scores_gamma1,unrestricted_maximum_cardinality_then_maximum_testing_evalue_sum,200,0,10,exact_fixed_count_order_statistics,300.0,1,False
482,3cc7cc64b21e7b24b8594b37194eeed7bb4d251e39a34a4c605d646a1ff5fd41,proven_maximal,maximize_sum_testing_e_values_at_maximum_cardinality,proven_optimal,7399404.100641949,1.0015824639719966,7387713.310492654,0,0,11,,,14;18;23;27;74;106;118;126;159;164;199,0,0,11,0,0,0,0.0,0.0,0.36666666666666664,0.0,0.0,0.0,0,11,2.200163699919358,22,21,336,66,11,,method1_proportional_scores_gamma1,unrestricted_maximum_cardinality_then_maximum_testing_evalue_sum,200,0,9,exact_fixed_count_order_statistics,300.0,1,False
483,ef71f3a13a1b4011060227b4cd945e6f8c82ef624da6bccb2b42c8834acfe839,proven_maximal,maximize_sum_testing_e_values_at_maximum_cardinality,proven_optimal,0.0,0.0,1968.4886492446888,0,0,0,,,,0,0,0,0,0,0,0.0,0.0,0.0,0.0,0.0,0.0,0,0,0.7094506998546422,7,3,257,55,0,,method1_proportional_scores_gamma1,unrestricted_maximum_cardinality_then_maximum_testing_evalue_sum,200,0,7,exact_fixed_count_order_statistics,300.0,1,False
484,a8cc794b83116fb59afc34f4867f02c0956e47239764a7a361611de9e95436b8,proven_maximal,maximize_sum_testing_e_values_at_maximum_cardinality,proven_optimal,76543.21234136849,3.6340419689688885,21062.831138157333,0,0,21,,,12;20;34;36;58;64;66;96;105;111;120;121;129;132;140;148;152;154;169;187;189,0,0,21,0,0,0,0.0,0.0,0.7,0.0,0.0,0.0,0,21,0.257367400219664,7,7,256,50,21,,method1_proportional_scores_gamma1,unrestricted_maximum_cardinality_then_maximum_testing_evalue_sum,200,0,15,exact_fixed_count_order_statistics,300.0,1,False
485,63bbb3fadb31985e21b76cda98cc80d24a281f2c12c110895a01d4f4daacf25c,proven_maximal,maximize_sum_testing_e_values_at_maximum_cardinality,proven_optimal,81347.57176817193,1.5838296111965515,51361.31512702018,0,0,12,,,29;34;45;86;104;117;127;139;175;177;188;190,0,0,12,0,0,0,0.0,0.0,0.4,0.0,0.0,0.0,0,12,0.28215530002489686,7,7,247,45,12,,method1_proportional_scores_gamma1,unrestricted_maximum_cardinality_then_maximum_testing_evalue_sum,200,0,4,exact_fixed_count_order_statistics,300.0,1,False
486,2973363b9ce50dc731d721fe6579dac8d8f6aaf118a810f70fc27a5248e98d24,proven_maximal,maximize_sum_testing_e_values_at_maximum_cardinality,proven_optimal,39287.65809507708,1.7217278387906656,22818.73894928281,0,0,17,,,9;30;41;45;55;85;95;108;115;126;130;157;173;176;185;195;199,0,0,17,0,0,0,0.0,0.0,0.5666666666666667,0.0,0.0,0.0,0,17,0.251856799935922,6,6,240,46,17,,method1_proportional_scores_gamma1,unrestricted_maximum_cardinality_then_maximum_testing_evalue_sum,200,0,11,exact_fixed_count_order_statistics,300.0,1,False
487,355550f66f01f0c87db6250663abeb0aef97d20281ba83155b857fc4c037ae2e,proven_maximal,maximize_sum_testing_e_values_at_maximum_cardinality,proven_optimal,12722.180690358302,2.3776050971934954,5350.838415250478,0,0,11,,,7;11;64;76;77;113;119;141;150;157;176,0,0,11,0,0,0,0.0,0.0,0.36666666666666664,0.0,0.0,0.0,0,11,0.3880994999781251,7,7,254,45,11,,method1_proportional_scores_gamma1,unrestricted_maximum_cardinality_then_maximum_testing_evalue_sum,200,0,3,exact_fixed_count_order_statistics,300.0,1,False
488,2cce14f048e9ff182696e8b3f7bd4fd5621a9655a38a0dadf79b6eb0d027de67,proven_maximal,maximize_sum_testing_e_values_at_maximum_cardinality,proven_optimal,19346.182731080415,1.4537444964983948,13307.828698701303,0,0,16,,,18;31;57;72;79;105;114;124;126;129;135;147;158;168;171;194,0,0,16,0,0,0,0.0,0.0,0.5333333333333333,0.0,0.0,0.0,0,16,0.8759389000479132,14,14,324,56,16,,method1_proportional_scores_gamma1,unrestricted_maximum_cardinality_then_maximum_testing_evalue_sum,200,0,5,exact_fixed_count_order_statistics,300.0,1,False
489,8997266871371f0d2c4a4d435cb10e6adea721777c63c1e12b44ee23f0a65b4b,proven_maximal,maximize_sum_testing_e_values_at_maximum_cardinality,proven_optimal,24493.55537197436,1.2637815207166718,19381.16278048157,0,0,15,,,9;17;22;54;74;76;83;107;110;139;141;152;180;193;198,0,0,15,0,0,0,0.0,0.0,0.5,0.0,0.0,0.0,0,15,1.2335542000364512,17,15,301,48,15,,method1_proportional_scores_gamma1,unrestricted_maximum_cardinality_then_maximum_testing_evalue_sum,200,0,2,exact_fixed_count_order_statistics,300.0,1,False
490,f9424d3e0997c675adb99d53c8220eafc5196f62e0fdd82ab11d76c259c04e08,proven_maximal,maximize_sum_testing_e_values_at_maximum_cardinality,proven_optimal,131352.32709579082,1.3485066089940196,97405.7718514106,0,0,13,,,2;6;37;39;45;49;56;57;127;145;166;194;195,0,0,13,0,0,0,0.0,0.0,0.43333333333333335,0.0,0.0,0.0,0,13,1.321219600038603,14,14,323,60,13,,method1_proportional_scores_gamma1,unrestricted_maximum_cardinality_then_maximum_testing_evalue_sum,200,0,8,exact_fixed_count_order_statistics,300.0,1,False
491,e44d2a75d70b55c9447247eacaadbdc303b88b9ed6c49ad920359beff7d30c95,proven_maximal,maximize_sum_testing_e_values_at_maximum_cardinality,proven_optimal,18033.65046804826,2.067208783653099,8723.671556861242,0,0,22,,,4;13;28;30;37;46;48;59;65;80;85;106;109;116;125;131;151;158;167;171;196;197,0,0,22,0,0,0,0.0,0.0,0.7333333333333333,0.0,0.0,0.0,0,22,0.3034810000099242,6,6,259,62,22,,method1_proportional_scores_gamma1,unrestricted_maximum_cardinality_then_maximum_testing_evalue_sum,200,0,12,exact_fixed_count_order_statistics,300.0,1,False
492,a74635382dbb5efaa3cb2337acd2c885bc2ff36219fb4c6a7a55467ee5f1f9bf,proven_maximal,maximize_sum_testing_e_values_at_maximum_cardinality,proven_optimal,30293.514868722934,1.8962474653980366,15975.507111548912,0,0,17,,,3;39;59;74;96;97;104;105;116;131;150;157;173;179;193;194;198,0,0,17,0,0,0,0.0,0.0,0.5666666666666667,0.0,0.0,0.0,0,17,1.0166908998508006,15,14,271,58,17,,method1_proportional_scores_gamma1,unrestricted_maximum_cardinality_then_maximum_testing_evalue_sum,200,0,9,exact_fixed_count_order_statistics,300.0,1,False
493,bfde52bf2618df3920922ae89856011d0cddc021ac2a21cfda46d233d7da57c0,proven_maximal,maximize_sum_testing_e_values_at_maximum_cardinality,proven_optimal,32636.69790486324,2.5274332761053073,12912.981012561222,0,0,21,,,4;21;27;32;43;45;69;87;93;106;115;118;123;126;127;142;162;175;189;194;195,0,0,21,0,0,0,0.0,0.0,0.7,0.0,0.0,0.0,0,21,0.5787077001295984,11,11,282,54,21,,method1_proportional_scores_gamma1,unrestricted_maximum_cardinality_then_maximum_testing_evalue_sum,200,0,9,exact_fixed_count_order_statistics,300.0,1,False
494,234e61459467c9f3dc3062b6b102e4a5939ccd2df8388232cd2494649c1be826,proven_maximal,maximize_sum_testing_e_values_at_maximum_cardinality,proven_optimal,11438.45299894625,2.786723965461434,4104.623615655538,0,0,12,,,3;7;28;69;110;129;144;166;172;176;183;198,0,0,12,0,0,0,0.0,0.0,0.4,0.0,0.0,0.0,0,12,0.27970399986952543,7,7,247,47,12,,method1_proportional_scores_gamma1,unrestricted_maximum_cardinality_then_maximum_testing_evalue_sum,200,0,3,exact_fixed_count_order_statistics,300.0,1,False
495,dfa38820587fb22c0a1a9b0e6bf35f393c1124ef27bb0f36465d58bcfcb6f487,proven_maximal,maximize_sum_testing_e_values_at_maximum_cardinality,proven_optimal,125233.25435132075,1.0437545167469058,119983.43704575112,0,0,6,,,3;88;130;177;190;194,0,0,6,0,0,0,0.0,0.0,0.2,0.0,0.0,0.0,0,6,0.6756486999802291,10,7,252,44,6,,method1_proportional_scores_gamma1,unrestricted_maximum_cardinality_then_maximum_testing_evalue_sum,200,0,6,exact_fixed_count_order_statistics,300.0,1,False
496,efb079d90eadc5e3c3070c03b0bd8c9dea8f652979f01f097ec53fc482d33299,proven_maximal,maximize_sum_testing_e_values_at_maximum_cardinality,proven_optimal,38433.79591122233,2.185435072081932,17586.33619556987,0,0,14,,,4;13;26;28;31;68;85;90;92;101;113;115;135;198,0,0,14,0,0,0,0.0,0.0,0.4666666666666667,0.0,0.0,0.0,0,14,0.6535004999022931,11,11,282,55,14,,method1_proportional_scores_gamma1,unrestricted_maximum_cardinality_then_maximum_testing_evalue_sum,200,0,8,exact_fixed_count_order_statistics,300.0,1,False
497,cddaebfe1ac02fa8f805fbe1f0726e08d712b699254af8ea04d31214e8c18ea5,proven_maximal,maximize_sum_testing_e_values_at_maximum_cardinality,proven_optimal,12578.224550752282,2.5422157762928856,4947.74073390974,0,0,14,,,22;28;40;60;65;75;124;128;148;164;175;177;187;190,0,0,14,0,0,0,0.0,0.0,0.4666666666666667,0.0,0.0,0.0,0,14,1.054134099977091,19,18,301,52,14,,method1_proportional_scores_gamma1,unrestricted_maximum_cardinality_then_maximum_testing_evalue_sum,200,0,6,exact_fixed_count_order_statistics,300.0,1,False
498,be4166cc78ab46080c1fd6d0a0d90afecdb3b0e7dd37f8d3352d725531afc72e,proven_maximal,maximize_sum_testing_e_values_at_maximum_cardinality,proven_optimal,22632.25575681006,2.410811667321088,9387.815756657255,0,0,10,,,18;25;42;99;115;130;138;146;176;185,0,0,10,0,0,0,0.0,0.0,0.3333333333333333,0.0,0.0,0.0,0,10,0.38084509992040694,5,5,252,56,10,,method1_proportional_scores_gamma1,unrestricted_maximum_cardinality_then_maximum_testing_evalue_sum,200,0,8,exact_fixed_count_order_statistics,300.0,1,False
499,6c479e3c4914c066fd0a6acdf387db0072881ced59ca07f7fe9904d3588a76b6,proven_maximal,maximize_sum_testing_e_values_at_maximum_cardinality,proven_optimal,21470.644684976833,3.139120122300808,6839.70152414556,0,0,14,,,35;67;73;88;90;103;109;119;154;161;163;167;173;197,0,0,14,0,0,0,0.0,0.0,0.4666666666666667,0.0,0.0,0.0,0,14,0.2619859999977052,7,7,244,48,14,,method1_proportional_scores_gamma1,unrestricted_maximum_cardinality_then_maximum_testing_evalue_sum,200,0,5,exact_fixed_count_order_statistics,300.0,1,False
500,d9689f2bc05e48e2e0e91433916c2c2e5e5ad50299696a30fe2afeb85d518f86,proven_maximal,maximize_sum_testing_e_values_at_maximum_cardinality,proven_optimal,72314.62885178965,1.2778225953497022,56592.07241674989,0,0,14,,,1;4;8;18;24;28;67;96;134;147;153;167;168;181,0,0,14,0,0,0,0.0,0.0,0.4666666666666667,0.0,0.0,0.0,0,14,3.0150240999646485,52,50,550,49,14,,method1_proportional_scores_gamma1,unrestricted_maximum_cardinality_then_maximum_testing_evalue_sum,200,0,9,exact_fixed_count_order_statistics,300.0,1,False
