replication,problem_sha256,status,secondary_rule,secondary_status,secondary_value,secondary_normalized_value,secondary_normalization,prefix_size,greedy_size,maximal_size,prefix_indices,greedy_indices,maximal_indices,prefix_true,greedy_true,maximal_true,prefix_false,greedy_false,maximal_false,prefix_tpr,greedy_tpr,maximal_tpr,prefix_fdp,greedy_fdp,maximal_fdp,greedy_added,optimizer_added,elapsed_seconds,mip_solves,separation_calls,final_cut_count,initial_singleton_upper_bound,proof_upper_bound,message,method,selection_rule,K,ebh_seed_size,old_exported_prefix_size,separator_backend,separator_time_limit,separator_threads,ordinary_eBH_required
1,ff81296b1da50b9b7c7e86078ec6b77da5854cdf8f44ac045a224cc56457c6d3,proven_maximal,maximize_sum_testing_e_values_at_maximum_cardinality,proven_optimal,3645.5138242670882,1.0447959775903541,3489.2111976491824,0,0,4,,,43;73;100;105,0,0,4,0,0,0,0.0,0.0,0.2,0.0,0.0,0.0,0,4,0.4014464440042502,5,4,230,31,4,,method1_proportional_scores_gamma1,unrestricted_maximum_cardinality_then_maximum_testing_evalue_sum,200,0,0,exact_fixed_count_order_statistics,300.0,1,False
2,02e5f004ff30d86e9510765b8e29fcc81892b28c312f95613412c31c59455f03,proven_maximal,maximize_sum_testing_e_values_at_maximum_cardinality,proven_optimal,8422.04096494318,1.2764380848022048,6598.080287026416,0,0,3,,,29;95;188,0,0,3,0,0,0,0.0,0.0,0.15,0.0,0.0,0.0,0,3,0.4521866790018976,5,4,243,44,3,,method1_proportional_scores_gamma1,unrestricted_maximum_cardinality_then_maximum_testing_evalue_sum,200,0,3,exact_fixed_count_order_statistics,300.0,1,False
3,f7d92d38720ad1445703da896dce527ac978eee0607bd36a81865d20157e1f4f,proven_maximal,maximize_sum_testing_e_values_at_maximum_cardinality,proven_optimal,0.0,0.0,14072.73521439005,0,0,0,,,,0,0,0,0,0,0,0.0,0.0,0.0,0.0,0.0,0.0,0,0,0.36234789399895817,5,3,235,35,0,,method1_proportional_scores_gamma1,unrestricted_maximum_cardinality_then_maximum_testing_evalue_sum,200,0,3,exact_fixed_count_order_statistics,300.0,1,False
4,e96468c400c12079a362d4769a0f54e07f47cb533ea3ff192b827457471bd99c,proven_maximal,maximize_sum_testing_e_values_at_maximum_cardinality,proven_optimal,383.69353452151125,0.15440882856228053,2484.919664854197,0,0,2,,,1;41,0,0,2,0,0,0,0.0,0.0,0.1,0.0,0.0,0.0,0,2,0.17568838599981973,3,3,237,39,2,,method1_proportional_scores_gamma1,unrestricted_maximum_cardinality_then_maximum_testing_evalue_sum,200,0,0,exact_fixed_count_order_statistics,300.0,1,False
5,60c254469b89d0f8d3e8fcb2eda245eb893a5d06f5dec8041b2aa49ebeb083a2,proven_maximal,maximize_sum_testing_e_values_at_maximum_cardinality,proven_optimal,403.00905997190415,0.08888088787254877,4534.260059933257,0,0,1,,,10,0,0,1,0,0,0,0.0,0.0,0.05,0.0,0.0,0.0,0,1,0.45786265099741286,5,4,239,39,1,,method1_proportional_scores_gamma1,unrestricted_maximum_cardinality_then_maximum_testing_evalue_sum,200,0,6,exact_fixed_count_order_statistics,300.0,1,False
6,89eb2c633cc813f8ba5f527b672d1785626fa18851740d2297c8dbc42f9129ab,proven_maximal,maximize_sum_testing_e_values_at_maximum_cardinality,proven_optimal,0.0,0.0,3943.152434233715,0,0,0,,,,0,0,0,0,0,0,0.0,0.0,0.0,0.0,0.0,0.0,0,0,0.12750471800245577,3,3,234,34,0,,method1_proportional_scores_gamma1,unrestricted_maximum_cardinality_then_maximum_testing_evalue_sum,200,0,0,exact_fixed_count_order_statistics,300.0,1,False
7,5d92a8ddc21a6898229944bc11abf4e5b0554c2b73e4216fff5cdcab82b68338,proven_maximal,maximize_sum_testing_e_values_at_maximum_cardinality,proven_optimal,1442.564346503202,1.1070904785371034,1303.0229908664646,0,0,2,,,82;173,0,0,2,0,0,0,0.0,0.0,0.1,0.0,0.0,0.0,0,2,0.3997676240032888,5,4,244,44,2,,method1_proportional_scores_gamma1,unrestricted_maximum_cardinality_then_maximum_testing_evalue_sum,200,0,0,exact_fixed_count_order_statistics,300.0,1,False
8,bee02cedef7ee9031b0be21bdaa688f1b6290e1a702adb2dfb94c1d50efbf0c6,proven_maximal,maximize_sum_testing_e_values_at_maximum_cardinality,proven_optimal,10324.49147983209,1.019741609150705,10124.615282131004,0,0,2,,,29;61,0,0,2,0,0,0,0.0,0.0,0.1,0.0,0.0,0.0,0,2,0.12601915500272298,3,3,236,38,2,,method1_proportional_scores_gamma1,unrestricted_maximum_cardinality_then_maximum_testing_evalue_sum,200,0,4,exact_fixed_count_order_statistics,300.0,1,False
9,8020c39d010345a4d7f900f6de6244b34e84bcfb8dc741b114ce7b1fd912c918,proven_maximal,maximize_sum_testing_e_values_at_maximum_cardinality,proven_optimal,0.0,0.0,1455.2570405051388,0,0,0,,,,0,0,0,0,0,0,0.0,0.0,0.0,0.0,0.0,0.0,0,0,0.13435118200141005,3,3,235,35,0,,method1_proportional_scores_gamma1,unrestricted_maximum_cardinality_then_maximum_testing_evalue_sum,200,0,0,exact_fixed_count_order_statistics,300.0,1,False
10,13186358ce702860d1de03f06ae08837fed04eff20c7964ab5b68dbb8d314413,proven_maximal,maximize_sum_testing_e_values_at_maximum_cardinality,proven_optimal,4805.418059582269,1.1690554187653162,4110.513481608471,0,0,7,,,4;72;120;123;136;148;196,0,0,7,0,0,0,0.0,0.0,0.35,0.0,0.0,0.0,0,7,0.29620721800165484,4,4,239,36,7,,method1_proportional_scores_gamma1,unrestricted_maximum_cardinality_then_maximum_testing_evalue_sum,200,0,2,exact_fixed_count_order_statistics,300.0,1,False
11,af5ed76c55b784edd82d4130bfbbbd844bbfd0a5f7a54638db87aa2d241177ca,proven_maximal,maximize_sum_testing_e_values_at_maximum_cardinality,proven_optimal,126934.52837253467,1.0105114944877387,125614.13607361482,0,0,4,,,12;20;127;166,0,0,4,0,0,0,0.0,0.0,0.2,0.0,0.0,0.0,0,4,0.4059450749991811,9,8,238,33,4,,method1_proportional_scores_gamma1,unrestricted_maximum_cardinality_then_maximum_testing_evalue_sum,200,0,1,exact_fixed_count_order_statistics,300.0,1,False
12,c3ab60e615d8f4f39f96919b3afaaef9248131a56d20df2d60ba2105d6c1c2a0,proven_maximal,maximize_sum_testing_e_values_at_maximum_cardinality,proven_optimal,99208.98622712215,1.2836074952752548,77289.1920562118,0,0,7,,,4;11;36;63;66;99;199,0,0,7,0,0,0,0.0,0.0,0.35,0.0,0.0,0.0,0,7,0.38140191399725154,5,4,255,58,7,,method1_proportional_scores_gamma1,unrestricted_maximum_cardinality_then_maximum_testing_evalue_sum,200,0,2,exact_fixed_count_order_statistics,300.0,1,False
13,00be39f5c6f53fc40d811c5ca8c92506218b7832b64eb4c0d0eadda6eb8565ce,proven_maximal,maximize_sum_testing_e_values_at_maximum_cardinality,proven_optimal,23644.361417845597,2.6310681795710145,8986.601564122417,0,0,9,,,26;34;53;74;79;125;126;159;187,0,0,9,0,0,0,0.0,0.0,0.45,0.0,0.0,0.0,0,9,0.21891583400429226,7,7,251,42,9,,method1_proportional_scores_gamma1,unrestricted_maximum_cardinality_then_maximum_testing_evalue_sum,200,0,5,exact_fixed_count_order_statistics,300.0,1,False
14,e1cbf6c34a50b0d664bc1fb87fcf484fe86341a1941312553199dbc308926a0c,proven_maximal,maximize_sum_testing_e_values_at_maximum_cardinality,proven_optimal,0.0,0.0,38166.27619457974,0,0,0,,,,0,0,0,0,0,0,0.0,0.0,0.0,0.0,0.0,0.0,0,0,0.15739647100417642,3,3,235,35,0,,method1_proportional_scores_gamma1,unrestricted_maximum_cardinality_then_maximum_testing_evalue_sum,200,0,2,exact_fixed_count_order_statistics,300.0,1,False
15,3718d6693ee78a2ffec0de4d1036fd0674f46e3770265194bf8f3a961ac44fb1,proven_maximal,maximize_sum_testing_e_values_at_maximum_cardinality,proven_optimal,2039.1607884427863,1.5629002276723516,1304.7287039427565,0,0,3,,,32;65;151,0,0,3,0,0,0,0.0,0.0,0.15,0.0,0.0,0.0,0,3,0.1604614180032513,3,3,233,35,3,,method1_proportional_scores_gamma1,unrestricted_maximum_cardinality_then_maximum_testing_evalue_sum,200,0,0,exact_fixed_count_order_statistics,300.0,1,False
16,250ac3a80b15ab48081ae203ab4db13648a2737747e997fd4a462442592a1df0,proven_maximal,maximize_sum_testing_e_values_at_maximum_cardinality,proven_optimal,6717.026104363484,0.2610153701629594,25734.21672512945,0,0,2,,,90;128,0,0,2,0,0,0,0.0,0.0,0.1,0.0,0.0,0.0,0,2,0.14978146299836226,3,3,230,32,2,,method1_proportional_scores_gamma1,unrestricted_maximum_cardinality_then_maximum_testing_evalue_sum,200,0,5,exact_fixed_count_order_statistics,300.0,1,False
17,8051046441d4b80ca6a3975a0eb035aae0b333c824a8a05d985852a25220ff79,proven_maximal,maximize_sum_testing_e_values_at_maximum_cardinality,proven_optimal,114.50395405566276,0.00834953302656509,13713.81533450482,0,0,1,,,121,0,0,1,0,0,0,0.0,0.0,0.05,0.0,0.0,0.0,0,1,0.14284499000495998,3,3,243,44,1,,method1_proportional_scores_gamma1,unrestricted_maximum_cardinality_then_maximum_testing_evalue_sum,200,0,4,exact_fixed_count_order_statistics,300.0,1,False
18,c56ff8752836273cf4717ad2706931ada592d9eb37fb2155f048617fd062995f,proven_maximal,maximize_sum_testing_e_values_at_maximum_cardinality,proven_optimal,11059.435958664279,1.1005254056249825,10049.232759314342,0,0,6,,,42;60;72;79;120;148,0,0,6,0,0,0,0.0,0.0,0.3,0.0,0.0,0.0,0,6,0.35707647600065684,5,4,241,42,6,,method1_proportional_scores_gamma1,unrestricted_maximum_cardinality_then_maximum_testing_evalue_sum,200,0,1,exact_fixed_count_order_statistics,300.0,1,False
19,ab3d0d2de509422dd52688112a09ee8798745bb0ab1600e76779e0d1be698bba,proven_maximal,maximize_sum_testing_e_values_at_maximum_cardinality,proven_optimal,17048.70014130236,2.605152854253686,6544.222583126089,0,0,8,,,9;12;15;22;68;126;132;168,0,0,8,0,0,0,0.0,0.0,0.4,0.0,0.0,0.0,0,8,0.3077773829936632,4,4,235,37,8,,method1_proportional_scores_gamma1,unrestricted_maximum_cardinality_then_maximum_testing_evalue_sum,200,0,4,exact_fixed_count_order_statistics,300.0,1,False
20,786ee12f153fd0ce5b8b3a648f238ae6287bc2d3ffe5d8a34532a56dabccfeb1,proven_maximal,maximize_sum_testing_e_values_at_maximum_cardinality,proven_optimal,23139.449409272944,1.6844800074593522,13736.85012989465,0,0,5,,,43;45;78;84;163,0,0,5,0,0,0,0.0,0.0,0.25,0.0,0.0,0.0,0,5,0.26090417899831664,6,6,230,30,5,,method1_proportional_scores_gamma1,unrestricted_maximum_cardinality_then_maximum_testing_evalue_sum,200,0,2,exact_fixed_count_order_statistics,300.0,1,False
21,6612302885b6831253ab1f9b6a8474b6f37b2b781a8d1776a43b18fc0312da6c,proven_maximal,maximize_sum_testing_e_values_at_maximum_cardinality,proven_optimal,14320.611469012065,1.0,14320.611469012065,0,0,1,,,109,0,0,1,0,0,0,0.0,0.0,0.05,0.0,0.0,0.0,0,1,0.16677094100305112,3,3,241,42,1,,method1_proportional_scores_gamma1,unrestricted_maximum_cardinality_then_maximum_testing_evalue_sum,200,0,2,exact_fixed_count_order_statistics,300.0,1,False
22,b03f5d475335a321a8c36c8369d32bd56075da4a9b561f7efcf03a2f52c8ab1d,proven_maximal,maximize_sum_testing_e_values_at_maximum_cardinality,proven_optimal,0.0,0.0,14794.766184809165,0,0,0,,,,0,0,0,0,0,0,0.0,0.0,0.0,0.0,0.0,0.0,0,0,0.1239952780015301,3,3,230,30,0,,method1_proportional_scores_gamma1,unrestricted_maximum_cardinality_then_maximum_testing_evalue_sum,200,0,4,exact_fixed_count_order_statistics,300.0,1,False
23,afd4dfe2700284609258ff3cd3c00872ddff0ee241e530045684b648972bc226,proven_maximal,maximize_sum_testing_e_values_at_maximum_cardinality,proven_optimal,3465.267801198363,1.6983249820742619,2040.4032430624864,0,0,3,,,27;62;188,0,0,3,0,0,0,0.0,0.0,0.15,0.0,0.0,0.0,0,3,0.3352247470029397,6,5,238,38,3,,method1_proportional_scores_gamma1,unrestricted_maximum_cardinality_then_maximum_testing_evalue_sum,200,0,0,exact_fixed_count_order_statistics,300.0,1,False
24,88926711c73ee7ac781ca4abf589c35ebe48ba43b39abdf44abceae38e326499,proven_maximal,maximize_sum_testing_e_values_at_maximum_cardinality,proven_optimal,80566.62041578138,1.0446513619119124,77122.97456668127,0,0,3,,,19;79;138,0,0,3,0,0,0,0.0,0.0,0.15,0.0,0.0,0.0,0,3,0.3934783160002553,5,4,234,34,3,,method1_proportional_scores_gamma1,unrestricted_maximum_cardinality_then_maximum_testing_evalue_sum,200,0,3,exact_fixed_count_order_statistics,300.0,1,False
25,47ed40644d5a25546273b94e6edeb6d7cb9aede0364b59397c4865fc8e45cf96,proven_maximal,maximize_sum_testing_e_values_at_maximum_cardinality,proven_optimal,6681.791181359951,1.9431219006026357,3438.688627454446,0,0,6,,,71;107;128;129;151;154,0,0,6,0,0,0,0.0,0.0,0.3,0.0,0.0,0.0,0,6,0.4093844709932455,5,4,241,42,6,,method1_proportional_scores_gamma1,unrestricted_maximum_cardinality_then_maximum_testing_evalue_sum,200,0,6,exact_fixed_count_order_statistics,300.0,1,False
26,6a86926d369b5459bd50bb9070b02dbff976bd4ddf1dfbebba84b39f4d5776fd,proven_maximal,maximize_sum_testing_e_values_at_maximum_cardinality,proven_optimal,0.0,0.0,7220.180276776025,0,0,0,,,,0,0,0,0,0,0,0.0,0.0,0.0,0.0,0.0,0.0,0,0,0.16833764499460813,3,3,244,44,0,,method1_proportional_scores_gamma1,unrestricted_maximum_cardinality_then_maximum_testing_evalue_sum,200,0,1,exact_fixed_count_order_statistics,300.0,1,False
27,8e6e1a311eca0f5f7c054a25f4778749fc407c84e75d94ca09772c6671c0a8fa,proven_maximal,maximize_sum_testing_e_values_at_maximum_cardinality,proven_optimal,1285.3716401169984,0.06568343803252533,19569.18941241328,0,0,1,,,4,0,0,1,0,0,0,0.0,0.0,0.05,0.0,0.0,0.0,0,1,0.47239828500460135,5,4,233,33,1,,method1_proportional_scores_gamma1,unrestricted_maximum_cardinality_then_maximum_testing_evalue_sum,200,0,4,exact_fixed_count_order_statistics,300.0,1,False
28,75c4164d19da148cf4f58c8303b764ee51d92e73ae347f9ab047677bb1556b9c,proven_maximal,maximize_sum_testing_e_values_at_maximum_cardinality,proven_optimal,1151.4238341197151,0.296778900134208,3879.736172615451,0,0,6,,,10;20;69;110;115;189,0,0,6,0,0,0,0.0,0.0,0.3,0.0,0.0,0.0,0,6,0.3300191360031022,5,4,238,38,6,,method1_proportional_scores_gamma1,unrestricted_maximum_cardinality_then_maximum_testing_evalue_sum,200,0,0,exact_fixed_count_order_statistics,300.0,1,False
29,5857f362442b87c0340b5fdbc3557dda57158b54902fa1bdbde8eb5bc395b916,proven_maximal,maximize_sum_testing_e_values_at_maximum_cardinality,proven_optimal,6628.125887942386,0.29347464844030824,22585.003247019904,0,0,4,,,12;51;75;96,0,0,4,0,0,0,0.0,0.0,0.2,0.0,0.0,0.0,0,4,0.14648448699881556,3,3,241,44,4,,method1_proportional_scores_gamma1,unrestricted_maximum_cardinality_then_maximum_testing_evalue_sum,200,0,5,exact_fixed_count_order_statistics,300.0,1,False
30,47043e8eda2b23ca88f7c399e2e48dc727adcf394b265585a971513af3a20d06,proven_maximal,maximize_sum_testing_e_values_at_maximum_cardinality,proven_optimal,0.0,0.0,3054.5917030126,0,0,0,,,,0,0,0,0,0,0,0.0,0.0,0.0,0.0,0.0,0.0,0,0,0.15271263999602525,3,3,236,36,0,,method1_proportional_scores_gamma1,unrestricted_maximum_cardinality_then_maximum_testing_evalue_sum,200,0,0,exact_fixed_count_order_statistics,300.0,1,False
31,0049bfc726ae32c67c67b5c76ae8fc55b6bb05716910cced1018906861d19d0e,proven_maximal,maximize_sum_testing_e_values_at_maximum_cardinality,proven_optimal,19010.51069671118,2.018084397957617,9420.077136491707,0,0,3,,,129;145;158,0,0,3,0,0,0,0.0,0.0,0.15,0.0,0.0,0.0,0,3,0.5225551850016927,5,4,237,39,3,,method1_proportional_scores_gamma1,unrestricted_maximum_cardinality_then_maximum_testing_evalue_sum,200,0,3,exact_fixed_count_order_statistics,300.0,1,False
32,31072210182e04c2384b4838e8abb55b956e42135a986326912ab056204c8eaf,proven_maximal,maximize_sum_testing_e_values_at_maximum_cardinality,proven_optimal,6102.284293997477,2.80283968255674,2177.1792129155942,0,0,5,,,1;2;65;132;152,0,0,5,0,0,0,0.0,0.0,0.25,0.0,0.0,0.0,0,5,0.5517277510007261,8,7,253,48,5,,method1_proportional_scores_gamma1,unrestricted_maximum_cardinality_then_maximum_testing_evalue_sum,200,0,4,exact_fixed_count_order_statistics,300.0,1,False
33,205fb25148d3243003c84fd39fbbc42323307f4cbc63815ec125c800741dddb8,proven_maximal,maximize_sum_testing_e_values_at_maximum_cardinality,proven_optimal,17727.659252285514,1.6448353763220995,10777.77114201245,0,0,2,,,28;186,0,0,2,0,0,0,0.0,0.0,0.1,0.0,0.0,0.0,0,2,0.18789214600110427,3,3,239,41,2,,method1_proportional_scores_gamma1,unrestricted_maximum_cardinality_then_maximum_testing_evalue_sum,200,0,3,exact_fixed_count_order_statistics,300.0,1,False
34,502d0da7330bf64f178196997be56ad318bbcf4bbcd503099bfb4577bff2cd09,proven_maximal,maximize_sum_testing_e_values_at_maximum_cardinality,proven_optimal,59651.09809546931,1.80134466750928,33114.76097350592,0,0,3,,,81;82;96,0,0,3,0,0,0,0.0,0.0,0.15,0.0,0.0,0.0,0,3,0.5096422329952475,7,5,250,49,3,,method1_proportional_scores_gamma1,unrestricted_maximum_cardinality_then_maximum_testing_evalue_sum,200,0,3,exact_fixed_count_order_statistics,300.0,1,False
35,5f364b341fa760e2c12942e5f93d483131c8caeeed800ce38d9a71c5957e8e11,proven_maximal,maximize_sum_testing_e_values_at_maximum_cardinality,proven_optimal,16045.836926332706,1.4768285774059837,10865.063942977633,0,0,8,,,1;4;39;44;111;119;162;173,0,0,8,0,0,0,0.0,0.0,0.4,0.0,0.0,0.0,0,8,0.18260126899986062,4,4,240,40,8,,method1_proportional_scores_gamma1,unrestricted_maximum_cardinality_then_maximum_testing_evalue_sum,200,0,2,exact_fixed_count_order_statistics,300.0,1,False
36,556a3fece10f3a52e5bbf3d54709c096709fd376ef8a27240801ebfd72f35d9b,proven_maximal,maximize_sum_testing_e_values_at_maximum_cardinality,proven_optimal,8388.45246467759,1.0986146707193207,7635.48192851387,0,0,5,,,14;15;140;159;168,0,0,5,0,0,0,0.0,0.0,0.25,0.0,0.0,0.0,0,5,0.12781702000211226,3,3,236,38,5,,method1_proportional_scores_gamma1,unrestricted_maximum_cardinality_then_maximum_testing_evalue_sum,200,0,2,exact_fixed_count_order_statistics,300.0,1,False
37,876c52fb0e32dd9acd93b219438e3b562a90927813a883e5529c732b77912268,proven_maximal,maximize_sum_testing_e_values_at_maximum_cardinality,proven_optimal,18274.916075233632,2.228253804399116,8201.451755250904,0,0,4,,,12;81;125;144,0,0,4,0,0,0,0.0,0.0,0.2,0.0,0.0,0.0,0,4,0.13582498799951281,3,3,236,39,4,,method1_proportional_scores_gamma1,unrestricted_maximum_cardinality_then_maximum_testing_evalue_sum,200,0,4,exact_fixed_count_order_statistics,300.0,1,False
38,3de81ec8c16ed5fb9a8610c37bc463e58f1c3a1bb507975b20d73d5fd3b3fbf0,proven_maximal,maximize_sum_testing_e_values_at_maximum_cardinality,proven_optimal,53279.624711122975,1.017379727445853,52369.45780793399,0,0,5,,,53;81;152;176;183,0,0,5,0,0,0,0.0,0.0,0.25,0.0,0.0,0.0,0,5,0.36292661300103646,5,4,233,36,5,,method1_proportional_scores_gamma1,unrestricted_maximum_cardinality_then_maximum_testing_evalue_sum,200,0,1,exact_fixed_count_order_statistics,300.0,1,False
39,54b4fdccc969c539fac3916bfdad9710a395a704a480b30ed8b7b4491fc0a0c2,proven_maximal,maximize_sum_testing_e_values_at_maximum_cardinality,proven_optimal,15404.579564669279,2.005193314147409,7682.341376257367,0,0,5,,,125;133;190;192;198,0,0,5,0,0,0,0.0,0.0,0.25,0.0,0.0,0.0,0,5,0.15735804499854567,3,3,242,45,5,,method1_proportional_scores_gamma1,unrestricted_maximum_cardinality_then_maximum_testing_evalue_sum,200,0,3,exact_fixed_count_order_statistics,300.0,1,False
40,f2d57838091cbf41c49b31d72a5bef7a71b78bdf63974c299dcf483aaf0b490e,proven_maximal,maximize_sum_testing_e_values_at_maximum_cardinality,proven_optimal,0.0,0.0,8301.042804156192,0,0,0,,,,0,0,0,0,0,0,0.0,0.0,0.0,0.0,0.0,0.0,0,0,0.1838811070047086,3,3,244,44,0,,method1_proportional_scores_gamma1,unrestricted_maximum_cardinality_then_maximum_testing_evalue_sum,200,0,1,exact_fixed_count_order_statistics,300.0,1,False
41,52662afdaea6465cd853784c73ab23c570c659a4a96590ac74608c2dc71afdf5,proven_maximal,maximize_sum_testing_e_values_at_maximum_cardinality,proven_optimal,292996.4687511182,1.0264077465391042,285458.16196249414,0,0,7,,,26;40;60;62;74;110;132,0,0,7,0,0,0,0.0,0.0,0.35,0.0,0.0,0.0,0,7,0.1435652479995042,3,3,230,34,7,,method1_proportional_scores_gamma1,unrestricted_maximum_cardinality_then_maximum_testing_evalue_sum,200,0,6,exact_fixed_count_order_statistics,300.0,1,False
42,443f256f10cc2c8a86b643c4c665bed7965708bedadd1a2cc533d58c7109e41f,proven_maximal,maximize_sum_testing_e_values_at_maximum_cardinality,proven_optimal,1680.8695850016002,0.4024957524093211,4176.117573763181,0,0,1,,,68,0,0,1,0,0,0,0.0,0.0,0.05,0.0,0.0,0.0,0,1,0.4641574930064962,7,5,236,35,1,,method1_proportional_scores_gamma1,unrestricted_maximum_cardinality_then_maximum_testing_evalue_sum,200,0,1,exact_fixed_count_order_statistics,300.0,1,False
43,38dab6c407841d785e1c4d3b929d4e61c6b3b0e81c40a89c33e151e6a601f411,proven_maximal,maximize_sum_testing_e_values_at_maximum_cardinality,proven_optimal,7911.717164146102,1.0,7911.717164146102,0,0,1,,,84,0,0,1,0,0,0,0.0,0.0,0.05,0.0,0.0,0.0,0,1,0.16938921799737727,3,3,241,42,1,,method1_proportional_scores_gamma1,unrestricted_maximum_cardinality_then_maximum_testing_evalue_sum,200,0,4,exact_fixed_count_order_statistics,300.0,1,False
44,2d97cd98a1aa3523db2533d353aa92b2c1b8596b9d585866d5ac8abf2c3a0cf6,proven_maximal,maximize_sum_testing_e_values_at_maximum_cardinality,proven_optimal,14609.243746693179,1.8819387333147348,7762.868943645857,0,0,6,,,23;30;48;95;122;154,0,0,6,0,0,0,0.0,0.0,0.3,0.0,0.0,0.0,0,6,0.45372545000282116,5,4,237,39,6,,method1_proportional_scores_gamma1,unrestricted_maximum_cardinality_then_maximum_testing_evalue_sum,200,0,6,exact_fixed_count_order_statistics,300.0,1,False
45,e782ef5b9daef2c2eabd8aa6e47c5ca1c95de8a09c94aae488bfaf4d0d991c01,proven_maximal,maximize_sum_testing_e_values_at_maximum_cardinality,proven_optimal,3178.2861528702765,1.0519633854173924,3021.289711152079,0,0,2,,,54;178,0,0,2,0,0,0,0.0,0.0,0.1,0.0,0.0,0.0,0,2,0.13025097100035055,3,3,238,40,2,,method1_proportional_scores_gamma1,unrestricted_maximum_cardinality_then_maximum_testing_evalue_sum,200,0,3,exact_fixed_count_order_statistics,300.0,1,False
46,311af5c1e40f14a7fa0b620bfad460ed729752a4288730149f5beae3b928ddd4,proven_maximal,maximize_sum_testing_e_values_at_maximum_cardinality,proven_optimal,0.0,0.0,1289.30034573603,0,0,0,,,,0,0,0,0,0,0,0.0,0.0,0.0,0.0,0.0,0.0,0,0,0.12172767899755854,3,3,235,35,0,,method1_proportional_scores_gamma1,unrestricted_maximum_cardinality_then_maximum_testing_evalue_sum,200,0,0,exact_fixed_count_order_statistics,300.0,1,False
47,c72eb7888f46054cdd671ea8e9ee508306fdaeca279925f7937784290d4320e4,proven_maximal,maximize_sum_testing_e_values_at_maximum_cardinality,proven_optimal,15055.446443777053,1.588302455535603,9478.954333480582,0,0,7,,,79;115;128;134;158;168;182,0,0,6,0,0,1,0.0,0.0,0.3,0.0,0.0,0.14285714285714285,0,7,0.4003794399977778,7,6,251,48,7,,method1_proportional_scores_gamma1,unrestricted_maximum_cardinality_then_maximum_testing_evalue_sum,200,0,7,exact_fixed_count_order_statistics,300.0,1,False
48,61a716e36e51a5529a46d07cddb1be2e5b2106ba0e2a2b9519c21dd198081656,proven_maximal,maximize_sum_testing_e_values_at_maximum_cardinality,proven_optimal,2855.5441194899695,2.9125326057632086,980.43335681102,0,0,7,,,6;14;15;43;89;147;191,0,0,7,0,0,0,0.0,0.0,0.35,0.0,0.0,0.0,0,7,0.38430289599637035,7,6,237,38,7,,method1_proportional_scores_gamma1,unrestricted_maximum_cardinality_then_maximum_testing_evalue_sum,200,0,0,exact_fixed_count_order_statistics,300.0,1,False
49,e614ef7dfbc42438e9a07cbd9f595c2cead274ee033bb868072ba76809d379e6,proven_maximal,maximize_sum_testing_e_values_at_maximum_cardinality,proven_optimal,11321.840028596116,2.1838704420331068,5184.300227103161,0,0,6,,,23;34;111;119;130;131,0,0,6,0,0,0,0.0,0.0,0.3,0.0,0.0,0.0,0,6,0.5125362710023182,7,5,250,49,6,,method1_proportional_scores_gamma1,unrestricted_maximum_cardinality_then_maximum_testing_evalue_sum,200,0,4,exact_fixed_count_order_statistics,300.0,1,False
50,21f2cb69549f5f413c552586023341a90f09e3704a4af9d6ca9c5019d43a47b2,proven_maximal,maximize_sum_testing_e_values_at_maximum_cardinality,proven_optimal,0.0,0.0,2897.1019654830657,0,0,0,,,,0,0,0,0,0,0,0.0,0.0,0.0,0.0,0.0,0.0,0,0,0.13471077500435058,3,3,242,42,0,,method1_proportional_scores_gamma1,unrestricted_maximum_cardinality_then_maximum_testing_evalue_sum,200,0,0,exact_fixed_count_order_statistics,300.0,1,False
51,f8433d7dc588df8047c774b2b1830295849830d15849a5a49c20e0c00c15ea44,proven_maximal,maximize_sum_testing_e_values_at_maximum_cardinality,proven_optimal,5644.050735598747,0.7197878448700243,7841.269862813426,0,0,2,,,43;149,0,0,2,0,0,0,0.0,0.0,0.1,0.0,0.0,0.0,0,2,0.3399508260044968,5,4,244,45,2,,method1_proportional_scores_gamma1,unrestricted_maximum_cardinality_then_maximum_testing_evalue_sum,200,0,2,exact_fixed_count_order_statistics,300.0,1,False
52,c5e6694fba3dd684d40209e16e7b75670eff97e9963dd21f2a78ecc88da2b930,proven_maximal,maximize_sum_testing_e_values_at_maximum_cardinality,proven_optimal,0.0,0.0,394.1939478776024,0,0,0,,,,0,0,0,0,0,0,0.0,0.0,0.0,0.0,0.0,0.0,0,0,0.13064692899934016,3,3,246,46,0,,method1_proportional_scores_gamma1,unrestricted_maximum_cardinality_then_maximum_testing_evalue_sum,200,0,0,exact_fixed_count_order_statistics,300.0,1,False
53,1febe855aaa5f06311111060ddb8bf22a71a8021377cda26288ac2ce6aa340fb,proven_maximal,maximize_sum_testing_e_values_at_maximum_cardinality,proven_optimal,8071.516812775824,0.7329607911200652,11012.208170700964,0,0,2,,,0;4,0,0,2,0,0,0,0.0,0.0,0.1,0.0,0.0,0.0,0,2,0.3628571000008378,5,4,240,41,2,,method1_proportional_scores_gamma1,unrestricted_maximum_cardinality_then_maximum_testing_evalue_sum,200,0,5,exact_fixed_count_order_statistics,300.0,1,False
54,b46420d7ddecbd7a27219abf45da20acf21f3db38fb1ca48f942406dee3cd868,proven_maximal,maximize_sum_testing_e_values_at_maximum_cardinality,proven_optimal,181066.85582074794,2.0552200350220295,88100.95889261177,0,0,8,,,32;38;79;90;136;144;162;195,0,0,8,0,0,0,0.0,0.0,0.4,0.0,0.0,0.0,0,8,0.47644656999909785,7,5,241,45,8,,method1_proportional_scores_gamma1,unrestricted_maximum_cardinality_then_maximum_testing_evalue_sum,200,0,6,exact_fixed_count_order_statistics,300.0,1,False
55,364fd10db5031dbe540849a7cf21c0a5e312a0315001aa1c0539d6530ebd33ec,proven_maximal,maximize_sum_testing_e_values_at_maximum_cardinality,proven_optimal,22043.830212955152,1.9319168299206246,11410.341207007785,0,0,5,,,40;99;109;159;194,0,0,5,0,0,0,0.0,0.0,0.25,0.0,0.0,0.0,0,5,0.3674174529951415,5,4,236,37,5,,method1_proportional_scores_gamma1,unrestricted_maximum_cardinality_then_maximum_testing_evalue_sum,200,0,3,exact_fixed_count_order_statistics,300.0,1,False
56,b80e9d5670c1bf3f2d41e84960c6f7d86a388b7a1a68377fcf318a408f374fab,proven_maximal,maximize_sum_testing_e_values_at_maximum_cardinality,proven_optimal,0.0,0.0,5498.613027564455,0,0,0,,,,0,0,0,0,0,0,0.0,0.0,0.0,0.0,0.0,0.0,0,0,0.18526458400447154,3,3,237,37,0,,method1_proportional_scores_gamma1,unrestricted_maximum_cardinality_then_maximum_testing_evalue_sum,200,0,5,exact_fixed_count_order_statistics,300.0,1,False
57,7f239068f68d2d971e2adbb5a162f86f39eef100765f8298e37fa2f53b3d3342,proven_maximal,maximize_sum_testing_e_values_at_maximum_cardinality,proven_optimal,719.7196397309307,0.5378524165335385,1338.1359228048602,0,0,2,,,21;73,0,0,2,0,0,0,0.0,0.0,0.1,0.0,0.0,0.0,0,2,0.14684824599680724,3,3,239,40,2,,method1_proportional_scores_gamma1,unrestricted_maximum_cardinality_then_maximum_testing_evalue_sum,200,0,0,exact_fixed_count_order_statistics,300.0,1,False
58,5e56cf0e4469b0783eb8bf9a251b859997d4eac560e983e04145f49ec304da40,proven_maximal,maximize_sum_testing_e_values_at_maximum_cardinality,proven_optimal,35275.18567092192,1.061884296759169,33219.42492094521,0,0,4,,,13;50;109;131,0,0,4,0,0,0,0.0,0.0,0.2,0.0,0.0,0.0,0,4,0.4327853430004325,5,4,247,48,4,,method1_proportional_scores_gamma1,unrestricted_maximum_cardinality_then_maximum_testing_evalue_sum,200,0,3,exact_fixed_count_order_statistics,300.0,1,False
59,626895a59fbe6b6a8288193c4e9cfb8d71c0bff335f3086b18b390b88689d5cf,proven_maximal,maximize_sum_testing_e_values_at_maximum_cardinality,proven_optimal,6719.601003165159,0.2855658725210262,23530.82650893585,0,0,2,,,122;174,0,0,2,0,0,0,0.0,0.0,0.1,0.0,0.0,0.0,0,2,0.23726273499778472,3,3,239,41,2,,method1_proportional_scores_gamma1,unrestricted_maximum_cardinality_then_maximum_testing_evalue_sum,200,0,3,exact_fixed_count_order_statistics,300.0,1,False
60,abb03acd5270d55bb302d1eabdc9fc76e18fd2e70ff618ff764494dc40660123,proven_maximal,maximize_sum_testing_e_values_at_maximum_cardinality,proven_optimal,0.0,0.0,2034.9672037063417,0,0,0,,,,0,0,0,0,0,0,0.0,0.0,0.0,0.0,0.0,0.0,0,0,0.1793828299996676,3,3,241,41,0,,method1_proportional_scores_gamma1,unrestricted_maximum_cardinality_then_maximum_testing_evalue_sum,200,0,0,exact_fixed_count_order_statistics,300.0,1,False
61,e63dd91aa517469968eac61c5bcfb4fa030891561f6d1e812030a385a65558b1,proven_maximal,maximize_sum_testing_e_values_at_maximum_cardinality,proven_optimal,2365.747584295899,0.06693725299065224,35342.76473261122,0,0,7,,,31;83;134;139;167;186;196,0,0,7,0,0,0,0.0,0.0,0.35,0.0,0.0,0.0,0,7,0.5301279210034409,8,6,254,50,7,,method1_proportional_scores_gamma1,unrestricted_maximum_cardinality_then_maximum_testing_evalue_sum,200,0,1,exact_fixed_count_order_statistics,300.0,1,False
62,687f944a213752db900a1e733875eb9ce68e01e787b23a226796d7ace6a07073,proven_maximal,maximize_sum_testing_e_values_at_maximum_cardinality,proven_optimal,8547.526775820288,0.7703568293140534,11095.542287112892,0,0,6,,,48;73;87;132;138;172,0,0,6,0,0,0,0.0,0.0,0.3,0.0,0.0,0.0,0,6,0.3497633799997857,6,5,239,42,6,,method1_proportional_scores_gamma1,unrestricted_maximum_cardinality_then_maximum_testing_evalue_sum,200,0,7,exact_fixed_count_order_statistics,300.0,1,False
63,d46f23d2266b13e25ba6d32a2b9118f986c9d7f2a8b4a4fd2593641c857f3ef9,proven_maximal,maximize_sum_testing_e_values_at_maximum_cardinality,proven_optimal,17573.939897861303,3.9863533170866154,4408.52541156714,0,0,14,,,14;19;41;65;79;87;116;125;147;148;174;176;178;197,0,0,14,0,0,0,0.0,0.0,0.7,0.0,0.0,0.0,0,14,0.14415705599822104,3,3,236,45,14,,method1_proportional_scores_gamma1,unrestricted_maximum_cardinality_then_maximum_testing_evalue_sum,200,0,7,exact_fixed_count_order_statistics,300.0,1,False
64,c6fa5ce940abb29fb78f757b52adfda040ae7d3d70228e9de775bbde5b8d3b21,proven_maximal,maximize_sum_testing_e_values_at_maximum_cardinality,proven_optimal,1290.2685718923742,0.9922749085101475,1300.313613522335,0,0,4,,,10;42;167;192,0,0,4,0,0,0,0.0,0.0,0.2,0.0,0.0,0.0,0,4,0.5057964989973698,6,4,241,42,4,,method1_proportional_scores_gamma1,unrestricted_maximum_cardinality_then_maximum_testing_evalue_sum,200,0,0,exact_fixed_count_order_statistics,300.0,1,False
65,be6a494a2c04d549c55dab4f21a574d024106bf89455562b0a5a9b5b90d4df13,proven_maximal,maximize_sum_testing_e_values_at_maximum_cardinality,proven_optimal,5373.305907377647,1.0,5373.305907377647,0,0,1,,,154,0,0,1,0,0,0,0.0,0.0,0.05,0.0,0.0,0.0,0,1,0.642216249005287,9,6,251,47,1,,method1_proportional_scores_gamma1,unrestricted_maximum_cardinality_then_maximum_testing_evalue_sum,200,0,3,exact_fixed_count_order_statistics,300.0,1,False
66,81b25b2cd8072d6b5b9a1f1f3856adb5afc14f3a275dd68641bfe5bfb7d34955,proven_maximal,maximize_sum_testing_e_values_at_maximum_cardinality,proven_optimal,7361.28950837262,2.997368300924986,2455.917581466692,0,0,8,,,11;69;108;124;128;132;141;184,0,0,8,0,0,0,0.0,0.0,0.4,0.0,0.0,0.0,0,8,0.401745467002911,5,4,235,40,8,,method1_proportional_scores_gamma1,unrestricted_maximum_cardinality_then_maximum_testing_evalue_sum,200,0,3,exact_fixed_count_order_statistics,300.0,1,False
67,85934f0e476a2371e93f37c44624a70aaed8b6dcf98e2e4091e7b1b9c99b5ace,proven_maximal,maximize_sum_testing_e_values_at_maximum_cardinality,proven_optimal,1202.3405675744957,0.23172204037975613,5188.719060146578,0,0,1,,,51,0,0,1,0,0,0,0.0,0.0,0.05,0.0,0.0,0.0,0,1,0.13786211899423506,3,3,252,53,1,,method1_proportional_scores_gamma1,unrestricted_maximum_cardinality_then_maximum_testing_evalue_sum,200,0,1,exact_fixed_count_order_statistics,300.0,1,False
68,8f431d43f2bf4e100db4cbe37ab62d31f425f7269b9f3c2436193017661d2360,proven_maximal,maximize_sum_testing_e_values_at_maximum_cardinality,proven_optimal,0.0,0.0,2919.6681211457444,0,0,0,,,,0,0,0,0,0,0,0.0,0.0,0.0,0.0,0.0,0.0,0,0,0.8101640460008639,13,7,263,53,0,,method1_proportional_scores_gamma1,unrestricted_maximum_cardinality_then_maximum_testing_evalue_sum,200,0,0,exact_fixed_count_order_statistics,300.0,1,False
69,bd7a73f04ea3236551b7ec5863c55700a99389d2aabfb6a6a1d749e7f88f5a2f,proven_maximal,maximize_sum_testing_e_values_at_maximum_cardinality,proven_optimal,16299.71696326174,1.223899206266026,13317.85892156126,0,0,5,,,9;53;66;139;148,0,0,5,0,0,0,0.0,0.0,0.25,0.0,0.0,0.0,0,5,0.40837287699832814,11,10,255,39,5,,method1_proportional_scores_gamma1,unrestricted_maximum_cardinality_then_maximum_testing_evalue_sum,200,0,4,exact_fixed_count_order_statistics,300.0,1,False
70,0c1cc06479851e209570f38f2fab90c9150ed90daec24c505a7d019fe6665686,proven_maximal,maximize_sum_testing_e_values_at_maximum_cardinality,proven_optimal,5031.347532326169,0.21745144427017002,23137.79772405204,0,0,4,,,15;45;142;150,0,0,4,0,0,0,0.0,0.0,0.2,0.0,0.0,0.0,0,4,0.3919607839998207,5,4,239,41,4,,method1_proportional_scores_gamma1,unrestricted_maximum_cardinality_then_maximum_testing_evalue_sum,200,0,4,exact_fixed_count_order_statistics,300.0,1,False
71,29df71797a2c8d16caeb365736b414179aa2817c374b648aaf165fa87c199b22,proven_maximal,maximize_sum_testing_e_values_at_maximum_cardinality,proven_optimal,2907.1091114677465,0.0793332825911943,36644.25593540768,0,0,2,,,16;36,0,0,2,0,0,0,0.0,0.0,0.1,0.0,0.0,0.0,0,2,0.12557011900207726,3,3,236,38,2,,method1_proportional_scores_gamma1,unrestricted_maximum_cardinality_then_maximum_testing_evalue_sum,200,0,5,exact_fixed_count_order_statistics,300.0,1,False
72,a10b7e202d5607be3276ef3c186dde85823002f2d8633e5701070fbd287d2755,proven_maximal,maximize_sum_testing_e_values_at_maximum_cardinality,proven_optimal,0.0,0.0,1020.5241602491516,0,0,0,,,,0,0,0,0,0,0,0.0,0.0,0.0,0.0,0.0,0.0,0,0,0.6937098630005494,12,7,249,43,0,,method1_proportional_scores_gamma1,unrestricted_maximum_cardinality_then_maximum_testing_evalue_sum,200,0,0,exact_fixed_count_order_statistics,300.0,1,False
73,b2f0081800abc3be8ee39d92ed579b2436cc01313a350cb666ceec778b1d2cae,proven_maximal,maximize_sum_testing_e_values_at_maximum_cardinality,proven_optimal,4788.064588385054,1.0,4788.064588385054,0,0,1,,,13,0,0,1,0,0,0,0.0,0.0,0.05,0.0,0.0,0.0,0,1,0.17748411399952602,3,3,240,41,1,,method1_proportional_scores_gamma1,unrestricted_maximum_cardinality_then_maximum_testing_evalue_sum,200,0,2,exact_fixed_count_order_statistics,300.0,1,False
74,dd11652f217ac890da3f5894a699f497dcc736c863afb10129e604d1f69f2bba,proven_maximal,maximize_sum_testing_e_values_at_maximum_cardinality,proven_optimal,3265.7308452140705,0.9475884726084647,3446.35982772602,0,0,4,,,70;124;138;155,0,0,4,0,0,0,0.0,0.0,0.2,0.0,0.0,0.0,0,4,0.3678109270040295,5,4,244,45,4,,method1_proportional_scores_gamma1,unrestricted_maximum_cardinality_then_maximum_testing_evalue_sum,200,0,2,exact_fixed_count_order_statistics,300.0,1,False
75,90ac0bb42148bf8583984ad6567d20359312dabd72759cd0affc577346cc0d93,proven_maximal,maximize_sum_testing_e_values_at_maximum_cardinality,proven_optimal,469.01763888528455,0.05868035297672494,7992.754219991082,0,0,2,,,128;140,0,0,2,0,0,0,0.0,0.0,0.1,0.0,0.0,0.0,0,2,0.16722861499874853,3,3,240,41,2,,method1_proportional_scores_gamma1,unrestricted_maximum_cardinality_then_maximum_testing_evalue_sum,200,0,1,exact_fixed_count_order_statistics,300.0,1,False
76,6b6e07aaf1917358dc3eb8f81cb5613206a9c8bf8cd48853fb486a89e35a37e2,proven_maximal,maximize_sum_testing_e_values_at_maximum_cardinality,proven_optimal,10365.42808447982,0.5731008004715471,18086.57059273194,0,0,4,,,4;31;87;104,0,0,4,0,0,0,0.0,0.0,0.2,0.0,0.0,0.0,0,4,0.5383324650028953,9,6,231,29,4,,method1_proportional_scores_gamma1,unrestricted_maximum_cardinality_then_maximum_testing_evalue_sum,200,0,4,exact_fixed_count_order_statistics,300.0,1,False
77,dd8af809de5f64fce14799dc7e790321332debddc8f88e542fce56e6cc99df1c,proven_maximal,maximize_sum_testing_e_values_at_maximum_cardinality,proven_optimal,0.0,0.0,3959.812995745792,0,0,0,,,,0,0,0,0,0,0,0.0,0.0,0.0,0.0,0.0,0.0,0,0,0.1633986839951831,3,3,249,49,0,,method1_proportional_scores_gamma1,unrestricted_maximum_cardinality_then_maximum_testing_evalue_sum,200,0,3,exact_fixed_count_order_statistics,300.0,1,False
78,40ee91bfd4032adaa30e457cc4315c8ad795c301d60fc8311e562f0bc374608a,proven_maximal,maximize_sum_testing_e_values_at_maximum_cardinality,proven_optimal,62317.17108896294,1.2247614628101395,50881.067849718296,0,0,4,,,16;67;103;182,0,0,4,0,0,0,0.0,0.0,0.2,0.0,0.0,0.0,0,4,0.45117994499742053,7,5,237,37,4,,method1_proportional_scores_gamma1,unrestricted_maximum_cardinality_then_maximum_testing_evalue_sum,200,0,7,exact_fixed_count_order_statistics,300.0,1,False
79,728668bd2c89f3f1daf9557a5d1fd1e8ebdcd2a4d6447a7b1f7b9443a5fbcb91,proven_maximal,maximize_sum_testing_e_values_at_maximum_cardinality,proven_optimal,0.0,0.0,4781.570529636842,0,0,0,,,,0,0,0,0,0,0,0.0,0.0,0.0,0.0,0.0,0.0,0,0,0.45724517100461526,8,5,240,37,0,,method1_proportional_scores_gamma1,unrestricted_maximum_cardinality_then_maximum_testing_evalue_sum,200,0,4,exact_fixed_count_order_statistics,300.0,1,False
80,68c37b1ea7d38af56b0c0bbf261849e814f07e4a9dbf78adcf570ff90ae37d97,proven_maximal,maximize_sum_testing_e_values_at_maximum_cardinality,proven_optimal,2244.8031027970824,0.681542735879706,3293.708500758338,0,0,5,,,20;90;124;163;164,0,0,5,0,0,0,0.0,0.0,0.25,0.0,0.0,0.0,0,5,0.3352686159996665,7,6,235,33,5,,method1_proportional_scores_gamma1,unrestricted_maximum_cardinality_then_maximum_testing_evalue_sum,200,0,0,exact_fixed_count_order_statistics,300.0,1,False
81,677628ff925ee37e77994a61fa4970603b5f3736d2987c665100843cd85876e4,proven_maximal,maximize_sum_testing_e_values_at_maximum_cardinality,proven_optimal,20569.721909936867,1.9554651359673303,10519.09416925576,0,0,8,,,17;34;77;131;137;138;163;179,0,0,8,0,0,0,0.0,0.0,0.4,0.0,0.0,0.0,0,8,0.4120402409971575,5,4,236,40,8,,method1_proportional_scores_gamma1,unrestricted_maximum_cardinality_then_maximum_testing_evalue_sum,200,0,6,exact_fixed_count_order_statistics,300.0,1,False
82,009f005f12f3e9ee90841e73e1119a53677a7f3f7a3c9873f9d8b694b82362aa,proven_maximal,maximize_sum_testing_e_values_at_maximum_cardinality,proven_optimal,246.95267048644152,0.5552337933385343,444.7724065957037,0,0,1,,,106,0,0,1,0,0,0,0.0,0.0,0.05,0.0,0.0,0.0,0,1,0.1372583139964263,3,3,230,31,1,,method1_proportional_scores_gamma1,unrestricted_maximum_cardinality_then_maximum_testing_evalue_sum,200,0,0,exact_fixed_count_order_statistics,300.0,1,False
83,53f3f7e6981bfdf371815c107fe0b0334e02e2353a3b859b37412d11ee378bd0,proven_maximal,maximize_sum_testing_e_values_at_maximum_cardinality,proven_optimal,17206.54285010727,1.7011900606128503,10114.415342815164,0,0,3,,,79;124;158,0,0,3,0,0,0,0.0,0.0,0.15,0.0,0.0,0.0,0,3,0.14212134699482704,3,3,233,35,3,,method1_proportional_scores_gamma1,unrestricted_maximum_cardinality_then_maximum_testing_evalue_sum,200,0,5,exact_fixed_count_order_statistics,300.0,1,False
84,e2416030ff6b6ee8ce41423e91db22580a9c3ef28ce2d2421c4f0770e18d7c50,proven_maximal,maximize_sum_testing_e_values_at_maximum_cardinality,proven_optimal,4485.284428394743,1.402637410510148,3197.7504626540776,0,0,4,,,42;107;111;127,0,0,4,0,0,0,0.0,0.0,0.2,0.0,0.0,0.0,0,4,0.13734882800054038,3,3,229,32,4,,method1_proportional_scores_gamma1,unrestricted_maximum_cardinality_then_maximum_testing_evalue_sum,200,0,0,exact_fixed_count_order_statistics,300.0,1,False
85,790bec5ea7516974c2876007be767edf30a3bce990fe0f2fd41f931182db32df,proven_maximal,maximize_sum_testing_e_values_at_maximum_cardinality,proven_optimal,0.0,0.0,3409.834264133847,0,0,0,,,,0,0,0,0,0,0,0.0,0.0,0.0,0.0,0.0,0.0,0,0,0.4517102120007621,6,4,244,43,0,,method1_proportional_scores_gamma1,unrestricted_maximum_cardinality_then_maximum_testing_evalue_sum,200,0,0,exact_fixed_count_order_statistics,300.0,1,False
86,554f2970fe18e263b24e0bf17024803bea42fcd8e1a25b31db8bf528557d2794,proven_maximal,maximize_sum_testing_e_values_at_maximum_cardinality,proven_optimal,607708.8792751568,1.0110652851665591,601058.001091438,0,0,6,,,2;21;50;55;75;182,0,0,6,0,0,0,0.0,0.0,0.3,0.0,0.0,0.0,0,6,0.3976533669992932,5,4,229,31,6,,method1_proportional_scores_gamma1,unrestricted_maximum_cardinality_then_maximum_testing_evalue_sum,200,0,3,exact_fixed_count_order_statistics,300.0,1,False
87,f88fc6537e9e70a8994c081b06f6bd676c14beb75c67f140dabf92b1645bf349,proven_maximal,maximize_sum_testing_e_values_at_maximum_cardinality,proven_optimal,0.0,0.0,2106.368239553964,0,0,0,,,,0,0,0,0,0,0,0.0,0.0,0.0,0.0,0.0,0.0,0,0,0.1711302110052202,3,3,245,45,0,,method1_proportional_scores_gamma1,unrestricted_maximum_cardinality_then_maximum_testing_evalue_sum,200,0,5,exact_fixed_count_order_statistics,300.0,1,False
88,12e122505264bd09993895162f3550425a0ab7495348f029a266b47a3bd6d57b,proven_maximal,maximize_sum_testing_e_values_at_maximum_cardinality,proven_optimal,7332.511810268476,0.912503015214918,8035.602828711181,0,0,8,,,44;52;64;71;78;93;104;189,0,0,8,0,0,0,0.0,0.0,0.4,0.0,0.0,0.0,0,8,0.22176021299674176,4,4,233,32,8,,method1_proportional_scores_gamma1,unrestricted_maximum_cardinality_then_maximum_testing_evalue_sum,200,0,5,exact_fixed_count_order_statistics,300.0,1,False
89,6e9eecad7cddd1689b485953d3e6959801bcbff3066f3e653737406d7ce8c0a7,proven_maximal,maximize_sum_testing_e_values_at_maximum_cardinality,proven_optimal,8097.898336862147,1.1001765209072154,7360.544588048968,0,0,3,,,7;82;197,0,0,3,0,0,0,0.0,0.0,0.15,0.0,0.0,0.0,0,3,0.12809763699624455,3,3,233,35,3,,method1_proportional_scores_gamma1,unrestricted_maximum_cardinality_then_maximum_testing_evalue_sum,200,0,2,exact_fixed_count_order_statistics,300.0,1,False
90,111319dcef927797951b94789a80c7e96d1469203e765a40f1e3ecc98dee2f7f,proven_maximal,maximize_sum_testing_e_values_at_maximum_cardinality,proven_optimal,0.0,0.0,142621.1649650179,0,0,0,,,,0,0,0,0,0,0,0.0,0.0,0.0,0.0,0.0,0.0,0,0,0.1988637030008249,3,3,257,57,0,,method1_proportional_scores_gamma1,unrestricted_maximum_cardinality_then_maximum_testing_evalue_sum,200,0,1,exact_fixed_count_order_statistics,300.0,1,False
91,bce3cb21745a71f7ff24a86067ef56d36d20b81c537fd0286663d3b0d080517f,proven_maximal,maximize_sum_testing_e_values_at_maximum_cardinality,proven_optimal,20770.82940028314,1.040233497281036,19967.468318001644,0,0,3,,,162;171;190,0,0,3,0,0,0,0.0,0.0,0.15,0.0,0.0,0.0,0,3,0.37017922999802977,5,4,239,41,3,,method1_proportional_scores_gamma1,unrestricted_maximum_cardinality_then_maximum_testing_evalue_sum,200,0,2,exact_fixed_count_order_statistics,300.0,1,False
92,0807160939ec86c8a12699656eab4403e589b1f2cffb09739a806f1cb4645aff,proven_maximal,maximize_sum_testing_e_values_at_maximum_cardinality,proven_optimal,371.6440104124257,0.03632032678491924,10232.397208682,0,0,2,,,39;52,0,0,2,0,0,0,0.0,0.0,0.1,0.0,0.0,0.0,0,2,0.12898775799840223,3,3,244,46,2,,method1_proportional_scores_gamma1,unrestricted_maximum_cardinality_then_maximum_testing_evalue_sum,200,0,1,exact_fixed_count_order_statistics,300.0,1,False
93,b4fb557966aed1ee1de6b5deafd0093f18b9c5fd934cce1a1a8839bc0ebf8faf,proven_maximal,maximize_sum_testing_e_values_at_maximum_cardinality,proven_optimal,7018.832996079152,1.4512116340361239,4836.533026239808,0,0,5,,,69;107;155;185;196,0,0,5,0,0,0,0.0,0.0,0.25,0.0,0.0,0.0,0,5,0.1674472680024337,3,3,246,48,5,,method1_proportional_scores_gamma1,unrestricted_maximum_cardinality_then_maximum_testing_evalue_sum,200,0,1,exact_fixed_count_order_statistics,300.0,1,False
94,8564803a6feab2de08bb3e14225bef8d2e7b66f94eebbd4bc87d6ac9ee51c617,proven_maximal,maximize_sum_testing_e_values_at_maximum_cardinality,proven_optimal,0.0,0.0,42221.232559979886,0,0,0,,,,0,0,0,0,0,0,0.0,0.0,0.0,0.0,0.0,0.0,0,0,0.35196807899774285,6,4,241,40,0,,method1_proportional_scores_gamma1,unrestricted_maximum_cardinality_then_maximum_testing_evalue_sum,200,0,1,exact_fixed_count_order_statistics,300.0,1,False
95,7b0c9bcc3ef2e839b6bdbc0b481f6be2173cac76043c2c46c5237a5a77348687,proven_maximal,maximize_sum_testing_e_values_at_maximum_cardinality,proven_optimal,1743.9922348666355,0.5035222894021797,3463.5849724492573,0,0,3,,,37;111;156,0,0,3,0,0,0,0.0,0.0,0.15,0.0,0.0,0.0,0,3,0.1505740029970184,3,3,241,43,3,,method1_proportional_scores_gamma1,unrestricted_maximum_cardinality_then_maximum_testing_evalue_sum,200,0,0,exact_fixed_count_order_statistics,300.0,1,False
96,80fa53c9070a91e6c3024968a852ad66565f68e69b9fac9b7a5ac02c3eb47c3f,proven_maximal,maximize_sum_testing_e_values_at_maximum_cardinality,proven_optimal,34945.917413196985,1.034745181256129,33772.48625673655,0,0,2,,,55;156,0,0,2,0,0,0,0.0,0.0,0.1,0.0,0.0,0.0,0,2,0.32114014699618565,5,4,234,35,2,,method1_proportional_scores_gamma1,unrestricted_maximum_cardinality_then_maximum_testing_evalue_sum,200,0,6,exact_fixed_count_order_statistics,300.0,1,False
97,e21918eeef86f4cc423abe9666b7e37ca70586b3eefca73cd4c301375b1eb390,proven_maximal,maximize_sum_testing_e_values_at_maximum_cardinality,proven_optimal,6990.285546961662,1.640312833754539,4261.556334325253,0,0,5,,,103;142;167;174;181,0,0,5,0,0,0,0.0,0.0,0.25,0.0,0.0,0.0,0,5,0.39320450899685966,5,4,251,52,5,,method1_proportional_scores_gamma1,unrestricted_maximum_cardinality_then_maximum_testing_evalue_sum,200,0,5,exact_fixed_count_order_statistics,300.0,1,False
98,b07995178e80689b6dca6481bf0ac4c36cad90cc9e8c90a0c9c321c71ffb0474,proven_maximal,maximize_sum_testing_e_values_at_maximum_cardinality,proven_optimal,18320.610784567925,1.1932165324565498,15353.969951162288,0,0,7,,,19;21;134;140;184;192;193,0,0,7,0,0,0,0.0,0.0,0.35,0.0,0.0,0.0,0,7,0.32191778600099497,5,4,237,40,7,,method1_proportional_scores_gamma1,unrestricted_maximum_cardinality_then_maximum_testing_evalue_sum,200,0,3,exact_fixed_count_order_statistics,300.0,1,False
99,50efcf1c821538114bd8b0cb75600749b5363cf91a65eff3d4ba81ef8822045d,proven_maximal,maximize_sum_testing_e_values_at_maximum_cardinality,proven_optimal,7883.284464854473,1.1676404407546552,6751.4657678004405,0,0,3,,,90;149;195,0,0,3,0,0,0,0.0,0.0,0.15,0.0,0.0,0.0,0,3,0.40505477000260726,8,7,245,41,3,,method1_proportional_scores_gamma1,unrestricted_maximum_cardinality_then_maximum_testing_evalue_sum,200,0,4,exact_fixed_count_order_statistics,300.0,1,False
100,c7f477c8dd90ea9dc8e31e6d39dcde6aafaa56a4c0c38aa76df7faaf2ce60d8a,proven_maximal,maximize_sum_testing_e_values_at_maximum_cardinality,proven_optimal,149658.98797291596,1.0336313049661823,144789.52722684073,0,0,8,,,0;64;66;73;81;114;121;151,0,0,8,0,0,0,0.0,0.0,0.4,0.0,0.0,0.0,0,8,0.2567437929974403,5,5,237,38,8,,method1_proportional_scores_gamma1,unrestricted_maximum_cardinality_then_maximum_testing_evalue_sum,200,0,5,exact_fixed_count_order_statistics,300.0,1,False
101,5ae7315aeffa3833892e4998651522460e05432f4fa4ee7d5a9a2d0e9e672ee5,proven_maximal,maximize_sum_testing_e_values_at_maximum_cardinality,proven_optimal,26487.278690063966,1.1256949360005688,23529.712929303416,0,0,3,,,4;132;194,0,0,3,0,0,0,0.0,0.0,0.15,0.0,0.0,0.0,0,3,0.42566251999960514,7,5,246,46,3,,method1_proportional_scores_gamma1,unrestricted_maximum_cardinality_then_maximum_testing_evalue_sum,200,0,2,exact_fixed_count_order_statistics,300.0,1,False
102,d3ee2f5df0f29b075efeea6b126145e7394f2ac23490f408787e760db7e28b7a,proven_maximal,maximize_sum_testing_e_values_at_maximum_cardinality,proven_optimal,270180.7650569982,1.1415714841326285,236674.4166374152,0,0,8,,,26;49;57;109;126;157;158;181,0,0,8,0,0,0,0.0,0.0,0.4,0.0,0.0,0.0,0,8,0.15229731900035404,3,3,239,43,8,,method1_proportional_scores_gamma1,unrestricted_maximum_cardinality_then_maximum_testing_evalue_sum,200,0,7,exact_fixed_count_order_statistics,300.0,1,False
103,ef5a8f39cbea530fa3ed70b9292a7ca640d134a42c96a08d2cd7e996b017ff2f,proven_maximal,maximize_sum_testing_e_values_at_maximum_cardinality,proven_optimal,1912.7093511445985,0.750196246712753,2549.6119975617084,0,0,8,,,25;26;28;51;97;108;160;191,0,0,7,0,0,1,0.0,0.0,0.35,0.0,0.0,0.125,0,8,0.533989252995525,14,12,268,53,8,,method1_proportional_scores_gamma1,unrestricted_maximum_cardinality_then_maximum_testing_evalue_sum,200,0,0,exact_fixed_count_order_statistics,300.0,1,False
104,5e50f9b76afa9cd9163c7a58389fac0c571434db9816a49bc48272247dc15760,proven_maximal,maximize_sum_testing_e_values_at_maximum_cardinality,proven_optimal,42238.51761313341,1.1716126476543995,36051.60604718298,0,0,5,,,11;50;146;160;190,0,0,5,0,0,0,0.0,0.0,0.25,0.0,0.0,0.0,0,5,0.3477873689989792,5,4,245,48,5,,method1_proportional_scores_gamma1,unrestricted_maximum_cardinality_then_maximum_testing_evalue_sum,200,0,2,exact_fixed_count_order_statistics,300.0,1,False
105,fc07a5fb790e3194fe77b645f960b060898bb10314279efb3407232215612939,proven_maximal,maximize_sum_testing_e_values_at_maximum_cardinality,proven_optimal,129155.7025787667,1.1116959943047533,116178.97630326512,0,0,8,,,51;102;125;126;156;163;174;182,0,0,8,0,0,0,0.0,0.0,0.4,0.0,0.0,0.0,0,8,0.4558370929953526,9,7,240,38,8,,method1_proportional_scores_gamma1,unrestricted_maximum_cardinality_then_maximum_testing_evalue_sum,200,0,6,exact_fixed_count_order_statistics,300.0,1,False
106,dfc1c542c592c54070642963b7995998a575fbd76b5a0ddabf648cab136f350a,proven_maximal,maximize_sum_testing_e_values_at_maximum_cardinality,proven_optimal,1662.4357917443372,0.03696844606972945,44969.04707892428,0,0,3,,,39;191;195,0,0,3,0,0,0,0.0,0.0,0.15,0.0,0.0,0.0,0,3,0.31956737500149757,5,4,243,45,3,,method1_proportional_scores_gamma1,unrestricted_maximum_cardinality_then_maximum_testing_evalue_sum,200,0,1,exact_fixed_count_order_statistics,300.0,1,False
107,8d0abc53d7571c393ff2861cb57eb5a210d3c826db7a7836c32c8706fdaee1d8,proven_maximal,maximize_sum_testing_e_values_at_maximum_cardinality,proven_optimal,2531.349730791301,0.7593738783052483,3333.469590026858,0,0,3,,,21;83;149,0,0,3,0,0,0,0.0,0.0,0.15,0.0,0.0,0.0,0,3,0.3676602539999294,5,4,243,45,3,,method1_proportional_scores_gamma1,unrestricted_maximum_cardinality_then_maximum_testing_evalue_sum,200,0,0,exact_fixed_count_order_statistics,300.0,1,False
108,557f236313ecfabd2c17c0ce050a3bd975c1c548ebda68fe9b2bc88dbd40fbb6,proven_maximal,maximize_sum_testing_e_values_at_maximum_cardinality,proven_optimal,14638.298017274414,1.3472125870926879,10865.618505587272,0,0,4,,,21;32;147;154,0,0,4,0,0,0,0.0,0.0,0.2,0.0,0.0,0.0,0,4,0.32183413700113306,5,4,246,49,4,,method1_proportional_scores_gamma1,unrestricted_maximum_cardinality_then_maximum_testing_evalue_sum,200,0,7,exact_fixed_count_order_statistics,300.0,1,False
109,f43bfd34aac2c145df5d532c05b7da159e62772f41d715b7b899d783fbff62b7,proven_maximal,maximize_sum_testing_e_values_at_maximum_cardinality,proven_optimal,21164.4489285023,2.026927351639553,10441.641586898846,0,0,7,,,8;15;33;84;92;114;134,0,0,7,0,0,0,0.0,0.0,0.35,0.0,0.0,0.0,0,7,0.3556000460012001,5,4,231,35,7,,method1_proportional_scores_gamma1,unrestricted_maximum_cardinality_then_maximum_testing_evalue_sum,200,0,7,exact_fixed_count_order_statistics,300.0,1,False
110,ac6378d56aac1563da145d8d2f4fbfeb4f54eb3085747bfb37e54e901cdc03ad,proven_maximal,maximize_sum_testing_e_values_at_maximum_cardinality,proven_optimal,4208.758499083086,0.27480666555916117,15315.343572614369,0,0,2,,,58;139,0,0,2,0,0,0,0.0,0.0,0.1,0.0,0.0,0.0,0,2,0.7157299159953254,9,6,256,51,2,,method1_proportional_scores_gamma1,unrestricted_maximum_cardinality_then_maximum_testing_evalue_sum,200,0,3,exact_fixed_count_order_statistics,300.0,1,False
111,acaea24c0870194d0c9081efeb15c33b94bc394537075374e3ddcbd428ab7c05,proven_maximal,maximize_sum_testing_e_values_at_maximum_cardinality,proven_optimal,39131.51674398401,1.1174920273838993,35017.26704537902,0,0,8,,,8;16;81;89;137;149;153;189,0,0,7,0,0,1,0.0,0.0,0.35,0.0,0.0,0.125,0,8,0.36494617800053675,5,4,233,33,8,,method1_proportional_scores_gamma1,unrestricted_maximum_cardinality_then_maximum_testing_evalue_sum,200,0,3,exact_fixed_count_order_statistics,300.0,1,False
112,42a7a72d5a7010aba230b0d3b699e17589c9e0c874abfedab5667f6375800efa,proven_maximal,maximize_sum_testing_e_values_at_maximum_cardinality,proven_optimal,244514.15626544598,1.193626119912814,204849.8706473565,0,0,5,,,10;65;106;139;165,0,0,5,0,0,0,0.0,0.0,0.25,0.0,0.0,0.0,0,5,0.155017854005564,3,3,242,45,5,,method1_proportional_scores_gamma1,unrestricted_maximum_cardinality_then_maximum_testing_evalue_sum,200,0,7,exact_fixed_count_order_statistics,300.0,1,False
113,afdfbf627b433ea78d180116a4326ff206d1821108cc26ba4aa899ba619abcbc,proven_maximal,maximize_sum_testing_e_values_at_maximum_cardinality,proven_optimal,31542.733997729752,1.3548425584323778,23281.4756234306,0,0,5,,,21;37;109;125;154,0,0,5,0,0,0,0.0,0.0,0.25,0.0,0.0,0.0,0,5,0.3281357329979073,5,4,235,38,5,,method1_proportional_scores_gamma1,unrestricted_maximum_cardinality_then_maximum_testing_evalue_sum,200,0,7,exact_fixed_count_order_statistics,300.0,1,False
114,aa669afa78ac6c596dfe58b2fe68b749468f51d45a1699f4b632a8b042af4d4b,proven_maximal,maximize_sum_testing_e_values_at_maximum_cardinality,proven_optimal,4858.492701168507,0.06262837055634952,77576.54650773814,0,0,6,,,18;35;57;85;103;168,0,0,6,0,0,0,0.0,0.0,0.3,0.0,0.0,0.0,0,6,0.3889815259972238,5,4,253,54,6,,method1_proportional_scores_gamma1,unrestricted_maximum_cardinality_then_maximum_testing_evalue_sum,200,0,4,exact_fixed_count_order_statistics,300.0,1,False
115,fd9f35ae8324da79f923a99643052edacaec278328db41e5002aa89d3e1eda87,proven_maximal,maximize_sum_testing_e_values_at_maximum_cardinality,proven_optimal,15712.796210723967,0.10036444809972847,156557.39166832002,0,0,7,,,20;21;35;49;111;160;178,0,0,7,0,0,0,0.0,0.0,0.35,0.0,0.0,0.0,0,7,0.49188497699651634,7,5,236,39,7,,method1_proportional_scores_gamma1,unrestricted_maximum_cardinality_then_maximum_testing_evalue_sum,200,0,6,exact_fixed_count_order_statistics,300.0,1,False
116,8b3c9aa15874ab16f8c31de7325a3c1b29fdf4633c29f558512e7a3ac993b038,proven_maximal,maximize_sum_testing_e_values_at_maximum_cardinality,proven_optimal,22635.779763337116,1.336296490854512,16939.189706965684,0,0,4,,,109;112;117;155,0,0,4,0,0,0,0.0,0.0,0.2,0.0,0.0,0.0,0,4,0.12082506199658383,3,3,235,38,4,,method1_proportional_scores_gamma1,unrestricted_maximum_cardinality_then_maximum_testing_evalue_sum,200,0,9,exact_fixed_count_order_statistics,300.0,1,False
117,2252dc78fdb5b94aa612d841b18b50ddfd9983b06492684be67e46f51c61b01a,proven_maximal,maximize_sum_testing_e_values_at_maximum_cardinality,proven_optimal,163850.5442852753,1.1401084676532893,143714.87357034767,0,0,6,,,10;102;110;134;167;189,0,0,6,0,0,0,0.0,0.0,0.3,0.0,0.0,0.0,0,6,0.36758277799526695,6,5,239,42,6,,method1_proportional_scores_gamma1,unrestricted_maximum_cardinality_then_maximum_testing_evalue_sum,200,0,3,exact_fixed_count_order_statistics,300.0,1,False
118,7ebb49f7d63fe529c4a9cb908a6376e9857318eb54761729d36ea0abc47cd356,proven_maximal,maximize_sum_testing_e_values_at_maximum_cardinality,proven_optimal,4706.940623618919,2.569677950743417,1831.7239412266367,0,0,6,,,1;50;105;126;180;198,0,0,6,0,0,0,0.0,0.0,0.3,0.0,0.0,0.0,0,6,0.14520349699887447,3,3,253,56,6,,method1_proportional_scores_gamma1,unrestricted_maximum_cardinality_then_maximum_testing_evalue_sum,200,0,0,exact_fixed_count_order_statistics,300.0,1,False
119,c540cb49e5710eefc0d692ea1d584d57e1ee8aeb3e4f39f32ef56aaeb5b581e0,proven_maximal,maximize_sum_testing_e_values_at_maximum_cardinality,proven_optimal,1754.2745494641035,0.24622486236223384,7124.684861772007,0,0,2,,,80;82,0,0,2,0,0,0,0.0,0.0,0.1,0.0,0.0,0.0,0,2,0.31436044199654134,5,4,246,47,2,,method1_proportional_scores_gamma1,unrestricted_maximum_cardinality_then_maximum_testing_evalue_sum,200,0,3,exact_fixed_count_order_statistics,300.0,1,False
120,db732bf8c016fe12d815e65d980523b5febc775a471a57bde16c80ed36812bbe,proven_maximal,maximize_sum_testing_e_values_at_maximum_cardinality,proven_optimal,17575.719424352348,1.1055788717777524,15897.300385354583,0,0,5,,,80;84;117;182;194,0,0,5,0,0,0,0.0,0.0,0.25,0.0,0.0,0.0,0,5,0.4394667529995786,8,6,242,40,5,,method1_proportional_scores_gamma1,unrestricted_maximum_cardinality_then_maximum_testing_evalue_sum,200,0,4,exact_fixed_count_order_statistics,300.0,1,False
121,86a0a45b4a3911b76d4d8f3a8d58c32d9834eb8fe59abff31f68738979250876,proven_maximal,maximize_sum_testing_e_values_at_maximum_cardinality,proven_optimal,2588.3530626404026,0.10190588120128957,25399.44733442576,0,0,2,,,29;162,0,0,2,0,0,0,0.0,0.0,0.1,0.0,0.0,0.0,0,2,0.48807544700684957,8,6,242,39,2,,method1_proportional_scores_gamma1,unrestricted_maximum_cardinality_then_maximum_testing_evalue_sum,200,0,2,exact_fixed_count_order_statistics,300.0,1,False
122,3abfa0281b629f58c6660790715a9b5de943cc070d2884dbccaa614e1d86892d,proven_maximal,maximize_sum_testing_e_values_at_maximum_cardinality,proven_optimal,509.77028248988813,0.17358086197449263,2936.788518568354,0,0,2,,,47;94,0,0,2,0,0,0,0.0,0.0,0.1,0.0,0.0,0.0,0,2,0.3195397229937953,5,4,239,39,2,,method1_proportional_scores_gamma1,unrestricted_maximum_cardinality_then_maximum_testing_evalue_sum,200,0,0,exact_fixed_count_order_statistics,300.0,1,False
123,bf05989fa1b0ea72f7d78cf75ee14856ac347d8c63769314099740e050bc2395,proven_maximal,maximize_sum_testing_e_values_at_maximum_cardinality,proven_optimal,24510.85339549389,1.3054264281910162,18776.12775885011,0,0,5,,,71;102;111;153;180,0,0,5,0,0,0,0.0,0.0,0.25,0.0,0.0,0.0,0,5,0.44971265899948776,7,5,248,49,5,,method1_proportional_scores_gamma1,unrestricted_maximum_cardinality_then_maximum_testing_evalue_sum,200,0,8,exact_fixed_count_order_statistics,300.0,1,False
124,3d6251e72684dd731de4507f7b2183436f74a2940d46ac60f08da779201c92ff,proven_maximal,maximize_sum_testing_e_values_at_maximum_cardinality,proven_optimal,4843.527229281588,0.47266611262412117,10247.248744767348,0,0,6,,,4;20;32;41;92;123,0,0,6,0,0,0,0.0,0.0,0.3,0.0,0.0,0.0,0,6,0.18482805600069696,3,3,232,36,6,,method1_proportional_scores_gamma1,unrestricted_maximum_cardinality_then_maximum_testing_evalue_sum,200,0,5,exact_fixed_count_order_statistics,300.0,1,False
125,390e7a27d62d30dc2db2e07054329f5352edde2a1ed7bffdc43049430895a71c,proven_maximal,maximize_sum_testing_e_values_at_maximum_cardinality,proven_optimal,0.0,0.0,13034.724435634364,0,0,0,,,,0,0,0,0,0,0,0.0,0.0,0.0,0.0,0.0,0.0,0,0,0.1192306059965631,3,3,233,33,0,,method1_proportional_scores_gamma1,unrestricted_maximum_cardinality_then_maximum_testing_evalue_sum,200,0,1,exact_fixed_count_order_statistics,300.0,1,False
126,9c5dd953b40d2cbd30711719f6a27aa59dc320cefb1bbfe03d8900d167788b3e,proven_maximal,maximize_sum_testing_e_values_at_maximum_cardinality,proven_optimal,50994.79181145935,1.0045683000030539,50762.89169318236,0,0,2,,,46;71,0,0,2,0,0,0,0.0,0.0,0.1,0.0,0.0,0.0,0,2,0.4736870859996998,7,5,242,41,2,,method1_proportional_scores_gamma1,unrestricted_maximum_cardinality_then_maximum_testing_evalue_sum,200,0,6,exact_fixed_count_order_statistics,300.0,1,False
127,4d0847b7d4bebfd109c8749784c71f6798298125b7e962a29d0941c1a3a0b4dd,proven_maximal,maximize_sum_testing_e_values_at_maximum_cardinality,proven_optimal,689379.4654571237,1.0562885192528162,652643.1489994496,0,0,10,,,22;48;75;80;94;147;154;158;186;193,0,0,10,0,0,0,0.0,0.0,0.5,0.0,0.0,0.0,0,10,0.2560077420057496,5,5,245,51,10,,method1_proportional_scores_gamma1,unrestricted_maximum_cardinality_then_maximum_testing_evalue_sum,200,0,9,exact_fixed_count_order_statistics,300.0,1,False
128,404a48ceb28fa61d4ecaed7235c55821534de3f878cc7ef16cb8fddff7c2cd5d,proven_maximal,maximize_sum_testing_e_values_at_maximum_cardinality,proven_optimal,645.3841286508051,0.2988328186431456,2159.682900898169,0,0,1,,,61,0,0,1,0,0,0,0.0,0.0,0.05,0.0,0.0,0.0,0,1,0.1551508409975213,3,3,241,42,1,,method1_proportional_scores_gamma1,unrestricted_maximum_cardinality_then_maximum_testing_evalue_sum,200,0,0,exact_fixed_count_order_statistics,300.0,1,False
129,a0cef6d9ed3f0a4799b837e1503efbbb61336c6b2fb730ac6bd61298821a8627,proven_maximal,maximize_sum_testing_e_values_at_maximum_cardinality,proven_optimal,0.0,0.0,6805.770954148896,0,0,0,,,,0,0,0,0,0,0,0.0,0.0,0.0,0.0,0.0,0.0,0,0,0.35646479899878614,6,4,247,46,0,,method1_proportional_scores_gamma1,unrestricted_maximum_cardinality_then_maximum_testing_evalue_sum,200,0,4,exact_fixed_count_order_statistics,300.0,1,False
130,3d96ff1c0ec67845f80bf125f64b06b048f55b5f77bbc60bd5aab054db12989c,proven_maximal,maximize_sum_testing_e_values_at_maximum_cardinality,proven_optimal,0.0,0.0,33241.947368474124,0,0,0,,,,0,0,0,0,0,0,0.0,0.0,0.0,0.0,0.0,0.0,0,0,0.13326701400364982,3,3,246,46,0,,method1_proportional_scores_gamma1,unrestricted_maximum_cardinality_then_maximum_testing_evalue_sum,200,0,6,exact_fixed_count_order_statistics,300.0,1,False
131,87f4c356e24f7c99c8ea1620a0738b20070a334f9314ae2ca06009ca61b0aadc,proven_maximal,maximize_sum_testing_e_values_at_maximum_cardinality,proven_optimal,352.30930235212645,0.24190132284281995,1456.4174276179804,0,0,2,,,30;118,0,0,2,0,0,0,0.0,0.0,0.1,0.0,0.0,0.0,0,2,0.36742257599689765,7,6,241,40,2,,method1_proportional_scores_gamma1,unrestricted_maximum_cardinality_then_maximum_testing_evalue_sum,200,0,0,exact_fixed_count_order_statistics,300.0,1,False
132,151935fb254fa4548db54ad953e33aba3931ca0657c83f2326e5958eebcb056d,proven_maximal,maximize_sum_testing_e_values_at_maximum_cardinality,proven_optimal,31114.53368171224,1.0501974546978583,29627.31774156117,0,0,5,,,41;142;145;189;199,0,0,4,0,0,1,0.0,0.0,0.2,0.0,0.0,0.2,0,5,0.3592659339992679,5,4,246,42,5,,method1_proportional_scores_gamma1,unrestricted_maximum_cardinality_then_maximum_testing_evalue_sum,200,0,1,exact_fixed_count_order_statistics,300.0,1,False
133,0ba49ce95ce8dad7c6ca400ca5ea0a6674ef815f02f3fa917a855773b4d05b6a,proven_maximal,maximize_sum_testing_e_values_at_maximum_cardinality,proven_optimal,81220.10083030717,1.09954983087856,73866.68484629829,0,0,5,,,17;83;112;113;137,0,0,5,0,0,0,0.0,0.0,0.25,0.0,0.0,0.0,0,5,0.3442981640037033,5,4,238,39,5,,method1_proportional_scores_gamma1,unrestricted_maximum_cardinality_then_maximum_testing_evalue_sum,200,0,9,exact_fixed_count_order_statistics,300.0,1,False
134,d0112ed1c25fecb61504ad788785ce01c5ab11f47e919f9583d3ea4f3e90938b,proven_maximal,maximize_sum_testing_e_values_at_maximum_cardinality,proven_optimal,5957.6493205249135,0.8922686567589622,6676.968058213789,0,0,2,,,38;87,0,0,2,0,0,0,0.0,0.0,0.1,0.0,0.0,0.0,0,2,0.5576811369974166,7,5,243,43,2,,method1_proportional_scores_gamma1,unrestricted_maximum_cardinality_then_maximum_testing_evalue_sum,200,0,3,exact_fixed_count_order_statistics,300.0,1,False
135,3adf9c3a305275473bec55b891e10f16cb8b8e1fdbb528ef345bd09796e5b699,proven_maximal,maximize_sum_testing_e_values_at_maximum_cardinality,proven_optimal,3869.207200802914,1.4444785119844554,2678.6187324360503,0,0,3,,,12;94;108,0,0,3,0,0,0,0.0,0.0,0.15,0.0,0.0,0.0,0,3,0.38303448499937076,5,4,238,39,3,,method1_proportional_scores_gamma1,unrestricted_maximum_cardinality_then_maximum_testing_evalue_sum,200,0,0,exact_fixed_count_order_statistics,300.0,1,False
136,55507aa7ab118db9cc28bccf2e8aeb16aca84ecc16f80c1620ece6d19c410c76,proven_maximal,maximize_sum_testing_e_values_at_maximum_cardinality,proven_optimal,8564.7603803749,1.015288164302444,8435.792597128657,0,0,2,,,100;148,0,0,2,0,0,0,0.0,0.0,0.1,0.0,0.0,0.0,0,2,0.13768071999948006,3,3,250,52,2,,method1_proportional_scores_gamma1,unrestricted_maximum_cardinality_then_maximum_testing_evalue_sum,200,0,2,exact_fixed_count_order_statistics,300.0,1,False
137,4e6f831dd5fc8de563bef55e12d1c33983c92b004913c21565aa4a41e62d81d5,proven_maximal,maximize_sum_testing_e_values_at_maximum_cardinality,proven_optimal,22435.004803394546,1.6117140734526887,13919.965813373608,0,0,7,,,22;104;108;109;168;173;199,0,0,7,0,0,0,0.0,0.0,0.35,0.0,0.0,0.0,0,7,0.4160212299975683,11,10,256,47,7,,method1_proportional_scores_gamma1,unrestricted_maximum_cardinality_then_maximum_testing_evalue_sum,200,0,6,exact_fixed_count_order_statistics,300.0,1,False
138,68111c04944fb3beb0ad0f841daf233d15e9135675da71dcf63a6f7ef557c74b,proven_maximal,maximize_sum_testing_e_values_at_maximum_cardinality,proven_optimal,0.0,0.0,39822.01392209178,0,0,0,,,,0,0,0,0,0,0,0.0,0.0,0.0,0.0,0.0,0.0,0,0,0.1558607339975424,3,3,240,40,0,,method1_proportional_scores_gamma1,unrestricted_maximum_cardinality_then_maximum_testing_evalue_sum,200,0,3,exact_fixed_count_order_statistics,300.0,1,False
139,6f5f4060638c2ef3655707227b6a309d0fc985737eb2ec202ffd60d24286a24d,proven_maximal,maximize_sum_testing_e_values_at_maximum_cardinality,proven_optimal,0.0,0.0,684.4266699709526,0,0,0,,,,0,0,0,0,0,0,0.0,0.0,0.0,0.0,0.0,0.0,0,0,0.12942009900143603,3,3,241,41,0,,method1_proportional_scores_gamma1,unrestricted_maximum_cardinality_then_maximum_testing_evalue_sum,200,0,0,exact_fixed_count_order_statistics,300.0,1,False
140,0bff57db7584168a50ec0fbee4b48f284a4fa411768c0047e38b080913ae73ff,proven_maximal,maximize_sum_testing_e_values_at_maximum_cardinality,proven_optimal,1861.0053738351558,0.2943280757138095,6322.894509203084,0,0,4,,,103;122;164;189,0,0,4,0,0,0,0.0,0.0,0.2,0.0,0.0,0.0,0,4,0.3719541210011812,5,4,244,45,4,,method1_proportional_scores_gamma1,unrestricted_maximum_cardinality_then_maximum_testing_evalue_sum,200,0,1,exact_fixed_count_order_statistics,300.0,1,False
141,791db787d8ff0e117e80555d84d4acc3692729893d06b90e1c2e5216515b16a9,proven_maximal,maximize_sum_testing_e_values_at_maximum_cardinality,proven_optimal,12678.075886284289,2.7218181519668763,4657.943763481293,0,0,6,,,19;61;79;133;138;145,0,0,6,0,0,0,0.0,0.0,0.3,0.0,0.0,0.0,0,6,0.4812848590008798,7,5,247,47,6,,method1_proportional_scores_gamma1,unrestricted_maximum_cardinality_then_maximum_testing_evalue_sum,200,0,3,exact_fixed_count_order_statistics,300.0,1,False
142,80a145666a40bbce3fd8daaa50b18790ae06fcc20a44acf40a174a959eea315d,proven_maximal,maximize_sum_testing_e_values_at_maximum_cardinality,proven_optimal,4631.914066738811,1.385463180730595,3343.22422361038,0,0,3,,,18;65;93,0,0,3,0,0,0,0.0,0.0,0.15,0.0,0.0,0.0,0,3,0.5430841220004368,7,5,250,48,3,,method1_proportional_scores_gamma1,unrestricted_maximum_cardinality_then_maximum_testing_evalue_sum,200,0,6,exact_fixed_count_order_statistics,300.0,1,False
143,9cda1e756e8dcd819d5038fa3cfa50daf0679369a1a88763cdc970c4938ff185,proven_maximal,maximize_sum_testing_e_values_at_maximum_cardinality,proven_optimal,16262.129021277502,0.1508457999801748,107806.30964478152,0,0,2,,,141;143,0,0,2,0,0,0,0.0,0.0,0.1,0.0,0.0,0.0,0,2,0.3405201660061721,6,5,238,38,2,,method1_proportional_scores_gamma1,unrestricted_maximum_cardinality_then_maximum_testing_evalue_sum,200,0,2,exact_fixed_count_order_statistics,300.0,1,False
144,687698c3efb34bb9b2f9ac881634530ebc4c77def2843a863a739d28b7ae2918,proven_maximal,maximize_sum_testing_e_values_at_maximum_cardinality,proven_optimal,173.2744347773598,0.09520468497733969,1820.020042276302,0,0,1,,,93,0,0,1,0,0,0,0.0,0.0,0.05,0.0,0.0,0.0,0,1,0.2283064570001443,3,3,238,39,1,,method1_proportional_scores_gamma1,unrestricted_maximum_cardinality_then_maximum_testing_evalue_sum,200,0,0,exact_fixed_count_order_statistics,300.0,1,False
145,9346191a9896532382fe389173feb3aec6cc1978a95c1913be505202d5d92a6e,proven_maximal,maximize_sum_testing_e_values_at_maximum_cardinality,proven_optimal,809.8232976535137,1.0117300050694837,800.4342004247433,0,0,3,,,4;124;188,0,0,3,0,0,0,0.0,0.0,0.15,0.0,0.0,0.0,0,3,0.18583800500346115,3,3,239,41,3,,method1_proportional_scores_gamma1,unrestricted_maximum_cardinality_then_maximum_testing_evalue_sum,200,0,0,exact_fixed_count_order_statistics,300.0,1,False
146,b25b518c4375c0493fd7f97679e3fd364361da48b111596924f12660a8019b72,proven_maximal,maximize_sum_testing_e_values_at_maximum_cardinality,proven_optimal,400423.7129755631,1.2482276457949952,320793.8185991174,0,0,2,,,125;130,0,0,2,0,0,0,0.0,0.0,0.1,0.0,0.0,0.0,0,2,0.5042239969989168,10,8,249,44,2,,method1_proportional_scores_gamma1,unrestricted_maximum_cardinality_then_maximum_testing_evalue_sum,200,0,4,exact_fixed_count_order_statistics,300.0,1,False
147,96442ed9e271b51622a84805c98d2f6a166a70b47e15dbeaf7e7474c32a79f2a,proven_maximal,maximize_sum_testing_e_values_at_maximum_cardinality,proven_optimal,1667.748699932577,1.0,1667.748699932577,0,0,1,,,188,0,0,1,0,0,0,0.0,0.0,0.05,0.0,0.0,0.0,0,1,0.20887416999903508,3,3,240,41,1,,method1_proportional_scores_gamma1,unrestricted_maximum_cardinality_then_maximum_testing_evalue_sum,200,0,0,exact_fixed_count_order_statistics,300.0,1,False
148,05f37a57e43cbddfaeb7076d64de85482213e2451a53a41464abbfdf6c569ca2,proven_maximal,maximize_sum_testing_e_values_at_maximum_cardinality,proven_optimal,134396.6732652888,1.0003729999685942,134346.56200188134,0,0,3,,,56;151;198,0,0,3,0,0,0,0.0,0.0,0.15,0.0,0.0,0.0,0,3,0.2402023949980503,4,4,240,40,3,,method1_proportional_scores_gamma1,unrestricted_maximum_cardinality_then_maximum_testing_evalue_sum,200,0,2,exact_fixed_count_order_statistics,300.0,1,False
149,189e517db6a14e80d80099081edf40b52e87ad02eb528aa1d09ea77295e301de,proven_maximal,maximize_sum_testing_e_values_at_maximum_cardinality,proven_optimal,16708.167503688597,1.1833030019390562,14119.94009675395,0,0,6,,,12;42;60;121;170;185,0,0,6,0,0,0,0.0,0.0,0.3,0.0,0.0,0.0,0,6,0.3529952940007206,5,4,236,37,6,,method1_proportional_scores_gamma1,unrestricted_maximum_cardinality_then_maximum_testing_evalue_sum,200,0,2,exact_fixed_count_order_statistics,300.0,1,False
150,1d6c2df357228deb17307eb771ba05758bde999b3dfa335203f6bf09444c0af1,proven_maximal,maximize_sum_testing_e_values_at_maximum_cardinality,proven_optimal,25323.61676156158,1.5655027308970413,16176.028480672798,0,0,8,,,7;12;20;35;95;167;170;196,0,0,8,0,0,0,0.0,0.0,0.4,0.0,0.0,0.0,0,8,0.18580794999434147,3,3,239,45,8,,method1_proportional_scores_gamma1,unrestricted_maximum_cardinality_then_maximum_testing_evalue_sum,200,0,6,exact_fixed_count_order_statistics,300.0,1,False
151,66b2f939c0729e33c3d12f9de5b23cb9faa5779b569660e0126b226721f1b16f,proven_maximal,maximize_sum_testing_e_values_at_maximum_cardinality,proven_optimal,1960.097663363085,1.7438430305226473,1124.0103776861292,0,0,3,,,96;133;173,0,0,3,0,0,0,0.0,0.0,0.15,0.0,0.0,0.0,0,3,0.31809500099916477,5,4,233,35,3,,method1_proportional_scores_gamma1,unrestricted_maximum_cardinality_then_maximum_testing_evalue_sum,200,0,0,exact_fixed_count_order_statistics,300.0,1,False
152,388bc979928d2608f452613619260b3085d9da4b332f25ba3595e1450b4b6d5a,proven_maximal,maximize_sum_testing_e_values_at_maximum_cardinality,proven_optimal,0.0,0.0,1583.3495934832729,0,0,0,,,,0,0,0,0,0,0,0.0,0.0,0.0,0.0,0.0,0.0,0,0,0.232678066000517,3,3,243,43,0,,method1_proportional_scores_gamma1,unrestricted_maximum_cardinality_then_maximum_testing_evalue_sum,200,0,0,exact_fixed_count_order_statistics,300.0,1,False
153,0ddfddd3f562c48b8a4c5a74e417d278bc846bb599c938145c5ecc9f6a418d8e,proven_maximal,maximize_sum_testing_e_values_at_maximum_cardinality,proven_optimal,6109.829909076893,1.112146848525347,5493.725866488075,0,0,2,,,11;50,0,0,2,0,0,0,0.0,0.0,0.1,0.0,0.0,0.0,0,2,0.3657376970004407,5,4,235,36,2,,method1_proportional_scores_gamma1,unrestricted_maximum_cardinality_then_maximum_testing_evalue_sum,200,0,4,exact_fixed_count_order_statistics,300.0,1,False
154,d042652cbab330667c83dd4789f9d88fc80a883b13c4d05f818296e15eb85c8c,proven_maximal,maximize_sum_testing_e_values_at_maximum_cardinality,proven_optimal,29504.69874398007,1.0112812274294525,29175.562587053297,0,0,3,,,0;78;153,0,0,3,0,0,0,0.0,0.0,0.15,0.0,0.0,0.0,0,3,0.49663428599887993,6,4,235,35,3,,method1_proportional_scores_gamma1,unrestricted_maximum_cardinality_then_maximum_testing_evalue_sum,200,0,3,exact_fixed_count_order_statistics,300.0,1,False
155,a7858222259107d32a5a6bdd932d5128911a3e177c95af19c127df47b2769f2e,proven_maximal,maximize_sum_testing_e_values_at_maximum_cardinality,proven_optimal,102036.1429871788,1.2177279006181878,83792.23547015672,0,0,4,,,121;126;138;165,0,0,4,0,0,0,0.0,0.0,0.2,0.0,0.0,0.0,0,4,0.4106784510004218,5,4,243,45,4,,method1_proportional_scores_gamma1,unrestricted_maximum_cardinality_then_maximum_testing_evalue_sum,200,0,6,exact_fixed_count_order_statistics,300.0,1,False
156,7d5b5a312f596c7c08c4d31ba5fba159203846652d5bbfdf950f9ecfdc306746,proven_maximal,maximize_sum_testing_e_values_at_maximum_cardinality,proven_optimal,41736.15256796329,1.0339212349197955,40366.858865415306,0,0,2,,,70;148,0,0,2,0,0,0,0.0,0.0,0.1,0.0,0.0,0.0,0,2,0.16536425900267204,3,3,238,39,2,,method1_proportional_scores_gamma1,unrestricted_maximum_cardinality_then_maximum_testing_evalue_sum,200,0,5,exact_fixed_count_order_statistics,300.0,1,False
157,fd60e8f8e42412758bbcf3844596da7a50f79d3c4fb09ad40a3279d3f069b9ae,proven_maximal,maximize_sum_testing_e_values_at_maximum_cardinality,proven_optimal,1070.244318202501,0.11732520094009426,9122.03268885909,0,0,2,,,5;38,0,0,2,0,0,0,0.0,0.0,0.1,0.0,0.0,0.0,0,2,0.3590438940009335,5,4,239,38,2,,method1_proportional_scores_gamma1,unrestricted_maximum_cardinality_then_maximum_testing_evalue_sum,200,0,1,exact_fixed_count_order_statistics,300.0,1,False
158,e2ee06dea80913dae1a4b4d90b96d0b0d16ae6f785878c4cc3d8e7dcfb81b814,proven_maximal,maximize_sum_testing_e_values_at_maximum_cardinality,proven_optimal,0.0,0.0,1834.127935976088,0,0,0,,,,0,0,0,0,0,0,0.0,0.0,0.0,0.0,0.0,0.0,0,0,0.16552753100404516,3,3,234,34,0,,method1_proportional_scores_gamma1,unrestricted_maximum_cardinality_then_maximum_testing_evalue_sum,200,0,0,exact_fixed_count_order_statistics,300.0,1,False
159,360399ba15fccfe03096270d40396f9023595b04cc0a1934dd320c82d223ab3e,proven_maximal,maximize_sum_testing_e_values_at_maximum_cardinality,proven_optimal,4742.775054894846,0.05626297616493126,84296.55482482315,0,0,1,,,50,0,0,1,0,0,0,0.0,0.0,0.05,0.0,0.0,0.0,0,1,0.6443875949989888,9,6,240,36,1,,method1_proportional_scores_gamma1,unrestricted_maximum_cardinality_then_maximum_testing_evalue_sum,200,0,2,exact_fixed_count_order_statistics,300.0,1,False
160,60dbbd6d33fbfbf7add5f034d9c36281e6adb7524414269533a088d01b5e0f0f,proven_maximal,maximize_sum_testing_e_values_at_maximum_cardinality,proven_optimal,9555.150393553507,1.2189505939116423,7838.8332072514895,0,0,2,,,160;192,0,0,2,0,0,0,0.0,0.0,0.1,0.0,0.0,0.0,0,2,0.15668793200165965,3,3,227,29,2,,method1_proportional_scores_gamma1,unrestricted_maximum_cardinality_then_maximum_testing_evalue_sum,200,0,3,exact_fixed_count_order_statistics,300.0,1,False
161,273b40f31e3d1637a6b09104931830bda77e902c6b165cdff59347cef8fb5a08,proven_maximal,maximize_sum_testing_e_values_at_maximum_cardinality,proven_optimal,5767.364539345603,0.15249157215839348,37820.87401758192,0,0,6,,,6;23;39;45;130;158,0,0,5,0,0,1,0.0,0.0,0.25,0.0,0.0,0.16666666666666666,0,6,0.4870989080009167,8,6,246,42,6,,method1_proportional_scores_gamma1,unrestricted_maximum_cardinality_then_maximum_testing_evalue_sum,200,0,3,exact_fixed_count_order_statistics,300.0,1,False
162,6695d7e9763632a701d7c2765ad479c84dac385f75ed7c4e22969ce6a2b5c910,proven_maximal,maximize_sum_testing_e_values_at_maximum_cardinality,proven_optimal,4470.214355832044,1.0437581324928422,4282.806731436604,0,0,2,,,143;166,0,0,2,0,0,0,0.0,0.0,0.1,0.0,0.0,0.0,0,2,0.7103196569951251,9,6,249,45,2,,method1_proportional_scores_gamma1,unrestricted_maximum_cardinality_then_maximum_testing_evalue_sum,200,0,1,exact_fixed_count_order_statistics,300.0,1,False
163,6c006b15dc310a902d5b1470f9eed8ef64591b2ae8577e9a015e49845f318388,proven_maximal,maximize_sum_testing_e_values_at_maximum_cardinality,proven_optimal,16056.768108679342,1.6379337628475934,9803.06314753791,0,0,2,,,43;106,0,0,2,0,0,0,0.0,0.0,0.1,0.0,0.0,0.0,0,2,0.528456478001317,9,6,248,44,2,,method1_proportional_scores_gamma1,unrestricted_maximum_cardinality_then_maximum_testing_evalue_sum,200,0,6,exact_fixed_count_order_statistics,300.0,1,False
164,32bc16bc6c7e35894d594fb19a18dc479611c1b42cc59e901fed5a3546d164f8,proven_maximal,maximize_sum_testing_e_values_at_maximum_cardinality,proven_optimal,54397.88556819252,1.061551829580027,51243.73963889592,0,0,4,,,0;21;120;181,0,0,4,0,0,0,0.0,0.0,0.2,0.0,0.0,0.0,0,4,0.13246275099663762,3,3,238,40,4,,method1_proportional_scores_gamma1,unrestricted_maximum_cardinality_then_maximum_testing_evalue_sum,200,0,4,exact_fixed_count_order_statistics,300.0,1,False
165,7d54685c9e10cc287c21aa229c6a324bf96cbecfd171dc5b16699722e13879cf,proven_maximal,maximize_sum_testing_e_values_at_maximum_cardinality,proven_optimal,48537.85549632954,1.2482755258018228,38883.92786132014,0,0,10,,,40;64;66;85;87;103;106;153;187;192,0,0,10,0,0,0,0.0,0.0,0.5,0.0,0.0,0.0,0,10,0.18026492900389712,4,4,236,41,10,,method1_proportional_scores_gamma1,unrestricted_maximum_cardinality_then_maximum_testing_evalue_sum,200,0,10,exact_fixed_count_order_statistics,300.0,1,False
166,732e8dea2947305422e6119b02588cf8f376572c5486f92cb3d0db68b54dca62,proven_maximal,maximize_sum_testing_e_values_at_maximum_cardinality,proven_optimal,1954.1689947603131,0.2667523184989197,7325.78073081763,0,0,3,,,55;95;103,0,0,3,0,0,0,0.0,0.0,0.15,0.0,0.0,0.0,0,3,0.6131248279998545,9,6,242,38,3,,method1_proportional_scores_gamma1,unrestricted_maximum_cardinality_then_maximum_testing_evalue_sum,200,0,1,exact_fixed_count_order_statistics,300.0,1,False
167,db66f6283e2df021a21c7e93af3592978780448bd9ce65dc30b95acb36a03740,proven_maximal,maximize_sum_testing_e_values_at_maximum_cardinality,proven_optimal,0.0,0.0,5267.632703336082,0,0,0,,,,0,0,0,0,0,0,0.0,0.0,0.0,0.0,0.0,0.0,0,0,0.13188984199950937,3,3,248,48,0,,method1_proportional_scores_gamma1,unrestricted_maximum_cardinality_then_maximum_testing_evalue_sum,200,0,4,exact_fixed_count_order_statistics,300.0,1,False
168,dd7ca97dcd934579429a57af3dfabdf7b0be7466a8f44a78c9f6a5671479d250,proven_maximal,maximize_sum_testing_e_values_at_maximum_cardinality,proven_optimal,22648.09766043662,1.23170638677769,18387.57832512917,0,0,2,,,167;174,0,0,2,0,0,0,0.0,0.0,0.1,0.0,0.0,0.0,0,2,0.1606467919991701,3,3,233,35,2,,method1_proportional_scores_gamma1,unrestricted_maximum_cardinality_then_maximum_testing_evalue_sum,200,0,2,exact_fixed_count_order_statistics,300.0,1,False
169,eef5465921f3c57121490ad052b9d490d64f37eb11a593b2991c397bd35f883f,proven_maximal,maximize_sum_testing_e_values_at_maximum_cardinality,proven_optimal,525.1131200386487,0.03349626019336579,15676.76860065267,0,0,2,,,37;88,0,0,2,0,0,0,0.0,0.0,0.1,0.0,0.0,0.0,0,2,0.7392149229999632,13,9,251,42,2,,method1_proportional_scores_gamma1,unrestricted_maximum_cardinality_then_maximum_testing_evalue_sum,200,0,3,exact_fixed_count_order_statistics,300.0,1,False
170,20e6241e4e6e178ecf57d993aed49b1048bdf5c3592c52df1c9ae663de29002e,proven_maximal,maximize_sum_testing_e_values_at_maximum_cardinality,proven_optimal,17841.941396514634,1.028554618450116,17346.615412023406,0,0,2,,,41;157,0,0,2,0,0,0,0.0,0.0,0.1,0.0,0.0,0.0,0,2,0.4326842829977977,5,4,240,41,2,,method1_proportional_scores_gamma1,unrestricted_maximum_cardinality_then_maximum_testing_evalue_sum,200,0,3,exact_fixed_count_order_statistics,300.0,1,False
171,206fc392a377fdfd5ea5e5141d9739f423a2ba1b06703d309a15da4682a456fe,proven_maximal,maximize_sum_testing_e_values_at_maximum_cardinality,proven_optimal,8905.457178217974,1.4119076978923935,6307.393317220011,0,0,5,,,21;34;103;146;152,0,0,5,0,0,0,0.0,0.0,0.25,0.0,0.0,0.0,0,5,0.4821821059958893,7,5,233,34,5,,method1_proportional_scores_gamma1,unrestricted_maximum_cardinality_then_maximum_testing_evalue_sum,200,0,1,exact_fixed_count_order_statistics,300.0,1,False
172,42f1790e890269ee2a37ad7e880d1f639af962adb540602c0bb763486a5795c9,proven_maximal,maximize_sum_testing_e_values_at_maximum_cardinality,proven_optimal,1420.7769261918413,0.5115025198268986,2777.653816197537,0,0,1,,,44,0,0,1,0,0,0,0.0,0.0,0.05,0.0,0.0,0.0,0,1,0.15831874000286916,3,3,240,41,1,,method1_proportional_scores_gamma1,unrestricted_maximum_cardinality_then_maximum_testing_evalue_sum,200,0,3,exact_fixed_count_order_statistics,300.0,1,False
173,821dab2af50f1b60146637db58e2fed9fc342ac599ba07401519e7dd21fce4c9,proven_maximal,maximize_sum_testing_e_values_at_maximum_cardinality,proven_optimal,2684.7959873599466,1.0678412685063983,2514.227597810676,0,0,3,,,22;50;128,0,0,3,0,0,0,0.0,0.0,0.15,0.0,0.0,0.0,0,3,0.4096425699972315,5,4,239,40,3,,method1_proportional_scores_gamma1,unrestricted_maximum_cardinality_then_maximum_testing_evalue_sum,200,0,0,exact_fixed_count_order_statistics,300.0,1,False
174,ee27a186262f3bcdac6b4a4122b314b7fbf78d73bafc7757cc521a217167fa6e,proven_maximal,maximize_sum_testing_e_values_at_maximum_cardinality,proven_optimal,82.89108017263601,0.008633257965146504,9601.367236711472,0,0,1,,,123,0,0,1,0,0,0,0.0,0.0,0.05,0.0,0.0,0.0,0,1,0.12273215000459459,3,3,238,39,1,,method1_proportional_scores_gamma1,unrestricted_maximum_cardinality_then_maximum_testing_evalue_sum,200,0,5,exact_fixed_count_order_statistics,300.0,1,False
175,53113f003822810aedcde3e39d74c0901b1e387020127da5c6c4ce2ba4a3d7c3,proven_maximal,maximize_sum_testing_e_values_at_maximum_cardinality,proven_optimal,8526.35261046957,1.2159513032057614,7012.083944472532,0,0,4,,,11;81;104;156,0,0,4,0,0,0,0.0,0.0,0.2,0.0,0.0,0.0,0,4,0.17518697800551308,3,3,238,42,4,,method1_proportional_scores_gamma1,unrestricted_maximum_cardinality_then_maximum_testing_evalue_sum,200,0,5,exact_fixed_count_order_statistics,300.0,1,False
176,3d743b2eb50e945aeb66cbd10627e2e6baf256bb801f5a375638806141d2150b,proven_maximal,maximize_sum_testing_e_values_at_maximum_cardinality,proven_optimal,37430.786718315125,1.129244627225636,33146.747671739,0,0,4,,,30;110;142;191,0,0,4,0,0,0,0.0,0.0,0.2,0.0,0.0,0.0,0,4,0.3754778419970535,5,4,241,44,4,,method1_proportional_scores_gamma1,unrestricted_maximum_cardinality_then_maximum_testing_evalue_sum,200,0,3,exact_fixed_count_order_statistics,300.0,1,False
177,2b3098e7179d968320b842a42e503615434ee6f92b6ad819c9e9ec0ae6f3cf9d,proven_maximal,maximize_sum_testing_e_values_at_maximum_cardinality,proven_optimal,4130.960493569553,1.3748996154594406,3004.5542577224005,0,0,2,,,112;192,0,0,2,0,0,0,0.0,0.0,0.1,0.0,0.0,0.0,0,2,0.5546891549965949,8,6,246,43,2,,method1_proportional_scores_gamma1,unrestricted_maximum_cardinality_then_maximum_testing_evalue_sum,200,0,0,exact_fixed_count_order_statistics,300.0,1,False
178,f143213231815647e8084b0e5779dc3ef4d2074bbc5dd6365e5e3b549306c04f,proven_maximal,maximize_sum_testing_e_values_at_maximum_cardinality,proven_optimal,1460.61548161474,0.899097334709669,1624.5354370741106,0,0,1,,,103,0,0,1,0,0,0,0.0,0.0,0.05,0.0,0.0,0.0,0,1,0.16061302200250793,3,3,233,34,1,,method1_proportional_scores_gamma1,unrestricted_maximum_cardinality_then_maximum_testing_evalue_sum,200,0,0,exact_fixed_count_order_statistics,300.0,1,False
179,a2a27608ffb00e1090f5a022baa2400814c72bc3520ffe03e95f299e0e7ec723,proven_maximal,maximize_sum_testing_e_values_at_maximum_cardinality,proven_optimal,48335.328180960125,1.8613544173190697,25967.82629424119,0,0,2,,,30;147,0,0,2,0,0,0,0.0,0.0,0.1,0.0,0.0,0.0,0,2,0.5461279720038874,5,4,244,45,2,,method1_proportional_scores_gamma1,unrestricted_maximum_cardinality_then_maximum_testing_evalue_sum,200,0,6,exact_fixed_count_order_statistics,300.0,1,False
180,5f15624ea759b515e744454162ffb742bb01be480ee8870ec7b4d7705b0b9f21,proven_maximal,maximize_sum_testing_e_values_at_maximum_cardinality,proven_optimal,6867.52093620206,1.1527948372462882,5957.279399868488,0,0,3,,,27;37;70,0,0,3,0,0,0,0.0,0.0,0.15,0.0,0.0,0.0,0,3,0.5423414010001579,6,5,240,38,3,,method1_proportional_scores_gamma1,unrestricted_maximum_cardinality_then_maximum_testing_evalue_sum,200,0,5,exact_fixed_count_order_statistics,300.0,1,False
181,2b6ff112bb7fa5b86b17cbcaab56857e51f4719fb5e57bf54b19daaad4af49f0,proven_maximal,maximize_sum_testing_e_values_at_maximum_cardinality,proven_optimal,17663.712145702026,1.7641147535070636,10012.790897296523,0,0,6,,,74;100;111;130;137;193,0,0,6,0,0,0,0.0,0.0,0.3,0.0,0.0,0.0,0,6,0.2039556609961437,3,3,240,43,6,,method1_proportional_scores_gamma1,unrestricted_maximum_cardinality_then_maximum_testing_evalue_sum,200,0,3,exact_fixed_count_order_statistics,300.0,1,False
182,a9af64c1f94c3173aedefe34cc082572508a920b74ae2e3dab10c06e5d25908a,proven_maximal,maximize_sum_testing_e_values_at_maximum_cardinality,proven_optimal,17546.581237927203,1.003406412676585,17487.01325430214,0,0,3,,,8;55;99,0,0,3,0,0,0,0.0,0.0,0.15,0.0,0.0,0.0,0,3,0.31589976500254124,4,4,247,47,3,,method1_proportional_scores_gamma1,unrestricted_maximum_cardinality_then_maximum_testing_evalue_sum,200,0,6,exact_fixed_count_order_statistics,300.0,1,False
183,28d13fddfab02232f1ac4696ac476f8afffd5bd4412c24becf60103bc8619718,proven_maximal,maximize_sum_testing_e_values_at_maximum_cardinality,proven_optimal,14231.610685222298,1.1695701541983594,12168.240301050477,0,0,7,,,31;122;142;156;162;163;167,0,0,7,0,0,0,0.0,0.0,0.35,0.0,0.0,0.0,0,7,0.36065284000505926,5,4,254,58,7,,method1_proportional_scores_gamma1,unrestricted_maximum_cardinality_then_maximum_testing_evalue_sum,200,0,1,exact_fixed_count_order_statistics,300.0,1,False
184,760b11e27292de8c56eb161ad14c957a8ffd38faa6c87e41b2ecda40400023ac,proven_maximal,maximize_sum_testing_e_values_at_maximum_cardinality,proven_optimal,11907.622358233439,1.1856995111047781,10042.698210391,0,0,3,,,4;146;149,0,0,3,0,0,0,0.0,0.0,0.15,0.0,0.0,0.0,0,3,0.23966139800177189,3,3,247,48,3,,method1_proportional_scores_gamma1,unrestricted_maximum_cardinality_then_maximum_testing_evalue_sum,200,0,1,exact_fixed_count_order_statistics,300.0,1,False
185,1ecb35c65ea1d349fa002ecd201f9509e335d19b137d9639d0bdd921f2724a95,proven_maximal,maximize_sum_testing_e_values_at_maximum_cardinality,proven_optimal,25284.64744171424,1.0,25284.64744171424,0,0,1,,,132,0,0,1,0,0,0,0.0,0.0,0.05,0.0,0.0,0.0,0,1,0.13816709100501612,3,3,237,38,1,,method1_proportional_scores_gamma1,unrestricted_maximum_cardinality_then_maximum_testing_evalue_sum,200,0,4,exact_fixed_count_order_statistics,300.0,1,False
186,68285546a9886adcfedeaadb068c6cf4d2ba65cbcf51c8cd68b269db69101ece,proven_maximal,maximize_sum_testing_e_values_at_maximum_cardinality,proven_optimal,0.0,0.0,3466.8741349164084,0,0,0,,,,0,0,0,0,0,0,0.0,0.0,0.0,0.0,0.0,0.0,0,0,0.5784658289994695,8,5,248,46,0,,method1_proportional_scores_gamma1,unrestricted_maximum_cardinality_then_maximum_testing_evalue_sum,200,0,3,exact_fixed_count_order_statistics,300.0,1,False
187,8ccc7548e6211f8c8b7e5e0b7a83f02c67711765a1120f22534f4272143bfeb3,proven_maximal,maximize_sum_testing_e_values_at_maximum_cardinality,proven_optimal,0.0,0.0,26346.214291822536,0,0,0,,,,0,0,0,0,0,0,0.0,0.0,0.0,0.0,0.0,0.0,0,0,0.19095993600058137,3,3,241,41,0,,method1_proportional_scores_gamma1,unrestricted_maximum_cardinality_then_maximum_testing_evalue_sum,200,0,4,exact_fixed_count_order_statistics,300.0,1,False
188,dc5ff5f89cd478c1c93f4f6df3b4154c3fb8d173fef5e0746da9545dfbe912bb,proven_maximal,maximize_sum_testing_e_values_at_maximum_cardinality,proven_optimal,0.0,0.0,9723.79975793712,0,0,0,,,,0,0,0,0,0,0,0.0,0.0,0.0,0.0,0.0,0.0,0,0,0.20148262799921213,3,3,239,39,0,,method1_proportional_scores_gamma1,unrestricted_maximum_cardinality_then_maximum_testing_evalue_sum,200,0,3,exact_fixed_count_order_statistics,300.0,1,False
189,05eaa47cc102f18a527af2197bdbe30c9599634f71042c2a4d8a38b577353524,proven_maximal,maximize_sum_testing_e_values_at_maximum_cardinality,proven_optimal,12729.130316902434,1.661217065995202,7662.532836596322,0,0,6,,,44;118;138;158;182;195,0,0,6,0,0,0,0.0,0.0,0.3,0.0,0.0,0.0,0,6,0.5547093140048673,7,5,241,41,6,,method1_proportional_scores_gamma1,unrestricted_maximum_cardinality_then_maximum_testing_evalue_sum,200,0,9,exact_fixed_count_order_statistics,300.0,1,False
190,209b9aea9fe9a1378bba6e3df8006826a6269cee18056767c35bfddc25e594a7,proven_maximal,maximize_sum_testing_e_values_at_maximum_cardinality,proven_optimal,0.0,0.0,1373.0433554097349,0,0,0,,,,0,0,0,0,0,0,0.0,0.0,0.0,0.0,0.0,0.0,0,0,0.1284019390004687,3,3,232,32,0,,method1_proportional_scores_gamma1,unrestricted_maximum_cardinality_then_maximum_testing_evalue_sum,200,0,0,exact_fixed_count_order_statistics,300.0,1,False
191,77c9bbeef1dea189b5c9bbb9741b57717e3512b534ba325cae9990fefdcfe9b7,proven_maximal,maximize_sum_testing_e_values_at_maximum_cardinality,proven_optimal,24060.633804699337,1.2011370377352353,20031.54764927246,0,0,5,,,101;157;177;191;197,0,0,5,0,0,0,0.0,0.0,0.25,0.0,0.0,0.0,0,5,0.7145273880014429,8,6,243,41,5,,method1_proportional_scores_gamma1,unrestricted_maximum_cardinality_then_maximum_testing_evalue_sum,200,0,3,exact_fixed_count_order_statistics,300.0,1,False
192,00baf5bd43cb6604620b56643a323a0c1933b33dc8c9eb829aeb35401c7d73ac,proven_maximal,maximize_sum_testing_e_values_at_maximum_cardinality,proven_optimal,46947.94869142102,1.1332865727755028,41426.36983375,0,0,7,,,0;20;21;110;135;139;173,0,0,7,0,0,0,0.0,0.0,0.35,0.0,0.0,0.0,0,7,0.7897001839955919,7,5,238,39,7,,method1_proportional_scores_gamma1,unrestricted_maximum_cardinality_then_maximum_testing_evalue_sum,200,0,6,exact_fixed_count_order_statistics,300.0,1,False
193,04ff9e36116d63cbc6b86e9f0b9dda69b49f2abf002e64f5caada56f336594f0,proven_maximal,maximize_sum_testing_e_values_at_maximum_cardinality,proven_optimal,416787.15788571193,1.0,416787.15788571193,0,0,1,,,184,0,0,1,0,0,0,0.0,0.0,0.05,0.0,0.0,0.0,0,1,0.13279273099760758,3,3,228,29,1,,method1_proportional_scores_gamma1,unrestricted_maximum_cardinality_then_maximum_testing_evalue_sum,200,0,5,exact_fixed_count_order_statistics,300.0,1,False
194,c9df080a8f524deb61895dfffdc905c5e4d62b029e69f183d057e691f2907e7d,proven_maximal,maximize_sum_testing_e_values_at_maximum_cardinality,proven_optimal,9201.598977059542,1.0417142304458504,8833.131686337132,0,0,2,,,12;157,0,0,2,0,0,0,0.0,0.0,0.1,0.0,0.0,0.0,0,2,0.2061113430027035,3,3,245,46,2,,method1_proportional_scores_gamma1,unrestricted_maximum_cardinality_then_maximum_testing_evalue_sum,200,0,1,exact_fixed_count_order_statistics,300.0,1,False
195,c7e94c92dc94c9cddb23215d95c3890c6ae61dd99002b63d91553d740fc4f6e5,proven_maximal,maximize_sum_testing_e_values_at_maximum_cardinality,proven_optimal,6772.027419057583,0.25699615327659325,26350.695653289247,0,0,3,,,61;174;176,0,0,3,0,0,0,0.0,0.0,0.15,0.0,0.0,0.0,0,3,0.6398394589996315,8,6,244,42,3,,method1_proportional_scores_gamma1,unrestricted_maximum_cardinality_then_maximum_testing_evalue_sum,200,0,5,exact_fixed_count_order_statistics,300.0,1,False
196,73a24cc5d9bb76013e259f8dc0318d91a4584649779b416c7f98a2ae5e7d200c,proven_maximal,maximize_sum_testing_e_values_at_maximum_cardinality,proven_optimal,0.0,0.0,6014.699545024629,0,0,0,,,,0,0,0,0,0,0,0.0,0.0,0.0,0.0,0.0,0.0,0,0,0.2063253199958126,3,3,234,34,0,,method1_proportional_scores_gamma1,unrestricted_maximum_cardinality_then_maximum_testing_evalue_sum,200,0,2,exact_fixed_count_order_statistics,300.0,1,False
197,bd589971ee0c635f88c608e03376617292d220be3aa829042ff1fccb7417b0a7,proven_maximal,maximize_sum_testing_e_values_at_maximum_cardinality,proven_optimal,159593.5891189878,1.021551577471396,156226.65819186845,0,0,3,,,8;16;102,0,0,3,0,0,0,0.0,0.0,0.15,0.0,0.0,0.0,0,3,0.5330397750003613,5,4,255,56,3,,method1_proportional_scores_gamma1,unrestricted_maximum_cardinality_then_maximum_testing_evalue_sum,200,0,4,exact_fixed_count_order_statistics,300.0,1,False
198,584ef3fb17d86a33da47c1583523b292e4c37c5a9e533b5d9f42ef18157ecb62,proven_maximal,maximize_sum_testing_e_values_at_maximum_cardinality,proven_optimal,58404.09510935623,1.1715517072215724,49851.91413178524,0,0,3,,,115;157;173,0,0,3,0,0,0,0.0,0.0,0.15,0.0,0.0,0.0,0,3,0.6382344839948928,6,4,247,46,3,,method1_proportional_scores_gamma1,unrestricted_maximum_cardinality_then_maximum_testing_evalue_sum,200,0,7,exact_fixed_count_order_statistics,300.0,1,False
199,34784293cd648a8e0bed039dd31445e306cf4a2f028a360c31ff16be5c00a0eb,proven_maximal,maximize_sum_testing_e_values_at_maximum_cardinality,proven_optimal,12159.16229407936,1.7469388588410986,6960.267803617136,0,0,5,,,59;103;106;190;191,0,0,5,0,0,0,0.0,0.0,0.25,0.0,0.0,0.0,0,5,0.2421556720000808,3,3,232,36,5,,method1_proportional_scores_gamma1,unrestricted_maximum_cardinality_then_maximum_testing_evalue_sum,200,0,4,exact_fixed_count_order_statistics,300.0,1,False
200,ed192ab6a2ffdb75aacc52878205969346d8541a79ecf0e8023496d13ed67615,proven_maximal,maximize_sum_testing_e_values_at_maximum_cardinality,proven_optimal,164518.2463918135,1.2260588284418592,134184.62685097422,0,0,6,,,3;4;93;97;134;177,0,0,6,0,0,0,0.0,0.0,0.3,0.0,0.0,0.0,0,6,0.16497448599693598,3,3,243,47,6,,method1_proportional_scores_gamma1,unrestricted_maximum_cardinality_then_maximum_testing_evalue_sum,200,0,6,exact_fixed_count_order_statistics,300.0,1,False
201,01dad62126e3f0ebc02fcb99e07560653f336ce2d515ec5b878da8d6382fc61a,proven_maximal,maximize_sum_testing_e_values_at_maximum_cardinality,proven_optimal,171181.470305561,1.1920149220957525,143606.81828092944,0,0,6,,,136;148;151;180;184;193,0,0,6,0,0,0,0.0,0.0,0.3,0.0,0.0,0.0,0,6,0.5020743639979628,7,5,230,30,6,,method1_proportional_scores_gamma1,unrestricted_maximum_cardinality_then_maximum_testing_evalue_sum,200,0,5,exact_fixed_count_order_statistics,300.0,1,False
202,214c5c393865b3f409e43fb233e5b724ffe9c630494a9e14607def6d610c4a44,proven_maximal,maximize_sum_testing_e_values_at_maximum_cardinality,proven_optimal,156868.43806560876,1.8496246034339467,84810.95989660412,0,0,9,,,9;27;53;73;92;97;114;165;171,0,0,9,0,0,0,0.0,0.0,0.45,0.0,0.0,0.0,0,9,0.3453965930020786,4,4,235,39,9,,method1_proportional_scores_gamma1,unrestricted_maximum_cardinality_then_maximum_testing_evalue_sum,200,0,4,exact_fixed_count_order_statistics,300.0,1,False
203,559af0b7af090b92993d27a78e907385c1019ea01c3a6ea7704202d99d0189b5,proven_maximal,maximize_sum_testing_e_values_at_maximum_cardinality,proven_optimal,45.99179480491029,0.005118602477783587,8985.224971958609,0,0,1,,,150,0,0,1,0,0,0,0.0,0.0,0.05,0.0,0.0,0.0,0,1,0.4775250489983591,7,5,236,34,1,,method1_proportional_scores_gamma1,unrestricted_maximum_cardinality_then_maximum_testing_evalue_sum,200,0,1,exact_fixed_count_order_statistics,300.0,1,False
204,69a042fb55e05fa6dc81a565a94af07a3d6995cc9886adbd291ef8656cd7ea0e,proven_maximal,maximize_sum_testing_e_values_at_maximum_cardinality,proven_optimal,1107.343947309663,0.023629226843310567,46863.31696981241,0,0,4,,,25;47;121;161,0,0,3,0,0,1,0.0,0.0,0.15,0.0,0.0,0.25,0,4,0.5272707740004989,9,7,228,23,4,,method1_proportional_scores_gamma1,unrestricted_maximum_cardinality_then_maximum_testing_evalue_sum,200,0,1,exact_fixed_count_order_statistics,300.0,1,False
205,58e36328dcf7f1b5d6e58ab09447219234acacec000d982afaf48c0539a532c3,proven_maximal,maximize_sum_testing_e_values_at_maximum_cardinality,proven_optimal,12162.68273180972,1.019944916719706,11924.84273653396,0,0,2,,,61;155,0,0,2,0,0,0,0.0,0.0,0.1,0.0,0.0,0.0,0,2,0.2037566250000964,3,3,239,41,2,,method1_proportional_scores_gamma1,unrestricted_maximum_cardinality_then_maximum_testing_evalue_sum,200,0,2,exact_fixed_count_order_statistics,300.0,1,False
206,83e4cf8c6e61c633c0473d0f066f257f17d2c71f0d497f2144f5aff88a948042,proven_maximal,maximize_sum_testing_e_values_at_maximum_cardinality,proven_optimal,2320.131287036528,0.42976878633049276,5398.556993509399,0,0,3,,,13;14;95,0,0,3,0,0,0,0.0,0.0,0.15,0.0,0.0,0.0,0,3,0.5612746160040842,7,5,244,44,3,,method1_proportional_scores_gamma1,unrestricted_maximum_cardinality_then_maximum_testing_evalue_sum,200,0,4,exact_fixed_count_order_statistics,300.0,1,False
207,5b9896b33f5964264cb638f01f571dbbcd71222227663f1072fee1e804a75026,proven_maximal,maximize_sum_testing_e_values_at_maximum_cardinality,proven_optimal,4910.007235735262,1.5763069572050157,3114.8801401227734,0,0,3,,,10;16;192,0,0,3,0,0,0,0.0,0.0,0.15,0.0,0.0,0.0,0,3,0.1692408040034934,3,3,233,36,3,,method1_proportional_scores_gamma1,unrestricted_maximum_cardinality_then_maximum_testing_evalue_sum,200,0,3,exact_fixed_count_order_statistics,300.0,1,False
208,5414953f95e18335ad723aba6a1ceb19b88c7fd57fc75c724d78e01e46be4d08,proven_maximal,maximize_sum_testing_e_values_at_maximum_cardinality,proven_optimal,832.826621939634,0.14758491846414493,5643.03338448478,0,0,3,,,43;96;149,0,0,3,0,0,0,0.0,0.0,0.15,0.0,0.0,0.0,0,3,0.19489646000147332,3,3,241,43,3,,method1_proportional_scores_gamma1,unrestricted_maximum_cardinality_then_maximum_testing_evalue_sum,200,0,1,exact_fixed_count_order_statistics,300.0,1,False
209,ac74addecccb58a2e151abd1853acaa3a0fb915474823f6e7f0501ec31cf23ec,proven_maximal,maximize_sum_testing_e_values_at_maximum_cardinality,proven_optimal,1686.8079308923861,1.2705833511879634,1327.585419181877,0,0,2,,,40;195,0,0,2,0,0,0,0.0,0.0,0.1,0.0,0.0,0.0,0,2,0.38744396500260336,5,4,233,34,2,,method1_proportional_scores_gamma1,unrestricted_maximum_cardinality_then_maximum_testing_evalue_sum,200,0,0,exact_fixed_count_order_statistics,300.0,1,False
210,d82f694b83b574081b748847baeee971baaedd63d119e527a7ec51b8ca0fd2d3,proven_maximal,maximize_sum_testing_e_values_at_maximum_cardinality,proven_optimal,66957.86072002127,1.041957018559832,64261.63414357421,0,0,3,,,16;184;190,0,0,3,0,0,0,0.0,0.0,0.15,0.0,0.0,0.0,0,3,0.376624748998438,5,4,251,53,3,,method1_proportional_scores_gamma1,unrestricted_maximum_cardinality_then_maximum_testing_evalue_sum,200,0,3,exact_fixed_count_order_statistics,300.0,1,False
211,4fdd03ce9a62457ac4a2d67ba9f40e8ed074bcb738c03b0cd055fd015ecd0e61,proven_maximal,maximize_sum_testing_e_values_at_maximum_cardinality,proven_optimal,32396.62048296073,1.092133044198126,29663.62079699476,0,0,6,,,28;49;60;77;81;167,0,0,6,0,0,0,0.0,0.0,0.3,0.0,0.0,0.0,0,6,0.14093446700280765,3,3,233,36,6,,method1_proportional_scores_gamma1,unrestricted_maximum_cardinality_then_maximum_testing_evalue_sum,200,0,1,exact_fixed_count_order_statistics,300.0,1,False
212,4453bb52499e6897442bb2e09e4d8a6e6e02d0eda1a285a4cba00585d09c97ed,proven_maximal,maximize_sum_testing_e_values_at_maximum_cardinality,proven_optimal,6021.41942869781,0.240960367000361,24989.252397215965,0,0,1,,,177,0,0,1,0,0,0,0.0,0.0,0.05,0.0,0.0,0.0,0,1,0.21808452600089367,3,3,249,50,1,,method1_proportional_scores_gamma1,unrestricted_maximum_cardinality_then_maximum_testing_evalue_sum,200,0,3,exact_fixed_count_order_statistics,300.0,1,False
213,79c112f3ab5c6a875c6f4fee1158ad1d51679dec63d5d2d714e311a86f694c52,proven_maximal,maximize_sum_testing_e_values_at_maximum_cardinality,proven_optimal,43433.775914427475,1.0041881635765182,43252.62683811535,0,0,4,,,66;169;180;195,0,0,4,0,0,0,0.0,0.0,0.2,0.0,0.0,0.0,0,4,0.14880850000190549,3,3,228,32,4,,method1_proportional_scores_gamma1,unrestricted_maximum_cardinality_then_maximum_testing_evalue_sum,200,0,2,exact_fixed_count_order_statistics,300.0,1,False
214,2d7b05095714f87b044ec25ba646bb520c880ce7a36ca9a6f1709758b77e04e8,proven_maximal,maximize_sum_testing_e_values_at_maximum_cardinality,proven_optimal,48600.41816336128,1.9807421639260927,24536.468727978623,0,0,6,,,43;105;115;151;153;167,0,0,6,0,0,0,0.0,0.0,0.3,0.0,0.0,0.0,0,6,0.6899209530020016,10,7,249,48,6,,method1_proportional_scores_gamma1,unrestricted_maximum_cardinality_then_maximum_testing_evalue_sum,200,0,5,exact_fixed_count_order_statistics,300.0,1,False
215,746f07125b6bfe2f2e70369d75c182406452faeaa6aa8590bd41aaa516cd6b08,proven_maximal,maximize_sum_testing_e_values_at_maximum_cardinality,proven_optimal,919.4089638602144,1.0,919.4089638602144,0,0,1,,,80,0,0,1,0,0,0,0.0,0.0,0.05,0.0,0.0,0.0,0,1,0.1291666079996503,3,3,235,36,1,,method1_proportional_scores_gamma1,unrestricted_maximum_cardinality_then_maximum_testing_evalue_sum,200,0,0,exact_fixed_count_order_statistics,300.0,1,False
216,613605827291e001a4829b9a8221f13d0c4e7a276f1bbc74a32a6a8359a09c8e,proven_maximal,maximize_sum_testing_e_values_at_maximum_cardinality,proven_optimal,18034.96957716942,1.3408744642859802,13450.155146904895,0,0,4,,,52;72;87;163,0,0,4,0,0,0,0.0,0.0,0.2,0.0,0.0,0.0,0,4,0.4274139019980794,10,9,258,48,4,,method1_proportional_scores_gamma1,unrestricted_maximum_cardinality_then_maximum_testing_evalue_sum,200,0,2,exact_fixed_count_order_statistics,300.0,1,False
217,853237d9ace3138f8c1cc4a4c33600e0496c269eebab2027ebc37b5c23da293e,proven_maximal,maximize_sum_testing_e_values_at_maximum_cardinality,proven_optimal,628.1269276972896,0.8366635013259328,750.7521562753038,0,0,3,,,9;83;180,0,0,3,0,0,0,0.0,0.0,0.15,0.0,0.0,0.0,0,3,0.16704761500295717,3,3,235,36,3,,method1_proportional_scores_gamma1,unrestricted_maximum_cardinality_then_maximum_testing_evalue_sum,200,0,0,exact_fixed_count_order_statistics,300.0,1,False
218,1c6e0723867308acbf25e75158ecb939820c26781b849b8ea73576c0847f496e,proven_maximal,maximize_sum_testing_e_values_at_maximum_cardinality,proven_optimal,61346.287819988225,1.2157012279671735,50461.64831351532,0,0,4,,,9;16;112;155,0,0,4,0,0,0,0.0,0.0,0.2,0.0,0.0,0.0,0,4,0.17712275800295174,3,3,244,47,4,,method1_proportional_scores_gamma1,unrestricted_maximum_cardinality_then_maximum_testing_evalue_sum,200,0,4,exact_fixed_count_order_statistics,300.0,1,False
219,962127f52f21a48b4dccf4d342978aabe6835858c2987135a925fcaac0df25f3,proven_maximal,maximize_sum_testing_e_values_at_maximum_cardinality,proven_optimal,700.3769069154624,0.9296862848599985,753.3475736075123,0,0,1,,,178,0,0,1,0,0,0,0.0,0.0,0.05,0.0,0.0,0.0,0,1,0.1926315699965926,3,3,242,43,1,,method1_proportional_scores_gamma1,unrestricted_maximum_cardinality_then_maximum_testing_evalue_sum,200,0,0,exact_fixed_count_order_statistics,300.0,1,False
220,7e59b8bb0b46ff31c34462bd23f26b29b59bfb994630e15f1b0185c2d04e07df,proven_maximal,maximize_sum_testing_e_values_at_maximum_cardinality,proven_optimal,2187.5526141842834,0.7941594598014854,2754.550848932911,0,0,5,,,3;34;50;82;96,0,0,4,0,0,1,0.0,0.0,0.2,0.0,0.0,0.2,0,5,0.3940700819948688,5,4,239,38,5,,method1_proportional_scores_gamma1,unrestricted_maximum_cardinality_then_maximum_testing_evalue_sum,200,0,0,exact_fixed_count_order_statistics,300.0,1,False
221,69ef6384f133e1a50715c9119323a7fc38588406a7bb602af8fd60d843dafe52,proven_maximal,maximize_sum_testing_e_values_at_maximum_cardinality,proven_optimal,159769.94686793076,1.0566712817301034,151201.18208033164,0,0,2,,,5;22,0,0,2,0,0,0,0.0,0.0,0.1,0.0,0.0,0.0,0,2,0.1823695659986697,3,3,252,54,2,,method1_proportional_scores_gamma1,unrestricted_maximum_cardinality_then_maximum_testing_evalue_sum,200,0,2,exact_fixed_count_order_statistics,300.0,1,False
222,2958eb3583f6ae0550827e4bfc2753333119feb82d729f742b3123076f3fc057,proven_maximal,maximize_sum_testing_e_values_at_maximum_cardinality,proven_optimal,39666.96390668655,1.24078357718495,31969.28508409314,0,0,3,,,17;107;137,0,0,3,0,0,0,0.0,0.0,0.15,0.0,0.0,0.0,0,3,0.38423533699824475,5,4,238,39,3,,method1_proportional_scores_gamma1,unrestricted_maximum_cardinality_then_maximum_testing_evalue_sum,200,0,2,exact_fixed_count_order_statistics,300.0,1,False
223,d412b0ed69a77f982ede3e7919072557b51242e3e5ea2868e97502b6c7b3ec2a,proven_maximal,maximize_sum_testing_e_values_at_maximum_cardinality,proven_optimal,94398.36974940979,1.2519853996381858,75398.93817986232,0,0,4,,,102;111;135;197,0,0,4,0,0,0,0.0,0.0,0.2,0.0,0.0,0.0,0,4,0.4563468289998127,5,4,230,33,4,,method1_proportional_scores_gamma1,unrestricted_maximum_cardinality_then_maximum_testing_evalue_sum,200,0,5,exact_fixed_count_order_statistics,300.0,1,False
224,b3df469dfc8e7286ea919a93f9787db5b491bb9cab56e4af18dd6f884438b0cc,proven_maximal,maximize_sum_testing_e_values_at_maximum_cardinality,proven_optimal,93885.4647346502,1.0,93885.4647346502,0,0,1,,,85,0,0,1,0,0,0,0.0,0.0,0.05,0.0,0.0,0.0,0,1,0.15934131700487342,3,3,248,49,1,,method1_proportional_scores_gamma1,unrestricted_maximum_cardinality_then_maximum_testing_evalue_sum,200,0,4,exact_fixed_count_order_statistics,300.0,1,False
225,56f4d69b4699dcae4be494df889ba8f622ca4a4fb7ce3e026d6841ddc4e6ad0c,proven_maximal,maximize_sum_testing_e_values_at_maximum_cardinality,proven_optimal,4863.003038109308,1.0,4863.003038109308,0,0,1,,,175,0,0,1,0,0,0,0.0,0.0,0.05,0.0,0.0,0.0,0,1,0.1817723650019616,3,3,247,48,1,,method1_proportional_scores_gamma1,unrestricted_maximum_cardinality_then_maximum_testing_evalue_sum,200,0,3,exact_fixed_count_order_statistics,300.0,1,False
226,0506f02f9197e9d5717e4f8fd83e72260d01d1260b7fd657b175175c3099927d,proven_maximal,maximize_sum_testing_e_values_at_maximum_cardinality,proven_optimal,18339.209138582533,1.6862400978119076,10875.799456067843,0,0,5,,,29;68;79;141;177,0,0,5,0,0,0,0.0,0.0,0.25,0.0,0.0,0.0,0,5,0.38210894299845677,8,7,249,45,5,,method1_proportional_scores_gamma1,unrestricted_maximum_cardinality_then_maximum_testing_evalue_sum,200,0,3,exact_fixed_count_order_statistics,300.0,1,False
227,c219f605190b725f11df6e529ac6daa6a36fbe6b8ff490374f427ef147f684b9,proven_maximal,maximize_sum_testing_e_values_at_maximum_cardinality,proven_optimal,7449.082974121331,1.4771840768273994,5042.758780693054,0,0,5,,,9;44;46;54;191,0,0,5,0,0,0,0.0,0.0,0.25,0.0,0.0,0.0,0,5,0.44995021599606844,8,6,242,40,5,,method1_proportional_scores_gamma1,unrestricted_maximum_cardinality_then_maximum_testing_evalue_sum,200,0,5,exact_fixed_count_order_statistics,300.0,1,False
228,c4240fe017feaeb375698ee4ad0c61451ddd60c64c17e85d72e4b0e1461f67c0,proven_maximal,maximize_sum_testing_e_values_at_maximum_cardinality,proven_optimal,0.0,0.0,5731.466365321655,0,0,0,,,,0,0,0,0,0,0,0.0,0.0,0.0,0.0,0.0,0.0,0,0,0.1384030819972395,3,3,247,47,0,,method1_proportional_scores_gamma1,unrestricted_maximum_cardinality_then_maximum_testing_evalue_sum,200,0,1,exact_fixed_count_order_statistics,300.0,1,False
229,367d24534511785ca30632756fa77ffd2afb07928f53ab182fe698af87a1ce4c,proven_maximal,maximize_sum_testing_e_values_at_maximum_cardinality,proven_optimal,855.8741972816226,0.8368846147320498,1022.6908013545604,0,0,4,,,93;139;177;178,0,0,4,0,0,0,0.0,0.0,0.2,0.0,0.0,0.0,0,4,0.3545164989991463,5,4,237,40,4,,method1_proportional_scores_gamma1,unrestricted_maximum_cardinality_then_maximum_testing_evalue_sum,200,0,0,exact_fixed_count_order_statistics,300.0,1,False
230,81a73ae627fc4d7666a5495cb3ebdb8b51316954fb1bd905985e753f4d3e86ed,proven_maximal,maximize_sum_testing_e_values_at_maximum_cardinality,proven_optimal,1672.7222545683526,0.12074218996727512,13853.668340964432,0,0,2,,,17;171,0,0,2,0,0,0,0.0,0.0,0.1,0.0,0.0,0.0,0,2,0.5074417350042495,6,4,243,43,2,,method1_proportional_scores_gamma1,unrestricted_maximum_cardinality_then_maximum_testing_evalue_sum,200,0,3,exact_fixed_count_order_statistics,300.0,1,False
231,18320e70ea91911a6a25e3c9a36c0373cd800fd1331c755532d0a623def30259,proven_maximal,maximize_sum_testing_e_values_at_maximum_cardinality,proven_optimal,0.0,0.0,3710.01345628034,0,0,0,,,,0,0,0,0,0,0,0.0,0.0,0.0,0.0,0.0,0.0,0,0,0.18856194000545656,3,3,236,36,0,,method1_proportional_scores_gamma1,unrestricted_maximum_cardinality_then_maximum_testing_evalue_sum,200,0,4,exact_fixed_count_order_statistics,300.0,1,False
232,64415187ddd88442842b8d578c14a014591508210cb2ce180dcacf53493196f2,proven_maximal,maximize_sum_testing_e_values_at_maximum_cardinality,proven_optimal,12486.798320492253,0.049533402748042014,252088.441894613,0,0,8,,,39;61;95;121;133;148;174;199,0,0,8,0,0,0,0.0,0.0,0.4,0.0,0.0,0.0,0,8,0.43703852700127754,8,6,233,32,8,,method1_proportional_scores_gamma1,unrestricted_maximum_cardinality_then_maximum_testing_evalue_sum,200,0,3,exact_fixed_count_order_statistics,300.0,1,False
233,ddb54c63816df95ed29a6f64800535a79f3cb55544c41632ed8c021ca54fe9dc,proven_maximal,maximize_sum_testing_e_values_at_maximum_cardinality,proven_optimal,89385.05702537272,1.6991465806528112,52605.85404646551,0,0,9,,,30;34;88;105;121;130;143;163;170,0,0,9,0,0,0,0.0,0.0,0.45,0.0,0.0,0.0,0,9,0.21431361800205195,3,3,241,47,9,,method1_proportional_scores_gamma1,unrestricted_maximum_cardinality_then_maximum_testing_evalue_sum,200,0,5,exact_fixed_count_order_statistics,300.0,1,False
234,685180787c7c4178169b31114988a9546de4cd41bdb602a26029bfa7d8181400,proven_maximal,maximize_sum_testing_e_values_at_maximum_cardinality,proven_optimal,3748.2427980405355,1.0664290762323494,3514.7605045456235,0,0,3,,,59;103;155,0,0,3,0,0,0,0.0,0.0,0.15,0.0,0.0,0.0,0,3,0.15726971399999456,3,3,243,45,3,,method1_proportional_scores_gamma1,unrestricted_maximum_cardinality_then_maximum_testing_evalue_sum,200,0,3,exact_fixed_count_order_statistics,300.0,1,False
235,3dbad4541a49fd61455dffed0d906c119f14b7102f20a498e99fb321059d8fb3,proven_maximal,maximize_sum_testing_e_values_at_maximum_cardinality,proven_optimal,0.0,0.0,16634.450245513926,0,0,0,,,,0,0,0,0,0,0,0.0,0.0,0.0,0.0,0.0,0.0,0,0,0.6622202790022129,7,3,236,35,0,,method1_proportional_scores_gamma1,unrestricted_maximum_cardinality_then_maximum_testing_evalue_sum,200,0,4,exact_fixed_count_order_statistics,300.0,1,False
236,c354426125a539e5fda37e524300b6185987568aacecdfe8eeceddad139b51bb,proven_maximal,maximize_sum_testing_e_values_at_maximum_cardinality,proven_optimal,4583.014757991725,1.158167863486322,3957.124785172258,0,0,5,,,52;128;132;166;186,0,0,5,0,0,0,0.0,0.0,0.25,0.0,0.0,0.0,0,5,0.16085134600143647,3,3,233,36,5,,method1_proportional_scores_gamma1,unrestricted_maximum_cardinality_then_maximum_testing_evalue_sum,200,0,0,exact_fixed_count_order_statistics,300.0,1,False
237,b1f50597a55bafdc0b31d8cc10011b4b6fbfbacb61a178259143f6a1ab259a79,proven_maximal,maximize_sum_testing_e_values_at_maximum_cardinality,proven_optimal,22120.956649956428,1.1330500098372571,19523.371835223512,0,0,4,,,17;66;164;169,0,0,4,0,0,0,0.0,0.0,0.2,0.0,0.0,0.0,0,4,0.3312117049936205,5,4,236,38,4,,method1_proportional_scores_gamma1,unrestricted_maximum_cardinality_then_maximum_testing_evalue_sum,200,0,4,exact_fixed_count_order_statistics,300.0,1,False
238,67c45020594cf3f49eac8166ccaf856774efff677e0f02868e57053946488fb7,proven_maximal,maximize_sum_testing_e_values_at_maximum_cardinality,proven_optimal,0.0,0.0,2331.9877261755423,0,0,0,,,,0,0,0,0,0,0,0.0,0.0,0.0,0.0,0.0,0.0,0,0,0.12541654099914012,3,3,237,37,0,,method1_proportional_scores_gamma1,unrestricted_maximum_cardinality_then_maximum_testing_evalue_sum,200,0,0,exact_fixed_count_order_statistics,300.0,1,False
239,78fd3aad46b6e182d7b97cd86bad7098259350336ebe606d7c03f70c926630f7,proven_maximal,maximize_sum_testing_e_values_at_maximum_cardinality,proven_optimal,32405.885263795994,1.085508387215033,29853.18735946033,0,0,6,,,9;102;106;130;149;158,0,0,6,0,0,0,0.0,0.0,0.3,0.0,0.0,0.0,0,6,0.42082929099706234,8,7,251,40,6,,method1_proportional_scores_gamma1,unrestricted_maximum_cardinality_then_maximum_testing_evalue_sum,200,0,3,exact_fixed_count_order_statistics,300.0,1,False
240,e1f060aee245b11fdac331f347d8e73984b871f1ce5692d0c832815e8e323340,proven_maximal,maximize_sum_testing_e_values_at_maximum_cardinality,proven_optimal,0.0,0.0,1305.0666042303744,0,0,0,,,,0,0,0,0,0,0,0.0,0.0,0.0,0.0,0.0,0.0,0,0,0.36553897699923255,6,4,246,45,0,,method1_proportional_scores_gamma1,unrestricted_maximum_cardinality_then_maximum_testing_evalue_sum,200,0,0,exact_fixed_count_order_statistics,300.0,1,False
241,4122dcd099bf95d083b63f5945c6ae26fcae99f3a5eae8cffbd5a27aad1a0834,proven_maximal,maximize_sum_testing_e_values_at_maximum_cardinality,proven_optimal,1393.2332324857125,1.0928420672581638,1274.871524648755,0,0,2,,,1;90,0,0,2,0,0,0,0.0,0.0,0.1,0.0,0.0,0.0,0,2,0.3629575390004902,5,4,247,47,2,,method1_proportional_scores_gamma1,unrestricted_maximum_cardinality_then_maximum_testing_evalue_sum,200,0,0,exact_fixed_count_order_statistics,300.0,1,False
242,59f718c76d45f2f4ff529cff6ed281a21887990ca250baaf3a5bcf180eb9f230,proven_maximal,maximize_sum_testing_e_values_at_maximum_cardinality,proven_optimal,0.0,0.0,52952.32268984377,0,0,0,,,,0,0,0,0,0,0,0.0,0.0,0.0,0.0,0.0,0.0,0,0,0.1393924989970401,3,3,238,38,0,,method1_proportional_scores_gamma1,unrestricted_maximum_cardinality_then_maximum_testing_evalue_sum,200,0,2,exact_fixed_count_order_statistics,300.0,1,False
243,d4f6a66dafe840e6c51dc4c819f176ba6251dbc6d45eeb6fc7595fd10e793d35,proven_maximal,maximize_sum_testing_e_values_at_maximum_cardinality,proven_optimal,15876.455312404578,0.0984287571871368,161298.95130362775,0,0,5,,,14;37;45;161;177,0,0,5,0,0,0,0.0,0.0,0.25,0.0,0.0,0.0,0,5,0.40190745599829825,5,4,250,52,5,,method1_proportional_scores_gamma1,unrestricted_maximum_cardinality_then_maximum_testing_evalue_sum,200,0,4,exact_fixed_count_order_statistics,300.0,1,False
244,9c413bdd0f4aa0eb891ce54600f861d95c5e4fb38198657edfd6df63bf5c22ae,proven_maximal,maximize_sum_testing_e_values_at_maximum_cardinality,proven_optimal,4151.963101413486,1.1187087435793042,3711.3888000278753,0,0,3,,,20;117;171,0,0,3,0,0,0,0.0,0.0,0.15,0.0,0.0,0.0,0,3,0.6278545640016091,7,5,241,41,3,,method1_proportional_scores_gamma1,unrestricted_maximum_cardinality_then_maximum_testing_evalue_sum,200,0,0,exact_fixed_count_order_statistics,300.0,1,False
245,00b9b4654101169062f501dac9fda0de95aa7e444053341fa08814a25a32430b,proven_maximal,maximize_sum_testing_e_values_at_maximum_cardinality,proven_optimal,33285.580732957256,1.1364619754645129,29288.776440894333,0,0,3,,,15;39;57,0,0,3,0,0,0,0.0,0.0,0.15,0.0,0.0,0.0,0,3,0.5437367699996685,8,5,238,37,3,,method1_proportional_scores_gamma1,unrestricted_maximum_cardinality_then_maximum_testing_evalue_sum,200,0,8,exact_fixed_count_order_statistics,300.0,1,False
246,0bb60a9fa87e8c7f101baffc845d11d2cdea78d1494e59caeebd8bc1e504f052,proven_maximal,maximize_sum_testing_e_values_at_maximum_cardinality,proven_optimal,16045.909302947752,1.3027922723817666,12316.55241062537,0,0,6,,,7;27;71;118;121;170,0,0,5,0,0,1,0.0,0.0,0.25,0.0,0.0,0.16666666666666666,0,6,0.1674201380010345,3,3,238,42,6,,method1_proportional_scores_gamma1,unrestricted_maximum_cardinality_then_maximum_testing_evalue_sum,200,0,2,exact_fixed_count_order_statistics,300.0,1,False
247,1c88d32a8ea263d904dbe749ed0004753f63c71b7b41d7e41377cd42fd31ae76,proven_maximal,maximize_sum_testing_e_values_at_maximum_cardinality,proven_optimal,32141.125455581376,1.0814824898514273,29719.506101293315,0,0,7,,,33;55;59;71;102;117;191,0,0,7,0,0,0,0.0,0.0,0.35,0.0,0.0,0.0,0,7,0.38442111299809767,8,7,252,39,7,,method1_proportional_scores_gamma1,unrestricted_maximum_cardinality_then_maximum_testing_evalue_sum,200,0,1,exact_fixed_count_order_statistics,300.0,1,False
248,2c0015c81a63180940ba7eef78ac689498c803a8709624dc98c862b983ecc56e,proven_maximal,maximize_sum_testing_e_values_at_maximum_cardinality,proven_optimal,0.0,0.0,87275.93643111557,0,0,0,,,,0,0,0,0,0,0,0.0,0.0,0.0,0.0,0.0,0.0,0,0,0.3058219989979989,4,3,241,41,0,,method1_proportional_scores_gamma1,unrestricted_maximum_cardinality_then_maximum_testing_evalue_sum,200,0,2,exact_fixed_count_order_statistics,300.0,1,False
249,8890e1a83f32f1a8048a1e6fb5f96cf4cfb6053134735a510f1b29b87557e6f8,proven_maximal,maximize_sum_testing_e_values_at_maximum_cardinality,proven_optimal,0.0,0.0,628.2971651145034,0,0,0,,,,0,0,0,0,0,0,0.0,0.0,0.0,0.0,0.0,0.0,0,0,0.1496532569944975,3,3,239,39,0,,method1_proportional_scores_gamma1,unrestricted_maximum_cardinality_then_maximum_testing_evalue_sum,200,0,0,exact_fixed_count_order_statistics,300.0,1,False
250,651c7fa461315f155c8e725ba5c05f2843159ee0324389c87ed58546917806bc,proven_maximal,maximize_sum_testing_e_values_at_maximum_cardinality,proven_optimal,13576.798694112575,1.1769359287870953,11535.716058990822,0,0,4,,,106;137;149;157,0,0,4,0,0,0,0.0,0.0,0.2,0.0,0.0,0.0,0,4,0.6359955840016482,7,5,238,37,4,,method1_proportional_scores_gamma1,unrestricted_maximum_cardinality_then_maximum_testing_evalue_sum,200,0,3,exact_fixed_count_order_statistics,300.0,1,False
251,a1f1dcb499dd8d932fe99a4bb33f350753b74f90d23a976bd4976eaf8aa23251,proven_maximal,maximize_sum_testing_e_values_at_maximum_cardinality,proven_optimal,0.0,0.0,1066.587140262592,0,0,0,,,,0,0,0,0,0,0,0.0,0.0,0.0,0.0,0.0,0.0,0,0,0.32038317499973346,4,3,240,40,0,,method1_proportional_scores_gamma1,unrestricted_maximum_cardinality_then_maximum_testing_evalue_sum,200,0,0,exact_fixed_count_order_statistics,300.0,1,False
252,c7286890c107876dcb85ef8e317057c7dddc0c38cd8a1872cd3635cac22177e8,proven_maximal,maximize_sum_testing_e_values_at_maximum_cardinality,proven_optimal,8680.984184522065,1.247658980387835,6957.818058443806,0,0,4,,,42;57;134;148,0,0,4,0,0,0,0.0,0.0,0.2,0.0,0.0,0.0,0,4,0.23487956100143492,3,3,240,43,4,,method1_proportional_scores_gamma1,unrestricted_maximum_cardinality_then_maximum_testing_evalue_sum,200,0,2,exact_fixed_count_order_statistics,300.0,1,False
253,7748ecd76195028cf3e37484b28caed4d9eea686dc4ba511fcebd064a4240f06,proven_maximal,maximize_sum_testing_e_values_at_maximum_cardinality,proven_optimal,9056.73795118667,1.2844186139059364,7051.235362935915,0,0,4,,,57;137;155;162,0,0,4,0,0,0,0.0,0.0,0.2,0.0,0.0,0.0,0,4,0.43835980700532673,5,4,242,44,4,,method1_proportional_scores_gamma1,unrestricted_maximum_cardinality_then_maximum_testing_evalue_sum,200,0,1,exact_fixed_count_order_statistics,300.0,1,False
254,ba78c9b446753df83a52512d15745103740c293c1de75990e0287c249eee2a25,proven_maximal,maximize_sum_testing_e_values_at_maximum_cardinality,proven_optimal,5527.833582216482,1.0541373122558266,5243.940725698307,0,0,3,,,20;115;139,0,0,3,0,0,0,0.0,0.0,0.15,0.0,0.0,0.0,0,3,0.5581346540056984,5,4,239,41,3,,method1_proportional_scores_gamma1,unrestricted_maximum_cardinality_then_maximum_testing_evalue_sum,200,0,2,exact_fixed_count_order_statistics,300.0,1,False
255,06d887514eca5a4bc79a6a1f55174da85c9d55b8831740196feed15c75fe9efb,proven_maximal,maximize_sum_testing_e_values_at_maximum_cardinality,proven_optimal,103448.57485291154,1.0005606199671166,103390.61201140554,0,0,2,,,111;130,0,0,2,0,0,0,0.0,0.0,0.1,0.0,0.0,0.0,0,2,0.2558846940009971,3,3,241,42,2,,method1_proportional_scores_gamma1,unrestricted_maximum_cardinality_then_maximum_testing_evalue_sum,200,0,6,exact_fixed_count_order_statistics,300.0,1,False
256,0722611f6c6f043795ae71f3e9e9782243b0239efcbaa97dafae51c7a2263c7e,proven_maximal,maximize_sum_testing_e_values_at_maximum_cardinality,proven_optimal,25404.068566341528,2.237257116362054,11355.006262154808,0,0,5,,,54;58;73;133;141,0,0,5,0,0,0,0.0,0.0,0.25,0.0,0.0,0.0,0,5,0.4703357149992371,5,4,228,30,5,,method1_proportional_scores_gamma1,unrestricted_maximum_cardinality_then_maximum_testing_evalue_sum,200,0,3,exact_fixed_count_order_statistics,300.0,1,False
257,75f13fd62e45e7a53385d2aed54052c425120c26f7d01820510077fb2116e763,proven_maximal,maximize_sum_testing_e_values_at_maximum_cardinality,proven_optimal,8289.18461865243,1.98687334394633,4171.974345475109,0,0,2,,,43;70,0,0,2,0,0,0,0.0,0.0,0.1,0.0,0.0,0.0,0,2,0.4499952980040689,5,4,247,48,2,,method1_proportional_scores_gamma1,unrestricted_maximum_cardinality_then_maximum_testing_evalue_sum,200,0,5,exact_fixed_count_order_statistics,300.0,1,False
258,e4dbb8fce57168f498440b1a31c2eb48241c9762853a2b0684eab353dc369bee,proven_maximal,maximize_sum_testing_e_values_at_maximum_cardinality,proven_optimal,12133.848127832243,2.700701874404139,4492.849893144669,0,0,6,,,0;44;64;152;198;199,0,0,6,0,0,0,0.0,0.0,0.3,0.0,0.0,0.0,0,6,0.1647814039970399,3,3,232,37,6,,method1_proportional_scores_gamma1,unrestricted_maximum_cardinality_then_maximum_testing_evalue_sum,200,0,5,exact_fixed_count_order_statistics,300.0,1,False
259,d39081aeeb5a1e313ac7df28d5255a107c52019be8e79e7375cebbff24bec4e3,proven_maximal,maximize_sum_testing_e_values_at_maximum_cardinality,proven_optimal,999.3026219084776,0.021539495527114153,46393.96594272807,0,0,1,,,131,0,0,1,0,0,0,0.0,0.0,0.05,0.0,0.0,0.0,0,1,0.9441922589976457,9,5,244,41,1,,method1_proportional_scores_gamma1,unrestricted_maximum_cardinality_then_maximum_testing_evalue_sum,200,0,2,exact_fixed_count_order_statistics,300.0,1,False
260,2cb814ce63345778432361818bb10781e5598dc2a28e3715d1dbf40ffff797c6,proven_maximal,maximize_sum_testing_e_values_at_maximum_cardinality,proven_optimal,54553.65071884051,2.2337787887499436,24422.13660259956,0,0,5,,,44;84;136;142;155,0,0,5,0,0,0,0.0,0.0,0.25,0.0,0.0,0.0,0,5,0.2660453980060993,3,3,243,47,5,,method1_proportional_scores_gamma1,unrestricted_maximum_cardinality_then_maximum_testing_evalue_sum,200,0,5,exact_fixed_count_order_statistics,300.0,1,False
261,bcff51f5fbf0ce5fa3238322ff813578a840aef1ac4e4ba9afdb8d0e1ddbe11e,proven_maximal,maximize_sum_testing_e_values_at_maximum_cardinality,proven_optimal,0.0,0.0,1622.7177863302409,0,0,0,,,,0,0,0,0,0,0,0.0,0.0,0.0,0.0,0.0,0.0,0,0,0.19706454999686684,3,3,241,41,0,,method1_proportional_scores_gamma1,unrestricted_maximum_cardinality_then_maximum_testing_evalue_sum,200,0,0,exact_fixed_count_order_statistics,300.0,1,False
262,a1a8899153150531fcd9d635fe7d95d56fdc33ea1f023c6c1746a2a97fd8cfbb,proven_maximal,maximize_sum_testing_e_values_at_maximum_cardinality,proven_optimal,8754.377001745535,1.1986067270489564,7303.794317339893,0,0,5,,,3;9;82;118;123,0,0,5,0,0,0,0.0,0.0,0.25,0.0,0.0,0.0,0,5,0.41334855599416187,5,5,245,46,5,,method1_proportional_scores_gamma1,unrestricted_maximum_cardinality_then_maximum_testing_evalue_sum,200,0,2,exact_fixed_count_order_statistics,300.0,1,False
263,e717fa2820545416282f0c3f260f1b5042b939627ed16bc9961dbe7e70b5d6af,proven_maximal,maximize_sum_testing_e_values_at_maximum_cardinality,proven_optimal,52109.14762784523,0.1835967740614012,283823.87378123595,0,0,2,,,66;100,0,0,2,0,0,0,0.0,0.0,0.1,0.0,0.0,0.0,0,2,0.14882324200152652,3,3,231,32,2,,method1_proportional_scores_gamma1,unrestricted_maximum_cardinality_then_maximum_testing_evalue_sum,200,0,3,exact_fixed_count_order_statistics,300.0,1,False
264,689a35b5c9f19ce9f4a3731a5517f48993572311ad78b24e308147e20ec99a43,proven_maximal,maximize_sum_testing_e_values_at_maximum_cardinality,proven_optimal,86928.30659744366,1.108960866343111,78387.17238426713,0,0,6,,,1;102;152;165;167;169,0,0,6,0,0,0,0.0,0.0,0.3,0.0,0.0,0.0,0,6,0.5275441589983529,8,6,240,40,6,,method1_proportional_scores_gamma1,unrestricted_maximum_cardinality_then_maximum_testing_evalue_sum,200,0,5,exact_fixed_count_order_statistics,300.0,1,False
265,757e62be2a0de401e8d212e9a154837e2620ce52129d0aa1f1b2038022a3c049,proven_maximal,maximize_sum_testing_e_values_at_maximum_cardinality,proven_optimal,0.0,0.0,7258.635028662836,0,0,0,,,,0,0,0,0,0,0,0.0,0.0,0.0,0.0,0.0,0.0,0,0,0.18934025400085375,3,3,239,39,0,,method1_proportional_scores_gamma1,unrestricted_maximum_cardinality_then_maximum_testing_evalue_sum,200,0,2,exact_fixed_count_order_statistics,300.0,1,False
266,d377be06ac4b1a0a5f938b1c4f21f0e8ab853782b21c40d2a8106827a581ac8a,proven_maximal,maximize_sum_testing_e_values_at_maximum_cardinality,proven_optimal,3285.025169313962,0.519303232939341,6325.832309420035,0,0,3,,,60;147;168,0,0,3,0,0,0,0.0,0.0,0.15,0.0,0.0,0.0,0,3,0.39395535299991025,5,4,245,47,3,,method1_proportional_scores_gamma1,unrestricted_maximum_cardinality_then_maximum_testing_evalue_sum,200,0,3,exact_fixed_count_order_statistics,300.0,1,False
267,9cbe88f83edc0aa608b2af279c3a1e4ac20d01f90956e169f3ef650575764181,proven_maximal,maximize_sum_testing_e_values_at_maximum_cardinality,proven_optimal,2376.212367636629,1.5221678173086242,1561.071217389196,0,0,4,,,56;107;155;171,0,0,4,0,0,0,0.0,0.0,0.2,0.0,0.0,0.0,0,4,0.5351745959997061,6,5,243,43,4,,method1_proportional_scores_gamma1,unrestricted_maximum_cardinality_then_maximum_testing_evalue_sum,200,0,0,exact_fixed_count_order_statistics,300.0,1,False
268,eb1bf20d0037ed4cd7fd164533a2d197016c2e8debc32a94efc0cc9222b60ce4,proven_maximal,maximize_sum_testing_e_values_at_maximum_cardinality,proven_optimal,0.0,0.0,123832.25283338012,0,0,0,,,,0,0,0,0,0,0,0.0,0.0,0.0,0.0,0.0,0.0,0,0,0.18618402699939907,3,3,241,41,0,,method1_proportional_scores_gamma1,unrestricted_maximum_cardinality_then_maximum_testing_evalue_sum,200,0,1,exact_fixed_count_order_statistics,300.0,1,False
269,f9a7cf21f3b0128a3fb9acb93c7177e1de93a6f8ca73ab336e4a3b375936965b,proven_maximal,maximize_sum_testing_e_values_at_maximum_cardinality,proven_optimal,33741.49137713937,1.343514645165924,25114.34579335925,0,0,3,,,12;28;70,0,0,3,0,0,0,0.0,0.0,0.15,0.0,0.0,0.0,0,3,0.6000428699990152,7,5,243,43,3,,method1_proportional_scores_gamma1,unrestricted_maximum_cardinality_then_maximum_testing_evalue_sum,200,0,6,exact_fixed_count_order_statistics,300.0,1,False
270,14effec4722118f79fb020bb9a050cc69d5a48d21bdebf5be03ddb0607b49cf1,proven_maximal,maximize_sum_testing_e_values_at_maximum_cardinality,proven_optimal,24573.237853839346,1.8073277319581231,13596.448181103173,0,0,2,,,52;85,0,0,2,0,0,0,0.0,0.0,0.1,0.0,0.0,0.0,0,2,0.578134957999282,5,4,243,44,2,,method1_proportional_scores_gamma1,unrestricted_maximum_cardinality_then_maximum_testing_evalue_sum,200,0,6,exact_fixed_count_order_statistics,300.0,1,False
271,4d66be745a0ae58df07379833cc025b4f1a94c05628e5c4c73206e128271af44,proven_maximal,maximize_sum_testing_e_values_at_maximum_cardinality,proven_optimal,24795.679318114002,1.5442979818152733,16056.279040763537,0,0,7,,,30;49;72;77;136;147;167,0,0,7,0,0,0,0.0,0.0,0.35,0.0,0.0,0.0,0,7,0.17787010200117948,3,3,229,35,7,,method1_proportional_scores_gamma1,unrestricted_maximum_cardinality_then_maximum_testing_evalue_sum,200,0,10,exact_fixed_count_order_statistics,300.0,1,False
272,53018b59e4bc909f147a4d59a6dfafdeecb7184141dbac3497fb4c167e65bab3,proven_maximal,maximize_sum_testing_e_values_at_maximum_cardinality,proven_optimal,0.0,0.0,5842.444733114125,0,0,0,,,,0,0,0,0,0,0,0.0,0.0,0.0,0.0,0.0,0.0,0,0,0.17204317999858176,3,3,227,27,0,,method1_proportional_scores_gamma1,unrestricted_maximum_cardinality_then_maximum_testing_evalue_sum,200,0,1,exact_fixed_count_order_statistics,300.0,1,False
273,cd5ee1070f3e9e11f4d464fb8e06d9605d61d2714ac97dc38b65eee2213f56b6,proven_maximal,maximize_sum_testing_e_values_at_maximum_cardinality,proven_optimal,192560.5333082882,1.0223113574693088,188358.01040591407,0,0,6,,,17;40;91;169;176;183,0,0,6,0,0,0,0.0,0.0,0.3,0.0,0.0,0.0,0,6,0.6864472059969557,7,5,250,49,6,,method1_proportional_scores_gamma1,unrestricted_maximum_cardinality_then_maximum_testing_evalue_sum,200,0,5,exact_fixed_count_order_statistics,300.0,1,False
274,a5b27b5458804c99db78f1b048b1741eabaec65f7dc02017fa80b94674194a03,proven_maximal,maximize_sum_testing_e_values_at_maximum_cardinality,proven_optimal,3829.5842662868217,1.0,3829.5842662868217,0,0,1,,,61,0,0,1,0,0,0,0.0,0.0,0.05,0.0,0.0,0.0,0,1,0.6099962730004336,7,5,250,49,1,,method1_proportional_scores_gamma1,unrestricted_maximum_cardinality_then_maximum_testing_evalue_sum,200,0,2,exact_fixed_count_order_statistics,300.0,1,False
275,5d06f79b4cb4a153ce62151c55279151c4dea7a6f449b79af39ea33bb7d5f389,proven_maximal,maximize_sum_testing_e_values_at_maximum_cardinality,proven_optimal,36310.52617510888,1.2483123344290932,29087.693178738988,0,0,6,,,29;91;118;133;151;164,0,0,5,0,0,1,0.0,0.0,0.25,0.0,0.0,0.16666666666666666,0,6,0.20000747999438317,3,3,239,43,6,,method1_proportional_scores_gamma1,unrestricted_maximum_cardinality_then_maximum_testing_evalue_sum,200,0,4,exact_fixed_count_order_statistics,300.0,1,False
276,545acbad8f72cbb65be314f65e7dbb8fe1014506cd29544d8660a3fdff504212,proven_maximal,maximize_sum_testing_e_values_at_maximum_cardinality,proven_optimal,144362.39828940047,1.0304433793873968,140097.3611720661,0,0,3,,,13;42;52,0,0,3,0,0,0,0.0,0.0,0.15,0.0,0.0,0.0,0,3,0.4666655429973616,5,4,247,48,3,,method1_proportional_scores_gamma1,unrestricted_maximum_cardinality_then_maximum_testing_evalue_sum,200,0,3,exact_fixed_count_order_statistics,300.0,1,False
277,c2bed0d4d8035a1beffbf709378807e8b8d83bb93cbbc104d0abdf5c14599ef0,proven_maximal,maximize_sum_testing_e_values_at_maximum_cardinality,proven_optimal,9338.236582815478,1.3006782570961384,7179.513097776994,0,0,5,,,23;45;77;116;136,0,0,5,0,0,0,0.0,0.0,0.25,0.0,0.0,0.0,0,5,0.4642701000047964,5,4,240,43,5,,method1_proportional_scores_gamma1,unrestricted_maximum_cardinality_then_maximum_testing_evalue_sum,200,0,5,exact_fixed_count_order_statistics,300.0,1,False
278,421ef9fd15c338a0b27d9f527ac1d81def717ff26a68488a0d08961a9998c4c6,proven_maximal,maximize_sum_testing_e_values_at_maximum_cardinality,proven_optimal,32250.263860106243,1.1328172129737257,28469.07999874667,0,0,4,,,2;18;109;126,0,0,4,0,0,0,0.0,0.0,0.2,0.0,0.0,0.0,0,4,0.2360907819966087,3,3,228,31,4,,method1_proportional_scores_gamma1,unrestricted_maximum_cardinality_then_maximum_testing_evalue_sum,200,0,5,exact_fixed_count_order_statistics,300.0,1,False
279,2ce060de654b6c8da146a6c03c01224baddc75c3779ea656620e198dcd8903ee,proven_maximal,maximize_sum_testing_e_values_at_maximum_cardinality,proven_optimal,42048.121745791694,1.0727597661987753,39196.21435355029,0,0,3,,,54;134;150,0,0,3,0,0,0,0.0,0.0,0.15,0.0,0.0,0.0,0,3,0.4249036730034277,5,4,243,45,3,,method1_proportional_scores_gamma1,unrestricted_maximum_cardinality_then_maximum_testing_evalue_sum,200,0,5,exact_fixed_count_order_statistics,300.0,1,False
280,5e60e62d34ce3e8e93e7078ccb592e7c07954bb368ede569e3831bc0634c077c,proven_maximal,maximize_sum_testing_e_values_at_maximum_cardinality,proven_optimal,580.1932978112009,0.5503838943382849,1054.1611115070057,0,0,2,,,10;152,0,0,2,0,0,0,0.0,0.0,0.1,0.0,0.0,0.0,0,2,0.16462894799769856,3,3,249,51,2,,method1_proportional_scores_gamma1,unrestricted_maximum_cardinality_then_maximum_testing_evalue_sum,200,0,0,exact_fixed_count_order_statistics,300.0,1,False
281,786754ed6c3667bf3464f72bf54a48a1082bc9c6e02dae5793f8234b1af8ee7e,proven_maximal,maximize_sum_testing_e_values_at_maximum_cardinality,proven_optimal,1982.3753477164357,1.2773174274312924,1551.9833246955905,0,0,4,,,49;77;90;158,0,0,4,0,0,0,0.0,0.0,0.2,0.0,0.0,0.0,0,4,0.2156259740004316,3,3,245,47,4,,method1_proportional_scores_gamma1,unrestricted_maximum_cardinality_then_maximum_testing_evalue_sum,200,0,0,exact_fixed_count_order_statistics,300.0,1,False
282,e1b82b56b7315c76f86b6c20f3a828bfbd1bd894ab2d9ad45ec573ede47bcd60,proven_maximal,maximize_sum_testing_e_values_at_maximum_cardinality,proven_optimal,279.98432834527944,0.0027000290143655652,103696.7850551296,0,0,1,,,96,0,0,1,0,0,0,0.0,0.0,0.05,0.0,0.0,0.0,0,1,0.5273572570004035,7,5,247,45,1,,method1_proportional_scores_gamma1,unrestricted_maximum_cardinality_then_maximum_testing_evalue_sum,200,0,6,exact_fixed_count_order_statistics,300.0,1,False
283,964d642e14cb4ed6b06e899245f1aed9136434fedc23f0b0d33f8a0cfa050619,proven_maximal,maximize_sum_testing_e_values_at_maximum_cardinality,proven_optimal,4145.693555979523,1.9213934715790324,2157.6494441674795,0,0,4,,,34;51;63;138,0,0,4,0,0,0,0.0,0.0,0.2,0.0,0.0,0.0,0,4,0.12507221900159493,3,3,228,31,4,,method1_proportional_scores_gamma1,unrestricted_maximum_cardinality_then_maximum_testing_evalue_sum,200,0,0,exact_fixed_count_order_statistics,300.0,1,False
284,78f5380bd552aacd1f5c6cf37115af57db635cf8c363bfe0f293cc1489548184,proven_maximal,maximize_sum_testing_e_values_at_maximum_cardinality,proven_optimal,0.0,0.0,33462.6222660799,0,0,0,,,,0,0,0,0,0,0,0.0,0.0,0.0,0.0,0.0,0.0,0,0,0.16698217899829615,3,3,238,38,0,,method1_proportional_scores_gamma1,unrestricted_maximum_cardinality_then_maximum_testing_evalue_sum,200,0,7,exact_fixed_count_order_statistics,300.0,1,False
285,eb23698dce9e8a47fb9efe6fa586ed2cc827cdb29ddb54f80992b325f1055425,proven_maximal,maximize_sum_testing_e_values_at_maximum_cardinality,proven_optimal,3105.88992074799,1.4108892584870272,2201.370449214847,0,0,4,,,9;18;120;175,0,0,4,0,0,0,0.0,0.0,0.2,0.0,0.0,0.0,0,4,0.34191136399749666,5,4,234,34,4,,method1_proportional_scores_gamma1,unrestricted_maximum_cardinality_then_maximum_testing_evalue_sum,200,0,8,exact_fixed_count_order_statistics,300.0,1,False
286,acf5e3a9f7e2cfbab88a5d22c1f91c5fedd5a91ac78130de9590923b6e96fede,proven_maximal,maximize_sum_testing_e_values_at_maximum_cardinality,proven_optimal,0.0,0.0,130430.45562963709,0,0,0,,,,0,0,0,0,0,0,0.0,0.0,0.0,0.0,0.0,0.0,0,0,0.226671971999167,3,3,238,38,0,,method1_proportional_scores_gamma1,unrestricted_maximum_cardinality_then_maximum_testing_evalue_sum,200,0,7,exact_fixed_count_order_statistics,300.0,1,False
287,7dac404f31c0f3450eb1d45c63dd830bdf5c495853b869155c2065d74600922e,proven_maximal,maximize_sum_testing_e_values_at_maximum_cardinality,proven_optimal,1520.2331261136626,0.3555615873499682,4275.583134399005,0,0,1,,,199,0,0,1,0,0,0,0.0,0.0,0.05,0.0,0.0,0.0,0,1,0.1627227010030765,3,3,240,41,1,,method1_proportional_scores_gamma1,unrestricted_maximum_cardinality_then_maximum_testing_evalue_sum,200,0,4,exact_fixed_count_order_statistics,300.0,1,False
288,1217fcf60ad474bf61bad5367039fcbc66187ef57192aed90c59aa671bcebeb4,proven_maximal,maximize_sum_testing_e_values_at_maximum_cardinality,proven_optimal,2601.8132824682084,0.058657899022880246,44355.71893656366,0,0,3,,,2;40;61,0,0,3,0,0,0,0.0,0.0,0.15,0.0,0.0,0.0,0,3,0.5142081000012695,5,4,241,41,3,,method1_proportional_scores_gamma1,unrestricted_maximum_cardinality_then_maximum_testing_evalue_sum,200,0,2,exact_fixed_count_order_statistics,300.0,1,False
289,033812aa20380b149020df819acd021dcdbc45fc216a2eeac9ba67c2a95f48c9,proven_maximal,maximize_sum_testing_e_values_at_maximum_cardinality,proven_optimal,606.8921271277716,0.16760097445799627,3621.0536907103087,0,0,1,,,187,0,0,1,0,0,0,0.0,0.0,0.05,0.0,0.0,0.0,0,1,0.8956220270047197,11,7,247,40,1,,method1_proportional_scores_gamma1,unrestricted_maximum_cardinality_then_maximum_testing_evalue_sum,200,0,2,exact_fixed_count_order_statistics,300.0,1,False
290,19f456bf06d7012427dbf33d9c5fb8425df03f8fb0a542e9a7c022635f78e136,proven_maximal,maximize_sum_testing_e_values_at_maximum_cardinality,proven_optimal,0.0,0.0,4098.981932627732,0,0,0,,,,0,0,0,0,0,0,0.0,0.0,0.0,0.0,0.0,0.0,0,0,0.14203300500230398,3,3,248,48,0,,method1_proportional_scores_gamma1,unrestricted_maximum_cardinality_then_maximum_testing_evalue_sum,200,0,1,exact_fixed_count_order_statistics,300.0,1,False
291,475d0f209ff78d74669edf95094c8744ab3f27c2fad659bcaf42fd34d0ed90cb,proven_maximal,maximize_sum_testing_e_values_at_maximum_cardinality,proven_optimal,5860.805349215659,1.0945646788861605,5354.462337647941,0,0,5,,,41;46;127;169;187,0,0,5,0,0,0,0.0,0.0,0.25,0.0,0.0,0.0,0,5,0.4591857890045503,7,5,236,37,5,,method1_proportional_scores_gamma1,unrestricted_maximum_cardinality_then_maximum_testing_evalue_sum,200,0,1,exact_fixed_count_order_statistics,300.0,1,False
292,8fb504f0780425b74adbcb2792a568b145b2eafcf2198b47dcd9fd49e85f64cd,proven_maximal,maximize_sum_testing_e_values_at_maximum_cardinality,proven_optimal,93.5623439797132,0.051112565616101766,1830.515507330328,0,0,1,,,193,0,0,1,0,0,0,0.0,0.0,0.05,0.0,0.0,0.0,0,1,0.36298314700252376,5,4,251,51,1,,method1_proportional_scores_gamma1,unrestricted_maximum_cardinality_then_maximum_testing_evalue_sum,200,0,0,exact_fixed_count_order_statistics,300.0,1,False
293,84b2636ac031489d7b23e5435cd06d92738b5c88c500461554fe89edd712433c,proven_maximal,maximize_sum_testing_e_values_at_maximum_cardinality,proven_optimal,129058.13185044176,2.1838053943582456,59097.81713327439,0,0,10,,,3;21;55;58;81;83;90;111;115;167,0,0,10,0,0,0,0.0,0.0,0.5,0.0,0.0,0.0,0,10,0.4125969710003119,6,6,239,40,10,,method1_proportional_scores_gamma1,unrestricted_maximum_cardinality_then_maximum_testing_evalue_sum,200,0,11,exact_fixed_count_order_statistics,300.0,1,False
294,937f715513f2a2ebc8b01e2f921a978885ec5d0a908111da604ceb17418c07c2,proven_maximal,maximize_sum_testing_e_values_at_maximum_cardinality,proven_optimal,13915.732765721092,2.807176734153319,4957.198667407115,0,0,10,,,3;10;36;54;62;66;108;119;129;149,0,0,10,0,0,0,0.0,0.0,0.5,0.0,0.0,0.0,0,10,0.28579401400202187,5,5,249,54,10,,method1_proportional_scores_gamma1,unrestricted_maximum_cardinality_then_maximum_testing_evalue_sum,200,0,4,exact_fixed_count_order_statistics,300.0,1,False
295,05744cfd6e3776da2e5aa4b0ec5085765b3d5e1559d78876ba27e0929eb0e6f5,proven_maximal,maximize_sum_testing_e_values_at_maximum_cardinality,proven_optimal,0.0,0.0,30211.43491900684,0,0,0,,,,0,0,0,0,0,0,0.0,0.0,0.0,0.0,0.0,0.0,0,0,0.3748555199999828,5,3,246,46,0,,method1_proportional_scores_gamma1,unrestricted_maximum_cardinality_then_maximum_testing_evalue_sum,200,0,2,exact_fixed_count_order_statistics,300.0,1,False
296,54714a8f480dea271cbcd6979eeb3d289d960552c8fffb40ec2b45e63de1247c,proven_maximal,maximize_sum_testing_e_values_at_maximum_cardinality,proven_optimal,0.0,0.0,8496.117778603306,0,0,0,,,,0,0,0,0,0,0,0.0,0.0,0.0,0.0,0.0,0.0,0,0,0.4351585479962523,5,3,266,65,0,,method1_proportional_scores_gamma1,unrestricted_maximum_cardinality_then_maximum_testing_evalue_sum,200,0,1,exact_fixed_count_order_statistics,300.0,1,False
297,39eeb3d79573e6a630ac2c1c593ba7677889dd358d6d0dffd7818130664c2b51,proven_maximal,maximize_sum_testing_e_values_at_maximum_cardinality,proven_optimal,659.1909764393881,0.040152618468888304,16417.13545905239,0,0,3,,,72;73;102,0,0,3,0,0,0,0.0,0.0,0.15,0.0,0.0,0.0,0,3,0.29080132100352785,4,4,241,41,3,,method1_proportional_scores_gamma1,unrestricted_maximum_cardinality_then_maximum_testing_evalue_sum,200,0,1,exact_fixed_count_order_statistics,300.0,1,False
298,9a3aa721b091a37f34ef3d736fc56ed7f691d34cfa7f6f4d0ee53dd25e839adc,proven_maximal,maximize_sum_testing_e_values_at_maximum_cardinality,proven_optimal,38903.20266314817,1.8590644514698529,20926.22589409942,0,0,9,,,9;25;35;44;59;63;131;154;159,0,0,9,0,0,0,0.0,0.0,0.45,0.0,0.0,0.0,0,9,0.33932488299615216,7,7,267,50,9,,method1_proportional_scores_gamma1,unrestricted_maximum_cardinality_then_maximum_testing_evalue_sum,200,0,8,exact_fixed_count_order_statistics,300.0,1,False
299,e44ae75625dc7d9bb001b704a99ea1b00ce56d2eeed1f6b3452c40afd9c128b3,proven_maximal,maximize_sum_testing_e_values_at_maximum_cardinality,proven_optimal,0.0,0.0,9163.752874330454,0,0,0,,,,0,0,0,0,0,0,0.0,0.0,0.0,0.0,0.0,0.0,0,0,0.16524071100138826,3,3,244,44,0,,method1_proportional_scores_gamma1,unrestricted_maximum_cardinality_then_maximum_testing_evalue_sum,200,0,5,exact_fixed_count_order_statistics,300.0,1,False
300,043b67157afaf4d07bb9f2c7cc65ecb7624753f4b0f092320a41ab26b175c229,proven_maximal,maximize_sum_testing_e_values_at_maximum_cardinality,proven_optimal,85.02396859699664,0.02561092824320761,3319.8315886713804,0,0,1,,,103,0,0,1,0,0,0,0.0,0.0,0.05,0.0,0.0,0.0,0,1,0.44014298099500593,5,4,242,42,1,,method1_proportional_scores_gamma1,unrestricted_maximum_cardinality_then_maximum_testing_evalue_sum,200,0,0,exact_fixed_count_order_statistics,300.0,1,False
301,e0c521c6602759a96915f2ce5c8ddb860aa77d0ef655de97d0d0bf6166a777f0,proven_maximal,maximize_sum_testing_e_values_at_maximum_cardinality,proven_optimal,2348.987999232173,0.27062776187052706,8679.774694940459,0,0,5,,,6;49;98;132;184,0,0,5,0,0,0,0.0,0.0,0.25,0.0,0.0,0.0,0,5,0.5878704720016685,5,4,231,33,5,,method1_proportional_scores_gamma1,unrestricted_maximum_cardinality_then_maximum_testing_evalue_sum,200,0,1,exact_fixed_count_order_statistics,300.0,1,False
302,95637bc90b7e5fb2a6458664756747f1f477cf1bebfc4f53eb7d2a7fadb27837,proven_maximal,maximize_sum_testing_e_values_at_maximum_cardinality,proven_optimal,189430.46975806417,1.0797880061637242,175433.01895996567,0,0,4,,,12;78;90;137,0,0,4,0,0,0,0.0,0.0,0.2,0.0,0.0,0.0,0,4,0.17633220100105973,3,3,237,40,4,,method1_proportional_scores_gamma1,unrestricted_maximum_cardinality_then_maximum_testing_evalue_sum,200,0,5,exact_fixed_count_order_statistics,300.0,1,False
303,55254b2e6ccaacfd117d3aba75c980f1c5553f5c05d7c15d6f1debbfdc2ccfe9,proven_maximal,maximize_sum_testing_e_values_at_maximum_cardinality,proven_optimal,10536.374004858926,1.0896330239294763,9669.65370309928,0,0,2,,,23;189,0,0,2,0,0,0,0.0,0.0,0.1,0.0,0.0,0.0,0,2,0.28315138399921125,3,3,248,50,2,,method1_proportional_scores_gamma1,unrestricted_maximum_cardinality_then_maximum_testing_evalue_sum,200,0,5,exact_fixed_count_order_statistics,300.0,1,False
304,cb16d96764bb0e208eec7ccc33e46144b79b2d27e35105b3184e5e59ed58c305,proven_maximal,maximize_sum_testing_e_values_at_maximum_cardinality,proven_optimal,19042.73701228899,1.3580748834052259,14021.86083034051,0,0,6,,,51;84;118;165;171;182,0,0,6,0,0,0,0.0,0.0,0.3,0.0,0.0,0.0,0,6,0.12982573000044795,3,3,240,43,6,,method1_proportional_scores_gamma1,unrestricted_maximum_cardinality_then_maximum_testing_evalue_sum,200,0,2,exact_fixed_count_order_statistics,300.0,1,False
305,6913a1d9ca20e69c8f0d592232b2fca6b7e142ce0c78900a6caa34a919902cbc,proven_maximal,maximize_sum_testing_e_values_at_maximum_cardinality,proven_optimal,2104.004670777987,1.0822083384952828,1944.1771015213428,0,0,5,,,17;44;112;116;129,0,0,5,0,0,0,0.0,0.0,0.25,0.0,0.0,0.0,0,5,0.4367645750025986,3,3,256,60,5,,method1_proportional_scores_gamma1,unrestricted_maximum_cardinality_then_maximum_testing_evalue_sum,200,0,0,exact_fixed_count_order_statistics,300.0,1,False
306,ae8a8e2fb6ecaa224b314bc92e1b366bc24c8797e16a2799f56e3fe045e75d93,proven_maximal,maximize_sum_testing_e_values_at_maximum_cardinality,proven_optimal,648.297155064955,0.11987930797234209,5407.915394494325,0,0,2,,,36;65,0,0,2,0,0,0,0.0,0.0,0.1,0.0,0.0,0.0,0,2,0.2100805650043185,3,3,250,51,2,,method1_proportional_scores_gamma1,unrestricted_maximum_cardinality_then_maximum_testing_evalue_sum,200,0,1,exact_fixed_count_order_statistics,300.0,1,False
307,ee267d4134f7288ffb955f880238a794382e136403585c359f51e718bdd908b9,proven_maximal,maximize_sum_testing_e_values_at_maximum_cardinality,proven_optimal,0.0,0.0,6980.8885558666,0,0,0,,,,0,0,0,0,0,0,0.0,0.0,0.0,0.0,0.0,0.0,0,0,0.11975047700252617,3,3,240,40,0,,method1_proportional_scores_gamma1,unrestricted_maximum_cardinality_then_maximum_testing_evalue_sum,200,0,8,exact_fixed_count_order_statistics,300.0,1,False
308,bb361ed8117fc2202472b7d139db880f44953ef51630fd0dc198abde5ea6d986,proven_maximal,maximize_sum_testing_e_values_at_maximum_cardinality,proven_optimal,11386.59616556469,0.5048120272510632,22556.111088656136,0,0,8,,,24;27;41;43;64;126;166;199,0,0,8,0,0,0,0.0,0.0,0.4,0.0,0.0,0.0,0,8,0.3894611020004959,5,4,232,38,8,,method1_proportional_scores_gamma1,unrestricted_maximum_cardinality_then_maximum_testing_evalue_sum,200,0,5,exact_fixed_count_order_statistics,300.0,1,False
309,a2e445dd9ed0bfdf6c777d9ef81e6bcff9b43750e025660ed497a090658d2031,proven_maximal,maximize_sum_testing_e_values_at_maximum_cardinality,proven_optimal,24593.32964209419,1.0154225874389697,24219.797694398178,0,0,2,,,48;62,0,0,2,0,0,0,0.0,0.0,0.1,0.0,0.0,0.0,0,2,0.1765771990030771,3,3,231,33,2,,method1_proportional_scores_gamma1,unrestricted_maximum_cardinality_then_maximum_testing_evalue_sum,200,0,5,exact_fixed_count_order_statistics,300.0,1,False
310,56ac42cefaf9edd04b2fd39fcc1b2dbff41a5a21d05c31bfa4e7078f2ef3b544,proven_maximal,maximize_sum_testing_e_values_at_maximum_cardinality,proven_optimal,75915.1331140691,1.5629410500971048,48571.97468154831,0,0,5,,,37;54;90;175;199,0,0,5,0,0,0,0.0,0.0,0.25,0.0,0.0,0.0,0,5,0.42372314800013555,5,4,232,33,5,,method1_proportional_scores_gamma1,unrestricted_maximum_cardinality_then_maximum_testing_evalue_sum,200,0,11,exact_fixed_count_order_statistics,300.0,1,False
311,9c5ea9fc01b708e98079982c7c313b33ecfd329e42cb1417274d670259b3b905,proven_maximal,maximize_sum_testing_e_values_at_maximum_cardinality,proven_optimal,13499.200329232171,1.0158025478829948,13289.197154865844,0,0,2,,,36;72,0,0,2,0,0,0,0.0,0.0,0.1,0.0,0.0,0.0,0,2,0.7092075570035377,11,7,238,32,2,,method1_proportional_scores_gamma1,unrestricted_maximum_cardinality_then_maximum_testing_evalue_sum,200,0,3,exact_fixed_count_order_statistics,300.0,1,False
312,36f5e55a4518596d5d008104e235133c9cb42553a073de9eef1c084ad256f0d3,proven_maximal,maximize_sum_testing_e_values_at_maximum_cardinality,proven_optimal,43524.38645111862,1.0080417333738303,43177.16718478131,0,0,4,,,3;50;86;88,0,0,4,0,0,0,0.0,0.0,0.2,0.0,0.0,0.0,0,4,0.7369313710005372,7,5,249,47,4,,method1_proportional_scores_gamma1,unrestricted_maximum_cardinality_then_maximum_testing_evalue_sum,200,0,1,exact_fixed_count_order_statistics,300.0,1,False
313,8d12a940763bac59e582ccb92d5a938994044455c2a5375ff28c328e8a972881,proven_maximal,maximize_sum_testing_e_values_at_maximum_cardinality,proven_optimal,144444.51757952993,1.3137013178136037,109952.327535097,0,0,4,,,4;19;57;173,0,0,4,0,0,0,0.0,0.0,0.2,0.0,0.0,0.0,0,4,0.5288995139999315,5,4,232,32,4,,method1_proportional_scores_gamma1,unrestricted_maximum_cardinality_then_maximum_testing_evalue_sum,200,0,5,exact_fixed_count_order_statistics,300.0,1,False
314,37b1266fcb1a80be50dd5dbc995e678565d77de97a676362568cd5520d0aeaca,proven_maximal,maximize_sum_testing_e_values_at_maximum_cardinality,proven_optimal,2621.094196303422,0.8284545181344654,3163.8359607304305,0,0,6,,,53;58;84;90;112;187,0,0,6,0,0,0,0.0,0.0,0.3,0.0,0.0,0.0,0,6,0.16070411699911347,3,3,241,45,6,,method1_proportional_scores_gamma1,unrestricted_maximum_cardinality_then_maximum_testing_evalue_sum,200,0,0,exact_fixed_count_order_statistics,300.0,1,False
315,6d0aec3cf14d753b352ca1bc574ee4da6122163dd57542225bff26a4c90e3161,proven_maximal,maximize_sum_testing_e_values_at_maximum_cardinality,proven_optimal,5723.423658148938,1.1051603326443182,5178.817488367951,0,0,3,,,22;69;86,0,0,3,0,0,0,0.0,0.0,0.15,0.0,0.0,0.0,0,3,0.535730881994823,5,4,245,46,3,,method1_proportional_scores_gamma1,unrestricted_maximum_cardinality_then_maximum_testing_evalue_sum,200,0,1,exact_fixed_count_order_statistics,300.0,1,False
316,869e888348017fc92b15381b87ccb12dca59f6b4081e81901f3731318ed8e6e8,proven_maximal,maximize_sum_testing_e_values_at_maximum_cardinality,proven_optimal,20793.70849060515,1.4323606519333612,14517.089995831966,0,0,5,,,30;51;65;135;140,0,0,5,0,0,0,0.0,0.0,0.25,0.0,0.0,0.0,0,5,0.5825094470055774,7,5,239,40,5,,method1_proportional_scores_gamma1,unrestricted_maximum_cardinality_then_maximum_testing_evalue_sum,200,0,4,exact_fixed_count_order_statistics,300.0,1,False
317,4852791ccf1cea719c6b90c515cc8492d026e4b2145e434793cbd089bf32bb87,proven_maximal,maximize_sum_testing_e_values_at_maximum_cardinality,proven_optimal,0.0,0.0,12745.467148328456,0,0,0,,,,0,0,0,0,0,0,0.0,0.0,0.0,0.0,0.0,0.0,0,0,0.5477922299978673,7,4,248,43,0,,method1_proportional_scores_gamma1,unrestricted_maximum_cardinality_then_maximum_testing_evalue_sum,200,0,4,exact_fixed_count_order_statistics,300.0,1,False
318,fc70c5b04154c4f9ae12d5e46ecfddacd75d37fdc273cba84ded350e4b5c2e0f,proven_maximal,maximize_sum_testing_e_values_at_maximum_cardinality,proven_optimal,0.0,0.0,5318.975220173133,0,0,0,,,,0,0,0,0,0,0,0.0,0.0,0.0,0.0,0.0,0.0,0,0,0.23555515299813123,3,3,242,42,0,,method1_proportional_scores_gamma1,unrestricted_maximum_cardinality_then_maximum_testing_evalue_sum,200,0,2,exact_fixed_count_order_statistics,300.0,1,False
319,9fc235df60dbd9958b635b42558358ec25a74038f1f5acd7d296b9b684807a63,proven_maximal,maximize_sum_testing_e_values_at_maximum_cardinality,proven_optimal,0.0,0.0,15335.563505944712,0,0,0,,,,0,0,0,0,0,0,0.0,0.0,0.0,0.0,0.0,0.0,0,0,0.603770904999692,6,3,241,39,0,,method1_proportional_scores_gamma1,unrestricted_maximum_cardinality_then_maximum_testing_evalue_sum,200,0,5,exact_fixed_count_order_statistics,300.0,1,False
320,ae5c789ab462cf85c294acc95a216381b21a6f3a174605cb4ccf2340ac969808,proven_maximal,maximize_sum_testing_e_values_at_maximum_cardinality,proven_optimal,25324.188532873293,1.1569124845558023,21889.45911720932,0,0,7,,,43;49;88;109;112;115;159,0,0,7,0,0,0,0.0,0.0,0.35,0.0,0.0,0.0,0,7,0.5119216189996223,5,4,240,41,7,,method1_proportional_scores_gamma1,unrestricted_maximum_cardinality_then_maximum_testing_evalue_sum,200,0,4,exact_fixed_count_order_statistics,300.0,1,False
321,16f34a2a39f235218a41cabaa0b0000722f40346eddbda1c515855724c3b1b23,proven_maximal,maximize_sum_testing_e_values_at_maximum_cardinality,proven_optimal,201017.07289052758,1.0030866968953185,200398.50345209552,0,0,3,,,21;98;109,0,0,3,0,0,0,0.0,0.0,0.15,0.0,0.0,0.0,0,3,0.5165755859998171,5,4,240,42,3,,method1_proportional_scores_gamma1,unrestricted_maximum_cardinality_then_maximum_testing_evalue_sum,200,0,1,exact_fixed_count_order_statistics,300.0,1,False
322,7224d6dd0aebb5c13c6f1d711b7e4f78dd57b5c7ec3667a7866a0b6963b77aa2,proven_maximal,maximize_sum_testing_e_values_at_maximum_cardinality,proven_optimal,41284.83934151925,1.0024269145960611,41184.887137787424,0,0,2,,,81;131,0,0,2,0,0,0,0.0,0.0,0.1,0.0,0.0,0.0,0,2,0.4762978529979591,5,4,244,45,2,,method1_proportional_scores_gamma1,unrestricted_maximum_cardinality_then_maximum_testing_evalue_sum,200,0,2,exact_fixed_count_order_statistics,300.0,1,False
323,1fb076f88e4e1888b238cbc8883d02aad4723e63bcd54336aa942cd290eefefd,proven_maximal,maximize_sum_testing_e_values_at_maximum_cardinality,proven_optimal,20308.99445649316,1.5231933663818156,13333.168923086256,0,0,8,,,18;21;54;147;164;179;191;199,0,0,8,0,0,0,0.0,0.0,0.4,0.0,0.0,0.0,0,8,0.6279776969968225,7,6,245,41,8,,method1_proportional_scores_gamma1,unrestricted_maximum_cardinality_then_maximum_testing_evalue_sum,200,0,4,exact_fixed_count_order_statistics,300.0,1,False
324,4ef1ca2c83951da9af03da773d514bbd3a2bb29e2e0d8a1943e13cd719ea3fc6,proven_maximal,maximize_sum_testing_e_values_at_maximum_cardinality,proven_optimal,13118.928345221393,1.1846523275111873,11074.074680444592,0,0,3,,,28;96;188,0,0,3,0,0,0,0.0,0.0,0.15,0.0,0.0,0.0,0,3,0.17787697200401453,3,3,231,34,3,,method1_proportional_scores_gamma1,unrestricted_maximum_cardinality_then_maximum_testing_evalue_sum,200,0,3,exact_fixed_count_order_statistics,300.0,1,False
325,d4751fc61fa6d1791a157ec7ef231c504a6e000a1806329e2d9f7474644c279d,proven_maximal,maximize_sum_testing_e_values_at_maximum_cardinality,proven_optimal,4151.897169305699,1.0257107430067216,4047.824591497421,0,0,2,,,93;172,0,0,2,0,0,0,0.0,0.0,0.1,0.0,0.0,0.0,0,2,0.1541100370013737,3,3,242,43,2,,method1_proportional_scores_gamma1,unrestricted_maximum_cardinality_then_maximum_testing_evalue_sum,200,0,3,exact_fixed_count_order_statistics,300.0,1,False
326,8c076bb470adb763e3b4b346d563e34dcaa3e811a256d131ece9f323b9156126,proven_maximal,maximize_sum_testing_e_values_at_maximum_cardinality,proven_optimal,39570.51082880039,1.6461912121411357,24037.615154883857,0,0,6,,,36;42;59;146;148;179,0,0,6,0,0,0,0.0,0.0,0.3,0.0,0.0,0.0,0,6,0.4510476790019311,5,4,247,50,6,,method1_proportional_scores_gamma1,unrestricted_maximum_cardinality_then_maximum_testing_evalue_sum,200,0,3,exact_fixed_count_order_statistics,300.0,1,False
327,07963a03ae87bb113db7675ef52d36752076a40c4dd4bf8150f0b0c2e8a0a877,proven_maximal,maximize_sum_testing_e_values_at_maximum_cardinality,proven_optimal,82.86141554520418,0.04810218345765131,1722.6123553862074,0,0,1,,,121,0,0,1,0,0,0,0.0,0.0,0.05,0.0,0.0,0.0,0,1,0.2031228909982019,3,3,250,51,1,,method1_proportional_scores_gamma1,unrestricted_maximum_cardinality_then_maximum_testing_evalue_sum,200,0,3,exact_fixed_count_order_statistics,300.0,1,False
328,55ffaeef31571b02b98fc78d320f427ec15d9a5640ba74ad13bd588c00bf8ce2,proven_maximal,maximize_sum_testing_e_values_at_maximum_cardinality,proven_optimal,17918.362407642002,1.299475300451876,13788.921114092063,0,0,3,,,85;130;151,0,0,3,0,0,0,0.0,0.0,0.15,0.0,0.0,0.0,0,3,0.41102141499868594,5,4,256,56,3,,method1_proportional_scores_gamma1,unrestricted_maximum_cardinality_then_maximum_testing_evalue_sum,200,0,4,exact_fixed_count_order_statistics,300.0,1,False
329,24338b0f377a50281c0bf0381a3b3e50407567a13f9c2fd15466281b393400aa,proven_maximal,maximize_sum_testing_e_values_at_maximum_cardinality,proven_optimal,40645.59369285054,1.8616747593250886,21832.81128417176,0,0,6,,,10;21;41;56;72;79,0,0,6,0,0,0,0.0,0.0,0.3,0.0,0.0,0.0,0,6,0.4358825369999977,6,5,242,42,6,,method1_proportional_scores_gamma1,unrestricted_maximum_cardinality_then_maximum_testing_evalue_sum,200,0,6,exact_fixed_count_order_statistics,300.0,1,False
330,584b335c855eb2be6e181ddc2b29f43fd957d550c4bc72d0babc25ca497152c4,proven_maximal,maximize_sum_testing_e_values_at_maximum_cardinality,proven_optimal,17647.89531903231,0.9037931853649356,19526.4753096212,0,0,3,,,26;80;129,0,0,3,0,0,0,0.0,0.0,0.15,0.0,0.0,0.0,0,3,0.6396596380000119,7,5,242,41,3,,method1_proportional_scores_gamma1,unrestricted_maximum_cardinality_then_maximum_testing_evalue_sum,200,0,5,exact_fixed_count_order_statistics,300.0,1,False
331,9457b392a1261d7edb92217f8f3fd194b1d21ebf575bfa8644ff68e5270acaa2,proven_maximal,maximize_sum_testing_e_values_at_maximum_cardinality,proven_optimal,25196.981416646846,1.264117594468029,19932.466351953863,0,0,3,,,4;20;101,0,0,3,0,0,0,0.0,0.0,0.15,0.0,0.0,0.0,0,3,0.13047343600192107,3,3,240,43,3,,method1_proportional_scores_gamma1,unrestricted_maximum_cardinality_then_maximum_testing_evalue_sum,200,0,4,exact_fixed_count_order_statistics,300.0,1,False
332,a77bfcc7beb06813277c08d2959a4088641d6a3ba9c97f4c1c57038f70757e3d,proven_maximal,maximize_sum_testing_e_values_at_maximum_cardinality,proven_optimal,1291.9752598827354,0.30790563947929106,4196.010381841773,0,0,5,,,2;16;54;106;161,0,0,4,0,0,1,0.0,0.0,0.2,0.0,0.0,0.2,0,5,0.3194868360005785,5,4,237,37,5,,method1_proportional_scores_gamma1,unrestricted_maximum_cardinality_then_maximum_testing_evalue_sum,200,0,2,exact_fixed_count_order_statistics,300.0,1,False
333,1afedd05a9c8c2800fe3975caf781b37ac9eb1797d5d5598c82501f5620d96bd,proven_maximal,maximize_sum_testing_e_values_at_maximum_cardinality,proven_optimal,92637.1458670099,1.102205591613457,84047.06578507152,0,0,4,,,11;37;45;106,0,0,4,0,0,0,0.0,0.0,0.2,0.0,0.0,0.0,0,4,0.12395497300167335,3,3,232,34,4,,method1_proportional_scores_gamma1,unrestricted_maximum_cardinality_then_maximum_testing_evalue_sum,200,0,4,exact_fixed_count_order_statistics,300.0,1,False
334,be75f7c7b0b34c34cc35c98751c92ad3052676e7f74c8dbe5a806954417d29cf,proven_maximal,maximize_sum_testing_e_values_at_maximum_cardinality,proven_optimal,70652.00369397573,1.0406592882252297,67891.58036005011,0,0,7,,,65;74;126;130;148;160;181,0,0,7,0,0,0,0.0,0.0,0.35,0.0,0.0,0.0,0,7,0.22464073399896733,3,3,246,53,7,,method1_proportional_scores_gamma1,unrestricted_maximum_cardinality_then_maximum_testing_evalue_sum,200,0,1,exact_fixed_count_order_statistics,300.0,1,False
335,2616feafeda9a3303850f1a4a80969610844f331db80f921d235b436e160c840,proven_maximal,maximize_sum_testing_e_values_at_maximum_cardinality,proven_optimal,116660.16729899312,2.0202775250090235,57744.624614616776,0,0,8,,,13;41;63;124;128;163;175;182,0,0,8,0,0,0,0.0,0.0,0.4,0.0,0.0,0.0,0,8,0.33561325300252065,5,5,227,29,8,,method1_proportional_scores_gamma1,unrestricted_maximum_cardinality_then_maximum_testing_evalue_sum,200,0,4,exact_fixed_count_order_statistics,300.0,1,False
336,65d821b92e22a6cc1d4f2f73ffeedaca3b9eb4b13a87d59ec2f61d2474a3ef42,proven_maximal,maximize_sum_testing_e_values_at_maximum_cardinality,proven_optimal,9569.254978039566,1.1145847471141097,8585.488903213816,0,0,8,,,10;12;43;72;83;109;141;152,0,0,8,0,0,0,0.0,0.0,0.4,0.0,0.0,0.0,0,8,0.12597036300576292,3,3,232,36,8,,method1_proportional_scores_gamma1,unrestricted_maximum_cardinality_then_maximum_testing_evalue_sum,200,0,1,exact_fixed_count_order_statistics,300.0,1,False
337,f4470d7d448f1ea2d37dff35f5f893093004dcacc213a031713062e2b624175c,proven_maximal,maximize_sum_testing_e_values_at_maximum_cardinality,proven_optimal,4578.330082010041,1.0,4578.330082010041,0,0,1,,,152,0,0,1,0,0,0,0.0,0.0,0.05,0.0,0.0,0.0,0,1,0.18885453900293214,3,3,247,48,1,,method1_proportional_scores_gamma1,unrestricted_maximum_cardinality_then_maximum_testing_evalue_sum,200,0,2,exact_fixed_count_order_statistics,300.0,1,False
338,0b05745560bb9fc3b569519268d8eefa855cf0cf250cac345e66f2ad3755d560,proven_maximal,maximize_sum_testing_e_values_at_maximum_cardinality,proven_optimal,30963.712023994332,0.6187853620711772,50039.50306832349,0,0,6,,,70;117;123;125;145;169,0,0,6,0,0,0,0.0,0.0,0.3,0.0,0.0,0.0,0,6,0.14076637700054562,3,3,238,42,6,,method1_proportional_scores_gamma1,unrestricted_maximum_cardinality_then_maximum_testing_evalue_sum,200,0,2,exact_fixed_count_order_statistics,300.0,1,False
339,1d07569a6d08b522af0319c24c6ba4fb021bbaf2ec058ad75e268c81ab4da474,proven_maximal,maximize_sum_testing_e_values_at_maximum_cardinality,proven_optimal,23683.309407367047,1.0154259665153025,23323.52154499502,0,0,3,,,51;84;158,0,0,3,0,0,0,0.0,0.0,0.15,0.0,0.0,0.0,0,3,0.14549865599838085,3,3,235,38,3,,method1_proportional_scores_gamma1,unrestricted_maximum_cardinality_then_maximum_testing_evalue_sum,200,0,1,exact_fixed_count_order_statistics,300.0,1,False
340,f15448d855acbc3daf41afe66dc144d5827fd74d2854629764caee5abcf35975,proven_maximal,maximize_sum_testing_e_values_at_maximum_cardinality,proven_optimal,1607.773611057082,0.9984351089189136,1610.293545063683,0,0,1,,,84,0,0,1,0,0,0,0.0,0.0,0.05,0.0,0.0,0.0,0,1,0.1486694890045328,3,3,243,44,1,,method1_proportional_scores_gamma1,unrestricted_maximum_cardinality_then_maximum_testing_evalue_sum,200,0,0,exact_fixed_count_order_statistics,300.0,1,False
341,db99f6097d207917482cf08c725fc594bec513e3c4868a901ca7c680ef2d0208,proven_maximal,maximize_sum_testing_e_values_at_maximum_cardinality,proven_optimal,0.0,0.0,5116.875554435822,0,0,0,,,,0,0,0,0,0,0,0.0,0.0,0.0,0.0,0.0,0.0,0,0,0.6014701169988257,10,7,255,48,0,,method1_proportional_scores_gamma1,unrestricted_maximum_cardinality_then_maximum_testing_evalue_sum,200,0,2,exact_fixed_count_order_statistics,300.0,1,False
342,b761374d2605882d3c2ce44c7aaae07d2a156ae6a76ce501de7ad70c279d2508,proven_maximal,maximize_sum_testing_e_values_at_maximum_cardinality,proven_optimal,274.3281152891911,1.0,274.3281152891911,0,0,1,,,2,0,0,1,0,0,0,0.0,0.0,0.05,0.0,0.0,0.0,0,1,0.13454184500005795,3,3,256,57,1,,method1_proportional_scores_gamma1,unrestricted_maximum_cardinality_then_maximum_testing_evalue_sum,200,0,0,exact_fixed_count_order_statistics,300.0,1,False
343,8fdb17adbf870ccc72438b6fe29ebab939d6a069de07201366da1e86e99c839a,proven_maximal,maximize_sum_testing_e_values_at_maximum_cardinality,proven_optimal,7339.953980672107,1.4259775096807856,5147.31398696127,0,0,6,,,25;36;38;41;64;136,0,0,6,0,0,0,0.0,0.0,0.3,0.0,0.0,0.0,0,6,0.1555982749996474,3,3,238,42,6,,method1_proportional_scores_gamma1,unrestricted_maximum_cardinality_then_maximum_testing_evalue_sum,200,0,1,exact_fixed_count_order_statistics,300.0,1,False
344,c2419ef259b969bf010ed73bb2113abd09a777c941576b1bb86605fe18cb562f,proven_maximal,maximize_sum_testing_e_values_at_maximum_cardinality,proven_optimal,314998.1796104932,2.077080631939295,151654.28571561555,0,0,6,,,14;21;22;100;104;183,0,0,6,0,0,0,0.0,0.0,0.3,0.0,0.0,0.0,0,6,0.4372980469997856,5,4,240,44,6,,method1_proportional_scores_gamma1,unrestricted_maximum_cardinality_then_maximum_testing_evalue_sum,200,0,4,exact_fixed_count_order_statistics,300.0,1,False
345,44b420e7d0f102e7bd1ef1a8911107403c47d4e7196199ebe537e9ea16a6192c,proven_maximal,maximize_sum_testing_e_values_at_maximum_cardinality,proven_optimal,188836.0868490905,1.024972270095625,184235.3128553156,0,0,5,,,32;126;170;189;195,0,0,5,0,0,0,0.0,0.0,0.25,0.0,0.0,0.0,0,5,0.13416250300360844,3,3,247,50,5,,method1_proportional_scores_gamma1,unrestricted_maximum_cardinality_then_maximum_testing_evalue_sum,200,0,4,exact_fixed_count_order_statistics,300.0,1,False
346,ea1fc65aee82aebaeeeafe6a5a9f0e149ca5b378233645a3a889b51c49642054,proven_maximal,maximize_sum_testing_e_values_at_maximum_cardinality,proven_optimal,6419.486338797147,1.0707571452019808,5995.277610392425,0,0,2,,,11;136,0,0,2,0,0,0,0.0,0.0,0.1,0.0,0.0,0.0,0,2,0.33198258800257463,5,4,234,35,2,,method1_proportional_scores_gamma1,unrestricted_maximum_cardinality_then_maximum_testing_evalue_sum,200,0,7,exact_fixed_count_order_statistics,300.0,1,False
347,1c3ccc91f0a6533179a50f85be7eaaa5d6003feec16e7db85912ab5dd0cf0cfa,proven_maximal,maximize_sum_testing_e_values_at_maximum_cardinality,proven_optimal,5994.873943759192,1.2310540193351447,4869.708274050267,0,0,5,,,22;54;62;66;195,0,0,5,0,0,0,0.0,0.0,0.25,0.0,0.0,0.0,0,5,0.44886802599648945,6,5,241,42,5,,method1_proportional_scores_gamma1,unrestricted_maximum_cardinality_then_maximum_testing_evalue_sum,200,0,1,exact_fixed_count_order_statistics,300.0,1,False
348,f71fb79eba0361128c97e1c9827e378959b37d6c1b3c4c0b2b6b4beda9721800,proven_maximal,maximize_sum_testing_e_values_at_maximum_cardinality,proven_optimal,425904.4413444498,1.0122135712848832,420765.3932201437,0,0,5,,,7;13;27;57;175,0,0,5,0,0,0,0.0,0.0,0.25,0.0,0.0,0.0,0,5,0.1644106189996819,3,3,224,28,5,,method1_proportional_scores_gamma1,unrestricted_maximum_cardinality_then_maximum_testing_evalue_sum,200,0,6,exact_fixed_count_order_statistics,300.0,1,False
349,a580f06e1b76fe4493550b27326149f979e5293e349e72365133116f0ce08ecd,proven_maximal,maximize_sum_testing_e_values_at_maximum_cardinality,proven_optimal,237.95834681591572,0.005855925149315428,40635.48299344872,0,0,1,,,195,0,0,1,0,0,0,0.0,0.0,0.05,0.0,0.0,0.0,0,1,0.47731437599577475,5,4,247,47,1,,method1_proportional_scores_gamma1,unrestricted_maximum_cardinality_then_maximum_testing_evalue_sum,200,0,1,exact_fixed_count_order_statistics,300.0,1,False
350,a6b572482151b7e3a96612ba0adf774b23b3a2504e76835b9f363896f4229206,proven_maximal,maximize_sum_testing_e_values_at_maximum_cardinality,proven_optimal,4526.878904679406,0.18732527292889084,24165.87379748712,0,0,7,,,48;68;92;100;146;169;195,0,0,7,0,0,0,0.0,0.0,0.35,0.0,0.0,0.0,0,7,0.3941121710013249,5,4,230,34,7,,method1_proportional_scores_gamma1,unrestricted_maximum_cardinality_then_maximum_testing_evalue_sum,200,0,6,exact_fixed_count_order_statistics,300.0,1,False
351,654b74b4f572e77e27983e7ebdc29ffeea8645cf6808845256b109feed350839,proven_maximal,maximize_sum_testing_e_values_at_maximum_cardinality,proven_optimal,0.0,0.0,28407.156739378846,0,0,0,,,,0,0,0,0,0,0,0.0,0.0,0.0,0.0,0.0,0.0,0,0,0.21627882699976908,3,3,245,45,0,,method1_proportional_scores_gamma1,unrestricted_maximum_cardinality_then_maximum_testing_evalue_sum,200,0,3,exact_fixed_count_order_statistics,300.0,1,False
352,b3c9fa8a3ad194f248921f9eabe51b1f9f2f5c9254765576eb3c5fb9f4b3d6cc,proven_maximal,maximize_sum_testing_e_values_at_maximum_cardinality,proven_optimal,224119.9988799238,1.0378807937176644,215940.01954418223,0,0,7,,,10;79;105;122;125;144;187,0,0,7,0,0,0,0.0,0.0,0.35,0.0,0.0,0.0,0,7,0.3902445700005046,7,6,249,45,7,,method1_proportional_scores_gamma1,unrestricted_maximum_cardinality_then_maximum_testing_evalue_sum,200,0,4,exact_fixed_count_order_statistics,300.0,1,False
353,dd31a9ec3daa9badf37eaf7f88496b61212f28343781bcefdcc08b56b880f220,proven_maximal,maximize_sum_testing_e_values_at_maximum_cardinality,proven_optimal,827.2045396816151,0.12384897811074753,6679.13899896628,0,0,2,,,36;126,0,0,2,0,0,0,0.0,0.0,0.1,0.0,0.0,0.0,0,2,0.530632734997198,5,4,252,53,2,,method1_proportional_scores_gamma1,unrestricted_maximum_cardinality_then_maximum_testing_evalue_sum,200,0,6,exact_fixed_count_order_statistics,300.0,1,False
354,70342eb1a45157faf4944410f2e65912b280c1fff20a9d31353cf30029ab085c,proven_maximal,maximize_sum_testing_e_values_at_maximum_cardinality,proven_optimal,195994.14291949553,1.108280162336967,176845.30462605582,0,0,4,,,29;84;93;165,0,0,4,0,0,0,0.0,0.0,0.2,0.0,0.0,0.0,0,4,0.6450953739986289,7,5,249,47,4,,method1_proportional_scores_gamma1,unrestricted_maximum_cardinality_then_maximum_testing_evalue_sum,200,0,2,exact_fixed_count_order_statistics,300.0,1,False
355,5f0b44270ef13c941ea5bf411f4096f21034fc3882ab8672203676fb9b1fe13a,proven_maximal,maximize_sum_testing_e_values_at_maximum_cardinality,proven_optimal,3760.675157293875,0.3016849581160898,12465.57064289148,0,0,3,,,42;110;186,0,0,3,0,0,0,0.0,0.0,0.15,0.0,0.0,0.0,0,3,0.4382562169994344,5,4,247,48,3,,method1_proportional_scores_gamma1,unrestricted_maximum_cardinality_then_maximum_testing_evalue_sum,200,0,9,exact_fixed_count_order_statistics,300.0,1,False
356,081af24166edc97d85626b66d854d26c1313dd27612ddce49d0255cc4f1b82bd,proven_maximal,maximize_sum_testing_e_values_at_maximum_cardinality,proven_optimal,3086.5254332562467,0.9016346480131502,3423.255128956879,0,0,6,,,4;26;32;45;55;77,0,0,6,0,0,0,0.0,0.0,0.3,0.0,0.0,0.0,0,6,0.5359496099990793,8,6,245,37,6,,method1_proportional_scores_gamma1,unrestricted_maximum_cardinality_then_maximum_testing_evalue_sum,200,0,5,exact_fixed_count_order_statistics,300.0,1,False
357,a09bebcc14dd7a0db3ff2eb2ad52924ded280c63e4ff350d5256bff00f3307c3,proven_maximal,maximize_sum_testing_e_values_at_maximum_cardinality,proven_optimal,637.1353983062977,0.38761888293218866,1643.7160993979758,0,0,1,,,64,0,0,1,0,0,0,0.0,0.0,0.05,0.0,0.0,0.0,0,1,0.6403507180002634,8,5,250,47,1,,method1_proportional_scores_gamma1,unrestricted_maximum_cardinality_then_maximum_testing_evalue_sum,200,0,0,exact_fixed_count_order_statistics,300.0,1,False
358,1c2faae577ccb73637c0004945dcc512a6042e35c30b7560d66b3c5765bfb3e6,proven_maximal,maximize_sum_testing_e_values_at_maximum_cardinality,proven_optimal,57153.622753442854,1.018516609863658,56114.571132122845,0,0,3,,,46;147;172,0,0,3,0,0,0,0.0,0.0,0.15,0.0,0.0,0.0,0,3,0.3895728240022436,5,4,232,33,3,,method1_proportional_scores_gamma1,unrestricted_maximum_cardinality_then_maximum_testing_evalue_sum,200,0,2,exact_fixed_count_order_statistics,300.0,1,False
359,7a203f0211c9ac9b5bd73764333cfdb29f3092bf00e797b8a5beb80a2041937f,proven_maximal,maximize_sum_testing_e_values_at_maximum_cardinality,proven_optimal,19455.725126990194,2.0245899767914426,9609.711274884165,0,0,7,,,21;45;75;103;138;142;147,0,0,7,0,0,0,0.0,0.0,0.35,0.0,0.0,0.0,0,7,0.4264577139983885,5,4,239,42,7,,method1_proportional_scores_gamma1,unrestricted_maximum_cardinality_then_maximum_testing_evalue_sum,200,0,3,exact_fixed_count_order_statistics,300.0,1,False
360,c902a51ec4ee12a3f0f359de22ee1e81be359889acbe5f25cc7da84bf004ef54,proven_maximal,maximize_sum_testing_e_values_at_maximum_cardinality,proven_optimal,24311.19746728776,1.6658278562888482,14594.06347150932,0,0,7,,,9;114;138;142;144;156;198,0,0,7,0,0,0,0.0,0.0,0.35,0.0,0.0,0.0,0,7,0.3981959980010288,5,4,240,44,7,,method1_proportional_scores_gamma1,unrestricted_maximum_cardinality_then_maximum_testing_evalue_sum,200,0,8,exact_fixed_count_order_statistics,300.0,1,False
361,d0ace4e5aea0dee4acf02004aeb75c0028275644b2c4fd339a77bfb4df99dd82,proven_maximal,maximize_sum_testing_e_values_at_maximum_cardinality,proven_optimal,11039.04476361428,0.07210266943796467,153101.74851587147,0,0,5,,,5;60;95;128;144,0,0,5,0,0,0,0.0,0.0,0.25,0.0,0.0,0.0,0,5,0.13780620600300608,3,3,242,46,5,,method1_proportional_scores_gamma1,unrestricted_maximum_cardinality_then_maximum_testing_evalue_sum,200,0,4,exact_fixed_count_order_statistics,300.0,1,False
362,a04f18f0f28fc4894a8a4b5e11158ea512f77e3b94a450ab47f0b820d55a2467,proven_maximal,maximize_sum_testing_e_values_at_maximum_cardinality,proven_optimal,92865.92356294882,1.2083985933113661,76850.40687482843,0,0,2,,,27;186,0,0,2,0,0,0,0.0,0.0,0.1,0.0,0.0,0.0,0,2,0.16015671599598136,3,3,244,46,2,,method1_proportional_scores_gamma1,unrestricted_maximum_cardinality_then_maximum_testing_evalue_sum,200,0,3,exact_fixed_count_order_statistics,300.0,1,False
363,dfa05a7b45de223d8e492e29a785dad7f95cb51d0321b459cc67fd622959f71c,proven_maximal,maximize_sum_testing_e_values_at_maximum_cardinality,proven_optimal,221972.43753726038,1.0003006193730095,221905.72837632868,0,0,2,,,11;19,0,0,2,0,0,0,0.0,0.0,0.1,0.0,0.0,0.0,0,2,0.7218697220014292,7,4,249,47,2,,method1_proportional_scores_gamma1,unrestricted_maximum_cardinality_then_maximum_testing_evalue_sum,200,0,6,exact_fixed_count_order_statistics,300.0,1,False
364,bad4cabfcacaa00000328e2993bc3985667d85a61a1e20df9ccfe1767e04677b,proven_maximal,maximize_sum_testing_e_values_at_maximum_cardinality,proven_optimal,116650.1022607827,1.1830532752953586,98600.8869563884,0,0,8,,,2;6;58;73;81;90;136;153,0,0,8,0,0,0,0.0,0.0,0.4,0.0,0.0,0.0,0,8,0.4832187590000103,7,5,249,48,8,,method1_proportional_scores_gamma1,unrestricted_maximum_cardinality_then_maximum_testing_evalue_sum,200,0,2,exact_fixed_count_order_statistics,300.0,1,False
365,017fea7a1c55618e60978742b154d32625559d0d8ae8cb1d3d5faf01f74c1d4b,proven_maximal,maximize_sum_testing_e_values_at_maximum_cardinality,proven_optimal,16594.561366892754,1.8615852321655373,8914.20982513312,0,0,9,,,26;35;77;99;104;134;137;165;194,0,0,9,0,0,0,0.0,0.0,0.45,0.0,0.0,0.0,0,9,0.16638475299987476,3,3,235,42,9,,method1_proportional_scores_gamma1,unrestricted_maximum_cardinality_then_maximum_testing_evalue_sum,200,0,7,exact_fixed_count_order_statistics,300.0,1,False
366,89022baa897a6c865334b97a4b2f850f572105e3d07674a215ecb8ebe199907c,proven_maximal,maximize_sum_testing_e_values_at_maximum_cardinality,proven_optimal,0.0,0.0,16139.536845287075,0,0,0,,,,0,0,0,0,0,0,0.0,0.0,0.0,0.0,0.0,0.0,0,0,0.6691156060041976,9,4,237,32,0,,method1_proportional_scores_gamma1,unrestricted_maximum_cardinality_then_maximum_testing_evalue_sum,200,0,8,exact_fixed_count_order_statistics,300.0,1,False
367,0570188740045816f298796d07f67549c4c33ac6422ac4ae3751766d348a5d56,proven_maximal,maximize_sum_testing_e_values_at_maximum_cardinality,proven_optimal,27717.346383477845,3.3150166361748403,8361.148502548866,0,0,9,,,2;60;83;86;99;149;154;160;192,0,0,9,0,0,0,0.0,0.0,0.45,0.0,0.0,0.0,0,9,0.32357379700260935,5,4,228,33,9,,method1_proportional_scores_gamma1,unrestricted_maximum_cardinality_then_maximum_testing_evalue_sum,200,0,9,exact_fixed_count_order_statistics,300.0,1,False
368,a14d52b655d62905eca80e160af2635e90b3cd0ef933725485c2d0e0d6b4cb88,proven_maximal,maximize_sum_testing_e_values_at_maximum_cardinality,proven_optimal,23586.359402947357,1.2253280666402409,19249.01587182232,0,0,3,,,55;143;154,0,0,3,0,0,0,0.0,0.0,0.15,0.0,0.0,0.0,0,3,0.4311478439994971,5,4,238,40,3,,method1_proportional_scores_gamma1,unrestricted_maximum_cardinality_then_maximum_testing_evalue_sum,200,0,8,exact_fixed_count_order_statistics,300.0,1,False
369,8f2cca29edb890e14f4d61b8f5ec6e11bb0228be07a9166cce98bfc32a079204,proven_maximal,maximize_sum_testing_e_values_at_maximum_cardinality,proven_optimal,192402.31185744345,1.054388279199211,182477.6656314594,0,0,9,,,4;5;36;38;126;130;135;157;193,0,0,9,0,0,0,0.0,0.0,0.45,0.0,0.0,0.0,0,9,0.44600601700221887,8,7,249,43,9,,method1_proportional_scores_gamma1,unrestricted_maximum_cardinality_then_maximum_testing_evalue_sum,200,0,4,exact_fixed_count_order_statistics,300.0,1,False
370,f2267b96306e5fc94415a8ce766422ab7b68119646f7b2812d7b3fd5fb22f0ee,proven_maximal,maximize_sum_testing_e_values_at_maximum_cardinality,proven_optimal,866.8840970624386,0.008469525596904622,102353.3239428736,0,0,3,,,34;73;109,0,0,3,0,0,0,0.0,0.0,0.15,0.0,0.0,0.0,0,3,0.18013800100015942,3,3,237,39,3,,method1_proportional_scores_gamma1,unrestricted_maximum_cardinality_then_maximum_testing_evalue_sum,200,0,1,exact_fixed_count_order_statistics,300.0,1,False
371,87bc8da72811dd5460114d5798ddab4d2d9b107e301f919fa71c60cd61aa5e23,proven_maximal,maximize_sum_testing_e_values_at_maximum_cardinality,proven_optimal,49044.65109391077,1.6727238173098757,29320.23241755823,0,0,8,,,51;53;67;103;110;116;158;195,0,0,8,0,0,0,0.0,0.0,0.4,0.0,0.0,0.0,0,8,0.3340469589966233,5,4,233,34,8,,method1_proportional_scores_gamma1,unrestricted_maximum_cardinality_then_maximum_testing_evalue_sum,200,0,4,exact_fixed_count_order_statistics,300.0,1,False
372,7d65a0f5e837cb5e5444256fda144e7ae06dc70572dfb6fde825bcd8da79cfc1,proven_maximal,maximize_sum_testing_e_values_at_maximum_cardinality,proven_optimal,2094.090247787278,0.5588855444551843,3746.903580819306,0,0,1,,,53,0,0,1,0,0,0,0.0,0.0,0.05,0.0,0.0,0.0,0,1,0.1766593020001892,3,3,233,34,1,,method1_proportional_scores_gamma1,unrestricted_maximum_cardinality_then_maximum_testing_evalue_sum,200,0,2,exact_fixed_count_order_statistics,300.0,1,False
373,7b39fae3bef5ee5e4a64c3b5df0d8585eb2c27f074dc9a044387cdd470de08c7,proven_maximal,maximize_sum_testing_e_values_at_maximum_cardinality,proven_optimal,197.3630032564585,0.03574279907462142,5521.755664530281,0,0,1,,,106,0,0,1,0,0,0,0.0,0.0,0.05,0.0,0.0,0.0,0,1,0.4251636039989535,5,4,233,33,1,,method1_proportional_scores_gamma1,unrestricted_maximum_cardinality_then_maximum_testing_evalue_sum,200,0,7,exact_fixed_count_order_statistics,300.0,1,False
374,f41c8f591d42075007a0a95ab379322383db2525e6b129a8ae42a271a44d7b47,proven_maximal,maximize_sum_testing_e_values_at_maximum_cardinality,proven_optimal,33066.804416041356,1.9031157678299975,17375.088250015047,0,0,6,,,20;36;48;55;71;189,0,0,6,0,0,0,0.0,0.0,0.3,0.0,0.0,0.0,0,6,0.3901973190004355,5,4,252,53,6,,method1_proportional_scores_gamma1,unrestricted_maximum_cardinality_then_maximum_testing_evalue_sum,200,0,10,exact_fixed_count_order_statistics,300.0,1,False
375,df48451392d632df53e1696888ba05a79e52968a4b203973b2a342031860c25d,proven_maximal,maximize_sum_testing_e_values_at_maximum_cardinality,proven_optimal,0.0,0.0,4446.769982692828,0,0,0,,,,0,0,0,0,0,0,0.0,0.0,0.0,0.0,0.0,0.0,0,0,0.1871748679986922,3,3,259,59,0,,method1_proportional_scores_gamma1,unrestricted_maximum_cardinality_then_maximum_testing_evalue_sum,200,0,4,exact_fixed_count_order_statistics,300.0,1,False
376,d623714a6915dde0e69bfd6bd7439cb40d6dc4b7c0c56b55247bf00046165e75,proven_maximal,maximize_sum_testing_e_values_at_maximum_cardinality,proven_optimal,0.0,0.0,25396.547172992232,0,0,0,,,,0,0,0,0,0,0,0.0,0.0,0.0,0.0,0.0,0.0,0,0,0.12315860200033057,3,3,233,33,0,,method1_proportional_scores_gamma1,unrestricted_maximum_cardinality_then_maximum_testing_evalue_sum,200,0,4,exact_fixed_count_order_statistics,300.0,1,False
377,3dcdfe2780f5463212f80746f126eaa3e99ba6e64961c0c6f52e00683f7ed414,proven_maximal,maximize_sum_testing_e_values_at_maximum_cardinality,proven_optimal,23350.90940645978,2.3161471007220102,10081.790314259672,0,0,10,,,59;62;64;77;79;85;88;138;177;186,0,0,10,0,0,0,0.0,0.0,0.5,0.0,0.0,0.0,0,10,0.1612110800051596,4,4,236,42,10,,method1_proportional_scores_gamma1,unrestricted_maximum_cardinality_then_maximum_testing_evalue_sum,200,0,3,exact_fixed_count_order_statistics,300.0,1,False
378,0701681f727a8b6f5678aeaf71942845eccbbace92ac88e4bf0706fd234bf482,proven_maximal,maximize_sum_testing_e_values_at_maximum_cardinality,proven_optimal,10003.763374202383,1.0421710708400271,9598.964751668833,0,0,2,,,121;159,0,0,2,0,0,0,0.0,0.0,0.1,0.0,0.0,0.0,0,2,0.5957639650005149,6,4,235,35,2,,method1_proportional_scores_gamma1,unrestricted_maximum_cardinality_then_maximum_testing_evalue_sum,200,0,5,exact_fixed_count_order_statistics,300.0,1,False
379,d472c876c79f3371d97f66de183a146caaf71695e6604c66b4a7f68aef820739,proven_maximal,maximize_sum_testing_e_values_at_maximum_cardinality,proven_optimal,2784.750060918859,1.0,2784.750060918859,0,0,1,,,121,0,0,1,0,0,0,0.0,0.0,0.05,0.0,0.0,0.0,0,1,0.3980417330021737,5,4,246,46,1,,method1_proportional_scores_gamma1,unrestricted_maximum_cardinality_then_maximum_testing_evalue_sum,200,0,2,exact_fixed_count_order_statistics,300.0,1,False
380,24e7a31bae6f8b7b92ec6ff59e0a32a264afe89690cd8a3e24788f2061bfcbe1,proven_maximal,maximize_sum_testing_e_values_at_maximum_cardinality,proven_optimal,114.07495259848336,0.019250917451542116,5925.689146277299,0,0,1,,,36,0,0,1,0,0,0,0.0,0.0,0.05,0.0,0.0,0.0,0,1,0.5118234080000548,5,4,244,44,1,,method1_proportional_scores_gamma1,unrestricted_maximum_cardinality_then_maximum_testing_evalue_sum,200,0,1,exact_fixed_count_order_statistics,300.0,1,False
381,f02d7636ff96ace04c52b857c62bb4d23169df77a00190ab6ffc4e0ae44689f3,proven_maximal,maximize_sum_testing_e_values_at_maximum_cardinality,proven_optimal,12387.644480227587,2.0019379992287143,6187.826238874615,0,0,6,,,87;89;158;159;165;189,0,0,6,0,0,0,0.0,0.0,0.3,0.0,0.0,0.0,0,6,0.13591991800058167,3,3,235,40,6,,method1_proportional_scores_gamma1,unrestricted_maximum_cardinality_then_maximum_testing_evalue_sum,200,0,3,exact_fixed_count_order_statistics,300.0,1,False
382,78d0cdbc49ef3c0e305d58f83d411345ab0c683fb35aa65061c88c0cc723ac03,proven_maximal,maximize_sum_testing_e_values_at_maximum_cardinality,proven_optimal,135445.98702685584,1.0505192953867561,128932.41239989833,0,0,6,,,29;47;112;149;169;185,0,0,6,0,0,0,0.0,0.0,0.3,0.0,0.0,0.0,0,6,0.44239263799681794,5,4,242,44,6,,method1_proportional_scores_gamma1,unrestricted_maximum_cardinality_then_maximum_testing_evalue_sum,200,0,9,exact_fixed_count_order_statistics,300.0,1,False
383,df771dcf5c672f61356f61b9270fb46735bbcfeb4e3f9f844891a0fed5c636e8,proven_maximal,maximize_sum_testing_e_values_at_maximum_cardinality,proven_optimal,12103.674603693225,1.3603533267062458,8897.449189174431,0,0,3,,,6;61;162,0,0,3,0,0,0,0.0,0.0,0.15,0.0,0.0,0.0,0,3,0.36406642800284317,5,4,238,40,3,,method1_proportional_scores_gamma1,unrestricted_maximum_cardinality_then_maximum_testing_evalue_sum,200,0,4,exact_fixed_count_order_statistics,300.0,1,False
384,9406dc9fa106d5cd076b66f8bac4f67d1403247f1c27eaacb40ce243e4e607fc,proven_maximal,maximize_sum_testing_e_values_at_maximum_cardinality,proven_optimal,32844.25689485986,1.1673089629445939,28136.729809740013,0,0,3,,,5;103;140,0,0,3,0,0,0,0.0,0.0,0.15,0.0,0.0,0.0,0,3,0.36361966500408016,5,4,233,34,3,,method1_proportional_scores_gamma1,unrestricted_maximum_cardinality_then_maximum_testing_evalue_sum,200,0,2,exact_fixed_count_order_statistics,300.0,1,False
385,0a51ed80e2bd6f2b45c321aa9166d72637589e8189a60fb3a3691c19df4523b6,proven_maximal,maximize_sum_testing_e_values_at_maximum_cardinality,proven_optimal,11796.64179247604,1.0,11796.64179247604,0,0,1,,,185,0,0,1,0,0,0,0.0,0.0,0.05,0.0,0.0,0.0,0,1,0.4849549230057164,5,4,233,33,1,,method1_proportional_scores_gamma1,unrestricted_maximum_cardinality_then_maximum_testing_evalue_sum,200,0,6,exact_fixed_count_order_statistics,300.0,1,False
386,e51f7b8fb54cb3d57c4ce3448d63dae7bff528fb2abb30145f91fb8b70d2ebc3,proven_maximal,maximize_sum_testing_e_values_at_maximum_cardinality,proven_optimal,2436.249694891092,0.6108732812648141,3988.142499614377,0,0,5,,,11;24;69;121;182,0,0,5,0,0,0,0.0,0.0,0.25,0.0,0.0,0.0,0,5,0.6411732380001922,8,5,257,56,5,,method1_proportional_scores_gamma1,unrestricted_maximum_cardinality_then_maximum_testing_evalue_sum,200,0,6,exact_fixed_count_order_statistics,300.0,1,False
387,a01ab6eac9b2c4b7122ba13afb7067a022199c955ec6423c83b7d2d412e11b4c,proven_maximal,maximize_sum_testing_e_values_at_maximum_cardinality,proven_optimal,1840.2762640079613,0.40594716478188403,4533.290101919407,0,0,5,,,39;43;64;174;184,0,0,5,0,0,0,0.0,0.0,0.25,0.0,0.0,0.0,0,5,0.462817545994767,8,6,245,44,5,,method1_proportional_scores_gamma1,unrestricted_maximum_cardinality_then_maximum_testing_evalue_sum,200,0,2,exact_fixed_count_order_statistics,300.0,1,False
388,f421b405c8dc1ea316e4f3b164989fd997445ed1ecc65ca10c461639092d6ca6,proven_maximal,maximize_sum_testing_e_values_at_maximum_cardinality,proven_optimal,634.447704598876,0.2421872667430424,2619.657561402751,0,0,1,,,17,0,0,1,0,0,0,0.0,0.0,0.05,0.0,0.0,0.0,0,1,0.1528209149983013,3,3,238,39,1,,method1_proportional_scores_gamma1,unrestricted_maximum_cardinality_then_maximum_testing_evalue_sum,200,0,2,exact_fixed_count_order_statistics,300.0,1,False
389,6c6cb4f1bb26541278854eb4410a31edb39dfbd973888384023284b40c7ad0dd,proven_maximal,maximize_sum_testing_e_values_at_maximum_cardinality,proven_optimal,183023.85806563072,1.0040220895469452,182290.6686726568,0,0,5,,,10;25;43;73;166,0,0,5,0,0,0,0.0,0.0,0.25,0.0,0.0,0.0,0,5,0.38068414499866776,5,4,236,38,5,,method1_proportional_scores_gamma1,unrestricted_maximum_cardinality_then_maximum_testing_evalue_sum,200,0,4,exact_fixed_count_order_statistics,300.0,1,False
390,97f96b86d8b8388b1fc65a7553e74d16e5622c8dbf1bad028a45cd6cb461dc8b,proven_maximal,maximize_sum_testing_e_values_at_maximum_cardinality,proven_optimal,25473.54252286487,1.2219930706809368,20845.89768473084,0,0,6,,,15;34;53;99;107;152,0,0,6,0,0,0,0.0,0.0,0.3,0.0,0.0,0.0,0,6,0.495248546001676,7,5,253,52,6,,method1_proportional_scores_gamma1,unrestricted_maximum_cardinality_then_maximum_testing_evalue_sum,200,0,3,exact_fixed_count_order_statistics,300.0,1,False
391,bddd2b52ced4ef509d63ed3ac9013a6f879b2d0dae420bb0d480e62d48bed291,proven_maximal,maximize_sum_testing_e_values_at_maximum_cardinality,proven_optimal,38083.775332408506,1.535429205933928,24803.341753059834,0,0,5,,,73;90;109;116;161,0,0,5,0,0,0,0.0,0.0,0.25,0.0,0.0,0.0,0,5,0.35066265399655094,5,4,240,43,5,,method1_proportional_scores_gamma1,unrestricted_maximum_cardinality_then_maximum_testing_evalue_sum,200,0,5,exact_fixed_count_order_statistics,300.0,1,False
392,8a8a171833cd065ebd7abb2332df2c3d4721e5768dfc64f5bde811f7cc8f399b,proven_maximal,maximize_sum_testing_e_values_at_maximum_cardinality,proven_optimal,0.0,0.0,1027.521670834387,0,0,0,,,,0,0,0,0,0,0,0.0,0.0,0.0,0.0,0.0,0.0,0,0,0.4597585879964754,6,3,247,46,0,,method1_proportional_scores_gamma1,unrestricted_maximum_cardinality_then_maximum_testing_evalue_sum,200,0,0,exact_fixed_count_order_statistics,300.0,1,False
393,9cf305eb4e2059fbf033b55663696d5348e2bf43720368a1ba81c7837686c55b,proven_maximal,maximize_sum_testing_e_values_at_maximum_cardinality,proven_optimal,0.0,0.0,1490.9851791985318,0,0,0,,,,0,0,0,0,0,0,0.0,0.0,0.0,0.0,0.0,0.0,0,0,0.14049149000493344,3,3,237,37,0,,method1_proportional_scores_gamma1,unrestricted_maximum_cardinality_then_maximum_testing_evalue_sum,200,0,0,exact_fixed_count_order_statistics,300.0,1,False
394,dc1be625157f008327ec6fe110deab03cac4e7dd0144c07a2ced27f8c5718323,proven_maximal,maximize_sum_testing_e_values_at_maximum_cardinality,proven_optimal,0.0,0.0,4862.362076548855,0,0,0,,,,0,0,0,0,0,0,0.0,0.0,0.0,0.0,0.0,0.0,0,0,0.13639802399848122,3,3,248,48,0,,method1_proportional_scores_gamma1,unrestricted_maximum_cardinality_then_maximum_testing_evalue_sum,200,0,2,exact_fixed_count_order_statistics,300.0,1,False
395,7e2bd30d02761f1e40bd0948b37aef11929d600a53b25cf9e66ec94d24b582c1,proven_maximal,maximize_sum_testing_e_values_at_maximum_cardinality,proven_optimal,2584.7091251054326,0.06890664595859561,37510.30236849032,0,0,2,,,54;97,0,0,2,0,0,0,0.0,0.0,0.1,0.0,0.0,0.0,0,2,0.42964241199661046,5,4,241,40,2,,method1_proportional_scores_gamma1,unrestricted_maximum_cardinality_then_maximum_testing_evalue_sum,200,0,5,exact_fixed_count_order_statistics,300.0,1,False
396,411675879a310543c98d41651b9dc1c86174a6b0ab6f11a1dfc72b81851b7e14,proven_maximal,maximize_sum_testing_e_values_at_maximum_cardinality,proven_optimal,131394.51439492148,1.4565068318872632,90212.08244156846,0,0,6,,,53;61;62;75;82;195,0,0,6,0,0,0,0.0,0.0,0.3,0.0,0.0,0.0,0,6,0.37023017500177957,5,4,227,30,6,,method1_proportional_scores_gamma1,unrestricted_maximum_cardinality_then_maximum_testing_evalue_sum,200,0,3,exact_fixed_count_order_statistics,300.0,1,False
397,480d08861320ff78d275bb259c3ffcbbb0d35c97402595e371f6a4d566687ae2,proven_maximal,maximize_sum_testing_e_values_at_maximum_cardinality,proven_optimal,1672.558534029381,1.0802111190766914,1548.362634388542,0,0,7,,,7;91;142;152;153;180;198,0,0,7,0,0,0,0.0,0.0,0.35,0.0,0.0,0.0,0,7,0.4478678130035405,6,4,231,32,7,,method1_proportional_scores_gamma1,unrestricted_maximum_cardinality_then_maximum_testing_evalue_sum,200,0,0,exact_fixed_count_order_statistics,300.0,1,False
398,4a00635d1fc122ec381f4f58829cbd978602838113bb8021a562f27b2d19b556,proven_maximal,maximize_sum_testing_e_values_at_maximum_cardinality,proven_optimal,0.0,0.0,2954.461939489666,0,0,0,,,,0,0,0,0,0,0,0.0,0.0,0.0,0.0,0.0,0.0,0,0,0.1297669030027464,3,3,240,40,0,,method1_proportional_scores_gamma1,unrestricted_maximum_cardinality_then_maximum_testing_evalue_sum,200,0,0,exact_fixed_count_order_statistics,300.0,1,False
399,fee75e83cc1c333e512d6b5a0084ed46f404f84fd3bf7d3d155c265d67243282,proven_maximal,maximize_sum_testing_e_values_at_maximum_cardinality,proven_optimal,62527.57882999493,1.0483191796094444,59645.55456601474,0,0,10,,,6;9;24;48;62;93;102;130;131;132,0,0,10,0,0,0,0.0,0.0,0.5,0.0,0.0,0.0,0,10,0.1908439839971834,5,5,228,34,10,,method1_proportional_scores_gamma1,unrestricted_maximum_cardinality_then_maximum_testing_evalue_sum,200,0,1,exact_fixed_count_order_statistics,300.0,1,False
400,73979540d2fae01321c5e042bec5d02ff0209446c2b39a580b6e17edd72f3169,proven_maximal,maximize_sum_testing_e_values_at_maximum_cardinality,proven_optimal,409751.06290547847,1.0221643669311344,400866.1191503698,0,0,7,,,4;11;42;70;80;97;112,0,0,7,0,0,0,0.0,0.0,0.35,0.0,0.0,0.0,0,7,0.38023472300119465,7,6,244,42,7,,method1_proportional_scores_gamma1,unrestricted_maximum_cardinality_then_maximum_testing_evalue_sum,200,0,6,exact_fixed_count_order_statistics,300.0,1,False
401,02023d4c917f2e8d7569f16cee400e939ba50babce5f334dbce07f595156e541,proven_maximal,maximize_sum_testing_e_values_at_maximum_cardinality,proven_optimal,710.1145614877281,0.23350734187284272,3041.080232391252,0,0,3,,,123;187;197,0,0,3,0,0,0,0.0,0.0,0.15,0.0,0.0,0.0,0,3,0.45367494499805616,5,4,239,41,3,,method1_proportional_scores_gamma1,unrestricted_maximum_cardinality_then_maximum_testing_evalue_sum,200,0,0,exact_fixed_count_order_statistics,300.0,1,False
402,9d974223d31e91ced1428e320d1dd4dfebc133f2adfcad2b2c3cb480c5554b82,proven_maximal,maximize_sum_testing_e_values_at_maximum_cardinality,proven_optimal,45345.10572004899,1.3117468012444145,34568.48964833111,0,0,4,,,47;99;105;172,0,0,4,0,0,0,0.0,0.0,0.2,0.0,0.0,0.0,0,4,0.48052260400436353,5,4,249,51,4,,method1_proportional_scores_gamma1,unrestricted_maximum_cardinality_then_maximum_testing_evalue_sum,200,0,4,exact_fixed_count_order_statistics,300.0,1,False
403,6eb935cbf8e439f3362f3701a92b7b701807289b04e159ccec09d560b24593d3,proven_maximal,maximize_sum_testing_e_values_at_maximum_cardinality,proven_optimal,3703.989715322761,1.1039362084137736,3355.2570221833366,0,0,2,,,102;172,0,0,2,0,0,0,0.0,0.0,0.1,0.0,0.0,0.0,0,2,0.36811187800049083,5,4,245,46,2,,method1_proportional_scores_gamma1,unrestricted_maximum_cardinality_then_maximum_testing_evalue_sum,200,0,0,exact_fixed_count_order_statistics,300.0,1,False
404,31687c80751dd986516eb2a8b984351b5bc834494d64a9f7b44872c68eca9bf3,proven_maximal,maximize_sum_testing_e_values_at_maximum_cardinality,proven_optimal,58441.29633303745,1.0672571810386258,54758.400666054986,0,0,7,,,28;47;56;68;79;88;94,0,0,7,0,0,0,0.0,0.0,0.35,0.0,0.0,0.0,0,7,0.3992163559960318,5,4,244,45,7,,method1_proportional_scores_gamma1,unrestricted_maximum_cardinality_then_maximum_testing_evalue_sum,200,0,1,exact_fixed_count_order_statistics,300.0,1,False
405,91506d6e1a926cb2e81aaf8af88b5537cc6825bff0547584e1137f8ab42e5885,proven_maximal,maximize_sum_testing_e_values_at_maximum_cardinality,proven_optimal,1720.767816989823,0.13169760892394103,13066.05207983399,0,0,1,,,142,0,0,1,0,0,0,0.0,0.0,0.05,0.0,0.0,0.0,0,1,0.4742368119987077,7,6,247,45,1,,method1_proportional_scores_gamma1,unrestricted_maximum_cardinality_then_maximum_testing_evalue_sum,200,0,6,exact_fixed_count_order_statistics,300.0,1,False
406,6dd997785e765c9f825f95cc5ee15db2cafe1a5f1530cea7f2da91e749640178,proven_maximal,maximize_sum_testing_e_values_at_maximum_cardinality,proven_optimal,0.0,0.0,13926.18691947348,0,0,0,,,,0,0,0,0,0,0,0.0,0.0,0.0,0.0,0.0,0.0,0,0,0.20121983800345333,3,3,258,58,0,,method1_proportional_scores_gamma1,unrestricted_maximum_cardinality_then_maximum_testing_evalue_sum,200,0,4,exact_fixed_count_order_statistics,300.0,1,False
407,dcbd1ba22cf151ac9f9a8ea2b6cd9f8a87e12fb0c329d25a7d70883b6ee616db,proven_maximal,maximize_sum_testing_e_values_at_maximum_cardinality,proven_optimal,21318.524850372276,1.1374908811051165,18741.710553020435,0,0,5,,,4;34;108;146;186,0,0,5,0,0,0,0.0,0.0,0.25,0.0,0.0,0.0,0,5,0.1475233439996373,3,3,238,42,5,,method1_proportional_scores_gamma1,unrestricted_maximum_cardinality_then_maximum_testing_evalue_sum,200,0,1,exact_fixed_count_order_statistics,300.0,1,False
408,cda6e14d2764519f27d67d74c248460cf6ed4874d4e827ddd0a4fc9ce8c76c96,proven_maximal,maximize_sum_testing_e_values_at_maximum_cardinality,proven_optimal,67325.28082078749,1.0435576217527067,64515.15413946318,0,0,6,,,2;11;84;112;121;126,0,0,6,0,0,0,0.0,0.0,0.3,0.0,0.0,0.0,0,6,0.20522966999851633,3,3,239,44,6,,method1_proportional_scores_gamma1,unrestricted_maximum_cardinality_then_maximum_testing_evalue_sum,200,0,1,exact_fixed_count_order_statistics,300.0,1,False
409,4a8208e3f262b91474d94478f8e3507224fe485274d01da193788d86ca635bfd,proven_maximal,maximize_sum_testing_e_values_at_maximum_cardinality,proven_optimal,0.0,0.0,22434.82097055962,0,0,0,,,,0,0,0,0,0,0,0.0,0.0,0.0,0.0,0.0,0.0,0,0,0.1844551539979875,3,3,242,42,0,,method1_proportional_scores_gamma1,unrestricted_maximum_cardinality_then_maximum_testing_evalue_sum,200,0,2,exact_fixed_count_order_statistics,300.0,1,False
410,8e8959f0721e499161f8b358fbe3d0d044f1c2f3510164a0ec342b3d17811e7f,proven_maximal,maximize_sum_testing_e_values_at_maximum_cardinality,proven_optimal,10496.762792715801,1.1060152522754025,9490.613055399404,0,0,4,,,54;82;119;158,0,0,4,0,0,0,0.0,0.0,0.2,0.0,0.0,0.0,0,4,0.3688246550009353,5,4,229,32,4,,method1_proportional_scores_gamma1,unrestricted_maximum_cardinality_then_maximum_testing_evalue_sum,200,0,2,exact_fixed_count_order_statistics,300.0,1,False
411,5e20503b2d8c7b92d32cfd37a879021e74cd8771cedb73006f05a80b47bbf232,proven_maximal,maximize_sum_testing_e_values_at_maximum_cardinality,proven_optimal,9073.681725487198,0.6811083834614857,13321.935165991512,0,0,8,,,9;39;50;112;124;139;141;144,0,0,8,0,0,0,0.0,0.0,0.4,0.0,0.0,0.0,0,8,0.505905056001211,5,4,241,44,8,,method1_proportional_scores_gamma1,unrestricted_maximum_cardinality_then_maximum_testing_evalue_sum,200,0,4,exact_fixed_count_order_statistics,300.0,1,False
412,9a11456d01a82c755ef15ab3d90f0caf65c247c44664f27c53dc88e790849e9f,proven_maximal,maximize_sum_testing_e_values_at_maximum_cardinality,proven_optimal,0.0,0.0,33384.9550646032,0,0,0,,,,0,0,0,0,0,0,0.0,0.0,0.0,0.0,0.0,0.0,0,0,0.17822154799796408,3,3,236,36,0,,method1_proportional_scores_gamma1,unrestricted_maximum_cardinality_then_maximum_testing_evalue_sum,200,0,7,exact_fixed_count_order_statistics,300.0,1,False
413,a98e3f0601f52b1c383d70c434da878364ce70e4c0a76afc0fe470a271591c49,proven_maximal,maximize_sum_testing_e_values_at_maximum_cardinality,proven_optimal,3367.7600695254055,1.20517140103863,2794.424151305808,0,0,3,,,67;70;148,0,0,3,0,0,0,0.0,0.0,0.15,0.0,0.0,0.0,0,3,0.415797317000397,5,4,231,33,3,,method1_proportional_scores_gamma1,unrestricted_maximum_cardinality_then_maximum_testing_evalue_sum,200,0,5,exact_fixed_count_order_statistics,300.0,1,False
414,839adfc3ff59f886020dd578f3576e0a025e8d6d582a23646580af1dbb659796,proven_maximal,maximize_sum_testing_e_values_at_maximum_cardinality,proven_optimal,47579.60325243042,1.6118385585840058,29518.83921565254,0,0,8,,,23;24;70;73;80;107;125;155,0,0,8,0,0,0,0.0,0.0,0.4,0.0,0.0,0.0,0,8,0.3181877690003603,4,4,234,37,8,,method1_proportional_scores_gamma1,unrestricted_maximum_cardinality_then_maximum_testing_evalue_sum,200,0,5,exact_fixed_count_order_statistics,300.0,1,False
415,d1368fe59ee80ce4fd01adb5c48e2039bf13c14131f4f949b51f635910473a64,proven_maximal,maximize_sum_testing_e_values_at_maximum_cardinality,proven_optimal,8071.074100106839,1.2477662705334343,6468.418237220311,0,0,4,,,71;91;171;187,0,0,4,0,0,0,0.0,0.0,0.2,0.0,0.0,0.0,0,4,0.491992120994837,6,4,235,36,4,,method1_proportional_scores_gamma1,unrestricted_maximum_cardinality_then_maximum_testing_evalue_sum,200,0,1,exact_fixed_count_order_statistics,300.0,1,False
416,a1215672c6ef6e01a6a95670d99e97076cf7e38924953b530149f7301717d39c,proven_maximal,maximize_sum_testing_e_values_at_maximum_cardinality,proven_optimal,0.0,0.0,3193.096600505052,0,0,0,,,,0,0,0,0,0,0,0.0,0.0,0.0,0.0,0.0,0.0,0,0,0.21407912500581006,3,3,243,43,0,,method1_proportional_scores_gamma1,unrestricted_maximum_cardinality_then_maximum_testing_evalue_sum,200,0,0,exact_fixed_count_order_statistics,300.0,1,False
417,863dff57f2c9fda957d585af5ba9afcdf7eb2a0a8b3a51ee8975b75f1736dfc1,proven_maximal,maximize_sum_testing_e_values_at_maximum_cardinality,proven_optimal,2227.014904965444,1.0,2227.014904965444,0,0,1,,,72,0,0,1,0,0,0,0.0,0.0,0.05,0.0,0.0,0.0,0,1,0.5538335349992849,7,4,234,32,1,,method1_proportional_scores_gamma1,unrestricted_maximum_cardinality_then_maximum_testing_evalue_sum,200,0,0,exact_fixed_count_order_statistics,300.0,1,False
418,d9272065a939e83012da871e166afd124687ecb5649312b23c18e51c8c6aabd6,proven_maximal,maximize_sum_testing_e_values_at_maximum_cardinality,proven_optimal,2764.300261969345,0.7869005292066901,3512.896686899119,0,0,2,,,35;147,0,0,2,0,0,0,0.0,0.0,0.1,0.0,0.0,0.0,0,2,0.4732544250000501,7,5,256,55,2,,method1_proportional_scores_gamma1,unrestricted_maximum_cardinality_then_maximum_testing_evalue_sum,200,0,2,exact_fixed_count_order_statistics,300.0,1,False
419,95602742965cd9080bb75305b927ce9514e1ecc68e29bf02e11b293117e17ffd,proven_maximal,maximize_sum_testing_e_values_at_maximum_cardinality,proven_optimal,0.0,0.0,2471.9173091567577,0,0,0,,,,0,0,0,0,0,0,0.0,0.0,0.0,0.0,0.0,0.0,0,0,0.15075734999845736,3,3,236,36,0,,method1_proportional_scores_gamma1,unrestricted_maximum_cardinality_then_maximum_testing_evalue_sum,200,0,3,exact_fixed_count_order_statistics,300.0,1,False
420,a041a9329655a6796a77883de5f36061e5d62f5907551bbf84c6a6b495c7ecf7,proven_maximal,maximize_sum_testing_e_values_at_maximum_cardinality,proven_optimal,51102.09598710212,1.4721218515034782,34713.22427210189,0,0,2,,,49;89,0,0,2,0,0,0,0.0,0.0,0.1,0.0,0.0,0.0,0,2,0.3870331209982396,5,4,240,40,2,,method1_proportional_scores_gamma1,unrestricted_maximum_cardinality_then_maximum_testing_evalue_sum,200,0,4,exact_fixed_count_order_statistics,300.0,1,False
421,d2ee1a6ffabff40571ce313eedb368a8570dd444261670a829aa767f2f20f581,proven_maximal,maximize_sum_testing_e_values_at_maximum_cardinality,proven_optimal,60875.23234950036,1.1686543926454769,52090.02142344017,0,0,2,,,71;105,0,0,2,0,0,0,0.0,0.0,0.1,0.0,0.0,0.0,0,2,0.2774622159995488,4,4,232,32,2,,method1_proportional_scores_gamma1,unrestricted_maximum_cardinality_then_maximum_testing_evalue_sum,200,0,2,exact_fixed_count_order_statistics,300.0,1,False
422,3a9805797fe377d28f3bae842ef342b05abbfbcdf0b20bdb5adbf94cf18cfa4e,proven_maximal,maximize_sum_testing_e_values_at_maximum_cardinality,proven_optimal,36154.82953989758,2.3177094830112237,15599.379389398002,0,0,8,,,57;77;121;126;167;168;181;184,0,0,8,0,0,0,0.0,0.0,0.4,0.0,0.0,0.0,0,8,0.3983385780011304,6,5,246,47,8,,method1_proportional_scores_gamma1,unrestricted_maximum_cardinality_then_maximum_testing_evalue_sum,200,0,5,exact_fixed_count_order_statistics,300.0,1,False
423,f4fdd4b700cfe210ee38198965ff189751f51708cf64653b16d663dca4a86cb5,proven_maximal,maximize_sum_testing_e_values_at_maximum_cardinality,proven_optimal,15863.224476454356,1.5005731678615337,10571.443509856324,0,0,6,,,1;9;23;64;112;132,0,0,6,0,0,0,0.0,0.0,0.3,0.0,0.0,0.0,0,6,0.5087589130052947,6,4,244,44,6,,method1_proportional_scores_gamma1,unrestricted_maximum_cardinality_then_maximum_testing_evalue_sum,200,0,3,exact_fixed_count_order_statistics,300.0,1,False
424,98063f88dc14638e31f4a36addc5b8895f67f288ab4436333c189820f9b09b02,proven_maximal,maximize_sum_testing_e_values_at_maximum_cardinality,proven_optimal,23311.056189168674,1.9961512659072367,11678.00085459654,0,0,8,,,2;6;18;88;100;125;130;138,0,0,8,0,0,0,0.0,0.0,0.4,0.0,0.0,0.0,0,8,0.3586498799995752,7,6,233,34,8,,method1_proportional_scores_gamma1,unrestricted_maximum_cardinality_then_maximum_testing_evalue_sum,200,0,4,exact_fixed_count_order_statistics,300.0,1,False
425,6405884bfcdb93a1f0f50dcedb8d29e6d8946e34118b50afe46debb9cdf9254f,proven_maximal,maximize_sum_testing_e_values_at_maximum_cardinality,proven_optimal,38414.97032311764,1.1153270780445783,34442.78461388009,0,0,5,,,39;56;73;158;181,0,0,5,0,0,0,0.0,0.0,0.25,0.0,0.0,0.0,0,5,0.39506046200403944,5,4,239,39,5,,method1_proportional_scores_gamma1,unrestricted_maximum_cardinality_then_maximum_testing_evalue_sum,200,0,2,exact_fixed_count_order_statistics,300.0,1,False
426,ea62001b38d8e5a6efa5316ad9f2f77edeefb7ea58726ffa4818b0c98fd3f213,proven_maximal,maximize_sum_testing_e_values_at_maximum_cardinality,proven_optimal,6128.253872320548,0.7080185350733161,8655.499211875802,0,0,1,,,199,0,0,1,0,0,0,0.0,0.0,0.05,0.0,0.0,0.0,0,1,0.16813013600039994,3,3,236,37,1,,method1_proportional_scores_gamma1,unrestricted_maximum_cardinality_then_maximum_testing_evalue_sum,200,0,2,exact_fixed_count_order_statistics,300.0,1,False
427,a2bc2f91d76e8c618f92c30d7657f169353a6130beeebe317b696cef4ce8a182,proven_maximal,maximize_sum_testing_e_values_at_maximum_cardinality,proven_optimal,118069.1489097944,1.0024830993916438,117776.6976634764,0,0,3,,,5;58;79,0,0,3,0,0,0,0.0,0.0,0.15,0.0,0.0,0.0,0,3,0.31928908199915895,5,4,229,31,3,,method1_proportional_scores_gamma1,unrestricted_maximum_cardinality_then_maximum_testing_evalue_sum,200,0,5,exact_fixed_count_order_statistics,300.0,1,False
428,72981113af86981d5a7889853041e346bc7fd3ae011499f31284d493a851ba77,proven_maximal,maximize_sum_testing_e_values_at_maximum_cardinality,proven_optimal,685105.582013752,1.0374064159344385,660402.2989357036,0,0,6,,,16;18;24;102;140;148,0,0,6,0,0,0,0.0,0.0,0.3,0.0,0.0,0.0,0,6,0.22459870199963916,3,3,244,46,6,,method1_proportional_scores_gamma1,unrestricted_maximum_cardinality_then_maximum_testing_evalue_sum,200,0,5,exact_fixed_count_order_statistics,300.0,1,False
429,156f71dcc6d02d43a5a554b5bef0314a996a06355308d0dd5070d57559c2c906,proven_maximal,maximize_sum_testing_e_values_at_maximum_cardinality,proven_optimal,13777.321956549918,1.4349982335753453,9600.933042421431,0,0,3,,,134;197;198,0,0,3,0,0,0,0.0,0.0,0.15,0.0,0.0,0.0,0,3,0.352991618005035,5,4,244,45,3,,method1_proportional_scores_gamma1,unrestricted_maximum_cardinality_then_maximum_testing_evalue_sum,200,0,5,exact_fixed_count_order_statistics,300.0,1,False
430,9e8a2b8d7fc1a0da1ee409172171a42791a519afc7752483af914f1ff055cd58,proven_maximal,maximize_sum_testing_e_values_at_maximum_cardinality,proven_optimal,0.0,0.0,16669.143664621668,0,0,0,,,,0,0,0,0,0,0,0.0,0.0,0.0,0.0,0.0,0.0,0,0,0.1351910039957147,3,3,241,41,0,,method1_proportional_scores_gamma1,unrestricted_maximum_cardinality_then_maximum_testing_evalue_sum,200,0,2,exact_fixed_count_order_statistics,300.0,1,False
431,86443b1ce53ad85c4f3ba27359c4b1b322cfcf08505b5dbb28f8728ab3ffbacf,proven_maximal,maximize_sum_testing_e_values_at_maximum_cardinality,proven_optimal,41471.86233435758,1.2364421886073942,33541.287022135155,0,0,10,,,7;8;64;89;96;105;110;113;122;150,0,0,9,0,0,1,0.0,0.0,0.45,0.0,0.0,0.1,0,10,0.1650489559979178,4,4,231,36,10,,method1_proportional_scores_gamma1,unrestricted_maximum_cardinality_then_maximum_testing_evalue_sum,200,0,4,exact_fixed_count_order_statistics,300.0,1,False
432,eded15d633958f8ec85c95b3b71aad94e1cdc8d259af3eb9068c7be3beffa985,proven_maximal,maximize_sum_testing_e_values_at_maximum_cardinality,proven_optimal,976.8705930140204,1.2817093194497384,762.1623547478059,0,0,2,,,34;131,0,0,2,0,0,0,0.0,0.0,0.1,0.0,0.0,0.0,0,2,0.5226758439966943,5,4,253,54,2,,method1_proportional_scores_gamma1,unrestricted_maximum_cardinality_then_maximum_testing_evalue_sum,200,0,0,exact_fixed_count_order_statistics,300.0,1,False
433,8aa1fb72043b526d14a0b7a6cf5ebc595cc398adab9d0f32813b05ef3eb340e0,proven_maximal,maximize_sum_testing_e_values_at_maximum_cardinality,proven_optimal,5755.053552346393,1.5711657547253117,3662.919418296865,0,0,2,,,69;131,0,0,2,0,0,0,0.0,0.0,0.1,0.0,0.0,0.0,0,2,0.1693756789973122,3,3,245,47,2,,method1_proportional_scores_gamma1,unrestricted_maximum_cardinality_then_maximum_testing_evalue_sum,200,0,2,exact_fixed_count_order_statistics,300.0,1,False
434,fa174fb479b996223ccc82b737ce194b42335d6c20d23759a7df5632389da42d,proven_maximal,maximize_sum_testing_e_values_at_maximum_cardinality,proven_optimal,13830.378450632348,0.2602643438468117,53139.73572489336,0,0,1,,,40,0,0,1,0,0,0,0.0,0.0,0.05,0.0,0.0,0.0,0,1,0.14929442499851575,3,3,250,51,1,,method1_proportional_scores_gamma1,unrestricted_maximum_cardinality_then_maximum_testing_evalue_sum,200,0,6,exact_fixed_count_order_statistics,300.0,1,False
435,8599fb52c9e11a33dadac5e8a1eee82f71483e7832553511f617303f20e83e82,proven_maximal,maximize_sum_testing_e_values_at_maximum_cardinality,proven_optimal,0.0,0.0,5993.498234158125,0,0,0,,,,0,0,0,0,0,0,0.0,0.0,0.0,0.0,0.0,0.0,0,0,0.1458762559996103,3,3,244,44,0,,method1_proportional_scores_gamma1,unrestricted_maximum_cardinality_then_maximum_testing_evalue_sum,200,0,1,exact_fixed_count_order_statistics,300.0,1,False
436,8d7455ca98d5813ec4bf63f3ca0550ab5970e27640b4520ac96a928a2938cb51,proven_maximal,maximize_sum_testing_e_values_at_maximum_cardinality,proven_optimal,4104.516061051336,1.503891383216557,2729.263633569403,0,0,3,,,33;54;106,0,0,3,0,0,0,0.0,0.0,0.15,0.0,0.0,0.0,0,3,0.11930122099875007,3,3,234,36,3,,method1_proportional_scores_gamma1,unrestricted_maximum_cardinality_then_maximum_testing_evalue_sum,200,0,0,exact_fixed_count_order_statistics,300.0,1,False
437,a71eab6d779547657eebcfcd7d7bec9532a24d8f81ff33557cb6f7e36ff64d01,proven_maximal,maximize_sum_testing_e_values_at_maximum_cardinality,proven_optimal,6225.337085673876,2.5496822270028265,2441.6129271888963,0,0,4,,,22;55;130;150,0,0,4,0,0,0,0.0,0.0,0.2,0.0,0.0,0.0,0,4,0.3727634829992894,6,5,239,40,4,,method1_proportional_scores_gamma1,unrestricted_maximum_cardinality_then_maximum_testing_evalue_sum,200,0,3,exact_fixed_count_order_statistics,300.0,1,False
438,b87bc5366aa6757d238b944d71fca6f91285012a063edd4a9deed8385c66f0a7,proven_maximal,maximize_sum_testing_e_values_at_maximum_cardinality,proven_optimal,4348.097595011756,1.155209410597735,3763.904236862076,0,0,2,,,14;113,0,0,2,0,0,0,0.0,0.0,0.1,0.0,0.0,0.0,0,2,0.344398002998787,5,4,242,43,2,,method1_proportional_scores_gamma1,unrestricted_maximum_cardinality_then_maximum_testing_evalue_sum,200,0,3,exact_fixed_count_order_statistics,300.0,1,False
439,3195e2c71aef59f84ea99002ccc4d92c4c0e2d3f87d741b749201a88762fde89,proven_maximal,maximize_sum_testing_e_values_at_maximum_cardinality,proven_optimal,6524.091530912576,1.285907587824354,5073.530627461949,0,0,2,,,17;65,0,0,2,0,0,0,0.0,0.0,0.1,0.0,0.0,0.0,0,2,0.17255447299976368,3,3,249,51,2,,method1_proportional_scores_gamma1,unrestricted_maximum_cardinality_then_maximum_testing_evalue_sum,200,0,4,exact_fixed_count_order_statistics,300.0,1,False
440,a5fc6f493ddec9c23f165cd94e8299116633d85c5b63b1c4fb797123bb1bc555,proven_maximal,maximize_sum_testing_e_values_at_maximum_cardinality,proven_optimal,7730.419661024536,1.563305487941023,4944.9194163618085,0,0,4,,,29;137;195;199,0,0,4,0,0,0,0.0,0.0,0.2,0.0,0.0,0.0,0,4,0.1455798059978406,3,3,242,45,4,,method1_proportional_scores_gamma1,unrestricted_maximum_cardinality_then_maximum_testing_evalue_sum,200,0,5,exact_fixed_count_order_statistics,300.0,1,False
441,e2ea8ca61de2e5b2ef7585e2348996ff12f2263076dc33ad0c2174459d5c0c09,proven_maximal,maximize_sum_testing_e_values_at_maximum_cardinality,proven_optimal,7776.500637333081,1.4276250416585923,5447.159030145945,0,0,3,,,21;72;177,0,0,3,0,0,0,0.0,0.0,0.15,0.0,0.0,0.0,0,3,0.48395159500068985,4,4,236,36,3,,method1_proportional_scores_gamma1,unrestricted_maximum_cardinality_then_maximum_testing_evalue_sum,200,0,3,exact_fixed_count_order_statistics,300.0,1,False
442,a38b2209f5882d746dbb46b578c5a23c400b907d300e938fcfd4c437e1c56904,proven_maximal,maximize_sum_testing_e_values_at_maximum_cardinality,proven_optimal,0.0,0.0,15397.446802988914,0,0,0,,,,0,0,0,0,0,0,0.0,0.0,0.0,0.0,0.0,0.0,0,0,0.1746534110061475,3,3,240,40,0,,method1_proportional_scores_gamma1,unrestricted_maximum_cardinality_then_maximum_testing_evalue_sum,200,0,1,exact_fixed_count_order_statistics,300.0,1,False
443,925c24b089541b8538641b38cd866fe6ca43acebf5ea7ae513ca6e2b7a016399,proven_maximal,maximize_sum_testing_e_values_at_maximum_cardinality,proven_optimal,17577.997308803988,1.902059080414376,9241.562204773632,0,0,6,,,10;78;97;134;170;199,0,0,6,0,0,0,0.0,0.0,0.3,0.0,0.0,0.0,0,6,0.17381057699822122,3,3,236,40,6,,method1_proportional_scores_gamma1,unrestricted_maximum_cardinality_then_maximum_testing_evalue_sum,200,0,4,exact_fixed_count_order_statistics,300.0,1,False
444,0e465fbc9362114c59c8bbf540475a09574fbf9e1c2776579dc38ca003d6a4c6,proven_maximal,maximize_sum_testing_e_values_at_maximum_cardinality,proven_optimal,0.0,0.0,2112.982636135073,0,0,0,,,,0,0,0,0,0,0,0.0,0.0,0.0,0.0,0.0,0.0,0,0,0.16511409799568355,3,3,241,41,0,,method1_proportional_scores_gamma1,unrestricted_maximum_cardinality_then_maximum_testing_evalue_sum,200,0,0,exact_fixed_count_order_statistics,300.0,1,False
445,8d5f3f9898e029faf5168680edcef92d004e82311793af88158067c7650404f3,proven_maximal,maximize_sum_testing_e_values_at_maximum_cardinality,proven_optimal,9885.380171760724,1.2991329243367296,7609.2137968158195,0,0,3,,,66;80;155,0,0,3,0,0,0,0.0,0.0,0.15,0.0,0.0,0.0,0,3,0.14790175500093028,3,3,241,43,3,,method1_proportional_scores_gamma1,unrestricted_maximum_cardinality_then_maximum_testing_evalue_sum,200,0,3,exact_fixed_count_order_statistics,300.0,1,False
446,3bff00fec55f3043930106c22b2e1606b60f33e24de30bc4f1d336d6a29c26bc,proven_maximal,maximize_sum_testing_e_values_at_maximum_cardinality,proven_optimal,2754.9936215209664,0.26893766420379644,10243.985830981555,0,0,5,,,38;40;58;69;121,0,0,5,0,0,0,0.0,0.0,0.25,0.0,0.0,0.0,0,5,0.3747413460005191,5,4,241,40,5,,method1_proportional_scores_gamma1,unrestricted_maximum_cardinality_then_maximum_testing_evalue_sum,200,0,4,exact_fixed_count_order_statistics,300.0,1,False
447,8f4cd4786753c422a2783c605f9b970988d321fd0570524980fd7ecf6ef1f886,proven_maximal,maximize_sum_testing_e_values_at_maximum_cardinality,proven_optimal,1321.9608571425476,0.6970072017928125,1896.624387441415,0,0,6,,,5;7;98;161;167;178,0,0,6,0,0,0,0.0,0.0,0.3,0.0,0.0,0.0,0,6,0.38941027100372594,6,5,253,47,6,,method1_proportional_scores_gamma1,unrestricted_maximum_cardinality_then_maximum_testing_evalue_sum,200,0,0,exact_fixed_count_order_statistics,300.0,1,False
448,0b2532e987b9218baaabbac5618b0693fc7a2fc7bb762f63c980ee410592b6d4,proven_maximal,maximize_sum_testing_e_values_at_maximum_cardinality,proven_optimal,289691.16303683125,1.0,289691.16303683125,0,0,1,,,34,0,0,1,0,0,0,0.0,0.0,0.05,0.0,0.0,0.0,0,1,0.1612596070044674,3,3,244,45,1,,method1_proportional_scores_gamma1,unrestricted_maximum_cardinality_then_maximum_testing_evalue_sum,200,0,5,exact_fixed_count_order_statistics,300.0,1,False
449,b39763b1bb5334f08b8cace83047325e5e16d5c7701d21c125258fc56a44e48c,proven_maximal,maximize_sum_testing_e_values_at_maximum_cardinality,proven_optimal,12400.112065180756,1.4491832089857424,8556.621404590642,0,0,3,,,52;119;166,0,0,3,0,0,0,0.0,0.0,0.15,0.0,0.0,0.0,0,3,0.4162926779972622,5,4,234,35,3,,method1_proportional_scores_gamma1,unrestricted_maximum_cardinality_then_maximum_testing_evalue_sum,200,0,3,exact_fixed_count_order_statistics,300.0,1,False
450,19353d4e562878b9caa731f04da1f7bff769c676647d20f09821f72c54f8ba99,proven_maximal,maximize_sum_testing_e_values_at_maximum_cardinality,proven_optimal,2307.7148360226956,2.9393087364778703,785.1216197138909,0,0,7,,,15;59;82;113;127;140;149,0,0,7,0,0,0,0.0,0.0,0.35,0.0,0.0,0.0,0,7,0.2750048119996791,4,4,233,36,7,,method1_proportional_scores_gamma1,unrestricted_maximum_cardinality_then_maximum_testing_evalue_sum,200,0,0,exact_fixed_count_order_statistics,300.0,1,False
451,52f0d08c3f7bb590d7b8ea90fa00d73e250fbf4fac3deceef417b34f24c5baa7,proven_maximal,maximize_sum_testing_e_values_at_maximum_cardinality,proven_optimal,0.0,0.0,3904.7155287816495,0,0,0,,,,0,0,0,0,0,0,0.0,0.0,0.0,0.0,0.0,0.0,0,0,0.1449782139970921,3,3,254,54,0,,method1_proportional_scores_gamma1,unrestricted_maximum_cardinality_then_maximum_testing_evalue_sum,200,0,3,exact_fixed_count_order_statistics,300.0,1,False
452,0a45189f73d693e99b010bd979d766b122ed882beef4043b492d135473da6e11,proven_maximal,maximize_sum_testing_e_values_at_maximum_cardinality,proven_optimal,52416.589451741005,1.9133389314182954,27395.34987295027,0,0,5,,,9;37;88;101;159,0,0,5,0,0,0,0.0,0.0,0.25,0.0,0.0,0.0,0,5,0.13168456700077513,3,3,244,47,5,,method1_proportional_scores_gamma1,unrestricted_maximum_cardinality_then_maximum_testing_evalue_sum,200,0,5,exact_fixed_count_order_statistics,300.0,1,False
453,c0db2c3c389bb18a7f0bf85adfe3547d1973afb1c6e0b9e9989417f719d693a8,proven_maximal,maximize_sum_testing_e_values_at_maximum_cardinality,proven_optimal,8743.525868234588,2.3842620357132653,3667.183278208309,0,0,5,,,24;50;137;143;186,0,0,5,0,0,0,0.0,0.0,0.25,0.0,0.0,0.0,0,5,0.16233171199564822,3,3,235,39,5,,method1_proportional_scores_gamma1,unrestricted_maximum_cardinality_then_maximum_testing_evalue_sum,200,0,3,exact_fixed_count_order_statistics,300.0,1,False
454,05da330110b35150b38b4d63a8c5f9d47f9113661e70192f30c145463de261be,proven_maximal,maximize_sum_testing_e_values_at_maximum_cardinality,proven_optimal,35155.13888362386,1.0987374455395404,31995.941365555955,0,0,5,,,75;89;132;148;151,0,0,5,0,0,0,0.0,0.0,0.25,0.0,0.0,0.0,0,5,0.3983211480008322,5,4,248,47,5,,method1_proportional_scores_gamma1,unrestricted_maximum_cardinality_then_maximum_testing_evalue_sum,200,0,4,exact_fixed_count_order_statistics,300.0,1,False
455,96bdf801cb5ec6870fc37923e85054a7214018e9d901c40bba45648c5d96afc6,proven_maximal,maximize_sum_testing_e_values_at_maximum_cardinality,proven_optimal,1727.40561005677,1.9661201414452665,878.5859895555411,0,0,3,,,54;68;131,0,0,3,0,0,0,0.0,0.0,0.15,0.0,0.0,0.0,0,3,0.45119724099640734,8,7,244,38,3,,method1_proportional_scores_gamma1,unrestricted_maximum_cardinality_then_maximum_testing_evalue_sum,200,0,0,exact_fixed_count_order_statistics,300.0,1,False
456,b640a4c1b6775c1fa06b1ab34d30d32a5e95ca2cd77981e74e47f0580824fd00,proven_maximal,maximize_sum_testing_e_values_at_maximum_cardinality,proven_optimal,36482.834652895515,1.347508151316654,27074.296075499085,0,0,6,,,65;80;96;122;151;179,0,0,6,0,0,0,0.0,0.0,0.3,0.0,0.0,0.0,0,6,0.4189440340051078,5,4,234,37,6,,method1_proportional_scores_gamma1,unrestricted_maximum_cardinality_then_maximum_testing_evalue_sum,200,0,10,exact_fixed_count_order_statistics,300.0,1,False
457,755b0f6e32abc7dd35f4d21323f4de911d5fc8b0b69df0fe3d5e6d93976d4a9a,proven_maximal,maximize_sum_testing_e_values_at_maximum_cardinality,proven_optimal,511960.8788369198,1.0018860184652227,510997.1288162964,0,0,4,,,124;127;149;179,0,0,4,0,0,0,0.0,0.0,0.2,0.0,0.0,0.0,0,4,0.5947274170030141,8,6,257,52,4,,method1_proportional_scores_gamma1,unrestricted_maximum_cardinality_then_maximum_testing_evalue_sum,200,0,1,exact_fixed_count_order_statistics,300.0,1,False
458,5a1766454b13a92908061837000fa686cec49b36ca1a1421178e0a87c108c860,proven_maximal,maximize_sum_testing_e_values_at_maximum_cardinality,proven_optimal,35666.131078447295,1.911284074069375,18660.821571389653,0,0,5,,,10;19;56;57;188,0,0,5,0,0,0,0.0,0.0,0.25,0.0,0.0,0.0,0,5,0.45288128899846924,5,4,237,40,5,,method1_proportional_scores_gamma1,unrestricted_maximum_cardinality_then_maximum_testing_evalue_sum,200,0,6,exact_fixed_count_order_statistics,300.0,1,False
459,aaa8477285c43bd482acff2d8fb82c980436835c4ddc7b03a17dee18e8bd8733,proven_maximal,maximize_sum_testing_e_values_at_maximum_cardinality,proven_optimal,1544.3686441065677,0.47364578105039684,3260.598332960225,0,0,2,,,72;87,0,0,2,0,0,0,0.0,0.0,0.1,0.0,0.0,0.0,0,2,0.5928393709982629,9,6,245,42,2,,method1_proportional_scores_gamma1,unrestricted_maximum_cardinality_then_maximum_testing_evalue_sum,200,0,6,exact_fixed_count_order_statistics,300.0,1,False
460,426942f2fff4046c3cb71bee9783f489b61db73f7eb2bdb6aaf385f801ed9099,proven_maximal,maximize_sum_testing_e_values_at_maximum_cardinality,proven_optimal,7726.882087740077,0.105830561765861,73011.82152689496,0,0,1,,,182,0,0,1,0,0,0,0.0,0.0,0.05,0.0,0.0,0.0,0,1,0.12752357499994105,3,3,242,43,1,,method1_proportional_scores_gamma1,unrestricted_maximum_cardinality_then_maximum_testing_evalue_sum,200,0,6,exact_fixed_count_order_statistics,300.0,1,False
461,ff4e2728cf563f58afb468f1e066490b5c6a5e1a1ed8075a46fd6d31555e9a32,proven_maximal,maximize_sum_testing_e_values_at_maximum_cardinality,proven_optimal,76599.40279349798,1.037073468143282,73861.1150959606,0,0,2,,,64;97,0,0,2,0,0,0,0.0,0.0,0.1,0.0,0.0,0.0,0,2,0.625227176999033,6,4,241,41,2,,method1_proportional_scores_gamma1,unrestricted_maximum_cardinality_then_maximum_testing_evalue_sum,200,0,5,exact_fixed_count_order_statistics,300.0,1,False
462,1c18ba0a40cb97c6d4fe1933542058002cd73f851acee73757f861bc6ffc4d07,proven_maximal,maximize_sum_testing_e_values_at_maximum_cardinality,proven_optimal,27940.215669373494,1.831327101230422,15256.81329708995,0,0,10,,,19;56;66;67;72;109;127;128;165;197,0,0,10,0,0,0,0.0,0.0,0.5,0.0,0.0,0.0,0,10,0.24811500999931013,4,4,243,44,10,,method1_proportional_scores_gamma1,unrestricted_maximum_cardinality_then_maximum_testing_evalue_sum,200,0,4,exact_fixed_count_order_statistics,300.0,1,False
463,c06efb934ea09ee615c506ee7f9e5e6060be1fb4297f3a52676d93784b05cc61,proven_maximal,maximize_sum_testing_e_values_at_maximum_cardinality,proven_optimal,3661.319853078563,1.7472989274088284,2095.4169865531526,0,0,5,,,44;65;116;158;190,0,0,5,0,0,0,0.0,0.0,0.25,0.0,0.0,0.0,0,5,0.5268489939990104,10,8,254,44,5,,method1_proportional_scores_gamma1,unrestricted_maximum_cardinality_then_maximum_testing_evalue_sum,200,0,3,exact_fixed_count_order_statistics,300.0,1,False
464,0bdad1b83cf0f427a966d9cddfcf9b229c85807841cb51ab3250869ee5fd24ab,proven_maximal,maximize_sum_testing_e_values_at_maximum_cardinality,proven_optimal,2792.320334539312,1.0,2792.320334539312,0,0,1,,,29,0,0,1,0,0,0,0.0,0.0,0.05,0.0,0.0,0.0,0,1,0.1480278669987456,3,3,241,42,1,,method1_proportional_scores_gamma1,unrestricted_maximum_cardinality_then_maximum_testing_evalue_sum,200,0,0,exact_fixed_count_order_statistics,300.0,1,False
465,90c5f88a928a21beeb31648ab9af5cc18bb143338750f7aae52dc8a72aed9fd9,proven_maximal,maximize_sum_testing_e_values_at_maximum_cardinality,proven_optimal,13878.8280385448,0.9554494368231427,14525.968097999752,0,0,2,,,44;68,0,0,2,0,0,0,0.0,0.0,0.1,0.0,0.0,0.0,0,2,0.3785676710031112,5,4,238,39,2,,method1_proportional_scores_gamma1,unrestricted_maximum_cardinality_then_maximum_testing_evalue_sum,200,0,4,exact_fixed_count_order_statistics,300.0,1,False
466,7d2f5a82244171df2fd9147bf041234bd785c263946549fd3dffaa520b227437,proven_maximal,maximize_sum_testing_e_values_at_maximum_cardinality,proven_optimal,375716.6072907235,1.0195646242641914,368506.90809508425,0,0,7,,,32;34;80;154;177;180;194,0,0,7,0,0,0,0.0,0.0,0.35,0.0,0.0,0.0,0,7,0.37516724199667806,5,4,249,51,7,,method1_proportional_scores_gamma1,unrestricted_maximum_cardinality_then_maximum_testing_evalue_sum,200,0,8,exact_fixed_count_order_statistics,300.0,1,False
467,b2a4f9aff09b4cbf9abb436f8bfb89fba4345326a4e307e493bb1cee43460744,proven_maximal,maximize_sum_testing_e_values_at_maximum_cardinality,proven_optimal,15139.431236907096,1.0985318223087577,13781.513588827058,0,0,3,,,104;176;197,0,0,3,0,0,0,0.0,0.0,0.15,0.0,0.0,0.0,0,3,0.5430092059978051,8,6,241,39,3,,method1_proportional_scores_gamma1,unrestricted_maximum_cardinality_then_maximum_testing_evalue_sum,200,0,4,exact_fixed_count_order_statistics,300.0,1,False
468,9f3f632a079459f99e903134894c06eea55875cacda50e111e71063ffde87db7,proven_maximal,maximize_sum_testing_e_values_at_maximum_cardinality,proven_optimal,433.19931532988943,0.036107398410917216,11997.52223629908,0,0,4,,,40;128;136;174,0,0,4,0,0,0,0.0,0.0,0.2,0.0,0.0,0.0,0,4,0.1391132450007717,4,4,235,37,4,,method1_proportional_scores_gamma1,unrestricted_maximum_cardinality_then_maximum_testing_evalue_sum,200,0,2,exact_fixed_count_order_statistics,300.0,1,False
469,bc104aa3f1f179b0a0ce568e35c421ab83d2e84b1ef731fb5e5f8ba9146a610d,proven_maximal,maximize_sum_testing_e_values_at_maximum_cardinality,proven_optimal,22596.488920252094,1.5061814024527311,15002.501613321603,0,0,4,,,25;60;104;186,0,0,4,0,0,0,0.0,0.0,0.2,0.0,0.0,0.0,0,4,0.31709087600029306,5,4,240,41,4,,method1_proportional_scores_gamma1,unrestricted_maximum_cardinality_then_maximum_testing_evalue_sum,200,0,5,exact_fixed_count_order_statistics,300.0,1,False
470,10f5d458c5be8fece20ebfd537e42a35aa842d12693856fe676071ff6555b6d7,proven_maximal,maximize_sum_testing_e_values_at_maximum_cardinality,proven_optimal,28674.864449370056,0.953481294446449,30073.86156014468,0,0,5,,,39;42;62;172;191,0,0,5,0,0,0,0.0,0.0,0.25,0.0,0.0,0.0,0,5,0.43905710599938175,6,4,239,40,5,,method1_proportional_scores_gamma1,unrestricted_maximum_cardinality_then_maximum_testing_evalue_sum,200,0,4,exact_fixed_count_order_statistics,300.0,1,False
471,adca1c75b2c64d2d6a7f3ae3218b3143e90194ed00f21a973534d24807677245,proven_maximal,maximize_sum_testing_e_values_at_maximum_cardinality,proven_optimal,16151.08177356375,1.0,16151.08177356375,0,0,1,,,37,0,0,1,0,0,0,0.0,0.0,0.05,0.0,0.0,0.0,0,1,0.4422455839958275,7,5,244,42,1,,method1_proportional_scores_gamma1,unrestricted_maximum_cardinality_then_maximum_testing_evalue_sum,200,0,1,exact_fixed_count_order_statistics,300.0,1,False
472,56d490da59a6a9ced2fd6c8a54451586186d8890c009faae94563ce4a1622799,proven_maximal,maximize_sum_testing_e_values_at_maximum_cardinality,proven_optimal,81685.6367010832,1.5408033366063545,53014.96612864119,0,0,8,,,5;32;40;59;79;94;100;141,0,0,8,0,0,0,0.0,0.0,0.4,0.0,0.0,0.0,0,8,0.1676643159953528,3,3,246,49,8,,method1_proportional_scores_gamma1,unrestricted_maximum_cardinality_then_maximum_testing_evalue_sum,200,0,3,exact_fixed_count_order_statistics,300.0,1,False
473,c5a24aebb41611ebc1522715128b069c7048a1ad4538eb077817d013fcf6a4af,proven_maximal,maximize_sum_testing_e_values_at_maximum_cardinality,proven_optimal,0.0,0.0,2641.6862983402834,0,0,0,,,,0,0,0,0,0,0,0.0,0.0,0.0,0.0,0.0,0.0,0,0,0.24333097999624442,3,3,236,36,0,,method1_proportional_scores_gamma1,unrestricted_maximum_cardinality_then_maximum_testing_evalue_sum,200,0,0,exact_fixed_count_order_statistics,300.0,1,False
474,7fedbfd396af5c1dee428e3f0d13ebceb0097d0b7ff4e3b811c8e06f614b1956,proven_maximal,maximize_sum_testing_e_values_at_maximum_cardinality,proven_optimal,11931.5444018715,1.2903449315156836,9246.786739307216,0,0,2,,,90;115,0,0,2,0,0,0,0.0,0.0,0.1,0.0,0.0,0.0,0,2,0.33641674400132615,5,4,243,44,2,,method1_proportional_scores_gamma1,unrestricted_maximum_cardinality_then_maximum_testing_evalue_sum,200,0,4,exact_fixed_count_order_statistics,300.0,1,False
475,4c04ba1995bc84916309bbc9531aa0d18f2ce3f1f005f3329267e091dcde12fc,proven_maximal,maximize_sum_testing_e_values_at_maximum_cardinality,proven_optimal,1133.3904905846018,0.30338598535449784,3735.8037130827497,0,0,1,,,73,0,0,1,0,0,0,0.0,0.0,0.05,0.0,0.0,0.0,0,1,0.13337345200125128,3,3,251,52,1,,method1_proportional_scores_gamma1,unrestricted_maximum_cardinality_then_maximum_testing_evalue_sum,200,0,5,exact_fixed_count_order_statistics,300.0,1,False
476,f28aaf551b9def2427fcfceeb70ea201dfdcb510ee5c3408ee8151eaace93792,proven_maximal,maximize_sum_testing_e_values_at_maximum_cardinality,proven_optimal,1084.5981344317318,0.4961730239218966,2185.9272514631107,0,0,4,,,88;91;108;118,0,0,4,0,0,0,0.0,0.0,0.2,0.0,0.0,0.0,0,4,0.1254337159989518,3,3,244,46,4,,method1_proportional_scores_gamma1,unrestricted_maximum_cardinality_then_maximum_testing_evalue_sum,200,0,0,exact_fixed_count_order_statistics,300.0,1,False
477,22a1b4465fadde42885257aa899b24667463ff8ffab33b2524673614e5617fad,proven_maximal,maximize_sum_testing_e_values_at_maximum_cardinality,proven_optimal,0.0,0.0,4339.897062690562,0,0,0,,,,0,0,0,0,0,0,0.0,0.0,0.0,0.0,0.0,0.0,0,0,0.3030574379954487,5,3,235,35,0,,method1_proportional_scores_gamma1,unrestricted_maximum_cardinality_then_maximum_testing_evalue_sum,200,0,3,exact_fixed_count_order_statistics,300.0,1,False
478,ad763786f2765caa4792fc714d42b35be748b0e3a98ad4b4acaf6d0bb5075252,proven_maximal,maximize_sum_testing_e_values_at_maximum_cardinality,proven_optimal,147473.52523723576,1.012552734694231,145645.27869431867,0,0,4,,,128;134;147;186,0,0,4,0,0,0,0.0,0.0,0.2,0.0,0.0,0.0,0,4,0.13276615700306138,3,3,233,36,4,,method1_proportional_scores_gamma1,unrestricted_maximum_cardinality_then_maximum_testing_evalue_sum,200,0,5,exact_fixed_count_order_statistics,300.0,1,False
479,2edfa03d3b28ece465a6cd489751f38e3dae444c52c14e04e2e6daf05891ce31,proven_maximal,maximize_sum_testing_e_values_at_maximum_cardinality,proven_optimal,0.0,0.0,1782.8004654705665,0,0,0,,,,0,0,0,0,0,0,0.0,0.0,0.0,0.0,0.0,0.0,0,0,0.9140806440045708,10,5,244,37,0,,method1_proportional_scores_gamma1,unrestricted_maximum_cardinality_then_maximum_testing_evalue_sum,200,0,0,exact_fixed_count_order_statistics,300.0,1,False
480,2b1cba1ed893b972d647391e0f877416320a7390ec0cedb50816a8a165f6634f,proven_maximal,maximize_sum_testing_e_values_at_maximum_cardinality,proven_optimal,13858.30012646015,1.9616454117318036,7064.630561455853,0,0,7,,,44;99;113;138;169;176;182,0,0,7,0,0,0,0.0,0.0,0.35,0.0,0.0,0.0,0,7,0.3451845189993037,5,4,243,46,7,,method1_proportional_scores_gamma1,unrestricted_maximum_cardinality_then_maximum_testing_evalue_sum,200,0,4,exact_fixed_count_order_statistics,300.0,1,False
481,43752c28a6d3ae0cfc25ead693a4540305d01bd597fb43007a8134e13d6a18c2,proven_maximal,maximize_sum_testing_e_values_at_maximum_cardinality,proven_optimal,10869.152681318596,0.11441057457113706,95001.29443507412,0,0,1,,,53,0,0,1,0,0,0,0.0,0.0,0.05,0.0,0.0,0.0,0,1,0.32275656500132754,5,4,241,41,1,,method1_proportional_scores_gamma1,unrestricted_maximum_cardinality_then_maximum_testing_evalue_sum,200,0,4,exact_fixed_count_order_statistics,300.0,1,False
482,8285bd3928007999fbd0ef00fde103ac5a287e01e69218a0e80768dca91e000e,proven_maximal,maximize_sum_testing_e_values_at_maximum_cardinality,proven_optimal,7399164.2399356365,1.0015499964551573,7387713.310492654,0,0,7,,,18;27;106;118;126;159;164,0,0,7,0,0,0,0.0,0.0,0.35,0.0,0.0,0.0,0,7,0.3511336619994836,5,4,247,51,7,,method1_proportional_scores_gamma1,unrestricted_maximum_cardinality_then_maximum_testing_evalue_sum,200,0,6,exact_fixed_count_order_statistics,300.0,1,False
483,729670a61316cde6ec92b85a26d844472645e39aceff63689b1a38c197c93e6c,proven_maximal,maximize_sum_testing_e_values_at_maximum_cardinality,proven_optimal,0.0,0.0,1968.4886492446888,0,0,0,,,,0,0,0,0,0,0,0.0,0.0,0.0,0.0,0.0,0.0,0,0,0.1173016250031651,3,3,240,40,0,,method1_proportional_scores_gamma1,unrestricted_maximum_cardinality_then_maximum_testing_evalue_sum,200,0,0,exact_fixed_count_order_statistics,300.0,1,False
484,39f53fdaed797a2348258ce14a1f09a757eff159ae3eadf7a49f2839792595fd,proven_maximal,maximize_sum_testing_e_values_at_maximum_cardinality,proven_optimal,0.0,0.0,18367.978238776104,0,0,0,,,,0,0,0,0,0,0,0.0,0.0,0.0,0.0,0.0,0.0,0,0,0.1361662140043336,3,3,242,42,0,,method1_proportional_scores_gamma1,unrestricted_maximum_cardinality_then_maximum_testing_evalue_sum,200,0,4,exact_fixed_count_order_statistics,300.0,1,False
485,07d12e764068a89bfce85d7d191817c3074b5e647ade8334d6b55a7e2724313d,proven_maximal,maximize_sum_testing_e_values_at_maximum_cardinality,proven_optimal,23277.744655141087,0.45321551049799974,51361.31512702018,0,0,2,,,29;139,0,0,2,0,0,0,0.0,0.0,0.1,0.0,0.0,0.0,0,2,0.42152084600093076,7,5,234,33,2,,method1_proportional_scores_gamma1,unrestricted_maximum_cardinality_then_maximum_testing_evalue_sum,200,0,2,exact_fixed_count_order_statistics,300.0,1,False
486,041d1fa17ae08b133d1c2d9c07d7f5c445392e26dc8a0b9bd132f2191c36389d,proven_maximal,maximize_sum_testing_e_values_at_maximum_cardinality,proven_optimal,32902.49252459097,1.4419066977242003,22818.73894928281,0,0,9,,,24;30;45;85;126;157;176;195;199,0,0,9,0,0,0,0.0,0.0,0.45,0.0,0.0,0.0,0,9,0.31832801200653194,5,4,225,30,9,,method1_proportional_scores_gamma1,unrestricted_maximum_cardinality_then_maximum_testing_evalue_sum,200,0,6,exact_fixed_count_order_statistics,300.0,1,False
487,e39e7e602b7f51cbe8ef3355b3ecc70d4cc849a7ee4d3c51d1c5fe05c1b5812d,proven_maximal,maximize_sum_testing_e_values_at_maximum_cardinality,proven_optimal,0.0,0.0,5350.838415250478,0,0,0,,,,0,0,0,0,0,0,0.0,0.0,0.0,0.0,0.0,0.0,0,0,0.12804970699653495,3,3,237,37,0,,method1_proportional_scores_gamma1,unrestricted_maximum_cardinality_then_maximum_testing_evalue_sum,200,0,2,exact_fixed_count_order_statistics,300.0,1,False
488,0c88c4e9e20400a400dfc83b5345b2210cd5e861d9e817925e2aa786ff1fa9da,proven_maximal,maximize_sum_testing_e_values_at_maximum_cardinality,proven_optimal,300.28148230731506,0.1835527957806202,1635.9406623596592,0,0,2,,,18;79,0,0,2,0,0,0,0.0,0.0,0.1,0.0,0.0,0.0,0,2,0.48344178800471127,5,4,243,44,2,,method1_proportional_scores_gamma1,unrestricted_maximum_cardinality_then_maximum_testing_evalue_sum,200,0,0,exact_fixed_count_order_statistics,300.0,1,False
489,c37b8be2d0330a588c7ea850f618f0c51ede90782aa28952c167b269a9fe0ed6,proven_maximal,maximize_sum_testing_e_values_at_maximum_cardinality,proven_optimal,735.0897547030429,1.0,735.0897547030429,0,0,1,,,198,0,0,1,0,0,0,0.0,0.0,0.05,0.0,0.0,0.0,0,1,0.2953100880040438,3,3,239,40,1,,method1_proportional_scores_gamma1,unrestricted_maximum_cardinality_then_maximum_testing_evalue_sum,200,0,0,exact_fixed_count_order_statistics,300.0,1,False
490,d51cefa47d20021875992e570da14fd97ae2fd76ec497f89909553e958205683,proven_maximal,maximize_sum_testing_e_values_at_maximum_cardinality,proven_optimal,26939.665323795296,1.4350949259375467,18772.04416021165,0,0,2,,,49;166,0,0,2,0,0,0,0.0,0.0,0.1,0.0,0.0,0.0,0,2,0.1465321479990962,3,3,246,48,2,,method1_proportional_scores_gamma1,unrestricted_maximum_cardinality_then_maximum_testing_evalue_sum,200,0,2,exact_fixed_count_order_statistics,300.0,1,False
491,491cea961c40ad039f49958e97e259f61604c4b87544469a39b09a02c4c3f94c,proven_maximal,maximize_sum_testing_e_values_at_maximum_cardinality,proven_optimal,2980.468211540012,2.5422734956102437,1172.3633262457408,0,0,10,,,13;30;59;80;85;116;121;131;151;158,0,0,9,0,0,1,0.0,0.0,0.45,0.0,0.0,0.1,0,10,0.3840863509976771,7,7,272,54,10,,method1_proportional_scores_gamma1,unrestricted_maximum_cardinality_then_maximum_testing_evalue_sum,200,0,0,exact_fixed_count_order_statistics,300.0,1,False
492,1d739fb00ee1d2dc6f5de99a612e3e0287265ba0e2d78e6b3c30607f47452ceb,proven_maximal,maximize_sum_testing_e_values_at_maximum_cardinality,proven_optimal,9295.824827531595,2.1512443877671883,4321.138444516703,0,0,8,,,3;74;97;104;116;131;173;198,0,0,8,0,0,0,0.0,0.0,0.4,0.0,0.0,0.0,0,8,0.37842548000480747,5,4,245,49,8,,method1_proportional_scores_gamma1,unrestricted_maximum_cardinality_then_maximum_testing_evalue_sum,200,0,2,exact_fixed_count_order_statistics,300.0,1,False
493,641948979b28dc037a1bea60b430a639f6f07a9488d511b1cfc2fe55868b35a1,proven_maximal,maximize_sum_testing_e_values_at_maximum_cardinality,proven_optimal,3498.7304162157266,2.1461374705448693,1630.2452495400753,0,0,6,,,4;43;45;106;127;195,0,0,6,0,0,0,0.0,0.0,0.3,0.0,0.0,0.0,0,6,0.9220668030029628,8,5,249,46,6,,method1_proportional_scores_gamma1,unrestricted_maximum_cardinality_then_maximum_testing_evalue_sum,200,0,0,exact_fixed_count_order_statistics,300.0,1,False
494,84fec3820b03e4a4be4a6f75c6b1e30c39c857b8f757b6a05dd240c85c6ef0b3,proven_maximal,maximize_sum_testing_e_values_at_maximum_cardinality,proven_optimal,0.0,0.0,4104.623615655538,0,0,0,,,,0,0,0,0,0,0,0.0,0.0,0.0,0.0,0.0,0.0,0,0,0.15178075800213264,3,3,238,38,0,,method1_proportional_scores_gamma1,unrestricted_maximum_cardinality_then_maximum_testing_evalue_sum,200,0,1,exact_fixed_count_order_statistics,300.0,1,False
495,952360a1256c7fceb54b83f957df249d614b5a57525a4a6d3e3889e2d7f10fe6,proven_maximal,maximize_sum_testing_e_values_at_maximum_cardinality,proven_optimal,0.0,0.0,119983.43704575112,0,0,0,,,,0,0,0,0,0,0,0.0,0.0,0.0,0.0,0.0,0.0,0,0,0.1272617530048592,3,3,235,35,0,,method1_proportional_scores_gamma1,unrestricted_maximum_cardinality_then_maximum_testing_evalue_sum,200,0,1,exact_fixed_count_order_statistics,300.0,1,False
496,eae705c778f2d524d4948817151774de0b51cf40dcaae22e8c1c6ce6ed5a6d30,proven_maximal,maximize_sum_testing_e_values_at_maximum_cardinality,proven_optimal,8426.887665085294,0.47917244225139344,17586.33619556987,0,0,4,,,31;101;115;135,0,0,4,0,0,0,0.0,0.0,0.2,0.0,0.0,0.0,0,4,0.6086118550010724,11,9,251,42,4,,method1_proportional_scores_gamma1,unrestricted_maximum_cardinality_then_maximum_testing_evalue_sum,200,0,3,exact_fixed_count_order_statistics,300.0,1,False
497,75c9563cf5aa4b4c9c63e7b6866440b19acb92804806613f0b49abed1be37395,proven_maximal,maximize_sum_testing_e_values_at_maximum_cardinality,proven_optimal,0.0,0.0,4947.74073390974,0,0,0,,,,0,0,0,0,0,0,0.0,0.0,0.0,0.0,0.0,0.0,0,0,0.13131195500318427,3,3,238,38,0,,method1_proportional_scores_gamma1,unrestricted_maximum_cardinality_then_maximum_testing_evalue_sum,200,0,4,exact_fixed_count_order_statistics,300.0,1,False
498,bee1f5bdb799373c54fd08dc652e39407bebf6d5c9c62f9acf23f52bf93ef6f1,proven_maximal,maximize_sum_testing_e_values_at_maximum_cardinality,proven_optimal,13475.636116040137,1.4354389205480576,9387.815756657255,0,0,2,,,99;138,0,0,2,0,0,0,0.0,0.0,0.1,0.0,0.0,0.0,0,2,0.18051402299897745,3,3,236,38,2,,method1_proportional_scores_gamma1,unrestricted_maximum_cardinality_then_maximum_testing_evalue_sum,200,0,3,exact_fixed_count_order_statistics,300.0,1,False
499,21bc42a22ad4c4dc69211cfff3375d96367e626699c088d56d4a22a4f2f0d197,proven_maximal,maximize_sum_testing_e_values_at_maximum_cardinality,proven_optimal,19896.70915890254,2.9090025476496373,6839.70152414556,0,0,6,,,67;73;88;103;154;163,0,0,6,0,0,0,0.0,0.0,0.3,0.0,0.0,0.0,0,6,0.4711726470050053,8,6,233,33,6,,method1_proportional_scores_gamma1,unrestricted_maximum_cardinality_then_maximum_testing_evalue_sum,200,0,4,exact_fixed_count_order_statistics,300.0,1,False
500,fc3772126b52bb8796f0c060aef4d2dc5859a68f4bb0159de518091538799ddf,proven_maximal,maximize_sum_testing_e_values_at_maximum_cardinality,proven_optimal,0.0,0.0,56592.07241674989,0,0,0,,,,0,0,0,0,0,0,0.0,0.0,0.0,0.0,0.0,0.0,0,0,0.3671416639990639,5,3,239,38,0,,method1_proportional_scores_gamma1,unrestricted_maximum_cardinality_then_maximum_testing_evalue_sum,200,0,6,exact_fixed_count_order_statistics,300.0,1,False
