replication,problem_sha256,status,secondary_rule,secondary_status,secondary_value,secondary_normalized_value,secondary_normalization,prefix_size,greedy_size,maximal_size,prefix_indices,greedy_indices,maximal_indices,prefix_true,greedy_true,maximal_true,prefix_false,greedy_false,maximal_false,prefix_tpr,greedy_tpr,maximal_tpr,prefix_fdp,greedy_fdp,maximal_fdp,greedy_added,optimizer_added,elapsed_seconds,mip_solves,separation_calls,final_cut_count,initial_singleton_upper_bound,proof_upper_bound,message,method,selection_rule,K,ebh_seed_size,old_exported_prefix_size,separator_backend,separator_time_limit,separator_threads
1,6b1f7be164dbc4585ce66c3f74001119e9c74cd4c1ff868fbd8eef08187a8f9b,proven_maximal,maximize_sum_testing_e_values_at_maximum_cardinality,proven_optimal,0.0,0.0,3489.2111976491824,0,0,0,,,,0,0,0,0,0,0,0.0,0.0,0.0,0.0,0.0,0.0,0,0,3.478770676003478,13,5,576,31,0,,original_uniform_floor_plus_prior_scores,maximum_cardinality_certified_superset_of_eBH_then_maximum_testing_evalue_sum,200,0,0,exact_dyadic_prefix_or_HiGHS_QUBO_MILP,300.0,1
2,c16f0081c9a36573937efdb405ada3dbcf3a56907c33097b8432831e87398276,proven_maximal,maximize_sum_testing_e_values_at_maximum_cardinality,proven_optimal,11145.405267634425,1.6891890948264545,6598.080287026416,3,3,3,29;86;95,29;86;95,29;86;95,3,3,3,0,0,0,0.15,0.15,0.15,0.0,0.0,0.0,0,0,2.5201043950000894,12,7,676,44,3,,original_uniform_floor_plus_prior_scores,maximum_cardinality_certified_superset_of_eBH_then_maximum_testing_evalue_sum,200,3,3,exact_dyadic_prefix_or_HiGHS_QUBO_MILP,300.0,1
3,7cc2a5d95a295d770e8774125c4a046215a96e55815aa30f0ad37ac15e15e3ae,proven_maximal,maximize_sum_testing_e_values_at_maximum_cardinality,proven_optimal,22306.1555084624,1.5850618354314863,14072.73521439005,3,3,3,52;112;120,52;112;120,52;112;120,3,3,3,0,0,0,0.15,0.15,0.15,0.0,0.0,0.0,0,0,4.057555642000807,15,6,625,35,3,,original_uniform_floor_plus_prior_scores,maximum_cardinality_certified_superset_of_eBH_then_maximum_testing_evalue_sum,200,3,3,exact_dyadic_prefix_or_HiGHS_QUBO_MILP,300.0,1
4,bb4f75be1c8691cda22d2a796b992ba213e4f6a36dca5d69184d6d4ae6f482ac,proven_maximal,maximize_sum_testing_e_values_at_maximum_cardinality,proven_optimal,5015.443356190764,2.0183523142125583,2484.919664854197,0,0,4,,,41;78;155;168,0,0,4,0,0,0,0.0,0.0,0.2,0.0,0.0,0.0,0,4,3.1861364869982935,13,8,551,39,4,,original_uniform_floor_plus_prior_scores,maximum_cardinality_certified_superset_of_eBH_then_maximum_testing_evalue_sum,200,0,0,exact_dyadic_prefix_or_HiGHS_QUBO_MILP,300.0,1
5,6ce11d905aa604bb5b039af07c57f90ecfad003b943e997ab9f65cb02aaf1218,proven_maximal,maximize_sum_testing_e_values_at_maximum_cardinality,proven_optimal,13197.15978188951,2.910543199430817,4534.260059933257,6,6,7,25;27;40;54;73;174,25;27;40;54;73;174,10;25;27;40;54;73;174,6,6,7,0,0,0,0.3,0.3,0.35,0.0,0.0,0.0,0,1,2.3019022989974474,9,7,540,39,7,,original_uniform_floor_plus_prior_scores,maximum_cardinality_certified_superset_of_eBH_then_maximum_testing_evalue_sum,200,6,6,exact_dyadic_prefix_or_HiGHS_QUBO_MILP,300.0,1
6,fe9edb0d959a435ad81e839d417eff3a34c4b6c90b8d29270f9ca028692f2c60,proven_maximal,maximize_sum_testing_e_values_at_maximum_cardinality,proven_optimal,0.0,0.0,3943.152434233715,0,0,0,,,,0,0,0,0,0,0,0.0,0.0,0.0,0.0,0.0,0.0,0,0,3.0745365580005455,14,7,590,34,0,,original_uniform_floor_plus_prior_scores,maximum_cardinality_certified_superset_of_eBH_then_maximum_testing_evalue_sum,200,0,0,exact_dyadic_prefix_or_HiGHS_QUBO_MILP,300.0,1
7,614df90a02a9632553ac82c7fc726ea49cf93dc73b01b45860279d81587f8cb2,proven_maximal,maximize_sum_testing_e_values_at_maximum_cardinality,proven_optimal,0.0,0.0,1303.0229908664646,0,0,0,,,,0,0,0,0,0,0,0.0,0.0,0.0,0.0,0.0,0.0,0,0,0.9514111109965597,3,3,300,44,0,,original_uniform_floor_plus_prior_scores,maximum_cardinality_certified_superset_of_eBH_then_maximum_testing_evalue_sum,200,0,0,exact_dyadic_prefix_or_HiGHS_QUBO_MILP,300.0,1
8,469c5241e7aa1cda00ea091d40e4e382349a72c15be69c1cc6883e0ad1b7afc2,proven_maximal,maximize_sum_testing_e_values_at_maximum_cardinality,proven_optimal,24385.36452555391,2.408522580467012,10124.615282131004,4,4,5,29;36;44;103,29;36;44;103,29;36;44;61;103,4,4,5,0,0,0,0.2,0.2,0.25,0.0,0.0,0.0,0,1,2.4500501139991684,11,6,504,38,5,,original_uniform_floor_plus_prior_scores,maximum_cardinality_certified_superset_of_eBH_then_maximum_testing_evalue_sum,200,4,4,exact_dyadic_prefix_or_HiGHS_QUBO_MILP,300.0,1
9,cacfdbab1ab572f6678556f6f57e7c8c8b0c26115873b959bf507a567056944d,proven_maximal,maximize_sum_testing_e_values_at_maximum_cardinality,proven_optimal,0.0,0.0,1455.2570405051388,0,0,0,,,,0,0,0,0,0,0,0.0,0.0,0.0,0.0,0.0,0.0,0,0,0.9015927220025333,3,3,300,35,0,,original_uniform_floor_plus_prior_scores,maximum_cardinality_certified_superset_of_eBH_then_maximum_testing_evalue_sum,200,0,0,exact_dyadic_prefix_or_HiGHS_QUBO_MILP,300.0,1
10,fca53166661cca4648ce1df171e7509828052273b735d705548f72cf2decbdaf,proven_maximal,maximize_sum_testing_e_values_at_maximum_cardinality,proven_optimal,7725.078568970115,1.8793463647629836,4110.513481608471,2,2,2,136;151,136;151,136;151,2,2,2,0,0,0,0.1,0.1,0.1,0.0,0.0,0.0,0,0,3.202397368993843,14,6,622,36,2,,original_uniform_floor_plus_prior_scores,maximum_cardinality_certified_superset_of_eBH_then_maximum_testing_evalue_sum,200,2,2,exact_dyadic_prefix_or_HiGHS_QUBO_MILP,300.0,1
11,5d3c17292f060e0a46dd08e31455e0430db9c52615170768bc33e2889a898530,proven_maximal,maximize_sum_testing_e_values_at_maximum_cardinality,proven_optimal,128110.80876388177,1.01987573029841,125614.13607361482,1,1,3,20,20,12;20;112,1,1,3,0,0,0,0.05,0.05,0.15,0.0,0.0,0.0,0,2,3.875336609999067,18,10,742,33,3,,original_uniform_floor_plus_prior_scores,maximum_cardinality_certified_superset_of_eBH_then_maximum_testing_evalue_sum,200,1,1,exact_dyadic_prefix_or_HiGHS_QUBO_MILP,300.0,1
12,fa970ac79fcb2d0cc0da39c5ad5b9c40acffaa62997efca592a9ac7d3c475992,proven_maximal,maximize_sum_testing_e_values_at_maximum_cardinality,proven_optimal,98872.14885514574,1.2792493520081931,77289.1920562118,2,2,4,4;36,4;36,4;36;99;199,2,2,4,0,0,0,0.1,0.1,0.2,0.0,0.0,0.0,0,2,3.0745656409999356,15,9,747,58,4,,original_uniform_floor_plus_prior_scores,maximum_cardinality_certified_superset_of_eBH_then_maximum_testing_evalue_sum,200,2,2,exact_dyadic_prefix_or_HiGHS_QUBO_MILP,300.0,1
13,7838505fed96f9cffafdd28a20ca21b8725149b0060d7a85a4c9ffa31ae90e5e,proven_maximal,maximize_sum_testing_e_values_at_maximum_cardinality,proven_optimal,24609.203133449755,2.7384326497458282,8986.601564122417,5,5,6,26;34;120;125;159,26;34;120;125;159,26;34;53;120;125;159,5,5,6,0,0,0,0.25,0.25,0.3,0.0,0.0,0.0,0,1,3.3743580320006004,15,8,537,42,6,,original_uniform_floor_plus_prior_scores,maximum_cardinality_certified_superset_of_eBH_then_maximum_testing_evalue_sum,200,5,5,exact_dyadic_prefix_or_HiGHS_QUBO_MILP,300.0,1
14,d65fe8fdd8f9ee4c5f3dc14afeb3737eedf614bc50ebc28fa01a9fcaead90479,proven_maximal,maximize_sum_testing_e_values_at_maximum_cardinality,proven_optimal,40925.172238679705,1.0722862254110024,38166.27619457974,2,2,2,17;82,17;82,17;82,2,2,2,0,0,0,0.1,0.1,0.1,0.0,0.0,0.0,0,0,2.656169809997664,14,7,653,35,2,,original_uniform_floor_plus_prior_scores,maximum_cardinality_certified_superset_of_eBH_then_maximum_testing_evalue_sum,200,2,2,exact_dyadic_prefix_or_HiGHS_QUBO_MILP,300.0,1
15,7e1087264f4ac74479ce7903d8ed4f4cc2b270117b0b8aeaea888441ea5a17a2,proven_maximal,maximize_sum_testing_e_values_at_maximum_cardinality,proven_optimal,0.0,0.0,1304.7287039427565,0,0,0,,,,0,0,0,0,0,0,0.0,0.0,0.0,0.0,0.0,0.0,0,0,2.229192160004459,13,7,522,35,0,,original_uniform_floor_plus_prior_scores,maximum_cardinality_certified_superset_of_eBH_then_maximum_testing_evalue_sum,200,0,0,exact_dyadic_prefix_or_HiGHS_QUBO_MILP,300.0,1
16,0d28878cd718d544a1be14a349a744ecf3ac8977cd19713556d58249c1087fdf,proven_maximal,maximize_sum_testing_e_values_at_maximum_cardinality,proven_optimal,38941.909467901096,1.5132346899789004,25734.21672512945,5,5,6,14;37;43;128;150,14;37;43;128;150,14;37;43;90;128;150,5,5,6,0,0,0,0.25,0.25,0.3,0.0,0.0,0.0,0,1,2.4330268160047126,10,5,409,32,6,,original_uniform_floor_plus_prior_scores,maximum_cardinality_certified_superset_of_eBH_then_maximum_testing_evalue_sum,200,5,5,exact_dyadic_prefix_or_HiGHS_QUBO_MILP,300.0,1
17,787cece07c837897ec7f97a7c2b7371e74d74eacf2fd538514325a0ff099564a,proven_maximal,maximize_sum_testing_e_values_at_maximum_cardinality,proven_optimal,21639.313280290735,1.577920713708669,13713.81533450482,4,4,5,79;96;104;124,79;96;104;124,79;96;104;121;124,4,4,5,0,0,0,0.2,0.2,0.25,0.0,0.0,0.0,0,1,1.6144883000015398,8,6,509,44,5,,original_uniform_floor_plus_prior_scores,maximum_cardinality_certified_superset_of_eBH_then_maximum_testing_evalue_sum,200,4,4,exact_dyadic_prefix_or_HiGHS_QUBO_MILP,300.0,1
18,c357ae7ef43e9fb77473174f139ea2c6417338efebc39311ab06dd36ea527a2b,proven_maximal,maximize_sum_testing_e_values_at_maximum_cardinality,proven_optimal,14090.54538389598,1.4021513603449838,10049.232759314342,1,1,6,148,148,60;79;107;148;162;193,1,1,6,0,0,0,0.05,0.05,0.3,0.0,0.0,0.0,0,5,2.506260212001507,10,9,633,42,6,,original_uniform_floor_plus_prior_scores,maximum_cardinality_certified_superset_of_eBH_then_maximum_testing_evalue_sum,200,1,1,exact_dyadic_prefix_or_HiGHS_QUBO_MILP,300.0,1
19,b918a4be97a95a78df147b467796d3cd647d425d8e5266a0f1e9535b6f82cac3,proven_maximal,maximize_sum_testing_e_values_at_maximum_cardinality,proven_optimal,22165.375814740695,3.387014352459966,6544.222583126089,4,4,5,9;15;32;132,9;15;32;132,9;15;32;126;132,4,4,5,0,0,0,0.2,0.2,0.25,0.0,0.0,0.0,0,1,4.003744902998733,16,8,565,37,5,,original_uniform_floor_plus_prior_scores,maximum_cardinality_certified_superset_of_eBH_then_maximum_testing_evalue_sum,200,4,4,exact_dyadic_prefix_or_HiGHS_QUBO_MILP,300.0,1
20,9ff05f3b2bcaf9f2e3fc6964d1888f799a11cfd819ccd9f3fa21c753e1b25cc5,proven_maximal,maximize_sum_testing_e_values_at_maximum_cardinality,proven_optimal,22990.734735948718,1.673654041395954,13736.85012989465,2,2,3,84;163,84;163,78;84;163,2,2,3,0,0,0,0.1,0.1,0.15,0.0,0.0,0.0,0,1,4.084249378000095,16,7,541,30,3,,original_uniform_floor_plus_prior_scores,maximum_cardinality_certified_superset_of_eBH_then_maximum_testing_evalue_sum,200,2,2,exact_dyadic_prefix_or_HiGHS_QUBO_MILP,300.0,1
21,ca2316e6418eab7c6aec4ad754f3e5a97465b9dfea8d9454406fa98be5a7a742,proven_maximal,maximize_sum_testing_e_values_at_maximum_cardinality,proven_optimal,20461.50166543434,1.428814803733092,14320.611469012065,2,2,2,32;109,32;109,32;109,2,2,2,0,0,0,0.1,0.1,0.1,0.0,0.0,0.0,0,0,3.061547804005386,15,5,522,42,2,,original_uniform_floor_plus_prior_scores,maximum_cardinality_certified_superset_of_eBH_then_maximum_testing_evalue_sum,200,2,2,exact_dyadic_prefix_or_HiGHS_QUBO_MILP,300.0,1
22,b7759f4c46f6ecb0b3e45af8550c127c929a1ea21ec4ce97d4ca1dce759b4c88,proven_maximal,maximize_sum_testing_e_values_at_maximum_cardinality,proven_optimal,18956.641575882615,1.2813072771198468,14794.766184809165,4,4,4,57;89;106;173,57;89;106;173,57;89;106;173,4,4,4,0,0,0,0.2,0.2,0.2,0.0,0.0,0.0,0,0,3.200835512005142,14,5,481,30,4,,original_uniform_floor_plus_prior_scores,maximum_cardinality_certified_superset_of_eBH_then_maximum_testing_evalue_sum,200,4,4,exact_dyadic_prefix_or_HiGHS_QUBO_MILP,300.0,1
23,156bf603d89f0ffdf5d405977d6a64b734a112e7456a1120f85945e7fe2c067b,proven_maximal,maximize_sum_testing_e_values_at_maximum_cardinality,proven_optimal,2040.4032430624864,1.0,2040.4032430624864,0,0,1,,,62,0,0,1,0,0,0,0.0,0.0,0.05,0.0,0.0,0.0,0,1,3.0857555129987304,14,8,714,38,1,,original_uniform_floor_plus_prior_scores,maximum_cardinality_certified_superset_of_eBH_then_maximum_testing_evalue_sum,200,0,0,exact_dyadic_prefix_or_HiGHS_QUBO_MILP,300.0,1
24,fffeb75f9097f499f51e4f5a23daae8190054c213f52fddc2f934a1c9a75a221,proven_maximal,maximize_sum_testing_e_values_at_maximum_cardinality,proven_optimal,87844.25009852488,1.139015327042059,77122.97456668127,3,3,3,71;79;138,71;79;138,71;79;138,3,3,3,0,0,0,0.15,0.15,0.15,0.0,0.0,0.0,0,0,2.484702128000208,11,6,567,34,3,,original_uniform_floor_plus_prior_scores,maximum_cardinality_certified_superset_of_eBH_then_maximum_testing_evalue_sum,200,3,3,exact_dyadic_prefix_or_HiGHS_QUBO_MILP,300.0,1
25,06e3f2a8be1d703065f0cc6205d57af2ce0cd423c1cf3f0b54f3c22d390d6dd7,proven_maximal,maximize_sum_testing_e_values_at_maximum_cardinality,proven_optimal,8226.97795272751,2.3924754009547193,3438.688627454446,6,6,7,1;33;71;107;128;151,1;33;71;107;128;151,1;33;71;107;128;129;151,6,6,7,0,0,0,0.3,0.3,0.35,0.0,0.0,0.0,0,1,3.8705432759961695,15,6,552,42,7,,original_uniform_floor_plus_prior_scores,maximum_cardinality_certified_superset_of_eBH_then_maximum_testing_evalue_sum,200,6,6,exact_dyadic_prefix_or_HiGHS_QUBO_MILP,300.0,1
26,2884cebc7abe172df7c1cbc8233176b8967a64a39e5981ff4fc588b7d46c9294,proven_maximal,maximize_sum_testing_e_values_at_maximum_cardinality,proven_optimal,7220.180276776025,1.0,7220.180276776025,1,1,1,166,166,166,1,1,1,0,0,0,0.05,0.05,0.05,0.0,0.0,0.0,0,0,3.210369301996252,16,7,724,44,1,,original_uniform_floor_plus_prior_scores,maximum_cardinality_certified_superset_of_eBH_then_maximum_testing_evalue_sum,200,1,1,exact_dyadic_prefix_or_HiGHS_QUBO_MILP,300.0,1
27,21c3f20f7c0760cf658323a55bfc6fe2752ef4f716c991421ed031aea853fff7,proven_maximal,maximize_sum_testing_e_values_at_maximum_cardinality,proven_optimal,24120.600989967035,1.2325804856621536,19569.18941241328,4,4,4,4;69;153;185,4;69;153;185,4;69;153;185,4,4,4,0,0,0,0.2,0.2,0.2,0.0,0.0,0.0,0,0,2.9388553320022766,14,4,406,33,4,,original_uniform_floor_plus_prior_scores,maximum_cardinality_certified_superset_of_eBH_then_maximum_testing_evalue_sum,200,4,4,exact_dyadic_prefix_or_HiGHS_QUBO_MILP,300.0,1
28,0d8b737fef03f573c0b9accb07642965d1bac6b4a16dd613a131449e30164ff3,proven_maximal,maximize_sum_testing_e_values_at_maximum_cardinality,proven_optimal,4174.878834862577,1.0760728691632042,3879.736172615451,0,0,2,,,20;197,0,0,2,0,0,0,0.0,0.0,0.1,0.0,0.0,0.0,0,2,4.052623077004682,18,12,963,38,2,,original_uniform_floor_plus_prior_scores,maximum_cardinality_certified_superset_of_eBH_then_maximum_testing_evalue_sum,200,0,0,exact_dyadic_prefix_or_HiGHS_QUBO_MILP,300.0,1
29,d1c34af72c1208859080d2f0021f53061c1071e25637613985aa68a376671978,proven_maximal,maximize_sum_testing_e_values_at_maximum_cardinality,proven_optimal,30069.32335582135,1.3313845044405297,22585.003247019904,5,5,6,12;35;43;75;96,12;35;43;75;96,12;35;43;51;75;96,5,5,6,0,0,0,0.25,0.25,0.3,0.0,0.0,0.0,0,1,3.4789199169972562,17,8,748,44,6,,original_uniform_floor_plus_prior_scores,maximum_cardinality_certified_superset_of_eBH_then_maximum_testing_evalue_sum,200,5,5,exact_dyadic_prefix_or_HiGHS_QUBO_MILP,300.0,1
30,21c4f633e0ff5fed7917c4f8c0a5298bb94ff788dbdfe10a83f64ccaa81eae46,proven_maximal,maximize_sum_testing_e_values_at_maximum_cardinality,proven_optimal,0.0,0.0,3054.5917030126,0,0,0,,,,0,0,0,0,0,0,0.0,0.0,0.0,0.0,0.0,0.0,0,0,2.825270260000252,13,4,405,36,0,,original_uniform_floor_plus_prior_scores,maximum_cardinality_certified_superset_of_eBH_then_maximum_testing_evalue_sum,200,0,0,exact_dyadic_prefix_or_HiGHS_QUBO_MILP,300.0,1
31,64d4a6dfb44ea2fb4a9de2bf18db2e4aef4df0c24d52f4a4d6cdb803c40b783d,proven_maximal,maximize_sum_testing_e_values_at_maximum_cardinality,proven_optimal,19010.51069671118,2.018084397957617,9420.077136491707,3,3,3,129;145;158,129;145;158,129;145;158,3,3,3,0,0,0,0.15,0.15,0.15,0.0,0.0,0.0,0,0,2.7370652800018433,15,8,640,39,3,,original_uniform_floor_plus_prior_scores,maximum_cardinality_certified_superset_of_eBH_then_maximum_testing_evalue_sum,200,3,3,exact_dyadic_prefix_or_HiGHS_QUBO_MILP,300.0,1
32,9ea602ad66ae562bb35c6d74d4c9b10376029ab4ae6565094485db54fb678d53,proven_maximal,maximize_sum_testing_e_values_at_maximum_cardinality,proven_optimal,7727.24824090011,3.5492017354658087,2177.1792129155942,4,4,4,2;8;65;132,2;8;65;132,2;8;65;132,4,4,4,0,0,0,0.2,0.2,0.2,0.0,0.0,0.0,0,0,3.199538949003909,16,7,741,48,4,,original_uniform_floor_plus_prior_scores,maximum_cardinality_certified_superset_of_eBH_then_maximum_testing_evalue_sum,200,4,4,exact_dyadic_prefix_or_HiGHS_QUBO_MILP,300.0,1
33,deda2db03649e5d07d242ad5fb845d3d5316e704d0a4effd9cb61215963c8974,proven_maximal,maximize_sum_testing_e_values_at_maximum_cardinality,proven_optimal,19201.36615649987,1.7815711526524904,10777.77114201245,3,3,3,28;137;186,28;137;186,28;137;186,3,3,3,0,0,0,0.15,0.15,0.15,0.0,0.0,0.0,0,0,2.47558331899927,13,5,522,41,3,,original_uniform_floor_plus_prior_scores,maximum_cardinality_certified_superset_of_eBH_then_maximum_testing_evalue_sum,200,3,3,exact_dyadic_prefix_or_HiGHS_QUBO_MILP,300.0,1
34,06a8bcb6306f6cb7b7e2ec6e7d07841a9b74ac488f241d4b483c7abf412f15ec,proven_maximal,maximize_sum_testing_e_values_at_maximum_cardinality,proven_optimal,61020.059763166595,1.8426845904757345,33114.76097350592,3,3,4,81;82;156,81;82;156,81;82;96;156,3,3,4,0,0,0,0.15,0.15,0.2,0.0,0.0,0.0,0,1,2.4813556090011843,13,8,640,49,4,,original_uniform_floor_plus_prior_scores,maximum_cardinality_certified_superset_of_eBH_then_maximum_testing_evalue_sum,200,3,3,exact_dyadic_prefix_or_HiGHS_QUBO_MILP,300.0,1
35,931f8efe0ce81052254c9692daba9638bd1981b319dddf99a38ebb874f74f6fd,proven_maximal,maximize_sum_testing_e_values_at_maximum_cardinality,proven_optimal,15772.097865018237,1.451634150318291,10865.063942977633,2,2,4,4;119,4;119,4;39;111;119,2,2,4,0,0,0,0.1,0.1,0.2,0.0,0.0,0.0,0,2,3.0874273469962645,15,10,804,40,4,,original_uniform_floor_plus_prior_scores,maximum_cardinality_certified_superset_of_eBH_then_maximum_testing_evalue_sum,200,2,2,exact_dyadic_prefix_or_HiGHS_QUBO_MILP,300.0,1
36,e491567acc71b87503f14a829347281d8ba4a84f1b18ffa39027cb8572c2b20d,proven_maximal,maximize_sum_testing_e_values_at_maximum_cardinality,proven_optimal,10376.657993487497,1.359004983658858,7635.48192851387,2,2,2,10;159,10;159,10;159,2,2,2,0,0,0,0.1,0.1,0.1,0.0,0.0,0.0,0,0,3.6095019040003535,17,8,676,38,2,,original_uniform_floor_plus_prior_scores,maximum_cardinality_certified_superset_of_eBH_then_maximum_testing_evalue_sum,200,2,2,exact_dyadic_prefix_or_HiGHS_QUBO_MILP,300.0,1
37,e70565ebc078e74b8a54ca662c758784482cf6ac8f1bb8aaeb0b14f7249650ed,proven_maximal,maximize_sum_testing_e_values_at_maximum_cardinality,proven_optimal,22551.83636797408,2.7497371247152036,8201.451755250904,4,4,4,12;81;144;181,12;81;144;181,12;81;144;181,4,4,4,0,0,0,0.2,0.2,0.2,0.0,0.0,0.0,0,0,2.218797554000048,10,6,548,39,4,,original_uniform_floor_plus_prior_scores,maximum_cardinality_certified_superset_of_eBH_then_maximum_testing_evalue_sum,200,4,4,exact_dyadic_prefix_or_HiGHS_QUBO_MILP,300.0,1
38,024e67370f56c7fe925641d91971daa4ab79e928658b46a18f20a339aa5ec0f4,proven_maximal,maximize_sum_testing_e_values_at_maximum_cardinality,proven_optimal,55122.46170127397,1.052568882867504,52369.45780793399,1,1,5,176,176,20;53;77;81;176,1,1,5,0,0,0,0.05,0.05,0.25,0.0,0.0,0.0,0,4,3.609033118998923,14,8,545,36,5,,original_uniform_floor_plus_prior_scores,maximum_cardinality_certified_superset_of_eBH_then_maximum_testing_evalue_sum,200,1,1,exact_dyadic_prefix_or_HiGHS_QUBO_MILP,300.0,1
39,900abe7e18e2727664c99dc61d3654863db79050c4658518a12881ea7cba6b7d,proven_maximal,maximize_sum_testing_e_values_at_maximum_cardinality,proven_optimal,15129.540688260146,1.9693918751148827,7682.341376257367,3,3,3,125;190;198,125;190;198,125;190;198,3,3,3,0,0,0,0.15,0.15,0.15,0.0,0.0,0.0,0,0,2.9036928719942807,11,5,533,45,3,,original_uniform_floor_plus_prior_scores,maximum_cardinality_certified_superset_of_eBH_then_maximum_testing_evalue_sum,200,3,3,exact_dyadic_prefix_or_HiGHS_QUBO_MILP,300.0,1
40,de388c271a7ed1a9c673fa50ceb78814b65a52cfbbe89b308db13762401dcded,proven_maximal,maximize_sum_testing_e_values_at_maximum_cardinality,proven_optimal,8301.042804156192,1.0,8301.042804156192,1,1,1,93,93,93,1,1,1,0,0,0,0.05,0.05,0.05,0.0,0.0,0.0,0,0,3.3009318949989392,13,5,600,44,1,,original_uniform_floor_plus_prior_scores,maximum_cardinality_certified_superset_of_eBH_then_maximum_testing_evalue_sum,200,1,1,exact_dyadic_prefix_or_HiGHS_QUBO_MILP,300.0,1
41,8c87c31cd0045092bfb37b04d1744eecdbb5f98a5a954bb8c297278c7c6fa68e,proven_maximal,maximize_sum_testing_e_values_at_maximum_cardinality,proven_optimal,301431.22715686186,1.0559558888929803,285458.16196249414,6,6,6,26;52;59;74;98;132,26;52;59;74;98;132,26;52;59;74;98;132,6,6,6,0,0,0,0.3,0.3,0.3,0.0,0.0,0.0,0,0,4.2538271410012385,16,7,617,34,6,,original_uniform_floor_plus_prior_scores,maximum_cardinality_certified_superset_of_eBH_then_maximum_testing_evalue_sum,200,6,6,exact_dyadic_prefix_or_HiGHS_QUBO_MILP,300.0,1
42,c02feeb50696d7883e5272fc5b93a868870cc8b2a5bbaf8752af5be6bb047c65,proven_maximal,maximize_sum_testing_e_values_at_maximum_cardinality,proven_optimal,5856.987158764781,1.4024957524093211,4176.117573763181,1,1,2,136,136,68;136,1,1,2,0,0,0,0.05,0.05,0.1,0.0,0.0,0.0,0,1,3.6040997419986525,13,7,521,35,2,,original_uniform_floor_plus_prior_scores,maximum_cardinality_certified_superset_of_eBH_then_maximum_testing_evalue_sum,200,1,1,exact_dyadic_prefix_or_HiGHS_QUBO_MILP,300.0,1
43,291df7d4594cbf509b6d7f8f8c8ca9da0eeffae9f9d2d128395f2e1f8af84b79,proven_maximal,maximize_sum_testing_e_values_at_maximum_cardinality,proven_optimal,13678.660838647891,1.72891175895874,7911.717164146102,4,4,4,32;75;84;113,32;75;84;113,32;75;84;113,4,4,4,0,0,0,0.2,0.2,0.2,0.0,0.0,0.0,0,0,2.8861280109995278,11,6,565,42,4,,original_uniform_floor_plus_prior_scores,maximum_cardinality_certified_superset_of_eBH_then_maximum_testing_evalue_sum,200,4,4,exact_dyadic_prefix_or_HiGHS_QUBO_MILP,300.0,1
44,a5eca82abc3c799eee86a988219be8f0019c1de4fee11187f27ffebded1aa19b,proven_maximal,maximize_sum_testing_e_values_at_maximum_cardinality,proven_optimal,18139.024616668692,2.336639295130189,7762.868943645857,6,6,7,23;48;94;109;154;191,23;48;94;109;154;191,23;48;94;109;122;154;191,6,6,7,0,0,0,0.3,0.3,0.35,0.0,0.0,0.0,0,1,4.3918454380036565,18,9,555,39,7,,original_uniform_floor_plus_prior_scores,maximum_cardinality_certified_superset_of_eBH_then_maximum_testing_evalue_sum,200,6,6,exact_dyadic_prefix_or_HiGHS_QUBO_MILP,300.0,1
45,f199a5e58b336aad9b70269b5a74aa9a31215b87c24ea691b5fa3d10c1ea76f2,proven_maximal,maximize_sum_testing_e_values_at_maximum_cardinality,proven_optimal,7809.061959625209,2.58467830172018,3021.289711152079,3,3,3,54;56;130,54;56;130,54;56;130,3,3,3,0,0,0,0.15,0.15,0.15,0.0,0.0,0.0,0,0,2.7359374910010956,14,6,619,40,3,,original_uniform_floor_plus_prior_scores,maximum_cardinality_certified_superset_of_eBH_then_maximum_testing_evalue_sum,200,3,3,exact_dyadic_prefix_or_HiGHS_QUBO_MILP,300.0,1
46,002f73cadcc93e341ac8a5927ff6df0c86107e1010cb1eec306fb1e3562ea3d7,proven_maximal,maximize_sum_testing_e_values_at_maximum_cardinality,proven_optimal,0.0,0.0,1289.30034573603,0,0,0,,,,0,0,0,0,0,0,0.0,0.0,0.0,0.0,0.0,0.0,0,0,2.2465877950016875,13,6,576,35,0,,original_uniform_floor_plus_prior_scores,maximum_cardinality_certified_superset_of_eBH_then_maximum_testing_evalue_sum,200,0,0,exact_dyadic_prefix_or_HiGHS_QUBO_MILP,300.0,1
47,60d9e65352f2873e6b4798c950035fc8076e37ab1222c8a998d822e25374cc0b,proven_maximal,maximize_sum_testing_e_values_at_maximum_cardinality,proven_optimal,17205.95328741513,1.8151741934911576,9478.954333480582,7,7,8,61;102;115;128;158;168;182,61;102;115;128;158;168;182,61;102;115;128;134;158;168;182,6,6,7,1,1,1,0.3,0.3,0.35,0.14285714285714285,0.14285714285714285,0.125,0,1,2.676174218999222,11,7,658,48,8,,original_uniform_floor_plus_prior_scores,maximum_cardinality_certified_superset_of_eBH_then_maximum_testing_evalue_sum,200,7,7,exact_dyadic_prefix_or_HiGHS_QUBO_MILP,300.0,1
48,272b76aac5d0c3931815a4e12a6fb3a2708feb722db70690a4d4f90904ac90d8,proven_maximal,maximize_sum_testing_e_values_at_maximum_cardinality,proven_optimal,3674.50309588561,3.747835658955325,980.43335681102,0,0,6,,,14;15;43;48;147;191,0,0,6,0,0,0,0.0,0.0,0.3,0.0,0.0,0.0,0,6,2.1981211719976272,10,9,732,38,6,,original_uniform_floor_plus_prior_scores,maximum_cardinality_certified_superset_of_eBH_then_maximum_testing_evalue_sum,200,0,0,exact_dyadic_prefix_or_HiGHS_QUBO_MILP,300.0,1
49,ecbafd6d2f38158ea69b64369c8d85693ef8a43e60aa708f9c0e37b49b1115a1,proven_maximal,maximize_sum_testing_e_values_at_maximum_cardinality,proven_optimal,11298.179584871881,2.179306577540742,5184.300227103161,4,4,5,111;119;130;131,111;119;130;131,34;111;119;130;131,4,4,5,0,0,0,0.2,0.2,0.25,0.0,0.0,0.0,0,1,5.507232366995595,23,14,1204,49,5,,original_uniform_floor_plus_prior_scores,maximum_cardinality_certified_superset_of_eBH_then_maximum_testing_evalue_sum,200,4,4,exact_dyadic_prefix_or_HiGHS_QUBO_MILP,300.0,1
50,6bb233f758c803b0795a583b29e7b711f88d01725953c9253d063154a033c9f0,proven_maximal,maximize_sum_testing_e_values_at_maximum_cardinality,proven_optimal,0.0,0.0,2897.1019654830657,0,0,0,,,,0,0,0,0,0,0,0.0,0.0,0.0,0.0,0.0,0.0,0,0,3.2092834869981743,17,9,817,42,0,,original_uniform_floor_plus_prior_scores,maximum_cardinality_certified_superset_of_eBH_then_maximum_testing_evalue_sum,200,0,0,exact_dyadic_prefix_or_HiGHS_QUBO_MILP,300.0,1
51,766c2e96186c607f53c5f5bf9b52e7146fdce0208058bd17647b60cc3c9a02f8,proven_maximal,maximize_sum_testing_e_values_at_maximum_cardinality,proven_optimal,13320.459167034005,1.6987630065131647,7841.269862813426,2,2,2,43;46,43;46,43;46,2,2,2,0,0,0,0.1,0.1,0.1,0.0,0.0,0.0,0,0,3.1265352650007117,17,10,858,45,2,,original_uniform_floor_plus_prior_scores,maximum_cardinality_certified_superset_of_eBH_then_maximum_testing_evalue_sum,200,2,2,exact_dyadic_prefix_or_HiGHS_QUBO_MILP,300.0,1
52,1389927d81e176a5968cdb9958ac30aaa0de422fdf6e647ef71f4002bc52d6d1,proven_maximal,maximize_sum_testing_e_values_at_maximum_cardinality,proven_optimal,0.0,0.0,394.1939478776024,0,0,0,,,,0,0,0,0,0,0,0.0,0.0,0.0,0.0,0.0,0.0,0,0,0.7710661829987657,3,3,300,46,0,,original_uniform_floor_plus_prior_scores,maximum_cardinality_certified_superset_of_eBH_then_maximum_testing_evalue_sum,200,0,0,exact_dyadic_prefix_or_HiGHS_QUBO_MILP,300.0,1
53,88d8255e5612b345a0368d6561260e3f6f9a93eb8d1bbd006c32b6e2e942742f,proven_maximal,maximize_sum_testing_e_values_at_maximum_cardinality,proven_optimal,24803.00042442807,2.2523185214041663,11012.208170700964,5,5,5,0;4;17;29;152,0;4;17;29;152,0;4;17;29;152,5,5,5,0,0,0,0.25,0.25,0.25,0.0,0.0,0.0,0,0,2.1222066600021208,11,7,695,41,5,,original_uniform_floor_plus_prior_scores,maximum_cardinality_certified_superset_of_eBH_then_maximum_testing_evalue_sum,200,5,5,exact_dyadic_prefix_or_HiGHS_QUBO_MILP,300.0,1
54,db47d780424fff4be4454b2c61771bc72b08e7a6fd8db55cbfef1fe7a1d1200c,proven_maximal,maximize_sum_testing_e_values_at_maximum_cardinality,proven_optimal,184531.43957148667,2.0945451887353026,88100.95889261177,6,6,9,32;38;79;90;99;136,32;38;79;90;99;136,32;38;79;90;99;136;144;162;195,6,6,9,0,0,0,0.3,0.3,0.45,0.0,0.0,0.0,0,3,2.7981703460027347,12,8,620,45,9,,original_uniform_floor_plus_prior_scores,maximum_cardinality_certified_superset_of_eBH_then_maximum_testing_evalue_sum,200,6,6,exact_dyadic_prefix_or_HiGHS_QUBO_MILP,300.0,1
55,b798e6e212dfd664eb4d287d86307d4c0243ce8cf32ab0a5172688e501005fa9,proven_maximal,maximize_sum_testing_e_values_at_maximum_cardinality,proven_optimal,22043.830212955152,1.9319168299206246,11410.341207007785,3,3,5,40;99;159,40;99;159,40;99;109;159;194,3,3,5,0,0,0,0.15,0.15,0.25,0.0,0.0,0.0,0,2,3.740222090993484,15,8,680,37,5,,original_uniform_floor_plus_prior_scores,maximum_cardinality_certified_superset_of_eBH_then_maximum_testing_evalue_sum,200,3,3,exact_dyadic_prefix_or_HiGHS_QUBO_MILP,300.0,1
56,fbe6872bc586361278e1e051a8d092beab7c781d6ad103407c97a1cd5a1fad3f,proven_maximal,maximize_sum_testing_e_values_at_maximum_cardinality,proven_optimal,16096.642989515327,2.9274005842606354,5498.613027564455,5,5,5,27;68;93;115;144,27;68;93;115;144,27;68;93;115;144,5,5,5,0,0,0,0.25,0.25,0.25,0.0,0.0,0.0,0,0,4.590751062998606,16,6,537,37,5,,original_uniform_floor_plus_prior_scores,maximum_cardinality_certified_superset_of_eBH_then_maximum_testing_evalue_sum,200,5,5,exact_dyadic_prefix_or_HiGHS_QUBO_MILP,300.0,1
57,73be28ca91a7f707e2bdfcc32dad4d7003478e184e359f25e3ab548d5f7d4176,proven_maximal,maximize_sum_testing_e_values_at_maximum_cardinality,proven_optimal,0.0,0.0,1338.1359228048602,0,0,0,,,,0,0,0,0,0,0,0.0,0.0,0.0,0.0,0.0,0.0,0,0,3.858078438999655,14,6,602,40,0,,original_uniform_floor_plus_prior_scores,maximum_cardinality_certified_superset_of_eBH_then_maximum_testing_evalue_sum,200,0,0,exact_dyadic_prefix_or_HiGHS_QUBO_MILP,300.0,1
58,7801adaa422a96d213f359fc210a78a13421848c8f0481e449fc8f21c2a9032f,proven_maximal,maximize_sum_testing_e_values_at_maximum_cardinality,proven_optimal,37658.896953523494,1.1336408454734912,33219.42492094521,3,3,3,109;126;131,109;126;131,109;126;131,3,3,3,0,0,0,0.15,0.15,0.15,0.0,0.0,0.0,0,0,4.002007847004279,16,7,642,48,3,,original_uniform_floor_plus_prior_scores,maximum_cardinality_certified_superset_of_eBH_then_maximum_testing_evalue_sum,200,3,3,exact_dyadic_prefix_or_HiGHS_QUBO_MILP,300.0,1
59,313354794a35b942bcbfb934c73c7c30f33c4a6301504399d2c17e9c80ad2ccf,proven_maximal,maximize_sum_testing_e_values_at_maximum_cardinality,proven_optimal,32073.161490888917,1.3630274091183796,23530.82650893585,3,3,4,145;157;174,145;157;174,122;145;157;174,3,3,4,0,0,0,0.15,0.15,0.2,0.0,0.0,0.0,0,1,4.337676772003761,16,9,668,41,4,,original_uniform_floor_plus_prior_scores,maximum_cardinality_certified_superset_of_eBH_then_maximum_testing_evalue_sum,200,3,3,exact_dyadic_prefix_or_HiGHS_QUBO_MILP,300.0,1
60,c8766e1530052f74910e615bbb76ef1e7f1c4f8b7aa78ffdb2282d69bbebf24a,proven_maximal,maximize_sum_testing_e_values_at_maximum_cardinality,proven_optimal,0.0,0.0,2034.9672037063417,0,0,0,,,,0,0,0,0,0,0,0.0,0.0,0.0,0.0,0.0,0.0,0,0,2.711882034003793,12,7,705,41,0,,original_uniform_floor_plus_prior_scores,maximum_cardinality_certified_superset_of_eBH_then_maximum_testing_evalue_sum,200,0,0,exact_dyadic_prefix_or_HiGHS_QUBO_MILP,300.0,1
61,c79a9660c17d046928aa72d748b8299af5af4f4988759e3d77d04de0f403a0a6,proven_maximal,maximize_sum_testing_e_values_at_maximum_cardinality,proven_optimal,35342.76473261122,1.0,35342.76473261122,1,1,1,38,38,38,1,1,1,0,0,0,0.05,0.05,0.05,0.0,0.0,0.0,0,0,2.968907444999786,13,10,807,50,1,,original_uniform_floor_plus_prior_scores,maximum_cardinality_certified_superset_of_eBH_then_maximum_testing_evalue_sum,200,1,1,exact_dyadic_prefix_or_HiGHS_QUBO_MILP,300.0,1
62,dd8a06152e4af54157d79db2fde8655f1b89bb783a249ab68af0afc8c180173e,proven_maximal,maximize_sum_testing_e_values_at_maximum_cardinality,proven_optimal,24495.8783128145,2.207722496021277,11095.542287112892,7,7,8,32;83;87;132;138;151;172,32;83;87;132;138;151;172,32;48;83;87;132;138;151;172,7,7,8,0,0,0,0.35,0.35,0.4,0.0,0.0,0.0,0,1,4.243379555002321,15,9,745,42,8,,original_uniform_floor_plus_prior_scores,maximum_cardinality_certified_superset_of_eBH_then_maximum_testing_evalue_sum,200,7,7,exact_dyadic_prefix_or_HiGHS_QUBO_MILP,300.0,1
63,6d9ed655887e63ab825cf9021870e1e77a549a2b8ffafed28f4ff6077cc55e99,proven_maximal,maximize_sum_testing_e_values_at_maximum_cardinality,proven_optimal,17055.12527826738,3.868668928054253,4408.52541156714,7,7,8,14;19;41;79;147;148;176,14;19;41;79;147;148;176,14;19;41;79;116;147;148;176,7,7,8,0,0,0,0.35,0.35,0.4,0.0,0.0,0.0,0,1,4.826861348999955,20,12,721,45,8,,original_uniform_floor_plus_prior_scores,maximum_cardinality_certified_superset_of_eBH_then_maximum_testing_evalue_sum,200,7,7,exact_dyadic_prefix_or_HiGHS_QUBO_MILP,300.0,1
64,fd45f1592df4b16bc3307c27efac8ccc809a69d31f01d8e79662ad721d3d70c9,proven_maximal,maximize_sum_testing_e_values_at_maximum_cardinality,proven_optimal,0.0,0.0,1300.313613522335,0,0,0,,,,0,0,0,0,0,0,0.0,0.0,0.0,0.0,0.0,0.0,0,0,3.571794007002609,17,8,529,42,0,,original_uniform_floor_plus_prior_scores,maximum_cardinality_certified_superset_of_eBH_then_maximum_testing_evalue_sum,200,0,0,exact_dyadic_prefix_or_HiGHS_QUBO_MILP,300.0,1
65,a48a4330c63ce3f5f20887e2defde638b516b77f1b29eb6ce3d6c22927f4b15a,proven_maximal,maximize_sum_testing_e_values_at_maximum_cardinality,proven_optimal,11473.833888291609,2.1353397863571897,5373.305907377647,3,3,3,154;163;195,154;163;195,154;163;195,3,3,3,0,0,0,0.15,0.15,0.15,0.0,0.0,0.0,0,0,2.182652349001728,10,6,693,47,3,,original_uniform_floor_plus_prior_scores,maximum_cardinality_certified_superset_of_eBH_then_maximum_testing_evalue_sum,200,3,3,exact_dyadic_prefix_or_HiGHS_QUBO_MILP,300.0,1
66,cbe102d2672dcb21388fe4a5660cf3cc89c3df776be79c8cc6ec0f412e923d91,proven_maximal,maximize_sum_testing_e_values_at_maximum_cardinality,proven_optimal,6447.8498293732255,2.625434126141368,2455.917581466692,3,3,4,108;128;141,108;128;141,108;124;128;141,3,3,4,0,0,0,0.15,0.15,0.2,0.0,0.0,0.0,0,1,4.119792017998407,19,11,858,40,4,,original_uniform_floor_plus_prior_scores,maximum_cardinality_certified_superset_of_eBH_then_maximum_testing_evalue_sum,200,3,3,exact_dyadic_prefix_or_HiGHS_QUBO_MILP,300.0,1
67,1a6ac7efaf570968fe73f5fc09894bdac2f747f04c0544da3aced7d56cf08bd4,proven_maximal,maximize_sum_testing_e_values_at_maximum_cardinality,proven_optimal,5188.719060146578,1.0,5188.719060146578,1,1,1,111,111,111,1,1,1,0,0,0,0.05,0.05,0.05,0.0,0.0,0.0,0,0,3.3610291830045753,16,6,603,53,1,,original_uniform_floor_plus_prior_scores,maximum_cardinality_certified_superset_of_eBH_then_maximum_testing_evalue_sum,200,1,1,exact_dyadic_prefix_or_HiGHS_QUBO_MILP,300.0,1
68,1146540ff7217114373fbb64fc2edda460c32778e3db8694bac9ac85349e5add,proven_maximal,maximize_sum_testing_e_values_at_maximum_cardinality,proven_optimal,0.0,0.0,2919.6681211457444,0,0,0,,,,0,0,0,0,0,0,0.0,0.0,0.0,0.0,0.0,0.0,0,0,5.293346815000405,20,10,1008,53,0,,original_uniform_floor_plus_prior_scores,maximum_cardinality_certified_superset_of_eBH_then_maximum_testing_evalue_sum,200,0,0,exact_dyadic_prefix_or_HiGHS_QUBO_MILP,300.0,1
69,5f6bab60ec231da37312d6e65df987389d516e426c2a6544be065744787d71c5,proven_maximal,maximize_sum_testing_e_values_at_maximum_cardinality,proven_optimal,21081.319227037147,1.5829360673664332,13317.85892156126,4,4,4,46;115;139;148,46;115;139;148,46;115;139;148,4,4,4,0,0,0,0.2,0.2,0.2,0.0,0.0,0.0,0,0,3.0721924909958034,12,9,732,39,4,,original_uniform_floor_plus_prior_scores,maximum_cardinality_certified_superset_of_eBH_then_maximum_testing_evalue_sum,200,4,4,exact_dyadic_prefix_or_HiGHS_QUBO_MILP,300.0,1
70,046c0d512114dfae210041024d6d30ac235d258c9c07fd1a32513d76f2c1dfa2,proven_maximal,maximize_sum_testing_e_values_at_maximum_cardinality,proven_optimal,30736.608585199403,1.3284154763462341,23137.79772405204,4,4,4,45;143;150;154,45;143;150;154,45;143;150;154,4,4,4,0,0,0,0.2,0.2,0.2,0.0,0.0,0.0,0,0,5.514617245004047,20,12,764,41,4,,original_uniform_floor_plus_prior_scores,maximum_cardinality_certified_superset_of_eBH_then_maximum_testing_evalue_sum,200,4,4,exact_dyadic_prefix_or_HiGHS_QUBO_MILP,300.0,1
71,b73bc5a1dc5b343e0ead3582d4a8d81d868d1eaef2af0adcaff6e286954ea551,proven_maximal,maximize_sum_testing_e_values_at_maximum_cardinality,proven_optimal,52715.4095815003,1.4385722464776205,36644.25593540768,5,5,5,16;36;70;138;176,16;36;70;138;176,16;36;70;138;176,5,5,5,0,0,0,0.25,0.25,0.25,0.0,0.0,0.0,0,0,3.4205525449942797,13,7,723,38,5,,original_uniform_floor_plus_prior_scores,maximum_cardinality_certified_superset_of_eBH_then_maximum_testing_evalue_sum,200,5,5,exact_dyadic_prefix_or_HiGHS_QUBO_MILP,300.0,1
72,3540bc0dd4d04f2818ea34aa1a0966847e8e211c00dc7984c8da2bc8d294dbc1,proven_maximal,maximize_sum_testing_e_values_at_maximum_cardinality,proven_optimal,0.0,0.0,1020.5241602491516,0,0,0,,,,0,0,0,0,0,0,0.0,0.0,0.0,0.0,0.0,0.0,0,0,1.1514634969935287,3,3,300,43,0,,original_uniform_floor_plus_prior_scores,maximum_cardinality_certified_superset_of_eBH_then_maximum_testing_evalue_sum,200,0,0,exact_dyadic_prefix_or_HiGHS_QUBO_MILP,300.0,1
73,af52a05a4324a4504269fdb37888ec979a978e12784b1dc8820d5be1fc3a8399,proven_maximal,maximize_sum_testing_e_values_at_maximum_cardinality,proven_optimal,8116.47214654362,1.6951467543342373,4788.064588385054,2,2,2,13;142,13;142,13;142,2,2,2,0,0,0,0.1,0.1,0.1,0.0,0.0,0.0,0,0,3.7620647419971647,16,6,616,41,2,,original_uniform_floor_plus_prior_scores,maximum_cardinality_certified_superset_of_eBH_then_maximum_testing_evalue_sum,200,2,2,exact_dyadic_prefix_or_HiGHS_QUBO_MILP,300.0,1
74,09cbfee2ebd8ec2ee02d40f18ab0a7e7b126c7ce0604456068ac22f07b5d7378,proven_maximal,maximize_sum_testing_e_values_at_maximum_cardinality,proven_optimal,6453.300386376943,1.8724975652455202,3446.35982772602,2,2,2,136;155,136;155,136;155,2,2,2,0,0,0,0.1,0.1,0.1,0.0,0.0,0.0,0,0,4.457556827001099,18,9,839,45,2,,original_uniform_floor_plus_prior_scores,maximum_cardinality_certified_superset_of_eBH_then_maximum_testing_evalue_sum,200,2,2,exact_dyadic_prefix_or_HiGHS_QUBO_MILP,300.0,1
75,d7db91305996877fbf90b23f1513ad60ba54401e2d868e3cca14d7b826521604,proven_maximal,maximize_sum_testing_e_values_at_maximum_cardinality,proven_optimal,8386.703469734206,1.0492882977381937,7992.754219991082,1,1,2,189,189,140;189,1,1,2,0,0,0,0.05,0.05,0.1,0.0,0.0,0.0,0,1,2.811135875999753,13,8,620,41,2,,original_uniform_floor_plus_prior_scores,maximum_cardinality_certified_superset_of_eBH_then_maximum_testing_evalue_sum,200,1,1,exact_dyadic_prefix_or_HiGHS_QUBO_MILP,300.0,1
76,d51e0e4a2029b6d1e57f8237002a8f6658d134e2115f8a883b13cc11af26a0c0,proven_maximal,maximize_sum_testing_e_values_at_maximum_cardinality,proven_optimal,31369.854610990562,1.734428008347613,18086.57059273194,4,4,8,31;73;87;108,31;73;87;108,4;31;33;73;87;104;108;131,4,4,8,0,0,0,0.2,0.2,0.4,0.0,0.0,0.0,0,4,2.6137733350042254,11,8,636,29,8,,original_uniform_floor_plus_prior_scores,maximum_cardinality_certified_superset_of_eBH_then_maximum_testing_evalue_sum,200,4,4,exact_dyadic_prefix_or_HiGHS_QUBO_MILP,300.0,1
77,ebc51b3524814084635c6a2b07dd088aa8bdca3cd3b3e0c0d33e1cfcdb90c403,proven_maximal,maximize_sum_testing_e_values_at_maximum_cardinality,proven_optimal,8964.675872183494,2.2639139479098267,3959.812995745792,3,3,3,32;163;188,32;163;188,32;163;188,3,3,3,0,0,0,0.15,0.15,0.15,0.0,0.0,0.0,0,0,1.6131136969997897,9,6,558,49,3,,original_uniform_floor_plus_prior_scores,maximum_cardinality_certified_superset_of_eBH_then_maximum_testing_evalue_sum,200,3,3,exact_dyadic_prefix_or_HiGHS_QUBO_MILP,300.0,1
78,aae5d3195350e95e17f23ef75abfddb3f7dfec338273fe0f4b7c4bde30cd5656,proven_maximal,maximize_sum_testing_e_values_at_maximum_cardinality,proven_optimal,73273.37432460938,1.4400911266451546,50881.067849718296,7,7,8,16;18;58;103;126;164;182,16;18;58;103;126;164;182,16;18;58;67;103;126;164;182,7,7,8,0,0,0,0.35,0.35,0.4,0.0,0.0,0.0,0,1,3.4536927070003003,13,8,615,37,8,,original_uniform_floor_plus_prior_scores,maximum_cardinality_certified_superset_of_eBH_then_maximum_testing_evalue_sum,200,7,7,exact_dyadic_prefix_or_HiGHS_QUBO_MILP,300.0,1
79,aa202e26b31351137ee7bae8610488bb318916b009fe374adb375f126783ae67,proven_maximal,maximize_sum_testing_e_values_at_maximum_cardinality,proven_optimal,8894.622470269074,1.8601884914462645,4781.570529636842,4,4,4,11;36;113;181,11;36;113;181,11;36;113;181,3,3,3,1,1,1,0.15,0.15,0.15,0.25,0.25,0.25,0,0,4.444636158994399,16,8,685,37,4,,original_uniform_floor_plus_prior_scores,maximum_cardinality_certified_superset_of_eBH_then_maximum_testing_evalue_sum,200,4,4,exact_dyadic_prefix_or_HiGHS_QUBO_MILP,300.0,1
80,1e3aca3ef65ad2ec7edf5a6e74f3344b9733d4758e1cd801f07512969cf7f986,proven_maximal,maximize_sum_testing_e_values_at_maximum_cardinality,proven_optimal,6154.65583116284,1.8686097539432533,3293.708500758338,0,0,3,,,18;53;163,0,0,3,0,0,0,0.0,0.0,0.15,0.0,0.0,0.0,0,3,4.584663528999954,15,8,554,33,3,,original_uniform_floor_plus_prior_scores,maximum_cardinality_certified_superset_of_eBH_then_maximum_testing_evalue_sum,200,0,0,exact_dyadic_prefix_or_HiGHS_QUBO_MILP,300.0,1
81,1f3b294015a29cc6b7e64962f266f21201484f2b44a5b4e74d92bdf291547793,proven_maximal,maximize_sum_testing_e_values_at_maximum_cardinality,proven_optimal,32611.333819229938,3.100203619675099,10519.09416925576,6,6,8,77;131;138;144;149;163,77;131;138;144;149;163,17;77;131;138;144;149;163;179,6,6,8,0,0,0,0.3,0.3,0.4,0.0,0.0,0.0,0,2,3.855192088005424,12,7,547,40,8,,original_uniform_floor_plus_prior_scores,maximum_cardinality_certified_superset_of_eBH_then_maximum_testing_evalue_sum,200,6,6,exact_dyadic_prefix_or_HiGHS_QUBO_MILP,300.0,1
82,e499ae8afef54da36841c5f5a9d52934f97b7c7c8b2e5c2394791b05f35e476b,proven_maximal,maximize_sum_testing_e_values_at_maximum_cardinality,proven_optimal,0.0,0.0,444.7724065957037,0,0,0,,,,0,0,0,0,0,0,0.0,0.0,0.0,0.0,0.0,0.0,0,0,0.9850258599981316,3,3,300,31,0,,original_uniform_floor_plus_prior_scores,maximum_cardinality_certified_superset_of_eBH_then_maximum_testing_evalue_sum,200,0,0,exact_dyadic_prefix_or_HiGHS_QUBO_MILP,300.0,1
83,264851c256c09c2536f0b1ac882db43826a509f7634203fac0fe497d2684dfa0,proven_maximal,maximize_sum_testing_e_values_at_maximum_cardinality,proven_optimal,19803.70812009561,1.9579686466171564,10114.415342815164,5,5,5,79;124;134;158;173,79;124;134;158;173,79;124;134;158;173,5,5,5,0,0,0,0.25,0.25,0.25,0.0,0.0,0.0,0,0,1.9686319210013608,9,7,603,35,5,,original_uniform_floor_plus_prior_scores,maximum_cardinality_certified_superset_of_eBH_then_maximum_testing_evalue_sum,200,5,5,exact_dyadic_prefix_or_HiGHS_QUBO_MILP,300.0,1
84,e4e3cd6e18dc8effac93539972acfd3c7b6ab90830441c38566512798158f0b6,proven_maximal,maximize_sum_testing_e_values_at_maximum_cardinality,proven_optimal,6559.4878914743285,2.0512819771527973,3197.7504626540776,0,0,5,,,17;42;107;111;130,0,0,5,0,0,0,0.0,0.0,0.25,0.0,0.0,0.0,0,5,2.5504930800016155,9,7,586,32,5,,original_uniform_floor_plus_prior_scores,maximum_cardinality_certified_superset_of_eBH_then_maximum_testing_evalue_sum,200,0,0,exact_dyadic_prefix_or_HiGHS_QUBO_MILP,300.0,1
85,b7e743e69161317249e3085dacbe8fde718bc9174d1bf902a941c417561f71d9,proven_maximal,maximize_sum_testing_e_values_at_maximum_cardinality,proven_optimal,0.0,0.0,3409.834264133847,0,0,0,,,,0,0,0,0,0,0,0.0,0.0,0.0,0.0,0.0,0.0,0,0,4.318762696006161,16,10,796,43,0,,original_uniform_floor_plus_prior_scores,maximum_cardinality_certified_superset_of_eBH_then_maximum_testing_evalue_sum,200,0,0,exact_dyadic_prefix_or_HiGHS_QUBO_MILP,300.0,1
86,fa4b3c29b4bff357687670d8df13bad5704eeb421d065769afad0b9e1f91416e,proven_maximal,maximize_sum_testing_e_values_at_maximum_cardinality,proven_optimal,607694.2269005268,1.0110409075281226,601058.001091438,3,3,5,2;50;182,2;50;182,2;50;55;75;182,3,3,5,0,0,0,0.15,0.15,0.25,0.0,0.0,0.0,0,2,4.075463351997314,14,6,521,31,5,,original_uniform_floor_plus_prior_scores,maximum_cardinality_certified_superset_of_eBH_then_maximum_testing_evalue_sum,200,3,3,exact_dyadic_prefix_or_HiGHS_QUBO_MILP,300.0,1
87,c3215c13fa90c7d2731e77f005eb3a8f1e9c5efc312c9bb48130962477b99ea6,proven_maximal,maximize_sum_testing_e_values_at_maximum_cardinality,proven_optimal,6461.866022346628,3.067776042670946,2106.368239553964,5,5,5,27;57;85;120;144,27;57;85;120;144,27;57;85;120;144,5,5,5,0,0,0,0.25,0.25,0.25,0.0,0.0,0.0,0,0,2.8052294310036814,10,6,535,45,5,,original_uniform_floor_plus_prior_scores,maximum_cardinality_certified_superset_of_eBH_then_maximum_testing_evalue_sum,200,5,5,exact_dyadic_prefix_or_HiGHS_QUBO_MILP,300.0,1
88,d94d356f451ea631975b4758726d394e22d8f5d35605684866c5ada094377c96,proven_maximal,maximize_sum_testing_e_values_at_maximum_cardinality,proven_optimal,17074.204013261144,2.1248193044403676,8035.602828711181,5,5,5,41;44;52;64;130,41;44;52;64;130,41;44;52;64;130,5,5,5,0,0,0,0.25,0.25,0.25,0.0,0.0,0.0,0,0,5.380616067996016,18,8,731,32,5,,original_uniform_floor_plus_prior_scores,maximum_cardinality_certified_superset_of_eBH_then_maximum_testing_evalue_sum,200,5,5,exact_dyadic_prefix_or_HiGHS_QUBO_MILP,300.0,1
89,d313e9126c79c482d005c8a665da327cee3696014993ac658480e105a2cd92de,proven_maximal,maximize_sum_testing_e_values_at_maximum_cardinality,proven_optimal,15413.627308547839,2.0940878931124676,7360.544588048968,2,2,3,74;197,74;197,7;74;197,2,2,3,0,0,0,0.1,0.1,0.15,0.0,0.0,0.0,0,1,3.112618608996854,13,7,623,35,3,,original_uniform_floor_plus_prior_scores,maximum_cardinality_certified_superset_of_eBH_then_maximum_testing_evalue_sum,200,2,2,exact_dyadic_prefix_or_HiGHS_QUBO_MILP,300.0,1
90,13aa61370259c157beb6611a071fab95188c14210bdc26388532f7ea0d6ce168,proven_maximal,maximize_sum_testing_e_values_at_maximum_cardinality,proven_optimal,142621.1649650179,1.0,142621.1649650179,1,1,1,96,96,96,1,1,1,0,0,0,0.05,0.05,0.05,0.0,0.0,0.0,0,0,4.370862096002384,18,9,810,57,1,,original_uniform_floor_plus_prior_scores,maximum_cardinality_certified_superset_of_eBH_then_maximum_testing_evalue_sum,200,1,1,exact_dyadic_prefix_or_HiGHS_QUBO_MILP,300.0,1
91,f7e65dc81c8d080bd23cdf990d88e4d71e94d1e15cf8005ddf1c76ba4295eedf,proven_maximal,maximize_sum_testing_e_values_at_maximum_cardinality,proven_optimal,22825.674710846037,1.1431431540205617,19967.468318001644,2,2,4,103;190,103;190,103;162;171;190,2,2,4,0,0,0,0.1,0.1,0.2,0.0,0.0,0.0,0,2,2.635106009001902,12,7,537,41,4,,original_uniform_floor_plus_prior_scores,maximum_cardinality_certified_superset_of_eBH_then_maximum_testing_evalue_sum,200,2,2,exact_dyadic_prefix_or_HiGHS_QUBO_MILP,300.0,1
92,0f409ebaca3e392dc27a2fab13c8f8853533e1d8125c785d94ebc2275ea38c39,proven_maximal,maximize_sum_testing_e_values_at_maximum_cardinality,proven_optimal,10232.397208682,1.0,10232.397208682,1,1,1,67,67,67,1,1,1,0,0,0,0.05,0.05,0.05,0.0,0.0,0.0,0,0,4.8093951500050025,17,7,726,46,1,,original_uniform_floor_plus_prior_scores,maximum_cardinality_certified_superset_of_eBH_then_maximum_testing_evalue_sum,200,1,1,exact_dyadic_prefix_or_HiGHS_QUBO_MILP,300.0,1
93,ceabb019d9e170b35cc569332bf108d1e4df35fca0ae3614e00ec14e3b9125a2,proven_maximal,maximize_sum_testing_e_values_at_maximum_cardinality,proven_optimal,6390.785935412407,1.3213568274506255,4836.533026239808,1,1,3,107,107,69;107;196,1,1,3,0,0,0,0.05,0.05,0.15,0.0,0.0,0.0,0,2,2.8754333140022936,11,8,702,48,3,,original_uniform_floor_plus_prior_scores,maximum_cardinality_certified_superset_of_eBH_then_maximum_testing_evalue_sum,200,1,1,exact_dyadic_prefix_or_HiGHS_QUBO_MILP,300.0,1
94,e06a5a1ddaff049c69521ce65cc1905c31024fbb6fb05812be2a9034409a8080,proven_maximal,maximize_sum_testing_e_values_at_maximum_cardinality,proven_optimal,42221.232559979886,1.0,42221.232559979886,1,1,1,32,32,32,1,1,1,0,0,0,0.05,0.05,0.05,0.0,0.0,0.0,0,0,3.273782702999597,13,7,665,40,1,,original_uniform_floor_plus_prior_scores,maximum_cardinality_certified_superset_of_eBH_then_maximum_testing_evalue_sum,200,1,1,exact_dyadic_prefix_or_HiGHS_QUBO_MILP,300.0,1
95,a4593e1f90a60f515608a25951f8c9b148fd5bb4c60795eddcd71106bfeea961,proven_maximal,maximize_sum_testing_e_values_at_maximum_cardinality,proven_optimal,4635.401339447834,1.338324705852368,3463.5849724492573,0,0,2,,,26;111,0,0,2,0,0,0,0.0,0.0,0.1,0.0,0.0,0.0,0,2,5.402311500001815,17,9,670,43,2,,original_uniform_floor_plus_prior_scores,maximum_cardinality_certified_superset_of_eBH_then_maximum_testing_evalue_sum,200,0,0,exact_dyadic_prefix_or_HiGHS_QUBO_MILP,300.0,1
96,8cbd5bf36d036b39205c7df6f6928096145e82eb31aa9811386fe899757d24dc,proven_maximal,maximize_sum_testing_e_values_at_maximum_cardinality,proven_optimal,42954.66870295448,1.2718835201061447,33772.48625673655,6,6,6,55;130;137;143;156;172,55;130;137;143;156;172,55;130;137;143;156;172,6,6,6,0,0,0,0.3,0.3,0.3,0.0,0.0,0.0,0,0,4.084873744002834,13,6,554,35,6,,original_uniform_floor_plus_prior_scores,maximum_cardinality_certified_superset_of_eBH_then_maximum_testing_evalue_sum,200,6,6,exact_dyadic_prefix_or_HiGHS_QUBO_MILP,300.0,1
97,797b7cb760f45147552eee4fc7887ac36225d6acff367d265005332de8a7ef2e,proven_maximal,maximize_sum_testing_e_values_at_maximum_cardinality,proven_optimal,14689.982442896391,3.4470933364353393,4261.556334325253,5,5,8,73;103;112;142;167,73;103;112;142;167,9;73;103;112;142;167;174;181,5,5,8,0,0,0,0.25,0.25,0.4,0.0,0.0,0.0,0,3,4.497714802004339,13,8,712,52,8,,original_uniform_floor_plus_prior_scores,maximum_cardinality_certified_superset_of_eBH_then_maximum_testing_evalue_sum,200,5,5,exact_dyadic_prefix_or_HiGHS_QUBO_MILP,300.0,1
98,1546f83f828c3e45c952f80ab4d606d6cf8dd349f5d308c7b71d5e3731f708f4,proven_maximal,maximize_sum_testing_e_values_at_maximum_cardinality,proven_optimal,19566.849610795707,1.2743837374329696,15353.969951162288,3,3,5,19;34;140,19;34;140,19;34;140;192;193,3,3,5,0,0,0,0.15,0.15,0.25,0.0,0.0,0.0,0,2,6.871554760000436,18,10,790,40,5,,original_uniform_floor_plus_prior_scores,maximum_cardinality_certified_superset_of_eBH_then_maximum_testing_evalue_sum,200,3,3,exact_dyadic_prefix_or_HiGHS_QUBO_MILP,300.0,1
99,58a33a70d9200f34a6c68b3494cbf61f34ff3adcc0226bbeb2f1e38d6b5d80eb,proven_maximal,maximize_sum_testing_e_values_at_maximum_cardinality,proven_optimal,10843.893034167564,1.6061538941491804,6751.4657678004405,4,4,4,37;90;158;195,37;90;158;195,37;90;158;195,4,4,4,0,0,0,0.2,0.2,0.2,0.0,0.0,0.0,0,0,2.876547075000417,10,6,584,41,4,,original_uniform_floor_plus_prior_scores,maximum_cardinality_certified_superset_of_eBH_then_maximum_testing_evalue_sum,200,4,4,exact_dyadic_prefix_or_HiGHS_QUBO_MILP,300.0,1
100,4e43c81e46688da5417f3d73c199c9d9454aec77f554c95a07360a374ef1414f,proven_maximal,maximize_sum_testing_e_values_at_maximum_cardinality,proven_optimal,149990.87915983403,1.0359235369616504,144789.52722684073,5,5,5,81;114;121;151;168,81;114;121;151;168,81;114;121;151;168,5,5,5,0,0,0,0.25,0.25,0.25,0.0,0.0,0.0,0,0,6.035405210001045,17,7,660,38,5,,original_uniform_floor_plus_prior_scores,maximum_cardinality_certified_superset_of_eBH_then_maximum_testing_evalue_sum,200,5,5,exact_dyadic_prefix_or_HiGHS_QUBO_MILP,300.0,1
101,4ebe70e334f591f28976390660d8dabf7008792f765abd31b2872bc6b79a7bf8,proven_maximal,maximize_sum_testing_e_values_at_maximum_cardinality,proven_optimal,28548.25364805209,1.2132852506032357,23529.712929303416,2,2,5,4;194,4;194,4;66;132;160;194,2,2,5,0,0,0,0.1,0.1,0.25,0.0,0.0,0.0,0,3,6.710625429004722,17,10,925,46,5,,original_uniform_floor_plus_prior_scores,maximum_cardinality_certified_superset_of_eBH_then_maximum_testing_evalue_sum,200,2,2,exact_dyadic_prefix_or_HiGHS_QUBO_MILP,300.0,1
102,cf21ef97b765ea8bc4bceebdae120e6e67196a1728f4a89fbb58603a2f21dcfd,proven_maximal,maximize_sum_testing_e_values_at_maximum_cardinality,proven_optimal,271217.81344397774,1.1459532352391215,236674.4166374152,7,7,7,26;49;57;109;157;158;190,26;49;57;109;157;158;190,26;49;57;109;157;158;190,7,7,7,0,0,0,0.35,0.35,0.35,0.0,0.0,0.0,0,0,4.122489838999172,11,6,544,43,7,,original_uniform_floor_plus_prior_scores,maximum_cardinality_certified_superset_of_eBH_then_maximum_testing_evalue_sum,200,7,7,exact_dyadic_prefix_or_HiGHS_QUBO_MILP,300.0,1
103,e1f6ac9e5bf9856a5fae28248c4559ddf20ed40c252a641f4bd5c274b2d04abc,proven_maximal,maximize_sum_testing_e_values_at_maximum_cardinality,proven_optimal,2916.663025178509,1.1439634846273965,2549.6119975617084,0,0,2,,,25;172,0,0,2,0,0,0,0.0,0.0,0.1,0.0,0.0,0.0,0,2,5.483555154998612,13,9,795,53,2,,original_uniform_floor_plus_prior_scores,maximum_cardinality_certified_superset_of_eBH_then_maximum_testing_evalue_sum,200,0,0,exact_dyadic_prefix_or_HiGHS_QUBO_MILP,300.0,1
104,3646b7bcc9b809d7a581e9e203d18e0ee6d0e3acde18fa010c6717bf0916b148,proven_maximal,maximize_sum_testing_e_values_at_maximum_cardinality,proven_optimal,41902.55161928474,1.1622936177779228,36051.60604718298,2,2,4,11;146,11;146,11;146;160;190,2,2,4,0,0,0,0.1,0.1,0.2,0.0,0.0,0.0,0,2,12.39324975299678,28,20,1591,48,4,,original_uniform_floor_plus_prior_scores,maximum_cardinality_certified_superset_of_eBH_then_maximum_testing_evalue_sum,200,2,2,exact_dyadic_prefix_or_HiGHS_QUBO_MILP,300.0,1
105,b7397356602c8e0d47e9943e04cf287bd6b62a549d341d20a4d9e92d40badae9,proven_maximal,maximize_sum_testing_e_values_at_maximum_cardinality,proven_optimal,135173.5778611193,1.1634943099194819,116178.97630326512,6,6,8,97;102;125;161;174;182,97;102;125;161;174;182,51;97;102;125;126;161;174;182,6,6,8,0,0,0,0.3,0.3,0.4,0.0,0.0,0.0,0,2,5.788805547002994,14,8,626,38,8,,original_uniform_floor_plus_prior_scores,maximum_cardinality_certified_superset_of_eBH_then_maximum_testing_evalue_sum,200,6,6,exact_dyadic_prefix_or_HiGHS_QUBO_MILP,300.0,1
106,4fee49c1c17ce44864cdf0e870be6e8d719ec93aceeb660cd0e4807ca9ffbaad,proven_maximal,maximize_sum_testing_e_values_at_maximum_cardinality,proven_optimal,44969.04707892428,1.0,44969.04707892428,1,1,1,14,14,14,1,1,1,0,0,0,0.05,0.05,0.05,0.0,0.0,0.0,0,0,6.603363384005206,19,10,838,45,1,,original_uniform_floor_plus_prior_scores,maximum_cardinality_certified_superset_of_eBH_then_maximum_testing_evalue_sum,200,1,1,exact_dyadic_prefix_or_HiGHS_QUBO_MILP,300.0,1
107,04330432507c66ca0017c814729ca0b8dbe7e34efaa31e5dd57f42644be74ee8,proven_maximal,maximize_sum_testing_e_values_at_maximum_cardinality,proven_optimal,6619.528628105893,1.9857774157923425,3333.469590026858,0,0,5,,,21;83;111;149;171,0,0,5,0,0,0,0.0,0.0,0.25,0.0,0.0,0.0,0,5,4.543036711998866,11,7,636,45,5,,original_uniform_floor_plus_prior_scores,maximum_cardinality_certified_superset_of_eBH_then_maximum_testing_evalue_sum,200,0,0,exact_dyadic_prefix_or_HiGHS_QUBO_MILP,300.0,1
108,f21c25ae0b9e994bc00fe06c9dfb498d0597bf305786c34f90d1af79e6d562ad,proven_maximal,maximize_sum_testing_e_values_at_maximum_cardinality,proven_optimal,27049.881306953765,2.4894930088926177,10865.618505587272,7,7,7,12;21;32;80;147;154;191,12;21;32;80;147;154;191,12;21;32;80;147;154;191,7,7,7,0,0,0,0.35,0.35,0.35,0.0,0.0,0.0,0,0,3.806264940998517,10,5,600,49,7,,original_uniform_floor_plus_prior_scores,maximum_cardinality_certified_superset_of_eBH_then_maximum_testing_evalue_sum,200,7,7,exact_dyadic_prefix_or_HiGHS_QUBO_MILP,300.0,1
109,b11cb7b6dc4428e818907b068e6d7957628ad8cb089764a1a49f842518395f3a,proven_maximal,maximize_sum_testing_e_values_at_maximum_cardinality,proven_optimal,23601.796351259592,2.260353044570389,10441.641586898846,7,7,9,33;84;92;99;114;134;158,33;84;92;99;114;134;158,8;33;84;92;99;114;134;158;194,7,7,9,0,0,0,0.35,0.35,0.45,0.0,0.0,0.0,0,2,6.446470078000857,16,8,614,35,9,,original_uniform_floor_plus_prior_scores,maximum_cardinality_certified_superset_of_eBH_then_maximum_testing_evalue_sum,200,7,7,exact_dyadic_prefix_or_HiGHS_QUBO_MILP,300.0,1
110,00a2c7478d929839ff0a462cd73fe814a3583b4427fa96ec3127ed5ef5c73dd6,proven_maximal,maximize_sum_testing_e_values_at_maximum_cardinality,proven_optimal,27997.951033892714,1.828098135777792,15315.343572614369,3,3,3,2;139;158,2;139;158,2;139;158,3,3,3,0,0,0,0.15,0.15,0.15,0.0,0.0,0.0,0,0,6.556772764000925,17,8,659,51,3,,original_uniform_floor_plus_prior_scores,maximum_cardinality_certified_superset_of_eBH_then_maximum_testing_evalue_sum,200,3,3,exact_dyadic_prefix_or_HiGHS_QUBO_MILP,300.0,1
111,536633af060801fa9cb136ecc4cfe3ff41942dfe497e8253c05e4c86f94a4bfa,proven_maximal,maximize_sum_testing_e_values_at_maximum_cardinality,proven_optimal,44935.519228824254,1.2832388995575277,35017.26704537902,3,3,3,16;137;146,16;137;146,16;137;146,3,3,3,0,0,0,0.15,0.15,0.15,0.0,0.0,0.0,0,0,6.802911947997927,17,8,691,33,3,,original_uniform_floor_plus_prior_scores,maximum_cardinality_certified_superset_of_eBH_then_maximum_testing_evalue_sum,200,3,3,exact_dyadic_prefix_or_HiGHS_QUBO_MILP,300.0,1
112,a0738dcd9766d5efa15aeae4c0f398930ed994107f668895761ae61118b8d536,proven_maximal,maximize_sum_testing_e_values_at_maximum_cardinality,proven_optimal,250967.28091989778,1.2251278466850055,204849.8706473565,7,7,8,10;36;65;106;139;162;165,10;36;65;106;139;162;165,10;36;65;106;139;152;162;165,7,7,8,0,0,0,0.35,0.35,0.4,0.0,0.0,0.0,0,1,4.986936373999924,12,6,570,45,8,,original_uniform_floor_plus_prior_scores,maximum_cardinality_certified_superset_of_eBH_then_maximum_testing_evalue_sum,200,7,7,exact_dyadic_prefix_or_HiGHS_QUBO_MILP,300.0,1
113,d6d24a9bb6c062a398c24d10b016d57277b16aaf45f79c78a46b21b07e47d835,proven_maximal,maximize_sum_testing_e_values_at_maximum_cardinality,proven_optimal,57496.951987777495,2.469643802556581,23281.4756234306,7,7,10,16;31;37;106;109;120;154,16;31;37;106;109;120;154,16;21;31;37;106;109;116;120;125;154,7,7,10,0,0,0,0.35,0.35,0.5,0.0,0.0,0.0,0,3,4.588590362996911,10,7,523,38,10,,original_uniform_floor_plus_prior_scores,maximum_cardinality_certified_superset_of_eBH_then_maximum_testing_evalue_sum,200,7,7,exact_dyadic_prefix_or_HiGHS_QUBO_MILP,300.0,1
114,ec3ddc5b798bc60e0b151a754d13b9e3480afea978a91f7575ad50f4174f3f3e,proven_maximal,maximize_sum_testing_e_values_at_maximum_cardinality,proven_optimal,82206.05328781284,1.0596766289359494,77576.54650773814,4,4,4,35;54;57;168,35;54;57;168,35;54;57;168,4,4,4,0,0,0,0.2,0.2,0.2,0.0,0.0,0.0,0,0,5.496025355998427,15,8,799,54,4,,original_uniform_floor_plus_prior_scores,maximum_cardinality_certified_superset_of_eBH_then_maximum_testing_evalue_sum,200,4,4,exact_dyadic_prefix_or_HiGHS_QUBO_MILP,300.0,1
115,7a35856bf014d3618893c3056c08dad84b20f25f04e077c14513537c1cdc97a2,proven_maximal,maximize_sum_testing_e_values_at_maximum_cardinality,proven_optimal,173207.7021659775,1.106352758692688,156557.39166832002,6,6,10,20;35;110;111;160;178,20;35;110;111;160;178,20;21;35;49;78;110;111;158;160;178,6,6,10,0,0,0,0.3,0.3,0.5,0.0,0.0,0.0,0,4,4.07078955599718,9,7,660,39,10,,original_uniform_floor_plus_prior_scores,maximum_cardinality_certified_superset_of_eBH_then_maximum_testing_evalue_sum,200,6,6,exact_dyadic_prefix_or_HiGHS_QUBO_MILP,300.0,1
116,0a0706840cc7c49261dd9a259ed67c89e65dfd5e09fd2b54408f5b2cc5e0d402,proven_maximal,maximize_sum_testing_e_values_at_maximum_cardinality,proven_optimal,30547.619631217534,1.8033695920328368,16939.189706965684,9,9,9,5;109;112;117;119;145;152;155;199,5;109;112;117;119;145;152;155;199,5;109;112;117;119;145;152;155;199,9,9,9,0,0,0,0.45,0.45,0.45,0.0,0.0,0.0,0,0,4.250797818000137,13,6,637,38,9,,original_uniform_floor_plus_prior_scores,maximum_cardinality_certified_superset_of_eBH_then_maximum_testing_evalue_sum,200,9,9,exact_dyadic_prefix_or_HiGHS_QUBO_MILP,300.0,1
117,aaf650b1108dd16b872ed8c534f8e752ab5054ebda3810d1ea6e21cb69de04f8,proven_maximal,maximize_sum_testing_e_values_at_maximum_cardinality,proven_optimal,162609.2954380048,1.1314715825735908,143714.87357034767,3,3,3,10;102;167,10;102;167,10;102;167,3,3,3,0,0,0,0.15,0.15,0.15,0.0,0.0,0.0,0,0,3.4405706690013176,14,8,622,42,3,,original_uniform_floor_plus_prior_scores,maximum_cardinality_certified_superset_of_eBH_then_maximum_testing_evalue_sum,200,3,3,exact_dyadic_prefix_or_HiGHS_QUBO_MILP,300.0,1
118,d1f94d8869cd1a86e1123c707f4b1239d15149a50ce18e251ce224c7cb67db8d,proven_maximal,maximize_sum_testing_e_values_at_maximum_cardinality,proven_optimal,4265.245247278485,2.328541518337207,1831.7239412266367,0,0,3,,,1;50;105,0,0,3,0,0,0,0.0,0.0,0.15,0.0,0.0,0.0,0,3,3.9388144170006854,16,9,808,56,3,,original_uniform_floor_plus_prior_scores,maximum_cardinality_certified_superset_of_eBH_then_maximum_testing_evalue_sum,200,0,0,exact_dyadic_prefix_or_HiGHS_QUBO_MILP,300.0,1
119,ec9362186ceaf4c62e4856db55c9cb248493ae9c19359124e7c94bf37a862dcc,proven_maximal,maximize_sum_testing_e_values_at_maximum_cardinality,proven_optimal,11257.984818173392,1.5801379340409698,7124.684861772007,3,3,3,17;82;158,17;82;158,17;82;158,3,3,3,0,0,0,0.15,0.15,0.15,0.0,0.0,0.0,0,0,3.3171655969999847,13,7,594,47,3,,original_uniform_floor_plus_prior_scores,maximum_cardinality_certified_superset_of_eBH_then_maximum_testing_evalue_sum,200,3,3,exact_dyadic_prefix_or_HiGHS_QUBO_MILP,300.0,1
120,9d95a113e9d48dc729b58444045a037c146a475bb4d1dcccd64480cefd9f0e60,proven_maximal,maximize_sum_testing_e_values_at_maximum_cardinality,proven_optimal,23926.589357345045,1.5050724825824804,15897.300385354583,4,4,4,80;117;167;171,80;117;167;171,80;117;167;171,4,4,4,0,0,0,0.2,0.2,0.2,0.0,0.0,0.0,0,0,4.622741540995776,20,10,685,40,4,,original_uniform_floor_plus_prior_scores,maximum_cardinality_certified_superset_of_eBH_then_maximum_testing_evalue_sum,200,4,4,exact_dyadic_prefix_or_HiGHS_QUBO_MILP,300.0,1
121,526382a5c5c5d6d7232a51be09fb0fe7b095478cbdd9a5598eaec396b3ff657f,proven_maximal,maximize_sum_testing_e_values_at_maximum_cardinality,proven_optimal,27954.124953412927,1.1005800474849161,25399.44733442576,2,2,2,29;33,29;33,29;33,2,2,2,0,0,0,0.1,0.1,0.1,0.0,0.0,0.0,0,0,2.985387812004774,15,8,758,39,2,,original_uniform_floor_plus_prior_scores,maximum_cardinality_certified_superset_of_eBH_then_maximum_testing_evalue_sum,200,2,2,exact_dyadic_prefix_or_HiGHS_QUBO_MILP,300.0,1
122,3444076e5d1bae518c243ef587d5625d61f2db4ade7bc597573fc6b95018bf31,proven_maximal,maximize_sum_testing_e_values_at_maximum_cardinality,proven_optimal,0.0,0.0,2936.788518568354,0,0,0,,,,0,0,0,0,0,0,0.0,0.0,0.0,0.0,0.0,0.0,0,0,3.3931486350047635,15,6,564,39,0,,original_uniform_floor_plus_prior_scores,maximum_cardinality_certified_superset_of_eBH_then_maximum_testing_evalue_sum,200,0,0,exact_dyadic_prefix_or_HiGHS_QUBO_MILP,300.0,1
123,99c4c7873b8e5509f6fc7fa367e3ecb84fe463963b0d56c0918cb88ddc48871f,proven_maximal,maximize_sum_testing_e_values_at_maximum_cardinality,proven_optimal,29394.21876923464,1.565510159856028,18776.12775885011,8,8,9,5;65;71;83;102;108;111;153,5;65;71;83;102;108;111;153,5;65;71;83;102;108;111;153;180,8,8,9,0,0,0,0.4,0.4,0.45,0.0,0.0,0.0,0,1,3.562581001999206,14,7,648,49,9,,original_uniform_floor_plus_prior_scores,maximum_cardinality_certified_superset_of_eBH_then_maximum_testing_evalue_sum,200,8,8,exact_dyadic_prefix_or_HiGHS_QUBO_MILP,300.0,1
124,589194c8c5db36131381ca6989afabc7eff0a1080a3615e26260a0d1cdcccf21,proven_maximal,maximize_sum_testing_e_values_at_maximum_cardinality,proven_optimal,20850.812168930126,2.0347717410077877,10247.248744767348,5,5,7,20;32;45;158;160,20;32;45;158;160,4;20;32;45;92;158;160,5,5,7,0,0,0,0.25,0.25,0.35,0.0,0.0,0.0,0,2,3.3287406800009194,15,8,617,36,7,,original_uniform_floor_plus_prior_scores,maximum_cardinality_certified_superset_of_eBH_then_maximum_testing_evalue_sum,200,5,5,exact_dyadic_prefix_or_HiGHS_QUBO_MILP,300.0,1
125,e02d69ed254e545ae8ae277d0622ea0bc5ca0b67e1a0cd80e9d1c39246999e7a,proven_maximal,maximize_sum_testing_e_values_at_maximum_cardinality,proven_optimal,13034.724435634364,1.0,13034.724435634364,1,1,1,177,177,177,1,1,1,0,0,0,0.05,0.05,0.05,0.0,0.0,0.0,0,0,3.1273206990008475,15,5,548,33,1,,original_uniform_floor_plus_prior_scores,maximum_cardinality_certified_superset_of_eBH_then_maximum_testing_evalue_sum,200,1,1,exact_dyadic_prefix_or_HiGHS_QUBO_MILP,300.0,1
126,49985f4f4fa342c0794b0c34e484baabcd02a103f0de5566007cdae6cc1c2af9,proven_maximal,maximize_sum_testing_e_values_at_maximum_cardinality,proven_optimal,57093.8836194042,1.1247169283516627,50762.89169318236,6,6,7,21;37;71;81;94;155,21;37;71;81;94;155,21;37;46;71;81;94;155,6,6,7,0,0,0,0.3,0.3,0.35,0.0,0.0,0.0,0,1,3.7245880579939694,16,8,687,41,7,,original_uniform_floor_plus_prior_scores,maximum_cardinality_certified_superset_of_eBH_then_maximum_testing_evalue_sum,200,6,6,exact_dyadic_prefix_or_HiGHS_QUBO_MILP,300.0,1
127,d29030de5033b001443de26e123e4568253481f93ab67cfe1ccd504628d3e033,proven_maximal,maximize_sum_testing_e_values_at_maximum_cardinality,proven_optimal,690493.0535430621,1.0579947933286962,652643.1489994496,9,9,12,22;75;94;133;147;154;158;186;193,22;75;94;133;147;154;158;186;193,22;48;75;80;94;116;133;147;154;158;186;193,9,9,12,0,0,0,0.45,0.45,0.6,0.0,0.0,0.0,0,3,4.718997135998507,14,7,613,51,12,,original_uniform_floor_plus_prior_scores,maximum_cardinality_certified_superset_of_eBH_then_maximum_testing_evalue_sum,200,9,9,exact_dyadic_prefix_or_HiGHS_QUBO_MILP,300.0,1
128,cbfb3efbf0f0001791d96cd89d228f341c2d160f7c1102cf2c9a0b0c816b8862,proven_maximal,maximize_sum_testing_e_values_at_maximum_cardinality,proven_optimal,0.0,0.0,2159.682900898169,0,0,0,,,,0,0,0,0,0,0,0.0,0.0,0.0,0.0,0.0,0.0,0,0,3.3704552430062904,15,6,542,42,0,,original_uniform_floor_plus_prior_scores,maximum_cardinality_certified_superset_of_eBH_then_maximum_testing_evalue_sum,200,0,0,exact_dyadic_prefix_or_HiGHS_QUBO_MILP,300.0,1
129,984650b553a81be10b75b73719bd6074f1c63239a425a39173edb7e34fca2797,proven_maximal,maximize_sum_testing_e_values_at_maximum_cardinality,proven_optimal,17173.351495023446,2.523351374990709,6805.770954148896,4,4,4,84;101;143;195,84;101;143;195,84;101;143;195,4,4,4,0,0,0,0.2,0.2,0.2,0.0,0.0,0.0,0,0,2.526658504997613,12,7,623,46,4,,original_uniform_floor_plus_prior_scores,maximum_cardinality_certified_superset_of_eBH_then_maximum_testing_evalue_sum,200,4,4,exact_dyadic_prefix_or_HiGHS_QUBO_MILP,300.0,1
130,b1d0ad95bc06bdd2a3a4b2f7b9ff147d6cf37b7d5cc48d3a669fb7f8cd0b9b41,proven_maximal,maximize_sum_testing_e_values_at_maximum_cardinality,proven_optimal,47542.09338138633,1.4301837631351924,33241.947368474124,6,6,6,5;59;103;142;172;180,5;59;103;142;172;180,5;59;103;142;172;180,6,6,6,0,0,0,0.3,0.3,0.3,0.0,0.0,0.0,0,0,4.155330661000335,15,7,688,46,6,,original_uniform_floor_plus_prior_scores,maximum_cardinality_certified_superset_of_eBH_then_maximum_testing_evalue_sum,200,6,6,exact_dyadic_prefix_or_HiGHS_QUBO_MILP,300.0,1
131,7bf0f83f5af5d1c01c1f168d9864550c872e5d6bf26472e294e218b2374ef442,proven_maximal,maximize_sum_testing_e_values_at_maximum_cardinality,proven_optimal,0.0,0.0,1456.4174276179804,0,0,0,,,,0,0,0,0,0,0,0.0,0.0,0.0,0.0,0.0,0.0,0,0,4.24059424999723,17,7,668,40,0,,original_uniform_floor_plus_prior_scores,maximum_cardinality_certified_superset_of_eBH_then_maximum_testing_evalue_sum,200,0,0,exact_dyadic_prefix_or_HiGHS_QUBO_MILP,300.0,1
132,1f036da0ccbe2a16717ce27c0d500d213245196ffc54d0e25a5646e218d0e8f1,proven_maximal,maximize_sum_testing_e_values_at_maximum_cardinality,proven_optimal,29627.31774156117,1.0,29627.31774156117,1,1,1,41,41,41,1,1,1,0,0,0,0.05,0.05,0.05,0.0,0.0,0.0,0,0,3.1910051179947914,14,7,667,42,1,,original_uniform_floor_plus_prior_scores,maximum_cardinality_certified_superset_of_eBH_then_maximum_testing_evalue_sum,200,1,1,exact_dyadic_prefix_or_HiGHS_QUBO_MILP,300.0,1
133,757d95810e6bcf3297388bddab460c4e9d580c82c71bf04a3dcf3b28723e341b,proven_maximal,maximize_sum_testing_e_values_at_maximum_cardinality,proven_optimal,97859.06989669088,1.3248065768799009,73866.68484629829,9,9,10,17;83;93;112;132;134;137;171;174,17;83;93;112;132;134;137;171;174,17;83;93;112;113;132;134;137;171;174,9,9,10,0,0,0,0.45,0.45,0.5,0.0,0.0,0.0,0,1,2.733560476001003,8,6,502,39,10,,original_uniform_floor_plus_prior_scores,maximum_cardinality_certified_superset_of_eBH_then_maximum_testing_evalue_sum,200,9,9,exact_dyadic_prefix_or_HiGHS_QUBO_MILP,300.0,1
134,7fe4efd489f59e56da0591af5dfa587cddb16ede6c46c09730490cb8b7c8320c,proven_maximal,maximize_sum_testing_e_values_at_maximum_cardinality,proven_optimal,14955.640039146729,2.2398849161407606,6676.968058213789,3,3,5,35;87;181,35;87;181,35;38;87;101;181,3,3,5,0,0,0,0.15,0.15,0.25,0.0,0.0,0.0,0,2,3.2627492649990018,15,8,723,43,5,,original_uniform_floor_plus_prior_scores,maximum_cardinality_certified_superset_of_eBH_then_maximum_testing_evalue_sum,200,3,3,exact_dyadic_prefix_or_HiGHS_QUBO_MILP,300.0,1
135,95b3827c5adc458d75643fd7bc48184ef6c3233a0fce9897cdd03639533e477d,proven_maximal,maximize_sum_testing_e_values_at_maximum_cardinality,proven_optimal,5313.818166130901,1.983790414733002,2678.6187324360503,0,0,3,,,5;12;108,0,0,3,0,0,0,0.0,0.0,0.15,0.0,0.0,0.0,0,3,2.887950128002558,13,7,574,39,3,,original_uniform_floor_plus_prior_scores,maximum_cardinality_certified_superset_of_eBH_then_maximum_testing_evalue_sum,200,0,0,exact_dyadic_prefix_or_HiGHS_QUBO_MILP,300.0,1
136,94b0928ea65e984390a9e5b774cb1133cb65f5bf6fc5d511527721063e83e8f8,proven_maximal,maximize_sum_testing_e_values_at_maximum_cardinality,proven_optimal,12821.214442193153,1.5198588982091843,8435.792597128657,2,2,2,94;148,94;148,94;148,2,2,2,0,0,0,0.1,0.1,0.1,0.0,0.0,0.0,0,0,3.1412110660021426,15,6,638,52,2,,original_uniform_floor_plus_prior_scores,maximum_cardinality_certified_superset_of_eBH_then_maximum_testing_evalue_sum,200,2,2,exact_dyadic_prefix_or_HiGHS_QUBO_MILP,300.0,1
137,5526e6bdd1c397fa1d4afa8923356d18132dae3abd444d480e1b07ab2744da6c,proven_maximal,maximize_sum_testing_e_values_at_maximum_cardinality,proven_optimal,25528.870170351678,1.8339750623399387,13919.965813373608,6,6,6,22;49;108;109;191;199,22;49;108;109;191;199,22;49;108;109;191;199,6,6,6,0,0,0,0.3,0.3,0.3,0.0,0.0,0.0,0,0,4.090387903001101,19,9,697,47,6,,original_uniform_floor_plus_prior_scores,maximum_cardinality_certified_superset_of_eBH_then_maximum_testing_evalue_sum,200,6,6,exact_dyadic_prefix_or_HiGHS_QUBO_MILP,300.0,1
138,752a24866aa92b6a9af8a44fa96136c1cc461c4dab5bf7fa0ac8c3d0c5e45ac4,proven_maximal,maximize_sum_testing_e_values_at_maximum_cardinality,proven_optimal,49424.225360837074,1.2411282226341231,39822.01392209178,3,3,3,6;81;124,6;81;124,6;81;124,3,3,3,0,0,0,0.15,0.15,0.15,0.0,0.0,0.0,0,0,2.568317321005452,12,5,505,40,3,,original_uniform_floor_plus_prior_scores,maximum_cardinality_certified_superset_of_eBH_then_maximum_testing_evalue_sum,200,3,3,exact_dyadic_prefix_or_HiGHS_QUBO_MILP,300.0,1
139,c4eff6651abf66ac8035dc4b23a1816b839531c858502bad53c5dca8ab94ac60,proven_maximal,maximize_sum_testing_e_values_at_maximum_cardinality,proven_optimal,0.0,0.0,684.4266699709526,0,0,0,,,,0,0,0,0,0,0,0.0,0.0,0.0,0.0,0.0,0.0,0,0,0.7926247920040623,3,3,300,41,0,,original_uniform_floor_plus_prior_scores,maximum_cardinality_certified_superset_of_eBH_then_maximum_testing_evalue_sum,200,0,0,exact_dyadic_prefix_or_HiGHS_QUBO_MILP,300.0,1
140,0875f5965b3cf6444ab063688559f5b563e69edba54ea0e0aae0c1e75a3d43a2,proven_maximal,maximize_sum_testing_e_values_at_maximum_cardinality,proven_optimal,9788.572963247228,1.548115811358198,6322.894509203084,1,1,5,3,3,3;65;122;164;174,1,1,5,0,0,0,0.05,0.05,0.25,0.0,0.0,0.0,0,4,3.981326869004988,16,10,864,45,5,,original_uniform_floor_plus_prior_scores,maximum_cardinality_certified_superset_of_eBH_then_maximum_testing_evalue_sum,200,1,1,exact_dyadic_prefix_or_HiGHS_QUBO_MILP,300.0,1
141,54337357a90889ae1a6ce05162545f4a013ad80fc770832a1b097f2fee5f6f10,proven_maximal,maximize_sum_testing_e_values_at_maximum_cardinality,proven_optimal,11852.25858515994,2.5445259082092693,4657.943763481293,3,3,3,19;61;145,19;61;145,19;61;145,3,3,3,0,0,0,0.15,0.15,0.15,0.0,0.0,0.0,0,0,3.9630878530006157,18,8,739,47,3,,original_uniform_floor_plus_prior_scores,maximum_cardinality_certified_superset_of_eBH_then_maximum_testing_evalue_sum,200,3,3,exact_dyadic_prefix_or_HiGHS_QUBO_MILP,300.0,1
142,59a7de1e3c8fb7927a60d174f9a0cd3fbfc23130e0b33aa0ccf1bbff15894c4a,proven_maximal,maximize_sum_testing_e_values_at_maximum_cardinality,proven_optimal,9127.396143140533,2.730117854100665,3343.22422361038,6,6,7,32;65;93;168;181;187,32;65;93;168;181;187,18;32;65;93;168;181;187,6,6,7,0,0,0,0.3,0.3,0.35,0.0,0.0,0.0,0,1,2.7709992679956486,13,8,703,48,7,,original_uniform_floor_plus_prior_scores,maximum_cardinality_certified_superset_of_eBH_then_maximum_testing_evalue_sum,200,6,6,exact_dyadic_prefix_or_HiGHS_QUBO_MILP,300.0,1
143,d5d11fc0f10f540b2570544c8cdb9d9ffbd4e1c6d7e43e6d21ec1ae1829b3da9,proven_maximal,maximize_sum_testing_e_values_at_maximum_cardinality,proven_optimal,124029.71293141681,1.1504865841349259,107806.30964478152,2,2,2,105;143,105;143,105;143,2,2,2,0,0,0,0.1,0.1,0.1,0.0,0.0,0.0,0,0,3.94111009700282,17,8,743,38,2,,original_uniform_floor_plus_prior_scores,maximum_cardinality_certified_superset_of_eBH_then_maximum_testing_evalue_sum,200,2,2,exact_dyadic_prefix_or_HiGHS_QUBO_MILP,300.0,1
144,88209edc77cd4b062d6b0702f9f19bd81f166a9b0669d8a4b5bf11cffdde8f0d,proven_maximal,maximize_sum_testing_e_values_at_maximum_cardinality,proven_optimal,3565.2139466739145,1.958887190173409,1820.020042276302,0,0,3,,,7;93;174,0,0,3,0,0,0,0.0,0.0,0.15,0.0,0.0,0.0,0,3,2.452564553001139,10,7,620,39,3,,original_uniform_floor_plus_prior_scores,maximum_cardinality_certified_superset_of_eBH_then_maximum_testing_evalue_sum,200,0,0,exact_dyadic_prefix_or_HiGHS_QUBO_MILP,300.0,1
145,7dc819145d10e7775addae11e4316b2164453a025eeee3ed1f9dd9028622aa59,proven_maximal,maximize_sum_testing_e_values_at_maximum_cardinality,proven_optimal,0.0,0.0,800.4342004247433,0,0,0,,,,0,0,0,0,0,0,0.0,0.0,0.0,0.0,0.0,0.0,0,0,0.7273353839991614,3,3,300,41,0,,original_uniform_floor_plus_prior_scores,maximum_cardinality_certified_superset_of_eBH_then_maximum_testing_evalue_sum,200,0,0,exact_dyadic_prefix_or_HiGHS_QUBO_MILP,300.0,1
146,16eb9ee9239d3af1ec5701b2ffa92f8d3db10318a053f4ada31aa01cef4071af,proven_maximal,maximize_sum_testing_e_values_at_maximum_cardinality,proven_optimal,408389.2171467566,1.273058249470522,320793.8185991174,4,4,6,123;125;130;197,123;125;130;197,23;43;123;125;130;197,4,4,6,0,0,0,0.2,0.2,0.3,0.0,0.0,0.0,0,2,6.619577311998,19,11,1007,44,6,,original_uniform_floor_plus_prior_scores,maximum_cardinality_certified_superset_of_eBH_then_maximum_testing_evalue_sum,200,4,4,exact_dyadic_prefix_or_HiGHS_QUBO_MILP,300.0,1
147,2dad283c85efeb73dacb64449604787c8529a67835898a217326aa5dc7dee143,proven_maximal,maximize_sum_testing_e_values_at_maximum_cardinality,proven_optimal,0.0,0.0,1667.748699932577,0,0,0,,,,0,0,0,0,0,0,0.0,0.0,0.0,0.0,0.0,0.0,0,0,1.0166208410009858,3,3,300,41,0,,original_uniform_floor_plus_prior_scores,maximum_cardinality_certified_superset_of_eBH_then_maximum_testing_evalue_sum,200,0,0,exact_dyadic_prefix_or_HiGHS_QUBO_MILP,300.0,1
148,93ef96a59d2f0e1e11281ea6f1a8a6776ba80acea02674abd6ac1914a5b4d97a,proven_maximal,maximize_sum_testing_e_values_at_maximum_cardinality,proven_optimal,157211.2953869868,1.170192173468386,134346.56200188134,2,2,2,3;151,3;151,3;151,2,2,2,0,0,0,0.1,0.1,0.1,0.0,0.0,0.0,0,0,4.461770702000649,16,7,715,40,2,,original_uniform_floor_plus_prior_scores,maximum_cardinality_certified_superset_of_eBH_then_maximum_testing_evalue_sum,200,2,2,exact_dyadic_prefix_or_HiGHS_QUBO_MILP,300.0,1
149,b1b0a1da53ff091d185e5323d8801f37cf505a2ab256ebb25bf080b478d68698,proven_maximal,maximize_sum_testing_e_values_at_maximum_cardinality,proven_optimal,16423.620552411398,1.1631508660710992,14119.94009675395,2,2,2,42;170,42;170,42;170,2,2,2,0,0,0,0.1,0.1,0.1,0.0,0.0,0.0,0,0,4.919046082002751,18,8,871,37,2,,original_uniform_floor_plus_prior_scores,maximum_cardinality_certified_superset_of_eBH_then_maximum_testing_evalue_sum,200,2,2,exact_dyadic_prefix_or_HiGHS_QUBO_MILP,300.0,1
150,b4beed945c2da2acbecae5c405b2e1993f12bab81ca1e2b6bd39439dbd0c0e4e,proven_maximal,maximize_sum_testing_e_values_at_maximum_cardinality,proven_optimal,26110.793299911158,1.6141658832455983,16176.028480672798,6,6,9,7;12;35;58;167;170,7;12;35;58;167;170,7;12;20;35;58;95;167;170;196,6,6,9,0,0,0,0.3,0.3,0.45,0.0,0.0,0.0,0,3,2.220271583995782,8,6,502,45,9,,original_uniform_floor_plus_prior_scores,maximum_cardinality_certified_superset_of_eBH_then_maximum_testing_evalue_sum,200,6,6,exact_dyadic_prefix_or_HiGHS_QUBO_MILP,300.0,1
151,2f4c496a700c104492cfbec70cfd66fda92f18967839e1f6997988de2bdc91d7,proven_maximal,maximize_sum_testing_e_values_at_maximum_cardinality,proven_optimal,0.0,0.0,1124.0103776861292,0,0,0,,,,0,0,0,0,0,0,0.0,0.0,0.0,0.0,0.0,0.0,0,0,3.4984600879979553,14,8,652,35,0,,original_uniform_floor_plus_prior_scores,maximum_cardinality_certified_superset_of_eBH_then_maximum_testing_evalue_sum,200,0,0,exact_dyadic_prefix_or_HiGHS_QUBO_MILP,300.0,1
152,0d66ed99b902f40a24de797f07fbfb01c7eab616cff60cbec0fa95d3b36a4144,proven_maximal,maximize_sum_testing_e_values_at_maximum_cardinality,proven_optimal,0.0,0.0,1583.3495934832729,0,0,0,,,,0,0,0,0,0,0,0.0,0.0,0.0,0.0,0.0,0.0,0,0,1.1377875129983295,3,3,300,43,0,,original_uniform_floor_plus_prior_scores,maximum_cardinality_certified_superset_of_eBH_then_maximum_testing_evalue_sum,200,0,0,exact_dyadic_prefix_or_HiGHS_QUBO_MILP,300.0,1
153,b1f67318bb39babe8d5ee65f8884224bcbdeea284301da2c103b1846f4a177ed,proven_maximal,maximize_sum_testing_e_values_at_maximum_cardinality,proven_optimal,13904.189912933902,2.530921682450513,5493.725866488075,4,4,5,11;144;163;182,11;144;163;182,11;50;144;163;182,4,4,5,0,0,0,0.2,0.2,0.25,0.0,0.0,0.0,0,1,2.234246225001698,11,8,668,36,5,,original_uniform_floor_plus_prior_scores,maximum_cardinality_certified_superset_of_eBH_then_maximum_testing_evalue_sum,200,4,4,exact_dyadic_prefix_or_HiGHS_QUBO_MILP,300.0,1
154,690dbc30da3b1cf681f9981715957586e4ac08898c0bef70de061cf460be9dc0,proven_maximal,maximize_sum_testing_e_values_at_maximum_cardinality,proven_optimal,43185.63434865062,1.4801988554563235,29175.562587053297,3,3,3,0;43;44,0;43;44,0;43;44,3,3,3,0,0,0,0.15,0.15,0.15,0.0,0.0,0.0,0,0,4.181995204999112,17,7,606,35,3,,original_uniform_floor_plus_prior_scores,maximum_cardinality_certified_superset_of_eBH_then_maximum_testing_evalue_sum,200,3,3,exact_dyadic_prefix_or_HiGHS_QUBO_MILP,300.0,1
155,25888c04e418f1ae98111b9a4c32db433de684db50b07af15902158017369b58,proven_maximal,maximize_sum_testing_e_values_at_maximum_cardinality,proven_optimal,108134.93904600924,1.290512640452496,83792.23547015672,6,6,6,95;121;138;165;171;185,95;121;138;165;171;185,95;121;138;165;171;185,6,6,6,0,0,0,0.3,0.3,0.3,0.0,0.0,0.0,0,0,4.004193423999823,16,6,622,45,6,,original_uniform_floor_plus_prior_scores,maximum_cardinality_certified_superset_of_eBH_then_maximum_testing_evalue_sum,200,6,6,exact_dyadic_prefix_or_HiGHS_QUBO_MILP,300.0,1
156,aba42cc8060b8f279082be5d7f527a1a4783efc54ddb7ea5851d426c7a2b0a52,proven_maximal,maximize_sum_testing_e_values_at_maximum_cardinality,proven_optimal,51671.477313194824,1.2800470179131243,40366.858865415306,5,5,5,28;43;70;148;167,28;43;70;148;167,28;43;70;148;167,5,5,5,0,0,0,0.25,0.25,0.25,0.0,0.0,0.0,0,0,3.6113086589975865,15,5,540,39,5,,original_uniform_floor_plus_prior_scores,maximum_cardinality_certified_superset_of_eBH_then_maximum_testing_evalue_sum,200,5,5,exact_dyadic_prefix_or_HiGHS_QUBO_MILP,300.0,1
157,18c6a9a03c7e12c02b80810bc2936f3932ecfff98651bf90b053239b638bbdde,proven_maximal,maximize_sum_testing_e_values_at_maximum_cardinality,proven_optimal,9122.03268885909,1.0,9122.03268885909,1,1,1,16,16,16,1,1,1,0,0,0,0.05,0.05,0.05,0.0,0.0,0.0,0,0,4.437409521000518,18,8,731,38,1,,original_uniform_floor_plus_prior_scores,maximum_cardinality_certified_superset_of_eBH_then_maximum_testing_evalue_sum,200,1,1,exact_dyadic_prefix_or_HiGHS_QUBO_MILP,300.0,1
158,29334329ad275f194fa82d9a378eece9af4f160244e2a612f58265e203542a1f,proven_maximal,maximize_sum_testing_e_values_at_maximum_cardinality,proven_optimal,0.0,0.0,1834.127935976088,0,0,0,,,,0,0,0,0,0,0,0.0,0.0,0.0,0.0,0.0,0.0,0,0,0.8798096200043801,3,3,300,34,0,,original_uniform_floor_plus_prior_scores,maximum_cardinality_certified_superset_of_eBH_then_maximum_testing_evalue_sum,200,0,0,exact_dyadic_prefix_or_HiGHS_QUBO_MILP,300.0,1
159,10a1034f50c5589e0be08912151efd689ddab32e4106d392c2f91c93bf085351,proven_maximal,maximize_sum_testing_e_values_at_maximum_cardinality,proven_optimal,89039.32987971799,1.0562629761649311,84296.55482482315,2,2,2,50;144,50;144,50;144,2,2,2,0,0,0,0.1,0.1,0.1,0.0,0.0,0.0,0,0,5.030318409997562,15,6,601,36,2,,original_uniform_floor_plus_prior_scores,maximum_cardinality_certified_superset_of_eBH_then_maximum_testing_evalue_sum,200,2,2,exact_dyadic_prefix_or_HiGHS_QUBO_MILP,300.0,1
160,866d1e0f76e14197d375556ca69de80252673ef1e9512b18fe4c99460dd34b51,proven_maximal,maximize_sum_testing_e_values_at_maximum_cardinality,proven_optimal,10900.138331571497,1.3905307133577072,7838.8332072514895,3,3,3,55;160;192,55;160;192,55;160;192,3,3,3,0,0,0,0.15,0.15,0.15,0.0,0.0,0.0,0,0,4.982434491997992,15,5,573,29,3,,original_uniform_floor_plus_prior_scores,maximum_cardinality_certified_superset_of_eBH_then_maximum_testing_evalue_sum,200,3,3,exact_dyadic_prefix_or_HiGHS_QUBO_MILP,300.0,1
161,ff47a45d8e9853bb7cf1a37c14551351bb5b6a992979b9836e4e440c7f19f338,proven_maximal,maximize_sum_testing_e_values_at_maximum_cardinality,proven_optimal,56971.4271702596,1.5063487730023135,37820.87401758192,3,3,4,39;56;157,39;56;157,6;39;56;157,3,3,4,0,0,0,0.15,0.15,0.2,0.0,0.0,0.0,0,1,7.290722256999288,19,10,744,42,4,,original_uniform_floor_plus_prior_scores,maximum_cardinality_certified_superset_of_eBH_then_maximum_testing_evalue_sum,200,3,3,exact_dyadic_prefix_or_HiGHS_QUBO_MILP,300.0,1
162,743c9b85765391ceca6661bfb6032c3c2f16d4fe33b1b2fca9ad8d9460008c0e,proven_maximal,maximize_sum_testing_e_values_at_maximum_cardinality,proven_optimal,4282.806731436604,1.0,4282.806731436604,1,1,1,166,166,166,1,1,1,0,0,0,0.05,0.05,0.05,0.0,0.0,0.0,0,0,4.20138358999975,13,7,640,45,1,,original_uniform_floor_plus_prior_scores,maximum_cardinality_certified_superset_of_eBH_then_maximum_testing_evalue_sum,200,1,1,exact_dyadic_prefix_or_HiGHS_QUBO_MILP,300.0,1
163,f4b39c4a257e6b66d47c363c6f785e197d898271c0df9285871d8d4efe22deb7,proven_maximal,maximize_sum_testing_e_values_at_maximum_cardinality,proven_optimal,21868.159749713373,2.230747616392298,9803.06314753791,6,6,6,7;8;39;43;84;106,7;8;39;43;84;106,7;8;39;43;84;106,6,6,6,0,0,0,0.3,0.3,0.3,0.0,0.0,0.0,0,0,4.749506700994971,12,6,620,44,6,,original_uniform_floor_plus_prior_scores,maximum_cardinality_certified_superset_of_eBH_then_maximum_testing_evalue_sum,200,6,6,exact_dyadic_prefix_or_HiGHS_QUBO_MILP,300.0,1
164,f285a83b41dbfd0dd9c227c068f43f1c2bdc7ab09193ab3039947a416723d452,proven_maximal,maximize_sum_testing_e_values_at_maximum_cardinality,proven_optimal,56971.32195572522,1.1117713569928815,51243.73963889592,4,4,4,20;22;120;181,20;22;120;181,20;22;120;181,4,4,4,0,0,0,0.2,0.2,0.2,0.0,0.0,0.0,0,0,4.4128968750010245,12,6,612,40,4,,original_uniform_floor_plus_prior_scores,maximum_cardinality_certified_superset_of_eBH_then_maximum_testing_evalue_sum,200,4,4,exact_dyadic_prefix_or_HiGHS_QUBO_MILP,300.0,1
165,a6502fc548e06fade5424c1d5b1d693a096f9aca2ccfd14d0b5dafcd551f9ca1,proven_maximal,maximize_sum_testing_e_values_at_maximum_cardinality,proven_optimal,49695.24817386183,1.2780408489363615,38883.92786132014,10,10,11,40;64;66;85;87;103;106;107;145;192,40;64;66;85;87;103;106;107;145;192,40;64;66;85;87;103;106;107;145;153;192,10,10,11,0,0,0,0.5,0.5,0.55,0.0,0.0,0.0,0,1,6.5871433970023645,15,10,726,41,11,,original_uniform_floor_plus_prior_scores,maximum_cardinality_certified_superset_of_eBH_then_maximum_testing_evalue_sum,200,10,10,exact_dyadic_prefix_or_HiGHS_QUBO_MILP,300.0,1
166,332836c733a6988e5425821c07f538b83a4c7dea1b566fe0a1bf09b8a2863360,proven_maximal,maximize_sum_testing_e_values_at_maximum_cardinality,proven_optimal,10415.583795803788,1.421771163855365,7325.78073081763,1,1,5,42,42,42;55;95;103;180,1,1,5,0,0,0,0.05,0.05,0.25,0.0,0.0,0.0,0,4,4.898402626000461,15,9,680,38,5,,original_uniform_floor_plus_prior_scores,maximum_cardinality_certified_superset_of_eBH_then_maximum_testing_evalue_sum,200,1,1,exact_dyadic_prefix_or_HiGHS_QUBO_MILP,300.0,1
167,7b2773c8b1a2485b93cab3830654c3facc226500c1e8666617e6bd22c02afcb7,proven_maximal,maximize_sum_testing_e_values_at_maximum_cardinality,proven_optimal,10907.161691996245,2.0706002689004026,5267.632703336082,4,4,4,48;68;70;189,48;68;70;189,48;68;70;189,4,4,4,0,0,0,0.2,0.2,0.2,0.0,0.0,0.0,0,0,5.312568342000304,15,9,973,48,4,,original_uniform_floor_plus_prior_scores,maximum_cardinality_certified_superset_of_eBH_then_maximum_testing_evalue_sum,200,4,4,exact_dyadic_prefix_or_HiGHS_QUBO_MILP,300.0,1
168,69445cf881f44e1b84bb562cbbdca0f8f4ca47bf987d4c19c0a1613a27e55570,proven_maximal,maximize_sum_testing_e_values_at_maximum_cardinality,proven_optimal,22648.09766043662,1.23170638677769,18387.57832512917,2,2,2,167;174,167;174,167;174,2,2,2,0,0,0,0.1,0.1,0.1,0.0,0.0,0.0,0,0,4.692159286998503,15,5,529,35,2,,original_uniform_floor_plus_prior_scores,maximum_cardinality_certified_superset_of_eBH_then_maximum_testing_evalue_sum,200,2,2,exact_dyadic_prefix_or_HiGHS_QUBO_MILP,300.0,1
169,11df7bf76fc302b8384011e34f6ad8996e7a5a0b6f3c75b694b74c531d98f410,proven_maximal,maximize_sum_testing_e_values_at_maximum_cardinality,proven_optimal,23239.452296208732,1.4824134289537965,15676.76860065267,3,3,5,50;67;195,50;67;195,37;50;67;88;195,3,3,5,0,0,0,0.15,0.15,0.25,0.0,0.0,0.0,0,2,4.845701120997546,16,9,609,42,5,,original_uniform_floor_plus_prior_scores,maximum_cardinality_certified_superset_of_eBH_then_maximum_testing_evalue_sum,200,3,3,exact_dyadic_prefix_or_HiGHS_QUBO_MILP,300.0,1
170,1f2175c5ce95180aea839159b3ca8159edea0c4ed156757456f7dde253778457,proven_maximal,maximize_sum_testing_e_values_at_maximum_cardinality,proven_optimal,35188.556808538044,2.028554618450116,17346.615412023406,3,3,3,41;95;157,41;95;157,41;95;157,3,3,3,0,0,0,0.15,0.15,0.15,0.0,0.0,0.0,0,0,4.2789531870002975,15,7,643,41,3,,original_uniform_floor_plus_prior_scores,maximum_cardinality_certified_superset_of_eBH_then_maximum_testing_evalue_sum,200,3,3,exact_dyadic_prefix_or_HiGHS_QUBO_MILP,300.0,1
171,501cdee0c16dcb16cb4d41783de3579ac05d3dfb8fe6e88df34a8358ce0bed19,proven_maximal,maximize_sum_testing_e_values_at_maximum_cardinality,proven_optimal,8797.421813495812,1.3947793281699583,6307.393317220011,1,1,3,152,152,34;146;152,1,1,3,0,0,0,0.05,0.05,0.15,0.0,0.0,0.0,0,2,4.877943375999166,16,8,740,34,3,,original_uniform_floor_plus_prior_scores,maximum_cardinality_certified_superset_of_eBH_then_maximum_testing_evalue_sum,200,1,1,exact_dyadic_prefix_or_HiGHS_QUBO_MILP,300.0,1
172,6b3c02c53610a66d3d76dcd8279eee55fab990138e03f1677b4daa148fcd0ecd,proven_maximal,maximize_sum_testing_e_values_at_maximum_cardinality,proven_optimal,6332.891704671567,2.27994275879237,2777.653816197537,3,3,3,44;72;112,44;72;112,44;72;112,3,3,3,0,0,0,0.15,0.15,0.15,0.0,0.0,0.0,0,0,2.1595203969991417,8,6,557,41,3,,original_uniform_floor_plus_prior_scores,maximum_cardinality_certified_superset_of_eBH_then_maximum_testing_evalue_sum,200,3,3,exact_dyadic_prefix_or_HiGHS_QUBO_MILP,300.0,1
173,d1f51820d0385b3b71870e90abf18a786200175f04b08df5a501684574dd298e,proven_maximal,maximize_sum_testing_e_values_at_maximum_cardinality,proven_optimal,0.0,0.0,2514.227597810676,0,0,0,,,,0,0,0,0,0,0,0.0,0.0,0.0,0.0,0.0,0.0,0,0,3.2250076530035585,16,7,647,40,0,,original_uniform_floor_plus_prior_scores,maximum_cardinality_certified_superset_of_eBH_then_maximum_testing_evalue_sum,200,0,0,exact_dyadic_prefix_or_HiGHS_QUBO_MILP,300.0,1
174,2673009e3da71d27438721e5606514d3c91ea267d79d21fb6bcd6c8a57cf23d7,proven_maximal,maximize_sum_testing_e_values_at_maximum_cardinality,proven_optimal,19469.448611045857,2.0277787664035087,9601.367236711472,5,5,6,10;75;115;126;130,10;75;115;126;130,10;75;115;123;126;130,5,5,6,0,0,0,0.25,0.25,0.3,0.0,0.0,0.0,0,1,2.5872379380016355,12,7,518,39,6,,original_uniform_floor_plus_prior_scores,maximum_cardinality_certified_superset_of_eBH_then_maximum_testing_evalue_sum,200,5,5,exact_dyadic_prefix_or_HiGHS_QUBO_MILP,300.0,1
175,f9554345fa93e8e71a54beb976437c4c6a5d472487783178f98503c4683ccf35,proven_maximal,maximize_sum_testing_e_values_at_maximum_cardinality,proven_optimal,17474.860758366205,2.4921066114933272,7012.083944472532,5,5,8,43;81;156;186;194,43;81;156;186;194,11;43;81;86;104;156;186;194,5,5,8,0,0,0,0.25,0.25,0.4,0.0,0.0,0.0,0,3,2.420843081003113,12,8,652,42,8,,original_uniform_floor_plus_prior_scores,maximum_cardinality_certified_superset_of_eBH_then_maximum_testing_evalue_sum,200,5,5,exact_dyadic_prefix_or_HiGHS_QUBO_MILP,300.0,1
176,800f67ac8aba5cccb258ae443ce9f0fecaf5311399934a841f4532d4c4b64e00,proven_maximal,maximize_sum_testing_e_values_at_maximum_cardinality,proven_optimal,46412.87960804311,1.4002242412342267,33146.747671739,3,3,4,24;30;110,24;30;110,24;30;110;191,3,3,4,0,0,0,0.15,0.15,0.2,0.0,0.0,0.0,0,1,3.0016979520005407,16,10,728,44,4,,original_uniform_floor_plus_prior_scores,maximum_cardinality_certified_superset_of_eBH_then_maximum_testing_evalue_sum,200,3,3,exact_dyadic_prefix_or_HiGHS_QUBO_MILP,300.0,1
177,c24bb11ebc11072d143665b34c3cca303fed3ef35977cfd9d051f2cf4d1709b0,proven_maximal,maximize_sum_testing_e_values_at_maximum_cardinality,proven_optimal,4130.960493569553,1.3748996154594406,3004.5542577224005,0,0,2,,,112;192,0,0,2,0,0,0,0.0,0.0,0.1,0.0,0.0,0.0,0,2,2.2989314080041368,11,9,754,43,2,,original_uniform_floor_plus_prior_scores,maximum_cardinality_certified_superset_of_eBH_then_maximum_testing_evalue_sum,200,0,0,exact_dyadic_prefix_or_HiGHS_QUBO_MILP,300.0,1
178,7b9343bcb4169701478e258dd907c9eda1da1ee10f4e6780519c602b5f1f1177,proven_maximal,maximize_sum_testing_e_values_at_maximum_cardinality,proven_optimal,0.0,0.0,1624.5354370741106,0,0,0,,,,0,0,0,0,0,0,0.0,0.0,0.0,0.0,0.0,0.0,0,0,2.739621986002021,16,9,703,34,0,,original_uniform_floor_plus_prior_scores,maximum_cardinality_certified_superset_of_eBH_then_maximum_testing_evalue_sum,200,0,0,exact_dyadic_prefix_or_HiGHS_QUBO_MILP,300.0,1
179,9dbd32dcb7053f3bc3f320854fafa71f9e749962f99d7c4621d96f044c4dadbd,proven_maximal,maximize_sum_testing_e_values_at_maximum_cardinality,proven_optimal,57212.2067013585,2.203195833686175,25967.82629424119,6,6,6,30;53;61;94;147;185,30;53;61;94;147;185,30;53;61;94;147;185,6,6,6,0,0,0,0.3,0.3,0.3,0.0,0.0,0.0,0,0,1.621040759004245,9,5,507,45,6,,original_uniform_floor_plus_prior_scores,maximum_cardinality_certified_superset_of_eBH_then_maximum_testing_evalue_sum,200,6,6,exact_dyadic_prefix_or_HiGHS_QUBO_MILP,300.0,1
180,a7542bb0c56710e5c75d5aa17781e7c4afdd7a200b56b53c19efe330f4749dc6,proven_maximal,maximize_sum_testing_e_values_at_maximum_cardinality,proven_optimal,15034.466688643117,2.523713540945388,5957.279399868488,5,5,5,37;70;86;117;191,37;70;86;117;191,37;70;86;117;191,5,5,5,0,0,0,0.25,0.25,0.25,0.0,0.0,0.0,0,0,2.5519258249987615,13,6,605,38,5,,original_uniform_floor_plus_prior_scores,maximum_cardinality_certified_superset_of_eBH_then_maximum_testing_evalue_sum,200,5,5,exact_dyadic_prefix_or_HiGHS_QUBO_MILP,300.0,1
181,58563465316092cc63a5c514d5ee5886d1df8db3ba473bd6c4d24218a8acb5e1,proven_maximal,maximize_sum_testing_e_values_at_maximum_cardinality,proven_optimal,17222.858747784932,1.7200857307861233,10012.790897296523,3,3,3,111;130;137,111;130;137,111;130;137,3,3,3,0,0,0,0.15,0.15,0.15,0.0,0.0,0.0,0,0,1.488940058996377,7,7,639,43,3,,original_uniform_floor_plus_prior_scores,maximum_cardinality_certified_superset_of_eBH_then_maximum_testing_evalue_sum,200,3,3,exact_dyadic_prefix_or_HiGHS_QUBO_MILP,300.0,1
182,a2d35d8910aafcd66d727a2fe312ef0e78e7e8f3dce5cd4b6d71e4d1e2bfdde2,proven_maximal,maximize_sum_testing_e_values_at_maximum_cardinality,proven_optimal,42388.46306244481,2.423996736664933,17487.01325430214,6,6,6,0;8;50;55;67;106,0;8;50;55;67;106,0;8;50;55;67;106,6,6,6,0,0,0,0.3,0.3,0.3,0.0,0.0,0.0,0,0,2.976716055003635,13,7,703,47,6,,original_uniform_floor_plus_prior_scores,maximum_cardinality_certified_superset_of_eBH_then_maximum_testing_evalue_sum,200,6,6,exact_dyadic_prefix_or_HiGHS_QUBO_MILP,300.0,1
183,41929e96705d860adc0c2f94818b4e8af6230277af435f57dacac4f11a28f361,proven_maximal,maximize_sum_testing_e_values_at_maximum_cardinality,proven_optimal,16340.50090455436,1.3428811808675156,12168.240301050477,1,1,6,167,167,31;65;98;142;162;167,1,1,6,0,0,0,0.05,0.05,0.3,0.0,0.0,0.0,0,5,3.0622669360018335,15,10,708,58,6,,original_uniform_floor_plus_prior_scores,maximum_cardinality_certified_superset_of_eBH_then_maximum_testing_evalue_sum,200,1,1,exact_dyadic_prefix_or_HiGHS_QUBO_MILP,300.0,1
184,617f6a14dc37e72893ac98a2a1782f75dbf8eda3af8c66682745b82e10b6dc0e,proven_maximal,maximize_sum_testing_e_values_at_maximum_cardinality,proven_optimal,10042.698210391,1.0,10042.698210391,1,1,1,146,146,146,1,1,1,0,0,0,0.05,0.05,0.05,0.0,0.0,0.0,0,0,3.3448395309969783,18,8,758,48,1,,original_uniform_floor_plus_prior_scores,maximum_cardinality_certified_superset_of_eBH_then_maximum_testing_evalue_sum,200,1,1,exact_dyadic_prefix_or_HiGHS_QUBO_MILP,300.0,1
185,da8b233c6458028bb20184e5229556d61f07e90cad1a3a5e2640ff2aff3c979e,proven_maximal,maximize_sum_testing_e_values_at_maximum_cardinality,proven_optimal,32577.787619225077,1.2884414423544115,25284.64744171424,4,4,4,8;86;132;178,8;86;132;178,8;86;132;178,4,4,4,0,0,0,0.2,0.2,0.2,0.0,0.0,0.0,0,0,2.7466294240002753,11,5,530,38,4,,original_uniform_floor_plus_prior_scores,maximum_cardinality_certified_superset_of_eBH_then_maximum_testing_evalue_sum,200,4,4,exact_dyadic_prefix_or_HiGHS_QUBO_MILP,300.0,1
186,4976fbaee368f8b2015ccf84f2aa7e3bccbc07688a5db04c2e0b5667bd13dd50,proven_maximal,maximize_sum_testing_e_values_at_maximum_cardinality,proven_optimal,7785.939796771321,2.245809768043123,3466.8741349164084,3,3,3,29;150;161,29;150;161,29;150;161,3,3,3,0,0,0,0.15,0.15,0.15,0.0,0.0,0.0,0,0,4.031128541995713,16,6,696,46,3,,original_uniform_floor_plus_prior_scores,maximum_cardinality_certified_superset_of_eBH_then_maximum_testing_evalue_sum,200,3,3,exact_dyadic_prefix_or_HiGHS_QUBO_MILP,300.0,1
187,1b2d0223ffd70ed09e6a4870c5dd1d2860e505fc256524d4cc1915cdaae40dd1,proven_maximal,maximize_sum_testing_e_values_at_maximum_cardinality,proven_optimal,30846.821079333142,1.17082555913574,26346.214291822536,4,4,5,0;37;110;122,0;37;110;122,0;37;52;110;122,4,4,5,0,0,0,0.2,0.2,0.25,0.0,0.0,0.0,0,1,3.9508384950022446,14,9,714,41,5,,original_uniform_floor_plus_prior_scores,maximum_cardinality_certified_superset_of_eBH_then_maximum_testing_evalue_sum,200,4,4,exact_dyadic_prefix_or_HiGHS_QUBO_MILP,300.0,1
188,9fe16e990fffb813860b52ef72038b109fe7c2f834d7dbb6bcc1fbe53fc07b73,proven_maximal,maximize_sum_testing_e_values_at_maximum_cardinality,proven_optimal,15871.45999785521,1.6322281816735293,9723.79975793712,3,3,3,46;140;150,46;140;150,46;140;150,3,3,3,0,0,0,0.15,0.15,0.15,0.0,0.0,0.0,0,0,2.21149313999922,10,7,596,39,3,,original_uniform_floor_plus_prior_scores,maximum_cardinality_certified_superset_of_eBH_then_maximum_testing_evalue_sum,200,3,3,exact_dyadic_prefix_or_HiGHS_QUBO_MILP,300.0,1
189,3d7c4ee58620bd674563bc2ca0a6a8726457ed311f8aa00f40955863765ae660,proven_maximal,maximize_sum_testing_e_values_at_maximum_cardinality,proven_optimal,28426.51619010827,3.709806769681036,7662.532836596322,9,9,11,11;44;63;118;168;171;182;190;195,11;44;63;118;168;171;182;190;195,11;44;63;118;138;158;168;171;182;190;195,9,9,11,0,0,0,0.45,0.45,0.55,0.0,0.0,0.0,0,2,3.596768618997885,9,6,600,41,11,,original_uniform_floor_plus_prior_scores,maximum_cardinality_certified_superset_of_eBH_then_maximum_testing_evalue_sum,200,9,9,exact_dyadic_prefix_or_HiGHS_QUBO_MILP,300.0,1
190,6081064c944fd3573f3b64c04ee141adc9c8abf901b9148e2997edfb09f24efe,proven_maximal,maximize_sum_testing_e_values_at_maximum_cardinality,proven_optimal,0.0,0.0,1373.0433554097349,0,0,0,,,,0,0,0,0,0,0,0.0,0.0,0.0,0.0,0.0,0.0,0,0,0.8829492020013276,3,3,300,32,0,,original_uniform_floor_plus_prior_scores,maximum_cardinality_certified_superset_of_eBH_then_maximum_testing_evalue_sum,200,0,0,exact_dyadic_prefix_or_HiGHS_QUBO_MILP,300.0,1
191,05a05cbf1bcbc389c242b3b7220a8bc65413e4e2c26683f9a6ee13d69ca53c4a,proven_maximal,maximize_sum_testing_e_values_at_maximum_cardinality,proven_optimal,30100.58740123171,1.5026591019453734,20031.54764927246,3,3,9,85;101;177,85;101;177,10;50;85;101;120;157;177;183;197,3,3,9,0,0,0,0.15,0.15,0.45,0.0,0.0,0.0,0,6,2.507268761997693,8,7,562,41,9,,original_uniform_floor_plus_prior_scores,maximum_cardinality_certified_superset_of_eBH_then_maximum_testing_evalue_sum,200,3,3,exact_dyadic_prefix_or_HiGHS_QUBO_MILP,300.0,1
192,3f8245f7eeeed04d7ce3a8b64f3849fed101a5c1b974a077344b30d19f21fa5e,proven_maximal,maximize_sum_testing_e_values_at_maximum_cardinality,proven_optimal,47720.64082951028,1.1519387535287329,41426.36983375,6,6,7,0;21;61;110;135;139,0;21;61;110;135;139,0;20;21;61;110;135;139,6,6,7,0,0,0,0.3,0.3,0.35,0.0,0.0,0.0,0,1,3.4056963510010974,14,9,790,39,7,,original_uniform_floor_plus_prior_scores,maximum_cardinality_certified_superset_of_eBH_then_maximum_testing_evalue_sum,200,6,6,exact_dyadic_prefix_or_HiGHS_QUBO_MILP,300.0,1
193,ab02d88af24a188cd4e978b82a4ea4ce6a089bc62fd72d4aa3deef415e656531,proven_maximal,maximize_sum_testing_e_values_at_maximum_cardinality,proven_optimal,441056.2298988782,1.0582289342509472,416787.15788571193,5,5,5,79;86;160;163;184,79;86;160;163;184,79;86;160;163;184,5,5,5,0,0,0,0.25,0.25,0.25,0.0,0.0,0.0,0,0,2.3535543870020774,10,4,449,29,5,,original_uniform_floor_plus_prior_scores,maximum_cardinality_certified_superset_of_eBH_then_maximum_testing_evalue_sum,200,5,5,exact_dyadic_prefix_or_HiGHS_QUBO_MILP,300.0,1
194,001e689d8354c5f4010d5be367d2e9041164a4241d114cadbea931380247b1ee,proven_maximal,maximize_sum_testing_e_values_at_maximum_cardinality,proven_optimal,8833.131686337132,1.0,8833.131686337132,1,1,1,157,157,157,1,1,1,0,0,0,0.05,0.05,0.05,0.0,0.0,0.0,0,0,2.7572962890044437,15,9,729,46,1,,original_uniform_floor_plus_prior_scores,maximum_cardinality_certified_superset_of_eBH_then_maximum_testing_evalue_sum,200,1,1,exact_dyadic_prefix_or_HiGHS_QUBO_MILP,300.0,1
195,6ee844fd5e373c5cfb782fbe7ff9c5d0f207b8d12cb5bd4320826e79012816aa,proven_maximal,maximize_sum_testing_e_values_at_maximum_cardinality,proven_optimal,36956.29656573235,1.4024789725473243,26350.695653289247,5,5,6,25;61;104;173;176,25;61;104;173;176,25;61;104;173;174;176,5,5,6,0,0,0,0.25,0.25,0.3,0.0,0.0,0.0,0,1,3.8197278439984075,17,9,706,42,6,,original_uniform_floor_plus_prior_scores,maximum_cardinality_certified_superset_of_eBH_then_maximum_testing_evalue_sum,200,5,5,exact_dyadic_prefix_or_HiGHS_QUBO_MILP,300.0,1
196,1e42d91b53d38d46f006e214032453a4313510abb44a3ff093d1f2fe5233dc7f,proven_maximal,maximize_sum_testing_e_values_at_maximum_cardinality,proven_optimal,9169.728743124026,1.5245530844029014,6014.699545024629,2,2,2,154;186,154;186,154;186,2,2,2,0,0,0,0.1,0.1,0.1,0.0,0.0,0.0,0,0,2.923151762006455,13,5,462,34,2,,original_uniform_floor_plus_prior_scores,maximum_cardinality_certified_superset_of_eBH_then_maximum_testing_evalue_sum,200,2,2,exact_dyadic_prefix_or_HiGHS_QUBO_MILP,300.0,1
197,bb294ce20efe2ee93d9538817fafa0ad982ff530d2a14bb5b110e37a82716128,proven_maximal,maximize_sum_testing_e_values_at_maximum_cardinality,proven_optimal,168128.50148065406,1.0761831778682,156226.65819186845,4,4,4,8;54;75;102,8;54;75;102,8;54;75;102,4,4,4,0,0,0,0.2,0.2,0.2,0.0,0.0,0.0,0,0,2.528657214999839,14,8,755,56,4,,original_uniform_floor_plus_prior_scores,maximum_cardinality_certified_superset_of_eBH_then_maximum_testing_evalue_sum,200,4,4,exact_dyadic_prefix_or_HiGHS_QUBO_MILP,300.0,1
198,f1f0086d650a8b27bd35f6a479472140757ced8cfa5830ac0547b370d2ab6f74,proven_maximal,maximize_sum_testing_e_values_at_maximum_cardinality,proven_optimal,85989.48559255477,1.724898373314987,49851.91413178524,7,7,8,18;46;79;115;127;157;196,18;46;79;115;127;157;196,18;46;79;115;127;157;173;196,7,7,8,0,0,0,0.35,0.35,0.4,0.0,0.0,0.0,0,1,2.8190701649946277,13,9,707,46,8,,original_uniform_floor_plus_prior_scores,maximum_cardinality_certified_superset_of_eBH_then_maximum_testing_evalue_sum,200,7,7,exact_dyadic_prefix_or_HiGHS_QUBO_MILP,300.0,1
199,6f575d574bb6f43bafd5189c09a275223b17c58c95ed65978e18aff66610d2ed,proven_maximal,maximize_sum_testing_e_values_at_maximum_cardinality,proven_optimal,14795.945767982963,2.1257724825320303,6960.267803617136,4,4,6,59;106;146;191,59;106;146;191,59;106;128;146;190;191,4,4,6,0,0,0,0.2,0.2,0.3,0.0,0.0,0.0,0,2,3.017084002996853,13,7,621,36,6,,original_uniform_floor_plus_prior_scores,maximum_cardinality_certified_superset_of_eBH_then_maximum_testing_evalue_sum,200,4,4,exact_dyadic_prefix_or_HiGHS_QUBO_MILP,300.0,1
200,f12bd07ef005c9db4229d57644c039e556793885e3e5df57ed275acd99f7fd20,proven_maximal,maximize_sum_testing_e_values_at_maximum_cardinality,proven_optimal,165660.8316161545,1.234573851743373,134184.62685097422,6,6,6,3;4;73;93;97;134,3;4;73;93;97;134,3;4;73;93;97;134,6,6,6,0,0,0,0.3,0.3,0.3,0.0,0.0,0.0,0,0,3.079858436001814,14,7,642,47,6,,original_uniform_floor_plus_prior_scores,maximum_cardinality_certified_superset_of_eBH_then_maximum_testing_evalue_sum,200,6,6,exact_dyadic_prefix_or_HiGHS_QUBO_MILP,300.0,1
201,51e8ed2762506012ffb9f2e9e5f855ac27b03b38df528fc79868aae71994818d,proven_maximal,maximize_sum_testing_e_values_at_maximum_cardinality,proven_optimal,180772.37479053755,1.258800779479031,143606.81828092944,5,5,7,4;136;151;184;193,4;136;151;184;193,4;136;148;151;180;184;193,5,5,7,0,0,0,0.25,0.25,0.35,0.0,0.0,0.0,0,2,3.0539503549953224,14,6,511,30,7,,original_uniform_floor_plus_prior_scores,maximum_cardinality_certified_superset_of_eBH_then_maximum_testing_evalue_sum,200,5,5,exact_dyadic_prefix_or_HiGHS_QUBO_MILP,300.0,1
202,d1c32aa0feb666d23d8f37c173a43cdc32c1459069c24cd8ba3a6578f46f40a1,proven_maximal,maximize_sum_testing_e_values_at_maximum_cardinality,proven_optimal,159100.0852887192,1.875937797222003,84810.95989660412,4,4,6,53;97;114;156,53;97;114;156,9;53;73;97;114;156,4,4,6,0,0,0,0.2,0.2,0.3,0.0,0.0,0.0,0,2,3.1268933700048365,15,7,535,39,6,,original_uniform_floor_plus_prior_scores,maximum_cardinality_certified_superset_of_eBH_then_maximum_testing_evalue_sum,200,4,4,exact_dyadic_prefix_or_HiGHS_QUBO_MILP,300.0,1
203,bb92c543348fcdc355badb31fcf781671c08c3c553487c5b6aefb5136524fe4a,proven_maximal,maximize_sum_testing_e_values_at_maximum_cardinality,proven_optimal,8985.224971958609,1.0,8985.224971958609,1,1,1,1,1,1,1,1,1,0,0,0,0.05,0.05,0.05,0.0,0.0,0.0,0,0,3.702809221998905,15,6,700,34,1,,original_uniform_floor_plus_prior_scores,maximum_cardinality_certified_superset_of_eBH_then_maximum_testing_evalue_sum,200,1,1,exact_dyadic_prefix_or_HiGHS_QUBO_MILP,300.0,1
204,c6e129924e95771995a45f67b3835ec47c5872df33a9b2a31230251d471e14cb,proven_maximal,maximize_sum_testing_e_values_at_maximum_cardinality,proven_optimal,46863.31696981241,1.0,46863.31696981241,1,1,1,152,152,152,1,1,1,0,0,0,0.05,0.05,0.05,0.0,0.0,0.0,0,0,4.222649219998857,17,7,572,23,1,,original_uniform_floor_plus_prior_scores,maximum_cardinality_certified_superset_of_eBH_then_maximum_testing_evalue_sum,200,1,1,exact_dyadic_prefix_or_HiGHS_QUBO_MILP,300.0,1
205,738fb5f71659fa36c5cadd6eb2e227545ed5e673654554a12661e14d7c7fc67f,proven_maximal,maximize_sum_testing_e_values_at_maximum_cardinality,proven_optimal,16015.644547724152,1.3430487010664942,11924.84273653396,2,2,2,155;169,155;169,155;169,2,2,2,0,0,0,0.1,0.1,0.1,0.0,0.0,0.0,0,0,2.0501825870014727,10,6,564,41,2,,original_uniform_floor_plus_prior_scores,maximum_cardinality_certified_superset_of_eBH_then_maximum_testing_evalue_sum,200,2,2,exact_dyadic_prefix_or_HiGHS_QUBO_MILP,300.0,1
206,0376ab854a3714c9bd6c965a61647b35b9d32a1419f30317c8ae444123c17e6e,proven_maximal,maximize_sum_testing_e_values_at_maximum_cardinality,proven_optimal,10183.098451176309,1.8862630261048072,5398.556993509399,4,4,4,14;139;182;187,14;139;182;187,14;139;182;187,4,4,4,0,0,0,0.2,0.2,0.2,0.0,0.0,0.0,0,0,4.144474991000607,15,6,606,44,4,,original_uniform_floor_plus_prior_scores,maximum_cardinality_certified_superset_of_eBH_then_maximum_testing_evalue_sum,200,4,4,exact_dyadic_prefix_or_HiGHS_QUBO_MILP,300.0,1
207,13811d5aec3410b6028909bbd89319b4ff4f6d56ef286fe0ccfa33e04d6a9374,proven_maximal,maximize_sum_testing_e_values_at_maximum_cardinality,proven_optimal,6411.595447975274,2.0583762968556987,3114.8801401227734,3,3,4,10;16;191,10;16;191,10;16;191;192,3,3,4,0,0,0,0.15,0.15,0.2,0.0,0.0,0.0,0,1,2.5221716909945826,9,7,524,36,4,,original_uniform_floor_plus_prior_scores,maximum_cardinality_certified_superset_of_eBH_then_maximum_testing_evalue_sum,200,3,3,exact_dyadic_prefix_or_HiGHS_QUBO_MILP,300.0,1
208,dc37994ff29575ced2e341f1ac13284b02e98e58d034872e55c36b7915b91ca9,proven_maximal,maximize_sum_testing_e_values_at_maximum_cardinality,proven_optimal,5643.03338448478,1.0,5643.03338448478,1,1,1,180,180,180,1,1,1,0,0,0,0.05,0.05,0.05,0.0,0.0,0.0,0,0,3.5951050110015785,17,9,637,43,1,,original_uniform_floor_plus_prior_scores,maximum_cardinality_certified_superset_of_eBH_then_maximum_testing_evalue_sum,200,1,1,exact_dyadic_prefix_or_HiGHS_QUBO_MILP,300.0,1
209,1c304fc5271432089a4c62023290840aef0c4fabca432e8fad8f592e00e7a1d8,proven_maximal,maximize_sum_testing_e_values_at_maximum_cardinality,proven_optimal,0.0,0.0,1327.585419181877,0,0,0,,,,0,0,0,0,0,0,0.0,0.0,0.0,0.0,0.0,0.0,0,0,0.7770846040002652,3,3,300,34,0,,original_uniform_floor_plus_prior_scores,maximum_cardinality_certified_superset_of_eBH_then_maximum_testing_evalue_sum,200,0,0,exact_dyadic_prefix_or_HiGHS_QUBO_MILP,300.0,1
210,93c11a6bde3e3efcd735cb234532335d95557cbfcb21d235bcdbe41ae5cba668,proven_maximal,maximize_sum_testing_e_values_at_maximum_cardinality,proven_optimal,69246.7294359475,1.0775749848071952,64261.63414357421,3,3,3,16;29;184,16;29;184,16;29;184,3,3,3,0,0,0,0.15,0.15,0.15,0.0,0.0,0.0,0,0,2.1873731769956066,12,7,701,53,3,,original_uniform_floor_plus_prior_scores,maximum_cardinality_certified_superset_of_eBH_then_maximum_testing_evalue_sum,200,3,3,exact_dyadic_prefix_or_HiGHS_QUBO_MILP,300.0,1
211,df5ce1dbf46b9b2e97af12f72421a164835b34f50a12269fd071ae02d8f4e469,proven_maximal,maximize_sum_testing_e_values_at_maximum_cardinality,proven_optimal,33273.70966460868,1.1217008837970197,29663.62079699476,1,1,4,167,167,28;49;167;170,1,1,4,0,0,0,0.05,0.05,0.2,0.0,0.0,0.0,0,3,3.407607929999358,16,9,734,36,4,,original_uniform_floor_plus_prior_scores,maximum_cardinality_certified_superset_of_eBH_then_maximum_testing_evalue_sum,200,1,1,exact_dyadic_prefix_or_HiGHS_QUBO_MILP,300.0,1
212,5416cb769ece61e86319411b33881dc37766e4e1f3d540cd7d0906ab00faf61f,proven_maximal,maximize_sum_testing_e_values_at_maximum_cardinality,proven_optimal,32872.055997146075,1.3154477562845508,24989.252397215965,3,3,3,101;104;177,101;104;177,101;104;177,3,3,3,0,0,0,0.15,0.15,0.15,0.0,0.0,0.0,0,0,1.6666867480016663,10,7,703,50,3,,original_uniform_floor_plus_prior_scores,maximum_cardinality_certified_superset_of_eBH_then_maximum_testing_evalue_sum,200,3,3,exact_dyadic_prefix_or_HiGHS_QUBO_MILP,300.0,1
213,25b26574d2d7a34b566dd5f816f704fd311807ce7494a91ea1a9047063b47983,proven_maximal,maximize_sum_testing_e_values_at_maximum_cardinality,proven_optimal,51140.00038347122,1.1823559427934054,43252.62683811535,2,2,2,7;180,7;180,7;180,2,2,2,0,0,0,0.1,0.1,0.1,0.0,0.0,0.0,0,0,2.530455301006441,13,6,536,32,2,,original_uniform_floor_plus_prior_scores,maximum_cardinality_certified_superset_of_eBH_then_maximum_testing_evalue_sum,200,2,2,exact_dyadic_prefix_or_HiGHS_QUBO_MILP,300.0,1
214,a0dbc560d69b1fab3ce4995f3edb367a3ced6cf66467118863f8d852ad063650,proven_maximal,maximize_sum_testing_e_values_at_maximum_cardinality,proven_optimal,50166.56741362976,2.0445716117423802,24536.468727978623,5,5,7,43;105;109;115;167,43;105;109;115;167,43;98;105;109;115;153;167,5,5,7,0,0,0,0.25,0.25,0.35,0.0,0.0,0.0,0,2,4.319482787999732,19,12,1007,48,7,,original_uniform_floor_plus_prior_scores,maximum_cardinality_certified_superset_of_eBH_then_maximum_testing_evalue_sum,200,5,5,exact_dyadic_prefix_or_HiGHS_QUBO_MILP,300.0,1
215,64e6f75d8ded602cf0c03a001d45995ce010ae281e8f241565cd4040b384f9a1,proven_maximal,maximize_sum_testing_e_values_at_maximum_cardinality,proven_optimal,0.0,0.0,919.4089638602144,0,0,0,,,,0,0,0,0,0,0,0.0,0.0,0.0,0.0,0.0,0.0,0,0,0.7229317329984042,3,3,300,36,0,,original_uniform_floor_plus_prior_scores,maximum_cardinality_certified_superset_of_eBH_then_maximum_testing_evalue_sum,200,0,0,exact_dyadic_prefix_or_HiGHS_QUBO_MILP,300.0,1
216,0478de3ee8340aa4e4878c7102810fbdb1b30e6f68c2537b0180e9accffb90fe,proven_maximal,maximize_sum_testing_e_values_at_maximum_cardinality,proven_optimal,17550.250140645316,1.3048362601738406,13450.155146904895,2,2,2,87;163,87;163,87;163,2,2,2,0,0,0,0.1,0.1,0.1,0.0,0.0,0.0,0,0,4.693404870005907,19,9,742,48,2,,original_uniform_floor_plus_prior_scores,maximum_cardinality_certified_superset_of_eBH_then_maximum_testing_evalue_sum,200,2,2,exact_dyadic_prefix_or_HiGHS_QUBO_MILP,300.0,1
217,442769ed4b52893ce6e7cd1dc14540e7efa0fd83d98c9ec9b4883910da989a16,proven_maximal,maximize_sum_testing_e_values_at_maximum_cardinality,proven_optimal,0.0,0.0,750.7521562753038,0,0,0,,,,0,0,0,0,0,0,0.0,0.0,0.0,0.0,0.0,0.0,0,0,0.7876675149964285,3,3,300,36,0,,original_uniform_floor_plus_prior_scores,maximum_cardinality_certified_superset_of_eBH_then_maximum_testing_evalue_sum,200,0,0,exact_dyadic_prefix_or_HiGHS_QUBO_MILP,300.0,1
218,6629aecae5c5dfe21b0a371e039955f5aed60d6fc016c3a467c4fcb44b3c8c56,proven_maximal,maximize_sum_testing_e_values_at_maximum_cardinality,proven_optimal,65926.7894104268,1.3064731655380628,50461.64831351532,4,4,4,9;16;40;112,9;16;40;112,9;16;40;112,4,4,4,0,0,0,0.2,0.2,0.2,0.0,0.0,0.0,0,0,1.481108709005639,7,6,700,47,4,,original_uniform_floor_plus_prior_scores,maximum_cardinality_certified_superset_of_eBH_then_maximum_testing_evalue_sum,200,4,4,exact_dyadic_prefix_or_HiGHS_QUBO_MILP,300.0,1
219,74f35c0a95f7bf5da4c7d6a8f890fd5e72da59eed0befc078043c8fbd5dd9f04,proven_maximal,maximize_sum_testing_e_values_at_maximum_cardinality,proven_optimal,0.0,0.0,753.3475736075123,0,0,0,,,,0,0,0,0,0,0,0.0,0.0,0.0,0.0,0.0,0.0,0,0,0.8607878479961073,3,3,300,43,0,,original_uniform_floor_plus_prior_scores,maximum_cardinality_certified_superset_of_eBH_then_maximum_testing_evalue_sum,200,0,0,exact_dyadic_prefix_or_HiGHS_QUBO_MILP,300.0,1
220,9ae6b8f41c6da231a49f1de393349d746e9015d627cf9f15ddecade97f609e5b,proven_maximal,maximize_sum_testing_e_values_at_maximum_cardinality,proven_optimal,0.0,0.0,2754.550848932911,0,0,0,,,,0,0,0,0,0,0,0.0,0.0,0.0,0.0,0.0,0.0,0,0,4.299283859996649,13,8,760,38,0,,original_uniform_floor_plus_prior_scores,maximum_cardinality_certified_superset_of_eBH_then_maximum_testing_evalue_sum,200,0,0,exact_dyadic_prefix_or_HiGHS_QUBO_MILP,300.0,1
221,afd0e9f290feb0a5f982d3712da6609f7ae31f69740cb3e65cecb2e19f7d8c5c,proven_maximal,maximize_sum_testing_e_values_at_maximum_cardinality,proven_optimal,159769.94686793076,1.0566712817301034,151201.18208033164,2,2,2,5;22,5;22,5;22,2,2,2,0,0,0,0.1,0.1,0.1,0.0,0.0,0.0,0,0,2.7286784399984754,10,7,707,54,2,,original_uniform_floor_plus_prior_scores,maximum_cardinality_certified_superset_of_eBH_then_maximum_testing_evalue_sum,200,2,2,exact_dyadic_prefix_or_HiGHS_QUBO_MILP,300.0,1
222,b88adb2bc027d537ffd920695f91985644bbca4460e3fd8ba0d11d4b9e55fd31,proven_maximal,maximize_sum_testing_e_values_at_maximum_cardinality,proven_optimal,39258.70706726468,1.2280132935096042,31969.28508409314,2,2,2,17;137,17;137,17;137,2,2,2,0,0,0,0.1,0.1,0.1,0.0,0.0,0.0,0,0,5.975413653999567,17,8,749,39,2,,original_uniform_floor_plus_prior_scores,maximum_cardinality_certified_superset_of_eBH_then_maximum_testing_evalue_sum,200,2,2,exact_dyadic_prefix_or_HiGHS_QUBO_MILP,300.0,1
223,b4025d1a7662ad26a5226883b852e8496211eca8158c6d620ff9a50219f4213a,proven_maximal,maximize_sum_testing_e_values_at_maximum_cardinality,proven_optimal,99146.60344119622,1.3149602081223535,75398.93817986232,5,5,5,55;102;111;191;197,55;102;111;191;197,55;102;111;191;197,5,5,5,0,0,0,0.25,0.25,0.25,0.0,0.0,0.0,0,0,5.328536320004787,17,8,723,33,5,,original_uniform_floor_plus_prior_scores,maximum_cardinality_certified_superset_of_eBH_then_maximum_testing_evalue_sum,200,5,5,exact_dyadic_prefix_or_HiGHS_QUBO_MILP,300.0,1
224,d83c7e6b92befcdef5cf53acc4e39961dfaf5e64c67d9e517e91baf75e668a25,proven_maximal,maximize_sum_testing_e_values_at_maximum_cardinality,proven_optimal,102202.66926860562,1.0885888412808356,93885.4647346502,4,4,4,47;85;109;118,47;85;109;118,47;85;109;118,4,4,4,0,0,0,0.2,0.2,0.2,0.0,0.0,0.0,0,0,4.639230464999855,15,6,629,49,4,,original_uniform_floor_plus_prior_scores,maximum_cardinality_certified_superset_of_eBH_then_maximum_testing_evalue_sum,200,4,4,exact_dyadic_prefix_or_HiGHS_QUBO_MILP,300.0,1
225,bc3007a8dfd5e744ebc09ccd38587ca0b451a364ea64e248a1ad8b2f691af98f,proven_maximal,maximize_sum_testing_e_values_at_maximum_cardinality,proven_optimal,11534.012632702568,2.371788078747919,4863.003038109308,3,3,3,57;98;175,57;98;175,57;98;175,3,3,3,0,0,0,0.15,0.15,0.15,0.0,0.0,0.0,0,0,3.5373019659964484,13,6,700,48,3,,original_uniform_floor_plus_prior_scores,maximum_cardinality_certified_superset_of_eBH_then_maximum_testing_evalue_sum,200,3,3,exact_dyadic_prefix_or_HiGHS_QUBO_MILP,300.0,1
226,33d07070004113849132340714e51236fe87f255e92eb7fc55aa381a4429d93c,proven_maximal,maximize_sum_testing_e_values_at_maximum_cardinality,proven_optimal,18088.822062507563,1.6632176913132963,10875.799456067843,3,3,3,68;79;177,68;79;177,68;79;177,3,3,3,0,0,0,0.15,0.15,0.15,0.0,0.0,0.0,0,0,3.549575940000068,13,6,662,45,3,,original_uniform_floor_plus_prior_scores,maximum_cardinality_certified_superset_of_eBH_then_maximum_testing_evalue_sum,200,3,3,exact_dyadic_prefix_or_HiGHS_QUBO_MILP,300.0,1
227,869c35624e10cb52e7161ba84341a3a00dd3e4ef1094f1886765309fa3accbf8,proven_maximal,maximize_sum_testing_e_values_at_maximum_cardinality,proven_optimal,11565.650098636692,2.293516426547605,5042.758780693054,5,5,7,9;44;151;153;177,9;44;151;153;177,9;44;46;151;153;177;191,5,5,7,0,0,0,0.25,0.25,0.35,0.0,0.0,0.0,0,2,6.49692489500012,19,12,871,40,7,,original_uniform_floor_plus_prior_scores,maximum_cardinality_certified_superset_of_eBH_then_maximum_testing_evalue_sum,200,5,5,exact_dyadic_prefix_or_HiGHS_QUBO_MILP,300.0,1
228,e4ca58a475e4ad9e6edd91c44e7b9dd51608fb61071e82cdf54e81509e6173f4,proven_maximal,maximize_sum_testing_e_values_at_maximum_cardinality,proven_optimal,5731.466365321655,1.0,5731.466365321655,1,1,1,172,172,172,1,1,1,0,0,0,0.05,0.05,0.05,0.0,0.0,0.0,0,0,3.283038110996131,14,7,606,47,1,,original_uniform_floor_plus_prior_scores,maximum_cardinality_certified_superset_of_eBH_then_maximum_testing_evalue_sum,200,1,1,exact_dyadic_prefix_or_HiGHS_QUBO_MILP,300.0,1
229,e3718a2d68f1d8d22332c10642e4d9b7090644eef24a70b4dc8b9e3f4327f8bc,proven_maximal,maximize_sum_testing_e_values_at_maximum_cardinality,proven_optimal,0.0,0.0,1022.6908013545604,0,0,0,,,,0,0,0,0,0,0,0.0,0.0,0.0,0.0,0.0,0.0,0,0,4.797492289995716,17,7,519,40,0,,original_uniform_floor_plus_prior_scores,maximum_cardinality_certified_superset_of_eBH_then_maximum_testing_evalue_sum,200,0,0,exact_dyadic_prefix_or_HiGHS_QUBO_MILP,300.0,1
230,796739ede399533e699d71d80d9bf2838b86b0f95fd12525fb749c4e3b52b89c,proven_maximal,maximize_sum_testing_e_values_at_maximum_cardinality,proven_optimal,27305.07931206137,1.9709638371608735,13853.668340964432,3,3,6,17;87;112,17;87;112,7;17;87;112;139;171,3,3,6,0,0,0,0.15,0.15,0.3,0.0,0.0,0.0,0,3,3.0756154430055176,11,8,653,43,6,,original_uniform_floor_plus_prior_scores,maximum_cardinality_certified_superset_of_eBH_then_maximum_testing_evalue_sum,200,3,3,exact_dyadic_prefix_or_HiGHS_QUBO_MILP,300.0,1
231,e004bdacff7328fd5604e002faf307caafc0e5e99327e06b1977cf21478dc7a9,proven_maximal,maximize_sum_testing_e_values_at_maximum_cardinality,proven_optimal,8557.744224710643,2.306661236018976,3710.01345628034,4,4,4,4;33;88;197,4;33;88;197,4;33;88;197,4,4,4,0,0,0,0.2,0.2,0.2,0.0,0.0,0.0,0,0,3.7565138139980263,13,7,674,36,4,,original_uniform_floor_plus_prior_scores,maximum_cardinality_certified_superset_of_eBH_then_maximum_testing_evalue_sum,200,4,4,exact_dyadic_prefix_or_HiGHS_QUBO_MILP,300.0,1
232,04abb0e99c9d183dcc9d24bfa83bfa66b81eeb10ec579e9be561c2a09a235424,proven_maximal,maximize_sum_testing_e_values_at_maximum_cardinality,proven_optimal,265145.7359169778,1.0517964803313888,252088.441894613,3,3,9,20;95;199,20;95;199,20;39;95;121;133;148;173;174;199,3,3,9,0,0,0,0.15,0.15,0.45,0.0,0.0,0.0,0,6,3.411645819003752,11,7,520,32,9,,original_uniform_floor_plus_prior_scores,maximum_cardinality_certified_superset_of_eBH_then_maximum_testing_evalue_sum,200,3,3,exact_dyadic_prefix_or_HiGHS_QUBO_MILP,300.0,1
233,7bf9a427eaf49a799b1bb4ba96a5c0378f87b49cb183df924a556324110ff85f,proven_maximal,maximize_sum_testing_e_values_at_maximum_cardinality,proven_optimal,89780.79365600627,1.706669253515113,52605.85404646551,5,5,10,30;34;143;163;170,30;34;143;163;170,30;34;88;105;111;121;130;143;163;170,5,5,10,0,0,0,0.25,0.25,0.5,0.0,0.0,0.0,0,5,3.315795716000139,12,8,712,47,10,,original_uniform_floor_plus_prior_scores,maximum_cardinality_certified_superset_of_eBH_then_maximum_testing_evalue_sum,200,5,5,exact_dyadic_prefix_or_HiGHS_QUBO_MILP,300.0,1
234,125c76578cccc13e5c461461db8a00d59ff5afaa98a2bbc80109a2966b0e02c8,proven_maximal,maximize_sum_testing_e_values_at_maximum_cardinality,proven_optimal,7263.003302586159,2.0664290762323496,3514.7605045456235,3,3,4,35;59;103,35;59;103,35;59;103;155,3,3,4,0,0,0,0.15,0.15,0.2,0.0,0.0,0.0,0,1,3.5088251309935004,14,8,649,45,4,,original_uniform_floor_plus_prior_scores,maximum_cardinality_certified_superset_of_eBH_then_maximum_testing_evalue_sum,200,3,3,exact_dyadic_prefix_or_HiGHS_QUBO_MILP,300.0,1
235,720b5e9614f5311f75b0cd800900228665b9bceedb56e5262729e0a920d74dff,proven_maximal,maximize_sum_testing_e_values_at_maximum_cardinality,proven_optimal,29056.25323372102,1.7467516392107445,16634.450245513926,4,4,4,44;70;155;191,44;70;155;191,44;70;155;191,4,4,4,0,0,0,0.2,0.2,0.2,0.0,0.0,0.0,0,0,2.7908408810035326,13,7,656,35,4,,original_uniform_floor_plus_prior_scores,maximum_cardinality_certified_superset_of_eBH_then_maximum_testing_evalue_sum,200,4,4,exact_dyadic_prefix_or_HiGHS_QUBO_MILP,300.0,1
236,93b0cd218d0ccf90273d0bf6e9b9fbf428bffaa66328b1edf0f253764e71d29e,proven_maximal,maximize_sum_testing_e_values_at_maximum_cardinality,proven_optimal,3957.124785172258,1.0,3957.124785172258,0,0,1,,,166,0,0,1,0,0,0,0.0,0.0,0.05,0.0,0.0,0.0,0,1,2.6879585919959936,14,7,605,36,1,,original_uniform_floor_plus_prior_scores,maximum_cardinality_certified_superset_of_eBH_then_maximum_testing_evalue_sum,200,0,0,exact_dyadic_prefix_or_HiGHS_QUBO_MILP,300.0,1
237,5cb1e627d963af04ffbf8c8f787620dc11b90cf8368e17c35913f2da934f240a,proven_maximal,maximize_sum_testing_e_values_at_maximum_cardinality,proven_optimal,27647.349251447835,1.4161154889017313,19523.371835223512,4,4,7,19;66;115;169,19;66;115;169,17;19;20;66;115;164;169,4,4,7,0,0,0,0.2,0.2,0.35,0.0,0.0,0.0,0,3,4.362426495004911,18,12,967,38,7,,original_uniform_floor_plus_prior_scores,maximum_cardinality_certified_superset_of_eBH_then_maximum_testing_evalue_sum,200,4,4,exact_dyadic_prefix_or_HiGHS_QUBO_MILP,300.0,1
238,6e4a6b1c1468ea1fb40550e2db16f125892d243d911053a5f725b2b2c968d1e0,proven_maximal,maximize_sum_testing_e_values_at_maximum_cardinality,proven_optimal,0.0,0.0,2331.9877261755423,0,0,0,,,,0,0,0,0,0,0,0.0,0.0,0.0,0.0,0.0,0.0,0,0,2.977093811001396,16,8,733,37,0,,original_uniform_floor_plus_prior_scores,maximum_cardinality_certified_superset_of_eBH_then_maximum_testing_evalue_sum,200,0,0,exact_dyadic_prefix_or_HiGHS_QUBO_MILP,300.0,1
239,a3dfbff993d963f5542a29d416bbfd8c2589ce18f4989a0841040400dd754ada,proven_maximal,maximize_sum_testing_e_values_at_maximum_cardinality,proven_optimal,61946.575542720566,2.0750405910372582,29853.18735946033,3,3,3,3;9;130,3;9;130,3;9;130,3,3,3,0,0,0,0.15,0.15,0.15,0.0,0.0,0.0,0,0,3.5648081860053935,16,6,700,40,3,,original_uniform_floor_plus_prior_scores,maximum_cardinality_certified_superset_of_eBH_then_maximum_testing_evalue_sum,200,3,3,exact_dyadic_prefix_or_HiGHS_QUBO_MILP,300.0,1
240,118856f437f02ad030cd6b11d5b479dc73bd2c5627d1af85f6a287d07f85d584,proven_maximal,maximize_sum_testing_e_values_at_maximum_cardinality,proven_optimal,5623.673606244565,4.309108506811394,1305.0666042303744,0,0,6,,,17;70;94;175;191;196,0,0,6,0,0,0,0.0,0.0,0.3,0.0,0.0,0.0,0,6,1.877289803000167,10,8,550,45,6,,original_uniform_floor_plus_prior_scores,maximum_cardinality_certified_superset_of_eBH_then_maximum_testing_evalue_sum,200,0,0,exact_dyadic_prefix_or_HiGHS_QUBO_MILP,300.0,1
241,f80efac703b7af93862cbc0437de0f738528dc9b2ed477c3706c504238fb1a5a,proven_maximal,maximize_sum_testing_e_values_at_maximum_cardinality,proven_optimal,0.0,0.0,1274.871524648755,0,0,0,,,,0,0,0,0,0,0,0.0,0.0,0.0,0.0,0.0,0.0,0,0,0.7727009919981356,3,3,300,47,0,,original_uniform_floor_plus_prior_scores,maximum_cardinality_certified_superset_of_eBH_then_maximum_testing_evalue_sum,200,0,0,exact_dyadic_prefix_or_HiGHS_QUBO_MILP,300.0,1
242,33192260fb51555d56921046b1111727b93dd4eeb65cbac5bda417bc65f9f3a9,proven_maximal,maximize_sum_testing_e_values_at_maximum_cardinality,proven_optimal,56898.39818251863,1.0745212918380955,52952.32268984377,2,2,2,36;177,36;177,36;177,2,2,2,0,0,0,0.1,0.1,0.1,0.0,0.0,0.0,0,0,1.1609056509987568,7,5,451,38,2,,original_uniform_floor_plus_prior_scores,maximum_cardinality_certified_superset_of_eBH_then_maximum_testing_evalue_sum,200,2,2,exact_dyadic_prefix_or_HiGHS_QUBO_MILP,300.0,1
243,bfc69571cee12c332850cdf9e4ea03dc835dafb51dfc154e5f714c9b6ec406df,proven_maximal,maximize_sum_testing_e_values_at_maximum_cardinality,proven_optimal,204636.82668489427,1.2686804534747884,161298.95130362775,4,4,5,16;110;130;177,16;110;130;177,16;37;110;130;177,4,4,5,0,0,0,0.2,0.2,0.25,0.0,0.0,0.0,0,1,2.6960158219953883,15,9,795,52,5,,original_uniform_floor_plus_prior_scores,maximum_cardinality_certified_superset_of_eBH_then_maximum_testing_evalue_sum,200,4,4,exact_dyadic_prefix_or_HiGHS_QUBO_MILP,300.0,1
244,779e2d1852135a703297ae5ad5f4cdbbe53d685e5acf1b924f0f3384f9c70652,proven_maximal,maximize_sum_testing_e_values_at_maximum_cardinality,proven_optimal,3711.3888000278753,1.0,3711.3888000278753,0,0,1,,,20,0,0,1,0,0,0,0.0,0.0,0.05,0.0,0.0,0.0,0,1,4.2740836500015575,20,11,845,41,1,,original_uniform_floor_plus_prior_scores,maximum_cardinality_certified_superset_of_eBH_then_maximum_testing_evalue_sum,200,0,0,exact_dyadic_prefix_or_HiGHS_QUBO_MILP,300.0,1
245,5fa27807ce732fd394dc6fee2d09e7c74ea56b667f4cc71daa4ee058c95859ca,proven_maximal,maximize_sum_testing_e_values_at_maximum_cardinality,proven_optimal,39538.1678211621,1.3499426273730266,29288.776440894333,8,8,8,15;28;39;57;80;116;126;155,15;28;39;57;80;116;126;155,15;28;39;57;80;116;126;155,7,7,7,1,1,1,0.35,0.35,0.35,0.125,0.125,0.125,0,0,2.3831078189978143,10,6,669,37,8,,original_uniform_floor_plus_prior_scores,maximum_cardinality_certified_superset_of_eBH_then_maximum_testing_evalue_sum,200,8,8,exact_dyadic_prefix_or_HiGHS_QUBO_MILP,300.0,1
246,01d9ddfe9e40016585f3ffafae222fd45426136196af3b3015499dd1cb9c9a8d,proven_maximal,maximize_sum_testing_e_values_at_maximum_cardinality,proven_optimal,17767.46592120471,1.4425681253040332,12316.55241062537,2,2,7,27;121,27;121,26;27;71;90;121;170;189,1,1,6,1,1,1,0.05,0.05,0.3,0.5,0.5,0.14285714285714285,0,5,2.614886725998076,11,7,552,42,7,,original_uniform_floor_plus_prior_scores,maximum_cardinality_certified_superset_of_eBH_then_maximum_testing_evalue_sum,200,2,2,exact_dyadic_prefix_or_HiGHS_QUBO_MILP,300.0,1
247,5d6498260628ac181812888132c577f43f450c0a66938dcf900bcaddea919034,proven_maximal,maximize_sum_testing_e_values_at_maximum_cardinality,proven_optimal,29719.506101293315,1.0,29719.506101293315,1,1,1,71,71,71,1,1,1,0,0,0,0.05,0.05,0.05,0.0,0.0,0.0,0,0,2.51422993199958,12,9,826,39,1,,original_uniform_floor_plus_prior_scores,maximum_cardinality_certified_superset_of_eBH_then_maximum_testing_evalue_sum,200,1,1,exact_dyadic_prefix_or_HiGHS_QUBO_MILP,300.0,1
248,71136e875dddc474866e6b93fe915263e53c5533f94b5c7b5ca9da6f024fbefc,proven_maximal,maximize_sum_testing_e_values_at_maximum_cardinality,proven_optimal,95783.33357755457,1.097477007916766,87275.93643111557,2,2,5,65;193,65;193,26;27;48;65;193,2,2,5,0,0,0,0.1,0.1,0.25,0.0,0.0,0.0,0,3,3.6547245610054233,17,12,786,41,5,,original_uniform_floor_plus_prior_scores,maximum_cardinality_certified_superset_of_eBH_then_maximum_testing_evalue_sum,200,2,2,exact_dyadic_prefix_or_HiGHS_QUBO_MILP,300.0,1
249,f63024ed1bf3d1636c340e0eacb9d9fb1024a2eed9c9f1eae2469169f017a834,proven_maximal,maximize_sum_testing_e_values_at_maximum_cardinality,proven_optimal,0.0,0.0,628.2971651145034,0,0,0,,,,0,0,0,0,0,0,0.0,0.0,0.0,0.0,0.0,0.0,0,0,0.7702266430060263,3,3,300,39,0,,original_uniform_floor_plus_prior_scores,maximum_cardinality_certified_superset_of_eBH_then_maximum_testing_evalue_sum,200,0,0,exact_dyadic_prefix_or_HiGHS_QUBO_MILP,300.0,1
250,7b335066c0f718d0137804b7246159693d1e3961292761d1dd16120251a95f3a,proven_maximal,maximize_sum_testing_e_values_at_maximum_cardinality,proven_optimal,18840.639460080813,1.6332440364979863,11535.716058990822,3,3,3,106;149;160,106;149;160,106;149;160,3,3,3,0,0,0,0.15,0.15,0.15,0.0,0.0,0.0,0,0,3.566949938001926,19,9,650,37,3,,original_uniform_floor_plus_prior_scores,maximum_cardinality_certified_superset_of_eBH_then_maximum_testing_evalue_sum,200,3,3,exact_dyadic_prefix_or_HiGHS_QUBO_MILP,300.0,1
251,ef8685b39506a262c8460c18142c4668e59acd1b2f5994e79e854ae3a4d1ac90,proven_maximal,maximize_sum_testing_e_values_at_maximum_cardinality,proven_optimal,0.0,0.0,1066.587140262592,0,0,0,,,,0,0,0,0,0,0,0.0,0.0,0.0,0.0,0.0,0.0,0,0,2.8674738639965653,15,7,715,40,0,,original_uniform_floor_plus_prior_scores,maximum_cardinality_certified_superset_of_eBH_then_maximum_testing_evalue_sum,200,0,0,exact_dyadic_prefix_or_HiGHS_QUBO_MILP,300.0,1
252,df0d9f6facfa6085956b4bb8ee9f0697bee039df994939c695b5bd2c09a37444,proven_maximal,maximize_sum_testing_e_values_at_maximum_cardinality,proven_optimal,13384.179512995384,1.9236173467848492,6957.818058443806,2,2,8,57;74,57;74,16;42;50;57;74;127;134;148,2,2,8,0,0,0,0.1,0.1,0.4,0.0,0.0,0.0,0,6,2.245087039002101,11,8,649,43,8,,original_uniform_floor_plus_prior_scores,maximum_cardinality_certified_superset_of_eBH_then_maximum_testing_evalue_sum,200,2,2,exact_dyadic_prefix_or_HiGHS_QUBO_MILP,300.0,1
253,4264b2ef5ef3c07cc7b5a3a5f76558855866a930dd0e1b3e37967772c641cf6f,proven_maximal,maximize_sum_testing_e_values_at_maximum_cardinality,proven_optimal,12092.240443370049,1.7149109086517877,7051.235362935915,1,1,8,162,162,22;45;57;135;137;139;155;162,1,1,8,0,0,0,0.05,0.05,0.4,0.0,0.0,0.0,0,7,1.5316304599982686,9,8,667,44,8,,original_uniform_floor_plus_prior_scores,maximum_cardinality_certified_superset_of_eBH_then_maximum_testing_evalue_sum,200,1,1,exact_dyadic_prefix_or_HiGHS_QUBO_MILP,300.0,1
254,8a75b6529e1040e9852a8873c0b77af61a08477d3a94e98e55cdaf43de05b550,proven_maximal,maximize_sum_testing_e_values_at_maximum_cardinality,proven_optimal,7894.501039949066,1.5054519974380143,5243.940725698307,2,2,2,108;139,108;139,108;139,2,2,2,0,0,0,0.1,0.1,0.1,0.0,0.0,0.0,0,0,3.435195156998816,16,6,616,41,2,,original_uniform_floor_plus_prior_scores,maximum_cardinality_certified_superset_of_eBH_then_maximum_testing_evalue_sum,200,2,2,exact_dyadic_prefix_or_HiGHS_QUBO_MILP,300.0,1
255,b6e7ff9654d8d52c496a04f2801e1957dc602bc4e256a37ea1fabf7afed852bb,proven_maximal,maximize_sum_testing_e_values_at_maximum_cardinality,proven_optimal,118240.29492124604,1.1436269949558124,103390.61201140554,6,6,8,50;58;111;180;189;193,50;58;111;180;189;193,28;50;58;102;111;180;189;193,6,6,8,0,0,0,0.3,0.3,0.4,0.0,0.0,0.0,0,2,3.233343640997191,14,8,687,42,8,,original_uniform_floor_plus_prior_scores,maximum_cardinality_certified_superset_of_eBH_then_maximum_testing_evalue_sum,200,6,6,exact_dyadic_prefix_or_HiGHS_QUBO_MILP,300.0,1
256,6be35ae92e8a21affdf3bd89655e4f9c548d8c3f0989bc1295589988c1c54f36,proven_maximal,maximize_sum_testing_e_values_at_maximum_cardinality,proven_optimal,24800.684334620117,2.1841189482456316,11355.006262154808,3,3,3,54;58;141,54;58;141,54;58;141,3,3,3,0,0,0,0.15,0.15,0.15,0.0,0.0,0.0,0,0,2.867869295005221,14,6,624,30,3,,original_uniform_floor_plus_prior_scores,maximum_cardinality_certified_superset_of_eBH_then_maximum_testing_evalue_sum,200,3,3,exact_dyadic_prefix_or_HiGHS_QUBO_MILP,300.0,1
257,9e50f727d854c32132450f4a19bf6ac006738b8375b0a73fcb5e1fbb58323e5b,proven_maximal,maximize_sum_testing_e_values_at_maximum_cardinality,proven_optimal,13383.100661969518,3.2078578518788654,4171.974345475109,5,5,6,43;65;70;74;84,43;65;70;74;84,39;43;65;70;74;84,5,5,6,0,0,0,0.25,0.25,0.3,0.0,0.0,0.0,0,1,3.2826806150042103,14,8,636,48,6,,original_uniform_floor_plus_prior_scores,maximum_cardinality_certified_superset_of_eBH_then_maximum_testing_evalue_sum,200,5,5,exact_dyadic_prefix_or_HiGHS_QUBO_MILP,300.0,1
258,a6bccf6ef8d03eecf3524006435a7e120b9f241f3e7997d0148a5a6333193862,proven_maximal,maximize_sum_testing_e_values_at_maximum_cardinality,proven_optimal,16114.584333059498,3.5867177217844812,4492.849893144669,5,5,10,44;56;139;152;199,44;56;139;152;199,0;44;56;61;64;110;139;152;198;199,5,5,10,0,0,0,0.25,0.25,0.5,0.0,0.0,0.0,0,5,2.028573559000506,7,6,502,37,10,,original_uniform_floor_plus_prior_scores,maximum_cardinality_certified_superset_of_eBH_then_maximum_testing_evalue_sum,200,5,5,exact_dyadic_prefix_or_HiGHS_QUBO_MILP,300.0,1
259,e84ae05763188da3f4d6cd480a450c0c2edb67d6819bbe4bd3ec5fd2a29458f1,proven_maximal,maximize_sum_testing_e_values_at_maximum_cardinality,proven_optimal,55053.07633243264,1.1866430302680735,46393.96594272807,2,2,4,57;161,57;161,57;64;131;161,2,2,4,0,0,0,0.1,0.1,0.2,0.0,0.0,0.0,0,2,2.8018216470009065,14,8,704,41,4,,original_uniform_floor_plus_prior_scores,maximum_cardinality_certified_superset_of_eBH_then_maximum_testing_evalue_sum,200,2,2,exact_dyadic_prefix_or_HiGHS_QUBO_MILP,300.0,1
260,78a11088f87476ec87d90aa5647db03e20fbccbae5aef05cfd74422227a16fbf,proven_maximal,maximize_sum_testing_e_values_at_maximum_cardinality,proven_optimal,55731.96826672119,2.2820267191851236,24422.13660259956,5,5,6,84;136;142;155;168,84;136;142;155;168,44;84;136;142;155;168,5,5,6,0,0,0,0.25,0.25,0.3,0.0,0.0,0.0,0,1,2.3699039000057383,12,8,657,47,6,,original_uniform_floor_plus_prior_scores,maximum_cardinality_certified_superset_of_eBH_then_maximum_testing_evalue_sum,200,5,5,exact_dyadic_prefix_or_HiGHS_QUBO_MILP,300.0,1
261,e7ec2607778ff759913ed5c939f34156c08c9b9fc9585dcf07b118816f7c3b77,proven_maximal,maximize_sum_testing_e_values_at_maximum_cardinality,proven_optimal,0.0,0.0,1622.7177863302409,0,0,0,,,,0,0,0,0,0,0,0.0,0.0,0.0,0.0,0.0,0.0,0,0,2.014768297995033,8,6,572,41,0,,original_uniform_floor_plus_prior_scores,maximum_cardinality_certified_superset_of_eBH_then_maximum_testing_evalue_sum,200,0,0,exact_dyadic_prefix_or_HiGHS_QUBO_MILP,300.0,1
262,954e5d89aba27f73d5fd602b59af5eadcb1b7c6390978a0ff3cf8d8efb2331cb,proven_maximal,maximize_sum_testing_e_values_at_maximum_cardinality,proven_optimal,10523.911552504747,1.4408827925945278,7303.794317339893,2,2,2,107;118,107;118,107;118,2,2,2,0,0,0,0.1,0.1,0.1,0.0,0.0,0.0,0,0,4.122951554003521,19,10,751,46,2,,original_uniform_floor_plus_prior_scores,maximum_cardinality_certified_superset_of_eBH_then_maximum_testing_evalue_sum,200,2,2,exact_dyadic_prefix_or_HiGHS_QUBO_MILP,300.0,1
263,c3a2be61233833222a691c602be2508e1118461c85df388b3878a327daaed901,proven_maximal,maximize_sum_testing_e_values_at_maximum_cardinality,proven_optimal,337417.0760843831,1.188825561391835,283823.87378123595,3,3,3,36;66;114,36;66;114,36;66;114,3,3,3,0,0,0,0.15,0.15,0.15,0.0,0.0,0.0,0,0,2.2502918579994002,12,6,587,32,3,,original_uniform_floor_plus_prior_scores,maximum_cardinality_certified_superset_of_eBH_then_maximum_testing_evalue_sum,200,3,3,exact_dyadic_prefix_or_HiGHS_QUBO_MILP,300.0,1
264,ec44a4e960b2cb47345c9a599bc869c3d060817321e76d50854fd5449e786b00,proven_maximal,maximize_sum_testing_e_values_at_maximum_cardinality,proven_optimal,90653.48768584628,1.1564837068168194,78387.17238426713,5,5,5,58;102;124;152;167,58;102;124;152;167,58;102;124;152;167,5,5,5,0,0,0,0.25,0.25,0.25,0.0,0.0,0.0,0,0,2.328237588000775,11,8,700,40,5,,original_uniform_floor_plus_prior_scores,maximum_cardinality_certified_superset_of_eBH_then_maximum_testing_evalue_sum,200,5,5,exact_dyadic_prefix_or_HiGHS_QUBO_MILP,300.0,1
265,5b9cbd27026ad3fe3443db2167a765671536b33c969e576de766d96c6864fea0,proven_maximal,maximize_sum_testing_e_values_at_maximum_cardinality,proven_optimal,10529.699255558811,1.450644537709807,7258.635028662836,2,2,2,17;73,17;73,17;73,2,2,2,0,0,0,0.1,0.1,0.1,0.0,0.0,0.0,0,0,2.2578181409990066,11,4,500,39,2,,original_uniform_floor_plus_prior_scores,maximum_cardinality_certified_superset_of_eBH_then_maximum_testing_evalue_sum,200,2,2,exact_dyadic_prefix_or_HiGHS_QUBO_MILP,300.0,1
266,4605e1c980054046551eb0e632e0984b45a8e0f134219adfb2feb2c56cab1914,proven_maximal,maximize_sum_testing_e_values_at_maximum_cardinality,proven_optimal,11241.65657331201,1.7771031578835303,6325.832309420035,3,3,4,81;147;191,81;147;191,60;81;147;191,3,3,4,0,0,0,0.15,0.15,0.2,0.0,0.0,0.0,0,1,5.189508226998441,21,13,904,47,4,,original_uniform_floor_plus_prior_scores,maximum_cardinality_certified_superset_of_eBH_then_maximum_testing_evalue_sum,200,3,3,exact_dyadic_prefix_or_HiGHS_QUBO_MILP,300.0,1
267,01d0a3d71f62caecfe9c353ac5c1e8f8ecf4a5cfb69b7ef7341a70915a10aed2,proven_maximal,maximize_sum_testing_e_values_at_maximum_cardinality,proven_optimal,3922.638215619611,2.5127862021439378,1561.071217389196,0,0,4,,,56;83;107;155,0,0,4,0,0,0,0.0,0.0,0.2,0.0,0.0,0.0,0,4,3.479899435005791,16,10,829,43,4,,original_uniform_floor_plus_prior_scores,maximum_cardinality_certified_superset_of_eBH_then_maximum_testing_evalue_sum,200,0,0,exact_dyadic_prefix_or_HiGHS_QUBO_MILP,300.0,1
268,a6fe412ecd5be63f93fdc8253d2340f19b58685f868fde282ee11be1cb588bb8,proven_maximal,maximize_sum_testing_e_values_at_maximum_cardinality,proven_optimal,123832.25283338012,1.0,123832.25283338012,1,1,1,166,166,166,1,1,1,0,0,0,0.05,0.05,0.05,0.0,0.0,0.0,0,0,2.5940017959947,12,5,506,41,1,,original_uniform_floor_plus_prior_scores,maximum_cardinality_certified_superset_of_eBH_then_maximum_testing_evalue_sum,200,1,1,exact_dyadic_prefix_or_HiGHS_QUBO_MILP,300.0,1
269,a6086f119e69c2e57306ea872678f3d331ff730bf5902dc98b87c483cece5b5a,proven_maximal,maximize_sum_testing_e_values_at_maximum_cardinality,proven_optimal,37955.724460381905,1.5113164711787228,25114.34579335925,6,6,6,12;18;28;70;194;196,12;18;28;70;194;196,12;18;28;70;194;196,6,6,6,0,0,0,0.3,0.3,0.3,0.0,0.0,0.0,0,0,2.243074465004611,12,7,710,43,6,,original_uniform_floor_plus_prior_scores,maximum_cardinality_certified_superset_of_eBH_then_maximum_testing_evalue_sum,200,6,6,exact_dyadic_prefix_or_HiGHS_QUBO_MILP,300.0,1
270,97ed763c7f651fe646037a499eb2cc34e64a84b5f4efd57469d81d5635e20f67,proven_maximal,maximize_sum_testing_e_values_at_maximum_cardinality,proven_optimal,44488.76041655023,3.2720869321138064,13596.448181103173,6,6,6,52;85;93;114;176;187,52;85;93;114;176;187,52;85;93;114;176;187,6,6,6,0,0,0,0.3,0.3,0.3,0.0,0.0,0.0,0,0,5.007219200997497,15,6,669,44,6,,original_uniform_floor_plus_prior_scores,maximum_cardinality_certified_superset_of_eBH_then_maximum_testing_evalue_sum,200,6,6,exact_dyadic_prefix_or_HiGHS_QUBO_MILP,300.0,1
271,8e30df5f1c0bb13c533a8b340202476f56517a365e88a30dd7250a6d7037dd24,proven_maximal,maximize_sum_testing_e_values_at_maximum_cardinality,proven_optimal,34210.83976620796,2.130682935900266,16056.279040763537,10,10,10,30;52;72;77;82;104;136;147;166;167,30;52;72;77;82;104;136;147;166;167,30;52;72;77;82;104;136;147;166;167,10,10,10,0,0,0,0.5,0.5,0.5,0.0,0.0,0.0,0,0,4.254578465006489,12,5,600,35,10,,original_uniform_floor_plus_prior_scores,maximum_cardinality_certified_superset_of_eBH_then_maximum_testing_evalue_sum,200,10,10,exact_dyadic_prefix_or_HiGHS_QUBO_MILP,300.0,1
272,86df0ce643c09a4ceeb17cb7be9d9a8dd9600525b05265f05e512b336af5bccd,proven_maximal,maximize_sum_testing_e_values_at_maximum_cardinality,proven_optimal,5842.444733114125,1.0,5842.444733114125,1,1,1,107,107,107,0,0,0,1,1,1,0.0,0.0,0.0,1.0,1.0,1.0,0,0,5.1350934170041,14,5,509,27,1,,original_uniform_floor_plus_prior_scores,maximum_cardinality_certified_superset_of_eBH_then_maximum_testing_evalue_sum,200,1,1,exact_dyadic_prefix_or_HiGHS_QUBO_MILP,300.0,1
273,1794037a231e3ee8ea03e181251b08f078961174c661f1b0735dff619ad3027f,proven_maximal,maximize_sum_testing_e_values_at_maximum_cardinality,proven_optimal,201555.0549164084,1.0700636223649556,188358.01040591407,5,5,6,40;60;91;95;111,40;60;91;95;111,17;40;60;91;95;111,5,5,6,0,0,0,0.25,0.25,0.3,0.0,0.0,0.0,0,1,6.243569963000482,14,9,727,49,6,,original_uniform_floor_plus_prior_scores,maximum_cardinality_certified_superset_of_eBH_then_maximum_testing_evalue_sum,200,5,5,exact_dyadic_prefix_or_HiGHS_QUBO_MILP,300.0,1
274,00d98a56cc52dacd24531449f13199ec9001608855f15111d9306b44ea31367f,proven_maximal,maximize_sum_testing_e_values_at_maximum_cardinality,proven_optimal,5842.304281295918,1.5255714132543783,3829.5842662868217,2,2,2,61;133,61;133,61;133,2,2,2,0,0,0,0.1,0.1,0.1,0.0,0.0,0.0,0,0,6.7121934490060084,16,6,636,49,2,,original_uniform_floor_plus_prior_scores,maximum_cardinality_certified_superset_of_eBH_then_maximum_testing_evalue_sum,200,2,2,exact_dyadic_prefix_or_HiGHS_QUBO_MILP,300.0,1
275,4d511beca736d337351bd39016960b605247ceb46e0758d2428dd94c8d7e1374,proven_maximal,maximize_sum_testing_e_values_at_maximum_cardinality,proven_optimal,36189.133316068765,1.244138993549355,29087.693178738988,4,4,5,29;133;151;164,29;133;151;164,29;91;133;151;164,4,4,5,0,0,0,0.2,0.2,0.25,0.0,0.0,0.0,0,1,6.726869856996927,16,7,680,43,5,,original_uniform_floor_plus_prior_scores,maximum_cardinality_certified_superset_of_eBH_then_maximum_testing_evalue_sum,200,4,4,exact_dyadic_prefix_or_HiGHS_QUBO_MILP,300.0,1
276,e566902b9a57c045fbeb4dfb9412d0a8f44d0d5dc994fece67d1d3bda180c210,proven_maximal,maximize_sum_testing_e_values_at_maximum_cardinality,proven_optimal,170059.9833052637,1.2138699964262556,140097.3611720661,3,3,6,27;42;52,27;42;52,13;23;27;42;45;52,3,3,6,0,0,0,0.15,0.15,0.3,0.0,0.0,0.0,0,3,5.910084160001134,14,8,676,48,6,,original_uniform_floor_plus_prior_scores,maximum_cardinality_certified_superset_of_eBH_then_maximum_testing_evalue_sum,200,3,3,exact_dyadic_prefix_or_HiGHS_QUBO_MILP,300.0,1
277,f4fc95332ba2f21c88b3071427a2e107d184a40448e5f774bad77a251567ff92,proven_maximal,maximize_sum_testing_e_values_at_maximum_cardinality,proven_optimal,12778.895676624905,1.7799111865373793,7179.513097776994,5,5,7,1;23;45;157;179,1;23;45;157;179,1;23;45;77;136;157;179,5,5,7,0,0,0,0.25,0.25,0.35,0.0,0.0,0.0,0,2,6.2868002300019725,16,8,703,43,7,,original_uniform_floor_plus_prior_scores,maximum_cardinality_certified_superset_of_eBH_then_maximum_testing_evalue_sum,200,5,5,exact_dyadic_prefix_or_HiGHS_QUBO_MILP,300.0,1
278,49c0fa007a1f2fafe4d546708b42aed95755b580f2bda75d2a7797f98aeba013,proven_maximal,maximize_sum_testing_e_values_at_maximum_cardinality,proven_optimal,36394.37548621941,1.2783825640948583,28469.07999874667,5,5,5,2;18;109;127;199,2;18;109;127;199,2;18;109;127;199,5,5,5,0,0,0,0.25,0.25,0.25,0.0,0.0,0.0,0,0,3.224559017995489,10,6,607,31,5,,original_uniform_floor_plus_prior_scores,maximum_cardinality_certified_superset_of_eBH_then_maximum_testing_evalue_sum,200,5,5,exact_dyadic_prefix_or_HiGHS_QUBO_MILP,300.0,1
279,fb0cc63709c160a2e9ed0071d29ef65c44d7f09cc8beffcee2101ea193b6fff3,proven_maximal,maximize_sum_testing_e_values_at_maximum_cardinality,proven_optimal,56058.73182063375,1.4302078082077867,39196.21435355029,5,5,5,13;54;62;134;150,13;54;62;134;150,13;54;62;134;150,5,5,5,0,0,0,0.25,0.25,0.25,0.0,0.0,0.0,0,0,4.307441669996479,14,7,636,45,5,,original_uniform_floor_plus_prior_scores,maximum_cardinality_certified_superset_of_eBH_then_maximum_testing_evalue_sum,200,5,5,exact_dyadic_prefix_or_HiGHS_QUBO_MILP,300.0,1
280,fed19077dbe0d2fd5b36c2c6493bcae6bcf8134ada51c5ab010b472a8d354523,proven_maximal,maximize_sum_testing_e_values_at_maximum_cardinality,proven_optimal,0.0,0.0,1054.1611115070057,0,0,0,,,,0,0,0,0,0,0,0.0,0.0,0.0,0.0,0.0,0.0,0,0,4.127366868000536,15,8,639,51,0,,original_uniform_floor_plus_prior_scores,maximum_cardinality_certified_superset_of_eBH_then_maximum_testing_evalue_sum,200,0,0,exact_dyadic_prefix_or_HiGHS_QUBO_MILP,300.0,1
281,c89debcb1e2aef4515d3e2dcd0366ba07807314428be1c1a4a8a4c16ec354df6,proven_maximal,maximize_sum_testing_e_values_at_maximum_cardinality,proven_optimal,3307.9446429190716,2.1314305316829993,1551.9833246955905,0,0,3,,,49;158;167,0,0,3,0,0,0,0.0,0.0,0.15,0.0,0.0,0.0,0,3,4.085553036995407,15,8,667,47,3,,original_uniform_floor_plus_prior_scores,maximum_cardinality_certified_superset_of_eBH_then_maximum_testing_evalue_sum,200,0,0,exact_dyadic_prefix_or_HiGHS_QUBO_MILP,300.0,1
282,522b71833074031220cb4050620dd322ef9fc47f24f7761efd843933032ad485,proven_maximal,maximize_sum_testing_e_values_at_maximum_cardinality,proven_optimal,143599.25184006584,1.3847994589583699,103696.7850551296,6,6,8,13;40;67;132;147;151,13;40;67;132;147;151,13;20;40;67;96;132;147;151,6,6,8,0,0,0,0.3,0.3,0.4,0.0,0.0,0.0,0,2,4.314950206004141,15,7,700,45,8,,original_uniform_floor_plus_prior_scores,maximum_cardinality_certified_superset_of_eBH_then_maximum_testing_evalue_sum,200,6,6,exact_dyadic_prefix_or_HiGHS_QUBO_MILP,300.0,1
283,b5eb6f2db21123eb7ab631d2649300c752463b48356bc6b4189ca7a3f6abb5ed,proven_maximal,maximize_sum_testing_e_values_at_maximum_cardinality,proven_optimal,5095.929825163913,2.3617969262519183,2157.6494441674795,0,0,4,,,51;63;66;138,0,0,4,0,0,0,0.0,0.0,0.2,0.0,0.0,0.0,0,4,3.4240152799975476,14,9,664,31,4,,original_uniform_floor_plus_prior_scores,maximum_cardinality_certified_superset_of_eBH_then_maximum_testing_evalue_sum,200,0,0,exact_dyadic_prefix_or_HiGHS_QUBO_MILP,300.0,1
284,23c83bbae4f4f756e5444dc88f19b8aae21e1c8aee661bbc366b55ba8f9735b1,proven_maximal,maximize_sum_testing_e_values_at_maximum_cardinality,proven_optimal,50246.375177355716,1.5015671747963704,33462.6222660799,7,7,7,15;55;59;86;111;175;186,15;55;59;86;111;175;186,15;55;59;86;111;175;186,7,7,7,0,0,0,0.35,0.35,0.35,0.0,0.0,0.0,0,0,2.8877088200024446,12,5,600,38,7,,original_uniform_floor_plus_prior_scores,maximum_cardinality_certified_superset_of_eBH_then_maximum_testing_evalue_sum,200,7,7,exact_dyadic_prefix_or_HiGHS_QUBO_MILP,300.0,1
285,c9e8dff32fde6d26659db77d36b8a7c12bcad89b4919aa0aa398a13e3fafae57,proven_maximal,maximize_sum_testing_e_values_at_maximum_cardinality,proven_optimal,10102.553906298854,4.589211193373694,2201.370449214847,8,8,8,9;37;81;89;119;120;175;193,9;37;81;89;119;120;175;193,9;37;81;89;119;120;175;193,8,8,8,0,0,0,0.4,0.4,0.4,0.0,0.0,0.0,0,0,2.505005375998735,11,7,586,34,8,,original_uniform_floor_plus_prior_scores,maximum_cardinality_certified_superset_of_eBH_then_maximum_testing_evalue_sum,200,8,8,exact_dyadic_prefix_or_HiGHS_QUBO_MILP,300.0,1
286,f2d842fae30233233bec021df12ed84f7f648aaa940a9ffdd4706168a5faa15c,proven_maximal,maximize_sum_testing_e_values_at_maximum_cardinality,proven_optimal,162604.11192754935,1.24667288128833,130430.45562963709,7,7,7,8;30;89;145;156;177;192,8;30;89;145;156;177;192,8;30;89;145;156;177;192,7,7,7,0,0,0,0.35,0.35,0.35,0.0,0.0,0.0,0,0,2.8931591489963466,14,6,609,38,7,,original_uniform_floor_plus_prior_scores,maximum_cardinality_certified_superset_of_eBH_then_maximum_testing_evalue_sum,200,7,7,exact_dyadic_prefix_or_HiGHS_QUBO_MILP,300.0,1
287,c60896e3ad0c58c6dd7f90da79d497ac5134bdecfe230b52d77344ee20c93949,proven_maximal,maximize_sum_testing_e_values_at_maximum_cardinality,proven_optimal,8595.116193201226,2.0102792819182063,4275.583134399005,4,4,4,20;61;133;199,20;61;133;199,20;61;133;199,4,4,4,0,0,0,0.2,0.2,0.2,0.0,0.0,0.0,0,0,3.0355849520055926,15,8,718,41,4,,original_uniform_floor_plus_prior_scores,maximum_cardinality_certified_superset_of_eBH_then_maximum_testing_evalue_sum,200,4,4,exact_dyadic_prefix_or_HiGHS_QUBO_MILP,300.0,1
288,134da07f617a359addebe3403a06e0245c8e42d43c84f898878cdfe5eb34c702,proven_maximal,maximize_sum_testing_e_values_at_maximum_cardinality,proven_optimal,46488.28811370738,1.0480787873192556,44355.71893656366,2,2,2,61;94,61;94,61;94,2,2,2,0,0,0,0.1,0.1,0.1,0.0,0.0,0.0,0,0,4.105676734005101,19,10,891,41,2,,original_uniform_floor_plus_prior_scores,maximum_cardinality_certified_superset_of_eBH_then_maximum_testing_evalue_sum,200,2,2,exact_dyadic_prefix_or_HiGHS_QUBO_MILP,300.0,1
289,eb80c749320c8a9c041834ffe8df52894cc73636c463b852bbb519da666dca57,proven_maximal,maximize_sum_testing_e_values_at_maximum_cardinality,proven_optimal,6285.653006164349,1.7358629678123747,3621.0536907103087,2,2,2,101;130,101;130,101;130,2,2,2,0,0,0,0.1,0.1,0.1,0.0,0.0,0.0,0,0,3.842772702999355,18,11,948,40,2,,original_uniform_floor_plus_prior_scores,maximum_cardinality_certified_superset_of_eBH_then_maximum_testing_evalue_sum,200,2,2,exact_dyadic_prefix_or_HiGHS_QUBO_MILP,300.0,1
290,203d5a82eb456bb79bd7d8bb119513a6bbda5020f31db19bd559b100e547f91b,proven_maximal,maximize_sum_testing_e_values_at_maximum_cardinality,proven_optimal,4098.981932627732,1.0,4098.981932627732,1,1,1,125,125,125,1,1,1,0,0,0,0.05,0.05,0.05,0.0,0.0,0.0,0,0,3.574237421998987,18,9,657,48,1,,original_uniform_floor_plus_prior_scores,maximum_cardinality_certified_superset_of_eBH_then_maximum_testing_evalue_sum,200,1,1,exact_dyadic_prefix_or_HiGHS_QUBO_MILP,300.0,1
291,07bb37bcb02520469472aabb79eb919239fdf17055c0e72215e5e25771aba085,proven_maximal,maximize_sum_testing_e_values_at_maximum_cardinality,proven_optimal,5354.462337647941,1.0,5354.462337647941,1,1,1,41,41,41,1,1,1,0,0,0,0.05,0.05,0.05,0.0,0.0,0.0,0,0,3.795749060998787,17,7,664,37,1,,original_uniform_floor_plus_prior_scores,maximum_cardinality_certified_superset_of_eBH_then_maximum_testing_evalue_sum,200,1,1,exact_dyadic_prefix_or_HiGHS_QUBO_MILP,300.0,1
292,0d81c3946735e9edbbe2c064edb4b89f8a380ee6c1a81ef0dc5923270d66d021,proven_maximal,maximize_sum_testing_e_values_at_maximum_cardinality,proven_optimal,0.0,0.0,1830.515507330328,0,0,0,,,,0,0,0,0,0,0,0.0,0.0,0.0,0.0,0.0,0.0,0,0,3.2379263490001904,16,8,669,51,0,,original_uniform_floor_plus_prior_scores,maximum_cardinality_certified_superset_of_eBH_then_maximum_testing_evalue_sum,200,0,0,exact_dyadic_prefix_or_HiGHS_QUBO_MILP,300.0,1
293,417350837308cf34d496139fa2f245f5e21c76d5058e5d7b637817af02d9cfd1,proven_maximal,maximize_sum_testing_e_values_at_maximum_cardinality,proven_optimal,130982.44167172053,2.2163668308820204,59097.81713327439,11,11,12,3;21;55;58;81;111;115;128;142;167;175,3;21;55;58;81;111;115;128;142;167;175,3;21;55;58;81;83;111;115;128;142;167;175,11,11,12,0,0,0,0.55,0.55,0.6,0.0,0.0,0.0,0,1,3.751723449000565,11,7,562,40,12,,original_uniform_floor_plus_prior_scores,maximum_cardinality_certified_superset_of_eBH_then_maximum_testing_evalue_sum,200,11,11,exact_dyadic_prefix_or_HiGHS_QUBO_MILP,300.0,1
294,bfa24fa0f924c5bcdce2cc1f9ea9807b477e7f3659bb341050b6b1f9c621b5e4,proven_maximal,maximize_sum_testing_e_values_at_maximum_cardinality,proven_optimal,13822.041768581114,2.7882767457877162,4957.198667407115,4,4,7,10;54;66;149,10;54;66;149,3;10;54;62;66;108;149,4,4,7,0,0,0,0.2,0.2,0.35,0.0,0.0,0.0,0,3,3.723152459002449,17,10,949,54,7,,original_uniform_floor_plus_prior_scores,maximum_cardinality_certified_superset_of_eBH_then_maximum_testing_evalue_sum,200,4,4,exact_dyadic_prefix_or_HiGHS_QUBO_MILP,300.0,1
295,cbe72afa8dfd653539d105633ad28976672b2da35385340b414c1dea3ec2c2df,proven_maximal,maximize_sum_testing_e_values_at_maximum_cardinality,proven_optimal,36546.50147800965,1.2096910185162126,30211.43491900684,2,2,2,124;144,124;144,124;144,2,2,2,0,0,0,0.1,0.1,0.1,0.0,0.0,0.0,0,0,2.3893407480063615,12,6,578,46,2,,original_uniform_floor_plus_prior_scores,maximum_cardinality_certified_superset_of_eBH_then_maximum_testing_evalue_sum,200,2,2,exact_dyadic_prefix_or_HiGHS_QUBO_MILP,300.0,1
296,307be8dcb88a24946dd939d457ac678588f5f90f75018882c6b837ab0cfd65be,proven_maximal,maximize_sum_testing_e_values_at_maximum_cardinality,proven_optimal,8496.117778603306,1.0,8496.117778603306,1,1,1,124,124,124,1,1,1,0,0,0,0.05,0.05,0.05,0.0,0.0,0.0,0,0,3.4104815930040786,17,8,810,65,1,,original_uniform_floor_plus_prior_scores,maximum_cardinality_certified_superset_of_eBH_then_maximum_testing_evalue_sum,200,1,1,exact_dyadic_prefix_or_HiGHS_QUBO_MILP,300.0,1
297,959eb56f4faced4817db4814116a05364f0e5f028791ce66566147e7bb9e5102,proven_maximal,maximize_sum_testing_e_values_at_maximum_cardinality,proven_optimal,16417.13545905239,1.0,16417.13545905239,1,1,1,10,10,10,1,1,1,0,0,0,0.05,0.05,0.05,0.0,0.0,0.0,0,0,3.4808366389988805,16,6,607,41,1,,original_uniform_floor_plus_prior_scores,maximum_cardinality_certified_superset_of_eBH_then_maximum_testing_evalue_sum,200,1,1,exact_dyadic_prefix_or_HiGHS_QUBO_MILP,300.0,1
298,acd0136f7e91a61751819e1b35f9766376fc7f430fe12fd463f22b285b73dbce,proven_maximal,maximize_sum_testing_e_values_at_maximum_cardinality,proven_optimal,59778.218781445416,2.8566172937233327,20926.22589409942,8,8,8,25;35;59;63;131;154;159;196,25;35;59;63;131;154;159;196,25;35;59;63;131;154;159;196,8,8,8,0,0,0,0.4,0.4,0.4,0.0,0.0,0.0,0,0,2.9198992589954287,15,7,726,50,8,,original_uniform_floor_plus_prior_scores,maximum_cardinality_certified_superset_of_eBH_then_maximum_testing_evalue_sum,200,8,8,exact_dyadic_prefix_or_HiGHS_QUBO_MILP,300.0,1
299,65a8055cf75b6f6a02f4e6a683854d1f0ab17905ce5bd75353910e69ddd795ef,proven_maximal,maximize_sum_testing_e_values_at_maximum_cardinality,proven_optimal,24015.12644924143,2.620665002491797,9163.752874330454,5,5,7,97;137;163;165;188,97;137;163;165;188,49;97;137;163;165;177;188,5,5,7,0,0,0,0.25,0.25,0.35,0.0,0.0,0.0,0,2,3.8144617689977167,15,9,734,44,7,,original_uniform_floor_plus_prior_scores,maximum_cardinality_certified_superset_of_eBH_then_maximum_testing_evalue_sum,200,5,5,exact_dyadic_prefix_or_HiGHS_QUBO_MILP,300.0,1
300,eb9f2839df014950acc175584cddadba526214f938b3d49e9134d7eac532378c,proven_maximal,maximize_sum_testing_e_values_at_maximum_cardinality,proven_optimal,0.0,0.0,3319.8315886713804,0,0,0,,,,0,0,0,0,0,0,0.0,0.0,0.0,0.0,0.0,0.0,0,0,3.913629905000562,17,11,754,42,0,,original_uniform_floor_plus_prior_scores,maximum_cardinality_certified_superset_of_eBH_then_maximum_testing_evalue_sum,200,0,0,exact_dyadic_prefix_or_HiGHS_QUBO_MILP,300.0,1
301,97f50cfbb06e03343e60f74220adc54ae5ffc2ac8123f1a37ffe2a8648cc9082,proven_maximal,maximize_sum_testing_e_values_at_maximum_cardinality,proven_optimal,9889.989309298104,1.1394292659535383,8679.774694940459,1,1,2,27,27,6;27,1,1,2,0,0,0,0.05,0.05,0.1,0.0,0.0,0.0,0,1,3.6421801350006717,16,9,740,33,2,,original_uniform_floor_plus_prior_scores,maximum_cardinality_certified_superset_of_eBH_then_maximum_testing_evalue_sum,200,1,1,exact_dyadic_prefix_or_HiGHS_QUBO_MILP,300.0,1
302,93e69d1bf215b0153b68886f3089e26b50696671ae9c2015deda94abc8e47ea5,proven_maximal,maximize_sum_testing_e_values_at_maximum_cardinality,proven_optimal,192861.16012263813,1.099343562950653,175433.01895996567,5,5,5,12;63;78;137;173,12;63;78;137;173,12;63;78;137;173,5,5,5,0,0,0,0.25,0.25,0.25,0.0,0.0,0.0,0,0,3.9288871440003277,16,7,668,40,5,,original_uniform_floor_plus_prior_scores,maximum_cardinality_certified_superset_of_eBH_then_maximum_testing_evalue_sum,200,5,5,exact_dyadic_prefix_or_HiGHS_QUBO_MILP,300.0,1
303,6304dab1e81b30342c5b34310b7c17453bcc875279b98262713ddf2fbdd3fdf0,proven_maximal,maximize_sum_testing_e_values_at_maximum_cardinality,proven_optimal,15104.66254690963,1.562068612867526,9669.65370309928,5,5,5,19;23;38;106;189,19;23;38;106;189,19;23;38;106;189,5,5,5,0,0,0,0.25,0.25,0.25,0.0,0.0,0.0,0,0,2.5479755169944838,13,6,618,50,5,,original_uniform_floor_plus_prior_scores,maximum_cardinality_certified_superset_of_eBH_then_maximum_testing_evalue_sum,200,5,5,exact_dyadic_prefix_or_HiGHS_QUBO_MILP,300.0,1
304,e19d379887cb98545c580b251fe3fa161dec03646cc9f38d65e5f7804fe7e63d,proven_maximal,maximize_sum_testing_e_values_at_maximum_cardinality,proven_optimal,18496.27623081135,1.3191028248397028,14021.86083034051,2,2,3,84;182,84;182,84;171;182,2,2,3,0,0,0,0.1,0.1,0.15,0.0,0.0,0.0,0,1,3.2882437070002197,13,8,686,43,3,,original_uniform_floor_plus_prior_scores,maximum_cardinality_certified_superset_of_eBH_then_maximum_testing_evalue_sum,200,2,2,exact_dyadic_prefix_or_HiGHS_QUBO_MILP,300.0,1
305,833d335c6500f37a14c585216121b8fd97c2e5856698d709cacfa73a566b3336,proven_maximal,maximize_sum_testing_e_values_at_maximum_cardinality,proven_optimal,0.0,0.0,1944.1771015213428,0,0,0,,,,0,0,0,0,0,0,0.0,0.0,0.0,0.0,0.0,0.0,0,0,4.711173142000916,19,9,761,60,0,,original_uniform_floor_plus_prior_scores,maximum_cardinality_certified_superset_of_eBH_then_maximum_testing_evalue_sum,200,0,0,exact_dyadic_prefix_or_HiGHS_QUBO_MILP,300.0,1
306,1eb44dc9a17f07ad7bf2eabfb66bdf37c40f5ea719485f805053147dca48eb4c,proven_maximal,maximize_sum_testing_e_values_at_maximum_cardinality,proven_optimal,5407.915394494325,1.0,5407.915394494325,1,1,1,147,147,147,1,1,1,0,0,0,0.05,0.05,0.05,0.0,0.0,0.0,0,0,3.477645332000975,15,7,714,51,1,,original_uniform_floor_plus_prior_scores,maximum_cardinality_certified_superset_of_eBH_then_maximum_testing_evalue_sum,200,1,1,exact_dyadic_prefix_or_HiGHS_QUBO_MILP,300.0,1
307,5283eae3095ef2cdd991f7a9e593c2cc9058e8c3b774d9acf8137b89278de7ad,proven_maximal,maximize_sum_testing_e_values_at_maximum_cardinality,proven_optimal,14557.203212288292,2.0852937410173533,6980.8885558666,8,8,8,19;47;48;65;139;165;173;180,19;47;48;65;139;165;173;180,19;47;48;65;139;165;173;180,8,8,8,0,0,0,0.4,0.4,0.4,0.0,0.0,0.0,0,0,2.153807037000661,8,5,507,40,8,,original_uniform_floor_plus_prior_scores,maximum_cardinality_certified_superset_of_eBH_then_maximum_testing_evalue_sum,200,8,8,exact_dyadic_prefix_or_HiGHS_QUBO_MILP,300.0,1
308,28f98cfc8e8352c9e783feccd6fbc46cdfe9bb1daca2db1ac35ba0e7b3fe0540,proven_maximal,maximize_sum_testing_e_values_at_maximum_cardinality,proven_optimal,34780.16740365597,1.541939887906809,22556.111088656136,5,5,9,24;41;116;125;199,24;41;116;125;199,24;27;41;64;116;125;126;166;199,5,5,9,0,0,0,0.25,0.25,0.45,0.0,0.0,0.0,0,4,3.9646970290050376,12,7,564,38,9,,original_uniform_floor_plus_prior_scores,maximum_cardinality_certified_superset_of_eBH_then_maximum_testing_evalue_sum,200,5,5,exact_dyadic_prefix_or_HiGHS_QUBO_MILP,300.0,1
309,19d6d394aea4ff80103685f19fec62c2feef9e1102126e06d4d1ae5bf687c73e,proven_maximal,maximize_sum_testing_e_values_at_maximum_cardinality,proven_optimal,41750.385196418996,1.723812301127333,24219.797694398178,5,5,6,62;149;153;167;193,62;149;153;167;193,48;62;149;153;167;193,5,5,6,0,0,0,0.25,0.25,0.3,0.0,0.0,0.0,0,1,3.4288145980026457,12,7,566,33,6,,original_uniform_floor_plus_prior_scores,maximum_cardinality_certified_superset_of_eBH_then_maximum_testing_evalue_sum,200,5,5,exact_dyadic_prefix_or_HiGHS_QUBO_MILP,300.0,1
310,90d8eb77bb3af7bee94eaa7f7910af40f804fe2069f42e62307bc10bcb8e41ea,proven_maximal,maximize_sum_testing_e_values_at_maximum_cardinality,proven_optimal,102362.37566051133,2.10743698051455,48571.97468154831,11,11,11,9;17;24;37;54;65;81;93;97;175;199,9;17;24;37;54;65;81;93;97;175;199,9;17;24;37;54;65;81;93;97;175;199,11,11,11,0,0,0,0.55,0.55,0.55,0.0,0.0,0.0,0,0,3.7617216130020097,13,5,544,33,11,,original_uniform_floor_plus_prior_scores,maximum_cardinality_certified_superset_of_eBH_then_maximum_testing_evalue_sum,200,11,11,exact_dyadic_prefix_or_HiGHS_QUBO_MILP,300.0,1
311,876b12634984d6a02c15b031f4dff5c79991d37dfec9045a62201ef966728c22,proven_maximal,maximize_sum_testing_e_values_at_maximum_cardinality,proven_optimal,16616.344514466313,1.2503648129249276,13289.197154865844,3,3,4,17;36;106,17;36;106,17;36;72;106,3,3,4,0,0,0,0.15,0.15,0.2,0.0,0.0,0.0,0,1,4.8413721960023395,16,7,653,32,4,,original_uniform_floor_plus_prior_scores,maximum_cardinality_certified_superset_of_eBH_then_maximum_testing_evalue_sum,200,3,3,exact_dyadic_prefix_or_HiGHS_QUBO_MILP,300.0,1
312,87a8b6ab44cd44e03cad414d24ca5c5b8bd6347a77151f07f0975010f0ff3a2a,proven_maximal,maximize_sum_testing_e_values_at_maximum_cardinality,proven_optimal,43177.16718478131,1.0,43177.16718478131,1,1,1,3,3,3,1,1,1,0,0,0,0.05,0.05,0.05,0.0,0.0,0.0,0,0,3.8568823099994916,15,8,719,47,1,,original_uniform_floor_plus_prior_scores,maximum_cardinality_certified_superset_of_eBH_then_maximum_testing_evalue_sum,200,1,1,exact_dyadic_prefix_or_HiGHS_QUBO_MILP,300.0,1
313,e89f4e23b7ae7708a7f7ce89a5c87d0cdc8cf80b69484d618d7c4f575cd14eb9,proven_maximal,maximize_sum_testing_e_values_at_maximum_cardinality,proven_optimal,147837.9031718502,1.344563653049182,109952.327535097,5,5,5,4;19;160;173;196,4;19;160;173;196,4;19;160;173;196,5,5,5,0,0,0,0.25,0.25,0.25,0.0,0.0,0.0,0,0,2.84940359799657,8,4,456,32,5,,original_uniform_floor_plus_prior_scores,maximum_cardinality_certified_superset_of_eBH_then_maximum_testing_evalue_sum,200,5,5,exact_dyadic_prefix_or_HiGHS_QUBO_MILP,300.0,1
314,5a2f1c5a3e3b905b7fc29d207fe2fbad49915b0bafc98a341eaa90db037533a9,proven_maximal,maximize_sum_testing_e_values_at_maximum_cardinality,proven_optimal,5397.124034367237,1.7058798564010285,3163.8359607304305,0,0,3,,,53;58;144,0,0,3,0,0,0,0.0,0.0,0.15,0.0,0.0,0.0,0,3,3.4346862719976343,13,7,700,45,3,,original_uniform_floor_plus_prior_scores,maximum_cardinality_certified_superset_of_eBH_then_maximum_testing_evalue_sum,200,0,0,exact_dyadic_prefix_or_HiGHS_QUBO_MILP,300.0,1
315,37b94aa613cd3028a397d84b5159f7a32c0c12ab6287856a9f32cd4cda40f812,proven_maximal,maximize_sum_testing_e_values_at_maximum_cardinality,proven_optimal,5178.817488367951,1.0,5178.817488367951,1,1,1,86,86,86,1,1,1,0,0,0,0.05,0.05,0.05,0.0,0.0,0.0,0,0,2.8579131139995297,13,6,539,46,1,,original_uniform_floor_plus_prior_scores,maximum_cardinality_certified_superset_of_eBH_then_maximum_testing_evalue_sum,200,1,1,exact_dyadic_prefix_or_HiGHS_QUBO_MILP,300.0,1
316,2ac6791c612e8ae2ab2bd8c3c2d8cda713f4e55c8e42f4490811260aa862db53,proven_maximal,maximize_sum_testing_e_values_at_maximum_cardinality,proven_optimal,23858.672431646795,1.643488635704326,14517.089995831966,4,4,6,6;34;51;135,6;34;51;135,6;34;51;65;135;140,4,4,6,0,0,0,0.2,0.2,0.3,0.0,0.0,0.0,0,2,1.904583242998342,10,7,540,40,6,,original_uniform_floor_plus_prior_scores,maximum_cardinality_certified_superset_of_eBH_then_maximum_testing_evalue_sum,200,4,4,exact_dyadic_prefix_or_HiGHS_QUBO_MILP,300.0,1
317,58d58ba6249d88f2cc21964fa5ca42c59e2c7d7b53b83216b9d849b64897eaf9,proven_maximal,maximize_sum_testing_e_values_at_maximum_cardinality,proven_optimal,17975.238383735435,1.4103240135919892,12745.467148328456,4,4,4,34;51;82;137,34;51;82;137,34;51;82;137,4,4,4,0,0,0,0.2,0.2,0.2,0.0,0.0,0.0,0,0,4.699629125003412,16,6,609,43,4,,original_uniform_floor_plus_prior_scores,maximum_cardinality_certified_superset_of_eBH_then_maximum_testing_evalue_sum,200,4,4,exact_dyadic_prefix_or_HiGHS_QUBO_MILP,300.0,1
318,ad3e3b98ea0207f2e9852aa9186989616c47ba62cdb708973e6fbc2fa231c8e5,proven_maximal,maximize_sum_testing_e_values_at_maximum_cardinality,proven_optimal,9137.734028032739,1.7179501031281934,5318.975220173133,2,2,2,101;173,101;173,101;173,2,2,2,0,0,0,0.1,0.1,0.1,0.0,0.0,0.0,0,0,2.9321328079968225,12,5,600,42,2,,original_uniform_floor_plus_prior_scores,maximum_cardinality_certified_superset_of_eBH_then_maximum_testing_evalue_sum,200,2,2,exact_dyadic_prefix_or_HiGHS_QUBO_MILP,300.0,1
319,e0cfe6acf8f42dcd1d8674df525efa9f8a9affbc4042df46a792222c3a2171e8,proven_maximal,maximize_sum_testing_e_values_at_maximum_cardinality,proven_optimal,27167.570282351473,1.771540398357072,15335.563505944712,5,5,7,4;44;87;100;125,4;44;87;100;125,4;44;55;66;87;100;125,4,4,6,1,1,1,0.2,0.2,0.3,0.2,0.2,0.14285714285714285,0,2,4.825189219001913,14,7,608,39,7,,original_uniform_floor_plus_prior_scores,maximum_cardinality_certified_superset_of_eBH_then_maximum_testing_evalue_sum,200,5,5,exact_dyadic_prefix_or_HiGHS_QUBO_MILP,300.0,1
320,21a376f3aa00083270838f6bd9000d2d3c47aba3436f29b09cb62df1a14b35a6,proven_maximal,maximize_sum_testing_e_values_at_maximum_cardinality,proven_optimal,28519.357184381726,1.3028808538242973,21889.45911720932,4,4,5,63;112;115;191,63;112;115;191,49;63;112;115;191,4,4,5,0,0,0,0.2,0.2,0.25,0.0,0.0,0.0,0,1,5.579879834993335,16,8,594,41,5,,original_uniform_floor_plus_prior_scores,maximum_cardinality_certified_superset_of_eBH_then_maximum_testing_evalue_sum,200,4,4,exact_dyadic_prefix_or_HiGHS_QUBO_MILP,300.0,1
321,c193439b599c5d8bb2dd9a334d1f622bf575b3b37d96518ea9ceedf2dbd36802,proven_maximal,maximize_sum_testing_e_values_at_maximum_cardinality,proven_optimal,200398.50345209552,1.0,200398.50345209552,1,1,1,21,21,21,1,1,1,0,0,0,0.05,0.05,0.05,0.0,0.0,0.0,0,0,5.494587452994892,17,8,688,42,1,,original_uniform_floor_plus_prior_scores,maximum_cardinality_certified_superset_of_eBH_then_maximum_testing_evalue_sum,200,1,1,exact_dyadic_prefix_or_HiGHS_QUBO_MILP,300.0,1
322,15ed9f977dfe5281c7ef88794a80ed53567dd11254b603781e5c7924670e82c7,proven_maximal,maximize_sum_testing_e_values_at_maximum_cardinality,proven_optimal,43250.20022115924,1.0501473532381465,41184.887137787424,2,2,2,81;133,81;133,81;133,2,2,2,0,0,0,0.1,0.1,0.1,0.0,0.0,0.0,0,0,4.932131125002343,15,7,651,45,2,,original_uniform_floor_plus_prior_scores,maximum_cardinality_certified_superset_of_eBH_then_maximum_testing_evalue_sum,200,2,2,exact_dyadic_prefix_or_HiGHS_QUBO_MILP,300.0,1
323,28615ea10a2a6ef52eba347dcbbc1ef2d9992be52fce17103bef240d97139659,proven_maximal,maximize_sum_testing_e_values_at_maximum_cardinality,proven_optimal,20021.82319671628,1.5016552563170997,13333.168923086256,4,4,4,54;164;179;191,54;164;179;191,54;164;179;191,4,4,4,0,0,0,0.2,0.2,0.2,0.0,0.0,0.0,0,0,5.465701380999235,18,9,781,41,4,,original_uniform_floor_plus_prior_scores,maximum_cardinality_certified_superset_of_eBH_then_maximum_testing_evalue_sum,200,4,4,exact_dyadic_prefix_or_HiGHS_QUBO_MILP,300.0,1
324,38b1e7a3341f3a619ad81fb506fe23ac2c03280328084e220a2778347d32ded6,proven_maximal,maximize_sum_testing_e_values_at_maximum_cardinality,proven_optimal,17175.46395369655,1.5509615430015329,11074.074680444592,3,3,4,28;63;188,28;63;188,28;63;96;188,3,3,4,0,0,0,0.15,0.15,0.2,0.0,0.0,0.0,0,1,4.6603546400001505,11,7,420,34,4,,original_uniform_floor_plus_prior_scores,maximum_cardinality_certified_superset_of_eBH_then_maximum_testing_evalue_sum,200,3,3,exact_dyadic_prefix_or_HiGHS_QUBO_MILP,300.0,1
325,5fb1dc9c4945abf32ee28569fbdbb3e5af69ea6f1b802bd2c321eb61a61209b9,proven_maximal,maximize_sum_testing_e_values_at_maximum_cardinality,proven_optimal,7593.208770913598,1.8758739661949198,4047.824591497421,3,3,3,12;78;93,12;78;93,12;78;93,3,3,3,0,0,0,0.15,0.15,0.15,0.0,0.0,0.0,0,0,2.773827113000152,9,5,590,43,3,,original_uniform_floor_plus_prior_scores,maximum_cardinality_certified_superset_of_eBH_then_maximum_testing_evalue_sum,200,3,3,exact_dyadic_prefix_or_HiGHS_QUBO_MILP,300.0,1
326,5cd609c0d0eaa19bc17d21133ecc70b8360ee5cb7827a60fc0ff5431b75190f6,proven_maximal,maximize_sum_testing_e_values_at_maximum_cardinality,proven_optimal,43289.82820528418,1.8009202629441692,24037.615154883857,3,3,6,17;42;148,17;42;148,17;42;59;66;146;148,3,3,5,0,0,1,0.15,0.15,0.25,0.0,0.0,0.16666666666666666,0,3,3.8516997729966533,16,9,661,50,6,,original_uniform_floor_plus_prior_scores,maximum_cardinality_certified_superset_of_eBH_then_maximum_testing_evalue_sum,200,3,3,exact_dyadic_prefix_or_HiGHS_QUBO_MILP,300.0,1
327,6ac8c242a2a64e985ca7064d5bc9c8899c71edccf39e3d7e6f104bcdd33099a2,proven_maximal,maximize_sum_testing_e_values_at_maximum_cardinality,proven_optimal,4598.910263082084,2.669730220326334,1722.6123553862074,3,3,3,13;109;162,13;109;162,13;109;162,3,3,3,0,0,0,0.15,0.15,0.15,0.0,0.0,0.0,0,0,2.452948317004484,14,8,626,51,3,,original_uniform_floor_plus_prior_scores,maximum_cardinality_certified_superset_of_eBH_then_maximum_testing_evalue_sum,200,3,3,exact_dyadic_prefix_or_HiGHS_QUBO_MILP,300.0,1
328,4003818fe84f8a8a36b63d377f13206130d49aaa37531b1609c5d9f67fec8094,proven_maximal,maximize_sum_testing_e_values_at_maximum_cardinality,proven_optimal,20054.500410979635,1.4543922795006963,13788.921114092063,4,4,4,85;130;151;188,85;130;151;188,85;130;151;188,4,4,4,0,0,0,0.2,0.2,0.2,0.0,0.0,0.0,0,0,4.85031959600019,16,6,651,56,4,,original_uniform_floor_plus_prior_scores,maximum_cardinality_certified_superset_of_eBH_then_maximum_testing_evalue_sum,200,4,4,exact_dyadic_prefix_or_HiGHS_QUBO_MILP,300.0,1
329,20107da5a1169c9fc899e28843df71bd4ac02cfa28faca35be289a97b6d21714,proven_maximal,maximize_sum_testing_e_values_at_maximum_cardinality,proven_optimal,45093.4374716068,2.0653976661401554,21832.81128417176,6,6,6,10;21;41;72;79;191,10;21;41;72;79;191,10;21;41;72;79;191,6,6,6,0,0,0,0.3,0.3,0.3,0.0,0.0,0.0,0,0,2.8474778319941834,15,8,735,42,6,,original_uniform_floor_plus_prior_scores,maximum_cardinality_certified_superset_of_eBH_then_maximum_testing_evalue_sum,200,6,6,exact_dyadic_prefix_or_HiGHS_QUBO_MILP,300.0,1
330,3518067f170c8a6e41405879d66dbb006b6028aeb146b8c40ad3671e67248adf,proven_maximal,maximize_sum_testing_e_values_at_maximum_cardinality,proven_optimal,40508.50211963348,2.0745424597788977,19526.4753096212,5,5,5,77;80;123;129;198,77;80;123;129;198,77;80;123;129;198,5,5,5,0,0,0,0.25,0.25,0.25,0.0,0.0,0.0,0,0,2.9410141839980497,14,9,713,41,5,,original_uniform_floor_plus_prior_scores,maximum_cardinality_certified_superset_of_eBH_then_maximum_testing_evalue_sum,200,5,5,exact_dyadic_prefix_or_HiGHS_QUBO_MILP,300.0,1
331,291ec97d99f6d6cebaf63a4cfe023530abf2cc0a2ff6c88b8268ef3a951194f0,proven_maximal,maximize_sum_testing_e_values_at_maximum_cardinality,proven_optimal,30005.726890235943,1.5053694992087447,19932.466351953863,4,4,4,4;20;101;112,4;20;101;112,4;20;101;112,4,4,4,0,0,0,0.2,0.2,0.2,0.0,0.0,0.0,0,0,1.944698799001344,11,6,608,43,4,,original_uniform_floor_plus_prior_scores,maximum_cardinality_certified_superset_of_eBH_then_maximum_testing_evalue_sum,200,4,4,exact_dyadic_prefix_or_HiGHS_QUBO_MILP,300.0,1
332,e0fc4341aeca90d098c3b927da57ac588ad7aa00c4b766fa8fc72a1ab1238086,proven_maximal,maximize_sum_testing_e_values_at_maximum_cardinality,proven_optimal,8140.302233426466,1.9400100315894375,4196.010381841773,2,2,3,38;155,38;155,16;38;155,2,2,3,0,0,0,0.1,0.1,0.15,0.0,0.0,0.0,0,1,3.2785087029988063,14,7,534,37,3,,original_uniform_floor_plus_prior_scores,maximum_cardinality_certified_superset_of_eBH_then_maximum_testing_evalue_sum,200,2,2,exact_dyadic_prefix_or_HiGHS_QUBO_MILP,300.0,1
333,c9ce1b8c85c22ac7248bfb3b16d03b9e5b65fee2668adc3169d85ee2818bea65,proven_maximal,maximize_sum_testing_e_values_at_maximum_cardinality,proven_optimal,94166.7660265493,1.1204051580736474,84047.06578507152,4,4,5,11;37;106;167,11;37;106;167,11;37;45;106;167,4,4,5,0,0,0,0.2,0.2,0.25,0.0,0.0,0.0,0,1,2.3561695399985183,10,6,503,34,5,,original_uniform_floor_plus_prior_scores,maximum_cardinality_certified_superset_of_eBH_then_maximum_testing_evalue_sum,200,4,4,exact_dyadic_prefix_or_HiGHS_QUBO_MILP,300.0,1
334,98244e0801176d1c36a46c359736b27866e8c1373067fe0c27ce766ca98a9b6c,proven_maximal,maximize_sum_testing_e_values_at_maximum_cardinality,proven_optimal,69195.95046465413,1.0192125459105024,67891.58036005011,1,1,2,181,181,130;181,1,1,2,0,0,0,0.05,0.05,0.1,0.0,0.0,0.0,0,1,3.5078541149996454,19,13,795,53,2,,original_uniform_floor_plus_prior_scores,maximum_cardinality_certified_superset_of_eBH_then_maximum_testing_evalue_sum,200,1,1,exact_dyadic_prefix_or_HiGHS_QUBO_MILP,300.0,1
335,7323e4dda90330b7b3dab0602718808043c63720c3803ecef4e9902276b4411e,proven_maximal,maximize_sum_testing_e_values_at_maximum_cardinality,proven_optimal,122159.16387784173,2.1155071089841293,57744.624614616776,4,4,7,41;121;128;175,41;121;128;175,13;41;63;121;128;163;175,4,4,7,0,0,0,0.2,0.2,0.35,0.0,0.0,0.0,0,3,4.757845323998481,12,6,505,29,7,,original_uniform_floor_plus_prior_scores,maximum_cardinality_certified_superset_of_eBH_then_maximum_testing_evalue_sum,200,4,4,exact_dyadic_prefix_or_HiGHS_QUBO_MILP,300.0,1
336,f2772812259409fda30ac5f0720b64c5f4ed93f3dd4c704714788e9c30e63d79,proven_maximal,maximize_sum_testing_e_values_at_maximum_cardinality,proven_optimal,8585.488903213816,1.0,8585.488903213816,1,1,1,43,43,43,1,1,1,0,0,0,0.05,0.05,0.05,0.0,0.0,0.0,0,0,3.355711080999754,15,5,600,36,1,,original_uniform_floor_plus_prior_scores,maximum_cardinality_certified_superset_of_eBH_then_maximum_testing_evalue_sum,200,1,1,exact_dyadic_prefix_or_HiGHS_QUBO_MILP,300.0,1
337,63ba00f2886198f5c95a6c2e302e1ab9e23177db695167987cbe35db4f25df49,proven_maximal,maximize_sum_testing_e_values_at_maximum_cardinality,proven_optimal,8162.857007749158,1.782933266394237,4578.330082010041,2,2,2,152;170,152;170,152;170,2,2,2,0,0,0,0.1,0.1,0.1,0.0,0.0,0.0,0,0,3.373076886004128,17,7,746,48,2,,original_uniform_floor_plus_prior_scores,maximum_cardinality_certified_superset_of_eBH_then_maximum_testing_evalue_sum,200,2,2,exact_dyadic_prefix_or_HiGHS_QUBO_MILP,300.0,1
338,73d49550fa009c4521d435ca4985904e6d7a689659bb396b7774ddd8b8ec8e60,proven_maximal,maximize_sum_testing_e_values_at_maximum_cardinality,proven_optimal,80092.72225745015,1.6005898809205252,50039.50306832349,2,2,4,71;117,71;117,71;117;125;169,2,2,4,0,0,0,0.1,0.1,0.2,0.0,0.0,0.0,0,2,2.95022877700103,16,9,843,42,4,,original_uniform_floor_plus_prior_scores,maximum_cardinality_certified_superset_of_eBH_then_maximum_testing_evalue_sum,200,2,2,exact_dyadic_prefix_or_HiGHS_QUBO_MILP,300.0,1
339,8b82020df92eb1627f818592b80939de0556f13ffbbbac9a376738fe202cac12,proven_maximal,maximize_sum_testing_e_values_at_maximum_cardinality,proven_optimal,23323.52154499502,1.0,23323.52154499502,1,1,1,158,158,158,1,1,1,0,0,0,0.05,0.05,0.05,0.0,0.0,0.0,0,0,2.9131696120020933,14,7,634,38,1,,original_uniform_floor_plus_prior_scores,maximum_cardinality_certified_superset_of_eBH_then_maximum_testing_evalue_sum,200,1,1,exact_dyadic_prefix_or_HiGHS_QUBO_MILP,300.0,1
340,2da10b4bbbf36beefa18444fc8c1d9cd863fb71dce7b367d73de2d0b9cb298ed,proven_maximal,maximize_sum_testing_e_values_at_maximum_cardinality,proven_optimal,0.0,0.0,1610.293545063683,0,0,0,,,,0,0,0,0,0,0,0.0,0.0,0.0,0.0,0.0,0.0,0,0,5.337838857994939,16,8,700,44,0,,original_uniform_floor_plus_prior_scores,maximum_cardinality_certified_superset_of_eBH_then_maximum_testing_evalue_sum,200,0,0,exact_dyadic_prefix_or_HiGHS_QUBO_MILP,300.0,1
341,9aa50256be4246a9bfbc92e37c521f402774aad6b13cfa42c90d2e9e7507346e,proven_maximal,maximize_sum_testing_e_values_at_maximum_cardinality,proven_optimal,7123.272755161834,1.3921137380381794,5116.875554435822,2,2,2,30;109,30;109,30;109,2,2,2,0,0,0,0.1,0.1,0.1,0.0,0.0,0.0,0,0,4.170006407999608,17,7,632,48,2,,original_uniform_floor_plus_prior_scores,maximum_cardinality_certified_superset_of_eBH_then_maximum_testing_evalue_sum,200,2,2,exact_dyadic_prefix_or_HiGHS_QUBO_MILP,300.0,1
342,90213a07336026f2378b61e7bedee7d1455effbb4c957c2a9b73e0588e343090,proven_maximal,maximize_sum_testing_e_values_at_maximum_cardinality,proven_optimal,0.0,0.0,274.3281152891911,0,0,0,,,,0,0,0,0,0,0,0.0,0.0,0.0,0.0,0.0,0.0,0,0,1.063846968994767,3,3,300,57,0,,original_uniform_floor_plus_prior_scores,maximum_cardinality_certified_superset_of_eBH_then_maximum_testing_evalue_sum,200,0,0,exact_dyadic_prefix_or_HiGHS_QUBO_MILP,300.0,1
343,293c91a8d4659b80185ec0accc1da688cb5bcfe872a900ff578797f0498a7ef5,proven_maximal,maximize_sum_testing_e_values_at_maximum_cardinality,proven_optimal,5147.31398696127,1.0,5147.31398696127,1,1,1,38,38,38,1,1,1,0,0,0,0.05,0.05,0.05,0.0,0.0,0.0,0,0,3.341495620996284,16,9,867,42,1,,original_uniform_floor_plus_prior_scores,maximum_cardinality_certified_superset_of_eBH_then_maximum_testing_evalue_sum,200,1,1,exact_dyadic_prefix_or_HiGHS_QUBO_MILP,300.0,1
344,9222d722a48c2365f3f5c249b7100240d376c3c24b2886bceb429426bb738b19,proven_maximal,maximize_sum_testing_e_values_at_maximum_cardinality,proven_optimal,314770.0934145569,2.0755766441366426,151654.28571561555,4,4,5,14;22;100;104,14;22;100;104,14;21;22;100;104,4,4,5,0,0,0,0.2,0.2,0.25,0.0,0.0,0.0,0,1,3.3013020099970163,14,7,614,44,5,,original_uniform_floor_plus_prior_scores,maximum_cardinality_certified_superset_of_eBH_then_maximum_testing_evalue_sum,200,4,4,exact_dyadic_prefix_or_HiGHS_QUBO_MILP,300.0,1
345,6e77dba71b56febf0c77940f390cc30f1f6abc8913ec43f34ad3ab1576a513b2,proven_maximal,maximize_sum_testing_e_values_at_maximum_cardinality,proven_optimal,190687.33251369992,1.0350205373681605,184235.3128553156,4,4,4,31;32;126;195,31;32;126;195,31;32;126;195,4,4,4,0,0,0,0.2,0.2,0.2,0.0,0.0,0.0,0,0,2.9729337620010483,14,8,724,50,4,,original_uniform_floor_plus_prior_scores,maximum_cardinality_certified_superset_of_eBH_then_maximum_testing_evalue_sum,200,4,4,exact_dyadic_prefix_or_HiGHS_QUBO_MILP,300.0,1
346,f5f19ee5fdf4ef6876582fd4e7d38da8bee5e568ff6777ece5e4f8939152cd47,proven_maximal,maximize_sum_testing_e_values_at_maximum_cardinality,proven_optimal,15339.231191031364,2.5585522786203927,5995.277610392425,7,7,8,0;11;18;40;78;85;93,0;11;18;40;78;85;93,0;11;18;40;78;85;93;136,7,7,8,0,0,0,0.35,0.35,0.4,0.0,0.0,0.0,0,1,5.472118994999619,12,6,600,35,8,,original_uniform_floor_plus_prior_scores,maximum_cardinality_certified_superset_of_eBH_then_maximum_testing_evalue_sum,200,7,7,exact_dyadic_prefix_or_HiGHS_QUBO_MILP,300.0,1
347,622ffe6d28f9f38d4d86675131a456b054ebbb29b9a878c009aeda98b51c1658,proven_maximal,maximize_sum_testing_e_values_at_maximum_cardinality,proven_optimal,4869.708274050267,1.0,4869.708274050267,1,1,1,62,62,62,1,1,1,0,0,0,0.05,0.05,0.05,0.0,0.0,0.0,0,0,4.302839474003122,19,10,707,42,1,,original_uniform_floor_plus_prior_scores,maximum_cardinality_certified_superset_of_eBH_then_maximum_testing_evalue_sum,200,1,1,exact_dyadic_prefix_or_HiGHS_QUBO_MILP,300.0,1
348,d8410b0197ee125ff6299f0a97613d7ccca722f474507868fc7527676d75ce59,proven_maximal,maximize_sum_testing_e_values_at_maximum_cardinality,proven_optimal,427460.37685534696,1.0159114407769283,420765.3932201437,6,6,7,1;7;13;27;175;181,1;7;13;27;175;181,1;7;13;27;57;175;181,6,6,7,0,0,0,0.3,0.3,0.35,0.0,0.0,0.0,0,1,2.7020909920029226,10,5,437,28,7,,original_uniform_floor_plus_prior_scores,maximum_cardinality_certified_superset_of_eBH_then_maximum_testing_evalue_sum,200,6,6,exact_dyadic_prefix_or_HiGHS_QUBO_MILP,300.0,1
349,f658817798e8c8c41cf91ec9ee8480cdbf36bfe962a6c2b34d19cc2f7d48b2fc,proven_maximal,maximize_sum_testing_e_values_at_maximum_cardinality,proven_optimal,43100.691039597084,1.0606663896808068,40635.48299344872,1,1,4,126,126,126;145;180;195,1,1,4,0,0,0,0.05,0.05,0.2,0.0,0.0,0.0,0,3,3.4446053430001484,12,7,602,47,4,,original_uniform_floor_plus_prior_scores,maximum_cardinality_certified_superset_of_eBH_then_maximum_testing_evalue_sum,200,1,1,exact_dyadic_prefix_or_HiGHS_QUBO_MILP,300.0,1
350,7d15d1a60d40acd9d9438a41fa4c73b031b4594bd14d1e071694fb44a5913ee0,proven_maximal,maximize_sum_testing_e_values_at_maximum_cardinality,proven_optimal,29144.89496194425,1.2060352216593497,24165.87379748712,6,6,7,48;68;100;167;195;198,48;68;100;167;195;198,48;68;100;167;169;195;198,6,6,7,0,0,0,0.3,0.3,0.35,0.0,0.0,0.0,0,1,4.833473655999114,17,8,564,34,7,,original_uniform_floor_plus_prior_scores,maximum_cardinality_certified_superset_of_eBH_then_maximum_testing_evalue_sum,200,6,6,exact_dyadic_prefix_or_HiGHS_QUBO_MILP,300.0,1
351,3c1773f7dfd6515715a88dc62a6f33bd6f614b83e37f6f72dd59c57938906056,proven_maximal,maximize_sum_testing_e_values_at_maximum_cardinality,proven_optimal,54634.954114202665,1.923281327147608,28407.156739378846,3,3,3,55;68;125,55;68;125,55;68;125,3,3,3,0,0,0,0.15,0.15,0.15,0.0,0.0,0.0,0,0,3.3006447139996453,13,7,643,45,3,,original_uniform_floor_plus_prior_scores,maximum_cardinality_certified_superset_of_eBH_then_maximum_testing_evalue_sum,200,3,3,exact_dyadic_prefix_or_HiGHS_QUBO_MILP,300.0,1
352,c56357cf18860977e1705cd0e0af08cec0cd11d8b97ff216ea21c450ec4f665e,proven_maximal,maximize_sum_testing_e_values_at_maximum_cardinality,proven_optimal,226093.37341303777,1.047019324580445,215940.01954418223,4,4,7,10;79;105;141,10;79;105;141,10;79;105;125;141;144;187,4,4,7,0,0,0,0.2,0.2,0.35,0.0,0.0,0.0,0,3,5.999188740999671,16,9,638,45,7,,original_uniform_floor_plus_prior_scores,maximum_cardinality_certified_superset_of_eBH_then_maximum_testing_evalue_sum,200,4,4,exact_dyadic_prefix_or_HiGHS_QUBO_MILP,300.0,1
353,c0bedbd1e01cab39ec144e3b411c7c2ed27049d7106de00d6ee3c4af19ca11cd,proven_maximal,maximize_sum_testing_e_values_at_maximum_cardinality,proven_optimal,13089.487593864926,1.9597567285080855,6679.13899896628,6,6,9,9;12;36;94;111;188,9;12;36;94;111;188,9;12;36;93;94;111;126;152;188,6,6,9,0,0,0,0.3,0.3,0.45,0.0,0.0,0.0,0,3,3.848954610999499,13,8,800,53,9,,original_uniform_floor_plus_prior_scores,maximum_cardinality_certified_superset_of_eBH_then_maximum_testing_evalue_sum,200,6,6,exact_dyadic_prefix_or_HiGHS_QUBO_MILP,300.0,1
354,0fe82d479fba82f3df7455eec25741ea81d83a67a19013c709306d20738e41d0,proven_maximal,maximize_sum_testing_e_values_at_maximum_cardinality,proven_optimal,196944.65175302167,1.1136549662399375,176845.30462605582,2,2,3,29;93,29;93,29;93;169,2,2,3,0,0,0,0.1,0.1,0.15,0.0,0.0,0.0,0,1,3.614107929999591,15,7,605,47,3,,original_uniform_floor_plus_prior_scores,maximum_cardinality_certified_superset_of_eBH_then_maximum_testing_evalue_sum,200,2,2,exact_dyadic_prefix_or_HiGHS_QUBO_MILP,300.0,1
355,dd43dbbc554810434286aaa1f5210e38fb6af2adf9280acfdad519ee86919297,proven_maximal,maximize_sum_testing_e_values_at_maximum_cardinality,proven_optimal,27927.84851467069,2.2403987201818643,12465.57064289148,9,9,9,13;42;66;77;110;121;130;146;190,13;42;66;77;110;121;130;146;190,13;42;66;77;110;121;130;146;190,9,9,9,0,0,0,0.45,0.45,0.45,0.0,0.0,0.0,0,0,1.7082722150007612,9,7,639,48,9,,original_uniform_floor_plus_prior_scores,maximum_cardinality_certified_superset_of_eBH_then_maximum_testing_evalue_sum,200,9,9,exact_dyadic_prefix_or_HiGHS_QUBO_MILP,300.0,1
356,d88922b61905a4be6b47175628ad14ddd2488668fcd0110dcd735d6c8d3d9c09,proven_maximal,maximize_sum_testing_e_values_at_maximum_cardinality,proven_optimal,10095.528330942936,2.949101936792893,3423.255128956879,5,5,9,4;26;38;83;156,4;26;38;83;156,4;26;32;38;45;83;143;149;156,5,5,9,0,0,0,0.25,0.25,0.45,0.0,0.0,0.0,0,4,3.464712150002015,13,7,622,37,9,,original_uniform_floor_plus_prior_scores,maximum_cardinality_certified_superset_of_eBH_then_maximum_testing_evalue_sum,200,5,5,exact_dyadic_prefix_or_HiGHS_QUBO_MILP,300.0,1
357,dda02c5a1362d614b632b911a823a5de0900bf28c7d4d36f13cdb1e924c319bb,proven_maximal,maximize_sum_testing_e_values_at_maximum_cardinality,proven_optimal,0.0,0.0,1643.7160993979758,0,0,0,,,,0,0,0,0,0,0,0.0,0.0,0.0,0.0,0.0,0.0,0,0,2.5614745170023525,13,7,685,47,0,,original_uniform_floor_plus_prior_scores,maximum_cardinality_certified_superset_of_eBH_then_maximum_testing_evalue_sum,200,0,0,exact_dyadic_prefix_or_HiGHS_QUBO_MILP,300.0,1
358,b65d7858645a1f3197375880992c77b54056fbbe6feb3f85ba2048b4f80ea4a9,proven_maximal,maximize_sum_testing_e_values_at_maximum_cardinality,proven_optimal,78233.72867794459,1.3941785012263883,56114.571132122845,2,2,3,10;46,10;46,10;46;172,2,2,3,0,0,0,0.1,0.1,0.15,0.0,0.0,0.0,0,1,3.4650000510009704,16,7,682,33,3,,original_uniform_floor_plus_prior_scores,maximum_cardinality_certified_superset_of_eBH_then_maximum_testing_evalue_sum,200,2,2,exact_dyadic_prefix_or_HiGHS_QUBO_MILP,300.0,1
359,3e409e084329b2b80312b6079322187b52c5f828dfea9c114ad05b63e65bb275,proven_maximal,maximize_sum_testing_e_values_at_maximum_cardinality,proven_optimal,20034.60920288265,2.084829463632782,9609.711274884165,3,3,7,138;142;147,138;142;147,45;75;100;103;138;142;147,3,3,7,0,0,0,0.15,0.15,0.35,0.0,0.0,0.0,0,4,3.811263589996088,12,8,615,42,7,,original_uniform_floor_plus_prior_scores,maximum_cardinality_certified_superset_of_eBH_then_maximum_testing_evalue_sum,200,3,3,exact_dyadic_prefix_or_HiGHS_QUBO_MILP,300.0,1
360,8452520ee9af6b1ba78589bda68b39085665587dd6ea69902ae2bed8b8194fbb,proven_maximal,maximize_sum_testing_e_values_at_maximum_cardinality,proven_optimal,41095.32177185437,2.8158930411726026,14594.06347150932,8,8,8,9;59;138;142;144;151;156;198,9;59;138;142;144;151;156;198,9;59;138;142;144;151;156;198,8,8,8,0,0,0,0.4,0.4,0.4,0.0,0.0,0.0,0,0,2.39823834499839,12,7,624,44,8,,original_uniform_floor_plus_prior_scores,maximum_cardinality_certified_superset_of_eBH_then_maximum_testing_evalue_sum,200,8,8,exact_dyadic_prefix_or_HiGHS_QUBO_MILP,300.0,1
361,2725745a39fceeab313785027ae227be96c8e555692fb5a1698ec9d039ed714a,proven_maximal,maximize_sum_testing_e_values_at_maximum_cardinality,proven_optimal,169475.78497843732,1.1069487228022639,153101.74851587147,4,4,7,79;95;96;144,79;95;96;144,5;60;79;95;96;128;144,4,4,7,0,0,0,0.2,0.2,0.35,0.0,0.0,0.0,0,3,2.0795684259937843,10,7,491,46,7,,original_uniform_floor_plus_prior_scores,maximum_cardinality_certified_superset_of_eBH_then_maximum_testing_evalue_sum,200,4,4,exact_dyadic_prefix_or_HiGHS_QUBO_MILP,300.0,1
362,01132cf4faf0bf34d3733e9c78e6c0098bab8463e9e3e2fb50f9dd9c4f54d142,proven_maximal,maximize_sum_testing_e_values_at_maximum_cardinality,proven_optimal,102667.99146908724,1.335945971454773,76850.40687482843,3,3,3,27;126;186,27;126;186,27;126;186,3,3,3,0,0,0,0.15,0.15,0.15,0.0,0.0,0.0,0,0,2.621098969000741,15,7,723,46,3,,original_uniform_floor_plus_prior_scores,maximum_cardinality_certified_superset_of_eBH_then_maximum_testing_evalue_sum,200,3,3,exact_dyadic_prefix_or_HiGHS_QUBO_MILP,300.0,1
363,079ef7849d51bde36c61f54c479c3c8b8456b51a46707ad33f83adab436f39bc,proven_maximal,maximize_sum_testing_e_values_at_maximum_cardinality,proven_optimal,319470.22185933695,1.4396664033726483,221905.72837632868,6,6,7,10;11;35;38;66;110,10;11;35;38;66;110,10;11;35;38;66;110;167,6,6,7,0,0,0,0.3,0.3,0.35,0.0,0.0,0.0,0,1,2.353456010998343,11,8,697,47,7,,original_uniform_floor_plus_prior_scores,maximum_cardinality_certified_superset_of_eBH_then_maximum_testing_evalue_sum,200,6,6,exact_dyadic_prefix_or_HiGHS_QUBO_MILP,300.0,1
364,0872e142d413a45281422b1bae5f0afe21068c7d176a1948ba08e07fb8e193e4,proven_maximal,maximize_sum_testing_e_values_at_maximum_cardinality,proven_optimal,118308.41213063207,1.1998716825231033,98600.8869563884,2,2,9,6;81,6;81,2;6;58;73;81;122;129;136;143,2,2,8,0,0,1,0.1,0.1,0.4,0.0,0.0,0.1111111111111111,0,7,3.382028703999822,14,12,1025,48,9,,original_uniform_floor_plus_prior_scores,maximum_cardinality_certified_superset_of_eBH_then_maximum_testing_evalue_sum,200,2,2,exact_dyadic_prefix_or_HiGHS_QUBO_MILP,300.0,1
365,2b54bf0a5436a2f38917be25e8360b6b4b91ca15d09e90b987042059f750bf66,proven_maximal,maximize_sum_testing_e_values_at_maximum_cardinality,proven_optimal,21871.726996354653,2.45358000601338,8914.20982513312,7,7,9,26;35;51;134;165;194;195,26;35;51;134;165;194;195,26;35;51;99;104;134;165;194;195,7,7,9,0,0,0,0.35,0.35,0.45,0.0,0.0,0.0,0,2,6.109056745997805,16,9,569,42,9,,original_uniform_floor_plus_prior_scores,maximum_cardinality_certified_superset_of_eBH_then_maximum_testing_evalue_sum,200,7,7,exact_dyadic_prefix_or_HiGHS_QUBO_MILP,300.0,1
366,9fe1b13bfa83e98fbaf2c160436424410ae686ba4b69bdef1941fa0cab18512f,proven_maximal,maximize_sum_testing_e_values_at_maximum_cardinality,proven_optimal,53999.959664242095,3.345818419814859,16139.536845287075,8,8,9,7;14;39;79;88;175;198;199,7;14;39;79;88;175;198;199,7;14;39;79;87;88;175;198;199,8,8,9,0,0,0,0.4,0.4,0.45,0.0,0.0,0.0,0,1,4.833636392002518,15,7,656,32,9,,original_uniform_floor_plus_prior_scores,maximum_cardinality_certified_superset_of_eBH_then_maximum_testing_evalue_sum,200,8,8,exact_dyadic_prefix_or_HiGHS_QUBO_MILP,300.0,1
367,1f57efab38782736a1164bcfd97afa2d35fb841b8beee8fa97b65bcdebf4635e,proven_maximal,maximize_sum_testing_e_values_at_maximum_cardinality,proven_optimal,28231.12129725628,3.3764645238211144,8361.148502548866,9,9,10,2;83;86;99;110;149;154;160;192,2;83;86;99;110;149;154;160;192,2;60;83;86;99;110;149;154;160;192,9,9,10,0,0,0,0.45,0.45,0.5,0.0,0.0,0.0,0,1,3.0431946479948238,9,5,403,33,10,,original_uniform_floor_plus_prior_scores,maximum_cardinality_certified_superset_of_eBH_then_maximum_testing_evalue_sum,200,9,9,exact_dyadic_prefix_or_HiGHS_QUBO_MILP,300.0,1
368,e0663c7a289e3a74e061c3973a9d5938721229af32a5f9e170f38b6f0c7f1e38,proven_maximal,maximize_sum_testing_e_values_at_maximum_cardinality,proven_optimal,35184.906045822194,1.8278807747947068,19249.01587182232,8,8,9,19;55;105;108;129;143;154;170,19;55;105;108;129;143;154;170,19;55;105;108;129;143;154;157;170,8,8,9,0,0,0,0.4,0.4,0.45,0.0,0.0,0.0,0,1,3.7182637779988,13,7,591,40,9,,original_uniform_floor_plus_prior_scores,maximum_cardinality_certified_superset_of_eBH_then_maximum_testing_evalue_sum,200,8,8,exact_dyadic_prefix_or_HiGHS_QUBO_MILP,300.0,1
369,1407566c717905363cb3c27b9b0e3a6082709fceff41ac9bca86e617874ee300,proven_maximal,maximize_sum_testing_e_values_at_maximum_cardinality,proven_optimal,192806.11467389134,1.056601168185107,182477.6656314594,4,4,8,5;36;126;193,5;36;126;193,4;5;8;36;38;126;157;193,4,4,8,0,0,0,0.2,0.2,0.4,0.0,0.0,0.0,0,4,4.102213661994028,15,9,767,43,8,,original_uniform_floor_plus_prior_scores,maximum_cardinality_certified_superset_of_eBH_then_maximum_testing_evalue_sum,200,4,4,exact_dyadic_prefix_or_HiGHS_QUBO_MILP,300.0,1
370,b635555033970a6d0c84d89eeb33b213d523a565b4568c6bbfafd4fe2728a6f4,proven_maximal,maximize_sum_testing_e_values_at_maximum_cardinality,proven_optimal,102353.3239428736,1.0,102353.3239428736,1,1,1,53,53,53,1,1,1,0,0,0,0.05,0.05,0.05,0.0,0.0,0.0,0,0,4.483107508000103,14,8,700,39,1,,original_uniform_floor_plus_prior_scores,maximum_cardinality_certified_superset_of_eBH_then_maximum_testing_evalue_sum,200,1,1,exact_dyadic_prefix_or_HiGHS_QUBO_MILP,300.0,1
371,eaa9e3e291928e7d11a83ddf00bcc213a953b79cd5aa1720006f95bce6cf39f5,proven_maximal,maximize_sum_testing_e_values_at_maximum_cardinality,proven_optimal,48190.965741954606,1.6436079037728146,29320.23241755823,4,4,4,51;53;103;116,51;53;103;116,51;53;103;116,4,4,4,0,0,0,0.2,0.2,0.2,0.0,0.0,0.0,0,0,4.197133081004722,19,9,870,34,4,,original_uniform_floor_plus_prior_scores,maximum_cardinality_certified_superset_of_eBH_then_maximum_testing_evalue_sum,200,4,4,exact_dyadic_prefix_or_HiGHS_QUBO_MILP,300.0,1
372,c2b9192ac0a5b917111958511adff81d98a0011d9bfc2902ce9d7b5379244667,proven_maximal,maximize_sum_testing_e_values_at_maximum_cardinality,proven_optimal,5840.993828606584,1.5588855444551846,3746.903580819306,2,2,2,8;53,8;53,8;53,2,2,2,0,0,0,0.1,0.1,0.1,0.0,0.0,0.0,0,0,1.546624617993075,8,6,547,34,2,,original_uniform_floor_plus_prior_scores,maximum_cardinality_certified_superset_of_eBH_then_maximum_testing_evalue_sum,200,2,2,exact_dyadic_prefix_or_HiGHS_QUBO_MILP,300.0,1
373,326ce2744a14769f72ba72e5aa0d70ef1809f63646f98323669d2ea93abe52af,proven_maximal,maximize_sum_testing_e_values_at_maximum_cardinality,proven_optimal,22814.17211238668,4.131688089521327,5521.755664530281,7,7,8,10;39;45;77;78;89;169,10;39;45;77;78;89;169,10;39;45;77;78;89;106;169,7,7,8,0,0,0,0.35,0.35,0.4,0.0,0.0,0.0,0,1,1.6362579120032024,6,5,401,33,8,,original_uniform_floor_plus_prior_scores,maximum_cardinality_certified_superset_of_eBH_then_maximum_testing_evalue_sum,200,7,7,exact_dyadic_prefix_or_HiGHS_QUBO_MILP,300.0,1
374,d85894e962a84e1f41fb48f834869eb5f878c394f2a964066058bfb90156f32d,proven_maximal,maximize_sum_testing_e_values_at_maximum_cardinality,proven_optimal,44829.152136985664,2.580081982429461,17375.088250015047,10,10,10,19;26;36;48;55;57;71;157;158;189,19;26;36;48;55;57;71;157;158;189,19;26;36;48;55;57;71;157;158;189,10,10,10,0,0,0,0.5,0.5,0.5,0.0,0.0,0.0,0,0,2.934302606001438,15,7,716,53,10,,original_uniform_floor_plus_prior_scores,maximum_cardinality_certified_superset_of_eBH_then_maximum_testing_evalue_sum,200,10,10,exact_dyadic_prefix_or_HiGHS_QUBO_MILP,300.0,1
375,aa09c817353ffe44abd84cc17f7ca491cbba211ad197bdec976c7bcf1a7a1d8c,proven_maximal,maximize_sum_testing_e_values_at_maximum_cardinality,proven_optimal,14537.910482536387,3.2693192000303717,4446.769982692828,4,4,4,34;44;130;187,34;44;130;187,34;44;130;187,4,4,4,0,0,0,0.2,0.2,0.2,0.0,0.0,0.0,0,0,1.8680246810035896,10,6,678,59,4,,original_uniform_floor_plus_prior_scores,maximum_cardinality_certified_superset_of_eBH_then_maximum_testing_evalue_sum,200,4,4,exact_dyadic_prefix_or_HiGHS_QUBO_MILP,300.0,1
376,389faa6fb3c2ac4bb829fe98743eecbc80a93b3874e2727f59ee23c24817ccbd,proven_maximal,maximize_sum_testing_e_values_at_maximum_cardinality,proven_optimal,32230.671334256192,1.2690965868199462,25396.547172992232,4,4,4,20;75;152;170,20;75;152;170,20;75;152;170,4,4,4,0,0,0,0.2,0.2,0.2,0.0,0.0,0.0,0,0,4.222774715999549,14,5,502,33,4,,original_uniform_floor_plus_prior_scores,maximum_cardinality_certified_superset_of_eBH_then_maximum_testing_evalue_sum,200,4,4,exact_dyadic_prefix_or_HiGHS_QUBO_MILP,300.0,1
377,eed351a556b2029b406c55a5ae182fcd8736bc79c5bc01ac6c42b8f9a33c3d49,proven_maximal,maximize_sum_testing_e_values_at_maximum_cardinality,proven_optimal,23739.70247886106,2.3547109926779233,10081.790314259672,3,3,9,64;138;186,64;138;186,2;59;64;77;79;85;88;138;186,3,3,9,0,0,0,0.15,0.15,0.45,0.0,0.0,0.0,0,6,2.2861995350031066,11,7,569,42,9,,original_uniform_floor_plus_prior_scores,maximum_cardinality_certified_superset_of_eBH_then_maximum_testing_evalue_sum,200,3,3,exact_dyadic_prefix_or_HiGHS_QUBO_MILP,300.0,1
378,6d078bf25ae330bafc656e565d866dffb926daf81b9898980cad63b1584bc1ad,proven_maximal,maximize_sum_testing_e_values_at_maximum_cardinality,proven_optimal,16553.38212796336,1.7244966052287527,9598.964751668833,5,5,6,35;52;121;177;194,35;52;121;177;194,35;52;121;159;177;194,5,5,6,0,0,0,0.25,0.25,0.3,0.0,0.0,0.0,0,1,2.034073155002261,9,7,554,35,6,,original_uniform_floor_plus_prior_scores,maximum_cardinality_certified_superset_of_eBH_then_maximum_testing_evalue_sum,200,5,5,exact_dyadic_prefix_or_HiGHS_QUBO_MILP,300.0,1
379,a2da6c6b06b4c44953f9ecf86d8a491074c69f68da14cedd92a63fa67c38e765,proven_maximal,maximize_sum_testing_e_values_at_maximum_cardinality,proven_optimal,4980.730231760745,1.788573524662137,2784.750060918859,2,2,2,1;121,1;121,1;121,2,2,2,0,0,0,0.1,0.1,0.1,0.0,0.0,0.0,0,0,2.6222273929961375,15,7,624,46,2,,original_uniform_floor_plus_prior_scores,maximum_cardinality_certified_superset_of_eBH_then_maximum_testing_evalue_sum,200,2,2,exact_dyadic_prefix_or_HiGHS_QUBO_MILP,300.0,1
380,54a9824a7a99ea29fc9c59551711bd5db3dd24312017d39e5b1447085ba650f1,proven_maximal,maximize_sum_testing_e_values_at_maximum_cardinality,proven_optimal,5925.689146277299,1.0,5925.689146277299,1,1,1,179,179,179,1,1,1,0,0,0,0.05,0.05,0.05,0.0,0.0,0.0,0,0,3.8453855389961973,18,9,707,44,1,,original_uniform_floor_plus_prior_scores,maximum_cardinality_certified_superset_of_eBH_then_maximum_testing_evalue_sum,200,1,1,exact_dyadic_prefix_or_HiGHS_QUBO_MILP,300.0,1
381,312274bb5783b9643f1c500de4d4c3d02216745d27a7c57e7453ce1cfaf6297e,proven_maximal,maximize_sum_testing_e_values_at_maximum_cardinality,proven_optimal,11919.966479003633,1.9263576608078004,6187.826238874615,3,3,3,87;159;165,87;159;165,87;159;165,3,3,3,0,0,0,0.15,0.15,0.15,0.0,0.0,0.0,0,0,3.0725247189984657,15,8,652,40,3,,original_uniform_floor_plus_prior_scores,maximum_cardinality_certified_superset_of_eBH_then_maximum_testing_evalue_sum,200,3,3,exact_dyadic_prefix_or_HiGHS_QUBO_MILP,300.0,1
382,9091141881f06f4fcd2d7dd4c3c6786c58e005dade04c8f5e288f6927dbae500,proven_maximal,maximize_sum_testing_e_values_at_maximum_cardinality,proven_optimal,140638.45102103276,1.0907920545597707,128932.41239989833,9,9,11,14;29;112;147;149;156;169;180;185,14;29;112;147;149;156;169;180;185,14;29;47;96;112;147;149;156;169;180;185,9,9,11,0,0,0,0.45,0.45,0.55,0.0,0.0,0.0,0,2,7.1516726950067095,13,7,622,44,11,,original_uniform_floor_plus_prior_scores,maximum_cardinality_certified_superset_of_eBH_then_maximum_testing_evalue_sum,200,9,9,exact_dyadic_prefix_or_HiGHS_QUBO_MILP,300.0,1
383,2c72ba4e3a25b2d312661e45df2634a12f78e4359acd94def6ee7dd62182a41f,proven_maximal,maximize_sum_testing_e_values_at_maximum_cardinality,proven_optimal,14707.321258375907,1.652981764287047,8897.449189174431,4,4,5,6;22;61;140,6;22;61;140,6;22;61;140;162,4,4,5,0,0,0,0.2,0.2,0.25,0.0,0.0,0.0,0,1,2.8693676569964737,12,7,593,40,5,,original_uniform_floor_plus_prior_scores,maximum_cardinality_certified_superset_of_eBH_then_maximum_testing_evalue_sum,200,4,4,exact_dyadic_prefix_or_HiGHS_QUBO_MILP,300.0,1
384,f1ba5fc9223acbc0e049150148fc8738e6b4c330ecf30584fdbfeee55902dcea,proven_maximal,maximize_sum_testing_e_values_at_maximum_cardinality,proven_optimal,33911.047349077206,1.2052234775819013,28136.729809740013,2,2,4,5;140,5;140,5;73;103;140,2,2,4,0,0,0,0.1,0.1,0.2,0.0,0.0,0.0,0,2,3.5140142969976296,12,7,609,34,4,,original_uniform_floor_plus_prior_scores,maximum_cardinality_certified_superset_of_eBH_then_maximum_testing_evalue_sum,200,2,2,exact_dyadic_prefix_or_HiGHS_QUBO_MILP,300.0,1
385,f684cf4878f5420027bc2631d14e17b7d1ca917737d2d5e7dd2b3acab2cb8d2e,proven_maximal,maximize_sum_testing_e_values_at_maximum_cardinality,proven_optimal,27392.83034528658,2.3220871521891824,11796.64179247604,6,6,6,59;82;93;140;146;185,59;82;93;140;146;185,59;82;93;140;146;185,6,6,6,0,0,0,0.3,0.3,0.3,0.0,0.0,0.0,0,0,4.424977413000306,15,6,621,33,6,,original_uniform_floor_plus_prior_scores,maximum_cardinality_certified_superset_of_eBH_then_maximum_testing_evalue_sum,200,6,6,exact_dyadic_prefix_or_HiGHS_QUBO_MILP,300.0,1
386,9d99445c340bf604e344edcf84405fd63e79508e7caee03a01c878ec19080404,proven_maximal,maximize_sum_testing_e_values_at_maximum_cardinality,proven_optimal,10729.271734666941,2.6902929711524552,3988.142499614377,6,6,7,2;11;163;170;182;193,2;11;163;170;182;193,2;11;121;163;170;182;193,6,6,7,0,0,0,0.3,0.3,0.35,0.0,0.0,0.0,0,1,4.22472236899921,14,8,658,56,7,,original_uniform_floor_plus_prior_scores,maximum_cardinality_certified_superset_of_eBH_then_maximum_testing_evalue_sum,200,6,6,exact_dyadic_prefix_or_HiGHS_QUBO_MILP,300.0,1
387,cf55cd6237a986d72bb34a8795b1e19f1a80a15a2918e0ea379cbabc97e694c7,proven_maximal,maximize_sum_testing_e_values_at_maximum_cardinality,proven_optimal,8863.85184430376,1.955280082461694,4533.290101919407,2,2,6,35;132,35;132,21;35;43;64;132;174,2,2,6,0,0,0,0.1,0.1,0.3,0.0,0.0,0.0,0,4,4.096008824002638,15,10,697,44,6,,original_uniform_floor_plus_prior_scores,maximum_cardinality_certified_superset_of_eBH_then_maximum_testing_evalue_sum,200,2,2,exact_dyadic_prefix_or_HiGHS_QUBO_MILP,300.0,1
388,558518e75212ce104fea042fd88ff5f3a8b474e94b9b05cb59649e391f488e52,proven_maximal,maximize_sum_testing_e_values_at_maximum_cardinality,proven_optimal,5005.0768875870735,1.910584406653135,2619.657561402751,2,2,2,47;95,47;95,47;95,2,2,2,0,0,0,0.1,0.1,0.1,0.0,0.0,0.0,0,0,6.602356661001977,20,13,1133,39,2,,original_uniform_floor_plus_prior_scores,maximum_cardinality_certified_superset_of_eBH_then_maximum_testing_evalue_sum,200,2,2,exact_dyadic_prefix_or_HiGHS_QUBO_MILP,300.0,1
389,f21037c5e62cd44f1a28f9ff6a26ed70286b3f6a113c901341dca46c6d671229,proven_maximal,maximize_sum_testing_e_values_at_maximum_cardinality,proven_optimal,195012.37408571734,1.0697880231922632,182290.6686726568,4,4,6,7;56;88;166,7;56;88;166,7;43;56;73;88;166,4,4,6,0,0,0,0.2,0.2,0.3,0.0,0.0,0.0,0,2,5.9107032690008054,13,8,737,38,6,,original_uniform_floor_plus_prior_scores,maximum_cardinality_certified_superset_of_eBH_then_maximum_testing_evalue_sum,200,4,4,exact_dyadic_prefix_or_HiGHS_QUBO_MILP,300.0,1
390,ab82ba33b14509d0a27f4bc5f45c0dcf7a805bb136fc6f18cdde5bc6c2cda406,proven_maximal,maximize_sum_testing_e_values_at_maximum_cardinality,proven_optimal,26108.501918928767,1.2524527517974275,20845.89768473084,3,3,5,34;99;152,34;99;152,34;53;99;121;152,3,3,5,0,0,0,0.15,0.15,0.25,0.0,0.0,0.0,0,2,5.00916506700014,17,11,935,52,5,,original_uniform_floor_plus_prior_scores,maximum_cardinality_certified_superset_of_eBH_then_maximum_testing_evalue_sum,200,3,3,exact_dyadic_prefix_or_HiGHS_QUBO_MILP,300.0,1
391,0644e18aea39059394d4c6c35963feb28877f3e515882717461e1c9af653bdeb,proven_maximal,maximize_sum_testing_e_values_at_maximum_cardinality,proven_optimal,42341.25243027616,1.7070785401347293,24803.341753059834,5,5,7,73;116;143;145;161,73;116;143;145;161,73;90;109;116;143;145;161,5,5,7,0,0,0,0.25,0.25,0.35,0.0,0.0,0.0,0,2,4.0365568039997015,14,10,957,43,7,,original_uniform_floor_plus_prior_scores,maximum_cardinality_certified_superset_of_eBH_then_maximum_testing_evalue_sum,200,5,5,exact_dyadic_prefix_or_HiGHS_QUBO_MILP,300.0,1
392,50f7622d8a30127bb0ddb297fc5c69385d4f79b627e14b29d91dc3fcfe420541,proven_maximal,maximize_sum_testing_e_values_at_maximum_cardinality,proven_optimal,0.0,0.0,1027.521670834387,0,0,0,,,,0,0,0,0,0,0,0.0,0.0,0.0,0.0,0.0,0.0,0,0,2.0434495669978787,11,7,755,46,0,,original_uniform_floor_plus_prior_scores,maximum_cardinality_certified_superset_of_eBH_then_maximum_testing_evalue_sum,200,0,0,exact_dyadic_prefix_or_HiGHS_QUBO_MILP,300.0,1
393,b6139a6e592281be4c60a24906d32e6387aa9c9e7334e6643853302a3f976cd2,proven_maximal,maximize_sum_testing_e_values_at_maximum_cardinality,proven_optimal,0.0,0.0,1490.9851791985318,0,0,0,,,,0,0,0,0,0,0,0.0,0.0,0.0,0.0,0.0,0.0,0,0,1.3120409060065867,3,3,300,37,0,,original_uniform_floor_plus_prior_scores,maximum_cardinality_certified_superset_of_eBH_then_maximum_testing_evalue_sum,200,0,0,exact_dyadic_prefix_or_HiGHS_QUBO_MILP,300.0,1
394,abc9ee1fa6a8f36cadc3a19d774347cc798088f1d955ad6cc9bc4492e8d00efd,proven_maximal,maximize_sum_testing_e_values_at_maximum_cardinality,proven_optimal,6884.979035540278,1.415974155595383,4862.362076548855,2,2,2,38;179,38;179,38;179,2,2,2,0,0,0,0.1,0.1,0.1,0.0,0.0,0.0,0,0,3.32588704200316,16,6,621,48,2,,original_uniform_floor_plus_prior_scores,maximum_cardinality_certified_superset_of_eBH_then_maximum_testing_evalue_sum,200,2,2,exact_dyadic_prefix_or_HiGHS_QUBO_MILP,300.0,1
395,152adc91be04b7e5354b93303a4ba8f7d85951d8f307dfc60c9863fdd5332946,proven_maximal,maximize_sum_testing_e_values_at_maximum_cardinality,proven_optimal,44047.32491762499,1.1742727233952117,37510.30236849032,5,5,5,10;52;54;97;103,10;52;54;97;103,10;52;54;97;103,5,5,5,0,0,0,0.25,0.25,0.25,0.0,0.0,0.0,0,0,3.0089535389997764,15,7,703,40,5,,original_uniform_floor_plus_prior_scores,maximum_cardinality_certified_superset_of_eBH_then_maximum_testing_evalue_sum,200,5,5,exact_dyadic_prefix_or_HiGHS_QUBO_MILP,300.0,1
396,7bb3122f532e0aadd619913099d018cffe1db7d4d16b27287d9b2a40e7044219,proven_maximal,maximize_sum_testing_e_values_at_maximum_cardinality,proven_optimal,130782.54002438893,1.449723102324996,90212.08244156846,3,3,3,62;75;82,62;75;82,62;75;82,3,3,3,0,0,0,0.15,0.15,0.15,0.0,0.0,0.0,0,0,3.062336717994185,14,6,685,30,3,,original_uniform_floor_plus_prior_scores,maximum_cardinality_certified_superset_of_eBH_then_maximum_testing_evalue_sum,200,3,3,exact_dyadic_prefix_or_HiGHS_QUBO_MILP,300.0,1
397,32877443e090c1fbcb608f79ad1f6fee0258cf6b7ebd643ab916323107899fe8,proven_maximal,maximize_sum_testing_e_values_at_maximum_cardinality,proven_optimal,0.0,0.0,1548.362634388542,0,0,0,,,,0,0,0,0,0,0,0.0,0.0,0.0,0.0,0.0,0.0,0,0,1.1797069360036403,3,3,300,32,0,,original_uniform_floor_plus_prior_scores,maximum_cardinality_certified_superset_of_eBH_then_maximum_testing_evalue_sum,200,0,0,exact_dyadic_prefix_or_HiGHS_QUBO_MILP,300.0,1
398,a6d3cefc7f063be32e6a84ffa809143c01ebf12823340470b0815e3ebe73b5c7,proven_maximal,maximize_sum_testing_e_values_at_maximum_cardinality,proven_optimal,0.0,0.0,2954.461939489666,0,0,0,,,,0,0,0,0,0,0,0.0,0.0,0.0,0.0,0.0,0.0,0,0,5.596597374002158,16,8,713,40,0,,original_uniform_floor_plus_prior_scores,maximum_cardinality_certified_superset_of_eBH_then_maximum_testing_evalue_sum,200,0,0,exact_dyadic_prefix_or_HiGHS_QUBO_MILP,300.0,1
399,6d6e7d2b7186e58e2561d8db3365b3f66c7ea47f7053e7a4892b45904a84d916,proven_maximal,maximize_sum_testing_e_values_at_maximum_cardinality,proven_optimal,62616.71264205368,1.0498135711480479,59645.55456601474,1,1,5,131,131,26;62;93;131;132,1,1,5,0,0,0,0.05,0.05,0.25,0.0,0.0,0.0,0,4,2.6543430099991383,15,12,641,34,5,,original_uniform_floor_plus_prior_scores,maximum_cardinality_certified_superset_of_eBH_then_maximum_testing_evalue_sum,200,1,1,exact_dyadic_prefix_or_HiGHS_QUBO_MILP,300.0,1
400,1d2f1864583084cbd2b7629ea28ff30bb9db5d6b68e9a82f401119ec51c10fb3,proven_maximal,maximize_sum_testing_e_values_at_maximum_cardinality,proven_optimal,420127.8586474977,1.0480503055183434,400866.1191503698,6,6,7,11;42;44;81;97;112,11;42;44;81;97;112,11;42;44;70;81;97;112,6,6,7,0,0,0,0.3,0.3,0.35,0.0,0.0,0.0,0,1,3.3647795349970693,14,7,663,42,7,,original_uniform_floor_plus_prior_scores,maximum_cardinality_certified_superset_of_eBH_then_maximum_testing_evalue_sum,200,6,6,exact_dyadic_prefix_or_HiGHS_QUBO_MILP,300.0,1
401,e3651c3e8206c813a08cda7452bcf076d8c7eb01626fe732bfb730f69a876bb8,proven_maximal,maximize_sum_testing_e_values_at_maximum_cardinality,proven_optimal,0.0,0.0,3041.080232391252,0,0,0,,,,0,0,0,0,0,0,0.0,0.0,0.0,0.0,0.0,0.0,0,0,2.5864540609982214,21,12,746,41,0,,original_uniform_floor_plus_prior_scores,maximum_cardinality_certified_superset_of_eBH_then_maximum_testing_evalue_sum,200,0,0,exact_dyadic_prefix_or_HiGHS_QUBO_MILP,300.0,1
402,e00e0f314d64865d82220c647f2f86d6a7d47a5930ab2c763b99b27553232f3b,proven_maximal,maximize_sum_testing_e_values_at_maximum_cardinality,proven_optimal,48040.11767734812,1.3897083200933944,34568.48964833111,4,4,4,22;99;105;172,22;99;105;172,22;99;105;172,4,4,4,0,0,0,0.2,0.2,0.2,0.0,0.0,0.0,0,0,1.5084613709987025,13,7,719,51,4,,original_uniform_floor_plus_prior_scores,maximum_cardinality_certified_superset_of_eBH_then_maximum_testing_evalue_sum,200,4,4,exact_dyadic_prefix_or_HiGHS_QUBO_MILP,300.0,1
403,a1edb4d5f0d8643a5900a91e2f8427dd9b1399db4dc07ce37d8987ac45b9ccf8,proven_maximal,maximize_sum_testing_e_values_at_maximum_cardinality,proven_optimal,3355.2570221833366,1.0,3355.2570221833366,0,0,1,,,172,0,0,1,0,0,0,0.0,0.0,0.05,0.0,0.0,0.0,0,1,1.8585549109993735,15,8,645,46,1,,original_uniform_floor_plus_prior_scores,maximum_cardinality_certified_superset_of_eBH_then_maximum_testing_evalue_sum,200,0,0,exact_dyadic_prefix_or_HiGHS_QUBO_MILP,300.0,1
404,f462fd7121c2d7af90d334bb2d09e415d7ae369ed85e97b4ac9bf67626225ce0,proven_maximal,maximize_sum_testing_e_values_at_maximum_cardinality,proven_optimal,57435.88905655918,1.048896395035949,54758.400666054986,1,1,3,68,68,28;68;94,1,1,3,0,0,0,0.05,0.05,0.15,0.0,0.0,0.0,0,2,3.7191744390001986,15,10,780,45,3,,original_uniform_floor_plus_prior_scores,maximum_cardinality_certified_superset_of_eBH_then_maximum_testing_evalue_sum,200,1,1,exact_dyadic_prefix_or_HiGHS_QUBO_MILP,300.0,1
405,3afba69c788904ef14f53a81c6567312087cfde6dd3c881ed034639d2d61fb40,proven_maximal,maximize_sum_testing_e_values_at_maximum_cardinality,proven_optimal,23980.86171648833,1.8353563547707072,13066.05207983399,6,6,6,16;47;115;142;180;187,16;47;115;142;180;187,16;47;115;142;180;187,6,6,6,0,0,0,0.3,0.3,0.3,0.0,0.0,0.0,0,0,2.111408984004811,16,7,705,45,6,,original_uniform_floor_plus_prior_scores,maximum_cardinality_certified_superset_of_eBH_then_maximum_testing_evalue_sum,200,6,6,exact_dyadic_prefix_or_HiGHS_QUBO_MILP,300.0,1
406,2eab95e95b195d7f74cf75dcc83b452d6bf7b2c321670c2d315e5541fd9a3f70,proven_maximal,maximize_sum_testing_e_values_at_maximum_cardinality,proven_optimal,22885.05423897399,1.6433108625716495,13926.18691947348,4,4,4,44;126;176;198,44;126;176;198,44;126;176;198,4,4,4,0,0,0,0.2,0.2,0.2,0.0,0.0,0.0,0,0,6.325902908996795,17,8,758,58,4,,original_uniform_floor_plus_prior_scores,maximum_cardinality_certified_superset_of_eBH_then_maximum_testing_evalue_sum,200,4,4,exact_dyadic_prefix_or_HiGHS_QUBO_MILP,300.0,1
407,36cabfd1085a2f298bc1b4f3d03a1d59e8b2518bc384a2419fcb489002241eb2,proven_maximal,maximize_sum_testing_e_values_at_maximum_cardinality,proven_optimal,21179.845306261544,1.1300913673991286,18741.710553020435,1,1,4,146,146,34;108;146;186,1,1,4,0,0,0,0.05,0.05,0.2,0.0,0.0,0.0,0,3,2.073555197996029,18,12,774,42,4,,original_uniform_floor_plus_prior_scores,maximum_cardinality_certified_superset_of_eBH_then_maximum_testing_evalue_sum,200,1,1,exact_dyadic_prefix_or_HiGHS_QUBO_MILP,300.0,1
408,1d32d62c3bd11b683909a2a80316e385dbca423c60c85a36d7b285a3989e0412,proven_maximal,maximize_sum_testing_e_values_at_maximum_cardinality,proven_optimal,67302.82611646072,1.0432095685762666,64515.15413946318,1,1,5,2,2,2;11;84;112;121,1,1,5,0,0,0,0.05,0.05,0.25,0.0,0.0,0.0,0,4,1.6161363150022225,13,7,614,44,5,,original_uniform_floor_plus_prior_scores,maximum_cardinality_certified_superset_of_eBH_then_maximum_testing_evalue_sum,200,1,1,exact_dyadic_prefix_or_HiGHS_QUBO_MILP,300.0,1
409,1136afd6215339b7988b6143e789511cb83ecb37758b5a7f8c2fb6467a95213b,proven_maximal,maximize_sum_testing_e_values_at_maximum_cardinality,proven_optimal,27400.433696207627,1.2213350724823788,22434.82097055962,2,2,2,163;197,163;197,163;197,2,2,2,0,0,0,0.1,0.1,0.1,0.0,0.0,0.0,0,0,2.2905269930051873,18,8,815,42,2,,original_uniform_floor_plus_prior_scores,maximum_cardinality_certified_superset_of_eBH_then_maximum_testing_evalue_sum,200,2,2,exact_dyadic_prefix_or_HiGHS_QUBO_MILP,300.0,1
410,d4646be6c52103c70554dc0be2f25daa886efa9dcc6c97f552e28de4dfc83c3f,proven_maximal,maximize_sum_testing_e_values_at_maximum_cardinality,proven_optimal,12972.138056610685,1.3668387891160065,9490.613055399404,2,2,2,119;136,119;136,119;136,2,2,2,0,0,0,0.1,0.1,0.1,0.0,0.0,0.0,0,0,3.85610210300365,17,10,601,32,2,,original_uniform_floor_plus_prior_scores,maximum_cardinality_certified_superset_of_eBH_then_maximum_testing_evalue_sum,200,2,2,exact_dyadic_prefix_or_HiGHS_QUBO_MILP,300.0,1
411,4a04a5559a27ac968ba15016ec4c17033c2ea7fc1bc4db05baf080471e9ff5f4,proven_maximal,maximize_sum_testing_e_values_at_maximum_cardinality,proven_optimal,24023.974577376684,1.8033397008796095,13321.935165991512,4,4,13,35;50;141;144,35;50;141;144,3;9;21;35;39;50;112;120;124;139;141;144;176,4,4,13,0,0,0,0.2,0.2,0.65,0.0,0.0,0.0,0,9,2.032911692003836,8,7,530,44,13,,original_uniform_floor_plus_prior_scores,maximum_cardinality_certified_superset_of_eBH_then_maximum_testing_evalue_sum,200,4,4,exact_dyadic_prefix_or_HiGHS_QUBO_MILP,300.0,1
412,4ac0b4683cd1a820edb7bcedea0a126d1ea0fbfbb57e4b34f287e80594aef005,proven_maximal,maximize_sum_testing_e_values_at_maximum_cardinality,proven_optimal,50211.63578240704,1.5040198701853138,33384.9550646032,7,7,7,8;69;82;87;99;151;164,8;69;82;87;99;151;164,8;69;82;87;99;151;164,7,7,7,0,0,0,0.35,0.35,0.35,0.0,0.0,0.0,0,0,1.1404738380006165,9,6,621,36,7,,original_uniform_floor_plus_prior_scores,maximum_cardinality_certified_superset_of_eBH_then_maximum_testing_evalue_sum,200,7,7,exact_dyadic_prefix_or_HiGHS_QUBO_MILP,300.0,1
413,aed2da9f60fae73ddd33c145fd439bf5e202d94fef31f6130c4a2dcac931081a,proven_maximal,maximize_sum_testing_e_values_at_maximum_cardinality,proven_optimal,10688.549849785202,3.8249561523402034,2794.424151305808,5,5,6,18;54;67;86;189,18;54;67;86;189,18;54;67;70;86;189,5,5,6,0,0,0,0.25,0.25,0.3,0.0,0.0,0.0,0,1,1.9219005960039794,14,7,518,33,6,,original_uniform_floor_plus_prior_scores,maximum_cardinality_certified_superset_of_eBH_then_maximum_testing_evalue_sum,200,5,5,exact_dyadic_prefix_or_HiGHS_QUBO_MILP,300.0,1
414,1a44893e8240b11c719676ca4fd635ca249104e52eb77f945267e5d9ba08f8e7,proven_maximal,maximize_sum_testing_e_values_at_maximum_cardinality,proven_optimal,47560.08453747319,1.6111773295019733,29518.83921565254,5,5,6,23;70;107;125;155,23;70;107;125;155,23;70;80;107;125;155,5,5,6,0,0,0,0.25,0.25,0.3,0.0,0.0,0.0,0,1,1.791876493000018,13,8,703,37,6,,original_uniform_floor_plus_prior_scores,maximum_cardinality_certified_superset_of_eBH_then_maximum_testing_evalue_sum,200,5,5,exact_dyadic_prefix_or_HiGHS_QUBO_MILP,300.0,1
415,b777b8843fe52df1ce83c2a6014c086c835865b1299da4af908420fcbae30247,proven_maximal,maximize_sum_testing_e_values_at_maximum_cardinality,proven_optimal,7430.6885946666725,1.1487643999129964,6468.418237220311,1,1,2,71,71,71;171,1,1,2,0,0,0,0.05,0.05,0.1,0.0,0.0,0.0,0,1,5.478436063996924,13,9,662,36,2,,original_uniform_floor_plus_prior_scores,maximum_cardinality_certified_superset_of_eBH_then_maximum_testing_evalue_sum,200,1,1,exact_dyadic_prefix_or_HiGHS_QUBO_MILP,300.0,1
416,42ac0a9879f04e1818ced32211aa099c00e11338121991b1e2e719d5620fdc84,proven_maximal,maximize_sum_testing_e_values_at_maximum_cardinality,proven_optimal,0.0,0.0,3193.096600505052,0,0,0,,,,0,0,0,0,0,0,0.0,0.0,0.0,0.0,0.0,0.0,0,0,3.444108496994886,14,8,860,43,0,,original_uniform_floor_plus_prior_scores,maximum_cardinality_certified_superset_of_eBH_then_maximum_testing_evalue_sum,200,0,0,exact_dyadic_prefix_or_HiGHS_QUBO_MILP,300.0,1
417,9e7158846420349b774627d5d0a532f8e4f5c2bdd38bd8b22add1ea74ab81b9e,proven_maximal,maximize_sum_testing_e_values_at_maximum_cardinality,proven_optimal,0.0,0.0,2227.014904965444,0,0,0,,,,0,0,0,0,0,0,0.0,0.0,0.0,0.0,0.0,0.0,0,0,0.5001637050008867,3,3,300,32,0,,original_uniform_floor_plus_prior_scores,maximum_cardinality_certified_superset_of_eBH_then_maximum_testing_evalue_sum,200,0,0,exact_dyadic_prefix_or_HiGHS_QUBO_MILP,300.0,1
418,5bc920c25aae02b4b616a2e699c9b6a73ecab905e38a1cd50b8d2801f7d28580,proven_maximal,maximize_sum_testing_e_values_at_maximum_cardinality,proven_optimal,7094.425456839753,2.0195371766261925,3512.896686899119,2,2,4,33;35,33;35,10;33;35;147,2,2,4,0,0,0,0.1,0.1,0.2,0.0,0.0,0.0,0,2,1.5978032130005886,13,9,729,55,4,,original_uniform_floor_plus_prior_scores,maximum_cardinality_certified_superset_of_eBH_then_maximum_testing_evalue_sum,200,2,2,exact_dyadic_prefix_or_HiGHS_QUBO_MILP,300.0,1
419,44655e9ec956933575492da98c1c340c631ed54d6b7cee0b74925cf5e481cb02,proven_maximal,maximize_sum_testing_e_values_at_maximum_cardinality,proven_optimal,7069.89483433745,2.860085492402331,2471.9173091567577,3,3,4,53;139;147,53;139;147,53;139;147;191,3,3,4,0,0,0,0.15,0.15,0.2,0.0,0.0,0.0,0,1,2.5036815970015596,16,8,534,36,4,,original_uniform_floor_plus_prior_scores,maximum_cardinality_certified_superset_of_eBH_then_maximum_testing_evalue_sum,200,3,3,exact_dyadic_prefix_or_HiGHS_QUBO_MILP,300.0,1
420,77b7fc3bed4403a1b0265edb44d8a001ce309b52e49012a75d69cf031466183b,proven_maximal,maximize_sum_testing_e_values_at_maximum_cardinality,proven_optimal,53469.30566791177,1.5403151619909778,34713.22427210189,4,4,4,15;49;89;110,15;49;89;110,15;49;89;110,4,4,4,0,0,0,0.2,0.2,0.2,0.0,0.0,0.0,0,0,2.3123206160016707,16,7,651,40,4,,original_uniform_floor_plus_prior_scores,maximum_cardinality_certified_superset_of_eBH_then_maximum_testing_evalue_sum,200,4,4,exact_dyadic_prefix_or_HiGHS_QUBO_MILP,300.0,1
421,0ac9725bd27ebb1b05cbdbd8ae798939413952b556a4e77a77bc299220c2c11b,proven_maximal,maximize_sum_testing_e_values_at_maximum_cardinality,proven_optimal,60875.23234950036,1.1686543926454769,52090.02142344017,2,2,2,71;105,71;105,71;105,2,2,2,0,0,0,0.1,0.1,0.1,0.0,0.0,0.0,0,0,5.059158149000723,18,8,873,32,2,,original_uniform_floor_plus_prior_scores,maximum_cardinality_certified_superset_of_eBH_then_maximum_testing_evalue_sum,200,2,2,exact_dyadic_prefix_or_HiGHS_QUBO_MILP,300.0,1
422,3f8086b40afe8c27541b3da8ba44362624990bdf0f006611b8153d43c627dc7a,proven_maximal,maximize_sum_testing_e_values_at_maximum_cardinality,proven_optimal,37653.26058727816,2.413766576692718,15599.379389398002,5,5,8,57;79;121;126;184,57;79;121;126;184,57;68;79;121;126;167;181;184,5,5,8,0,0,0,0.25,0.25,0.4,0.0,0.0,0.0,0,3,2.170361470998614,16,10,803,47,8,,original_uniform_floor_plus_prior_scores,maximum_cardinality_certified_superset_of_eBH_then_maximum_testing_evalue_sum,200,5,5,exact_dyadic_prefix_or_HiGHS_QUBO_MILP,300.0,1
423,1bf912c1d2412e6d053b97c5574e81d9e488d502c755b0932a6f6e152a083062,proven_maximal,maximize_sum_testing_e_values_at_maximum_cardinality,proven_optimal,18869.33534429729,1.7849346048819537,10571.443509856324,3,3,3,1;112;127,1;112;127,1;112;127,3,3,3,0,0,0,0.15,0.15,0.15,0.0,0.0,0.0,0,0,1.8074315929989098,16,7,633,44,3,,original_uniform_floor_plus_prior_scores,maximum_cardinality_certified_superset_of_eBH_then_maximum_testing_evalue_sum,200,3,3,exact_dyadic_prefix_or_HiGHS_QUBO_MILP,300.0,1
424,0c3fce2004da425b74a1412deacf6ede951ad635de05fbe2d6b0e9e68f2f35c4,proven_maximal,maximize_sum_testing_e_values_at_maximum_cardinality,proven_optimal,22914.206553422388,1.962168597067982,11678.00085459654,4,4,6,2;100;125;138,2;100;125;138,2;18;88;100;125;138,4,4,6,0,0,0,0.2,0.2,0.3,0.0,0.0,0.0,0,2,5.228820598000311,15,7,560,34,6,,original_uniform_floor_plus_prior_scores,maximum_cardinality_certified_superset_of_eBH_then_maximum_testing_evalue_sum,200,4,4,exact_dyadic_prefix_or_HiGHS_QUBO_MILP,300.0,1
425,8f2dff6a775d48ce9064b764e7713d1bdc561a3956d27c5e250e567cbb5aae18,proven_maximal,maximize_sum_testing_e_values_at_maximum_cardinality,proven_optimal,38289.270263023,1.1116775455952193,34442.78461388009,2,2,2,39;158,39;158,39;158,2,2,2,0,0,0,0.1,0.1,0.1,0.0,0.0,0.0,0,0,1.3257920109972474,13,6,602,39,2,,original_uniform_floor_plus_prior_scores,maximum_cardinality_certified_superset_of_eBH_then_maximum_testing_evalue_sum,200,2,2,exact_dyadic_prefix_or_HiGHS_QUBO_MILP,300.0,1
426,c930952f9bb5d62fd0483905a403691cf1050969183c9de114aa12c9aea46bc4,proven_maximal,maximize_sum_testing_e_values_at_maximum_cardinality,proven_optimal,14783.753084196349,1.7080185350733161,8655.499211875802,2,2,2,40;199,40;199,40;199,2,2,2,0,0,0,0.1,0.1,0.1,0.0,0.0,0.0,0,0,1.7042034100013552,14,4,466,37,2,,original_uniform_floor_plus_prior_scores,maximum_cardinality_certified_superset_of_eBH_then_maximum_testing_evalue_sum,200,2,2,exact_dyadic_prefix_or_HiGHS_QUBO_MILP,300.0,1
427,1d1a3e2c85c35c9ae71cda9f5da5ffaca95917787d8f04cbdb909d36de166879,proven_maximal,maximize_sum_testing_e_values_at_maximum_cardinality,proven_optimal,138139.71758640753,1.172895150967082,117776.6976634764,5,5,6,11;56;58;123;146,11;56;58;123;146,5;11;56;58;123;146,5,5,6,0,0,0,0.25,0.25,0.3,0.0,0.0,0.0,0,1,1.9838520550038083,15,6,509,31,6,,original_uniform_floor_plus_prior_scores,maximum_cardinality_certified_superset_of_eBH_then_maximum_testing_evalue_sum,200,5,5,exact_dyadic_prefix_or_HiGHS_QUBO_MILP,300.0,1
428,e16c810123b1977098053b1bef35b16061d8ae89c859665819e884b20b7a99ef,proven_maximal,maximize_sum_testing_e_values_at_maximum_cardinality,proven_optimal,684736.9782755951,1.036848265639155,660402.2989357036,5,5,5,16;18;102;140;148,16;18;102;140;148,16;18;102;140;148,5,5,5,0,0,0,0.25,0.25,0.25,0.0,0.0,0.0,0,0,3.338346194999758,14,7,643,46,5,,original_uniform_floor_plus_prior_scores,maximum_cardinality_certified_superset_of_eBH_then_maximum_testing_evalue_sum,200,5,5,exact_dyadic_prefix_or_HiGHS_QUBO_MILP,300.0,1
429,3ce10044624456c7bbd083085bf121a8f05f47a163ab46240551cdad4cc56b41,proven_maximal,maximize_sum_testing_e_values_at_maximum_cardinality,proven_optimal,19920.168180807992,2.07481586349903,9600.933042421431,5,5,7,64;84;134;197;198,64;84;134;197;198,1;64;84;134;155;197;198,5,5,7,0,0,0,0.25,0.25,0.35,0.0,0.0,0.0,0,2,1.7097522700059926,15,8,695,45,7,,original_uniform_floor_plus_prior_scores,maximum_cardinality_certified_superset_of_eBH_then_maximum_testing_evalue_sum,200,5,5,exact_dyadic_prefix_or_HiGHS_QUBO_MILP,300.0,1
430,8e129746bf0fe6c48dc593390d88eb2715fd90934ca2e51bfc352e0d674c8c27,proven_maximal,maximize_sum_testing_e_values_at_maximum_cardinality,proven_optimal,21550.76470933976,1.2928537387963588,16669.143664621668,2,2,2,77;169,77;169,77;169,2,2,2,0,0,0,0.1,0.1,0.1,0.0,0.0,0.0,0,0,2.791681452996272,18,11,1108,41,2,,original_uniform_floor_plus_prior_scores,maximum_cardinality_certified_superset_of_eBH_then_maximum_testing_evalue_sum,200,2,2,exact_dyadic_prefix_or_HiGHS_QUBO_MILP,300.0,1
431,305d8399c60841313d30299aeaec79ab25ac59a071f08879ca3439be90e44bd8,proven_maximal,maximize_sum_testing_e_values_at_maximum_cardinality,proven_optimal,41157.182142896025,1.2270603127344175,33541.287022135155,4,4,6,64;89;110;113,64;89;110;113,8;64;89;110;113;150,4,4,6,0,0,0,0.2,0.2,0.3,0.0,0.0,0.0,0,2,2.0676997379996465,15,7,594,36,6,,original_uniform_floor_plus_prior_scores,maximum_cardinality_certified_superset_of_eBH_then_maximum_testing_evalue_sum,200,4,4,exact_dyadic_prefix_or_HiGHS_QUBO_MILP,300.0,1
432,40eb58805de560d7c5b01dfd86777487b4f0f48b25d78f0062d33ee9984f5490,proven_maximal,maximize_sum_testing_e_values_at_maximum_cardinality,proven_optimal,0.0,0.0,762.1623547478059,0,0,0,,,,0,0,0,0,0,0,0.0,0.0,0.0,0.0,0.0,0.0,0,0,1.656104352005059,3,3,300,54,0,,original_uniform_floor_plus_prior_scores,maximum_cardinality_certified_superset_of_eBH_then_maximum_testing_evalue_sum,200,0,0,exact_dyadic_prefix_or_HiGHS_QUBO_MILP,300.0,1
433,2b1ffb73ff046b4f0c5c6d4fd055fa917ea2fe1b733b801a7325ce8a6763d48c,proven_maximal,maximize_sum_testing_e_values_at_maximum_cardinality,proven_optimal,5755.053552346393,1.5711657547253117,3662.919418296865,2,2,2,69;131,69;131,69;131,2,2,2,0,0,0,0.1,0.1,0.1,0.0,0.0,0.0,0,0,4.027334815997165,14,6,609,47,2,,original_uniform_floor_plus_prior_scores,maximum_cardinality_certified_superset_of_eBH_then_maximum_testing_evalue_sum,200,2,2,exact_dyadic_prefix_or_HiGHS_QUBO_MILP,300.0,1
434,02b10393c6956a3356d5ddc4479ad906310e82514b00c5ec5965006c411ffb89,proven_maximal,maximize_sum_testing_e_values_at_maximum_cardinality,proven_optimal,91276.27818822252,1.717665263914063,53139.73572489336,6,6,6,40;55;72;79;97;167,40;55;72;79;97;167,40;55;72;79;97;167,6,6,6,0,0,0,0.3,0.3,0.3,0.0,0.0,0.0,0,0,5.462185447002412,14,6,605,51,6,,original_uniform_floor_plus_prior_scores,maximum_cardinality_certified_superset_of_eBH_then_maximum_testing_evalue_sum,200,6,6,exact_dyadic_prefix_or_HiGHS_QUBO_MILP,300.0,1
435,004e81ba5fafab92d53a53cacc1f4f3179676ba3946bc12ddf992d8ee41ac50b,proven_maximal,maximize_sum_testing_e_values_at_maximum_cardinality,proven_optimal,5993.498234158125,1.0,5993.498234158125,1,1,1,181,181,181,1,1,1,0,0,0,0.05,0.05,0.05,0.0,0.0,0.0,0,0,1.9769926810040488,16,6,700,44,1,,original_uniform_floor_plus_prior_scores,maximum_cardinality_certified_superset_of_eBH_then_maximum_testing_evalue_sum,200,1,1,exact_dyadic_prefix_or_HiGHS_QUBO_MILP,300.0,1
436,e00f4435eaa2b6992b63c6a369ca86327febabbe6cfb83183685387a4b0964d9,proven_maximal,maximize_sum_testing_e_values_at_maximum_cardinality,proven_optimal,2729.263633569403,1.0,2729.263633569403,0,0,1,,,33,0,0,1,0,0,0,0.0,0.0,0.05,0.0,0.0,0.0,0,1,1.1646228390018223,12,8,689,36,1,,original_uniform_floor_plus_prior_scores,maximum_cardinality_certified_superset_of_eBH_then_maximum_testing_evalue_sum,200,0,0,exact_dyadic_prefix_or_HiGHS_QUBO_MILP,300.0,1
437,47310f5291d5e0ab4877c827d16c1b0d8009e7b736bd7f279e37b64936c37226,proven_maximal,maximize_sum_testing_e_values_at_maximum_cardinality,proven_optimal,6039.632538616759,2.473624083228611,2441.6129271888963,3,3,3,22;55;130,22;55;130,22;55;130,3,3,3,0,0,0,0.15,0.15,0.15,0.0,0.0,0.0,0,0,1.8259097639966058,14,7,641,40,3,,original_uniform_floor_plus_prior_scores,maximum_cardinality_certified_superset_of_eBH_then_maximum_testing_evalue_sum,200,3,3,exact_dyadic_prefix_or_HiGHS_QUBO_MILP,300.0,1
438,f14ba753c98bf23433250cd669b068a68ec81c28cdff2210fd1a6748a35fa6ab,proven_maximal,maximize_sum_testing_e_values_at_maximum_cardinality,proven_optimal,8893.023720517167,2.3627125348787246,3763.904236862076,3,3,6,65;113;172,65;113;172,14;65;95;113;172;194,3,3,6,0,0,0,0.15,0.15,0.3,0.0,0.0,0.0,0,3,2.2171965330053354,14,8,700,43,6,,original_uniform_floor_plus_prior_scores,maximum_cardinality_certified_superset_of_eBH_then_maximum_testing_evalue_sum,200,3,3,exact_dyadic_prefix_or_HiGHS_QUBO_MILP,300.0,1
439,c8ea462ae06e3b49a3ba9bf482b1fbefd06b781202800c84f689be00159b8729,proven_maximal,maximize_sum_testing_e_values_at_maximum_cardinality,proven_optimal,10955.324700717589,2.1593098583890935,5073.530627461949,4,4,4,0;17;65;171,0;17;65;171,0;17;65;171,4,4,4,0,0,0,0.2,0.2,0.2,0.0,0.0,0.0,0,0,1.4909634849973372,15,6,700,51,4,,original_uniform_floor_plus_prior_scores,maximum_cardinality_certified_superset_of_eBH_then_maximum_testing_evalue_sum,200,4,4,exact_dyadic_prefix_or_HiGHS_QUBO_MILP,300.0,1
440,5c75d0d5267f0579ccc8f33395e15d9da90809261a2c062355b0df2d6ea7430a,proven_maximal,maximize_sum_testing_e_values_at_maximum_cardinality,proven_optimal,11728.340526341975,2.3717960878260427,4944.9194163618085,5,5,5,29;111;126;137;195,29;111;126;137;195,29;111;126;137;195,5,5,5,0,0,0,0.25,0.25,0.25,0.0,0.0,0.0,0,0,3.413931953997235,17,8,715,45,5,,original_uniform_floor_plus_prior_scores,maximum_cardinality_certified_superset_of_eBH_then_maximum_testing_evalue_sum,200,5,5,exact_dyadic_prefix_or_HiGHS_QUBO_MILP,300.0,1
441,a91e36bc15d1bf458940c08d9b638ce3af2f755ccad50c2c2413c897db870618,proven_maximal,maximize_sum_testing_e_values_at_maximum_cardinality,proven_optimal,8749.384423464626,1.6062289305385316,5447.159030145945,3,3,3,21;72;75,21;72;75,21;72;75,3,3,3,0,0,0,0.15,0.15,0.15,0.0,0.0,0.0,0,0,1.5992110070001218,16,7,680,36,3,,original_uniform_floor_plus_prior_scores,maximum_cardinality_certified_superset_of_eBH_then_maximum_testing_evalue_sum,200,3,3,exact_dyadic_prefix_or_HiGHS_QUBO_MILP,300.0,1
442,3487034ddb571aa64d1cd934e0819774e47bd7534a2d018c2f1826866e3f7e97,proven_maximal,maximize_sum_testing_e_values_at_maximum_cardinality,proven_optimal,15397.446802988914,1.0,15397.446802988914,1,1,1,124,124,124,1,1,1,0,0,0,0.05,0.05,0.05,0.0,0.0,0.0,0,0,1.64805054700264,17,7,649,40,1,,original_uniform_floor_plus_prior_scores,maximum_cardinality_certified_superset_of_eBH_then_maximum_testing_evalue_sum,200,1,1,exact_dyadic_prefix_or_HiGHS_QUBO_MILP,300.0,1
443,3afa43fe8fa8a99900e082ee71e627f6e86aeb0db281cf47f6f9a968a32a3019,proven_maximal,maximize_sum_testing_e_values_at_maximum_cardinality,proven_optimal,24562.23088758362,2.657800742270204,9241.562204773632,4,4,5,97;123;170;199,97;123;170;199,97;123;134;170;199,4,4,5,0,0,0,0.2,0.2,0.25,0.0,0.0,0.0,0,1,4.988707109994721,15,8,667,40,5,,original_uniform_floor_plus_prior_scores,maximum_cardinality_certified_superset_of_eBH_then_maximum_testing_evalue_sum,200,4,4,exact_dyadic_prefix_or_HiGHS_QUBO_MILP,300.0,1
444,10d5da328ba035444fdcb4846aa72cb5537151bd8d470da2f65821f49a31c02f,proven_maximal,maximize_sum_testing_e_values_at_maximum_cardinality,proven_optimal,0.0,0.0,2112.982636135073,0,0,0,,,,0,0,0,0,0,0,0.0,0.0,0.0,0.0,0.0,0.0,0,0,1.4230440300016198,15,5,507,41,0,,original_uniform_floor_plus_prior_scores,maximum_cardinality_certified_superset_of_eBH_then_maximum_testing_evalue_sum,200,0,0,exact_dyadic_prefix_or_HiGHS_QUBO_MILP,300.0,1
445,cfb33aab30a8b96a2e259860749b69f5f75fba59c12a4fbc3ddd5a1c7e016407,proven_maximal,maximize_sum_testing_e_values_at_maximum_cardinality,proven_optimal,11638.427424469297,1.5295177314296988,7609.2137968158195,3,3,4,80;154;155,80;154;155,66;80;154;155,3,3,4,0,0,0,0.15,0.15,0.2,0.0,0.0,0.0,0,1,1.8072367380009382,14,7,615,43,4,,original_uniform_floor_plus_prior_scores,maximum_cardinality_certified_superset_of_eBH_then_maximum_testing_evalue_sum,200,3,3,exact_dyadic_prefix_or_HiGHS_QUBO_MILP,300.0,1
446,1061d7025f390fff64a6ce68c0cd778d693bc364c01f74cc6dca979f3c218eb9,proven_maximal,maximize_sum_testing_e_values_at_maximum_cardinality,proven_optimal,22537.27915805554,2.200049817512884,10243.985830981555,4,4,4,59;121;187;191,59;121;187;191,59;121;187;191,4,4,4,0,0,0,0.2,0.2,0.2,0.0,0.0,0.0,0,0,1.5533901019953191,16,7,606,40,4,,original_uniform_floor_plus_prior_scores,maximum_cardinality_certified_superset_of_eBH_then_maximum_testing_evalue_sum,200,4,4,exact_dyadic_prefix_or_HiGHS_QUBO_MILP,300.0,1
447,460b9acee7a03a0d882ecd56438cb3ea9b918148f5fa1d6380a2a085be209605,proven_maximal,maximize_sum_testing_e_values_at_maximum_cardinality,proven_optimal,0.0,0.0,1896.624387441415,0,0,0,,,,0,0,0,0,0,0,0.0,0.0,0.0,0.0,0.0,0.0,0,0,2.913180268005817,13,8,803,47,0,,original_uniform_floor_plus_prior_scores,maximum_cardinality_certified_superset_of_eBH_then_maximum_testing_evalue_sum,200,0,0,exact_dyadic_prefix_or_HiGHS_QUBO_MILP,300.0,1
448,6393849707fed99595e7f00600cfbec91bba77a6b82e2d3db41fdaf99265631f,proven_maximal,maximize_sum_testing_e_values_at_maximum_cardinality,proven_optimal,305930.5439248658,1.05605756391668,289691.16303683125,5,5,5,34;63;72;76;192,34;63;72;76;192,34;63;72;76;192,5,5,5,0,0,0,0.25,0.25,0.25,0.0,0.0,0.0,0,0,1.445638877004967,15,7,745,45,5,,original_uniform_floor_plus_prior_scores,maximum_cardinality_certified_superset_of_eBH_then_maximum_testing_evalue_sum,200,5,5,exact_dyadic_prefix_or_HiGHS_QUBO_MILP,300.0,1
449,3ad679a400e0fd07136bfc504fa6816a5ea9fdd67cf012c0a3971a6f7a8444c2,proven_maximal,maximize_sum_testing_e_values_at_maximum_cardinality,proven_optimal,13683.954652277464,1.5992240401025573,8556.621404590642,3,3,3,34;52;166,34;52;166,34;52;166,3,3,3,0,0,0,0.15,0.15,0.15,0.0,0.0,0.0,0,0,1.8690038389977417,18,8,734,35,3,,original_uniform_floor_plus_prior_scores,maximum_cardinality_certified_superset_of_eBH_then_maximum_testing_evalue_sum,200,3,3,exact_dyadic_prefix_or_HiGHS_QUBO_MILP,300.0,1
450,2344588c4f45565686d44c1229a992db01137326f14b0b3c3d0781b109927039,proven_maximal,maximize_sum_testing_e_values_at_maximum_cardinality,proven_optimal,0.0,0.0,785.1216197138909,0,0,0,,,,0,0,0,0,0,0,0.0,0.0,0.0,0.0,0.0,0.0,0,0,0.42256443399674026,3,3,300,36,0,,original_uniform_floor_plus_prior_scores,maximum_cardinality_certified_superset_of_eBH_then_maximum_testing_evalue_sum,200,0,0,exact_dyadic_prefix_or_HiGHS_QUBO_MILP,300.0,1
451,1657e5609739a13639390baaff33ca4d9a29306cef290d852e865ad45936df29,proven_maximal,maximize_sum_testing_e_values_at_maximum_cardinality,proven_optimal,7140.313119803941,1.8286384929126613,3904.7155287816495,3,3,3,35;52;54,35;52;54,35;52;54,3,3,3,0,0,0,0.15,0.15,0.15,0.0,0.0,0.0,0,0,1.7127125810002326,15,7,635,54,3,,original_uniform_floor_plus_prior_scores,maximum_cardinality_certified_superset_of_eBH_then_maximum_testing_evalue_sum,200,3,3,exact_dyadic_prefix_or_HiGHS_QUBO_MILP,300.0,1
452,b6cf6978c631b913d65c9593909a48ed5c26529d1516c6094cf46a800ac6be0b,proven_maximal,maximize_sum_testing_e_values_at_maximum_cardinality,proven_optimal,54697.00318161796,1.9965798369169545,27395.34987295027,5,5,5,9;20;37;101;159,9;20;37;101;159,9;20;37;101;159,5,5,5,0,0,0,0.25,0.25,0.25,0.0,0.0,0.0,0,0,3.0822796360007487,15,6,568,47,5,,original_uniform_floor_plus_prior_scores,maximum_cardinality_certified_superset_of_eBH_then_maximum_testing_evalue_sum,200,5,5,exact_dyadic_prefix_or_HiGHS_QUBO_MILP,300.0,1
453,d22c819241caa51d1dc8d7f03f8d8f1c50ccab78f9ce99c5c10ae6871183bb2a,proven_maximal,maximize_sum_testing_e_values_at_maximum_cardinality,proven_optimal,8554.657120676173,2.3327596336706025,3667.183278208309,3,3,4,24;137;186,24;137;186,24;50;137;186,3,3,4,0,0,0,0.15,0.15,0.2,0.0,0.0,0.0,0,1,3.981300444997032,14,7,636,39,4,,original_uniform_floor_plus_prior_scores,maximum_cardinality_certified_superset_of_eBH_then_maximum_testing_evalue_sum,200,3,3,exact_dyadic_prefix_or_HiGHS_QUBO_MILP,300.0,1
454,dc92eebf4d697351e849d497d67e84d3790bac615b2b55b3d6c157525b4a3e94,proven_maximal,maximize_sum_testing_e_values_at_maximum_cardinality,proven_optimal,36598.35176946573,1.1438435691366884,31995.941365555955,4,4,4,30;75;89;151,30;75;89;151,30;75;89;151,4,4,4,0,0,0,0.2,0.2,0.2,0.0,0.0,0.0,0,0,1.5720163939986378,15,7,762,47,4,,original_uniform_floor_plus_prior_scores,maximum_cardinality_certified_superset_of_eBH_then_maximum_testing_evalue_sum,200,4,4,exact_dyadic_prefix_or_HiGHS_QUBO_MILP,300.0,1
455,b90d602630a13744ed61213df8110b5ed35647fb7d3fc90d780372f44f8fc491,proven_maximal,maximize_sum_testing_e_values_at_maximum_cardinality,proven_optimal,0.0,0.0,878.5859895555411,0,0,0,,,,0,0,0,0,0,0,0.0,0.0,0.0,0.0,0.0,0.0,0,0,0.3825015690017608,3,3,300,38,0,,original_uniform_floor_plus_prior_scores,maximum_cardinality_certified_superset_of_eBH_then_maximum_testing_evalue_sum,200,0,0,exact_dyadic_prefix_or_HiGHS_QUBO_MILP,300.0,1
456,08f2ce78c00a0640deb43a7156272df9df2aa72126260209a36fdb5ef0cd0439,proven_maximal,maximize_sum_testing_e_values_at_maximum_cardinality,proven_optimal,81092.7522510211,2.9951933754763833,27074.296075499085,10,10,11,17;39;65;66;96;117;122;124;151;179,17;39;65;66;96;117;122;124;151;179,17;39;65;66;80;96;117;122;124;151;179,10,10,11,0,0,0,0.5,0.5,0.55,0.0,0.0,0.0,0,1,1.6512235780028277,11,5,457,37,11,,original_uniform_floor_plus_prior_scores,maximum_cardinality_certified_superset_of_eBH_then_maximum_testing_evalue_sum,200,10,10,exact_dyadic_prefix_or_HiGHS_QUBO_MILP,300.0,1
457,b665db38728e40f0102cd1a42f0ee536ec5369e0eeea308e854ed456c25b4519,proven_maximal,maximize_sum_testing_e_values_at_maximum_cardinality,proven_optimal,510997.1288162964,1.0,510997.1288162964,1,1,1,179,179,179,1,1,1,0,0,0,0.05,0.05,0.05,0.0,0.0,0.0,0,0,2.4978731920054997,18,8,661,52,1,,original_uniform_floor_plus_prior_scores,maximum_cardinality_certified_superset_of_eBH_then_maximum_testing_evalue_sum,200,1,1,exact_dyadic_prefix_or_HiGHS_QUBO_MILP,300.0,1
458,0fffb4e47f60cf7b3aafd1417e74b210bf764ca5951c6d553d5518668324b404,proven_maximal,maximize_sum_testing_e_values_at_maximum_cardinality,proven_optimal,49917.82069936863,2.675006591130023,18660.821571389653,6,6,8,19;36;56;97;149;188,19;36;56;97;149;188,10;19;36;56;57;97;149;188,6,6,8,0,0,0,0.3,0.3,0.4,0.0,0.0,0.0,0,2,3.2635109690018,14,9,738,40,8,,original_uniform_floor_plus_prior_scores,maximum_cardinality_certified_superset_of_eBH_then_maximum_testing_evalue_sum,200,6,6,exact_dyadic_prefix_or_HiGHS_QUBO_MILP,300.0,1
459,622c5384527fe671fb78e2058a31670145bb952af096e5c052feeee1c54ade5d,proven_maximal,maximize_sum_testing_e_values_at_maximum_cardinality,proven_optimal,8945.01673924346,2.7433666541571458,3260.598332960225,6,6,6,12;21;59;87;94;158,12;21;59;87;94;158,12;21;59;87;94;158,6,6,6,0,0,0,0.3,0.3,0.3,0.0,0.0,0.0,0,0,1.108934705996944,11,6,602,42,6,,original_uniform_floor_plus_prior_scores,maximum_cardinality_certified_superset_of_eBH_then_maximum_testing_evalue_sum,200,6,6,exact_dyadic_prefix_or_HiGHS_QUBO_MILP,300.0,1
460,f35dcfa5b21b28740854dabe90b42b510c56183903007fdb773d639eb5e3fea1,proven_maximal,maximize_sum_testing_e_values_at_maximum_cardinality,proven_optimal,95820.02087292938,1.312390498813027,73011.82152689496,6,6,6,41;127;145;146;182;186,41;127;145;146;182;186,41;127;145;146;182;186,6,6,6,0,0,0,0.3,0.3,0.3,0.0,0.0,0.0,0,0,1.8856920850012102,10,5,561,43,6,,original_uniform_floor_plus_prior_scores,maximum_cardinality_certified_superset_of_eBH_then_maximum_testing_evalue_sum,200,6,6,exact_dyadic_prefix_or_HiGHS_QUBO_MILP,300.0,1
461,1688b2622e1c9919b95d783124a37da5e017123878a65a6813217fcc01647823,proven_maximal,maximize_sum_testing_e_values_at_maximum_cardinality,proven_optimal,80444.83515226483,1.0891364833546127,73861.1150959606,5,5,5,61;64;97;132;160,61;64;97;132;160,61;64;97;132;160,5,5,5,0,0,0,0.25,0.25,0.25,0.0,0.0,0.0,0,0,2.656385023998155,13,6,627,41,5,,original_uniform_floor_plus_prior_scores,maximum_cardinality_certified_superset_of_eBH_then_maximum_testing_evalue_sum,200,5,5,exact_dyadic_prefix_or_HiGHS_QUBO_MILP,300.0,1
462,05fa6e68d9e7e64e2eeb99938e583c0f2b624e475f0ce1dbfbc5a14cc1090452,proven_maximal,maximize_sum_testing_e_values_at_maximum_cardinality,proven_optimal,26997.667783944107,1.7695482836572158,15256.81329708995,4,4,5,56;66;127;128,56;66;127;128,19;56;66;127;128,4,4,5,0,0,0,0.2,0.2,0.25,0.0,0.0,0.0,0,1,2.7270987720039557,23,16,922,44,5,,original_uniform_floor_plus_prior_scores,maximum_cardinality_certified_superset_of_eBH_then_maximum_testing_evalue_sum,200,4,4,exact_dyadic_prefix_or_HiGHS_QUBO_MILP,300.0,1
463,bf38bfda6df809ffee1f47688a8e0746c3de2b896164d9e38359cfaee17278c6,proven_maximal,maximize_sum_testing_e_values_at_maximum_cardinality,proven_optimal,5261.382089647217,2.5108997986610317,2095.4169865531526,3,3,3,69;116;158,69;116;158,69;116;158,3,3,3,0,0,0,0.15,0.15,0.15,0.0,0.0,0.0,0,0,2.371249011004693,11,9,911,44,3,,original_uniform_floor_plus_prior_scores,maximum_cardinality_certified_superset_of_eBH_then_maximum_testing_evalue_sum,200,3,3,exact_dyadic_prefix_or_HiGHS_QUBO_MILP,300.0,1
464,8d8846619cdba55a9833234a291143b27486e6317d5ee256cdbde9a585466ceb,proven_maximal,maximize_sum_testing_e_values_at_maximum_cardinality,proven_optimal,0.0,0.0,2792.320334539312,0,0,0,,,,0,0,0,0,0,0,0.0,0.0,0.0,0.0,0.0,0.0,0,0,2.194612737999705,13,7,628,42,0,,original_uniform_floor_plus_prior_scores,maximum_cardinality_certified_superset_of_eBH_then_maximum_testing_evalue_sum,200,0,0,exact_dyadic_prefix_or_HiGHS_QUBO_MILP,300.0,1
465,99ec8760c5bbe270521ef0cf9abe13a5aa45442683656694d44c9bd1a62b7b6f,proven_maximal,maximize_sum_testing_e_values_at_maximum_cardinality,proven_optimal,30478.78562450137,2.0982274929199622,14525.968097999752,4,4,5,44;55;68;103,44;55;68;103,9;44;55;68;103,4,4,5,0,0,0,0.2,0.2,0.25,0.0,0.0,0.0,0,1,3.329499695006234,16,7,627,39,5,,original_uniform_floor_plus_prior_scores,maximum_cardinality_certified_superset_of_eBH_then_maximum_testing_evalue_sum,200,4,4,exact_dyadic_prefix_or_HiGHS_QUBO_MILP,300.0,1
466,06c934a946da5f2a74a0e835dbe8083202e52492f45383a08b82468f853975e6,proven_maximal,maximize_sum_testing_e_values_at_maximum_cardinality,proven_optimal,381589.0239133029,1.0355003272146073,368506.90809508425,8,8,8,21;32;34;71;80;154;194;199,21;32;34;71;80;154;194;199,21;32;34;71;80;154;194;199,8,8,8,0,0,0,0.4,0.4,0.4,0.0,0.0,0.0,0,0,1.9383535640008631,17,7,752,51,8,,original_uniform_floor_plus_prior_scores,maximum_cardinality_certified_superset_of_eBH_then_maximum_testing_evalue_sum,200,8,8,exact_dyadic_prefix_or_HiGHS_QUBO_MILP,300.0,1
467,1273e05c54d397ce521564d1fa44085f0e2eeceddbfee00db20824910770f3ba,proven_maximal,maximize_sum_testing_e_values_at_maximum_cardinality,proven_optimal,30085.625218995796,2.1830421618846567,13781.513588827058,4,4,5,34;91;104;176,34;91;104;176,34;91;104;176;197,4,4,5,0,0,0,0.2,0.2,0.25,0.0,0.0,0.0,0,1,3.616309926001122,14,7,611,39,5,,original_uniform_floor_plus_prior_scores,maximum_cardinality_certified_superset_of_eBH_then_maximum_testing_evalue_sum,200,4,4,exact_dyadic_prefix_or_HiGHS_QUBO_MILP,300.0,1
468,3c863fc94548e5bb913cbfdb5e00e2a32f7802acdb46315d7f8438bc2b52f46c,proven_maximal,maximize_sum_testing_e_values_at_maximum_cardinality,proven_optimal,14228.244594402058,1.1859319211223314,11997.52223629908,2,2,2,114;129,114;129,114;129,2,2,2,0,0,0,0.1,0.1,0.1,0.0,0.0,0.0,0,0,2.0892613869946217,9,7,617,37,2,,original_uniform_floor_plus_prior_scores,maximum_cardinality_certified_superset_of_eBH_then_maximum_testing_evalue_sum,200,2,2,exact_dyadic_prefix_or_HiGHS_QUBO_MILP,300.0,1
469,721d21cff90d0b6e98e8fde2c777213b438dc13a895c358caa5c7527e4f08521,proven_maximal,maximize_sum_testing_e_values_at_maximum_cardinality,proven_optimal,30695.025746100164,2.0459938307118226,15002.501613321603,5,5,5,0;31;82;104;186,0;31;82;104;186,0;31;82;104;186,5,5,5,0,0,0,0.25,0.25,0.25,0.0,0.0,0.0,0,0,1.5670336229959503,15,8,654,41,5,,original_uniform_floor_plus_prior_scores,maximum_cardinality_certified_superset_of_eBH_then_maximum_testing_evalue_sum,200,5,5,exact_dyadic_prefix_or_HiGHS_QUBO_MILP,300.0,1
470,5ea4055a1037182163600ca4d86d71d318a3d07ca3f6246c4f676946a86b160d,proven_maximal,maximize_sum_testing_e_values_at_maximum_cardinality,proven_optimal,59467.71104366194,1.9773886012187871,30073.86156014468,4,4,6,39;42;62;137,39;42;62;137,39;42;62;97;137;172,4,4,6,0,0,0,0.2,0.2,0.3,0.0,0.0,0.0,0,2,3.0381205619996763,13,8,642,40,6,,original_uniform_floor_plus_prior_scores,maximum_cardinality_certified_superset_of_eBH_then_maximum_testing_evalue_sum,200,4,4,exact_dyadic_prefix_or_HiGHS_QUBO_MILP,300.0,1
471,c38d4554ba48da8ead94249ff18b1c388ffb1c235f6f5c11b116023aa7885670,proven_maximal,maximize_sum_testing_e_values_at_maximum_cardinality,proven_optimal,16151.08177356375,1.0,16151.08177356375,1,1,1,37,37,37,1,1,1,0,0,0,0.05,0.05,0.05,0.0,0.0,0.0,0,0,3.562428766999801,13,8,683,42,1,,original_uniform_floor_plus_prior_scores,maximum_cardinality_certified_superset_of_eBH_then_maximum_testing_evalue_sum,200,1,1,exact_dyadic_prefix_or_HiGHS_QUBO_MILP,300.0,1
472,a3e384e4ba27ae86e1b3e849eaee713d42ae4d5e1db719f517230452ed6ed8a7,proven_maximal,maximize_sum_testing_e_values_at_maximum_cardinality,proven_optimal,80754.37838083587,1.5232373851731755,53014.96612864119,3,3,3,32;40;79,32;40;79,32;40;79,3,3,3,0,0,0,0.15,0.15,0.15,0.0,0.0,0.0,0,0,2.217091206999612,18,8,800,49,3,,original_uniform_floor_plus_prior_scores,maximum_cardinality_certified_superset_of_eBH_then_maximum_testing_evalue_sum,200,3,3,exact_dyadic_prefix_or_HiGHS_QUBO_MILP,300.0,1
473,2c013e07108128e4cd1bc0d9e910d9b09c134f5ae902dad3ed0927ac1d989192,proven_maximal,maximize_sum_testing_e_values_at_maximum_cardinality,proven_optimal,0.0,0.0,2641.6862983402834,0,0,0,,,,0,0,0,0,0,0,0.0,0.0,0.0,0.0,0.0,0.0,0,0,4.60682573899976,18,8,816,36,0,,original_uniform_floor_plus_prior_scores,maximum_cardinality_certified_superset_of_eBH_then_maximum_testing_evalue_sum,200,0,0,exact_dyadic_prefix_or_HiGHS_QUBO_MILP,300.0,1
474,6b768f2a85b2226c34a616d378ddbbdae5e41ea5e6cc3a4001ac3795f038337a,proven_maximal,maximize_sum_testing_e_values_at_maximum_cardinality,proven_optimal,21957.38942042477,2.3745967155364345,9246.786739307216,4,4,4,90;115;162;165,90;115;162;165,90;115;162;165,4,4,4,0,0,0,0.2,0.2,0.2,0.0,0.0,0.0,0,0,2.1281087180032046,14,6,696,44,4,,original_uniform_floor_plus_prior_scores,maximum_cardinality_certified_superset_of_eBH_then_maximum_testing_evalue_sum,200,4,4,exact_dyadic_prefix_or_HiGHS_QUBO_MILP,300.0,1
475,fe0487943b7e17c582959e8a1ad6b8036a58afc8b5a0679f1fded08463fbb0a2,proven_maximal,maximize_sum_testing_e_values_at_maximum_cardinality,proven_optimal,9432.566346388947,2.52490951635285,3735.8037130827497,5,5,5,5;6;73;162;186,5;6;73;162;186,5;6;73;162;186,5,5,5,0,0,0,0.25,0.25,0.25,0.0,0.0,0.0,0,0,4.326684830004524,16,6,646,52,5,,original_uniform_floor_plus_prior_scores,maximum_cardinality_certified_superset_of_eBH_then_maximum_testing_evalue_sum,200,5,5,exact_dyadic_prefix_or_HiGHS_QUBO_MILP,300.0,1
476,fe1480ae65d05e06548805bc5248ebdf735b2776f69027a13ab7cfe8a4b7fa59,proven_maximal,maximize_sum_testing_e_values_at_maximum_cardinality,proven_optimal,4433.508188350515,2.0282048203493632,2185.9272514631107,0,0,3,,,91;96;171,0,0,3,0,0,0,0.0,0.0,0.15,0.0,0.0,0.0,0,3,3.647825403000752,16,9,751,46,3,,original_uniform_floor_plus_prior_scores,maximum_cardinality_certified_superset_of_eBH_then_maximum_testing_evalue_sum,200,0,0,exact_dyadic_prefix_or_HiGHS_QUBO_MILP,300.0,1
477,6c19574364e22ccc14e4f97319deae2fe4079efee23a0e6aea41bc497091fc39,proven_maximal,maximize_sum_testing_e_values_at_maximum_cardinality,proven_optimal,7281.390213992124,1.6777794746767458,4339.897062690562,3,3,3,2;157;189,2;157;189,2;157;189,3,3,3,0,0,0,0.15,0.15,0.15,0.0,0.0,0.0,0,0,0.9027183070065803,8,6,577,35,3,,original_uniform_floor_plus_prior_scores,maximum_cardinality_certified_superset_of_eBH_then_maximum_testing_evalue_sum,200,3,3,exact_dyadic_prefix_or_HiGHS_QUBO_MILP,300.0,1
478,558e9e5aa3aac7c5013a5b4bd1240e6282b4948d380cb0bb87944885d19f85f0,proven_maximal,maximize_sum_testing_e_values_at_maximum_cardinality,proven_optimal,150833.29635375884,1.0356209120264641,145645.27869431867,5,5,6,93;115;116;128;186,93;115;116;128;186,93;115;116;128;134;186,5,5,6,0,0,0,0.25,0.25,0.3,0.0,0.0,0.0,0,1,2.3269598839979153,19,10,633,36,6,,original_uniform_floor_plus_prior_scores,maximum_cardinality_certified_superset_of_eBH_then_maximum_testing_evalue_sum,200,5,5,exact_dyadic_prefix_or_HiGHS_QUBO_MILP,300.0,1
479,1000197718b2fe9b3c8b9f496207bfb195fa4f983323766bbb14f0398d3763d0,proven_maximal,maximize_sum_testing_e_values_at_maximum_cardinality,proven_optimal,0.0,0.0,1782.8004654705665,0,0,0,,,,0,0,0,0,0,0,0.0,0.0,0.0,0.0,0.0,0.0,0,0,3.7522093299994594,17,7,645,37,0,,original_uniform_floor_plus_prior_scores,maximum_cardinality_certified_superset_of_eBH_then_maximum_testing_evalue_sum,200,0,0,exact_dyadic_prefix_or_HiGHS_QUBO_MILP,300.0,1
480,9ab8febe5b3593f75a1243e6cdd5ba3fa14283d749c0945e8e101932acaa62da,proven_maximal,maximize_sum_testing_e_values_at_maximum_cardinality,proven_optimal,16620.51420004526,2.3526374175495692,7064.630561455853,4,4,8,25;44;113;176,25;44;113;176,25;44;99;113;138;176;177;182,4,4,8,0,0,0,0.2,0.2,0.4,0.0,0.0,0.0,0,4,2.8919955880046473,12,8,698,46,8,,original_uniform_floor_plus_prior_scores,maximum_cardinality_certified_superset_of_eBH_then_maximum_testing_evalue_sum,200,4,4,exact_dyadic_prefix_or_HiGHS_QUBO_MILP,300.0,1
481,25c1398e3a39b5e6b1cf9bfd422e456b9622cc1477e5c90ffb25f74ec5211de5,proven_maximal,maximize_sum_testing_e_values_at_maximum_cardinality,proven_optimal,117656.81152440606,1.2384758778714873,95001.29443507412,4,4,4,53;87;120;143,53;87;120;143,53;87;120;143,4,4,4,0,0,0,0.2,0.2,0.2,0.0,0.0,0.0,0,0,4.888585945001978,18,9,821,41,4,,original_uniform_floor_plus_prior_scores,maximum_cardinality_certified_superset_of_eBH_then_maximum_testing_evalue_sum,200,4,4,exact_dyadic_prefix_or_HiGHS_QUBO_MILP,300.0,1
482,26275da7b82b9af66c520ce97aa5be2b7ab0ad1073bc6568fe8be93035f0f6df,proven_maximal,maximize_sum_testing_e_values_at_maximum_cardinality,proven_optimal,7399140.17194416,1.0015467386146775,7387713.310492654,6,6,6,18;106;118;126;159;164,18;106;118;126;159;164,18;106;118;126;159;164,6,6,6,0,0,0,0.3,0.3,0.3,0.0,0.0,0.0,0,0,1.3747164140004315,14,7,711,51,6,,original_uniform_floor_plus_prior_scores,maximum_cardinality_certified_superset_of_eBH_then_maximum_testing_evalue_sum,200,6,6,exact_dyadic_prefix_or_HiGHS_QUBO_MILP,300.0,1
483,2407749ae6fe37acfe77c697f2ab32c2a11cdf12dbf6f80f697a23f58808a62e,proven_maximal,maximize_sum_testing_e_values_at_maximum_cardinality,proven_optimal,0.0,0.0,1968.4886492446888,0,0,0,,,,0,0,0,0,0,0,0.0,0.0,0.0,0.0,0.0,0.0,0,0,1.7290784130018437,13,5,524,40,0,,original_uniform_floor_plus_prior_scores,maximum_cardinality_certified_superset_of_eBH_then_maximum_testing_evalue_sum,200,0,0,exact_dyadic_prefix_or_HiGHS_QUBO_MILP,300.0,1
484,0c72345e5063923bf2cdb2fbd07571aea6c2a98cc394799683780303e76fac1d,proven_maximal,maximize_sum_testing_e_values_at_maximum_cardinality,proven_optimal,30561.313350522523,1.6638365395057702,18367.978238776104,4,4,4,12;58;66;169,12;58;66;169,12;58;66;169,4,4,4,0,0,0,0.2,0.2,0.2,0.0,0.0,0.0,0,0,4.436161498997535,15,5,449,42,4,,original_uniform_floor_plus_prior_scores,maximum_cardinality_certified_superset_of_eBH_then_maximum_testing_evalue_sum,200,4,4,exact_dyadic_prefix_or_HiGHS_QUBO_MILP,300.0,1
485,90b5cfc278c1b11abee39d5da2e38b7654779b11f4c9d19238da0122223b02b4,proven_maximal,maximize_sum_testing_e_values_at_maximum_cardinality,proven_optimal,75775.80080838603,1.475347751921599,51361.31512702018,2,2,4,117;139,117;139,29;117;139;177,2,2,4,0,0,0,0.1,0.1,0.2,0.0,0.0,0.0,0,2,4.053482340998016,14,7,633,33,4,,original_uniform_floor_plus_prior_scores,maximum_cardinality_certified_superset_of_eBH_then_maximum_testing_evalue_sum,200,2,2,exact_dyadic_prefix_or_HiGHS_QUBO_MILP,300.0,1
486,48fea2100b07507259e7099e18fa7699fa0824dd289dbc3d1d4598b633cef36c,proven_maximal,maximize_sum_testing_e_values_at_maximum_cardinality,proven_optimal,33870.416638372546,1.4843246471092604,22818.73894928281,6,6,6,45;85;115;157;176;195,45;85;115;157;176;195,45;85;115;157;176;195,6,6,6,0,0,0,0.3,0.3,0.3,0.0,0.0,0.0,0,0,2.0869313060029526,15,6,518,30,6,,original_uniform_floor_plus_prior_scores,maximum_cardinality_certified_superset_of_eBH_then_maximum_testing_evalue_sum,200,6,6,exact_dyadic_prefix_or_HiGHS_QUBO_MILP,300.0,1
487,c66dac5b85db1e19e2bb53f131d89f652a186b214ddb45633029a84ee2d97e0c,proven_maximal,maximize_sum_testing_e_values_at_maximum_cardinality,proven_optimal,7471.368864632654,1.3962987264460147,5350.838415250478,2,2,2,64;141,64;141,64;141,2,2,2,0,0,0,0.1,0.1,0.1,0.0,0.0,0.0,0,0,4.926738160997047,15,5,600,37,2,,original_uniform_floor_plus_prior_scores,maximum_cardinality_certified_superset_of_eBH_then_maximum_testing_evalue_sum,200,2,2,exact_dyadic_prefix_or_HiGHS_QUBO_MILP,300.0,1
488,4fb75be2b4ab2f6565b00618d8e3374f331254e8e8c18722c1d387b87ead8791,proven_maximal,maximize_sum_testing_e_values_at_maximum_cardinality,proven_optimal,0.0,0.0,1635.9406623596592,0,0,0,,,,0,0,0,0,0,0,0.0,0.0,0.0,0.0,0.0,0.0,0,0,2.38002553700062,17,8,783,44,0,,original_uniform_floor_plus_prior_scores,maximum_cardinality_certified_superset_of_eBH_then_maximum_testing_evalue_sum,200,0,0,exact_dyadic_prefix_or_HiGHS_QUBO_MILP,300.0,1
489,3e5d761a998f2df1d044e11da75591893cedf1c99f6577d5d23a6563cdcbc2a1,proven_maximal,maximize_sum_testing_e_values_at_maximum_cardinality,proven_optimal,0.0,0.0,735.0897547030429,0,0,0,,,,0,0,0,0,0,0,0.0,0.0,0.0,0.0,0.0,0.0,0,0,1.0791561839942005,3,3,300,40,0,,original_uniform_floor_plus_prior_scores,maximum_cardinality_certified_superset_of_eBH_then_maximum_testing_evalue_sum,200,0,0,exact_dyadic_prefix_or_HiGHS_QUBO_MILP,300.0,1
490,0a5b565193dea898bfc6fd02cbff927ca1144d0d74bc6be7093f2b5213041797,proven_maximal,maximize_sum_testing_e_values_at_maximum_cardinality,proven_optimal,26939.665323795296,1.4350949259375467,18772.04416021165,2,2,2,49;166,49;166,49;166,2,2,2,0,0,0,0.1,0.1,0.1,0.0,0.0,0.0,0,0,4.191484028000559,14,6,673,48,2,,original_uniform_floor_plus_prior_scores,maximum_cardinality_certified_superset_of_eBH_then_maximum_testing_evalue_sum,200,2,2,exact_dyadic_prefix_or_HiGHS_QUBO_MILP,300.0,1
491,db370a555c05828333d47c8f3e32d5eebff1b2b358515773be206aef5628d501,proven_maximal,maximize_sum_testing_e_values_at_maximum_cardinality,proven_optimal,5581.90649190593,4.761242839095684,1172.3633262457408,0,0,9,,,4;30;59;63;116;121;131;151;171,0,0,8,0,0,1,0.0,0.0,0.4,0.0,0.0,0.1111111111111111,0,9,3.1576411990026827,10,9,705,54,9,,original_uniform_floor_plus_prior_scores,maximum_cardinality_certified_superset_of_eBH_then_maximum_testing_evalue_sum,200,0,0,exact_dyadic_prefix_or_HiGHS_QUBO_MILP,300.0,1
492,317b4176bf6dcc3b316bce710923ab96a8ffd23de3c14f443ffdb6120f838ec8,proven_maximal,maximize_sum_testing_e_values_at_maximum_cardinality,proven_optimal,9016.617495291433,2.0866300885899745,4321.138444516703,2,2,6,74;131,74;131,3;74;97;104;131;198,2,2,6,0,0,0,0.1,0.1,0.3,0.0,0.0,0.0,0,4,2.1202334629997495,14,8,722,49,6,,original_uniform_floor_plus_prior_scores,maximum_cardinality_certified_superset_of_eBH_then_maximum_testing_evalue_sum,200,2,2,exact_dyadic_prefix_or_HiGHS_QUBO_MILP,300.0,1
493,fc03f7b2680090998f756717d7f372f4a0707d3c6a2866691f7217727debfd27,proven_maximal,maximize_sum_testing_e_values_at_maximum_cardinality,proven_optimal,4842.85965522821,2.9706325821801824,1630.2452495400753,0,0,4,,,43;45;189;195,0,0,4,0,0,0,0.0,0.0,0.2,0.0,0.0,0.0,0,4,3.106394022004679,12,9,704,46,4,,original_uniform_floor_plus_prior_scores,maximum_cardinality_certified_superset_of_eBH_then_maximum_testing_evalue_sum,200,0,0,exact_dyadic_prefix_or_HiGHS_QUBO_MILP,300.0,1
494,54078d291527e4560ad7818edc1a774ee43396752c8610b2d0be5e2bb32d8ea0,proven_maximal,maximize_sum_testing_e_values_at_maximum_cardinality,proven_optimal,4104.623615655538,1.0,4104.623615655538,1,1,1,166,166,166,1,1,1,0,0,0,0.05,0.05,0.05,0.0,0.0,0.0,0,0,1.4883440090052318,13,7,646,38,1,,original_uniform_floor_plus_prior_scores,maximum_cardinality_certified_superset_of_eBH_then_maximum_testing_evalue_sum,200,1,1,exact_dyadic_prefix_or_HiGHS_QUBO_MILP,300.0,1
495,7d7080eda62b9505f1cad59c7ecb78b677def3dcacf45c2c6f3bbee2ae48b70f,proven_maximal,maximize_sum_testing_e_values_at_maximum_cardinality,proven_optimal,119983.43704575112,1.0,119983.43704575112,1,1,1,88,88,88,1,1,1,0,0,0,0.05,0.05,0.05,0.0,0.0,0.0,0,0,1.735254603998328,10,7,647,35,1,,original_uniform_floor_plus_prior_scores,maximum_cardinality_certified_superset_of_eBH_then_maximum_testing_evalue_sum,200,1,1,exact_dyadic_prefix_or_HiGHS_QUBO_MILP,300.0,1
496,7e7fedcc36bc1d73264a6f77c918c4ef0ceeb652cb7ae5f6a3e79dcece22e795,proven_maximal,maximize_sum_testing_e_values_at_maximum_cardinality,proven_optimal,26769.10975247886,1.5221538730291189,17586.33619556987,3,3,5,26;101;135,26;101;135,26;68;101;115;135,3,3,5,0,0,0,0.15,0.15,0.25,0.0,0.0,0.0,0,2,3.3483447399994475,17,9,735,42,5,,original_uniform_floor_plus_prior_scores,maximum_cardinality_certified_superset_of_eBH_then_maximum_testing_evalue_sum,200,3,3,exact_dyadic_prefix_or_HiGHS_QUBO_MILP,300.0,1
497,4261584d1e5ec284def53c63495ac5d77873a35efac8ed2d98d17e6fde4ae8e4,proven_maximal,maximize_sum_testing_e_values_at_maximum_cardinality,proven_optimal,11567.576180759477,2.3379511584914225,4947.74073390974,4,4,4,60;187;190;198,60;187;190;198,60;187;190;198,4,4,4,0,0,0,0.2,0.2,0.2,0.0,0.0,0.0,0,0,0.745188954002515,8,5,440,38,4,,original_uniform_floor_plus_prior_scores,maximum_cardinality_certified_superset_of_eBH_then_maximum_testing_evalue_sum,200,4,4,exact_dyadic_prefix_or_HiGHS_QUBO_MILP,300.0,1
498,5b2e30cc605c872656738b20a4c7fa3c3df9a6d87550ea11ba1f0c8b59691f4f,proven_maximal,maximize_sum_testing_e_values_at_maximum_cardinality,proven_optimal,17781.232461911415,1.8940755680363741,9387.815756657255,3,3,3,25;99;138,25;99;138,25;99;138,3,3,3,0,0,0,0.15,0.15,0.15,0.0,0.0,0.0,0,0,0.8986346950041479,10,5,455,38,3,,original_uniform_floor_plus_prior_scores,maximum_cardinality_certified_superset_of_eBH_then_maximum_testing_evalue_sum,200,3,3,exact_dyadic_prefix_or_HiGHS_QUBO_MILP,300.0,1
499,4a0e87f81e250e17cafd38c3802dd9c1a3ae6fab25c3cd8355902f96da4dac85,proven_maximal,maximize_sum_testing_e_values_at_maximum_cardinality,proven_optimal,19616.01405882662,2.867963461501651,6839.70152414556,4,4,4,88;103;154;163,88;103;154;163,88;103;154;163,4,4,4,0,0,0,0.2,0.2,0.2,0.0,0.0,0.0,0,0,3.244477189000463,19,9,812,33,4,,original_uniform_floor_plus_prior_scores,maximum_cardinality_certified_superset_of_eBH_then_maximum_testing_evalue_sum,200,4,4,exact_dyadic_prefix_or_HiGHS_QUBO_MILP,300.0,1
500,4aaf2ba4e0e45d0a56803ac3eaeb9398c0fc4b61b0678bc9a23f1e9a58848dac,proven_maximal,maximize_sum_testing_e_values_at_maximum_cardinality,proven_optimal,67835.51837351591,1.1986752821838387,56592.07241674989,6,6,8,1;4;134;147;168;181,1;4;134;147;168;181,1;4;67;134;147;168;181;195,6,6,8,0,0,0,0.3,0.3,0.4,0.0,0.0,0.0,0,2,1.7142591700030607,8,6,478,38,8,,original_uniform_floor_plus_prior_scores,maximum_cardinality_certified_superset_of_eBH_then_maximum_testing_evalue_sum,200,6,6,exact_dyadic_prefix_or_HiGHS_QUBO_MILP,300.0,1
