replication,problem_sha256,status,secondary_rule,secondary_status,secondary_value,secondary_normalized_value,secondary_normalization,prefix_size,greedy_size,maximal_size,prefix_indices,greedy_indices,maximal_indices,prefix_true,greedy_true,maximal_true,prefix_false,greedy_false,maximal_false,prefix_tpr,greedy_tpr,maximal_tpr,prefix_fdp,greedy_fdp,maximal_fdp,greedy_added,optimizer_added,elapsed_seconds,mip_solves,separation_calls,final_cut_count,initial_singleton_upper_bound,proof_upper_bound,message,method,selection_rule,K,ebh_seed_size,old_exported_prefix_size,separator_backend,separator_time_limit,separator_threads,ordinary_eBH_required
1,12bab54a674abc4df5ea9a7f1883ca37ae09328ec11a0079cfde1e26862879d9,proven_maximal,maximize_sum_testing_e_values_at_maximum_cardinality,proven_optimal,5436.1791320787115,1.5579965855151667,3489.2111976491824,0,0,10,,,8;18;43;53;73;91;100;107;156;190,0,0,10,0,0,0,0.0,0.0,0.5,0.0,0.0,0.0,0,10,0.1847433999646455,5,5,227,31,10,,method1_proportional_scores_gamma1,unrestricted_maximum_cardinality_then_maximum_testing_evalue_sum,200,0,0,exact_fixed_count_order_statistics,300.0,1,False
2,3cf49576d38331c2badbd5b2b7cc49ba0e5b3c3ee8b8a14d20c9fa6c04102ed0,proven_maximal,maximize_sum_testing_e_values_at_maximum_cardinality,proven_optimal,13202.089139495618,2.000898528842464,6598.080287026416,0,0,11,,,14;29;69;86;95;116;127;135;142;169;188,0,0,11,0,0,0,0.0,0.0,0.55,0.0,0.0,0.0,0,11,0.18276120000518858,4,4,239,44,11,,method1_proportional_scores_gamma1,unrestricted_maximum_cardinality_then_maximum_testing_evalue_sum,200,0,3,exact_fixed_count_order_statistics,300.0,1,False
3,a1925cfe8d8aea946cfee0357fbb6c7388758615e7bbeb47fe4e3aeca4631a75,proven_maximal,maximize_sum_testing_e_values_at_maximum_cardinality,proven_optimal,23738.939192395315,1.6868745720534204,14072.73521439005,0,0,7,,,23;52;69;75;112;120;140,0,0,7,0,0,0,0.0,0.0,0.35,0.0,0.0,0.0,0,7,0.38031959999352694,5,4,233,35,7,,method1_proportional_scores_gamma1,unrestricted_maximum_cardinality_then_maximum_testing_evalue_sum,200,0,3,exact_fixed_count_order_statistics,300.0,1,False
4,bcf0891b97250d2bedbea4f5def30bd278022f43fdd4338bd0027e1c2c117dca,proven_maximal,maximize_sum_testing_e_values_at_maximum_cardinality,proven_optimal,6704.858252105308,2.6982193215082133,2484.919664854197,0,0,12,,,1;16;23;41;78;128;151;154;155;164;168;193,0,0,12,0,0,0,0.0,0.0,0.6,0.0,0.0,0.0,0,12,0.18415339989587665,4,4,234,39,12,,method1_proportional_scores_gamma1,unrestricted_maximum_cardinality_then_maximum_testing_evalue_sum,200,0,0,exact_fixed_count_order_statistics,300.0,1,False
5,d8ae0013251b18e65f7d481455ff6253a5bfbd2cee6e7e390834173642082bea,proven_maximal,maximize_sum_testing_e_values_at_maximum_cardinality,proven_optimal,12280.699222930542,2.70842410020728,4534.260059933257,0,0,8,,,10;25;27;40;54;58;67;73,0,0,8,0,0,0,0.0,0.0,0.4,0.0,0.0,0.0,0,8,0.5091650001704693,7,5,237,39,8,,method1_proportional_scores_gamma1,unrestricted_maximum_cardinality_then_maximum_testing_evalue_sum,200,0,6,exact_fixed_count_order_statistics,300.0,1,False
6,9263546c391503372bf2f70c97719d22ca949bac640f69b10b5a28f40c599624,proven_maximal,maximize_sum_testing_e_values_at_maximum_cardinality,proven_optimal,4618.177152226583,1.1711891004092128,3943.152434233715,0,0,2,,,173;193,0,0,2,0,0,0,0.0,0.0,0.1,0.0,0.0,0.0,0,2,0.389627399854362,6,5,236,34,2,,method1_proportional_scores_gamma1,unrestricted_maximum_cardinality_then_maximum_testing_evalue_sum,200,0,0,exact_fixed_count_order_statistics,300.0,1,False
7,9a9cdf04c2d7dc436d97e1b2c3fa1cb0a58ea0c4aae9c3edb52141200e0381cf,proven_maximal,maximize_sum_testing_e_values_at_maximum_cardinality,proven_optimal,2255.969595162205,1.7313352189296864,1303.0229908664646,0,0,6,,,67;82;89;105;157;173,0,0,6,0,0,0,0.0,0.0,0.3,0.0,0.0,0.0,0,6,0.40749899996444583,7,6,246,44,6,,method1_proportional_scores_gamma1,unrestricted_maximum_cardinality_then_maximum_testing_evalue_sum,200,0,0,exact_fixed_count_order_statistics,300.0,1,False
8,d06bfe9b06689e5b865312a34c5cce5531e9e01f9c4025f30b531324359c33c0,proven_maximal,maximize_sum_testing_e_values_at_maximum_cardinality,proven_optimal,25210.876824746465,2.4900577574775897,10124.615282131004,0,0,11,,,27;29;36;44;46;49;61;75;92;103;170,0,0,11,0,0,0,0.0,0.0,0.55,0.0,0.0,0.0,0,11,0.2627856000326574,8,8,239,38,11,,method1_proportional_scores_gamma1,unrestricted_maximum_cardinality_then_maximum_testing_evalue_sum,200,0,4,exact_fixed_count_order_statistics,300.0,1,False
9,8e6a71a33955c3a96eb3d80afbfc21ddf9045b4bfa5f9b23ce0f93d0f6440740,proven_maximal,maximize_sum_testing_e_values_at_maximum_cardinality,proven_optimal,0.0,0.0,1455.2570405051388,0,0,0,,,,0,0,0,0,0,0,0.0,0.0,0.0,0.0,0.0,0.0,0,0,0.2462651999667287,4,3,235,35,0,,method1_proportional_scores_gamma1,unrestricted_maximum_cardinality_then_maximum_testing_evalue_sum,200,0,0,exact_fixed_count_order_statistics,300.0,1,False
10,06dc469c0ea0caf13d49b25ec74a1efe170162962d5d99dca533876a951fc2c1,proven_maximal,maximize_sum_testing_e_values_at_maximum_cardinality,proven_optimal,9456.401489261212,2.300540195664523,4110.513481608471,0,0,13,,,4;15;19;28;35;48;64;72;120;123;136;148;151,0,0,13,0,0,0,0.0,0.0,0.65,0.0,0.0,0.0,0,13,0.3359801000915468,9,9,259,36,13,,method1_proportional_scores_gamma1,unrestricted_maximum_cardinality_then_maximum_testing_evalue_sum,200,0,2,exact_fixed_count_order_statistics,300.0,1,False
11,3159769f41d5114702ff3eec03d821ba9058d0d9e163b60287d670cd601a601d,proven_maximal,maximize_sum_testing_e_values_at_maximum_cardinality,proven_optimal,129702.17032008253,1.0325443805470427,125614.13607361482,0,0,11,,,12;20;61;85;87;112;114;129;144;166;183,0,0,11,0,0,0,0.0,0.0,0.55,0.0,0.0,0.0,0,11,0.36157559999264777,11,11,260,33,11,,method1_proportional_scores_gamma1,unrestricted_maximum_cardinality_then_maximum_testing_evalue_sum,200,0,1,exact_fixed_count_order_statistics,300.0,1,False
12,fb6e94d597e3a182bd59b705b6bdc1e9d28436612dc2d2097ddbc2819ac75d2b,proven_maximal,maximize_sum_testing_e_values_at_maximum_cardinality,proven_optimal,99862.13275523372,1.2920581791384855,77289.1920562118,0,0,9,,,4;15;36;63;66;83;99;112;199,0,0,9,0,0,0,0.0,0.0,0.45,0.0,0.0,0.0,0,9,0.271196800051257,6,6,260,58,9,,method1_proportional_scores_gamma1,unrestricted_maximum_cardinality_then_maximum_testing_evalue_sum,200,0,2,exact_fixed_count_order_statistics,300.0,1,False
13,f610389a07df3b470990fcee2a22224243f5a363509f7546fafc778b9bf43354,proven_maximal,maximize_sum_testing_e_values_at_maximum_cardinality,proven_optimal,24969.077238189868,2.7784782779148633,8986.601564122417,0,0,9,,,4;26;34;53;120;125;126;159;187,0,0,9,0,0,0,0.0,0.0,0.45,0.0,0.0,0.0,0,9,0.40738880005665123,5,4,237,42,9,,method1_proportional_scores_gamma1,unrestricted_maximum_cardinality_then_maximum_testing_evalue_sum,200,0,5,exact_fixed_count_order_statistics,300.0,1,False
14,f70918d0b422aeaa247656f46c62cb60498b3fb1f45e6ed6211d65d845d3a52e,proven_maximal,maximize_sum_testing_e_values_at_maximum_cardinality,proven_optimal,38166.27619457974,1.0,38166.27619457974,0,0,1,,,17,0,0,1,0,0,0,0.0,0.0,0.05,0.0,0.0,0.0,0,1,0.39308029995299876,5,4,235,35,1,,method1_proportional_scores_gamma1,unrestricted_maximum_cardinality_then_maximum_testing_evalue_sum,200,0,2,exact_fixed_count_order_statistics,300.0,1,False
15,6fc2d285d4ca222724d519449a2d69dfd25211e12c629ad31293bc937383172e,proven_maximal,maximize_sum_testing_e_values_at_maximum_cardinality,proven_optimal,3742.2523743924817,2.86822261446673,1304.7287039427565,0,0,5,,,32;33;55;65;151,0,0,5,0,0,0,0.0,0.0,0.25,0.0,0.0,0.0,0,5,0.44890570011921227,6,5,235,35,5,,method1_proportional_scores_gamma1,unrestricted_maximum_cardinality_then_maximum_testing_evalue_sum,200,0,0,exact_fixed_count_order_statistics,300.0,1,False
16,c2ae15b6accddb60de0f028dd92cdf6a24a52208c466176bc6a70c9d46ecab0c,proven_maximal,maximize_sum_testing_e_values_at_maximum_cardinality,proven_optimal,38971.41721780624,1.5143813248355322,25734.21672512945,0,0,8,,,14;37;43;69;75;90;128;150,0,0,8,0,0,0,0.0,0.0,0.4,0.0,0.0,0.0,0,8,0.6032292998861521,13,11,253,32,8,,method1_proportional_scores_gamma1,unrestricted_maximum_cardinality_then_maximum_testing_evalue_sum,200,0,5,exact_fixed_count_order_statistics,300.0,1,False
17,5094a023fbfe9c939af485d52dad0c947222f0fe92005e131c11b3f1cd0020f2,proven_maximal,maximize_sum_testing_e_values_at_maximum_cardinality,proven_optimal,21524.80932623507,1.5695711806821038,13713.81533450482,0,0,4,,,79;96;104;124,0,0,4,0,0,0,0.0,0.0,0.2,0.0,0.0,0.0,0,4,0.4123375001363456,5,4,242,44,4,,method1_proportional_scores_gamma1,unrestricted_maximum_cardinality_then_maximum_testing_evalue_sum,200,0,4,exact_fixed_count_order_statistics,300.0,1,False
18,bbbd914d7fab23fe3fd8a5b5574ec724f5e9fb212bc6b4275e1bbbe4c814a8a9,proven_maximal,maximize_sum_testing_e_values_at_maximum_cardinality,proven_optimal,14122.30081752183,1.4053113462251414,10049.232759314342,0,0,13,,,0;42;60;72;79;107;120;148;159;162;180;186;199,0,0,13,0,0,0,0.0,0.0,0.65,0.0,0.0,0.0,0,13,0.3240596998948604,8,8,255,42,13,,method1_proportional_scores_gamma1,unrestricted_maximum_cardinality_then_maximum_testing_evalue_sum,200,0,1,exact_fixed_count_order_statistics,300.0,1,False
19,649a9f2325305fdfe22989ada55d0133f13096b988ab0052cac74eac767074ec,proven_maximal,maximize_sum_testing_e_values_at_maximum_cardinality,proven_optimal,22771.035339217855,3.4795630878955266,6544.222583126089,0,0,12,,,9;12;15;22;32;58;68;126;132;159;168;175,0,0,12,0,0,0,0.0,0.0,0.6,0.0,0.0,0.0,0,12,0.21338220010511577,5,5,237,37,12,,method1_proportional_scores_gamma1,unrestricted_maximum_cardinality_then_maximum_testing_evalue_sum,200,0,4,exact_fixed_count_order_statistics,300.0,1,False
20,5fe857a909900c2915897d504768a58e28b7dea619c2f0694d76e1ca3b1fef3d,proven_maximal,maximize_sum_testing_e_values_at_maximum_cardinality,proven_optimal,24331.8164354857,1.7712806214966184,13736.85012989465,0,0,9,,,6;10;18;45;65;78;84;95;163,0,0,9,0,0,0,0.0,0.0,0.45,0.0,0.0,0.0,0,9,0.49763150000944734,7,6,230,30,9,,method1_proportional_scores_gamma1,unrestricted_maximum_cardinality_then_maximum_testing_evalue_sum,200,0,2,exact_fixed_count_order_statistics,300.0,1,False
21,b883a85c32b27482ffeb6dd30e3a84dcb184d3dade6202ac089800f92a1190ae,proven_maximal,maximize_sum_testing_e_values_at_maximum_cardinality,proven_optimal,20461.50166543434,1.428814803733092,14320.611469012065,0,0,2,,,32;109,0,0,2,0,0,0,0.0,0.0,0.1,0.0,0.0,0.0,0,2,0.4432606000918895,5,4,241,42,2,,method1_proportional_scores_gamma1,unrestricted_maximum_cardinality_then_maximum_testing_evalue_sum,200,0,2,exact_fixed_count_order_statistics,300.0,1,False
22,220142a3a5709483db96336e3223a4d3bcf6e2407e9abb5b5baf6ad7747aaca5,proven_maximal,maximize_sum_testing_e_values_at_maximum_cardinality,proven_optimal,20295.06378714732,1.3717732023359517,14794.766184809165,0,0,12,,,16;38;51;57;77;89;106;114;119;173;181;197,0,0,12,0,0,0,0.0,0.0,0.6,0.0,0.0,0.0,0,12,0.2267905999906361,6,6,232,30,12,,method1_proportional_scores_gamma1,unrestricted_maximum_cardinality_then_maximum_testing_evalue_sum,200,0,4,exact_fixed_count_order_statistics,300.0,1,False
23,4b5e469ac10565e3209e5aa8e76b7eaf78f3fdd2ad33cdde64e9e137dd26cfd9,proven_maximal,maximize_sum_testing_e_values_at_maximum_cardinality,proven_optimal,4133.560585932245,2.0258547421871826,2040.4032430624864,0,0,9,,,3;16;27;33;62;90;120;174;188,0,0,9,0,0,0,0.0,0.0,0.45,0.0,0.0,0.0,0,9,0.4286808001343161,7,6,243,38,9,,method1_proportional_scores_gamma1,unrestricted_maximum_cardinality_then_maximum_testing_evalue_sum,200,0,0,exact_fixed_count_order_statistics,300.0,1,False
24,1be85816e9d400acf6450520a4b68edef107bba0103bdbac9213c1ba49d778c5,proven_maximal,maximize_sum_testing_e_values_at_maximum_cardinality,proven_optimal,89161.30318337277,1.1560926388579975,77122.97456668127,0,0,6,,,14;19;71;79;138;142,0,0,6,0,0,0,0.0,0.0,0.3,0.0,0.0,0.0,0,6,0.4509188998490572,5,4,230,34,6,,method1_proportional_scores_gamma1,unrestricted_maximum_cardinality_then_maximum_testing_evalue_sum,200,0,3,exact_fixed_count_order_statistics,300.0,1,False
25,13a34fca35cabc7aaf4e08ea3a2a75bf3086575b4c16510369f423b0c015eeef,proven_maximal,maximize_sum_testing_e_values_at_maximum_cardinality,proven_optimal,8471.02244263846,2.4634456213935523,3438.688627454446,0,0,10,,,1;33;60;71;82;107;128;129;151;154,0,0,10,0,0,0,0.0,0.0,0.5,0.0,0.0,0.0,0,10,0.34580840007402003,5,5,244,42,10,,method1_proportional_scores_gamma1,unrestricted_maximum_cardinality_then_maximum_testing_evalue_sum,200,0,6,exact_fixed_count_order_statistics,300.0,1,False
26,76eeefe89184eed8c43af2c1e499a03da933d0f6e26b39e1b55d819866fc9a75,proven_maximal,maximize_sum_testing_e_values_at_maximum_cardinality,proven_optimal,8219.145807904015,1.138357422229636,7220.180276776025,0,0,6,,,16;38;85;112;141;166,0,0,6,0,0,0,0.0,0.0,0.3,0.0,0.0,0.0,0,6,0.5845409999601543,6,4,247,44,6,,method1_proportional_scores_gamma1,unrestricted_maximum_cardinality_then_maximum_testing_evalue_sum,200,0,1,exact_fixed_count_order_statistics,300.0,1,False
27,f2b0b6d7c0c45f61ba078f31dd283754c9986bdbf96eac43923ce37d0b02eb03,proven_maximal,maximize_sum_testing_e_values_at_maximum_cardinality,proven_optimal,22439.69648842828,1.1466850269329067,19569.18941241328,0,0,6,,,4;69;86;120;152;153,0,0,6,0,0,0,0.0,0.0,0.3,0.0,0.0,0.0,0,6,0.4776296999771148,5,4,231,33,6,,method1_proportional_scores_gamma1,unrestricted_maximum_cardinality_then_maximum_testing_evalue_sum,200,0,4,exact_fixed_count_order_statistics,300.0,1,False
28,e7e192acac363dd16fdaccbd6c759084122c8dfe8dcda31159ee309fce5685cb,proven_maximal,maximize_sum_testing_e_values_at_maximum_cardinality,proven_optimal,6702.998032963455,1.7276942902137482,3879.736172615451,0,0,11,,,0;10;20;69;84;110;122;138;177;189;197,0,0,11,0,0,0,0.0,0.0,0.55,0.0,0.0,0.0,0,11,0.27697700005955994,7,7,245,38,11,,method1_proportional_scores_gamma1,unrestricted_maximum_cardinality_then_maximum_testing_evalue_sum,200,0,0,exact_fixed_count_order_statistics,300.0,1,False
29,24b6a24b0c1b27277c3b9fbcf70a1ff112f1c7af0e042a306bc12277c1030b32,proven_maximal,maximize_sum_testing_e_values_at_maximum_cardinality,proven_optimal,30298.359253998093,1.341525565554035,22585.003247019904,0,0,8,,,12;35;43;51;75;96;159;194,0,0,8,0,0,0,0.0,0.0,0.4,0.0,0.0,0.0,0,8,0.6092501000966877,8,6,246,44,8,,method1_proportional_scores_gamma1,unrestricted_maximum_cardinality_then_maximum_testing_evalue_sum,200,0,5,exact_fixed_count_order_statistics,300.0,1,False
30,ce63dd28212d0d4a4edc04414628f5d58d8d146a98cc821f8a4ef6bd733c0650,proven_maximal,maximize_sum_testing_e_values_at_maximum_cardinality,proven_optimal,6493.353077125428,2.1257679285651627,3054.5917030126,0,0,14,,,40;41;76;81;92;94;109;118;119;124;140;141;191;198,0,0,14,0,0,0,0.0,0.0,0.7,0.0,0.0,0.0,0,14,0.34101770003326237,8,8,252,36,14,,method1_proportional_scores_gamma1,unrestricted_maximum_cardinality_then_maximum_testing_evalue_sum,200,0,0,exact_fixed_count_order_statistics,300.0,1,False
31,7db4ffd766d76adca9d8f6a6dd078441d8dea65dd25b9154d956f5ea35fdca69,proven_maximal,maximize_sum_testing_e_values_at_maximum_cardinality,proven_optimal,21734.998761398405,2.307305815703024,9420.077136491707,0,0,10,,,2;18;70;78;96;129;145;156;158;171,0,0,10,0,0,0,0.0,0.0,0.5,0.0,0.0,0.0,0,10,0.26014549983665347,6,6,252,39,10,,method1_proportional_scores_gamma1,unrestricted_maximum_cardinality_then_maximum_testing_evalue_sum,200,0,3,exact_fixed_count_order_statistics,300.0,1,False
32,e44473e938565a91bb893326ac2a7fffd1bfdebef768cea3b12b3c93e63b00a1,proven_maximal,maximize_sum_testing_e_values_at_maximum_cardinality,proven_optimal,8302.326503539389,3.8133408836019678,2177.1792129155942,0,0,8,,,1;2;8;65;132;152;176;195,0,0,8,0,0,0,0.0,0.0,0.4,0.0,0.0,0.0,0,8,0.4950494000222534,10,9,254,48,8,,method1_proportional_scores_gamma1,unrestricted_maximum_cardinality_then_maximum_testing_evalue_sum,200,0,4,exact_fixed_count_order_statistics,300.0,1,False
33,3df8909a0d8948374f883407c45ef78f1ddc8f440c293af921aad4b0c5d624ec,proven_maximal,maximize_sum_testing_e_values_at_maximum_cardinality,proven_optimal,19951.163128128006,1.8511399866672877,10777.77114201245,0,0,7,,,0;28;52;82;96;137;186,0,0,7,0,0,0,0.0,0.0,0.35,0.0,0.0,0.0,0,7,0.5051728000398725,8,7,253,41,7,,method1_proportional_scores_gamma1,unrestricted_maximum_cardinality_then_maximum_testing_evalue_sum,200,0,3,exact_fixed_count_order_statistics,300.0,1,False
34,59b1bcea125729e2c3d70afb70d7412e07ba0ec1690b1172a1961ab369b7b9fd,proven_maximal,maximize_sum_testing_e_values_at_maximum_cardinality,proven_optimal,62180.73889114533,1.8777347944892062,33114.76097350592,0,0,9,,,14;81;82;96;108;130;143;156;189,0,0,9,0,0,0,0.0,0.0,0.45,0.0,0.0,0.0,0,9,0.5591897000558674,9,8,258,49,9,,method1_proportional_scores_gamma1,unrestricted_maximum_cardinality_then_maximum_testing_evalue_sum,200,0,3,exact_fixed_count_order_statistics,300.0,1,False
35,b3930c3f3838c3e26928c1e50d133193a6e3184cd51dcf41d47e6349c20ae5df,proven_maximal,maximize_sum_testing_e_values_at_maximum_cardinality,proven_optimal,17090.421522411925,1.5729701741385425,10865.063942977633,0,0,8,,,4;39;44;65;111;119;165;173,0,0,8,0,0,0,0.0,0.0,0.4,0.0,0.0,0.0,0,8,0.49282629997469485,11,10,254,40,8,,method1_proportional_scores_gamma1,unrestricted_maximum_cardinality_then_maximum_testing_evalue_sum,200,0,2,exact_fixed_count_order_statistics,300.0,1,False
36,e5b86ffae12518c4c7034149d4f23a4b085c6c4bc0ee005577f4b682285b8f56,proven_maximal,maximize_sum_testing_e_values_at_maximum_cardinality,proven_optimal,8476.5332663142,1.1101503933444614,7635.48192851387,0,0,4,,,15;140;159;195,0,0,4,0,0,0,0.0,0.0,0.2,0.0,0.0,0.0,0,4,0.6634418999310583,7,4,239,38,4,,method1_proportional_scores_gamma1,unrestricted_maximum_cardinality_then_maximum_testing_evalue_sum,200,0,2,exact_fixed_count_order_statistics,300.0,1,False
37,f6649ab6a5895077599f6da51d502ac5f1bc5d876d3b773f125f8f8f8d41d6a1,proven_maximal,maximize_sum_testing_e_values_at_maximum_cardinality,proven_optimal,24116.397139189456,2.94050344486257,8201.451755250904,0,0,11,,,4;12;81;105;122;125;144;145;149;180;181,0,0,11,0,0,0,0.0,0.0,0.55,0.0,0.0,0.0,0,11,0.431264900136739,10,10,264,39,11,,method1_proportional_scores_gamma1,unrestricted_maximum_cardinality_then_maximum_testing_evalue_sum,200,0,4,exact_fixed_count_order_statistics,300.0,1,False
38,a673ee6f2a45c03b7f5bb1a8b69fe3aa2ea2d374c08846b3e7f2519c00c13149,proven_maximal,maximize_sum_testing_e_values_at_maximum_cardinality,proven_optimal,55640.10997163103,1.0624534280208173,52369.45780793399,0,0,11,,,19;20;53;77;81;82;99;117;152;174;176,0,0,11,0,0,0,0.0,0.0,0.55,0.0,0.0,0.0,0,11,0.26479280018247664,7,7,248,36,11,,method1_proportional_scores_gamma1,unrestricted_maximum_cardinality_then_maximum_testing_evalue_sum,200,0,1,exact_fixed_count_order_statistics,300.0,1,False
39,529805944142ff72c2e3a37770b60637ed5b5170891287ba6a4fd7969b1f3805,proven_maximal,maximize_sum_testing_e_values_at_maximum_cardinality,proven_optimal,15900.561512992892,2.0697546144114756,7682.341376257367,0,0,6,,,58;125;190;192;194;198,0,0,6,0,0,0,0.0,0.0,0.3,0.0,0.0,0.0,0,6,0.5900045000016689,8,6,244,45,6,,method1_proportional_scores_gamma1,unrestricted_maximum_cardinality_then_maximum_testing_evalue_sum,200,0,3,exact_fixed_count_order_statistics,300.0,1,False
40,64defd7f33aed6652bb1d535347cb396745a5ec722f1a5faea8e2f4268f8bb0a,proven_maximal,maximize_sum_testing_e_values_at_maximum_cardinality,proven_optimal,8301.042804156192,1.0,8301.042804156192,0,0,1,,,93,0,0,1,0,0,0,0.0,0.0,0.05,0.0,0.0,0.0,0,1,0.21738699986599386,3,3,243,44,1,,method1_proportional_scores_gamma1,unrestricted_maximum_cardinality_then_maximum_testing_evalue_sum,200,0,1,exact_fixed_count_order_statistics,300.0,1,False
41,089d9e9a8ffcb3e850f2dada1ad92488435a55e928e17173d8a4f3a7ca1b3b76,proven_maximal,maximize_sum_testing_e_values_at_maximum_cardinality,proven_optimal,302219.1750708833,1.0587161810093606,285458.16196249414,0,0,12,,,26;40;52;59;60;62;74;98;110;114;132;136,0,0,12,0,0,0,0.0,0.0,0.6,0.0,0.0,0.0,0,12,0.21332229999825358,5,5,227,34,12,,method1_proportional_scores_gamma1,unrestricted_maximum_cardinality_then_maximum_testing_evalue_sum,200,0,6,exact_fixed_count_order_statistics,300.0,1,False
42,4d0ff3aa083eadbe842ab2e524e69a693852ba024bbf37962f7a0f5afa74327d,proven_maximal,maximize_sum_testing_e_values_at_maximum_cardinality,proven_optimal,6099.572708377916,1.460584526331109,4176.117573763181,0,0,5,,,65;68;136;140;143,0,0,5,0,0,0,0.0,0.0,0.25,0.0,0.0,0.0,0,5,0.694617599947378,11,8,245,35,5,,method1_proportional_scores_gamma1,unrestricted_maximum_cardinality_then_maximum_testing_evalue_sum,200,0,1,exact_fixed_count_order_statistics,300.0,1,False
43,d8580563fbd412cb7bb788549f3b900e3736b5daa0fcf30d8328616ef9ce3b43,proven_maximal,maximize_sum_testing_e_values_at_maximum_cardinality,proven_optimal,14194.10629711772,1.794061390546393,7911.717164146102,0,0,7,,,32;62;75;83;84;113;156,0,0,7,0,0,0,0.0,0.0,0.35,0.0,0.0,0.0,0,7,0.5742899000179023,8,6,246,42,7,,method1_proportional_scores_gamma1,unrestricted_maximum_cardinality_then_maximum_testing_evalue_sum,200,0,4,exact_fixed_count_order_statistics,300.0,1,False
44,c7d7a5e9fc3f9a7091fa7ff91a2725229cc19751eaa428ab189104f8d60467ba,proven_maximal,maximize_sum_testing_e_values_at_maximum_cardinality,proven_optimal,17838.20188675346,2.2978878062027013,7762.868943645857,0,0,8,,,11;23;30;48;94;109;122;154,0,0,8,0,0,0,0.0,0.0,0.4,0.0,0.0,0.0,0,8,0.6621485999785364,10,8,246,39,8,,method1_proportional_scores_gamma1,unrestricted_maximum_cardinality_then_maximum_testing_evalue_sum,200,0,6,exact_fixed_count_order_statistics,300.0,1,False
45,bd8a63578f6a78b2110a843cfe57f2f5eb98abe488069312075c300fd428c00a,proven_maximal,maximize_sum_testing_e_values_at_maximum_cardinality,proven_optimal,8203.731716035814,2.715307865298216,3021.289711152079,0,0,6,,,17;54;56;130;147;178,0,0,6,0,0,0,0.0,0.0,0.3,0.0,0.0,0.0,0,6,0.34078730014152825,5,5,238,40,6,,method1_proportional_scores_gamma1,unrestricted_maximum_cardinality_then_maximum_testing_evalue_sum,200,0,3,exact_fixed_count_order_statistics,300.0,1,False
46,7ff3e007302e304ac4ee3a9ded159ddfab57430113b70097291125d1504ba638,proven_maximal,maximize_sum_testing_e_values_at_maximum_cardinality,proven_optimal,3614.1329173969634,2.8031737751018313,1289.30034573603,0,0,8,,,10;11;36;42;114;127;136;175,0,0,8,0,0,0,0.0,0.0,0.4,0.0,0.0,0.0,0,8,0.4425292999949306,5,4,231,35,8,,method1_proportional_scores_gamma1,unrestricted_maximum_cardinality_then_maximum_testing_evalue_sum,200,0,0,exact_fixed_count_order_statistics,300.0,1,False
47,e70ded82275b69fd13e0370d24f9f4eec709a7b340cddcf5356ae8d6563c6ccb,proven_maximal,maximize_sum_testing_e_values_at_maximum_cardinality,proven_optimal,16703.368501709083,1.7621530723817471,9478.954333480582,0,0,11,,,24;61;79;111;115;128;134;142;158;168;182,0,0,10,0,0,1,0.0,0.0,0.5,0.0,0.0,0.09090909090909091,0,11,0.5979322998318821,11,11,273,48,11,,method1_proportional_scores_gamma1,unrestricted_maximum_cardinality_then_maximum_testing_evalue_sum,200,0,7,exact_fixed_count_order_statistics,300.0,1,False
48,2cf29aa9f2aab4a11376dcdeb6229cd04246f979cd56610faacca9484adffb68,proven_maximal,maximize_sum_testing_e_values_at_maximum_cardinality,proven_optimal,3931.6421024723336,4.010106424020989,980.43335681102,0,0,7,,,14;43;48;55;115;147;191,0,0,7,0,0,0,0.0,0.0,0.35,0.0,0.0,0.0,0,7,0.7337118999566883,10,7,242,38,7,,method1_proportional_scores_gamma1,unrestricted_maximum_cardinality_then_maximum_testing_evalue_sum,200,0,0,exact_fixed_count_order_statistics,300.0,1,False
49,ad509eda6d079c09408ef349ea5d95eb4825c08318f32cc1d72836ef0f4c7e1f,proven_maximal,maximize_sum_testing_e_values_at_maximum_cardinality,proven_optimal,12219.679339437083,2.35705472371246,5184.300227103161,0,0,10,,,21;23;34;89;98;111;119;130;131;150,0,0,10,0,0,0,0.0,0.0,0.5,0.0,0.0,0.0,0,10,0.3085028000641614,8,8,251,49,10,,method1_proportional_scores_gamma1,unrestricted_maximum_cardinality_then_maximum_testing_evalue_sum,200,0,4,exact_fixed_count_order_statistics,300.0,1,False
50,30376a254b28c7eeaa4ae0247ec555f532a3706e59e78938591df7aeb74c1319,proven_maximal,maximize_sum_testing_e_values_at_maximum_cardinality,proven_optimal,6006.554626649937,2.073297625770102,2897.1019654830657,0,0,6,,,9;47;62;85;134;151,0,0,6,0,0,0,0.0,0.0,0.3,0.0,0.0,0.0,0,6,0.40561959985643625,5,4,240,42,6,,method1_proportional_scores_gamma1,unrestricted_maximum_cardinality_then_maximum_testing_evalue_sum,200,0,0,exact_fixed_count_order_statistics,300.0,1,False
51,73b732e182ac8011d87d86b85891c8e8674d72d0416119146897af79748e5d40,proven_maximal,maximize_sum_testing_e_values_at_maximum_cardinality,proven_optimal,16432.54069037018,2.0956478960506315,7841.269862813426,0,0,11,,,33;43;46;47;49;53;77;111;125;149;186,0,0,11,0,0,0,0.0,0.0,0.55,0.0,0.0,0.0,0,11,0.30161650013178587,7,7,243,45,11,,method1_proportional_scores_gamma1,unrestricted_maximum_cardinality_then_maximum_testing_evalue_sum,200,0,2,exact_fixed_count_order_statistics,300.0,1,False
52,63ea3507de2d56aa6ab8135dac0bf7598d4d04f7420bbe7565b94143e72a114a,proven_maximal,maximize_sum_testing_e_values_at_maximum_cardinality,proven_optimal,1173.8351704990018,2.9778112444879006,394.1939478776024,0,0,8,,,7;8;71;110;116;125;148;165,0,0,8,0,0,0,0.0,0.0,0.4,0.0,0.0,0.0,0,8,0.3333036999683827,5,5,246,46,8,,method1_proportional_scores_gamma1,unrestricted_maximum_cardinality_then_maximum_testing_evalue_sum,200,0,0,exact_fixed_count_order_statistics,300.0,1,False
53,3681fd9ddee4d4ae5236f6fc03f374181e23539ba5e93fea1887d1ea616c8cec,proven_maximal,maximize_sum_testing_e_values_at_maximum_cardinality,proven_optimal,25539.190750133974,2.3191707198274223,11012.208170700964,0,0,11,,,0;4;17;29;37;90;93;124;132;152;175,0,0,11,0,0,0,0.0,0.0,0.55,0.0,0.0,0.0,0,11,0.3048397998791188,7,7,248,41,11,,method1_proportional_scores_gamma1,unrestricted_maximum_cardinality_then_maximum_testing_evalue_sum,200,0,5,exact_fixed_count_order_statistics,300.0,1,False
54,c5158d4c39f827d0be2e97ad223ea2c500174a5d4541b0b211e762e75ee49a0d,proven_maximal,maximize_sum_testing_e_values_at_maximum_cardinality,proven_optimal,184704.3175235731,2.0965074596828543,88100.95889261177,0,0,12,,,32;38;79;86;90;99;103;136;143;144;162;195,0,0,12,0,0,0,0.0,0.0,0.6,0.0,0.0,0.0,0,12,0.31707760016433895,7,7,246,45,12,,method1_proportional_scores_gamma1,unrestricted_maximum_cardinality_then_maximum_testing_evalue_sum,200,0,6,exact_fixed_count_order_statistics,300.0,1,False
55,dbc888e8261773a940b163c932a6e6f806dc1d6b86d8f8ea13771ba6061ecc95,proven_maximal,maximize_sum_testing_e_values_at_maximum_cardinality,proven_optimal,22922.034067679746,2.008882438467478,11410.341207007785,0,0,10,,,31;40;65;99;109;126;135;159;194;195,0,0,10,0,0,0,0.0,0.0,0.5,0.0,0.0,0.0,0,10,0.2796050999313593,4,4,233,37,10,,method1_proportional_scores_gamma1,unrestricted_maximum_cardinality_then_maximum_testing_evalue_sum,200,0,3,exact_fixed_count_order_statistics,300.0,1,False
56,c81a6bf3e63723d4990ec3c8c8108dabaf7cc2121235cc1c31cb55bb11baded2,proven_maximal,maximize_sum_testing_e_values_at_maximum_cardinality,proven_optimal,16612.31357981811,3.0211825230364204,5498.613027564455,0,0,7,,,27;68;93;115;144;158;186,0,0,7,0,0,0,0.0,0.0,0.35,0.0,0.0,0.0,0,7,0.42853459995239973,7,6,238,37,7,,method1_proportional_scores_gamma1,unrestricted_maximum_cardinality_then_maximum_testing_evalue_sum,200,0,5,exact_fixed_count_order_statistics,300.0,1,False
57,6bc926a67679d7ce952d0045fb3dd38b70e703d74a65450ffc3ef57e6c5b3c12,proven_maximal,maximize_sum_testing_e_values_at_maximum_cardinality,proven_optimal,2644.4202782905604,1.9761970613176603,1338.1359228048602,0,0,5,,,21;29;73;150;183,0,0,5,0,0,0,0.0,0.0,0.25,0.0,0.0,0.0,0,5,0.7028256000485271,10,7,242,40,5,,method1_proportional_scores_gamma1,unrestricted_maximum_cardinality_then_maximum_testing_evalue_sum,200,0,0,exact_fixed_count_order_statistics,300.0,1,False
58,c8ef587f11cb66b8f3305c3a9b3677e8b76423e81da0716bb30411fb11d99ce5,proven_maximal,maximize_sum_testing_e_values_at_maximum_cardinality,proven_optimal,35685.149809618466,1.074225393562385,33219.42492094521,0,0,2,,,126;131,0,0,2,0,0,0,0.0,0.0,0.1,0.0,0.0,0.0,0,2,0.5555649998132139,6,4,248,48,2,,method1_proportional_scores_gamma1,unrestricted_maximum_cardinality_then_maximum_testing_evalue_sum,200,0,3,exact_fixed_count_order_statistics,300.0,1,False
59,16ea67f3cc46635d1e6ae970d666b59d74bb70a0474efe147471db112cfda969,proven_maximal,maximize_sum_testing_e_values_at_maximum_cardinality,proven_optimal,34125.90699229953,1.4502638476952856,23530.82650893585,0,0,14,,,80;88;91;100;109;122;123;126;145;157;165;172;174;197,0,0,14,0,0,0,0.0,0.0,0.7,0.0,0.0,0.0,0,14,0.22563460003584623,5,5,240,41,14,,method1_proportional_scores_gamma1,unrestricted_maximum_cardinality_then_maximum_testing_evalue_sum,200,0,3,exact_fixed_count_order_statistics,300.0,1,False
60,3748f09c64bb48776ea49f34ec6f8313d893a102bd0b1c70ea5b52c0e32289f8,proven_maximal,maximize_sum_testing_e_values_at_maximum_cardinality,proven_optimal,4670.4959567518845,2.295120996665392,2034.9672037063417,0,0,8,,,9;14;110;115;127;131;171;184,0,0,8,0,0,0,0.0,0.0,0.4,0.0,0.0,0.0,0,8,0.18295460008084774,3,3,237,41,8,,method1_proportional_scores_gamma1,unrestricted_maximum_cardinality_then_maximum_testing_evalue_sum,200,0,0,exact_fixed_count_order_statistics,300.0,1,False
61,f23426a19e67273960016182920b16abfbe46c4c5f31d291522cb45a6cd53e7e,proven_maximal,maximize_sum_testing_e_values_at_maximum_cardinality,proven_optimal,0.0,0.0,35342.76473261122,0,0,0,,,,0,0,0,0,0,0,0.0,0.0,0.0,0.0,0.0,0.0,0,0,0.1759230000898242,3,3,250,50,0,,method1_proportional_scores_gamma1,unrestricted_maximum_cardinality_then_maximum_testing_evalue_sum,200,0,1,exact_fixed_count_order_statistics,300.0,1,False
62,830fe38824c509129e8aac33fd9db226c563011aae8076fbcf110df65eddf8f7,proven_maximal,maximize_sum_testing_e_values_at_maximum_cardinality,proven_optimal,20804.972321548223,1.8750748528724472,11095.542287112892,0,0,13,,,42;48;61;73;74;83;87;108;132;133;138;151;172,0,0,13,0,0,0,0.0,0.0,0.65,0.0,0.0,0.0,0,13,0.21537370001897216,5,5,234,42,13,,method1_proportional_scores_gamma1,unrestricted_maximum_cardinality_then_maximum_testing_evalue_sum,200,0,7,exact_fixed_count_order_statistics,300.0,1,False
63,d0e76c2a6e3dd632e6cce3ba4d58a270028472b7ff864a4954d7bf2fbaca7d2e,proven_maximal,maximize_sum_testing_e_values_at_maximum_cardinality,proven_optimal,16393.460983354842,3.718581487665125,4408.52541156714,0,0,16,,,0;14;41;65;72;79;87;116;125;139;147;148;174;176;178;197,0,0,16,0,0,0,0.0,0.0,0.8,0.0,0.0,0.0,0,16,0.20292160008102655,4,4,235,45,16,,method1_proportional_scores_gamma1,unrestricted_maximum_cardinality_then_maximum_testing_evalue_sum,200,0,7,exact_fixed_count_order_statistics,300.0,1,False
64,8d5993caa1aa99d9b8d60274338a59d2d01cdf3666516620cb8b3b7a28196757,proven_maximal,maximize_sum_testing_e_values_at_maximum_cardinality,proven_optimal,4001.261750331609,3.077151318513733,1300.313613522335,0,0,18,,,7;10;42;47;62;92;98;105;108;122;130;134;140;159;167;187;192;193,0,0,18,0,0,0,0.0,0.0,0.9,0.0,0.0,0.0,0,18,0.18823869992047548,3,3,229,42,18,,method1_proportional_scores_gamma1,unrestricted_maximum_cardinality_then_maximum_testing_evalue_sum,200,0,0,exact_fixed_count_order_statistics,300.0,1,False
65,3967cb9e40a47fb33bd9183609f478b073e298a2c26db6e681679ce900d68cfc,proven_maximal,maximize_sum_testing_e_values_at_maximum_cardinality,proven_optimal,12252.09875279374,2.280178899915485,5373.305907377647,0,0,8,,,11;35;96;154;163;176;195;197,0,0,8,0,0,0,0.0,0.0,0.4,0.0,0.0,0.0,0,8,0.5042278999462724,9,8,256,47,8,,method1_proportional_scores_gamma1,unrestricted_maximum_cardinality_then_maximum_testing_evalue_sum,200,0,3,exact_fixed_count_order_statistics,300.0,1,False
66,e005d869966fa7cc33a0c9dee515d4137d0ffe64cb7fb3af20706a7ad9bd536e,proven_maximal,maximize_sum_testing_e_values_at_maximum_cardinality,proven_optimal,8301.859675748115,3.3803494622120764,2455.917581466692,0,0,12,,,0;11;36;65;69;108;115;124;128;132;141;184,0,0,12,0,0,0,0.0,0.0,0.6,0.0,0.0,0.0,0,12,0.25523959985002875,6,6,236,40,12,,method1_proportional_scores_gamma1,unrestricted_maximum_cardinality_then_maximum_testing_evalue_sum,200,0,3,exact_fixed_count_order_statistics,300.0,1,False
67,1a20da1dedb7a9ae3255feac87b27391c9baf9ea958903d54c214fe7837f03b7,proven_maximal,maximize_sum_testing_e_values_at_maximum_cardinality,proven_optimal,6391.059627721073,1.231722040379756,5188.719060146578,0,0,2,,,51;111,0,0,2,0,0,0,0.0,0.0,0.1,0.0,0.0,0.0,0,2,0.45750429993495345,6,5,253,53,2,,method1_proportional_scores_gamma1,unrestricted_maximum_cardinality_then_maximum_testing_evalue_sum,200,0,1,exact_fixed_count_order_statistics,300.0,1,False
68,f5dcb8d3f5b1be3decd6512cac156f7175edc14a6cd7f8da39aa452dc24637c2,proven_maximal,maximize_sum_testing_e_values_at_maximum_cardinality,proven_optimal,5144.81184945837,1.7621221440193784,2919.6681211457444,0,0,8,,,12;34;39;44;52;69;92;150,0,0,8,0,0,0,0.0,0.0,0.4,0.0,0.0,0.0,0,8,0.9611953999847174,18,16,294,53,8,,method1_proportional_scores_gamma1,unrestricted_maximum_cardinality_then_maximum_testing_evalue_sum,200,0,0,exact_fixed_count_order_statistics,300.0,1,False
69,f53f8adb4ae4423ce0ea28b9deb1aab5d81f0e9602010720a3822a17fd48d83e,proven_maximal,maximize_sum_testing_e_values_at_maximum_cardinality,proven_optimal,22135.01684087004,1.6620552125712968,13317.85892156126,0,0,9,,,9;20;46;53;66;99;115;139;148,0,0,9,0,0,0,0.0,0.0,0.45,0.0,0.0,0.0,0,9,0.5401353999041021,8,7,239,39,9,,method1_proportional_scores_gamma1,unrestricted_maximum_cardinality_then_maximum_testing_evalue_sum,200,0,4,exact_fixed_count_order_statistics,300.0,1,False
70,a5b72f3ca5f03313aadc1508793af4f23dec2da8f2bbd549217e33b02f77c00b,proven_maximal,maximize_sum_testing_e_values_at_maximum_cardinality,proven_optimal,33422.265752695406,1.4444877663509232,23137.79772405204,0,0,12,,,15;27;45;73;76;117;142;143;150;154;158;173,0,0,12,0,0,0,0.0,0.0,0.6,0.0,0.0,0.0,0,12,0.21353159984573722,5,5,234,41,12,,method1_proportional_scores_gamma1,unrestricted_maximum_cardinality_then_maximum_testing_evalue_sum,200,0,4,exact_fixed_count_order_statistics,300.0,1,False
71,d10170b39a544914c46669ff0e84f0e404f8b71e8c3c52f1d0e79a27c2799d02,proven_maximal,maximize_sum_testing_e_values_at_maximum_cardinality,proven_optimal,51790.039679108,1.413319450950173,36644.25593540768,0,0,4,,,36;70;138;176,0,0,4,0,0,0,0.0,0.0,0.2,0.0,0.0,0.0,0,4,0.5635579000227153,7,5,238,38,4,,method1_proportional_scores_gamma1,unrestricted_maximum_cardinality_then_maximum_testing_evalue_sum,200,0,5,exact_fixed_count_order_statistics,300.0,1,False
72,f15d71bd0e94a7446d7319361066e40c81e7daaa2e7698e342f6e1388cfdf975,proven_maximal,maximize_sum_testing_e_values_at_maximum_cardinality,proven_optimal,2315.0853706024,2.26852578388462,1020.5241602491516,0,0,6,,,3;91;92;120;160;196,0,0,6,0,0,0,0.0,0.0,0.3,0.0,0.0,0.0,0,6,0.6363417999818921,10,8,252,43,6,,method1_proportional_scores_gamma1,unrestricted_maximum_cardinality_then_maximum_testing_evalue_sum,200,0,0,exact_fixed_count_order_statistics,300.0,1,False
73,dcc442135346d4a4046b4e51c5cd5120300ad521afc07a56a56699149377c0cc,proven_maximal,maximize_sum_testing_e_values_at_maximum_cardinality,proven_optimal,9064.265479758493,1.8930959080515957,4788.064588385054,0,0,4,,,13;68;142;196,0,0,4,0,0,0,0.0,0.0,0.2,0.0,0.0,0.0,0,4,0.5414563999511302,8,6,243,41,4,,method1_proportional_scores_gamma1,unrestricted_maximum_cardinality_then_maximum_testing_evalue_sum,200,0,2,exact_fixed_count_order_statistics,300.0,1,False
74,cb6ac2128b121689ac38a19ff9b50cca259a16c79b3b1b9e32fb7335bde71cde,proven_maximal,maximize_sum_testing_e_values_at_maximum_cardinality,proven_optimal,7942.819644022412,2.3046983022847183,3446.35982772602,0,0,9,,,36;94;119;124;136;138;155;156;199,0,0,9,0,0,0,0.0,0.0,0.45,0.0,0.0,0.0,0,9,0.48482919996604323,8,7,255,45,9,,method1_proportional_scores_gamma1,unrestricted_maximum_cardinality_then_maximum_testing_evalue_sum,200,0,2,exact_fixed_count_order_statistics,300.0,1,False
75,5716ef65c19580ca71d32e98b1b0ab146df6c87f9a00943cf8e7a66552279a6f,proven_maximal,maximize_sum_testing_e_values_at_maximum_cardinality,proven_optimal,8982.12412876105,1.1237833519633826,7992.754219991082,0,0,5,,,16;128;140;145;189,0,0,5,0,0,0,0.0,0.0,0.25,0.0,0.0,0.0,0,5,0.499834599904716,13,12,261,41,5,,method1_proportional_scores_gamma1,unrestricted_maximum_cardinality_then_maximum_testing_evalue_sum,200,0,1,exact_fixed_count_order_statistics,300.0,1,False
76,ab64aae76c6de333f66c4a50695315f800bc5ca7f9909954c3ca004b8f542a14,proven_maximal,maximize_sum_testing_e_values_at_maximum_cardinality,proven_optimal,32060.196172978405,1.772596745668399,18086.57059273194,0,0,14,,,4;5;31;33;73;87;104;108;109;130;131;146;169;178,0,0,14,0,0,0,0.0,0.0,0.7,0.0,0.0,0.0,0,14,0.1839835001155734,4,4,219,29,14,,method1_proportional_scores_gamma1,unrestricted_maximum_cardinality_then_maximum_testing_evalue_sum,200,0,4,exact_fixed_count_order_statistics,300.0,1,False
77,3109be0901cc0b01c13217dd028d8a86b703cef20e466fec6cb11a8330008054,proven_maximal,maximize_sum_testing_e_values_at_maximum_cardinality,proven_optimal,9851.790770379881,2.4879434410069643,3959.812995745792,0,0,9,,,32;61;64;91;132;134;136;163;188,0,0,9,0,0,0,0.0,0.0,0.45,0.0,0.0,0.0,0,9,0.4790066001005471,9,8,256,49,9,,method1_proportional_scores_gamma1,unrestricted_maximum_cardinality_then_maximum_testing_evalue_sum,200,0,3,exact_fixed_count_order_statistics,300.0,1,False
78,8dcbc77a050fe38c96a433e990f59067dd077cf921e6718323e0d38004e602df,proven_maximal,maximize_sum_testing_e_values_at_maximum_cardinality,proven_optimal,73459.68698186302,1.443752855164767,50881.067849718296,0,0,12,,,16;18;67;73;103;126;136;150;164;166;182;190,0,0,12,0,0,0,0.0,0.0,0.6,0.0,0.0,0.0,0,12,0.39528419985435903,7,7,241,37,12,,method1_proportional_scores_gamma1,unrestricted_maximum_cardinality_then_maximum_testing_evalue_sum,200,0,7,exact_fixed_count_order_statistics,300.0,1,False
79,530000abac6fdd16ce428e13e48baa7b4019a32e79df925abc96783f25350ad9,proven_maximal,maximize_sum_testing_e_values_at_maximum_cardinality,proven_optimal,10497.11873031398,2.1953286405065806,4781.570529636842,0,0,11,,,0;11;36;53;62;93;113;121;158;176;181,0,0,10,0,0,1,0.0,0.0,0.5,0.0,0.0,0.09090909090909091,0,11,0.20737159997224808,5,5,234,37,11,,method1_proportional_scores_gamma1,unrestricted_maximum_cardinality_then_maximum_testing_evalue_sum,200,0,4,exact_fixed_count_order_statistics,300.0,1,False
80,97b7cf46060a107b0682e09558bb5c7b3a131866510dcf12061a3d4f8e56278d,proven_maximal,maximize_sum_testing_e_values_at_maximum_cardinality,proven_optimal,8453.039957753834,2.566420178290708,3293.708500758338,0,0,11,,,11;18;20;53;90;124;144;156;163;164;184,0,0,11,0,0,0,0.0,0.0,0.55,0.0,0.0,0.0,0,11,0.36406080005690455,9,9,241,33,11,,method1_proportional_scores_gamma1,unrestricted_maximum_cardinality_then_maximum_testing_evalue_sum,200,0,0,exact_fixed_count_order_statistics,300.0,1,False
81,48b64b76c236841e0671042d08acf4fe1b32d2e52b4388cec818d4fea954310f,proven_maximal,maximize_sum_testing_e_values_at_maximum_cardinality,proven_optimal,33264.41629700343,3.1622890490157984,10519.09416925576,0,0,16,,,0;17;34;36;37;77;79;127;131;137;138;144;149;163;179;197,0,0,16,0,0,0,0.0,0.0,0.8,0.0,0.0,0.0,0,16,0.2304615001194179,6,6,237,40,16,,method1_proportional_scores_gamma1,unrestricted_maximum_cardinality_then_maximum_testing_evalue_sum,200,0,6,exact_fixed_count_order_statistics,300.0,1,False
82,6503638e07eb2dfeb781b7510b7b5cbcbe09d2a5474b143ea3868b2eaa304998,proven_maximal,maximize_sum_testing_e_values_at_maximum_cardinality,proven_optimal,1065.0300389017327,2.394550613095566,444.7724065957037,0,0,8,,,12;42;53;73;104;106;119;121,0,0,8,0,0,0,0.0,0.0,0.4,0.0,0.0,0.0,0,8,0.3955777999944985,5,4,228,31,8,,method1_proportional_scores_gamma1,unrestricted_maximum_cardinality_then_maximum_testing_evalue_sum,200,0,0,exact_fixed_count_order_statistics,300.0,1,False
83,f0e2681cbe2da181956edd5a80166b641f270b1a5005e0b52e380883d6a6c5d1,proven_maximal,maximize_sum_testing_e_values_at_maximum_cardinality,proven_optimal,19421.821564167552,1.9202119851607597,10114.415342815164,0,0,7,,,79;93;101;124;158;173;178,0,0,7,0,0,0,0.0,0.0,0.35,0.0,0.0,0.0,0,7,0.5358362998813391,7,5,236,35,7,,method1_proportional_scores_gamma1,unrestricted_maximum_cardinality_then_maximum_testing_evalue_sum,200,0,5,exact_fixed_count_order_statistics,300.0,1,False
84,96808a50c9dbd4bbc53cfe0f0d04a5d4c134161953bfd8e613f75c1576d40067,proven_maximal,maximize_sum_testing_e_values_at_maximum_cardinality,proven_optimal,6901.810161486617,2.1583329412634136,3197.7504626540776,0,0,10,,,3;13;17;42;48;107;111;127;130;182,0,0,10,0,0,0,0.0,0.0,0.5,0.0,0.0,0.0,0,10,0.18457429995760322,5,5,232,32,10,,method1_proportional_scores_gamma1,unrestricted_maximum_cardinality_then_maximum_testing_evalue_sum,200,0,0,exact_fixed_count_order_statistics,300.0,1,False
85,ca98bd30ead6b3f6c007e1f6238f82255eaadacc5b1897be91c4490495d24967,proven_maximal,maximize_sum_testing_e_values_at_maximum_cardinality,proven_optimal,6011.958521244971,1.7631233824122845,3409.834264133847,0,0,12,,,10;25;71;91;107;111;147;170;175;176;189;193,0,0,12,0,0,0,0.0,0.0,0.6,0.0,0.0,0.0,0,12,0.6031589000485837,13,13,262,43,12,,method1_proportional_scores_gamma1,unrestricted_maximum_cardinality_then_maximum_testing_evalue_sum,200,0,0,exact_fixed_count_order_statistics,300.0,1,False
86,279791199a1712d265e637a515c05b0ff3aaa98ae823b3d558864e5b5b654b1b,proven_maximal,maximize_sum_testing_e_values_at_maximum_cardinality,proven_optimal,608656.3660306864,1.0126416500994095,601058.001091438,0,0,10,,,2;36;50;55;75;88;101;147;163;182,0,0,10,0,0,0,0.0,0.0,0.5,0.0,0.0,0.0,0,10,0.2137654998805374,7,7,236,31,10,,method1_proportional_scores_gamma1,unrestricted_maximum_cardinality_then_maximum_testing_evalue_sum,200,0,3,exact_fixed_count_order_statistics,300.0,1,False
87,24d27cc809bdf0053eddd42db10bf10f6a2f98147e7263c8558d4cbb010799bf,proven_maximal,maximize_sum_testing_e_values_at_maximum_cardinality,proven_optimal,6969.576935131177,3.3088122030395914,2106.368239553964,0,0,8,,,27;57;64;85;120;144;174;194,0,0,8,0,0,0,0.0,0.0,0.4,0.0,0.0,0.0,0,8,0.5695740000810474,10,8,247,45,8,,method1_proportional_scores_gamma1,unrestricted_maximum_cardinality_then_maximum_testing_evalue_sum,200,0,5,exact_fixed_count_order_statistics,300.0,1,False
88,c74fb90181bc8f85975364021a1cdceeb6947be27e0db05e19a60b99aeabb1c3,proven_maximal,maximize_sum_testing_e_values_at_maximum_cardinality,proven_optimal,18343.85669606699,2.2828227187292596,8035.602828711181,0,0,12,,,41;44;52;64;76;93;104;114;130;133;141;189,0,0,12,0,0,0,0.0,0.0,0.6,0.0,0.0,0.0,0,12,0.16816819994710386,4,4,225,32,12,,method1_proportional_scores_gamma1,unrestricted_maximum_cardinality_then_maximum_testing_evalue_sum,200,0,5,exact_fixed_count_order_statistics,300.0,1,False
89,b2e959dd7b4fa6aef1d3dba4e28a695e276e2fb3ba5fbb9dc511bfe7fab73a92,proven_maximal,maximize_sum_testing_e_values_at_maximum_cardinality,proven_optimal,17187.694920222762,2.3351118541051648,7360.544588048968,0,0,8,,,7;74;81;82;95;101;125;197,0,0,7,0,0,1,0.0,0.0,0.35,0.0,0.0,0.125,0,8,0.4585567000322044,6,5,236,35,8,,method1_proportional_scores_gamma1,unrestricted_maximum_cardinality_then_maximum_testing_evalue_sum,200,0,2,exact_fixed_count_order_statistics,300.0,1,False
90,70b845ef17f22599dac027a4aba86822fb0f92bf4bae9ab266878babf9d24732,proven_maximal,maximize_sum_testing_e_values_at_maximum_cardinality,proven_optimal,146597.14252165623,1.0278778928612282,142621.1649650179,0,0,14,,,3;32;38;40;46;65;90;96;108;117;173;182;184;199,0,0,14,0,0,0,0.0,0.0,0.7,0.0,0.0,0.0,0,14,0.5040027999784797,12,12,265,57,14,,method1_proportional_scores_gamma1,unrestricted_maximum_cardinality_then_maximum_testing_evalue_sum,200,0,1,exact_fixed_count_order_statistics,300.0,1,False
91,a09f0d564412496b3e6fd62f7c8a44656adb3b989d3dd88df7c8be7ebd9a84ad,proven_maximal,maximize_sum_testing_e_values_at_maximum_cardinality,proven_optimal,22825.674710846037,1.1431431540205617,19967.468318001644,0,0,4,,,103;162;171;190,0,0,4,0,0,0,0.0,0.0,0.2,0.0,0.0,0.0,0,4,0.5206915000453591,14,13,254,41,4,,method1_proportional_scores_gamma1,unrestricted_maximum_cardinality_then_maximum_testing_evalue_sum,200,0,2,exact_fixed_count_order_statistics,300.0,1,False
92,9bda3e8939350db250ec2d99d3533913c06af9193da9a45a5a83d8b8ba50920f,proven_maximal,maximize_sum_testing_e_values_at_maximum_cardinality,proven_optimal,11751.832743876366,1.148492626332484,10232.397208682,0,0,12,,,10;13;39;45;52;67;119;149;170;173;181;190,0,0,12,0,0,0,0.0,0.0,0.6,0.0,0.0,0.0,0,12,0.35754969995468855,9,9,269,46,12,,method1_proportional_scores_gamma1,unrestricted_maximum_cardinality_then_maximum_testing_evalue_sum,200,0,1,exact_fixed_count_order_statistics,300.0,1,False
93,65a56145fd9a14a36a64f2925dffd6d654fb6afd4b8502079a9ed46a86524c0f,proven_maximal,maximize_sum_testing_e_values_at_maximum_cardinality,proven_optimal,7621.608973134952,1.575841399569728,4836.533026239808,0,0,10,,,29;55;69;107;129;130;155;178;184;196,0,0,10,0,0,0,0.0,0.0,0.5,0.0,0.0,0.0,0,10,0.320247899973765,6,6,248,48,10,,method1_proportional_scores_gamma1,unrestricted_maximum_cardinality_then_maximum_testing_evalue_sum,200,0,1,exact_fixed_count_order_statistics,300.0,1,False
94,55282b1bec53b3d67cf9783cc8ef623a207f6bcdd942e44b4d55d61f7a0a8afa,proven_maximal,maximize_sum_testing_e_values_at_maximum_cardinality,proven_optimal,44034.86956130727,1.0429555674091446,42221.232559979886,0,0,10,,,17;32;39;88;97;106;113;130;166;185,0,0,10,0,0,0,0.0,0.0,0.5,0.0,0.0,0.0,0,10,0.3325344000477344,6,6,239,40,10,,method1_proportional_scores_gamma1,unrestricted_maximum_cardinality_then_maximum_testing_evalue_sum,200,0,1,exact_fixed_count_order_statistics,300.0,1,False
95,e9b9f077bceb5694ae4ee8ee4df2e554d6da5eedc85bad7029cd811ef3a5c7d8,proven_maximal,maximize_sum_testing_e_values_at_maximum_cardinality,proven_optimal,6824.586990784308,1.9703824346940546,3463.5849724492573,0,0,7,,,26;41;108;111;126;156;199,0,0,7,0,0,0,0.0,0.0,0.35,0.0,0.0,0.0,0,7,0.5804892999585718,6,4,241,43,7,,method1_proportional_scores_gamma1,unrestricted_maximum_cardinality_then_maximum_testing_evalue_sum,200,0,0,exact_fixed_count_order_statistics,300.0,1,False
96,8764539284657a942c2cf31b5d5c5537e360034befc2dd8b760df1639e504fdd,proven_maximal,maximize_sum_testing_e_values_at_maximum_cardinality,proven_optimal,44314.36782832682,1.3121440776213948,33772.48625673655,0,0,11,,,55;89;126;130;137;143;152;155;156;172;186,0,0,11,0,0,0,0.0,0.0,0.55,0.0,0.0,0.0,0,11,0.5724865000229329,14,14,260,35,11,,method1_proportional_scores_gamma1,unrestricted_maximum_cardinality_then_maximum_testing_evalue_sum,200,0,6,exact_fixed_count_order_statistics,300.0,1,False
97,63bddf9450f34512e496eb7af066b0b653a0f22e6ea20bee7ef0d2a710be9831,proven_maximal,maximize_sum_testing_e_values_at_maximum_cardinality,proven_optimal,15204.71873893055,3.567879325321172,4261.556334325253,0,0,12,,,9;73;103;112;131;142;154;166;167;174;181;185,0,0,12,0,0,0,0.0,0.0,0.6,0.0,0.0,0.0,0,12,0.239975499920547,3,3,245,52,12,,method1_proportional_scores_gamma1,unrestricted_maximum_cardinality_then_maximum_testing_evalue_sum,200,0,5,exact_fixed_count_order_statistics,300.0,1,False
98,9f57a1f5a660418ad0de1f7af5652429615052c23cf581c9b0d58a0e59296c7c,proven_maximal,maximize_sum_testing_e_values_at_maximum_cardinality,proven_optimal,20161.425476965855,1.3131083062618372,15353.969951162288,0,0,12,,,4;19;21;34;51;134;140;143;183;184;192;193,0,0,12,0,0,0,0.0,0.0,0.6,0.0,0.0,0.0,0,12,0.2875848999246955,7,7,242,40,12,,method1_proportional_scores_gamma1,unrestricted_maximum_cardinality_then_maximum_testing_evalue_sum,200,0,3,exact_fixed_count_order_statistics,300.0,1,False
99,84332ad1986aef3d4f5535fca8f3bb05e06d70d5011f1fe9150d090442f9df97,proven_maximal,maximize_sum_testing_e_values_at_maximum_cardinality,proven_optimal,11579.243989902181,1.7150711250180244,6751.4657678004405,0,0,11,,,0;8;11;23;36;37;81;90;149;158;195,0,0,10,0,0,1,0.0,0.0,0.5,0.0,0.0,0.09090909090909091,0,11,0.27925170003436506,7,7,249,41,11,,method1_proportional_scores_gamma1,unrestricted_maximum_cardinality_then_maximum_testing_evalue_sum,200,0,4,exact_fixed_count_order_statistics,300.0,1,False
100,930c0cca7c51e0ccf1cfed2742369dc37fa20414ce6a8d62530e303a69018984,proven_maximal,maximize_sum_testing_e_values_at_maximum_cardinality,proven_optimal,150598.3820281244,1.0401193022212372,144789.52722684073,0,0,11,,,0;50;59;64;66;73;81;114;121;151;168,0,0,11,0,0,0,0.0,0.0,0.55,0.0,0.0,0.0,0,11,0.4274484000634402,12,12,248,38,11,,method1_proportional_scores_gamma1,unrestricted_maximum_cardinality_then_maximum_testing_evalue_sum,200,0,5,exact_fixed_count_order_statistics,300.0,1,False
101,3ba17c1fbaecdb56c9855f5c887814204cb5e0b99593d7eeacad9e5a02a95bdc,proven_maximal,maximize_sum_testing_e_values_at_maximum_cardinality,proven_optimal,27960.318203616516,1.1882983140349033,23529.712929303416,0,0,5,,,4;45;66;132;194,0,0,5,0,0,0,0.0,0.0,0.25,0.0,0.0,0.0,0,5,0.8337620000820607,11,7,252,46,5,,method1_proportional_scores_gamma1,unrestricted_maximum_cardinality_then_maximum_testing_evalue_sum,200,0,2,exact_fixed_count_order_statistics,300.0,1,False
102,6ac8cbe31ac64b6b5d7ba0b0546d24151c85d836b268abfe9b2374b399dc3e53,proven_maximal,maximize_sum_testing_e_values_at_maximum_cardinality,proven_optimal,270191.2236576214,1.141615673955812,236674.4166374152,0,0,8,,,26;28;49;57;109;157;158;181,0,0,8,0,0,0,0.0,0.0,0.4,0.0,0.0,0.0,0,8,0.6510330999735743,12,11,268,43,8,,method1_proportional_scores_gamma1,unrestricted_maximum_cardinality_then_maximum_testing_evalue_sum,200,0,7,exact_fixed_count_order_statistics,300.0,1,False
103,48dc8e0920a9f0c8313c123c4933e0738af45fad68e460609c2d6ec053277245,proven_maximal,maximize_sum_testing_e_values_at_maximum_cardinality,proven_optimal,4932.921164348451,1.9347732788620358,2549.6119975617084,0,0,14,,,9;25;26;28;30;32;51;53;97;108;160;170;172;191,0,0,13,0,0,1,0.0,0.0,0.65,0.0,0.0,0.07142857142857142,0,14,0.5915741000790149,9,9,279,53,14,,method1_proportional_scores_gamma1,unrestricted_maximum_cardinality_then_maximum_testing_evalue_sum,200,0,0,exact_fixed_count_order_statistics,300.0,1,False
104,c3d439e1c2d93d4c1ac4b46eb4a011c98f96537e562536f0f18049d1096b88fc,proven_maximal,maximize_sum_testing_e_values_at_maximum_cardinality,proven_optimal,44511.60980353847,1.2346637136022003,36051.60604718298,0,0,15,,,9;11;21;22;50;56;63;76;95;111;146;160;162;174;190,0,0,15,0,0,0,0.0,0.0,0.75,0.0,0.0,0.0,0,15,0.318227699957788,9,9,262,48,15,,method1_proportional_scores_gamma1,unrestricted_maximum_cardinality_then_maximum_testing_evalue_sum,200,0,2,exact_fixed_count_order_statistics,300.0,1,False
105,8ba9906827d29e2bcfa88d750b01618bcea7bd6d0c0d83da5540b081ba6b72cb,proven_maximal,maximize_sum_testing_e_values_at_maximum_cardinality,proven_optimal,135399.57523633572,1.165439561826561,116178.97630326512,0,0,12,,,43;51;95;97;102;125;126;161;163;174;182;187,0,0,12,0,0,0,0.0,0.0,0.6,0.0,0.0,0.0,0,12,0.21537459990940988,5,5,231,38,12,,method1_proportional_scores_gamma1,unrestricted_maximum_cardinality_then_maximum_testing_evalue_sum,200,0,6,exact_fixed_count_order_statistics,300.0,1,False
106,3ce39107a6f0508192f3ec8c2b922bd7a076ff0cb94cff19819035d5a458e742,proven_maximal,maximize_sum_testing_e_values_at_maximum_cardinality,proven_optimal,47794.9126740511,1.0628402374230255,44969.04707892428,0,0,9,,,14;39;75;87;150;167;186;191;195,0,0,9,0,0,0,0.0,0.0,0.45,0.0,0.0,0.0,0,9,0.5723941000178456,9,8,253,45,9,,method1_proportional_scores_gamma1,unrestricted_maximum_cardinality_then_maximum_testing_evalue_sum,200,0,1,exact_fixed_count_order_statistics,300.0,1,False
107,756fc9374d14a09905e98f073cf5d2a6ef4b16499480bf208c282aa15d13a6bf,proven_maximal,maximize_sum_testing_e_values_at_maximum_cardinality,proven_optimal,6662.489723969089,1.9986652177365172,3333.469590026858,0,0,8,,,12;21;83;94;111;149;150;160,0,0,8,0,0,0,0.0,0.0,0.4,0.0,0.0,0.0,0,8,0.4525627000257373,6,5,243,45,8,,method1_proportional_scores_gamma1,unrestricted_maximum_cardinality_then_maximum_testing_evalue_sum,200,0,0,exact_fixed_count_order_statistics,300.0,1,False
108,128562c012bba02ee04265e4174bd8c4572881f9ea273b115d4ce0cff9f542e5,proven_maximal,maximize_sum_testing_e_values_at_maximum_cardinality,proven_optimal,27208.030978437644,2.504048063572897,10865.618505587272,0,0,9,,,9;21;32;50;80;147;154;191;196,0,0,9,0,0,0,0.0,0.0,0.45,0.0,0.0,0.0,0,9,0.5542639000341296,8,7,248,49,9,,method1_proportional_scores_gamma1,unrestricted_maximum_cardinality_then_maximum_testing_evalue_sum,200,0,7,exact_fixed_count_order_statistics,300.0,1,False
109,eb9f6ecf905d70934aee66433e1e4cda5fb76253f3f93013d8bb0ff67caef036,proven_maximal,maximize_sum_testing_e_values_at_maximum_cardinality,proven_optimal,22972.6683676335,2.2001012174615693,10441.641586898846,0,0,10,,,8;15;30;33;84;92;99;114;134;194,0,0,10,0,0,0,0.0,0.0,0.5,0.0,0.0,0.0,0,10,0.18676869990304112,4,4,230,35,10,,method1_proportional_scores_gamma1,unrestricted_maximum_cardinality_then_maximum_testing_evalue_sum,200,0,7,exact_fixed_count_order_statistics,300.0,1,False
110,8b6182fd8a2197b02b9bf3a9e2febb64cce48415a51a6c6ae7d675920aaf4aee,proven_maximal,maximize_sum_testing_e_values_at_maximum_cardinality,proven_optimal,29542.712292636243,1.9289617730458282,15315.343572614369,0,0,10,,,2;23;58;74;82;108;112;139;158;195,0,0,10,0,0,0,0.0,0.0,0.5,0.0,0.0,0.0,0,10,0.32514650002121925,5,5,247,51,10,,method1_proportional_scores_gamma1,unrestricted_maximum_cardinality_then_maximum_testing_evalue_sum,200,0,3,exact_fixed_count_order_statistics,300.0,1,False
111,5865fb8680a5f4dec03c37a571e788652a470d6b5525a05327d969fece0bcc2e,proven_maximal,maximize_sum_testing_e_values_at_maximum_cardinality,proven_optimal,46357.74968616209,1.3238540182501077,35017.26704537902,0,0,11,,,8;16;65;89;130;137;146;149;153;177;189,0,0,10,0,0,1,0.0,0.0,0.5,0.0,0.0,0.09090909090909091,0,11,0.38605019985698164,11,11,249,33,11,,method1_proportional_scores_gamma1,unrestricted_maximum_cardinality_then_maximum_testing_evalue_sum,200,0,3,exact_fixed_count_order_statistics,300.0,1,False
112,99fdd858f74b3cfaa68297ea3ed8158fbf5854838e9685453884c41899f86196,proven_maximal,maximize_sum_testing_e_values_at_maximum_cardinality,proven_optimal,250967.28091989778,1.2251278466850055,204849.8706473565,0,0,8,,,10;36;65;106;139;152;162;165,0,0,8,0,0,0,0.0,0.0,0.4,0.0,0.0,0.0,0,8,0.4102415998931974,5,4,238,45,8,,method1_proportional_scores_gamma1,unrestricted_maximum_cardinality_then_maximum_testing_evalue_sum,200,0,7,exact_fixed_count_order_statistics,300.0,1,False
113,2a0d97cf7f9f21511467022dd8bfe084d0d6912c755f0670a80a8d26b14d0f82,proven_maximal,maximize_sum_testing_e_values_at_maximum_cardinality,proven_optimal,58323.92147916889,2.5051642955342306,23281.4756234306,0,0,15,,,4;7;16;17;21;31;37;42;106;109;116;120;125;154;170,0,0,15,0,0,0,0.0,0.0,0.75,0.0,0.0,0.0,0,15,0.23864819994196296,5,5,227,38,15,,method1_proportional_scores_gamma1,unrestricted_maximum_cardinality_then_maximum_testing_evalue_sum,200,0,7,exact_fixed_count_order_statistics,300.0,1,False
114,e14e389c8415dfa99f174dacbf8fd004756a660d3b44f1d7e9fe81b72da02253,proven_maximal,maximize_sum_testing_e_values_at_maximum_cardinality,proven_optimal,83126.29666202936,1.071539020543247,77576.54650773814,0,0,11,,,16;18;35;54;57;85;92;142;165;168;177,0,0,10,0,0,1,0.0,0.0,0.5,0.0,0.0,0.09090909090909091,0,11,0.28320689988322556,7,7,260,54,11,,method1_proportional_scores_gamma1,unrestricted_maximum_cardinality_then_maximum_testing_evalue_sum,200,0,4,exact_fixed_count_order_statistics,300.0,1,False
115,e55493950f87dd44b5b89d59922186c05db405b73670082d6aaa6beaf72ecf7e,proven_maximal,maximize_sum_testing_e_values_at_maximum_cardinality,proven_optimal,173201.38749508042,1.1063124241493631,156557.39166832002,0,0,13,,,20;21;35;49;78;110;111;115;122;160;171;178;194,0,0,13,0,0,0,0.0,0.0,0.65,0.0,0.0,0.0,0,13,0.19794069998897612,4,4,230,39,13,,method1_proportional_scores_gamma1,unrestricted_maximum_cardinality_then_maximum_testing_evalue_sum,200,0,6,exact_fixed_count_order_statistics,300.0,1,False
116,ab5b01cf6f69867163056a02724d3a90bc1e43d837dd3ac6e3423fd502827835,proven_maximal,maximize_sum_testing_e_values_at_maximum_cardinality,proven_optimal,30594.396087461944,1.8061310261423547,16939.189706965684,0,0,10,,,5;11;109;112;117;119;145;152;155;199,0,0,10,0,0,0,0.0,0.0,0.5,0.0,0.0,0.0,0,10,0.25901419995352626,7,7,241,38,10,,method1_proportional_scores_gamma1,unrestricted_maximum_cardinality_then_maximum_testing_evalue_sum,200,0,9,exact_fixed_count_order_statistics,300.0,1,False
117,bdb9a786613c0444725b7e5aaa89a7a1d552a5b8779bd51bd0b73697bd3b8c3e,proven_maximal,maximize_sum_testing_e_values_at_maximum_cardinality,proven_optimal,164307.23238388204,1.1432862048440278,143714.87357034767,0,0,11,,,10;50;56;100;102;110;134;139;151;167;189,0,0,11,0,0,0,0.0,0.0,0.55,0.0,0.0,0.0,0,11,0.15965680009685457,3,3,236,42,11,,method1_proportional_scores_gamma1,unrestricted_maximum_cardinality_then_maximum_testing_evalue_sum,200,0,3,exact_fixed_count_order_statistics,300.0,1,False
118,fb3e4f13d89d5a250f844fb248c1ca8424d346122cf0a503f56757eb1a5a0951,proven_maximal,maximize_sum_testing_e_values_at_maximum_cardinality,proven_optimal,5739.668429118524,3.1334789593211756,1831.7239412266367,0,0,11,,,1;8;50;52;105;126;133;165;180;193;198,0,0,11,0,0,0,0.0,0.0,0.55,0.0,0.0,0.0,0,11,0.21206560009159148,4,4,251,56,11,,method1_proportional_scores_gamma1,unrestricted_maximum_cardinality_then_maximum_testing_evalue_sum,200,0,0,exact_fixed_count_order_statistics,300.0,1,False
119,7ed14e77c0d691d9e9f692a570dc779ef824b18a71b193413f56247305d2a962,proven_maximal,maximize_sum_testing_e_values_at_maximum_cardinality,proven_optimal,13277.557869091752,1.863599320769037,7124.684861772007,0,0,8,,,17;34;80;82;141;158;164;180,0,0,8,0,0,0,0.0,0.0,0.4,0.0,0.0,0.0,0,8,0.2007482999470085,4,4,243,47,8,,method1_proportional_scores_gamma1,unrestricted_maximum_cardinality_then_maximum_testing_evalue_sum,200,0,3,exact_fixed_count_order_statistics,300.0,1,False
120,f974148ec1ee88b1036d298f66ef8d30730fb222d9171fbcbbaa954b51eb45d1,proven_maximal,maximize_sum_testing_e_values_at_maximum_cardinality,proven_optimal,26150.6374148625,1.6449734722855096,15897.300385354583,0,0,15,,,23;53;62;80;84;117;118;159;167;171;180;181;182;191;194,0,0,15,0,0,0,0.0,0.0,0.75,0.0,0.0,0.0,0,15,0.3020560999866575,9,9,243,40,15,,method1_proportional_scores_gamma1,unrestricted_maximum_cardinality_then_maximum_testing_evalue_sum,200,0,4,exact_fixed_count_order_statistics,300.0,1,False
121,c7ffc57c77046f52143566ab38d6576a2c772d300adf9987f116a270b6268015,proven_maximal,maximize_sum_testing_e_values_at_maximum_cardinality,proven_optimal,29501.853748146197,1.1615155778669302,25399.44733442576,0,0,8,,,14;29;33;60;79;124;162;199,0,0,8,0,0,0,0.0,0.0,0.4,0.0,0.0,0.0,0,8,0.4596917999442667,6,5,237,39,8,,method1_proportional_scores_gamma1,unrestricted_maximum_cardinality_then_maximum_testing_evalue_sum,200,0,2,exact_fixed_count_order_statistics,300.0,1,False
122,cfd7c2e6721960b44721e2ced2e435164fd46f624f06730980f3573647823e29,proven_maximal,maximize_sum_testing_e_values_at_maximum_cardinality,proven_optimal,3124.981238332754,1.0640811275903999,2936.788518568354,0,0,11,,,2;35;46;47;55;94;116;164;172;178;192,0,0,11,0,0,0,0.0,0.0,0.55,0.0,0.0,0.0,0,11,0.3360763001255691,7,7,250,39,11,,method1_proportional_scores_gamma1,unrestricted_maximum_cardinality_then_maximum_testing_evalue_sum,200,0,0,exact_fixed_count_order_statistics,300.0,1,False
123,4164a54b85705266b762abab8541fde2bbebd453bcb6c12619233e8e9ae69442,proven_maximal,maximize_sum_testing_e_values_at_maximum_cardinality,proven_optimal,28893.868958050207,1.5388619703245845,18776.12775885011,0,0,13,,,5;71;100;102;108;111;127;128;131;143;153;180;198,0,0,13,0,0,0,0.0,0.0,0.65,0.0,0.0,0.0,0,13,0.37000130000524223,9,9,268,49,13,,method1_proportional_scores_gamma1,unrestricted_maximum_cardinality_then_maximum_testing_evalue_sum,200,0,8,exact_fixed_count_order_statistics,300.0,1,False
124,f3053ee7f25b502b9810da350dac25c0f21bd4f3ae22234495b8c7be50d24013,proven_maximal,maximize_sum_testing_e_values_at_maximum_cardinality,proven_optimal,21381.19442398879,2.0865302440234874,10247.248744767348,0,0,10,,,3;4;20;21;32;45;92;123;158;160,0,0,10,0,0,0,0.0,0.0,0.5,0.0,0.0,0.0,0,10,0.24700520001351833,5,5,233,36,10,,method1_proportional_scores_gamma1,unrestricted_maximum_cardinality_then_maximum_testing_evalue_sum,200,0,5,exact_fixed_count_order_statistics,300.0,1,False
125,e48c4137c2394eec737d8ee12569c245d04e88d767bb73a7096eb457233ee341,proven_maximal,maximize_sum_testing_e_values_at_maximum_cardinality,proven_optimal,14577.65011210788,1.1183704100606424,13034.724435634364,0,0,8,,,42;52;73;136;143;149;177;196,0,0,8,0,0,0,0.0,0.0,0.4,0.0,0.0,0.0,0,8,0.5638685000594705,8,6,235,33,8,,method1_proportional_scores_gamma1,unrestricted_maximum_cardinality_then_maximum_testing_evalue_sum,200,0,1,exact_fixed_count_order_statistics,300.0,1,False
126,f9834b84ba808f5c9100f65c6efa074fd892417d5d43d0d1ec57eb41026301d1,proven_maximal,maximize_sum_testing_e_values_at_maximum_cardinality,proven_optimal,57988.224644341455,1.1423349362134443,50762.89169318236,0,0,11,,,8;16;21;37;46;71;81;94;105;155;171,0,0,11,0,0,0,0.0,0.0,0.55,0.0,0.0,0.0,0,11,0.20648520020768046,4,4,233,41,11,,method1_proportional_scores_gamma1,unrestricted_maximum_cardinality_then_maximum_testing_evalue_sum,200,0,6,exact_fixed_count_order_statistics,300.0,1,False
127,c03a036cc1046b8d71cad4556fe4a6cba8616eaeaeafc81e03c3ebccb7444f08,proven_maximal,maximize_sum_testing_e_values_at_maximum_cardinality,proven_optimal,690791.1643508325,1.0584515679201822,652643.1489994496,0,0,16,,,22;48;75;80;94;116;119;121;133;147;154;158;160;167;186;193,0,0,16,0,0,0,0.0,0.0,0.8,0.0,0.0,0.0,0,16,0.48795840004459023,9,9,246,51,16,,method1_proportional_scores_gamma1,unrestricted_maximum_cardinality_then_maximum_testing_evalue_sum,200,0,9,exact_fixed_count_order_statistics,300.0,1,False
128,5031232d785b6b9fe62467bca3954b522c65322cd0fcf0a91aac010df14d6e53,proven_maximal,maximize_sum_testing_e_values_at_maximum_cardinality,proven_optimal,4643.15324882591,2.149923605402865,2159.682900898169,0,0,7,,,61;128;157;166;171;194;195,0,0,7,0,0,0,0.0,0.0,0.35,0.0,0.0,0.0,0,7,0.4669590999837965,6,5,244,42,7,,method1_proportional_scores_gamma1,unrestricted_maximum_cardinality_then_maximum_testing_evalue_sum,200,0,0,exact_fixed_count_order_statistics,300.0,1,False
129,62ff4f123748153d688122d445e8d57ffc0d4458040fa209be2605eb4afe8106,proven_maximal,maximize_sum_testing_e_values_at_maximum_cardinality,proven_optimal,18608.992549367777,2.7342960371041385,6805.770954148896,0,0,12,,,18;67;69;84;101;113;115;120;143;155;165;195,0,0,12,0,0,0,0.0,0.0,0.6,0.0,0.0,0.0,0,12,0.48087510000914335,12,12,265,46,12,,method1_proportional_scores_gamma1,unrestricted_maximum_cardinality_then_maximum_testing_evalue_sum,200,0,4,exact_fixed_count_order_statistics,300.0,1,False
130,c0cbc83dd0d610e3fcf0ba8470e873131d5645840be745edc5c9a95b50120927,proven_maximal,maximize_sum_testing_e_values_at_maximum_cardinality,proven_optimal,47693.402751100315,1.4347355232362713,33241.947368474124,0,0,7,,,5;59;103;142;172;176;180,0,0,7,0,0,0,0.0,0.0,0.35,0.0,0.0,0.0,0,7,0.43152500013820827,5,4,242,46,7,,method1_proportional_scores_gamma1,unrestricted_maximum_cardinality_then_maximum_testing_evalue_sum,200,0,6,exact_fixed_count_order_statistics,300.0,1,False
131,460ea2f8d302cb6a9b938dbd830874fa261aafde1153768fca93104280bfdb3e,proven_maximal,maximize_sum_testing_e_values_at_maximum_cardinality,proven_optimal,3331.3321406178525,2.2873470733362193,1456.4174276179804,0,0,10,,,30;37;56;64;109;110;118;156;182;196,0,0,10,0,0,0,0.0,0.0,0.5,0.0,0.0,0.0,0,10,0.37454339978285134,7,7,251,40,10,,method1_proportional_scores_gamma1,unrestricted_maximum_cardinality_then_maximum_testing_evalue_sum,200,0,0,exact_fixed_count_order_statistics,300.0,1,False
132,c2986589768dae124266485854bbbdc1f01f56bc2941579d23eecf92744f3d6a,proven_maximal,maximize_sum_testing_e_values_at_maximum_cardinality,proven_optimal,32399.994190700036,1.0935851322527708,29627.31774156117,0,0,10,,,41;53;98;142;145;146;159;160;189;199,0,0,9,0,0,1,0.0,0.0,0.45,0.0,0.0,0.1,0,10,0.2479034001007676,6,6,252,42,10,,method1_proportional_scores_gamma1,unrestricted_maximum_cardinality_then_maximum_testing_evalue_sum,200,0,1,exact_fixed_count_order_statistics,300.0,1,False
133,dcf612628f5b0b9c712e4be152ab619caf10ff7cc87953699ab1d26ae2c2d021,proven_maximal,maximize_sum_testing_e_values_at_maximum_cardinality,proven_optimal,97859.06989669087,1.3248065768799007,73866.68484629829,0,0,10,,,17;83;93;112;113;132;134;137;171;174,0,0,10,0,0,0,0.0,0.0,0.5,0.0,0.0,0.0,0,10,0.17927459999918938,4,4,231,39,10,,method1_proportional_scores_gamma1,unrestricted_maximum_cardinality_then_maximum_testing_evalue_sum,200,0,9,exact_fixed_count_order_statistics,300.0,1,False
134,e9820a1e829feda92435ce1126a2e1c2783a0c779b2aa96503f696ef476dae13,proven_maximal,maximize_sum_testing_e_values_at_maximum_cardinality,proven_optimal,16041.513046675105,2.4025145705079956,6676.968058213789,0,0,8,,,22;35;38;46;87;89;101;181,0,0,8,0,0,0,0.0,0.0,0.4,0.0,0.0,0.0,0,8,0.4597406000830233,5,4,239,43,8,,method1_proportional_scores_gamma1,unrestricted_maximum_cardinality_then_maximum_testing_evalue_sum,200,0,3,exact_fixed_count_order_statistics,300.0,1,False
135,c93c81e7493f9e92c4c3b4dd85c07097c9564d63aaede578ac52fae7f6ccd221,proven_maximal,maximize_sum_testing_e_values_at_maximum_cardinality,proven_optimal,6540.79436795675,2.4418534406381425,2678.6187324360503,0,0,11,,,5;12;49;53;66;80;86;94;108;132;172,0,0,11,0,0,0,0.0,0.0,0.55,0.0,0.0,0.0,0,11,0.1908428999595344,4,4,233,39,11,,method1_proportional_scores_gamma1,unrestricted_maximum_cardinality_then_maximum_testing_evalue_sum,200,0,0,exact_fixed_count_order_statistics,300.0,1,False
136,022ad4785c88f22399b3316649dac2d91c3b18d6f906e9493424a2234841c21e,proven_maximal,maximize_sum_testing_e_values_at_maximum_cardinality,proven_optimal,13260.864730003173,1.5719761453733294,8435.792597128657,0,0,5,,,31;66;94;100;148,0,0,5,0,0,0,0.0,0.0,0.25,0.0,0.0,0.0,0,5,0.6124422999564558,10,8,258,52,5,,method1_proportional_scores_gamma1,unrestricted_maximum_cardinality_then_maximum_testing_evalue_sum,200,0,2,exact_fixed_count_order_statistics,300.0,1,False
137,89c44637c4915e070f9ac6b1cd1282b599d4be84e994beb4193b125d01b19ffa,proven_maximal,maximize_sum_testing_e_values_at_maximum_cardinality,proven_optimal,26072.15685702486,1.8730043741900597,13919.965813373608,0,0,13,,,22;30;49;55;80;104;108;109;168;173;191;195;199,0,0,13,0,0,0,0.0,0.0,0.65,0.0,0.0,0.0,0,13,0.22885529999621212,5,5,242,47,13,,method1_proportional_scores_gamma1,unrestricted_maximum_cardinality_then_maximum_testing_evalue_sum,200,0,6,exact_fixed_count_order_statistics,300.0,1,False
138,ded5c3e82ef4dbe2ef5d4a9d39e94a08d2115e438ad40f72d7209d1261a3dbfb,proven_maximal,maximize_sum_testing_e_values_at_maximum_cardinality,proven_optimal,50254.383629215874,1.2619749399800346,39822.01392209178,0,0,6,,,6;81;104;124;153;177,0,0,6,0,0,0,0.0,0.0,0.3,0.0,0.0,0.0,0,6,0.4393343001138419,5,4,237,40,6,,method1_proportional_scores_gamma1,unrestricted_maximum_cardinality_then_maximum_testing_evalue_sum,200,0,3,exact_fixed_count_order_statistics,300.0,1,False
139,1e682d1e4cf0349965ed772ca5572712535d67c89eb3a19e54d8a192805168ee,proven_maximal,maximize_sum_testing_e_values_at_maximum_cardinality,proven_optimal,961.4643465580634,1.404773350808887,684.4266699709526,0,0,2,,,90;168,0,0,2,0,0,0,0.0,0.0,0.1,0.0,0.0,0.0,0,2,0.5654925999697298,8,6,245,41,2,,method1_proportional_scores_gamma1,unrestricted_maximum_cardinality_then_maximum_testing_evalue_sum,200,0,0,exact_fixed_count_order_statistics,300.0,1,False
140,765f6eafa8d89ec7d0d8f9a03b76dd2b32046c3a3be20d2dd8541ad66acaec7d,proven_maximal,maximize_sum_testing_e_values_at_maximum_cardinality,proven_optimal,11316.649894824273,1.7897894513901331,6322.894509203084,0,0,11,,,3;46;49;65;103;122;164;168;174;186;189,0,0,11,0,0,0,0.0,0.0,0.55,0.0,0.0,0.0,0,11,0.5003436000552028,12,12,264,45,11,,method1_proportional_scores_gamma1,unrestricted_maximum_cardinality_then_maximum_testing_evalue_sum,200,0,1,exact_fixed_count_order_statistics,300.0,1,False
141,ba588716f1eb79ec2098a163329532475941044bd70fb2b588ce651371472433,proven_maximal,maximize_sum_testing_e_values_at_maximum_cardinality,proven_optimal,13641.998605875391,2.9287598345067867,4657.943763481293,0,0,13,,,3;19;47;61;63;79;133;138;145;151;161;188;190,0,0,13,0,0,0,0.0,0.0,0.65,0.0,0.0,0.0,0,13,0.17754859989508986,4,4,240,47,13,,method1_proportional_scores_gamma1,unrestricted_maximum_cardinality_then_maximum_testing_evalue_sum,200,0,3,exact_fixed_count_order_statistics,300.0,1,False
142,7c592788923b8375bea4dc0eab09c6d175eb0b24e9a9c3126bbd3008c8edecbb,proven_maximal,maximize_sum_testing_e_values_at_maximum_cardinality,proven_optimal,9325.08492556377,2.7892490308333318,3343.22422361038,0,0,8,,,18;32;62;65;93;168;181;187,0,0,8,0,0,0,0.0,0.0,0.4,0.0,0.0,0.0,0,8,0.4341297000646591,5,4,242,48,8,,method1_proportional_scores_gamma1,unrestricted_maximum_cardinality_then_maximum_testing_evalue_sum,200,0,6,exact_fixed_count_order_statistics,300.0,1,False
143,a070efb4bb8b2b3f66177c9cb123809c806602c6ecbaf1e37d93d514a5acf1cd,proven_maximal,maximize_sum_testing_e_values_at_maximum_cardinality,proven_optimal,124706.03719875807,1.1567600969707676,107806.30964478152,0,0,5,,,97;105;141;143;196,0,0,5,0,0,0,0.0,0.0,0.25,0.0,0.0,0.0,0,5,0.5517712000291795,7,5,241,38,5,,method1_proportional_scores_gamma1,unrestricted_maximum_cardinality_then_maximum_testing_evalue_sum,200,0,2,exact_fixed_count_order_statistics,300.0,1,False
144,dde80fcd12618d6f1c002fa09f4546f8a58578c476440d62fb0ccf05e1945f1c,proven_maximal,maximize_sum_testing_e_values_at_maximum_cardinality,proven_optimal,4183.836674807898,2.298786045001552,1820.020042276302,0,0,6,,,7;43;66;93;139;174,0,0,6,0,0,0,0.0,0.0,0.3,0.0,0.0,0.0,0,6,0.5101485999766737,13,12,264,39,6,,method1_proportional_scores_gamma1,unrestricted_maximum_cardinality_then_maximum_testing_evalue_sum,200,0,0,exact_fixed_count_order_statistics,300.0,1,False
145,547307273d1a6c98f36045c1791c8695ac4f3e8096346c988da6eeb592867765,proven_maximal,maximize_sum_testing_e_values_at_maximum_cardinality,proven_optimal,2177.783937106406,2.720753231122289,800.4342004247433,0,0,6,,,4;17;27;69;124;187,0,0,6,0,0,0,0.0,0.0,0.3,0.0,0.0,0.0,0,6,0.3146089999936521,5,5,241,41,6,,method1_proportional_scores_gamma1,unrestricted_maximum_cardinality_then_maximum_testing_evalue_sum,200,0,0,exact_fixed_count_order_statistics,300.0,1,False
146,e9def9ca98074de42483794345cb96d480c51039c37083e18412cb4e66022a87,proven_maximal,maximize_sum_testing_e_values_at_maximum_cardinality,proven_optimal,408833.756106932,1.2744439961227383,320793.8185991174,0,0,11,,,23;43;46;70;99;121;125;130;162;163;197,0,0,11,0,0,0,0.0,0.0,0.55,0.0,0.0,0.0,0,11,0.219051499851048,5,5,243,44,11,,method1_proportional_scores_gamma1,unrestricted_maximum_cardinality_then_maximum_testing_evalue_sum,200,0,4,exact_fixed_count_order_statistics,300.0,1,False
147,8582f5aec15644a2a57e612ab2abf0819ff4ee8108b29d399565515926d70fd3,proven_maximal,maximize_sum_testing_e_values_at_maximum_cardinality,proven_optimal,1970.9637105344152,1.181810971049833,1667.748699932577,0,0,4,,,4;107;146;188,0,0,4,0,0,0,0.0,0.0,0.2,0.0,0.0,0.0,0,4,0.8588364000897855,15,11,260,41,4,,method1_proportional_scores_gamma1,unrestricted_maximum_cardinality_then_maximum_testing_evalue_sum,200,0,0,exact_fixed_count_order_statistics,300.0,1,False
148,a8b6b61b262f26c02fd9796cd4b734df490bc6faf6ee0238f727f9967a543ef9,proven_maximal,maximize_sum_testing_e_values_at_maximum_cardinality,proven_optimal,159433.95438611164,1.1867363928812633,134346.56200188134,0,0,7,,,3;10;99;151;166;169;175,0,0,7,0,0,0,0.0,0.0,0.35,0.0,0.0,0.0,0,7,0.20927180000580847,4,4,241,40,7,,method1_proportional_scores_gamma1,unrestricted_maximum_cardinality_then_maximum_testing_evalue_sum,200,0,2,exact_fixed_count_order_statistics,300.0,1,False
149,28d23c5656422f8855c8eada3d86e4f9b9be21e994468ede1b71869ed49741f3,proven_maximal,maximize_sum_testing_e_values_at_maximum_cardinality,proven_optimal,17481.492396111003,1.2380712861614651,14119.94009675395,0,0,6,,,12;42;60;104;121;170,0,0,6,0,0,0,0.0,0.0,0.3,0.0,0.0,0.0,0,6,0.4713068001437932,10,9,246,37,6,,method1_proportional_scores_gamma1,unrestricted_maximum_cardinality_then_maximum_testing_evalue_sum,200,0,2,exact_fixed_count_order_statistics,300.0,1,False
150,33b19c624eb566baa977b10ef26f36ba0302fd5aae59ed465a7260cb1e1e2bb7,proven_maximal,maximize_sum_testing_e_values_at_maximum_cardinality,proven_optimal,26217.66616879285,1.6207727502531202,16176.028480672798,0,0,11,,,7;12;20;35;58;95;137;164;167;170;196,0,0,11,0,0,0,0.0,0.0,0.55,0.0,0.0,0.0,0,11,0.6465507999528199,14,14,270,45,11,,method1_proportional_scores_gamma1,unrestricted_maximum_cardinality_then_maximum_testing_evalue_sum,200,0,6,exact_fixed_count_order_statistics,300.0,1,False
151,9238cd54d934ebe4685df85261919da1af5bf135ff64ace7887ac9f4030c66f1,proven_maximal,maximize_sum_testing_e_values_at_maximum_cardinality,proven_optimal,4896.15102687149,4.355966033828471,1124.0103776861292,0,0,13,,,22;39;46;57;88;96;119;123;133;144;162;173;174,0,0,13,0,0,0,0.0,0.0,0.65,0.0,0.0,0.0,0,13,0.1900748999323696,4,4,230,35,13,,method1_proportional_scores_gamma1,unrestricted_maximum_cardinality_then_maximum_testing_evalue_sum,200,0,0,exact_fixed_count_order_statistics,300.0,1,False
152,1f39d47a2c1dad61207a29b156f1e458b63f74415bf7e44cbd09cb91ea0b0102,proven_maximal,maximize_sum_testing_e_values_at_maximum_cardinality,proven_optimal,1583.3495934832729,1.0,1583.3495934832729,0,0,1,,,28,0,0,1,0,0,0,0.0,0.0,0.05,0.0,0.0,0.0,0,1,0.6642607001122087,14,12,257,43,1,,method1_proportional_scores_gamma1,unrestricted_maximum_cardinality_then_maximum_testing_evalue_sum,200,0,0,exact_fixed_count_order_statistics,300.0,1,False
153,a08aa808d04aaca5cd3c0791588c6a0be3e25b6971f20def1e83492ad6dd4571,proven_maximal,maximize_sum_testing_e_values_at_maximum_cardinality,proven_optimal,14337.166678343918,2.60973463670642,5493.725866488075,0,0,11,,,4;11;33;50;104;119;144;163;182;187;198,0,0,11,0,0,0,0.0,0.0,0.55,0.0,0.0,0.0,0,11,0.22222190001048148,6,6,235,36,11,,method1_proportional_scores_gamma1,unrestricted_maximum_cardinality_then_maximum_testing_evalue_sum,200,0,4,exact_fixed_count_order_statistics,300.0,1,False
154,c1a6dacc57c5a5d7839b587eb77b1aa7ec7bf56fe6b67fa60b5d4b4cc740a1c2,proven_maximal,maximize_sum_testing_e_values_at_maximum_cardinality,proven_optimal,44787.787098756366,1.5351130578928758,29175.562587053297,0,0,16,,,0;12;21;43;44;64;65;70;77;78;94;137;151;153;156;172,0,0,16,0,0,0,0.0,0.0,0.8,0.0,0.0,0.0,0,16,0.31896839989349246,8,8,256,35,16,,method1_proportional_scores_gamma1,unrestricted_maximum_cardinality_then_maximum_testing_evalue_sum,200,0,3,exact_fixed_count_order_statistics,300.0,1,False
155,3048b622b38f3321561fd92aae76abea89a17d7b62a598af0f293578fd27547c,proven_maximal,maximize_sum_testing_e_values_at_maximum_cardinality,proven_optimal,109134.71766042411,1.3024442783758086,83792.23547015672,0,0,14,,,2;90;95;106;121;126;138;149;165;166;170;171;185;196,0,0,14,0,0,0,0.0,0.0,0.7,0.0,0.0,0.0,0,14,0.19281459995545447,4,4,237,45,14,,method1_proportional_scores_gamma1,unrestricted_maximum_cardinality_then_maximum_testing_evalue_sum,200,0,6,exact_fixed_count_order_statistics,300.0,1,False
156,0b4de39c81f29beed34e182029af4d004bedf3c63ad8b2b41bb2702511ebae71,proven_maximal,maximize_sum_testing_e_values_at_maximum_cardinality,proven_optimal,53001.028346566185,1.3129837157573667,40366.858865415306,0,0,11,,,28;31;43;70;74;87;106;148;167;173;185,0,0,11,0,0,0,0.0,0.0,0.55,0.0,0.0,0.0,0,11,0.21582049992866814,6,6,237,39,11,,method1_proportional_scores_gamma1,unrestricted_maximum_cardinality_then_maximum_testing_evalue_sum,200,0,5,exact_fixed_count_order_statistics,300.0,1,False
157,209c632a0c1930ae4668a9163f1935a913b374cbb13720fc6a5325b3e7c64e29,proven_maximal,maximize_sum_testing_e_values_at_maximum_cardinality,proven_optimal,10581.910678071632,1.1600386710952613,9122.03268885909,0,0,6,,,1;5;16;38;145;159,0,0,6,0,0,0,0.0,0.0,0.3,0.0,0.0,0.0,0,6,0.4258772998582572,7,6,243,38,6,,method1_proportional_scores_gamma1,unrestricted_maximum_cardinality_then_maximum_testing_evalue_sum,200,0,1,exact_fixed_count_order_statistics,300.0,1,False
158,cd8532fd13d47244f17df35c0a0f5c5338dad2bba851c14ce79607b50b12b1ad,proven_maximal,maximize_sum_testing_e_values_at_maximum_cardinality,proven_optimal,1978.8340603867646,1.0788964180591178,1834.127935976088,0,0,3,,,28;61;89,0,0,3,0,0,0,0.0,0.0,0.15,0.0,0.0,0.0,0,3,0.3232082000467926,5,5,235,34,3,,method1_proportional_scores_gamma1,unrestricted_maximum_cardinality_then_maximum_testing_evalue_sum,200,0,0,exact_fixed_count_order_statistics,300.0,1,False
159,f3fd898854a24a2a1c5ba575b6b8ceb3983b812de995c0ce543e72398f75532d,proven_maximal,maximize_sum_testing_e_values_at_maximum_cardinality,proven_optimal,91609.49923242225,1.0867525893886902,84296.55482482315,0,0,12,,,0;18;50;104;106;113;134;142;144;148;173;189,0,0,12,0,0,0,0.0,0.0,0.6,0.0,0.0,0.0,0,12,0.24934089998714626,7,7,235,36,12,,method1_proportional_scores_gamma1,unrestricted_maximum_cardinality_then_maximum_testing_evalue_sum,200,0,2,exact_fixed_count_order_statistics,300.0,1,False
160,3986c528461330054f9796c09e9acc8959fd8f9d1d6c26003b0f604fdf65fa44,proven_maximal,maximize_sum_testing_e_values_at_maximum_cardinality,proven_optimal,11195.839212881103,1.428253276587661,7838.8332072514895,0,0,4,,,11;55;160;192,0,0,4,0,0,0,0.0,0.0,0.2,0.0,0.0,0.0,0,4,0.7107102000154555,11,8,242,29,4,,method1_proportional_scores_gamma1,unrestricted_maximum_cardinality_then_maximum_testing_evalue_sum,200,0,3,exact_fixed_count_order_statistics,300.0,1,False
161,f15df49fdd48b040008298d87309bb55168958530a45b85f1009f14cba4d1950,proven_maximal,maximize_sum_testing_e_values_at_maximum_cardinality,proven_optimal,58535.939107888065,1.5477151342583004,37820.87401758192,0,0,13,,,5;6;23;28;39;43;45;56;130;150;157;173;174,0,0,13,0,0,0,0.0,0.0,0.65,0.0,0.0,0.0,0,13,0.3105154000222683,7,7,241,42,13,,method1_proportional_scores_gamma1,unrestricted_maximum_cardinality_then_maximum_testing_evalue_sum,200,0,3,exact_fixed_count_order_statistics,300.0,1,False
162,1bb7085408422d1c45dcf068466c486ad8560e894480387e28317fd65636a9b5,proven_maximal,maximize_sum_testing_e_values_at_maximum_cardinality,proven_optimal,6444.749462916588,1.5047957722703007,4282.806731436604,0,0,13,,,11;22;58;72;81;87;116;143;157;160;166;188;197,0,0,13,0,0,0,0.0,0.0,0.65,0.0,0.0,0.0,0,13,0.2502339999191463,6,6,253,45,13,,method1_proportional_scores_gamma1,unrestricted_maximum_cardinality_then_maximum_testing_evalue_sum,200,0,1,exact_fixed_count_order_statistics,300.0,1,False
163,0837dd626e76a5bcdd432e07841e5d5794a0e5cea322f3ed383cf13739507ffa,proven_maximal,maximize_sum_testing_e_values_at_maximum_cardinality,proven_optimal,22326.027271455572,2.277454193188878,9803.06314753791,0,0,13,,,1;2;7;8;12;39;43;52;84;106;109;163;186,0,0,13,0,0,0,0.0,0.0,0.65,0.0,0.0,0.0,0,13,0.5455515999346972,13,13,268,44,13,,method1_proportional_scores_gamma1,unrestricted_maximum_cardinality_then_maximum_testing_evalue_sum,200,0,6,exact_fixed_count_order_statistics,300.0,1,False
164,950356feea2adbd7afa2b972d4cdab540309b311cdb20cb8dfa07581254fe565,proven_maximal,maximize_sum_testing_e_values_at_maximum_cardinality,proven_optimal,58231.93501253463,1.1363716899446272,51243.73963889592,0,0,10,,,0;20;21;22;120;135;144;157;181;198,0,0,10,0,0,0,0.0,0.0,0.5,0.0,0.0,0.0,0,10,0.26282760011963546,5,5,237,40,10,,method1_proportional_scores_gamma1,unrestricted_maximum_cardinality_then_maximum_testing_evalue_sum,200,0,4,exact_fixed_count_order_statistics,300.0,1,False
165,11ccfa725723e2453e8079e84a652eae4588336d582dc36f24113d23c93fa31b,proven_maximal,maximize_sum_testing_e_values_at_maximum_cardinality,proven_optimal,50367.464796234395,1.2953286246150437,38883.92786132014,0,0,16,,,5;26;33;40;64;66;77;85;87;103;106;107;128;145;153;192,0,0,16,0,0,0,0.0,0.0,0.8,0.0,0.0,0.0,0,16,0.2265600000973791,7,7,233,41,16,,method1_proportional_scores_gamma1,unrestricted_maximum_cardinality_then_maximum_testing_evalue_sum,200,0,10,exact_fixed_count_order_statistics,300.0,1,False
166,245c9896859baae7f9238f4d3276c23482a58fcf8ab01eeb7913c7ea1a6107bb,proven_maximal,maximize_sum_testing_e_values_at_maximum_cardinality,proven_optimal,11351.713073037692,1.5495567626374653,7325.78073081763,0,0,10,,,42;55;95;103;113;142;149;180;184;191,0,0,10,0,0,0,0.0,0.0,0.5,0.0,0.0,0.0,0,10,0.3563075000420213,12,12,249,38,10,,method1_proportional_scores_gamma1,unrestricted_maximum_cardinality_then_maximum_testing_evalue_sum,200,0,1,exact_fixed_count_order_statistics,300.0,1,False
167,ea02882df840dd6e5ce6eb25f958efc6cd7375e1d65adad1cd25b98a36cc6ebf,proven_maximal,maximize_sum_testing_e_values_at_maximum_cardinality,proven_optimal,12432.017463457254,2.360076748628249,5267.632703336082,0,0,11,,,2;42;45;48;68;70;104;112;125;176;189,0,0,11,0,0,0,0.0,0.0,0.55,0.0,0.0,0.0,0,11,0.38885470014065504,10,10,254,48,11,,method1_proportional_scores_gamma1,unrestricted_maximum_cardinality_then_maximum_testing_evalue_sum,200,0,4,exact_fixed_count_order_statistics,300.0,1,False
168,ef439d9dc6df8596de603124bc30833b28793b3230dcc9769edffa3d7f0653db,proven_maximal,maximize_sum_testing_e_values_at_maximum_cardinality,proven_optimal,24187.70519528808,1.315437235268346,18387.57832512917,0,0,11,,,22;60;91;140;147;149;159;167;172;174;191,0,0,11,0,0,0,0.0,0.0,0.55,0.0,0.0,0.0,0,11,0.30693399999290705,9,9,246,35,11,,method1_proportional_scores_gamma1,unrestricted_maximum_cardinality_then_maximum_testing_evalue_sum,200,0,2,exact_fixed_count_order_statistics,300.0,1,False
169,cc9c5dc9c3f765b78dd9ae07bb54d3e3472e48238811e5bb06217f2f66743eeb,proven_maximal,maximize_sum_testing_e_values_at_maximum_cardinality,proven_optimal,24311.346588806933,1.5507881252897222,15676.76860065267,0,0,12,,,27;37;46;48;50;62;67;88;110;122;163;195,0,0,12,0,0,0,0.0,0.0,0.6,0.0,0.0,0.0,0,12,0.18620539992116392,5,5,237,42,12,,method1_proportional_scores_gamma1,unrestricted_maximum_cardinality_then_maximum_testing_evalue_sum,200,0,3,exact_fixed_count_order_statistics,300.0,1,False
170,e62ecb4de0f31b80df0efa8f486116f1d2cea0ed92f4a431c412559842fc41de,proven_maximal,maximize_sum_testing_e_values_at_maximum_cardinality,proven_optimal,36363.61618000897,2.0962945978962773,17346.615412023406,0,0,10,,,41;78;95;103;109;151;157;158;162;189,0,0,10,0,0,0,0.0,0.0,0.5,0.0,0.0,0.0,0,10,0.24951289989985526,7,7,245,41,10,,method1_proportional_scores_gamma1,unrestricted_maximum_cardinality_then_maximum_testing_evalue_sum,200,0,3,exact_fixed_count_order_statistics,300.0,1,False
171,7802c69d50bba4fbe80bdd4282a95a5d3ad1dbe3ce5360b5eaf9a5824a3877c0,proven_maximal,maximize_sum_testing_e_values_at_maximum_cardinality,proven_optimal,10113.491665022462,1.6034344389799353,6307.393317220011,0,0,9,,,30;34;92;103;114;146;152;156;161,0,0,9,0,0,0,0.0,0.0,0.45,0.0,0.0,0.0,0,9,0.45917829987592995,8,7,234,34,9,,method1_proportional_scores_gamma1,unrestricted_maximum_cardinality_then_maximum_testing_evalue_sum,200,0,1,exact_fixed_count_order_statistics,300.0,1,False
172,b140b063b4f1207e31c210886d7d8e84f4a0479828b2f3ea5e36d854cf5f9cf1,proven_maximal,maximize_sum_testing_e_values_at_maximum_cardinality,proven_optimal,3763.467163309949,1.354908643173518,2777.653816197537,0,0,4,,,16;44;72;102,0,0,4,0,0,0,0.0,0.0,0.2,0.0,0.0,0.0,0,4,0.6033183999825269,10,8,252,41,4,,method1_proportional_scores_gamma1,unrestricted_maximum_cardinality_then_maximum_testing_evalue_sum,200,0,3,exact_fixed_count_order_statistics,300.0,1,False
173,3baedc8d890ab4dde99a414ad720981a7bdcecc9c53556d6aa79a26e3ccece43,proven_maximal,maximize_sum_testing_e_values_at_maximum_cardinality,proven_optimal,4277.087457206111,1.7011536508987841,2514.227597810676,0,0,7,,,22;47;50;104;128;137;175,0,0,7,0,0,0,0.0,0.0,0.35,0.0,0.0,0.0,0,7,0.5787737998180091,8,6,246,40,7,,method1_proportional_scores_gamma1,unrestricted_maximum_cardinality_then_maximum_testing_evalue_sum,200,0,0,exact_fixed_count_order_statistics,300.0,1,False
174,4aba3817e963d9a8b29b3e32e7367d01e2792199ae20b8d7f85f7e750d770692,proven_maximal,maximize_sum_testing_e_values_at_maximum_cardinality,proven_optimal,20440.19106884422,2.128883373056472,9601.367236711472,0,0,11,,,2;10;42;70;75;115;123;126;130;148;161,0,0,11,0,0,0,0.0,0.0,0.55,0.0,0.0,0.0,0,11,0.4038058000151068,11,11,252,39,11,,method1_proportional_scores_gamma1,unrestricted_maximum_cardinality_then_maximum_testing_evalue_sum,200,0,5,exact_fixed_count_order_statistics,300.0,1,False
175,da0158992774a7b3c8b926152b7a72b1b4d97c0fb0e4d3bd85fd8b127f63fd98,proven_maximal,maximize_sum_testing_e_values_at_maximum_cardinality,proven_optimal,17346.221132193572,2.473761191331317,7012.083944472532,0,0,10,,,1;11;43;58;81;104;135;156;186;194,0,0,10,0,0,0,0.0,0.0,0.5,0.0,0.0,0.0,0,10,0.9168330000247806,15,14,278,42,10,,method1_proportional_scores_gamma1,unrestricted_maximum_cardinality_then_maximum_testing_evalue_sum,200,0,5,exact_fixed_count_order_statistics,300.0,1,False
176,a5a6a1c6a9e140af19bd3dc7a234c50e7bcc073824b3dbc488a39ca360ddf600,proven_maximal,maximize_sum_testing_e_values_at_maximum_cardinality,proven_optimal,47134.89274357283,1.4220065633697196,33146.747671739,0,0,9,,,10;24;30;70;71;90;110;155;191,0,0,9,0,0,0,0.0,0.0,0.45,0.0,0.0,0.0,0,9,0.5040096000302583,8,7,256,44,9,,method1_proportional_scores_gamma1,unrestricted_maximum_cardinality_then_maximum_testing_evalue_sum,200,0,3,exact_fixed_count_order_statistics,300.0,1,False
177,21862c4c2203c9ccbf6a8e01f263b39b54227c3a0e5daca54365b98ddd17ed1f,proven_maximal,maximize_sum_testing_e_values_at_maximum_cardinality,proven_optimal,6019.264783401739,2.003380291080061,3004.5542577224005,0,0,7,,,15;63;65;75;112;114;192,0,0,7,0,0,0,0.0,0.0,0.35,0.0,0.0,0.0,0,7,0.550066800089553,7,5,243,43,7,,method1_proportional_scores_gamma1,unrestricted_maximum_cardinality_then_maximum_testing_evalue_sum,200,0,0,exact_fixed_count_order_statistics,300.0,1,False
178,a724f1823bd35efffc5074ed4e2030e8c5d27ebe026e499428bca606a058fdd2,proven_maximal,maximize_sum_testing_e_values_at_maximum_cardinality,proven_optimal,3447.5972887554144,2.1222050378690116,1624.5354370741106,0,0,4,,,97;103;124;137,0,0,4,0,0,0,0.0,0.0,0.2,0.0,0.0,0.0,0,4,0.5831865998916328,10,8,240,34,4,,method1_proportional_scores_gamma1,unrestricted_maximum_cardinality_then_maximum_testing_evalue_sum,200,0,0,exact_fixed_count_order_statistics,300.0,1,False
179,be334905f1bb30e7f6fa71a26a3af75aaf975ea55ab9d4f0caaf22acadb6a9d2,proven_maximal,maximize_sum_testing_e_values_at_maximum_cardinality,proven_optimal,58528.83514122586,2.253898130634278,25967.82629424119,0,0,13,,,19;30;37;47;53;61;67;69;71;81;94;147;185,0,0,13,0,0,0,0.0,0.0,0.65,0.0,0.0,0.0,0,13,0.18829550012014806,3,3,236,45,13,,method1_proportional_scores_gamma1,unrestricted_maximum_cardinality_then_maximum_testing_evalue_sum,200,0,6,exact_fixed_count_order_statistics,300.0,1,False
180,17bbd0ca64418b6428c4711b41bc9f67cda9b11b36bf0ee5aa863c4d266ae0f7,proven_maximal,maximize_sum_testing_e_values_at_maximum_cardinality,proven_optimal,15658.481054514246,2.6284617530042187,5957.279399868488,0,0,8,,,16;27;37;70;86;98;117;191,0,0,8,0,0,0,0.0,0.0,0.4,0.0,0.0,0.0,0,8,0.4691890000831336,7,6,235,38,8,,method1_proportional_scores_gamma1,unrestricted_maximum_cardinality_then_maximum_testing_evalue_sum,200,0,5,exact_fixed_count_order_statistics,300.0,1,False
181,7117ec5911fcdaec717fdd8b774d12895dd17c5ea825c9af50e8ea90f23c7bdc,proven_maximal,maximize_sum_testing_e_values_at_maximum_cardinality,proven_optimal,17914.418181932335,1.7891533305433622,10012.790897296523,0,0,9,,,43;60;74;100;111;124;130;137;193,0,0,9,0,0,0,0.0,0.0,0.45,0.0,0.0,0.0,0,9,0.3463749000802636,6,6,245,43,9,,method1_proportional_scores_gamma1,unrestricted_maximum_cardinality_then_maximum_testing_evalue_sum,200,0,3,exact_fixed_count_order_statistics,300.0,1,False
182,0d7e5d790c7d49acc904a05f939a4fc6dcf1e1fea287d371c087c892c0887351,proven_maximal,maximize_sum_testing_e_values_at_maximum_cardinality,proven_optimal,42703.20542835709,2.4419953714995493,17487.01325430214,0,0,9,,,0;8;17;50;55;67;99;106;193,0,0,9,0,0,0,0.0,0.0,0.45,0.0,0.0,0.0,0,9,0.47458470007404685,7,6,252,47,9,,method1_proportional_scores_gamma1,unrestricted_maximum_cardinality_then_maximum_testing_evalue_sum,200,0,6,exact_fixed_count_order_statistics,300.0,1,False
183,3e83944ada6d76151ed508ebc9004f3f003de45d66e1fc889d38bbb7e2986cf2,proven_maximal,maximize_sum_testing_e_values_at_maximum_cardinality,proven_optimal,17147.61813527296,1.4092110043054145,12168.240301050477,0,0,16,,,17;31;62;65;98;109;122;139;141;142;155;156;162;163;167;187,0,0,15,0,0,1,0.0,0.0,0.75,0.0,0.0,0.0625,0,16,0.4301485000178218,8,8,274,58,16,,method1_proportional_scores_gamma1,unrestricted_maximum_cardinality_then_maximum_testing_evalue_sum,200,0,1,exact_fixed_count_order_statistics,300.0,1,False
184,3f3e95c248aa68d1e3e83442fabae9713f3fe018b17d70f2ea7d7ee54f22a04c,proven_maximal,maximize_sum_testing_e_values_at_maximum_cardinality,proven_optimal,13025.877919405717,1.297049622175052,10042.698210391,0,0,8,,,4;6;22;39;67;146;149;155,0,0,8,0,0,0,0.0,0.0,0.4,0.0,0.0,0.0,0,8,0.4533613999374211,5,4,246,48,8,,method1_proportional_scores_gamma1,unrestricted_maximum_cardinality_then_maximum_testing_evalue_sum,200,0,1,exact_fixed_count_order_statistics,300.0,1,False
185,1a91b21e2a6ff2bb84a2a2a24cd86b9cbd00c579eac8fdfe9f5f0ffe6957ea44,proven_maximal,maximize_sum_testing_e_values_at_maximum_cardinality,proven_optimal,32663.909085661333,1.291847519763036,25284.64744171424,0,0,5,,,8;86;128;132;178,0,0,5,0,0,0,0.0,0.0,0.25,0.0,0.0,0.0,0,5,0.16117580002173781,3,3,234,38,5,,method1_proportional_scores_gamma1,unrestricted_maximum_cardinality_then_maximum_testing_evalue_sum,200,0,4,exact_fixed_count_order_statistics,300.0,1,False
186,5e7bd6cfef9fa93eca2bdf03c5ff99f2a76832c976467ffe05c768778ddc2b79,proven_maximal,maximize_sum_testing_e_values_at_maximum_cardinality,proven_optimal,8955.762261820932,2.583238362080563,3466.8741349164084,0,0,7,,,1;29;150;151;161;181;183,0,0,7,0,0,0,0.0,0.0,0.35,0.0,0.0,0.0,0,7,0.7152722999453545,11,8,262,46,7,,method1_proportional_scores_gamma1,unrestricted_maximum_cardinality_then_maximum_testing_evalue_sum,200,0,3,exact_fixed_count_order_statistics,300.0,1,False
187,c01ee36b3cb4480d98d88597b0ea58142b7bad4778c3ac505f49d946529d572c,proven_maximal,maximize_sum_testing_e_values_at_maximum_cardinality,proven_optimal,31725.41624376894,1.2041736202538984,26346.214291822536,0,0,9,,,0;5;34;37;52;56;110;122;192,0,0,9,0,0,0,0.0,0.0,0.45,0.0,0.0,0.0,0,9,0.5068812998943031,8,7,250,41,9,,method1_proportional_scores_gamma1,unrestricted_maximum_cardinality_then_maximum_testing_evalue_sum,200,0,4,exact_fixed_count_order_statistics,300.0,1,False
188,b0f11809cc8137527624d87d8ebad6f407590d12d3dbdde651bad2aebc6d8813,proven_maximal,maximize_sum_testing_e_values_at_maximum_cardinality,proven_optimal,16946.796486436982,1.7428162763845523,9723.79975793712,0,0,11,,,2;14;46;77;92;108;109;129;140;150;170,0,0,11,0,0,0,0.0,0.0,0.55,0.0,0.0,0.0,0,11,0.1941259999293834,3,3,233,39,11,,method1_proportional_scores_gamma1,unrestricted_maximum_cardinality_then_maximum_testing_evalue_sum,200,0,3,exact_fixed_count_order_statistics,300.0,1,False
189,b3fe667fdcfbc1b6213dd4afa6e8fc294a9b7f56d911bb85ace6143afa647dd6,proven_maximal,maximize_sum_testing_e_values_at_maximum_cardinality,proven_optimal,28710.984312259923,3.746931324735865,7662.532836596322,0,0,14,,,11;44;63;90;99;118;138;158;164;168;171;182;190;195,0,0,14,0,0,0,0.0,0.0,0.7,0.0,0.0,0.0,0,14,0.21476979996077716,4,4,233,41,14,,method1_proportional_scores_gamma1,unrestricted_maximum_cardinality_then_maximum_testing_evalue_sum,200,0,9,exact_fixed_count_order_statistics,300.0,1,False
190,9c1670dbc5b722f26cc76beba420773613128b6cb0a65d7c3b7653fa1f372622,proven_maximal,maximize_sum_testing_e_values_at_maximum_cardinality,proven_optimal,2145.0199614131193,1.5622376037594357,1373.0433554097349,0,0,4,,,36;46;95;127,0,0,4,0,0,0,0.0,0.0,0.2,0.0,0.0,0.0,0,4,0.662998299812898,9,6,240,32,4,,method1_proportional_scores_gamma1,unrestricted_maximum_cardinality_then_maximum_testing_evalue_sum,200,0,0,exact_fixed_count_order_statistics,300.0,1,False
191,d6aa9d08d279e60156c80abaebc743dc72fc5fce49274b3b3459c482f59ec379,proven_maximal,maximize_sum_testing_e_values_at_maximum_cardinality,proven_optimal,30476.9780098964,1.5214489935331241,20031.54764927246,0,0,13,,,10;50;85;89;101;120;136;157;177;183;190;191;197,0,0,13,0,0,0,0.0,0.0,0.65,0.0,0.0,0.0,0,13,0.35074419993907213,7,7,240,41,13,,method1_proportional_scores_gamma1,unrestricted_maximum_cardinality_then_maximum_testing_evalue_sum,200,0,3,exact_fixed_count_order_statistics,300.0,1,False
192,a6e80d2c418119ddff0bdb9c510bfbfdcd673e7717451764acb46348789aa1be,proven_maximal,maximize_sum_testing_e_values_at_maximum_cardinality,proven_optimal,48602.91765433558,1.1732362224685895,41426.36983375,0,0,12,,,0;20;21;61;73;108;110;135;139;148;173;182,0,0,12,0,0,0,0.0,0.0,0.6,0.0,0.0,0.0,0,12,0.4329933999106288,10,10,244,39,12,,method1_proportional_scores_gamma1,unrestricted_maximum_cardinality_then_maximum_testing_evalue_sum,200,0,6,exact_fixed_count_order_statistics,300.0,1,False
193,4da82f7b49e5d95be22f86dc3ae4c23dc9ae8e42bcfc04baafa5d510b5fc53f2,proven_maximal,maximize_sum_testing_e_values_at_maximum_cardinality,proven_optimal,439394.1855494787,1.0542411809865933,416787.15788571193,0,0,5,,,30;79;143;160;184,0,0,5,0,0,0,0.0,0.0,0.25,0.0,0.0,0.0,0,5,0.9629224000964314,12,7,235,29,5,,method1_proportional_scores_gamma1,unrestricted_maximum_cardinality_then_maximum_testing_evalue_sum,200,0,5,exact_fixed_count_order_statistics,300.0,1,False
194,ae27df104afa2b8802d18b6b66614f895b179edc51d14289c86a4b77f483ace4,proven_maximal,maximize_sum_testing_e_values_at_maximum_cardinality,proven_optimal,10979.387532646386,1.2429779066499176,8833.131686337132,0,0,3,,,30;157;166,0,0,3,0,0,0,0.0,0.0,0.15,0.0,0.0,0.0,0,3,0.4622055001091212,6,5,248,46,3,,method1_proportional_scores_gamma1,unrestricted_maximum_cardinality_then_maximum_testing_evalue_sum,200,0,1,exact_fixed_count_order_statistics,300.0,1,False
195,0e36d01dc24a4911178295e1905e8a1346fd25b45768c14d99a725313b1cc7ed,proven_maximal,maximize_sum_testing_e_values_at_maximum_cardinality,proven_optimal,37356.63002767957,1.4176714922141531,26350.695653289247,0,0,11,,,1;13;25;34;61;80;157;166;173;174;176,0,0,11,0,0,0,0.0,0.0,0.55,0.0,0.0,0.0,0,11,0.3944455999881029,11,11,253,42,11,,method1_proportional_scores_gamma1,unrestricted_maximum_cardinality_then_maximum_testing_evalue_sum,200,0,5,exact_fixed_count_order_statistics,300.0,1,False
196,412aeb068163c8a0a3a05f3c1009a92f1e29949488e1208307adff8068777168,proven_maximal,maximize_sum_testing_e_values_at_maximum_cardinality,proven_optimal,10080.73576189286,1.6760165136148264,6014.699545024629,0,0,6,,,56;66;144;154;172;186,0,0,6,0,0,0,0.0,0.0,0.3,0.0,0.0,0.0,0,6,0.5639200999867171,8,6,236,34,6,,method1_proportional_scores_gamma1,unrestricted_maximum_cardinality_then_maximum_testing_evalue_sum,200,0,2,exact_fixed_count_order_statistics,300.0,1,False
197,4b1a42cbba727a2875e102c461f9b3765720c6a9d379a701c113bf42100e5b05,proven_maximal,maximize_sum_testing_e_values_at_maximum_cardinality,proven_optimal,169662.998301809,1.0860054248452196,156226.65819186845,0,0,10,,,8;16;46;48;54;75;102;121;137;189,0,0,10,0,0,0,0.0,0.0,0.5,0.0,0.0,0.0,0,10,0.6868907001335174,11,11,280,56,10,,method1_proportional_scores_gamma1,unrestricted_maximum_cardinality_then_maximum_testing_evalue_sum,200,0,4,exact_fixed_count_order_statistics,300.0,1,False
198,2c641b908977a09969aa84234326278ff3ac1e63b95269d64801ef43326ec579,proven_maximal,maximize_sum_testing_e_values_at_maximum_cardinality,proven_optimal,85414.24132182746,1.7133593124635493,49851.91413178524,0,0,10,,,4;18;46;83;115;127;157;168;173;196,0,0,10,0,0,0,0.0,0.0,0.5,0.0,0.0,0.0,0,10,0.477813099976629,13,13,260,46,10,,method1_proportional_scores_gamma1,unrestricted_maximum_cardinality_then_maximum_testing_evalue_sum,200,0,7,exact_fixed_count_order_statistics,300.0,1,False
199,79ee60a151a5ce1d0ee11cfec9b0a3d3a66da548439783c6898b9fbce4d087cf,proven_maximal,maximize_sum_testing_e_values_at_maximum_cardinality,proven_optimal,15474.77790230289,2.2233020824659797,6960.267803617136,0,0,11,,,24;59;82;103;105;106;128;146;152;190;191,0,0,11,0,0,0,0.0,0.0,0.55,0.0,0.0,0.0,0,11,0.22106580017134547,5,5,239,36,11,,method1_proportional_scores_gamma1,unrestricted_maximum_cardinality_then_maximum_testing_evalue_sum,200,0,4,exact_fixed_count_order_statistics,300.0,1,False
200,a28d5048d41d7d2708d789f11fcb588918d9dd3b6dd9dca74e4f7dcebfcc02b4,proven_maximal,maximize_sum_testing_e_values_at_maximum_cardinality,proven_optimal,166241.0748128383,1.2388980668960392,134184.62685097422,0,0,9,,,3;4;50;73;93;97;134;197;198,0,0,9,0,0,0,0.0,0.0,0.45,0.0,0.0,0.0,0,9,0.48341810004785657,5,4,246,47,9,,method1_proportional_scores_gamma1,unrestricted_maximum_cardinality_then_maximum_testing_evalue_sum,200,0,6,exact_fixed_count_order_statistics,300.0,1,False
201,c7ef8d19094ca476884703528aba2bb7f5ecded9f4a825cfe67aa19b3e4abf2d,proven_maximal,maximize_sum_testing_e_values_at_maximum_cardinality,proven_optimal,180904.02308600876,1.2597175068116684,143606.81828092944,0,0,9,,,4;41;49;136;148;151;180;184;193,0,0,9,0,0,0,0.0,0.0,0.45,0.0,0.0,0.0,0,9,0.4187974000815302,7,6,231,30,9,,method1_proportional_scores_gamma1,unrestricted_maximum_cardinality_then_maximum_testing_evalue_sum,200,0,5,exact_fixed_count_order_statistics,300.0,1,False
202,ab46c8cedbbe40081b59844e2e3ad3584c2831cafab16b7c13f79397c0e83876,proven_maximal,maximize_sum_testing_e_values_at_maximum_cardinality,proven_optimal,156810.47279058595,1.8489411389961727,84810.95989660412,0,0,8,,,27;53;56;73;92;97;114;165,0,0,8,0,0,0,0.0,0.0,0.4,0.0,0.0,0.0,0,8,0.6921278000809252,11,9,248,39,8,,method1_proportional_scores_gamma1,unrestricted_maximum_cardinality_then_maximum_testing_evalue_sum,200,0,4,exact_fixed_count_order_statistics,300.0,1,False
203,b0f24db20c88ad4b67984a04dd207865128583adfc37388cd7feee8aa125f438,proven_maximal,maximize_sum_testing_e_values_at_maximum_cardinality,proven_optimal,9494.446358829222,1.0566731927647675,8985.224971958609,0,0,4,,,1;106;162;185,0,0,4,0,0,0,0.0,0.0,0.2,0.0,0.0,0.0,0,4,0.4528332999907434,5,4,233,34,4,,method1_proportional_scores_gamma1,unrestricted_maximum_cardinality_then_maximum_testing_evalue_sum,200,0,1,exact_fixed_count_order_statistics,300.0,1,False
204,40e91fe57738f6e231689946e7616ba345771d9f752ba1e0a12031cf8ca31cb8,proven_maximal,maximize_sum_testing_e_values_at_maximum_cardinality,proven_optimal,48981.89248257289,1.0452075450426437,46863.31696981241,0,0,11,,,2;7;25;30;32;47;114;121;152;161;186,0,0,10,0,0,1,0.0,0.0,0.5,0.0,0.0,0.09090909090909091,0,11,0.22401060000993311,7,7,230,23,11,,method1_proportional_scores_gamma1,unrestricted_maximum_cardinality_then_maximum_testing_evalue_sum,200,0,1,exact_fixed_count_order_statistics,300.0,1,False
205,0771c56623440fd850345399f753dddb5979c27096eb83a2d8f398e3259b2851,proven_maximal,maximize_sum_testing_e_values_at_maximum_cardinality,proven_optimal,18029.451480174637,1.5119236268783722,11924.84273653396,0,0,5,,,61;83;144;155;169,0,0,5,0,0,0,0.0,0.0,0.25,0.0,0.0,0.0,0,5,0.19861850002780557,3,3,237,41,5,,method1_proportional_scores_gamma1,unrestricted_maximum_cardinality_then_maximum_testing_evalue_sum,200,0,2,exact_fixed_count_order_statistics,300.0,1,False
206,0bd6b154c2478fd9462cd2d9216b9ff0212f4ba8db2cb614f11b06a4506673d0,proven_maximal,maximize_sum_testing_e_values_at_maximum_cardinality,proven_optimal,10377.312793941837,1.922238258560263,5398.556993509399,0,0,7,,,14;53;72;95;139;182;187,0,0,7,0,0,0,0.0,0.0,0.35,0.0,0.0,0.0,0,7,0.642802300164476,11,9,251,44,7,,method1_proportional_scores_gamma1,unrestricted_maximum_cardinality_then_maximum_testing_evalue_sum,200,0,4,exact_fixed_count_order_statistics,300.0,1,False
207,5c8952a36a3ca19f31e21e591f2154de65ddac3d76891b82441b46b316f440b8,proven_maximal,maximize_sum_testing_e_values_at_maximum_cardinality,proven_optimal,7311.138923801426,2.3471654108376887,3114.8801401227734,0,0,10,,,9;10;16;57;66;140;165;191;192;193,0,0,10,0,0,0,0.0,0.0,0.5,0.0,0.0,0.0,0,10,0.26108309999108315,8,8,237,36,10,,method1_proportional_scores_gamma1,unrestricted_maximum_cardinality_then_maximum_testing_evalue_sum,200,0,3,exact_fixed_count_order_statistics,300.0,1,False
208,e672e29ee535f9f31a55a83beff00deb61914498a628b198377c64f4e527b136,proven_maximal,maximize_sum_testing_e_values_at_maximum_cardinality,proven_optimal,8797.756147991477,1.5590473329788264,5643.03338448478,0,0,10,,,37;43;57;96;103;140;149;180;183;188,0,0,10,0,0,0,0.0,0.0,0.5,0.0,0.0,0.0,0,10,0.34194299997761846,9,9,253,43,10,,method1_proportional_scores_gamma1,unrestricted_maximum_cardinality_then_maximum_testing_evalue_sum,200,0,1,exact_fixed_count_order_statistics,300.0,1,False
209,b131ed9ea5e6adecff8c588d9fa02d1a257256aa2ed8f535e0a3d90e7eaf784b,proven_maximal,maximize_sum_testing_e_values_at_maximum_cardinality,proven_optimal,2917.8157083710967,2.19783651297496,1327.585419181877,0,0,9,,,22;40;58;97;101;111;134;178;195,0,0,9,0,0,0,0.0,0.0,0.45,0.0,0.0,0.0,0,9,0.31311440002173185,6,6,236,34,9,,method1_proportional_scores_gamma1,unrestricted_maximum_cardinality_then_maximum_testing_evalue_sum,200,0,0,exact_fixed_count_order_statistics,300.0,1,False
210,a8b04f1cf74f2491799097281afc3a546e72b0952770c735cdcfcb48e000e153,proven_maximal,maximize_sum_testing_e_values_at_maximum_cardinality,proven_optimal,69962.71598610522,1.0887167268388098,64261.63414357421,0,0,6,,,16;27;29;102;184;190,0,0,6,0,0,0,0.0,0.0,0.3,0.0,0.0,0.0,0,6,0.23060839995741844,3,3,249,53,6,,method1_proportional_scores_gamma1,unrestricted_maximum_cardinality_then_maximum_testing_evalue_sum,200,0,3,exact_fixed_count_order_statistics,300.0,1,False
211,951248bf5fc2e3af509d7905165b0438b7ee34e975c161f9d8963fabdc1cd1fc,proven_maximal,maximize_sum_testing_e_values_at_maximum_cardinality,proven_optimal,32785.22054219335,1.105233267596073,29663.62079699476,0,0,9,,,28;49;60;65;77;81;122;167;193,0,0,9,0,0,0,0.0,0.0,0.45,0.0,0.0,0.0,0,9,0.534185399999842,10,9,256,36,9,,method1_proportional_scores_gamma1,unrestricted_maximum_cardinality_then_maximum_testing_evalue_sum,200,0,1,exact_fixed_count_order_statistics,300.0,1,False
212,2ac6cf4af852be878f4f89aab7c9e302f2c84b6189e30d2efb1377c650f49485,proven_maximal,maximize_sum_testing_e_values_at_maximum_cardinality,proven_optimal,33637.262047802345,1.3460691625792633,24989.252397215965,0,0,6,,,90;97;101;104;123;177,0,0,6,0,0,0,0.0,0.0,0.3,0.0,0.0,0.0,0,6,0.70350919989869,10,7,260,50,6,,method1_proportional_scores_gamma1,unrestricted_maximum_cardinality_then_maximum_testing_evalue_sum,200,0,3,exact_fixed_count_order_statistics,300.0,1,False
213,6a166fc51d251c28e881fcf60576b5e6b8f65da2ab503abee6ab53c0fa7d8d35,proven_maximal,maximize_sum_testing_e_values_at_maximum_cardinality,proven_optimal,43252.62683811535,1.0,43252.62683811535,0,0,1,,,180,0,0,1,0,0,0,0.0,0.0,0.05,0.0,0.0,0.0,0,1,0.5401705000549555,8,6,236,32,1,,method1_proportional_scores_gamma1,unrestricted_maximum_cardinality_then_maximum_testing_evalue_sum,200,0,2,exact_fixed_count_order_statistics,300.0,1,False
214,b6c342d0d8af72dd7ab3564f36865b30eedef251f3f58a895089b22ccaea6fce,proven_maximal,maximize_sum_testing_e_values_at_maximum_cardinality,proven_optimal,51226.77293835548,2.087780988628663,24536.468727978623,0,0,15,,,43;45;46;56;61;77;98;105;109;115;151;153;167;187;193,0,0,15,0,0,0,0.0,0.0,0.75,0.0,0.0,0.0,0,15,0.2713374001905322,7,7,248,48,15,,method1_proportional_scores_gamma1,unrestricted_maximum_cardinality_then_maximum_testing_evalue_sum,200,0,5,exact_fixed_count_order_statistics,300.0,1,False
215,4483a5dc59aaa1b72989b650d762d90c891ddeb4b04287bec0a9bac5a1234dde,proven_maximal,maximize_sum_testing_e_values_at_maximum_cardinality,proven_optimal,0.0,0.0,919.4089638602144,0,0,0,,,,0,0,0,0,0,0,0.0,0.0,0.0,0.0,0.0,0.0,0,0,0.4379555000923574,5,3,237,36,0,,method1_proportional_scores_gamma1,unrestricted_maximum_cardinality_then_maximum_testing_evalue_sum,200,0,0,exact_fixed_count_order_statistics,300.0,1,False
216,146617d4cfcce5988b41c7c016c88cc1c70c7317e279806be49b641945b0f1eb,proven_maximal,maximize_sum_testing_e_values_at_maximum_cardinality,proven_optimal,20131.73733326867,1.4967661795262872,13450.155146904895,0,0,15,,,27;33;47;52;53;72;84;87;91;92;128;140;142;154;163,0,0,15,0,0,0,0.0,0.0,0.75,0.0,0.0,0.0,0,15,0.24338730005547404,5,5,248,48,15,,method1_proportional_scores_gamma1,unrestricted_maximum_cardinality_then_maximum_testing_evalue_sum,200,0,2,exact_fixed_count_order_statistics,300.0,1,False
217,9896178b403a39f37b434be8fcc93120248ebce7e34b20db18e6adab73177174,proven_maximal,maximize_sum_testing_e_values_at_maximum_cardinality,proven_optimal,1664.6338347454916,2.2172881167657463,750.7521562753038,0,0,5,,,34;47;83;169;180,0,0,5,0,0,0,0.0,0.0,0.25,0.0,0.0,0.0,0,5,0.43229509983211756,5,4,235,36,5,,method1_proportional_scores_gamma1,unrestricted_maximum_cardinality_then_maximum_testing_evalue_sum,200,0,0,exact_fixed_count_order_statistics,300.0,1,False
218,38a0bd9606c02233c8f02343b71789b16a08842db8c5632fff1962e7aafd2fe1,proven_maximal,maximize_sum_testing_e_values_at_maximum_cardinality,proven_optimal,65993.85195569956,1.3078021460116316,50461.64831351532,0,0,6,,,9;16;40;112;155;167,0,0,6,0,0,0,0.0,0.0,0.3,0.0,0.0,0.0,0,6,0.19570389995351434,3,3,244,47,6,,method1_proportional_scores_gamma1,unrestricted_maximum_cardinality_then_maximum_testing_evalue_sum,200,0,4,exact_fixed_count_order_statistics,300.0,1,False
219,273dca68b51836468aec2bdb4b3cd343637c663adab5a0d31c919b917250d231,proven_maximal,maximize_sum_testing_e_values_at_maximum_cardinality,proven_optimal,2411.3319083268925,3.200822558941666,753.3475736075123,0,0,12,,,1;29;38;72;100;115;118;131;143;170;178;197,0,0,12,0,0,0,0.0,0.0,0.6,0.0,0.0,0.0,0,12,0.5095029000658542,13,13,261,43,12,,method1_proportional_scores_gamma1,unrestricted_maximum_cardinality_then_maximum_testing_evalue_sum,200,0,0,exact_fixed_count_order_statistics,300.0,1,False
220,9c118f6abf57a926f9b4b97e393965b00420299dcf2b480562f31ca5ba6f97b0,proven_maximal,maximize_sum_testing_e_values_at_maximum_cardinality,proven_optimal,5042.34627194289,1.8305511673150818,2754.550848932911,0,0,7,,,3;34;69;82;96;115;151,0,0,7,0,0,0,0.0,0.0,0.35,0.0,0.0,0.0,0,7,0.4565661000087857,6,5,236,38,7,,method1_proportional_scores_gamma1,unrestricted_maximum_cardinality_then_maximum_testing_evalue_sum,200,0,0,exact_fixed_count_order_statistics,300.0,1,False
221,519f1ddbeb81a9b03ea2ee630ec07618d6129051d5e897b1abb17662bf4c72c3,proven_maximal,maximize_sum_testing_e_values_at_maximum_cardinality,proven_optimal,160806.7148599625,1.0635281592873231,151201.18208033164,0,0,5,,,5;22;42;72;93,0,0,5,0,0,0,0.0,0.0,0.25,0.0,0.0,0.0,0,5,0.6383046000264585,7,5,254,54,5,,method1_proportional_scores_gamma1,unrestricted_maximum_cardinality_then_maximum_testing_evalue_sum,200,0,2,exact_fixed_count_order_statistics,300.0,1,False
222,a7427be79be885550dabc336dba69601a8ee40b444dbfe4f65298f2fcc6a4278,proven_maximal,maximize_sum_testing_e_values_at_maximum_cardinality,proven_optimal,42932.63345708814,1.3429337986181618,31969.28508409314,0,0,15,,,11;17;21;25;30;40;64;69;71;89;95;107;137;175;179,0,0,15,0,0,0,0.0,0.0,0.75,0.0,0.0,0.0,0,15,0.8162741998676211,15,14,251,39,15,,method1_proportional_scores_gamma1,unrestricted_maximum_cardinality_then_maximum_testing_evalue_sum,200,0,2,exact_fixed_count_order_statistics,300.0,1,False
223,1290c3d8af4768edcc422227e584e87e3f1065f66a727486a9a32e75835468b5,proven_maximal,maximize_sum_testing_e_values_at_maximum_cardinality,proven_optimal,100955.07192723494,1.3389455390791987,75398.93817986232,0,0,14,,,16;55;73;86;102;111;135;145;151;168;169;191;194;197,0,0,14,0,0,0,0.0,0.0,0.7,0.0,0.0,0.0,0,14,0.22366630006581545,6,6,233,33,14,,method1_proportional_scores_gamma1,unrestricted_maximum_cardinality_then_maximum_testing_evalue_sum,200,0,5,exact_fixed_count_order_statistics,300.0,1,False
224,17a7b08b72693cc535c07cad72b0fe392c6c82f2df7732707f4d4536a2c7d89b,proven_maximal,maximize_sum_testing_e_values_at_maximum_cardinality,proven_optimal,100396.37685296517,1.0693495221727543,93885.4647346502,0,0,7,,,47;85;88;102;112;118;199,0,0,7,0,0,0,0.0,0.0,0.35,0.0,0.0,0.0,0,7,0.4482599999755621,5,4,247,49,7,,method1_proportional_scores_gamma1,unrestricted_maximum_cardinality_then_maximum_testing_evalue_sum,200,0,4,exact_fixed_count_order_statistics,300.0,1,False
225,3286d20e47f9e9abc07102465de2501edd03f88168d06d179afae3de86672bdb,proven_maximal,maximize_sum_testing_e_values_at_maximum_cardinality,proven_optimal,12035.881315302107,2.4749894706998887,4863.003038109308,0,0,6,,,57;82;98;139;170;175,0,0,6,0,0,0,0.0,0.0,0.3,0.0,0.0,0.0,0,6,0.19486470008268952,3,3,243,48,6,,method1_proportional_scores_gamma1,unrestricted_maximum_cardinality_then_maximum_testing_evalue_sum,200,0,3,exact_fixed_count_order_statistics,300.0,1,False
226,34e914f401e0c66409010a3ce3229d7ea7de2700f100f01734b19ab9e53d7656,proven_maximal,maximize_sum_testing_e_values_at_maximum_cardinality,proven_optimal,19285.199783888827,1.77322134908705,10875.799456067843,0,0,9,,,11;68;79;94;100;124;131;141;177,0,0,9,0,0,0,0.0,0.0,0.45,0.0,0.0,0.0,0,9,0.4820159000810236,7,6,245,45,9,,method1_proportional_scores_gamma1,unrestricted_maximum_cardinality_then_maximum_testing_evalue_sum,200,0,3,exact_fixed_count_order_statistics,300.0,1,False
227,e37cb58f19f44bc669450bf1db203ff390445c9c1d6c9288301a59686d34ba78,proven_maximal,maximize_sum_testing_e_values_at_maximum_cardinality,proven_optimal,11300.43019448171,2.2409222185576425,5042.758780693054,0,0,12,,,9;36;44;46;50;54;100;113;151;153;165;191,0,0,12,0,0,0,0.0,0.0,0.6,0.0,0.0,0.0,0,12,0.18783079995773733,4,4,235,40,12,,method1_proportional_scores_gamma1,unrestricted_maximum_cardinality_then_maximum_testing_evalue_sum,200,0,5,exact_fixed_count_order_statistics,300.0,1,False
228,16f5e93d9813019adcdaf877e7711175f6ccfa0141e7f170e781d425e648d802,proven_maximal,maximize_sum_testing_e_values_at_maximum_cardinality,proven_optimal,0.0,0.0,5731.466365321655,0,0,0,,,,0,0,0,0,0,0,0.0,0.0,0.0,0.0,0.0,0.0,0,0,0.18485610000789165,3,3,247,47,0,,method1_proportional_scores_gamma1,unrestricted_maximum_cardinality_then_maximum_testing_evalue_sum,200,0,1,exact_fixed_count_order_statistics,300.0,1,False
229,1d72218bb003fb7bcf3641bdf29236c79f243104155ca7827b1a0c1abdf3094c,proven_maximal,maximize_sum_testing_e_values_at_maximum_cardinality,proven_optimal,3790.8421559392914,3.7067334045816165,1022.6908013545604,0,0,13,,,3;22;29;46;49;93;121;139;140;166;177;178;185,0,0,13,0,0,0,0.0,0.0,0.65,0.0,0.0,0.0,0,13,0.3425364000722766,8,8,249,40,13,,method1_proportional_scores_gamma1,unrestricted_maximum_cardinality_then_maximum_testing_evalue_sum,200,0,0,exact_fixed_count_order_statistics,300.0,1,False
230,cfac55a015c6612263562d21c3bf8d74eb6636209a4a0394e17a6647eadec09c,proven_maximal,maximize_sum_testing_e_values_at_maximum_cardinality,proven_optimal,17722.291855815398,1.27924903495861,13853.668340964432,0,0,12,,,7;16;17;31;49;98;112;134;139;147;151;171,0,0,12,0,0,0,0.0,0.0,0.6,0.0,0.0,0.0,0,12,0.32563109998591244,8,8,243,43,12,,method1_proportional_scores_gamma1,unrestricted_maximum_cardinality_then_maximum_testing_evalue_sum,200,0,3,exact_fixed_count_order_statistics,300.0,1,False
231,23d290ef44a8cba16b502b898615e6bc9873d9806d8b75d6abfc1d35540d2632,proven_maximal,maximize_sum_testing_e_values_at_maximum_cardinality,proven_optimal,10085.523554270572,2.7184601007841946,3710.01345628034,0,0,9,,,4;33;35;88;93;117;176;195;197,0,0,9,0,0,0,0.0,0.0,0.45,0.0,0.0,0.0,0,9,0.5414649001322687,12,11,248,36,9,,method1_proportional_scores_gamma1,unrestricted_maximum_cardinality_then_maximum_testing_evalue_sum,200,0,4,exact_fixed_count_order_statistics,300.0,1,False
232,c39f24470099c83b7fdfadae02aae2a8b9215f993fa09b60d8f77559d66f41cb,proven_maximal,maximize_sum_testing_e_values_at_maximum_cardinality,proven_optimal,265694.98520405043,1.0539752763243533,252088.441894613,0,0,15,,,20;39;61;95;103;106;108;121;133;147;148;167;173;174;199,0,0,15,0,0,0,0.0,0.0,0.75,0.0,0.0,0.0,0,15,0.1855511001776904,4,4,221,32,15,,method1_proportional_scores_gamma1,unrestricted_maximum_cardinality_then_maximum_testing_evalue_sum,200,0,3,exact_fixed_count_order_statistics,300.0,1,False
233,b34425c7379576372bbbb955043ffa72f7ddb1f0c1d6a0683167772e5331318c,proven_maximal,maximize_sum_testing_e_values_at_maximum_cardinality,proven_optimal,89418.3119120605,1.6997787324786975,52605.85404646551,0,0,10,,,30;34;81;88;105;111;130;143;163;170,0,0,10,0,0,0,0.0,0.0,0.5,0.0,0.0,0.0,0,10,0.31415520003065467,5,5,242,47,10,,method1_proportional_scores_gamma1,unrestricted_maximum_cardinality_then_maximum_testing_evalue_sum,200,0,5,exact_fixed_count_order_statistics,300.0,1,False
234,197337fb532539263efc927f70372e3635a35fa63b7b0f7f622a9947fdcf641c,proven_maximal,maximize_sum_testing_e_values_at_maximum_cardinality,proven_optimal,7760.491589934291,2.207971661197878,3514.7605045456235,0,0,5,,,35;54;59;103;155,0,0,5,0,0,0,0.0,0.0,0.25,0.0,0.0,0.0,0,5,0.630074999993667,8,6,246,45,5,,method1_proportional_scores_gamma1,unrestricted_maximum_cardinality_then_maximum_testing_evalue_sum,200,0,3,exact_fixed_count_order_statistics,300.0,1,False
235,710e23f0c3324a333ea6de907af1c3de65f32b54aa74d64cc6f4e33e3a3e25c0,proven_maximal,maximize_sum_testing_e_values_at_maximum_cardinality,proven_optimal,30021.095526445868,1.8047542950535518,16634.450245513926,0,0,13,,,12;15;44;60;70;89;100;146;149;155;173;185;191,0,0,13,0,0,0,0.0,0.0,0.65,0.0,0.0,0.0,0,13,0.23221369995735586,5,5,236,35,13,,method1_proportional_scores_gamma1,unrestricted_maximum_cardinality_then_maximum_testing_evalue_sum,200,0,4,exact_fixed_count_order_statistics,300.0,1,False
236,f96525c14699eb62691c14cf1049296261565b3bddc33904c706e6726a3f8b77,proven_maximal,maximize_sum_testing_e_values_at_maximum_cardinality,proven_optimal,5146.949392872388,1.3006790718752468,3957.124785172258,0,0,7,,,52;118;128;132;166;186;192,0,0,7,0,0,0,0.0,0.0,0.35,0.0,0.0,0.0,0,7,0.4616322999354452,5,4,234,36,7,,method1_proportional_scores_gamma1,unrestricted_maximum_cardinality_then_maximum_testing_evalue_sum,200,0,0,exact_fixed_count_order_statistics,300.0,1,False
237,e61ed3819f89836cbd915bdc83bd019d69c3378b7c2041cf2d9bca9a855cc72e,proven_maximal,maximize_sum_testing_e_values_at_maximum_cardinality,proven_optimal,28948.93573054544,1.4827836080198296,19523.371835223512,0,0,13,,,6;17;19;20;54;61;66;109;115;164;169;173;196,0,0,13,0,0,0,0.0,0.0,0.65,0.0,0.0,0.0,0,13,0.25028779986314476,5,5,241,38,13,,method1_proportional_scores_gamma1,unrestricted_maximum_cardinality_then_maximum_testing_evalue_sum,200,0,4,exact_fixed_count_order_statistics,300.0,1,False
238,62fc1c0563dcd863a17a44d749c9ce38c3d17fd15b02fb655761e10a48842205,proven_maximal,maximize_sum_testing_e_values_at_maximum_cardinality,proven_optimal,5869.185205795448,2.5168165080443656,2331.9877261755423,0,0,12,,,21;25;26;53;55;57;72;90;100;136;163;196,0,0,12,0,0,0,0.0,0.0,0.6,0.0,0.0,0.0,0,12,0.5779164999257773,11,11,290,37,12,,method1_proportional_scores_gamma1,unrestricted_maximum_cardinality_then_maximum_testing_evalue_sum,200,0,0,exact_fixed_count_order_statistics,300.0,1,False
239,326c55efd02b148a470310d7281b87f883e2da9e51895f6ced4d30e835848cb6,proven_maximal,maximize_sum_testing_e_values_at_maximum_cardinality,proven_optimal,63265.87511240085,2.1192335126772384,29853.18735946033,0,0,12,,,3;9;64;106;107;130;147;149;156;158;160;179,0,0,12,0,0,0,0.0,0.0,0.6,0.0,0.0,0.0,0,12,0.182507999939844,4,4,235,40,12,,method1_proportional_scores_gamma1,unrestricted_maximum_cardinality_then_maximum_testing_evalue_sum,200,0,3,exact_fixed_count_order_statistics,300.0,1,False
240,4a415ab2a0100987a7b2d8db07e27f411594bdc8299818d1e370a2523d4bca68,proven_maximal,maximize_sum_testing_e_values_at_maximum_cardinality,proven_optimal,6860.752984248348,5.25701367425173,1305.0666042303744,0,0,16,,,2;17;24;32;35;51;52;70;94;109;115;158;175;177;191;196,0,0,16,0,0,0,0.0,0.0,0.8,0.0,0.0,0.0,0,16,0.22505489992909133,5,5,239,45,16,,method1_proportional_scores_gamma1,unrestricted_maximum_cardinality_then_maximum_testing_evalue_sum,200,0,0,exact_fixed_count_order_statistics,300.0,1,False
241,5649bfec763680ba64a3ae03d9467eb0d0fb145d0047fe7ab23b070876fd94d6,proven_maximal,maximize_sum_testing_e_values_at_maximum_cardinality,proven_optimal,2256.676258151815,1.7701205294184927,1274.871524648755,0,0,5,,,1;22;90;142;182,0,0,5,0,0,0,0.0,0.0,0.25,0.0,0.0,0.0,0,5,0.44197949999943376,5,4,245,47,5,,method1_proportional_scores_gamma1,unrestricted_maximum_cardinality_then_maximum_testing_evalue_sum,200,0,0,exact_fixed_count_order_statistics,300.0,1,False
242,2c82c7800786f00f8075f987b45b677bf537f074cbd33827ed59aba11513418d,proven_maximal,maximize_sum_testing_e_values_at_maximum_cardinality,proven_optimal,57290.63425185109,1.081928635829971,52952.32268984377,0,0,4,,,36;160;177;193,0,0,4,0,0,0,0.0,0.0,0.2,0.0,0.0,0.0,0,4,0.44591080001555383,6,5,237,38,4,,method1_proportional_scores_gamma1,unrestricted_maximum_cardinality_then_maximum_testing_evalue_sum,200,0,2,exact_fixed_count_order_statistics,300.0,1,False
243,5a868111f1a6301f30a6e382aec0e19d18cce16e307bac55bbce3a3bafd74e7c,proven_maximal,maximize_sum_testing_e_values_at_maximum_cardinality,proven_optimal,205356.16516809477,1.2731401134873723,161298.95130362775,0,0,10,,,14;16;37;45;47;93;110;130;161;177,0,0,10,0,0,0,0.0,0.0,0.5,0.0,0.0,0.0,0,10,0.25640240008942783,4,4,247,52,10,,method1_proportional_scores_gamma1,unrestricted_maximum_cardinality_then_maximum_testing_evalue_sum,200,0,4,exact_fixed_count_order_statistics,300.0,1,False
244,26b643161e625c6befce4d2ec2182f10f0a778735cc57763d25b3278179c0977,proven_maximal,maximize_sum_testing_e_values_at_maximum_cardinality,proven_optimal,7962.947703874089,2.1455439278725748,3711.3888000278753,0,0,12,,,20;33;53;88;95;114;117;122;124;129;136;171,0,0,12,0,0,0,0.0,0.0,0.6,0.0,0.0,0.0,0,12,0.5796540000010282,12,12,261,41,12,,method1_proportional_scores_gamma1,unrestricted_maximum_cardinality_then_maximum_testing_evalue_sum,200,0,0,exact_fixed_count_order_statistics,300.0,1,False
245,9817051dc8a66e0e3712d9463601724025ceecf668e1dbc81be1e094acbc8430,proven_maximal,maximize_sum_testing_e_values_at_maximum_cardinality,proven_optimal,38379.77222662532,1.3103917913429022,29288.776440894333,0,0,9,,,15;23;28;39;57;76;112;116;126,0,0,9,0,0,0,0.0,0.0,0.45,0.0,0.0,0.0,0,9,0.6298408999573439,12,11,248,37,9,,method1_proportional_scores_gamma1,unrestricted_maximum_cardinality_then_maximum_testing_evalue_sum,200,0,8,exact_fixed_count_order_statistics,300.0,1,False
246,999681d484ef9da3b7f746cef815e2d40364ef92cf235c4f485eb3464faf6d5f,proven_maximal,maximize_sum_testing_e_values_at_maximum_cardinality,proven_optimal,18645.29665712509,1.5138405647541413,12316.55241062537,0,0,13,,,7;22;26;27;71;84;90;118;121;151;170;188;189,0,0,12,0,0,1,0.0,0.0,0.6,0.0,0.0,0.07692307692307693,0,13,0.20824069995433092,4,4,239,42,13,,method1_proportional_scores_gamma1,unrestricted_maximum_cardinality_then_maximum_testing_evalue_sum,200,0,2,exact_fixed_count_order_statistics,300.0,1,False
247,944caf8c85b2365e533308d719656043e271bc600588c2192357de407b4fd839,proven_maximal,maximize_sum_testing_e_values_at_maximum_cardinality,proven_optimal,32648.522904080684,1.0985553660550202,29719.506101293315,0,0,14,,,4;16;33;55;56;59;71;77;86;104;117;184;191;194,0,0,14,0,0,0,0.0,0.0,0.7,0.0,0.0,0.0,0,14,0.3701667001005262,9,9,270,39,14,,method1_proportional_scores_gamma1,unrestricted_maximum_cardinality_then_maximum_testing_evalue_sum,200,0,1,exact_fixed_count_order_statistics,300.0,1,False
248,c3b1741f146cd7cbf263b7d59a6eb8f5bb4a0e11ba1e8dada626d5ad3e018137,proven_maximal,maximize_sum_testing_e_values_at_maximum_cardinality,proven_optimal,97868.25281629659,1.1213658290970185,87275.93643111557,0,0,14,,,3;21;26;27;48;65;66;102;140;141;143;162;193;197,0,0,14,0,0,0,0.0,0.0,0.7,0.0,0.0,0.0,0,14,0.47010409994982183,11,11,274,41,14,,method1_proportional_scores_gamma1,unrestricted_maximum_cardinality_then_maximum_testing_evalue_sum,200,0,2,exact_fixed_count_order_statistics,300.0,1,False
249,61aca3e57911800ab8c65cb512b1147b9d3b3117060aafb7ebc6d16eb055c8a0,proven_maximal,maximize_sum_testing_e_values_at_maximum_cardinality,proven_optimal,1279.533224034656,2.0365096248706913,628.2971651145034,0,0,7,,,7;45;49;73;98;110;138,0,0,7,0,0,0,0.0,0.0,0.35,0.0,0.0,0.0,0,7,0.4197938998695463,5,4,239,39,7,,method1_proportional_scores_gamma1,unrestricted_maximum_cardinality_then_maximum_testing_evalue_sum,200,0,0,exact_fixed_count_order_statistics,300.0,1,False
250,761c402527733c31a8dd472c3539b51e84471d477594c245b16918d2fda33d01,proven_maximal,maximize_sum_testing_e_values_at_maximum_cardinality,proven_optimal,20849.975455371663,1.8074279350107096,11535.716058990822,0,0,12,,,9;57;82;106;137;149;157;160;162;169;172;176,0,0,12,0,0,0,0.0,0.0,0.6,0.0,0.0,0.0,0,12,0.1703138998709619,3,3,229,37,12,,method1_proportional_scores_gamma1,unrestricted_maximum_cardinality_then_maximum_testing_evalue_sum,200,0,3,exact_fixed_count_order_statistics,300.0,1,False
251,b5517b318ddf1b91a7d4f9f1fa3e51b1f1cd07fc2b5ba1a1588daf1345aa6c8a,proven_maximal,maximize_sum_testing_e_values_at_maximum_cardinality,proven_optimal,3595.2647859759754,3.3708120511286377,1066.587140262592,0,0,12,,,2;31;48;58;60;131;133;134;140;163;184;192,0,0,12,0,0,0,0.0,0.0,0.6,0.0,0.0,0.0,0,12,0.23717180010862648,5,5,234,40,12,,method1_proportional_scores_gamma1,unrestricted_maximum_cardinality_then_maximum_testing_evalue_sum,200,0,0,exact_fixed_count_order_statistics,300.0,1,False
252,39a32692903b3e0b0a2d0801544b676609524768bc3426544f93cb767773fd18,proven_maximal,maximize_sum_testing_e_values_at_maximum_cardinality,proven_optimal,13429.720692133977,1.9301626715915714,6957.818058443806,0,0,10,,,2;16;42;50;57;74;77;127;134;148,0,0,10,0,0,0,0.0,0.0,0.5,0.0,0.0,0.0,0,10,0.4083110000938177,10,10,270,43,10,,method1_proportional_scores_gamma1,unrestricted_maximum_cardinality_then_maximum_testing_evalue_sum,200,0,2,exact_fixed_count_order_statistics,300.0,1,False
253,fb9c6897d0be5513c862c13d014fd1d7d291120a3c60d757ecdfc70369803365,proven_maximal,maximize_sum_testing_e_values_at_maximum_cardinality,proven_optimal,10971.83584746513,1.5560161138766468,7051.235362935915,0,0,8,,,45;57;85;135;137;155;162;187,0,0,8,0,0,0,0.0,0.0,0.4,0.0,0.0,0.0,0,8,0.20157519984059036,3,3,239,44,8,,method1_proportional_scores_gamma1,unrestricted_maximum_cardinality_then_maximum_testing_evalue_sum,200,0,1,exact_fixed_count_order_statistics,300.0,1,False
254,a9348e3d19ff2456f291c4f9ef4c3622cb61abdaf582e90481ab2c01f24d7689,proven_maximal,maximize_sum_testing_e_values_at_maximum_cardinality,proven_optimal,6133.684972705933,1.1696709199338144,5243.940725698307,0,0,6,,,7;20;62;115;128;139,0,0,6,0,0,0,0.0,0.0,0.3,0.0,0.0,0.0,0,6,0.7501403000205755,11,8,244,41,6,,method1_proportional_scores_gamma1,unrestricted_maximum_cardinality_then_maximum_testing_evalue_sum,200,0,2,exact_fixed_count_order_statistics,300.0,1,False
255,522f19828518ab91049694f301fd44cf0676e99f927ecbc5c47f971a088b50c5,proven_maximal,maximize_sum_testing_e_values_at_maximum_cardinality,proven_optimal,116852.36849699616,1.1302028900274388,103390.61201140554,0,0,6,,,50;58;102;111;180;193,0,0,6,0,0,0,0.0,0.0,0.3,0.0,0.0,0.0,0,6,0.4787104001734406,6,5,239,42,6,,method1_proportional_scores_gamma1,unrestricted_maximum_cardinality_then_maximum_testing_evalue_sum,200,0,6,exact_fixed_count_order_statistics,300.0,1,False
256,f4c6b6693483d50e95c79217f3de384db3009b43a94ee917272f862ca17e98dd,proven_maximal,maximize_sum_testing_e_values_at_maximum_cardinality,proven_optimal,25791.59930873998,2.271385740640321,11355.006262154808,0,0,10,,,4;17;54;58;63;73;84;112;133;141,0,0,10,0,0,0,0.0,0.0,0.5,0.0,0.0,0.0,0,10,0.3499069001991302,7,7,235,30,10,,method1_proportional_scores_gamma1,unrestricted_maximum_cardinality_then_maximum_testing_evalue_sum,200,0,3,exact_fixed_count_order_statistics,300.0,1,False
257,d7b90c9de054052f8da7e08bcdf40bd86f1f4090ef23806b3deffa75f4512656,proven_maximal,maximize_sum_testing_e_values_at_maximum_cardinality,proven_optimal,14099.563555470113,3.3795901863016944,4171.974345475109,0,0,12,,,27;39;43;54;65;70;74;84;133;139;142;163,0,0,12,0,0,0,0.0,0.0,0.6,0.0,0.0,0.0,0,12,0.6594144999980927,14,14,253,48,12,,method1_proportional_scores_gamma1,unrestricted_maximum_cardinality_then_maximum_testing_evalue_sum,200,0,5,exact_fixed_count_order_statistics,300.0,1,False
258,02c2bc20891a49fead0bf1a26de6a341970102eb16df158df5dd0f4c00991302,proven_maximal,maximize_sum_testing_e_values_at_maximum_cardinality,proven_optimal,16140.431580681823,3.592470695562164,4492.849893144669,0,0,12,,,0;23;44;56;61;64;95;110;139;152;198;199,0,0,12,0,0,0,0.0,0.0,0.6,0.0,0.0,0.0,0,12,0.2510512999724597,8,8,233,37,12,,method1_proportional_scores_gamma1,unrestricted_maximum_cardinality_then_maximum_testing_evalue_sum,200,0,5,exact_fixed_count_order_statistics,300.0,1,False
259,2473c9163e27c9451072e9ebc592032db3e1e76a96e2fdae1dc7380a616e7ef6,proven_maximal,maximize_sum_testing_e_values_at_maximum_cardinality,proven_optimal,56742.89641669433,1.2230663032072253,46393.96594272807,0,0,13,,,29;57;64;67;72;111;113;131;145;161;168;179;190,0,0,13,0,0,0,0.0,0.0,0.65,0.0,0.0,0.0,0,13,0.2889226998668164,8,8,243,41,13,,method1_proportional_scores_gamma1,unrestricted_maximum_cardinality_then_maximum_testing_evalue_sum,200,0,2,exact_fixed_count_order_statistics,300.0,1,False
260,61535cc22894f8e35ca54b2ce4db09b33f3b73abb6a1ceeab34b139e9f9eb4a9,proven_maximal,maximize_sum_testing_e_values_at_maximum_cardinality,proven_optimal,56766.06562723468,2.3243693437204156,24422.13660259956,0,0,14,,,31;44;77;84;86;88;116;136;142;155;161;168;171;179,0,0,14,0,0,0,0.0,0.0,0.7,0.0,0.0,0.0,0,14,0.2441312000155449,5,5,258,47,14,,method1_proportional_scores_gamma1,unrestricted_maximum_cardinality_then_maximum_testing_evalue_sum,200,0,5,exact_fixed_count_order_statistics,300.0,1,False
261,ecce89dbbc3fe8aca4cb549b1d62b9ccb28e16e078d76b05ae19060400845eb0,proven_maximal,maximize_sum_testing_e_values_at_maximum_cardinality,proven_optimal,2856.2626278331327,1.7601721333766487,1622.7177863302409,0,0,9,,,15;53;62;77;90;95;112;186;192,0,0,9,0,0,0,0.0,0.0,0.45,0.0,0.0,0.0,0,9,0.3528275000862777,7,7,249,41,9,,method1_proportional_scores_gamma1,unrestricted_maximum_cardinality_then_maximum_testing_evalue_sum,200,0,0,exact_fixed_count_order_statistics,300.0,1,False
262,b9a0c35a8940bcc8a7f12e0736eec82af348f2e43086be39e1e156c095d05617,proven_maximal,maximize_sum_testing_e_values_at_maximum_cardinality,proven_optimal,12898.079659591787,1.7659423443744215,7303.794317339893,0,0,8,,,3;9;82;86;102;107;118;162,0,0,8,0,0,0,0.0,0.0,0.4,0.0,0.0,0.0,0,8,0.44854160002432764,5,4,243,46,8,,method1_proportional_scores_gamma1,unrestricted_maximum_cardinality_then_maximum_testing_evalue_sum,200,0,2,exact_fixed_count_order_statistics,300.0,1,False
263,03ab3889ba3be91bee41bbfa4e33b91e872f49e16af4e4885482bb76b733b30d,proven_maximal,maximize_sum_testing_e_values_at_maximum_cardinality,proven_optimal,338956.8774406626,1.1942507616604576,283823.87378123595,0,0,6,,,36;66;80;94;100;114,0,0,6,0,0,0,0.0,0.0,0.3,0.0,0.0,0.0,0,6,0.6023528000805527,10,8,236,32,6,,method1_proportional_scores_gamma1,unrestricted_maximum_cardinality_then_maximum_testing_evalue_sum,200,0,3,exact_fixed_count_order_statistics,300.0,1,False
264,7377855db54fe23cc43929d89f9d7cb1587d9e96faa6c436a7ad3af0df5cb849,proven_maximal,maximize_sum_testing_e_values_at_maximum_cardinality,proven_optimal,91685.15729206895,1.1696449113206029,78387.17238426713,0,0,15,,,0;1;8;13;41;58;102;105;120;124;134;152;165;167;169,0,0,14,0,0,1,0.0,0.0,0.7,0.0,0.0,0.06666666666666667,0,15,0.40085109998472035,9,9,249,40,15,,method1_proportional_scores_gamma1,unrestricted_maximum_cardinality_then_maximum_testing_evalue_sum,200,0,5,exact_fixed_count_order_statistics,300.0,1,False
265,765b417bafbab101bc74db8561a048ed16d93958207a56b921f05dcf781aec43,proven_maximal,maximize_sum_testing_e_values_at_maximum_cardinality,proven_optimal,11800.814015299287,1.6257621396723123,7258.635028662836,0,0,4,,,17;73;79;99,0,0,4,0,0,0,0.0,0.0,0.2,0.0,0.0,0.0,0,4,0.44344759988598526,6,5,238,39,4,,method1_proportional_scores_gamma1,unrestricted_maximum_cardinality_then_maximum_testing_evalue_sum,200,0,2,exact_fixed_count_order_statistics,300.0,1,False
266,c053029852326ef6c400add429150b96542e635d91099996e4d50951ed2d22e6,proven_maximal,maximize_sum_testing_e_values_at_maximum_cardinality,proven_optimal,6476.16260240042,1.0237645080721667,6325.832309420035,0,0,10,,,9;24;36;53;60;65;81;133;147;168,0,0,10,0,0,0,0.0,0.0,0.5,0.0,0.0,0.0,0,10,0.22871019993908703,6,6,248,47,10,,method1_proportional_scores_gamma1,unrestricted_maximum_cardinality_then_maximum_testing_evalue_sum,200,0,3,exact_fixed_count_order_statistics,300.0,1,False
267,352f357f54f3c093fd3dd7d7dcad36a0fa593bbf91841bb54f3aba008ba6a710,proven_maximal,maximize_sum_testing_e_values_at_maximum_cardinality,proven_optimal,4666.533265415886,2.9893147816922796,1561.071217389196,0,0,8,,,56;62;83;106;107;155;171;186,0,0,8,0,0,0,0.0,0.0,0.4,0.0,0.0,0.0,0,8,0.44073239993304014,7,6,248,43,8,,method1_proportional_scores_gamma1,unrestricted_maximum_cardinality_then_maximum_testing_evalue_sum,200,0,0,exact_fixed_count_order_statistics,300.0,1,False
268,0f4a03530f8845f472eadd7402351413aa331cdc9e316144bbcd529051316eae,proven_maximal,maximize_sum_testing_e_values_at_maximum_cardinality,proven_optimal,124889.89004108463,1.0085408864290597,123832.25283338012,0,0,2,,,42;166,0,0,2,0,0,0,0.0,0.0,0.1,0.0,0.0,0.0,0,2,0.7100957999937236,11,8,249,41,2,,method1_proportional_scores_gamma1,unrestricted_maximum_cardinality_then_maximum_testing_evalue_sum,200,0,1,exact_fixed_count_order_statistics,300.0,1,False
269,3408f866d03e296e677704078e9fbdb5ec3b65175b9183115bb74f3ddcac5334,proven_maximal,maximize_sum_testing_e_values_at_maximum_cardinality,proven_optimal,38548.92146366124,1.5349363181044662,25114.34579335925,0,0,9,,,12;18;28;62;68;70;161;194;196,0,0,9,0,0,0,0.0,0.0,0.45,0.0,0.0,0.0,0,9,0.18940620007924736,3,3,237,43,9,,method1_proportional_scores_gamma1,unrestricted_maximum_cardinality_then_maximum_testing_evalue_sum,200,0,6,exact_fixed_count_order_statistics,300.0,1,False
270,bbce382652b460aa607467b4134e0993fe1719497385416a5bb3de513b65ccd2,proven_maximal,maximize_sum_testing_e_values_at_maximum_cardinality,proven_optimal,45855.56596246446,3.372613593761653,13596.448181103173,0,0,13,,,5;16;43;52;67;85;88;93;114;137;138;176;187,0,0,13,0,0,0,0.0,0.0,0.65,0.0,0.0,0.0,0,13,0.25351880001835525,5,5,237,44,13,,method1_proportional_scores_gamma1,unrestricted_maximum_cardinality_then_maximum_testing_evalue_sum,200,0,6,exact_fixed_count_order_statistics,300.0,1,False
271,8325d9053d2218a68420dcf1333b153cc867b96506eeef3dedf02572172e3770,proven_maximal,maximize_sum_testing_e_values_at_maximum_cardinality,proven_optimal,33796.24692241978,2.1048617077853575,16056.279040763537,0,0,11,,,30;49;52;72;77;104;136;147;166;167;179,0,0,11,0,0,0,0.0,0.0,0.55,0.0,0.0,0.0,0,11,0.18128819996491075,5,5,231,35,11,,method1_proportional_scores_gamma1,unrestricted_maximum_cardinality_then_maximum_testing_evalue_sum,200,0,10,exact_fixed_count_order_statistics,300.0,1,False
272,c6af4df2ab7909f298196cc2cccc616cb843d3aaa7c996e2e93b187e9c3fd0d9,proven_maximal,maximize_sum_testing_e_values_at_maximum_cardinality,proven_optimal,2431.9589279689512,0.4162570702954129,5842.444733114125,0,0,4,,,35;56;97;195,0,0,4,0,0,0,0.0,0.0,0.2,0.0,0.0,0.0,0,4,0.15650440007448196,3,3,224,27,4,,method1_proportional_scores_gamma1,unrestricted_maximum_cardinality_then_maximum_testing_evalue_sum,200,0,1,exact_fixed_count_order_statistics,300.0,1,False
273,0c023b1ee32b4627f9adb9689ecdf248a3da3163d5a526f975d4cc8f2a5dde8a,proven_maximal,maximize_sum_testing_e_values_at_maximum_cardinality,proven_optimal,201990.50528625026,1.072375445307359,188358.01040591407,0,0,10,,,17;40;45;60;91;95;111;125;176;183,0,0,10,0,0,0,0.0,0.0,0.5,0.0,0.0,0.0,0,10,0.3198106999043375,7,7,264,49,10,,method1_proportional_scores_gamma1,unrestricted_maximum_cardinality_then_maximum_testing_evalue_sum,200,0,5,exact_fixed_count_order_statistics,300.0,1,False
274,1e26f91bddb39ac30accb45dd25f714842bc08e7396b03ef32ca0781ec085221,proven_maximal,maximize_sum_testing_e_values_at_maximum_cardinality,proven_optimal,7404.762497139273,1.933568236721151,3829.5842662868217,0,0,6,,,26;61;75;133;135;184,0,0,6,0,0,0,0.0,0.0,0.3,0.0,0.0,0.0,0,6,0.5987803000025451,8,6,256,49,6,,method1_proportional_scores_gamma1,unrestricted_maximum_cardinality_then_maximum_testing_evalue_sum,200,0,2,exact_fixed_count_order_statistics,300.0,1,False
275,13051419603e1e52687a0bf79240c6b8d780e88f5a53531e2542dfaa1d27352a,proven_maximal,maximize_sum_testing_e_values_at_maximum_cardinality,proven_optimal,36773.62501452945,1.2642331170286245,29087.693178738988,0,0,10,,,29;46;63;90;91;116;133;151;164;192,0,0,10,0,0,0,0.0,0.0,0.5,0.0,0.0,0.0,0,10,0.20580249978229403,5,5,245,43,10,,method1_proportional_scores_gamma1,unrestricted_maximum_cardinality_then_maximum_testing_evalue_sum,200,0,4,exact_fixed_count_order_statistics,300.0,1,False
276,a2b3f6d5da489a53e435bbe5625963a108c01eafccdc6b4efe2c694222f9abb5,proven_maximal,maximize_sum_testing_e_values_at_maximum_cardinality,proven_optimal,170141.45468852384,1.2144515304578642,140097.3611720661,0,0,9,,,13;16;23;27;42;45;52;177;194,0,0,9,0,0,0,0.0,0.0,0.45,0.0,0.0,0.0,0,9,0.36550440010614693,6,6,248,48,9,,method1_proportional_scores_gamma1,unrestricted_maximum_cardinality_then_maximum_testing_evalue_sum,200,0,3,exact_fixed_count_order_statistics,300.0,1,False
277,e6a6105d34ae4fe68c152e4d9924f209e0a3ec7ed071b179d9ffd25860ab0566,proven_maximal,maximize_sum_testing_e_values_at_maximum_cardinality,proven_optimal,13266.743485782079,1.847861171795882,7179.513097776994,0,0,13,,,1;23;44;45;77;97;116;132;136;150;157;167;179,0,0,13,0,0,0,0.0,0.0,0.65,0.0,0.0,0.0,0,13,0.5858154001180083,13,13,275,43,13,,method1_proportional_scores_gamma1,unrestricted_maximum_cardinality_then_maximum_testing_evalue_sum,200,0,5,exact_fixed_count_order_statistics,300.0,1,False
278,03f4cef0e3f556982d9c822750cf2b834f39c648005a3083bdfb7544d909c4d3,proven_maximal,maximize_sum_testing_e_values_at_maximum_cardinality,proven_optimal,36789.60483044107,1.2922653219584443,28469.07999874667,0,0,9,,,2;18;71;81;109;126;127;148;199,0,0,9,0,0,0,0.0,0.0,0.45,0.0,0.0,0.0,0,9,0.4398462998215109,5,4,226,31,9,,method1_proportional_scores_gamma1,unrestricted_maximum_cardinality_then_maximum_testing_evalue_sum,200,0,5,exact_fixed_count_order_statistics,300.0,1,False
279,1da2999e5f7e8a662188ee08fdd13c0c888cae53586b195095d46b86bd352a5b,proven_maximal,maximize_sum_testing_e_values_at_maximum_cardinality,proven_optimal,56509.28494308167,1.4417026203951047,39196.21435355029,0,0,7,,,13;54;57;62;82;134;150,0,0,7,0,0,0,0.0,0.0,0.35,0.0,0.0,0.0,0,7,0.576457800110802,8,6,248,45,7,,method1_proportional_scores_gamma1,unrestricted_maximum_cardinality_then_maximum_testing_evalue_sum,200,0,5,exact_fixed_count_order_statistics,300.0,1,False
280,b3a7b1c1d40505406e80f979963335c082da9ba8921fc023df9a9e9e243e1bc2,proven_maximal,maximize_sum_testing_e_values_at_maximum_cardinality,proven_optimal,3754.3576446763705,3.561464754954983,1054.1611115070057,0,0,7,,,2;44;52;83;87;152;172,0,0,7,0,0,0,0.0,0.0,0.35,0.0,0.0,0.0,0,7,0.4996168001089245,8,7,252,51,7,,method1_proportional_scores_gamma1,unrestricted_maximum_cardinality_then_maximum_testing_evalue_sum,200,0,0,exact_fixed_count_order_statistics,300.0,1,False
281,58a2eb1353c78b623027ddb91b287d2250c1c64698a85a10dfb41423916d108b,proven_maximal,maximize_sum_testing_e_values_at_maximum_cardinality,proven_optimal,4041.844604509679,2.604309299072176,1551.9833246955905,0,0,9,,,33;49;77;90;102;107;158;166;167,0,0,9,0,0,0,0.0,0.0,0.45,0.0,0.0,0.0,0,9,0.6055350000970066,10,9,273,47,9,,method1_proportional_scores_gamma1,unrestricted_maximum_cardinality_then_maximum_testing_evalue_sum,200,0,0,exact_fixed_count_order_statistics,300.0,1,False
282,91ebdc37d420c47b7e1fe5bc090453bf3154ad1ef66ac0a43b3ba3139fba25f9,proven_maximal,maximize_sum_testing_e_values_at_maximum_cardinality,proven_optimal,143930.41199233275,1.3879930020570383,103696.7850551296,0,0,12,,,13;20;40;67;71;87;96;132;134;147;151;173,0,0,12,0,0,0,0.0,0.0,0.6,0.0,0.0,0.0,0,12,0.50249890005216,10,10,245,45,12,,method1_proportional_scores_gamma1,unrestricted_maximum_cardinality_then_maximum_testing_evalue_sum,200,0,6,exact_fixed_count_order_statistics,300.0,1,False
283,99e45df7f542cba94299f6779d4d539399a7bdc03121f5c2a3e897a097250705,proven_maximal,maximize_sum_testing_e_values_at_maximum_cardinality,proven_optimal,6460.782050900882,2.9943613261021413,2157.6494441674795,0,0,10,,,16;34;51;63;66;80;104;118;138;163,0,0,10,0,0,0,0.0,0.0,0.5,0.0,0.0,0.0,0,10,0.3825570000335574,9,9,238,31,10,,method1_proportional_scores_gamma1,unrestricted_maximum_cardinality_then_maximum_testing_evalue_sum,200,0,0,exact_fixed_count_order_statistics,300.0,1,False
284,137c953c251a2c11a735e53ce439e469542e702e11b7a9a410aeb49107907307,proven_maximal,maximize_sum_testing_e_values_at_maximum_cardinality,proven_optimal,47314.31498260515,1.4139452254035187,33462.6222660799,0,0,5,,,55;59;111;158;175,0,0,5,0,0,0,0.0,0.0,0.25,0.0,0.0,0.0,0,5,0.5912192000541836,7,5,238,38,5,,method1_proportional_scores_gamma1,unrestricted_maximum_cardinality_then_maximum_testing_evalue_sum,200,0,7,exact_fixed_count_order_statistics,300.0,1,False
285,ad2ec98cde3f0bb18491f8a1fb74588ecff1317060e840d91ecc6731f52822cd,proven_maximal,maximize_sum_testing_e_values_at_maximum_cardinality,proven_optimal,9079.895937018511,4.124656047898252,2201.370449214847,0,0,10,,,2;6;9;18;37;89;119;120;175;193,0,0,10,0,0,0,0.0,0.0,0.5,0.0,0.0,0.0,0,10,0.38273800001479685,7,7,247,34,10,,method1_proportional_scores_gamma1,unrestricted_maximum_cardinality_then_maximum_testing_evalue_sum,200,0,8,exact_fixed_count_order_statistics,300.0,1,False
286,b37b2f83e8fb8f8232426799e3327069c177b2779689bb873ba6606bdd25aa49,proven_maximal,maximize_sum_testing_e_values_at_maximum_cardinality,proven_optimal,163347.87829705648,1.252375279289753,130430.45562963709,0,0,13,,,8;30;47;66;89;94;108;128;145;156;170;177;192,0,0,13,0,0,0,0.0,0.0,0.65,0.0,0.0,0.0,0,13,0.2605526999104768,7,7,247,38,13,,method1_proportional_scores_gamma1,unrestricted_maximum_cardinality_then_maximum_testing_evalue_sum,200,0,7,exact_fixed_count_order_statistics,300.0,1,False
287,2ecb5a1f2ece534985cb75079f9255fccf9d02f9295d23c569210444eced18cc,proven_maximal,maximize_sum_testing_e_values_at_maximum_cardinality,proven_optimal,9421.283736875346,2.203508490123101,4275.583134399005,0,0,8,,,20;38;53;61;76;82;133;199,0,0,8,0,0,0,0.0,0.0,0.4,0.0,0.0,0.0,0,8,0.5351882001850754,8,7,242,41,8,,method1_proportional_scores_gamma1,unrestricted_maximum_cardinality_then_maximum_testing_evalue_sum,200,0,4,exact_fixed_count_order_statistics,300.0,1,False
288,b3556fdc2e712f3123481db8d5252aad6f1154918b484dfe62cd14818318ee45,proven_maximal,maximize_sum_testing_e_values_at_maximum_cardinality,proven_optimal,48909.18969025253,1.1026580306408995,44355.71893656366,0,0,9,,,2;40;61;64;94;126;135;156;186,0,0,9,0,0,0,0.0,0.0,0.45,0.0,0.0,0.0,0,9,0.3751121999230236,6,6,246,41,9,,method1_proportional_scores_gamma1,unrestricted_maximum_cardinality_then_maximum_testing_evalue_sum,200,0,2,exact_fixed_count_order_statistics,300.0,1,False
289,5c6bfc038d5a433feb5aa60cb90c00c856cd680cea062acc6dabaefbb6abe285,proven_maximal,maximize_sum_testing_e_values_at_maximum_cardinality,proven_optimal,6757.330521752013,1.8661227087263899,3621.0536907103087,0,0,9,,,16;22;58;68;130;156;158;187;198,0,0,9,0,0,0,0.0,0.0,0.45,0.0,0.0,0.0,0,9,0.4394904999062419,6,5,236,40,9,,method1_proportional_scores_gamma1,unrestricted_maximum_cardinality_then_maximum_testing_evalue_sum,200,0,2,exact_fixed_count_order_statistics,300.0,1,False
290,f27f80597ba70ce5f3b4bb234d21dfb63f15c39aeba626c2fb4f826c4a831b3e,proven_maximal,maximize_sum_testing_e_values_at_maximum_cardinality,proven_optimal,7221.87488557306,1.761870387397228,4098.981932627732,0,0,4,,,49;72;125;177,0,0,4,0,0,0,0.0,0.0,0.2,0.0,0.0,0.0,0,4,0.36993369995616376,6,6,249,48,4,,method1_proportional_scores_gamma1,unrestricted_maximum_cardinality_then_maximum_testing_evalue_sum,200,0,1,exact_fixed_count_order_statistics,300.0,1,False
291,60a64b0cd3fb051b575f3fa0685c24efbb255251d1eb05b727ba0c12e8d9c16c,proven_maximal,maximize_sum_testing_e_values_at_maximum_cardinality,proven_optimal,9530.026360900327,1.779828815657818,5354.462337647941,0,0,13,,,3;26;30;41;44;46;92;100;127;135;139;169;187,0,0,13,0,0,0,0.0,0.0,0.65,0.0,0.0,0.0,0,13,0.299163700081408,6,6,234,37,13,,method1_proportional_scores_gamma1,unrestricted_maximum_cardinality_then_maximum_testing_evalue_sum,200,0,1,exact_fixed_count_order_statistics,300.0,1,False
292,96200eb7cc6c67afe379b1c1b3b5c05ad628e2728f79b1360c24245e92f37457,proven_maximal,maximize_sum_testing_e_values_at_maximum_cardinality,proven_optimal,4899.796221045086,2.6767302442529304,1830.515507330328,0,0,6,,,54;83;84;129;193;197,0,0,6,0,0,0,0.0,0.0,0.3,0.0,0.0,0.0,0,6,0.5502424999140203,6,4,250,51,6,,method1_proportional_scores_gamma1,unrestricted_maximum_cardinality_then_maximum_testing_evalue_sum,200,0,0,exact_fixed_count_order_statistics,300.0,1,False
293,f931202f723830d3f821f6e5f0ea9597711a217a721e38f72810381c5d26ba05,proven_maximal,maximize_sum_testing_e_values_at_maximum_cardinality,proven_optimal,130609.86020699482,2.2100623431225914,59097.81713327439,0,0,14,,,3;21;55;58;81;83;90;111;114;115;128;142;167;186,0,0,13,0,0,1,0.0,0.0,0.65,0.0,0.0,0.07142857142857142,0,14,0.32086430001072586,6,6,233,40,14,,method1_proportional_scores_gamma1,unrestricted_maximum_cardinality_then_maximum_testing_evalue_sum,200,0,11,exact_fixed_count_order_statistics,300.0,1,False
294,2385d758f0d43920f4b0f7ebb226e04fb900f41e3e41f858453a7c51bda82696,proven_maximal,maximize_sum_testing_e_values_at_maximum_cardinality,proven_optimal,14039.131816872316,2.83206963424275,4957.198667407115,0,0,10,,,3;10;25;36;54;62;66;108;119;149,0,0,10,0,0,0,0.0,0.0,0.5,0.0,0.0,0.0,0,10,0.3078234000131488,7,7,264,54,10,,method1_proportional_scores_gamma1,unrestricted_maximum_cardinality_then_maximum_testing_evalue_sum,200,0,4,exact_fixed_count_order_statistics,300.0,1,False
295,6ebdeb93f6e35865c8a65056447754a657db70930ab1352b2b5ec568a8649c4f,proven_maximal,maximize_sum_testing_e_values_at_maximum_cardinality,proven_optimal,38370.853951434765,1.2700771762182872,30211.43491900684,0,0,10,,,7;30;39;61;96;116;122;124;131;144,0,0,10,0,0,0,0.0,0.0,0.5,0.0,0.0,0.0,0,10,0.2780855998862535,6,6,252,46,10,,method1_proportional_scores_gamma1,unrestricted_maximum_cardinality_then_maximum_testing_evalue_sum,200,0,2,exact_fixed_count_order_statistics,300.0,1,False
296,392a489817292aed7667616ea293bb51c46e3655124a5b64bc1d04e123b1bb0b,proven_maximal,maximize_sum_testing_e_values_at_maximum_cardinality,proven_optimal,0.0,0.0,8496.117778603306,0,0,0,,,,0,0,0,0,0,0,0.0,0.0,0.0,0.0,0.0,0.0,0,0,0.24668630002997816,3,3,265,65,0,,method1_proportional_scores_gamma1,unrestricted_maximum_cardinality_then_maximum_testing_evalue_sum,200,0,1,exact_fixed_count_order_statistics,300.0,1,False
297,adf70f35929090c6163c387e703f9822e8466ad773ffcbcd39f7fd09f1615073,proven_maximal,maximize_sum_testing_e_values_at_maximum_cardinality,proven_optimal,0.0,0.0,16417.13545905239,0,0,0,,,,0,0,0,0,0,0,0.0,0.0,0.0,0.0,0.0,0.0,0,0,0.1768306999001652,3,3,241,41,0,,method1_proportional_scores_gamma1,unrestricted_maximum_cardinality_then_maximum_testing_evalue_sum,200,0,1,exact_fixed_count_order_statistics,300.0,1,False
298,a367f0d9a829d0605de75c57f0a950c9b6b0853ce0a270c4dabaf9eccd14bdeb,proven_maximal,maximize_sum_testing_e_values_at_maximum_cardinality,proven_optimal,60188.38199115875,2.8762177325119147,20926.22589409942,0,0,12,,,25;35;44;59;63;109;131;152;154;159;190;196,0,0,12,0,0,0,0.0,0.0,0.6,0.0,0.0,0.0,0,12,0.45114920008927584,9,9,261,50,12,,method1_proportional_scores_gamma1,unrestricted_maximum_cardinality_then_maximum_testing_evalue_sum,200,0,8,exact_fixed_count_order_statistics,300.0,1,False
299,ab223c9972f0cd80fea28b5af046def97325ab084763df1a9feb6dcb69574d7e,proven_maximal,maximize_sum_testing_e_values_at_maximum_cardinality,proven_optimal,24940.37050035374,2.721632811619879,9163.752874330454,0,0,12,,,25;49;57;87;97;121;133;137;163;165;177;188,0,0,12,0,0,0,0.0,0.0,0.6,0.0,0.0,0.0,0,12,0.2830409000162035,6,6,238,44,12,,method1_proportional_scores_gamma1,unrestricted_maximum_cardinality_then_maximum_testing_evalue_sum,200,0,5,exact_fixed_count_order_statistics,300.0,1,False
300,9811b485eb482d76ee4134ea9fdbea29604cf381a22fd6ed80ed376fba3ae1ee,proven_maximal,maximize_sum_testing_e_values_at_maximum_cardinality,proven_optimal,2272.8847487406833,0.684638569166187,3319.8315886713804,0,0,6,,,55;62;103;149;152;191,0,0,6,0,0,0,0.0,0.0,0.3,0.0,0.0,0.0,0,6,2.4238493000157177,53,48,386,42,6,,method1_proportional_scores_gamma1,unrestricted_maximum_cardinality_then_maximum_testing_evalue_sum,200,0,0,exact_fixed_count_order_statistics,300.0,1,False
301,c3d27b1f05f64234de60b5fb9270bb2792c98525ec45454c51b212d390c5166e,proven_maximal,maximize_sum_testing_e_values_at_maximum_cardinality,proven_optimal,12229.449435135768,1.4089593180643796,8679.774694940459,0,0,13,,,3;6;27;29;31;49;55;58;98;122;126;132;184,0,0,13,0,0,0,0.0,0.0,0.65,0.0,0.0,0.0,0,13,0.18942029983736575,3,3,225,33,13,,method1_proportional_scores_gamma1,unrestricted_maximum_cardinality_then_maximum_testing_evalue_sum,200,0,1,exact_fixed_count_order_statistics,300.0,1,False
302,5121a3636dd96b6913b0f86ad6001e00941ca9ee3186f06141aec09bd3273150,proven_maximal,maximize_sum_testing_e_values_at_maximum_cardinality,proven_optimal,193356.09806114656,1.1021647988926817,175433.01895996567,0,0,7,,,12;49;63;78;90;137;173,0,0,7,0,0,0,0.0,0.0,0.35,0.0,0.0,0.0,0,7,0.21149210003204644,3,3,235,40,7,,method1_proportional_scores_gamma1,unrestricted_maximum_cardinality_then_maximum_testing_evalue_sum,200,0,5,exact_fixed_count_order_statistics,300.0,1,False
303,c1d542308672be97eb601b4a3e3104b796f9d32c013f8041219cdb21fe1d6b8f,proven_maximal,maximize_sum_testing_e_values_at_maximum_cardinality,proven_optimal,16614.109221011808,1.7181700328820169,9669.65370309928,0,0,14,,,6;19;23;32;38;48;60;68;81;106;110;111;189;194,0,0,13,0,0,1,0.0,0.0,0.65,0.0,0.0,0.07142857142857142,0,14,0.23741479986347258,5,5,246,50,14,,method1_proportional_scores_gamma1,unrestricted_maximum_cardinality_then_maximum_testing_evalue_sum,200,0,5,exact_fixed_count_order_statistics,300.0,1,False
304,28d001f138935ad6275da488527394362ad1c87f992cab3e7284f96147d2631b,proven_maximal,maximize_sum_testing_e_values_at_maximum_cardinality,proven_optimal,20425.771293138394,1.4567090302979686,14021.86083034051,0,0,13,,,36;51;81;84;109;111;117;118;128;158;165;171;182,0,0,13,0,0,0,0.0,0.0,0.65,0.0,0.0,0.0,0,13,0.39104610006324947,7,7,246,43,13,,method1_proportional_scores_gamma1,unrestricted_maximum_cardinality_then_maximum_testing_evalue_sum,200,0,2,exact_fixed_count_order_statistics,300.0,1,False
305,54733996e690031733ae796d18fac737b8b74225ece2470d3c934579eba3902f,proven_maximal,maximize_sum_testing_e_values_at_maximum_cardinality,proven_optimal,5590.939091810274,2.8757354910904436,1944.1771015213428,0,0,8,,,13;17;44;48;112;116;129;147,0,0,8,0,0,0,0.0,0.0,0.4,0.0,0.0,0.0,0,8,0.6501188001129776,8,6,261,60,8,,method1_proportional_scores_gamma1,unrestricted_maximum_cardinality_then_maximum_testing_evalue_sum,200,0,0,exact_fixed_count_order_statistics,300.0,1,False
306,c160d944ba47c222197c38970f2703dbc39c642b370cd9c58329c460c76f2085,proven_maximal,maximize_sum_testing_e_values_at_maximum_cardinality,proven_optimal,6341.210933469982,1.1725795377505026,5407.915394494325,0,0,8,,,34;36;64;65;121;135;141;147,0,0,8,0,0,0,0.0,0.0,0.4,0.0,0.0,0.0,0,8,0.5959088997915387,9,8,270,51,8,,method1_proportional_scores_gamma1,unrestricted_maximum_cardinality_then_maximum_testing_evalue_sum,200,0,1,exact_fixed_count_order_statistics,300.0,1,False
307,a5cda7935bf891d52b80ea1712e144f36f6da98642c47b73196d33f90b54a459,proven_maximal,maximize_sum_testing_e_values_at_maximum_cardinality,proven_optimal,15142.088940472668,2.169077592242546,6980.8885558666,0,0,14,,,19;41;47;48;51;65;101;121;139;162;165;173;180;195,0,0,14,0,0,0,0.0,0.0,0.7,0.0,0.0,0.0,0,14,0.35797189990989864,7,7,247,40,14,,method1_proportional_scores_gamma1,unrestricted_maximum_cardinality_then_maximum_testing_evalue_sum,200,0,8,exact_fixed_count_order_statistics,300.0,1,False
308,89daf16403d2f2c3acdfb0b0d166291bc3273bb82aed58b84fd506a5a60b3d5f,proven_maximal,maximize_sum_testing_e_values_at_maximum_cardinality,proven_optimal,34894.423720532934,1.5470053141422038,22556.111088656136,0,0,11,,,24;27;41;43;64;98;116;125;126;166;199,0,0,11,0,0,0,0.0,0.0,0.55,0.0,0.0,0.0,0,11,0.4317757999524474,12,12,247,38,11,,method1_proportional_scores_gamma1,unrestricted_maximum_cardinality_then_maximum_testing_evalue_sum,200,0,5,exact_fixed_count_order_statistics,300.0,1,False
309,e9da1574df97915c5a10ade9ff90f5402e8d472fcdadf20994985705725a78ad,proven_maximal,maximize_sum_testing_e_values_at_maximum_cardinality,proven_optimal,43295.44661640615,1.78760562588927,24219.797694398178,0,0,14,,,48;50;62;65;70;107;149;153;167;169;172;174;178;193,0,0,14,0,0,0,0.0,0.0,0.7,0.0,0.0,0.0,0,14,0.17212069989182055,3,3,224,33,14,,method1_proportional_scores_gamma1,unrestricted_maximum_cardinality_then_maximum_testing_evalue_sum,200,0,5,exact_fixed_count_order_statistics,300.0,1,False
310,b1b1c0f87dc76b8665bdfceb8120b5d28158316989d3893d7a2ea7fa831760e6,proven_maximal,maximize_sum_testing_e_values_at_maximum_cardinality,proven_optimal,101935.53021866243,2.0986490849297517,48571.97468154831,0,0,10,,,9;17;24;37;54;81;93;97;175;199,0,0,10,0,0,0,0.0,0.0,0.5,0.0,0.0,0.0,0,10,0.2530986999627203,6,6,232,33,10,,method1_proportional_scores_gamma1,unrestricted_maximum_cardinality_then_maximum_testing_evalue_sum,200,0,11,exact_fixed_count_order_statistics,300.0,1,False
311,680f920d0d77013a04928a22cbed7f456cb10c8320516bff1be766fa17070e8b,proven_maximal,maximize_sum_testing_e_values_at_maximum_cardinality,proven_optimal,17472.056579279357,1.3147563675719836,13289.197154865844,0,0,8,,,3;17;36;71;72;75;106;196,0,0,8,0,0,0,0.0,0.0,0.4,0.0,0.0,0.0,0,8,0.4499220000579953,6,5,230,32,8,,method1_proportional_scores_gamma1,unrestricted_maximum_cardinality_then_maximum_testing_evalue_sum,200,0,3,exact_fixed_count_order_statistics,300.0,1,False
312,10946bdef29d11c24df577e1718c0aa0b6ceae15421c0c8ad9edee09a93f7b9e,proven_maximal,maximize_sum_testing_e_values_at_maximum_cardinality,proven_optimal,44253.048278931805,1.024917824959339,43177.16718478131,0,0,9,,,3;8;9;24;50;86;88;139;157,0,0,9,0,0,0,0.0,0.0,0.45,0.0,0.0,0.0,0,9,0.512071100063622,5,4,246,47,9,,method1_proportional_scores_gamma1,unrestricted_maximum_cardinality_then_maximum_testing_evalue_sum,200,0,1,exact_fixed_count_order_statistics,300.0,1,False
313,0feb26b47784d73a0bf65c2f4567dcb5cc49b7334af9098a7f833d7549cd4ace,proven_maximal,maximize_sum_testing_e_values_at_maximum_cardinality,proven_optimal,148287.7497693948,1.348654940679278,109952.327535097,0,0,11,,,4;19;57;92;105;127;139;160;172;173;196,0,0,11,0,0,0,0.0,0.0,0.55,0.0,0.0,0.0,0,11,0.210020300000906,5,5,231,32,11,,method1_proportional_scores_gamma1,unrestricted_maximum_cardinality_then_maximum_testing_evalue_sum,200,0,5,exact_fixed_count_order_statistics,300.0,1,False
314,71e9f2fda02e25d6e14af1de036df55c77fd9260887fca2f01156506b8e53342,proven_maximal,maximize_sum_testing_e_values_at_maximum_cardinality,proven_optimal,2653.714262417413,0.8387648080859267,3163.8359607304305,0,0,6,,,10;53;58;84;112;187,0,0,6,0,0,0,0.0,0.0,0.3,0.0,0.0,0.0,0,6,0.8214910000097007,12,9,257,45,6,,method1_proportional_scores_gamma1,unrestricted_maximum_cardinality_then_maximum_testing_evalue_sum,200,0,0,exact_fixed_count_order_statistics,300.0,1,False
315,d673958b14b34b9e497453b0f3473a2632831099930cbf622c2f485ceb0f826d,proven_maximal,maximize_sum_testing_e_values_at_maximum_cardinality,proven_optimal,6529.0979402879575,1.2607314227529445,5178.817488367951,0,0,13,,,22;33;45;69;86;91;99;125;136;160;168;169;178,0,0,13,0,0,0,0.0,0.0,0.65,0.0,0.0,0.0,0,13,0.4128798998426646,8,8,259,46,13,,method1_proportional_scores_gamma1,unrestricted_maximum_cardinality_then_maximum_testing_evalue_sum,200,0,1,exact_fixed_count_order_statistics,300.0,1,False
316,0fe265f0a5abc69e6589268549a968a5d57fe185216ff3c5227cbdc92ae800bd,proven_maximal,maximize_sum_testing_e_values_at_maximum_cardinality,proven_optimal,24907.469595738225,1.7157343243645569,14517.089995831966,0,0,15,,,6;7;24;30;34;51;54;55;65;127;135;140;145;169;188,0,0,14,0,0,1,0.0,0.0,0.7,0.0,0.0,0.06666666666666667,0,15,0.3164303998928517,7,7,250,40,15,,method1_proportional_scores_gamma1,unrestricted_maximum_cardinality_then_maximum_testing_evalue_sum,200,0,4,exact_fixed_count_order_statistics,300.0,1,False
317,a5002c1b3e4f0212829278c120a5b721ab40be4af67be3c32ca378469fa03749,proven_maximal,maximize_sum_testing_e_values_at_maximum_cardinality,proven_optimal,19682.036257970718,1.5442381223784316,12745.467148328456,0,0,12,,,0;34;37;51;59;82;102;117;130;137;157;189,0,0,12,0,0,0,0.0,0.0,0.6,0.0,0.0,0.0,0,12,0.1754483999684453,3,3,235,43,12,,method1_proportional_scores_gamma1,unrestricted_maximum_cardinality_then_maximum_testing_evalue_sum,200,0,4,exact_fixed_count_order_statistics,300.0,1,False
318,40617d2a3be0b098aceaaad21c19dfcf7562b70a5d62755e2686626995dcb927,proven_maximal,maximize_sum_testing_e_values_at_maximum_cardinality,proven_optimal,9137.734028032739,1.7179501031281934,5318.975220173133,0,0,2,,,101;173,0,0,2,0,0,0,0.0,0.0,0.1,0.0,0.0,0.0,0,2,0.6128851000685245,9,7,246,42,2,,method1_proportional_scores_gamma1,unrestricted_maximum_cardinality_then_maximum_testing_evalue_sum,200,0,2,exact_fixed_count_order_statistics,300.0,1,False
319,fb2de617e3623ebe91696ec3a987a8752fd4efb76cbc11cc0b1745733c735d86,proven_maximal,maximize_sum_testing_e_values_at_maximum_cardinality,proven_optimal,27449.774600512294,1.7899423513111599,15335.563505944712,0,0,12,,,4;6;30;42;44;55;66;82;83;87;100;151,0,0,12,0,0,0,0.0,0.0,0.6,0.0,0.0,0.0,0,12,0.22393020009621978,5,5,240,39,12,,method1_proportional_scores_gamma1,unrestricted_maximum_cardinality_then_maximum_testing_evalue_sum,200,0,5,exact_fixed_count_order_statistics,300.0,1,False
320,3722dcc7fdedbc9891738ba1fec4aa51c27e2e55059c8e4f367f3ddc828023e0,proven_maximal,maximize_sum_testing_e_values_at_maximum_cardinality,proven_optimal,29645.359530157806,1.354321245281518,21889.45911720932,0,0,13,,,33;43;49;63;88;90;109;112;115;123;143;159;191,0,0,13,0,0,0,0.0,0.0,0.65,0.0,0.0,0.0,0,13,0.18666150001809,4,4,233,41,13,,method1_proportional_scores_gamma1,unrestricted_maximum_cardinality_then_maximum_testing_evalue_sum,200,0,4,exact_fixed_count_order_statistics,300.0,1,False
321,a0e39be8b852b52546d8401a481961752d29319856a68d6b6ef29ab3922449df,proven_maximal,maximize_sum_testing_e_values_at_maximum_cardinality,proven_optimal,202407.35353249192,1.01002427685732,200398.50345209552,0,0,8,,,19;21;33;58;98;109;117;138,0,0,8,0,0,0,0.0,0.0,0.4,0.0,0.0,0.0,0,8,0.4602734998334199,8,7,257,42,8,,method1_proportional_scores_gamma1,unrestricted_maximum_cardinality_then_maximum_testing_evalue_sum,200,0,1,exact_fixed_count_order_statistics,300.0,1,False
322,368e26c195f5979c9c8e7955e875f4d3027fe03d6973229126f3747b96b0dd8e,proven_maximal,maximize_sum_testing_e_values_at_maximum_cardinality,proven_optimal,43671.033214756346,1.0603654944749834,41184.887137787424,0,0,8,,,17;44;51;59;81;122;131;133,0,0,8,0,0,0,0.0,0.0,0.4,0.0,0.0,0.0,0,8,0.5040249000303447,8,7,253,45,8,,method1_proportional_scores_gamma1,unrestricted_maximum_cardinality_then_maximum_testing_evalue_sum,200,0,2,exact_fixed_count_order_statistics,300.0,1,False
323,ea47f27fc3d5d2377e5478099ae9ea989faee7d8d1bcb93d8db405f4636697f1,proven_maximal,maximize_sum_testing_e_values_at_maximum_cardinality,proven_optimal,21258.47809065887,1.5944055170447904,13333.168923086256,0,0,13,,,18;21;37;54;59;105;130;142;147;164;179;191;199,0,0,13,0,0,0,0.0,0.0,0.65,0.0,0.0,0.0,0,13,0.21940520009957254,5,5,239,41,13,,method1_proportional_scores_gamma1,unrestricted_maximum_cardinality_then_maximum_testing_evalue_sum,200,0,4,exact_fixed_count_order_statistics,300.0,1,False
324,3754594ba966b5e5ffbe87b6ec93f7e5b4396ed3002f76c3da64a6f4bc854cf2,proven_maximal,maximize_sum_testing_e_values_at_maximum_cardinality,proven_optimal,18057.671035927346,1.6306257233225,11074.074680444592,0,0,6,,,28;63;96;134;171;188,0,0,6,0,0,0,0.0,0.0,0.3,0.0,0.0,0.0,0,6,0.1908684999216348,3,3,231,34,6,,method1_proportional_scores_gamma1,unrestricted_maximum_cardinality_then_maximum_testing_evalue_sum,200,0,3,exact_fixed_count_order_statistics,300.0,1,False
325,cf320ab84aea0738ac5f9a3300803bd620fff2496fabb99df02659f5d7239eed,proven_maximal,maximize_sum_testing_e_values_at_maximum_cardinality,proven_optimal,8515.632836407827,2.103755398466419,4047.824591497421,0,0,8,,,12;19;42;78;93;100;163;172,0,0,8,0,0,0,0.0,0.0,0.4,0.0,0.0,0.0,0,8,0.46174070006236434,7,6,251,43,8,,method1_proportional_scores_gamma1,unrestricted_maximum_cardinality_then_maximum_testing_evalue_sum,200,0,3,exact_fixed_count_order_statistics,300.0,1,False
326,61daf82d137135b571247c9311798b8a3620c2b705367743184875f1c09ec5d7,proven_maximal,maximize_sum_testing_e_values_at_maximum_cardinality,proven_optimal,43311.8350393647,1.80183577947685,24037.615154883857,0,0,12,,,5;17;22;36;42;57;59;68;146;148;167;179,0,0,12,0,0,0,0.0,0.0,0.6,0.0,0.0,0.0,0,12,0.35526570002548397,6,6,247,50,12,,method1_proportional_scores_gamma1,unrestricted_maximum_cardinality_then_maximum_testing_evalue_sum,200,0,3,exact_fixed_count_order_statistics,300.0,1,False
327,0db15705495e7f03f523da2a822dcb3605b7a761543de047810ad2b4c02b2235,proven_maximal,maximize_sum_testing_e_values_at_maximum_cardinality,proven_optimal,7150.917270664253,4.151205143922834,1722.6123553862074,0,0,13,,,13;75;78;109;119;121;160;162;174;180;188;189;193,0,0,13,0,0,0,0.0,0.0,0.65,0.0,0.0,0.0,0,13,0.45055489987134933,8,8,268,51,13,,method1_proportional_scores_gamma1,unrestricted_maximum_cardinality_then_maximum_testing_evalue_sum,200,0,3,exact_fixed_count_order_statistics,300.0,1,False
328,c34da6e09f26fb2935c6713e86455a38f76fadf74b4ce6778895dfd9849cf1a9,proven_maximal,maximize_sum_testing_e_values_at_maximum_cardinality,proven_optimal,18297.195237669534,1.3269490111862403,13788.921114092063,0,0,5,,,56;85;94;130;151,0,0,5,0,0,0,0.0,0.0,0.25,0.0,0.0,0.0,0,5,0.6476386000867933,7,5,256,56,5,,method1_proportional_scores_gamma1,unrestricted_maximum_cardinality_then_maximum_testing_evalue_sum,200,0,4,exact_fixed_count_order_statistics,300.0,1,False
329,749ce0309a4ff9cfe9b27c2af20d6d8b1b9b95a3a4b71037a33311f88e59ba20,proven_maximal,maximize_sum_testing_e_values_at_maximum_cardinality,proven_optimal,41413.91796847259,1.8968660256087424,21832.81128417176,0,0,10,,,10;21;41;42;56;72;79;96;107;186,0,0,10,0,0,0,0.0,0.0,0.5,0.0,0.0,0.0,0,10,0.3760615000501275,7,7,242,42,10,,method1_proportional_scores_gamma1,unrestricted_maximum_cardinality_then_maximum_testing_evalue_sum,200,0,6,exact_fixed_count_order_statistics,300.0,1,False
330,1fac50f4a7d4a158f597171b95e4917b447432db320c33cc567c676bfede252b,proven_maximal,maximize_sum_testing_e_values_at_maximum_cardinality,proven_optimal,41106.100524319736,2.105146979806729,19526.4753096212,0,0,10,,,9;26;77;80;102;123;129;149;181;198,0,0,10,0,0,0,0.0,0.0,0.5,0.0,0.0,0.0,0,10,0.19958729995414615,5,5,238,41,10,,method1_proportional_scores_gamma1,unrestricted_maximum_cardinality_then_maximum_testing_evalue_sum,200,0,5,exact_fixed_count_order_statistics,300.0,1,False
331,c138159e933e3b089419b4a24b8d3928313198fd2537ad549ed9a304df97cf86,proven_maximal,maximize_sum_testing_e_values_at_maximum_cardinality,proven_optimal,28144.433012883932,1.4119894907097184,19932.466351953863,0,0,6,,,4;20;92;99;112;175,0,0,6,0,0,0,0.0,0.0,0.3,0.0,0.0,0.0,0,6,0.48901200015097857,9,8,243,43,6,,method1_proportional_scores_gamma1,unrestricted_maximum_cardinality_then_maximum_testing_evalue_sum,200,0,4,exact_fixed_count_order_statistics,300.0,1,False
332,dd6f68246f813c0031c0e85b2b63141d1d925a5091c71aba65ece595401aad93,proven_maximal,maximize_sum_testing_e_values_at_maximum_cardinality,proven_optimal,9312.970007499885,2.219482117537589,4196.010381841773,0,0,11,,,12;16;38;69;103;106;130;147;155;157;161,0,0,11,0,0,0,0.0,0.0,0.55,0.0,0.0,0.0,0,11,0.48744960012845695,13,13,269,37,11,,method1_proportional_scores_gamma1,unrestricted_maximum_cardinality_then_maximum_testing_evalue_sum,200,0,2,exact_fixed_count_order_statistics,300.0,1,False
333,80128376426390011b977555f4928f9910c03cf7e4cf7745c410204ca6c4779b,proven_maximal,maximize_sum_testing_e_values_at_maximum_cardinality,proven_optimal,86290.3499350898,1.026690808644705,84047.06578507152,0,0,3,,,11;45;106,0,0,3,0,0,0,0.0,0.0,0.15,0.0,0.0,0.0,0,3,0.1814677999354899,3,3,232,34,3,,method1_proportional_scores_gamma1,unrestricted_maximum_cardinality_then_maximum_testing_evalue_sum,200,0,4,exact_fixed_count_order_statistics,300.0,1,False
334,03da2778dc0000ed6a1eb1705c9c6413df3a0147be08664e4eaedd6e3ba9cbbf,proven_maximal,maximize_sum_testing_e_values_at_maximum_cardinality,proven_optimal,71362.24023419671,1.0511206228480854,67891.58036005011,0,0,8,,,65;74;109;126;130;148;160;181,0,0,8,0,0,0,0.0,0.0,0.4,0.0,0.0,0.0,0,8,0.4409134001471102,5,4,248,53,8,,method1_proportional_scores_gamma1,unrestricted_maximum_cardinality_then_maximum_testing_evalue_sum,200,0,1,exact_fixed_count_order_statistics,300.0,1,False
335,2d7f9051d83f69072e43bb737d0cf25c9fce6ca7a28ed60a9e6f95b1ae049161,proven_maximal,maximize_sum_testing_e_values_at_maximum_cardinality,proven_optimal,122597.3644797075,2.1230957045424224,57744.624614616776,0,0,12,,,13;41;63;82;93;121;124;128;159;163;175;182,0,0,12,0,0,0,0.0,0.0,0.6,0.0,0.0,0.0,0,12,0.3031362001784146,9,9,238,29,12,,method1_proportional_scores_gamma1,unrestricted_maximum_cardinality_then_maximum_testing_evalue_sum,200,0,4,exact_fixed_count_order_statistics,300.0,1,False
336,a9dc003949f9f1060cbd4ca53da24a4516e84c173162d9c5e58e6870c59cd80b,proven_maximal,maximize_sum_testing_e_values_at_maximum_cardinality,proven_optimal,10665.532145025161,1.2422742915703635,8585.488903213816,0,0,14,,,0;10;12;18;38;43;72;83;105;109;111;141;152;171,0,0,14,0,0,0,0.0,0.0,0.7,0.0,0.0,0.0,0,14,0.22689970000647008,6,6,243,36,14,,method1_proportional_scores_gamma1,unrestricted_maximum_cardinality_then_maximum_testing_evalue_sum,200,0,1,exact_fixed_count_order_statistics,300.0,1,False
337,a62b45cf6f4931e9e0e6d074d23c010bfccb84e2ffba5ed4e89c16d568eb5aed,proven_maximal,maximize_sum_testing_e_values_at_maximum_cardinality,proven_optimal,9514.02597550374,2.07805592980023,4578.330082010041,0,0,7,,,7;45;82;102;105;152;170,0,0,7,0,0,0,0.0,0.0,0.35,0.0,0.0,0.0,0,7,0.5668001999147236,9,7,254,48,7,,method1_proportional_scores_gamma1,unrestricted_maximum_cardinality_then_maximum_testing_evalue_sum,200,0,2,exact_fixed_count_order_statistics,300.0,1,False
338,7b0ecb003d242373291b3b99bc9dc8fe6be343b830e28481a23e7c57a8afbfc9,proven_maximal,maximize_sum_testing_e_values_at_maximum_cardinality,proven_optimal,81421.49582735647,1.6271443726406374,50039.50306832349,0,0,8,,,70;71;117;123;125;145;169;184,0,0,8,0,0,0,0.0,0.0,0.4,0.0,0.0,0.0,0,8,0.45324139995500445,5,4,238,42,8,,method1_proportional_scores_gamma1,unrestricted_maximum_cardinality_then_maximum_testing_evalue_sum,200,0,2,exact_fixed_count_order_statistics,300.0,1,False
339,0a57d9db094073e577f31250acdc84fc0be758deaf5dbfce620077335a898652,proven_maximal,maximize_sum_testing_e_values_at_maximum_cardinality,proven_optimal,24562.2384695508,1.0531102013118425,23323.52154499502,0,0,5,,,51;84;118;132;158,0,0,5,0,0,0,0.0,0.0,0.25,0.0,0.0,0.0,0,5,0.7246787999756634,12,9,254,38,5,,method1_proportional_scores_gamma1,unrestricted_maximum_cardinality_then_maximum_testing_evalue_sum,200,0,1,exact_fixed_count_order_statistics,300.0,1,False
340,06baa03a0b923b3b3ec1b696e45405de9d7833efc88b4489cc6d03701c8cc064,proven_maximal,maximize_sum_testing_e_values_at_maximum_cardinality,proven_optimal,5676.879757929532,3.525369505039546,1610.293545063683,0,0,7,,,1;25;31;42;84;98;197,0,0,7,0,0,0,0.0,0.0,0.35,0.0,0.0,0.0,0,7,0.621505199931562,11,9,270,44,7,,method1_proportional_scores_gamma1,unrestricted_maximum_cardinality_then_maximum_testing_evalue_sum,200,0,0,exact_fixed_count_order_statistics,300.0,1,False
341,d50af69189e07341b50e1b08c3f01a81d31c6c21088be968288b7982c377587e,proven_maximal,maximize_sum_testing_e_values_at_maximum_cardinality,proven_optimal,0.0,0.0,5116.875554435822,0,0,0,,,,0,0,0,0,0,0,0.0,0.0,0.0,0.0,0.0,0.0,0,0,0.1901100999675691,3,3,248,48,0,,method1_proportional_scores_gamma1,unrestricted_maximum_cardinality_then_maximum_testing_evalue_sum,200,0,2,exact_fixed_count_order_statistics,300.0,1,False
342,8aa0d7989807c6328af9ffee3cabba2cb3a7b11030a744a71614485c94878e00,proven_maximal,maximize_sum_testing_e_values_at_maximum_cardinality,proven_optimal,1015.7368828088104,3.702635006032981,274.3281152891911,0,0,9,,,2;5;76;101;142;165;167;170;176,0,0,9,0,0,0,0.0,0.0,0.45,0.0,0.0,0.0,0,9,0.5159438999835402,9,8,279,57,9,,method1_proportional_scores_gamma1,unrestricted_maximum_cardinality_then_maximum_testing_evalue_sum,200,0,0,exact_fixed_count_order_statistics,300.0,1,False
343,582fbcdc984b8286b7bc57fd80c071f203f496a9a7b2cb8bbcf2f849faec9d8c,proven_maximal,maximize_sum_testing_e_values_at_maximum_cardinality,proven_optimal,8422.589072590546,1.6363076147920876,5147.31398696127,0,0,7,,,11;20;36;38;41;64;136,0,0,7,0,0,0,0.0,0.0,0.35,0.0,0.0,0.0,0,7,0.204440200002864,4,4,243,42,7,,method1_proportional_scores_gamma1,unrestricted_maximum_cardinality_then_maximum_testing_evalue_sum,200,0,1,exact_fixed_count_order_statistics,300.0,1,False
344,8a947edc0cdce898ef4f3a34f16e42b6388bfad7ed7067aa8d562d7a476c6a87,proven_maximal,maximize_sum_testing_e_values_at_maximum_cardinality,proven_optimal,315222.8579049876,2.0785621482277024,151654.28571561555,0,0,11,,,10;14;21;22;30;33;52;93;100;104;183,0,0,11,0,0,0,0.0,0.0,0.55,0.0,0.0,0.0,0,11,0.4026831998489797,10,10,255,44,11,,method1_proportional_scores_gamma1,unrestricted_maximum_cardinality_then_maximum_testing_evalue_sum,200,0,4,exact_fixed_count_order_statistics,300.0,1,False
345,44a3635d0c82fee43b7aec7c5a325a27a8b956f98b3ba6ef86f2191c1441ef1c,proven_maximal,maximize_sum_testing_e_values_at_maximum_cardinality,proven_optimal,192640.8616949051,1.0456239833141574,184235.3128553156,0,0,13,,,26;31;32;56;78;101;108;125;126;138;170;189;195,0,0,13,0,0,0,0.0,0.0,0.65,0.0,0.0,0.0,0,13,0.279550300212577,6,6,251,50,13,,method1_proportional_scores_gamma1,unrestricted_maximum_cardinality_then_maximum_testing_evalue_sum,200,0,4,exact_fixed_count_order_statistics,300.0,1,False
346,f82e839af4206077b7c83bb8975825d27547eb4649834428b27f8c90266c54dd,proven_maximal,maximize_sum_testing_e_values_at_maximum_cardinality,proven_optimal,15426.112717986764,2.573043938990681,5995.277610392425,0,0,9,,,0;11;18;40;78;85;93;104;136,0,0,9,0,0,0,0.0,0.0,0.45,0.0,0.0,0.0,0,9,0.44546770001761615,6,5,232,35,9,,method1_proportional_scores_gamma1,unrestricted_maximum_cardinality_then_maximum_testing_evalue_sum,200,0,7,exact_fixed_count_order_statistics,300.0,1,False
347,cd3cab5dc8fd46ec333849989931d722ead1fa55338f5b8104f4753410c6c0ef,proven_maximal,maximize_sum_testing_e_values_at_maximum_cardinality,proven_optimal,7277.819168816871,1.4945082455142047,4869.708274050267,0,0,7,,,22;54;62;66;126;194;195,0,0,7,0,0,0,0.0,0.0,0.35,0.0,0.0,0.0,0,7,0.6430234999861568,9,7,243,42,7,,method1_proportional_scores_gamma1,unrestricted_maximum_cardinality_then_maximum_testing_evalue_sum,200,0,1,exact_fixed_count_order_statistics,300.0,1,False
348,e9566c9a101e107c20880857f570d15b6ad42f53468eee0ab1152c9ace586aa2,proven_maximal,maximize_sum_testing_e_values_at_maximum_cardinality,proven_optimal,428179.1006053303,1.0176195749570778,420765.3932201437,0,0,14,,,1;7;11;13;18;27;40;57;81;91;130;165;175;181,0,0,14,0,0,0,0.0,0.0,0.7,0.0,0.0,0.0,0,14,0.21316729998216033,5,5,230,28,14,,method1_proportional_scores_gamma1,unrestricted_maximum_cardinality_then_maximum_testing_evalue_sum,200,0,6,exact_fixed_count_order_statistics,300.0,1,False
349,66ca1e5573efe88f11e790868c4c1b61b49f59004e78424640ea11f206e34e80,proven_maximal,maximize_sum_testing_e_values_at_maximum_cardinality,proven_optimal,43651.64131640579,1.0742247440111228,40635.48299344872,0,0,11,,,13;41;59;85;88;89;126;136;145;180;195,0,0,11,0,0,0,0.0,0.0,0.55,0.0,0.0,0.0,0,11,0.37458050018176436,7,7,259,47,11,,method1_proportional_scores_gamma1,unrestricted_maximum_cardinality_then_maximum_testing_evalue_sum,200,0,1,exact_fixed_count_order_statistics,300.0,1,False
350,4e03fb1772dac8675a6128a423724a26afbcd8518f9240e774d4105160013a18,proven_maximal,maximize_sum_testing_e_values_at_maximum_cardinality,proven_optimal,28782.352001396142,1.1910329517813285,24165.87379748712,0,0,9,,,48;68;86;92;98;100;167;169;195,0,0,9,0,0,0,0.0,0.0,0.45,0.0,0.0,0.0,0,9,0.4835117000620812,5,4,232,34,9,,method1_proportional_scores_gamma1,unrestricted_maximum_cardinality_then_maximum_testing_evalue_sum,200,0,6,exact_fixed_count_order_statistics,300.0,1,False
351,023a61051f866cee6a18f443b12de20a067310f5690361ac5bd35f1c483b26d0,proven_maximal,maximize_sum_testing_e_values_at_maximum_cardinality,proven_optimal,55671.36612478369,1.959765513864694,28407.156739378846,0,0,12,,,1;32;55;68;91;92;125;131;149;164;167;179,0,0,12,0,0,0,0.0,0.0,0.6,0.0,0.0,0.0,0,12,0.4366407999768853,9,9,277,45,12,,method1_proportional_scores_gamma1,unrestricted_maximum_cardinality_then_maximum_testing_evalue_sum,200,0,3,exact_fixed_count_order_statistics,300.0,1,False
352,dc8fa4dfccaca43d52b2121e70f86ffafad545c2bef5b406ebeee618573b5f9f,proven_maximal,maximize_sum_testing_e_values_at_maximum_cardinality,proven_optimal,226970.28618693817,1.0510802336039389,215940.01954418223,0,0,16,,,10;14;40;79;104;105;116;122;125;141;144;145;182;183;187;196,0,0,16,0,0,0,0.0,0.0,0.8,0.0,0.0,0.0,0,16,0.29958399990573525,7,7,256,45,16,,method1_proportional_scores_gamma1,unrestricted_maximum_cardinality_then_maximum_testing_evalue_sum,200,0,4,exact_fixed_count_order_statistics,300.0,1,False
353,50d5de6e0c14a31f63de3cd10aeb6d38bd146c87c319a54df59951050ca1af66,proven_maximal,maximize_sum_testing_e_values_at_maximum_cardinality,proven_optimal,12016.64635364015,1.7991310490019667,6679.13899896628,0,0,11,,,0;9;12;36;90;108;111;126;152;184;188,0,0,11,0,0,0,0.0,0.0,0.55,0.0,0.0,0.0,0,11,0.3553855000063777,5,5,254,53,11,,method1_proportional_scores_gamma1,unrestricted_maximum_cardinality_then_maximum_testing_evalue_sum,200,0,6,exact_fixed_count_order_statistics,300.0,1,False
354,5304f286e218745c5af0ebb7c6abefcd8398a4b3690513f98b25caadc5992837,proven_maximal,maximize_sum_testing_e_values_at_maximum_cardinality,proven_optimal,197370.29065394748,1.1160618093383496,176845.30462605582,0,0,6,,,29;54;84;93;165;169,0,0,6,0,0,0,0.0,0.0,0.3,0.0,0.0,0.0,0,6,0.19115929980762303,3,3,243,47,6,,method1_proportional_scores_gamma1,unrestricted_maximum_cardinality_then_maximum_testing_evalue_sum,200,0,2,exact_fixed_count_order_statistics,300.0,1,False
355,3d002d21775082c787b24e218d4040828747b972d9e65f3b5f2cb2ba108f3ca2,proven_maximal,maximize_sum_testing_e_values_at_maximum_cardinality,proven_optimal,25244.80138185653,2.0251621129155795,12465.57064289148,0,0,7,,,42;66;110;121;130;169;190,0,0,7,0,0,0,0.0,0.0,0.35,0.0,0.0,0.0,0,7,0.7073933999054134,22,21,272,48,7,,method1_proportional_scores_gamma1,unrestricted_maximum_cardinality_then_maximum_testing_evalue_sum,200,0,9,exact_fixed_count_order_statistics,300.0,1,False
356,8fbb23e7cf9684d3d22a1cd482b44fa198911547efe8fd94235da89c55d5588d,proven_maximal,maximize_sum_testing_e_values_at_maximum_cardinality,proven_optimal,10025.011104636931,2.928502471182074,3423.255128956879,0,0,12,,,4;26;32;38;44;45;55;77;83;113;143;156,0,0,12,0,0,0,0.0,0.0,0.6,0.0,0.0,0.0,0,12,0.24839120008982718,7,7,236,37,12,,method1_proportional_scores_gamma1,unrestricted_maximum_cardinality_then_maximum_testing_evalue_sum,200,0,5,exact_fixed_count_order_statistics,300.0,1,False
357,9dbe2fe8ada070289040866c3c80e4fa39406abf5c8b10f4c4a790c366515126,proven_maximal,maximize_sum_testing_e_values_at_maximum_cardinality,proven_optimal,3603.65145080004,2.1923806989053074,1643.7160993979758,0,0,7,,,64;85;96;115;159;188;191,0,0,7,0,0,0,0.0,0.0,0.35,0.0,0.0,0.0,0,7,0.42654350004158914,8,7,249,47,7,,method1_proportional_scores_gamma1,unrestricted_maximum_cardinality_then_maximum_testing_evalue_sum,200,0,0,exact_fixed_count_order_statistics,300.0,1,False
358,6ea5b3b0c5b2ac0070201e43c9a4c88bb5eecee49c46db09c340ce911d80b847,proven_maximal,maximize_sum_testing_e_values_at_maximum_cardinality,proven_optimal,79067.8649263619,1.4090433791286594,56114.571132122845,0,0,6,,,10;37;46;90;147;172,0,0,6,0,0,0,0.0,0.0,0.3,0.0,0.0,0.0,0,6,0.4381516999565065,6,5,234,33,6,,method1_proportional_scores_gamma1,unrestricted_maximum_cardinality_then_maximum_testing_evalue_sum,200,0,2,exact_fixed_count_order_statistics,300.0,1,False
359,f244942a9cbe8117721f6a4096826480025c6312c5889924e84ad3bb0f483c54,proven_maximal,maximize_sum_testing_e_values_at_maximum_cardinality,proven_optimal,20788.54333387145,2.1632849041161264,9609.711274884165,0,0,16,,,21;29;38;45;68;75;100;103;110;113;138;140;142;144;147;193,0,0,16,0,0,0,0.0,0.0,0.8,0.0,0.0,0.0,0,16,0.38800529995933175,10,10,248,42,16,,method1_proportional_scores_gamma1,unrestricted_maximum_cardinality_then_maximum_testing_evalue_sum,200,0,3,exact_fixed_count_order_statistics,300.0,1,False
360,205ff256cbbd241cc2aefea5aa86e6690784cf44d8292e049e6b5d2a24a8f5cc,proven_maximal,maximize_sum_testing_e_values_at_maximum_cardinality,proven_optimal,41379.953782646364,2.8353963146336,14594.06347150932,0,0,10,,,9;59;114;138;142;144;151;156;159;198,0,0,10,0,0,0,0.0,0.0,0.5,0.0,0.0,0.0,0,10,0.3283654002007097,6,6,239,44,10,,method1_proportional_scores_gamma1,unrestricted_maximum_cardinality_then_maximum_testing_evalue_sum,200,0,8,exact_fixed_count_order_statistics,300.0,1,False
361,b64bc49b919527b387ed9554810825154ccbda764b4ad897202cee4bb8b39234,proven_maximal,maximize_sum_testing_e_values_at_maximum_cardinality,proven_optimal,170357.74067330992,1.1127093081869641,153101.74851587147,0,0,14,,,5;60;79;95;96;100;122;125;126;128;144;157;168;194,0,0,14,0,0,0,0.0,0.0,0.7,0.0,0.0,0.0,0,14,0.25085099996067584,6,6,250,46,14,,method1_proportional_scores_gamma1,unrestricted_maximum_cardinality_then_maximum_testing_evalue_sum,200,0,4,exact_fixed_count_order_statistics,300.0,1,False
362,47e97371db97adfa58de7e68f76ce004f793aafeebfa9292fe640fdf7149ae14,proven_maximal,maximize_sum_testing_e_values_at_maximum_cardinality,proven_optimal,104903.44485295775,1.365034345541218,76850.40687482843,0,0,12,,,27;43;73;78;85;126;142;149;150;164;168;186,0,0,12,0,0,0,0.0,0.0,0.6,0.0,0.0,0.0,0,12,0.23477520002052188,4,4,243,46,12,,method1_proportional_scores_gamma1,unrestricted_maximum_cardinality_then_maximum_testing_evalue_sum,200,0,3,exact_fixed_count_order_statistics,300.0,1,False
363,6a90185099e58ebf210e578b9e1819199ab686eafd1bf71283a8337827137615,proven_maximal,maximize_sum_testing_e_values_at_maximum_cardinality,proven_optimal,319663.28681664116,1.4405364347986815,221905.72837632868,0,0,10,,,10;11;19;35;38;66;105;110;152;167,0,0,10,0,0,0,0.0,0.0,0.5,0.0,0.0,0.0,0,10,0.1875034999102354,3,3,239,47,10,,method1_proportional_scores_gamma1,unrestricted_maximum_cardinality_then_maximum_testing_evalue_sum,200,0,6,exact_fixed_count_order_statistics,300.0,1,False
364,42f253efa4201520c6f209378ed52f592e9ea114df2befee311e33bd75627147,proven_maximal,maximize_sum_testing_e_values_at_maximum_cardinality,proven_optimal,117967.60914934598,1.1964152939265502,98600.8869563884,0,0,9,,,2;6;58;81;90;122;129;136;186,0,0,8,0,0,1,0.0,0.0,0.4,0.0,0.0,0.1111111111111111,0,9,0.5620295000262558,9,8,255,48,9,,method1_proportional_scores_gamma1,unrestricted_maximum_cardinality_then_maximum_testing_evalue_sum,200,0,2,exact_fixed_count_order_statistics,300.0,1,False
365,b4c8772299cf72bf9504f9e0ef647b8710e979d47caae185f977d09c8cc5b348,proven_maximal,maximize_sum_testing_e_values_at_maximum_cardinality,proven_optimal,20019.633239476396,2.2458113093806866,8914.20982513312,0,0,11,,,26;35;66;72;77;99;104;134;137;165;195,0,0,11,0,0,0,0.0,0.0,0.55,0.0,0.0,0.0,0,11,0.2641386000905186,8,8,244,42,11,,method1_proportional_scores_gamma1,unrestricted_maximum_cardinality_then_maximum_testing_evalue_sum,200,0,7,exact_fixed_count_order_statistics,300.0,1,False
366,e43d6b6bf88c2579a6e306791423ea0a9858b502e167beb735e4f4c52a55c600,proven_maximal,maximize_sum_testing_e_values_at_maximum_cardinality,proven_optimal,54693.38009348726,3.38878250458955,16139.536845287075,0,0,13,,,7;14;39;54;73;79;87;88;142;160;175;198;199,0,0,13,0,0,0,0.0,0.0,0.65,0.0,0.0,0.0,0,13,0.21933650015853345,5,5,228,32,13,,method1_proportional_scores_gamma1,unrestricted_maximum_cardinality_then_maximum_testing_evalue_sum,200,0,8,exact_fixed_count_order_statistics,300.0,1,False
367,daa7a853c0f8aac9272db3bdae2a022499ee349d156112ba47b98a11879dd276,proven_maximal,maximize_sum_testing_e_values_at_maximum_cardinality,proven_optimal,28396.470610022057,3.3962404329220437,8361.148502548866,0,0,12,,,2;31;60;83;86;99;110;149;154;160;189;192,0,0,12,0,0,0,0.0,0.0,0.6,0.0,0.0,0.0,0,12,0.38708300003781915,13,13,251,33,12,,method1_proportional_scores_gamma1,unrestricted_maximum_cardinality_then_maximum_testing_evalue_sum,200,0,9,exact_fixed_count_order_statistics,300.0,1,False
368,c8585f77ec401437a6fafa6fd693daff43b6a6046708c38641bb3b9598661d80,proven_maximal,maximize_sum_testing_e_values_at_maximum_cardinality,proven_optimal,35639.67022540243,1.8515060958297391,19249.01587182232,0,0,12,,,19;26;27;55;105;108;129;143;151;154;157;170,0,0,12,0,0,0,0.0,0.0,0.6,0.0,0.0,0.0,0,12,0.19802650017663836,4,4,235,40,12,,method1_proportional_scores_gamma1,unrestricted_maximum_cardinality_then_maximum_testing_evalue_sum,200,0,8,exact_fixed_count_order_statistics,300.0,1,False
369,8624a2b9e21cb72f4317aa6c143debdd8329f82090f29a664868840136f72bc1,proven_maximal,maximize_sum_testing_e_values_at_maximum_cardinality,proven_optimal,193583.2359351854,1.0608598880597002,182477.6656314594,0,0,11,,,4;5;8;36;38;39;120;126;155;157;193,0,0,11,0,0,0,0.0,0.0,0.55,0.0,0.0,0.0,0,11,0.7994816999416798,15,14,256,43,11,,method1_proportional_scores_gamma1,unrestricted_maximum_cardinality_then_maximum_testing_evalue_sum,200,0,4,exact_fixed_count_order_statistics,300.0,1,False
370,c3d7388a1f87fa5b8fac5ee52dde10362aa9c8eeef23894bc5eb0c573806e6cb,proven_maximal,maximize_sum_testing_e_values_at_maximum_cardinality,proven_optimal,103810.6225851432,1.0142379219954103,102353.3239428736,0,0,4,,,34;53;109;158,0,0,4,0,0,0,0.0,0.0,0.2,0.0,0.0,0.0,0,4,0.7574075001757592,11,8,249,39,4,,method1_proportional_scores_gamma1,unrestricted_maximum_cardinality_then_maximum_testing_evalue_sum,200,0,1,exact_fixed_count_order_statistics,300.0,1,False
371,3282e7ec8e174937eac7cc5a513a162c3620001a2386bc98548d4911ce51fabd,proven_maximal,maximize_sum_testing_e_values_at_maximum_cardinality,proven_optimal,49886.18779023777,1.7014253870772098,29320.23241755823,0,0,12,,,10;49;51;53;58;67;93;103;110;116;158;195,0,0,12,0,0,0,0.0,0.0,0.6,0.0,0.0,0.0,0,12,0.24155290005728602,7,7,232,34,12,,method1_proportional_scores_gamma1,unrestricted_maximum_cardinality_then_maximum_testing_evalue_sum,200,0,4,exact_fixed_count_order_statistics,300.0,1,False
372,1d378d7141e2ba88ff5936ebd98bda0af68fd70debff856605118d61f38629a7,proven_maximal,maximize_sum_testing_e_values_at_maximum_cardinality,proven_optimal,6628.41847221662,1.7690389755818685,3746.903580819306,0,0,10,,,8;20;21;31;37;53;110;141;147;176,0,0,10,0,0,0,0.0,0.0,0.5,0.0,0.0,0.0,0,10,0.2532455001492053,6,6,244,34,10,,method1_proportional_scores_gamma1,unrestricted_maximum_cardinality_then_maximum_testing_evalue_sum,200,0,2,exact_fixed_count_order_statistics,300.0,1,False
373,137bc7eba6241c0fb9eb2cca398fd7d3b3dfa421115eb06bc5a52f99cb7771d9,proven_maximal,maximize_sum_testing_e_values_at_maximum_cardinality,proven_optimal,20492.116570778235,3.711159604980717,5521.755664530281,0,0,11,,,3;9;10;17;39;45;77;78;89;92;106,0,0,11,0,0,0,0.0,0.0,0.55,0.0,0.0,0.0,0,11,0.41566030005924404,10,10,259,33,11,,method1_proportional_scores_gamma1,unrestricted_maximum_cardinality_then_maximum_testing_evalue_sum,200,0,7,exact_fixed_count_order_statistics,300.0,1,False
374,952f6b10813d82071a20b34a3ab45152fbcd474c1123f19298de5ef79b478f07,proven_maximal,maximize_sum_testing_e_values_at_maximum_cardinality,proven_optimal,44617.636366121216,2.5679084747142262,17375.088250015047,0,0,13,,,19;20;26;36;48;55;71;104;157;158;171;189;195,0,0,13,0,0,0,0.0,0.0,0.65,0.0,0.0,0.0,0,13,0.20312040019780397,4,4,246,53,13,,method1_proportional_scores_gamma1,unrestricted_maximum_cardinality_then_maximum_testing_evalue_sum,200,0,10,exact_fixed_count_order_statistics,300.0,1,False
375,25ab83230673604e3f13a0cfb922f7cf13ca4c3d1bdd176bf0815422bacfa867,proven_maximal,maximize_sum_testing_e_values_at_maximum_cardinality,proven_optimal,14685.738890055016,3.302563196930141,4446.769982692828,0,0,6,,,34;44;93;130;175;187,0,0,6,0,0,0,0.0,0.0,0.3,0.0,0.0,0.0,0,6,0.48971899994648993,6,5,260,59,6,,method1_proportional_scores_gamma1,unrestricted_maximum_cardinality_then_maximum_testing_evalue_sum,200,0,4,exact_fixed_count_order_statistics,300.0,1,False
376,ab83e2a74d28f382b6c21fa8d11b661c70fc63f4b52fb29812e16eddc0f28725,proven_maximal,maximize_sum_testing_e_values_at_maximum_cardinality,proven_optimal,29591.75968050372,1.1651883021315927,25396.547172992232,0,0,8,,,15;20;47;91;96;112;152;170,0,0,8,0,0,0,0.0,0.0,0.4,0.0,0.0,0.0,0,8,0.5634321998804808,8,6,232,33,8,,method1_proportional_scores_gamma1,unrestricted_maximum_cardinality_then_maximum_testing_evalue_sum,200,0,4,exact_fixed_count_order_statistics,300.0,1,False
377,44b52101a2c122c298c3af39951910c6fb8f27a5004f7433406be017f65f61c3,proven_maximal,maximize_sum_testing_e_values_at_maximum_cardinality,proven_optimal,24454.265660135577,2.4255876087352752,10081.790314259672,0,0,15,,,2;4;34;40;59;62;64;77;79;82;85;88;138;177;186,0,0,15,0,0,0,0.0,0.0,0.75,0.0,0.0,0.0,0,15,0.20346029987558722,4,4,233,42,15,,method1_proportional_scores_gamma1,unrestricted_maximum_cardinality_then_maximum_testing_evalue_sum,200,0,3,exact_fixed_count_order_statistics,300.0,1,False
378,ad9f731081802f66cc47077e4a893c4311da27a31747960460d42d999c098798,proven_maximal,maximize_sum_testing_e_values_at_maximum_cardinality,proven_optimal,17083.009617844833,1.7796720854584718,9598.964751668833,0,0,10,,,35;52;82;121;159;176;177;188;192;194,0,0,10,0,0,0,0.0,0.0,0.5,0.0,0.0,0.0,0,10,0.3744534000288695,11,11,249,35,10,,method1_proportional_scores_gamma1,unrestricted_maximum_cardinality_then_maximum_testing_evalue_sum,200,0,5,exact_fixed_count_order_statistics,300.0,1,False
379,1489066e3e50fd2ac0959825975a696054fc752028e8ae0d03dafa2ec3f3a804,proven_maximal,maximize_sum_testing_e_values_at_maximum_cardinality,proven_optimal,7414.68340938738,2.6626028358684453,2784.750060918859,0,0,11,,,1;5;15;36;43;83;121;122;125;139;152,0,0,11,0,0,0,0.0,0.0,0.55,0.0,0.0,0.0,0,11,0.19574130000546575,3,3,239,46,11,,method1_proportional_scores_gamma1,unrestricted_maximum_cardinality_then_maximum_testing_evalue_sum,200,0,2,exact_fixed_count_order_statistics,300.0,1,False
380,588d02e4aaf248e679c5d8c6bd44ed5d9604b4c17e2d1dc11f27c9d6d4ad1096,proven_maximal,maximize_sum_testing_e_values_at_maximum_cardinality,proven_optimal,8009.686711188471,1.3516886413490663,5925.689146277299,0,0,7,,,9;11;29;36;78;147;179,0,0,7,0,0,0,0.0,0.0,0.35,0.0,0.0,0.0,0,7,0.1881307999137789,3,3,240,44,7,,method1_proportional_scores_gamma1,unrestricted_maximum_cardinality_then_maximum_testing_evalue_sum,200,0,1,exact_fixed_count_order_statistics,300.0,1,False
381,d475ceab258ffde4473b31b2d42808a8977ba0d3cd4bc9dc0b8dc4aa5d6ccbae,proven_maximal,maximize_sum_testing_e_values_at_maximum_cardinality,proven_optimal,11987.003961411283,1.9371914301833026,6187.826238874615,0,0,4,,,87;159;165;189,0,0,4,0,0,0,0.0,0.0,0.2,0.0,0.0,0.0,0,4,0.4125043998938054,5,4,238,40,4,,method1_proportional_scores_gamma1,unrestricted_maximum_cardinality_then_maximum_testing_evalue_sum,200,0,3,exact_fixed_count_order_statistics,300.0,1,False
382,b01b1e8b9486e2270c88f7c6751f4d57fd29f0b8e3ed145a88e93440d1883f04,proven_maximal,maximize_sum_testing_e_values_at_maximum_cardinality,proven_optimal,137427.67200764784,1.0658892473166524,128932.41239989833,0,0,8,,,14;29;47;112;149;169;180;185,0,0,8,0,0,0,0.0,0.0,0.4,0.0,0.0,0.0,0,8,0.4241798999719322,5,4,239,44,8,,method1_proportional_scores_gamma1,unrestricted_maximum_cardinality_then_maximum_testing_evalue_sum,200,0,9,exact_fixed_count_order_statistics,300.0,1,False
383,225cba28fa79a3ff648818bad3aab8df37b277b1e2b83a8b720f7ed6b2c2de73,proven_maximal,maximize_sum_testing_e_values_at_maximum_cardinality,proven_optimal,14807.263142467267,1.6642144088311666,8897.449189174431,0,0,12,,,0;6;61;86;87;104;140;153;162;168;173;199,0,0,12,0,0,0,0.0,0.0,0.6,0.0,0.0,0.0,0,12,0.16731950012035668,5,5,236,40,12,,method1_proportional_scores_gamma1,unrestricted_maximum_cardinality_then_maximum_testing_evalue_sum,200,0,4,exact_fixed_count_order_statistics,300.0,1,False
384,e0b1dd26dc9154b97fbf4779b4c4249d3e1a99766f9508db3c659f38a57eb9cf,proven_maximal,maximize_sum_testing_e_values_at_maximum_cardinality,proven_optimal,34335.70496545518,1.2203161205169368,28136.729809740013,0,0,6,,,5;73;88;103;140;153,0,0,6,0,0,0,0.0,0.0,0.3,0.0,0.0,0.0,0,6,0.42305129999294877,5,4,230,34,6,,method1_proportional_scores_gamma1,unrestricted_maximum_cardinality_then_maximum_testing_evalue_sum,200,0,2,exact_fixed_count_order_statistics,300.0,1,False
385,6b93d4e1158b3d4481f7a8e169ae3d95e661e65b4cd4e024fd86ed45fa363c18,proven_maximal,maximize_sum_testing_e_values_at_maximum_cardinality,proven_optimal,28303.6580044269,2.3992979105696945,11796.64179247604,0,0,9,,,6;31;59;82;93;140;146;184;185,0,0,9,0,0,0,0.0,0.0,0.45,0.0,0.0,0.0,0,9,0.4281448998954147,6,5,228,33,9,,method1_proportional_scores_gamma1,unrestricted_maximum_cardinality_then_maximum_testing_evalue_sum,200,0,6,exact_fixed_count_order_statistics,300.0,1,False
386,19fdb146183d0e9162d9c65b4b0976c46cc4cb63e8a22a2c1a68a07fe0d463f4,proven_maximal,maximize_sum_testing_e_values_at_maximum_cardinality,proven_optimal,6510.594269896439,1.632487873872602,3988.142499614377,0,0,6,,,11;61;121;182;193;197,0,0,6,0,0,0,0.0,0.0,0.3,0.0,0.0,0.0,0,6,0.7571930000558496,12,9,273,56,6,,method1_proportional_scores_gamma1,unrestricted_maximum_cardinality_then_maximum_testing_evalue_sum,200,0,6,exact_fixed_count_order_statistics,300.0,1,False
387,32b86574df6618e18081b86abcbc6e9321fa7f7d182e45273dd6d339c3e573e2,proven_maximal,maximize_sum_testing_e_values_at_maximum_cardinality,proven_optimal,9497.691879478385,2.095099070641219,4533.290101919407,0,0,13,,,21;35;39;43;64;84;90;104;110;132;156;174;184,0,0,13,0,0,0,0.0,0.0,0.65,0.0,0.0,0.0,0,13,0.2433140000794083,5,5,241,44,13,,method1_proportional_scores_gamma1,unrestricted_maximum_cardinality_then_maximum_testing_evalue_sum,200,0,2,exact_fixed_count_order_statistics,300.0,1,False
388,ae3ae410e27059710ce235737e0279ce3f8d083eeac0b0e65d41510e498279ed,proven_maximal,maximize_sum_testing_e_values_at_maximum_cardinality,proven_optimal,8665.469617662886,3.3078634953427946,2619.657561402751,0,0,10,,,2;14;17;47;65;95;104;110;125;168,0,0,10,0,0,0,0.0,0.0,0.5,0.0,0.0,0.0,0,10,0.2345666999462992,5,5,234,39,10,,method1_proportional_scores_gamma1,unrestricted_maximum_cardinality_then_maximum_testing_evalue_sum,200,0,2,exact_fixed_count_order_statistics,300.0,1,False
389,30d021b320c57ec624b6539cbeb7a8f5ae2c498edad537d783acba54d2d01848,proven_maximal,maximize_sum_testing_e_values_at_maximum_cardinality,proven_optimal,195548.4419534254,1.0727287544519126,182290.6686726568,0,0,12,,,7;10;21;43;56;69;73;88;102;146;166;199,0,0,12,0,0,0,0.0,0.0,0.6,0.0,0.0,0.0,0,12,0.32478400017134845,11,11,254,38,12,,method1_proportional_scores_gamma1,unrestricted_maximum_cardinality_then_maximum_testing_evalue_sum,200,0,4,exact_fixed_count_order_statistics,300.0,1,False
390,b54bcbf730fce67805dbe3b65beb0f11ef28de6508a38b9a0b0a6082b6e84f8a,proven_maximal,maximize_sum_testing_e_values_at_maximum_cardinality,proven_optimal,26898.26885986959,1.2903387163591413,20845.89768473084,0,0,10,,,15;21;34;53;99;107;121;152;167;169,0,0,10,0,0,0,0.0,0.0,0.5,0.0,0.0,0.0,0,10,0.32792280009016395,5,5,253,52,10,,method1_proportional_scores_gamma1,unrestricted_maximum_cardinality_then_maximum_testing_evalue_sum,200,0,3,exact_fixed_count_order_statistics,300.0,1,False
391,551e5cf9cfa0f190e425666524aa18ce7fdc1bf7d1763e498b880fc50f4129b2,proven_maximal,maximize_sum_testing_e_values_at_maximum_cardinality,proven_optimal,42853.050267304876,1.7277127692690184,24803.341753059834,0,0,10,,,46;73;90;101;109;113;116;143;145;161,0,0,10,0,0,0,0.0,0.0,0.5,0.0,0.0,0.0,0,10,0.3620655999984592,9,9,255,43,10,,method1_proportional_scores_gamma1,unrestricted_maximum_cardinality_then_maximum_testing_evalue_sum,200,0,5,exact_fixed_count_order_statistics,300.0,1,False
392,b3271fabb4136f55ae8df9137fb1a24bd99d3fb0dac4baac5a2123a827a469b8,proven_maximal,maximize_sum_testing_e_values_at_maximum_cardinality,proven_optimal,3673.0970531084927,3.574714925599377,1027.521670834387,0,0,11,,,19;33;49;57;67;99;118;152;172;173;180,0,0,11,0,0,0,0.0,0.0,0.55,0.0,0.0,0.0,0,11,0.4378378998953849,11,11,276,46,11,,method1_proportional_scores_gamma1,unrestricted_maximum_cardinality_then_maximum_testing_evalue_sum,200,0,0,exact_fixed_count_order_statistics,300.0,1,False
393,a39dc26822b6a34dc592cef4231015a96aeca9a0d5a450b9fbe613b45230307b,proven_maximal,maximize_sum_testing_e_values_at_maximum_cardinality,proven_optimal,3491.95802872488,2.3420474444970383,1490.9851791985318,0,0,12,,,28;52;59;73;119;128;140;142;156;165;184;190,0,0,12,0,0,0,0.0,0.0,0.6,0.0,0.0,0.0,0,12,0.39270509989000857,12,12,263,37,12,,method1_proportional_scores_gamma1,unrestricted_maximum_cardinality_then_maximum_testing_evalue_sum,200,0,0,exact_fixed_count_order_statistics,300.0,1,False
394,8fe819d2b434a22c0f76f3277b6767667b4f6fcc006c0ba4fdd555d5c9314429,proven_maximal,maximize_sum_testing_e_values_at_maximum_cardinality,proven_optimal,7345.165268544717,1.5106166823672815,4862.362076548855,0,0,6,,,12;18;27;38;153;179,0,0,6,0,0,0,0.0,0.0,0.3,0.0,0.0,0.0,0,6,0.46859199996106327,7,6,253,48,6,,method1_proportional_scores_gamma1,unrestricted_maximum_cardinality_then_maximum_testing_evalue_sum,200,0,2,exact_fixed_count_order_statistics,300.0,1,False
395,9ca4b17afc43ea68cc2e7a3fe7980239b5abd034d6790ee970f728f85dddab79,proven_maximal,maximize_sum_testing_e_values_at_maximum_cardinality,proven_optimal,45399.67359669909,1.2103254500778449,37510.30236849032,0,0,14,,,3;8;10;25;38;48;52;54;90;97;99;102;103;190,0,0,14,0,0,0,0.0,0.0,0.7,0.0,0.0,0.0,0,14,0.2321694998536259,5,5,240,40,14,,method1_proportional_scores_gamma1,unrestricted_maximum_cardinality_then_maximum_testing_evalue_sum,200,0,5,exact_fixed_count_order_statistics,300.0,1,False
396,42a623a0545c609449233ed69f7b973d8e1f27c16f96dbf98673490fa5eb4928,proven_maximal,maximize_sum_testing_e_values_at_maximum_cardinality,proven_optimal,131854.17155554902,1.461602126754503,90212.08244156846,0,0,9,,,0;53;61;62;72;75;82;133;195,0,0,9,0,0,0,0.0,0.0,0.45,0.0,0.0,0.0,0,9,0.4677200000733137,10,9,232,30,9,,method1_proportional_scores_gamma1,unrestricted_maximum_cardinality_then_maximum_testing_evalue_sum,200,0,3,exact_fixed_count_order_statistics,300.0,1,False
397,3a6b09eb65bc0797c7759752d6c4066e807f764a48a698df084f805a6db932f6,proven_maximal,maximize_sum_testing_e_values_at_maximum_cardinality,proven_optimal,2669.100087310787,1.723821040388792,1548.362634388542,0,0,8,,,7;91;131;142;143;152;153;180,0,0,8,0,0,0,0.0,0.0,0.4,0.0,0.0,0.0,0,8,0.6804681001231074,12,10,251,32,8,,method1_proportional_scores_gamma1,unrestricted_maximum_cardinality_then_maximum_testing_evalue_sum,200,0,0,exact_fixed_count_order_statistics,300.0,1,False
398,b9d1eeaab6600c706139f22094f53ba4e0a381bbe5432bf848389cd4478996c1,proven_maximal,maximize_sum_testing_e_values_at_maximum_cardinality,proven_optimal,6401.7244799321525,2.1667987643929316,2954.461939489666,0,0,9,,,33;35;44;84;116;120;122;136;155,0,0,9,0,0,0,0.0,0.0,0.45,0.0,0.0,0.0,0,9,0.1756016998551786,4,4,238,40,9,,method1_proportional_scores_gamma1,unrestricted_maximum_cardinality_then_maximum_testing_evalue_sum,200,0,0,exact_fixed_count_order_statistics,300.0,1,False
399,72910acca3477cfaaa3e145157f3039364226953721395d3e3e2a279ccb562f5,proven_maximal,maximize_sum_testing_e_values_at_maximum_cardinality,proven_optimal,63441.779017007146,1.063646393744077,59645.55456601474,0,0,10,,,9;24;26;48;62;93;102;130;131;132,0,0,10,0,0,0,0.0,0.0,0.5,0.0,0.0,0.0,0,10,0.4571834998205304,9,9,241,34,10,,method1_proportional_scores_gamma1,unrestricted_maximum_cardinality_then_maximum_testing_evalue_sum,200,0,1,exact_fixed_count_order_statistics,300.0,1,False
400,a8748839cce30ad4daf7247d2d20db402604bcc39a2a47bcb0e215931ab77bdb,proven_maximal,maximize_sum_testing_e_values_at_maximum_cardinality,proven_optimal,420330.6772559978,1.0485562565049968,400866.1191503698,0,0,11,,,11;42;44;70;80;81;86;93;97;112;188,0,0,11,0,0,0,0.0,0.0,0.55,0.0,0.0,0.0,0,11,0.3928724001161754,7,7,236,42,11,,method1_proportional_scores_gamma1,unrestricted_maximum_cardinality_then_maximum_testing_evalue_sum,200,0,6,exact_fixed_count_order_statistics,300.0,1,False
401,e264f4d3d57e3c96087df3ec969248294812c3317b66f97432d77c5f10d46a2f,proven_maximal,maximize_sum_testing_e_values_at_maximum_cardinality,proven_optimal,4206.2144673746525,1.3831316985896278,3041.080232391252,0,0,7,,,66;74;84;123;138;187;197,0,0,7,0,0,0,0.0,0.0,0.35,0.0,0.0,0.0,0,7,0.5839328002184629,8,6,245,41,7,,method1_proportional_scores_gamma1,unrestricted_maximum_cardinality_then_maximum_testing_evalue_sum,200,0,0,exact_fixed_count_order_statistics,300.0,1,False
402,9bbedc068916ffce7a9f4f6f590f8307f8d7e3d7071b0eef29d9865bd17af409,proven_maximal,maximize_sum_testing_e_values_at_maximum_cardinality,proven_optimal,49102.196698685555,1.420432225943551,34568.48964833111,0,0,10,,,7;22;38;41;44;47;77;99;105;172,0,0,10,0,0,0,0.0,0.0,0.5,0.0,0.0,0.0,0,10,0.22062159981578588,5,5,250,51,10,,method1_proportional_scores_gamma1,unrestricted_maximum_cardinality_then_maximum_testing_evalue_sum,200,0,4,exact_fixed_count_order_statistics,300.0,1,False
403,bca209b5e73cfd645a081612ccc8ab535a0530f2f158e7522808395782ed21f2,proven_maximal,maximize_sum_testing_e_values_at_maximum_cardinality,proven_optimal,4862.637850000141,1.44925942121594,3355.2570221833366,0,0,8,,,16;20;22;27;102;110;132;172,0,0,8,0,0,0,0.0,0.0,0.4,0.0,0.0,0.0,0,8,0.5894466999452561,9,7,254,46,8,,method1_proportional_scores_gamma1,unrestricted_maximum_cardinality_then_maximum_testing_evalue_sum,200,0,0,exact_fixed_count_order_statistics,300.0,1,False
404,a1fefb15c1e392124a4b916db88f56461b0cc7964a089182733b333b15bcdd79,proven_maximal,maximize_sum_testing_e_values_at_maximum_cardinality,proven_optimal,60279.58038828405,1.1008279945190522,54758.400666054986,0,0,16,,,4;11;24;28;47;49;56;68;79;88;91;94;130;137;141;157,0,0,16,0,0,0,0.0,0.0,0.8,0.0,0.0,0.0,0,16,0.4184984997846186,10,10,264,45,16,,method1_proportional_scores_gamma1,unrestricted_maximum_cardinality_then_maximum_testing_evalue_sum,200,0,1,exact_fixed_count_order_statistics,300.0,1,False
405,dc4e76e8608d71f0dc77e49c1350b1a36269d918cb26db63de35c249ddafd781,proven_maximal,maximize_sum_testing_e_values_at_maximum_cardinality,proven_optimal,24229.851442016865,1.8544125872123967,13066.05207983399,0,0,11,,,16;47;69;73;93;115;142;176;178;180;187,0,0,10,0,0,1,0.0,0.0,0.5,0.0,0.0,0.09090909090909091,0,11,0.2843151001725346,7,7,260,45,11,,method1_proportional_scores_gamma1,unrestricted_maximum_cardinality_then_maximum_testing_evalue_sum,200,0,6,exact_fixed_count_order_statistics,300.0,1,False
406,63669bf4ab2916d63e88c36612ed0e9d1480abd29746fb3cb29fb0b453ba28c7,proven_maximal,maximize_sum_testing_e_values_at_maximum_cardinality,proven_optimal,24344.214076064658,1.7480889935509396,13926.18691947348,0,0,11,,,29;44;55;77;98;126;150;167;176;179;198,0,0,11,0,0,0,0.0,0.0,0.55,0.0,0.0,0.0,0,11,0.811845599906519,14,14,292,58,11,,method1_proportional_scores_gamma1,unrestricted_maximum_cardinality_then_maximum_testing_evalue_sum,200,0,4,exact_fixed_count_order_statistics,300.0,1,False
407,a7eb6d2b4773634eac1c317dcc138e37cd3a57ccbcd86d4d909cb61d45be80fa,proven_maximal,maximize_sum_testing_e_values_at_maximum_cardinality,proven_optimal,21721.776280947728,1.1590071364882446,18741.710553020435,0,0,6,,,4;17;34;108;146;186,0,0,6,0,0,0,0.0,0.0,0.3,0.0,0.0,0.0,0,6,0.398162400117144,6,5,239,42,6,,method1_proportional_scores_gamma1,unrestricted_maximum_cardinality_then_maximum_testing_evalue_sum,200,0,1,exact_fixed_count_order_statistics,300.0,1,False
408,e48bd8c44e3dcdf4110fd6f04f167fd9134755555935cd4a7b8cbec0a93fc6b2,proven_maximal,maximize_sum_testing_e_values_at_maximum_cardinality,proven_optimal,67334.37798506072,1.0436986299296938,64515.15413946318,0,0,7,,,2;11;84;112;121;126;130,0,0,7,0,0,0,0.0,0.0,0.35,0.0,0.0,0.0,0,7,0.48657670011743903,9,8,248,44,7,,method1_proportional_scores_gamma1,unrestricted_maximum_cardinality_then_maximum_testing_evalue_sum,200,0,1,exact_fixed_count_order_statistics,300.0,1,False
409,a45a5bd7b36538988716b3bebe9ae15118bb246830a421d9df05196afbb12f12,proven_maximal,maximize_sum_testing_e_values_at_maximum_cardinality,proven_optimal,29150.081767520183,1.299323128353587,22434.82097055962,0,0,6,,,79;86;144;146;163;197,0,0,6,0,0,0,0.0,0.0,0.3,0.0,0.0,0.0,0,6,0.8336106999777257,12,8,249,42,6,,method1_proportional_scores_gamma1,unrestricted_maximum_cardinality_then_maximum_testing_evalue_sum,200,0,2,exact_fixed_count_order_statistics,300.0,1,False
410,af27e3695b4960da04c88fc86902804b0e0822f6931c7f70297d7156b54f4e9d,proven_maximal,maximize_sum_testing_e_values_at_maximum_cardinality,proven_optimal,14429.250502288089,1.5203707514004052,9490.613055399404,0,0,9,,,3;40;54;68;82;119;136;158;174,0,0,9,0,0,0,0.0,0.0,0.45,0.0,0.0,0.0,0,9,0.39173239981755614,6,5,229,32,9,,method1_proportional_scores_gamma1,unrestricted_maximum_cardinality_then_maximum_testing_evalue_sum,200,0,2,exact_fixed_count_order_statistics,300.0,1,False
411,541c38bed9a7d79bc6d7e82cde92f14ea1cabcc2fe06aad0820896b63aede54c,proven_maximal,maximize_sum_testing_e_values_at_maximum_cardinality,proven_optimal,23288.95807460438,1.7481662974953422,13321.935165991512,0,0,11,,,3;9;35;39;50;112;124;139;141;144;176,0,0,11,0,0,0,0.0,0.0,0.55,0.0,0.0,0.0,0,11,0.1850495000835508,5,5,238,44,11,,method1_proportional_scores_gamma1,unrestricted_maximum_cardinality_then_maximum_testing_evalue_sum,200,0,4,exact_fixed_count_order_statistics,300.0,1,False
412,899f54b88d38b73c4e3e0ac4706d304f3144b547ce34c31fc9b2e2666a375ff7,proven_maximal,maximize_sum_testing_e_values_at_maximum_cardinality,proven_optimal,49762.6284947381,1.4905704799794541,33384.9550646032,0,0,12,,,18;56;69;82;87;99;102;151;159;164;171;188,0,0,12,0,0,0,0.0,0.0,0.6,0.0,0.0,0.0,0,12,0.29020489985123277,8,8,245,36,12,,method1_proportional_scores_gamma1,unrestricted_maximum_cardinality_then_maximum_testing_evalue_sum,200,0,7,exact_fixed_count_order_statistics,300.0,1,False
413,a5e85e1b277b81974cedf03f20d5d15aadd77ed7df61ba6e5ac9923db937ca5c,proven_maximal,maximize_sum_testing_e_values_at_maximum_cardinality,proven_optimal,10344.16232013329,3.7017151871163008,2794.424151305808,0,0,9,,,54;67;70;86;87;93;148;165;189,0,0,8,0,0,1,0.0,0.0,0.4,0.0,0.0,0.1111111111111111,0,9,0.4879028999712318,8,7,236,33,9,,method1_proportional_scores_gamma1,unrestricted_maximum_cardinality_then_maximum_testing_evalue_sum,200,0,5,exact_fixed_count_order_statistics,300.0,1,False
414,68d4b0ae3c9eadeb70cc74d2fdb85bd0aa2b55f5213fa60fee7392d53b17d6aa,proven_maximal,maximize_sum_testing_e_values_at_maximum_cardinality,proven_optimal,48040.44438963517,1.6274503221035006,29518.83921565254,0,0,10,,,23;70;73;80;107;125;132;141;155;186,0,0,10,0,0,0,0.0,0.0,0.5,0.0,0.0,0.0,0,10,0.30745800002478063,7,7,239,37,10,,method1_proportional_scores_gamma1,unrestricted_maximum_cardinality_then_maximum_testing_evalue_sum,200,0,5,exact_fixed_count_order_statistics,300.0,1,False
415,2e3513803801aa58db47680b340eb30d74419c0789cc352f9c0881e1caf7f709,proven_maximal,maximize_sum_testing_e_values_at_maximum_cardinality,proven_optimal,9756.29377993809,1.5082966843112924,6468.418237220311,0,0,13,,,44;46;50;71;81;91;135;144;171;176;187;191;199,0,0,13,0,0,0,0.0,0.0,0.65,0.0,0.0,0.0,0,13,0.41298440005630255,10,10,258,36,13,,method1_proportional_scores_gamma1,unrestricted_maximum_cardinality_then_maximum_testing_evalue_sum,200,0,1,exact_fixed_count_order_statistics,300.0,1,False
416,ecf40224a768429587344791914985ac9eb1858e184a657fcc6c8df53c33fd0e,proven_maximal,maximize_sum_testing_e_values_at_maximum_cardinality,proven_optimal,3567.763410440126,1.117336509605069,3193.096600505052,0,0,4,,,102;109;183;186,0,0,4,0,0,0,0.0,0.0,0.2,0.0,0.0,0.0,0,4,0.9855690998956561,18,13,274,43,4,,method1_proportional_scores_gamma1,unrestricted_maximum_cardinality_then_maximum_testing_evalue_sum,200,0,0,exact_fixed_count_order_statistics,300.0,1,False
417,1602d27a0f8ece93201a93ed850a64f257188af9daf396b6de0ce4fb775b3d00,proven_maximal,maximize_sum_testing_e_values_at_maximum_cardinality,proven_optimal,3214.4612013967644,1.4433945611363754,2227.014904965444,0,0,10,,,6;25;38;44;61;72;83;93;143;172,0,0,10,0,0,0,0.0,0.0,0.5,0.0,0.0,0.0,0,10,0.22519390005618334,6,6,230,32,10,,method1_proportional_scores_gamma1,unrestricted_maximum_cardinality_then_maximum_testing_evalue_sum,200,0,0,exact_fixed_count_order_statistics,300.0,1,False
418,609924e87934bc57547caee6043d6378fdc8a3a24396fb42a34baefabb3decb3,proven_maximal,maximize_sum_testing_e_values_at_maximum_cardinality,proven_optimal,9197.775759473954,2.6182881477203233,3512.896686899119,0,0,13,,,3;10;14;33;35;57;72;76;80;90;138;147;159,0,0,13,0,0,0,0.0,0.0,0.65,0.0,0.0,0.0,0,13,0.36295360000804067,8,8,263,55,13,,method1_proportional_scores_gamma1,unrestricted_maximum_cardinality_then_maximum_testing_evalue_sum,200,0,2,exact_fixed_count_order_statistics,300.0,1,False
419,c0c4ef241d49cfc0a0e8e0da14a2d6ecf10e6f89633f530048051d92ad7de72b,proven_maximal,maximize_sum_testing_e_values_at_maximum_cardinality,proven_optimal,7926.588110861125,3.206655854343733,2471.9173091567577,0,0,9,,,53;54;102;139;144;147;169;183;191,0,0,9,0,0,0,0.0,0.0,0.45,0.0,0.0,0.0,0,9,0.48470010003075004,8,7,240,36,9,,method1_proportional_scores_gamma1,unrestricted_maximum_cardinality_then_maximum_testing_evalue_sum,200,0,3,exact_fixed_count_order_statistics,300.0,1,False
420,1d0f3c0348ea7acca1178e864668fdc5f025b0cc56239ae7a312223b574cdd62,proven_maximal,maximize_sum_testing_e_values_at_maximum_cardinality,proven_optimal,54719.78202313795,1.5763382160704331,34713.22427210189,0,0,8,,,15;49;89;110;131;167;171;174,0,0,8,0,0,0,0.0,0.0,0.4,0.0,0.0,0.0,0,8,0.44498939998447895,7,6,238,40,8,,method1_proportional_scores_gamma1,unrestricted_maximum_cardinality_then_maximum_testing_evalue_sum,200,0,4,exact_fixed_count_order_statistics,300.0,1,False
421,7cea7687409587dbf95cc45fff45369095891e84b634321fbef3e51534e811b4,proven_maximal,maximize_sum_testing_e_values_at_maximum_cardinality,proven_optimal,63532.88993699486,1.2196748667184358,52090.02142344017,0,0,16,,,36;52;65;71;78;84;85;95;102;104;105;117;142;162;169;186,0,0,16,0,0,0,0.0,0.0,0.8,0.0,0.0,0.0,0,16,0.16568530001677573,4,4,229,32,16,,method1_proportional_scores_gamma1,unrestricted_maximum_cardinality_then_maximum_testing_evalue_sum,200,0,2,exact_fixed_count_order_statistics,300.0,1,False
422,932706c8ea1c1f709b868215e132f496b41b8ccbcb2a7888adc2e372ad92e10f,proven_maximal,maximize_sum_testing_e_values_at_maximum_cardinality,proven_optimal,38104.04256772609,2.44266400710936,15599.379389398002,0,0,13,,,6;31;57;68;77;79;121;126;163;167;168;181;184,0,0,13,0,0,0,0.0,0.0,0.65,0.0,0.0,0.0,0,13,0.19389949995093048,4,4,240,47,13,,method1_proportional_scores_gamma1,unrestricted_maximum_cardinality_then_maximum_testing_evalue_sum,200,0,5,exact_fixed_count_order_statistics,300.0,1,False
423,fe511e6604b2a61681ef0df72b99216f54f5aace0bc3752d21eb5b0a39616731,proven_maximal,maximize_sum_testing_e_values_at_maximum_cardinality,proven_optimal,20692.537199289898,1.9573994015100336,10571.443509856324,0,0,15,,,1;9;23;51;64;75;88;110;112;127;132;140;156;182;186,0,0,15,0,0,0,0.0,0.0,0.75,0.0,0.0,0.0,0,15,0.2816208000294864,6,6,245,44,15,,method1_proportional_scores_gamma1,unrestricted_maximum_cardinality_then_maximum_testing_evalue_sum,200,0,3,exact_fixed_count_order_statistics,300.0,1,False
424,79efba362826b72c2f623e09eabeb1fc2e5c76e76d0a28e2b2543f0f16bfd154,proven_maximal,maximize_sum_testing_e_values_at_maximum_cardinality,proven_optimal,23229.659833274436,1.989181206827116,11678.00085459654,0,0,11,,,2;13;18;27;52;88;95;100;125;130;138,0,0,11,0,0,0,0.0,0.0,0.55,0.0,0.0,0.0,0,11,0.31927570002153516,8,8,247,34,11,,method1_proportional_scores_gamma1,unrestricted_maximum_cardinality_then_maximum_testing_evalue_sum,200,0,4,exact_fixed_count_order_statistics,300.0,1,False
425,4b796b7956d9a43b4250c1a652c942fe71ee7545d3c03a2a3c0a8ce320bda51e,proven_maximal,maximize_sum_testing_e_values_at_maximum_cardinality,proven_optimal,40235.391063818606,1.1681805497109592,34442.78461388009,0,0,13,,,12;16;30;39;56;57;73;81;92;119;141;158;181,0,0,13,0,0,0,0.0,0.0,0.65,0.0,0.0,0.0,0,13,0.32395550003275275,8,8,266,39,13,,method1_proportional_scores_gamma1,unrestricted_maximum_cardinality_then_maximum_testing_evalue_sum,200,0,2,exact_fixed_count_order_statistics,300.0,1,False
426,3ae2c75ad028fbe4c9c79a8a6066b05eb470c758b506b397e75ecedc4b0e4a82,proven_maximal,maximize_sum_testing_e_values_at_maximum_cardinality,proven_optimal,14989.71391584289,1.7318139080038517,8655.499211875802,0,0,4,,,12;16;40;199,0,0,4,0,0,0,0.0,0.0,0.2,0.0,0.0,0.0,0,4,0.44594380003400147,5,4,236,37,4,,method1_proportional_scores_gamma1,unrestricted_maximum_cardinality_then_maximum_testing_evalue_sum,200,0,2,exact_fixed_count_order_statistics,300.0,1,False
427,6a6edfc339d0fc01a82b3a7ad0493b47d07e53885651740d21685fc75b81cdf0,proven_maximal,maximize_sum_testing_e_values_at_maximum_cardinality,proven_optimal,138805.18846196897,1.1785454271996767,117776.6976634764,0,0,13,,,5;8;11;56;58;79;80;109;123;132;146;159;191,0,0,13,0,0,0,0.0,0.0,0.65,0.0,0.0,0.0,0,13,0.25094719999469817,6,6,229,31,13,,method1_proportional_scores_gamma1,unrestricted_maximum_cardinality_then_maximum_testing_evalue_sum,200,0,5,exact_fixed_count_order_statistics,300.0,1,False
428,70fba480d41648146d9309d97f2643bd819ecdf3acae974d15213e89660fae71,proven_maximal,maximize_sum_testing_e_values_at_maximum_cardinality,proven_optimal,685416.3423933629,1.0378769781661445,660402.2989357036,0,0,8,,,16;18;24;43;57;102;140;148,0,0,8,0,0,0,0.0,0.0,0.4,0.0,0.0,0.0,0,8,0.44895440014079213,6,5,241,46,8,,method1_proportional_scores_gamma1,unrestricted_maximum_cardinality_then_maximum_testing_evalue_sum,200,0,5,exact_fixed_count_order_statistics,300.0,1,False
429,5956fab189d5544cfed72fc81ff3f5f7386137819bea5d4f8cad9b61f1ef2324,proven_maximal,maximize_sum_testing_e_values_at_maximum_cardinality,proven_optimal,20988.051612634117,2.1860429106107757,9600.933042421431,0,0,15,,,1;17;36;51;61;64;84;96;134;148;155;165;193;197;198,0,0,14,0,0,1,0.0,0.0,0.7,0.0,0.0,0.06666666666666667,0,15,0.1933073999825865,4,4,236,45,15,,method1_proportional_scores_gamma1,unrestricted_maximum_cardinality_then_maximum_testing_evalue_sum,200,0,5,exact_fixed_count_order_statistics,300.0,1,False
430,60390bf3dd405bcfdb36118db4dd68a8235560ab3479e4236b8d9590ef643e3c,proven_maximal,maximize_sum_testing_e_values_at_maximum_cardinality,proven_optimal,24243.039101122475,1.4543661983414016,16669.143664621668,0,0,11,,,15;37;73;77;89;121;139;168;169;174;185,0,0,11,0,0,0,0.0,0.0,0.55,0.0,0.0,0.0,0,11,0.35963409999385476,8,8,247,41,11,,method1_proportional_scores_gamma1,unrestricted_maximum_cardinality_then_maximum_testing_evalue_sum,200,0,2,exact_fixed_count_order_statistics,300.0,1,False
431,9f348676b8e303397b9710e25b73e3ff9a364dec4e04c44c9503b726657f285a,proven_maximal,maximize_sum_testing_e_values_at_maximum_cardinality,proven_optimal,41700.592010334716,1.2432615356356163,33541.287022135155,0,0,11,,,7;8;16;64;89;95;96;105;110;113;150,0,0,11,0,0,0,0.0,0.0,0.55,0.0,0.0,0.0,0,11,0.28565899981185794,8,8,239,36,11,,method1_proportional_scores_gamma1,unrestricted_maximum_cardinality_then_maximum_testing_evalue_sum,200,0,4,exact_fixed_count_order_statistics,300.0,1,False
432,ffe6a69c2a2edb2d6d2a55a34c314c0f04179df0c09ddf9ad5fc1586168175ed,proven_maximal,maximize_sum_testing_e_values_at_maximum_cardinality,proven_optimal,2296.963278423974,3.0137453839267914,762.1623547478059,0,0,6,,,23;34;48;102;149;179,0,0,6,0,0,0,0.0,0.0,0.3,0.0,0.0,0.0,0,6,0.7461616999935359,11,8,264,54,6,,method1_proportional_scores_gamma1,unrestricted_maximum_cardinality_then_maximum_testing_evalue_sum,200,0,0,exact_fixed_count_order_statistics,300.0,1,False
433,463106536eda95ebf7dab08a6124d7e820518b07c4cd9532cbc28bd2c20cd233,proven_maximal,maximize_sum_testing_e_values_at_maximum_cardinality,proven_optimal,6322.263108454001,1.726017524948349,3662.919418296865,0,0,3,,,69;73;131,0,0,3,0,0,0,0.0,0.0,0.15,0.0,0.0,0.0,0,3,0.4357815000694245,9,8,250,47,3,,method1_proportional_scores_gamma1,unrestricted_maximum_cardinality_then_maximum_testing_evalue_sum,200,0,2,exact_fixed_count_order_statistics,300.0,1,False
434,d05280ab703148be7b431c6ce0a96eb25d73a7d7a76e5a840457130b9b0bc8e6,proven_maximal,maximize_sum_testing_e_values_at_maximum_cardinality,proven_optimal,92319.19670955824,1.7372912275570693,53139.73572489336,0,0,11,,,23;40;55;72;79;86;97;127;167;182;195,0,0,11,0,0,0,0.0,0.0,0.55,0.0,0.0,0.0,0,11,0.7951197999063879,15,14,265,51,11,,method1_proportional_scores_gamma1,unrestricted_maximum_cardinality_then_maximum_testing_evalue_sum,200,0,6,exact_fixed_count_order_statistics,300.0,1,False
435,9cd40ad62be8864f2b4f561847e94f8b44ae6b8e6c3d34817be36c7d4fddccc6,proven_maximal,maximize_sum_testing_e_values_at_maximum_cardinality,proven_optimal,8266.933569918483,1.3793169276005792,5993.498234158125,0,0,3,,,20;95;181,0,0,3,0,0,0,0.0,0.0,0.15,0.0,0.0,0.0,0,3,0.557627699803561,8,6,246,44,3,,method1_proportional_scores_gamma1,unrestricted_maximum_cardinality_then_maximum_testing_evalue_sum,200,0,1,exact_fixed_count_order_statistics,300.0,1,False
436,e189196673c84b6e3d8ff145eed8a2de884e626791474f6d7b485fabbe9fddd8,proven_maximal,maximize_sum_testing_e_values_at_maximum_cardinality,proven_optimal,4846.664399806788,1.7758139375741409,2729.263633569403,0,0,5,,,12;33;54;74;106,0,0,5,0,0,0,0.0,0.0,0.25,0.0,0.0,0.0,0,5,0.5880980000365525,7,5,235,36,5,,method1_proportional_scores_gamma1,unrestricted_maximum_cardinality_then_maximum_testing_evalue_sum,200,0,0,exact_fixed_count_order_statistics,300.0,1,False
437,b11e001c5e743dded519e7a7096fc63e6f883e07d662f25960396ff966f4b11a,proven_maximal,maximize_sum_testing_e_values_at_maximum_cardinality,proven_optimal,6710.692766419917,2.7484670857088487,2441.6129271888963,0,0,10,,,22;38;55;58;106;114;124;130;150;177,0,0,9,0,0,1,0.0,0.0,0.45,0.0,0.0,0.1,0,10,0.5265074998605996,12,12,262,40,10,,method1_proportional_scores_gamma1,unrestricted_maximum_cardinality_then_maximum_testing_evalue_sum,200,0,3,exact_fixed_count_order_statistics,300.0,1,False
438,a0b4d896f6e3366a0d4dac2a4f4cd90c79a4e38e09a8e5cec5adb1f63999e189,proven_maximal,maximize_sum_testing_e_values_at_maximum_cardinality,proven_optimal,9349.571267387306,2.4840088054902103,3763.904236862076,0,0,18,,,7;14;54;62;65;68;81;100;113;117;128;131;133;141;171;172;174;194,0,0,18,0,0,0,0.0,0.0,0.9,0.0,0.0,0.0,0,18,0.2053578000050038,4,4,235,43,18,,method1_proportional_scores_gamma1,unrestricted_maximum_cardinality_then_maximum_testing_evalue_sum,200,0,3,exact_fixed_count_order_statistics,300.0,1,False
439,dfb9d881ef002208a40f7f7d641a15aef999aaa4fa48f78110373d353f673e98,proven_maximal,maximize_sum_testing_e_values_at_maximum_cardinality,proven_optimal,10955.324700717589,2.1593098583890935,5073.530627461949,0,0,4,,,0;17;65;171,0,0,4,0,0,0,0.0,0.0,0.2,0.0,0.0,0.0,0,4,0.4384181001223624,7,6,250,51,4,,method1_proportional_scores_gamma1,unrestricted_maximum_cardinality_then_maximum_testing_evalue_sum,200,0,4,exact_fixed_count_order_statistics,300.0,1,False
440,fa0bd799fe480fd1bb7a5db9075c55acf803970c82c8c767179fecac09e89e99,proven_maximal,maximize_sum_testing_e_values_at_maximum_cardinality,proven_optimal,13425.284411557748,2.7149652564885094,4944.9194163618085,0,0,13,,,2;3;22;29;73;80;88;110;111;126;137;181;195,0,0,13,0,0,0,0.0,0.0,0.65,0.0,0.0,0.0,0,13,0.3084885999560356,8,8,261,45,13,,method1_proportional_scores_gamma1,unrestricted_maximum_cardinality_then_maximum_testing_evalue_sum,200,0,5,exact_fixed_count_order_statistics,300.0,1,False
441,a28e5b3a372ddbf5bb4b5b7c7a5321026c4dc12a0705e727c544d8085237f81f,proven_maximal,maximize_sum_testing_e_values_at_maximum_cardinality,proven_optimal,9800.678233879718,1.7992274834717155,5447.159030145945,0,0,7,,,13;21;72;75;133;141;177,0,0,7,0,0,0,0.0,0.0,0.35,0.0,0.0,0.0,0,7,0.44846019987016916,7,6,242,36,7,,method1_proportional_scores_gamma1,unrestricted_maximum_cardinality_then_maximum_testing_evalue_sum,200,0,3,exact_fixed_count_order_statistics,300.0,1,False
442,2467bcddc559bb13198fe396deb888ccf2151b39c568360db83cf5f89f61fe26,proven_maximal,maximize_sum_testing_e_values_at_maximum_cardinality,proven_optimal,18861.961908703983,1.2250058175257048,15397.446802988914,0,0,7,,,14;30;70;124;148;152;156,0,0,7,0,0,0,0.0,0.0,0.35,0.0,0.0,0.0,0,7,0.43073979998007417,6,5,241,40,7,,method1_proportional_scores_gamma1,unrestricted_maximum_cardinality_then_maximum_testing_evalue_sum,200,0,1,exact_fixed_count_order_statistics,300.0,1,False
443,dee951c421d1e51597016d817d841bd0829e769fdb1c4628f97813eddddf3268,proven_maximal,maximize_sum_testing_e_values_at_maximum_cardinality,proven_optimal,25827.91126456297,2.7947559830546647,9241.562204773632,0,0,10,,,1;10;57;67;82;97;123;134;170;199,0,0,10,0,0,0,0.0,0.0,0.5,0.0,0.0,0.0,0,10,0.35163719998672605,12,12,252,40,10,,method1_proportional_scores_gamma1,unrestricted_maximum_cardinality_then_maximum_testing_evalue_sum,200,0,4,exact_fixed_count_order_statistics,300.0,1,False
444,59a54aeef50253f04f70f3b270c0882c543f3ccf83caa61688da765c37c63a10,proven_maximal,maximize_sum_testing_e_values_at_maximum_cardinality,proven_optimal,2557.654891574167,1.210447661913805,2112.982636135073,0,0,8,,,76;113;146;154;156;164;176;184,0,0,8,0,0,0,0.0,0.0,0.4,0.0,0.0,0.0,0,8,0.6406871001236141,10,8,249,41,8,,method1_proportional_scores_gamma1,unrestricted_maximum_cardinality_then_maximum_testing_evalue_sum,200,0,0,exact_fixed_count_order_statistics,300.0,1,False
445,33a6ad71a8133b566deb8d2f1da92b11fb3a2e1ca927514da9321e6ab3f3ebe5,proven_maximal,maximize_sum_testing_e_values_at_maximum_cardinality,proven_optimal,13279.698045131161,1.7452128958037996,7609.2137968158195,0,0,9,,,15;27;66;80;129;154;155;184;197,0,0,9,0,0,0,0.0,0.0,0.45,0.0,0.0,0.0,0,9,0.45739759993739426,7,6,243,43,9,,method1_proportional_scores_gamma1,unrestricted_maximum_cardinality_then_maximum_testing_evalue_sum,200,0,3,exact_fixed_count_order_statistics,300.0,1,False
446,8eecb8e10c469f44b0ed8516a97b2421615c91b0c8fc782229a4dbc4ce336199,proven_maximal,maximize_sum_testing_e_values_at_maximum_cardinality,proven_optimal,24199.314345402392,2.362294788832568,10243.985830981555,0,0,14,,,9;29;38;40;46;58;59;69;121;128;142;151;187;191,0,0,14,0,0,0,0.0,0.0,0.7,0.0,0.0,0.0,0,14,0.2298275998327881,6,6,240,40,14,,method1_proportional_scores_gamma1,unrestricted_maximum_cardinality_then_maximum_testing_evalue_sum,200,0,4,exact_fixed_count_order_statistics,300.0,1,False
447,b32582ab71e419a56a73985df6dfa73832576ba48e7c277a8ef8af2241cace5b,proven_maximal,maximize_sum_testing_e_values_at_maximum_cardinality,proven_optimal,5152.127023925709,2.7164719899421064,1896.624387441415,0,0,13,,,5;7;9;13;22;34;49;98;110;119;161;167;178,0,0,13,0,0,0,0.0,0.0,0.65,0.0,0.0,0.0,0,13,0.23692800011485815,4,4,244,47,13,,method1_proportional_scores_gamma1,unrestricted_maximum_cardinality_then_maximum_testing_evalue_sum,200,0,0,exact_fixed_count_order_statistics,300.0,1,False
448,5d039888c5fe492d3ddb1727bea844178cf38d9437c5f1be1eebdbb7f8f55ec8,proven_maximal,maximize_sum_testing_e_values_at_maximum_cardinality,proven_optimal,306330.24773970834,1.0574373223140452,289691.16303683125,0,0,9,,,34;48;63;72;76;149;191;192;198,0,0,9,0,0,0,0.0,0.0,0.45,0.0,0.0,0.0,0,9,0.530942999990657,9,8,259,45,9,,method1_proportional_scores_gamma1,unrestricted_maximum_cardinality_then_maximum_testing_evalue_sum,200,0,5,exact_fixed_count_order_statistics,300.0,1,False
449,7944f63948f1e96b15119e6375123ba0410322ea4d6de8b78772d1052fbb0cf1,proven_maximal,maximize_sum_testing_e_values_at_maximum_cardinality,proven_optimal,14657.769363845899,1.713032360644352,8556.621404590642,0,0,10,,,16;32;34;52;61;119;126;150;155;166,0,0,10,0,0,0,0.0,0.0,0.5,0.0,0.0,0.0,0,10,0.15558210015296936,3,3,226,35,10,,method1_proportional_scores_gamma1,unrestricted_maximum_cardinality_then_maximum_testing_evalue_sum,200,0,3,exact_fixed_count_order_statistics,300.0,1,False
450,c544b853d0b71271a90eee4efd010eda76eaaaa18155b9a130b277a934c1498e,proven_maximal,maximize_sum_testing_e_values_at_maximum_cardinality,proven_optimal,2430.766729369749,3.096038458672879,785.1216197138909,0,0,6,,,15;82;113;127;134;140,0,0,6,0,0,0,0.0,0.0,0.3,0.0,0.0,0.0,0,6,0.455629900097847,5,4,233,36,6,,method1_proportional_scores_gamma1,unrestricted_maximum_cardinality_then_maximum_testing_evalue_sum,200,0,0,exact_fixed_count_order_statistics,300.0,1,False
451,7cec5fea55a3e5855a0b3d2912d1b3ae346d7976b79b7d6e18aa0cca368509df,proven_maximal,maximize_sum_testing_e_values_at_maximum_cardinality,proven_optimal,8830.288679554254,2.2614422521861623,3904.7155287816495,0,0,8,,,22;35;43;52;54;88;98;127,0,0,8,0,0,0,0.0,0.0,0.4,0.0,0.0,0.0,0,8,0.5415471999440342,8,7,273,54,8,,method1_proportional_scores_gamma1,unrestricted_maximum_cardinality_then_maximum_testing_evalue_sum,200,0,3,exact_fixed_count_order_statistics,300.0,1,False
452,3545d56a007a12e94f5dbdbaffca700621a956b9ef6c95fd3660fc42281628b7,proven_maximal,maximize_sum_testing_e_values_at_maximum_cardinality,proven_optimal,56079.37256584392,2.0470398379987764,27395.34987295027,0,0,11,,,9;19;20;37;72;88;91;101;150;159;188,0,0,11,0,0,0,0.0,0.0,0.55,0.0,0.0,0.0,0,11,0.2473073999863118,5,5,241,47,11,,method1_proportional_scores_gamma1,unrestricted_maximum_cardinality_then_maximum_testing_evalue_sum,200,0,5,exact_fixed_count_order_statistics,300.0,1,False
453,8a0d4b42c9435d1750c0dd072c3d476915432cb21f464817ac2ac2c89852b4a4,proven_maximal,maximize_sum_testing_e_values_at_maximum_cardinality,proven_optimal,9075.789968534213,2.4748667519471264,3667.183278208309,0,0,8,,,24;41;50;52;135;137;143;186,0,0,8,0,0,0,0.0,0.0,0.4,0.0,0.0,0.0,0,8,0.43535470007918775,5,4,236,39,8,,method1_proportional_scores_gamma1,unrestricted_maximum_cardinality_then_maximum_testing_evalue_sum,200,0,3,exact_fixed_count_order_statistics,300.0,1,False
454,63092c83f026f1bc94de7c67a36f1f3b10ac0ad910c86bd7ff96d51e19a43658,proven_maximal,maximize_sum_testing_e_values_at_maximum_cardinality,proven_optimal,37701.01838623942,1.1783062718956303,31995.941365555955,0,0,13,,,30;47;71;75;76;89;111;123;132;148;151;164;178,0,0,13,0,0,0,0.0,0.0,0.65,0.0,0.0,0.0,0,13,0.6239229999482632,13,13,288,47,13,,method1_proportional_scores_gamma1,unrestricted_maximum_cardinality_then_maximum_testing_evalue_sum,200,0,4,exact_fixed_count_order_statistics,300.0,1,False
455,f977a18b319659310546c50440927ef219d6352100af92475777fdd6b3451f25,proven_maximal,maximize_sum_testing_e_values_at_maximum_cardinality,proven_optimal,2689.8402066397225,3.06155599863419,878.5859895555411,0,0,15,,,13;33;37;51;54;68;82;101;114;116;128;131;156;163;195,0,0,15,0,0,0,0.0,0.0,0.75,0.0,0.0,0.0,0,15,0.326791699975729,8,8,259,38,15,,method1_proportional_scores_gamma1,unrestricted_maximum_cardinality_then_maximum_testing_evalue_sum,200,0,0,exact_fixed_count_order_statistics,300.0,1,False
456,325040d9f77a3f87a579a23f7c70b9f627b1efd0108b5be587ce058c19d14938,proven_maximal,maximize_sum_testing_e_values_at_maximum_cardinality,proven_optimal,81580.0527137139,3.0131920137912602,27074.296075499085,0,0,15,,,5;17;25;39;65;66;75;80;96;117;122;124;151;179;188,0,0,15,0,0,0,0.0,0.0,0.75,0.0,0.0,0.0,0,15,0.30204480001702905,8,8,232,37,15,,method1_proportional_scores_gamma1,unrestricted_maximum_cardinality_then_maximum_testing_evalue_sum,200,0,10,exact_fixed_count_order_statistics,300.0,1,False
457,9b049d042d904a3e663515c406d327733edc71b7e7f97c9f7d03521f958face3,proven_maximal,maximize_sum_testing_e_values_at_maximum_cardinality,proven_optimal,513461.12714241445,1.0048219416258284,510997.1288162964,0,0,8,,,42;127;145;151;174;179;180;183,0,0,8,0,0,0,0.0,0.0,0.4,0.0,0.0,0.0,0,8,0.5467232998926193,8,7,260,52,8,,method1_proportional_scores_gamma1,unrestricted_maximum_cardinality_then_maximum_testing_evalue_sum,200,0,1,exact_fixed_count_order_statistics,300.0,1,False
458,8a719a0f9d5f259c07f5ea953b99f256ec07f815d3706e9f830ea7d8b0846367,proven_maximal,maximize_sum_testing_e_values_at_maximum_cardinality,proven_optimal,50733.83986267414,2.7187355963179085,18660.821571389653,0,0,13,,,10;19;36;56;57;97;125;131;142;149;172;188;197,0,0,13,0,0,0,0.0,0.0,0.65,0.0,0.0,0.0,0,13,0.3613531000446528,8,8,248,40,13,,method1_proportional_scores_gamma1,unrestricted_maximum_cardinality_then_maximum_testing_evalue_sum,200,0,6,exact_fixed_count_order_statistics,300.0,1,False
459,6eebb9c959b4d349064d4f86337ca7f4d5225c818a787feb8c7560cfeff5c7a1,proven_maximal,maximize_sum_testing_e_values_at_maximum_cardinality,proven_optimal,9200.550884756545,2.821736977459462,3260.598332960225,0,0,9,,,12;21;37;59;72;87;94;97;158,0,0,9,0,0,0,0.0,0.0,0.45,0.0,0.0,0.0,0,9,0.4884073999710381,8,7,246,42,9,,method1_proportional_scores_gamma1,unrestricted_maximum_cardinality_then_maximum_testing_evalue_sum,200,0,6,exact_fixed_count_order_statistics,300.0,1,False
460,f8b931c5556e27b646ebfa6db540efcc7a82750b3e31ebd325ad1f6bef588e4b,proven_maximal,maximize_sum_testing_e_values_at_maximum_cardinality,proven_optimal,96677.01493644688,1.324128242723468,73011.82152689496,0,0,9,,,2;41;61;110;127;145;146;182;186,0,0,9,0,0,0,0.0,0.0,0.45,0.0,0.0,0.0,0,9,0.4822005000896752,8,7,246,43,9,,method1_proportional_scores_gamma1,unrestricted_maximum_cardinality_then_maximum_testing_evalue_sum,200,0,6,exact_fixed_count_order_statistics,300.0,1,False
461,6027a61cecb6fbd04e2c557c0c02cd210ebad7315d07b92149494c5feb91521d,proven_maximal,maximize_sum_testing_e_values_at_maximum_cardinality,proven_optimal,80900.38151492363,1.0953040907900942,73861.1150959606,0,0,8,,,34;61;64;97;118;132;160;181,0,0,8,0,0,0,0.0,0.0,0.4,0.0,0.0,0.0,0,8,0.4526392000261694,7,6,245,41,8,,method1_proportional_scores_gamma1,unrestricted_maximum_cardinality_then_maximum_testing_evalue_sum,200,0,5,exact_fixed_count_order_statistics,300.0,1,False
462,7291163fcba871af57f4c6165ed97a07031968110c9e076df34dd0698193672c,proven_maximal,maximize_sum_testing_e_values_at_maximum_cardinality,proven_optimal,28959.07311493965,1.8981075897719242,15256.81329708995,0,0,14,,,3;4;19;56;64;66;67;109;117;127;128;153;165;197,0,0,14,0,0,0,0.0,0.0,0.7,0.0,0.0,0.0,0,14,0.6478383999783546,14,14,245,44,14,,method1_proportional_scores_gamma1,unrestricted_maximum_cardinality_then_maximum_testing_evalue_sum,200,0,4,exact_fixed_count_order_statistics,300.0,1,False
463,b1e9862c8e2df23fc4f0cb4f5344a97a3c18b5b78367044aaec718dd86fa3522,proven_maximal,maximize_sum_testing_e_values_at_maximum_cardinality,proven_optimal,6922.40275730507,3.3035919827547295,2095.4169865531526,0,0,12,,,10;16;29;43;44;65;69;116;118;137;158;191,0,0,12,0,0,0,0.0,0.0,0.6,0.0,0.0,0.0,0,12,0.31938010011799634,10,10,250,44,12,,method1_proportional_scores_gamma1,unrestricted_maximum_cardinality_then_maximum_testing_evalue_sum,200,0,3,exact_fixed_count_order_statistics,300.0,1,False
464,1e21109499d15252d033032f279685590438e927f564f0022378107ba915ce42,proven_maximal,maximize_sum_testing_e_values_at_maximum_cardinality,proven_optimal,3111.8475861840448,1.1144307290579716,2792.320334539312,0,0,5,,,25;29;99;153;188,0,0,5,0,0,0,0.0,0.0,0.25,0.0,0.0,0.0,0,5,0.16770810005255044,3,3,240,42,5,,method1_proportional_scores_gamma1,unrestricted_maximum_cardinality_then_maximum_testing_evalue_sum,200,0,0,exact_fixed_count_order_statistics,300.0,1,False
465,f95c7acfa1699dacd3fd1e69683c1bf6793a4585d5ce3e64e7ff441c0abd8139,proven_maximal,maximize_sum_testing_e_values_at_maximum_cardinality,proven_optimal,14690.820105144174,1.0113487793744447,14525.968097999752,0,0,3,,,9;44;103,0,0,3,0,0,0,0.0,0.0,0.15,0.0,0.0,0.0,0,3,0.5555499999318272,9,7,246,39,3,,method1_proportional_scores_gamma1,unrestricted_maximum_cardinality_then_maximum_testing_evalue_sum,200,0,4,exact_fixed_count_order_statistics,300.0,1,False
466,be001bc1ad063530df1f91a8afb868f4227b5a45a4688fa1716e2e109a3940cc,proven_maximal,maximize_sum_testing_e_values_at_maximum_cardinality,proven_optimal,382249.7965947402,1.0372934352050462,368506.90809508425,0,0,12,,,8;21;32;34;71;80;82;138;154;180;194;199,0,0,12,0,0,0,0.0,0.0,0.6,0.0,0.0,0.0,0,12,0.17119639995507896,3,3,241,51,12,,method1_proportional_scores_gamma1,unrestricted_maximum_cardinality_then_maximum_testing_evalue_sum,200,0,8,exact_fixed_count_order_statistics,300.0,1,False
467,36d47d2de2cd60ac303188cd5f4da5f4f8ebd9d2660b0cb3da3f8bd6640e9b42,proven_maximal,maximize_sum_testing_e_values_at_maximum_cardinality,proven_optimal,30262.149488828843,2.195850934208196,13781.513588827058,0,0,6,,,34;91;93;104;176;197,0,0,6,0,0,0,0.0,0.0,0.3,0.0,0.0,0.0,0,6,0.7200658000074327,10,7,248,39,6,,method1_proportional_scores_gamma1,unrestricted_maximum_cardinality_then_maximum_testing_evalue_sum,200,0,4,exact_fixed_count_order_statistics,300.0,1,False
468,fb6c460699a51e0bda0e5dade1a8252f10466d23fce067aab0f7646ec0545cb3,proven_maximal,maximize_sum_testing_e_values_at_maximum_cardinality,proven_optimal,15730.656156361103,1.3111587414914094,11997.52223629908,0,0,9,,,40;87;103;114;129;136;161;174;177,0,0,9,0,0,0,0.0,0.0,0.45,0.0,0.0,0.0,0,9,0.45472529996186495,8,7,239,37,9,,method1_proportional_scores_gamma1,unrestricted_maximum_cardinality_then_maximum_testing_evalue_sum,200,0,2,exact_fixed_count_order_statistics,300.0,1,False
469,3c6d6c16116a1b16e7ec5eb3a39a0e64517e7c852bcecb2036563427f9bd1c82,proven_maximal,maximize_sum_testing_e_values_at_maximum_cardinality,proven_optimal,31958.988685927376,2.1302439759479253,15002.501613321603,0,0,11,,,0;22;25;31;60;62;82;104;108;164;186,0,0,11,0,0,0,0.0,0.0,0.55,0.0,0.0,0.0,0,11,0.2205497999675572,5,5,238,41,11,,method1_proportional_scores_gamma1,unrestricted_maximum_cardinality_then_maximum_testing_evalue_sum,200,0,5,exact_fixed_count_order_statistics,300.0,1,False
470,81c5cb488ae8486ba6507a664a68bb2992892f521a05193aff472bd0c3b1fd04,proven_maximal,maximize_sum_testing_e_values_at_maximum_cardinality,proven_optimal,59830.130472429424,1.989439578711075,30073.86156014468,0,0,10,,,33;39;42;62;85;90;97;137;172;191,0,0,10,0,0,0,0.0,0.0,0.5,0.0,0.0,0.0,0,10,0.7189066000282764,15,14,255,40,10,,method1_proportional_scores_gamma1,unrestricted_maximum_cardinality_then_maximum_testing_evalue_sum,200,0,4,exact_fixed_count_order_statistics,300.0,1,False
471,b34aba4b8aa7f90362ad974fb6bc10bd408bef924f05698f48dd1f48ebaae0e2,proven_maximal,maximize_sum_testing_e_values_at_maximum_cardinality,proven_optimal,18787.344212139884,1.1632251310182327,16151.08177356375,0,0,14,,,5;24;37;41;58;76;83;90;101;128;152;165;184;189,0,0,13,0,0,1,0.0,0.0,0.65,0.0,0.0,0.07142857142857142,0,14,1.0916657999623567,21,20,299,42,14,,method1_proportional_scores_gamma1,unrestricted_maximum_cardinality_then_maximum_testing_evalue_sum,200,0,1,exact_fixed_count_order_statistics,300.0,1,False
472,4eb942825e62863e8e56bb6abe17f8aa21c2d7d6339b374c441d00d5319aba8a,proven_maximal,maximize_sum_testing_e_values_at_maximum_cardinality,proven_optimal,81300.4877248724,1.5335384262548841,53014.96612864119,0,0,6,,,32;40;79;94;100;117,0,0,6,0,0,0,0.0,0.0,0.3,0.0,0.0,0.0,0,6,0.5775711999740452,7,5,248,49,6,,method1_proportional_scores_gamma1,unrestricted_maximum_cardinality_then_maximum_testing_evalue_sum,200,0,3,exact_fixed_count_order_statistics,300.0,1,False
473,67f030eefd399bd5a983f848860f5a88bc79de3b6ae254f9c11469463e945de5,proven_maximal,maximize_sum_testing_e_values_at_maximum_cardinality,proven_optimal,4634.855594798638,1.7545064293631765,2641.6862983402834,0,0,5,,,39;56;68;133;188,0,0,5,0,0,0,0.0,0.0,0.25,0.0,0.0,0.0,0,5,0.46372979995794594,5,4,236,36,5,,method1_proportional_scores_gamma1,unrestricted_maximum_cardinality_then_maximum_testing_evalue_sum,200,0,0,exact_fixed_count_order_statistics,300.0,1,False
474,5fedf7eb44f0780822c16d9aa75813797a9603c291018c697a884b2443dba260,proven_maximal,maximize_sum_testing_e_values_at_maximum_cardinality,proven_optimal,22705.579247372756,2.4555102099255177,9246.786739307216,0,0,11,,,10;15;19;90;115;134;139;162;165;178;187,0,0,11,0,0,0,0.0,0.0,0.55,0.0,0.0,0.0,0,11,0.20161009998992085,4,4,241,44,11,,method1_proportional_scores_gamma1,unrestricted_maximum_cardinality_then_maximum_testing_evalue_sum,200,0,4,exact_fixed_count_order_statistics,300.0,1,False
475,00d4dd9ea998fa3825249a147f3a34f558960d0c2bbac268527edb04ceede724,proven_maximal,maximize_sum_testing_e_values_at_maximum_cardinality,proven_optimal,9585.922382616689,2.56595986267878,3735.8037130827497,0,0,9,,,1;6;45;73;101;162;179;180;186,0,0,9,0,0,0,0.0,0.0,0.45,0.0,0.0,0.0,0,9,0.6637034001760185,12,11,267,52,9,,method1_proportional_scores_gamma1,unrestricted_maximum_cardinality_then_maximum_testing_evalue_sum,200,0,5,exact_fixed_count_order_statistics,300.0,1,False
476,a172a088e8f5f82c28b033975c234dff826799cff00a576e25e60ebd2563d2b3,proven_maximal,maximize_sum_testing_e_values_at_maximum_cardinality,proven_optimal,5589.34881444437,2.556969272743748,2185.9272514631107,0,0,7,,,88;91;96;118;141;171;196,0,0,7,0,0,0,0.0,0.0,0.35,0.0,0.0,0.0,0,7,0.5942429001443088,7,5,243,46,7,,method1_proportional_scores_gamma1,unrestricted_maximum_cardinality_then_maximum_testing_evalue_sum,200,0,0,exact_fixed_count_order_statistics,300.0,1,False
477,523e79619920df54b4fa721009a8c0193cd021ff92a2d44400721207b047bae8,proven_maximal,maximize_sum_testing_e_values_at_maximum_cardinality,proven_optimal,5975.7546979691615,1.3769346626540568,4339.897062690562,0,0,6,,,52;89;103;138;157;189,0,0,6,0,0,0,0.0,0.0,0.3,0.0,0.0,0.0,0,6,0.5953863000031561,10,8,246,35,6,,method1_proportional_scores_gamma1,unrestricted_maximum_cardinality_then_maximum_testing_evalue_sum,200,0,3,exact_fixed_count_order_statistics,300.0,1,False
478,a25cf728f139d20248fdbc3bd995ddb78787ebf026e50622c5dd219f73031bf4,proven_maximal,maximize_sum_testing_e_values_at_maximum_cardinality,proven_optimal,152242.77222701372,1.0452983686930348,145645.27869431867,0,0,13,,,47;52;61;93;99;114;115;116;128;134;147;186;194,0,0,13,0,0,0,0.0,0.0,0.65,0.0,0.0,0.0,0,13,0.20785839995369315,5,5,231,36,13,,method1_proportional_scores_gamma1,unrestricted_maximum_cardinality_then_maximum_testing_evalue_sum,200,0,5,exact_fixed_count_order_statistics,300.0,1,False
479,189a9a2a5aa61cc81417d1526093f45c9770b1161ac64f7557a537995184367d,proven_maximal,maximize_sum_testing_e_values_at_maximum_cardinality,proven_optimal,4585.62469937596,2.5721469049345314,1782.8004654705665,0,0,13,,,29;75;85;107;123;152;155;162;164;176;178;196;199,0,0,13,0,0,0,0.0,0.0,0.65,0.0,0.0,0.0,0,13,0.35623120004311204,9,9,253,37,13,,method1_proportional_scores_gamma1,unrestricted_maximum_cardinality_then_maximum_testing_evalue_sum,200,0,0,exact_fixed_count_order_statistics,300.0,1,False
480,0bde0aed666da862e9bce258b7b6aeae0839ef0e8add30b4a946fdf3bb4b946c,proven_maximal,maximize_sum_testing_e_values_at_maximum_cardinality,proven_optimal,17193.840773137897,2.433791919275486,7064.630561455853,0,0,17,,,25;44;59;62;65;80;88;99;113;124;138;147;155;169;176;177;182,0,0,17,0,0,0,0.0,0.0,0.85,0.0,0.0,0.0,0,17,0.24088599998503923,5,5,243,46,17,,method1_proportional_scores_gamma1,unrestricted_maximum_cardinality_then_maximum_testing_evalue_sum,200,0,4,exact_fixed_count_order_statistics,300.0,1,False
481,6d5365af541faf326d9b5d5898fb95da34627e176d0d49e0e69b0deb1695f01a,proven_maximal,maximize_sum_testing_e_values_at_maximum_cardinality,proven_optimal,119976.302312386,1.2628912377018224,95001.29443507412,0,0,10,,,8;44;48;52;53;87;120;130;143;172,0,0,9,0,0,1,0.0,0.0,0.45,0.0,0.0,0.1,0,10,0.38099289988167584,10,10,261,41,10,,method1_proportional_scores_gamma1,unrestricted_maximum_cardinality_then_maximum_testing_evalue_sum,200,0,4,exact_fixed_count_order_statistics,300.0,1,False
482,9f0338615d21d99aedf91d1337c6c8508c40b1906df4a8e0b8a4dace7e1e0b02,proven_maximal,maximize_sum_testing_e_values_at_maximum_cardinality,proven_optimal,7399319.188224539,1.0015709702372182,7387713.310492654,0,0,11,,,14;18;23;27;47;74;106;118;126;159;164,0,0,11,0,0,0,0.0,0.0,0.55,0.0,0.0,0.0,0,11,0.3963250999804586,10,10,268,51,11,,method1_proportional_scores_gamma1,unrestricted_maximum_cardinality_then_maximum_testing_evalue_sum,200,0,6,exact_fixed_count_order_statistics,300.0,1,False
483,bbe293ed587581c72784c115c3e59879b173c881881c7e9049d69f50a52ae63a,proven_maximal,maximize_sum_testing_e_values_at_maximum_cardinality,proven_optimal,0.0,0.0,1968.4886492446888,0,0,0,,,,0,0,0,0,0,0,0.0,0.0,0.0,0.0,0.0,0.0,0,0,0.1386965001001954,3,3,240,40,0,,method1_proportional_scores_gamma1,unrestricted_maximum_cardinality_then_maximum_testing_evalue_sum,200,0,0,exact_fixed_count_order_statistics,300.0,1,False
484,1010867d46e2ff2a26cfdf9cb7376d3f81ff9145abf4656f0ba105265c8bfc7d,proven_maximal,maximize_sum_testing_e_values_at_maximum_cardinality,proven_optimal,31967.08679417459,1.7403704631296766,18367.978238776104,0,0,9,,,12;36;58;64;66;121;148;169;187,0,0,9,0,0,0,0.0,0.0,0.45,0.0,0.0,0.0,0,9,0.47682320000603795,7,6,242,42,9,,method1_proportional_scores_gamma1,unrestricted_maximum_cardinality_then_maximum_testing_evalue_sum,200,0,4,exact_fixed_count_order_statistics,300.0,1,False
485,3fb5ef0fec3dd3244846587685c1555aac9b4088955f4be92b12e5498558ff9b,proven_maximal,maximize_sum_testing_e_values_at_maximum_cardinality,proven_optimal,77289.13652211936,1.504812256675629,51361.31512702018,0,0,7,,,29;34;45;117;139;177;190,0,0,7,0,0,0,0.0,0.0,0.35,0.0,0.0,0.0,0,7,0.395190600072965,6,5,230,33,7,,method1_proportional_scores_gamma1,unrestricted_maximum_cardinality_then_maximum_testing_evalue_sum,200,0,2,exact_fixed_count_order_statistics,300.0,1,False
486,41850fa9c616db6aa201c1bc6dc2c8262f6122d8dffd647eb9cfab86cd635a21,proven_maximal,maximize_sum_testing_e_values_at_maximum_cardinality,proven_optimal,34193.240816455705,1.4984719748297217,22818.73894928281,0,0,10,,,30;41;45;85;115;126;157;176;195;199,0,0,10,0,0,0,0.0,0.0,0.5,0.0,0.0,0.0,0,10,0.18450119998306036,4,4,227,30,10,,method1_proportional_scores_gamma1,unrestricted_maximum_cardinality_then_maximum_testing_evalue_sum,200,0,6,exact_fixed_count_order_statistics,300.0,1,False
487,67c4a796d8aceb23ff80bc32dec0ff5087d167a54c27105bb2ed13d94dc22fb3,proven_maximal,maximize_sum_testing_e_values_at_maximum_cardinality,proven_optimal,8597.555608892919,1.606767938345688,5350.838415250478,0,0,7,,,11;64;76;77;113;141;176,0,0,7,0,0,0,0.0,0.0,0.35,0.0,0.0,0.0,0,7,0.4395514000207186,7,6,235,37,7,,method1_proportional_scores_gamma1,unrestricted_maximum_cardinality_then_maximum_testing_evalue_sum,200,0,2,exact_fixed_count_order_statistics,300.0,1,False
488,ce1032ef5ecbd9a23af6380d1fde9b0e7577bad6258fbe8b522fdfbbb493a6f2,proven_maximal,maximize_sum_testing_e_values_at_maximum_cardinality,proven_optimal,4077.67231636394,2.492555145907529,1635.9406623596592,0,0,8,,,18;31;79;105;124;135;158;171,0,0,8,0,0,0,0.0,0.0,0.4,0.0,0.0,0.0,0,8,0.5588549999520183,9,7,258,44,8,,method1_proportional_scores_gamma1,unrestricted_maximum_cardinality_then_maximum_testing_evalue_sum,200,0,0,exact_fixed_count_order_statistics,300.0,1,False
489,db18add047b6e6722372aa86b39c1027724e70ba5f80d4a265568473707d4861,proven_maximal,maximize_sum_testing_e_values_at_maximum_cardinality,proven_optimal,1906.8465600382644,2.5940322903950426,735.0897547030429,0,0,8,,,9;22;74;76;83;110;141;198,0,0,8,0,0,0,0.0,0.0,0.4,0.0,0.0,0.0,0,8,0.6081866999156773,9,7,246,40,8,,method1_proportional_scores_gamma1,unrestricted_maximum_cardinality_then_maximum_testing_evalue_sum,200,0,0,exact_fixed_count_order_statistics,300.0,1,False
490,261652c62670ed594b131b10d61d6e8101aba7250e0b12e948604b96fab5d563,proven_maximal,maximize_sum_testing_e_values_at_maximum_cardinality,proven_optimal,28794.55031707989,1.5339059545849287,18772.04416021165,0,0,8,,,23;39;45;49;57;145;166;195,0,0,8,0,0,0,0.0,0.0,0.4,0.0,0.0,0.0,0,8,0.5861925000790507,9,7,254,48,8,,method1_proportional_scores_gamma1,unrestricted_maximum_cardinality_then_maximum_testing_evalue_sum,200,0,2,exact_fixed_count_order_statistics,300.0,1,False
491,6d1e42c953574b6e3d4f18fbf083e2edcaf3bac263d6b29f2ae999c21f323e03,proven_maximal,maximize_sum_testing_e_values_at_maximum_cardinality,proven_optimal,4809.080989909261,4.102039770648048,1172.3633262457408,0,0,13,,,4;13;30;48;59;80;85;116;131;151;158;171;196,0,0,13,0,0,0,0.0,0.0,0.65,0.0,0.0,0.0,0,13,0.25837710010819137,5,5,256,54,13,,method1_proportional_scores_gamma1,unrestricted_maximum_cardinality_then_maximum_testing_evalue_sum,200,0,0,exact_fixed_count_order_statistics,300.0,1,False
492,82b024f9b467d44c18d4361d2071e23fde8f6b9c6847b480f081ad6eb8148940,proven_maximal,maximize_sum_testing_e_values_at_maximum_cardinality,proven_optimal,10015.127265712901,2.3177057144330955,4321.138444516703,0,0,12,,,3;59;74;97;104;105;116;131;173;179;193;198,0,0,12,0,0,0,0.0,0.0,0.6,0.0,0.0,0.0,0,12,0.34199079987592995,7,7,255,49,12,,method1_proportional_scores_gamma1,unrestricted_maximum_cardinality_then_maximum_testing_evalue_sum,200,0,2,exact_fixed_count_order_statistics,300.0,1,False
493,b55cf18e5bbf9621d671d1e139fef1520ca596ad2303999bdbd2eda23ce7192d,proven_maximal,maximize_sum_testing_e_values_at_maximum_cardinality,proven_optimal,6063.226423785452,3.719211220211198,1630.2452495400753,0,0,14,,,4;32;43;45;69;87;106;118;123;126;127;162;189;195,0,0,14,0,0,0,0.0,0.0,0.7,0.0,0.0,0.0,0,14,0.27311279997229576,5,5,249,46,14,,method1_proportional_scores_gamma1,unrestricted_maximum_cardinality_then_maximum_testing_evalue_sum,200,0,0,exact_fixed_count_order_statistics,300.0,1,False
494,2bdab8ad0d6b70736fcec2a28447bb799e53c8efb2957748a5261212d6bff7f3,proven_maximal,maximize_sum_testing_e_values_at_maximum_cardinality,proven_optimal,6444.597690436211,1.5700824957142783,4104.623615655538,0,0,8,,,7;28;129;144;166;172;183;198,0,0,8,0,0,0,0.0,0.0,0.4,0.0,0.0,0.0,0,8,0.4057243000715971,5,4,234,38,8,,method1_proportional_scores_gamma1,unrestricted_maximum_cardinality_then_maximum_testing_evalue_sum,200,0,1,exact_fixed_count_order_statistics,300.0,1,False
495,a578e2cd7e1244ef2fc25f8ef99dca965adbe8523f4cfb933f5b95025fa9868b,proven_maximal,maximize_sum_testing_e_values_at_maximum_cardinality,proven_optimal,120744.58652103682,1.0063437878929529,119983.43704575112,0,0,2,,,88;130,0,0,2,0,0,0,0.0,0.0,0.1,0.0,0.0,0.0,0,2,0.7105713998898864,7,4,236,35,2,,method1_proportional_scores_gamma1,unrestricted_maximum_cardinality_then_maximum_testing_evalue_sum,200,0,1,exact_fixed_count_order_statistics,300.0,1,False
496,287a08e93f5415ce82f19cbfe159304e4a99df18ef6844ef6050996bd25d539e,proven_maximal,maximize_sum_testing_e_values_at_maximum_cardinality,proven_optimal,27058.465826524138,1.5386073327394005,17586.33619556987,0,0,7,,,26;31;68;92;101;115;135,0,0,7,0,0,0,0.0,0.0,0.35,0.0,0.0,0.0,0,7,0.7144220001064241,10,7,247,42,7,,method1_proportional_scores_gamma1,unrestricted_maximum_cardinality_then_maximum_testing_evalue_sum,200,0,3,exact_fixed_count_order_statistics,300.0,1,False
497,d393c765d524621c7861157726d7b0c4e1ae61e7002891adece3a443a538ef6f,proven_maximal,maximize_sum_testing_e_values_at_maximum_cardinality,proven_optimal,8850.866480657203,1.788870305995841,4947.74073390974,0,0,10,,,22;38;40;60;65;75;124;148;187;190,0,0,10,0,0,0,0.0,0.0,0.5,0.0,0.0,0.0,0,10,0.32811889983713627,6,6,240,38,10,,method1_proportional_scores_gamma1,unrestricted_maximum_cardinality_then_maximum_testing_evalue_sum,200,0,4,exact_fixed_count_order_statistics,300.0,1,False
498,798e78452bdbfbfdb93f2584b76feb472e9d784205c3fbae0c2f72dc5743235d,proven_maximal,maximize_sum_testing_e_values_at_maximum_cardinality,proven_optimal,19236.10207584625,2.0490498082267115,9387.815756657255,0,0,6,,,25;99;115;130;138;176,0,0,6,0,0,0,0.0,0.0,0.3,0.0,0.0,0.0,0,6,0.40696360007859766,5,4,235,38,6,,method1_proportional_scores_gamma1,unrestricted_maximum_cardinality_then_maximum_testing_evalue_sum,200,0,3,exact_fixed_count_order_statistics,300.0,1,False
499,cf8a4b1868df7077db388adc47b3817df16883f1744615b23a032f8295f7e856,proven_maximal,maximize_sum_testing_e_values_at_maximum_cardinality,proven_optimal,20967.76351056074,3.065596274419315,6839.70152414556,0,0,11,,,67;73;88;103;109;119;154;161;163;167;173,0,0,11,0,0,0,0.0,0.0,0.55,0.0,0.0,0.0,0,11,0.18389489990659058,4,4,225,33,11,,method1_proportional_scores_gamma1,unrestricted_maximum_cardinality_then_maximum_testing_evalue_sum,200,0,4,exact_fixed_count_order_statistics,300.0,1,False
500,5fe0e764336d78ed0c7ec039e61fbba226f5e3437e131cb357f2aba1a5fc4e5a,proven_maximal,maximize_sum_testing_e_values_at_maximum_cardinality,proven_optimal,68588.1241397053,1.2119740665196925,56592.07241674989,0,0,16,,,1;4;15;18;24;65;67;96;97;134;147;153;167;168;181;195,0,0,16,0,0,0,0.0,0.0,0.8,0.0,0.0,0.0,0,16,0.20805130014196038,3,3,228,38,16,,method1_proportional_scores_gamma1,unrestricted_maximum_cardinality_then_maximum_testing_evalue_sum,200,0,6,exact_fixed_count_order_statistics,300.0,1,False
