replication,method,scenario,parameter,severity,status,elapsed_seconds,selected_indices,rejections,true_discoveries,false_discoveries,tpr,fdp
1,mean_naive_full_data,signed_square,gamma,1.0,proven_maximum_cardinality,0.017906999913975596,7;9;13;18;39;45;48;49;56;59;61;63;66;70;81;97;111;115;116;122;135;141;149;158;175;188;196,27,26,1,0.8666666666666667,0.037037037037037035
2,mean_naive_full_data,signed_square,gamma,1.0,proven_maximum_cardinality,0.03573869983665645,2;5;15;16;28;33;35;36;63;67;75;76;78;85;92;102;105;122;123;136;137;138;139;142;152;168;183;187;193,29,27,2,0.9,0.06896551724137931
3,mean_naive_full_data,signed_square,gamma,1.0,proven_maximum_cardinality,0.01652780012227595,3;24;26;27;45;51;55;56;66;75;77;83;87;89;92;93;112;118;125;130;133;146;147;150;153;154;156;161;170;186;196,31,28,3,0.9333333333333333,0.0967741935483871
4,mean_naive_full_data,signed_square,gamma,1.0,proven_maximum_cardinality,0.027419099817052484,0;8;26;35;54;59;60;68;77;82;116;121;127;128;133;139;154;161;168;174;177;184;189;198,24,24,0,0.8,0.0
5,mean_naive_full_data,signed_square,gamma,1.0,proven_maximum_cardinality,0.019387099891901016,22;24;27;33;47;49;71;78;84;95;99;130;142;151;154;155;160;182;183;191;194,21,21,0,0.7,0.0
6,mean_naive_full_data,signed_square,gamma,1.0,proven_maximum_cardinality,0.0235899998806417,1;7;25;29;33;55;63;64;72;73;99;118;121;125;129;138;157;160;162;169;188;190;196,23,23,0,0.7666666666666667,0.0
7,mean_naive_full_data,signed_square,gamma,1.0,proven_maximum_cardinality,0.03225259995087981,24;32;46;47;50;61;71;86;91;113;125;126;129;131;132;144;146;148;150;159;179;181;186,23,22,1,0.7333333333333333,0.043478260869565216
8,mean_naive_full_data,signed_square,gamma,1.0,proven_maximum_cardinality,0.027767200022935867,10;24;28;35;39;46;48;53;58;67;75;82;96;98;111;115;116;128;134;139;153;159;160;171;184;189,26,23,3,0.7666666666666667,0.11538461538461539
9,mean_naive_full_data,signed_square,gamma,1.0,proven_maximum_cardinality,0.03630689997226,10;11;38;42;45;46;48;53;54;56;69;72;84;92;95;105;113;115;119;120;135;136;153;155;171;173;177,27,24,3,0.8,0.1111111111111111
10,mean_naive_full_data,signed_square,gamma,1.0,proven_maximum_cardinality,0.013024399988353252,0;38;45;57;61;70;73;87;91;97;99;105;111;114;149;156;157;163;169;174;188;189;198,23,22,1,0.7333333333333333,0.043478260869565216
11,mean_naive_full_data,signed_square,gamma,1.0,proven_maximum_cardinality,0.023297500098124146,1;3;8;14;33;35;40;44;45;46;53;61;68;69;73;90;95;100;109;130;132;143;146;153;165;167;175;176;188;194,30,27,3,0.9,0.1
12,mean_naive_full_data,signed_square,gamma,1.0,proven_maximum_cardinality,0.03837710013613105,10;16;20;25;55;60;66;85;100;117;119;130;132;146;158;184;187;190;191;197,20,19,1,0.6333333333333333,0.05
13,mean_naive_full_data,signed_square,gamma,1.0,proven_maximum_cardinality,0.05312569998204708,6;21;64;67;80;85;90;118;125;126;131;141;144;148;163;191;193;195,18,18,0,0.6,0.0
14,mean_naive_full_data,signed_square,gamma,1.0,proven_maximum_cardinality,0.02437349990941584,4;7;8;11;28;44;57;58;68;77;78;79;99;107;111;117;141;145;162;163;165;173;185;189;192;194,26,23,3,0.7666666666666667,0.11538461538461539
15,mean_naive_full_data,signed_square,gamma,1.0,proven_maximum_cardinality,0.029723200015723705,0;5;16;21;23;45;51;59;96;112;120;123;127;144;148;150;152;153;172;178;179;185;190,23,22,1,0.7333333333333333,0.043478260869565216
16,mean_naive_full_data,signed_square,gamma,1.0,proven_maximum_cardinality,0.03402109979651868,6;8;16;21;45;55;58;60;68;69;82;85;87;110;119;124;132;140;141;142;155;160;161;165;180;184;193,27,23,4,0.7666666666666667,0.14814814814814814
17,mean_naive_full_data,signed_square,gamma,1.0,proven_maximum_cardinality,0.020366600016131997,6;10;18;20;46;49;63;65;68;71;82;85;87;88;89;112;119;143;144;159;163;168;178;197;199,25,24,1,0.8,0.04
18,mean_naive_full_data,signed_square,gamma,1.0,proven_maximum_cardinality,0.020137399900704622,12;13;15;37;44;48;50;58;76;81;84;87;98;99;102;112;117;131;140;144;147;149;157;175;177;192;193;195,28,26,2,0.8666666666666667,0.07142857142857142
19,mean_naive_full_data,signed_square,gamma,1.0,proven_maximum_cardinality,0.010590799851343036,0;2;5;17;36;38;42;59;69;72;73;79;89;91;93;128;131;145;146;149;171;177;183;199,24,23,1,0.7666666666666667,0.041666666666666664
20,mean_naive_full_data,signed_square,gamma,1.0,proven_maximum_cardinality,0.046092999866232276,1;3;20;21;24;28;41;42;52;59;61;71;79;89;95;96;98;111;128;140;146;150;152;153;189;190;191;199,28,24,4,0.8,0.14285714285714285
21,mean_naive_full_data,signed_square,gamma,1.0,proven_maximum_cardinality,0.029849299928173423,4;10;14;20;31;34;37;46;47;48;66;78;79;85;93;95;96;110;119;121;123;126;128;142;147;165,26,24,2,0.8,0.07692307692307693
22,mean_naive_full_data,signed_square,gamma,1.0,proven_maximum_cardinality,0.01961500011384487,0;6;9;22;33;34;47;51;54;57;82;97;112;116;120;130;131;132;136;163;169;176;186;187;188;198,26,26,0,0.8666666666666667,0.0
23,mean_naive_full_data,signed_square,gamma,1.0,proven_maximum_cardinality,0.03015800006687641,0;8;10;11;22;27;28;34;42;47;84;87;88;90;101;108;130;142;145;158;160;169;172;173;183;197,26,25,1,0.8333333333333334,0.038461538461538464
24,mean_naive_full_data,signed_square,gamma,1.0,proven_maximum_cardinality,0.026919499970972538,9;14;25;35;57;68;70;86;93;94;98;108;121;124;125;128;133;135;141;157;175;183,22,22,0,0.7333333333333333,0.0
25,mean_naive_full_data,signed_square,gamma,1.0,proven_maximum_cardinality,0.01756569999270141,9;10;16;23;46;51;61;67;69;70;89;103;104;118;124;134;149;151;158;170;172;173;191;193,24,23,1,0.7666666666666667,0.041666666666666664
26,mean_naive_full_data,signed_square,gamma,1.0,proven_maximum_cardinality,0.017134099965915084,2;5;19;26;27;40;57;61;77;83;87;92;98;111;119;121;123;124;140;148;154;156;168;173;177;182;183;184;196,29,26,3,0.8666666666666667,0.10344827586206896
27,mean_naive_full_data,signed_square,gamma,1.0,proven_maximum_cardinality,0.017185800010338426,0;1;16;17;45;54;67;68;110;111;118;156;166;177;183;186;194,17,17,0,0.5666666666666667,0.0
28,mean_naive_full_data,signed_square,gamma,1.0,proven_maximum_cardinality,0.024273700080811977,16;23;24;31;45;54;58;59;72;73;88;97;110;144;155;161;162;174;177;187;191,21,19,2,0.6333333333333333,0.09523809523809523
29,mean_naive_full_data,signed_square,gamma,1.0,proven_maximum_cardinality,0.026832900010049343,2;3;9;14;19;21;25;34;41;51;70;95;99;102;112;117;148;150;171;187;189;191,22,21,1,0.7,0.045454545454545456
30,mean_naive_full_data,signed_square,gamma,1.0,proven_maximum_cardinality,0.021207300014793873,21;25;27;28;29;39;47;53;83;93;96;103;105;108;111;114;116;144;159;164;166;168;171;173;178;187;194,27,25,2,0.8333333333333334,0.07407407407407407
31,mean_naive_full_data,signed_square,gamma,1.0,proven_maximum_cardinality,0.01604399993084371,5;8;17;20;30;36;39;50;51;72;85;86;88;92;94;96;97;101;112;116;123;148;155;183,24,23,1,0.7666666666666667,0.041666666666666664
32,mean_naive_full_data,signed_square,gamma,1.0,proven_maximum_cardinality,0.014334499835968018,3;6;12;16;17;24;27;42;60;70;72;79;87;99;105;107;111;123;132;133;140;153;156;171;175;180;187,27,24,3,0.8,0.1111111111111111
33,mean_naive_full_data,signed_square,gamma,1.0,proven_maximum_cardinality,0.02059859992004931,1;15;25;35;37;46;51;53;71;72;75;86;93;107;108;114;115;121;125;127;130;148;171,23,22,1,0.7333333333333333,0.043478260869565216
34,mean_naive_full_data,signed_square,gamma,1.0,proven_maximum_cardinality,0.014347200049087405,2;20;25;33;36;77;84;87;112;113;114;116;117;120;121;122;133;148;154;155;177;191,22,22,0,0.7333333333333333,0.0
35,mean_naive_full_data,signed_square,gamma,1.0,proven_maximum_cardinality,0.03520739986561239,13;16;23;30;50;63;69;71;77;84;88;108;123;133;163;168;176;177;178;179;181;184;188;197,24,23,1,0.7666666666666667,0.041666666666666664
36,mean_naive_full_data,signed_square,gamma,1.0,proven_maximum_cardinality,0.03618509997613728,0;1;7;10;12;17;21;23;28;31;50;58;60;65;69;78;96;104;122;170;177;184;192;198,24,22,2,0.7333333333333333,0.08333333333333333
37,mean_naive_full_data,signed_square,gamma,1.0,proven_maximum_cardinality,0.01766819995827973,1;2;16;23;26;41;46;47;75;92;98;105;108;111;118;120;131;138;140;143;145;151;168;181;189,25,25,0,0.8333333333333334,0.0
38,mean_naive_full_data,signed_square,gamma,1.0,proven_maximum_cardinality,0.030167900025844574,9;22;31;36;47;52;57;64;71;73;75;76;87;92;93;100;101;105;123;149;150;154;165;171;181;194;197,27,25,2,0.8333333333333334,0.07407407407407407
39,mean_naive_full_data,signed_square,gamma,1.0,proven_maximum_cardinality,0.014922000002115965,9;10;15;22;28;43;46;50;57;59;64;69;77;79;88;93;104;108;127;134;135;138;141;149;167;170;175;177;188;193,30,29,1,0.9666666666666667,0.03333333333333333
40,mean_naive_full_data,signed_square,gamma,1.0,proven_maximum_cardinality,0.028326999861747026,4;29;46;52;67;68;72;84;88;101;105;118;124;135;136;137;138;141;142;149;150;160;167;170;178;184,26,26,0,0.8666666666666667,0.0
41,mean_naive_full_data,signed_square,gamma,1.0,proven_maximum_cardinality,0.016539900097995996,17;26;27;35;36;39;51;52;54;58;67;68;78;80;94;99;107;111;112;114;116;118;127;134;138;165;173;177;187;195,30,29,1,0.9666666666666667,0.03333333333333333
42,mean_naive_full_data,signed_square,gamma,1.0,proven_maximum_cardinality,0.02026900020428002,0;14;26;33;44;46;50;61;66;90;96;107;116;128;143;144;146;158;164;169;173;184,22,22,0,0.7333333333333333,0.0
43,mean_naive_full_data,signed_square,gamma,1.0,proven_maximum_cardinality,0.01951249991543591,4;11;12;27;46;47;69;74;77;84;85;90;96;107;118;121;137;142;152;156;159;173;185;194,24,22,2,0.7333333333333333,0.08333333333333333
44,mean_naive_full_data,signed_square,gamma,1.0,proven_maximum_cardinality,0.02131089987233281,5;8;13;18;45;55;60;80;84;85;94;102;107;135;136;150;153;164;165;168;169;173;174;178;187;188;190,27,26,1,0.8666666666666667,0.037037037037037035
45,mean_naive_full_data,signed_square,gamma,1.0,proven_maximum_cardinality,0.024834500160068274,3;23;32;42;44;51;60;62;68;70;74;90;95;96;101;125;130;141;143;146;174;175,22,22,0,0.7333333333333333,0.0
46,mean_naive_full_data,signed_square,gamma,1.0,proven_maximum_cardinality,0.01687699998728931,3;9;20;26;29;42;43;49;52;56;69;70;87;95;115;123;131;133;134;142;148;152;160;174;182;195,26,23,3,0.7666666666666667,0.11538461538461539
47,mean_naive_full_data,signed_square,gamma,1.0,proven_maximum_cardinality,0.06053499993868172,0;1;12;19;20;29;42;44;46;47;65;66;78;80;100;112;128;136;152;155;166;180;184,23,19,4,0.6333333333333333,0.17391304347826086
48,mean_naive_full_data,signed_square,gamma,1.0,proven_maximum_cardinality,0.01971539994701743,0;14;18;21;32;45;46;52;69;77;84;89;96;98;105;115;133;134;136;163;165,21,19,2,0.6333333333333333,0.09523809523809523
49,mean_naive_full_data,signed_square,gamma,1.0,proven_maximum_cardinality,0.013276600046083331,1;2;18;21;37;48;52;58;71;74;86;87;88;110;113;114;122;142;151;165;166;198,22,22,0,0.7333333333333333,0.0
50,mean_naive_full_data,signed_square,gamma,1.0,proven_maximum_cardinality,0.02940570004284382,6;21;25;46;51;52;53;55;56;58;59;61;68;70;75;87;109;111;112;122;126;142;146;177;180;194;197,27,26,1,0.8666666666666667,0.037037037037037035
51,mean_naive_full_data,signed_square,gamma,1.0,proven_maximum_cardinality,0.01383840013295412,11;26;28;46;51;57;58;74;79;83;88;95;107;111;119;123;125;128;135;138;143;151;160;171;176;186;187,27,24,3,0.8,0.1111111111111111
52,mean_naive_full_data,signed_square,gamma,1.0,proven_maximum_cardinality,0.02532789995893836,1;5;19;25;32;33;35;47;51;61;69;73;92;101;104;123;136;145;148;156;157;161;182,23,23,0,0.7666666666666667,0.0
53,mean_naive_full_data,signed_square,gamma,1.0,proven_maximum_cardinality,0.02069749985821545,2;3;10;26;34;35;37;64;76;91;92;98;109;126;136;141;145;150;154;156;182;187;189;190;198,25,24,1,0.8,0.04
54,mean_naive_full_data,signed_square,gamma,1.0,proven_maximum_cardinality,0.018288299906998873,0;3;5;20;30;32;50;51;54;73;76;108;109;116;119;122;125;137;138;147;164;166;167;176;183,25,22,3,0.7333333333333333,0.12
55,mean_naive_full_data,signed_square,gamma,1.0,proven_maximum_cardinality,0.030652099987491965,5;8;9;12;17;20;40;41;42;43;53;56;72;81;91;107;129;135;142;153;157;168;177;191;193,25,25,0,0.8333333333333334,0.0
56,mean_naive_full_data,signed_square,gamma,1.0,proven_maximum_cardinality,0.019091499969363213,3;14;15;24;25;60;68;90;91;101;108;120;122;126;132;133;134;140;141;168;169;188;190,23,23,0,0.7666666666666667,0.0
57,mean_naive_full_data,signed_square,gamma,1.0,proven_maximum_cardinality,0.04988719988614321,10;16;23;29;35;38;40;56;81;85;88;99;124;132;133;135;140;143;152;156;164,21,18,3,0.6,0.14285714285714285
58,mean_naive_full_data,signed_square,gamma,1.0,proven_maximum_cardinality,0.03940769983455539,6;16;20;21;28;31;40;42;51;59;61;75;79;83;84;87;97;118;119;127;129;139;186;193;198,25,23,2,0.7666666666666667,0.08
59,mean_naive_full_data,signed_square,gamma,1.0,proven_maximum_cardinality,0.022535100113600492,4;19;29;36;39;45;53;56;58;63;88;102;106;120;124;126;147;150;159;176;186;189,22,22,0,0.7333333333333333,0.0
60,mean_naive_full_data,signed_square,gamma,1.0,proven_maximum_cardinality,0.019781500101089478,6;7;13;20;22;24;35;39;51;53;58;63;67;69;81;99;103;106;120;141;148;149;157;159;161;181;193,27,27,0,0.9,0.0
61,mean_naive_full_data,signed_square,gamma,1.0,proven_maximum_cardinality,0.019020400010049343,24;26;32;46;67;71;75;81;88;93;98;105;108;113;118;123;128;130;143;148;150;167;175;199,24,23,1,0.7666666666666667,0.041666666666666664
62,mean_naive_full_data,signed_square,gamma,1.0,proven_maximum_cardinality,0.023991600144654512,7;9;23;24;27;32;38;44;55;59;75;79;98;102;107;109;111;113;129;132;142;151;162;164;178;194,26,24,2,0.8,0.07692307692307693
63,mean_naive_full_data,signed_square,gamma,1.0,proven_maximum_cardinality,0.02083709998987615,23;25;31;55;61;67;74;79;86;93;98;100;143;148;159;164;165;166;168;179;198;199,22,22,0,0.7333333333333333,0.0
64,mean_naive_full_data,signed_square,gamma,1.0,proven_maximum_cardinality,0.024495000019669533,27;33;34;35;41;43;44;52;53;59;70;83;86;90;100;103;105;106;120;124;144;146;160;162;176;187,26,25,1,0.8333333333333334,0.038461538461538464
65,mean_naive_full_data,signed_square,gamma,1.0,proven_maximum_cardinality,0.03179999999701977,7;18;27;30;34;41;45;49;54;69;70;74;115;118;128;132;136;141;149;177;178;183;193;195;198;199,26,23,3,0.7666666666666667,0.11538461538461539
66,mean_naive_full_data,signed_square,gamma,1.0,proven_maximum_cardinality,0.03487639990635216,13;44;54;70;72;80;100;114;120;132;135;142;147;149;150;154;155;159;161;176;177;186;189;191,24,23,1,0.7666666666666667,0.041666666666666664
67,mean_naive_full_data,signed_square,gamma,1.0,proven_maximum_cardinality,0.03481199988164008,1;4;9;13;25;28;44;54;62;63;67;70;72;73;81;97;101;105;123;127;141;148;166;170;180;186;194,27,26,1,0.8666666666666667,0.037037037037037035
68,mean_naive_full_data,signed_square,gamma,1.0,proven_maximum_cardinality,0.028735400177538395,4;9;27;34;40;57;59;61;83;93;95;102;113;119;120;126;135;137;139;148;155;161;163;166;173;180;181;197,28,27,1,0.9,0.03571428571428571
69,mean_naive_full_data,signed_square,gamma,1.0,proven_maximum_cardinality,0.03824010002426803,13;20;22;37;54;72;82;93;102;120;123;136;144;149;155;166;167;175;176;182,20,19,1,0.6333333333333333,0.05
70,mean_naive_full_data,signed_square,gamma,1.0,proven_maximum_cardinality,0.025112800067290664,7;8;9;12;25;31;37;56;68;75;84;86;92;103;104;106;114;119;122;125;132;143;148;156;159;172;183;186;195,29,25,4,0.8333333333333334,0.13793103448275862
71,mean_naive_full_data,signed_square,gamma,1.0,proven_maximum_cardinality,0.028653400018811226,0;15;20;23;30;41;44;49;63;68;73;86;95;115;116;121;124;125;127;128;134;152;162;165;181;191;194,27,24,3,0.8,0.1111111111111111
72,mean_naive_full_data,signed_square,gamma,1.0,proven_maximum_cardinality,0.03457619994878769,15;18;21;30;40;44;76;80;85;87;91;111;112;119;126;132;133;143;145;153;156;157;158;169;173;178;183;186;196,29,27,2,0.9,0.06896551724137931
73,mean_naive_full_data,signed_square,gamma,1.0,proven_maximum_cardinality,0.014772400027140975,8;9;18;23;27;29;30;34;37;45;52;55;58;68;76;104;105;106;110;112;114;124;127;137;153;155;161;164;173;185;198,31,29,2,0.9666666666666667,0.06451612903225806
74,mean_naive_full_data,signed_square,gamma,1.0,proven_maximum_cardinality,0.027519800001755357,25;30;37;43;46;47;48;52;54;60;69;75;83;87;88;94;97;99;105;115;124;132;146;195,24,23,1,0.7666666666666667,0.041666666666666664
75,mean_naive_full_data,signed_square,gamma,1.0,proven_maximum_cardinality,0.043017499847337604,1;7;21;22;24;28;37;46;49;52;54;57;75;76;90;101;102;103;106;116;129;131;140;155;156;166;169;171;184;186;194,31,25,6,0.8333333333333334,0.1935483870967742
76,mean_naive_full_data,signed_square,gamma,1.0,proven_maximum_cardinality,0.0184901999309659,23;32;41;47;65;78;88;90;105;123;127;130;131;138;139;145;150;155;161;164;166;194,22,22,0,0.7333333333333333,0.0
77,mean_naive_full_data,signed_square,gamma,1.0,proven_maximum_cardinality,0.03402210003696382,5;9;15;19;24;35;53;56;70;90;91;98;100;116;126;140;156;167;173;183;184,21,18,3,0.6,0.14285714285714285
78,mean_naive_full_data,signed_square,gamma,1.0,proven_maximum_cardinality,0.020505400141701102,0;3;9;11;21;22;31;54;57;63;65;79;80;91;102;105;117;120;129;131;139;146;153;159;160;164;177;178,28,26,2,0.8666666666666667,0.07142857142857142
79,mean_naive_full_data,signed_square,gamma,1.0,proven_maximum_cardinality,0.021626600064337254,1;3;8;19;41;43;44;68;72;73;80;109;115;122;127;146;148;164;188;199,20,20,0,0.6666666666666666,0.0
80,mean_naive_full_data,signed_square,gamma,1.0,proven_maximum_cardinality,0.029594399966299534,23;32;60;70;81;84;86;87;90;93;122;129;132;135;140;149;153;155;164;167;171;179;185;187;190;196,26,24,2,0.8,0.07692307692307693
81,mean_naive_full_data,signed_square,gamma,1.0,proven_maximum_cardinality,0.018584500066936016,26;29;34;40;41;47;49;92;93;100;104;119;122;124;135;143;145;158;163;165;166;172;177;183;189;191,26,26,0,0.8666666666666667,0.0
82,mean_naive_full_data,signed_square,gamma,1.0,proven_maximum_cardinality,0.024250600021332502,8;19;20;24;40;51;55;56;57;61;64;65;68;69;72;85;91;98;106;116;121;125;126;128;130;139;141;144;159;162;167;170;183;185;199,35,27,8,0.9,0.22857142857142856
83,mean_naive_full_data,signed_square,gamma,1.0,proven_maximum_cardinality,0.01923569990321994,15;29;45;63;70;72;79;81;95;115;121;131;137;142;148;151;156;157;163;164;168;170;173;184;187;191,26,25,1,0.8333333333333334,0.038461538461538464
84,mean_naive_full_data,signed_square,gamma,1.0,proven_maximum_cardinality,0.02613760018721223,11;19;28;29;38;40;44;48;59;69;84;85;90;93;95;102;103;138;139;141;155;163;170;175;185;194;197;199,28,25,3,0.8333333333333334,0.10714285714285714
85,mean_naive_full_data,signed_square,gamma,1.0,proven_maximum_cardinality,0.019180099945515394,0;19;23;41;55;59;74;76;77;83;107;108;110;114;118;127;130;139;155;157;164;173;179;190;191;198,26,26,0,0.8666666666666667,0.0
86,mean_naive_full_data,signed_square,gamma,1.0,proven_maximum_cardinality,0.021741099888458848,5;13;14;16;21;51;56;58;61;66;72;101;112;116;121;127;132;141;147;152;167;180;181;183;193,25,24,1,0.8,0.04
87,mean_naive_full_data,signed_square,gamma,1.0,proven_maximum_cardinality,0.021267300006002188,16;29;32;53;67;79;83;84;91;99;106;111;112;119;123;126;128;131;141;158;173;183;191;192;196,25,24,1,0.8,0.04
88,mean_naive_full_data,signed_square,gamma,1.0,proven_maximum_cardinality,0.029069900047034025,3;20;35;51;61;74;78;86;88;93;96;100;102;116;120;143;146;151;160;164;176;183;185;188;192,25,25,0,0.8333333333333334,0.0
89,mean_naive_full_data,signed_square,gamma,1.0,proven_maximum_cardinality,0.022490500006824732,1;7;16;30;42;48;57;64;70;75;81;90;94;114;126;132;135;148;151;162;168;172;179,23,20,3,0.6666666666666666,0.13043478260869565
90,mean_naive_full_data,signed_square,gamma,1.0,proven_maximum_cardinality,0.012874300125986338,0;3;4;14;35;37;40;42;43;44;46;57;59;72;76;77;79;83;89;98;101;129;133;141;142;143;155;161,28,27,1,0.9,0.03571428571428571
91,mean_naive_full_data,signed_square,gamma,1.0,proven_maximum_cardinality,0.01867079990915954,20;41;45;55;59;67;68;69;70;77;80;82;83;90;97;101;107;120;157;162;166;174;181;184;188;192;198,27,26,1,0.8666666666666667,0.037037037037037035
92,mean_naive_full_data,signed_square,gamma,1.0,proven_maximum_cardinality,0.03506490006111562,1;7;11;33;37;44;73;74;78;83;89;95;102;132;133;135;141;157;158;166;172;174;178;179;185;195,26,23,3,0.7666666666666667,0.11538461538461539
93,mean_naive_full_data,signed_square,gamma,1.0,proven_maximum_cardinality,0.026543299900367856,2;5;21;24;25;32;36;46;52;77;83;89;90;97;100;117;123;147;148;155;168;178;180;191,24,22,2,0.7333333333333333,0.08333333333333333
94,mean_naive_full_data,signed_square,gamma,1.0,proven_maximum_cardinality,0.03021010011434555,22;31;41;57;65;67;68;80;81;82;86;96;114;119;131;133;138;145;153;160;162;164;167;171;185;191;197,27,25,2,0.8333333333333334,0.07407407407407407
95,mean_naive_full_data,signed_square,gamma,1.0,proven_maximum_cardinality,0.0302110998891294,1;10;13;18;21;22;44;49;65;69;75;76;82;91;93;103;134;156;162;165;166;173;178;179;197;198,26,25,1,0.8333333333333334,0.038461538461538464
96,mean_naive_full_data,signed_square,gamma,1.0,proven_maximum_cardinality,0.03364839986898005,0;26;32;43;61;75;83;87;92;97;102;107;121;126;133;134;143;146;150;156;163;169;175;177;187;198,26,24,2,0.8,0.07692307692307693
97,mean_naive_full_data,signed_square,gamma,1.0,proven_maximum_cardinality,0.040814599953591824,7;9;16;25;39;44;45;47;50;61;65;76;77;94;95;119;144;145;161;178;185;186;187;189,24,21,3,0.7,0.125
98,mean_naive_full_data,signed_square,gamma,1.0,proven_maximum_cardinality,0.022334699984639883,9;12;14;21;28;76;93;102;116;119;120;122;123;124;134;144;146;147;151;157;161;163;177,23,22,1,0.7333333333333333,0.043478260869565216
99,mean_naive_full_data,signed_square,gamma,1.0,proven_maximum_cardinality,0.027771600056439638,3;10;13;17;30;34;40;46;50;54;63;69;83;84;91;92;104;109;113;122;123;133;141;147;160;175;190;196;199,29,28,1,0.9333333333333333,0.034482758620689655
100,mean_naive_full_data,signed_square,gamma,1.0,proven_maximum_cardinality,0.014904799871146679,1;5;6;18;25;39;47;60;62;70;77;79;86;87;91;103;119;124;131;142;143;144;166;173;183;192;193,27,26,1,0.8666666666666667,0.037037037037037035
101,mean_naive_full_data,signed_square,gamma,1.0,proven_maximum_cardinality,0.029173099901527166,33;36;43;45;47;57;62;65;76;84;88;89;90;121;135;141;146;150;160;165;181;182;189;192,24,21,3,0.7,0.125
102,mean_naive_full_data,signed_square,gamma,1.0,proven_maximum_cardinality,0.023942400002852082,5;12;18;22;23;25;34;36;42;46;47;68;69;78;85;101;108;111;112;113;130;132;142;157;161;170;179;187;196,29,28,1,0.9333333333333333,0.034482758620689655
103,mean_naive_full_data,signed_square,gamma,1.0,proven_maximum_cardinality,0.05452889995649457,6;9;18;29;49;61;68;77;80;93;107;109;114;120;132;133;150;164;171;172,20,20,0,0.6666666666666666,0.0
104,mean_naive_full_data,signed_square,gamma,1.0,proven_maximum_cardinality,0.023759600007906556,16;20;23;37;41;45;51;59;60;63;70;74;86;94;95;106;125;127;139;145;147;152;162;182;188,25,23,2,0.7666666666666667,0.08
105,mean_naive_full_data,signed_square,gamma,1.0,proven_maximum_cardinality,0.027814999921247363,0;7;8;24;32;42;45;50;81;91;97;101;102;128;131;132;147;159;160;161;170;171;179;186;188,25,24,1,0.8,0.04
106,mean_naive_full_data,signed_square,gamma,1.0,proven_maximum_cardinality,0.021766299847513437,10;18;32;46;60;66;67;68;69;73;86;87;91;98;99;100;104;111;121;163;166;171;185;195,24,24,0,0.8,0.0
107,mean_naive_full_data,signed_square,gamma,1.0,proven_maximum_cardinality,0.03024100000038743,4;13;14;23;41;43;46;63;66;71;82;95;96;111;118;120;134;135;152;156;159;171;177,23,21,2,0.7,0.08695652173913043
108,mean_naive_full_data,signed_square,gamma,1.0,proven_maximum_cardinality,0.024990800069645047,5;6;11;13;17;28;51;63;73;84;86;88;99;102;123;125;127;128;129;132;137;141;144;158;176;180,26,26,0,0.8666666666666667,0.0
109,mean_naive_full_data,signed_square,gamma,1.0,proven_maximum_cardinality,0.027755300048738718,4;5;38;47;77;79;80;82;91;103;121;129;142;147;154;156;160;179;185;186;187;190;192,23,21,2,0.7,0.08695652173913043
110,mean_naive_full_data,signed_square,gamma,1.0,proven_maximum_cardinality,0.028823800152167678,6;7;11;19;22;35;38;39;82;92;93;102;103;132;142;143;155;165;171;186;187;195,22,21,1,0.7,0.045454545454545456
111,mean_naive_full_data,signed_square,gamma,1.0,proven_maximum_cardinality,0.017955699935555458,11;14;23;30;38;39;43;55;58;60;69;70;73;75;77;88;95;108;121;127;131;137;146;151;165;171;177;179;188,29,28,1,0.9333333333333333,0.034482758620689655
112,mean_naive_full_data,signed_square,gamma,1.0,proven_maximum_cardinality,0.025426600128412247,0;9;10;13;26;34;43;53;57;62;65;75;79;80;85;100;110;114;126;129;133;135;144;156;162;174;176;179;194,29,26,3,0.8666666666666667,0.10344827586206896
113,mean_naive_full_data,signed_square,gamma,1.0,proven_maximum_cardinality,0.0205765999853611,1;2;25;36;48;54;55;69;80;86;87;114;129;141;160;174;176;194;196;199,20,18,2,0.6,0.1
114,mean_naive_full_data,signed_square,gamma,1.0,proven_maximum_cardinality,0.025638899998739362,6;7;21;35;37;40;43;57;78;80;86;100;101;102;107;115;116;117;118;121;134;135;162;166;186;194;199,27,26,1,0.8666666666666667,0.037037037037037035
115,mean_naive_full_data,signed_square,gamma,1.0,proven_maximum_cardinality,0.02071440010331571,7;22;38;42;65;66;72;77;83;92;99;111;120;124;130;131;133;138;145;148;155;164;166,23,23,0,0.7666666666666667,0.0
116,mean_naive_full_data,signed_square,gamma,1.0,proven_maximum_cardinality,0.02238010009750724,25;51;55;58;59;62;81;86;88;89;108;110;112;125;126;128;134;136;137;145;154;157;164;168;190,25,22,3,0.7333333333333333,0.12
117,mean_naive_full_data,signed_square,gamma,1.0,proven_maximum_cardinality,0.022639899980276823,1;9;17;18;20;41;42;53;55;57;66;67;69;71;74;84;87;101;112;120;125;132;142;160;162;163;172;173;178,29,23,6,0.7666666666666667,0.20689655172413793
118,mean_naive_full_data,signed_square,gamma,1.0,proven_maximum_cardinality,0.0228193998336792,11;14;19;27;32;33;44;48;52;62;64;66;72;75;89;102;104;111;122;126;131;165;166;172;184;190;191,27,26,1,0.8666666666666667,0.037037037037037035
119,mean_naive_full_data,signed_square,gamma,1.0,proven_maximum_cardinality,0.034670600201934576,9;23;24;37;44;54;56;59;63;81;89;94;95;98;105;114;117;138;144;152;155;157;161;172;173;176;192;193,28,24,4,0.8,0.14285714285714285
120,mean_naive_full_data,signed_square,gamma,1.0,proven_maximum_cardinality,0.03381779999472201,0;2;5;9;18;22;29;66;69;81;82;83;84;87;102;105;109;127;130;154;157;165;177;188;191,25,22,3,0.7333333333333333,0.12
121,mean_naive_full_data,signed_square,gamma,1.0,proven_maximum_cardinality,0.030857800040394068,6;20;35;38;43;49;51;54;56;88;95;98;101;112;116;136;140;145;161;167;170;175;176;193;197;199,26,25,1,0.8333333333333334,0.038461538461538464
122,mean_naive_full_data,signed_square,gamma,1.0,proven_maximum_cardinality,0.025281800189986825,7;8;9;19;23;26;31;41;43;48;53;63;67;73;75;76;92;94;95;109;122;129;146;170;173;195,26,22,4,0.7333333333333333,0.15384615384615385
123,mean_naive_full_data,signed_square,gamma,1.0,proven_maximum_cardinality,0.022063300013542175,5;11;22;37;40;47;57;65;75;89;98;103;108;109;119;120;134;137;144;148;167;178;183,23,22,1,0.7333333333333333,0.043478260869565216
124,mean_naive_full_data,signed_square,gamma,1.0,proven_maximum_cardinality,0.02869699988514185,4;7;27;31;37;54;61;70;71;78;106;109;112;115;134;137;141;142;163;165;167;175;181;186;198,25,25,0,0.8333333333333334,0.0
125,mean_naive_full_data,signed_square,gamma,1.0,proven_maximum_cardinality,0.014435100136324763,3;14;15;34;35;40;45;49;55;63;64;70;71;78;85;86;94;100;106;111;116;131;139;142;143;145;153;178;181;182;185,31,26,5,0.8666666666666667,0.16129032258064516
126,mean_naive_full_data,signed_square,gamma,1.0,proven_maximum_cardinality,0.015902400016784668,3;8;16;45;63;68;73;77;84;87;88;95;96;106;107;111;118;126;127;136;137;140;150;160;162;168;171;184;185;186;189;194,32,26,6,0.8666666666666667,0.1875
127,mean_naive_full_data,signed_square,gamma,1.0,proven_maximum_cardinality,0.03778259991668165,40;43;61;63;72;75;76;85;92;97;101;105;109;115;117;123;133;141;143;145;147;151;199,23,20,3,0.6666666666666666,0.13043478260869565
128,mean_naive_full_data,signed_square,gamma,1.0,proven_maximum_cardinality,0.020639099879190326,3;7;12;15;19;27;31;41;47;68;91;92;95;107;125;149;162;178;182;186;190,21,20,1,0.6666666666666666,0.047619047619047616
129,mean_naive_full_data,signed_square,gamma,1.0,proven_maximum_cardinality,0.034471899969503284,0;16;26;35;44;50;51;54;61;66;69;81;108;116;117;125;126;128;137;144;152;160;168;185;193,25,24,1,0.8,0.04
130,mean_naive_full_data,signed_square,gamma,1.0,proven_maximum_cardinality,0.028381099924445152,32;35;40;46;53;60;61;92;95;96;104;109;110;112;115;120;129;130;137;143;145;152;153;156;158;159;173;196,28,25,3,0.8333333333333334,0.10714285714285714
131,mean_naive_full_data,signed_square,gamma,1.0,proven_maximum_cardinality,0.019138099858537316,2;27;39;50;57;61;62;63;70;71;75;77;90;93;99;104;121;128;136;149;174;175;185;188;190;195;197,27,26,1,0.8666666666666667,0.037037037037037035
132,mean_naive_full_data,signed_square,gamma,1.0,proven_maximum_cardinality,0.022522399900481105,3;5;17;34;43;57;85;99;100;105;107;108;109;124;126;132;146;150;160,19,18,1,0.6,0.05263157894736842
133,mean_naive_full_data,signed_square,gamma,1.0,proven_maximum_cardinality,0.031072800047695637,0;1;5;7;10;16;29;40;52;62;65;66;90;99;107;124;126;127;140;158;183;198,22,21,1,0.7,0.045454545454545456
134,mean_naive_full_data,signed_square,gamma,1.0,proven_maximum_cardinality,0.02202249993570149,1;6;14;19;25;31;38;39;44;47;67;86;99;102;107;127;152;153;163;167;180;182;184;196,24,24,0,0.8,0.0
135,mean_naive_full_data,signed_square,gamma,1.0,proven_maximum_cardinality,0.03967720014043152,2;10;23;24;38;39;40;43;55;56;60;73;83;85;116;117;119;129;140;142;151;159;174;183;187;189;193;197,28,26,2,0.8666666666666667,0.07142857142857142
136,mean_naive_full_data,signed_square,gamma,1.0,proven_maximum_cardinality,0.015166299883276224,8;20;23;26;30;53;55;56;64;86;87;93;99;100;107;129;130;132;148;156;157;160;171;172;180;194;196,27,26,1,0.8666666666666667,0.037037037037037035
137,mean_naive_full_data,signed_square,gamma,1.0,proven_maximum_cardinality,0.023087000008672476,7;10;18;20;25;34;35;36;39;47;55;57;58;60;63;74;82;104;111;115;121;132;136;147;153;156;157;158;195;196,30,27,3,0.9,0.1
138,mean_naive_full_data,signed_square,gamma,1.0,proven_maximum_cardinality,0.020957499975338578,6;7;19;20;22;45;84;87;90;99;112;119;121;129;131;144;145;149;151;152;158;162;174;176;183,25,24,1,0.8,0.04
139,mean_naive_full_data,signed_square,gamma,1.0,proven_maximum_cardinality,0.040640799794346094,10;24;32;33;38;40;44;46;59;64;69;91;94;112;113;114;122;125;133;155;169;179;195,23,21,2,0.7,0.08695652173913043
140,mean_naive_full_data,signed_square,gamma,1.0,proven_maximum_cardinality,0.033765500178560615,3;35;36;50;58;66;72;79;84;86;87;95;97;99;104;107;130;136;138;141;153;155;163;176;196,25,23,2,0.7666666666666667,0.08
141,mean_naive_full_data,signed_square,gamma,1.0,proven_maximum_cardinality,0.023034699959680438,18;23;33;45;50;69;73;83;88;102;127;135;137;155;161;166;176;186;187;197;199,21,20,1,0.6666666666666666,0.047619047619047616
142,mean_naive_full_data,signed_square,gamma,1.0,proven_maximum_cardinality,0.02514709997922182,19;20;21;28;43;47;52;62;65;70;73;93;101;108;113;114;115;124;127;130;132;134;142;146;165;174;180;191;197,29,29,0,0.9666666666666667,0.0
143,mean_naive_full_data,signed_square,gamma,1.0,proven_maximum_cardinality,0.02540260017849505,7;17;18;22;23;29;33;38;41;42;50;62;65;71;79;82;85;91;106;108;113;116;134;187;192;193,26,24,2,0.8,0.07692307692307693
144,mean_naive_full_data,signed_square,gamma,1.0,proven_maximum_cardinality,0.038216899847611785,5;10;15;17;20;41;47;52;54;75;96;106;120;135;150;164;170;184;185;194,20,18,2,0.6,0.1
145,mean_naive_full_data,signed_square,gamma,1.0,proven_maximum_cardinality,0.03004109999164939,13;29;36;40;43;62;83;101;102;104;117;133;137;143;146;151;154;156;165;169;170;178;197;199,24,24,0,0.8,0.0
146,mean_naive_full_data,signed_square,gamma,1.0,proven_maximum_cardinality,0.028570699971169233,7;9;13;17;18;34;43;49;52;67;72;97;98;100;105;117;143;152;159;172;186;191;194,23,21,2,0.7,0.08695652173913043
147,mean_naive_full_data,signed_square,gamma,1.0,proven_maximum_cardinality,0.035752799827605486,2;17;26;30;32;34;40;42;43;57;83;97;104;107;108;115;116;119;143;148;153;156;160;167;173;175;179;197,28,25,3,0.8333333333333334,0.10714285714285714
148,mean_naive_full_data,signed_square,gamma,1.0,proven_maximum_cardinality,0.027771699940785766,1;8;10;12;21;27;28;42;44;50;59;67;87;96;109;125;126;134;147;158;160;180;189,23,23,0,0.7666666666666667,0.0
149,mean_naive_full_data,signed_square,gamma,1.0,proven_maximum_cardinality,0.013394299894571304,3;17;19;30;32;37;43;51;56;58;63;81;92;111;112;115;125;127;138;143;148;161;168;170;187;191;198,27,26,1,0.8666666666666667,0.037037037037037035
150,mean_naive_full_data,signed_square,gamma,1.0,proven_maximum_cardinality,0.027836399851366878,4;9;23;40;53;57;66;73;90;91;106;110;118;133;136;138;140;142;150;151;159;163;180,23,23,0,0.7666666666666667,0.0
151,mean_naive_full_data,signed_square,gamma,1.0,proven_maximum_cardinality,0.023097399855032563,0;12;13;37;38;47;49;53;72;81;84;85;91;104;117;120;122;128;133;141;148;150;155;156;157;170;177;196,28,25,3,0.8333333333333334,0.10714285714285714
152,mean_naive_full_data,signed_square,gamma,1.0,proven_maximum_cardinality,0.028632800094783306,12;14;19;24;31;34;44;49;51;56;71;73;105;124;134;135;143;144;148;159;180;182;187;189;194;197,26,25,1,0.8333333333333334,0.038461538461538464
153,mean_naive_full_data,signed_square,gamma,1.0,proven_maximum_cardinality,0.02626310009509325,2;15;19;27;30;46;67;68;75;84;88;95;101;126;129;134;135;139;144;146;151;169;174;176;184,25,25,0,0.8333333333333334,0.0
154,mean_naive_full_data,signed_square,gamma,1.0,proven_maximum_cardinality,0.016594599932432175,9;13;16;17;31;42;43;46;62;67;72;74;78;82;90;119;122;125;129;133;134;151;172;175,24,23,1,0.7666666666666667,0.041666666666666664
155,mean_naive_full_data,signed_square,gamma,1.0,proven_maximum_cardinality,0.0283848000690341,4;10;15;19;37;43;66;68;70;78;79;87;103;107;115;123;125;126;139;148;171;186;195;197;198,25,23,2,0.7666666666666667,0.08
156,mean_naive_full_data,signed_square,gamma,1.0,proven_maximum_cardinality,0.025927900103852153,1;12;19;21;22;25;26;44;51;53;79;83;86;114;115;129;133;152;153;154;174;175;176;179;182;198,26,24,2,0.8,0.07692307692307693
157,mean_naive_full_data,signed_square,gamma,1.0,proven_maximum_cardinality,0.023473999928683043,0;9;29;30;37;60;65;99;105;106;111;112;116;124;128;143;149;160;169;178;180;195,22,22,0,0.7333333333333333,0.0
158,mean_naive_full_data,signed_square,gamma,1.0,proven_maximum_cardinality,0.022324500139802694,4;5;16;21;28;35;52;60;65;73;86;91;107;111;118;134;143;155;166;175;178;186;193,23,22,1,0.7333333333333333,0.043478260869565216
159,mean_naive_full_data,signed_square,gamma,1.0,proven_maximum_cardinality,0.0539363999851048,4;25;35;44;63;78;92;107;108;114;118;123;125;133;140;161;167;168;175;183;187,21,20,1,0.6666666666666666,0.047619047619047616
160,mean_naive_full_data,signed_square,gamma,1.0,proven_maximum_cardinality,0.025524500058963895,9;13;30;31;37;40;59;73;83;90;105;109;123;124;125;127;131;132;134;151;155;163;167;178;196,25,24,1,0.8,0.04
161,mean_naive_full_data,signed_square,gamma,1.0,proven_maximum_cardinality,0.025813400046899915,1;18;28;38;43;44;52;55;81;83;92;94;96;102;113;122;125;133;160;161;166;183;186;191;198,25,25,0,0.8333333333333334,0.0
162,mean_naive_full_data,signed_square,gamma,1.0,proven_maximum_cardinality,0.025711199967190623,5;6;21;28;40;42;58;73;80;84;108;114;115;125;130;134;139;141;154;162;166;184;186;190,24,23,1,0.7666666666666667,0.041666666666666664
163,mean_naive_full_data,signed_square,gamma,1.0,proven_maximum_cardinality,0.015253999968990684,7;10;17;22;32;38;46;50;56;62;73;92;101;106;110;112;113;116;117;122;123;156;158;168;171;185;196,27,26,1,0.8666666666666667,0.037037037037037035
164,mean_naive_full_data,signed_square,gamma,1.0,proven_maximum_cardinality,0.03987490013241768,3;25;30;36;66;69;73;81;95;97;101;105;112;126;128;135;161;163;183;190;199,21,19,2,0.6333333333333333,0.09523809523809523
165,mean_naive_full_data,signed_square,gamma,1.0,proven_maximum_cardinality,0.021509400103241205,1;12;22;24;25;33;34;42;54;77;78;90;91;92;96;104;111;133;134;135;136;137;142;160;165;183,26,25,1,0.8333333333333334,0.038461538461538464
166,mean_naive_full_data,signed_square,gamma,1.0,proven_maximum_cardinality,0.035751499934121966,0;9;10;14;18;19;21;30;33;40;43;48;72;93;94;105;111;112;121;129;133;143;144;145;148;149;167;168;190;194;199,31,30,1,1.0,0.03225806451612903
167,mean_naive_full_data,signed_square,gamma,1.0,proven_maximum_cardinality,0.029346799943596125,6;8;21;32;36;40;55;66;79;85;86;87;93;95;107;110;111;114;117;130;144;164;177;180,24,21,3,0.7,0.125
168,mean_naive_full_data,signed_square,gamma,1.0,proven_maximum_cardinality,0.03028120007365942,1;25;31;32;35;55;63;67;75;78;93;94;100;103;105;118;121;148;151;161;163;167;169;172;193,25,24,1,0.8,0.04
169,mean_naive_full_data,signed_square,gamma,1.0,proven_maximum_cardinality,0.028798399958759546,1;4;19;26;37;47;48;68;85;87;92;94;97;110;111;120;123;144;149;157;171;173;180;184;192;197,26,24,2,0.8,0.07692307692307693
170,mean_naive_full_data,signed_square,gamma,1.0,proven_maximum_cardinality,0.029841999989002943,0;7;15;16;30;43;47;61;66;78;103;123;129;140;153;165;170;172;173;176;184;197,22,21,1,0.7,0.045454545454545456
171,mean_naive_full_data,signed_square,gamma,1.0,proven_maximum_cardinality,0.02481880015693605,6;16;29;60;64;72;74;88;89;112;113;120;128;135;140;154;159;165;166;168;176;182;183;193,24,24,0,0.8,0.0
172,mean_naive_full_data,signed_square,gamma,1.0,proven_maximum_cardinality,0.026907499879598618,0;17;25;38;52;53;71;82;94;105;116;120;121;139;142;151;156;186;191;192;194;199,22,21,1,0.7,0.045454545454545456
173,mean_naive_full_data,signed_square,gamma,1.0,proven_maximum_cardinality,0.0215850998647511,13;15;27;35;37;60;62;71;84;94;103;118;125;126;133;135;136;137;145;152;163;165;172;178;179;181;189;193,28,28,0,0.9333333333333333,0.0
174,mean_naive_full_data,signed_square,gamma,1.0,proven_maximum_cardinality,0.033416599966585636,1;8;10;36;41;46;49;50;53;62;67;68;69;71;74;84;109;124;126;143;153;160;162;183;184;189;192,27,25,2,0.8333333333333334,0.07407407407407407
175,mean_naive_full_data,signed_square,gamma,1.0,proven_maximum_cardinality,0.04816989996470511,1;8;17;20;31;34;40;41;78;79;108;109;114;119;129;133;141;143;148;152;169;173;178;183;189;198,26,22,4,0.7333333333333333,0.15384615384615385
176,mean_naive_full_data,signed_square,gamma,1.0,proven_maximum_cardinality,0.0335360998287797,2;10;13;18;21;24;33;46;52;69;75;82;89;91;94;104;128;130;133;134;137;142;150;151;152;153;161;164;178;198,30,27,3,0.9,0.1
177,mean_naive_full_data,signed_square,gamma,1.0,proven_maximum_cardinality,0.028908499982208014,1;16;22;23;31;54;70;72;73;84;87;88;100;113;130;131;151,17,17,0,0.5666666666666667,0.0
178,mean_naive_full_data,signed_square,gamma,1.0,proven_maximum_cardinality,0.016846999991685152,20;25;28;36;44;49;52;54;69;78;88;97;100;119;122;124;132;134;147;159;163;173;186;189;197;198,26,24,2,0.8,0.07692307692307693
179,mean_naive_full_data,signed_square,gamma,1.0,proven_maximum_cardinality,0.026242699939757586,4;19;20;25;39;43;46;48;50;60;88;98;106;113;117;123;131;135;140;141;149;150;155;163;174;181;187;194,28,24,4,0.8,0.14285714285714285
180,mean_naive_full_data,signed_square,gamma,1.0,proven_maximum_cardinality,0.017692300025373697,0;4;6;10;23;26;30;31;36;41;65;70;89;90;116;133;135;136;142;150;152;154;158;183;191,25,25,0,0.8333333333333334,0.0
181,mean_naive_full_data,signed_square,gamma,1.0,proven_maximum_cardinality,0.030189900193363428,17;21;24;26;32;41;43;52;63;70;88;91;115;117;120;127;135;145;156;165;176;177;184;187;194;197;198,27,26,1,0.8666666666666667,0.037037037037037035
182,mean_naive_full_data,signed_square,gamma,1.0,proven_maximum_cardinality,0.022907700156793,1;2;12;13;17;18;20;23;34;38;45;48;54;73;74;85;96;99;102;109;113;117;120;140;153;165;172;195,28,25,3,0.8333333333333334,0.10714285714285714
183,mean_naive_full_data,signed_square,gamma,1.0,proven_maximum_cardinality,0.023247600067406893,0;7;8;19;28;38;41;62;66;70;71;73;82;90;96;97;100;102;127;140;141;194,22,22,0,0.7333333333333333,0.0
184,mean_naive_full_data,signed_square,gamma,1.0,proven_maximum_cardinality,0.020993300015106797,8;10;32;34;38;44;45;46;51;61;63;66;67;74;83;102;109;123;146;148;151;159;161;167;176;190;194,27,25,2,0.8333333333333334,0.07407407407407407
185,mean_naive_full_data,signed_square,gamma,1.0,proven_maximum_cardinality,0.04377120011486113,17;19;23;34;39;43;45;50;64;72;74;100;104;105;123;134;143;173;174;187;188;196;199,23,22,1,0.7333333333333333,0.043478260869565216
186,mean_naive_full_data,signed_square,gamma,1.0,proven_maximum_cardinality,0.018115099985152483,0;14;18;47;52;53;54;56;81;83;86;89;95;97;99;110;134;138;140;146;158;162;163;170;174;181;198,27,25,2,0.8333333333333334,0.07407407407407407
187,mean_naive_full_data,signed_square,gamma,1.0,proven_maximum_cardinality,0.019637799821794033,1;7;9;19;43;58;74;80;81;84;85;93;96;106;116;130;135;136;150;151;154;165;177;181;188,25,24,1,0.8,0.04
188,mean_naive_full_data,signed_square,gamma,1.0,proven_maximum_cardinality,0.04435459990054369,10;20;22;31;44;72;80;82;94;125;132;154;155;158;159;163;180;182;189;191,20,19,1,0.6333333333333333,0.05
189,mean_naive_full_data,signed_square,gamma,1.0,proven_maximum_cardinality,0.028693899977952242,9;17;19;44;45;46;56;59;60;63;67;72;81;105;113;129;145;146;168;178;189,21,20,1,0.6666666666666666,0.047619047619047616
190,mean_naive_full_data,signed_square,gamma,1.0,proven_maximum_cardinality,0.02838419983163476,4;16;23;28;34;64;65;74;75;77;89;94;97;105;111;124;125;126;127;136;147;163;164;173;185;188;190,27,25,2,0.8333333333333334,0.07407407407407407
191,mean_naive_full_data,signed_square,gamma,1.0,proven_maximum_cardinality,0.017202699789777398,3;6;28;29;31;33;37;42;57;67;68;75;78;81;87;96;97;102;106;146;159;169;174;178;193,25,24,1,0.8,0.04
192,mean_naive_full_data,signed_square,gamma,1.0,proven_maximum_cardinality,0.03132670000195503,5;8;22;32;42;56;72;78;83;85;87;88;91;106;109;132;137;147;162;168;172;174;180;192;194,25,24,1,0.8,0.04
193,mean_naive_full_data,signed_square,gamma,1.0,proven_maximum_cardinality,0.02619960019364953,17;23;29;40;44;56;66;68;71;78;86;87;91;98;124;134;136;143;152;170;189;192;197,23,22,1,0.7333333333333333,0.043478260869565216
194,mean_naive_full_data,signed_square,gamma,1.0,proven_maximum_cardinality,0.024302300065755844,6;7;16;24;33;43;45;52;54;55;66;70;75;78;91;94;116;128;135;153;154;162;163;166;178;181,26,22,4,0.7333333333333333,0.15384615384615385
195,mean_naive_full_data,signed_square,gamma,1.0,proven_maximum_cardinality,0.02644029981456697,9;14;16;19;24;30;32;43;46;47;62;77;79;92;102;103;115;118;127;130;131;152;154;157;163;180;183;199,28,25,3,0.8333333333333334,0.10714285714285714
196,mean_naive_full_data,signed_square,gamma,1.0,proven_maximum_cardinality,0.02700400003232062,1;3;7;32;43;44;50;54;74;78;87;88;99;101;106;112;118;125;129;137;142;148;152;159;174;198,26,24,2,0.8,0.07692307692307693
197,mean_naive_full_data,signed_square,gamma,1.0,proven_maximum_cardinality,0.038195000030100346,2;15;19;23;33;36;41;46;47;49;60;67;82;83;98;100;109;114;146;163;173;178;184,23,22,1,0.7333333333333333,0.043478260869565216
198,mean_naive_full_data,signed_square,gamma,1.0,proven_maximum_cardinality,0.03439819999039173,0;2;5;35;41;42;61;62;68;76;87;91;100;110;111;116;117;132;134;146;147;150;166;169;177;193;196,27,24,3,0.8,0.1111111111111111
199,mean_naive_full_data,signed_square,gamma,1.0,proven_maximum_cardinality,0.014553099870681763,1;3;10;11;18;30;34;37;40;41;58;64;85;100;101;103;104;115;119;126;131;133;136;143;147;160;172;189;191;196;199,31,28,3,0.9333333333333333,0.0967741935483871
200,mean_naive_full_data,signed_square,gamma,1.0,proven_maximum_cardinality,0.021650300128385425,16;17;28;40;54;68;71;84;86;87;89;97;102;106;114;115;128;146;148;150;155;173;185;198;199,25,24,1,0.8,0.04
201,mean_naive_full_data,signed_square,gamma,1.0,proven_maximum_cardinality,0.02522999979555607,14;18;24;29;34;35;41;51;55;66;67;70;72;76;79;84;103;104;112;116;136;157;162;175;180;188;198;199,28,23,5,0.7666666666666667,0.17857142857142858
202,mean_naive_full_data,signed_square,gamma,1.0,proven_maximum_cardinality,0.022995600011199713,4;8;11;17;27;39;51;55;58;62;63;73;81;86;89;99;104;128;129;142;154;157;166;174;194;195,26,25,1,0.8333333333333334,0.038461538461538464
203,mean_naive_full_data,signed_square,gamma,1.0,proven_maximum_cardinality,0.03585890005342662,4;8;11;14;15;16;25;28;35;41;69;77;84;87;100;113;122;127;128;149;154;158;159;160;161;190;192;197,28,26,2,0.8666666666666667,0.07142857142857142
204,mean_naive_full_data,signed_square,gamma,1.0,proven_maximum_cardinality,0.025943599874153733,9;15;16;17;35;43;54;58;65;70;80;81;83;85;109;114;141;144;148;151;160;166,22,21,1,0.7,0.045454545454545456
205,mean_naive_full_data,signed_square,gamma,1.0,proven_maximum_cardinality,0.031107900198549032,7;28;34;37;50;60;62;66;68;76;88;96;97;133;135;147;162;166;167;168;170;182;183;192,24,23,1,0.7666666666666667,0.041666666666666664
206,mean_naive_full_data,signed_square,gamma,1.0,proven_maximum_cardinality,0.02919499995186925,0;2;28;71;73;76;77;86;97;99;100;106;112;122;123;125;134;141;143;148;149;152;162;181;186;196,26,26,0,0.8666666666666667,0.0
207,mean_naive_full_data,signed_square,gamma,1.0,proven_maximum_cardinality,0.039968299912288785,0;4;8;13;29;35;40;59;61;75;100;104;121;123;150;152;155;161;170;174;175;179;180;182;194;195,26,24,2,0.8,0.07692307692307693
208,mean_naive_full_data,signed_square,gamma,1.0,proven_maximum_cardinality,0.030821099877357483,0;5;8;11;14;31;33;37;50;56;86;93;94;96;108;133;135;145;146;147;149;159;190;192,24,22,2,0.7333333333333333,0.08333333333333333
209,mean_naive_full_data,signed_square,gamma,1.0,proven_maximum_cardinality,0.042654499877244234,3;16;20;21;32;52;53;56;77;90;94;109;119;128;153;155;160;161;166;170;174;177;197,23,22,1,0.7333333333333333,0.043478260869565216
210,mean_naive_full_data,signed_square,gamma,1.0,proven_maximum_cardinality,0.01046449993737042,2;3;8;10;12;14;19;65;77;80;81;84;85;101;109;115;155;160;168;174;176;190;193,23,23,0,0.7666666666666667,0.0
211,mean_naive_full_data,signed_square,gamma,1.0,proven_maximum_cardinality,0.024635100038722157,6;7;9;10;14;16;49;51;54;68;88;118;131;139;142;147;171;173;176;179;192;199,22,22,0,0.7333333333333333,0.0
212,mean_naive_full_data,signed_square,gamma,1.0,proven_maximum_cardinality,0.01381579996086657,4;6;18;23;28;30;35;41;43;51;52;56;60;62;67;98;105;111;115;120;128;137;158;162;186;199,26,24,2,0.8,0.07692307692307693
213,mean_naive_full_data,signed_square,gamma,1.0,proven_maximum_cardinality,0.033180100144818425,4;18;23;27;28;29;30;40;57;59;66;71;75;79;92;106;111;113;116;117;119;122;125;127;130;132;136;157;173;199,30,29,1,0.9666666666666667,0.03333333333333333
214,mean_naive_full_data,signed_square,gamma,1.0,proven_maximum_cardinality,0.027396300109103322,12;14;17;31;53;57;59;70;89;90;92;98;118;119;132;134;142;158;159;165;174;177;195,23,21,2,0.7,0.08695652173913043
215,mean_naive_full_data,signed_square,gamma,1.0,proven_maximum_cardinality,0.014241899829357862,7;17;18;29;30;38;39;41;44;46;55;58;73;77;80;106;110;129;133;134;146;148;159;166;170;171;177;194;198,29,29,0,0.9666666666666667,0.0
216,mean_naive_full_data,signed_square,gamma,1.0,proven_maximum_cardinality,0.04239770001731813,0;5;8;13;18;34;42;43;44;55;79;82;83;88;102;105;106;113;114;115;150;177;198,23,22,1,0.7333333333333333,0.043478260869565216
217,mean_naive_full_data,signed_square,gamma,1.0,proven_maximum_cardinality,0.021389500005170703,2;3;10;18;31;32;41;47;56;60;62;63;66;69;77;83;95;108;140;145;149;152;153;158;160;174;175;177;183;188;191;195,32,26,6,0.8666666666666667,0.1875
218,mean_naive_full_data,signed_square,gamma,1.0,proven_maximum_cardinality,0.037251700181514025,0;1;14;18;22;25;35;41;45;51;60;73;75;76;93;110;111;113;128;129;143;152;180;181;194,25,25,0,0.8333333333333334,0.0
219,mean_naive_full_data,signed_square,gamma,1.0,proven_maximum_cardinality,0.036335800075903535,38;60;63;73;81;89;97;100;105;108;110;125;128;136;143;149;154;160;161;172;177;179;188,23,23,0,0.7666666666666667,0.0
220,mean_naive_full_data,signed_square,gamma,1.0,proven_maximum_cardinality,0.02762910001911223,0;2;6;8;14;15;24;45;52;69;71;72;85;86;93;101;108;116;124;126;172;183;195,23,21,2,0.7,0.08695652173913043
221,mean_naive_full_data,signed_square,gamma,1.0,proven_maximum_cardinality,0.025198000017553568,6;14;16;17;19;36;44;47;50;70;71;84;86;90;109;117;121;123;127;154;155;161;189;195,24,24,0,0.8,0.0
222,mean_naive_full_data,signed_square,gamma,1.0,proven_maximum_cardinality,0.017836800077930093,8;10;19;20;23;27;28;31;34;38;44;60;61;71;75;105;117;118;119;135;148;149;160;163;169;186;199,27,27,0,0.9,0.0
223,mean_naive_full_data,signed_square,gamma,1.0,proven_maximum_cardinality,0.015963699901476502,27;35;36;54;55;88;90;94;109;111;116;119;134;139;157;161;167;174;176;183;190;193;194;197;199,25,24,1,0.8,0.04
224,mean_naive_full_data,signed_square,gamma,1.0,proven_maximum_cardinality,0.03468409995548427,3;4;18;45;47;49;65;77;89;91;106;114;118;124;129;137;144;162;166;185;193,21,21,0,0.7,0.0
225,mean_naive_full_data,signed_square,gamma,1.0,proven_maximum_cardinality,0.029571800027042627,12;30;35;42;45;59;76;85;87;93;95;119;125;152;160;167;180;183;188;189;194;199,22,20,2,0.6666666666666666,0.09090909090909091
226,mean_naive_full_data,signed_square,gamma,1.0,proven_maximum_cardinality,0.03463399992324412,6;8;14;52;63;66;77;84;93;96;97;100;111;122;124;139;143;145;168;174;181;191;192,23,21,2,0.7,0.08695652173913043
227,mean_naive_full_data,signed_square,gamma,1.0,proven_maximum_cardinality,0.039504900109022856,6;34;40;44;47;61;67;68;80;92;101;113;118;123;124;142;148;157;158;163;167;171;174;175;178;179;183,27,24,3,0.8,0.1111111111111111
228,mean_naive_full_data,signed_square,gamma,1.0,proven_maximum_cardinality,0.019483499927446246,8;9;14;15;23;28;33;35;43;62;68;73;80;81;96;99;113;116;126;129;134;146;154;155;160;188,26,24,2,0.8,0.07692307692307693
229,mean_naive_full_data,signed_square,gamma,1.0,proven_maximum_cardinality,0.04818039992824197,2;9;22;25;26;33;46;54;58;61;73;82;103;114;126;127;131;144;150;156;167;168;174;195,24,22,2,0.7333333333333333,0.08333333333333333
230,mean_naive_full_data,signed_square,gamma,1.0,proven_maximum_cardinality,0.03317790012806654,7;9;19;26;53;59;62;63;66;72;76;86;95;124;129;132;142;156;158;169;179;180;184;194;195,25,23,2,0.7666666666666667,0.08
231,mean_naive_full_data,signed_square,gamma,1.0,proven_maximum_cardinality,0.01633480004966259,1;7;10;13;22;34;42;52;53;61;69;82;83;91;99;109;131;137;139;147;148;157;160;165;183;193;199,27,26,1,0.8666666666666667,0.037037037037037035
232,mean_naive_full_data,signed_square,gamma,1.0,proven_maximum_cardinality,0.02228790009394288,7;29;31;45;50;63;65;68;78;79;80;104;111;118;123;134;142;143;145;152;158;162;163;167;168;175;179;180;181;198,30,25,5,0.8333333333333334,0.16666666666666666
233,mean_naive_full_data,signed_square,gamma,1.0,proven_maximum_cardinality,0.017099000047892332,1;6;7;13;38;43;48;54;56;58;86;87;91;114;123;135;154;155;159;167;171;180;189,23,23,0,0.7666666666666667,0.0
234,mean_naive_full_data,signed_square,gamma,1.0,proven_maximum_cardinality,0.015146200079470873,2;8;10;11;12;19;30;43;53;72;75;77;93;108;115;116;124;133;139;147;151;157;160;161;164;170;188;191,28,26,2,0.8666666666666667,0.07142857142857142
235,mean_naive_full_data,signed_square,gamma,1.0,proven_maximum_cardinality,0.05044750007800758,9;14;15;16;17;21;22;25;27;28;42;69;100;108;111;117;118;127;150;151;163;175;176,23,19,4,0.6333333333333333,0.17391304347826086
236,mean_naive_full_data,signed_square,gamma,1.0,proven_maximum_cardinality,0.023664599983021617,3;6;26;38;40;41;45;64;78;79;89;102;106;112;116;119;125;132;136;142;152;169;170;177;181;192,26,25,1,0.8333333333333334,0.038461538461538464
237,mean_naive_full_data,signed_square,gamma,1.0,proven_maximum_cardinality,0.019799100002273917,11;14;18;19;23;33;35;40;42;47;52;67;72;78;80;88;94;100;115;121;123;134;144;145;146;147;151;155;168;187;191;198,32,27,5,0.9,0.15625
238,mean_naive_full_data,signed_square,gamma,1.0,proven_maximum_cardinality,0.011171899968758225,2;19;24;28;40;46;75;82;95;98;109;118;120;124;129;157;162;163;175;182;185;193,22,21,1,0.7,0.045454545454545456
239,mean_naive_full_data,signed_square,gamma,1.0,proven_maximum_cardinality,0.019466500030830503,1;5;10;12;35;39;59;62;68;77;90;91;102;111;116;124;131;133;138;150;154;167;186,23,23,0,0.7666666666666667,0.0
240,mean_naive_full_data,signed_square,gamma,1.0,proven_maximum_cardinality,0.03205789998173714,1;17;18;20;21;29;31;42;50;64;69;77;78;86;97;99;114;118;122;127;132;154;182;194,24,23,1,0.7666666666666667,0.041666666666666664
241,mean_naive_full_data,signed_square,gamma,1.0,proven_maximum_cardinality,0.0175522998906672,1;10;18;20;40;41;43;56;64;66;71;77;84;105;106;125;135;136;137;138;149;157;161;163;174;176;179;195,28,26,2,0.8666666666666667,0.07142857142857142
242,mean_naive_full_data,signed_square,gamma,1.0,proven_maximum_cardinality,0.012143799802288413,0;19;27;52;53;54;55;65;72;76;88;116;121;125;129;135;138;145;154;155;161;163;170;173;175;180;187,27,26,1,0.8666666666666667,0.037037037037037035
243,mean_naive_full_data,signed_square,gamma,1.0,proven_maximum_cardinality,0.036375399911776185,8;20;22;40;54;55;65;81;101;102;113;116;127;129;140;149;153;155;163;164;178;192;194;196,24,23,1,0.7666666666666667,0.041666666666666664
244,mean_naive_full_data,signed_square,gamma,1.0,proven_maximum_cardinality,0.04082030011340976,6;14;23;32;34;38;46;60;62;84;86;97;100;102;109;119;124;130;131;132;133;135;141;148;169;171;181;189,28,25,3,0.8333333333333334,0.10714285714285714
245,mean_naive_full_data,signed_square,gamma,1.0,proven_maximum_cardinality,0.03034940012730658,11;12;30;33;35;49;54;60;73;80;81;85;92;95;101;104;137;139;151;156;162;167;184;191;198,25,21,4,0.7,0.16
246,mean_naive_full_data,signed_square,gamma,1.0,proven_maximum_cardinality,0.025232600048184395,8;28;31;32;37;39;44;69;76;83;87;97;106;114;118;122;129;130;133;137;141;157;162;165;168;169;187;189,28,25,3,0.8333333333333334,0.10714285714285714
247,mean_naive_full_data,signed_square,gamma,1.0,proven_maximum_cardinality,0.022187699796631932,9;22;29;34;39;51;58;61;65;73;84;97;106;108;120;126;127;128;145;146;148;150;155;161;163;174;176;177;195,29,28,1,0.9333333333333333,0.034482758620689655
248,mean_naive_full_data,signed_square,gamma,1.0,proven_maximum_cardinality,0.01193140004761517,4;8;14;34;36;46;47;53;60;66;69;94;95;96;105;106;109;110;133;144;145;176;179,23,23,0,0.7666666666666667,0.0
249,mean_naive_full_data,signed_square,gamma,1.0,proven_maximum_cardinality,0.0330250000115484,2;15;23;29;32;47;48;49;58;60;74;103;104;106;129;133;134;141;143;144;151;152;161;165;180;185;186;187;193;198,30,26,4,0.8666666666666667,0.13333333333333333
250,mean_naive_full_data,signed_square,gamma,1.0,proven_maximum_cardinality,0.025469799991697073,1;2;3;11;33;41;44;58;62;65;68;73;75;83;115;120;131;134;137;154;157;158;167;168;170;181,26,23,3,0.7666666666666667,0.11538461538461539
251,mean_naive_full_data,signed_square,gamma,1.0,proven_maximum_cardinality,0.03365070000290871,24;26;31;35;44;51;82;88;89;90;92;103;104;107;111;113;115;120;121;138;169;171;174;175;192;194,26,24,2,0.8,0.07692307692307693
252,mean_naive_full_data,signed_square,gamma,1.0,proven_maximum_cardinality,0.014089500065892935,24;32;37;48;51;56;61;66;73;92;107;115;116;138;139;141;155;159;172;177;179;182;188;198;199,25,25,0,0.8333333333333334,0.0
253,mean_naive_full_data,signed_square,gamma,1.0,proven_maximum_cardinality,0.01889639999717474,4;23;27;38;43;52;65;71;82;101;106;120;128;129;138;139;146;150;153;171;179;181;195;198;199,25,23,2,0.7666666666666667,0.08
254,mean_naive_full_data,signed_square,gamma,1.0,proven_maximum_cardinality,0.03466390003450215,1;2;9;13;22;32;35;79;81;84;85;98;100;101;124;140;149;154;157;161;163;165;193;194,24,22,2,0.7333333333333333,0.08333333333333333
255,mean_naive_full_data,signed_square,gamma,1.0,proven_maximum_cardinality,0.019443100085482,6;18;32;33;34;36;38;68;74;92;94;96;97;98;104;105;134;141;143;144;148;154;168;171,24,23,1,0.7666666666666667,0.041666666666666664
256,mean_naive_full_data,signed_square,gamma,1.0,proven_maximum_cardinality,0.016025900142267346,2;8;17;25;29;32;36;37;42;44;46;52;61;63;80;82;85;93;98;109;110;128;134;135;137;151;156;179;182,29,25,4,0.8333333333333334,0.13793103448275862
257,mean_naive_full_data,signed_square,gamma,1.0,proven_maximum_cardinality,0.020593199878931046,6;37;48;49;55;58;60;65;66;71;81;92;102;107;125;126;132;147;155;168;171;173;175;189,24,23,1,0.7666666666666667,0.041666666666666664
258,mean_naive_full_data,signed_square,gamma,1.0,proven_maximum_cardinality,0.012526200152933598,3;27;31;45;59;66;81;83;92;93;105;109;113;117;120;149;153;169;171;180;196,21,21,0,0.7,0.0
259,mean_naive_full_data,signed_square,gamma,1.0,proven_maximum_cardinality,0.017125299898907542,0;4;14;20;38;54;64;65;67;76;77;80;94;103;116;120;122;132;138;154;159;167;170;199,24,22,2,0.7333333333333333,0.08333333333333333
260,mean_naive_full_data,signed_square,gamma,1.0,proven_maximum_cardinality,0.02108060009777546,4;5;26;30;33;36;41;44;55;61;64;68;73;86;96;112;125;127;129;131;132;133;134;148;150;159;161;176;184;197,30,26,4,0.8666666666666667,0.13333333333333333
261,mean_naive_full_data,signed_square,gamma,1.0,proven_maximum_cardinality,0.011018899967893958,16;27;39;50;61;62;69;75;76;93;98;109;111;116;134;149;152;154;155;179;192;194,22,22,0,0.7333333333333333,0.0
262,mean_naive_full_data,signed_square,gamma,1.0,proven_maximum_cardinality,0.02152780001051724,4;7;13;25;43;46;56;57;63;66;74;76;82;88;98;132;135;150;156;157;163;167;168;176;182;186;188;199,28,26,2,0.8666666666666667,0.07142857142857142
263,mean_naive_full_data,signed_square,gamma,1.0,proven_maximum_cardinality,0.010282800067216158,8;11;19;34;35;66;67;82;90;105;106;138;140;142;143;158;159;161;167;177;180;181;187;191;196;197,26,26,0,0.8666666666666667,0.0
264,mean_naive_full_data,signed_square,gamma,1.0,proven_maximum_cardinality,0.015470900107175112,0;6;16;27;45;64;91;104;106;110;117;122;131;134;140;142;146;151;159;166;169;195;196;199,24,23,1,0.7666666666666667,0.041666666666666664
265,mean_naive_full_data,signed_square,gamma,1.0,proven_maximum_cardinality,0.0169448999222368,9;17;18;22;25;32;33;46;49;55;57;67;72;75;84;86;87;91;92;96;108;113;115;130;141;153;163;189;198,29,28,1,0.9333333333333333,0.034482758620689655
266,mean_naive_full_data,signed_square,gamma,1.0,proven_maximum_cardinality,0.03139179991558194,5;15;19;25;31;33;46;51;52;54;74;87;98;102;107;114;123;130;137;138;145;151;162;167;179;194,26,26,0,0.8666666666666667,0.0
267,mean_naive_full_data,signed_square,gamma,1.0,proven_maximum_cardinality,0.022974699968472123,12;23;30;33;45;47;49;55;57;61;76;81;86;90;94;97;99;110;123;128;130;139;146;156;168;169;178;192,28,25,3,0.8333333333333334,0.10714285714285714
268,mean_naive_full_data,signed_square,gamma,1.0,proven_maximum_cardinality,0.035408300114795566,3;10;22;23;35;37;40;43;44;53;67;68;102;113;114;123;130;136;142;146;159;161;163;191;195,25,24,1,0.8,0.04
269,mean_naive_full_data,signed_square,gamma,1.0,proven_maximum_cardinality,0.01447069994173944,2;6;9;13;21;25;26;28;32;50;53;57;60;72;73;78;103;104;122;140;143;146;151;162;166;172;186;194,28,26,2,0.8666666666666667,0.07142857142857142
270,mean_naive_full_data,signed_square,gamma,1.0,proven_maximum_cardinality,0.04178160009905696,6;15;16;34;37;48;49;59;71;72;76;78;87;109;123;126;134;149;160;161;173;178;182;187;188,25,24,1,0.8,0.04
271,mean_naive_full_data,signed_square,gamma,1.0,proven_maximum_cardinality,0.030812199926003814,7;8;19;20;33;38;50;61;69;72;73;77;86;96;101;105;107;109;116;118;122;138;140;160;185;199,26,25,1,0.8333333333333334,0.038461538461538464
272,mean_naive_full_data,signed_square,gamma,1.0,proven_maximum_cardinality,0.02442870009690523,13;17;29;33;37;60;63;73;80;87;89;95;106;114;120;121;143;155;157;158;166;174;175;176;188;189,26,26,0,0.8666666666666667,0.0
273,mean_naive_full_data,signed_square,gamma,1.0,proven_maximum_cardinality,0.025681500090286136,9;13;29;33;47;57;60;63;81;84;92;93;99;114;119;136;138;154;163;167;169;190,22,21,1,0.7,0.045454545454545456
274,mean_naive_full_data,signed_square,gamma,1.0,proven_maximum_cardinality,0.014751799870282412,8;28;30;37;54;55;60;62;91;98;127;132;136;137;140;141;142;146;153;158;170;181;192,23,21,2,0.7,0.08695652173913043
275,mean_naive_full_data,signed_square,gamma,1.0,proven_maximum_cardinality,0.023349399911239743,5;19;22;35;46;49;50;54;63;64;67;83;92;95;100;102;115;116;131;139;160;170;176;185,24,23,1,0.7666666666666667,0.041666666666666664
276,mean_naive_full_data,signed_square,gamma,1.0,proven_maximum_cardinality,0.013104300014674664,1;2;15;17;18;29;32;34;39;40;48;50;55;58;61;103;107;108;115;146;168;173;184;186;187;199,26,26,0,0.8666666666666667,0.0
277,mean_naive_full_data,signed_square,gamma,1.0,proven_maximum_cardinality,0.025490200147032738,5;30;37;45;47;52;54;68;74;85;87;96;99;116;121;126;133;146;150;155;175;177;187;193,24,23,1,0.7666666666666667,0.041666666666666664
278,mean_naive_full_data,signed_square,gamma,1.0,proven_maximum_cardinality,0.022772899828851223,2;11;21;23;26;27;29;32;42;44;60;64;76;80;81;102;110;124;128;133;139;142;149;151;179;180;185;192,28,26,2,0.8666666666666667,0.07142857142857142
279,mean_naive_full_data,signed_square,gamma,1.0,proven_maximum_cardinality,0.027440400095656514,5;9;23;27;34;36;52;53;54;58;59;61;67;78;79;80;99;110;116;119;123;143;154;168;172;185,26,24,2,0.8,0.07692307692307693
280,mean_naive_full_data,signed_square,gamma,1.0,proven_maximum_cardinality,0.02795800007879734,3;16;18;31;37;40;43;49;57;67;68;75;76;109;124;135;166;178;197,19,18,1,0.6,0.05263157894736842
281,mean_naive_full_data,signed_square,gamma,1.0,proven_maximum_cardinality,0.03634990006685257,20;25;42;48;49;58;59;74;82;83;100;110;114;127;128;131;143;146;147;150;157;160;162;166;167;179;181;184;197,29,25,4,0.8333333333333334,0.13793103448275862
282,mean_naive_full_data,signed_square,gamma,1.0,proven_maximum_cardinality,0.025891399942338467,2;27;29;40;50;58;64;67;69;71;75;82;103;109;127;130;134;149;161;165;166;167;172;177;180;191,26,26,0,0.8666666666666667,0.0
283,mean_naive_full_data,signed_square,gamma,1.0,proven_maximum_cardinality,0.02884130016900599,0;12;22;24;33;36;44;71;78;83;84;86;88;99;112;113;132;139;148;152;154;164;172;177;184;188;199,27,26,1,0.8666666666666667,0.037037037037037035
284,mean_naive_full_data,signed_square,gamma,1.0,proven_maximum_cardinality,0.03337209997698665,8;14;19;31;41;60;67;75;98;110;113;115;117;118;120;121;135;137;142;143;154;171;178;181;182,25,22,3,0.7333333333333333,0.12
285,mean_naive_full_data,signed_square,gamma,1.0,proven_maximum_cardinality,0.024280899902805686,10;13;26;35;42;44;60;63;74;83;84;89;93;96;100;107;113;114;123;144;151;160;167;169;178;189;190;192,28,27,1,0.9,0.03571428571428571
286,mean_naive_full_data,signed_square,gamma,1.0,proven_maximum_cardinality,0.03260720008984208,5;6;25;29;31;32;65;68;70;76;86;94;97;107;113;116;128;133;142;144;154;155;160;172;185;186;193,27,26,1,0.8666666666666667,0.037037037037037035
287,mean_naive_full_data,signed_square,gamma,1.0,proven_maximum_cardinality,0.02760690008290112,1;9;43;49;53;55;57;81;86;87;88;107;123;131;139;144;150;157;159;161;170;176;181;194,24,23,1,0.7666666666666667,0.041666666666666664
288,mean_naive_full_data,signed_square,gamma,1.0,proven_maximum_cardinality,0.02466879994608462,11;43;57;61;65;71;74;84;92;93;100;104;107;111;127;133;137;144;150;168;175;183;193,23,23,0,0.7666666666666667,0.0
289,mean_naive_full_data,signed_square,gamma,1.0,proven_maximum_cardinality,0.03061849996447563,18;19;39;50;56;60;61;69;82;83;86;102;127;137;141;146;151;159;160;161;175;176;177;184;190;191,26,25,1,0.8333333333333334,0.038461538461538464
290,mean_naive_full_data,signed_square,gamma,1.0,proven_maximum_cardinality,0.031777899945154786,6;17;28;42;53;59;62;63;66;68;70;71;74;85;92;96;110;112;115;121;142;175;191,23,22,1,0.7333333333333333,0.043478260869565216
291,mean_naive_full_data,signed_square,gamma,1.0,proven_maximum_cardinality,0.02410359983332455,0;5;6;9;22;35;40;53;56;61;71;98;99;107;124;126;141;145;154;174;185;188,22,22,0,0.7333333333333333,0.0
292,mean_naive_full_data,signed_square,gamma,1.0,proven_maximum_cardinality,0.029674200108274817,10;14;15;18;34;35;39;43;57;58;63;76;87;107;115;116;118;125;126;138;165;170;192;195;197,25,21,4,0.7,0.16
293,mean_naive_full_data,signed_square,gamma,1.0,proven_maximum_cardinality,0.03198079997673631,6;7;9;15;23;34;44;48;61;92;96;99;102;108;114;122;124;126;130;132;136;149;166;187;190;197,26,24,2,0.8,0.07692307692307693
294,mean_naive_full_data,signed_square,gamma,1.0,proven_maximum_cardinality,0.04209560016170144,0;13;19;21;25;31;43;55;57;63;85;98;107;114;118;131;140;154;160;165;191;193;199,23,22,1,0.7333333333333333,0.043478260869565216
295,mean_naive_full_data,signed_square,gamma,1.0,proven_maximum_cardinality,0.03469799994491041,6;11;14;15;17;18;24;30;32;40;41;51;54;56;59;68;72;74;77;86;87;90;94;107;120;122;132;133;139;171;172;192,32,28,4,0.9333333333333333,0.125
296,mean_naive_full_data,signed_square,gamma,1.0,proven_maximum_cardinality,0.02532029990106821,20;31;37;42;61;63;71;73;77;79;80;81;85;90;92;97;100;127;128;133;138;146;152;181;186,25,25,0,0.8333333333333334,0.0
297,mean_naive_full_data,signed_square,gamma,1.0,proven_maximum_cardinality,0.02972750016488135,15;17;19;23;24;31;33;36;43;67;78;82;84;86;103;116;123;125;140;194;196;198;199,23,23,0,0.7666666666666667,0.0
298,mean_naive_full_data,signed_square,gamma,1.0,proven_maximum_cardinality,0.029041900066658854,6;13;21;24;27;32;40;47;49;54;56;94;96;113;114;118;120;137;143;158;165;175;181;193,24,21,3,0.7,0.125
299,mean_naive_full_data,signed_square,gamma,1.0,proven_maximum_cardinality,0.024435700150206685,4;15;19;25;30;35;44;47;59;68;74;83;85;86;87;92;95;96;98;99;104;137;139;156;162;165;182;183;190,29,26,3,0.8666666666666667,0.10344827586206896
300,mean_naive_full_data,signed_square,gamma,1.0,proven_maximum_cardinality,0.01842510001733899,7;9;15;45;47;57;67;78;89;97;99;112;113;120;125;135;138;139;142;152;156;161;164;174;179;184;188,27,27,0,0.9,0.0
301,mean_naive_full_data,signed_square,gamma,1.0,proven_maximum_cardinality,0.027290700003504753,13;26;29;36;43;44;76;96;102;103;105;121;135;137;146;159;163;175;177;180;195,21,20,1,0.6666666666666666,0.047619047619047616
302,mean_naive_full_data,signed_square,gamma,1.0,proven_maximum_cardinality,0.022269800072535872,0;5;27;33;51;69;72;78;88;90;91;98;103;104;105;110;124;125;128;152;167;170;186,23,23,0,0.7666666666666667,0.0
303,mean_naive_full_data,signed_square,gamma,1.0,proven_maximum_cardinality,0.019111800007522106,7;19;24;35;39;77;79;101;109;120;136;138;139;140;146;147;151;161;167;173;181;189;197;198,24,24,0,0.8,0.0
304,mean_naive_full_data,signed_square,gamma,1.0,proven_maximum_cardinality,0.027136499993503094,12;18;23;31;42;45;51;57;72;83;95;111;114;139;140;143;146;156;158;162;166;171;180;194;196,25,24,1,0.8,0.04
305,mean_naive_full_data,signed_square,gamma,1.0,proven_maximum_cardinality,0.010252800071612,1;10;14;15;24;33;41;43;47;55;57;59;63;67;71;83;92;115;124;128;132;138;168;176;188;190;198,27,25,2,0.8333333333333334,0.07407407407407407
306,mean_naive_full_data,signed_square,gamma,1.0,proven_maximum_cardinality,0.03812119993381202,0;14;15;16;21;32;34;65;66;69;73;76;79;103;108;109;127;139;143;148;151;157;167;169;179;180;188;198,28,24,4,0.8,0.14285714285714285
307,mean_naive_full_data,signed_square,gamma,1.0,proven_maximum_cardinality,0.020724300062283874,12;13;15;16;18;24;32;50;56;65;66;69;70;74;91;94;99;100;106;108;125;127;137;152;171;172;185;192;196,29,27,2,0.9,0.06896551724137931
308,mean_naive_full_data,signed_square,gamma,1.0,proven_maximum_cardinality,0.02471940009854734,0;11;26;27;30;32;36;49;56;58;71;89;90;94;100;112;115;127;135;136;153;169;173;182;192;199,26,23,3,0.7666666666666667,0.11538461538461539
309,mean_naive_full_data,signed_square,gamma,1.0,proven_maximum_cardinality,0.013570399954915047,1;14;16;18;43;49;59;60;61;75;78;85;86;87;101;107;114;115;118;122;129;155;157;161;171;172;176,27,25,2,0.8333333333333334,0.07407407407407407
310,mean_naive_full_data,signed_square,gamma,1.0,proven_maximum_cardinality,0.026028799824416637,3;4;8;9;24;28;30;49;51;52;58;80;83;114;115;117;124;131;142;145;150;151;154;173;174;178;180,27,21,6,0.7,0.2222222222222222
311,mean_naive_full_data,signed_square,gamma,1.0,proven_maximum_cardinality,0.034114900045096874,2;3;8;12;26;35;39;48;55;63;72;75;86;106;112;113;130;137;150;162;171;174;192;193,24,24,0,0.8,0.0
312,mean_naive_full_data,signed_square,gamma,1.0,proven_maximum_cardinality,0.020226499997079372,3;15;21;25;27;39;50;65;72;81;86;89;90;99;101;107;114;128;130;145;146;159;161;166;179;191,26,23,3,0.7666666666666667,0.11538461538461539
313,mean_naive_full_data,signed_square,gamma,1.0,proven_maximum_cardinality,0.018497899873182178,8;15;26;38;50;52;53;66;94;97;104;109;113;115;118;127;130;132;134;137;138;143;147;151;174;189;198;199,28,25,3,0.8333333333333334,0.10714285714285714
314,mean_naive_full_data,signed_square,gamma,1.0,proven_maximum_cardinality,0.020620400086045265,2;8;9;40;46;59;60;61;73;84;94;98;99;101;103;114;117;118;121;150;154;157;170;173;185;193;197,27,24,3,0.8,0.1111111111111111
315,mean_naive_full_data,signed_square,gamma,1.0,proven_maximum_cardinality,0.03974170004948974,18;27;30;35;37;59;93;102;108;111;117;129;140;145;151;154;156;173;174;189;195;198,22,22,0,0.7333333333333333,0.0
316,mean_naive_full_data,signed_square,gamma,1.0,proven_maximum_cardinality,0.022331700194627047,1;10;14;19;42;44;64;80;94;112;116;122;124;126;144;150;154;158;159;166;181;187;194;198,24,24,0,0.8,0.0
317,mean_naive_full_data,signed_square,gamma,1.0,proven_maximum_cardinality,0.038066199980676174,20;25;28;34;35;54;58;62;70;76;82;97;99;104;117;125;133;151;153;154;160;167;168;185;188;196,26,26,0,0.8666666666666667,0.0
318,mean_naive_full_data,signed_square,gamma,1.0,proven_maximum_cardinality,0.02128330012783408,0;11;32;37;46;54;70;75;76;85;87;90;92;93;94;104;126;129;138;143;144;148;152;177;189;195;196;199,28,24,4,0.8,0.14285714285714285
319,mean_naive_full_data,signed_square,gamma,1.0,proven_maximum_cardinality,0.014184399973601103,9;10;12;24;31;46;57;63;65;70;72;75;78;101;104;107;111;115;126;128;130;156;162;192,24,23,1,0.7666666666666667,0.041666666666666664
320,mean_naive_full_data,signed_square,gamma,1.0,proven_maximum_cardinality,0.03107209992595017,5;22;25;27;42;45;49;54;61;77;81;108;113;114;118;124;125;153;160;165;174;185;189;192;198,25,24,1,0.8,0.04
321,mean_naive_full_data,signed_square,gamma,1.0,proven_maximum_cardinality,0.026892900001257658,0;14;17;20;34;45;56;64;67;78;83;92;96;99;100;104;105;106;126;127;129;140;160;179;187;190;191,27,26,1,0.8666666666666667,0.037037037037037035
322,mean_naive_full_data,signed_square,gamma,1.0,proven_maximum_cardinality,0.043786700116470456,7;22;24;33;41;48;55;56;60;67;75;77;81;98;103;104;115;126;143;152;177;182;184;193,24,23,1,0.7666666666666667,0.041666666666666664
323,mean_naive_full_data,signed_square,gamma,1.0,proven_maximum_cardinality,0.015513799851760268,6;40;48;57;68;72;73;76;81;82;84;120;127;154;156;161;165;173;174;176;182;184;192;193,24,23,1,0.7666666666666667,0.041666666666666664
324,mean_naive_full_data,signed_square,gamma,1.0,proven_maximum_cardinality,0.023265200201421976,2;7;10;14;36;43;45;63;80;82;84;85;89;91;97;127;130;135;147;148;150;157;176;185;192;197;199,27,25,2,0.8333333333333334,0.07407407407407407
325,mean_naive_full_data,signed_square,gamma,1.0,proven_maximum_cardinality,0.022417000029236078,35;45;49;70;74;79;90;94;98;101;104;106;107;113;127;129;130;133;139;141;142;148;152;157;179;191,26,24,2,0.8,0.07692307692307693
326,mean_naive_full_data,signed_square,gamma,1.0,proven_maximum_cardinality,0.02944270009174943,1;15;20;25;27;32;40;46;47;60;73;87;89;102;106;122;123;126;135;138;147;152;163;164;175;183;185;195;197,29,27,2,0.9,0.06896551724137931
327,mean_naive_full_data,signed_square,gamma,1.0,proven_maximum_cardinality,0.021678700111806393,3;5;9;15;20;30;39;40;42;61;69;71;80;88;110;111;129;132;138;144;145;152;177;182;183;188;198,27,26,1,0.8666666666666667,0.037037037037037035
328,mean_naive_full_data,signed_square,gamma,1.0,proven_maximum_cardinality,0.02576370001770556,6;8;46;53;58;67;78;88;89;106;108;109;116;121;133;152;153;155;162;167;172;178;180,23,22,1,0.7333333333333333,0.043478260869565216
329,mean_naive_full_data,signed_square,gamma,1.0,proven_maximum_cardinality,0.020725300069898367,4;6;13;22;31;39;54;56;63;64;68;73;79;85;86;107;109;110;133;142;147;148;150;158;168;174;179;188,28,27,1,0.9,0.03571428571428571
330,mean_naive_full_data,signed_square,gamma,1.0,proven_maximum_cardinality,0.016239299904555082,3;13;20;21;29;36;38;39;40;42;51;55;58;66;75;94;103;108;115;118;120;123;128;129;134;185;186;193,28,24,4,0.8,0.14285714285714285
331,mean_naive_full_data,signed_square,gamma,1.0,proven_maximum_cardinality,0.028349900152534246,4;12;16;19;33;35;36;55;66;78;89;96;97;98;101;109;126;149;154;156;165;170;183;186;193;197,26,24,2,0.8,0.07692307692307693
332,mean_naive_full_data,signed_square,gamma,1.0,proven_maximum_cardinality,0.025021800072863698,2;11;17;25;27;31;41;44;74;75;81;96;109;115;118;121;132;152;154;158;162;166;170;176;180;181;185;191;193;196,30,27,3,0.9,0.1
333,mean_naive_full_data,signed_square,gamma,1.0,proven_maximum_cardinality,0.0293975998647511,2;3;5;7;13;18;25;30;31;44;61;62;66;72;83;90;95;104;109;112;115;126;137;138;166;170;176;188;191;192;193,31,27,4,0.9,0.12903225806451613
334,mean_naive_full_data,signed_square,gamma,1.0,proven_maximum_cardinality,0.02955350000411272,3;7;15;22;25;30;38;46;62;82;91;92;98;105;107;109;119;122;130;155;161;180;186;187,24,22,2,0.7333333333333333,0.08333333333333333
335,mean_naive_full_data,signed_square,gamma,1.0,proven_maximum_cardinality,0.014248999999836087,6;8;19;26;31;37;41;47;49;59;77;93;104;113;122;124;140;141;148;159;164;167;181;189,24,22,2,0.7333333333333333,0.08333333333333333
336,mean_naive_full_data,signed_square,gamma,1.0,proven_maximum_cardinality,0.010000400012359023,2;4;8;17;19;28;57;60;66;81;85;95;99;111;120;121;134;150;159;169;171;176;184;192;194;196;199,27,27,0,0.9,0.0
337,mean_naive_full_data,signed_square,gamma,1.0,proven_maximum_cardinality,0.04508469998836517,5;7;30;32;33;39;47;81;91;96;100;111;123;124;139;144;145;148;149;157;158;176;181;186,24,23,1,0.7666666666666667,0.041666666666666664
338,mean_naive_full_data,signed_square,gamma,1.0,proven_maximum_cardinality,0.02194839995354414,5;22;43;48;54;67;68;69;74;76;78;93;95;99;109;117;128;137;148;150;166;181;182;187;190;191;196,27,24,3,0.8,0.1111111111111111
339,mean_naive_full_data,signed_square,gamma,1.0,proven_maximum_cardinality,0.014431799994781613,4;5;8;17;32;42;48;50;57;60;76;97;100;103;107;112;126;131;133;138;143;146;148;154;155;162;190,27,25,2,0.8333333333333334,0.07407407407407407
340,mean_naive_full_data,signed_square,gamma,1.0,proven_maximum_cardinality,0.02474120003171265,1;3;7;16;20;32;34;35;41;53;55;66;81;92;98;101;111;118;131;139;141;147;161;163;164;182;189;191,28,25,3,0.8333333333333334,0.10714285714285714
341,mean_naive_full_data,signed_square,gamma,1.0,proven_maximum_cardinality,0.02576230000704527,1;4;15;19;21;23;41;43;49;65;100;103;109;110;115;133;138;146;150;152;161;169;177;184;186;196;198,27,23,4,0.7666666666666667,0.14814814814814814
342,mean_naive_full_data,signed_square,gamma,1.0,proven_maximum_cardinality,0.039190399926155806,1;7;12;20;21;30;32;35;41;50;53;55;57;61;73;74;81;85;102;104;105;134;156;157;164;166;169;172;175;184,30,24,6,0.8,0.2
343,mean_naive_full_data,signed_square,gamma,1.0,proven_maximum_cardinality,0.03772950009442866,2;14;16;20;21;27;32;48;62;66;67;71;76;101;113;119;130;135;136;147;149;161;165;172;175;181;186;195;196;198,30,26,4,0.8666666666666667,0.13333333333333333
344,mean_naive_full_data,signed_square,gamma,1.0,proven_maximum_cardinality,0.028944000136107206,0;12;13;27;31;50;54;58;61;66;70;85;88;91;93;132;155;167;175;179;181;186;190;194,24,23,1,0.7666666666666667,0.041666666666666664
345,mean_naive_full_data,signed_square,gamma,1.0,proven_maximum_cardinality,0.03142960020340979,6;17;23;26;32;45;52;55;58;70;82;97;100;112;114;120;136;137;140;146;155;160;166;176;183;187;197,27,26,1,0.8666666666666667,0.037037037037037035
346,mean_naive_full_data,signed_square,gamma,1.0,proven_maximum_cardinality,0.04582170001231134,16;26;35;40;41;51;63;75;82;84;91;97;122;128;132;139;142;148;150;166;173;182;198,23,21,2,0.7,0.08695652173913043
347,mean_naive_full_data,signed_square,gamma,1.0,proven_maximum_cardinality,0.020191699964925647,8;10;15;18;28;32;46;51;57;78;97;99;105;109;116;135;136;140;142;146;150;165;176;182;194,25,22,3,0.7333333333333333,0.12
348,mean_naive_full_data,signed_square,gamma,1.0,proven_maximum_cardinality,0.025392800103873014,18;21;30;51;55;76;87;92;109;112;115;120;127;135;155;159;163;172;175;185;190;195,22,19,3,0.6333333333333333,0.13636363636363635
349,mean_naive_full_data,signed_square,gamma,1.0,proven_maximum_cardinality,0.025690800044685602,0;8;23;29;31;38;41;53;57;60;67;81;127;135;147;157;159;171;177;187;193;194;195,23,23,0,0.7666666666666667,0.0
350,mean_naive_full_data,signed_square,gamma,1.0,proven_maximum_cardinality,0.030729399994015694,14;20;30;31;32;37;40;57;71;75;106;119;121;123;130;136;141;147;150;155;158;164;165;168;185;197;198;199,28,25,3,0.8333333333333334,0.10714285714285714
351,mean_naive_full_data,signed_square,gamma,1.0,proven_maximum_cardinality,0.03020949987694621,3;8;9;12;25;42;56;67;70;76;78;81;97;106;115;126;137;138;150;159;161;165;169;182,24,24,0,0.8,0.0
352,mean_naive_full_data,signed_square,gamma,1.0,proven_maximum_cardinality,0.02684370009228587,6;16;17;21;29;70;72;95;97;99;102;106;110;111;112;115;122;123;136;137;156;159;161;179;180,25,24,1,0.8,0.04
353,mean_naive_full_data,signed_square,gamma,1.0,proven_maximum_cardinality,0.038223400013521314,6;7;9;15;31;33;34;52;53;69;76;80;98;102;112;119;124;129;157;164;170;178;187,23,20,3,0.6666666666666666,0.13043478260869565
354,mean_naive_full_data,signed_square,gamma,1.0,proven_maximum_cardinality,0.02871769992634654,16;24;38;39;45;47;49;56;69;74;82;88;105;120;123;130;131;133;134;142;146;149;161;162;176;188,26,25,1,0.8333333333333334,0.038461538461538464
355,mean_naive_full_data,signed_square,gamma,1.0,proven_maximum_cardinality,0.030541500076651573,13;21;26;37;47;51;55;63;65;76;78;85;90;98;105;119;152;161;167;172;180;183;185;187;194;196,26,23,3,0.7666666666666667,0.11538461538461539
356,mean_naive_full_data,signed_square,gamma,1.0,proven_maximum_cardinality,0.03205409995280206,21;37;40;41;58;65;69;79;84;87;88;100;103;109;112;130;133;135;136;153;154;167;171;174;183;185;188;189,28,25,3,0.8333333333333334,0.10714285714285714
357,mean_naive_full_data,signed_square,gamma,1.0,proven_maximum_cardinality,0.01020550006069243,29;37;38;44;45;48;51;82;91;92;95;99;121;124;125;126;153;154;159;162;168;173;174;183;185;195,26,25,1,0.8333333333333334,0.038461538461538464
358,mean_naive_full_data,signed_square,gamma,1.0,proven_maximum_cardinality,0.016006699996069074,4;11;19;23;27;28;47;52;53;57;71;74;84;87;88;97;107;125;126;128;140;149;151;163;164;166;180;185,28,27,1,0.9,0.03571428571428571
359,mean_naive_full_data,signed_square,gamma,1.0,proven_maximum_cardinality,0.03208000003360212,5;10;17;30;36;38;51;77;84;97;106;120;129;131;142;144;149;155;177;185;198,21,20,1,0.6666666666666666,0.047619047619047616
360,mean_naive_full_data,signed_square,gamma,1.0,proven_maximum_cardinality,0.018351800041273236,10;27;42;51;53;60;79;91;94;98;112;115;120;122;124;144;150;155;168;178;190;196,22,21,1,0.7,0.045454545454545456
361,mean_naive_full_data,signed_square,gamma,1.0,proven_maximum_cardinality,0.01387819997034967,1;21;27;28;30;32;47;59;61;64;65;70;85;89;98;99;120;128;134;152;157;159;166;185,24,24,0,0.8,0.0
362,mean_naive_full_data,signed_square,gamma,1.0,proven_maximum_cardinality,0.027613900136202574,4;7;9;12;15;17;34;40;41;60;76;83;85;93;94;100;106;111;119;141;145;162;180;183;185,25,23,2,0.7666666666666667,0.08
363,mean_naive_full_data,signed_square,gamma,1.0,proven_maximum_cardinality,0.01689500012435019,1;5;8;19;21;47;55;66;77;85;89;99;106;115;128;129;135;148;155;163;164;175;178;185;189;195,26,24,2,0.8,0.07692307692307693
364,mean_naive_full_data,signed_square,gamma,1.0,proven_maximum_cardinality,0.03248880011960864,4;7;16;25;42;69;75;87;95;96;110;114;117;130;131;147;159;162;167;172;177;178;180;190;195;196,26,24,2,0.8,0.07692307692307693
365,mean_naive_full_data,signed_square,gamma,1.0,proven_maximum_cardinality,0.02962459996342659,11;14;16;20;21;29;49;53;56;59;71;76;85;86;88;93;94;97;99;104;110;141;150;174;175;176,26,24,2,0.8,0.07692307692307693
366,mean_naive_full_data,signed_square,gamma,1.0,proven_maximum_cardinality,0.02657689992338419,17;18;28;35;41;46;50;51;60;68;72;83;88;97;101;111;112;114;121;126;132;142;147;155;159;172;180;196,28,25,3,0.8333333333333334,0.10714285714285714
367,mean_naive_full_data,signed_square,gamma,1.0,proven_maximum_cardinality,0.03315509995445609,0;12;17;40;49;52;53;67;87;90;98;112;113;149;158;170;173;178;188;197,20,20,0,0.6666666666666666,0.0
368,mean_naive_full_data,signed_square,gamma,1.0,proven_maximum_cardinality,0.042444700142368674,8;14;27;36;39;51;81;90;91;93;96;105;107;108;109;120;139;162;164;174;184;185;187;198,24,23,1,0.7666666666666667,0.041666666666666664
369,mean_naive_full_data,signed_square,gamma,1.0,proven_maximum_cardinality,0.01980180013924837,4;12;19;28;31;35;36;39;49;56;78;80;123;124;128;132;138;141;144;155;166;173;175;177;193;198,26,24,2,0.8,0.07692307692307693
370,mean_naive_full_data,signed_square,gamma,1.0,proven_maximum_cardinality,0.021902000065892935,2;8;11;21;22;29;31;40;46;54;56;66;72;94;103;114;122;138;144;148;151;154;155;159;162;168;181;182;191,29,27,2,0.9,0.06896551724137931
371,mean_naive_full_data,signed_square,gamma,1.0,proven_maximum_cardinality,0.01980820018798113,1;4;28;41;45;54;56;67;68;69;77;80;82;84;89;90;100;103;118;123;127;138;139;150;160;169;178;186;198,29,27,2,0.9,0.06896551724137931
372,mean_naive_full_data,signed_square,gamma,1.0,proven_maximum_cardinality,0.03930679988116026,5;11;23;38;42;44;46;48;67;108;111;120;126;128;151;158;161;168;172;175;183;184;186,23,21,2,0.7,0.08695652173913043
373,mean_naive_full_data,signed_square,gamma,1.0,proven_maximum_cardinality,0.023291500052437186,14;41;42;48;49;51;56;57;62;64;72;78;85;87;91;109;124;127;132;133;139;140;149;157;172,25,24,1,0.8,0.04
374,mean_naive_full_data,signed_square,gamma,1.0,proven_maximum_cardinality,0.03949700016528368,14;19;22;35;37;44;53;65;67;70;71;110;115;118;121;126;127;152;156;158;171;190;191;199,24,22,2,0.7333333333333333,0.08333333333333333
375,mean_naive_full_data,signed_square,gamma,1.0,proven_maximum_cardinality,0.038380500162020326,3;6;10;15;29;32;33;42;47;69;71;84;86;100;119;127;130;134;141;144;145;157;163;172;174;175;192;196,28,27,1,0.9,0.03571428571428571
376,mean_naive_full_data,signed_square,gamma,1.0,proven_maximum_cardinality,0.018651199992746115,5;27;28;30;40;41;42;53;59;60;61;64;65;69;84;86;101;116;120;124;125;131;135;137;146;147;177;190;196,29,28,1,0.9333333333333333,0.034482758620689655
377,mean_naive_full_data,signed_square,gamma,1.0,proven_maximum_cardinality,0.023509500082582235,8;16;23;29;35;40;41;72;77;88;99;108;113;117;125;136;137;138;144;146;163;168;189,23,22,1,0.7333333333333333,0.043478260869565216
378,mean_naive_full_data,signed_square,gamma,1.0,proven_maximum_cardinality,0.03267639991827309,14;17;22;29;40;42;44;50;65;70;72;73;79;86;102;107;115;116;119;142;155,21,19,2,0.6333333333333333,0.09523809523809523
379,mean_naive_full_data,signed_square,gamma,1.0,proven_maximum_cardinality,0.02529479982331395,6;14;16;18;24;28;35;60;70;73;75;80;111;112;114;125;127;129;140;148;172;173;175;193;194,25,24,1,0.8,0.04
380,mean_naive_full_data,signed_square,gamma,1.0,proven_maximum_cardinality,0.024531699949875474,0;38;41;42;51;55;67;71;79;81;87;90;99;114;124;136;138;142;155;160;167;177;183;191;197,25,25,0,0.8333333333333334,0.0
381,mean_naive_full_data,signed_square,gamma,1.0,proven_maximum_cardinality,0.022177200065925717,7;21;26;35;45;69;76;82;85;86;98;101;122;123;134;143;154;166;174;179;183;184;190;191;196,25,23,2,0.7666666666666667,0.08
382,mean_naive_full_data,signed_square,gamma,1.0,proven_maximum_cardinality,0.028647500090301037,6;9;19;20;35;39;56;68;71;73;78;79;93;95;102;107;110;124;156;161;173;189,22,22,0,0.7333333333333333,0.0
383,mean_naive_full_data,signed_square,gamma,1.0,proven_maximum_cardinality,0.023245900170877576,2;18;28;77;80;82;88;91;101;113;119;121;122;124;146;147;148;152;158;179;187;192,22,21,1,0.7,0.045454545454545456
384,mean_naive_full_data,signed_square,gamma,1.0,proven_maximum_cardinality,0.027480199933052063,1;9;32;46;49;53;55;71;75;88;90;91;92;93;99;105;116;127;128;167;189;192;194,23,23,0,0.7666666666666667,0.0
385,mean_naive_full_data,signed_square,gamma,1.0,proven_maximum_cardinality,0.01817500009201467,2;6;8;11;14;17;24;31;35;41;45;53;76;85;92;93;100;104;109;121;127;133;136;138;140;149;150;152;157;167;168,31,27,4,0.9,0.12903225806451613
386,mean_naive_full_data,signed_square,gamma,1.0,proven_maximum_cardinality,0.010461200028657913,6;9;18;20;21;24;25;62;66;72;81;90;94;99;116;117;141;143;151;170;173;177;183;186;194;198,26,26,0,0.8666666666666667,0.0
387,mean_naive_full_data,signed_square,gamma,1.0,proven_maximum_cardinality,0.02984669990837574,11;12;13;20;29;39;46;51;68;69;74;78;80;91;96;106;109;114;133;136;155;156;176;179;184;187;190;191;197;198,30,28,2,0.9333333333333333,0.06666666666666667
388,mean_naive_full_data,signed_square,gamma,1.0,proven_maximum_cardinality,0.04177470016293228,7;11;32;49;55;61;76;82;92;101;113;120;127;140;144;145;146;152;172;184;186;190;195,23,22,1,0.7333333333333333,0.043478260869565216
389,mean_naive_full_data,signed_square,gamma,1.0,proven_maximum_cardinality,0.03910039993934333,4;39;41;49;55;56;60;73;81;88;93;102;117;134;135;143;150;153;161;162;163;174;184;194,24,23,1,0.7666666666666667,0.041666666666666664
390,mean_naive_full_data,signed_square,gamma,1.0,proven_maximum_cardinality,0.02811329998075962,6;9;14;24;29;30;32;34;36;37;53;55;56;57;61;73;81;90;94;105;108;115;131;141;149;152;161;162;167;177;188;189;195,33,28,5,0.9333333333333333,0.15151515151515152
391,mean_naive_full_data,signed_square,gamma,1.0,proven_maximum_cardinality,0.01706960005685687,10;11;18;22;29;33;37;39;40;52;54;84;86;108;118;122;132;141;143;161;163;166;170;183;191;197,26,25,1,0.8333333333333334,0.038461538461538464
392,mean_naive_full_data,signed_square,gamma,1.0,proven_maximum_cardinality,0.022452199831604958,1;21;32;41;52;54;61;69;78;79;85;95;99;107;114;117;125;128;129;130;160;166,22,22,0,0.7333333333333333,0.0
393,mean_naive_full_data,signed_square,gamma,1.0,proven_maximum_cardinality,0.02388390013948083,17;29;34;47;58;68;70;83;90;91;117;121;123;125;136;137;140;142;157;161;168;195,22,21,1,0.7,0.045454545454545456
394,mean_naive_full_data,signed_square,gamma,1.0,proven_maximum_cardinality,0.042336300015449524,0;23;31;45;52;62;67;100;109;131;134;136;140;146;162;175;191;196,18,17,1,0.5666666666666667,0.05555555555555555
395,mean_naive_full_data,signed_square,gamma,1.0,proven_maximum_cardinality,0.03670549998059869,10;12;16;35;56;59;79;92;104;107;108;111;113;115;122;128;129;130;135;138;154;160;167;171;172;195;197,27,25,2,0.8333333333333334,0.07407407407407407
396,mean_naive_full_data,signed_square,gamma,1.0,proven_maximum_cardinality,0.024068400030955672,10;17;29;37;38;46;62;64;70;71;72;93;116;122;130;134;142;146;148;165;166;173;184;186;187;192;194;197,28,22,6,0.7333333333333333,0.21428571428571427
397,mean_naive_full_data,signed_square,gamma,1.0,proven_maximum_cardinality,0.019036500016227365,10;23;28;29;31;38;44;51;58;60;65;68;69;79;91;93;106;122;131;144;153;155;166;180;186,25,25,0,0.8333333333333334,0.0
398,mean_naive_full_data,signed_square,gamma,1.0,proven_maximum_cardinality,0.014189199777320027,11;15;17;24;27;28;35;40;41;56;65;66;75;79;80;95;100;102;115;116;133;142;178;181;185;187;188;197,28,27,1,0.9,0.03571428571428571
399,mean_naive_full_data,signed_square,gamma,1.0,proven_maximum_cardinality,0.0391356002073735,4;37;41;44;66;71;78;81;83;86;94;95;106;111;120;121;124;125;131;143;146;174;175;186,24,24,0,0.8,0.0
400,mean_naive_full_data,signed_square,gamma,1.0,proven_maximum_cardinality,0.036343400133773685,2;3;7;9;12;14;17;24;25;30;41;42;50;52;60;86;92;113;121;137;146;149;156;160;163;188;189;190;195,29,27,2,0.9,0.06896551724137931
401,mean_naive_full_data,signed_square,gamma,1.0,proven_maximum_cardinality,0.029087600065395236,12;16;26;36;39;41;44;62;82;85;94;107;109;127;132;139;142;154;166;185;189;196;198,23,22,1,0.7333333333333333,0.043478260869565216
402,mean_naive_full_data,signed_square,gamma,1.0,proven_maximum_cardinality,0.015755800064653158,0;5;7;9;25;37;44;48;75;80;83;86;91;99;100;101;113;123;127;128;155;157;163;176;186;188;192;197,28,24,4,0.8,0.14285714285714285
403,mean_naive_full_data,signed_square,gamma,1.0,proven_maximum_cardinality,0.04782440001145005,2;17;19;20;27;34;37;40;47;56;62;76;82;92;122;132;141;143;167;168;189;191,22,18,4,0.6,0.18181818181818182
404,mean_naive_full_data,signed_square,gamma,1.0,proven_maximum_cardinality,0.02721430012024939,2;8;10;15;24;26;30;39;41;43;60;62;71;75;80;81;103;116;140;141;154;167;169;176;178;182;189,27,25,2,0.8333333333333334,0.07407407407407407
405,mean_naive_full_data,signed_square,gamma,1.0,proven_maximum_cardinality,0.037008200073614717,1;10;12;22;24;36;52;54;61;72;79;85;89;93;95;104;107;141;153;167;168;169;172;186;187;194;198,27,24,3,0.8,0.1111111111111111
406,mean_naive_full_data,signed_square,gamma,1.0,proven_maximum_cardinality,0.043435800122097135,5;7;21;24;25;32;37;58;64;93;95;96;104;107;123;124;130;135;144;159;172;182;184;190,24,22,2,0.7333333333333333,0.08333333333333333
407,mean_naive_full_data,signed_square,gamma,1.0,proven_maximum_cardinality,0.018284600228071213,9;12;28;32;36;52;62;66;72;80;87;88;93;100;103;112;114;128;137;142;147;161;186;188;196,25,23,2,0.7666666666666667,0.08
408,mean_naive_full_data,signed_square,gamma,1.0,proven_maximum_cardinality,0.02422989998012781,14;16;33;38;41;59;60;82;89;101;104;113;121;124;142;158;163;177;178;180;181;193;195;199,24,21,3,0.7,0.125
409,mean_naive_full_data,signed_square,gamma,1.0,proven_maximum_cardinality,0.019202399998903275,3;17;19;27;28;31;42;48;53;54;56;59;60;76;77;80;99;103;110;111;128;143;147;149;151;159;164;174;189;195;199,31,28,3,0.9333333333333333,0.0967741935483871
410,mean_naive_full_data,signed_square,gamma,1.0,proven_maximum_cardinality,0.023140599951148033,6;10;25;46;50;65;72;75;77;93;96;99;101;112;114;119;133;134;136;137;147;153;155;168;174;177;182;191;197,29,26,3,0.8666666666666667,0.10344827586206896
411,mean_naive_full_data,signed_square,gamma,1.0,proven_maximum_cardinality,0.034175700042396784,4;9;16;25;42;59;70;71;72;81;82;90;93;100;113;125;137;139;140;158;172,21,21,0,0.7,0.0
412,mean_naive_full_data,signed_square,gamma,1.0,proven_maximum_cardinality,0.01669920003041625,5;7;15;28;36;39;44;63;70;76;80;94;126;127;130;138;140;142;153;154;168;191,22,22,0,0.7333333333333333,0.0
413,mean_naive_full_data,signed_square,gamma,1.0,proven_maximum_cardinality,0.03260519984178245,6;16;17;19;23;24;27;35;43;48;52;54;62;76;85;93;95;100;102;105;106;110;118;127;132;138;161;166;177;199,30,26,4,0.8666666666666667,0.13333333333333333
414,mean_naive_full_data,signed_square,gamma,1.0,proven_maximum_cardinality,0.009727200027555227,3;9;17;26;28;29;44;48;56;62;64;66;71;82;84;90;109;115;121;124;126;138;141;144;153;157;167;191,28,26,2,0.8666666666666667,0.07142857142857142
415,mean_naive_full_data,signed_square,gamma,1.0,proven_maximum_cardinality,0.026828099973499775,14;35;45;81;83;111;119;127;128;133;134;136;140;146;163;174;190,17,17,0,0.5666666666666667,0.0
416,mean_naive_full_data,signed_square,gamma,1.0,proven_maximum_cardinality,0.02184879989363253,1;3;4;6;20;35;37;39;46;58;62;81;82;88;93;102;107;115;116;120;126;159;160;170;171;175;179;198,28,27,1,0.9,0.03571428571428571
417,mean_naive_full_data,signed_square,gamma,1.0,proven_maximum_cardinality,0.025603400077670813,26;39;44;52;63;69;76;87;102;109;125;127;133;145;157;159;169;171;178;180;192,21,20,1,0.6666666666666666,0.047619047619047616
418,mean_naive_full_data,signed_square,gamma,1.0,proven_maximum_cardinality,0.043134700041264296,9;33;59;61;66;79;80;86;121;127;136;146;174;175;178;186;187;196;198,19,19,0,0.6333333333333333,0.0
419,mean_naive_full_data,signed_square,gamma,1.0,proven_maximum_cardinality,0.018831799970939755,16;17;47;51;56;57;60;64;75;80;84;87;102;109;113;121;123;124;137;145;149;155;177;179;186;194,26,26,0,0.8666666666666667,0.0
420,mean_naive_full_data,signed_square,gamma,1.0,proven_maximum_cardinality,0.021352999843657017,7;8;14;23;34;40;51;56;57;64;79;103;111;116;124;127;139;142;145;147;149;153;156;157;160;173;176;189;199,29,27,2,0.9,0.06896551724137931
421,mean_naive_full_data,signed_square,gamma,1.0,proven_maximum_cardinality,0.020013100001960993,33;35;37;41;44;65;71;81;87;90;99;109;118;122;127;128;132;134;138;141;162;163;174;184;194,25,24,1,0.8,0.04
422,mean_naive_full_data,signed_square,gamma,1.0,proven_maximum_cardinality,0.032557399943470955,1;2;5;18;19;20;22;33;37;42;48;59;65;71;88;97;106;114;120;135;136;137;145;152;156;162;176;193,28,28,0,0.9333333333333333,0.0
423,mean_naive_full_data,signed_square,gamma,1.0,proven_maximum_cardinality,0.025852099992334843,5;12;37;52;63;64;67;84;92;105;120;126;136;146;151;153;157;161;169;170;180;187;188;193,24,23,1,0.7666666666666667,0.041666666666666664
424,mean_naive_full_data,signed_square,gamma,1.0,proven_maximum_cardinality,0.03930269996635616,8;17;25;30;43;55;56;65;75;82;87;92;94;100;106;131;133;155;165;172;177;179;184;188;197,25,25,0,0.8333333333333334,0.0
425,mean_naive_full_data,signed_square,gamma,1.0,proven_maximum_cardinality,0.02167829987592995,17;43;45;48;62;78;80;84;89;90;114;126;129;133;145;159;175;183;188;194,20,20,0,0.6666666666666666,0.0
426,mean_naive_full_data,signed_square,gamma,1.0,proven_maximum_cardinality,0.021029200172051787,14;16;23;30;37;47;62;63;69;73;74;78;95;102;104;113;116;125;136;141;142;152;154;159;176;197;198,27,24,3,0.8,0.1111111111111111
427,mean_naive_full_data,signed_square,gamma,1.0,proven_maximum_cardinality,0.018388899974524975,0;2;22;25;28;33;38;40;45;51;53;61;68;71;96;113;119;120;123;129;132;133;148;155;164;177;178;187,28,26,2,0.8666666666666667,0.07142857142857142
428,mean_naive_full_data,signed_square,gamma,1.0,proven_maximum_cardinality,0.023899100022390485,11;15;26;39;41;42;52;59;78;87;104;108;117;119;120;123;125;132;137;146;149;154;178;189,24,24,0,0.8,0.0
429,mean_naive_full_data,signed_square,gamma,1.0,proven_maximum_cardinality,0.034948599990457296,7;12;14;19;43;49;52;53;65;67;80;88;95;102;109;110;119;120;144;147;153;155;157;186,24,22,2,0.7333333333333333,0.08333333333333333
430,mean_naive_full_data,signed_square,gamma,1.0,proven_maximum_cardinality,0.03251189994625747,1;6;45;62;70;86;90;92;96;126;131;133;134;140;153;162;165;169;180;185;186;188,22,21,1,0.7,0.045454545454545456
431,mean_naive_full_data,signed_square,gamma,1.0,proven_maximum_cardinality,0.03218450001440942,9;22;26;45;47;60;63;78;85;86;88;95;101;105;113;121;132;133;136;141;143;154;157;176;179;197,26,23,3,0.7666666666666667,0.11538461538461539
432,mean_naive_full_data,signed_square,gamma,1.0,proven_maximum_cardinality,0.03043400007300079,8;11;18;19;20;32;33;40;44;64;68;71;75;82;85;118;142;150;155;159;163;173;183;185;186;188,26,25,1,0.8333333333333334,0.038461538461538464
433,mean_naive_full_data,signed_square,gamma,1.0,proven_maximum_cardinality,0.020816100062802434,7;8;19;21;27;34;54;59;84;87;100;103;111;121;126;131;139;145;149;154;185;192;196;198,24,22,2,0.7333333333333333,0.08333333333333333
434,mean_naive_full_data,signed_square,gamma,1.0,proven_maximum_cardinality,0.030182400019839406,8;11;20;34;35;36;38;44;48;63;85;94;95;105;110;117;126;128;130;131;135;175;181;186;189;190;199,27,25,2,0.8333333333333334,0.07407407407407407
435,mean_naive_full_data,signed_square,gamma,1.0,proven_maximum_cardinality,0.04594610002823174,12;19;44;47;51;57;66;69;80;85;105;121;133;154;161;163;165;166;172;173;174;181;193,23,21,2,0.7,0.08695652173913043
436,mean_naive_full_data,signed_square,gamma,1.0,proven_maximum_cardinality,0.013096499955281615,0;13;20;39;51;52;67;84;89;106;109;114;117;121;124;129;140;142;143;151;154;165;166;167;191,25,24,1,0.8,0.04
437,mean_naive_full_data,signed_square,gamma,1.0,proven_maximum_cardinality,0.027504799887537956,2;4;5;12;13;55;65;66;67;78;86;90;95;101;104;108;109;115;121;130;133;144;147;154;173;175;177,27,26,1,0.8666666666666667,0.037037037037037035
438,mean_naive_full_data,signed_square,gamma,1.0,proven_maximum_cardinality,0.0237487000413239,14;21;24;28;29;33;39;41;43;53;75;82;84;92;102;106;117;123;140;141;148;155;158;159;169;173;180;182,28,25,3,0.8333333333333334,0.10714285714285714
439,mean_naive_full_data,signed_square,gamma,1.0,proven_maximum_cardinality,0.025805499870330095,0;4;12;19;24;28;29;34;37;64;76;80;100;117;120;141;147;152;153;176;182;184;186,23,23,0,0.7666666666666667,0.0
440,mean_naive_full_data,signed_square,gamma,1.0,proven_maximum_cardinality,0.01367619982920587,10;14;15;16;19;25;29;30;33;35;37;40;46;52;55;68;76;91;104;108;109;110;112;113;116;117;123;137;139;162;167;173;182,33,28,5,0.9333333333333333,0.15151515151515152
441,mean_naive_full_data,signed_square,gamma,1.0,proven_maximum_cardinality,0.020778300007805228,10;36;52;60;73;89;90;92;103;111;113;120;122;123;129;132;134;148;150;158;172;179;185;189;193,25,24,1,0.8,0.04
442,mean_naive_full_data,signed_square,gamma,1.0,proven_maximum_cardinality,0.025141999823972583,4;5;7;18;31;42;44;69;73;85;91;92;100;109;113;121;125;129;150;158;182;187;192;193;195,25,24,1,0.8,0.04
443,mean_naive_full_data,signed_square,gamma,1.0,proven_maximum_cardinality,0.02781130000948906,20;30;34;41;42;57;59;72;84;88;89;90;95;103;117;120;139;161;172;174;178;179;197,23,22,1,0.7333333333333333,0.043478260869565216
444,mean_naive_full_data,signed_square,gamma,1.0,proven_maximum_cardinality,0.038292699959129095,5;7;14;35;54;56;57;68;84;85;92;97;104;129;142;150;164;172;177;183;186;187;192;194,24,24,0,0.8,0.0
445,mean_naive_full_data,signed_square,gamma,1.0,proven_maximum_cardinality,0.019177400041371584,7;24;34;42;43;48;50;52;54;56;65;67;68;72;92;107;112;121;122;123;128;135;136;140;147;153;176;181;183,29,27,2,0.9,0.06896551724137931
446,mean_naive_full_data,signed_square,gamma,1.0,proven_maximum_cardinality,0.025345500092953444,8;12;21;22;31;32;39;55;62;66;74;87;89;93;97;103;115;125;150;154;160;167;171;176,24,23,1,0.7666666666666667,0.041666666666666664
447,mean_naive_full_data,signed_square,gamma,1.0,proven_maximum_cardinality,0.010246300138533115,1;51;55;57;72;95;102;106;111;113;116;121;123;126;131;134;142;168;172;177;192;193;195;196,24,23,1,0.7666666666666667,0.041666666666666664
448,mean_naive_full_data,signed_square,gamma,1.0,proven_maximum_cardinality,0.029873699881136417,0;22;26;33;40;43;44;50;52;53;62;97;101;114;119;123;125;132;160;166;172;193;197,23,23,0,0.7666666666666667,0.0
449,mean_naive_full_data,signed_square,gamma,1.0,proven_maximum_cardinality,0.023579000029712915,0;10;15;28;32;45;52;57;67;69;74;75;77;80;88;93;102;108;116;126;127;136;139;151;154;156;159;188;195,29,26,3,0.8666666666666667,0.10344827586206896
450,mean_naive_full_data,signed_square,gamma,1.0,proven_maximum_cardinality,0.023359900107607245,17;24;28;51;63;68;69;70;74;75;83;84;91;98;111;113;114;117;137;146;147;155;167,23,23,0,0.7666666666666667,0.0
451,mean_naive_full_data,signed_square,gamma,1.0,proven_maximum_cardinality,0.03199970000423491,0;4;11;17;18;30;57;61;65;98;101;110;120;121;125;129;130;139;141;152;159;163;174;180;184;185;199,27,26,1,0.8666666666666667,0.037037037037037035
452,mean_naive_full_data,signed_square,gamma,1.0,proven_maximum_cardinality,0.03068850003182888,9;13;18;19;23;33;40;58;70;71;79;87;95;99;102;104;115;125;128;135;136;143;144;150;151;154;159;181;186;189,30,27,3,0.9,0.1
453,mean_naive_full_data,signed_square,gamma,1.0,proven_maximum_cardinality,0.026339499978348613,1;2;12;18;24;30;32;35;38;39;60;64;65;67;71;76;77;84;96;107;110;151;154;155;175;184,26,25,1,0.8333333333333334,0.038461538461538464
454,mean_naive_full_data,signed_square,gamma,1.0,proven_maximum_cardinality,0.02544380002655089,6;19;22;28;29;30;33;40;49;50;54;58;68;72;80;103;129;146;152;159;180;198,22,22,0,0.7333333333333333,0.0
455,mean_naive_full_data,signed_square,gamma,1.0,proven_maximum_cardinality,0.027258100220933557,3;7;13;22;29;31;34;75;89;103;129;135;139;150;152;153;156;171;194,19,19,0,0.6333333333333333,0.0
456,mean_naive_full_data,signed_square,gamma,1.0,proven_maximum_cardinality,0.025058000115677714,3;18;25;35;45;51;61;64;66;89;90;105;111;120;152;160;162;164;174;180;181;185;193;199,24,24,0,0.8,0.0
457,mean_naive_full_data,signed_square,gamma,1.0,proven_maximum_cardinality,0.02427190006710589,3;18;20;25;27;34;46;49;55;61;64;70;80;81;82;91;103;106;115;139;142;156;164;168;176,25,25,0,0.8333333333333334,0.0
458,mean_naive_full_data,signed_square,gamma,1.0,proven_maximum_cardinality,0.043509700102731586,14;26;29;38;39;47;74;90;91;100;109;114;134;155;156;158;159;171;193,19,19,0,0.6333333333333333,0.0
459,mean_naive_full_data,signed_square,gamma,1.0,proven_maximum_cardinality,0.017708600033074617,31;35;56;66;70;77;81;89;92;95;102;125;127;131;133;142;145;166;169;172;173;190;199,23,23,0,0.7666666666666667,0.0
460,mean_naive_full_data,signed_square,gamma,1.0,proven_maximum_cardinality,0.019768300000578165,1;7;9;16;18;26;46;50;57;82;84;103;105;106;114;136;145;170;177;180;181;188;199,23,23,0,0.7666666666666667,0.0
461,mean_naive_full_data,signed_square,gamma,1.0,proven_maximum_cardinality,0.01719689997844398,0;4;8;19;31;36;37;42;45;55;61;65;67;72;84;90;93;94;98;100;102;103;116;125;134;152;160;172;183;193,30,27,3,0.9,0.1
462,mean_naive_full_data,signed_square,gamma,1.0,proven_maximum_cardinality,0.025522500043734908,8;11;17;33;34;40;48;59;67;82;87;96;97;101;109;122;123;154;155;156;163;177;186,23,23,0,0.7666666666666667,0.0
463,mean_naive_full_data,signed_square,gamma,1.0,proven_maximum_cardinality,0.028002000181004405,2;28;45;48;52;57;58;71;72;78;94;100;110;117;130;132;138;150;168;174;178;184;189;197,24,22,2,0.7333333333333333,0.08333333333333333
464,mean_naive_full_data,signed_square,gamma,1.0,proven_maximum_cardinality,0.012695899931713939,2;4;9;10;11;13;30;41;43;48;64;69;74;79;92;93;114;122;132;138;152;164;165;175;181;190;192;199,28,27,1,0.9,0.03571428571428571
465,mean_naive_full_data,signed_square,gamma,1.0,proven_maximum_cardinality,0.015686200000345707,6;26;29;50;52;53;55;61;67;90;112;129;131;133;135;140;160;172;173;193;197,21,19,2,0.6333333333333333,0.09523809523809523
466,mean_naive_full_data,signed_square,gamma,1.0,proven_maximum_cardinality,0.019554900005459785,8;9;15;17;35;41;59;81;82;85;88;89;117;125;127;128;133;134;135;148;166;179;182,23,22,1,0.7333333333333333,0.043478260869565216
467,mean_naive_full_data,signed_square,gamma,1.0,proven_maximum_cardinality,0.026102100033313036,1;11;13;15;40;53;69;73;86;96;99;107;110;123;135;151;152;158;160;173;174;178;197,23,21,2,0.7,0.08695652173913043
468,mean_naive_full_data,signed_square,gamma,1.0,proven_maximum_cardinality,0.024128099903464317,0;3;17;24;31;32;45;55;82;86;88;99;100;112;128;139;140;146;160;161;171;176;199,23,23,0,0.7666666666666667,0.0
469,mean_naive_full_data,signed_square,gamma,1.0,proven_maximum_cardinality,0.0350103999953717,20;24;27;34;40;48;52;68;70;91;110;122;129;130;136;153;165;166;174;177;181;190,22,20,2,0.6666666666666666,0.09090909090909091
470,mean_naive_full_data,signed_square,gamma,1.0,proven_maximum_cardinality,0.04399360017850995,7;20;21;42;43;47;51;55;75;91;97;102;117;127;141;146;151;153;165;176;178;179;184;186,24,23,1,0.7666666666666667,0.041666666666666664
471,mean_naive_full_data,signed_square,gamma,1.0,proven_maximum_cardinality,0.03820730000734329,2;12;15;29;40;43;45;59;68;88;92;108;114;129;135;136;140;141;146;150;157;168;174;181;182;183;184;193;197;199,30,29,1,0.9666666666666667,0.03333333333333333
472,mean_naive_full_data,signed_square,gamma,1.0,proven_maximum_cardinality,0.021619200007990003,12;15;20;24;26;35;39;46;48;59;67;83;85;101;106;125;130;167;173;182;188,21,21,0,0.7,0.0
473,mean_naive_full_data,signed_square,gamma,1.0,proven_maximum_cardinality,0.017758899834007025,21;22;24;32;33;43;44;47;53;85;95;108;116;125;148;155;160;162;171;176;181;182;195;198,24,24,0,0.8,0.0
474,mean_naive_full_data,signed_square,gamma,1.0,proven_maximum_cardinality,0.018429100047796965,6;11;25;35;45;48;58;59;67;78;88;91;94;107;117;131;132;148;152;153;159;167;187;195,24,23,1,0.7666666666666667,0.041666666666666664
475,mean_naive_full_data,signed_square,gamma,1.0,proven_maximum_cardinality,0.025111400056630373,13;27;37;44;47;49;61;65;74;83;84;91;93;94;108;115;116;121;133;140;158;172;182;184;188,25,24,1,0.8,0.04
476,mean_naive_full_data,signed_square,gamma,1.0,proven_maximum_cardinality,0.0299880001693964,10;14;15;17;21;37;46;52;73;77;87;90;94;97;101;111;129;131;132;135;138;140;154;156;181,25,24,1,0.8,0.04
477,mean_naive_full_data,signed_square,gamma,1.0,proven_maximum_cardinality,0.01128809992223978,1;11;15;19;25;37;38;49;57;62;75;77;81;86;91;97;105;136;139;143;149;157;166;169;196;197,26,25,1,0.8333333333333334,0.038461538461538464
478,mean_naive_full_data,signed_square,gamma,1.0,proven_maximum_cardinality,0.01802359987050295,6;8;19;22;44;55;64;65;75;83;84;91;95;113;115;123;125;130;139;141;145;162;165;166;171;183;193;194,28,26,2,0.8666666666666667,0.07142857142857142
479,mean_naive_full_data,signed_square,gamma,1.0,proven_maximum_cardinality,0.0214411998167634,2;3;15;16;39;40;41;46;71;74;92;95;96;109;121;122;136;147;149;152;154;162;165;170;172;175;190;194,28,26,2,0.8666666666666667,0.07142857142857142
480,mean_naive_full_data,signed_square,gamma,1.0,proven_maximum_cardinality,0.029767800122499466,14;20;23;41;42;58;78;88;103;108;110;116;119;130;137;143;145;153;155;169;171;172;175;183;185;190;198,27,26,1,0.8666666666666667,0.037037037037037035
481,mean_naive_full_data,signed_square,gamma,1.0,proven_maximum_cardinality,0.04416479985229671,10;21;29;52;73;94;101;102;104;105;111;116;119;124;132;140;151;158;170;174;179;181;184;192,24,23,1,0.7666666666666667,0.041666666666666664
482,mean_naive_full_data,signed_square,gamma,1.0,proven_maximum_cardinality,0.03306040004827082,5;7;10;12;33;60;72;86;100;101;104;108;117;123;128;158;164;168;173;176;177;180;188;190;191,25,24,1,0.8,0.04
483,mean_naive_full_data,signed_square,gamma,1.0,proven_maximum_cardinality,0.03727289987728,20;32;41;45;64;67;71;72;80;89;98;103;115;124;138;149;164;168;169;171;178;185;196;198;199,25,25,0,0.8333333333333334,0.0
484,mean_naive_full_data,signed_square,gamma,1.0,proven_maximum_cardinality,0.04159120004624128,0;28;37;44;48;54;77;78;80;90;103;104;109;114;130;132;136;148;157;180;199,21,20,1,0.6666666666666666,0.047619047619047616
485,mean_naive_full_data,signed_square,gamma,1.0,proven_maximum_cardinality,0.016843699850142002,7;13;15;29;36;39;57;64;73;74;84;96;97;101;103;106;107;113;118;123;127;146;150;153;159;160;165;172;189;190,30,29,1,0.9666666666666667,0.03333333333333333
486,mean_naive_full_data,signed_square,gamma,1.0,proven_maximum_cardinality,0.04906770004890859,2;9;15;37;47;78;81;99;103;109;114;124;136;152;154;162;170;189;190;191,20,19,1,0.6333333333333333,0.05
487,mean_naive_full_data,signed_square,gamma,1.0,proven_maximum_cardinality,0.022882299963384867,6;9;20;23;28;30;31;45;53;56;61;68;74;80;101;109;116;136;148;152;158;163;168;183;186;188;197,27,26,1,0.8666666666666667,0.037037037037037035
488,mean_naive_full_data,signed_square,gamma,1.0,proven_maximum_cardinality,0.01633620006032288,2;14;23;32;38;44;48;54;57;63;66;74;79;104;111;121;126;141;145;146;148;153;160;178;179;180,26,24,2,0.8,0.07692307692307693
489,mean_naive_full_data,signed_square,gamma,1.0,proven_maximum_cardinality,0.026135799940675497,5;11;12;13;33;35;43;47;59;60;61;77;79;92;93;95;104;126;140;165;180;182;195,23,21,2,0.7,0.08695652173913043
490,mean_naive_full_data,signed_square,gamma,1.0,proven_maximum_cardinality,0.02013960015028715,5;10;50;52;54;63;67;70;78;96;97;105;115;118;126;128;150;157;161;165;167;174;181;192;193,25,22,3,0.7333333333333333,0.12
491,mean_naive_full_data,signed_square,gamma,1.0,proven_maximum_cardinality,0.01927979988977313,6;27;33;44;47;51;64;70;76;86;88;93;110;120;121;131;136;137;139;141;155;165;168;171;185;197,26,25,1,0.8333333333333334,0.038461538461538464
492,mean_naive_full_data,signed_square,gamma,1.0,proven_maximum_cardinality,0.029421000042930245,14;21;33;55;65;71;72;84;95;103;104;116;119;121;123;132;134;144;148;149;156;180;181;186;187,25,24,1,0.8,0.04
493,mean_naive_full_data,signed_square,gamma,1.0,proven_maximum_cardinality,0.02432459988631308,1;9;20;26;34;42;51;54;62;74;86;87;94;99;102;108;115;117;127;128;129;131;135;146;151;158;166;168;170;173;186;188,32,30,2,1.0,0.0625
494,mean_naive_full_data,signed_square,gamma,1.0,proven_maximum_cardinality,0.03384559997357428,9;16;17;19;21;28;45;54;66;67;71;76;83;97;98;104;113;114;115;126;130;145;156;159;171,25,25,0,0.8333333333333334,0.0
495,mean_naive_full_data,signed_square,gamma,1.0,proven_maximum_cardinality,0.027657800121232867,7;27;32;48;55;58;62;70;80;81;83;96;101;123;127;129;133;136;142;153;164;174;182;183;185;189;194,27,25,2,0.8333333333333334,0.07407407407407407
496,mean_naive_full_data,signed_square,gamma,1.0,proven_maximum_cardinality,0.02264599991030991,0;4;9;11;16;47;48;49;63;82;96;98;109;126;133;138;145;149;153;174;180;181;184;186;189;197,26,25,1,0.8333333333333334,0.038461538461538464
497,mean_naive_full_data,signed_square,gamma,1.0,proven_maximum_cardinality,0.024822500068694353,19;20;22;23;24;29;38;43;46;52;66;68;70;75;88;90;93;94;96;121;148;149;156;165;176;177;179,27,26,1,0.8666666666666667,0.037037037037037035
498,mean_naive_full_data,signed_square,gamma,1.0,proven_maximum_cardinality,0.021512600127607584,5;24;28;42;53;54;65;75;84;105;115;116;122;124;131;133;146;159;161;163;166;170;179;181;185;187;190;191,28,25,3,0.8333333333333334,0.10714285714285714
499,mean_naive_full_data,signed_square,gamma,1.0,proven_maximum_cardinality,0.020608700113371015,1;4;17;19;26;28;39;45;52;54;60;68;74;76;82;87;91;95;108;118;133;138;141;146;150;157;163;168;174;177;179,31,28,3,0.9333333333333333,0.0967741935483871
500,mean_naive_full_data,signed_square,gamma,1.0,proven_maximum_cardinality,0.04436190007254481,3;4;42;49;55;61;62;86;97;108;115;119;127;133;162;164;165;168;169;173;174;185;187;192,24,23,1,0.7666666666666667,0.041666666666666664
