replication,problem_sha256,status,secondary_rule,secondary_status,secondary_value,secondary_normalized_value,secondary_normalization,prefix_size,greedy_size,maximal_size,prefix_indices,greedy_indices,maximal_indices,prefix_true,greedy_true,maximal_true,prefix_false,greedy_false,maximal_false,prefix_tpr,greedy_tpr,maximal_tpr,prefix_fdp,greedy_fdp,maximal_fdp,greedy_added,optimizer_added,elapsed_seconds,mip_solves,separation_calls,final_cut_count,initial_singleton_upper_bound,proof_upper_bound,message,method,selection_rule,K,ebh_seed_size,old_exported_prefix_size,separator_backend,separator_time_limit,separator_threads,ordinary_eBH_required
1,1b1f681e2448eb8a50caceb55ba0d4c57ef45a17c6bdbad31e598eff660a11e0,proven_maximal,maximize_sum_testing_e_values_at_maximum_cardinality,proven_optimal,12011.85372879147,1.453700015474495,8262.952191598306,0,0,14,,,7;9;49;59;66;81;111;115;116;141;149;158;175;188,0,0,14,0,0,0,0.0,0.0,0.4666666666666667,0.0,0.0,0.0,0,14,1.0931727001443505,16,15,313,56,14,,method1_proportional_scores_gamma1,unrestricted_maximum_cardinality_then_maximum_testing_evalue_sum,200,0,1,exact_fixed_count_order_statistics,300.0,1,False
2,e84c6fcaa2905d7e58d6b210c49ae8d100b29b8d4802717dba0786c90f6790af,proven_maximal,maximize_sum_testing_e_values_at_maximum_cardinality,proven_optimal,5074.553854042645,0.3814300395740842,13304.02256652108,0,0,8,,,15;63;76;92;142;168;183;187,0,0,8,0,0,0,0.0,0.0,0.26666666666666666,0.0,0.0,0.0,0,8,0.38378380006179214,8,7,269,51,8,,method1_proportional_scores_gamma1,unrestricted_maximum_cardinality_then_maximum_testing_evalue_sum,200,0,9,exact_fixed_count_order_statistics,300.0,1,False
3,c2a9aaaee47afac91d7a3c8803b07e9ae0a3ab0b708a5b3f5cd1642f61c81c65,proven_maximal,maximize_sum_testing_e_values_at_maximum_cardinality,proven_optimal,65542.48548059985,1.0191393427881363,64311.60365302976,0,0,6,,,3;51;83;112;125;186,0,0,6,0,0,0,0.0,0.0,0.2,0.0,0.0,0.0,0,6,0.4559688998851925,7,5,252,52,6,,method1_proportional_scores_gamma1,unrestricted_maximum_cardinality_then_maximum_testing_evalue_sum,200,0,3,exact_fixed_count_order_statistics,300.0,1,False
4,71349439bfa03034ef5ede26d2da373c8be297b6142e089c1aecabbd09a37bf6,proven_maximal,maximize_sum_testing_e_values_at_maximum_cardinality,proven_optimal,809663.2577244387,1.054173332657949,768055.1505538346,0,0,18,,,8;26;54;60;77;82;116;127;128;139;154;161;168;174;177;184;189;198,0,0,18,0,0,0,0.0,0.0,0.6,0.0,0.0,0.0,0,18,0.2623545001260936,7,7,238,40,18,,method1_proportional_scores_gamma1,unrestricted_maximum_cardinality_then_maximum_testing_evalue_sum,200,0,11,exact_fixed_count_order_statistics,300.0,1,False
5,0a37f7eafcf6592efcc63110697a486d5a77b06bfba9514c2b7f1d3ce23647e0,proven_maximal,maximize_sum_testing_e_values_at_maximum_cardinality,proven_optimal,123655.38699715614,1.4423294405999831,85733.10889758842,0,0,13,,,22;24;27;33;71;99;130;151;154;155;160;182;183,0,0,13,0,0,0,0.0,0.0,0.43333333333333335,0.0,0.0,0.0,0,13,0.1327848001383245,3,3,247,57,13,,method1_proportional_scores_gamma1,unrestricted_maximum_cardinality_then_maximum_testing_evalue_sum,200,0,3,exact_fixed_count_order_statistics,300.0,1,False
6,a70cde8134b0125ca02474c99c6d3e93f2c4102c70e317294bff63e02c75e11a,proven_maximal,maximize_sum_testing_e_values_at_maximum_cardinality,proven_optimal,21464.846137766697,2.4843477750022394,8640.03274974147,0,0,16,,,7;25;29;33;55;63;72;73;99;118;125;138;162;169;190;196,0,0,16,0,0,0,0.0,0.0,0.5333333333333333,0.0,0.0,0.0,0,16,0.335838999832049,9,9,278,60,16,,method1_proportional_scores_gamma1,unrestricted_maximum_cardinality_then_maximum_testing_evalue_sum,200,0,10,exact_fixed_count_order_statistics,300.0,1,False
7,cd3b64f8e415df6e39e329aacd7c3c89c67772b7289e1284950ecb18dfcf0793,proven_maximal,maximize_sum_testing_e_values_at_maximum_cardinality,proven_optimal,3101.0963572942183,3.1482244484274102,985.030263278486,0,0,8,,,32;47;86;91;126;129;148;179,0,0,8,0,0,0,0.0,0.0,0.26666666666666666,0.0,0.0,0.0,0,8,0.5402144000399858,16,15,272,54,8,,method1_proportional_scores_gamma1,unrestricted_maximum_cardinality_then_maximum_testing_evalue_sum,200,0,0,exact_fixed_count_order_statistics,300.0,1,False
8,717dee2b8d0ed2e01ccd33f3acf34077e1c4ab407115d358e5e2eb21e333bdfd,proven_maximal,maximize_sum_testing_e_values_at_maximum_cardinality,proven_optimal,1145.360115704762,0.13014089590972996,8800.923857933341,0,0,2,,,28;116,0,0,2,0,0,0,0.0,0.0,0.06666666666666667,0.0,0.0,0.0,0,2,0.520195199875161,18,16,295,70,2,,method1_proportional_scores_gamma1,unrestricted_maximum_cardinality_then_maximum_testing_evalue_sum,200,0,4,exact_fixed_count_order_statistics,300.0,1,False
9,134e86ddc47cb981e3d5ce489cda2ec5d912fd67223aa0ea3c470898df69270d,proven_maximal,maximize_sum_testing_e_values_at_maximum_cardinality,proven_optimal,25077.143461353764,2.3507213296278997,10667.850393531451,0,0,13,,,38;42;45;46;53;56;84;95;113;119;135;136;171,0,0,13,0,0,0,0.0,0.0,0.43333333333333335,0.0,0.0,0.0,0,13,0.46170900017023087,13,13,269,51,13,,method1_proportional_scores_gamma1,unrestricted_maximum_cardinality_then_maximum_testing_evalue_sum,200,0,8,exact_fixed_count_order_statistics,300.0,1,False
10,b043b411c3e0a1053b3185fb00ffdf04b1104ec39dcf6d911bc5fd0a7ec2f8f2,proven_maximal,maximize_sum_testing_e_values_at_maximum_cardinality,proven_optimal,30254.221986397588,1.346615657563209,22466.85742622704,0,0,6,,,38;57;61;73;111;157,0,0,6,0,0,0,0.0,0.0,0.2,0.0,0.0,0.0,0,6,0.47959360014647245,9,7,251,51,6,,method1_proportional_scores_gamma1,unrestricted_maximum_cardinality_then_maximum_testing_evalue_sum,200,0,4,exact_fixed_count_order_statistics,300.0,1,False
11,073782d8d0f262d588c2f4026a5f08fde69c1c8258929727c3d2e9c8f5d2848c,proven_maximal,maximize_sum_testing_e_values_at_maximum_cardinality,proven_optimal,38929.227503523725,1.2733167251722228,30573.09052330114,0,0,9,,,3;14;35;40;45;53;90;132;167,0,0,9,0,0,0,0.0,0.0,0.3,0.0,0.0,0.0,0,9,1.9659331999719143,26,24,326,60,9,,method1_proportional_scores_gamma1,unrestricted_maximum_cardinality_then_maximum_testing_evalue_sum,200,0,5,exact_fixed_count_order_statistics,300.0,1,False
12,3632ea61109096862a6b148a2cc14f2c7937e208cb47026fcd0543575a5fa091,proven_maximal,maximize_sum_testing_e_values_at_maximum_cardinality,proven_optimal,32759.63887315435,2.1077720018779416,15542.306684008898,0,0,11,,,20;55;60;66;85;119;130;158;187;190;191,0,0,11,0,0,0,0.0,0.0,0.36666666666666664,0.0,0.0,0.0,0,11,0.27161079994402826,8,8,291,63,11,,method1_proportional_scores_gamma1,unrestricted_maximum_cardinality_then_maximum_testing_evalue_sum,200,0,8,exact_fixed_count_order_statistics,300.0,1,False
13,b3b5b15d5ff60fae7ce773fd1ae100a98511639800e34e3fa5952303ab2463cc,proven_maximal,maximize_sum_testing_e_values_at_maximum_cardinality,proven_optimal,267037.8541412483,1.1058369412580906,241480.31611011672,0,0,14,,,6;64;80;85;90;118;125;141;144;148;163;191;193;195,0,0,14,0,0,0,0.0,0.0,0.4666666666666667,0.0,0.0,0.0,0,14,0.1752969000954181,5,5,253,55,14,,method1_proportional_scores_gamma1,unrestricted_maximum_cardinality_then_maximum_testing_evalue_sum,200,0,4,exact_fixed_count_order_statistics,300.0,1,False
14,23381d7c61b64913da78d322a34f87f19b5837eab9854df1add306c6b2eb6d50,proven_maximal,maximize_sum_testing_e_values_at_maximum_cardinality,proven_optimal,52030.37907059813,1.2155714930483166,42803.22413626232,0,0,11,,,57;58;77;78;107;111;117;141;173;185;189,0,0,11,0,0,0,0.0,0.0,0.36666666666666664,0.0,0.0,0.0,0,11,0.18850630009546876,4,4,243,51,11,,method1_proportional_scores_gamma1,unrestricted_maximum_cardinality_then_maximum_testing_evalue_sum,200,0,6,exact_fixed_count_order_statistics,300.0,1,False
15,2fa53446f982d87b25707e0a0aba39f2e039b7bbbe0bb2e1639f564c08ceff38,proven_maximal,maximize_sum_testing_e_values_at_maximum_cardinality,proven_optimal,37276.719038481104,1.5383132022098043,24232.20380929753,0,0,11,,,5;23;96;120;123;127;144;178;179;185;190,0,0,11,0,0,0,0.0,0.0,0.36666666666666664,0.0,0.0,0.0,0,11,0.2345319001469761,7,7,271,48,11,,method1_proportional_scores_gamma1,unrestricted_maximum_cardinality_then_maximum_testing_evalue_sum,200,0,6,exact_fixed_count_order_statistics,300.0,1,False
16,4f0db70c6489c952e0f006514f9b5e4bfda0832efa04b6c6d704c4ded73ab470,proven_maximal,maximize_sum_testing_e_values_at_maximum_cardinality,proven_optimal,7084.270078560716,1.6211609747427458,4369.87454603938,0,0,3,,,160;184;193,0,0,3,0,0,0,0.0,0.0,0.1,0.0,0.0,0.0,0,3,0.45190300000831485,7,5,256,55,3,,method1_proportional_scores_gamma1,unrestricted_maximum_cardinality_then_maximum_testing_evalue_sum,200,0,7,exact_fixed_count_order_statistics,300.0,1,False
17,555b29a0b32c8e8f9208239c32b2de8660257d2597e912ed829052bd3a723e08,proven_maximal,maximize_sum_testing_e_values_at_maximum_cardinality,proven_optimal,4580.190069908112,0.7196357992682451,6364.59452762833,0,0,4,,,87;88;143;168,0,0,4,0,0,0,0.0,0.0,0.13333333333333333,0.0,0.0,0.0,0,4,0.35395699995569885,5,4,253,55,4,,method1_proportional_scores_gamma1,unrestricted_maximum_cardinality_then_maximum_testing_evalue_sum,200,0,9,exact_fixed_count_order_statistics,300.0,1,False
18,b9034151933ed03b8fba2d95b9800361692240bae0589556b9b6708e0ebd9a7f,proven_maximal,maximize_sum_testing_e_values_at_maximum_cardinality,proven_optimal,33392.86696645145,1.0231936826401786,32635.919799941294,0,0,2,,,37;144,0,0,2,0,0,0,0.0,0.0,0.06666666666666667,0.0,0.0,0.0,0,2,0.13832179992459714,3,3,245,47,2,,method1_proportional_scores_gamma1,unrestricted_maximum_cardinality_then_maximum_testing_evalue_sum,200,0,17,exact_fixed_count_order_statistics,300.0,1,False
19,a71d24b066b394c51143bad14b1e5e63f48fe9d9ecbb38cb18a33625867ca785,proven_maximal,maximize_sum_testing_e_values_at_maximum_cardinality,proven_optimal,64069.755836374214,2.4179959244921294,26497.048728413916,0,0,9,,,36;38;59;69;73;79;131;149;183,0,0,9,0,0,0,0.0,0.0,0.3,0.0,0.0,0.0,0,9,0.1970432000234723,6,6,275,53,9,,method1_proportional_scores_gamma1,unrestricted_maximum_cardinality_then_maximum_testing_evalue_sum,200,0,11,exact_fixed_count_order_statistics,300.0,1,False
20,7db71a4183747d152d7de8fa7c3cea248954480a8b90d7d12766251a7b1c36fc,proven_maximal,maximize_sum_testing_e_values_at_maximum_cardinality,proven_optimal,21883.569130870197,1.783928304304463,12267.06761592776,0,0,15,,,20;21;24;42;52;59;95;96;98;128;140;153;189;190;199,0,0,15,0,0,0,0.0,0.0,0.5,0.0,0.0,0.0,0,15,1.0854710000567138,17,16,296,71,15,,method1_proportional_scores_gamma1,unrestricted_maximum_cardinality_then_maximum_testing_evalue_sum,200,0,3,exact_fixed_count_order_statistics,300.0,1,False
21,b4434323d38838e21d788b6327d5c5b81fee142a6b1662d2579e96fb35341832,proven_maximal,maximize_sum_testing_e_values_at_maximum_cardinality,proven_optimal,1865.5253099032548,0.1745048302381696,10690.393540150882,0,0,1,,,78,0,0,1,0,0,0,0.0,0.0,0.03333333333333333,0.0,0.0,0.0,0,1,0.12295989994890988,3,3,249,50,1,,method1_proportional_scores_gamma1,unrestricted_maximum_cardinality_then_maximum_testing_evalue_sum,200,0,10,exact_fixed_count_order_statistics,300.0,1,False
22,ed76267e2fad99520a0c4e9774cc3378b2f9ea58e4c90a942552ddbb14cafd95,proven_maximal,maximize_sum_testing_e_values_at_maximum_cardinality,proven_optimal,31939.586489659305,1.4621601238416484,21844.109936292007,0,0,17,,,33;34;47;51;54;57;82;97;112;116;131;136;163;176;187;188;198,0,0,17,0,0,0,0.0,0.0,0.5666666666666667,0.0,0.0,0.0,0,17,0.9957640001084656,15,14,321,63,17,,method1_proportional_scores_gamma1,unrestricted_maximum_cardinality_then_maximum_testing_evalue_sum,200,0,10,exact_fixed_count_order_statistics,300.0,1,False
23,b1580d43eae97d525873dc6ca8d972241230a792fe0c9ff7d6e02cb85219c923,proven_maximal,maximize_sum_testing_e_values_at_maximum_cardinality,proven_optimal,17008.598414791453,1.2167839801198763,13978.32211196254,0,0,7,,,10;47;130;158;160;169;172,0,0,7,0,0,0,0.0,0.0,0.23333333333333334,0.0,0.0,0.0,0,7,0.44430399988777936,5,4,250,54,7,,method1_proportional_scores_gamma1,unrestricted_maximum_cardinality_then_maximum_testing_evalue_sum,200,0,3,exact_fixed_count_order_statistics,300.0,1,False
24,befa65f765a755bf3e7b7aa51c9fafa36aa740ea831e6b58160ab77cba4991c1,proven_maximal,maximize_sum_testing_e_values_at_maximum_cardinality,proven_optimal,89949.94409782841,1.4366632524599614,62610.31869772505,0,0,11,,,9;57;70;86;93;98;124;128;133;141;183,0,0,11,0,0,0,0.0,0.0,0.36666666666666664,0.0,0.0,0.0,0,11,0.49762460007332265,12,12,289,54,11,,method1_proportional_scores_gamma1,unrestricted_maximum_cardinality_then_maximum_testing_evalue_sum,200,0,4,exact_fixed_count_order_statistics,300.0,1,False
25,0684b47a393b163bbf01f2c845ff2a697b12d52e7cea4846e565f75fdaccb503,proven_maximal,maximize_sum_testing_e_values_at_maximum_cardinality,proven_optimal,0.0,0.0,12213.496806367288,0,0,0,,,,0,0,0,0,0,0,0.0,0.0,0.0,0.0,0.0,0.0,0,0,0.12654099985957146,3,3,251,51,0,,method1_proportional_scores_gamma1,unrestricted_maximum_cardinality_then_maximum_testing_evalue_sum,200,0,4,exact_fixed_count_order_statistics,300.0,1,False
26,10204a0bb92078be64cd558caf20b55d3ecf8c16bdafe895d345f8f5ecae4c30,proven_maximal,maximize_sum_testing_e_values_at_maximum_cardinality,proven_optimal,382306.73751437385,1.0688870841945999,357668.0298297736,0,0,10,,,2;40;61;83;87;92;140;156;182;184,0,0,10,0,0,0,0.0,0.0,0.3333333333333333,0.0,0.0,0.0,0,10,0.8597522000782192,16,15,288,47,10,,method1_proportional_scores_gamma1,unrestricted_maximum_cardinality_then_maximum_testing_evalue_sum,200,0,7,exact_fixed_count_order_statistics,300.0,1,False
27,ac24b143ea8bf6a166801225ddfd6c522a40873c37290164f98981d9b2be7db7,proven_maximal,maximize_sum_testing_e_values_at_maximum_cardinality,proven_optimal,4256.718102598072,2.971808457795967,1432.366238621938,0,0,6,,,16;45;54;68;111;166,0,0,6,0,0,0,0.0,0.0,0.2,0.0,0.0,0.0,0,6,0.29622279992327094,5,4,246,49,6,,method1_proportional_scores_gamma1,unrestricted_maximum_cardinality_then_maximum_testing_evalue_sum,200,0,0,exact_fixed_count_order_statistics,300.0,1,False
28,65a6915f55138f87af89c01ea5e1a29117e328302570494615856baf1083fe80,proven_maximal,maximize_sum_testing_e_values_at_maximum_cardinality,proven_optimal,12574.589999148662,2.12654198444971,5913.163290967244,0,0,15,,,16;54;59;72;73;88;97;110;144;155;161;162;174;177;187,0,0,14,0,0,1,0.0,0.0,0.4666666666666667,0.0,0.0,0.06666666666666667,0,15,0.2814096000511199,8,8,270,55,15,,method1_proportional_scores_gamma1,unrestricted_maximum_cardinality_then_maximum_testing_evalue_sum,200,0,2,exact_fixed_count_order_statistics,300.0,1,False
29,ae31221db862f1ad8f99cbb00c06fb945c922f09b0977643e4f0f01d59291761,proven_maximal,maximize_sum_testing_e_values_at_maximum_cardinality,proven_optimal,3342.4240353606556,1.3423956300620652,2489.894901703546,0,0,4,,,34;99;102;191,0,0,4,0,0,0,0.0,0.0,0.13333333333333333,0.0,0.0,0.0,0,4,0.1434767998289317,3,3,250,53,4,,method1_proportional_scores_gamma1,unrestricted_maximum_cardinality_then_maximum_testing_evalue_sum,200,0,0,exact_fixed_count_order_statistics,300.0,1,False
30,5ab0ebbcd2781147b7d4ccc6340cdd70a0413d6848d3522051f71e54e08e1f10,proven_maximal,maximize_sum_testing_e_values_at_maximum_cardinality,proven_optimal,54746.72138237573,1.1477940375535418,47697.33906186276,0,0,9,,,29;39;93;103;111;114;116;168;173,0,0,9,0,0,0,0.0,0.0,0.3,0.0,0.0,0.0,0,9,0.45307509996928275,8,7,257,50,9,,method1_proportional_scores_gamma1,unrestricted_maximum_cardinality_then_maximum_testing_evalue_sum,200,0,6,exact_fixed_count_order_statistics,300.0,1,False
31,945c75294c556a87d58119c441e7e903b3c2a348e84690c0b7a1da5c78814b4e,proven_maximal,maximize_sum_testing_e_values_at_maximum_cardinality,proven_optimal,93739.66657679962,1.8656615005538828,50244.73440062408,0,0,5,,,8;20;85;94;183,0,0,5,0,0,0,0.0,0.0,0.16666666666666666,0.0,0.0,0.0,0,5,0.5020272999536246,9,7,255,50,5,,method1_proportional_scores_gamma1,unrestricted_maximum_cardinality_then_maximum_testing_evalue_sum,200,0,4,exact_fixed_count_order_statistics,300.0,1,False
32,c01ca8741f5185b1a8ec0e101ee7c84d3cc02e94dfa6929b56a6a11c682d33a3,proven_maximal,maximize_sum_testing_e_values_at_maximum_cardinality,proven_optimal,0.0,0.0,9589.531492146822,0,0,0,,,,0,0,0,0,0,0,0.0,0.0,0.0,0.0,0.0,0.0,0,0,0.5084224999882281,7,4,254,52,0,,method1_proportional_scores_gamma1,unrestricted_maximum_cardinality_then_maximum_testing_evalue_sum,200,0,8,exact_fixed_count_order_statistics,300.0,1,False
33,6eea8ed77544a4c94ce9791a2581d6dc900fab85cfcde4216aad42fbb1e35b6f,proven_maximal,maximize_sum_testing_e_values_at_maximum_cardinality,proven_optimal,7189.742666362446,1.0,7189.742666362446,0,0,1,,,75,0,0,1,0,0,0,0.0,0.0,0.03333333333333333,0.0,0.0,0.0,0,1,0.37691330001689494,5,4,251,51,1,,method1_proportional_scores_gamma1,unrestricted_maximum_cardinality_then_maximum_testing_evalue_sum,200,0,7,exact_fixed_count_order_statistics,300.0,1,False
34,a9b7af3155345433bb91421ffe1a47550eff87538bad7465912643354422dce2,proven_maximal,maximize_sum_testing_e_values_at_maximum_cardinality,proven_optimal,42180.79785818221,2.202810462817893,19148.627887041825,0,0,15,,,2;20;25;33;36;77;84;112;114;117;121;133;148;155;191,0,0,15,0,0,0,0.0,0.0,0.5,0.0,0.0,0.0,0,15,1.0241837999783456,19,19,340,67,15,,method1_proportional_scores_gamma1,unrestricted_maximum_cardinality_then_maximum_testing_evalue_sum,200,0,10,exact_fixed_count_order_statistics,300.0,1,False
35,5482ec0ec3c2388a0103b3f9aca32bf8c1301e48917234fe3a4adf6a0256002a,proven_maximal,maximize_sum_testing_e_values_at_maximum_cardinality,proven_optimal,116073.25175377498,1.9400652187057044,59829.561725358966,0,0,10,,,16;23;133;163;168;176;177;179;181;184,0,0,10,0,0,0,0.0,0.0,0.3333333333333333,0.0,0.0,0.0,0,10,0.39051519986242056,8,8,273,58,10,,method1_proportional_scores_gamma1,unrestricted_maximum_cardinality_then_maximum_testing_evalue_sum,200,0,8,exact_fixed_count_order_statistics,300.0,1,False
36,a22f2e7bc421dfbc10bd4af922b87dc343cb5b6a0bab7da859c64b35dc6620cd,proven_maximal,maximize_sum_testing_e_values_at_maximum_cardinality,proven_optimal,143476.13965962184,1.7734712513586053,80901.30558908632,0,0,20,,,0;7;12;21;23;28;31;50;58;60;65;69;78;96;104;122;170;177;184;198,0,0,19,0,0,1,0.0,0.0,0.6333333333333333,0.0,0.0,0.05,0,20,0.5584738000761718,13,13,256,55,20,,method1_proportional_scores_gamma1,unrestricted_maximum_cardinality_then_maximum_testing_evalue_sum,200,0,9,exact_fixed_count_order_statistics,300.0,1,False
37,db0992db651556c164983f1d4bdbfa47395ea13de65094f4b719a94aeab924a4,proven_maximal,maximize_sum_testing_e_values_at_maximum_cardinality,proven_optimal,12113.538117100103,1.477768361786284,8197.183286870213,0,0,8,,,1;2;16;23;46;111;140;189,0,0,8,0,0,0,0.0,0.0,0.26666666666666666,0.0,0.0,0.0,0,8,0.46414160006679595,8,7,273,55,8,,method1_proportional_scores_gamma1,unrestricted_maximum_cardinality_then_maximum_testing_evalue_sum,200,0,4,exact_fixed_count_order_statistics,300.0,1,False
38,3895f2795b4c1db45851f8d41a0b08efd695680b4499ccde26beb1edd9e59306,proven_maximal,maximize_sum_testing_e_values_at_maximum_cardinality,proven_optimal,106917.4898323208,1.0931637656945692,97805.5559355172,0,0,15,,,22;31;47;71;75;76;87;93;100;149;154;165;171;181;194,0,0,15,0,0,0,0.0,0.0,0.5,0.0,0.0,0.0,0,15,0.3539040999021381,10,10,265,52,15,,method1_proportional_scores_gamma1,unrestricted_maximum_cardinality_then_maximum_testing_evalue_sum,200,0,3,exact_fixed_count_order_statistics,300.0,1,False
39,ac5ad053fd18170b92c1a2c989ab20c490eb4ede819cc7aa3a05069eed09124d,proven_maximal,maximize_sum_testing_e_values_at_maximum_cardinality,proven_optimal,94151.97372781337,1.6135414078366002,58351.135750553934,0,0,8,,,10;28;43;50;57;59;93;167,0,0,8,0,0,0,0.0,0.0,0.26666666666666666,0.0,0.0,0.0,0,8,0.46665679989382625,6,4,253,55,8,,method1_proportional_scores_gamma1,unrestricted_maximum_cardinality_then_maximum_testing_evalue_sum,200,0,13,exact_fixed_count_order_statistics,300.0,1,False
40,0278e7ebc57305f5b037c57d85594ff2065e4e19804e4f891b26fed5c91fc596,proven_maximal,maximize_sum_testing_e_values_at_maximum_cardinality,proven_optimal,17358.543286564654,0.9304980958956119,18655.108874625817,0,0,10,,,46;72;105;118;142;150;160;167;178;184,0,0,10,0,0,0,0.0,0.0,0.3333333333333333,0.0,0.0,0.0,0,10,3.9306035998743027,100,99,545,49,10,,method1_proportional_scores_gamma1,unrestricted_maximum_cardinality_then_maximum_testing_evalue_sum,200,0,5,exact_fixed_count_order_statistics,300.0,1,False
41,a2234774854389565c8bc37ef8bea46e8305a41569d01bf80c5ac45aa5726ef1,proven_maximal,maximize_sum_testing_e_values_at_maximum_cardinality,proven_optimal,2211.9292792279643,1.407865424403989,1571.1226661911744,0,0,6,,,54;58;80;114;116;165,0,0,6,0,0,0,0.0,0.0,0.2,0.0,0.0,0.0,0,6,0.43331180000677705,13,12,268,49,6,,method1_proportional_scores_gamma1,unrestricted_maximum_cardinality_then_maximum_testing_evalue_sum,200,0,0,exact_fixed_count_order_statistics,300.0,1,False
42,8e682a643d5469fe23466e304de6d95604f16a6d2b01cb769cb3da749b37f66d,proven_maximal,maximize_sum_testing_e_values_at_maximum_cardinality,proven_optimal,29852.171941425455,3.3626330252572716,8877.618139476132,0,0,12,,,0;26;33;46;61;90;96;107;146;158;164;169,0,0,12,0,0,0,0.0,0.0,0.4,0.0,0.0,0.0,0,12,0.29289789986796677,9,9,267,55,12,,method1_proportional_scores_gamma1,unrestricted_maximum_cardinality_then_maximum_testing_evalue_sum,200,0,11,exact_fixed_count_order_statistics,300.0,1,False
43,f50c35f16db81b59776db3652ef9902db47033e43dfa2a4fb0a0db8acdefe3fe,proven_maximal,maximize_sum_testing_e_values_at_maximum_cardinality,proven_optimal,11545.196091891645,1.6093318831276056,7173.906273114092,0,0,9,,,27;47;85;107;118;152;156;173;194,0,0,9,0,0,0,0.0,0.0,0.3,0.0,0.0,0.0,0,9,0.5176860999781638,7,6,273,59,9,,method1_proportional_scores_gamma1,unrestricted_maximum_cardinality_then_maximum_testing_evalue_sum,200,0,2,exact_fixed_count_order_statistics,300.0,1,False
44,e75a33da88f7fa31d64580d34f7ea3e42a6768c4d472cf6a914df41308931664,proven_maximal,maximize_sum_testing_e_values_at_maximum_cardinality,proven_optimal,28312.68281039828,2.6061403991725576,10863.836353324434,0,0,15,,,5;18;45;55;60;80;84;85;94;102;135;136;169;173;190,0,0,15,0,0,0,0.0,0.0,0.5,0.0,0.0,0.0,0,15,0.3274387998972088,5,5,269,66,15,,method1_proportional_scores_gamma1,unrestricted_maximum_cardinality_then_maximum_testing_evalue_sum,200,0,7,exact_fixed_count_order_statistics,300.0,1,False
45,7c0d81423bfc3db6945d248da711c5e4fedff63c0602c3b96072eeb7749776c2,proven_maximal,maximize_sum_testing_e_values_at_maximum_cardinality,proven_optimal,64104.09001811041,1.5719751338747423,40779.32827098926,0,0,9,,,44;68;70;74;90;95;125;130;146,0,0,9,0,0,0,0.0,0.0,0.3,0.0,0.0,0.0,0,9,0.39616410015150905,6,5,252,49,9,,method1_proportional_scores_gamma1,unrestricted_maximum_cardinality_then_maximum_testing_evalue_sum,200,0,7,exact_fixed_count_order_statistics,300.0,1,False
46,7dba8e417a4501cbd2571fcb208d15c9fa86ee486a2ae4c6e4066061041bcf1c,proven_maximal,maximize_sum_testing_e_values_at_maximum_cardinality,proven_optimal,8827.527352781444,1.0629394171363182,8304.826418577857,0,0,5,,,26;52;70;152;182,0,0,5,0,0,0,0.0,0.0,0.16666666666666666,0.0,0.0,0.0,0,5,0.5933824002277106,7,4,257,53,5,,method1_proportional_scores_gamma1,unrestricted_maximum_cardinality_then_maximum_testing_evalue_sum,200,0,4,exact_fixed_count_order_statistics,300.0,1,False
47,a0dff2db0b33d3b713b50ce8c820be7a247d71ae7e08a497bffcfa9e263f22a2,proven_maximal,maximize_sum_testing_e_values_at_maximum_cardinality,proven_optimal,18487.519222251587,0.5245608773110295,35243.80109515816,0,0,7,,,1;12;19;20;29;78;166,0,0,7,0,0,0,0.0,0.0,0.23333333333333334,0.0,0.0,0.0,0,7,0.5964174000546336,10,7,258,52,7,,method1_proportional_scores_gamma1,unrestricted_maximum_cardinality_then_maximum_testing_evalue_sum,200,0,3,exact_fixed_count_order_statistics,300.0,1,False
48,4575c6de3fffff808fab54ab0869b67838dfe6b90744d62348d83c3911229995,proven_maximal,maximize_sum_testing_e_values_at_maximum_cardinality,proven_optimal,1702.0445208915496,0.35510982138755487,4793.008861993698,0,0,3,,,0;32;163,0,0,3,0,0,0,0.0,0.0,0.1,0.0,0.0,0.0,0,3,0.39512330014258623,5,4,251,51,3,,method1_proportional_scores_gamma1,unrestricted_maximum_cardinality_then_maximum_testing_evalue_sum,200,0,4,exact_fixed_count_order_statistics,300.0,1,False
49,3657af57a5db121a312fb1ea5ef39e324c5460baaf859ea20f7662da2c3c0411,proven_maximal,maximize_sum_testing_e_values_at_maximum_cardinality,proven_optimal,8298.425137895842,3.694641205734252,2246.070640097963,0,0,13,,,1;2;18;21;37;48;52;74;86;87;88;114;151,0,0,13,0,0,0,0.0,0.0,0.43333333333333335,0.0,0.0,0.0,0,13,0.4352820001076907,10,10,282,67,13,,method1_proportional_scores_gamma1,unrestricted_maximum_cardinality_then_maximum_testing_evalue_sum,200,0,4,exact_fixed_count_order_statistics,300.0,1,False
50,cabd0ae486113f20c64b29f65011853069404800526abea56a70e2e3d256125d,proven_maximal,maximize_sum_testing_e_values_at_maximum_cardinality,proven_optimal,14723.418128624513,3.3417350854421057,4405.920203778401,0,0,16,,,6;21;25;46;53;55;56;61;68;75;109;122;126;177;194;197,0,0,15,0,0,1,0.0,0.0,0.5,0.0,0.0,0.0625,0,16,0.9043294999282807,17,16,306,58,16,,method1_proportional_scores_gamma1,unrestricted_maximum_cardinality_then_maximum_testing_evalue_sum,200,0,12,exact_fixed_count_order_statistics,300.0,1,False
51,47131c67313ff2d565feb1c3b1cb49327d128fbcae8f46a14d0161dddf4ef711,proven_maximal,maximize_sum_testing_e_values_at_maximum_cardinality,proven_optimal,4509.1390079858575,2.115986787990696,2130.986371738009,0,0,9,,,51;58;74;79;138;160;171;186;187,0,0,9,0,0,0,0.0,0.0,0.3,0.0,0.0,0.0,0,9,0.46495490008965135,11,10,278,57,9,,method1_proportional_scores_gamma1,unrestricted_maximum_cardinality_then_maximum_testing_evalue_sum,200,0,0,exact_fixed_count_order_statistics,300.0,1,False
52,391b2955259ffb07ae0ff44649c98e28b3ffa6f945d67f77e79e66a2993fecca,proven_maximal,maximize_sum_testing_e_values_at_maximum_cardinality,proven_optimal,0.0,0.0,4884.426433350546,0,0,0,,,,0,0,0,0,0,0,0.0,0.0,0.0,0.0,0.0,0.0,0,0,0.1558286000508815,3,3,257,57,0,,method1_proportional_scores_gamma1,unrestricted_maximum_cardinality_then_maximum_testing_evalue_sum,200,0,1,exact_fixed_count_order_statistics,300.0,1,False
53,86c4bd44455458901d61177d512d82cc40e3a69a366fc5f57c17c9c3eb1bbe54,proven_maximal,maximize_sum_testing_e_values_at_maximum_cardinality,proven_optimal,104427.37776135473,1.0118481804982182,103204.59113731502,0,0,2,,,2;98,0,0,2,0,0,0,0.0,0.0,0.06666666666666667,0.0,0.0,0.0,0,2,0.32040490000508726,5,4,259,59,2,,method1_proportional_scores_gamma1,unrestricted_maximum_cardinality_then_maximum_testing_evalue_sum,200,0,8,exact_fixed_count_order_statistics,300.0,1,False
54,f240467eb478fd0f5d28930dac283c7be06638f494f12e661eb4ff950c102a9b,proven_maximal,maximize_sum_testing_e_values_at_maximum_cardinality,proven_optimal,11423.300684978796,1.3241164267132384,8627.111977859875,0,0,7,,,50;51;119;122;125;166;167,0,0,7,0,0,0,0.0,0.0,0.23333333333333334,0.0,0.0,0.0,0,7,0.3954682999756187,5,4,254,58,7,,method1_proportional_scores_gamma1,unrestricted_maximum_cardinality_then_maximum_testing_evalue_sum,200,0,5,exact_fixed_count_order_statistics,300.0,1,False
55,74403dda7740a775d11ebccc30b72f2e365d15e759d5b8c03665e1172b3e4d10,proven_maximal,maximize_sum_testing_e_values_at_maximum_cardinality,proven_optimal,19931.632005108033,4.167328910346102,4782.831505241732,0,0,8,,,5;12;17;20;53;142;168;177,0,0,8,0,0,0,0.0,0.0,0.26666666666666666,0.0,0.0,0.0,0,8,0.4830709998495877,8,6,261,60,8,,method1_proportional_scores_gamma1,unrestricted_maximum_cardinality_then_maximum_testing_evalue_sum,200,0,11,exact_fixed_count_order_statistics,300.0,1,False
56,7eeaa608542fde4b1d0c39569eba42be1784c499bbf923a9b8af418e560c8465,proven_maximal,maximize_sum_testing_e_values_at_maximum_cardinality,proven_optimal,168152.37512492394,1.0436231342239173,161123.65624202957,0,0,5,,,25;60;91;108;122,0,0,5,0,0,0,0.0,0.0,0.16666666666666666,0.0,0.0,0.0,0,5,0.26949770003557205,6,6,255,49,5,,method1_proportional_scores_gamma1,unrestricted_maximum_cardinality_then_maximum_testing_evalue_sum,200,0,3,exact_fixed_count_order_statistics,300.0,1,False
57,4b4c8e2ab8173923d54c67a32547dd13116fae1650a3e5b8403f9d6c0d8aa7c1,proven_maximal,maximize_sum_testing_e_values_at_maximum_cardinality,proven_optimal,17386.68998352379,0.7598496960635711,22881.748947977696,0,0,3,,,88;124;132,0,0,3,0,0,0,0.0,0.0,0.1,0.0,0.0,0.0,0,3,0.3539706999436021,5,4,255,56,3,,method1_proportional_scores_gamma1,unrestricted_maximum_cardinality_then_maximum_testing_evalue_sum,200,0,3,exact_fixed_count_order_statistics,300.0,1,False
58,c2ca200a0b12f447552967b3df655e1d39e578b773c0d477541ab9aad66ad0f3,proven_maximal,maximize_sum_testing_e_values_at_maximum_cardinality,proven_optimal,968.8789789883411,0.05493839037243295,17635.73654816262,0,0,1,,,40,0,0,1,0,0,0,0.0,0.0,0.03333333333333333,0.0,0.0,0.0,0,1,0.15837839990854263,3,3,246,47,1,,method1_proportional_scores_gamma1,unrestricted_maximum_cardinality_then_maximum_testing_evalue_sum,200,0,9,exact_fixed_count_order_statistics,300.0,1,False
59,b56fb9d02462f4841521f7321723617082c44e1232bcb9c9f8bfa8a3b2e9f9a7,proven_maximal,maximize_sum_testing_e_values_at_maximum_cardinality,proven_optimal,17019.329027322063,1.3281706329064227,12814.113341806717,0,0,4,,,45;102;120;126,0,0,4,0,0,0,0.0,0.0,0.13333333333333333,0.0,0.0,0.0,0,4,0.12373429979197681,3,3,239,41,4,,method1_proportional_scores_gamma1,unrestricted_maximum_cardinality_then_maximum_testing_evalue_sum,200,0,6,exact_fixed_count_order_statistics,300.0,1,False
60,25fe32b6688b8835e0e233843e9661aa8f34baaf97b13072f95adbabfa1c9c46,proven_maximal,maximize_sum_testing_e_values_at_maximum_cardinality,proven_optimal,131919.94312240314,1.1222543600917676,117549.05822920211,0,0,4,,,35;53;81;157,0,0,4,0,0,0,0.0,0.0,0.13333333333333333,0.0,0.0,0.0,0,4,0.23314959998242557,4,4,243,44,4,,method1_proportional_scores_gamma1,unrestricted_maximum_cardinality_then_maximum_testing_evalue_sum,200,0,5,exact_fixed_count_order_statistics,300.0,1,False
61,39a348d94f01297154c47f758b540218e6f07c4fa452201e58fede0634758087,proven_maximal,maximize_sum_testing_e_values_at_maximum_cardinality,proven_optimal,14426.192787995607,2.294960615321354,6286.030658515491,0,0,14,,,24;26;32;71;75;88;93;98;108;118;128;130;143;150,0,0,14,0,0,0,0.0,0.0,0.4666666666666667,0.0,0.0,0.0,0,14,0.17343560000881553,6,6,253,53,14,,method1_proportional_scores_gamma1,unrestricted_maximum_cardinality_then_maximum_testing_evalue_sum,200,0,12,exact_fixed_count_order_statistics,300.0,1,False
62,e42fb2a9ac5584c2d37e8a117f7e6c6c546a3451b7fdc4f789d3b781a6d79940,proven_maximal,maximize_sum_testing_e_values_at_maximum_cardinality,proven_optimal,11331.988100686178,1.5985389220615784,7088.966020340448,0,0,11,,,7;9;44;59;75;111;113;132;142;162;164,0,0,11,0,0,0,0.0,0.0,0.36666666666666664,0.0,0.0,0.0,0,11,0.3487458999734372,7,7,258,53,11,,method1_proportional_scores_gamma1,unrestricted_maximum_cardinality_then_maximum_testing_evalue_sum,200,0,1,exact_fixed_count_order_statistics,300.0,1,False
63,ab880da3e92084300679b8a805e685dade1908e8272ded682c191c6ed1bbc83c,proven_maximal,maximize_sum_testing_e_values_at_maximum_cardinality,proven_optimal,52342.74207545601,1.182200150328354,44275.70243576598,0,0,9,,,25;86;93;148;164;165;168;179;199,0,0,9,0,0,0,0.0,0.0,0.3,0.0,0.0,0.0,0,9,0.4689962000120431,7,6,261,60,9,,method1_proportional_scores_gamma1,unrestricted_maximum_cardinality_then_maximum_testing_evalue_sum,200,0,7,exact_fixed_count_order_statistics,300.0,1,False
64,607ae419bde1c41d5696df80433e04f9f9a30ff71456a9b3bdffea510b5a419a,proven_maximal,maximize_sum_testing_e_values_at_maximum_cardinality,proven_optimal,0.0,0.0,2214.3111067877594,0,0,0,,,,0,0,0,0,0,0,0.0,0.0,0.0,0.0,0.0,0.0,0,0,0.18432570016011596,3,3,262,62,0,,method1_proportional_scores_gamma1,unrestricted_maximum_cardinality_then_maximum_testing_evalue_sum,200,0,5,exact_fixed_count_order_statistics,300.0,1,False
65,4f76276c697cbf6c0b4c8b9c71841d2b2baa194eecf10268791fef0dc1762932,proven_maximal,maximize_sum_testing_e_values_at_maximum_cardinality,proven_optimal,286188.8597668532,1.0335240411500415,276905.8564408429,0,0,12,,,34;41;49;54;69;74;132;136;141;149;177;178,0,0,12,0,0,0,0.0,0.0,0.4,0.0,0.0,0.0,0,12,0.44473490002565086,9,9,268,54,12,,method1_proportional_scores_gamma1,unrestricted_maximum_cardinality_then_maximum_testing_evalue_sum,200,0,8,exact_fixed_count_order_statistics,300.0,1,False
66,e634cb4903812b39f1421414c12fe4186a1074c6ac40c6f93365820f4eb2edbf,proven_maximal,maximize_sum_testing_e_values_at_maximum_cardinality,proven_optimal,7634.049687243032,1.7562179244572027,4346.869247221982,0,0,12,,,44;72;100;114;120;132;135;149;150;155;159;186,0,0,12,0,0,0,0.0,0.0,0.4,0.0,0.0,0.0,0,12,0.19328049989417195,4,4,241,47,12,,method1_proportional_scores_gamma1,unrestricted_maximum_cardinality_then_maximum_testing_evalue_sum,200,0,1,exact_fixed_count_order_statistics,300.0,1,False
67,b7a06a5291ce51b12c134179eb4bf81dfdaff3957ce11845fad05eb30112a9a3,proven_maximal,maximize_sum_testing_e_values_at_maximum_cardinality,proven_optimal,3804.498488369388,0.5685561237389983,6691.5091220016175,0,0,3,,,67;141;170,0,0,3,0,0,0,0.0,0.0,0.1,0.0,0.0,0.0,0,3,0.4360504001379013,7,6,259,57,3,,method1_proportional_scores_gamma1,unrestricted_maximum_cardinality_then_maximum_testing_evalue_sum,200,0,3,exact_fixed_count_order_statistics,300.0,1,False
68,dd46a6a9d1ae24d415d68ffe77a55d5186b533e86d60354539908822d3b6b108,proven_maximal,maximize_sum_testing_e_values_at_maximum_cardinality,proven_optimal,36267.70543891414,1.160614232506831,31248.716776959467,0,0,6,,,27;61;126;135;148;181,0,0,6,0,0,0,0.0,0.0,0.2,0.0,0.0,0.0,0,6,0.19805250014178455,3,3,250,55,6,,method1_proportional_scores_gamma1,unrestricted_maximum_cardinality_then_maximum_testing_evalue_sum,200,0,4,exact_fixed_count_order_statistics,300.0,1,False
69,da61ec6f5ce58905270f923a0c4d88a5b11b0b4990d3d341293e70469b1a304a,proven_maximal,maximize_sum_testing_e_values_at_maximum_cardinality,proven_optimal,5219.5535488850865,1.0435130748000991,5001.905270698186,0,0,4,,,22;82;123;144,0,0,4,0,0,0,0.0,0.0,0.13333333333333333,0.0,0.0,0.0,0,4,0.1847890999633819,3,3,246,48,4,,method1_proportional_scores_gamma1,unrestricted_maximum_cardinality_then_maximum_testing_evalue_sum,200,0,2,exact_fixed_count_order_statistics,300.0,1,False
70,c8b3345964746487c9d5ebb35008f26b9ddd472ee59adebbbc134e98ef47c429,proven_maximal,maximize_sum_testing_e_values_at_maximum_cardinality,proven_optimal,10873.797345233726,2.8451406838571263,3821.883890287013,0,0,13,,,25;68;75;92;103;119;125;132;143;148;156;186;195,0,0,13,0,0,0,0.0,0.0,0.43333333333333335,0.0,0.0,0.0,0,13,0.4519114000722766,10,10,275,54,13,,method1_proportional_scores_gamma1,unrestricted_maximum_cardinality_then_maximum_testing_evalue_sum,200,0,5,exact_fixed_count_order_statistics,300.0,1,False
71,6148d9549e36af36a82fe20484c9078bb2dcf4a74a76248eaa23afb1bdc035e7,proven_maximal,maximize_sum_testing_e_values_at_maximum_cardinality,proven_optimal,41676.70170501542,1.2965865019870204,32143.402419465125,0,0,9,,,41;63;68;73;128;152;165;181;191,0,0,9,0,0,0,0.0,0.0,0.3,0.0,0.0,0.0,0,9,0.18862259993329644,5,5,242,39,9,,method1_proportional_scores_gamma1,unrestricted_maximum_cardinality_then_maximum_testing_evalue_sum,200,0,2,exact_fixed_count_order_statistics,300.0,1,False
72,157817a0f7fa7beb084dd1b185591f6861d6e8343c015b5e40e6e6304d415a21,proven_maximal,maximize_sum_testing_e_values_at_maximum_cardinality,proven_optimal,0.0,0.0,15484.14507556715,0,0,0,,,,0,0,0,0,0,0,0.0,0.0,0.0,0.0,0.0,0.0,0,0,0.15668249991722405,3,3,254,54,0,,method1_proportional_scores_gamma1,unrestricted_maximum_cardinality_then_maximum_testing_evalue_sum,200,0,12,exact_fixed_count_order_statistics,300.0,1,False
73,3aa2208b28912094b304454d9b7a70bd03b4f431388c5ade910df7971efc9947,proven_maximal,maximize_sum_testing_e_values_at_maximum_cardinality,proven_optimal,88004.80808894313,2.6109393764246236,33706.18593582798,0,0,9,,,18;23;29;34;55;68;106;155;198,0,0,9,0,0,0,0.0,0.0,0.3,0.0,0.0,0.0,0,9,0.32043229998089373,10,10,257,55,9,,method1_proportional_scores_gamma1,unrestricted_maximum_cardinality_then_maximum_testing_evalue_sum,200,0,11,exact_fixed_count_order_statistics,300.0,1,False
74,b74eb2c082d537a747913906ea273ed86825f04c179a6b59f7005fbdb58bb139,proven_maximal,maximize_sum_testing_e_values_at_maximum_cardinality,proven_optimal,7800.391080452822,2.9273795657251145,2664.632619487681,0,0,13,,,25;37;46;48;52;54;60;69;75;83;88;94;115,0,0,13,0,0,0,0.0,0.0,0.43333333333333335,0.0,0.0,0.0,0,13,0.3113780999556184,9,9,269,56,13,,method1_proportional_scores_gamma1,unrestricted_maximum_cardinality_then_maximum_testing_evalue_sum,200,0,0,exact_fixed_count_order_statistics,300.0,1,False
75,503432394a672b25d0c8674e041a477c2b4e009747fdc54fd597d5c0ed1b5b92,proven_maximal,maximize_sum_testing_e_values_at_maximum_cardinality,proven_optimal,22554.882346893683,2.2896036652921294,9850.998532541184,0,0,8,,,21;37;49;57;102;116;156;194,0,0,8,0,0,0,0.0,0.0,0.26666666666666666,0.0,0.0,0.0,0,8,0.4730169998947531,8,6,267,59,8,,method1_proportional_scores_gamma1,unrestricted_maximum_cardinality_then_maximum_testing_evalue_sum,200,0,7,exact_fixed_count_order_statistics,300.0,1,False
76,c6c798f73b86242e8f1ab277691d091f29862064bf14a04ebd8f95ca10bd3ad8,proven_maximal,maximize_sum_testing_e_values_at_maximum_cardinality,proven_optimal,17887.791086233832,2.259709323366667,7915.969944126883,0,0,11,,,23;105;130;138;145;150;155;161;164;166;194,0,0,11,0,0,0,0.0,0.0,0.36666666666666664,0.0,0.0,0.0,0,11,0.2864049000199884,11,11,271,45,11,,method1_proportional_scores_gamma1,unrestricted_maximum_cardinality_then_maximum_testing_evalue_sum,200,0,4,exact_fixed_count_order_statistics,300.0,1,False
77,5fce79f715e385bb0daee68deb174baae1fa877ab67d458fca6fa8baa08f5e71,proven_maximal,maximize_sum_testing_e_values_at_maximum_cardinality,proven_optimal,103260.81839197292,2.434484374713816,42415.88874609707,0,0,6,,,5;9;15;19;56;183,0,0,6,0,0,0,0.0,0.0,0.2,0.0,0.0,0.0,0,6,0.40757649997249246,6,5,252,53,6,,method1_proportional_scores_gamma1,unrestricted_maximum_cardinality_then_maximum_testing_evalue_sum,200,0,8,exact_fixed_count_order_statistics,300.0,1,False
78,8d59590d38e37a59c057b8ca2af55922476cb8dda83cb6cb23d82101be13367e,proven_maximal,maximize_sum_testing_e_values_at_maximum_cardinality,proven_optimal,16639.228812814417,1.9121323541310666,8701.92315760266,0,0,10,,,0;3;9;11;65;91;117;120;146;160,0,0,10,0,0,0,0.0,0.0,0.3333333333333333,0.0,0.0,0.0,0,10,1.0840427000075579,24,23,305,59,10,,method1_proportional_scores_gamma1,unrestricted_maximum_cardinality_then_maximum_testing_evalue_sum,200,0,8,exact_fixed_count_order_statistics,300.0,1,False
79,8d4942428670189dea2e40e8757bfa3d79df6bc4fd949004eaed4288d958e1a3,proven_maximal,maximize_sum_testing_e_values_at_maximum_cardinality,proven_optimal,14285.283903281766,2.44341791445312,5846.434954406506,0,0,9,,,1;8;72;80;109;127;148;164;188,0,0,9,0,0,0,0.0,0.0,0.3,0.0,0.0,0.0,0,9,0.3616758999414742,6,6,256,58,9,,method1_proportional_scores_gamma1,unrestricted_maximum_cardinality_then_maximum_testing_evalue_sum,200,0,11,exact_fixed_count_order_statistics,300.0,1,False
80,414d36dd080661d730230a1763f6c395d6ee64fd90f348368276a9570d1d9146,proven_maximal,maximize_sum_testing_e_values_at_maximum_cardinality,proven_optimal,94776.03869833144,1.0015477624058249,94629.57460028592,0,0,2,,,70;190,0,0,2,0,0,0,0.0,0.0,0.06666666666666667,0.0,0.0,0.0,0,2,0.41409370000474155,5,4,257,58,2,,method1_proportional_scores_gamma1,unrestricted_maximum_cardinality_then_maximum_testing_evalue_sum,200,0,1,exact_fixed_count_order_statistics,300.0,1,False
81,9499770144b18ce40360b5a4c92b384225c800a864b59da1aa3840aa13d46a20,proven_maximal,maximize_sum_testing_e_values_at_maximum_cardinality,proven_optimal,1055079.9353489226,1.1425563900978906,923437.954128922,0,0,12,,,29;34;41;92;93;135;143;145;165;172;183;191,0,0,12,0,0,0,0.0,0.0,0.4,0.0,0.0,0.0,0,12,0.9802894000895321,21,20,291,58,12,,method1_proportional_scores_gamma1,unrestricted_maximum_cardinality_then_maximum_testing_evalue_sum,200,0,5,exact_fixed_count_order_statistics,300.0,1,False
82,1aab1d0513e5402a23b1bf7881fb6cdc1712f15e57ce77b0304b0c13accc8cf9,proven_maximal,maximize_sum_testing_e_values_at_maximum_cardinality,proven_optimal,66787.43650509522,0.5690922875705571,117357.8309947045,0,0,5,,,24;55;126;139;199,0,0,5,0,0,0,0.0,0.0,0.16666666666666666,0.0,0.0,0.0,0,5,0.38361999997869134,5,4,257,58,5,,method1_proportional_scores_gamma1,unrestricted_maximum_cardinality_then_maximum_testing_evalue_sum,200,0,10,exact_fixed_count_order_statistics,300.0,1,False
83,9f91dad00b11b9a21b5c8e0a927bbe1b57415bd28de3a1a9dbb6b4b981d788f6,proven_maximal,maximize_sum_testing_e_values_at_maximum_cardinality,proven_optimal,25941.388337013756,2.3462423154012493,11056.568269495778,0,0,9,,,45;63;79;115;156;157;168;170;187,0,0,9,0,0,0,0.0,0.0,0.3,0.0,0.0,0.0,0,9,0.4628297998569906,16,16,280,53,9,,method1_proportional_scores_gamma1,unrestricted_maximum_cardinality_then_maximum_testing_evalue_sum,200,0,8,exact_fixed_count_order_statistics,300.0,1,False
84,4c293caa1b463cb818fb86574dde7bac5c092f2b4f9f6bdbea9ef3126903bad5,proven_maximal,maximize_sum_testing_e_values_at_maximum_cardinality,proven_optimal,1096.002855458172,0.7566019314208239,1448.58585465145,0,0,3,,,11;28;44,0,0,3,0,0,0,0.0,0.0,0.1,0.0,0.0,0.0,0,3,0.3448359000030905,5,4,251,52,3,,method1_proportional_scores_gamma1,unrestricted_maximum_cardinality_then_maximum_testing_evalue_sum,200,0,0,exact_fixed_count_order_statistics,300.0,1,False
85,f4e55b11f93c889800765357f41b3b60f78d546a73dffbdb591c0170489d2045,proven_maximal,maximize_sum_testing_e_values_at_maximum_cardinality,proven_optimal,550832.7552297009,1.0236164613820402,538124.1666297469,0,0,10,,,0;19;23;55;74;83;114;164;179;190,0,0,10,0,0,0,0.0,0.0,0.3333333333333333,0.0,0.0,0.0,0,10,0.6139642999041826,19,19,326,51,10,,method1_proportional_scores_gamma1,unrestricted_maximum_cardinality_then_maximum_testing_evalue_sum,200,0,11,exact_fixed_count_order_statistics,300.0,1,False
86,718e3713301b09e7c555cbd9d5d8b71a45fa5ee7501d1c4622e488856a04cc7d,proven_maximal,maximize_sum_testing_e_values_at_maximum_cardinality,proven_optimal,40310.47882805193,1.658392692184741,24306.95637891863,0,0,14,,,14;16;21;51;56;61;72;101;121;127;141;147;152;193,0,0,14,0,0,0,0.0,0.0,0.4666666666666667,0.0,0.0,0.0,0,14,0.5107428000774235,13,13,272,55,14,,method1_proportional_scores_gamma1,unrestricted_maximum_cardinality_then_maximum_testing_evalue_sum,200,0,5,exact_fixed_count_order_statistics,300.0,1,False
87,27ad642652b1117b8f02ea6b723076c63ed03aa52d8cc79f90155ef6a65c1e9b,proven_maximal,maximize_sum_testing_e_values_at_maximum_cardinality,proven_optimal,1537.3048333679992,0.179051471120612,8585.826319921413,0,0,1,,,196,0,0,1,0,0,0,0.0,0.0,0.03333333333333333,0.0,0.0,0.0,0,1,0.39508310006931424,5,4,253,53,1,,method1_proportional_scores_gamma1,unrestricted_maximum_cardinality_then_maximum_testing_evalue_sum,200,0,6,exact_fixed_count_order_statistics,300.0,1,False
88,01319cd146b6852979e9c82ba3e2128211826e28931072a308352f21b39614ed,proven_maximal,maximize_sum_testing_e_values_at_maximum_cardinality,proven_optimal,6789.358478439738,1.8154276446010913,3739.812213739635,0,0,9,,,61;78;88;93;116;160;164;183;188,0,0,9,0,0,0,0.0,0.0,0.3,0.0,0.0,0.0,0,9,0.35961390007287264,5,4,242,48,9,,method1_proportional_scores_gamma1,unrestricted_maximum_cardinality_then_maximum_testing_evalue_sum,200,0,0,exact_fixed_count_order_statistics,300.0,1,False
89,6161e129c53020e16324dddca0c8080bb4308951adc472c502af77a3aa8b8f0d,proven_maximal,maximize_sum_testing_e_values_at_maximum_cardinality,proven_optimal,56479.15985952114,1.0222692892740204,55248.80816837474,0,0,4,,,1;57;148;151,0,0,4,0,0,0,0.0,0.0,0.13333333333333333,0.0,0.0,0.0,0,4,0.4811581999529153,8,6,253,48,4,,method1_proportional_scores_gamma1,unrestricted_maximum_cardinality_then_maximum_testing_evalue_sum,200,0,1,exact_fixed_count_order_statistics,300.0,1,False
90,84b22047cc6d29c6e5f60d6b080fb46bae659728925cc74a3e79375d5845cda7,proven_maximal,maximize_sum_testing_e_values_at_maximum_cardinality,proven_optimal,33860.31312934997,2.526687502021957,13401.06883112913,0,0,12,,,0;4;14;37;57;72;76;89;101;129;142;143,0,0,12,0,0,0,0.0,0.0,0.4,0.0,0.0,0.0,0,12,0.3386313000228256,11,11,282,55,12,,method1_proportional_scores_gamma1,unrestricted_maximum_cardinality_then_maximum_testing_evalue_sum,200,0,7,exact_fixed_count_order_statistics,300.0,1,False
91,28a33d6fbca9865c113b4ca415286fd435920cb311b099ec2dce1931b34e6b82,proven_maximal,maximize_sum_testing_e_values_at_maximum_cardinality,proven_optimal,27818.892463247863,1.0970585324096815,25357.71031482145,0,0,8,,,41;55;59;69;83;107;120;198,0,0,8,0,0,0,0.0,0.0,0.26666666666666666,0.0,0.0,0.0,0,8,0.3623822999652475,5,4,247,53,8,,method1_proportional_scores_gamma1,unrestricted_maximum_cardinality_then_maximum_testing_evalue_sum,200,0,1,exact_fixed_count_order_statistics,300.0,1,False
92,adf7ef37a5ecc8df3b3036c822a6c4c55395ca4d63fefc090f5c550b56f240d3,proven_maximal,maximize_sum_testing_e_values_at_maximum_cardinality,proven_optimal,11792.72667230106,1.6332599171970734,7220.36128367076,0,0,14,,,1;7;11;37;44;73;83;135;141;157;158;166;174;178,0,0,14,0,0,0,0.0,0.0,0.4666666666666667,0.0,0.0,0.0,0,14,0.19563250010833144,6,6,254,54,14,,method1_proportional_scores_gamma1,unrestricted_maximum_cardinality_then_maximum_testing_evalue_sum,200,0,3,exact_fixed_count_order_statistics,300.0,1,False
93,4f96c84e599b40b3aecb67b41bced680f5cd07c9e6c7e112b6baac82704e6980,proven_maximal,maximize_sum_testing_e_values_at_maximum_cardinality,proven_optimal,262916.472429201,1.0069100896608987,261112.163964654,0,0,4,,,25;89;90;117,0,0,4,0,0,0,0.0,0.0,0.13333333333333333,0.0,0.0,0.0,0,4,0.5297536000143737,14,12,265,48,4,,method1_proportional_scores_gamma1,unrestricted_maximum_cardinality_then_maximum_testing_evalue_sum,200,0,7,exact_fixed_count_order_statistics,300.0,1,False
94,5086849d0cebc5bf1f5bfd6240f01bc38280d64868bab1eaee6c37af54be5f64,proven_maximal,maximize_sum_testing_e_values_at_maximum_cardinality,proven_optimal,0.0,0.0,40420.56009658247,0,0,0,,,,0,0,0,0,0,0,0.0,0.0,0.0,0.0,0.0,0.0,0,0,0.14751959987916052,3,3,245,45,0,,method1_proportional_scores_gamma1,unrestricted_maximum_cardinality_then_maximum_testing_evalue_sum,200,0,4,exact_fixed_count_order_statistics,300.0,1,False
95,c3158413f94195c8ec9a56bc50846b9fa2085b12db5bb249a7f498fb59e17941,proven_maximal,maximize_sum_testing_e_values_at_maximum_cardinality,proven_optimal,236020.4817175241,1.17393773191482,201050.2561601364,0,0,10,,,13;22;44;49;91;103;166;173;178;197,0,0,10,0,0,0,0.0,0.0,0.3333333333333333,0.0,0.0,0.0,0,10,0.30158420000225306,7,7,246,45,10,,method1_proportional_scores_gamma1,unrestricted_maximum_cardinality_then_maximum_testing_evalue_sum,200,0,4,exact_fixed_count_order_statistics,300.0,1,False
96,8b005791da126da1e9a6151cc1378168877c58798de067f5b83197eb52ecfaa3,proven_maximal,maximize_sum_testing_e_values_at_maximum_cardinality,proven_optimal,2391.3765570428927,0.2443663482372528,9786.030581924191,0,0,1,,,187,0,0,1,0,0,0,0.0,0.0,0.03333333333333333,0.0,0.0,0.0,0,1,0.40232950006611645,6,5,251,50,1,,method1_proportional_scores_gamma1,unrestricted_maximum_cardinality_then_maximum_testing_evalue_sum,200,0,4,exact_fixed_count_order_statistics,300.0,1,False
97,22383e1723ef99146ab1e0496b9eda8e008121e665e587fc32bfc0cda871305e,proven_maximal,maximize_sum_testing_e_values_at_maximum_cardinality,proven_optimal,44488.19261603145,1.6759456084097093,26545.12914547741,0,0,3,,,45;95;144,0,0,3,0,0,0,0.0,0.0,0.1,0.0,0.0,0.0,0,3,0.38882249989546835,5,4,247,48,3,,method1_proportional_scores_gamma1,unrestricted_maximum_cardinality_then_maximum_testing_evalue_sum,200,0,4,exact_fixed_count_order_statistics,300.0,1,False
98,0d476771f042e2e696b44455db6e3ab85640c797b40a77813b1b3446a208ea13,proven_maximal,maximize_sum_testing_e_values_at_maximum_cardinality,proven_optimal,1621008.4215010488,1.0475205856495815,1547471.6618536331,0,0,8,,,9;12;116;122;124;134;151;177,0,0,8,0,0,0,0.0,0.0,0.26666666666666666,0.0,0.0,0.0,0,8,0.23942480003461242,4,4,245,46,8,,method1_proportional_scores_gamma1,unrestricted_maximum_cardinality_then_maximum_testing_evalue_sum,200,0,7,exact_fixed_count_order_statistics,300.0,1,False
99,bd73a11141036ff7bf4ddcb1addfdfe75670f518813386e122ab4fe7d594186f,proven_maximal,maximize_sum_testing_e_values_at_maximum_cardinality,proven_optimal,0.0,0.0,43810.038418735145,0,0,0,,,,0,0,0,0,0,0,0.0,0.0,0.0,0.0,0.0,0.0,0,0,0.1517547001130879,3,3,259,59,0,,method1_proportional_scores_gamma1,unrestricted_maximum_cardinality_then_maximum_testing_evalue_sum,200,0,1,exact_fixed_count_order_statistics,300.0,1,False
100,14ca3912cce79e0d6821c224c8b4714856b4bb3649ce0b77dfffbec146192df2,proven_maximal,maximize_sum_testing_e_values_at_maximum_cardinality,proven_optimal,500382.2919339171,1.4957328295861418,334539.88709492265,0,0,3,,,70;91;144,0,0,3,0,0,0,0.0,0.0,0.1,0.0,0.0,0.0,0,3,0.1796289999037981,3,3,251,52,3,,method1_proportional_scores_gamma1,unrestricted_maximum_cardinality_then_maximum_testing_evalue_sum,200,0,11,exact_fixed_count_order_statistics,300.0,1,False
101,a60efc84aeab4433b83a1cdea2387f29aa8aada3f630a1450e95a702840cdd25,proven_maximal,maximize_sum_testing_e_values_at_maximum_cardinality,proven_optimal,7147.49845434762,1.64141993364391,4354.460615377296,0,0,4,,,62;90;146;181,0,0,4,0,0,0,0.0,0.0,0.13333333333333333,0.0,0.0,0.0,0,4,0.4585579000413418,8,6,247,47,4,,method1_proportional_scores_gamma1,unrestricted_maximum_cardinality_then_maximum_testing_evalue_sum,200,0,6,exact_fixed_count_order_statistics,300.0,1,False
102,887f9262433312cf87c568cc05fff9a88a11d4359ed7c366aa7043f392c0fa30,proven_maximal,maximize_sum_testing_e_values_at_maximum_cardinality,proven_optimal,332004.03663932515,1.0764023052286298,308438.6154011505,0,0,10,,,12;23;25;42;68;101;111;113;130;170,0,0,10,0,0,0,0.0,0.0,0.3333333333333333,0.0,0.0,0.0,0,10,1.3699720001313835,15,14,313,60,10,,method1_proportional_scores_gamma1,unrestricted_maximum_cardinality_then_maximum_testing_evalue_sum,200,0,5,exact_fixed_count_order_statistics,300.0,1,False
103,dd34e3ed2fd2385151d7e830705a90691d9d2dd405ca49e11fd33c7aefc37071,proven_maximal,maximize_sum_testing_e_values_at_maximum_cardinality,proven_optimal,43409.92847636788,1.1954904640408925,36311.39668788108,0,0,4,,,6;29;80;114,0,0,4,0,0,0,0.0,0.0,0.13333333333333333,0.0,0.0,0.0,0,4,0.16214059991762042,3,3,250,53,4,,method1_proportional_scores_gamma1,unrestricted_maximum_cardinality_then_maximum_testing_evalue_sum,200,0,2,exact_fixed_count_order_statistics,300.0,1,False
104,ee2365da1965df1028b7d810ad031a7d0b19c4ed163b55c307dda4a0ba5d9e3a,proven_maximal,maximize_sum_testing_e_values_at_maximum_cardinality,proven_optimal,8657.218723436872,1.2145375463644934,7127.995959738542,0,0,6,,,16;20;45;63;95;182,0,0,6,0,0,0,0.0,0.0,0.2,0.0,0.0,0.0,0,6,0.5992360999807715,7,4,250,48,6,,method1_proportional_scores_gamma1,unrestricted_maximum_cardinality_then_maximum_testing_evalue_sum,200,0,10,exact_fixed_count_order_statistics,300.0,1,False
105,686400c97b8dab91265ea39eb9fd5087bbac722e5bce3ce8a87d4fa02f189244,proven_maximal,maximize_sum_testing_e_values_at_maximum_cardinality,proven_optimal,32854.544038287415,2.4430148291691514,13448.360462658742,0,0,19,,,0;7;8;24;32;42;45;50;91;97;102;128;132;147;159;160;161;170;186,0,0,19,0,0,0,0.0,0.0,0.6333333333333333,0.0,0.0,0.0,0,19,0.9124755999073386,18,17,277,51,19,,method1_proportional_scores_gamma1,unrestricted_maximum_cardinality_then_maximum_testing_evalue_sum,200,0,10,exact_fixed_count_order_statistics,300.0,1,False
106,52e5210add12997f939a540ba05c2e0ff67d35e86a77cb91252a5747045933a6,proven_maximal,maximize_sum_testing_e_values_at_maximum_cardinality,proven_optimal,33585.35790618825,1.3215487309684313,25413.635622484304,0,0,9,,,32;68;69;73;86;87;99;104;171,0,0,9,0,0,0,0.0,0.0,0.3,0.0,0.0,0.0,0,9,7.528428700054064,169,168,608,47,9,,method1_proportional_scores_gamma1,unrestricted_maximum_cardinality_then_maximum_testing_evalue_sum,200,0,6,exact_fixed_count_order_statistics,300.0,1,False
107,863b0b4d74bfcbb7c1ccc3743ec77fbd87db6ad5393c7dab949a06ce277c163a,proven_maximal,maximize_sum_testing_e_values_at_maximum_cardinality,proven_optimal,10589.747109425369,1.2357277033560252,8569.644494224274,0,0,3,,,41;111;134,0,0,3,0,0,0,0.0,0.0,0.1,0.0,0.0,0.0,0,3,0.16298360005021095,3,3,242,44,3,,method1_proportional_scores_gamma1,unrestricted_maximum_cardinality_then_maximum_testing_evalue_sum,200,0,9,exact_fixed_count_order_statistics,300.0,1,False
108,fa82dc61f09f0a8a262d17ec36e24ebe1881863b01c0dd8754e78ccc5ca98576,proven_maximal,maximize_sum_testing_e_values_at_maximum_cardinality,proven_optimal,97.91136342756792,0.008887529496801072,11016.713189285008,0,0,1,,,6,0,0,1,0,0,0,0.0,0.0,0.03333333333333333,0.0,0.0,0.0,0,1,0.18023569998331368,3,3,252,53,1,,method1_proportional_scores_gamma1,unrestricted_maximum_cardinality_then_maximum_testing_evalue_sum,200,0,9,exact_fixed_count_order_statistics,300.0,1,False
109,5f1a534ac86dda7a196eeed438192ed5faf8f91ea426307869f3379175ffabba,proven_maximal,maximize_sum_testing_e_values_at_maximum_cardinality,proven_optimal,43887.49964841844,1.636747737259734,26813.844705168496,0,0,13,,,4;5;47;79;80;82;91;129;142;147;156;186;187,0,0,13,0,0,0,0.0,0.0,0.43333333333333335,0.0,0.0,0.0,0,13,0.5171256000176072,13,13,277,55,13,,method1_proportional_scores_gamma1,unrestricted_maximum_cardinality_then_maximum_testing_evalue_sum,200,0,8,exact_fixed_count_order_statistics,300.0,1,False
110,38001e432d5129d10952412f704a5f66e2e4cd2e1b0c085282faf28846ec4dbe,proven_maximal,maximize_sum_testing_e_values_at_maximum_cardinality,proven_optimal,23097.579912949986,1.8268365683051095,12643.484542451057,0,0,9,,,11;19;22;92;93;132;143;171;187,0,0,9,0,0,0,0.0,0.0,0.3,0.0,0.0,0.0,0,9,0.17809309996664524,3,3,242,47,9,,method1_proportional_scores_gamma1,unrestricted_maximum_cardinality_then_maximum_testing_evalue_sum,200,0,4,exact_fixed_count_order_statistics,300.0,1,False
111,62cf7e25546a16478e9469d502fac9f5a48defda90e8fc5d91ca3010ae00283a,proven_maximal,maximize_sum_testing_e_values_at_maximum_cardinality,proven_optimal,29023.49748831019,1.2419365497125923,23369.54935018764,0,0,4,,,23;55;58;60,0,0,4,0,0,0,0.0,0.0,0.13333333333333333,0.0,0.0,0.0,0,4,0.5011510998010635,6,4,258,57,4,,method1_proportional_scores_gamma1,unrestricted_maximum_cardinality_then_maximum_testing_evalue_sum,200,0,14,exact_fixed_count_order_statistics,300.0,1,False
112,2cab1f1b7f566fff18e96b9c385dbd160b54a29634b3874f3326bba4b6da81ed,proven_maximal,maximize_sum_testing_e_values_at_maximum_cardinality,proven_optimal,16894.234317285136,3.0907594626693577,5466.0462974670645,0,0,7,,,43;53;62;65;85;114;162,0,0,7,0,0,0,0.0,0.0,0.23333333333333334,0.0,0.0,0.0,0,7,0.46002759994007647,8,6,248,48,7,,method1_proportional_scores_gamma1,unrestricted_maximum_cardinality_then_maximum_testing_evalue_sum,200,0,11,exact_fixed_count_order_statistics,300.0,1,False
113,cc8bd74b0e73b3ed123805c9eb3e7ca53f4d9be781d89693e3b646f6b65f11ba,proven_maximal,maximize_sum_testing_e_values_at_maximum_cardinality,proven_optimal,767.7463299596968,0.02494363644132702,30779.2463126059,0,0,1,,,199,0,0,1,0,0,0,0.0,0.0,0.03333333333333333,0.0,0.0,0.0,0,1,0.45361789991147816,7,5,265,63,1,,method1_proportional_scores_gamma1,unrestricted_maximum_cardinality_then_maximum_testing_evalue_sum,200,0,4,exact_fixed_count_order_statistics,300.0,1,False
114,ea3593fe0276a87c055dfc14b11f80aca13bb107669480a142b4c129b7647f59,proven_maximal,maximize_sum_testing_e_values_at_maximum_cardinality,proven_optimal,0.0,0.0,30978.129112180013,0,0,0,,,,0,0,0,0,0,0,0.0,0.0,0.0,0.0,0.0,0.0,0,0,0.16538510005921125,3,3,260,60,0,,method1_proportional_scores_gamma1,unrestricted_maximum_cardinality_then_maximum_testing_evalue_sum,200,0,10,exact_fixed_count_order_statistics,300.0,1,False
115,e36e8016ef23adec821c741cb5711ad9ac216942b2b0e98ff1cebb56eb708815,proven_maximal,maximize_sum_testing_e_values_at_maximum_cardinality,proven_optimal,9676.378538638253,0.8491420401850954,11395.476941088682,0,0,11,,,7;83;92;99;131;133;138;145;148;164;166,0,0,11,0,0,0,0.0,0.0,0.36666666666666664,0.0,0.0,0.0,0,11,0.2595990998670459,8,8,252,53,11,,method1_proportional_scores_gamma1,unrestricted_maximum_cardinality_then_maximum_testing_evalue_sum,200,0,3,exact_fixed_count_order_statistics,300.0,1,False
116,d12e46e65a2a6cec113ab45201f10fd4ac6843b73fc4b2620c412797718f4476,proven_maximal,maximize_sum_testing_e_values_at_maximum_cardinality,proven_optimal,19556.245070751866,2.503255641342994,7812.324377809036,0,0,10,,,25;51;62;88;112;126;134;136;157;168,0,0,9,0,0,1,0.0,0.0,0.3,0.0,0.0,0.1,0,10,0.8480150001123548,17,15,321,49,10,,method1_proportional_scores_gamma1,unrestricted_maximum_cardinality_then_maximum_testing_evalue_sum,200,0,6,exact_fixed_count_order_statistics,300.0,1,False
117,ebe0de48c6d2af87590e7889f434169a5dabc419a6616c179fcc5c8725e544e0,proven_maximal,maximize_sum_testing_e_values_at_maximum_cardinality,proven_optimal,7752.132518915456,1.8542346993816248,4180.772003404284,0,0,8,,,20;41;42;55;71;87;101;120,0,0,8,0,0,0,0.0,0.0,0.26666666666666666,0.0,0.0,0.0,0,8,0.3100709000136703,7,7,268,60,8,,method1_proportional_scores_gamma1,unrestricted_maximum_cardinality_then_maximum_testing_evalue_sum,200,0,4,exact_fixed_count_order_statistics,300.0,1,False
118,64b19b2790acf908ecbed976c40a399c698c10ac35843d2f63c0fd53e4ba4a0d,proven_maximal,maximize_sum_testing_e_values_at_maximum_cardinality,proven_optimal,0.0,0.0,5029.282231974149,0,0,0,,,,0,0,0,0,0,0,0.0,0.0,0.0,0.0,0.0,0.0,0,0,0.13824650016613305,3,3,250,50,0,,method1_proportional_scores_gamma1,unrestricted_maximum_cardinality_then_maximum_testing_evalue_sum,200,0,7,exact_fixed_count_order_statistics,300.0,1,False
119,0ebc14c4e08c787f3323bc21112713a1ab87677096b1eda3bdf6fe95c1f411ba,proven_maximal,maximize_sum_testing_e_values_at_maximum_cardinality,proven_optimal,19147.253513638025,1.276090948133076,15004.615103375272,0,0,7,,,37;59;94;114;138;144;161,0,0,7,0,0,0,0.0,0.0,0.23333333333333334,0.0,0.0,0.0,0,7,0.4735286000650376,8,6,261,60,7,,method1_proportional_scores_gamma1,unrestricted_maximum_cardinality_then_maximum_testing_evalue_sum,200,0,13,exact_fixed_count_order_statistics,300.0,1,False
120,3a393c13165754a032936549f3a184321cc30606f3c17c9f630c292ba7230200,proven_maximal,maximize_sum_testing_e_values_at_maximum_cardinality,proven_optimal,145269.37440044084,1.0322626064432359,140729.08724358524,0,0,5,,,18;22;83;127;130,0,0,5,0,0,0,0.0,0.0,0.16666666666666666,0.0,0.0,0.0,0,5,0.3769662999548018,5,4,260,62,5,,method1_proportional_scores_gamma1,unrestricted_maximum_cardinality_then_maximum_testing_evalue_sum,200,0,9,exact_fixed_count_order_statistics,300.0,1,False
121,728d8c7edf069bdd77f9b0c747859928a278520d10541f23f0b4c67439244775,proven_maximal,maximize_sum_testing_e_values_at_maximum_cardinality,proven_optimal,46503.2927061764,1.0855030212320185,42840.316237348045,0,0,5,,,98;112;145;161;197,0,0,5,0,0,0,0.0,0.0,0.16666666666666666,0.0,0.0,0.0,0,5,0.42631829995661974,12,11,262,52,5,,method1_proportional_scores_gamma1,unrestricted_maximum_cardinality_then_maximum_testing_evalue_sum,200,0,4,exact_fixed_count_order_statistics,300.0,1,False
122,134811815575bad02f4bf4415d3827f5afbb5b3f58c1bc3841f2261b20e97562,proven_maximal,maximize_sum_testing_e_values_at_maximum_cardinality,proven_optimal,0.0,0.0,1846.40426978216,0,0,0,,,,0,0,0,0,0,0,0.0,0.0,0.0,0.0,0.0,0.0,0,0,0.1476249999832362,3,3,252,52,0,,method1_proportional_scores_gamma1,unrestricted_maximum_cardinality_then_maximum_testing_evalue_sum,200,0,0,exact_fixed_count_order_statistics,300.0,1,False
123,eeb2f620e014ab2c4be8fc68dbf934267e597dabb34e3301611bd25ab014ec45,proven_maximal,maximize_sum_testing_e_values_at_maximum_cardinality,proven_optimal,299.02800757717057,0.5688428282784148,525.677731548747,0,0,2,,,47;119,0,0,2,0,0,0,0.0,0.0,0.06666666666666667,0.0,0.0,0.0,0,2,0.4980827998369932,7,5,244,42,2,,method1_proportional_scores_gamma1,unrestricted_maximum_cardinality_then_maximum_testing_evalue_sum,200,0,0,exact_fixed_count_order_statistics,300.0,1,False
124,a373b8a87534bedde2dc6c493784e104be4cc8c8c301073e6669805597e65bdc,proven_maximal,maximize_sum_testing_e_values_at_maximum_cardinality,proven_optimal,1138.7099785576436,0.07652102624455101,14881.007671257285,0,0,1,,,175,0,0,1,0,0,0,0.0,0.0,0.03333333333333333,0.0,0.0,0.0,0,1,0.18590799998492002,3,3,250,51,1,,method1_proportional_scores_gamma1,unrestricted_maximum_cardinality_then_maximum_testing_evalue_sum,200,0,5,exact_fixed_count_order_statistics,300.0,1,False
125,14f7f8a9547c2a7d3dc15ad47a861b2cfb6b910b9277fa11aaec39b19deaa64d,proven_maximal,maximize_sum_testing_e_values_at_maximum_cardinality,proven_optimal,0.0,0.0,28735.063849771992,0,0,0,,,,0,0,0,0,0,0,0.0,0.0,0.0,0.0,0.0,0.0,0,0,0.14854019996710122,3,3,244,44,0,,method1_proportional_scores_gamma1,unrestricted_maximum_cardinality_then_maximum_testing_evalue_sum,200,0,5,exact_fixed_count_order_statistics,300.0,1,False
126,096b306c93b75cad4dcec2c291a59b80d561ca4a931e78b9d445527971c3a028,proven_maximal,maximize_sum_testing_e_values_at_maximum_cardinality,proven_optimal,0.0,0.0,75732.96465978015,0,0,0,,,,0,0,0,0,0,0,0.0,0.0,0.0,0.0,0.0,0.0,0,0,0.2175771000329405,3,3,279,79,0,,method1_proportional_scores_gamma1,unrestricted_maximum_cardinality_then_maximum_testing_evalue_sum,200,0,13,exact_fixed_count_order_statistics,300.0,1,False
127,32c86d8121d257ecb9b5501e52aa10ef12650a10d5b927c9f0b0e9f88b093746,proven_maximal,maximize_sum_testing_e_values_at_maximum_cardinality,proven_optimal,3730.84918452947,0.34257403080188936,10890.636326975471,0,0,7,,,43;61;115;123;141;147;199,0,0,7,0,0,0,0.0,0.0,0.23333333333333334,0.0,0.0,0.0,0,7,0.5158293999265879,8,6,254,52,7,,method1_proportional_scores_gamma1,unrestricted_maximum_cardinality_then_maximum_testing_evalue_sum,200,0,5,exact_fixed_count_order_statistics,300.0,1,False
128,df96e32c8241622512ed268bf62dee2dd80104af46ee145c47ca066ecb3326a9,proven_maximal,maximize_sum_testing_e_values_at_maximum_cardinality,proven_optimal,49339.54283611495,1.3730392995520448,35934.545247329785,0,0,7,,,3;31;47;68;162;182;190,0,0,7,0,0,0,0.0,0.0,0.23333333333333334,0.0,0.0,0.0,0,7,0.5020623998716474,8,6,247,44,7,,method1_proportional_scores_gamma1,unrestricted_maximum_cardinality_then_maximum_testing_evalue_sum,200,0,4,exact_fixed_count_order_statistics,300.0,1,False
129,182e3b9559ba9e9ffdc3e3fcadd2f34e4619d622779275901109ba7a62dc53c9,proven_maximal,maximize_sum_testing_e_values_at_maximum_cardinality,proven_optimal,0.0,0.0,56413.13353018596,0,0,0,,,,0,0,0,0,0,0,0.0,0.0,0.0,0.0,0.0,0.0,0,0,0.4009644000325352,5,3,260,59,0,,method1_proportional_scores_gamma1,unrestricted_maximum_cardinality_then_maximum_testing_evalue_sum,200,0,10,exact_fixed_count_order_statistics,300.0,1,False
130,4a4528a4d7fd332d7beff028fe7aa50891210926da8c2f9b9eb82aa5c9fdf810,proven_maximal,maximize_sum_testing_e_values_at_maximum_cardinality,proven_optimal,16332.322658140056,1.4505752072457485,11259.204332570069,0,0,10,,,53;60;61;96;110;120;137;145;159;173,0,0,10,0,0,0,0.0,0.0,0.3333333333333333,0.0,0.0,0.0,0,10,0.2393052999395877,7,7,264,57,10,,method1_proportional_scores_gamma1,unrestricted_maximum_cardinality_then_maximum_testing_evalue_sum,200,0,10,exact_fixed_count_order_statistics,300.0,1,False
131,00a04c5a29114600b73e498f0a6bc9c1f9103744caecc44043df554cd3a4dc17,proven_maximal,maximize_sum_testing_e_values_at_maximum_cardinality,proven_optimal,136547.23772851494,1.2520621801708431,109057.87259693696,0,0,10,,,2;27;39;62;75;90;99;128;136;175,0,0,10,0,0,0,0.0,0.0,0.3333333333333333,0.0,0.0,0.0,0,10,1.5731989000923932,15,14,311,62,10,,method1_proportional_scores_gamma1,unrestricted_maximum_cardinality_then_maximum_testing_evalue_sum,200,0,11,exact_fixed_count_order_statistics,300.0,1,False
132,4e2699b8e47dd247f0db76428f67cc1bdfa610f6b0481f6134051b72cc7fc5cd,proven_maximal,maximize_sum_testing_e_values_at_maximum_cardinality,proven_optimal,13957.626892353863,2.3753457783527736,5876.040035751355,0,0,8,,,5;17;43;85;99;100;109;126,0,0,8,0,0,0,0.0,0.0,0.26666666666666666,0.0,0.0,0.0,0,8,0.5112377998884767,8,6,247,46,8,,method1_proportional_scores_gamma1,unrestricted_maximum_cardinality_then_maximum_testing_evalue_sum,200,0,4,exact_fixed_count_order_statistics,300.0,1,False
133,236237570a26e9836caac9f37e7523d8366895ac704abe68275ff8f66092869f,proven_maximal,maximize_sum_testing_e_values_at_maximum_cardinality,proven_optimal,8353.167997584982,1.0,8353.167997584982,0,0,1,,,5,0,0,1,0,0,0,0.0,0.0,0.03333333333333333,0.0,0.0,0.0,0,1,0.16191169992089272,3,3,252,53,1,,method1_proportional_scores_gamma1,unrestricted_maximum_cardinality_then_maximum_testing_evalue_sum,200,0,4,exact_fixed_count_order_statistics,300.0,1,False
134,1465e891319dff4b878ee1968f2b918ca74d568a6c60a7393aa636da4a7487a0,proven_maximal,maximize_sum_testing_e_values_at_maximum_cardinality,proven_optimal,76914.05052837127,1.0297628612918364,74691.03171178914,0,0,3,,,67;99;196,0,0,3,0,0,0,0.0,0.0,0.1,0.0,0.0,0.0,0,3,0.1699963000137359,3,3,252,54,3,,method1_proportional_scores_gamma1,unrestricted_maximum_cardinality_then_maximum_testing_evalue_sum,200,0,10,exact_fixed_count_order_statistics,300.0,1,False
135,1711ed3e47b5f69b575163379cbaec452caf48ba5c7bc51624d2e4e867a379e2,proven_maximal,maximize_sum_testing_e_values_at_maximum_cardinality,proven_optimal,75578.40184603415,1.2905396790082595,58563.40806515446,0,0,16,,,24;38;39;43;55;56;60;73;83;85;117;142;151;183;193;197,0,0,16,0,0,0,0.0,0.0,0.5333333333333333,0.0,0.0,0.0,0,16,1.0770272999070585,18,17,309,52,16,,method1_proportional_scores_gamma1,unrestricted_maximum_cardinality_then_maximum_testing_evalue_sum,200,0,9,exact_fixed_count_order_statistics,300.0,1,False
136,02c1fce86fb8166579e7b54669d20038fbbd8688c507507689ace2d35d4a18fe,proven_maximal,maximize_sum_testing_e_values_at_maximum_cardinality,proven_optimal,6840.054517460046,0.2619564439641877,26111.419188432545,0,0,5,,,26;56;100;171;180,0,0,5,0,0,0,0.0,0.0,0.16666666666666666,0.0,0.0,0.0,0,5,0.47833189996890724,5,4,256,58,5,,method1_proportional_scores_gamma1,unrestricted_maximum_cardinality_then_maximum_testing_evalue_sum,200,0,4,exact_fixed_count_order_statistics,300.0,1,False
137,1c595619ac71c24e68ba3d27ba0ab603791b5d36374354255a1a0d6226ba376c,proven_maximal,maximize_sum_testing_e_values_at_maximum_cardinality,proven_optimal,39449.34908836401,1.461469650962183,26992.930754594785,0,0,8,,,36;39;47;58;111;153;157;158,0,0,8,0,0,0,0.0,0.0,0.26666666666666666,0.0,0.0,0.0,0,8,0.6288113000337034,16,15,261,49,8,,method1_proportional_scores_gamma1,unrestricted_maximum_cardinality_then_maximum_testing_evalue_sum,200,0,10,exact_fixed_count_order_statistics,300.0,1,False
138,45f2640ecd314ec5718a0b98c5cfb09657ada3d1e8c8060a66a72975d171e029,proven_maximal,maximize_sum_testing_e_values_at_maximum_cardinality,proven_optimal,10288.963143886347,1.2947147019468388,7946.896044676887,0,0,10,,,7;22;87;90;99;119;144;145;152;183,0,0,10,0,0,0,0.0,0.0,0.3333333333333333,0.0,0.0,0.0,0,10,0.7497690999880433,15,14,280,65,10,,method1_proportional_scores_gamma1,unrestricted_maximum_cardinality_then_maximum_testing_evalue_sum,200,0,2,exact_fixed_count_order_statistics,300.0,1,False
139,84fde7c696651f180f77fbaf9dadfec306656d1c56e5847fe58da2985eeb39f4,proven_maximal,maximize_sum_testing_e_values_at_maximum_cardinality,proven_optimal,39147.44524041945,1.0414624011754003,37588.918424935386,0,0,4,,,33;94;122;195,0,0,4,0,0,0,0.0,0.0,0.13333333333333333,0.0,0.0,0.0,0,4,0.15554399997927248,3,3,250,52,4,,method1_proportional_scores_gamma1,unrestricted_maximum_cardinality_then_maximum_testing_evalue_sum,200,0,12,exact_fixed_count_order_statistics,300.0,1,False
140,5abb97c96015defb068c130c941fe4ccf0ca9cccb03ccb858d15ca824b353a4c,proven_maximal,maximize_sum_testing_e_values_at_maximum_cardinality,proven_optimal,0.0,0.0,3224.913175363004,0,0,0,,,,0,0,0,0,0,0,0.0,0.0,0.0,0.0,0.0,0.0,0,0,0.17016109987162054,3,3,257,57,0,,method1_proportional_scores_gamma1,unrestricted_maximum_cardinality_then_maximum_testing_evalue_sum,200,0,6,exact_fixed_count_order_statistics,300.0,1,False
141,340fd3fa3a8cd45a1af3a2255b8e16966ed7a5c484a86e8f394965716d928a8c,proven_maximal,maximize_sum_testing_e_values_at_maximum_cardinality,proven_optimal,145698.99628724478,1.7194807695532055,84734.29820625653,0,0,14,,,18;23;33;50;73;83;88;102;127;135;155;161;186;197,0,0,14,0,0,0,0.0,0.0,0.4666666666666667,0.0,0.0,0.0,0,14,0.6104860999621451,14,14,268,46,14,,method1_proportional_scores_gamma1,unrestricted_maximum_cardinality_then_maximum_testing_evalue_sum,200,0,7,exact_fixed_count_order_statistics,300.0,1,False
142,7e6e05b94439206cfdca6418454bd549cb110d632b296fd94ad0abab6bd940c8,proven_maximal,maximize_sum_testing_e_values_at_maximum_cardinality,proven_optimal,40107.403279236634,3.9929233958062658,10044.621272063749,0,0,23,,,19;21;28;43;52;62;65;93;101;108;114;124;127;130;132;134;142;146;165;174;180;191;197,0,0,23,0,0,0,0.0,0.0,0.7666666666666667,0.0,0.0,0.0,0,23,0.40227259998209774,12,12,245,48,23,,method1_proportional_scores_gamma1,unrestricted_maximum_cardinality_then_maximum_testing_evalue_sum,200,0,11,exact_fixed_count_order_statistics,300.0,1,False
143,ba51884d6df0b213e561f43ed67d67e52c3d829f8a22695c82745ede8ecb3d4b,proven_maximal,maximize_sum_testing_e_values_at_maximum_cardinality,proven_optimal,23811.22336064926,2.092570377674733,11378.935501853142,0,0,6,,,18;41;50;113;116;193,0,0,6,0,0,0,0.0,0.0,0.2,0.0,0.0,0.0,0,6,0.4409693998750299,11,10,260,54,6,,method1_proportional_scores_gamma1,unrestricted_maximum_cardinality_then_maximum_testing_evalue_sum,200,0,12,exact_fixed_count_order_statistics,300.0,1,False
144,2bbe49a48455e5cbf3e04e691aa9ead5e1df345028fbdf684ec8935434b8682e,proven_maximal,maximize_sum_testing_e_values_at_maximum_cardinality,proven_optimal,76598.99084559342,1.0226883393557349,74899.64234250353,0,0,5,,,17;52;75;170;185,0,0,5,0,0,0,0.0,0.0,0.16666666666666666,0.0,0.0,0.0,0,5,0.48500159988179803,7,5,243,45,5,,method1_proportional_scores_gamma1,unrestricted_maximum_cardinality_then_maximum_testing_evalue_sum,200,0,4,exact_fixed_count_order_statistics,300.0,1,False
145,7d3a609f6b11e1ce9de00603798e12c6436caf5235823a21f55c55baea8e5148,proven_maximal,maximize_sum_testing_e_values_at_maximum_cardinality,proven_optimal,16090.75061315935,2.0143996505089423,7987.864081039723,0,0,7,,,40;62;101;133;154;169;197,0,0,7,0,0,0,0.0,0.0,0.23333333333333334,0.0,0.0,0.0,0,7,0.5287881998810917,10,8,258,56,7,,method1_proportional_scores_gamma1,unrestricted_maximum_cardinality_then_maximum_testing_evalue_sum,200,0,6,exact_fixed_count_order_statistics,300.0,1,False
146,9dc8950e9f111f35debc7356921f50f3dff83614509fda531baa6822fadab9a2,proven_maximal,maximize_sum_testing_e_values_at_maximum_cardinality,proven_optimal,965.914840039755,0.09875419066412212,9781.001024300596,0,0,3,,,72;100;186,0,0,3,0,0,0,0.0,0.0,0.1,0.0,0.0,0.0,0,3,0.13980750017799437,3,3,242,44,3,,method1_proportional_scores_gamma1,unrestricted_maximum_cardinality_then_maximum_testing_evalue_sum,200,0,4,exact_fixed_count_order_statistics,300.0,1,False
147,d4a239bc0152cb3cd3664a794c217f3a15338fb7b221e615fe7665bf6c6d33f2,proven_maximal,maximize_sum_testing_e_values_at_maximum_cardinality,proven_optimal,43039.51047518587,1.29355749021803,33272.20537212577,0,0,13,,,43;57;83;97;107;116;143;160;167;173;175;179;197,0,0,13,0,0,0,0.0,0.0,0.43333333333333335,0.0,0.0,0.0,0,13,0.6359621998853981,15,15,300,54,13,,method1_proportional_scores_gamma1,unrestricted_maximum_cardinality_then_maximum_testing_evalue_sum,200,0,7,exact_fixed_count_order_statistics,300.0,1,False
148,2080d58eafef1abe1c7e5ccdb7eb15311e4bdff674d42dd376bf7c5e64fd465e,proven_maximal,maximize_sum_testing_e_values_at_maximum_cardinality,proven_optimal,19903.43667396313,1.1660240867299985,17069.490159315996,0,0,7,,,27;42;67;87;96;125;134,0,0,7,0,0,0,0.0,0.0,0.23333333333333334,0.0,0.0,0.0,0,7,0.5117587000131607,12,10,259,51,7,,method1_proportional_scores_gamma1,unrestricted_maximum_cardinality_then_maximum_testing_evalue_sum,200,0,9,exact_fixed_count_order_statistics,300.0,1,False
149,1a2aff3551fe20964fbdc735fcf45a41e90af46efa23645efa120b241895d5fe,proven_maximal,maximize_sum_testing_e_values_at_maximum_cardinality,proven_optimal,315464.8798360823,1.087758076121363,290013.8245453811,0,0,19,,,3;17;32;51;56;58;81;92;111;125;127;138;143;148;161;168;170;187;198,0,0,19,0,0,0,0.0,0.0,0.6333333333333333,0.0,0.0,0.0,0,19,0.2446477001067251,8,8,255,56,19,,method1_proportional_scores_gamma1,unrestricted_maximum_cardinality_then_maximum_testing_evalue_sum,200,0,13,exact_fixed_count_order_statistics,300.0,1,False
150,6b63385031eabdd23f529162874b43516573611f3ee648ce47f1d7ca158dbe12,proven_maximal,maximize_sum_testing_e_values_at_maximum_cardinality,proven_optimal,798.8123546954174,0.00727402924587073,109817.03918071016,0,0,1,,,151,0,0,1,0,0,0,0.0,0.0,0.03333333333333333,0.0,0.0,0.0,0,1,0.13954690005630255,3,3,248,49,1,,method1_proportional_scores_gamma1,unrestricted_maximum_cardinality_then_maximum_testing_evalue_sum,200,0,9,exact_fixed_count_order_statistics,300.0,1,False
151,44cbf4f952db8ab23a84f63d794db06286d57bb2309393342459a87f5d39c8da,proven_maximal,maximize_sum_testing_e_values_at_maximum_cardinality,proven_optimal,31906.91262812984,1.0499701517818603,30388.39968353573,0,0,4,,,47;72;91;120,0,0,4,0,0,0,0.0,0.0,0.13333333333333333,0.0,0.0,0.0,0,4,0.42690309998579323,5,4,259,61,4,,method1_proportional_scores_gamma1,unrestricted_maximum_cardinality_then_maximum_testing_evalue_sum,200,0,7,exact_fixed_count_order_statistics,300.0,1,False
152,1a95c85cee92d58b0d3afd84deb2a97be7d047c730d64c0f7779d97e1275bd85,proven_maximal,maximize_sum_testing_e_values_at_maximum_cardinality,proven_optimal,521.3296436870622,0.02034644978486901,25622.634375986225,0,0,1,,,194,0,0,1,0,0,0,0.0,0.0,0.03333333333333333,0.0,0.0,0.0,0,1,0.18220639997161925,3,3,251,52,1,,method1_proportional_scores_gamma1,unrestricted_maximum_cardinality_then_maximum_testing_evalue_sum,200,0,3,exact_fixed_count_order_statistics,300.0,1,False
153,6d64669c8af2d84b8d3c6396cd709dcad605e3701b71c3bf267925a257cef4d7,proven_maximal,maximize_sum_testing_e_values_at_maximum_cardinality,proven_optimal,23516.237950180574,0.2556246003469701,91995.20671430288,0,0,8,,,19;68;75;84;135;144;169;174,0,0,8,0,0,0,0.0,0.0,0.26666666666666666,0.0,0.0,0.0,0,8,0.42576740006916225,7,6,265,57,8,,method1_proportional_scores_gamma1,unrestricted_maximum_cardinality_then_maximum_testing_evalue_sum,200,0,8,exact_fixed_count_order_statistics,300.0,1,False
154,6252482018d61c75747125443e048ae216cc2bf8b6020605c8705ca7f3231826,proven_maximal,maximize_sum_testing_e_values_at_maximum_cardinality,proven_optimal,15365.470122104314,0.8794071770753001,17472.532090545617,0,0,9,,,42;62;67;122;125;129;134;172;175,0,0,9,0,0,0,0.0,0.0,0.3,0.0,0.0,0.0,0,9,1.0386294000782073,22,20,321,56,9,,method1_proportional_scores_gamma1,unrestricted_maximum_cardinality_then_maximum_testing_evalue_sum,200,0,5,exact_fixed_count_order_statistics,300.0,1,False
155,eed38715101bda36e2a80bd97018c896c26561a88747876aa7a29317f4d657b4,proven_maximal,maximize_sum_testing_e_values_at_maximum_cardinality,proven_optimal,234519.21226573392,1.0433790467070494,224768.9495067847,0,0,7,,,4;15;43;68;78;87;186,0,0,7,0,0,0,0.0,0.0,0.23333333333333334,0.0,0.0,0.0,0,7,0.509903599973768,9,7,269,58,7,,method1_proportional_scores_gamma1,unrestricted_maximum_cardinality_then_maximum_testing_evalue_sum,200,0,11,exact_fixed_count_order_statistics,300.0,1,False
156,65eed252cc5ce611d1150c5ac2a898920ad5c58a4fd12ef43a3562b623502973,proven_maximal,maximize_sum_testing_e_values_at_maximum_cardinality,proven_optimal,34331.870698983854,0.8486302256283504,40455.63033482992,0,0,12,,,1;12;21;22;25;26;51;53;86;115;153;176,0,0,12,0,0,0,0.0,0.0,0.4,0.0,0.0,0.0,0,12,0.36269379989244044,9,9,260,45,12,,method1_proportional_scores_gamma1,unrestricted_maximum_cardinality_then_maximum_testing_evalue_sum,200,0,7,exact_fixed_count_order_statistics,300.0,1,False
157,0cda4b3f22497b3486f7fc2b4698a8518f574cbd1b42715d912d284dfb627a1c,proven_maximal,maximize_sum_testing_e_values_at_maximum_cardinality,proven_optimal,2256.6980148857647,0.24007142284407623,9400.110967607608,0,0,1,,,105,0,0,1,0,0,0,0.0,0.0,0.03333333333333333,0.0,0.0,0.0,0,1,0.1490027999971062,3,3,243,44,1,,method1_proportional_scores_gamma1,unrestricted_maximum_cardinality_then_maximum_testing_evalue_sum,200,0,5,exact_fixed_count_order_statistics,300.0,1,False
158,aa0cafd88d324134876f709f774f7671c72fd61e40bdee1e773b35bb3ec3e0e6,proven_maximal,maximize_sum_testing_e_values_at_maximum_cardinality,proven_optimal,52167.27426402418,2.3363704698211367,22328.34002050107,0,0,13,,,4;5;21;28;35;52;73;86;107;118;143;178;193,0,0,13,0,0,0,0.0,0.0,0.43333333333333335,0.0,0.0,0.0,0,13,0.20747589995153248,4,4,241,46,13,,method1_proportional_scores_gamma1,unrestricted_maximum_cardinality_then_maximum_testing_evalue_sum,200,0,9,exact_fixed_count_order_statistics,300.0,1,False
159,9eae43cb80145e13657b3e315ef39e0bc221c72f5c84d5e370b481d0f95c698c,proven_maximal,maximize_sum_testing_e_values_at_maximum_cardinality,proven_optimal,124491.03329875885,1.0043490317427417,123951.96228022702,0,0,4,,,44;114;140;161,0,0,4,0,0,0,0.0,0.0,0.13333333333333333,0.0,0.0,0.0,0,4,0.1455920001026243,3,3,252,55,4,,method1_proportional_scores_gamma1,unrestricted_maximum_cardinality_then_maximum_testing_evalue_sum,200,0,4,exact_fixed_count_order_statistics,300.0,1,False
160,223e69b143ea8228aafc453c448af7fafde9b2c2393e54dd06742717ae388141,proven_maximal,maximize_sum_testing_e_values_at_maximum_cardinality,proven_optimal,26785.50397230453,1.2170705456127662,22008.17698600919,0,0,11,,,30;31;90;105;125;127;131;151;155;167;178,0,0,11,0,0,0,0.0,0.0,0.36666666666666664,0.0,0.0,0.0,0,11,0.8219582999590784,17,17,314,51,11,,method1_proportional_scores_gamma1,unrestricted_maximum_cardinality_then_maximum_testing_evalue_sum,200,0,6,exact_fixed_count_order_statistics,300.0,1,False
161,61e328ce49656d91f4bf8b8e1e2d5b9e51803c0e8af79377c0a3041a0d34a378,proven_maximal,maximize_sum_testing_e_values_at_maximum_cardinality,proven_optimal,9635.972178248208,2.4764144066846816,3891.098417226719,0,0,12,,,18;38;43;55;81;94;96;102;113;122;191;198,0,0,12,0,0,0,0.0,0.0,0.4,0.0,0.0,0.0,0,12,0.6789086998905987,12,12,272,61,12,,method1_proportional_scores_gamma1,unrestricted_maximum_cardinality_then_maximum_testing_evalue_sum,200,0,9,exact_fixed_count_order_statistics,300.0,1,False
162,98d8da255627c17f16d04d29d380c181e1de296f31b68f8b69ddcfa790abf757,proven_maximal,maximize_sum_testing_e_values_at_maximum_cardinality,proven_optimal,910.7586441961154,0.17106525171732545,5324.042346724434,0,0,3,,,42;84;139,0,0,3,0,0,0,0.0,0.0,0.1,0.0,0.0,0.0,0,3,0.5198383999522775,12,9,255,47,3,,method1_proportional_scores_gamma1,unrestricted_maximum_cardinality_then_maximum_testing_evalue_sum,200,0,2,exact_fixed_count_order_statistics,300.0,1,False
163,9d02ae5c0c0c6d60c663601c825957eb22488ecbadebec7c1f3d43998b9d323b,proven_maximal,maximize_sum_testing_e_values_at_maximum_cardinality,proven_optimal,13704.083860250517,2.0355456239914536,6732.388455817808,0,0,17,,,7;10;17;22;32;38;50;92;101;106;110;112;116;156;158;185;196,0,0,17,0,0,0,0.0,0.0,0.5666666666666667,0.0,0.0,0.0,0,17,0.2787846999708563,8,8,266,51,17,,method1_proportional_scores_gamma1,unrestricted_maximum_cardinality_then_maximum_testing_evalue_sum,200,0,5,exact_fixed_count_order_statistics,300.0,1,False
164,72895f4ed3998da456386750b53397e6991e5c0ee6f3a6438e3869686508a008,proven_maximal,maximize_sum_testing_e_values_at_maximum_cardinality,proven_optimal,21004.033512413425,1.3118431187947315,16011.086395537206,0,0,4,,,3;69;73;95,0,0,4,0,0,0,0.0,0.0,0.13333333333333333,0.0,0.0,0.0,0,4,0.1374427000992,3,3,251,54,4,,method1_proportional_scores_gamma1,unrestricted_maximum_cardinality_then_maximum_testing_evalue_sum,200,0,4,exact_fixed_count_order_statistics,300.0,1,False
165,e72f768b677896b934ad81f31fc656085456cc7c7f77aec275b5c0bb3ac17886,proven_maximal,maximize_sum_testing_e_values_at_maximum_cardinality,proven_optimal,69384.04112334993,1.2028197962149199,57684.48552450694,0,0,15,,,1;12;24;25;33;42;54;96;133;135;136;137;142;165;183,0,0,15,0,0,0,0.0,0.0,0.5,0.0,0.0,0.0,0,15,0.7033724000211805,14,14,280,52,15,,method1_proportional_scores_gamma1,unrestricted_maximum_cardinality_then_maximum_testing_evalue_sum,200,0,11,exact_fixed_count_order_statistics,300.0,1,False
166,ff6d23e0d6ff9111fc98056c5b3cc4bf066f9ce5d31ca06cd29b7faaf2b7258c,proven_maximal,maximize_sum_testing_e_values_at_maximum_cardinality,proven_optimal,785503.8899181895,1.2379753156651008,634506.9081576788,0,0,14,,,14;18;21;30;40;48;105;111;129;133;143;145;148;167,0,0,13,0,0,1,0.0,0.0,0.43333333333333335,0.0,0.0,0.07142857142857142,0,14,6.07936009997502,113,112,641,52,14,,method1_proportional_scores_gamma1,unrestricted_maximum_cardinality_then_maximum_testing_evalue_sum,200,0,12,exact_fixed_count_order_statistics,300.0,1,False
167,b2f85ffe72eb0f27f8de0808ea811282bb830106d038315374cd28b945923ddc,proven_maximal,maximize_sum_testing_e_values_at_maximum_cardinality,proven_optimal,20351.12834074302,3.4206373430600645,5949.513584663472,0,0,11,,,8;21;36;55;66;85;95;111;117;130;144,0,0,11,0,0,0,0.0,0.0,0.36666666666666664,0.0,0.0,0.0,0,11,0.2775227997917682,9,9,256,45,11,,method1_proportional_scores_gamma1,unrestricted_maximum_cardinality_then_maximum_testing_evalue_sum,200,0,9,exact_fixed_count_order_statistics,300.0,1,False
168,fc161596c979029aa78aa81f8fe16a8ab8ef25f0bca40ba2bc7d8cff08a3c5a9,proven_maximal,maximize_sum_testing_e_values_at_maximum_cardinality,proven_optimal,23795.791935896075,1.4112059308839393,16862.026593801987,0,0,2,,,161;169,0,0,2,0,0,0,0.0,0.0,0.06666666666666667,0.0,0.0,0.0,0,2,0.15396649995818734,3,3,253,55,2,,method1_proportional_scores_gamma1,unrestricted_maximum_cardinality_then_maximum_testing_evalue_sum,200,0,9,exact_fixed_count_order_statistics,300.0,1,False
169,8ad2d325345784291933d432fe39af22ed1b6e6e261772b64858f5fe438761b5,proven_maximal,maximize_sum_testing_e_values_at_maximum_cardinality,proven_optimal,42630.196789275025,1.2968114143512492,32873.08880651815,0,0,13,,,4;37;85;87;94;110;120;144;149;173;180;192;197,0,0,13,0,0,0,0.0,0.0,0.43333333333333335,0.0,0.0,0.0,0,13,0.7949083000421524,17,17,325,52,13,,method1_proportional_scores_gamma1,unrestricted_maximum_cardinality_then_maximum_testing_evalue_sum,200,0,9,exact_fixed_count_order_statistics,300.0,1,False
170,935c07f42d2ffd4a4c1eb0b9422719c9a9df7ca1bacc47e0201a3d9c23e4de51,proven_maximal,maximize_sum_testing_e_values_at_maximum_cardinality,proven_optimal,33803.90822381658,2.0735093061495533,16302.752113801436,0,0,9,,,7;16;47;66;103;129;140;165;173,0,0,9,0,0,0,0.0,0.0,0.3,0.0,0.0,0.0,0,9,0.3806272998917848,5,4,241,47,9,,method1_proportional_scores_gamma1,unrestricted_maximum_cardinality_then_maximum_testing_evalue_sum,200,0,5,exact_fixed_count_order_statistics,300.0,1,False
171,89bea9215983acf1a8c83a08fd9b57414b2dbb1373fce9c22287a0d5ef54738b,proven_maximal,maximize_sum_testing_e_values_at_maximum_cardinality,proven_optimal,15476.72675319406,1.559354538060202,9925.08526793831,0,0,4,,,72;128;135;168,0,0,4,0,0,0,0.0,0.0,0.13333333333333333,0.0,0.0,0.0,0,4,0.32600979995913804,5,4,244,46,4,,method1_proportional_scores_gamma1,unrestricted_maximum_cardinality_then_maximum_testing_evalue_sum,200,0,4,exact_fixed_count_order_statistics,300.0,1,False
172,9f08dac6b2445affd9ef7d71015bf54db3ade6dc1275dc572a6bae466f642433,proven_maximal,maximize_sum_testing_e_values_at_maximum_cardinality,proven_optimal,35693.15196790757,2.1448900685814167,16641.0169410287,0,0,11,,,17;38;52;82;94;105;116;139;142;156;191,0,0,11,0,0,0,0.0,0.0,0.36666666666666664,0.0,0.0,0.0,0,11,0.1613414001185447,5,5,247,50,11,,method1_proportional_scores_gamma1,unrestricted_maximum_cardinality_then_maximum_testing_evalue_sum,200,0,9,exact_fixed_count_order_statistics,300.0,1,False
173,0a7d324887e5ca6477ae2cfae4e9b8e04fd7127bd72c28223a8b134238ec3179,proven_maximal,maximize_sum_testing_e_values_at_maximum_cardinality,proven_optimal,606.3705378462454,0.023262046703941608,26066.946970040244,0,0,1,,,62,0,0,1,0,0,0,0.0,0.0,0.03333333333333333,0.0,0.0,0.0,0,1,0.15211690007708967,3,3,240,41,1,,method1_proportional_scores_gamma1,unrestricted_maximum_cardinality_then_maximum_testing_evalue_sum,200,0,17,exact_fixed_count_order_statistics,300.0,1,False
174,c5996840e401ea9f472e3e24c25b8677f045e335691234d285b557eecdbca7a5,proven_maximal,maximize_sum_testing_e_values_at_maximum_cardinality,proven_optimal,51620.812765606956,2.0035017046140577,25765.295156337725,0,0,8,,,1;36;41;49;62;126;153;189,0,0,8,0,0,0,0.0,0.0,0.26666666666666666,0.0,0.0,0.0,0,8,0.3273229000624269,5,5,272,72,8,,method1_proportional_scores_gamma1,unrestricted_maximum_cardinality_then_maximum_testing_evalue_sum,200,0,8,exact_fixed_count_order_statistics,300.0,1,False
175,f860467ca6fd7f17cd791ce1b2005344cda45deb40529f915009e5a4b3397f5d,proven_maximal,maximize_sum_testing_e_values_at_maximum_cardinality,proven_optimal,0.0,0.0,40498.16284426238,0,0,0,,,,0,0,0,0,0,0,0.0,0.0,0.0,0.0,0.0,0.0,0,0,0.15369559987448156,3,3,260,60,0,,method1_proportional_scores_gamma1,unrestricted_maximum_cardinality_then_maximum_testing_evalue_sum,200,0,13,exact_fixed_count_order_statistics,300.0,1,False
176,3a955621f5d09262fdb5b6202136e0708b520187efa04018d17a024a8711d24a,proven_maximal,maximize_sum_testing_e_values_at_maximum_cardinality,proven_optimal,6024.240178063629,0.8716178497137644,6911.56127658694,0,0,6,,,10;46;94;104;128;133,0,0,6,0,0,0,0.0,0.0,0.2,0.0,0.0,0.0,0,6,0.4844553000293672,7,5,257,59,6,,method1_proportional_scores_gamma1,unrestricted_maximum_cardinality_then_maximum_testing_evalue_sum,200,0,10,exact_fixed_count_order_statistics,300.0,1,False
177,820c159c9096194b60c7e915df6e255d81dba539b2e0c27e3667a87e5deb8d6a,proven_maximal,maximize_sum_testing_e_values_at_maximum_cardinality,proven_optimal,161291.60126101164,1.058218309861062,152418.07834735754,0,0,9,,,1;16;22;23;31;70;73;88;131,0,0,9,0,0,0,0.0,0.0,0.3,0.0,0.0,0.0,0,9,0.3308171001262963,5,4,244,48,9,,method1_proportional_scores_gamma1,unrestricted_maximum_cardinality_then_maximum_testing_evalue_sum,200,0,3,exact_fixed_count_order_statistics,300.0,1,False
178,196a888cd8320266c1433ca80a141d147f34ed3449393db6cdde3ce75880b029,proven_maximal,maximize_sum_testing_e_values_at_maximum_cardinality,proven_optimal,16300.604362165088,1.5554666506143855,10479.558887184498,0,0,12,,,20;28;36;44;49;69;78;122;124;134;163;173,0,0,12,0,0,0,0.0,0.0,0.4,0.0,0.0,0.0,0,12,0.7888672000262886,17,16,316,51,12,,method1_proportional_scores_gamma1,unrestricted_maximum_cardinality_then_maximum_testing_evalue_sum,200,0,5,exact_fixed_count_order_statistics,300.0,1,False
179,7c1e7eb6429189786d2a3dac14947cf055ba019f9ff8318d038250100e4bd86f,proven_maximal,maximize_sum_testing_e_values_at_maximum_cardinality,proven_optimal,0.0,0.0,3397.9282299204,0,0,0,,,,0,0,0,0,0,0,0.0,0.0,0.0,0.0,0.0,0.0,0,0,0.13122009998187423,3,3,251,51,0,,method1_proportional_scores_gamma1,unrestricted_maximum_cardinality_then_maximum_testing_evalue_sum,200,0,5,exact_fixed_count_order_statistics,300.0,1,False
180,ce6bde4ff51564b891fd6d57d6bfdd488bffaa8aa4750f9f7bf3e7845b6be8cc,proven_maximal,maximize_sum_testing_e_values_at_maximum_cardinality,proven_optimal,5379.4998319131555,2.4307585997547174,2213.095052900765,0,0,19,,,0;4;6;10;23;26;31;36;41;70;89;116;136;142;152;154;158;183;191,0,0,19,0,0,0,0.0,0.0,0.6333333333333333,0.0,0.0,0.0,0,19,0.3516840999945998,13,13,263,47,19,,method1_proportional_scores_gamma1,unrestricted_maximum_cardinality_then_maximum_testing_evalue_sum,200,0,0,exact_fixed_count_order_statistics,300.0,1,False
181,e91bc1c6632ae2f7dd06581408e40b83fc4f6932b175fcd53e386af1836885c8,proven_maximal,maximize_sum_testing_e_values_at_maximum_cardinality,proven_optimal,142632.3192352496,1.7051616827759362,83647.38703431911,0,0,13,,,17;21;24;41;70;88;135;156;165;176;184;187;197,0,0,13,0,0,0,0.0,0.0,0.43333333333333335,0.0,0.0,0.0,0,13,0.37163529987446964,7,7,248,48,13,,method1_proportional_scores_gamma1,unrestricted_maximum_cardinality_then_maximum_testing_evalue_sum,200,0,7,exact_fixed_count_order_statistics,300.0,1,False
182,e5ed3382fba7e8f2df92b6a9427fb612a5112d4de32a71d159b0e33c20cc56eb,proven_maximal,maximize_sum_testing_e_values_at_maximum_cardinality,proven_optimal,11701.288430225082,1.9407176494169551,6029.361578558566,0,0,14,,,1;12;13;17;23;34;38;48;54;73;99;140;165;195,0,0,14,0,0,0,0.0,0.0,0.4666666666666667,0.0,0.0,0.0,0,14,0.21956460014916956,6,6,260,46,14,,method1_proportional_scores_gamma1,unrestricted_maximum_cardinality_then_maximum_testing_evalue_sum,200,0,3,exact_fixed_count_order_statistics,300.0,1,False
183,5c89c2b3cc02538ebd7e7776f9c851f19fc360e2798d47133a23412d1fef4d17,proven_maximal,maximize_sum_testing_e_values_at_maximum_cardinality,proven_optimal,132082.4798546651,1.2337974337948452,107053.6185574752,0,0,11,,,0;19;38;70;73;82;97;100;140;141;194,0,0,11,0,0,0,0.0,0.0,0.36666666666666664,0.0,0.0,0.0,0,11,1.0030294000171125,12,12,301,68,11,,method1_proportional_scores_gamma1,unrestricted_maximum_cardinality_then_maximum_testing_evalue_sum,200,0,4,exact_fixed_count_order_statistics,300.0,1,False
184,e367a7a68515812dbf601eedb902450adc60af26f29a3b89de0d181b442f9fcf,proven_maximal,maximize_sum_testing_e_values_at_maximum_cardinality,proven_optimal,4327.63127384294,0.30172643740441746,14342.89719877089,0,0,5,,,10;34;61;109;194,0,0,5,0,0,0,0.0,0.0,0.16666666666666666,0.0,0.0,0.0,0,5,0.5832630998920649,14,12,287,58,5,,method1_proportional_scores_gamma1,unrestricted_maximum_cardinality_then_maximum_testing_evalue_sum,200,0,4,exact_fixed_count_order_statistics,300.0,1,False
185,3fc96bdda301f696ff6019378a002de2ba17501a6b41d994668dffd2e1ba42c7,proven_maximal,maximize_sum_testing_e_values_at_maximum_cardinality,proven_optimal,0.0,0.0,62061.75727271006,0,0,0,,,,0,0,0,0,0,0,0.0,0.0,0.0,0.0,0.0,0.0,0,0,0.15725099993869662,3,3,264,64,0,,method1_proportional_scores_gamma1,unrestricted_maximum_cardinality_then_maximum_testing_evalue_sum,200,0,3,exact_fixed_count_order_statistics,300.0,1,False
186,3dfed543d86a347cfa475216e439cceda6fc849921300587c929d56efb619015,proven_maximal,maximize_sum_testing_e_values_at_maximum_cardinality,proven_optimal,101652.95973479984,1.4687303798680367,69211.45033027315,0,0,16,,,0;47;52;54;56;81;83;86;89;95;110;138;146;162;174;181,0,0,16,0,0,0,0.0,0.0,0.5333333333333333,0.0,0.0,0.0,0,16,0.22799629997462034,6,6,259,48,16,,method1_proportional_scores_gamma1,unrestricted_maximum_cardinality_then_maximum_testing_evalue_sum,200,0,9,exact_fixed_count_order_statistics,300.0,1,False
187,09b9beea46f05580fc0ab3178a97f39f3353032a3a14c02047b5a08e1e4a6333,proven_maximal,maximize_sum_testing_e_values_at_maximum_cardinality,proven_optimal,111655.48353503546,2.2237196963267545,50211.13214919725,0,0,11,,,19;58;74;80;84;116;135;136;151;177;188,0,0,11,0,0,0,0.0,0.0,0.36666666666666664,0.0,0.0,0.0,0,11,0.2969583999365568,6,6,247,43,11,,method1_proportional_scores_gamma1,unrestricted_maximum_cardinality_then_maximum_testing_evalue_sum,200,0,3,exact_fixed_count_order_statistics,300.0,1,False
188,80f95967b479a873a7129b6a8948c7a0ad800c832a1e5fad9ad73f3ba76498ef,proven_maximal,maximize_sum_testing_e_values_at_maximum_cardinality,proven_optimal,49830.492050347144,1.0281091868809031,48468.09335643019,0,0,4,,,72;125;158;159,0,0,4,0,0,0,0.0,0.0,0.13333333333333333,0.0,0.0,0.0,0,4,0.3012445999775082,4,4,256,58,4,,method1_proportional_scores_gamma1,unrestricted_maximum_cardinality_then_maximum_testing_evalue_sum,200,0,1,exact_fixed_count_order_statistics,300.0,1,False
189,a988aa9c919ee661c28ca818d97b0ca91201af4b0fabf223aeb3ede57f523ef9,proven_maximal,maximize_sum_testing_e_values_at_maximum_cardinality,proven_optimal,17347.663314526824,1.3276614916633025,13066.330102557667,0,0,5,,,9;56;63;67;105,0,0,5,0,0,0,0.0,0.0,0.16666666666666666,0.0,0.0,0.0,0,5,0.38282559998333454,5,4,254,56,5,,method1_proportional_scores_gamma1,unrestricted_maximum_cardinality_then_maximum_testing_evalue_sum,200,0,2,exact_fixed_count_order_statistics,300.0,1,False
190,fa7a626c19b1f031a6570ed0ed819c9cd859795c7713fc8b003e7b1027af5913,proven_maximal,maximize_sum_testing_e_values_at_maximum_cardinality,proven_optimal,68075.68167209724,2.438505731598021,27916.966029637068,0,0,11,,,4;16;34;65;77;89;125;126;147;163;190,0,0,11,0,0,0,0.0,0.0,0.36666666666666664,0.0,0.0,0.0,0,11,0.25446319999173284,6,6,241,47,11,,method1_proportional_scores_gamma1,unrestricted_maximum_cardinality_then_maximum_testing_evalue_sum,200,0,5,exact_fixed_count_order_statistics,300.0,1,False
191,8a274017b545226cba672c476a08de122ab8107a24a08c610cecb891f913a98b,proven_maximal,maximize_sum_testing_e_values_at_maximum_cardinality,proven_optimal,48375.90653107176,2.2349822778188995,21644.872539339063,0,0,16,,,3;31;33;57;67;68;75;78;81;97;102;106;159;174;178;193,0,0,16,0,0,0,0.0,0.0,0.5333333333333333,0.0,0.0,0.0,0,16,0.22414080007001758,6,6,246,51,16,,method1_proportional_scores_gamma1,unrestricted_maximum_cardinality_then_maximum_testing_evalue_sum,200,0,9,exact_fixed_count_order_statistics,300.0,1,False
192,cadf7ee6f8bc0886188cc8a1276e3319e68c7a00c6a73a614ab9fc6310932260,proven_maximal,maximize_sum_testing_e_values_at_maximum_cardinality,proven_optimal,412135.8765605031,1.1132052118259157,370224.53019646247,0,0,21,,,8;22;32;56;72;78;85;87;88;91;106;109;132;137;162;168;172;174;180;192;194,0,0,21,0,0,0,0.0,0.0,0.7,0.0,0.0,0.0,0,21,0.1830771998502314,5,5,248,50,21,,method1_proportional_scores_gamma1,unrestricted_maximum_cardinality_then_maximum_testing_evalue_sum,200,0,12,exact_fixed_count_order_statistics,300.0,1,False
193,8a4dc845fa5ba0c13f9d19111326a972f43bd8783b5f97bf841f96514a425bc9,proven_maximal,maximize_sum_testing_e_values_at_maximum_cardinality,proven_optimal,13947.942850224848,1.4132183553510376,9869.63040595396,0,0,10,,,17;44;56;78;87;91;98;124;143;192,0,0,10,0,0,0,0.0,0.0,0.3333333333333333,0.0,0.0,0.0,0,10,0.204066599952057,4,4,250,55,10,,method1_proportional_scores_gamma1,unrestricted_maximum_cardinality_then_maximum_testing_evalue_sum,200,0,1,exact_fixed_count_order_statistics,300.0,1,False
194,38df5384abf3119e764aeefa7a64d37eec9f156df51a7e4966e486929e0e281c,proven_maximal,maximize_sum_testing_e_values_at_maximum_cardinality,proven_optimal,18187.29713894876,1.233363191476004,14746.100146854114,0,0,5,,,54;116;162;166;178,0,0,5,0,0,0,0.0,0.0,0.16666666666666666,0.0,0.0,0.0,0,5,0.8838842001277953,17,12,274,49,5,,method1_proportional_scores_gamma1,unrestricted_maximum_cardinality_then_maximum_testing_evalue_sum,200,0,3,exact_fixed_count_order_statistics,300.0,1,False
195,9f2c2a2c7e87b56ce79410d0a369187dcefabe66586ce4b2327c7dcce0311955,proven_maximal,maximize_sum_testing_e_values_at_maximum_cardinality,proven_optimal,28335.041621074648,1.0011393198964549,28302.795682827906,0,0,2,,,115;163,0,0,2,0,0,0,0.0,0.0,0.06666666666666667,0.0,0.0,0.0,0,2,0.34787920000962913,5,4,241,42,2,,method1_proportional_scores_gamma1,unrestricted_maximum_cardinality_then_maximum_testing_evalue_sum,200,0,3,exact_fixed_count_order_statistics,300.0,1,False
196,c69a10f85aa5a8ab537cf4728ab2b726fe1705d7d4bc84eae9f53b21984643e7,proven_maximal,maximize_sum_testing_e_values_at_maximum_cardinality,proven_optimal,102157.1312859278,1.1127413751589685,91806.7158878975,0,0,10,,,3;7;87;88;99;112;118;137;142;159,0,0,10,0,0,0,0.0,0.0,0.3333333333333333,0.0,0.0,0.0,0,10,0.7393362999428064,16,15,282,62,10,,method1_proportional_scores_gamma1,unrestricted_maximum_cardinality_then_maximum_testing_evalue_sum,200,0,4,exact_fixed_count_order_statistics,300.0,1,False
197,abd7d252af631aae6c907169b2c60f4012c4b12ef1f5b0b7ad1487ad729c7da4,proven_maximal,maximize_sum_testing_e_values_at_maximum_cardinality,proven_optimal,27498.4196058757,1.754012588159967,15677.435721668737,0,0,12,,,2;19;33;46;47;49;82;100;109;146;178;184,0,0,12,0,0,0,0.0,0.0,0.4,0.0,0.0,0.0,0,12,0.674857399892062,14,14,290,55,12,,method1_proportional_scores_gamma1,unrestricted_maximum_cardinality_then_maximum_testing_evalue_sum,200,0,2,exact_fixed_count_order_statistics,300.0,1,False
198,4872ddd8ec39b1f020d2b92569fe0b17c8ecc6f9ff4e42e6c4586f30f8ef6cec,proven_maximal,maximize_sum_testing_e_values_at_maximum_cardinality,proven_optimal,0.0,0.0,10159.157533042153,0,0,0,,,,0,0,0,0,0,0,0.0,0.0,0.0,0.0,0.0,0.0,0,0,0.13234999985434115,3,3,245,45,0,,method1_proportional_scores_gamma1,unrestricted_maximum_cardinality_then_maximum_testing_evalue_sum,200,0,3,exact_fixed_count_order_statistics,300.0,1,False
199,fb789280bce18be33b2237e38c9decb93898d01a9c098aebb5b2140917fd892a,proven_maximal,maximize_sum_testing_e_values_at_maximum_cardinality,proven_optimal,38684.292032775535,1.3112997602078984,29500.72379075428,0,0,9,,,10;41;58;104;119;126;143;147;191,0,0,9,0,0,0,0.0,0.0,0.3,0.0,0.0,0.0,0,9,0.17511960002593696,5,5,249,51,9,,method1_proportional_scores_gamma1,unrestricted_maximum_cardinality_then_maximum_testing_evalue_sum,200,0,8,exact_fixed_count_order_statistics,300.0,1,False
200,9fb5f693f9df6ff39934210fef250303e7f467cebf13e59031b125d13de4008a,proven_maximal,maximize_sum_testing_e_values_at_maximum_cardinality,proven_optimal,16409.211227956435,1.5277132343406294,10741.028394009269,0,0,9,,,28;54;71;102;106;128;146;185;198,0,0,9,0,0,0,0.0,0.0,0.3,0.0,0.0,0.0,0,9,0.6984948001336306,10,9,257,52,9,,method1_proportional_scores_gamma1,unrestricted_maximum_cardinality_then_maximum_testing_evalue_sum,200,0,11,exact_fixed_count_order_statistics,300.0,1,False
201,d92d3a13bb09131e58a833a5f1eb9bf2f2c1fcfa11e900ec236c447a0e44c541,proven_maximal,maximize_sum_testing_e_values_at_maximum_cardinality,proven_optimal,4231.592891278026,0.6416609248722934,6594.749231644765,0,0,2,,,34;136,0,0,2,0,0,0,0.0,0.0,0.06666666666666667,0.0,0.0,0.0,0,2,0.41234069992788136,5,4,250,51,2,,method1_proportional_scores_gamma1,unrestricted_maximum_cardinality_then_maximum_testing_evalue_sum,200,0,4,exact_fixed_count_order_statistics,300.0,1,False
202,9cd9230140488a3c99de2f40588e65017f7c013f2cc25495753c12f2a95355c9,proven_maximal,maximize_sum_testing_e_values_at_maximum_cardinality,proven_optimal,68952.074038748,1.192761380283616,57808.77481324263,0,0,16,,,8;11;39;51;63;73;81;86;89;99;104;142;154;174;194;195,0,0,15,0,0,1,0.0,0.0,0.5,0.0,0.0,0.0625,0,16,0.34710559993982315,7,7,250,46,16,,method1_proportional_scores_gamma1,unrestricted_maximum_cardinality_then_maximum_testing_evalue_sum,200,0,8,exact_fixed_count_order_statistics,300.0,1,False
203,9a4542e0109adc9e4334fd7244ac8537232e687b937f9dc0f92fbdcd2073c444,proven_maximal,maximize_sum_testing_e_values_at_maximum_cardinality,proven_optimal,9139.930919679786,0.2598981743086536,35167.35330670409,0,0,12,,,4;14;25;69;84;122;149;159;160;161;192;197,0,0,12,0,0,0,0.0,0.0,0.4,0.0,0.0,0.0,0,12,0.2304137998726219,7,7,253,52,12,,method1_proportional_scores_gamma1,unrestricted_maximum_cardinality_then_maximum_testing_evalue_sum,200,0,7,exact_fixed_count_order_statistics,300.0,1,False
204,f26daecacc6bf1788df6276502d9ab6d2913be020ad716740a542cf3b6888414,proven_maximal,maximize_sum_testing_e_values_at_maximum_cardinality,proven_optimal,19319.900422755276,1.4386431466026974,13429.251352830968,0,0,12,,,15;16;17;65;81;83;85;109;114;141;160;166,0,0,12,0,0,0,0.0,0.0,0.4,0.0,0.0,0.0,0,12,0.39441880001686513,9,9,267,47,12,,method1_proportional_scores_gamma1,unrestricted_maximum_cardinality_then_maximum_testing_evalue_sum,200,0,5,exact_fixed_count_order_statistics,300.0,1,False
205,99d00820dad0de63bd702d958af6c65a01ab8379bc70022503da682984b9ea98,proven_maximal,maximize_sum_testing_e_values_at_maximum_cardinality,proven_optimal,176526.76941504737,1.1142328716854242,158428.97288430142,0,0,9,,,28;50;60;88;96;166;168;170;182,0,0,9,0,0,0,0.0,0.0,0.3,0.0,0.0,0.0,0,9,0.4282507998868823,9,8,270,49,9,,method1_proportional_scores_gamma1,unrestricted_maximum_cardinality_then_maximum_testing_evalue_sum,200,0,9,exact_fixed_count_order_statistics,300.0,1,False
206,9c959b992f0b36254cf71907a5f228de44d304053a6319332dac2eea16ca0c0b,proven_maximal,maximize_sum_testing_e_values_at_maximum_cardinality,proven_optimal,66047.69441729922,1.410664468001788,46820.27223018955,0,0,12,,,0;2;28;71;73;97;122;123;134;149;181;196,0,0,12,0,0,0,0.0,0.0,0.4,0.0,0.0,0.0,0,12,1.1780445000622422,34,33,330,43,12,,method1_proportional_scores_gamma1,unrestricted_maximum_cardinality_then_maximum_testing_evalue_sum,200,0,7,exact_fixed_count_order_statistics,300.0,1,False
207,a69ba49d31efffa3fc217ca3937293c4beed0c23bed37ec6611b46b02ef70b6a,proven_maximal,maximize_sum_testing_e_values_at_maximum_cardinality,proven_optimal,89567.86697069489,1.2000731618488105,74635.3387594372,0,0,4,,,40;100;170;175,0,0,4,0,0,0,0.0,0.0,0.13333333333333333,0.0,0.0,0.0,0,4,0.15886730002239347,3,3,244,48,4,,method1_proportional_scores_gamma1,unrestricted_maximum_cardinality_then_maximum_testing_evalue_sum,200,0,13,exact_fixed_count_order_statistics,300.0,1,False
208,5456900e8d46d6f7e7395c933879c9ce0ba2a35e67e569fe82857d85a794befb,proven_maximal,maximize_sum_testing_e_values_at_maximum_cardinality,proven_optimal,36670.17576797873,1.135277656514664,32300.62316258144,0,0,14,,,0;8;14;31;33;37;50;86;94;96;135;145;149;190,0,0,14,0,0,0,0.0,0.0,0.4666666666666667,0.0,0.0,0.0,0,14,0.4447650001384318,9,9,270,56,14,,method1_proportional_scores_gamma1,unrestricted_maximum_cardinality_then_maximum_testing_evalue_sum,200,0,1,exact_fixed_count_order_statistics,300.0,1,False
209,186bdc14aa8286374d7aed2e3de9ebaa1c8849dd0ef405081b761b0acf54f94e,proven_maximal,maximize_sum_testing_e_values_at_maximum_cardinality,proven_optimal,23282.59667301626,2.023471738709331,11506.262344868252,0,0,14,,,3;16;20;32;52;53;56;77;94;109;166;170;177;197,0,0,14,0,0,0,0.0,0.0,0.4666666666666667,0.0,0.0,0.0,0,14,0.30593730020336807,7,7,284,58,14,,method1_proportional_scores_gamma1,unrestricted_maximum_cardinality_then_maximum_testing_evalue_sum,200,0,5,exact_fixed_count_order_statistics,300.0,1,False
210,95e901c3bc057991185ee8f3f66a68c0932e4cf32919e5a6c31ac50a56c03319,proven_maximal,maximize_sum_testing_e_values_at_maximum_cardinality,proven_optimal,277415.6638556138,1.651216708426905,168006.8173001377,0,0,16,,,2;10;12;14;19;65;77;80;81;101;115;160;168;174;176;193,0,0,16,0,0,0,0.0,0.0,0.5333333333333333,0.0,0.0,0.0,0,16,0.40220999997109175,8,8,257,49,16,,method1_proportional_scores_gamma1,unrestricted_maximum_cardinality_then_maximum_testing_evalue_sum,200,0,9,exact_fixed_count_order_statistics,300.0,1,False
211,a0e9cc4657c3c1af5cd5ffbc82c79857b14e2fd2c07f79e474ee29fed878cc96,proven_maximal,maximize_sum_testing_e_values_at_maximum_cardinality,proven_optimal,0.0,0.0,9570.681154172516,0,0,0,,,,0,0,0,0,0,0,0.0,0.0,0.0,0.0,0.0,0.0,0,0,0.14222399983555079,3,3,250,50,0,,method1_proportional_scores_gamma1,unrestricted_maximum_cardinality_then_maximum_testing_evalue_sum,200,0,8,exact_fixed_count_order_statistics,300.0,1,False
212,67bede72959bf7bb43f9bb5170207a366a9e68465fa2d9ca0a6aaf5032a67654,proven_maximal,maximize_sum_testing_e_values_at_maximum_cardinality,proven_optimal,7520.317380009953,0.6265361303916724,12003.006714566813,0,0,7,,,41;56;62;67;111;120;199,0,0,7,0,0,0,0.0,0.0,0.23333333333333334,0.0,0.0,0.0,0,7,0.4668369998689741,7,5,247,46,7,,method1_proportional_scores_gamma1,unrestricted_maximum_cardinality_then_maximum_testing_evalue_sum,200,0,5,exact_fixed_count_order_statistics,300.0,1,False
213,3a182105be84532eab3f7281da93a94549d088259537c2d1cb053ef29a671d9f,proven_maximal,maximize_sum_testing_e_values_at_maximum_cardinality,proven_optimal,87948.03179422938,3.552625250240799,24755.786383117163,0,0,20,,,4;18;27;28;30;40;57;66;71;75;79;92;106;116;117;125;127;130;132;136,0,0,20,0,0,0,0.0,0.0,0.6666666666666666,0.0,0.0,0.0,0,20,0.8349264999851584,12,12,318,74,20,,method1_proportional_scores_gamma1,unrestricted_maximum_cardinality_then_maximum_testing_evalue_sum,200,0,10,exact_fixed_count_order_statistics,300.0,1,False
214,bf769d2ed251c0dcc847e12eab0d610c53e4eab819da3e2873718187383786f0,proven_maximal,maximize_sum_testing_e_values_at_maximum_cardinality,proven_optimal,22969.84319995445,1.6113745838552747,14254.812897072155,0,0,10,,,17;31;57;90;92;118;119;134;158;177,0,0,10,0,0,0,0.0,0.0,0.3333333333333333,0.0,0.0,0.0,0,10,0.380173500161618,12,12,263,44,10,,method1_proportional_scores_gamma1,unrestricted_maximum_cardinality_then_maximum_testing_evalue_sum,200,0,5,exact_fixed_count_order_statistics,300.0,1,False
215,01a39b34f908a357c3b521a3310535cf5dafdeba4c594307c178d284d9aebc61,proven_maximal,maximize_sum_testing_e_values_at_maximum_cardinality,proven_optimal,57195.41023352134,2.831393366996958,20200.44650107524,0,0,17,,,7;18;30;39;41;46;58;80;106;110;129;146;170;171;177;194;198,0,0,17,0,0,0,0.0,0.0,0.5666666666666667,0.0,0.0,0.0,0,17,0.31651800009422004,7,7,243,45,17,,method1_proportional_scores_gamma1,unrestricted_maximum_cardinality_then_maximum_testing_evalue_sum,200,0,11,exact_fixed_count_order_statistics,300.0,1,False
216,d9f5e63d62f636525331ab535f6529a8c701cc33ca9597a028bd883c6078743f,proven_maximal,maximize_sum_testing_e_values_at_maximum_cardinality,proven_optimal,0.0,0.0,783.0901596913617,0,0,0,,,,0,0,0,0,0,0,0.0,0.0,0.0,0.0,0.0,0.0,0,0,0.13636400015093386,3,3,255,55,0,,method1_proportional_scores_gamma1,unrestricted_maximum_cardinality_then_maximum_testing_evalue_sum,200,0,0,exact_fixed_count_order_statistics,300.0,1,False
217,6b609b051af63f51ed3d4845795219b52dcfdc87689134abc6f8f331cf81b54e,proven_maximal,maximize_sum_testing_e_values_at_maximum_cardinality,proven_optimal,6434.4852495182895,2.0902511708812854,3078.331130323157,0,0,5,,,31;56;60;149;160,0,0,5,0,0,0,0.0,0.0,0.16666666666666666,0.0,0.0,0.0,0,5,0.5341175000648946,8,6,265,66,5,,method1_proportional_scores_gamma1,unrestricted_maximum_cardinality_then_maximum_testing_evalue_sum,200,0,2,exact_fixed_count_order_statistics,300.0,1,False
218,6e95eae4a136e6f16fcef891be4ee9d5792b97334e99631ebe054fa2dd1e4e0c,proven_maximal,maximize_sum_testing_e_values_at_maximum_cardinality,proven_optimal,12178.775560671547,5.886393215905159,2068.970779553809,0,0,15,,,0;1;22;25;35;45;51;60;73;76;111;113;128;143;180,0,0,15,0,0,0,0.0,0.0,0.5,0.0,0.0,0.0,0,15,0.15684459987096488,3,3,239,46,15,,method1_proportional_scores_gamma1,unrestricted_maximum_cardinality_then_maximum_testing_evalue_sum,200,0,8,exact_fixed_count_order_statistics,300.0,1,False
219,1e6e8c01ac68ce158da4aed132d23717cc910ea05fa9af68f963c41e78826860,proven_maximal,maximize_sum_testing_e_values_at_maximum_cardinality,proven_optimal,8627.40347907008,1.3808163653194552,6248.045501020775,0,0,7,,,38;60;97;100;108;136;179,0,0,7,0,0,0,0.0,0.0,0.23333333333333334,0.0,0.0,0.0,0,7,0.4064552001655102,7,6,264,58,7,,method1_proportional_scores_gamma1,unrestricted_maximum_cardinality_then_maximum_testing_evalue_sum,200,0,4,exact_fixed_count_order_statistics,300.0,1,False
220,5b3f8c5197cdb0a315638298d6301696e1777d353339d77d8bfae69b4a8e9ee6,proven_maximal,maximize_sum_testing_e_values_at_maximum_cardinality,proven_optimal,3897.9965034190773,3.184946043172294,1223.8814882831,0,0,7,,,0;8;14;69;72;86;116,0,0,7,0,0,0,0.0,0.0,0.23333333333333334,0.0,0.0,0.0,0,7,0.28670010017231107,4,4,256,55,7,,method1_proportional_scores_gamma1,unrestricted_maximum_cardinality_then_maximum_testing_evalue_sum,200,0,0,exact_fixed_count_order_statistics,300.0,1,False
221,0cde111f22089e8e22916947cc005dbf630ec23e8adb6ff3409abf61bad1bed1,proven_maximal,maximize_sum_testing_e_values_at_maximum_cardinality,proven_optimal,50945.26960210309,2.0399764779605687,24973.459327842225,0,0,12,,,6;36;44;47;50;71;86;117;121;127;155;161,0,0,12,0,0,0,0.0,0.0,0.4,0.0,0.0,0.0,0,12,0.3579591999296099,7,7,262,54,12,,method1_proportional_scores_gamma1,unrestricted_maximum_cardinality_then_maximum_testing_evalue_sum,200,0,10,exact_fixed_count_order_statistics,300.0,1,False
222,51088520b8449ea22fd5a5b4515249e573b51ec18f72540285005255a51b72b8,proven_maximal,maximize_sum_testing_e_values_at_maximum_cardinality,proven_optimal,43187.81713515023,1.7461393331568429,24733.31670335324,0,0,14,,,8;10;19;23;27;31;34;60;71;75;118;119;148;199,0,0,14,0,0,0,0.0,0.0,0.4666666666666667,0.0,0.0,0.0,0,14,0.7058127999771386,16,16,293,45,14,,method1_proportional_scores_gamma1,unrestricted_maximum_cardinality_then_maximum_testing_evalue_sum,200,0,4,exact_fixed_count_order_statistics,300.0,1,False
223,a37f436c70cb17954cdda02151c68a5afd17ca0a4aa4ab3ace4de7d769d127d1,proven_maximal,maximize_sum_testing_e_values_at_maximum_cardinality,proven_optimal,8741.332471119491,1.0,8741.332471119491,0,0,1,,,94,0,0,1,0,0,0,0.0,0.0,0.03333333333333333,0.0,0.0,0.0,0,1,0.3715936001390219,5,4,246,46,1,,method1_proportional_scores_gamma1,unrestricted_maximum_cardinality_then_maximum_testing_evalue_sum,200,0,11,exact_fixed_count_order_statistics,300.0,1,False
224,d95778dbf285a0fd262ce4de09ccca2a6d9c30c9aeef404f652c4957dbd61da7,proven_maximal,maximize_sum_testing_e_values_at_maximum_cardinality,proven_optimal,13897.59583787753,2.205335913585944,6301.804524318299,0,0,11,,,3;4;45;77;89;91;114;137;144;166;193,0,0,11,0,0,0,0.0,0.0,0.36666666666666664,0.0,0.0,0.0,0,11,0.18921389989554882,5,5,242,46,11,,method1_proportional_scores_gamma1,unrestricted_maximum_cardinality_then_maximum_testing_evalue_sum,200,0,8,exact_fixed_count_order_statistics,300.0,1,False
225,ec150d5e7a45d727a0f519533b52d520ebf5fdfc914d6939379cff780e7a59f0,proven_maximal,maximize_sum_testing_e_values_at_maximum_cardinality,proven_optimal,15680.630480995425,2.3371425394101797,6709.317132601042,0,0,10,,,12;30;119;125;152;167;180;188;189;199,0,0,10,0,0,0,0.0,0.0,0.3333333333333333,0.0,0.0,0.0,0,10,0.963558399816975,19,17,311,54,10,,method1_proportional_scores_gamma1,unrestricted_maximum_cardinality_then_maximum_testing_evalue_sum,200,0,2,exact_fixed_count_order_statistics,300.0,1,False
226,274bd98dd4a461b694703838b1a5d1a3e3c066c19682e5b776eb0d95522410a6,proven_maximal,maximize_sum_testing_e_values_at_maximum_cardinality,proven_optimal,57335.81608372829,1.98847890071718,28834.00777501291,0,0,6,,,14;100;143;145;168;192,0,0,6,0,0,0,0.0,0.0,0.2,0.0,0.0,0.0,0,6,0.4028789000585675,5,4,259,62,6,,method1_proportional_scores_gamma1,unrestricted_maximum_cardinality_then_maximum_testing_evalue_sum,200,0,5,exact_fixed_count_order_statistics,300.0,1,False
227,dd464f6853f259c30909537457c35b5a0dd5d7727a512220adb06a950c10c906,proven_maximal,maximize_sum_testing_e_values_at_maximum_cardinality,proven_optimal,133008.23567985845,1.04421995705902,127375.68821655908,0,0,14,,,34;61;67;92;118;123;142;163;167;171;174;178;179;183,0,0,13,0,0,1,0.0,0.0,0.43333333333333335,0.0,0.0,0.07142857142857142,0,14,0.5052649998106062,11,11,326,54,14,,method1_proportional_scores_gamma1,unrestricted_maximum_cardinality_then_maximum_testing_evalue_sum,200,0,6,exact_fixed_count_order_statistics,300.0,1,False
228,3933c5db26f2e099def61b0ac1075ff5c10600fa68e0009a02ccc6a1d5a3fc57,proven_maximal,maximize_sum_testing_e_values_at_maximum_cardinality,proven_optimal,176725.0184955153,1.133716363524855,155881.15703477792,0,0,14,,,9;15;23;28;43;80;96;99;129;134;146;155;160;188,0,0,14,0,0,0,0.0,0.0,0.4666666666666667,0.0,0.0,0.0,0,14,0.2507824001368135,5,5,249,53,14,,method1_proportional_scores_gamma1,unrestricted_maximum_cardinality_then_maximum_testing_evalue_sum,200,0,6,exact_fixed_count_order_statistics,300.0,1,False
229,69e16151d18ec0ad4502deb866886a3be9a7b656bee4c419c9eafb40eb98a78e,proven_maximal,maximize_sum_testing_e_values_at_maximum_cardinality,proven_optimal,10223.871752319888,1.3056483275242596,7830.49427383418,0,0,7,,,22;26;54;73;82;114;126,0,0,7,0,0,0,0.0,0.0,0.23333333333333334,0.0,0.0,0.0,0,7,0.6061742999590933,9,6,257,57,7,,method1_proportional_scores_gamma1,unrestricted_maximum_cardinality_then_maximum_testing_evalue_sum,200,0,3,exact_fixed_count_order_statistics,300.0,1,False
230,7c45ed8802daf0fd04996876d60cf48b33ea5da480b8a30e8ed1f0840e180e41,proven_maximal,maximize_sum_testing_e_values_at_maximum_cardinality,proven_optimal,29489.16451107011,1.8185552531814877,16215.709948586951,0,0,13,,,7;26;53;66;72;76;86;95;129;156;179;184;194,0,0,13,0,0,0,0.0,0.0,0.43333333333333335,0.0,0.0,0.0,0,13,0.5486904000863433,10,10,267,65,13,,method1_proportional_scores_gamma1,unrestricted_maximum_cardinality_then_maximum_testing_evalue_sum,200,0,11,exact_fixed_count_order_statistics,300.0,1,False
231,8cfc397a0e1c71fcd5fe320d2c273cc0ff9c250c027af0b2eb7c743565a5e167,proven_maximal,maximize_sum_testing_e_values_at_maximum_cardinality,proven_optimal,1578.0984043804317,0.08772712866710292,17988.716014732716,0,0,2,,,82;147,0,0,2,0,0,0,0.0,0.0,0.06666666666666667,0.0,0.0,0.0,0,2,0.14412070019170642,3,3,248,50,2,,method1_proportional_scores_gamma1,unrestricted_maximum_cardinality_then_maximum_testing_evalue_sum,200,0,3,exact_fixed_count_order_statistics,300.0,1,False
232,fab01cb8f833a7c9443327b60ca4f2e62812dfa58482da3d80b24c3569569ab8,proven_maximal,maximize_sum_testing_e_values_at_maximum_cardinality,proven_optimal,65864.45913594522,1.3902778847843384,47375.03189598832,0,0,12,,,7;29;45;63;65;78;80;123;152;162;168;198,0,0,12,0,0,0,0.0,0.0,0.4,0.0,0.0,0.0,0,12,0.23400739999487996,6,6,248,50,12,,method1_proportional_scores_gamma1,unrestricted_maximum_cardinality_then_maximum_testing_evalue_sum,200,0,6,exact_fixed_count_order_statistics,300.0,1,False
233,c1f4299c9a34dfd789b86b8bfec72929e3680d329405a30b753e736df0b321c5,proven_maximal,maximize_sum_testing_e_values_at_maximum_cardinality,proven_optimal,0.0,0.0,55986.02934120034,0,0,0,,,,0,0,0,0,0,0,0.0,0.0,0.0,0.0,0.0,0.0,0,0,0.1418721000663936,3,3,248,48,0,,method1_proportional_scores_gamma1,unrestricted_maximum_cardinality_then_maximum_testing_evalue_sum,200,0,1,exact_fixed_count_order_statistics,300.0,1,False
234,7b3053287b2fdf9b7f5f27eafacf612a7758764032c255bb18e28dbe69f82ba9,proven_maximal,maximize_sum_testing_e_values_at_maximum_cardinality,proven_optimal,63069.0393921172,1.8154225239317356,34740.69455496562,0,0,14,,,2;11;19;43;53;72;75;77;115;139;151;161;170;188,0,0,14,0,0,0,0.0,0.0,0.4666666666666667,0.0,0.0,0.0,0,14,0.26499619986861944,7,7,260,59,14,,method1_proportional_scores_gamma1,unrestricted_maximum_cardinality_then_maximum_testing_evalue_sum,200,0,12,exact_fixed_count_order_statistics,300.0,1,False
235,090c2495265ef409eda80fe2d2811249c41d35fc09a8b4d85a3530f9c2bb7467,proven_maximal,maximize_sum_testing_e_values_at_maximum_cardinality,proven_optimal,11989.8611724697,1.0103931225416172,11866.530863065973,0,0,3,,,16;69;111,0,0,3,0,0,0,0.0,0.0,0.1,0.0,0.0,0.0,0,3,0.1527368000242859,3,3,241,43,3,,method1_proportional_scores_gamma1,unrestricted_maximum_cardinality_then_maximum_testing_evalue_sum,200,0,7,exact_fixed_count_order_statistics,300.0,1,False
236,9158e824f4520b0d081b1deea7a419487bd133abb71a0710ac5d7f57357292f3,proven_maximal,maximize_sum_testing_e_values_at_maximum_cardinality,proven_optimal,0.0,0.0,31151.750485611825,0,0,0,,,,0,0,0,0,0,0,0.0,0.0,0.0,0.0,0.0,0.0,0,0,0.14891789993271232,3,3,254,54,0,,method1_proportional_scores_gamma1,unrestricted_maximum_cardinality_then_maximum_testing_evalue_sum,200,0,8,exact_fixed_count_order_statistics,300.0,1,False
237,64e0ffa7984155b222ce243ee58fa937e42f45c07d713ee569784dc9316257fa,proven_maximal,maximize_sum_testing_e_values_at_maximum_cardinality,proven_optimal,5392.700087440767,3.1367450673580595,1719.2025400976554,0,0,17,,,14;23;35;40;52;67;72;80;88;115;123;134;144;151;168;187;198,0,0,17,0,0,0,0.0,0.0,0.5666666666666667,0.0,0.0,0.0,0,17,0.7969164999667555,15,14,293,63,17,,method1_proportional_scores_gamma1,unrestricted_maximum_cardinality_then_maximum_testing_evalue_sum,200,0,0,exact_fixed_count_order_statistics,300.0,1,False
238,d8049b374813965a8d4881bf8c8fec291f8feb68719e68601345069a42b9f4ca,proven_maximal,maximize_sum_testing_e_values_at_maximum_cardinality,proven_optimal,189151.71712867467,1.0466293806679472,180724.6391343994,0,0,6,,,40;46;82;95;98;163,0,0,6,0,0,0,0.0,0.0,0.2,0.0,0.0,0.0,0,6,0.16609840001910925,3,3,243,47,6,,method1_proportional_scores_gamma1,unrestricted_maximum_cardinality_then_maximum_testing_evalue_sum,200,0,3,exact_fixed_count_order_statistics,300.0,1,False
239,854062d2aa3cc7c7f890f7177869db24fd7b1d8fffbe09341d7c27afff98af32,proven_maximal,maximize_sum_testing_e_values_at_maximum_cardinality,proven_optimal,48018.69634385269,1.0209140002023307,47035.006214368754,0,0,3,,,68;102;150,0,0,3,0,0,0,0.0,0.0,0.1,0.0,0.0,0.0,0,3,0.13232040009461343,3,3,234,36,3,,method1_proportional_scores_gamma1,unrestricted_maximum_cardinality_then_maximum_testing_evalue_sum,200,0,9,exact_fixed_count_order_statistics,300.0,1,False
240,2bc04f068ecbb615f09d2640a348feb90997490023cf5cac80892def2888bfc2,proven_maximal,maximize_sum_testing_e_values_at_maximum_cardinality,proven_optimal,6450.959053718468,4.402941874721224,1465.1474485174565,0,0,15,,,1;17;18;20;31;64;69;86;97;99;118;122;132;182;194,0,0,15,0,0,0,0.0,0.0,0.5,0.0,0.0,0.0,0,15,0.8348912000656128,18,18,333,60,15,,method1_proportional_scores_gamma1,unrestricted_maximum_cardinality_then_maximum_testing_evalue_sum,200,0,5,exact_fixed_count_order_statistics,300.0,1,False
241,38dc39d3957462af931c403a4c26f1ef94d27661ff6d8ec79a73cd87360d0255,proven_maximal,maximize_sum_testing_e_values_at_maximum_cardinality,proven_optimal,24525.030930929584,0.6173584942698753,39725.752797706846,0,0,14,,,1;10;18;20;40;41;43;56;66;77;84;135;149;163,0,0,14,0,0,0,0.0,0.0,0.4666666666666667,0.0,0.0,0.0,0,14,0.46940180007368326,9,9,282,52,14,,method1_proportional_scores_gamma1,unrestricted_maximum_cardinality_then_maximum_testing_evalue_sum,200,0,7,exact_fixed_count_order_statistics,300.0,1,False
242,197bc3b35b18bb5e34fea6dfc12adc93d5ab493a07d0bc9d1f3a91be84b8661e,proven_maximal,maximize_sum_testing_e_values_at_maximum_cardinality,proven_optimal,11249.573143733418,3.6480235238396954,3083.744682625505,0,0,11,,,27;65;72;76;88;116;129;155;163;175;187,0,0,11,0,0,0,0.0,0.0,0.36666666666666664,0.0,0.0,0.0,0,11,1.0617972000036389,23,22,291,45,11,,method1_proportional_scores_gamma1,unrestricted_maximum_cardinality_then_maximum_testing_evalue_sum,200,0,7,exact_fixed_count_order_statistics,300.0,1,False
243,b1d12b0cbf824817d5023ed93888e247664affc4b17ba6129fe873f1c1dff712,proven_maximal,maximize_sum_testing_e_values_at_maximum_cardinality,proven_optimal,1179.4041097829727,0.3621008822693365,3257.1147090045274,0,0,2,,,140;192,0,0,2,0,0,0,0.0,0.0,0.06666666666666667,0.0,0.0,0.0,0,2,0.14913869998417795,3,3,247,48,2,,method1_proportional_scores_gamma1,unrestricted_maximum_cardinality_then_maximum_testing_evalue_sum,200,0,0,exact_fixed_count_order_statistics,300.0,1,False
244,05b07cfaaf40988f496711600c092677f8c220e237aa4c2b1a974e8b2e85bd95,proven_maximal,maximize_sum_testing_e_values_at_maximum_cardinality,proven_optimal,12934.02978765053,2.8256288340554017,4577.398712727369,0,0,11,,,32;62;84;86;109;119;124;133;148;169;189,0,0,11,0,0,0,0.0,0.0,0.36666666666666664,0.0,0.0,0.0,0,11,1.1639862000010908,18,17,278,63,11,,method1_proportional_scores_gamma1,unrestricted_maximum_cardinality_then_maximum_testing_evalue_sum,200,0,4,exact_fixed_count_order_statistics,300.0,1,False
245,409a55ce8dfc30abb86d0fea7325eed4689a633282cd052ea78d6e664aacc36d,proven_maximal,maximize_sum_testing_e_values_at_maximum_cardinality,proven_optimal,5108.442666555174,1.498266417041102,3409.5689581321194,0,0,5,,,49;73;81;104;137,0,0,5,0,0,0,0.0,0.0,0.16666666666666666,0.0,0.0,0.0,0,5,0.15846170019358397,3,3,262,65,5,,method1_proportional_scores_gamma1,unrestricted_maximum_cardinality_then_maximum_testing_evalue_sum,200,0,8,exact_fixed_count_order_statistics,300.0,1,False
246,715311af041a52a4ebdee63964a8556cbd98f7097683edfee8ffc5eaf4fbf8fa,proven_maximal,maximize_sum_testing_e_values_at_maximum_cardinality,proven_optimal,261309.42808271752,1.049026806476379,249096.99777877072,0,0,12,,,8;76;83;87;97;106;114;118;130;137;141;169,0,0,12,0,0,0,0.0,0.0,0.4,0.0,0.0,0.0,0,12,0.3983436000999063,10,10,276,52,12,,method1_proportional_scores_gamma1,unrestricted_maximum_cardinality_then_maximum_testing_evalue_sum,200,0,7,exact_fixed_count_order_statistics,300.0,1,False
247,d268484b4e2ff03881c21e6911520c21e7840a6935029042ab81f400822f4dc3,proven_maximal,maximize_sum_testing_e_values_at_maximum_cardinality,proven_optimal,32521.684730493493,2.4907847152832723,13056.80275414524,0,0,17,,,22;29;51;58;61;65;97;106;108;120;126;127;145;148;155;163;195,0,0,17,0,0,0,0.0,0.0,0.5666666666666667,0.0,0.0,0.0,0,17,0.19680320005863905,6,6,240,42,17,,method1_proportional_scores_gamma1,unrestricted_maximum_cardinality_then_maximum_testing_evalue_sum,200,0,7,exact_fixed_count_order_statistics,300.0,1,False
248,3323ebb90306312015b3095aa8854228dd303fc1434ac982b2213bb85a97abfe,proven_maximal,maximize_sum_testing_e_values_at_maximum_cardinality,proven_optimal,179884.70603702214,1.5434989293198804,116543.46019940916,0,0,13,,,4;46;47;53;60;66;95;96;106;110;133;145;179,0,0,13,0,0,0,0.0,0.0,0.43333333333333335,0.0,0.0,0.0,0,13,0.2530648000538349,7,7,284,55,13,,method1_proportional_scores_gamma1,unrestricted_maximum_cardinality_then_maximum_testing_evalue_sum,200,0,3,exact_fixed_count_order_statistics,300.0,1,False
249,fb4f082a0c285eef3fdb1b851135af11b58daafac47a8164572c11f6f3f19ac9,proven_maximal,maximize_sum_testing_e_values_at_maximum_cardinality,proven_optimal,12078.604638118528,2.5641482309223087,4710.571913299227,0,0,11,,,2;23;49;60;106;141;144;152;161;165;180,0,0,11,0,0,0,0.0,0.0,0.36666666666666664,0.0,0.0,0.0,0,11,0.8576099998317659,24,23,333,62,11,,method1_proportional_scores_gamma1,unrestricted_maximum_cardinality_then_maximum_testing_evalue_sum,200,0,8,exact_fixed_count_order_statistics,300.0,1,False
250,9bd416af1f9afded0767e788f9fbe460892eac9e7053efcaf86766e3965bf7e3,proven_maximal,maximize_sum_testing_e_values_at_maximum_cardinality,proven_optimal,126.19471323221386,0.014761780958366073,8548.745817874667,0,0,1,,,157,0,0,1,0,0,0,0.0,0.0,0.03333333333333333,0.0,0.0,0.0,0,1,0.17165120015852153,3,3,252,53,1,,method1_proportional_scores_gamma1,unrestricted_maximum_cardinality_then_maximum_testing_evalue_sum,200,0,8,exact_fixed_count_order_statistics,300.0,1,False
251,40a9e7fc2a03c17afdfdd48e6aba281e5f3d2e96b6e166fd8d953b36b1f680c9,proven_maximal,maximize_sum_testing_e_values_at_maximum_cardinality,proven_optimal,69175.86484336703,2.1428685866319324,32281.89786107913,0,0,17,,,24;26;31;35;51;89;92;103;104;113;120;138;169;174;175;192;194,0,0,17,0,0,0,0.0,0.0,0.5666666666666667,0.0,0.0,0.0,0,17,0.22179140010848641,8,8,255,51,17,,method1_proportional_scores_gamma1,unrestricted_maximum_cardinality_then_maximum_testing_evalue_sum,200,0,12,exact_fixed_count_order_statistics,300.0,1,False
252,d6b79de9da23f77e026931da5de0944f45f5f7455678eaa1cd59b08cbf495c17,proven_maximal,maximize_sum_testing_e_values_at_maximum_cardinality,proven_optimal,11630.129452993582,3.163961147959515,3675.81297908605,0,0,17,,,32;37;48;51;56;61;73;92;107;115;155;159;172;179;182;198;199,0,0,17,0,0,0,0.0,0.0,0.5666666666666667,0.0,0.0,0.0,0,17,0.23599550011567771,8,8,264,46,17,,method1_proportional_scores_gamma1,unrestricted_maximum_cardinality_then_maximum_testing_evalue_sum,200,0,5,exact_fixed_count_order_statistics,300.0,1,False
253,f1f40195c43ab12bc5b30a7030b0b9aadb975d22b6e6433ef8fe0bf1097e7ceb,proven_maximal,maximize_sum_testing_e_values_at_maximum_cardinality,proven_optimal,8801.085928792058,2.1061795095699694,4178.696967092337,0,0,18,,,23;38;43;52;65;71;101;120;128;129;138;146;150;153;171;179;181;198,0,0,18,0,0,0,0.0,0.0,0.6,0.0,0.0,0.0,0,18,0.2663106000982225,9,9,284,47,18,,method1_proportional_scores_gamma1,unrestricted_maximum_cardinality_then_maximum_testing_evalue_sum,200,0,2,exact_fixed_count_order_statistics,300.0,1,False
254,98689aa5cfdc996722ed44e23dc8536c2894b2c1f2b87c8fdbecf558f8ff2ec1,proven_maximal,maximize_sum_testing_e_values_at_maximum_cardinality,proven_optimal,68767.06827479003,1.3458413369427529,51095.969775310245,0,0,12,,,1;22;32;35;81;84;98;100;140;154;161;165,0,0,12,0,0,0,0.0,0.0,0.4,0.0,0.0,0.0,0,12,1.49427630007267,45,45,360,56,12,,method1_proportional_scores_gamma1,unrestricted_maximum_cardinality_then_maximum_testing_evalue_sum,200,0,9,exact_fixed_count_order_statistics,300.0,1,False
255,49d7e70c3520b8da6dff4ccfdf678811e8d5650367890f0f8ce4a61b17b72e0c,proven_maximal,maximize_sum_testing_e_values_at_maximum_cardinality,proven_optimal,2351.202692928371,0.2999418820626743,7838.860904517082,0,0,5,,,36;92;98;104;134,0,0,5,0,0,0,0.0,0.0,0.16666666666666666,0.0,0.0,0.0,0,5,0.4241504999808967,9,8,268,57,5,,method1_proportional_scores_gamma1,unrestricted_maximum_cardinality_then_maximum_testing_evalue_sum,200,0,5,exact_fixed_count_order_statistics,300.0,1,False
256,7b0c44011f346a65c4d48db278d6a4a5721ad4353f8ad243848a091f6129a976,proven_maximal,maximize_sum_testing_e_values_at_maximum_cardinality,proven_optimal,6655.908318404432,0.15921251924977048,41805.18183976934,0,0,7,,,29;46;82;85;110;128;137,0,0,7,0,0,0,0.0,0.0,0.23333333333333334,0.0,0.0,0.0,0,7,0.5645117999520153,9,7,272,61,7,,method1_proportional_scores_gamma1,unrestricted_maximum_cardinality_then_maximum_testing_evalue_sum,200,0,2,exact_fixed_count_order_statistics,300.0,1,False
257,268ff487bc285c46282366364f5832a2077c386e9b3a4cc6308b4f307fee581c,proven_maximal,maximize_sum_testing_e_values_at_maximum_cardinality,proven_optimal,0.0,0.0,573988.9227139405,0,0,0,,,,0,0,0,0,0,0,0.0,0.0,0.0,0.0,0.0,0.0,0,0,0.15869119996204972,3,3,257,57,0,,method1_proportional_scores_gamma1,unrestricted_maximum_cardinality_then_maximum_testing_evalue_sum,200,0,8,exact_fixed_count_order_statistics,300.0,1,False
258,ec0573398244e47115450995be2c902e951dcfafb5823d1dd9904ebf6eb04f36,proven_maximal,maximize_sum_testing_e_values_at_maximum_cardinality,proven_optimal,22724.371980061504,1.2503058857567046,18175.04999291302,0,0,8,,,3;27;31;81;105;109;169;196,0,0,8,0,0,0,0.0,0.0,0.26666666666666666,0.0,0.0,0.0,0,8,0.49133690004236996,6,4,240,44,8,,method1_proportional_scores_gamma1,unrestricted_maximum_cardinality_then_maximum_testing_evalue_sum,200,0,2,exact_fixed_count_order_statistics,300.0,1,False
259,236ce1af9d90779da0e44c5d005f10eaee23dd868c4f94578d1a8d29226c6b53,proven_maximal,maximize_sum_testing_e_values_at_maximum_cardinality,proven_optimal,71787.49487078786,2.394630638559315,29978.52516995167,0,0,10,,,4;20;76;116;120;122;132;154;159;170,0,0,10,0,0,0,0.0,0.0,0.3333333333333333,0.0,0.0,0.0,0,10,0.25723069999367,7,7,262,52,10,,method1_proportional_scores_gamma1,unrestricted_maximum_cardinality_then_maximum_testing_evalue_sum,200,0,11,exact_fixed_count_order_statistics,300.0,1,False
260,1f9adb3b9d8ba8e2f7e3f75aab00805fe21a1e752359b3f2947314aa2cf48ff7,proven_maximal,maximize_sum_testing_e_values_at_maximum_cardinality,proven_optimal,22002.568299857423,0.8855168951179051,24847.14681466108,0,0,6,,,5;112;133;150;161;184,0,0,6,0,0,0,0.0,0.0,0.2,0.0,0.0,0.0,0,6,0.23714209999889135,3,3,266,69,6,,method1_proportional_scores_gamma1,unrestricted_maximum_cardinality_then_maximum_testing_evalue_sum,200,0,9,exact_fixed_count_order_statistics,300.0,1,False
261,30f040d2994f6cf583fb9e441ac666925e31faaef0e76aed1aaf1dafd8425c00,proven_maximal,maximize_sum_testing_e_values_at_maximum_cardinality,proven_optimal,36635.0723284971,2.884157693347898,12702.173814210388,0,0,15,,,39;50;62;69;76;93;109;111;116;134;149;152;154;155;192,0,0,15,0,0,0,0.0,0.0,0.5,0.0,0.0,0.0,0,15,0.16526170005090535,4,4,234,46,15,,method1_proportional_scores_gamma1,unrestricted_maximum_cardinality_then_maximum_testing_evalue_sum,200,0,17,exact_fixed_count_order_statistics,300.0,1,False
262,d8ee8fe282d2cfa21b5b9cc2c515760c19a4b5fc96b5fb9e9eb134c7ce853e55,proven_maximal,maximize_sum_testing_e_values_at_maximum_cardinality,proven_optimal,29128.998944166047,2.224659220888724,13093.69033722359,0,0,14,,,4;25;43;46;56;57;63;74;82;88;98;135;150;182,0,0,14,0,0,0,0.0,0.0,0.4666666666666667,0.0,0.0,0.0,0,14,0.8648900999687612,16,15,290,51,14,,method1_proportional_scores_gamma1,unrestricted_maximum_cardinality_then_maximum_testing_evalue_sum,200,0,3,exact_fixed_count_order_statistics,300.0,1,False
263,bf2ac69e2493511fcff4765016e46f416463e630447ceea6a568defe0e679e7b,proven_maximal,maximize_sum_testing_e_values_at_maximum_cardinality,proven_optimal,1187.7744647026852,1.0,1187.7744647026852,0,0,1,,,191,0,0,1,0,0,0,0.0,0.0,0.03333333333333333,0.0,0.0,0.0,0,1,0.34077370003797114,6,5,250,49,1,,method1_proportional_scores_gamma1,unrestricted_maximum_cardinality_then_maximum_testing_evalue_sum,200,0,0,exact_fixed_count_order_statistics,300.0,1,False
264,ebf6756c5e037d46d78f7306617626ca3070ff5be295d946bedfbf95509f7d6b,proven_maximal,maximize_sum_testing_e_values_at_maximum_cardinality,proven_optimal,331399.66867803177,1.5179496654616467,218320.5913993497,0,0,15,,,0;16;27;45;106;110;117;131;134;140;142;146;166;169;195,0,0,15,0,0,0,0.0,0.0,0.5,0.0,0.0,0.0,0,15,0.2002423000521958,5,5,248,51,15,,method1_proportional_scores_gamma1,unrestricted_maximum_cardinality_then_maximum_testing_evalue_sum,200,0,7,exact_fixed_count_order_statistics,300.0,1,False
265,da44101367c90f523557a5a1771f27dad53aaf68a9a4ee40c5cddad9537c85e4,proven_maximal,maximize_sum_testing_e_values_at_maximum_cardinality,proven_optimal,0.0,0.0,22514.84875592533,0,0,0,,,,0,0,0,0,0,0,0.0,0.0,0.0,0.0,0.0,0.0,0,0,0.133960000006482,3,3,256,56,0,,method1_proportional_scores_gamma1,unrestricted_maximum_cardinality_then_maximum_testing_evalue_sum,200,0,8,exact_fixed_count_order_statistics,300.0,1,False
266,36b0dc4f1945b43381afb995ebff9789a679c532378cf85ad8591800f8dd63b4,proven_maximal,maximize_sum_testing_e_values_at_maximum_cardinality,proven_optimal,40388.25249274669,1.627622986517771,24814.255406379834,0,0,11,,,5;15;25;33;52;74;87;102;114;138;151,0,0,11,0,0,0,0.0,0.0,0.36666666666666664,0.0,0.0,0.0,0,11,5495.835786300013,5352,5351,9577,67,11,,method1_proportional_scores_gamma1,unrestricted_maximum_cardinality_then_maximum_testing_evalue_sum,200,0,10,exact_fixed_count_order_statistics,300.0,1,False
267,44833eecfc2a0cb747ca88b6ed11ca55bd1b78266a7086891f998ab828583c1e,proven_maximal,maximize_sum_testing_e_values_at_maximum_cardinality,proven_optimal,0.0,0.0,28154.343246662625,0,0,0,,,,0,0,0,0,0,0,0.0,0.0,0.0,0.0,0.0,0.0,0,0,0.13976929988712072,3,3,250,50,0,,method1_proportional_scores_gamma1,unrestricted_maximum_cardinality_then_maximum_testing_evalue_sum,200,0,7,exact_fixed_count_order_statistics,300.0,1,False
268,82a7759cd31a413decc10c4c96ff28ab36205232c7aa7261b0aa62978be56f5a,proven_maximal,maximize_sum_testing_e_values_at_maximum_cardinality,proven_optimal,116017.95403822255,1.7590031088240075,65956.65093269055,0,0,14,,,10;22;35;37;40;43;44;67;68;113;114;136;146;161,0,0,14,0,0,0,0.0,0.0,0.4666666666666667,0.0,0.0,0.0,0,14,0.40358899999409914,10,10,275,61,14,,method1_proportional_scores_gamma1,unrestricted_maximum_cardinality_then_maximum_testing_evalue_sum,200,0,4,exact_fixed_count_order_statistics,300.0,1,False
269,8946de7059d26324364c42eb0b735c4634326fe2f12815457e8f99e869d524a3,proven_maximal,maximize_sum_testing_e_values_at_maximum_cardinality,proven_optimal,37799.43312885903,2.7362863944322657,13814.136270886143,0,0,8,,,25;26;28;50;122;162;186;194,0,0,8,0,0,0,0.0,0.0,0.26666666666666666,0.0,0.0,0.0,0,8,0.35423239995725453,5,4,246,51,8,,method1_proportional_scores_gamma1,unrestricted_maximum_cardinality_then_maximum_testing_evalue_sum,200,0,9,exact_fixed_count_order_statistics,300.0,1,False
270,ad37c95ef5192e318a5fb8308f5ae75f40a2eb5f2bec2f20e3e8efe19476e19c,proven_maximal,maximize_sum_testing_e_values_at_maximum_cardinality,proven_optimal,15990.840120306395,1.6352053088026288,9779.102375845154,0,0,9,,,6;15;16;59;71;72;87;182;187,0,0,9,0,0,0,0.0,0.0,0.3,0.0,0.0,0.0,0,9,0.3308696998283267,7,6,255,59,9,,method1_proportional_scores_gamma1,unrestricted_maximum_cardinality_then_maximum_testing_evalue_sum,200,0,4,exact_fixed_count_order_statistics,300.0,1,False
271,a66fc9cd78af813911a996207137c885ffc66ea746925440226071fa4922672d,proven_maximal,maximize_sum_testing_e_values_at_maximum_cardinality,proven_optimal,33896.781936719584,1.6792943732983472,20185.133991809907,0,0,17,,,7;8;33;50;61;69;73;77;86;96;101;107;109;116;118;138;185,0,0,17,0,0,0,0.0,0.0,0.5666666666666667,0.0,0.0,0.0,0,17,0.29838870000094175,11,11,257,48,17,,method1_proportional_scores_gamma1,unrestricted_maximum_cardinality_then_maximum_testing_evalue_sum,200,0,9,exact_fixed_count_order_statistics,300.0,1,False
272,fecdf5c03841aae61fbdc866d692e3f8caf12534a6e1522b7a4b73d3cf40d8d4,proven_maximal,maximize_sum_testing_e_values_at_maximum_cardinality,proven_optimal,59958.17632148628,2.690988949178969,22281.0934767234,0,0,13,,,37;63;73;87;106;143;155;157;158;174;175;176;189,0,0,13,0,0,0,0.0,0.0,0.43333333333333335,0.0,0.0,0.0,0,13,0.2703015999868512,7,7,254,56,13,,method1_proportional_scores_gamma1,unrestricted_maximum_cardinality_then_maximum_testing_evalue_sum,200,0,6,exact_fixed_count_order_statistics,300.0,1,False
273,06dace25f90100cd8bcc6066fdadaba5161010ac6df9c9dcbdccc97d3dac20ac,proven_maximal,maximize_sum_testing_e_values_at_maximum_cardinality,proven_optimal,43423.5447543115,2.917985453239478,14881.343807284478,0,0,17,,,13;29;47;63;84;92;93;99;114;119;136;138;154;163;167;169;190,0,0,17,0,0,0,0.0,0.0,0.5666666666666667,0.0,0.0,0.0,0,17,0.2715313001535833,6,6,268,58,17,,method1_proportional_scores_gamma1,unrestricted_maximum_cardinality_then_maximum_testing_evalue_sum,200,0,5,exact_fixed_count_order_statistics,300.0,1,False
274,c807bd5eac25ac019c615e088ddd55443da9562dd76c839ef2b5bc248f98daee,proven_maximal,maximize_sum_testing_e_values_at_maximum_cardinality,proven_optimal,37257.22319971179,1.8915037545490545,19697.14472419545,0,0,8,,,8;28;136;137;140;141;170;181,0,0,8,0,0,0,0.0,0.0,0.26666666666666666,0.0,0.0,0.0,0,8,0.22964320005849004,11,11,251,47,8,,method1_proportional_scores_gamma1,unrestricted_maximum_cardinality_then_maximum_testing_evalue_sum,200,0,12,exact_fixed_count_order_statistics,300.0,1,False
275,bbdecb302ee98616b4346be5aac105d8fce128b8e3501d65e6d75e4da1f91fae,proven_maximal,maximize_sum_testing_e_values_at_maximum_cardinality,proven_optimal,3129.7046119370916,1.1791096757965889,2654.294741346016,0,0,3,,,54;115;185,0,0,3,0,0,0,0.0,0.0,0.1,0.0,0.0,0.0,0,3,0.38810390001162887,5,4,250,52,3,,method1_proportional_scores_gamma1,unrestricted_maximum_cardinality_then_maximum_testing_evalue_sum,200,0,0,exact_fixed_count_order_statistics,300.0,1,False
276,59f6e6c87ff7ad770fe7b02eeb8d3b1dde04914223ae1fdc25dce32b4f097c7c,proven_maximal,maximize_sum_testing_e_values_at_maximum_cardinality,proven_optimal,122517.00029793945,2.439802661414708,50215.94665648022,0,0,19,,,1;2;15;29;32;34;40;50;55;103;107;108;115;146;168;184;186;187;199,0,0,19,0,0,0,0.0,0.0,0.6333333333333333,0.0,0.0,0.0,0,19,0.28787890006788075,7,7,262,46,19,,method1_proportional_scores_gamma1,unrestricted_maximum_cardinality_then_maximum_testing_evalue_sum,200,0,7,exact_fixed_count_order_statistics,300.0,1,False
277,53febc880d169d3f0a6d86dbca3efd1664b249ec18fb3e4848ec846322957d3c,proven_maximal,maximize_sum_testing_e_values_at_maximum_cardinality,proven_optimal,52807.769319479405,1.24681316927625,42354.19597800146,0,0,9,,,37;52;54;74;96;99;126;150;177,0,0,9,0,0,0,0.0,0.0,0.3,0.0,0.0,0.0,0,9,0.37644440005533397,5,4,243,48,9,,method1_proportional_scores_gamma1,unrestricted_maximum_cardinality_then_maximum_testing_evalue_sum,200,0,11,exact_fixed_count_order_statistics,300.0,1,False
278,a97c33081cbe6cfb11d7abefd3819b5b157a4cab6741171f97e6fef21bf38ea7,proven_maximal,maximize_sum_testing_e_values_at_maximum_cardinality,proven_optimal,5147.991102330298,2.564064204174865,2007.7465665439372,0,0,6,,,21;26;44;133;142;185,0,0,6,0,0,0,0.0,0.0,0.2,0.0,0.0,0.0,0,6,0.44889220013283193,11,10,256,48,6,,method1_proportional_scores_gamma1,unrestricted_maximum_cardinality_then_maximum_testing_evalue_sum,200,0,6,exact_fixed_count_order_statistics,300.0,1,False
279,3e24255fa0b9189abc831274fc8232b13388f36af775b2259e1c924487d898b7,proven_maximal,maximize_sum_testing_e_values_at_maximum_cardinality,proven_optimal,11150.659967435959,1.7765010606001421,6276.753903917746,0,0,10,,,23;27;36;53;59;78;123;143;172;185,0,0,10,0,0,0,0.0,0.0,0.3333333333333333,0.0,0.0,0.0,0,10,0.3378133000805974,7,7,264,59,10,,method1_proportional_scores_gamma1,unrestricted_maximum_cardinality_then_maximum_testing_evalue_sum,200,0,8,exact_fixed_count_order_statistics,300.0,1,False
280,4677ad11c1a675ed97bf7c481521312c0092f148bd9939804a2ef47d14313f31,proven_maximal,maximize_sum_testing_e_values_at_maximum_cardinality,proven_optimal,58479.73053200935,1.0182327202784716,57432.57839525724,0,0,4,,,57;75;135;178,0,0,4,0,0,0,0.0,0.0,0.13333333333333333,0.0,0.0,0.0,0,4,0.2887695000972599,6,6,248,45,4,,method1_proportional_scores_gamma1,unrestricted_maximum_cardinality_then_maximum_testing_evalue_sum,200,0,3,exact_fixed_count_order_statistics,300.0,1,False
281,70223dc8bb7187f7d77ff8262d518fd0315319a4587688805f71138cc89b8520,proven_maximal,maximize_sum_testing_e_values_at_maximum_cardinality,proven_optimal,21510.758410093553,1.8278936608719285,11768.057885726595,0,0,6,,,82;83;150;167;181;184,0,0,6,0,0,0,0.0,0.0,0.2,0.0,0.0,0.0,0,6,0.29397310013882816,4,4,253,53,6,,method1_proportional_scores_gamma1,unrestricted_maximum_cardinality_then_maximum_testing_evalue_sum,200,0,3,exact_fixed_count_order_statistics,300.0,1,False
282,1d6fd5330cd1d28cf70cbecde7937287c8d1162d6fccf2330196bddff72e5604,proven_maximal,maximize_sum_testing_e_values_at_maximum_cardinality,proven_optimal,11253.90347954921,2.435065351793754,4621.60223800942,0,0,11,,,27;29;67;69;75;103;109;134;149;166;177,0,0,11,0,0,0,0.0,0.0,0.36666666666666664,0.0,0.0,0.0,0,11,0.8601847998797894,17,17,326,53,11,,method1_proportional_scores_gamma1,unrestricted_maximum_cardinality_then_maximum_testing_evalue_sum,200,0,7,exact_fixed_count_order_statistics,300.0,1,False
283,3525aa0a43baf588b627400f0d4d3c0ba7f4a4be8392ee68dc2f327a00f3c187,proven_maximal,maximize_sum_testing_e_values_at_maximum_cardinality,proven_optimal,18517.613708157995,2.2671708868146907,8167.71854995664,0,0,7,,,33;83;99;112;132;154;188,0,0,7,0,0,0,0.0,0.0,0.23333333333333334,0.0,0.0,0.0,0,7,0.5606515998952091,8,5,253,53,7,,method1_proportional_scores_gamma1,unrestricted_maximum_cardinality_then_maximum_testing_evalue_sum,200,0,12,exact_fixed_count_order_statistics,300.0,1,False
284,3e532a12d45ed647e547a9f549e3eccd1bd2a0de292c1b7f858e4e3f47a8055b,proven_maximal,maximize_sum_testing_e_values_at_maximum_cardinality,proven_optimal,3344.976145026212,1.7720032480697905,1887.6805946432837,0,0,5,,,110;118;142;181;182,0,0,5,0,0,0,0.0,0.0,0.16666666666666666,0.0,0.0,0.0,0,5,0.35296930000185966,5,4,255,55,5,,method1_proportional_scores_gamma1,unrestricted_maximum_cardinality_then_maximum_testing_evalue_sum,200,0,9,exact_fixed_count_order_statistics,300.0,1,False
285,277b6fc496cb3b27d04ac020e570a3aead2470c08e61522ef2cdfc817b29ab1d,proven_maximal,maximize_sum_testing_e_values_at_maximum_cardinality,proven_optimal,123209.6285440425,1.5483132226036813,79576.68173681949,0,0,10,,,10;13;26;42;63;100;107;114;144;192,0,0,10,0,0,0,0.0,0.0,0.3333333333333333,0.0,0.0,0.0,0,10,1.0028432998806238,19,18,312,55,10,,method1_proportional_scores_gamma1,unrestricted_maximum_cardinality_then_maximum_testing_evalue_sum,200,0,8,exact_fixed_count_order_statistics,300.0,1,False
286,86044e19a754b59a8d5e4e3bd877a7e5105a7d8b77860d2da1e5080daa6ca13a,proven_maximal,maximize_sum_testing_e_values_at_maximum_cardinality,proven_optimal,813.4773436409864,0.7434167289641636,1094.2413749209566,0,0,4,,,144;154;155;160,0,0,4,0,0,0,0.0,0.0,0.13333333333333333,0.0,0.0,0.0,0,4,0.38220680016092956,5,4,247,49,4,,method1_proportional_scores_gamma1,unrestricted_maximum_cardinality_then_maximum_testing_evalue_sum,200,0,0,exact_fixed_count_order_statistics,300.0,1,False
287,7c4d4a62c9fc835766a33783bb8f230664ad67e22c7f94f6202c4c97e1127869,proven_maximal,maximize_sum_testing_e_values_at_maximum_cardinality,proven_optimal,24968.789048748586,2.2203418091840006,11245.470830423574,0,0,12,,,43;49;53;57;81;86;88;131;157;170;181;194,0,0,12,0,0,0,0.0,0.0,0.4,0.0,0.0,0.0,0,12,0.48420169996097684,14,14,247,42,12,,method1_proportional_scores_gamma1,unrestricted_maximum_cardinality_then_maximum_testing_evalue_sum,200,0,10,exact_fixed_count_order_statistics,300.0,1,False
288,4caa36c1ba4781a1d59df7f962aaa8564517a181707309d3c5dbc8d3ff0d467b,proven_maximal,maximize_sum_testing_e_values_at_maximum_cardinality,proven_optimal,27103.20499308114,3.1080342230138274,8720.368904689683,0,0,18,,,11;43;57;71;74;84;92;93;100;104;107;111;127;133;144;150;175;193,0,0,18,0,0,0,0.0,0.0,0.6,0.0,0.0,0.0,0,18,0.41459579998627305,10,10,272,48,18,,method1_proportional_scores_gamma1,unrestricted_maximum_cardinality_then_maximum_testing_evalue_sum,200,0,8,exact_fixed_count_order_statistics,300.0,1,False
289,1f69695b989a647c998ed86e30a59746b8f0807fbf03f06af7002c5d0826d393,proven_maximal,maximize_sum_testing_e_values_at_maximum_cardinality,proven_optimal,58433.51396098454,1.4913446800346066,39181.76310497758,0,0,10,,,50;56;82;83;102;137;141;151;161;177,0,0,10,0,0,0,0.0,0.0,0.3333333333333333,0.0,0.0,0.0,0,10,0.379699100041762,12,12,272,57,10,,method1_proportional_scores_gamma1,unrestricted_maximum_cardinality_then_maximum_testing_evalue_sum,200,0,3,exact_fixed_count_order_statistics,300.0,1,False
290,9dc2ef60a212ef8ae093f68744a68b0b4176acb06a108f6152a415b343ae0de2,proven_maximal,maximize_sum_testing_e_values_at_maximum_cardinality,proven_optimal,30814.54093893355,3.042682261740889,10127.426490238526,0,0,19,,,6;28;42;53;59;62;63;68;70;71;74;85;92;96;110;112;121;175;191,0,0,18,0,0,1,0.0,0.0,0.6,0.0,0.0,0.05263157894736842,0,19,0.5910521000623703,12,12,284,43,19,,method1_proportional_scores_gamma1,unrestricted_maximum_cardinality_then_maximum_testing_evalue_sum,200,0,9,exact_fixed_count_order_statistics,300.0,1,False
291,e55c9d33136ceae18619fd212bfe661c479c73c79489a4751ff8fb4db5f52ed1,proven_maximal,maximize_sum_testing_e_values_at_maximum_cardinality,proven_optimal,90900.48727291313,1.0154853693226322,89514.32489228994,0,0,6,,,22;35;53;61;107;185,0,0,6,0,0,0,0.0,0.0,0.2,0.0,0.0,0.0,0,6,0.3287901000585407,5,5,263,62,6,,method1_proportional_scores_gamma1,unrestricted_maximum_cardinality_then_maximum_testing_evalue_sum,200,0,5,exact_fixed_count_order_statistics,300.0,1,False
292,260c11eeba10f56e33bb15cdb28308aa76c1661040b9099f91bf3b5ac018abd3,proven_maximal,maximize_sum_testing_e_values_at_maximum_cardinality,proven_optimal,0.0,0.0,7590.759991401145,0,0,0,,,,0,0,0,0,0,0,0.0,0.0,0.0,0.0,0.0,0.0,0,0,0.16029809997417033,3,3,253,53,0,,method1_proportional_scores_gamma1,unrestricted_maximum_cardinality_then_maximum_testing_evalue_sum,200,0,6,exact_fixed_count_order_statistics,300.0,1,False
293,f7d7f311e322c92831caa5484e87f48ec364f315ff27bd49026319d42c1acbbe,proven_maximal,maximize_sum_testing_e_values_at_maximum_cardinality,proven_optimal,79511.09521999053,1.1417080427204738,69642.23097748411,0,0,6,,,7;34;61;96;99;114,0,0,6,0,0,0,0.0,0.0,0.2,0.0,0.0,0.0,0,6,0.7106381000485271,12,8,252,43,6,,method1_proportional_scores_gamma1,unrestricted_maximum_cardinality_then_maximum_testing_evalue_sum,200,0,3,exact_fixed_count_order_statistics,300.0,1,False
294,a931dbdde0b158242553eb64a8839664cb8cc38c3bebaa886218df4d4405906a,proven_maximal,maximize_sum_testing_e_values_at_maximum_cardinality,proven_optimal,205302.96649557087,1.1680631713816814,175763.58156444706,0,0,7,,,25;43;57;107;140;154;199,0,0,7,0,0,0,0.0,0.0,0.23333333333333334,0.0,0.0,0.0,0,7,0.3574597998522222,6,5,249,53,7,,method1_proportional_scores_gamma1,unrestricted_maximum_cardinality_then_maximum_testing_evalue_sum,200,0,10,exact_fixed_count_order_statistics,300.0,1,False
295,fa05b5af8a22ed55cfdaf0c02548fcfdd0275bfc44e1f8905ea0e25ae6241c44,proven_maximal,maximize_sum_testing_e_values_at_maximum_cardinality,proven_optimal,13528.264030518378,1.5211960314640443,8893.17599487712,0,0,7,,,6;14;59;77;94;133;172,0,0,7,0,0,0,0.0,0.0,0.23333333333333334,0.0,0.0,0.0,0,7,0.5184520999900997,8,6,257,57,7,,method1_proportional_scores_gamma1,unrestricted_maximum_cardinality_then_maximum_testing_evalue_sum,200,0,6,exact_fixed_count_order_statistics,300.0,1,False
296,b32bb0a779ec05b62bd9c45b57d0cb85418956f209c176d62d03ba3ec3415904,proven_maximal,maximize_sum_testing_e_values_at_maximum_cardinality,proven_optimal,70900.66369722753,1.954889851953209,36268.367563721215,0,0,17,,,31;61;63;73;77;80;81;85;92;97;100;128;133;138;146;152;186,0,0,17,0,0,0,0.0,0.0,0.5666666666666667,0.0,0.0,0.0,0,17,0.6937345999758691,15,14,280,55,17,,method1_proportional_scores_gamma1,unrestricted_maximum_cardinality_then_maximum_testing_evalue_sum,200,0,4,exact_fixed_count_order_statistics,300.0,1,False
297,6923b41fc347f326084134b66fb39f6ee01f437ed88d75ccf01cd4e13c24ad07,proven_maximal,maximize_sum_testing_e_values_at_maximum_cardinality,proven_optimal,292407.40111980616,1.5173124713784998,192714.0299941975,0,0,14,,,15;19;23;33;36;43;78;82;84;86;116;125;194;199,0,0,14,0,0,0,0.0,0.0,0.4666666666666667,0.0,0.0,0.0,0,14,0.3551825999747962,10,10,271,53,14,,method1_proportional_scores_gamma1,unrestricted_maximum_cardinality_then_maximum_testing_evalue_sum,200,0,5,exact_fixed_count_order_statistics,300.0,1,False
298,2dcab510c003321dc2629a594382663d6942e0a6cf331358875326c80d8eb6c3,proven_maximal,maximize_sum_testing_e_values_at_maximum_cardinality,proven_optimal,87259.10359650338,1.5846218467803606,55066.20003617689,0,0,6,,,13;27;49;113;158;193,0,0,6,0,0,0,0.0,0.0,0.2,0.0,0.0,0.0,0,6,0.3928910999093205,5,4,254,56,6,,method1_proportional_scores_gamma1,unrestricted_maximum_cardinality_then_maximum_testing_evalue_sum,200,0,7,exact_fixed_count_order_statistics,300.0,1,False
299,eeb91b372864c1acc7aa0f2e72b5477fbee21e7585c8b9cb33b76c0320f220a1,proven_maximal,maximize_sum_testing_e_values_at_maximum_cardinality,proven_optimal,11795.88575724174,1.133966544951596,10402.32254624871,0,0,5,,,25;30;44;92;95,0,0,5,0,0,0,0.0,0.0,0.16666666666666666,0.0,0.0,0.0,0,5,0.2877539999317378,4,4,254,56,5,,method1_proportional_scores_gamma1,unrestricted_maximum_cardinality_then_maximum_testing_evalue_sum,200,0,7,exact_fixed_count_order_statistics,300.0,1,False
300,dec88de363f4c71b08bec88b1d291704ad10ee7e6d9d3334b5bb831b51488bb9,proven_maximal,maximize_sum_testing_e_values_at_maximum_cardinality,proven_optimal,26229.661959075896,1.948838205347463,13459.127539219884,0,0,20,,,7;9;45;57;78;89;97;99;112;113;135;138;139;152;156;164;174;179;184;188,0,0,20,0,0,0,0.0,0.0,0.6666666666666666,0.0,0.0,0.0,0,20,0.3093439000658691,7,7,271,52,20,,method1_proportional_scores_gamma1,unrestricted_maximum_cardinality_then_maximum_testing_evalue_sum,200,0,7,exact_fixed_count_order_statistics,300.0,1,False
301,f2e20006e0d8992e108789a5221c6412d7ba1be5180df6d3b15c5854b9700b17,proven_maximal,maximize_sum_testing_e_values_at_maximum_cardinality,proven_optimal,0.0,0.0,83370.13020079823,0,0,0,,,,0,0,0,0,0,0,0.0,0.0,0.0,0.0,0.0,0.0,0,0,0.1089003998786211,3,3,247,47,0,,method1_proportional_scores_gamma1,unrestricted_maximum_cardinality_then_maximum_testing_evalue_sum,200,0,2,exact_fixed_count_order_statistics,300.0,1,False
302,2761dccf50457cfbcfb83d71f0fe53112a427fdae570971299ea28747997d8ea,proven_maximal,maximize_sum_testing_e_values_at_maximum_cardinality,proven_optimal,176934.46672073734,1.861393248347661,95054.8557527004,0,0,10,,,5;51;69;78;88;103;104;110;125;128,0,0,10,0,0,0,0.0,0.0,0.3333333333333333,0.0,0.0,0.0,0,10,0.18950599990785122,5,5,261,58,10,,method1_proportional_scores_gamma1,unrestricted_maximum_cardinality_then_maximum_testing_evalue_sum,200,0,8,exact_fixed_count_order_statistics,300.0,1,False
303,ed6a91ca885a2b99ecd43cadcbdbb282c36a329d5c2122b73843c262d794c95b,proven_maximal,maximize_sum_testing_e_values_at_maximum_cardinality,proven_optimal,27533.47116408914,1.4531919200586578,18946.892550144206,0,0,11,,,24;39;77;79;101;136;138;140;147;189;198,0,0,11,0,0,0,0.0,0.0,0.36666666666666664,0.0,0.0,0.0,0,11,0.4043153999373317,7,7,267,57,11,,method1_proportional_scores_gamma1,unrestricted_maximum_cardinality_then_maximum_testing_evalue_sum,200,0,8,exact_fixed_count_order_statistics,300.0,1,False
304,126138c69175cb9b8b789d9e65e2d3f39aaf136c571d2b842a6ffa1d713e603d,proven_maximal,maximize_sum_testing_e_values_at_maximum_cardinality,proven_optimal,30897.0139130253,2.580204467312419,11974.63778721696,0,0,9,,,31;42;51;83;95;111;143;158;180,0,0,9,0,0,0,0.0,0.0,0.3,0.0,0.0,0.0,0,9,0.40136989997699857,8,7,248,47,9,,method1_proportional_scores_gamma1,unrestricted_maximum_cardinality_then_maximum_testing_evalue_sum,200,0,11,exact_fixed_count_order_statistics,300.0,1,False
305,a37942e202d42c2376cb4f6f3fe345409c20342a22602287508c438dcec1f39e,proven_maximal,maximize_sum_testing_e_values_at_maximum_cardinality,proven_optimal,10690.859432813595,1.4106873439752508,7578.47547046623,0,0,12,,,1;33;41;47;55;63;67;71;83;132;138;188,0,0,12,0,0,0,0.0,0.0,0.4,0.0,0.0,0.0,0,12,0.5485726001206785,10,10,272,46,12,,method1_proportional_scores_gamma1,unrestricted_maximum_cardinality_then_maximum_testing_evalue_sum,200,0,1,exact_fixed_count_order_statistics,300.0,1,False
306,e302a2558437ffb39da7eff3e9519a6ba69d1766aae10eebd4a383543cdd9acd,proven_maximal,maximize_sum_testing_e_values_at_maximum_cardinality,proven_optimal,8581.364133490384,1.2272336710901852,6992.445151759342,0,0,11,,,0;15;21;32;103;109;143;148;151;167;188,0,0,11,0,0,0,0.0,0.0,0.36666666666666664,0.0,0.0,0.0,0,11,0.29525110009126365,7,7,264,50,11,,method1_proportional_scores_gamma1,unrestricted_maximum_cardinality_then_maximum_testing_evalue_sum,200,0,1,exact_fixed_count_order_statistics,300.0,1,False
307,e1a36823fee3cacc5bb4e5b83b1a3dac9c050307f3e74660417192e2786f2850,proven_maximal,maximize_sum_testing_e_values_at_maximum_cardinality,proven_optimal,4120.422169447513,0.5374499731498146,7666.615267090063,0,0,2,,,66;152,0,0,2,0,0,0,0.0,0.0,0.06666666666666667,0.0,0.0,0.0,0,2,0.48400350008159876,6,4,246,46,2,,method1_proportional_scores_gamma1,unrestricted_maximum_cardinality_then_maximum_testing_evalue_sum,200,0,11,exact_fixed_count_order_statistics,300.0,1,False
308,ce04fa5f747781fd08050143ae7e7360ebb24494999dbdd90a3d7d7e8282fe77,proven_maximal,maximize_sum_testing_e_values_at_maximum_cardinality,proven_optimal,302002.187291957,1.0667114340403638,283115.1684088251,0,0,13,,,0;11;26;32;36;56;58;100;127;135;153;169;199,0,0,12,0,0,1,0.0,0.0,0.4,0.0,0.0,0.07692307692307693,0,13,0.23002980020828545,5,5,263,61,13,,method1_proportional_scores_gamma1,unrestricted_maximum_cardinality_then_maximum_testing_evalue_sum,200,0,9,exact_fixed_count_order_statistics,300.0,1,False
309,5a68825edbe44546518455071ad28839b76103c72e07f8ddec1aaa9b3fe83903,proven_maximal,maximize_sum_testing_e_values_at_maximum_cardinality,proven_optimal,62559.53413371837,1.5791047576505197,39617.08925935854,0,0,15,,,1;43;49;61;75;78;87;101;114;115;122;161;171;172;176,0,0,15,0,0,0,0.0,0.0,0.5,0.0,0.0,0.0,0,15,0.4243432998191565,10,10,296,53,15,,method1_proportional_scores_gamma1,unrestricted_maximum_cardinality_then_maximum_testing_evalue_sum,200,0,7,exact_fixed_count_order_statistics,300.0,1,False
310,4ba6de432cc80fbfc2ce42ca3757eae44d117a22692f63514b4305ec8d503b3a,proven_maximal,maximize_sum_testing_e_values_at_maximum_cardinality,proven_optimal,48619.26992764583,1.1009154821861766,44162.58170073022,0,0,4,,,52;115;117;145,0,0,4,0,0,0,0.0,0.0,0.13333333333333333,0.0,0.0,0.0,0,4,0.2925549999345094,4,4,256,56,4,,method1_proportional_scores_gamma1,unrestricted_maximum_cardinality_then_maximum_testing_evalue_sum,200,0,7,exact_fixed_count_order_statistics,300.0,1,False
311,d6d7fb3b127cc90938a687896124b6803e4cf83dad0989393b2d8a7071ac83fe,proven_maximal,maximize_sum_testing_e_values_at_maximum_cardinality,proven_optimal,15218.882596701704,2.1766847070371487,6991.771728583182,0,0,10,,,2;8;12;55;63;72;106;113;130;150,0,0,10,0,0,0,0.0,0.0,0.3333333333333333,0.0,0.0,0.0,0,10,0.2533936998806894,7,7,265,47,10,,method1_proportional_scores_gamma1,unrestricted_maximum_cardinality_then_maximum_testing_evalue_sum,200,0,8,exact_fixed_count_order_statistics,300.0,1,False
312,97b6dd46658f3b6b9c0d9fafcc2d66c24728110e1da78884c610f252cdcd4d80,proven_maximal,maximize_sum_testing_e_values_at_maximum_cardinality,proven_optimal,82169.25988308566,1.9068277893484764,43092.12417717134,0,0,11,,,25;39;65;81;101;107;128;146;159;161;179,0,0,11,0,0,0,0.0,0.0,0.36666666666666664,0.0,0.0,0.0,0,11,0.40537910000421107,6,6,269,67,11,,method1_proportional_scores_gamma1,unrestricted_maximum_cardinality_then_maximum_testing_evalue_sum,200,0,11,exact_fixed_count_order_statistics,300.0,1,False
313,41db7f5c068c708386c5daf39de6ecc1cb2f964fb47f09b3092393b5b6141b37,proven_maximal,maximize_sum_testing_e_values_at_maximum_cardinality,proven_optimal,4170.410858627672,0.13223510209233216,31537.85033353484,0,0,1,,,38,0,0,1,0,0,0,0.0,0.0,0.03333333333333333,0.0,0.0,0.0,0,1,0.34482320002280176,5,4,255,55,1,,method1_proportional_scores_gamma1,unrestricted_maximum_cardinality_then_maximum_testing_evalue_sum,200,0,8,exact_fixed_count_order_statistics,300.0,1,False
314,d2235b669a9ca047afb1af4277abd2a28d4d9a547cfa6a3343cf54c7ed6503f4,proven_maximal,maximize_sum_testing_e_values_at_maximum_cardinality,proven_optimal,28645.781367398693,2.593237003274951,11046.34143783328,0,0,14,,,8;9;40;61;73;84;98;101;103;117;150;154;185;193,0,0,14,0,0,0,0.0,0.0,0.4666666666666667,0.0,0.0,0.0,0,14,0.9857218000106514,18,17,333,57,14,,method1_proportional_scores_gamma1,unrestricted_maximum_cardinality_then_maximum_testing_evalue_sum,200,0,10,exact_fixed_count_order_statistics,300.0,1,False
315,45f7f9ba7e4cfc83fb0fc5f03d64238cf9412dd81646ecda595da3ab1c3c9987,proven_maximal,maximize_sum_testing_e_values_at_maximum_cardinality,proven_optimal,28776.857010337495,2.6903185685554236,10696.449612578534,0,0,13,,,37;59;93;108;117;140;145;151;154;173;189;195;198,0,0,13,0,0,0,0.0,0.0,0.43333333333333335,0.0,0.0,0.0,0,13,0.7565508000552654,14,14,275,45,13,,method1_proportional_scores_gamma1,unrestricted_maximum_cardinality_then_maximum_testing_evalue_sum,200,0,16,exact_fixed_count_order_statistics,300.0,1,False
316,23a1aa9857b90b53ba1964fcdebd1e8ac6cba262b0ccacd32e8483e176fdea96,proven_maximal,maximize_sum_testing_e_values_at_maximum_cardinality,proven_optimal,79615.27840618395,2.3571398038753117,33776.2224689815,0,0,10,,,1;14;42;94;116;122;144;150;154;166,0,0,10,0,0,0,0.0,0.0,0.3333333333333333,0.0,0.0,0.0,0,10,0.8837463001254946,24,23,320,52,10,,method1_proportional_scores_gamma1,unrestricted_maximum_cardinality_then_maximum_testing_evalue_sum,200,0,10,exact_fixed_count_order_statistics,300.0,1,False
317,484aab2795c356bb0c47d47bcf5a8a1e3e38ec964fbea8ba19fb32646b236747,proven_maximal,maximize_sum_testing_e_values_at_maximum_cardinality,proven_optimal,27483.33301222513,2.6016759694307114,10563.703295548725,0,0,12,,,25;34;35;58;62;70;117;151;153;167;188;196,0,0,12,0,0,0,0.0,0.0,0.4,0.0,0.0,0.0,0,12,0.1940772000234574,5,5,254,55,12,,method1_proportional_scores_gamma1,unrestricted_maximum_cardinality_then_maximum_testing_evalue_sum,200,0,6,exact_fixed_count_order_statistics,300.0,1,False
318,af0313727663e97adf19dc59500e8e461e2b53fe5a447e7774837f22f23daff8,proven_maximal,maximize_sum_testing_e_values_at_maximum_cardinality,proven_optimal,94850.76971672913,1.9648273990884737,48274.35211903726,0,0,8,,,37;104;129;138;144;189;195;199,0,0,8,0,0,0,0.0,0.0,0.26666666666666666,0.0,0.0,0.0,0,8,0.3611486000008881,7,6,247,46,8,,method1_proportional_scores_gamma1,unrestricted_maximum_cardinality_then_maximum_testing_evalue_sum,200,0,8,exact_fixed_count_order_statistics,300.0,1,False
319,d22ecfbbda28488999b70a90dc59a3720e111d666509ea5a8dd3ac2eacfffa53,proven_maximal,maximize_sum_testing_e_values_at_maximum_cardinality,proven_optimal,97173.15064042609,1.265104914934934,76810.34947637036,0,0,10,,,12;24;31;46;57;72;101;111;128;162,0,0,10,0,0,0,0.0,0.0,0.3333333333333333,0.0,0.0,0.0,0,10,0.8293668001424521,15,14,275,55,10,,method1_proportional_scores_gamma1,unrestricted_maximum_cardinality_then_maximum_testing_evalue_sum,200,0,4,exact_fixed_count_order_statistics,300.0,1,False
320,0d2e5ec1600799a084840bfd44f254d09ff43cbc0dd96d09b475ae044112349c,proven_maximal,maximize_sum_testing_e_values_at_maximum_cardinality,proven_optimal,6147.629975388495,2.1531643374753915,2855.1605970757705,0,0,5,,,22;27;42;185;189,0,0,5,0,0,0,0.0,0.0,0.16666666666666666,0.0,0.0,0.0,0,5,0.42258109990507364,5,4,258,61,5,,method1_proportional_scores_gamma1,unrestricted_maximum_cardinality_then_maximum_testing_evalue_sum,200,0,5,exact_fixed_count_order_statistics,300.0,1,False
321,4e4de810765a3c0a5ef8d64bd5c5257b5c784bae429e333f211e575c67957fdb,proven_maximal,maximize_sum_testing_e_values_at_maximum_cardinality,proven_optimal,29606.08033388166,1.1913590544485457,24850.67807503731,0,0,13,,,0;17;34;45;64;78;83;99;100;104;106;140;160,0,0,13,0,0,0,0.0,0.0,0.43333333333333335,0.0,0.0,0.0,0,13,0.18106800015084445,5,5,252,49,13,,method1_proportional_scores_gamma1,unrestricted_maximum_cardinality_then_maximum_testing_evalue_sum,200,0,7,exact_fixed_count_order_statistics,300.0,1,False
322,c46d179bb8331abc7adb1afbecf3057ffba64238209dd7da9dcfcc09b87dbce6,proven_maximal,maximize_sum_testing_e_values_at_maximum_cardinality,proven_optimal,11230.672475303436,2.406999904717749,4665.838354746579,0,0,8,,,24;41;55;56;98;104;126;184,0,0,8,0,0,0,0.0,0.0,0.26666666666666666,0.0,0.0,0.0,0,8,0.41116370004601777,7,6,256,55,8,,method1_proportional_scores_gamma1,unrestricted_maximum_cardinality_then_maximum_testing_evalue_sum,200,0,5,exact_fixed_count_order_statistics,300.0,1,False
323,34d246714e11463d35fad3e3fa130fe6e5e2072d2616d6165b1058c0300891f5,proven_maximal,maximize_sum_testing_e_values_at_maximum_cardinality,proven_optimal,64418.89133111851,2.166830647850605,29729.54595921884,0,0,10,,,57;68;73;84;120;127;154;173;174;176,0,0,10,0,0,0,0.0,0.0,0.3333333333333333,0.0,0.0,0.0,0,10,0.8683389001525939,16,15,303,52,10,,method1_proportional_scores_gamma1,unrestricted_maximum_cardinality_then_maximum_testing_evalue_sum,200,0,9,exact_fixed_count_order_statistics,300.0,1,False
324,adb75de828d2fdcbf86830d8329d303607e064b875adb89bc7b4877b831edc5b,proven_maximal,maximize_sum_testing_e_values_at_maximum_cardinality,proven_optimal,48239.57381299865,1.687770507191327,28581.83242772483,0,0,16,,,7;10;14;43;45;80;85;91;127;130;148;150;176;185;192;199,0,0,15,0,0,1,0.0,0.0,0.5,0.0,0.0,0.0625,0,16,0.2245777000207454,6,6,273,57,16,,method1_proportional_scores_gamma1,unrestricted_maximum_cardinality_then_maximum_testing_evalue_sum,200,0,9,exact_fixed_count_order_statistics,300.0,1,False
325,fee898849bc86ab6f51dec6343ff546b20a2e69d2aee6ae17f46ae5269b6b776,proven_maximal,maximize_sum_testing_e_values_at_maximum_cardinality,proven_optimal,4252.099669344868,0.2902649257475269,14649.03022090707,0,0,2,,,107;148,0,0,2,0,0,0,0.0,0.0,0.06666666666666667,0.0,0.0,0.0,0,2,0.18665340007282794,3,3,257,59,2,,method1_proportional_scores_gamma1,unrestricted_maximum_cardinality_then_maximum_testing_evalue_sum,200,0,9,exact_fixed_count_order_statistics,300.0,1,False
326,cf03ec9aa87d8352289d44f121ed3bdcfb4c612868c16a39af103c14c5a77261,proven_maximal,maximize_sum_testing_e_values_at_maximum_cardinality,proven_optimal,26984.806424394406,0.5687923509252203,47442.28079104764,0,0,9,,,15;20;47;87;123;152;175;183;197,0,0,9,0,0,0,0.0,0.0,0.3,0.0,0.0,0.0,0,9,0.4155328997876495,8,7,262,62,9,,method1_proportional_scores_gamma1,unrestricted_maximum_cardinality_then_maximum_testing_evalue_sum,200,0,13,exact_fixed_count_order_statistics,300.0,1,False
327,e8acb7112135941d703b8de3aaad51c83c214504ccb4870883c8e614245d65ec,proven_maximal,maximize_sum_testing_e_values_at_maximum_cardinality,proven_optimal,40188.74659720279,0.16051797381736463,250369.13712185936,0,0,1,,,177,0,0,1,0,0,0,0.0,0.0,0.03333333333333333,0.0,0.0,0.0,0,1,0.17231340007856488,3,3,253,54,1,,method1_proportional_scores_gamma1,unrestricted_maximum_cardinality_then_maximum_testing_evalue_sum,200,0,3,exact_fixed_count_order_statistics,300.0,1,False
328,bfd353ac3a09d222261825ae4cb855715f35976f6ce2449e8148df91e8edca41,proven_maximal,maximize_sum_testing_e_values_at_maximum_cardinality,proven_optimal,3789.741958941711,0.0929276825091883,40781.6256320284,0,0,3,,,53;109;133,0,0,3,0,0,0,0.0,0.0,0.1,0.0,0.0,0.0,0,3,0.4443843001499772,6,4,242,42,3,,method1_proportional_scores_gamma1,unrestricted_maximum_cardinality_then_maximum_testing_evalue_sum,200,0,2,exact_fixed_count_order_statistics,300.0,1,False
329,46ee468c5cf1ef6063700900ce0e9ee0ced83ce65d73593b9f5c9825c74ab07f,proven_maximal,maximize_sum_testing_e_values_at_maximum_cardinality,proven_optimal,59267.223700574206,1.224686845878223,48393.77829527815,0,0,17,,,6;13;31;39;54;64;68;79;85;86;107;109;110;142;158;168;188,0,0,17,0,0,0,0.0,0.0,0.5666666666666667,0.0,0.0,0.0,0,17,0.47556690010242164,9,9,275,55,17,,method1_proportional_scores_gamma1,unrestricted_maximum_cardinality_then_maximum_testing_evalue_sum,200,0,8,exact_fixed_count_order_statistics,300.0,1,False
330,75f727b5c8d25e4923ab624a756a81e7a4c1983fdc713f919d18ce2112dec0d6,proven_maximal,maximize_sum_testing_e_values_at_maximum_cardinality,proven_optimal,438.0009417705808,0.00718445003966987,60965.13154828859,0,0,1,,,129,0,0,1,0,0,0,0.0,0.0,0.03333333333333333,0.0,0.0,0.0,0,1,0.15845839981921017,3,3,250,51,1,,method1_proportional_scores_gamma1,unrestricted_maximum_cardinality_then_maximum_testing_evalue_sum,200,0,6,exact_fixed_count_order_statistics,300.0,1,False
331,1a222013e2ae32376c76a0bd7ce2b006be8bfd1e89729dbf765530d5ac70da25,proven_maximal,maximize_sum_testing_e_values_at_maximum_cardinality,proven_optimal,7187.365709210812,1.5165289439110148,4739.352808311811,0,0,8,,,4;12;16;33;35;98;165;193,0,0,8,0,0,0,0.0,0.0,0.26666666666666666,0.0,0.0,0.0,0,8,0.5079610000830144,7,5,268,68,8,,method1_proportional_scores_gamma1,unrestricted_maximum_cardinality_then_maximum_testing_evalue_sum,200,0,4,exact_fixed_count_order_statistics,300.0,1,False
332,678915bf88e314ed93d1bce6c43aa91a420c8aaf1c166ea9570fb815883cf79a,proven_maximal,maximize_sum_testing_e_values_at_maximum_cardinality,proven_optimal,429533.19810942025,1.0043644111801089,427666.6848487064,0,0,8,,,41;74;96;118;152;180;191;193,0,0,8,0,0,0,0.0,0.0,0.26666666666666666,0.0,0.0,0.0,0,8,0.363159199943766,9,8,256,47,8,,method1_proportional_scores_gamma1,unrestricted_maximum_cardinality_then_maximum_testing_evalue_sum,200,0,4,exact_fixed_count_order_statistics,300.0,1,False
333,50d16b620efc78055f5bcb2f3b052740d2bfe3eed64ec870aac591393bc7b572,proven_maximal,maximize_sum_testing_e_values_at_maximum_cardinality,proven_optimal,69863.92842480137,2.0693676006573876,33761.00428102156,0,0,11,,,2;3;7;30;61;66;72;90;95;115;193,0,0,11,0,0,0,0.0,0.0,0.36666666666666664,0.0,0.0,0.0,0,11,0.21637270017527044,7,7,261,53,11,,method1_proportional_scores_gamma1,unrestricted_maximum_cardinality_then_maximum_testing_evalue_sum,200,0,12,exact_fixed_count_order_statistics,300.0,1,False
334,c2e5745a811cdada04de13a4b97142d29bd2e4006d243052dbba9f7e095f412a,proven_maximal,maximize_sum_testing_e_values_at_maximum_cardinality,proven_optimal,14062.594489580988,1.0090803126264771,13936.050791614662,0,0,8,,,22;46;62;92;119;155;161;186,0,0,8,0,0,0,0.0,0.0,0.26666666666666666,0.0,0.0,0.0,0,8,0.3981079999357462,5,4,254,56,8,,method1_proportional_scores_gamma1,unrestricted_maximum_cardinality_then_maximum_testing_evalue_sum,200,0,9,exact_fixed_count_order_statistics,300.0,1,False
335,942329c6d9de5f807e1db2fb2f14d5a47c68b283a9a124247ba1c4e4bbb6c326,proven_maximal,maximize_sum_testing_e_values_at_maximum_cardinality,proven_optimal,2627.336264340286,0.05938365083266878,44243.42773642518,0,0,1,,,181,0,0,1,0,0,0,0.0,0.0,0.03333333333333333,0.0,0.0,0.0,0,1,0.48894940013997257,6,4,259,58,1,,method1_proportional_scores_gamma1,unrestricted_maximum_cardinality_then_maximum_testing_evalue_sum,200,0,11,exact_fixed_count_order_statistics,300.0,1,False
336,7acc7d15134a4f300991c0c86161c47695fb93da73fccb83bb2133b468efdf9d,proven_maximal,maximize_sum_testing_e_values_at_maximum_cardinality,proven_optimal,3380.1232308595563,0.01783998261763466,189468.9755761497,0,0,3,,,8;17;159,0,0,3,0,0,0,0.0,0.0,0.1,0.0,0.0,0.0,0,3,0.44857029989361763,6,4,245,45,3,,method1_proportional_scores_gamma1,unrestricted_maximum_cardinality_then_maximum_testing_evalue_sum,200,0,8,exact_fixed_count_order_statistics,300.0,1,False
337,bd9ad19c77d3ffdb4e4ccfcc9d3792b9d2b241ffd5ce036b51823c294da9c415,proven_maximal,maximize_sum_testing_e_values_at_maximum_cardinality,proven_optimal,85713.54794766958,1.2867384733909673,66613.02954732283,0,0,14,,,5;7;30;33;39;81;91;96;100;111;144;145;148;181,0,0,14,0,0,0,0.0,0.0,0.4666666666666667,0.0,0.0,0.0,0,14,0.6540490000043064,11,11,284,50,14,,method1_proportional_scores_gamma1,unrestricted_maximum_cardinality_then_maximum_testing_evalue_sum,200,0,12,exact_fixed_count_order_statistics,300.0,1,False
338,f8fb9fe1be4bd54ddc67462ad551f78fd370fe58e669bca5faec8dc7dcfc2949,proven_maximal,maximize_sum_testing_e_values_at_maximum_cardinality,proven_optimal,123706.86050912562,1.6550633705503555,74744.48574617997,0,0,9,,,74;78;93;117;150;166;182;187;191,0,0,9,0,0,0,0.0,0.0,0.3,0.0,0.0,0.0,0,9,0.3729793999809772,5,4,243,47,9,,method1_proportional_scores_gamma1,unrestricted_maximum_cardinality_then_maximum_testing_evalue_sum,200,0,8,exact_fixed_count_order_statistics,300.0,1,False
339,ccf5e8708fea8b6e6aa41f6a210a48bc02e4077a4d9deeb000e4430282d0bec2,proven_maximal,maximize_sum_testing_e_values_at_maximum_cardinality,proven_optimal,37090.61336013605,2.402212815940775,15440.186279087146,0,0,13,,,17;42;50;60;76;100;107;131;133;148;154;155;190,0,0,13,0,0,0,0.0,0.0,0.43333333333333335,0.0,0.0,0.0,0,13,0.970663599902764,22,20,307,47,13,,method1_proportional_scores_gamma1,unrestricted_maximum_cardinality_then_maximum_testing_evalue_sum,200,0,8,exact_fixed_count_order_statistics,300.0,1,False
340,3ce387e042c0fa7fef09feb98c2bd991167ac7659b6301ed1eca571a28b2fecd,proven_maximal,maximize_sum_testing_e_values_at_maximum_cardinality,proven_optimal,0.0,0.0,11761.08308576273,0,0,0,,,,0,0,0,0,0,0,0.0,0.0,0.0,0.0,0.0,0.0,0,0,0.13136389991268516,3,3,258,58,0,,method1_proportional_scores_gamma1,unrestricted_maximum_cardinality_then_maximum_testing_evalue_sum,200,0,10,exact_fixed_count_order_statistics,300.0,1,False
341,fb06927eb166e55519de0610f44bb5c178b1a215cbb69e35a2bdc5f017c170b0,proven_maximal,maximize_sum_testing_e_values_at_maximum_cardinality,proven_optimal,455283.2793695352,1.0072398957332414,452010.7685350392,0,0,7,,,1;4;100;115;146;161;169,0,0,7,0,0,0,0.0,0.0,0.23333333333333334,0.0,0.0,0.0,0,7,0.4058206998743117,7,6,259,57,7,,method1_proportional_scores_gamma1,unrestricted_maximum_cardinality_then_maximum_testing_evalue_sum,200,0,7,exact_fixed_count_order_statistics,300.0,1,False
342,4514641def68585f40d0980b7dd8ea6bf1199d47b3eb2455c669d99006937ba2,proven_maximal,maximize_sum_testing_e_values_at_maximum_cardinality,proven_optimal,24740.01762072493,1.0,24740.01762072493,0,0,1,,,53,0,0,1,0,0,0,0.0,0.0,0.03333333333333333,0.0,0.0,0.0,0,1,0.14704060018993914,3,3,258,59,1,,method1_proportional_scores_gamma1,unrestricted_maximum_cardinality_then_maximum_testing_evalue_sum,200,0,2,exact_fixed_count_order_statistics,300.0,1,False
343,4c0125fb03c9a3b8c212caa51f4e985c64c7e7c74cfc5dbaa4e57e3ec627c986,proven_maximal,maximize_sum_testing_e_values_at_maximum_cardinality,proven_optimal,12900.219545933114,2.171534268150672,5940.601414924588,0,0,12,,,2;14;21;32;48;113;119;130;149;181;195;198,0,0,12,0,0,0,0.0,0.0,0.4,0.0,0.0,0.0,0,12,0.3333481000736356,8,8,276,61,12,,method1_proportional_scores_gamma1,unrestricted_maximum_cardinality_then_maximum_testing_evalue_sum,200,0,8,exact_fixed_count_order_statistics,300.0,1,False
344,e9d7ddab3b041bd132078803dad123c35e6cfd0326135ef1ca04cc49441103d5,proven_maximal,maximize_sum_testing_e_values_at_maximum_cardinality,proven_optimal,41504.088369130695,1.2528394287187599,33128.01897652251,0,0,16,,,0;12;13;31;50;54;61;66;70;85;88;155;167;186;190;194,0,0,16,0,0,0,0.0,0.0,0.5333333333333333,0.0,0.0,0.0,0,16,0.4691409000661224,13,13,287,51,16,,method1_proportional_scores_gamma1,unrestricted_maximum_cardinality_then_maximum_testing_evalue_sum,200,0,5,exact_fixed_count_order_statistics,300.0,1,False
345,789a370bec6cba82c45d6d65c8c92622a93c0441b7cad19b0823174a04a9c50c,proven_maximal,maximize_sum_testing_e_values_at_maximum_cardinality,proven_optimal,9236.324630312045,2.243736524445125,4116.4925247166375,0,0,16,,,6;17;23;26;32;52;58;70;97;120;137;140;146;166;176;187,0,0,16,0,0,0,0.0,0.0,0.5333333333333333,0.0,0.0,0.0,0,16,0.20587769988924265,6,6,245,49,16,,method1_proportional_scores_gamma1,unrestricted_maximum_cardinality_then_maximum_testing_evalue_sum,200,0,1,exact_fixed_count_order_statistics,300.0,1,False
346,803f4afb847cdda9170ae6c110d134bcdb8741dd0e4f3224df5ba242182c1af6,proven_maximal,maximize_sum_testing_e_values_at_maximum_cardinality,proven_optimal,344605.1589933559,1.0201380760236594,337802.46722735174,0,0,11,,,16;35;40;84;91;139;148;166;173;182;198,0,0,11,0,0,0,0.0,0.0,0.36666666666666664,0.0,0.0,0.0,0,11,0.3249405000824481,5,5,254,56,11,,method1_proportional_scores_gamma1,unrestricted_maximum_cardinality_then_maximum_testing_evalue_sum,200,0,3,exact_fixed_count_order_statistics,300.0,1,False
347,dd80045ac6b8f8b22d1ac57d55ed28b5c39afc8ee29006e21fbfebd638db3633,proven_maximal,maximize_sum_testing_e_values_at_maximum_cardinality,proven_optimal,224141.3697450541,1.001787810967217,223741.36248338624,0,0,2,,,28;136,0,0,2,0,0,0,0.0,0.0,0.06666666666666667,0.0,0.0,0.0,0,2,0.1506385998800397,3,3,249,50,2,,method1_proportional_scores_gamma1,unrestricted_maximum_cardinality_then_maximum_testing_evalue_sum,200,0,7,exact_fixed_count_order_statistics,300.0,1,False
348,09545e6574d6e51a8289bc2583df464638371741551b81de79b6af3c5f35695d,proven_maximal,maximize_sum_testing_e_values_at_maximum_cardinality,proven_optimal,16582.609194734257,1.2761632149777369,12994.113135460928,0,0,9,,,21;30;55;87;112;159;163;190;195,0,0,9,0,0,0,0.0,0.0,0.3,0.0,0.0,0.0,0,9,0.4499081999529153,9,8,265,56,9,,method1_proportional_scores_gamma1,unrestricted_maximum_cardinality_then_maximum_testing_evalue_sum,200,0,5,exact_fixed_count_order_statistics,300.0,1,False
349,f3608c70cc82bad164289dc5b231f2577c93536431d5b2af4cb5080cd9084405,proven_maximal,maximize_sum_testing_e_values_at_maximum_cardinality,proven_optimal,93511.08602758375,2.2781166470605174,41047.54080448088,0,0,19,,,8;29;31;38;53;57;60;67;81;127;135;147;157;159;177;187;193;194;195,0,0,19,0,0,0,0.0,0.0,0.6333333333333333,0.0,0.0,0.0,0,19,0.7523656999692321,15,14,286,57,19,,method1_proportional_scores_gamma1,unrestricted_maximum_cardinality_then_maximum_testing_evalue_sum,200,0,15,exact_fixed_count_order_statistics,300.0,1,False
350,7776880f3e74452cd7b5a486e8cc18b9d78dfba3b87109d30d3f0b74370d83f5,proven_maximal,maximize_sum_testing_e_values_at_maximum_cardinality,proven_optimal,53826.97827992515,1.1104652427324273,48472.45659618998,0,0,4,,,14;30;106;147,0,0,4,0,0,0,0.0,0.0,0.13333333333333333,0.0,0.0,0.0,0,4,0.4243844000156969,7,6,265,60,4,,method1_proportional_scores_gamma1,unrestricted_maximum_cardinality_then_maximum_testing_evalue_sum,200,0,5,exact_fixed_count_order_statistics,300.0,1,False
351,d05d1f96fa8589f631156ed11f1a4b6fb005c48b89038a2fae87865c8072fc6e,proven_maximal,maximize_sum_testing_e_values_at_maximum_cardinality,proven_optimal,94490.40211558805,1.2275615699055298,76974.06340511279,0,0,3,,,97;115;159,0,0,3,0,0,0,0.0,0.0,0.1,0.0,0.0,0.0,0,3,0.17357109999284148,3,3,244,47,3,,method1_proportional_scores_gamma1,unrestricted_maximum_cardinality_then_maximum_testing_evalue_sum,200,0,7,exact_fixed_count_order_statistics,300.0,1,False
352,059781722b3d52503c67768a6ecdb58574693474c4d656490fde510ae5a66911,proven_maximal,maximize_sum_testing_e_values_at_maximum_cardinality,proven_optimal,0.0,0.0,6993.12505322935,0,0,0,,,,0,0,0,0,0,0,0.0,0.0,0.0,0.0,0.0,0.0,0,0,0.16380409989506006,3,3,262,62,0,,method1_proportional_scores_gamma1,unrestricted_maximum_cardinality_then_maximum_testing_evalue_sum,200,0,5,exact_fixed_count_order_statistics,300.0,1,False
353,bbf7de25b87ad7a534a9e26cfd5e1973e7ca6b2a571c3a03ea35399c8aa8e6b4,proven_maximal,maximize_sum_testing_e_values_at_maximum_cardinality,proven_optimal,47543.00654967327,1.581171017587437,30068.22539804376,0,0,9,,,15;33;80;102;119;164;170;178;187,0,0,9,0,0,0,0.0,0.0,0.3,0.0,0.0,0.0,0,9,0.4082248001359403,5,4,269,73,9,,method1_proportional_scores_gamma1,unrestricted_maximum_cardinality_then_maximum_testing_evalue_sum,200,0,10,exact_fixed_count_order_statistics,300.0,1,False
354,f6d8e142bc75373b6f72e74640bc13013eea56ec226badf79d5a806005b41d23,proven_maximal,maximize_sum_testing_e_values_at_maximum_cardinality,proven_optimal,14170.39883164223,1.6032726663111436,8838.421018082903,0,0,9,,,16;38;39;88;105;123;130;149;162,0,0,9,0,0,0,0.0,0.0,0.3,0.0,0.0,0.0,0,9,0.6623005999717861,19,18,293,64,9,,method1_proportional_scores_gamma1,unrestricted_maximum_cardinality_then_maximum_testing_evalue_sum,200,0,3,exact_fixed_count_order_statistics,300.0,1,False
355,b1aff53110ac868bfc159528c5106067eef43fb3f7fe44a931dcef79a143bf6f,proven_maximal,maximize_sum_testing_e_values_at_maximum_cardinality,proven_optimal,44773.305535233536,1.5223576350849746,29410.50414394538,0,0,15,,,47;55;65;76;78;85;90;98;105;152;172;180;185;194;196,0,0,15,0,0,0,0.0,0.0,0.5,0.0,0.0,0.0,0,15,0.30267430003732443,7,7,289,59,15,,method1_proportional_scores_gamma1,unrestricted_maximum_cardinality_then_maximum_testing_evalue_sum,200,0,8,exact_fixed_count_order_statistics,300.0,1,False
356,2cb54854f54296b4adb694ed999621f82f45d0d34291972e7f8a9f9c92a52e3d,proven_maximal,maximize_sum_testing_e_values_at_maximum_cardinality,proven_optimal,22754.559704734475,3.8455591605265074,5917.10041501977,0,0,13,,,58;65;69;79;87;109;112;130;133;136;153;188;189,0,0,13,0,0,0,0.0,0.0,0.43333333333333335,0.0,0.0,0.0,0,13,0.5804127999581397,11,11,270,52,13,,method1_proportional_scores_gamma1,unrestricted_maximum_cardinality_then_maximum_testing_evalue_sum,200,0,9,exact_fixed_count_order_statistics,300.0,1,False
357,1e5c65e15b0db23d5a942b9f78f23587710a2425ac501c194c077a7a2f61d112,proven_maximal,maximize_sum_testing_e_values_at_maximum_cardinality,proven_optimal,32099.554845602015,2.1278598023408994,15085.37113689947,0,0,15,,,29;48;82;91;92;95;99;121;126;153;154;162;174;185;195,0,0,15,0,0,0,0.0,0.0,0.5,0.0,0.0,0.0,0,15,1.5025443001650274,45,43,378,56,15,,method1_proportional_scores_gamma1,unrestricted_maximum_cardinality_then_maximum_testing_evalue_sum,200,0,5,exact_fixed_count_order_statistics,300.0,1,False
358,ac0b13d0a60bb9aa779124d7547f6d3fc86f8672890d770233aad0af9bf821cc,proven_maximal,maximize_sum_testing_e_values_at_maximum_cardinality,proven_optimal,36019.86006818696,1.9646145185970167,18334.314302996037,0,0,16,,,11;27;47;57;71;74;97;125;126;128;149;151;163;164;166;180,0,0,16,0,0,0,0.0,0.0,0.5333333333333333,0.0,0.0,0.0,0,16,1.03628099989146,15,14,273,51,16,,method1_proportional_scores_gamma1,unrestricted_maximum_cardinality_then_maximum_testing_evalue_sum,200,0,7,exact_fixed_count_order_statistics,300.0,1,False
359,731923ecdaa3d09cc28fced634596e3164eeffbdb7be14a8876149aa4c41165c,proven_maximal,maximize_sum_testing_e_values_at_maximum_cardinality,proven_optimal,0.0,0.0,1373.441129337137,0,0,0,,,,0,0,0,0,0,0,0.0,0.0,0.0,0.0,0.0,0.0,0,0,0.14517299993894994,3,3,260,60,0,,method1_proportional_scores_gamma1,unrestricted_maximum_cardinality_then_maximum_testing_evalue_sum,200,0,0,exact_fixed_count_order_statistics,300.0,1,False
360,11cf6a4695a3544093a5b2aea0275a2565aeebe50280a5774d2f1b9019a28e07,proven_maximal,maximize_sum_testing_e_values_at_maximum_cardinality,proven_optimal,13312.325189538627,1.033949071828493,12875.223308626191,0,0,12,,,42;51;53;79;91;112;115;122;124;155;168;190,0,0,12,0,0,0,0.0,0.0,0.4,0.0,0.0,0.0,0,12,0.2586156001780182,7,7,279,57,12,,method1_proportional_scores_gamma1,unrestricted_maximum_cardinality_then_maximum_testing_evalue_sum,200,0,8,exact_fixed_count_order_statistics,300.0,1,False
361,75f841eebe2b2051430ebf9c69870aa193c3104e42494438f9bab2d09d18cf73,proven_maximal,maximize_sum_testing_e_values_at_maximum_cardinality,proven_optimal,20229.563000155027,1.4052175120750323,14396.03678884046,0,0,8,,,21;27;28;47;59;64;152;159,0,0,8,0,0,0,0.0,0.0,0.26666666666666666,0.0,0.0,0.0,0,8,0.30667380010709167,7,7,249,50,8,,method1_proportional_scores_gamma1,unrestricted_maximum_cardinality_then_maximum_testing_evalue_sum,200,0,5,exact_fixed_count_order_statistics,300.0,1,False
362,48da2b48d719add5b0a3a546e0ae016642e439afb1804154e9a726c391ac25e6,proven_maximal,maximize_sum_testing_e_values_at_maximum_cardinality,proven_optimal,17010.648266175922,1.0036736072739263,16948.38655006429,0,0,2,,,111;141,0,0,2,0,0,0,0.0,0.0,0.06666666666666667,0.0,0.0,0.0,0,2,0.14870669995434582,3,3,253,54,2,,method1_proportional_scores_gamma1,unrestricted_maximum_cardinality_then_maximum_testing_evalue_sum,200,0,7,exact_fixed_count_order_statistics,300.0,1,False
363,bf112e8d7fc67e7656d5c7160e6533ff408059ca74cce482f5b2af4ec71366c9,proven_maximal,maximize_sum_testing_e_values_at_maximum_cardinality,proven_optimal,234243.3644592375,1.3480596961066305,173763.3467833527,0,0,14,,,1;5;19;21;47;55;85;89;106;128;135;164;175;189,0,0,14,0,0,0,0.0,0.0,0.4666666666666667,0.0,0.0,0.0,0,14,0.7081208999734372,14,14,287,50,14,,method1_proportional_scores_gamma1,unrestricted_maximum_cardinality_then_maximum_testing_evalue_sum,200,0,11,exact_fixed_count_order_statistics,300.0,1,False
364,b3ff004efd037d90f20473f561de5606d61915b01b27e8c4724c351b868ea394,proven_maximal,maximize_sum_testing_e_values_at_maximum_cardinality,proven_optimal,61591.71644804233,1.6356687554577094,37655.37260678866,0,0,12,,,7;25;42;95;114;117;147;159;177;190;195;196,0,0,12,0,0,0,0.0,0.0,0.4,0.0,0.0,0.0,0,12,0.5593681000173092,14,14,291,42,12,,method1_proportional_scores_gamma1,unrestricted_maximum_cardinality_then_maximum_testing_evalue_sum,200,0,8,exact_fixed_count_order_statistics,300.0,1,False
365,8239adc1b39334c466142cbde0feb901ba50658953b4b8a3fb5efb76b6a6257c,proven_maximal,maximize_sum_testing_e_values_at_maximum_cardinality,proven_optimal,0.0,0.0,829762.1777620396,0,0,0,,,,0,0,0,0,0,0,0.0,0.0,0.0,0.0,0.0,0.0,0,0,0.1557891999837011,3,3,259,59,0,,method1_proportional_scores_gamma1,unrestricted_maximum_cardinality_then_maximum_testing_evalue_sum,200,0,2,exact_fixed_count_order_statistics,300.0,1,False
366,d3458d326c6895ee03976481dc1ac63193b671a26c059ab6bf2c025d2576b0d9,proven_maximal,maximize_sum_testing_e_values_at_maximum_cardinality,proven_optimal,3656.063012104207,2.0340629547791544,1797.4188082596288,0,0,10,,,18;46;50;72;88;101;112;126;180;196,0,0,10,0,0,0,0.0,0.0,0.3333333333333333,0.0,0.0,0.0,0,10,0.30510229989886284,6,6,257,45,10,,method1_proportional_scores_gamma1,unrestricted_maximum_cardinality_then_maximum_testing_evalue_sum,200,0,0,exact_fixed_count_order_statistics,300.0,1,False
367,c2429d7c3688e42112554cbdb829cb1a815597e25c608a43d69a52980af58f83,proven_maximal,maximize_sum_testing_e_values_at_maximum_cardinality,proven_optimal,0.0,0.0,9704.094231815365,0,0,0,,,,0,0,0,0,0,0,0.0,0.0,0.0,0.0,0.0,0.0,0,0,0.16559430002234876,3,3,253,53,0,,method1_proportional_scores_gamma1,unrestricted_maximum_cardinality_then_maximum_testing_evalue_sum,200,0,3,exact_fixed_count_order_statistics,300.0,1,False
368,ea8821967d3ff60cc1d2bddd791e2aa319c1de88e75f26defedea516f5001008,proven_maximal,maximize_sum_testing_e_values_at_maximum_cardinality,proven_optimal,12243.594109527874,0.6427151345249749,19049.79897287934,0,0,2,,,90;164,0,0,2,0,0,0,0.0,0.0,0.06666666666666667,0.0,0.0,0.0,0,2,0.1795498998835683,3,3,252,53,2,,method1_proportional_scores_gamma1,unrestricted_maximum_cardinality_then_maximum_testing_evalue_sum,200,0,5,exact_fixed_count_order_statistics,300.0,1,False
369,9d8aa7b58e988b7cbe1082e8c848a0ae5d1c7f1e93dbbf91c5f923c5ae83e16a,proven_maximal,maximize_sum_testing_e_values_at_maximum_cardinality,proven_optimal,8974.632096361402,1.0949145124856452,8196.65096591645,0,0,6,,,31;35;56;123;141;155,0,0,6,0,0,0,0.0,0.0,0.2,0.0,0.0,0.0,0,6,0.554831099929288,21,20,277,45,6,,method1_proportional_scores_gamma1,unrestricted_maximum_cardinality_then_maximum_testing_evalue_sum,200,0,8,exact_fixed_count_order_statistics,300.0,1,False
370,08f9cd3e852c31667dba7b90e01983f13965b2496b6d589092fb5bdb4a7bed52,proven_maximal,maximize_sum_testing_e_values_at_maximum_cardinality,proven_optimal,415.8169909746726,0.006277522413713522,66239.02928109061,0,0,2,,,103;148,0,0,2,0,0,0,0.0,0.0,0.06666666666666667,0.0,0.0,0.0,0,2,0.19723479985259473,3,3,261,63,2,,method1_proportional_scores_gamma1,unrestricted_maximum_cardinality_then_maximum_testing_evalue_sum,200,0,8,exact_fixed_count_order_statistics,300.0,1,False
371,ed64cdbb6d13060ab88602e1539034e94236c892adf95d9f44116ee9228a3fd6,proven_maximal,maximize_sum_testing_e_values_at_maximum_cardinality,proven_optimal,4141.4217242532295,2.061514769998697,2008.921684444612,0,0,6,,,1;4;89;123;186;198,0,0,6,0,0,0,0.0,0.0,0.2,0.0,0.0,0.0,0,6,0.1739858000073582,3,3,252,56,6,,method1_proportional_scores_gamma1,unrestricted_maximum_cardinality_then_maximum_testing_evalue_sum,200,0,5,exact_fixed_count_order_statistics,300.0,1,False
372,3af3b20149759ace7e0d03ace4136ad4920b5be525607b40703e8cc4f4ec9bfc,proven_maximal,maximize_sum_testing_e_values_at_maximum_cardinality,proven_optimal,16213.23720288221,4.2429264925435985,3821.239239325712,0,0,14,,,5;11;38;42;48;120;126;128;158;172;175;183;184;186,0,0,14,0,0,0,0.0,0.0,0.4666666666666667,0.0,0.0,0.0,0,14,0.20447220001369715,5,5,271,63,14,,method1_proportional_scores_gamma1,unrestricted_maximum_cardinality_then_maximum_testing_evalue_sum,200,0,8,exact_fixed_count_order_statistics,300.0,1,False
373,69af1aa654c586b1b2f822bd1534914333099644180bbdb99521d18ed1a276ac,proven_maximal,maximize_sum_testing_e_values_at_maximum_cardinality,proven_optimal,1099.2874866513357,0.05248132095415593,20946.261768288903,0,0,4,,,56;85;87;157,0,0,4,0,0,0,0.0,0.0,0.13333333333333333,0.0,0.0,0.0,0,4,0.4605813000816852,6,4,255,57,4,,method1_proportional_scores_gamma1,unrestricted_maximum_cardinality_then_maximum_testing_evalue_sum,200,0,4,exact_fixed_count_order_statistics,300.0,1,False
374,60e690200e1c5b87b4248a93a3ba415a112b76eaa31ad7246db57eca8b2fea6b,proven_maximal,maximize_sum_testing_e_values_at_maximum_cardinality,proven_optimal,11341.64926688443,3.4900430477370907,3249.71615299652,0,0,9,,,14;22;44;53;67;121;126;158;191,0,0,9,0,0,0,0.0,0.0,0.3,0.0,0.0,0.0,0,9,0.42481340002268553,9,8,270,63,9,,method1_proportional_scores_gamma1,unrestricted_maximum_cardinality_then_maximum_testing_evalue_sum,200,0,5,exact_fixed_count_order_statistics,300.0,1,False
375,daf0d3c24994920dba0c62638db590b76b113efd3e51cb080fea235909ceecc9,proven_maximal,maximize_sum_testing_e_values_at_maximum_cardinality,proven_optimal,17558.411057159192,1.9648851462607042,8936.10045888632,0,0,12,,,3;6;10;29;33;42;47;84;100;144;163;192,0,0,12,0,0,0,0.0,0.0,0.4,0.0,0.0,0.0,0,12,0.23951230011880398,6,6,255,57,12,,method1_proportional_scores_gamma1,unrestricted_maximum_cardinality_then_maximum_testing_evalue_sum,200,0,6,exact_fixed_count_order_statistics,300.0,1,False
376,3644780ceca0e5d0ef97aadb6e7df953cb4193dd029d9c8895a993043f4a9c16,proven_maximal,maximize_sum_testing_e_values_at_maximum_cardinality,proven_optimal,0.0,0.0,1697.3777215602538,0,0,0,,,,0,0,0,0,0,0,0.0,0.0,0.0,0.0,0.0,0.0,0,0,0.1616756001021713,3,3,258,58,0,,method1_proportional_scores_gamma1,unrestricted_maximum_cardinality_then_maximum_testing_evalue_sum,200,0,0,exact_fixed_count_order_statistics,300.0,1,False
377,5fe63784a1023cfa5250e02ac6de42174f7417eb8924f61a37f4dccb8681c475,proven_maximal,maximize_sum_testing_e_values_at_maximum_cardinality,proven_optimal,43131.25355466611,2.2636834868155504,19053.57078667444,0,0,21,,,8;16;23;29;40;41;77;88;99;108;113;117;125;136;137;138;144;146;163;168;189,0,0,21,0,0,0,0.0,0.0,0.7,0.0,0.0,0.0,0,21,0.3371447001118213,9,9,256,53,21,,method1_proportional_scores_gamma1,unrestricted_maximum_cardinality_then_maximum_testing_evalue_sum,200,0,10,exact_fixed_count_order_statistics,300.0,1,False
378,a5beb1878e82616ca189fd2c3b976a85978fdca61d9024053fe8e6b3ac78e100,proven_maximal,maximize_sum_testing_e_values_at_maximum_cardinality,proven_optimal,41804.40828570889,2.1891232287582607,19096.416198288505,0,0,12,,,22;29;44;65;70;73;79;86;102;107;115;155,0,0,12,0,0,0,0.0,0.0,0.4,0.0,0.0,0.0,0,12,0.3579973999876529,8,8,246,50,12,,method1_proportional_scores_gamma1,unrestricted_maximum_cardinality_then_maximum_testing_evalue_sum,200,0,5,exact_fixed_count_order_statistics,300.0,1,False
379,06f330a85e5492c59bfa9adfed1aa8fcf75928c00ea565c236428bd9482057e2,proven_maximal,maximize_sum_testing_e_values_at_maximum_cardinality,proven_optimal,21741.891575293157,4.007035405329414,5425.92949050965,0,0,20,,,6;16;18;28;60;73;75;80;111;112;114;125;127;140;148;172;173;175;193;194,0,0,20,0,0,0,0.0,0.0,0.6666666666666666,0.0,0.0,0.0,0,20,0.3763598999939859,12,12,256,48,20,,method1_proportional_scores_gamma1,unrestricted_maximum_cardinality_then_maximum_testing_evalue_sum,200,0,13,exact_fixed_count_order_statistics,300.0,1,False
380,6ab1d7e6117a064c86e9b6e572d3a396ae8ee6e6cf1ef9f2f61122b46f350c11,proven_maximal,maximize_sum_testing_e_values_at_maximum_cardinality,proven_optimal,28582.102002077583,1.3718147405195182,20835.249219769496,0,0,10,,,55;67;81;90;136;155;160;167;177;191,0,0,10,0,0,0,0.0,0.0,0.3333333333333333,0.0,0.0,0.0,0,10,0.8993623000569642,15,14,282,45,10,,method1_proportional_scores_gamma1,unrestricted_maximum_cardinality_then_maximum_testing_evalue_sum,200,0,6,exact_fixed_count_order_statistics,300.0,1,False
381,c7deb80d31b4ba32dd042e23ef04da0174b4e5afe78e2363ae7dd487ae94fc70,proven_maximal,maximize_sum_testing_e_values_at_maximum_cardinality,proven_optimal,68890.76548010738,1.1294493908743635,60994.99989705213,0,0,4,,,21;122;174;184,0,0,4,0,0,0,0.0,0.0,0.13333333333333333,0.0,0.0,0.0,0,4,0.16305719991214573,3,3,244,47,4,,method1_proportional_scores_gamma1,unrestricted_maximum_cardinality_then_maximum_testing_evalue_sum,200,0,5,exact_fixed_count_order_statistics,300.0,1,False
382,d54cf819b1aa5e4f0572457c49368f974f8ecb9ccbccd255c42a9cfb58cf1c2b,proven_maximal,maximize_sum_testing_e_values_at_maximum_cardinality,proven_optimal,66016.90723446084,1.4165581729407926,46603.73890428299,0,0,4,,,20;35;68;79,0,0,4,0,0,0,0.0,0.0,0.13333333333333333,0.0,0.0,0.0,0,4,0.5054479998070747,6,4,252,52,4,,method1_proportional_scores_gamma1,unrestricted_maximum_cardinality_then_maximum_testing_evalue_sum,200,0,3,exact_fixed_count_order_statistics,300.0,1,False
383,f66feb4a35269fbf0f3105d51a83217d67e8ac647c7c2581e182fad197189a1d,proven_maximal,maximize_sum_testing_e_values_at_maximum_cardinality,proven_optimal,173151.47742147296,1.181233880178794,146585.2616716889,0,0,9,,,2;18;88;113;124;146;147;179;187,0,0,9,0,0,0,0.0,0.0,0.3,0.0,0.0,0.0,0,9,0.4165182001888752,5,4,249,55,9,,method1_proportional_scores_gamma1,unrestricted_maximum_cardinality_then_maximum_testing_evalue_sum,200,0,12,exact_fixed_count_order_statistics,300.0,1,False
384,1faa10bf869f3af1c935e78686a98cb2711a84745fea9a372420958325835e0f,proven_maximal,maximize_sum_testing_e_values_at_maximum_cardinality,proven_optimal,3854.8904730032536,1.6734463377531505,2303.563840701946,0,0,10,,,9;32;53;71;75;99;116;127;192;194,0,0,10,0,0,0,0.0,0.0,0.3333333333333333,0.0,0.0,0.0,0,10,1.1342585999518633,14,14,286,64,10,,method1_proportional_scores_gamma1,unrestricted_maximum_cardinality_then_maximum_testing_evalue_sum,200,0,0,exact_fixed_count_order_statistics,300.0,1,False
385,1cc77c65815feb74fac391c52c2e1be17afdba44367abf4ce859fc7f93be280e,proven_maximal,maximize_sum_testing_e_values_at_maximum_cardinality,proven_optimal,6657.700397943016,1.2401310832889403,5368.545702673777,0,0,9,,,2;11;14;53;92;93;152;157;168,0,0,9,0,0,0,0.0,0.0,0.3,0.0,0.0,0.0,0,9,0.40949340001679957,7,6,265,59,9,,method1_proportional_scores_gamma1,unrestricted_maximum_cardinality_then_maximum_testing_evalue_sum,200,0,8,exact_fixed_count_order_statistics,300.0,1,False
386,617ee8b732e5ba5fff2ec3e772cbefd414899428be8f02f7390f4e2b71cb60e0,proven_maximal,maximize_sum_testing_e_values_at_maximum_cardinality,proven_optimal,7546.660670230109,3.76991812358313,2001.8102311085108,0,0,21,,,6;9;24;25;66;72;81;90;94;99;116;117;141;143;170;173;177;183;186;194;198,0,0,21,0,0,0,0.0,0.0,0.7,0.0,0.0,0.0,0,21,0.1872078999876976,6,6,239,40,21,,method1_proportional_scores_gamma1,unrestricted_maximum_cardinality_then_maximum_testing_evalue_sum,200,0,0,exact_fixed_count_order_statistics,300.0,1,False
387,1f954a792f072464cc0883d822ed38a3fb6dcefa8de75ad440872dc43d9c999c,proven_maximal,maximize_sum_testing_e_values_at_maximum_cardinality,proven_optimal,12228.37668349444,1.631523174106157,7495.067724179801,0,0,6,,,13;39;74;91;114;136,0,0,6,0,0,0,0.0,0.0,0.2,0.0,0.0,0.0,0,6,0.1582112000323832,3,3,248,50,6,,method1_proportional_scores_gamma1,unrestricted_maximum_cardinality_then_maximum_testing_evalue_sum,200,0,4,exact_fixed_count_order_statistics,300.0,1,False
388,8749b66f27a612b6978bfb7dbcfeb2c2ab8b5f3c8207150c546aa90529f75e4c,proven_maximal,maximize_sum_testing_e_values_at_maximum_cardinality,proven_optimal,18994.7483760033,1.246529658097937,15238.103845027748,0,0,12,,,7;11;32;76;82;101;120;127;152;172;186;195,0,0,12,0,0,0,0.0,0.0,0.4,0.0,0.0,0.0,0,12,0.36576239997521043,10,10,265,50,12,,method1_proportional_scores_gamma1,unrestricted_maximum_cardinality_then_maximum_testing_evalue_sum,200,0,10,exact_fixed_count_order_statistics,300.0,1,False
389,d3df99a67b797598d4bb2e8728777a35f112df53df36478ad790caa69552abc6,proven_maximal,maximize_sum_testing_e_values_at_maximum_cardinality,proven_optimal,16410.61967241961,2.835015524532133,5788.546669467666,0,0,6,,,49;135;161;162;163;184,0,0,6,0,0,0,0.0,0.0,0.2,0.0,0.0,0.0,0,6,0.3671496999450028,5,4,247,49,6,,method1_proportional_scores_gamma1,unrestricted_maximum_cardinality_then_maximum_testing_evalue_sum,200,0,4,exact_fixed_count_order_statistics,300.0,1,False
390,93e6da90ec6dc5f3d5a2d4d44f3567cc3dc11fd0b5676115c310cf8cf3fbdad0,proven_maximal,maximize_sum_testing_e_values_at_maximum_cardinality,proven_optimal,0.0,0.0,508.4449762050581,0,0,0,,,,0,0,0,0,0,0,0.0,0.0,0.0,0.0,0.0,0.0,0,0,0.1362043998669833,3,3,253,53,0,,method1_proportional_scores_gamma1,unrestricted_maximum_cardinality_then_maximum_testing_evalue_sum,200,0,0,exact_fixed_count_order_statistics,300.0,1,False
391,bc0a24d71ef9b87a04bc5f9d9928e7f00eee7414fc454a53e5b21411f178793e,proven_maximal,maximize_sum_testing_e_values_at_maximum_cardinality,proven_optimal,42487.64442652228,2.0033622076247153,21208.169079368687,0,0,13,,,10;29;33;39;40;86;108;118;122;141;163;166;197,0,0,13,0,0,0,0.0,0.0,0.43333333333333335,0.0,0.0,0.0,0,13,1.6887248000130057,27,24,349,49,13,,method1_proportional_scores_gamma1,unrestricted_maximum_cardinality_then_maximum_testing_evalue_sum,200,0,5,exact_fixed_count_order_statistics,300.0,1,False
392,099ed8bd648a08415636633a5e3e327858eb2f4cac2feaae52f6a4f22a46cfae,proven_maximal,maximize_sum_testing_e_values_at_maximum_cardinality,proven_optimal,645523.8363293932,1.4976227484968647,431032.3390702319,0,0,19,,,1;21;32;41;61;69;78;79;85;95;99;107;114;117;125;128;129;130;160,0,0,19,0,0,0,0.0,0.0,0.6333333333333333,0.0,0.0,0.0,0,19,0.3263122998178005,12,12,240,45,19,,method1_proportional_scores_gamma1,unrestricted_maximum_cardinality_then_maximum_testing_evalue_sum,200,0,6,exact_fixed_count_order_statistics,300.0,1,False
393,ae7b2af97d9b19432dd3fac5f77ead686eddbcce4cd31414d7bd06d5d0a2394b,proven_maximal,maximize_sum_testing_e_values_at_maximum_cardinality,proven_optimal,6502.106298177049,1.311786698840994,4956.67954547936,0,0,6,,,47;68;91;121;137;142,0,0,6,0,0,0,0.0,0.0,0.2,0.0,0.0,0.0,0,6,0.1431551999412477,3,3,257,60,6,,method1_proportional_scores_gamma1,unrestricted_maximum_cardinality_then_maximum_testing_evalue_sum,200,0,5,exact_fixed_count_order_statistics,300.0,1,False
394,469ce98bc675e9dbd6c263ff0869ff734bbf36b96f52f9092542a963af1e50d4,proven_maximal,maximize_sum_testing_e_values_at_maximum_cardinality,proven_optimal,547.9404293153858,0.10881613914400663,5035.470231031122,0,0,1,,,100,0,0,1,0,0,0,0.0,0.0,0.03333333333333333,0.0,0.0,0.0,0,1,0.19274770002812147,3,3,262,63,1,,method1_proportional_scores_gamma1,unrestricted_maximum_cardinality_then_maximum_testing_evalue_sum,200,0,1,exact_fixed_count_order_statistics,300.0,1,False
395,a1ec2f305e40beb297e3d2edf8201ed58390d7447d75a6a74242de301ae30a04,proven_maximal,maximize_sum_testing_e_values_at_maximum_cardinality,proven_optimal,14922.179435306078,1.4917002162336397,10003.470719460478,0,0,4,,,10;113;122;135,0,0,4,0,0,0,0.0,0.0,0.13333333333333333,0.0,0.0,0.0,0,4,0.4539098998066038,6,4,242,43,4,,method1_proportional_scores_gamma1,unrestricted_maximum_cardinality_then_maximum_testing_evalue_sum,200,0,8,exact_fixed_count_order_statistics,300.0,1,False
396,bcbb6f87cae4e44fa59f53e17dcb1d0c8a2ebc41d9967a4180d5c37bbf829074,proven_maximal,maximize_sum_testing_e_values_at_maximum_cardinality,proven_optimal,0.0,0.0,3060.597888414866,0,0,0,,,,0,0,0,0,0,0,0.0,0.0,0.0,0.0,0.0,0.0,0,0,0.17485690000467002,3,3,259,59,0,,method1_proportional_scores_gamma1,unrestricted_maximum_cardinality_then_maximum_testing_evalue_sum,200,0,9,exact_fixed_count_order_statistics,300.0,1,False
397,1ea0a4cd4ddb97617ec8b79516c4a1f3c4fe115579d4a08f21cff242b4408703,proven_maximal,maximize_sum_testing_e_values_at_maximum_cardinality,proven_optimal,75771.11948761054,1.6670136539235907,45453.20868204694,0,0,16,,,10;28;29;31;44;58;69;91;93;106;122;131;153;155;166;186,0,0,16,0,0,0,0.0,0.0,0.5333333333333333,0.0,0.0,0.0,0,16,0.20608949987217784,6,6,258,47,16,,method1_proportional_scores_gamma1,unrestricted_maximum_cardinality_then_maximum_testing_evalue_sum,200,0,3,exact_fixed_count_order_statistics,300.0,1,False
398,fab78ba6d848bf1e4ae1bfee1a43a7801bf84bd1444d05d8660055b6cf9def80,proven_maximal,maximize_sum_testing_e_values_at_maximum_cardinality,proven_optimal,8114.136198927987,0.49489292611922586,16395.740918255095,0,0,3,,,75;100;188,0,0,3,0,0,0,0.0,0.0,0.1,0.0,0.0,0.0,0,3,0.20634270017035306,3,3,258,60,3,,method1_proportional_scores_gamma1,unrestricted_maximum_cardinality_then_maximum_testing_evalue_sum,200,0,12,exact_fixed_count_order_statistics,300.0,1,False
399,0447ccbabc9fe66a06f9afa62240551397fb6a79f34b78f07c8779f230b100a0,proven_maximal,maximize_sum_testing_e_values_at_maximum_cardinality,proven_optimal,99639.45799324202,2.389976381686133,41690.56177992278,0,0,11,,,4;41;44;83;86;95;111;121;143;175;186,0,0,11,0,0,0,0.0,0.0,0.36666666666666664,0.0,0.0,0.0,0,11,0.4203376998193562,12,12,274,50,11,,method1_proportional_scores_gamma1,unrestricted_maximum_cardinality_then_maximum_testing_evalue_sum,200,0,7,exact_fixed_count_order_statistics,300.0,1,False
400,5ba5a8e74f554897a3502e4795423900da57f35b88998402423a5e90d0d70170,proven_maximal,maximize_sum_testing_e_values_at_maximum_cardinality,proven_optimal,289.0058887923233,0.027191513754975184,10628.532541313349,0,0,2,,,50;149,0,0,2,0,0,0,0.0,0.0,0.06666666666666667,0.0,0.0,0.0,0,2,0.1607974001672119,3,3,242,44,2,,method1_proportional_scores_gamma1,unrestricted_maximum_cardinality_then_maximum_testing_evalue_sum,200,0,2,exact_fixed_count_order_statistics,300.0,1,False
401,fa894aaa38f038a0206c68657b7f403da73dc9048c4d6d4747c6cd7957f46b5b,proven_maximal,maximize_sum_testing_e_values_at_maximum_cardinality,proven_optimal,19488.822370799127,1.957390882609442,9956.530677622315,0,0,13,,,39;44;62;82;85;94;107;109;127;132;154;185;196,0,0,13,0,0,0,0.0,0.0,0.43333333333333335,0.0,0.0,0.0,0,13,0.38024680013768375,11,11,282,54,13,,method1_proportional_scores_gamma1,unrestricted_maximum_cardinality_then_maximum_testing_evalue_sum,200,0,9,exact_fixed_count_order_statistics,300.0,1,False
402,8bcbb6a852ae62246bf18488c33f41b6c94b9ee539bafd06b8dadf8b29d05bce,proven_maximal,maximize_sum_testing_e_values_at_maximum_cardinality,proven_optimal,52212.24914373939,1.9717339422372677,26480.372440358617,0,0,7,,,44;75;80;86;123;186;192,0,0,7,0,0,0,0.0,0.0,0.23333333333333334,0.0,0.0,0.0,0,7,0.9266890999861062,40,39,299,63,7,,method1_proportional_scores_gamma1,unrestricted_maximum_cardinality_then_maximum_testing_evalue_sum,200,0,13,exact_fixed_count_order_statistics,300.0,1,False
403,82903274f0e4981bebeba3541cf8b7e3d9c720c7671e9d46923c00edfb64ce32,proven_maximal,maximize_sum_testing_e_values_at_maximum_cardinality,proven_optimal,6650.726907803633,0.30488597362909053,21813.817240062952,0,0,7,,,2;19;47;92;132;141;167,0,0,7,0,0,0,0.0,0.0,0.23333333333333334,0.0,0.0,0.0,0,7,0.505757600069046,15,14,285,61,7,,method1_proportional_scores_gamma1,unrestricted_maximum_cardinality_then_maximum_testing_evalue_sum,200,0,3,exact_fixed_count_order_statistics,300.0,1,False
404,36617407aafa1f63ac2d4d0e8bc425d7fda55806a12f7d8bd7edcfc2bcb5acd2,proven_maximal,maximize_sum_testing_e_values_at_maximum_cardinality,proven_optimal,37723.43959944173,3.3162850406514583,11375.210253950683,0,0,10,,,62;71;75;80;81;167;169;176;178;189,0,0,10,0,0,0,0.0,0.0,0.3333333333333333,0.0,0.0,0.0,0,10,0.4490432001184672,8,8,248,45,10,,method1_proportional_scores_gamma1,unrestricted_maximum_cardinality_then_maximum_testing_evalue_sum,200,0,7,exact_fixed_count_order_statistics,300.0,1,False
405,354bed3f574577554e2a82bd33ebdb63a86d4cd240cbeb74ee0ded64a03464b9,proven_maximal,maximize_sum_testing_e_values_at_maximum_cardinality,proven_optimal,19888.736207896607,0.78349714542519,25384.56754313169,0,0,5,,,1;95;167;168;187,0,0,5,0,0,0,0.0,0.0,0.16666666666666666,0.0,0.0,0.0,0,5,0.3778566000983119,5,4,245,49,5,,method1_proportional_scores_gamma1,unrestricted_maximum_cardinality_then_maximum_testing_evalue_sum,200,0,8,exact_fixed_count_order_statistics,300.0,1,False
406,9ff177527335198b49b2b4845ff319ac3a9ba7337d09b729a22eb2b6b3ecd5dc,proven_maximal,maximize_sum_testing_e_values_at_maximum_cardinality,proven_optimal,28158.76374646889,4.502971236109392,6253.374110112752,0,0,18,,,21;24;25;37;58;64;93;95;104;107;123;124;130;144;159;182;184;190,0,0,18,0,0,0,0.0,0.0,0.6,0.0,0.0,0.0,0,18,0.19586859992705286,5,5,251,54,18,,method1_proportional_scores_gamma1,unrestricted_maximum_cardinality_then_maximum_testing_evalue_sum,200,0,6,exact_fixed_count_order_statistics,300.0,1,False
407,260cccfbb3c51407c54e475516259ac2d0f129b61ac180e64dd4bdc3b51aab4c,proven_maximal,maximize_sum_testing_e_values_at_maximum_cardinality,proven_optimal,6268.280481745613,1.0926931380766887,5736.542367950411,0,0,9,,,28;36;66;80;93;128;137;147;196,0,0,9,0,0,0,0.0,0.0,0.3,0.0,0.0,0.0,0,9,0.4546292000450194,15,14,270,52,9,,method1_proportional_scores_gamma1,unrestricted_maximum_cardinality_then_maximum_testing_evalue_sum,200,0,7,exact_fixed_count_order_statistics,300.0,1,False
408,905f086841c9b4c0f3b75d810236aa5ebe52020814561eb80e0633e01fafb13f,proven_maximal,maximize_sum_testing_e_values_at_maximum_cardinality,proven_optimal,9082.141625311431,1.9441362822198227,4671.556057243788,0,0,10,,,14;16;33;41;82;89;121;124;163;178,0,0,10,0,0,0,0.0,0.0,0.3333333333333333,0.0,0.0,0.0,0,10,0.19498719996772707,6,6,259,53,10,,method1_proportional_scores_gamma1,unrestricted_maximum_cardinality_then_maximum_testing_evalue_sum,200,0,6,exact_fixed_count_order_statistics,300.0,1,False
409,720ec9f86ef01eb34d3afe24c890530f9a7f17ebeab197300161cfcf99f09b8d,proven_maximal,maximize_sum_testing_e_values_at_maximum_cardinality,proven_optimal,71059.27914944239,2.0560031860713894,34561.85264246718,0,0,10,,,17;19;42;48;54;56;60;77;103;189,0,0,9,0,0,1,0.0,0.0,0.3,0.0,0.0,0.1,0,10,1.606433799955994,28,27,349,64,10,,method1_proportional_scores_gamma1,unrestricted_maximum_cardinality_then_maximum_testing_evalue_sum,200,0,9,exact_fixed_count_order_statistics,300.0,1,False
410,f2795b2a1e850420fc411b716e2b54352adaf3d70fe0239c466130d441f36edf,proven_maximal,maximize_sum_testing_e_values_at_maximum_cardinality,proven_optimal,0.0,0.0,1064.0146314164558,0,0,0,,,,0,0,0,0,0,0,0.0,0.0,0.0,0.0,0.0,0.0,0,0,0.14208159991540015,3,3,244,44,0,,method1_proportional_scores_gamma1,unrestricted_maximum_cardinality_then_maximum_testing_evalue_sum,200,0,0,exact_fixed_count_order_statistics,300.0,1,False
411,8221e40572923a380a5a5f356b70b7e3282aca0539a11457328c052935027534,proven_maximal,maximize_sum_testing_e_values_at_maximum_cardinality,proven_optimal,12098.274603990842,0.6385684456309597,18945.932400459784,0,0,6,,,4;25;42;81;140;158,0,0,6,0,0,0,0.0,0.0,0.2,0.0,0.0,0.0,0,6,0.31513210013508797,7,7,248,40,6,,method1_proportional_scores_gamma1,unrestricted_maximum_cardinality_then_maximum_testing_evalue_sum,200,0,5,exact_fixed_count_order_statistics,300.0,1,False
412,2dc0291e5d6561aba6ebc8265c2889dcfc0d0917d66d526705534d3f7ddd6f5a,proven_maximal,maximize_sum_testing_e_values_at_maximum_cardinality,proven_optimal,28319.88576873679,1.9362415896441534,14626.214993110172,0,0,13,,,5;7;36;44;63;70;76;126;140;142;154;168;191,0,0,13,0,0,0,0.0,0.0,0.43333333333333335,0.0,0.0,0.0,0,13,0.23786019999533892,6,6,262,45,13,,method1_proportional_scores_gamma1,unrestricted_maximum_cardinality_then_maximum_testing_evalue_sum,200,0,9,exact_fixed_count_order_statistics,300.0,1,False
413,3f2d2ce050914b317043c5ee652ccb9341b9c555852c523b4a4988638d79e3b5,proven_maximal,maximize_sum_testing_e_values_at_maximum_cardinality,proven_optimal,0.0,0.0,210772.1606060752,0,0,0,,,,0,0,0,0,0,0,0.0,0.0,0.0,0.0,0.0,0.0,0,0,0.1301569000352174,3,3,240,40,0,,method1_proportional_scores_gamma1,unrestricted_maximum_cardinality_then_maximum_testing_evalue_sum,200,0,8,exact_fixed_count_order_statistics,300.0,1,False
414,0847fce7df02df64d432bc3a9c7779fb6e9e8720ba7b3c9703fdc982a6730bca,proven_maximal,maximize_sum_testing_e_values_at_maximum_cardinality,proven_optimal,72636.26800140823,2.9322258627110305,24771.716573787857,0,0,21,,,3;9;26;28;29;44;56;62;66;71;84;109;115;126;138;141;144;153;157;167;191,0,0,21,0,0,0,0.0,0.0,0.7,0.0,0.0,0.0,0,21,0.8418944999575615,14,14,289,54,21,,method1_proportional_scores_gamma1,unrestricted_maximum_cardinality_then_maximum_testing_evalue_sum,200,0,11,exact_fixed_count_order_statistics,300.0,1,False
415,d2466179658236e1c9d290c972c1568560c334caefdfbbb8870b137c77f8f492,proven_maximal,maximize_sum_testing_e_values_at_maximum_cardinality,proven_optimal,16685.23892813979,1.3426435426877767,12427.154637587852,0,0,11,,,14;35;81;83;119;133;134;136;146;174;190,0,0,11,0,0,0,0.0,0.0,0.36666666666666664,0.0,0.0,0.0,0,11,0.1644359000492841,4,4,250,56,11,,method1_proportional_scores_gamma1,unrestricted_maximum_cardinality_then_maximum_testing_evalue_sum,200,0,6,exact_fixed_count_order_statistics,300.0,1,False
416,bb066889e0cf8f3778dbcecf50498ab1f7d15b7e07c5db6377056a63a70b9457,proven_maximal,maximize_sum_testing_e_values_at_maximum_cardinality,proven_optimal,28102.388409487263,1.9614963234253686,14327.015592061856,0,0,21,,,1;3;4;6;20;39;58;81;82;88;102;107;115;116;120;126;159;160;170;175;198,0,0,21,0,0,0,0.0,0.0,0.7,0.0,0.0,0.0,0,21,0.3664057001005858,9,9,268,51,21,,method1_proportional_scores_gamma1,unrestricted_maximum_cardinality_then_maximum_testing_evalue_sum,200,0,5,exact_fixed_count_order_statistics,300.0,1,False
417,21b692e686666c4daf58eb936d4581896d4c63482104633b7fd98f55d25964f7,proven_maximal,maximize_sum_testing_e_values_at_maximum_cardinality,proven_optimal,26174.691893676492,2.163590559401075,12097.80278433188,0,0,12,,,26;39;44;52;76;87;109;133;157;171;178;192,0,0,12,0,0,0,0.0,0.0,0.4,0.0,0.0,0.0,0,12,0.1935741000343114,4,4,239,46,12,,method1_proportional_scores_gamma1,unrestricted_maximum_cardinality_then_maximum_testing_evalue_sum,200,0,3,exact_fixed_count_order_statistics,300.0,1,False
418,bc5dafd9371f84fa8f73e164accdf7b921d68b9a3b89cda5c8d98dc54c679678,proven_maximal,maximize_sum_testing_e_values_at_maximum_cardinality,proven_optimal,3689.5425583162278,2.0454583714713697,1803.7729878913208,0,0,12,,,59;61;66;79;80;121;136;175;178;186;196;198,0,0,12,0,0,0,0.0,0.0,0.4,0.0,0.0,0.0,0,12,0.227128200000152,5,5,259,56,12,,method1_proportional_scores_gamma1,unrestricted_maximum_cardinality_then_maximum_testing_evalue_sum,200,0,0,exact_fixed_count_order_statistics,300.0,1,False
419,e66c73902ffa826dc0f4d724d40dcc6b83b75b6cab4024182a931af31b352508,proven_maximal,maximize_sum_testing_e_values_at_maximum_cardinality,proven_optimal,15429.558037152306,3.6222225197921127,4259.693586698214,0,0,17,,,16;17;47;51;57;60;64;75;84;87;102;137;145;149;155;177;179,0,0,17,0,0,0,0.0,0.0,0.5666666666666667,0.0,0.0,0.0,0,17,0.34902650001458824,6,6,259,54,17,,method1_proportional_scores_gamma1,unrestricted_maximum_cardinality_then_maximum_testing_evalue_sum,200,0,11,exact_fixed_count_order_statistics,300.0,1,False
420,a8e4273c0f6a1f0680ad648fb439f63bb4398bb9939790a90bb56e0a12fbd2c7,proven_maximal,maximize_sum_testing_e_values_at_maximum_cardinality,proven_optimal,101842.21180899473,1.1082657089376415,91893.31672692316,0,0,8,,,7;34;51;56;111;124;127;156,0,0,8,0,0,0,0.0,0.0,0.26666666666666666,0.0,0.0,0.0,0,8,0.6327217000070959,12,10,276,59,8,,method1_proportional_scores_gamma1,unrestricted_maximum_cardinality_then_maximum_testing_evalue_sum,200,0,11,exact_fixed_count_order_statistics,300.0,1,False
421,b2dd9f35b517ef277ea09e20df0c6a22c04536cd51fd1831ffa533b4b93d9853,proven_maximal,maximize_sum_testing_e_values_at_maximum_cardinality,proven_optimal,13899.029976444825,0.4328521298178896,32110.34212143637,0,0,1,,,174,0,0,1,0,0,0,0.0,0.0,0.03333333333333333,0.0,0.0,0.0,0,1,0.15002069994807243,3,3,251,52,1,,method1_proportional_scores_gamma1,unrestricted_maximum_cardinality_then_maximum_testing_evalue_sum,200,0,4,exact_fixed_count_order_statistics,300.0,1,False
422,92bc0cf63cad2db556927368aa824f10339a70452a381ca8d22b0a432271b8e9,proven_maximal,maximize_sum_testing_e_values_at_maximum_cardinality,proven_optimal,13530.311040956172,1.763975108979464,7670.352587222188,0,0,10,,,22;37;48;71;88;97;114;120;152;156,0,0,10,0,0,0,0.0,0.0,0.3333333333333333,0.0,0.0,0.0,0,10,0.4297954000066966,9,9,269,57,10,,method1_proportional_scores_gamma1,unrestricted_maximum_cardinality_then_maximum_testing_evalue_sum,200,0,9,exact_fixed_count_order_statistics,300.0,1,False
423,e32c3f722882b953230c3078d4288765ef3438a42e97272d9c8438f70b503bbb,proven_maximal,maximize_sum_testing_e_values_at_maximum_cardinality,proven_optimal,105413.92232627596,1.3226253868512436,79700.51336851582,0,0,14,,,5;12;63;84;120;146;151;153;157;161;170;180;187;193,0,0,14,0,0,0,0.0,0.0,0.4666666666666667,0.0,0.0,0.0,0,14,0.4545218001585454,9,9,251,49,14,,method1_proportional_scores_gamma1,unrestricted_maximum_cardinality_then_maximum_testing_evalue_sum,200,0,12,exact_fixed_count_order_statistics,300.0,1,False
424,379a685176f191a43f943e385189b3071e8e9a31c112ebf512e4d8f70fef305d,proven_maximal,maximize_sum_testing_e_values_at_maximum_cardinality,proven_optimal,0.0,0.0,7570.315752467423,0,0,0,,,,0,0,0,0,0,0,0.0,0.0,0.0,0.0,0.0,0.0,0,0,0.40396340005099773,5,3,255,55,0,,method1_proportional_scores_gamma1,unrestricted_maximum_cardinality_then_maximum_testing_evalue_sum,200,0,7,exact_fixed_count_order_statistics,300.0,1,False
425,b64097e3dbba71033d3432b073dbae29536f3821add0dc9bf29fe84deccb14a7,proven_maximal,maximize_sum_testing_e_values_at_maximum_cardinality,proven_optimal,228.93082155037024,0.052749235494928846,4339.983687012468,0,0,2,,,78;126,0,0,2,0,0,0,0.0,0.0,0.06666666666666667,0.0,0.0,0.0,0,2,0.19254720001481473,3,3,250,52,2,,method1_proportional_scores_gamma1,unrestricted_maximum_cardinality_then_maximum_testing_evalue_sum,200,0,3,exact_fixed_count_order_statistics,300.0,1,False
426,4c0d0c0a3453773db8fca91995e50be39a221bd3c3506e438687383212f5c6c8,proven_maximal,maximize_sum_testing_e_values_at_maximum_cardinality,proven_optimal,5919.093691974716,1.0,5919.093691974716,0,0,1,,,176,0,0,1,0,0,0,0.0,0.0,0.03333333333333333,0.0,0.0,0.0,0,1,0.4935781001113355,7,5,250,48,1,,method1_proportional_scores_gamma1,unrestricted_maximum_cardinality_then_maximum_testing_evalue_sum,200,0,6,exact_fixed_count_order_statistics,300.0,1,False
427,8b0ccab46bed422f1df1b5f930b5e2eb1f6a5396a3f6cba05ce488d095d244ad,proven_maximal,maximize_sum_testing_e_values_at_maximum_cardinality,proven_optimal,21953.762902717943,1.343548478417801,16340.134543244238,0,0,6,,,22;28;61;132;155;164,0,0,6,0,0,0,0.0,0.0,0.2,0.0,0.0,0.0,0,6,0.653429500060156,8,5,259,54,6,,method1_proportional_scores_gamma1,unrestricted_maximum_cardinality_then_maximum_testing_evalue_sum,200,0,7,exact_fixed_count_order_statistics,300.0,1,False
428,4dafe2e88a88784a1640f6a617e774ed7ac841a03e695afe0b64e6de417de4ae,proven_maximal,maximize_sum_testing_e_values_at_maximum_cardinality,proven_optimal,113806.92879099125,1.1668218531976522,97535.82218151436,0,0,12,,,26;39;41;59;87;117;119;125;132;137;149;189,0,0,12,0,0,0,0.0,0.0,0.4,0.0,0.0,0.0,0,12,0.443132400047034,7,7,259,57,12,,method1_proportional_scores_gamma1,unrestricted_maximum_cardinality_then_maximum_testing_evalue_sum,200,0,5,exact_fixed_count_order_statistics,300.0,1,False
429,f8fbb71654b2f90061bde5baac1cf25485ea2459bfc8ebb768f2103616e2d11d,proven_maximal,maximize_sum_testing_e_values_at_maximum_cardinality,proven_optimal,2814.802416416638,0.18945132886397667,14857.654645629991,0,0,4,,,53;67;88;153,0,0,4,0,0,0,0.0,0.0,0.13333333333333333,0.0,0.0,0.0,0,4,0.8643289001192898,39,38,305,56,4,,method1_proportional_scores_gamma1,unrestricted_maximum_cardinality_then_maximum_testing_evalue_sum,200,0,7,exact_fixed_count_order_statistics,300.0,1,False
430,39a7fcd5f48430cca02a3bc0138fcdfcba75f92aa373ec3aed0d0bfd6d71d1dc,proven_maximal,maximize_sum_testing_e_values_at_maximum_cardinality,proven_optimal,6016.252730636458,2.0202378698469508,2977.992255482389,0,0,10,,,1;45;70;86;134;153;162;165;180;188,0,0,10,0,0,0,0.0,0.0,0.3333333333333333,0.0,0.0,0.0,0,10,0.16317590000107884,4,4,242,46,10,,method1_proportional_scores_gamma1,unrestricted_maximum_cardinality_then_maximum_testing_evalue_sum,200,0,0,exact_fixed_count_order_statistics,300.0,1,False
431,c611c390eb97661e670bb8f014928e088c863c8ba328670d72a3bdd23ea79345,proven_maximal,maximize_sum_testing_e_values_at_maximum_cardinality,proven_optimal,15937.903953493813,1.5075046474064955,10572.374672882976,0,0,12,,,9;45;60;78;101;113;133;141;143;157;179;197,0,0,12,0,0,0,0.0,0.0,0.4,0.0,0.0,0.0,0,12,0.6661610999144614,15,14,281,61,12,,method1_proportional_scores_gamma1,unrestricted_maximum_cardinality_then_maximum_testing_evalue_sum,200,0,3,exact_fixed_count_order_statistics,300.0,1,False
432,39cb29ca2777fd3b417cfa7c5dd31554c9442918f85eaa6dbd9f196377605cac,proven_maximal,maximize_sum_testing_e_values_at_maximum_cardinality,proven_optimal,69278.8836423049,1.3358744962264897,51860.32358428907,0,0,6,,,18;40;64;71;159;188,0,0,6,0,0,0,0.0,0.0,0.2,0.0,0.0,0.0,0,6,0.3457128999289125,5,4,246,49,6,,method1_proportional_scores_gamma1,unrestricted_maximum_cardinality_then_maximum_testing_evalue_sum,200,0,12,exact_fixed_count_order_statistics,300.0,1,False
433,4ed6605b9a5d51e81a676d6740771b2e1cf540258a00903a01355c7c65997fb2,proven_maximal,maximize_sum_testing_e_values_at_maximum_cardinality,proven_optimal,47550.422409833576,1.020342342533568,46602.42001891559,0,0,6,,,7;19;27;59;126;149,0,0,6,0,0,0,0.0,0.0,0.2,0.0,0.0,0.0,0,6,0.35973970009945333,7,6,256,52,6,,method1_proportional_scores_gamma1,unrestricted_maximum_cardinality_then_maximum_testing_evalue_sum,200,0,2,exact_fixed_count_order_statistics,300.0,1,False
434,a60cca69fc4e7249af7eb6df132a54d2b22a44b5c1b72a935ce7f04a0c9a4186,proven_maximal,maximize_sum_testing_e_values_at_maximum_cardinality,proven_optimal,124388.61969585062,1.5628437551850438,79591.20627584602,0,0,10,,,8;20;35;44;117;128;131;135;190;199,0,0,10,0,0,0,0.0,0.0,0.3333333333333333,0.0,0.0,0.0,0,10,0.27206899994052947,7,7,263,65,10,,method1_proportional_scores_gamma1,unrestricted_maximum_cardinality_then_maximum_testing_evalue_sum,200,0,8,exact_fixed_count_order_statistics,300.0,1,False
435,93ac58cd26e57bbeae5755361f74d606646c50c5ceb449ec3e40040e5ca766a3,proven_maximal,maximize_sum_testing_e_values_at_maximum_cardinality,proven_optimal,11596.327674723598,0.7339309957239749,15800.296952010562,0,0,10,,,12;19;57;69;105;154;165;166;172;193,0,0,10,0,0,0,0.0,0.0,0.3333333333333333,0.0,0.0,0.0,0,10,0.8275160999037325,15,14,280,55,10,,method1_proportional_scores_gamma1,unrestricted_maximum_cardinality_then_maximum_testing_evalue_sum,200,0,3,exact_fixed_count_order_statistics,300.0,1,False
436,287c9a2ef12a73aef6c666f3f4c6667ceeb9b8ae6481da96d7a403cb10995954,proven_maximal,maximize_sum_testing_e_values_at_maximum_cardinality,proven_optimal,0.0,0.0,101913.32374347372,0,0,0,,,,0,0,0,0,0,0,0.0,0.0,0.0,0.0,0.0,0.0,0,0,0.19884210010059178,3,3,258,58,0,,method1_proportional_scores_gamma1,unrestricted_maximum_cardinality_then_maximum_testing_evalue_sum,200,0,8,exact_fixed_count_order_statistics,300.0,1,False
437,8ca07a834d3a056428481058b440fc692bd348849fca71508faf4ee06a8bebdc,proven_maximal,maximize_sum_testing_e_values_at_maximum_cardinality,proven_optimal,132838.83275103703,1.1269917237789824,117870.28240598548,0,0,6,,,55;67;121;130;133;175,0,0,6,0,0,0,0.0,0.0,0.2,0.0,0.0,0.0,0,6,0.42750059999525547,11,10,257,46,6,,method1_proportional_scores_gamma1,unrestricted_maximum_cardinality_then_maximum_testing_evalue_sum,200,0,3,exact_fixed_count_order_statistics,300.0,1,False
438,e433f7bfd9dcf1e9cdc10122d54db4b46026e4ed372f9cd27fe142143c0bda97,proven_maximal,maximize_sum_testing_e_values_at_maximum_cardinality,proven_optimal,129080.4372822113,1.2822349506271402,100668.31918680594,0,0,9,,,28;43;84;92;140;159;169;180;182,0,0,9,0,0,0,0.0,0.0,0.3,0.0,0.0,0.0,0,9,0.447269800119102,8,7,274,64,9,,method1_proportional_scores_gamma1,unrestricted_maximum_cardinality_then_maximum_testing_evalue_sum,200,0,14,exact_fixed_count_order_statistics,300.0,1,False
439,dc9525c1346f398b19e5642ab2c2ffffa504c34bc55ba2e0bde4582c0b9c332c,proven_maximal,maximize_sum_testing_e_values_at_maximum_cardinality,proven_optimal,21522.51366057051,1.3245682035722128,16248.701729761207,0,0,3,,,0;34;120,0,0,3,0,0,0,0.0,0.0,0.1,0.0,0.0,0.0,0,3,0.4112635999917984,5,4,248,49,3,,method1_proportional_scores_gamma1,unrestricted_maximum_cardinality_then_maximum_testing_evalue_sum,200,0,8,exact_fixed_count_order_statistics,300.0,1,False
440,6d153bd4807635b3bff1ae7e4729977d37a54bce8cf24e49c627933201278283,proven_maximal,maximize_sum_testing_e_values_at_maximum_cardinality,proven_optimal,14005.629522292897,1.126925189015278,12428.180378620516,0,0,6,,,10;14;76;91;108;139,0,0,6,0,0,0,0.0,0.0,0.2,0.0,0.0,0.0,0,6,9.619120300048962,151,151,460,56,6,,method1_proportional_scores_gamma1,unrestricted_maximum_cardinality_then_maximum_testing_evalue_sum,200,0,7,exact_fixed_count_order_statistics,300.0,1,False
441,8cbe5e61858755deffaa4fb455a8cf3a16054149f0fc2ae833eb3851d0cf1fc6,proven_maximal,maximize_sum_testing_e_values_at_maximum_cardinality,proven_optimal,3563.47666661285,0.5680406814626416,6273.277219225379,0,0,7,,,90;111;120;129;150;158;193,0,0,7,0,0,0,0.0,0.0,0.23333333333333334,0.0,0.0,0.0,0,7,0.4837973997928202,6,4,249,52,7,,method1_proportional_scores_gamma1,unrestricted_maximum_cardinality_then_maximum_testing_evalue_sum,200,0,1,exact_fixed_count_order_statistics,300.0,1,False
442,da4a8838eef049f52857dcf0b6019b01e77aef415680fa30fcd971c3242d82bc,proven_maximal,maximize_sum_testing_e_values_at_maximum_cardinality,proven_optimal,35771.78665329875,2.090500619608278,17111.588639472266,0,0,8,,,5;42;44;69;129;150;193;195,0,0,8,0,0,0,0.0,0.0,0.26666666666666666,0.0,0.0,0.0,0,8,0.3743517999537289,5,4,243,46,8,,method1_proportional_scores_gamma1,unrestricted_maximum_cardinality_then_maximum_testing_evalue_sum,200,0,7,exact_fixed_count_order_statistics,300.0,1,False
443,3e8f64487c43b5fa3b5975d8b6c6ad64d0653e41aad3a7bb70674353066596d5,proven_maximal,maximize_sum_testing_e_values_at_maximum_cardinality,proven_optimal,11401.995071204976,0.7059401520349948,16151.503832636165,0,0,2,,,41;139,0,0,2,0,0,0,0.0,0.0,0.06666666666666667,0.0,0.0,0.0,0,2,0.16095630009658635,3,3,257,58,2,,method1_proportional_scores_gamma1,unrestricted_maximum_cardinality_then_maximum_testing_evalue_sum,200,0,4,exact_fixed_count_order_statistics,300.0,1,False
444,19a1b380d005ecc206883193f07a387e0e67f4a1d759debbcfc1f07f7dabd8e9,proven_maximal,maximize_sum_testing_e_values_at_maximum_cardinality,proven_optimal,15082.731540446055,1.1451795269982217,13170.626251048476,0,0,8,,,7;35;56;57;84;97;142;164,0,0,8,0,0,0,0.0,0.0,0.26666666666666666,0.0,0.0,0.0,0,8,0.23790069995447993,4,4,246,50,8,,method1_proportional_scores_gamma1,unrestricted_maximum_cardinality_then_maximum_testing_evalue_sum,200,0,4,exact_fixed_count_order_statistics,300.0,1,False
445,6525d9d93d8b5eed5463b5c7bd84be7841ee2daa9e8a37061a102677f7b2f4c9,proven_maximal,maximize_sum_testing_e_values_at_maximum_cardinality,proven_optimal,129980.58963232764,1.1478035703553515,113242.88666577906,0,0,7,,,24;50;54;72;107;140;147,0,0,7,0,0,0,0.0,0.0,0.23333333333333334,0.0,0.0,0.0,0,7,0.5402478999458253,19,18,285,37,7,,method1_proportional_scores_gamma1,unrestricted_maximum_cardinality_then_maximum_testing_evalue_sum,200,0,9,exact_fixed_count_order_statistics,300.0,1,False
446,33bd3570e725a183d70965126edfaf66dc73da6226716cd5039ded569e0d0064,proven_maximal,maximize_sum_testing_e_values_at_maximum_cardinality,proven_optimal,30621.416868981625,2.443704059513572,12530.738634152338,0,0,6,,,74;89;97;103;160;171,0,0,6,0,0,0,0.0,0.0,0.2,0.0,0.0,0.0,0,6,0.29292669985443354,5,5,258,58,6,,method1_proportional_scores_gamma1,unrestricted_maximum_cardinality_then_maximum_testing_evalue_sum,200,0,4,exact_fixed_count_order_statistics,300.0,1,False
447,e6ccc23cff3f2b4a2d24acf464e5dbb1e10808cf79dbebe8fd2907ecbe09aa08,proven_maximal,maximize_sum_testing_e_values_at_maximum_cardinality,proven_optimal,12296.014362675589,1.7768184937503269,6920.242222784624,0,0,2,,,1;121,0,0,2,0,0,0,0.0,0.0,0.06666666666666667,0.0,0.0,0.0,0,2,0.31711979978717864,5,4,244,45,2,,method1_proportional_scores_gamma1,unrestricted_maximum_cardinality_then_maximum_testing_evalue_sum,200,0,8,exact_fixed_count_order_statistics,300.0,1,False
448,4e20666903c2c298bf134f7997f3b7a2c551705deb5d3372cacb38169877267d,proven_maximal,maximize_sum_testing_e_values_at_maximum_cardinality,proven_optimal,10958.15439683789,1.350784058502224,8112.439829197057,0,0,3,,,33;44;193,0,0,3,0,0,0,0.0,0.0,0.1,0.0,0.0,0.0,0,3,0.15983349992893636,3,3,249,50,3,,method1_proportional_scores_gamma1,unrestricted_maximum_cardinality_then_maximum_testing_evalue_sum,200,0,5,exact_fixed_count_order_statistics,300.0,1,False
449,35022b9702fcaa46a526be19c7e983c036ea2f53578e40b4fbfe2f0ab7e686f2,proven_maximal,maximize_sum_testing_e_values_at_maximum_cardinality,proven_optimal,0.0,0.0,4206.880913874657,0,0,0,,,,0,0,0,0,0,0,0.0,0.0,0.0,0.0,0.0,0.0,0,0,0.14646199997514486,3,3,257,57,0,,method1_proportional_scores_gamma1,unrestricted_maximum_cardinality_then_maximum_testing_evalue_sum,200,0,5,exact_fixed_count_order_statistics,300.0,1,False
450,c82795d663b7d4d61148424fa91d7edce376afef698d2f21364ae8eaa74b86dc,proven_maximal,maximize_sum_testing_e_values_at_maximum_cardinality,proven_optimal,104908.88648997188,1.2057068386129077,87010.27739932467,0,0,7,,,51;69;74;84;91;98;111,0,0,7,0,0,0,0.0,0.0,0.23333333333333334,0.0,0.0,0.0,0,7,0.3776428001001477,6,5,242,44,7,,method1_proportional_scores_gamma1,unrestricted_maximum_cardinality_then_maximum_testing_evalue_sum,200,0,7,exact_fixed_count_order_statistics,300.0,1,False
451,ea70f62a9837661f7769a11861314daae115e72eb5676d47936744b9288435d2,proven_maximal,maximize_sum_testing_e_values_at_maximum_cardinality,proven_optimal,7359.671515953797,1.651733079357738,4455.726901598133,0,0,6,,,61;121;130;141;163;180,0,0,6,0,0,0,0.0,0.0,0.2,0.0,0.0,0.0,0,6,0.17237430019304156,3,3,256,61,6,,method1_proportional_scores_gamma1,unrestricted_maximum_cardinality_then_maximum_testing_evalue_sum,200,0,2,exact_fixed_count_order_statistics,300.0,1,False
452,d3d5c172366a128326d408cdeb7bb10cb3bce0fdc0d5866c89c37d4a040beb59,proven_maximal,maximize_sum_testing_e_values_at_maximum_cardinality,proven_optimal,80861.91908681561,1.9552025121810985,41357.31136955795,0,0,16,,,18;19;23;33;40;70;79;99;102;104;115;128;150;151;186;189,0,0,16,0,0,0,0.0,0.0,0.5333333333333333,0.0,0.0,0.0,0,16,0.7294371998868883,16,15,292,55,16,,method1_proportional_scores_gamma1,unrestricted_maximum_cardinality_then_maximum_testing_evalue_sum,200,0,18,exact_fixed_count_order_statistics,300.0,1,False
453,0b05f49b0ed331ce7cb5971c5380ccb5988be175b09a6316a6e1033322cc112a,proven_maximal,maximize_sum_testing_e_values_at_maximum_cardinality,proven_optimal,17383.563243848024,2.887650723854845,6019.967408191938,0,0,19,,,2;12;18;24;30;32;35;38;39;60;64;65;67;84;96;151;154;155;175,0,0,19,0,0,0,0.0,0.0,0.6333333333333333,0.0,0.0,0.0,0,19,0.6175039000809193,12,12,315,56,19,,method1_proportional_scores_gamma1,unrestricted_maximum_cardinality_then_maximum_testing_evalue_sum,200,0,5,exact_fixed_count_order_statistics,300.0,1,False
454,1faef61e4537725a5a034fbb7223227064223adb7a723609cba1565cd5dbd027,proven_maximal,maximize_sum_testing_e_values_at_maximum_cardinality,proven_optimal,7162.579263578584,1.3528686598781876,5294.364099042329,0,0,7,,,28;50;58;68;103;159;198,0,0,7,0,0,0,0.0,0.0,0.23333333333333334,0.0,0.0,0.0,0,7,0.37897920003160834,11,11,258,54,7,,method1_proportional_scores_gamma1,unrestricted_maximum_cardinality_then_maximum_testing_evalue_sum,200,0,6,exact_fixed_count_order_statistics,300.0,1,False
455,99a6a306768a21fcdc9306046989b300aba6c381d5642f6ac2df47d6a4b6f982,proven_maximal,maximize_sum_testing_e_values_at_maximum_cardinality,proven_optimal,0.0,0.0,20167.81915726229,0,0,0,,,,0,0,0,0,0,0,0.0,0.0,0.0,0.0,0.0,0.0,0,0,0.16390789998695254,3,3,256,56,0,,method1_proportional_scores_gamma1,unrestricted_maximum_cardinality_then_maximum_testing_evalue_sum,200,0,6,exact_fixed_count_order_statistics,300.0,1,False
456,97dee4ed117e4d33dc46027145da524ba06e4189597fa388c0b7f77acdaa3e36,proven_maximal,maximize_sum_testing_e_values_at_maximum_cardinality,proven_optimal,147782.42432608502,1.5581376091109744,94845.5537315508,0,0,19,,,3;18;25;35;45;61;66;89;90;105;111;152;160;162;174;181;185;193;199,0,0,19,0,0,0,0.0,0.0,0.6333333333333333,0.0,0.0,0.0,0,19,0.19216169998981059,4,4,257,50,19,,method1_proportional_scores_gamma1,unrestricted_maximum_cardinality_then_maximum_testing_evalue_sum,200,0,9,exact_fixed_count_order_statistics,300.0,1,False
457,82af5345c489b3844252b17e23c138bd7d5d9f32f3f5f3dce584bcc221602f0a,proven_maximal,maximize_sum_testing_e_values_at_maximum_cardinality,proven_optimal,17703.157558004787,1.0647219753345982,16627.0237377616,0,0,3,,,3;103;139,0,0,3,0,0,0,0.0,0.0,0.1,0.0,0.0,0.0,0,3,0.17579879984259605,3,3,254,55,3,,method1_proportional_scores_gamma1,unrestricted_maximum_cardinality_then_maximum_testing_evalue_sum,200,0,2,exact_fixed_count_order_statistics,300.0,1,False
458,54e9dc18f4b5117707ac281ee6ac910830a87a0c84dc312bec36f3bbfe9ac6f0,proven_maximal,maximize_sum_testing_e_values_at_maximum_cardinality,proven_optimal,0.0,0.0,1396.5451977788864,0,0,0,,,,0,0,0,0,0,0,0.0,0.0,0.0,0.0,0.0,0.0,0,0,0.11247280007228255,3,3,240,40,0,,method1_proportional_scores_gamma1,unrestricted_maximum_cardinality_then_maximum_testing_evalue_sum,200,0,0,exact_fixed_count_order_statistics,300.0,1,False
459,e913064f3acf58d58db0b1f828c09e9bc083904b11d16c9ab63cdd7fb0c3b828,proven_maximal,maximize_sum_testing_e_values_at_maximum_cardinality,proven_optimal,58379.74834227262,1.6548091082567444,35278.84156002299,0,0,11,,,56;66;70;77;95;102;125;127;142;166;199,0,0,11,0,0,0,0.0,0.0,0.36666666666666664,0.0,0.0,0.0,0,11,1.2597312000580132,23,23,313,55,11,,method1_proportional_scores_gamma1,unrestricted_maximum_cardinality_then_maximum_testing_evalue_sum,200,0,4,exact_fixed_count_order_statistics,300.0,1,False
460,65fd326f338c05f164270c7a539c815f7388816776326f45ededd0ce9b71d8fd,proven_maximal,maximize_sum_testing_e_values_at_maximum_cardinality,proven_optimal,42139.356354754826,1.8351027823370023,22962.940692123186,0,0,8,,,16;18;26;103;136;177;180;199,0,0,8,0,0,0,0.0,0.0,0.26666666666666666,0.0,0.0,0.0,0,8,0.5422613001428545,12,10,256,37,8,,method1_proportional_scores_gamma1,unrestricted_maximum_cardinality_then_maximum_testing_evalue_sum,200,0,2,exact_fixed_count_order_statistics,300.0,1,False
461,1d1b8e39dac7410ef135eca0850228b08f0edc0c2a70739a2194e758aa089217,proven_maximal,maximize_sum_testing_e_values_at_maximum_cardinality,proven_optimal,290063.49589437677,1.5882530296415664,182630.53208835225,0,0,12,,,4;8;31;36;61;67;72;93;102;116;152;172,0,0,12,0,0,0,0.0,0.0,0.4,0.0,0.0,0.0,0,12,0.8326755999587476,11,11,266,54,12,,method1_proportional_scores_gamma1,unrestricted_maximum_cardinality_then_maximum_testing_evalue_sum,200,0,10,exact_fixed_count_order_statistics,300.0,1,False
462,57f8b699e5dd57f95408f047ed49ff6d9d665213b23377d53c4c8b2ee56274d6,proven_maximal,maximize_sum_testing_e_values_at_maximum_cardinality,proven_optimal,16061.421714138003,1.3342857244692967,12037.468002234924,0,0,10,,,8;17;33;96;101;109;122;123;154;163,0,0,10,0,0,0,0.0,0.0,0.3333333333333333,0.0,0.0,0.0,0,10,0.2831943999044597,5,5,241,43,10,,method1_proportional_scores_gamma1,unrestricted_maximum_cardinality_then_maximum_testing_evalue_sum,200,0,1,exact_fixed_count_order_statistics,300.0,1,False
463,7bddecd73ee9fc933fa4778acc17cd27ec13c562eee29d6539b3aeeefb3152df,proven_maximal,maximize_sum_testing_e_values_at_maximum_cardinality,proven_optimal,221866.26156689695,1.0554601017508645,210208.09900710703,0,0,10,,,52;57;71;78;130;138;150;168;184;189,0,0,10,0,0,0,0.0,0.0,0.3333333333333333,0.0,0.0,0.0,0,10,0.2167361001484096,7,7,254,50,10,,method1_proportional_scores_gamma1,unrestricted_maximum_cardinality_then_maximum_testing_evalue_sum,200,0,11,exact_fixed_count_order_statistics,300.0,1,False
464,04d4682fac2bf64cd5c90f78c8a5bbddc6420ae9c3c6a5bee97e833a5c50fe47,proven_maximal,maximize_sum_testing_e_values_at_maximum_cardinality,proven_optimal,43159.55832435464,1.6631533594156742,25950.43811204407,0,0,16,,,4;9;10;13;43;69;74;79;92;122;132;138;165;175;192;199,0,0,16,0,0,0,0.0,0.0,0.5333333333333333,0.0,0.0,0.0,0,16,0.36844079988077283,11,11,263,51,16,,method1_proportional_scores_gamma1,unrestricted_maximum_cardinality_then_maximum_testing_evalue_sum,200,0,6,exact_fixed_count_order_statistics,300.0,1,False
465,0d86a66985d4c7fa1ce3280237e032704bf165b10a94b9c5478583a3435fc8c1,proven_maximal,maximize_sum_testing_e_values_at_maximum_cardinality,proven_optimal,59045.76054516663,1.5773566122901947,37433.36166666645,0,0,14,,,6;26;50;52;53;55;61;67;90;129;131;135;140;193,0,0,13,0,0,1,0.0,0.0,0.43333333333333335,0.0,0.0,0.07142857142857142,0,14,0.2196706000249833,6,6,253,56,14,,method1_proportional_scores_gamma1,unrestricted_maximum_cardinality_then_maximum_testing_evalue_sum,200,0,5,exact_fixed_count_order_statistics,300.0,1,False
466,50c578f3769363c4ab046a13981c825dbea45a164be545a8de4936cfd017c769,proven_maximal,maximize_sum_testing_e_values_at_maximum_cardinality,proven_optimal,6911.496447472069,2.213025982939064,3123.0977407201904,0,0,16,,,8;17;35;41;59;81;82;88;89;127;128;133;134;135;148;166,0,0,16,0,0,0,0.0,0.0,0.5333333333333333,0.0,0.0,0.0,0,16,0.18719600001350045,4,4,250,53,16,,method1_proportional_scores_gamma1,unrestricted_maximum_cardinality_then_maximum_testing_evalue_sum,200,0,0,exact_fixed_count_order_statistics,300.0,1,False
467,6efd1fe47f090b3b71bf303e56dcdd2854ead707d75c11c81b8eea9ab10ac6b4,proven_maximal,maximize_sum_testing_e_values_at_maximum_cardinality,proven_optimal,131369.55331442054,1.1487842097051988,114355.29162446671,0,0,16,,,1;11;40;53;69;73;99;110;123;151;152;158;160;173;178;197,0,0,16,0,0,0,0.0,0.0,0.5333333333333333,0.0,0.0,0.0,0,16,0.6047602000180632,13,13,307,60,16,,method1_proportional_scores_gamma1,unrestricted_maximum_cardinality_then_maximum_testing_evalue_sum,200,0,7,exact_fixed_count_order_statistics,300.0,1,False
468,431e84978e2a81e725f2b011d1ba76aa1a877af22453b0e6e92239969a452d5d,proven_maximal,maximize_sum_testing_e_values_at_maximum_cardinality,proven_optimal,38608.587069269546,2.127363526195448,18148.56116214265,0,0,7,,,0;82;86;100;128;160;171,0,0,7,0,0,0,0.0,0.0,0.23333333333333334,0.0,0.0,0.0,0,7,0.3471646001562476,7,7,246,44,7,,method1_proportional_scores_gamma1,unrestricted_maximum_cardinality_then_maximum_testing_evalue_sum,200,0,3,exact_fixed_count_order_statistics,300.0,1,False
469,e5109b1d71e88a925a17c4304bd956b7535a89089fd1b4c30c6f052fa2b1e385,proven_maximal,maximize_sum_testing_e_values_at_maximum_cardinality,proven_optimal,16399.82486188432,1.3151726935877475,12469.712108412275,0,0,14,,,20;27;48;68;70;110;122;129;130;136;153;165;166;181,0,0,14,0,0,0,0.0,0.0,0.4666666666666667,0.0,0.0,0.0,0,14,0.1558785999659449,4,4,246,52,14,,method1_proportional_scores_gamma1,unrestricted_maximum_cardinality_then_maximum_testing_evalue_sum,200,0,7,exact_fixed_count_order_statistics,300.0,1,False
470,b54ac32bf5452f5dbb6aabd383c4f5a0c06abedfefa6e39079238bd9111f81dd,proven_maximal,maximize_sum_testing_e_values_at_maximum_cardinality,proven_optimal,1634213.5587953918,1.0167479227301466,1607294.711168174,0,0,17,,,7;20;21;42;43;47;51;55;75;91;97;141;151;153;165;184;186,0,0,17,0,0,0,0.0,0.0,0.5666666666666667,0.0,0.0,0.0,0,17,0.25976970000192523,8,8,267,52,17,,method1_proportional_scores_gamma1,unrestricted_maximum_cardinality_then_maximum_testing_evalue_sum,200,0,10,exact_fixed_count_order_statistics,300.0,1,False
471,57a0636b5d9d218add0ae982faf8e8f2ae9c3106d92d7e0d60ab46a3986869da,proven_maximal,maximize_sum_testing_e_values_at_maximum_cardinality,proven_optimal,3380.292977571977,1.0432749633049043,3240.078691109223,0,0,2,,,135;181,0,0,2,0,0,0,0.0,0.0,0.06666666666666667,0.0,0.0,0.0,0,2,0.34555450011976063,5,4,258,59,2,,method1_proportional_scores_gamma1,unrestricted_maximum_cardinality_then_maximum_testing_evalue_sum,200,0,3,exact_fixed_count_order_statistics,300.0,1,False
472,43e0df2be7638d5edad2d64b88eb043d38fdb4f9b9771f7d0f8a5de30a695d61,proven_maximal,maximize_sum_testing_e_values_at_maximum_cardinality,proven_optimal,18647.647260821617,2.401705016952303,7764.337056049025,0,0,11,,,12;15;24;39;46;59;67;85;130;173;182,0,0,11,0,0,0,0.0,0.0,0.36666666666666664,0.0,0.0,0.0,0,11,0.8199427998624742,16,15,267,45,11,,method1_proportional_scores_gamma1,unrestricted_maximum_cardinality_then_maximum_testing_evalue_sum,200,0,4,exact_fixed_count_order_statistics,300.0,1,False
473,ce4927515f0ade0be10ce46562a4c95c56788bb729f1d483f47166f14d6d3be3,proven_maximal,maximize_sum_testing_e_values_at_maximum_cardinality,proven_optimal,342195.3839952392,1.634247021830476,209390.24481865377,0,0,13,,,21;24;32;33;44;47;53;85;108;125;148;155;181,0,0,13,0,0,0,0.0,0.0,0.43333333333333335,0.0,0.0,0.0,0,13,0.17549200006760657,5,5,251,53,13,,method1_proportional_scores_gamma1,unrestricted_maximum_cardinality_then_maximum_testing_evalue_sum,200,0,9,exact_fixed_count_order_statistics,300.0,1,False
474,787d7d8106cb22966c8178ca39f7394126df43bcec8eba080fc02d9df511b56e,proven_maximal,maximize_sum_testing_e_values_at_maximum_cardinality,proven_optimal,51652.69736977523,1.6353498228520558,31585.10591922941,0,0,8,,,25;59;88;91;148;152;159;187,0,0,8,0,0,0,0.0,0.0,0.26666666666666666,0.0,0.0,0.0,0,8,0.38491340004839003,6,5,258,55,8,,method1_proportional_scores_gamma1,unrestricted_maximum_cardinality_then_maximum_testing_evalue_sum,200,0,3,exact_fixed_count_order_statistics,300.0,1,False
475,98f7545c997192cd1fda923873d8e0d9cbc0127be199c6ab4d1ef61198a208e8,proven_maximal,maximize_sum_testing_e_values_at_maximum_cardinality,proven_optimal,2591.219151244901,0.9317220642070106,2781.1074254748805,0,0,4,,,61;116;158;172,0,0,4,0,0,0,0.0,0.0,0.13333333333333333,0.0,0.0,0.0,0,4,0.36668719979934394,5,4,247,50,4,,method1_proportional_scores_gamma1,unrestricted_maximum_cardinality_then_maximum_testing_evalue_sum,200,0,6,exact_fixed_count_order_statistics,300.0,1,False
476,c065cd110414c552416b2466b274e2a203905a098aada2ddc0d78cb1da50c9e5,proven_maximal,maximize_sum_testing_e_values_at_maximum_cardinality,proven_optimal,212925.22268821215,1.053434439248743,202124.79747677495,0,0,12,,,10;14;15;21;46;52;73;94;97;129;140;181,0,0,12,0,0,0,0.0,0.0,0.4,0.0,0.0,0.0,0,12,0.7446500000078231,14,14,296,51,12,,method1_proportional_scores_gamma1,unrestricted_maximum_cardinality_then_maximum_testing_evalue_sum,200,0,5,exact_fixed_count_order_statistics,300.0,1,False
477,c7522e48feaa34e276ef93cce9d806f137f997c5c6092e3f88e74c58a2ccdd01,proven_maximal,maximize_sum_testing_e_values_at_maximum_cardinality,proven_optimal,0.0,0.0,15375.30216985379,0,0,0,,,,0,0,0,0,0,0,0.0,0.0,0.0,0.0,0.0,0.0,0,0,0.43062120000831783,5,3,268,68,0,,method1_proportional_scores_gamma1,unrestricted_maximum_cardinality_then_maximum_testing_evalue_sum,200,0,15,exact_fixed_count_order_statistics,300.0,1,False
478,ba8d4a375ac732c7ce31f7dae87fffd62665a5f5f9d07f64ed7ea76edb79c64d,proven_maximal,maximize_sum_testing_e_values_at_maximum_cardinality,proven_optimal,24044.204103769516,1.2131895680973273,19819.00004422111,0,0,6,,,44;64;91;95;123;166,0,0,6,0,0,0,0.0,0.0,0.2,0.0,0.0,0.0,0,6,0.47900049993768334,9,7,255,49,6,,method1_proportional_scores_gamma1,unrestricted_maximum_cardinality_then_maximum_testing_evalue_sum,200,0,9,exact_fixed_count_order_statistics,300.0,1,False
479,fba13837159df0599e11a162d72346873b4b6ea129c6bbfeee9d075d87a88586,proven_maximal,maximize_sum_testing_e_values_at_maximum_cardinality,proven_optimal,29028.512754312633,1.4594913151487716,19889.47275876982,0,0,16,,,3;39;41;71;74;92;95;122;136;147;152;162;165;170;172;190,0,0,15,0,0,1,0.0,0.0,0.5,0.0,0.0,0.0625,0,16,0.49886529985815287,13,13,294,53,16,,method1_proportional_scores_gamma1,unrestricted_maximum_cardinality_then_maximum_testing_evalue_sum,200,0,11,exact_fixed_count_order_statistics,300.0,1,False
480,bdcb32b1679aa6f537655b3a587d68d2a3a2533c2642dcbf90b788101512cd44,proven_maximal,maximize_sum_testing_e_values_at_maximum_cardinality,proven_optimal,60991.1399565635,1.2810623894680413,47609.81233856218,0,0,16,,,20;23;41;58;78;88;103;108;116;119;130;137;153;171;172;175,0,0,16,0,0,0,0.0,0.0,0.5333333333333333,0.0,0.0,0.0,0,16,1.205262000206858,23,22,280,62,16,,method1_proportional_scores_gamma1,unrestricted_maximum_cardinality_then_maximum_testing_evalue_sum,200,0,9,exact_fixed_count_order_statistics,300.0,1,False
481,c181a5caba39fead9f06ed8470517e22bd6942da76fe775d9f1f1ddb41d71b3d,proven_maximal,maximize_sum_testing_e_values_at_maximum_cardinality,proven_optimal,54633.33912479564,1.1873957257692214,46011.06264670352,0,0,5,,,21;102;132;174;184,0,0,5,0,0,0,0.0,0.0,0.16666666666666666,0.0,0.0,0.0,0,5,0.38909319997765124,6,5,248,49,5,,method1_proportional_scores_gamma1,unrestricted_maximum_cardinality_then_maximum_testing_evalue_sum,200,0,9,exact_fixed_count_order_statistics,300.0,1,False
482,5fbcaecc44dc02bc6a1e195e9a40a6eebdc767fb2b8737f243918cfc8ed51e57,proven_maximal,maximize_sum_testing_e_values_at_maximum_cardinality,proven_optimal,109010.23458424474,1.1246487969680337,96928.2454025896,0,0,19,,,5;7;10;12;33;60;100;101;104;108;117;123;164;168;177;180;188;190;191,0,0,19,0,0,0,0.0,0.0,0.6333333333333333,0.0,0.0,0.0,0,19,0.23603829997591674,6,6,272,60,19,,method1_proportional_scores_gamma1,unrestricted_maximum_cardinality_then_maximum_testing_evalue_sum,200,0,3,exact_fixed_count_order_statistics,300.0,1,False
483,fcb090055d206e5a26ea2f69c00ec24ee82ad26adb90439df50261ef620eb520,proven_maximal,maximize_sum_testing_e_values_at_maximum_cardinality,proven_optimal,218907.55737563907,1.0367402254294609,211149.86378092784,0,0,12,,,20;45;67;72;89;98;124;169;171;185;196;198,0,0,12,0,0,0,0.0,0.0,0.4,0.0,0.0,0.0,0,12,0.1624220998492092,4,4,237,47,12,,method1_proportional_scores_gamma1,unrestricted_maximum_cardinality_then_maximum_testing_evalue_sum,200,0,4,exact_fixed_count_order_statistics,300.0,1,False
484,5978f0f2e21329df7823f86b1f05aa57ea97c292fae24c017ad83978468fe201,proven_maximal,maximize_sum_testing_e_values_at_maximum_cardinality,proven_optimal,18521.759978547463,1.2308922236744233,15047.426267148596,0,0,11,,,0;44;48;54;80;90;103;132;136;148;157,0,0,11,0,0,0,0.0,0.0,0.36666666666666664,0.0,0.0,0.0,0,11,0.25379829993471503,6,6,247,51,11,,method1_proportional_scores_gamma1,unrestricted_maximum_cardinality_then_maximum_testing_evalue_sum,200,0,2,exact_fixed_count_order_statistics,300.0,1,False
485,3f29d7a916dff1a25d0ab2ef71f4c1e3cc5bbb832fc4c6efd6b648fae484775d,proven_maximal,maximize_sum_testing_e_values_at_maximum_cardinality,proven_optimal,20283.500744056175,2.3070822816759047,8791.841064863056,0,0,8,,,7;13;57;73;96;101;159;160,0,0,8,0,0,0,0.0,0.0,0.26666666666666666,0.0,0.0,0.0,0,8,0.4147070001345128,6,5,261,58,8,,method1_proportional_scores_gamma1,unrestricted_maximum_cardinality_then_maximum_testing_evalue_sum,200,0,7,exact_fixed_count_order_statistics,300.0,1,False
486,ec763b8ee0a3c6baa79a50438c7069e0fe7581e89ceaad7676858e0df18b8de5,proven_maximal,maximize_sum_testing_e_values_at_maximum_cardinality,proven_optimal,483165.34207229054,1.1443688128002416,422211.21081585326,0,0,3,,,15;170;189,0,0,3,0,0,0,0.0,0.0,0.1,0.0,0.0,0.0,0,3,0.34682790003716946,5,4,247,48,3,,method1_proportional_scores_gamma1,unrestricted_maximum_cardinality_then_maximum_testing_evalue_sum,200,0,7,exact_fixed_count_order_statistics,300.0,1,False
487,6aa1250f4048220a4bb7fbfddd401d6a312aeeeb165d3d224e093a37098285f0,proven_maximal,maximize_sum_testing_e_values_at_maximum_cardinality,proven_optimal,60210.51664125423,1.2696833474477471,47421.67939926624,0,0,6,,,20;74;101;152;163;183,0,0,6,0,0,0,0.0,0.0,0.2,0.0,0.0,0.0,0,6,0.37874950002878904,5,4,256,56,6,,method1_proportional_scores_gamma1,unrestricted_maximum_cardinality_then_maximum_testing_evalue_sum,200,0,4,exact_fixed_count_order_statistics,300.0,1,False
488,12d3c4dda39e05dd94753362a72d2603c38998d6f615bd159a0bba499187243c,proven_maximal,maximize_sum_testing_e_values_at_maximum_cardinality,proven_optimal,8513.117982060428,2.429215677977193,3504.4718586491663,0,0,9,,,44;63;79;104;111;145;153;178;180,0,0,9,0,0,0,0.0,0.0,0.3,0.0,0.0,0.0,0,9,0.5919643000233918,20,19,273,62,9,,method1_proportional_scores_gamma1,unrestricted_maximum_cardinality_then_maximum_testing_evalue_sum,200,0,2,exact_fixed_count_order_statistics,300.0,1,False
489,ed2ac08a644f84e0367aaf3d1b04c89ed7b5c63e8049b3af4b10648f08273e0c,proven_maximal,maximize_sum_testing_e_values_at_maximum_cardinality,proven_optimal,9549.590802309407,1.2946915031691242,7375.958503577168,0,0,3,,,61;77;140,0,0,3,0,0,0,0.0,0.0,0.1,0.0,0.0,0.0,0,3,0.1456210999749601,3,3,248,50,3,,method1_proportional_scores_gamma1,unrestricted_maximum_cardinality_then_maximum_testing_evalue_sum,200,0,5,exact_fixed_count_order_statistics,300.0,1,False
490,ea85f113e1a684640c2e3693fb67a8f2e4130fafa3648ded83fc6585cc8d159a,proven_maximal,maximize_sum_testing_e_values_at_maximum_cardinality,proven_optimal,5051.1300836615255,0.6687211376038067,7553.417709751145,0,0,4,,,50;63;78;97,0,0,4,0,0,0,0.0,0.0,0.13333333333333333,0.0,0.0,0.0,0,4,0.14942690008319914,3,3,244,48,4,,method1_proportional_scores_gamma1,unrestricted_maximum_cardinality_then_maximum_testing_evalue_sum,200,0,2,exact_fixed_count_order_statistics,300.0,1,False
491,cd25c9267b1562937f88cd3a9a5fafb18556043239bfb0e2db29feef4528c696,proven_maximal,maximize_sum_testing_e_values_at_maximum_cardinality,proven_optimal,87083.07867567,1.7515410159167566,49717.97855963465,0,0,7,,,6;33;47;51;70;93;139,0,0,7,0,0,0,0.0,0.0,0.23333333333333334,0.0,0.0,0.0,0,7,0.3721382000949234,5,4,246,51,7,,method1_proportional_scores_gamma1,unrestricted_maximum_cardinality_then_maximum_testing_evalue_sum,200,0,6,exact_fixed_count_order_statistics,300.0,1,False
492,1728196903028b21a6c94c08d6495ccfdd9638df32bed6ce313636ddb5251c13,proven_maximal,maximize_sum_testing_e_values_at_maximum_cardinality,proven_optimal,22740.93174016353,1.542636906368287,14741.597096688669,0,0,11,,,14;21;33;71;72;84;95;121;134;148;156,0,0,11,0,0,0,0.0,0.0,0.36666666666666664,0.0,0.0,0.0,0,11,0.13822069996967912,3,3,243,50,11,,method1_proportional_scores_gamma1,unrestricted_maximum_cardinality_then_maximum_testing_evalue_sum,200,0,16,exact_fixed_count_order_statistics,300.0,1,False
493,f9f225b57eef719abd2c00ddc915a5738bc4c460ed9920639beb0364335801cb,proven_maximal,maximize_sum_testing_e_values_at_maximum_cardinality,proven_optimal,0.0,0.0,47818.80575323358,0,0,0,,,,0,0,0,0,0,0,0.0,0.0,0.0,0.0,0.0,0.0,0,0,0.13516000006347895,3,3,237,37,0,,method1_proportional_scores_gamma1,unrestricted_maximum_cardinality_then_maximum_testing_evalue_sum,200,0,11,exact_fixed_count_order_statistics,300.0,1,False
494,403a621bd79bddbbd4ccf5f54cd1c4e0ad9f735b5df8a2b8c1171809bde61b5a,proven_maximal,maximize_sum_testing_e_values_at_maximum_cardinality,proven_optimal,31358.040830103957,2.234884822416117,14031.166400872067,0,0,15,,,9;19;21;45;66;67;97;98;104;115;126;130;145;156;159,0,0,15,0,0,0,0.0,0.0,0.5,0.0,0.0,0.0,0,15,0.30277130007743835,7,7,249,51,15,,method1_proportional_scores_gamma1,unrestricted_maximum_cardinality_then_maximum_testing_evalue_sum,200,0,7,exact_fixed_count_order_statistics,300.0,1,False
495,17dcb501408dcd5f0c64911cf88734f12d9b4f35717863543592575d6d6cf1d6,proven_maximal,maximize_sum_testing_e_values_at_maximum_cardinality,proven_optimal,17535.142490231356,1.9608458647626492,8942.6419512856,0,0,8,,,58;62;70;101;127;142;153;183,0,0,8,0,0,0,0.0,0.0,0.26666666666666666,0.0,0.0,0.0,0,8,0.28909570001997054,6,6,264,54,8,,method1_proportional_scores_gamma1,unrestricted_maximum_cardinality_then_maximum_testing_evalue_sum,200,0,7,exact_fixed_count_order_statistics,300.0,1,False
496,42cdc79f41770f5a39f5d5df53bfe35a74e0df5c7df392aae4f14448d657e6bd,proven_maximal,maximize_sum_testing_e_values_at_maximum_cardinality,proven_optimal,21108.288058034024,1.7118384664643669,12330.770964407118,0,0,14,,,0;9;16;49;82;96;98;109;149;174;180;184;186;197,0,0,14,0,0,0,0.0,0.0,0.4666666666666667,0.0,0.0,0.0,0,14,0.21573429997079074,4,4,246,54,14,,method1_proportional_scores_gamma1,unrestricted_maximum_cardinality_then_maximum_testing_evalue_sum,200,0,9,exact_fixed_count_order_statistics,300.0,1,False
497,a1f164145ac0b93be4743e8d7badd6589fca2b9d878084d556082272b2855f6b,proven_maximal,maximize_sum_testing_e_values_at_maximum_cardinality,proven_optimal,65094.725850557166,1.0968236984472073,59348.39477184248,0,0,5,,,23;38;70;156;165,0,0,5,0,0,0,0.0,0.0,0.16666666666666666,0.0,0.0,0.0,0,5,0.4398988001048565,9,8,274,63,5,,method1_proportional_scores_gamma1,unrestricted_maximum_cardinality_then_maximum_testing_evalue_sum,200,0,12,exact_fixed_count_order_statistics,300.0,1,False
498,9b4d2ad42bebf1b24311fb2a920874a0f304f75e3919194a111c7423ab6a30a3,proven_maximal,maximize_sum_testing_e_values_at_maximum_cardinality,proven_optimal,25585.87556090607,2.079499871419429,12303.860131254356,0,0,7,,,24;105;116;122;131;146;190,0,0,7,0,0,0,0.0,0.0,0.23333333333333334,0.0,0.0,0.0,0,7,0.4770015999674797,6,4,255,57,7,,method1_proportional_scores_gamma1,unrestricted_maximum_cardinality_then_maximum_testing_evalue_sum,200,0,11,exact_fixed_count_order_statistics,300.0,1,False
499,2997aa53d938d3e74f853e29876b7f4ed772093f4064a6b4c84bf8af036c22a0,proven_maximal,maximize_sum_testing_e_values_at_maximum_cardinality,proven_optimal,0.0,0.0,392557.997975412,0,0,0,,,,0,0,0,0,0,0,0.0,0.0,0.0,0.0,0.0,0.0,0,0,0.1453558998182416,3,3,245,45,0,,method1_proportional_scores_gamma1,unrestricted_maximum_cardinality_then_maximum_testing_evalue_sum,200,0,11,exact_fixed_count_order_statistics,300.0,1,False
500,37eb91a8de16d55f0caa6638a61014b5abbfefe1ffa2437c2346e8c842ee5fc7,proven_maximal,maximize_sum_testing_e_values_at_maximum_cardinality,proven_optimal,8317.060597408752,3.8846562418805046,2141.0029818706907,0,0,12,,,3;42;49;62;115;127;133;162;169;174;185;187,0,0,12,0,0,0,0.0,0.0,0.4,0.0,0.0,0.0,0,12,0.8192330000456423,17,17,310,56,12,,method1_proportional_scores_gamma1,unrestricted_maximum_cardinality_then_maximum_testing_evalue_sum,200,0,3,exact_fixed_count_order_statistics,300.0,1,False
