replication,problem_sha256,status,secondary_rule,secondary_status,secondary_value,secondary_normalized_value,secondary_normalization,prefix_size,greedy_size,maximal_size,prefix_indices,greedy_indices,maximal_indices,prefix_true,greedy_true,maximal_true,prefix_false,greedy_false,maximal_false,prefix_tpr,greedy_tpr,maximal_tpr,prefix_fdp,greedy_fdp,maximal_fdp,greedy_added,optimizer_added,elapsed_seconds,mip_solves,separation_calls,final_cut_count,initial_singleton_upper_bound,proof_upper_bound,message,method,selection_rule,K,ebh_seed_size,old_exported_prefix_size,separator_backend,separator_time_limit,separator_threads
1,76158c40e4939eb4154742a39adc752c9d083734210ae4c007fbce16b9c75b3e,proven_maximal,maximize_sum_testing_e_values_at_maximum_cardinality,proven_optimal,0.0,0.0,3489.2111976491824,0,0,0,,,,0,0,0,0,0,0,0.0,0.0,0.0,0.0,0.0,0.0,0,0,1.9443802000023425,15,5,456,31,0,,original_uniform_floor_plus_prior_scores,maximum_cardinality_certified_superset_of_eBH_then_maximum_testing_evalue_sum,200,0,0,exact_dyadic_prefix_or_HiGHS_QUBO_MILP,300.0,1
2,32787654721909c11f814ad6445c5007f7146fafa65afe91cc92e70aaa06886b,proven_maximal,maximize_sum_testing_e_values_at_maximum_cardinality,proven_optimal,12853.177786719913,1.948017791173697,6598.080287026416,3,3,6,29;86;95,29;86;95,14;29;86;95;135;142,3,3,6,0,0,0,0.15,0.15,0.3,0.0,0.0,0.0,0,3,1.8052938000764698,16,9,614,44,6,,original_uniform_floor_plus_prior_scores,maximum_cardinality_certified_superset_of_eBH_then_maximum_testing_evalue_sum,200,3,3,exact_dyadic_prefix_or_HiGHS_QUBO_MILP,300.0,1
3,072eb901b7a1ed9a13383804d429372224620781c54a6d6d0bd8be7097cc3ec6,proven_maximal,maximize_sum_testing_e_values_at_maximum_cardinality,proven_optimal,22306.155508462405,1.5850618354314865,14072.73521439005,3,3,3,52;112;120,52;112;120,52;112;120,3,3,3,0,0,0,0.15,0.15,0.15,0.0,0.0,0.0,0,0,1.8522187999915332,15,9,585,35,3,,original_uniform_floor_plus_prior_scores,maximum_cardinality_certified_superset_of_eBH_then_maximum_testing_evalue_sum,200,3,3,exact_dyadic_prefix_or_HiGHS_QUBO_MILP,300.0,1
4,045ead030ac900955094cbb5a9f1f91375ace1f45b6cc2978d585f7c7ceaba69,proven_maximal,maximize_sum_testing_e_values_at_maximum_cardinality,proven_optimal,0.0,0.0,2484.919664854197,0,0,0,,,,0,0,0,0,0,0,0.0,0.0,0.0,0.0,0.0,0.0,0,0,1.4786668999586254,14,5,459,39,0,,original_uniform_floor_plus_prior_scores,maximum_cardinality_certified_superset_of_eBH_then_maximum_testing_evalue_sum,200,0,0,exact_dyadic_prefix_or_HiGHS_QUBO_MILP,300.0,1
5,8e73d9299fbac1ad0663ce13f35a30d000f23711d67bd81c6622025e8968641d,proven_maximal,maximize_sum_testing_e_values_at_maximum_cardinality,proven_optimal,13658.906313331769,3.0123782343293346,4534.260059933257,6,6,9,25;27;40;54;73;174,25;27;40;54;73;174,10;25;27;40;54;58;67;73;174,6,6,9,0,0,0,0.3,0.3,0.45,0.0,0.0,0.0,0,3,1.696922400034964,11,7,510,39,9,,original_uniform_floor_plus_prior_scores,maximum_cardinality_certified_superset_of_eBH_then_maximum_testing_evalue_sum,200,6,6,exact_dyadic_prefix_or_HiGHS_QUBO_MILP,300.0,1
6,f9e835b6090f5feeae361c41961c0c19d00a294f60b641b9339c42aa29e52d61,proven_maximal,maximize_sum_testing_e_values_at_maximum_cardinality,proven_optimal,3943.152434233715,1.0,3943.152434233715,0,0,1,,,173,0,0,1,0,0,0,0.0,0.0,0.05,0.0,0.0,0.0,0,1,2.9386907999869436,18,9,797,34,1,,original_uniform_floor_plus_prior_scores,maximum_cardinality_certified_superset_of_eBH_then_maximum_testing_evalue_sum,200,0,0,exact_dyadic_prefix_or_HiGHS_QUBO_MILP,300.0,1
7,6ae3085c2069ab394ac7e38e18a33a99a9ad8d58d134a6d12b2bbd4116b62b7f,proven_maximal,maximize_sum_testing_e_values_at_maximum_cardinality,proven_optimal,0.0,0.0,1303.0229908664646,0,0,0,,,,0,0,0,0,0,0,0.0,0.0,0.0,0.0,0.0,0.0,0,0,0.650063700042665,3,3,300,44,0,,original_uniform_floor_plus_prior_scores,maximum_cardinality_certified_superset_of_eBH_then_maximum_testing_evalue_sum,200,0,0,exact_dyadic_prefix_or_HiGHS_QUBO_MILP,300.0,1
8,98eb3d9a1004935bd6db97f224332b5dffdd49c4ef42003ccd7d3718df0b7b60,proven_maximal,maximize_sum_testing_e_values_at_maximum_cardinality,proven_optimal,24385.36452555391,2.408522580467012,10124.615282131004,4,4,5,29;36;44;103,29;36;44;103,29;36;44;61;103,4,4,5,0,0,0,0.2,0.2,0.25,0.0,0.0,0.0,0,1,2.785518600139767,18,9,723,38,5,,original_uniform_floor_plus_prior_scores,maximum_cardinality_certified_superset_of_eBH_then_maximum_testing_evalue_sum,200,4,4,exact_dyadic_prefix_or_HiGHS_QUBO_MILP,300.0,1
9,9e5dbd32bdbb7e380f50de6cc59deacedbb7e2c75bf78ac26b2c0b5f4d1e7a40,proven_maximal,maximize_sum_testing_e_values_at_maximum_cardinality,proven_optimal,0.0,0.0,1455.2570405051388,0,0,0,,,,0,0,0,0,0,0,0.0,0.0,0.0,0.0,0.0,0.0,0,0,0.8123019998893142,3,3,300,35,0,,original_uniform_floor_plus_prior_scores,maximum_cardinality_certified_superset_of_eBH_then_maximum_testing_evalue_sum,200,0,0,exact_dyadic_prefix_or_HiGHS_QUBO_MILP,300.0,1
10,5c355c79961397cc6a44bf2c2b07dc24c9132de4c9629b7b520f99e863f559e6,proven_maximal,maximize_sum_testing_e_values_at_maximum_cardinality,proven_optimal,7725.078568970115,1.8793463647629836,4110.513481608471,2,2,2,136;151,136;151,136;151,2,2,2,0,0,0,0.1,0.1,0.1,0.0,0.0,0.0,0,0,1.9348597000353038,13,6,551,36,2,,original_uniform_floor_plus_prior_scores,maximum_cardinality_certified_superset_of_eBH_then_maximum_testing_evalue_sum,200,2,2,exact_dyadic_prefix_or_HiGHS_QUBO_MILP,300.0,1
11,78f05bd3ad7f87c0060c260531d9a6dd5cfcd9668d1a355ec43a80459d59f4ed,proven_maximal,maximize_sum_testing_e_values_at_maximum_cardinality,proven_optimal,127424.07519162973,1.0144087216183553,125614.13607361482,1,1,2,20,20,20;112,1,1,2,0,0,0,0.05,0.05,0.1,0.0,0.0,0.0,0,1,2.4130347999744117,16,8,705,33,2,,original_uniform_floor_plus_prior_scores,maximum_cardinality_certified_superset_of_eBH_then_maximum_testing_evalue_sum,200,1,1,exact_dyadic_prefix_or_HiGHS_QUBO_MILP,300.0,1
12,64afd87b23523669a2f85a66c2ffa090be7c15b74ca28a76d657d5008e303b78,proven_maximal,maximize_sum_testing_e_values_at_maximum_cardinality,proven_optimal,97779.05660990099,1.26510646584049,77289.1920562118,2,2,2,4;36,4;36,4;36,2,2,2,0,0,0,0.1,0.1,0.1,0.0,0.0,0.0,0,0,1.9456161998677999,16,8,621,58,2,,original_uniform_floor_plus_prior_scores,maximum_cardinality_certified_superset_of_eBH_then_maximum_testing_evalue_sum,200,2,2,exact_dyadic_prefix_or_HiGHS_QUBO_MILP,300.0,1
13,b2a09fa2de3a2cbe1b3ba0fc0e1743b173db19ecc43a5f29b72fd2393ba94b57,proven_maximal,maximize_sum_testing_e_values_at_maximum_cardinality,proven_optimal,24154.104252800804,2.687790716040226,8986.601564122417,5,5,5,26;34;120;125;159,26;34;120;125;159,26;34;120;125;159,5,5,5,0,0,0,0.25,0.25,0.25,0.0,0.0,0.0,0,0,1.8401225998532027,14,5,413,42,5,,original_uniform_floor_plus_prior_scores,maximum_cardinality_certified_superset_of_eBH_then_maximum_testing_evalue_sum,200,5,5,exact_dyadic_prefix_or_HiGHS_QUBO_MILP,300.0,1
14,cea63cced266be7ea77659fdaeed24b9a8e1ac7d2477daada7ebc2959671cba8,proven_maximal,maximize_sum_testing_e_values_at_maximum_cardinality,proven_optimal,40925.172238679705,1.0722862254110024,38166.27619457974,2,2,2,17;82,17;82,17;82,2,2,2,0,0,0,0.1,0.1,0.1,0.0,0.0,0.0,0,0,1.350267100147903,11,6,565,35,2,,original_uniform_floor_plus_prior_scores,maximum_cardinality_certified_superset_of_eBH_then_maximum_testing_evalue_sum,200,2,2,exact_dyadic_prefix_or_HiGHS_QUBO_MILP,300.0,1
15,315cc908e704533ff3d4c4637f0f94ac211397e52ef95fd3ab839eb049084ca7,proven_maximal,maximize_sum_testing_e_values_at_maximum_cardinality,proven_optimal,0.0,0.0,1304.7287039427565,0,0,0,,,,0,0,0,0,0,0,0.0,0.0,0.0,0.0,0.0,0.0,0,0,2.07252290006727,15,7,646,35,0,,original_uniform_floor_plus_prior_scores,maximum_cardinality_certified_superset_of_eBH_then_maximum_testing_evalue_sum,200,0,0,exact_dyadic_prefix_or_HiGHS_QUBO_MILP,300.0,1
16,261607c6ad09c98dc48151980a723f91080310a00f76dc6d0b038d348e212692,proven_maximal,maximize_sum_testing_e_values_at_maximum_cardinality,proven_optimal,38758.22461487488,1.5060969225858543,25734.21672512945,5,5,5,14;37;43;128;150,14;37;43;128;150,14;37;43;128;150,5,5,5,0,0,0,0.25,0.25,0.25,0.0,0.0,0.0,0,0,2.228620600188151,14,6,579,32,5,,original_uniform_floor_plus_prior_scores,maximum_cardinality_certified_superset_of_eBH_then_maximum_testing_evalue_sum,200,5,5,exact_dyadic_prefix_or_HiGHS_QUBO_MILP,300.0,1
17,49cb6cb8ba6efe4524b0e2402cca8437421c2abbd56889694449201f2f7c36d0,proven_maximal,maximize_sum_testing_e_values_at_maximum_cardinality,proven_optimal,21524.80932623507,1.5695711806821038,13713.81533450482,4,4,4,79;96;104;124,79;96;104;124,79;96;104;124,4,4,4,0,0,0,0.2,0.2,0.2,0.0,0.0,0.0,0,0,1.352883700048551,12,5,531,44,4,,original_uniform_floor_plus_prior_scores,maximum_cardinality_certified_superset_of_eBH_then_maximum_testing_evalue_sum,200,4,4,exact_dyadic_prefix_or_HiGHS_QUBO_MILP,300.0,1
18,b2e165c9bf7e608f6dae452454c3a01bea78e8042a1c21f194746ff12f7d1d8d,proven_maximal,maximize_sum_testing_e_values_at_maximum_cardinality,proven_optimal,13074.054426401195,1.3010002593763423,10049.232759314342,1,1,4,148,148,79;107;148;162,1,1,4,0,0,0,0.05,0.05,0.2,0.0,0.0,0.0,0,3,2.042758099967614,15,11,844,42,4,,original_uniform_floor_plus_prior_scores,maximum_cardinality_certified_superset_of_eBH_then_maximum_testing_evalue_sum,200,1,1,exact_dyadic_prefix_or_HiGHS_QUBO_MILP,300.0,1
19,a971b27a6049a2308214359a7a9533335f9631833001bfe50343e381440676f2,proven_maximal,maximize_sum_testing_e_values_at_maximum_cardinality,proven_optimal,21607.86253491854,3.3018226780111664,6544.222583126089,4,4,4,9;15;32;132,9;15;32;132,9;15;32;132,4,4,4,0,0,0,0.2,0.2,0.2,0.0,0.0,0.0,0,0,1.7204946998972446,11,5,527,37,4,,original_uniform_floor_plus_prior_scores,maximum_cardinality_certified_superset_of_eBH_then_maximum_testing_evalue_sum,200,4,4,exact_dyadic_prefix_or_HiGHS_QUBO_MILP,300.0,1
20,96f44ac9542b9a432dde74198a1c172594cc2bbd1111280bd29d9d85da354717,proven_maximal,maximize_sum_testing_e_values_at_maximum_cardinality,proven_optimal,23277.037579174637,1.6944959986509769,13736.85012989465,2,2,4,84;163,84;163,65;78;84;163,2,2,4,0,0,0,0.1,0.1,0.2,0.0,0.0,0.0,0,2,1.9674114999361336,16,9,528,30,4,,original_uniform_floor_plus_prior_scores,maximum_cardinality_certified_superset_of_eBH_then_maximum_testing_evalue_sum,200,2,2,exact_dyadic_prefix_or_HiGHS_QUBO_MILP,300.0,1
21,23be66c215ae866a437912802dcf4186390393bd19558ab7feb61bded17091b5,proven_maximal,maximize_sum_testing_e_values_at_maximum_cardinality,proven_optimal,20461.50166543434,1.428814803733092,14320.611469012065,2,2,2,32;109,32;109,32;109,2,2,2,0,0,0,0.1,0.1,0.1,0.0,0.0,0.0,0,0,1.611381399910897,13,5,521,42,2,,original_uniform_floor_plus_prior_scores,maximum_cardinality_certified_superset_of_eBH_then_maximum_testing_evalue_sum,200,2,2,exact_dyadic_prefix_or_HiGHS_QUBO_MILP,300.0,1
22,c1100e9feabe40049a118c9a7b57a51dccf2fec2dda477cdab4a6494f1d23284,proven_maximal,maximize_sum_testing_e_values_at_maximum_cardinality,proven_optimal,19824.328339497504,1.3399555012807534,14794.766184809165,4,4,7,57;89;106;173,57;89;106;173,38;57;89;106;114;119;173,4,4,7,0,0,0,0.2,0.2,0.35,0.0,0.0,0.0,0,3,1.522147199837491,11,6,508,30,7,,original_uniform_floor_plus_prior_scores,maximum_cardinality_certified_superset_of_eBH_then_maximum_testing_evalue_sum,200,4,4,exact_dyadic_prefix_or_HiGHS_QUBO_MILP,300.0,1
23,c3e4fa1807fec831782443076e9cc55f9e2a1922e22d67c2c482d221630f24f0,proven_maximal,maximize_sum_testing_e_values_at_maximum_cardinality,proven_optimal,0.0,0.0,2040.4032430624864,0,0,0,,,,0,0,0,0,0,0,0.0,0.0,0.0,0.0,0.0,0.0,0,0,1.6938968000467867,15,8,555,38,0,,original_uniform_floor_plus_prior_scores,maximum_cardinality_certified_superset_of_eBH_then_maximum_testing_evalue_sum,200,0,0,exact_dyadic_prefix_or_HiGHS_QUBO_MILP,300.0,1
24,2ce9b00831fc3b49b7a4797c0df87a2798a8d863ead09a25f996888080350c54,proven_maximal,maximize_sum_testing_e_values_at_maximum_cardinality,proven_optimal,89108.3796419562,1.1554064160856794,77122.97456668127,3,3,5,71;79;138,71;79;138,14;19;71;79;138,3,3,5,0,0,0,0.15,0.15,0.25,0.0,0.0,0.0,0,2,1.313041300047189,10,6,446,34,5,,original_uniform_floor_plus_prior_scores,maximum_cardinality_certified_superset_of_eBH_then_maximum_testing_evalue_sum,200,3,3,exact_dyadic_prefix_or_HiGHS_QUBO_MILP,300.0,1
25,223c7aed495eef989c428b06ac4fcb1523b899b8c3f576b60d9a1270bc75ab13,proven_maximal,maximize_sum_testing_e_values_at_maximum_cardinality,proven_optimal,8138.958240677637,2.3668785174953904,3438.688627454446,6,6,6,1;33;71;107;128;151,1;33;71;107;128;151,1;33;71;107;128;151,6,6,6,0,0,0,0.3,0.3,0.3,0.0,0.0,0.0,0,0,1.4563353001140058,11,5,502,42,6,,original_uniform_floor_plus_prior_scores,maximum_cardinality_certified_superset_of_eBH_then_maximum_testing_evalue_sum,200,6,6,exact_dyadic_prefix_or_HiGHS_QUBO_MILP,300.0,1
26,f28b29dd98f340f7ed4198f24534158da1881a434d1e1b48853b08c9a2b70223,proven_maximal,maximize_sum_testing_e_values_at_maximum_cardinality,proven_optimal,7220.180276776025,1.0,7220.180276776025,1,1,1,166,166,166,1,1,1,0,0,0,0.05,0.05,0.05,0.0,0.0,0.0,0,0,1.6529826999176294,14,7,622,44,1,,original_uniform_floor_plus_prior_scores,maximum_cardinality_certified_superset_of_eBH_then_maximum_testing_evalue_sum,200,1,1,exact_dyadic_prefix_or_HiGHS_QUBO_MILP,300.0,1
27,37c18c2d1df44da6f31e18c93fb153034f5f7e2130ae54e0582563e0c5c57320,proven_maximal,maximize_sum_testing_e_values_at_maximum_cardinality,proven_optimal,24120.60098996703,1.2325804856621536,19569.189412413278,4,4,4,4;69;153;185,4;69;153;185,4;69;153;185,4,4,4,0,0,0,0.2,0.2,0.2,0.0,0.0,0.0,0,0,1.565851999912411,12,4,420,33,4,,original_uniform_floor_plus_prior_scores,maximum_cardinality_certified_superset_of_eBH_then_maximum_testing_evalue_sum,200,4,4,exact_dyadic_prefix_or_HiGHS_QUBO_MILP,300.0,1
28,669b17c3423b43ee29e46931e12df64fd93be71cd846a600d8b1fbcae9b102ee,proven_maximal,maximize_sum_testing_e_values_at_maximum_cardinality,proven_optimal,0.0,0.0,3879.736172615451,0,0,0,,,,0,0,0,0,0,0,0.0,0.0,0.0,0.0,0.0,0.0,0,0,2.872694700025022,20,12,902,38,0,,original_uniform_floor_plus_prior_scores,maximum_cardinality_certified_superset_of_eBH_then_maximum_testing_evalue_sum,200,0,0,exact_dyadic_prefix_or_HiGHS_QUBO_MILP,300.0,1
29,2f390bb307472b69367eeed03c5026c7c25fcaa744cde0048e739a40685b0c27,proven_maximal,maximize_sum_testing_e_values_at_maximum_cardinality,proven_optimal,30069.32335582135,1.3313845044405297,22585.003247019904,5,5,6,12;35;43;75;96,12;35;43;75;96,12;35;43;51;75;96,5,5,6,0,0,0,0.25,0.25,0.3,0.0,0.0,0.0,0,1,2.1810032001230866,16,11,757,44,6,,original_uniform_floor_plus_prior_scores,maximum_cardinality_certified_superset_of_eBH_then_maximum_testing_evalue_sum,200,5,5,exact_dyadic_prefix_or_HiGHS_QUBO_MILP,300.0,1
30,fdd61d448677c8c71c4cff97cceaded80ecb1379336bc1d7a90a9ee9c9a94f2f,proven_maximal,maximize_sum_testing_e_values_at_maximum_cardinality,proven_optimal,0.0,0.0,3054.5917030126,0,0,0,,,,0,0,0,0,0,0,0.0,0.0,0.0,0.0,0.0,0.0,0,0,1.9059153001289815,14,9,637,36,0,,original_uniform_floor_plus_prior_scores,maximum_cardinality_certified_superset_of_eBH_then_maximum_testing_evalue_sum,200,0,0,exact_dyadic_prefix_or_HiGHS_QUBO_MILP,300.0,1
31,eccda1ace6128064c6bc227996cbeca292f4c670b79b6910c5f5ff7e330e3327,proven_maximal,maximize_sum_testing_e_values_at_maximum_cardinality,proven_optimal,20698.804659608988,2.197307342572121,9420.077136491707,3,3,5,129;145;158,129;145;158,2;129;145;156;158,3,3,5,0,0,0,0.15,0.15,0.25,0.0,0.0,0.0,0,2,2.155553200049326,13,8,749,39,5,,original_uniform_floor_plus_prior_scores,maximum_cardinality_certified_superset_of_eBH_then_maximum_testing_evalue_sum,200,3,3,exact_dyadic_prefix_or_HiGHS_QUBO_MILP,300.0,1
32,2179ae6086a477971aeb4441a97f1ba1f0cc7bc4fade1506894fe861b6ec5484,proven_maximal,maximize_sum_testing_e_values_at_maximum_cardinality,proven_optimal,7727.24824090011,3.5492017354658087,2177.1792129155942,4,4,4,2;8;65;132,2;8;65;132,2;8;65;132,4,4,4,0,0,0,0.2,0.2,0.2,0.0,0.0,0.0,0,0,2.1934207999147475,16,7,660,48,4,,original_uniform_floor_plus_prior_scores,maximum_cardinality_certified_superset_of_eBH_then_maximum_testing_evalue_sum,200,4,4,exact_dyadic_prefix_or_HiGHS_QUBO_MILP,300.0,1
33,231769038b3f616ff2ae2e27285fd53048aeb1e2e958c68fa83942a77e099fcd,proven_maximal,maximize_sum_testing_e_values_at_maximum_cardinality,proven_optimal,19201.36615649987,1.7815711526524904,10777.77114201245,3,3,3,28;137;186,28;137;186,28;137;186,3,3,3,0,0,0,0.15,0.15,0.15,0.0,0.0,0.0,0,0,1.9206526998896152,14,7,690,41,3,,original_uniform_floor_plus_prior_scores,maximum_cardinality_certified_superset_of_eBH_then_maximum_testing_evalue_sum,200,3,3,exact_dyadic_prefix_or_HiGHS_QUBO_MILP,300.0,1
34,f82373a6d162a295956fccd516b5a81287468d4b5a2eb8ecacdbf3115afd3a10,proven_maximal,maximize_sum_testing_e_values_at_maximum_cardinality,proven_optimal,61069.96138070992,1.8441915201975962,33114.76097350592,3,3,4,81;82;156,81;82;156,81;82;143;156,3,3,4,0,0,0,0.15,0.15,0.2,0.0,0.0,0.0,0,1,2.1450420999899507,17,9,626,49,4,,original_uniform_floor_plus_prior_scores,maximum_cardinality_certified_superset_of_eBH_then_maximum_testing_evalue_sum,200,3,3,exact_dyadic_prefix_or_HiGHS_QUBO_MILP,300.0,1
35,8f1221106ef61db38df66e4a2a306f794e1cf20bb035bd65c681831b20bb8e0e,proven_maximal,maximize_sum_testing_e_values_at_maximum_cardinality,proven_optimal,14702.954368846296,1.353232198725272,10865.063942977633,2,2,2,4;119,4;119,4;119,2,2,2,0,0,0,0.1,0.1,0.1,0.0,0.0,0.0,0,0,2.332525599980727,18,9,717,40,2,,original_uniform_floor_plus_prior_scores,maximum_cardinality_certified_superset_of_eBH_then_maximum_testing_evalue_sum,200,2,2,exact_dyadic_prefix_or_HiGHS_QUBO_MILP,300.0,1
36,f62df9154fc9682fe5a1829bd17d1a983a45a20070f1546628c530bd6f81ed0c,proven_maximal,maximize_sum_testing_e_values_at_maximum_cardinality,proven_optimal,10376.657993487497,1.359004983658858,7635.48192851387,2,2,2,10;159,10;159,10;159,2,2,2,0,0,0,0.1,0.1,0.1,0.0,0.0,0.0,0,0,1.7944313997868448,13,5,505,38,2,,original_uniform_floor_plus_prior_scores,maximum_cardinality_certified_superset_of_eBH_then_maximum_testing_evalue_sum,200,2,2,exact_dyadic_prefix_or_HiGHS_QUBO_MILP,300.0,1
37,a1bcf19ffe17f50cf0bc568dc7ef9367cbcb8c4ba0baa291bc685f4a872ad64b,proven_maximal,maximize_sum_testing_e_values_at_maximum_cardinality,proven_optimal,22551.83636797408,2.7497371247152036,8201.451755250904,4,4,4,12;81;144;181,12;81;144;181,12;81;144;181,4,4,4,0,0,0,0.2,0.2,0.2,0.0,0.0,0.0,0,0,1.917812499916181,12,9,725,39,4,,original_uniform_floor_plus_prior_scores,maximum_cardinality_certified_superset_of_eBH_then_maximum_testing_evalue_sum,200,4,4,exact_dyadic_prefix_or_HiGHS_QUBO_MILP,300.0,1
38,1125fc086704e992734f0473ef13fd2c7f5d4b4bfb15789b3b975388fa9de53f,proven_maximal,maximize_sum_testing_e_values_at_maximum_cardinality,proven_optimal,52903.433450993754,1.0101963179572744,52369.45780793399,1,1,2,176,176,81;176,1,1,2,0,0,0,0.05,0.05,0.1,0.0,0.0,0.0,0,1,2.5930620001163334,18,9,614,36,2,,original_uniform_floor_plus_prior_scores,maximum_cardinality_certified_superset_of_eBH_then_maximum_testing_evalue_sum,200,1,1,exact_dyadic_prefix_or_HiGHS_QUBO_MILP,300.0,1
39,24a501f2b05bb98ea9894632cb5d49335ab74b8fa80b8a9b9190a4c6ae53e165,proven_maximal,maximize_sum_testing_e_values_at_maximum_cardinality,proven_optimal,17344.893740558553,2.2577613895372775,7682.341376257367,3,3,8,125;190;198,125;190;198,27;58;125;179;184;190;194;198,3,3,8,0,0,0,0.15,0.15,0.4,0.0,0.0,0.0,0,5,1.5305759999901056,10,7,510,45,8,,original_uniform_floor_plus_prior_scores,maximum_cardinality_certified_superset_of_eBH_then_maximum_testing_evalue_sum,200,3,3,exact_dyadic_prefix_or_HiGHS_QUBO_MILP,300.0,1
40,60acf417beffc340ca1dedfda625d57aab382fb836640394c85a450f2440f378,proven_maximal,maximize_sum_testing_e_values_at_maximum_cardinality,proven_optimal,8301.042804156192,1.0,8301.042804156192,1,1,1,93,93,93,1,1,1,0,0,0,0.05,0.05,0.05,0.0,0.0,0.0,0,0,0.8752466000150889,6,5,457,44,1,,original_uniform_floor_plus_prior_scores,maximum_cardinality_certified_superset_of_eBH_then_maximum_testing_evalue_sum,200,1,1,exact_dyadic_prefix_or_HiGHS_QUBO_MILP,300.0,1
41,570cd5c70f2fdb0d8cf923aba8dc46c1cd58ace359cab84260cb73c103dfe7c4,proven_maximal,maximize_sum_testing_e_values_at_maximum_cardinality,proven_optimal,301652.44316492486,1.056730839612701,285458.16196249414,6,6,7,26;52;59;74;98;132,26;52;59;74;98;132,26;52;59;62;74;98;132,6,6,7,0,0,0,0.3,0.3,0.35,0.0,0.0,0.0,0,1,2.893893400207162,19,11,777,34,7,,original_uniform_floor_plus_prior_scores,maximum_cardinality_certified_superset_of_eBH_then_maximum_testing_evalue_sum,200,6,6,exact_dyadic_prefix_or_HiGHS_QUBO_MILP,300.0,1
42,20063aec09c0ed969c98fea278a40e7ab2e5157e16431d30af29086001b61cb6,proven_maximal,maximize_sum_testing_e_values_at_maximum_cardinality,proven_optimal,4176.117573763181,1.0,4176.117573763181,1,1,1,136,136,136,1,1,1,0,0,0,0.05,0.05,0.05,0.0,0.0,0.0,0,0,1.354853300144896,13,7,511,35,1,,original_uniform_floor_plus_prior_scores,maximum_cardinality_certified_superset_of_eBH_then_maximum_testing_evalue_sum,200,1,1,exact_dyadic_prefix_or_HiGHS_QUBO_MILP,300.0,1
43,cde6148205338e42c9cd6441483f5c1cf3a70e897618de29c4ebcca0531651f0,proven_maximal,maximize_sum_testing_e_values_at_maximum_cardinality,proven_optimal,14159.414700601941,1.7896765527424088,7911.717164146102,4,4,5,32;75;84;113,32;75;84;113,32;75;84;113;156,4,4,5,0,0,0,0.2,0.2,0.25,0.0,0.0,0.0,0,1,1.608156500151381,12,8,638,42,5,,original_uniform_floor_plus_prior_scores,maximum_cardinality_certified_superset_of_eBH_then_maximum_testing_evalue_sum,200,4,4,exact_dyadic_prefix_or_HiGHS_QUBO_MILP,300.0,1
44,b412283dbdd3b5e300a33179b16ac938a685cf7cd13187106452ec467b244aee,proven_maximal,maximize_sum_testing_e_values_at_maximum_cardinality,proven_optimal,18139.024616668692,2.336639295130189,7762.868943645857,6,6,7,23;48;94;109;154;191,23;48;94;109;154;191,23;48;94;109;122;154;191,6,6,7,0,0,0,0.3,0.3,0.35,0.0,0.0,0.0,0,1,2.7086881001014262,18,10,641,39,7,,original_uniform_floor_plus_prior_scores,maximum_cardinality_certified_superset_of_eBH_then_maximum_testing_evalue_sum,200,6,6,exact_dyadic_prefix_or_HiGHS_QUBO_MILP,300.0,1
45,370d38bb20fc14fac1a70ce211ce218413b3e4d8ad69d5cd80883b2ef097154d,proven_maximal,maximize_sum_testing_e_values_at_maximum_cardinality,proven_optimal,7809.061959625209,2.58467830172018,3021.289711152079,3,3,3,54;56;130,54;56;130,54;56;130,3,3,3,0,0,0,0.15,0.15,0.15,0.0,0.0,0.0,0,0,1.8889969000592828,17,7,623,40,3,,original_uniform_floor_plus_prior_scores,maximum_cardinality_certified_superset_of_eBH_then_maximum_testing_evalue_sum,200,3,3,exact_dyadic_prefix_or_HiGHS_QUBO_MILP,300.0,1
46,697f63f00c07ef8fe1a329f501cfb069208c98cedb6f627f0872c502f70cc742,proven_maximal,maximize_sum_testing_e_values_at_maximum_cardinality,proven_optimal,3491.007831791867,2.707676177499926,1289.30034573603,0,0,4,,,11;36;45;175,0,0,4,0,0,0,0.0,0.0,0.2,0.0,0.0,0.0,0,4,1.3769501999486238,10,7,517,35,4,,original_uniform_floor_plus_prior_scores,maximum_cardinality_certified_superset_of_eBH_then_maximum_testing_evalue_sum,200,0,0,exact_dyadic_prefix_or_HiGHS_QUBO_MILP,300.0,1
47,1877426aa638a151f9a9d57fa768659a8c7b58703cc27e146ee2ee57b4174b66,proven_maximal,maximize_sum_testing_e_values_at_maximum_cardinality,proven_optimal,17245.133371169017,1.8193075696395689,9478.954333480582,7,7,9,61;102;115;128;158;168;182,61;102;115;128;158;168;182,24;61;102;115;128;134;158;168;182,6,6,8,1,1,1,0.3,0.3,0.4,0.14285714285714285,0.14285714285714285,0.1111111111111111,0,2,2.4486697998363525,14,9,707,48,9,,original_uniform_floor_plus_prior_scores,maximum_cardinality_certified_superset_of_eBH_then_maximum_testing_evalue_sum,200,7,7,exact_dyadic_prefix_or_HiGHS_QUBO_MILP,300.0,1
48,87362599d9d303191d0587f08eb639c3f0576a7815d64ea930481539e0790c1a,proven_maximal,maximize_sum_testing_e_values_at_maximum_cardinality,proven_optimal,3931.6421024723336,4.010106424020989,980.43335681102,0,0,7,,,14;43;48;55;115;147;191,0,0,7,0,0,0,0.0,0.0,0.35,0.0,0.0,0.0,0,7,1.3948271998669952,9,7,506,38,7,,original_uniform_floor_plus_prior_scores,maximum_cardinality_certified_superset_of_eBH_then_maximum_testing_evalue_sum,200,0,0,exact_dyadic_prefix_or_HiGHS_QUBO_MILP,300.0,1
49,930c7f08fef6e23f55d07386248a34bf1e2fced490edf26bd0eb9643a2bc57c7,proven_maximal,maximize_sum_testing_e_values_at_maximum_cardinality,proven_optimal,11037.7959312752,2.129081158064568,5184.300227103161,4,4,4,111;119;130;131,111;119;130;131,111;119;130;131,4,4,4,0,0,0,0.2,0.2,0.2,0.0,0.0,0.0,0,0,1.837892800103873,15,5,510,49,4,,original_uniform_floor_plus_prior_scores,maximum_cardinality_certified_superset_of_eBH_then_maximum_testing_evalue_sum,200,4,4,exact_dyadic_prefix_or_HiGHS_QUBO_MILP,300.0,1
50,738ef4aaf4993a8faf1b51a0823a947b418a9e7625154dd37debd823b33337bf,proven_maximal,maximize_sum_testing_e_values_at_maximum_cardinality,proven_optimal,0.0,0.0,2897.1019654830657,0,0,0,,,,0,0,0,0,0,0,0.0,0.0,0.0,0.0,0.0,0.0,0,0,2.73933899984695,16,7,541,42,0,,original_uniform_floor_plus_prior_scores,maximum_cardinality_certified_superset_of_eBH_then_maximum_testing_evalue_sum,200,0,0,exact_dyadic_prefix_or_HiGHS_QUBO_MILP,300.0,1
51,269e149b1e241c55c6589bda9ad92b1acdfae9fe48fe989579dbb0b8603baca7,proven_maximal,maximize_sum_testing_e_values_at_maximum_cardinality,proven_optimal,16267.69680313002,2.0746252951040787,7841.269862813426,2,2,8,43;46,43;46,43;46;49;53;111;125;149;186,2,2,8,0,0,0,0.1,0.1,0.4,0.0,0.0,0.0,0,6,1.6139038000255823,11,10,715,45,8,,original_uniform_floor_plus_prior_scores,maximum_cardinality_certified_superset_of_eBH_then_maximum_testing_evalue_sum,200,2,2,exact_dyadic_prefix_or_HiGHS_QUBO_MILP,300.0,1
52,cf997796844d68ab6037062f866cf942f360601be8af2a61854e065f6a2c5759,proven_maximal,maximize_sum_testing_e_values_at_maximum_cardinality,proven_optimal,0.0,0.0,394.1939478776024,0,0,0,,,,0,0,0,0,0,0,0.0,0.0,0.0,0.0,0.0,0.0,0,0,0.590169400209561,3,3,300,46,0,,original_uniform_floor_plus_prior_scores,maximum_cardinality_certified_superset_of_eBH_then_maximum_testing_evalue_sum,200,0,0,exact_dyadic_prefix_or_HiGHS_QUBO_MILP,300.0,1
53,dcac0ecbae710de9d7e3a7bf0bcce0a092a1c0a62ec4211228d0005f2f3f9972,proven_maximal,maximize_sum_testing_e_values_at_maximum_cardinality,proven_optimal,24803.00042442807,2.2523185214041663,11012.208170700964,5,5,5,0;4;17;29;152,0;4;17;29;152,0;4;17;29;152,5,5,5,0,0,0,0.25,0.25,0.25,0.0,0.0,0.0,0,0,2.422377400100231,17,8,806,41,5,,original_uniform_floor_plus_prior_scores,maximum_cardinality_certified_superset_of_eBH_then_maximum_testing_evalue_sum,200,5,5,exact_dyadic_prefix_or_HiGHS_QUBO_MILP,300.0,1
54,cb720110a48f5ba97f40d0b9d1a7b8625cd798a93a12ea6338638c18d9b7858b,proven_maximal,maximize_sum_testing_e_values_at_maximum_cardinality,proven_optimal,184424.13520500646,2.0933272182633695,88100.95889261177,6,6,8,32;38;79;90;99;136,32;38;79;90;99;136,32;38;79;90;99;136;144;195,6,6,8,0,0,0,0.3,0.3,0.4,0.0,0.0,0.0,0,2,2.603679400170222,19,11,804,45,8,,original_uniform_floor_plus_prior_scores,maximum_cardinality_certified_superset_of_eBH_then_maximum_testing_evalue_sum,200,6,6,exact_dyadic_prefix_or_HiGHS_QUBO_MILP,300.0,1
55,37e9d7f2e9f363e281179a72e8e49ce53bd9164e0c7af3f572a13dd935a594b5,proven_maximal,maximize_sum_testing_e_values_at_maximum_cardinality,proven_optimal,22628.209606040058,1.9831317219631168,11410.341207007785,3,3,6,40;99;159,40;99;159,40;65;99;109;159;194,3,3,6,0,0,0,0.15,0.15,0.3,0.0,0.0,0.0,0,3,1.4198408999945968,9,6,503,37,6,,original_uniform_floor_plus_prior_scores,maximum_cardinality_certified_superset_of_eBH_then_maximum_testing_evalue_sum,200,3,3,exact_dyadic_prefix_or_HiGHS_QUBO_MILP,300.0,1
56,21231db30bc35ef28fc115263d90a18451ac7661c8f370af9bb85904daf63e5b,proven_maximal,maximize_sum_testing_e_values_at_maximum_cardinality,proven_optimal,17612.25503588454,3.203035919711862,5498.613027564455,5,5,8,27;68;93;115;144,27;68;93;115;144,27;33;68;87;93;115;144;158,5,5,7,0,0,1,0.25,0.25,0.35,0.0,0.0,0.125,0,3,1.0453913998790085,7,6,433,37,8,,original_uniform_floor_plus_prior_scores,maximum_cardinality_certified_superset_of_eBH_then_maximum_testing_evalue_sum,200,5,5,exact_dyadic_prefix_or_HiGHS_QUBO_MILP,300.0,1
57,a12779e0ca17469c19dd06d8a91588a25a29b3b8152e51c00804bd7262563e1e,proven_maximal,maximize_sum_testing_e_values_at_maximum_cardinality,proven_optimal,0.0,0.0,1338.1359228048602,0,0,0,,,,0,0,0,0,0,0,0.0,0.0,0.0,0.0,0.0,0.0,0,0,2.010367500130087,17,8,747,40,0,,original_uniform_floor_plus_prior_scores,maximum_cardinality_certified_superset_of_eBH_then_maximum_testing_evalue_sum,200,0,0,exact_dyadic_prefix_or_HiGHS_QUBO_MILP,300.0,1
58,8c8031c23d7a402dce218242778cbfe44689a0b22ae71521475940218cdc3884,proven_maximal,maximize_sum_testing_e_values_at_maximum_cardinality,proven_optimal,37658.896953523494,1.1336408454734912,33219.42492094521,3,3,3,109;126;131,109;126;131,109;126;131,3,3,3,0,0,0,0.15,0.15,0.15,0.0,0.0,0.0,0,0,0.9454548000358045,8,6,555,48,3,,original_uniform_floor_plus_prior_scores,maximum_cardinality_certified_superset_of_eBH_then_maximum_testing_evalue_sum,200,3,3,exact_dyadic_prefix_or_HiGHS_QUBO_MILP,300.0,1
59,480f9398cf85c8400cd326c341394afe68c910a4bd9a88f70aa3b817cfa526b3,proven_maximal,maximize_sum_testing_e_values_at_maximum_cardinality,proven_optimal,31870.807105056338,1.3544278647821135,23530.82650893585,3,3,3,145;157;174,145;157;174,145;157;174,3,3,3,0,0,0,0.15,0.15,0.15,0.0,0.0,0.0,0,0,2.375285000074655,16,12,723,41,3,,original_uniform_floor_plus_prior_scores,maximum_cardinality_certified_superset_of_eBH_then_maximum_testing_evalue_sum,200,3,3,exact_dyadic_prefix_or_HiGHS_QUBO_MILP,300.0,1
60,32a7f8a7fdd4154f2323e688d0e4a4d71d27443142560676763c930598999e86,proven_maximal,maximize_sum_testing_e_values_at_maximum_cardinality,proven_optimal,0.0,0.0,2034.9672037063417,0,0,0,,,,0,0,0,0,0,0,0.0,0.0,0.0,0.0,0.0,0.0,0,0,2.1955073000863194,16,8,630,41,0,,original_uniform_floor_plus_prior_scores,maximum_cardinality_certified_superset_of_eBH_then_maximum_testing_evalue_sum,200,0,0,exact_dyadic_prefix_or_HiGHS_QUBO_MILP,300.0,1
61,71e3aa0ebee51bb9c20b8d944542440b0130046033aa743663ea7e51ddab3c7f,proven_maximal,maximize_sum_testing_e_values_at_maximum_cardinality,proven_optimal,35342.76473261122,1.0,35342.76473261122,1,1,1,38,38,38,1,1,1,0,0,0,0.05,0.05,0.05,0.0,0.0,0.0,0,0,1.5316432998515666,11,8,634,50,1,,original_uniform_floor_plus_prior_scores,maximum_cardinality_certified_superset_of_eBH_then_maximum_testing_evalue_sum,200,1,1,exact_dyadic_prefix_or_HiGHS_QUBO_MILP,300.0,1
62,4571df0dd1d1a88f1ea79c7da3ff2b0f95ddced6ebc1cb3852d0573eaae6f65a,proven_maximal,maximize_sum_testing_e_values_at_maximum_cardinality,proven_optimal,24841.77095965568,2.2388965150904414,11095.542287112892,7,7,10,32;83;87;132;138;151;172,32;83;87;132;138;151;172,32;42;48;83;87;108;132;138;151;172,7,7,10,0,0,0,0.35,0.35,0.5,0.0,0.0,0.0,0,3,1.7950312001630664,12,8,621,42,10,,original_uniform_floor_plus_prior_scores,maximum_cardinality_certified_superset_of_eBH_then_maximum_testing_evalue_sum,200,7,7,exact_dyadic_prefix_or_HiGHS_QUBO_MILP,300.0,1
63,2d4a364060765f80a88af68d23904d423d84faf6583ecbce2a7b964334689e81,proven_maximal,maximize_sum_testing_e_values_at_maximum_cardinality,proven_optimal,17635.025837716195,4.000209637318912,4408.52541156714,7,7,11,14;19;41;79;147;148;176,14;19;41;79;147;148;176,14;19;41;65;79;116;139;147;148;176;178,7,7,11,0,0,0,0.35,0.35,0.55,0.0,0.0,0.0,0,4,2.2510615000501275,14,9,672,45,11,,original_uniform_floor_plus_prior_scores,maximum_cardinality_certified_superset_of_eBH_then_maximum_testing_evalue_sum,200,7,7,exact_dyadic_prefix_or_HiGHS_QUBO_MILP,300.0,1
64,c9ed2d4027287e0c40107eeb1787323f1f47ddfcf201aec9ee6ab0e0c88ae030,proven_maximal,maximize_sum_testing_e_values_at_maximum_cardinality,proven_optimal,0.0,0.0,1300.313613522335,0,0,0,,,,0,0,0,0,0,0,0.0,0.0,0.0,0.0,0.0,0.0,0,0,1.8984454998280853,16,12,615,42,0,,original_uniform_floor_plus_prior_scores,maximum_cardinality_certified_superset_of_eBH_then_maximum_testing_evalue_sum,200,0,0,exact_dyadic_prefix_or_HiGHS_QUBO_MILP,300.0,1
65,4981780e1016b5a5e719b0476c7d8d93a9e6cf5cbc285a022b1e984643f8070f,proven_maximal,maximize_sum_testing_e_values_at_maximum_cardinality,proven_optimal,11473.833888291609,2.1353397863571897,5373.305907377647,3,3,3,154;163;195,154;163;195,154;163;195,3,3,3,0,0,0,0.15,0.15,0.15,0.0,0.0,0.0,0,0,1.836038300069049,14,7,655,47,3,,original_uniform_floor_plus_prior_scores,maximum_cardinality_certified_superset_of_eBH_then_maximum_testing_evalue_sum,200,3,3,exact_dyadic_prefix_or_HiGHS_QUBO_MILP,300.0,1
66,d902d0c76bd9b4fb458cdac3c08bae1a61c7d4a646808cce5b5e117ebd3ebe50,proven_maximal,maximize_sum_testing_e_values_at_maximum_cardinality,proven_optimal,5958.896364554148,2.4263421580277345,2455.917581466692,3,3,3,108;128;141,108;128;141,108;128;141,3,3,3,0,0,0,0.15,0.15,0.15,0.0,0.0,0.0,0,0,1.7085951000917703,14,6,524,40,3,,original_uniform_floor_plus_prior_scores,maximum_cardinality_certified_superset_of_eBH_then_maximum_testing_evalue_sum,200,3,3,exact_dyadic_prefix_or_HiGHS_QUBO_MILP,300.0,1
67,19f27970c5c340ddd5ac80372c3449f76d3a74d07ecd6eddde13703fcc44b60a,proven_maximal,maximize_sum_testing_e_values_at_maximum_cardinality,proven_optimal,6391.059627721073,1.231722040379756,5188.719060146578,1,1,2,111,111,51;111,1,1,2,0,0,0,0.05,0.05,0.1,0.0,0.0,0.0,0,1,2.0891124999616295,16,8,716,53,2,,original_uniform_floor_plus_prior_scores,maximum_cardinality_certified_superset_of_eBH_then_maximum_testing_evalue_sum,200,1,1,exact_dyadic_prefix_or_HiGHS_QUBO_MILP,300.0,1
68,4b245388577343a5ea4ea14143392e0b0d64af27b68358ca97e309cabf2ccc55,proven_maximal,maximize_sum_testing_e_values_at_maximum_cardinality,proven_optimal,0.0,0.0,2919.6681211457444,0,0,0,,,,0,0,0,0,0,0,0.0,0.0,0.0,0.0,0.0,0.0,0,0,2.519491699989885,20,12,945,53,0,,original_uniform_floor_plus_prior_scores,maximum_cardinality_certified_superset_of_eBH_then_maximum_testing_evalue_sum,200,0,0,exact_dyadic_prefix_or_HiGHS_QUBO_MILP,300.0,1
69,970b20aeaa2738f8652456c9a459371ee0b68343dae14bc85b1d77ecf86a095a,proven_maximal,maximize_sum_testing_e_values_at_maximum_cardinality,proven_optimal,21700.11817902732,1.6293999138176336,13317.85892156126,4,4,6,46;115;139;148,46;115;139;148,46;53;66;115;139;148,4,4,6,0,0,0,0.2,0.2,0.3,0.0,0.0,0.0,0,2,1.5166279000695795,13,8,466,39,6,,original_uniform_floor_plus_prior_scores,maximum_cardinality_certified_superset_of_eBH_then_maximum_testing_evalue_sum,200,4,4,exact_dyadic_prefix_or_HiGHS_QUBO_MILP,300.0,1
70,052dd09fcd6f6a18653a282c06efb27f578f4413681299d7cc7e55ee6598d616,proven_maximal,maximize_sum_testing_e_values_at_maximum_cardinality,proven_optimal,30736.6085851994,1.3284154763462341,23137.797724052038,4,4,4,45;143;150;154,45;143;150;154,45;143;150;154,4,4,4,0,0,0,0.2,0.2,0.2,0.0,0.0,0.0,0,0,2.259288700064644,16,8,671,41,4,,original_uniform_floor_plus_prior_scores,maximum_cardinality_certified_superset_of_eBH_then_maximum_testing_evalue_sum,200,4,4,exact_dyadic_prefix_or_HiGHS_QUBO_MILP,300.0,1
71,8014f44e31ceefb939bef0c78b5a441a3ce62221855e26d4d0ce52a56e94f136,proven_maximal,maximize_sum_testing_e_values_at_maximum_cardinality,proven_optimal,52715.40958150031,1.4385722464776205,36644.25593540768,5,5,5,16;36;70;138;176,16;36;70;138;176,16;36;70;138;176,5,5,5,0,0,0,0.25,0.25,0.25,0.0,0.0,0.0,0,0,1.8954051998443902,15,5,545,38,5,,original_uniform_floor_plus_prior_scores,maximum_cardinality_certified_superset_of_eBH_then_maximum_testing_evalue_sum,200,5,5,exact_dyadic_prefix_or_HiGHS_QUBO_MILP,300.0,1
72,f2f92661d14942a23033568e6433cc1423fb869207970234d6f0a12404c3eab2,proven_maximal,maximize_sum_testing_e_values_at_maximum_cardinality,proven_optimal,0.0,0.0,1020.5241602491516,0,0,0,,,,0,0,0,0,0,0,0.0,0.0,0.0,0.0,0.0,0.0,0,0,0.4110268000513315,3,3,300,43,0,,original_uniform_floor_plus_prior_scores,maximum_cardinality_certified_superset_of_eBH_then_maximum_testing_evalue_sum,200,0,0,exact_dyadic_prefix_or_HiGHS_QUBO_MILP,300.0,1
73,e02808baef4db4be09c38d6423ccea2497a9c6cf8025fbde314a1906c87aa965,proven_maximal,maximize_sum_testing_e_values_at_maximum_cardinality,proven_optimal,8596.78845233738,1.7954620898789826,4788.064588385054,2,2,3,13;142,13;142,13;68;142,2,2,3,0,0,0,0.1,0.1,0.15,0.0,0.0,0.0,0,1,1.1005975999869406,10,7,567,41,3,,original_uniform_floor_plus_prior_scores,maximum_cardinality_certified_superset_of_eBH_then_maximum_testing_evalue_sum,200,2,2,exact_dyadic_prefix_or_HiGHS_QUBO_MILP,300.0,1
74,161862e9eb501ab88d130fce7d93bf4e1833907ad73bc1b7c15bb18a7eba5622,proven_maximal,maximize_sum_testing_e_values_at_maximum_cardinality,proven_optimal,6453.300386376943,1.8724975652455202,3446.35982772602,2,2,2,136;155,136;155,136;155,2,2,2,0,0,0,0.1,0.1,0.1,0.0,0.0,0.0,0,0,1.3942134999670088,9,7,602,45,2,,original_uniform_floor_plus_prior_scores,maximum_cardinality_certified_superset_of_eBH_then_maximum_testing_evalue_sum,200,2,2,exact_dyadic_prefix_or_HiGHS_QUBO_MILP,300.0,1
75,e60f706999eee2a636a9503c396296bd72a7eb8ad8d76337429e9f8dec81d38c,proven_maximal,maximize_sum_testing_e_values_at_maximum_cardinality,proven_optimal,7992.754219991082,1.0,7992.754219991082,1,1,1,189,189,189,1,1,1,0,0,0,0.05,0.05,0.05,0.0,0.0,0.0,0,0,2.151118600042537,12,7,764,41,1,,original_uniform_floor_plus_prior_scores,maximum_cardinality_certified_superset_of_eBH_then_maximum_testing_evalue_sum,200,1,1,exact_dyadic_prefix_or_HiGHS_QUBO_MILP,300.0,1
76,53976021c08ec45a07f4c082b22bed9a63e69d517710b8384c81500d9114671b,proven_maximal,maximize_sum_testing_e_values_at_maximum_cardinality,proven_optimal,31537.692283494453,1.743707693053089,18086.57059273194,4,4,9,31;73;87;108,31;73;87;108,4;31;33;73;87;104;108;109;131,4,4,9,0,0,0,0.2,0.2,0.45,0.0,0.0,0.0,0,5,1.357314300024882,10,9,633,29,9,,original_uniform_floor_plus_prior_scores,maximum_cardinality_certified_superset_of_eBH_then_maximum_testing_evalue_sum,200,4,4,exact_dyadic_prefix_or_HiGHS_QUBO_MILP,300.0,1
77,8d6b1f0223c251f8ed3bd53c62512b525b55bbc3ae57b5a2206d10ab4659105f,proven_maximal,maximize_sum_testing_e_values_at_maximum_cardinality,proven_optimal,8964.675872183494,2.2639139479098267,3959.812995745792,3,3,3,32;163;188,32;163;188,32;163;188,3,3,3,0,0,0,0.15,0.15,0.15,0.0,0.0,0.0,0,0,2.1294400000479072,15,7,645,49,3,,original_uniform_floor_plus_prior_scores,maximum_cardinality_certified_superset_of_eBH_then_maximum_testing_evalue_sum,200,3,3,exact_dyadic_prefix_or_HiGHS_QUBO_MILP,300.0,1
78,7ae190bec37571c98aeb983bd9f0109e7e6340edea66ec2f87c2a0d53beaabb4,proven_maximal,maximize_sum_testing_e_values_at_maximum_cardinality,proven_optimal,73105.71163945198,1.436795938626448,50881.067849718296,7,7,7,16;18;58;103;126;164;182,16;18;58;103;126;164;182,16;18;58;103;126;164;182,7,7,7,0,0,0,0.35,0.35,0.35,0.0,0.0,0.0,0,0,1.5890683000907302,12,7,637,37,7,,original_uniform_floor_plus_prior_scores,maximum_cardinality_certified_superset_of_eBH_then_maximum_testing_evalue_sum,200,7,7,exact_dyadic_prefix_or_HiGHS_QUBO_MILP,300.0,1
79,a3293e9c54e254e0af80d84a6b6c0c070974a77fecda01f9c003444f53006428,proven_maximal,maximize_sum_testing_e_values_at_maximum_cardinality,proven_optimal,9505.286021297088,1.987900411043191,4781.570529636842,4,4,5,11;36;113;181,11;36;113;181,11;36;113;158;181,3,3,4,1,1,1,0.15,0.15,0.2,0.25,0.25,0.2,0,1,1.4080310000572354,10,8,565,37,5,,original_uniform_floor_plus_prior_scores,maximum_cardinality_certified_superset_of_eBH_then_maximum_testing_evalue_sum,200,4,4,exact_dyadic_prefix_or_HiGHS_QUBO_MILP,300.0,1
80,02656fc98caf0da1b7c92f8987d985b535a56febbb84766dc2e099c4dc39d52e,proven_maximal,maximize_sum_testing_e_values_at_maximum_cardinality,proven_optimal,6154.65583116284,1.8686097539432533,3293.708500758338,0,0,3,,,18;53;163,0,0,3,0,0,0,0.0,0.0,0.15,0.0,0.0,0.0,0,3,1.8713740000966936,16,12,618,33,3,,original_uniform_floor_plus_prior_scores,maximum_cardinality_certified_superset_of_eBH_then_maximum_testing_evalue_sum,200,0,0,exact_dyadic_prefix_or_HiGHS_QUBO_MILP,300.0,1
81,8e9deb790b9fb77d1b1d3973c71b7eac65567eb73b0ddb83dbb840d1441742b2,proven_maximal,maximize_sum_testing_e_values_at_maximum_cardinality,proven_optimal,32611.333819229934,3.100203619675099,10519.09416925576,6,6,8,77;131;138;144;149;163,77;131;138;144;149;163,17;77;131;138;144;149;163;179,6,6,8,0,0,0,0.3,0.3,0.4,0.0,0.0,0.0,0,2,2.2015907000750303,16,9,612,40,8,,original_uniform_floor_plus_prior_scores,maximum_cardinality_certified_superset_of_eBH_then_maximum_testing_evalue_sum,200,6,6,exact_dyadic_prefix_or_HiGHS_QUBO_MILP,300.0,1
82,2fc4ec32f5eab5491702e402ef639e7fe4c31512066754a0ae2ed899a0aaf7f4,proven_maximal,maximize_sum_testing_e_values_at_maximum_cardinality,proven_optimal,0.0,0.0,444.7724065957037,0,0,0,,,,0,0,0,0,0,0,0.0,0.0,0.0,0.0,0.0,0.0,0,0,0.4685174999758601,3,3,300,31,0,,original_uniform_floor_plus_prior_scores,maximum_cardinality_certified_superset_of_eBH_then_maximum_testing_evalue_sum,200,0,0,exact_dyadic_prefix_or_HiGHS_QUBO_MILP,300.0,1
83,ab2ab1d430cbe6d1da886fca2720d573b331f9617df8a51eaa50bdb5bccbd3e6,proven_maximal,maximize_sum_testing_e_values_at_maximum_cardinality,proven_optimal,20249.36503971879,2.002030206728958,10114.415342815164,5,5,6,79;124;134;158;173,79;124;134;158;173,79;101;124;134;158;173,5,5,6,0,0,0,0.25,0.25,0.3,0.0,0.0,0.0,0,1,0.9704581000842154,8,6,437,35,6,,original_uniform_floor_plus_prior_scores,maximum_cardinality_certified_superset_of_eBH_then_maximum_testing_evalue_sum,200,5,5,exact_dyadic_prefix_or_HiGHS_QUBO_MILP,300.0,1
84,71eb9715e3e95459c8dab8ab70c8a483911ac22effee75c9af10be574be86b6d,proven_maximal,maximize_sum_testing_e_values_at_maximum_cardinality,proven_optimal,6288.812327197615,1.9666363591041462,3197.7504626540776,0,0,5,,,17;42;111;127;130,0,0,5,0,0,0,0.0,0.0,0.25,0.0,0.0,0.0,0,5,1.0413961000740528,10,7,567,32,5,,original_uniform_floor_plus_prior_scores,maximum_cardinality_certified_superset_of_eBH_then_maximum_testing_evalue_sum,200,0,0,exact_dyadic_prefix_or_HiGHS_QUBO_MILP,300.0,1
85,278c509cbe5c6a1c02d853c6ff8f3cf9256cf83feaad2aca2b964e021005333e,proven_maximal,maximize_sum_testing_e_values_at_maximum_cardinality,proven_optimal,0.0,0.0,3409.834264133847,0,0,0,,,,0,0,0,0,0,0,0.0,0.0,0.0,0.0,0.0,0.0,0,0,2.1526672998443246,16,10,878,43,0,,original_uniform_floor_plus_prior_scores,maximum_cardinality_certified_superset_of_eBH_then_maximum_testing_evalue_sum,200,0,0,exact_dyadic_prefix_or_HiGHS_QUBO_MILP,300.0,1
86,ae59e810a59f53633b27dbb7c065165c51b9ed1d5d338d71fb68dc952adb56bb,proven_maximal,maximize_sum_testing_e_values_at_maximum_cardinality,proven_optimal,607694.2269005269,1.0110409075281228,601058.001091438,3,3,5,2;50;182,2;50;182,2;50;55;75;182,3,3,5,0,0,0,0.15,0.15,0.25,0.0,0.0,0.0,0,2,2.1241155001334846,16,9,831,31,5,,original_uniform_floor_plus_prior_scores,maximum_cardinality_certified_superset_of_eBH_then_maximum_testing_evalue_sum,200,3,3,exact_dyadic_prefix_or_HiGHS_QUBO_MILP,300.0,1
87,cf2a00f8e5cdfce776c372e2b7a5071e853a8f04c60535e8f9d9e1c06f77fabd,proven_maximal,maximize_sum_testing_e_values_at_maximum_cardinality,proven_optimal,6848.566806623756,3.25136254811456,2106.368239553964,5,5,7,27;57;85;120;144,27;57;85;120;144,27;57;85;120;144;174;194,5,5,7,0,0,0,0.25,0.25,0.35,0.0,0.0,0.0,0,2,1.2869806999806315,10,7,536,45,7,,original_uniform_floor_plus_prior_scores,maximum_cardinality_certified_superset_of_eBH_then_maximum_testing_evalue_sum,200,5,5,exact_dyadic_prefix_or_HiGHS_QUBO_MILP,300.0,1
88,26929afb15f3a2e9208660cf592f2efdd8c2b7d620bc483c165e96d4d54d1645,proven_maximal,maximize_sum_testing_e_values_at_maximum_cardinality,proven_optimal,17074.204013261144,2.1248193044403676,8035.602828711181,5,5,5,41;44;52;64;130,41;44;52;64;130,41;44;52;64;130,5,5,5,0,0,0,0.25,0.25,0.25,0.0,0.0,0.0,0,0,1.4195587001740932,11,5,433,32,5,,original_uniform_floor_plus_prior_scores,maximum_cardinality_certified_superset_of_eBH_then_maximum_testing_evalue_sum,200,5,5,exact_dyadic_prefix_or_HiGHS_QUBO_MILP,300.0,1
89,1a8343b17bee6c1a48b735362690ebfeca5295d4340890e2f9592dfb3ed769f4,proven_maximal,maximize_sum_testing_e_values_at_maximum_cardinality,proven_optimal,14403.519573497531,1.9568551485828876,7360.544588048968,2,2,2,74;197,74;197,74;197,2,2,2,0,0,0,0.1,0.1,0.1,0.0,0.0,0.0,0,0,1.3947412001434714,13,7,564,35,2,,original_uniform_floor_plus_prior_scores,maximum_cardinality_certified_superset_of_eBH_then_maximum_testing_evalue_sum,200,2,2,exact_dyadic_prefix_or_HiGHS_QUBO_MILP,300.0,1
90,dfb24435ce9309b6e3cd343b140103847c50798279333053c5fb045ae0eb261a,proven_maximal,maximize_sum_testing_e_values_at_maximum_cardinality,proven_optimal,144319.78194483524,1.0119099923229065,142621.1649650179,1,1,2,96,96,96;182,1,1,2,0,0,0,0.05,0.05,0.1,0.0,0.0,0.0,0,1,2.4531323998235166,20,15,990,57,2,,original_uniform_floor_plus_prior_scores,maximum_cardinality_certified_superset_of_eBH_then_maximum_testing_evalue_sum,200,1,1,exact_dyadic_prefix_or_HiGHS_QUBO_MILP,300.0,1
91,e1c8c8d5c23b3a0132c2af90688fabb46272daf2e2d3b6c58cc0d2c6982d8a06,proven_maximal,maximize_sum_testing_e_values_at_maximum_cardinality,proven_optimal,22022.31362856454,1.1029096567395253,19967.468318001644,2,2,2,103;190,103;190,103;190,2,2,2,0,0,0,0.1,0.1,0.1,0.0,0.0,0.0,0,0,2.2529406999237835,17,7,638,41,2,,original_uniform_floor_plus_prior_scores,maximum_cardinality_certified_superset_of_eBH_then_maximum_testing_evalue_sum,200,2,2,exact_dyadic_prefix_or_HiGHS_QUBO_MILP,300.0,1
92,85d4d213b8271bf50cffccdb3e74e2453771d3e7d41a8129f80c2fe31e609d44,proven_maximal,maximize_sum_testing_e_values_at_maximum_cardinality,proven_optimal,10232.397208682,1.0,10232.397208682,1,1,1,67,67,67,1,1,1,0,0,0,0.05,0.05,0.05,0.0,0.0,0.0,0,0,2.2890438998583704,16,6,690,46,1,,original_uniform_floor_plus_prior_scores,maximum_cardinality_certified_superset_of_eBH_then_maximum_testing_evalue_sum,200,1,1,exact_dyadic_prefix_or_HiGHS_QUBO_MILP,300.0,1
93,3fe28017bd858bb33bfca9b4147b77c5c2b7c00da332d8107685958d2d0b126e,proven_maximal,maximize_sum_testing_e_values_at_maximum_cardinality,proven_optimal,4836.533026239808,1.0,4836.533026239808,1,1,1,107,107,107,1,1,1,0,0,0,0.05,0.05,0.05,0.0,0.0,0.0,0,0,1.354059100151062,10,7,792,48,1,,original_uniform_floor_plus_prior_scores,maximum_cardinality_certified_superset_of_eBH_then_maximum_testing_evalue_sum,200,1,1,exact_dyadic_prefix_or_HiGHS_QUBO_MILP,300.0,1
94,5996fe8b5a31c6ecfda62fecf7cf80adae538069075dbe430b9560bf806fa86b,proven_maximal,maximize_sum_testing_e_values_at_maximum_cardinality,proven_optimal,42917.391324629294,1.0164883572183838,42221.232559979886,1,1,2,32,32,32;88,1,1,2,0,0,0,0.05,0.05,0.1,0.0,0.0,0.0,0,1,1.9650803999975324,16,8,570,40,2,,original_uniform_floor_plus_prior_scores,maximum_cardinality_certified_superset_of_eBH_then_maximum_testing_evalue_sum,200,1,1,exact_dyadic_prefix_or_HiGHS_QUBO_MILP,300.0,1
95,836887a48fc15a9769086797c1793b917b32b0a47151c01d583d946609e8e5ad,proven_maximal,maximize_sum_testing_e_values_at_maximum_cardinality,proven_optimal,5555.612252360977,1.604006339256159,3463.5849724492573,0,0,3,,,26;108;111,0,0,3,0,0,0,0.0,0.0,0.15,0.0,0.0,0.0,0,3,1.3051976999267936,10,6,417,43,3,,original_uniform_floor_plus_prior_scores,maximum_cardinality_certified_superset_of_eBH_then_maximum_testing_evalue_sum,200,0,0,exact_dyadic_prefix_or_HiGHS_QUBO_MILP,300.0,1
96,386252f330ef8ddf4307967e7f449e75e862c13fbb1e43aadb6773bf2cd6f78c,proven_maximal,maximize_sum_testing_e_values_at_maximum_cardinality,proven_optimal,43633.606926347806,1.2919868141968456,33772.48625673655,6,6,8,55;130;137;143;156;172,55;130;137;143;156;172,55;89;130;137;143;152;156;172,6,6,8,0,0,0,0.3,0.3,0.4,0.0,0.0,0.0,0,2,1.9740039999596775,15,8,629,35,8,,original_uniform_floor_plus_prior_scores,maximum_cardinality_certified_superset_of_eBH_then_maximum_testing_evalue_sum,200,6,6,exact_dyadic_prefix_or_HiGHS_QUBO_MILP,300.0,1
97,de79b4760381ca606eb1c336f2e8319b65555e83781da14d37330dcbf321bcee,proven_maximal,maximize_sum_testing_e_values_at_maximum_cardinality,proven_optimal,14321.76320474001,3.3606884624247546,4261.556334325253,5,5,7,73;103;112;142;167,73;103;112;142;167,9;73;103;112;142;167;174,5,5,7,0,0,0,0.25,0.25,0.35,0.0,0.0,0.0,0,2,1.1001915999222547,9,7,536,52,7,,original_uniform_floor_plus_prior_scores,maximum_cardinality_certified_superset_of_eBH_then_maximum_testing_evalue_sum,200,5,5,exact_dyadic_prefix_or_HiGHS_QUBO_MILP,300.0,1
98,2c6a9db267b9475b2849f81d1d5b67545425ea43e13f6af7dbc2cb12da0f03cc,proven_maximal,maximize_sum_testing_e_values_at_maximum_cardinality,proven_optimal,19566.849610795707,1.2743837374329696,15353.969951162288,3,3,5,19;34;140,19;34;140,19;34;140;192;193,3,3,5,0,0,0,0.15,0.15,0.25,0.0,0.0,0.0,0,2,1.7784158999565989,14,7,604,40,5,,original_uniform_floor_plus_prior_scores,maximum_cardinality_certified_superset_of_eBH_then_maximum_testing_evalue_sum,200,3,3,exact_dyadic_prefix_or_HiGHS_QUBO_MILP,300.0,1
99,7ab116ef3678018b711fb430c71c1831c8c565db579a85f997d0782f2d204a79,proven_maximal,maximize_sum_testing_e_values_at_maximum_cardinality,proven_optimal,10843.893034167564,1.6061538941491804,6751.4657678004405,4,4,4,37;90;158;195,37;90;158;195,37;90;158;195,4,4,4,0,0,0,0.2,0.2,0.2,0.0,0.0,0.0,0,0,1.9656684000510722,14,5,516,41,4,,original_uniform_floor_plus_prior_scores,maximum_cardinality_certified_superset_of_eBH_then_maximum_testing_evalue_sum,200,4,4,exact_dyadic_prefix_or_HiGHS_QUBO_MILP,300.0,1
100,888a8ee56701f799cf303beae8f5db03d92bc9d2880f542db14d2d22459a5ade,proven_maximal,maximize_sum_testing_e_values_at_maximum_cardinality,proven_optimal,150161.30392152278,1.037100588679084,144789.52722684073,5,5,6,81;114;121;151;168,81;114;121;151;168,73;81;114;121;151;168,5,5,6,0,0,0,0.25,0.25,0.3,0.0,0.0,0.0,0,1,1.5072860000655055,13,7,540,38,6,,original_uniform_floor_plus_prior_scores,maximum_cardinality_certified_superset_of_eBH_then_maximum_testing_evalue_sum,200,5,5,exact_dyadic_prefix_or_HiGHS_QUBO_MILP,300.0,1
101,374b88118f835677f16a4782dab3315496bbd8021864dd9f13f4d7ba3125dfd6,proven_maximal,maximize_sum_testing_e_values_at_maximum_cardinality,proven_optimal,26223.78701171674,1.1144966830027994,23529.712929303416,2,2,2,4;194,4;194,4;194,2,2,2,0,0,0,0.1,0.1,0.1,0.0,0.0,0.0,0,0,1.8724885999690741,16,8,771,46,2,,original_uniform_floor_plus_prior_scores,maximum_cardinality_certified_superset_of_eBH_then_maximum_testing_evalue_sum,200,2,2,exact_dyadic_prefix_or_HiGHS_QUBO_MILP,300.0,1
102,02149d7b95736a366c412ed54fa7b9e6994cf3d16dedfdc870742c812da1d8a5,proven_maximal,maximize_sum_testing_e_values_at_maximum_cardinality,proven_optimal,271217.8134439777,1.1459532352391213,236674.4166374152,7,7,7,26;49;57;109;157;158;190,26;49;57;109;157;158;190,26;49;57;109;157;158;190,7,7,7,0,0,0,0.35,0.35,0.35,0.0,0.0,0.0,0,0,2.3247751998715103,18,9,740,43,7,,original_uniform_floor_plus_prior_scores,maximum_cardinality_certified_superset_of_eBH_then_maximum_testing_evalue_sum,200,7,7,exact_dyadic_prefix_or_HiGHS_QUBO_MILP,300.0,1
103,a6de47fab9acd0464412c3cf6377ddbfd408a42ea0bd59a0983c3bce0942f2de,proven_maximal,maximize_sum_testing_e_values_at_maximum_cardinality,proven_optimal,0.0,0.0,2549.6119975617084,0,0,0,,,,0,0,0,0,0,0,0.0,0.0,0.0,0.0,0.0,0.0,0,0,1.743254099972546,13,8,748,53,0,,original_uniform_floor_plus_prior_scores,maximum_cardinality_certified_superset_of_eBH_then_maximum_testing_evalue_sum,200,0,0,exact_dyadic_prefix_or_HiGHS_QUBO_MILP,300.0,1
104,d816bb97b9885f7e68c1be3fb63588a5738637911ad251e05d8a84eb17252e04,proven_maximal,maximize_sum_testing_e_values_at_maximum_cardinality,proven_optimal,44448.00203860222,1.2328993604454226,36051.60604718298,2,2,12,11;146,11;146,9;11;21;50;63;76;95;111;146;160;162;190,2,2,12,0,0,0,0.1,0.1,0.6,0.0,0.0,0.0,0,10,4.725725999800488,12,12,587,48,12,,original_uniform_floor_plus_prior_scores,maximum_cardinality_certified_superset_of_eBH_then_maximum_testing_evalue_sum,200,2,2,exact_dyadic_prefix_or_HiGHS_QUBO_MILP,300.0,1
105,0e169d8070a7ec9184b20f2e77a0a9b78f7912d4aec67aad8de51a859938761c,proven_maximal,maximize_sum_testing_e_values_at_maximum_cardinality,proven_optimal,135214.64421674155,1.163847784850394,116178.97630326512,6,6,9,97;102;125;161;174;182,97;102;125;161;174;182,51;97;102;125;126;161;163;174;182,6,6,9,0,0,0,0.3,0.3,0.45,0.0,0.0,0.0,0,3,1.5672665000893176,11,7,611,38,9,,original_uniform_floor_plus_prior_scores,maximum_cardinality_certified_superset_of_eBH_then_maximum_testing_evalue_sum,200,6,6,exact_dyadic_prefix_or_HiGHS_QUBO_MILP,300.0,1
106,f514c06f7b3c3c750688317904755f3bd70695cd2463edc9731dd9da8942294d,proven_maximal,maximize_sum_testing_e_values_at_maximum_cardinality,proven_optimal,44969.04707892428,1.0,44969.04707892428,1,1,1,14,14,14,1,1,1,0,0,0,0.05,0.05,0.05,0.0,0.0,0.0,0,0,2.328193699941039,20,10,825,45,1,,original_uniform_floor_plus_prior_scores,maximum_cardinality_certified_superset_of_eBH_then_maximum_testing_evalue_sum,200,1,1,exact_dyadic_prefix_or_HiGHS_QUBO_MILP,300.0,1
107,a7d067ab3eadb82c0ec161a1a78f66d43d7bca00010dec32a87c50657a703233,proven_maximal,maximize_sum_testing_e_values_at_maximum_cardinality,proven_optimal,3333.469590026858,1.0,3333.469590026858,0,0,1,,,111,0,0,1,0,0,0,0.0,0.0,0.05,0.0,0.0,0.0,0,1,2.1134667000733316,16,8,667,45,1,,original_uniform_floor_plus_prior_scores,maximum_cardinality_certified_superset_of_eBH_then_maximum_testing_evalue_sum,200,0,0,exact_dyadic_prefix_or_HiGHS_QUBO_MILP,300.0,1
108,731e4ebe87a28174131e54ea120abc09d0292650c9d90f3c27ec53b9d7263754,proven_maximal,maximize_sum_testing_e_values_at_maximum_cardinality,proven_optimal,27870.865443510127,2.5650509843667426,10865.618505587272,7,7,9,12;21;32;80;147;154;191,12;21;32;80;147;154;191,9;12;21;32;50;80;147;154;191,7,7,9,0,0,0,0.35,0.35,0.45,0.0,0.0,0.0,0,2,2.1278784999158233,15,7,604,49,9,,original_uniform_floor_plus_prior_scores,maximum_cardinality_certified_superset_of_eBH_then_maximum_testing_evalue_sum,200,7,7,exact_dyadic_prefix_or_HiGHS_QUBO_MILP,300.0,1
109,f93195f768dcebe2043232e807f7a7e8dda07d0cc17a6f61faad69bce75c1db2,proven_maximal,maximize_sum_testing_e_values_at_maximum_cardinality,proven_optimal,23459.44370205195,2.246719877024564,10441.641586898846,7,7,9,33;84;92;99;114;134;158,33;84;92;99;114;134;158,15;33;84;92;99;114;134;158;194,7,7,9,0,0,0,0.35,0.35,0.45,0.0,0.0,0.0,0,2,1.6505479000043124,11,6,487,35,9,,original_uniform_floor_plus_prior_scores,maximum_cardinality_certified_superset_of_eBH_then_maximum_testing_evalue_sum,200,7,7,exact_dyadic_prefix_or_HiGHS_QUBO_MILP,300.0,1
110,2ed47d237ede9d35ec6714415110e4fcc4077869eacba6f31f9325b689f93abb,proven_maximal,maximize_sum_testing_e_values_at_maximum_cardinality,proven_optimal,28139.93567707701,1.8373688806690904,15315.343572614369,3,3,4,2;139;158,2;139;158,2;23;139;158,3,3,4,0,0,0,0.15,0.15,0.2,0.0,0.0,0.0,0,1,2.027690199902281,16,8,655,51,4,,original_uniform_floor_plus_prior_scores,maximum_cardinality_certified_superset_of_eBH_then_maximum_testing_evalue_sum,200,3,3,exact_dyadic_prefix_or_HiGHS_QUBO_MILP,300.0,1
111,f56c4c3dc37c7fe0db369a3ca541b597960dfb8bace6e394a8c87f2f52b7745f,proven_maximal,maximize_sum_testing_e_values_at_maximum_cardinality,proven_optimal,45843.14448104112,1.3091582624547142,35017.26704537902,3,3,5,16;137;146,16;137;146,8;16;137;146;189,3,3,5,0,0,0,0.15,0.15,0.25,0.0,0.0,0.0,0,2,1.151433400111273,9,8,536,33,5,,original_uniform_floor_plus_prior_scores,maximum_cardinality_certified_superset_of_eBH_then_maximum_testing_evalue_sum,200,3,3,exact_dyadic_prefix_or_HiGHS_QUBO_MILP,300.0,1
112,e85ec04994b5f3c81f316e5d87e077e9b62dc2cf0eb34f60f1bd97e84ae0073a,proven_maximal,maximize_sum_testing_e_values_at_maximum_cardinality,proven_optimal,250967.28091989778,1.2251278466850055,204849.8706473565,7,7,8,10;36;65;106;139;162;165,10;36;65;106;139;162;165,10;36;65;106;139;152;162;165,7,7,8,0,0,0,0.35,0.35,0.4,0.0,0.0,0.0,0,1,1.672850999981165,13,7,640,45,8,,original_uniform_floor_plus_prior_scores,maximum_cardinality_certified_superset_of_eBH_then_maximum_testing_evalue_sum,200,7,7,exact_dyadic_prefix_or_HiGHS_QUBO_MILP,300.0,1
113,52e12b476d2a49eceb189d2aa1f9c44fbf2d471ca9d7c0130942aac3d62024b3,proven_maximal,maximize_sum_testing_e_values_at_maximum_cardinality,proven_optimal,58127.120261963486,2.4967111708101544,23281.4756234306,7,7,13,16;31;37;106;109;120;154,16;31;37;106;109;120;154,4;16;21;31;37;42;106;109;116;120;125;154;170,7,7,13,0,0,0,0.35,0.35,0.65,0.0,0.0,0.0,0,6,6.526498300023377,9,8,541,38,13,,original_uniform_floor_plus_prior_scores,maximum_cardinality_certified_superset_of_eBH_then_maximum_testing_evalue_sum,200,7,7,exact_dyadic_prefix_or_HiGHS_QUBO_MILP,300.0,1
114,da24ac6b178d37c946a034816d2ce73385875f54a349fbe6ca12c2e46df7ca5e,proven_maximal,maximize_sum_testing_e_values_at_maximum_cardinality,proven_optimal,82206.05328781284,1.0596766289359494,77576.54650773814,4,4,4,35;54;57;168,35;54;57;168,35;54;57;168,4,4,4,0,0,0,0.2,0.2,0.2,0.0,0.0,0.0,0,0,1.9512775000184774,15,7,615,54,4,,original_uniform_floor_plus_prior_scores,maximum_cardinality_certified_superset_of_eBH_then_maximum_testing_evalue_sum,200,4,4,exact_dyadic_prefix_or_HiGHS_QUBO_MILP,300.0,1
115,48981f07d690622d845c042420cca81f212f027acb1e84b6228d27e437c62475,proven_maximal,maximize_sum_testing_e_values_at_maximum_cardinality,proven_optimal,173569.0640713619,1.1086609339984568,156557.39166832002,6,6,12,20;35;110;111;160;178,20;35;110;111;160;178,20;21;35;49;78;110;111;115;122;158;160;178,6,6,12,0,0,0,0.3,0.3,0.6,0.0,0.0,0.0,0,6,1.8290007999166846,8,6,555,39,12,,original_uniform_floor_plus_prior_scores,maximum_cardinality_certified_superset_of_eBH_then_maximum_testing_evalue_sum,200,6,6,exact_dyadic_prefix_or_HiGHS_QUBO_MILP,300.0,1
116,9b9d85bf1d5a3679779664cb3d42aa3f6ec538d52ac804a651e7ebb6d7e06374,proven_maximal,maximize_sum_testing_e_values_at_maximum_cardinality,proven_optimal,30547.61963121753,1.8033695920328365,16939.189706965684,9,9,9,5;109;112;117;119;145;152;155;199,5;109;112;117;119;145;152;155;199,5;109;112;117;119;145;152;155;199,9,9,9,0,0,0,0.45,0.45,0.45,0.0,0.0,0.0,0,0,0.7486876000184566,7,5,502,38,9,,original_uniform_floor_plus_prior_scores,maximum_cardinality_certified_superset_of_eBH_then_maximum_testing_evalue_sum,200,9,9,exact_dyadic_prefix_or_HiGHS_QUBO_MILP,300.0,1
117,f8b7269199a6c85e41b584eb74fe6ec3c62696f151686e2a8e93ef4fae87413c,proven_maximal,maximize_sum_testing_e_values_at_maximum_cardinality,proven_optimal,164120.2023885106,1.141984808609073,143714.87357034767,3,3,7,10;102;167,10;102;167,10;100;102;110;134;167;189,3,3,7,0,0,0,0.15,0.15,0.35,0.0,0.0,0.0,0,4,1.2995583000592887,12,7,603,42,7,,original_uniform_floor_plus_prior_scores,maximum_cardinality_certified_superset_of_eBH_then_maximum_testing_evalue_sum,200,3,3,exact_dyadic_prefix_or_HiGHS_QUBO_MILP,300.0,1
118,8af4d9fa868a0e851d91a531e9a1541016c27d74bc4cf46b84cd461a2fb66dcb,proven_maximal,maximize_sum_testing_e_values_at_maximum_cardinality,proven_optimal,4265.245247278485,2.328541518337207,1831.7239412266367,0,0,3,,,1;50;105,0,0,3,0,0,0,0.0,0.0,0.15,0.0,0.0,0.0,0,3,1.6538021999876946,14,11,800,56,3,,original_uniform_floor_plus_prior_scores,maximum_cardinality_certified_superset_of_eBH_then_maximum_testing_evalue_sum,200,0,0,exact_dyadic_prefix_or_HiGHS_QUBO_MILP,300.0,1
119,fc38b074603ad6650512db04236aee7bb0145135eba28a547b379441dad8e703,proven_maximal,maximize_sum_testing_e_values_at_maximum_cardinality,proven_optimal,12169.292019854895,1.7080463565694082,7124.684861772007,3,3,4,17;82;158,17;82;158,17;82;158;164,3,3,4,0,0,0,0.15,0.15,0.2,0.0,0.0,0.0,0,1,2.4140373000409454,21,13,727,47,4,,original_uniform_floor_plus_prior_scores,maximum_cardinality_certified_superset_of_eBH_then_maximum_testing_evalue_sum,200,3,3,exact_dyadic_prefix_or_HiGHS_QUBO_MILP,300.0,1
120,20058309899d282aa1df7de9b91acab170295c48eb2b294098be2157401170f1,proven_maximal,maximize_sum_testing_e_values_at_maximum_cardinality,proven_optimal,25792.82676208891,1.6224658361397384,15897.300385354583,4,4,10,80;117;167;171,80;117;167;171,62;80;84;117;159;167;171;180;191;194,4,4,10,0,0,0,0.2,0.2,0.5,0.0,0.0,0.0,0,6,1.9554342001210898,11,10,696,40,10,,original_uniform_floor_plus_prior_scores,maximum_cardinality_certified_superset_of_eBH_then_maximum_testing_evalue_sum,200,4,4,exact_dyadic_prefix_or_HiGHS_QUBO_MILP,300.0,1
121,c1b9d1aa4fcf1d9ac9b531373784f40642136aa2a1a1ee697a73ad5c7b3f6bab,proven_maximal,maximize_sum_testing_e_values_at_maximum_cardinality,proven_optimal,27954.124953412927,1.1005800474849161,25399.44733442576,2,2,2,29;33,29;33,29;33,2,2,2,0,0,0,0.1,0.1,0.1,0.0,0.0,0.0,0,0,1.792167800012976,14,6,608,39,2,,original_uniform_floor_plus_prior_scores,maximum_cardinality_certified_superset_of_eBH_then_maximum_testing_evalue_sum,200,2,2,exact_dyadic_prefix_or_HiGHS_QUBO_MILP,300.0,1
122,9abee9b0c4913a1bd1d87bab787cc4ac30e2cdd4ea6d14ab77b367fb29c64d45,proven_maximal,maximize_sum_testing_e_values_at_maximum_cardinality,proven_optimal,4317.750803357539,1.4702287127785374,2936.788518568354,0,0,3,,,94;168;172,0,0,3,0,0,0,0.0,0.0,0.15,0.0,0.0,0.0,0,3,1.6647196998819709,14,11,699,39,3,,original_uniform_floor_plus_prior_scores,maximum_cardinality_certified_superset_of_eBH_then_maximum_testing_evalue_sum,200,0,0,exact_dyadic_prefix_or_HiGHS_QUBO_MILP,300.0,1
123,6039903b68ab851f224c1d6ff7ea4e5d634215850e262b830501dd6a91bbf491,proven_maximal,maximize_sum_testing_e_values_at_maximum_cardinality,proven_optimal,29752.266079441833,1.584579443725724,18776.12775885011,8,8,10,5;65;71;83;102;108;111;153,5;65;71;83;102;108;111;153,5;65;71;83;102;108;111;143;153;180,8,8,10,0,0,0,0.4,0.4,0.5,0.0,0.0,0.0,0,2,2.4756342999171466,15,9,606,49,10,,original_uniform_floor_plus_prior_scores,maximum_cardinality_certified_superset_of_eBH_then_maximum_testing_evalue_sum,200,8,8,exact_dyadic_prefix_or_HiGHS_QUBO_MILP,300.0,1
124,e431819a8fe6d23f3585e38c912d3c1cfad508aab7bf28c18251482afb5ac2d0,proven_maximal,maximize_sum_testing_e_values_at_maximum_cardinality,proven_optimal,20489.718060886382,1.9995335890864603,10247.248744767348,5,5,6,20;32;45;158;160,20;32;45;158;160,20;32;45;92;158;160,5,5,6,0,0,0,0.25,0.25,0.3,0.0,0.0,0.0,0,1,1.9573603000026196,15,7,638,36,6,,original_uniform_floor_plus_prior_scores,maximum_cardinality_certified_superset_of_eBH_then_maximum_testing_evalue_sum,200,5,5,exact_dyadic_prefix_or_HiGHS_QUBO_MILP,300.0,1
125,65b5d83153a797ebfd40b2ca22a33aafe5a4c1574b9a42a28e6ba09a010ddfe9,proven_maximal,maximize_sum_testing_e_values_at_maximum_cardinality,proven_optimal,13034.724435634364,1.0,13034.724435634364,1,1,1,177,177,177,1,1,1,0,0,0,0.05,0.05,0.05,0.0,0.0,0.0,0,0,0.8414382999762893,6,6,503,33,1,,original_uniform_floor_plus_prior_scores,maximum_cardinality_certified_superset_of_eBH_then_maximum_testing_evalue_sum,200,1,1,exact_dyadic_prefix_or_HiGHS_QUBO_MILP,300.0,1
126,a872323562f2d839dff6bcd61eb21beeaf4054be1ea252f5979cc6474dc74f58,proven_maximal,maximize_sum_testing_e_values_at_maximum_cardinality,proven_optimal,57093.8836194042,1.1247169283516627,50762.89169318236,6,6,7,21;37;71;81;94;155,21;37;71;81;94;155,21;37;46;71;81;94;155,6,6,7,0,0,0,0.3,0.3,0.35,0.0,0.0,0.0,0,1,1.4935211001429707,11,7,602,41,7,,original_uniform_floor_plus_prior_scores,maximum_cardinality_certified_superset_of_eBH_then_maximum_testing_evalue_sum,200,6,6,exact_dyadic_prefix_or_HiGHS_QUBO_MILP,300.0,1
127,df4ace223f20aee78d9232920479a1d8dc5e8c53d31261a70aea2ee5a1d23b2d,proven_maximal,maximize_sum_testing_e_values_at_maximum_cardinality,proven_optimal,690704.5541987227,1.0583188611688088,652643.1489994496,9,9,14,22;75;94;133;147;154;158;186;193,22;75;94;133;147;154;158;186;193,22;48;75;80;94;116;119;133;147;154;158;160;186;193,9,9,14,0,0,0,0.45,0.45,0.7,0.0,0.0,0.0,0,5,3.921977500198409,10,6,505,51,14,,original_uniform_floor_plus_prior_scores,maximum_cardinality_certified_superset_of_eBH_then_maximum_testing_evalue_sum,200,9,9,exact_dyadic_prefix_or_HiGHS_QUBO_MILP,300.0,1
128,6e12e86e424283932c104ecb9e1ed2a0bf833c014378af64662c5bfbee98c255,proven_maximal,maximize_sum_testing_e_values_at_maximum_cardinality,proven_optimal,0.0,0.0,2159.682900898169,0,0,0,,,,0,0,0,0,0,0,0.0,0.0,0.0,0.0,0.0,0.0,0,0,1.4971872998867184,12,5,503,42,0,,original_uniform_floor_plus_prior_scores,maximum_cardinality_certified_superset_of_eBH_then_maximum_testing_evalue_sum,200,0,0,exact_dyadic_prefix_or_HiGHS_QUBO_MILP,300.0,1
129,b3150dbcb9dcf8b7295162b66b8cb3f30a5651acdf7a9a0bb5b57b2ce403d0b2,proven_maximal,maximize_sum_testing_e_values_at_maximum_cardinality,proven_optimal,17649.719065247944,2.5933460270931423,6805.770954148896,4,4,5,84;101;143;195,84;101;143;195,69;84;101;143;195,4,4,5,0,0,0,0.2,0.2,0.25,0.0,0.0,0.0,0,1,1.6186612001620233,11,9,732,46,5,,original_uniform_floor_plus_prior_scores,maximum_cardinality_certified_superset_of_eBH_then_maximum_testing_evalue_sum,200,4,4,exact_dyadic_prefix_or_HiGHS_QUBO_MILP,300.0,1
130,b9b641a97f40f9d0b6646884e986c46db1de42132f0944b703d1261070716e5b,proven_maximal,maximize_sum_testing_e_values_at_maximum_cardinality,proven_optimal,47542.09338138633,1.4301837631351924,33241.947368474124,6,6,6,5;59;103;142;172;180,5;59;103;142;172;180,5;59;103;142;172;180,6,6,6,0,0,0,0.3,0.3,0.3,0.0,0.0,0.0,0,0,1.9525601000059396,16,6,634,46,6,,original_uniform_floor_plus_prior_scores,maximum_cardinality_certified_superset_of_eBH_then_maximum_testing_evalue_sum,200,6,6,exact_dyadic_prefix_or_HiGHS_QUBO_MILP,300.0,1
131,0876fc3fc1d206040e5897de398386e400753bfbecd25ec75aa14b9a9026baf7,proven_maximal,maximize_sum_testing_e_values_at_maximum_cardinality,proven_optimal,0.0,0.0,1456.4174276179804,0,0,0,,,,0,0,0,0,0,0,0.0,0.0,0.0,0.0,0.0,0.0,0,0,1.60893000010401,13,8,703,40,0,,original_uniform_floor_plus_prior_scores,maximum_cardinality_certified_superset_of_eBH_then_maximum_testing_evalue_sum,200,0,0,exact_dyadic_prefix_or_HiGHS_QUBO_MILP,300.0,1
132,45863315dd78dbb1516a474b50011b085cbea6faf4bb1f9a9ee984de498c5d8e,proven_maximal,maximize_sum_testing_e_values_at_maximum_cardinality,proven_optimal,29627.31774156117,1.0,29627.31774156117,1,1,1,41,41,41,1,1,1,0,0,0,0.05,0.05,0.05,0.0,0.0,0.0,0,0,1.5478288999293,12,9,724,42,1,,original_uniform_floor_plus_prior_scores,maximum_cardinality_certified_superset_of_eBH_then_maximum_testing_evalue_sum,200,1,1,exact_dyadic_prefix_or_HiGHS_QUBO_MILP,300.0,1
133,c7fe8ae6ee26a249717dc9b734678a4ab1c927a7a4a6584787ac4c423016f715,proven_maximal,maximize_sum_testing_e_values_at_maximum_cardinality,proven_optimal,97859.06989669087,1.3248065768799007,73866.68484629829,9,9,10,17;83;93;112;132;134;137;171;174,17;83;93;112;132;134;137;171;174,17;83;93;112;113;132;134;137;171;174,9,9,10,0,0,0,0.45,0.45,0.5,0.0,0.0,0.0,0,1,1.7732873999048024,13,6,553,39,10,,original_uniform_floor_plus_prior_scores,maximum_cardinality_certified_superset_of_eBH_then_maximum_testing_evalue_sum,200,9,9,exact_dyadic_prefix_or_HiGHS_QUBO_MILP,300.0,1
134,5cd72aca4d201eceaf890fbd31b38b3fe6b710bb2f9c0cdd07875b7936256ba1,proven_maximal,maximize_sum_testing_e_values_at_maximum_cardinality,proven_optimal,15761.284854299436,2.360545193100095,6676.968058213789,3,3,7,35;87;181,35;87;181,22;35;38;46;87;101;181,3,3,7,0,0,0,0.15,0.15,0.35,0.0,0.0,0.0,0,4,1.4170234000775963,11,7,593,43,7,,original_uniform_floor_plus_prior_scores,maximum_cardinality_certified_superset_of_eBH_then_maximum_testing_evalue_sum,200,3,3,exact_dyadic_prefix_or_HiGHS_QUBO_MILP,300.0,1
135,4cff916fc2ef0482a4bf77b80599419ad04307eadc5b03cc907f13370500e14d,proven_maximal,maximize_sum_testing_e_values_at_maximum_cardinality,proven_optimal,5313.818166130901,1.983790414733002,2678.6187324360503,0,0,3,,,5;12;108,0,0,3,0,0,0,0.0,0.0,0.15,0.0,0.0,0.0,0,3,1.6627612998709083,13,7,686,39,3,,original_uniform_floor_plus_prior_scores,maximum_cardinality_certified_superset_of_eBH_then_maximum_testing_evalue_sum,200,0,0,exact_dyadic_prefix_or_HiGHS_QUBO_MILP,300.0,1
136,c18358a3303736676867463c4781c6280b33a8194b0930b5e87bbc73d39a5947,proven_maximal,maximize_sum_testing_e_values_at_maximum_cardinality,proven_optimal,12821.214442193153,1.5198588982091843,8435.792597128657,2,2,2,94;148,94;148,94;148,2,2,2,0,0,0,0.1,0.1,0.1,0.0,0.0,0.0,0,0,1.4388391999527812,12,9,615,52,2,,original_uniform_floor_plus_prior_scores,maximum_cardinality_certified_superset_of_eBH_then_maximum_testing_evalue_sum,200,2,2,exact_dyadic_prefix_or_HiGHS_QUBO_MILP,300.0,1
137,02d6a2ee221d857bfb0b1c1c3517fdaa833fc794ea0ca5bf90eb5d459c57c2dd,proven_maximal,maximize_sum_testing_e_values_at_maximum_cardinality,proven_optimal,25528.870170351678,1.8339750623399387,13919.965813373608,6,6,6,22;49;108;109;191;199,22;49;108;109;191;199,22;49;108;109;191;199,6,6,6,0,0,0,0.3,0.3,0.3,0.0,0.0,0.0,0,0,1.4508885000832379,12,8,738,47,6,,original_uniform_floor_plus_prior_scores,maximum_cardinality_certified_superset_of_eBH_then_maximum_testing_evalue_sum,200,6,6,exact_dyadic_prefix_or_HiGHS_QUBO_MILP,300.0,1
138,27877b6bf778e3a51cbd41dd153517c23e509946694213ed0b3d31afc01f7bda,proven_maximal,maximize_sum_testing_e_values_at_maximum_cardinality,proven_optimal,49424.225360837074,1.2411282226341231,39822.01392209178,3,3,3,6;81;124,6;81;124,6;81;124,3,3,3,0,0,0,0.15,0.15,0.15,0.0,0.0,0.0,0,0,1.8256733000744134,14,7,702,40,3,,original_uniform_floor_plus_prior_scores,maximum_cardinality_certified_superset_of_eBH_then_maximum_testing_evalue_sum,200,3,3,exact_dyadic_prefix_or_HiGHS_QUBO_MILP,300.0,1
139,d8ba2aa726e3b88594d04d35acb1652ed869568d12e371221f59fa9dac8207a2,proven_maximal,maximize_sum_testing_e_values_at_maximum_cardinality,proven_optimal,0.0,0.0,684.4266699709526,0,0,0,,,,0,0,0,0,0,0,0.0,0.0,0.0,0.0,0.0,0.0,0,0,0.47532999981194735,3,3,300,41,0,,original_uniform_floor_plus_prior_scores,maximum_cardinality_certified_superset_of_eBH_then_maximum_testing_evalue_sum,200,0,0,exact_dyadic_prefix_or_HiGHS_QUBO_MILP,300.0,1
140,110ec0e7d8868caf7c5b986fca3b7b91a6316b7734b7a22eb7defb917abc58ba,proven_maximal,maximize_sum_testing_e_values_at_maximum_cardinality,proven_optimal,11137.591724501164,1.761470432298088,6322.894509203084,1,1,10,3,3,3;46;49;65;103;122;164;168;174;189,1,1,10,0,0,0,0.05,0.05,0.5,0.0,0.0,0.0,0,9,1.2408968000672758,8,7,614,45,10,,original_uniform_floor_plus_prior_scores,maximum_cardinality_certified_superset_of_eBH_then_maximum_testing_evalue_sum,200,1,1,exact_dyadic_prefix_or_HiGHS_QUBO_MILP,300.0,1
141,0e89b6f1926560033a25e86a0559ee413064d5194482c2fcbcdaf53488addfe7,proven_maximal,maximize_sum_testing_e_values_at_maximum_cardinality,proven_optimal,11852.25858515994,2.5445259082092693,4657.943763481293,3,3,3,19;61;145,19;61;145,19;61;145,3,3,3,0,0,0,0.15,0.15,0.15,0.0,0.0,0.0,0,0,3.0217112000100315,27,17,736,47,3,,original_uniform_floor_plus_prior_scores,maximum_cardinality_certified_superset_of_eBH_then_maximum_testing_evalue_sum,200,3,3,exact_dyadic_prefix_or_HiGHS_QUBO_MILP,300.0,1
142,d10ec7bad33cd9adedb50e44109f9778199408d8eeb8242832ce5bcc33968580,proven_maximal,maximize_sum_testing_e_values_at_maximum_cardinality,proven_optimal,8739.745789589506,2.6141668057643384,3343.22422361038,6,6,6,32;65;93;168;181;187,32;65;93;168;181;187,32;65;93;168;181;187,6,6,6,0,0,0,0.3,0.3,0.3,0.0,0.0,0.0,0,0,1.598526299931109,13,7,671,48,6,,original_uniform_floor_plus_prior_scores,maximum_cardinality_certified_superset_of_eBH_then_maximum_testing_evalue_sum,200,6,6,exact_dyadic_prefix_or_HiGHS_QUBO_MILP,300.0,1
143,2c550661857836904435791505b577618b658a42e10286e8468f015c2c907d08,proven_maximal,maximize_sum_testing_e_values_at_maximum_cardinality,proven_optimal,124029.71293141681,1.1504865841349259,107806.30964478152,2,2,2,105;143,105;143,105;143,2,2,2,0,0,0,0.1,0.1,0.1,0.0,0.0,0.0,0,0,1.9527109998743981,16,6,554,38,2,,original_uniform_floor_plus_prior_scores,maximum_cardinality_certified_superset_of_eBH_then_maximum_testing_evalue_sum,200,2,2,exact_dyadic_prefix_or_HiGHS_QUBO_MILP,300.0,1
144,ea527e20a9037cf59ac6285a7a68a46b17748a5b355f61662aa8493348f1cc22,proven_maximal,maximize_sum_testing_e_values_at_maximum_cardinality,proven_optimal,0.0,0.0,1820.020042276302,0,0,0,,,,0,0,0,0,0,0,0.0,0.0,0.0,0.0,0.0,0.0,0,0,2.1380660999566317,17,7,626,39,0,,original_uniform_floor_plus_prior_scores,maximum_cardinality_certified_superset_of_eBH_then_maximum_testing_evalue_sum,200,0,0,exact_dyadic_prefix_or_HiGHS_QUBO_MILP,300.0,1
145,2cd44d7ee00fe56357adbc480452e008fb2538d76b34d0cc80d155ec52d65936,proven_maximal,maximize_sum_testing_e_values_at_maximum_cardinality,proven_optimal,0.0,0.0,800.4342004247433,0,0,0,,,,0,0,0,0,0,0,0.0,0.0,0.0,0.0,0.0,0.0,0,0,0.5163072000723332,3,3,300,41,0,,original_uniform_floor_plus_prior_scores,maximum_cardinality_certified_superset_of_eBH_then_maximum_testing_evalue_sum,200,0,0,exact_dyadic_prefix_or_HiGHS_QUBO_MILP,300.0,1
146,a9e85ce240e1561615044628ac67f7107a3109c1a1e43ef4d3aa198450b62ebd,proven_maximal,maximize_sum_testing_e_values_at_maximum_cardinality,proven_optimal,408913.5280537573,1.2746926665839513,320793.8185991174,4,4,8,123;125;130;197,123;125;130;197,23;43;46;121;123;125;130;197,4,4,8,0,0,0,0.2,0.2,0.4,0.0,0.0,0.0,0,4,2.370648300042376,16,10,736,44,8,,original_uniform_floor_plus_prior_scores,maximum_cardinality_certified_superset_of_eBH_then_maximum_testing_evalue_sum,200,4,4,exact_dyadic_prefix_or_HiGHS_QUBO_MILP,300.0,1
147,f6d3045099f8124d643787c8a11d0f1a06f5314d110f01da58d698d09c895a38,proven_maximal,maximize_sum_testing_e_values_at_maximum_cardinality,proven_optimal,0.0,0.0,1667.748699932577,0,0,0,,,,0,0,0,0,0,0,0.0,0.0,0.0,0.0,0.0,0.0,0,0,0.4858361000660807,3,3,300,41,0,,original_uniform_floor_plus_prior_scores,maximum_cardinality_certified_superset_of_eBH_then_maximum_testing_evalue_sum,200,0,0,exact_dyadic_prefix_or_HiGHS_QUBO_MILP,300.0,1
148,8f4fd5df36278fde59e8f08383319530b6d69b5a523547af72ce7d357fd7016a,proven_maximal,maximize_sum_testing_e_values_at_maximum_cardinality,proven_optimal,157211.2953869868,1.170192173468386,134346.56200188134,2,2,2,3;151,3;151,3;151,2,2,2,0,0,0,0.1,0.1,0.1,0.0,0.0,0.0,0,0,1.7181608001701534,15,8,670,40,2,,original_uniform_floor_plus_prior_scores,maximum_cardinality_certified_superset_of_eBH_then_maximum_testing_evalue_sum,200,2,2,exact_dyadic_prefix_or_HiGHS_QUBO_MILP,300.0,1
149,559ced60e9eb050c4ad981ded24bca09f414ef0dab3c71d0060dd8cd7defd047,proven_maximal,maximize_sum_testing_e_values_at_maximum_cardinality,proven_optimal,17221.620319495472,1.2196666700770615,14119.94009675395,2,2,3,42;170,42;170,42;104;170,2,2,3,0,0,0,0.1,0.1,0.15,0.0,0.0,0.0,0,1,1.6930732000619173,13,7,603,37,3,,original_uniform_floor_plus_prior_scores,maximum_cardinality_certified_superset_of_eBH_then_maximum_testing_evalue_sum,200,2,2,exact_dyadic_prefix_or_HiGHS_QUBO_MILP,300.0,1
150,c9e66dd4e986f697fc06ffef54d6e519f1bd90726922ed47c198700f4e744546,proven_maximal,maximize_sum_testing_e_values_at_maximum_cardinality,proven_optimal,25224.41141810627,1.5593698693251268,16176.028480672798,6,6,6,7;12;35;58;167;170,7;12;35;58;167;170,7;12;35;58;167;170,6,6,6,0,0,0,0.3,0.3,0.3,0.0,0.0,0.0,0,0,1.6220790001098067,13,7,580,45,6,,original_uniform_floor_plus_prior_scores,maximum_cardinality_certified_superset_of_eBH_then_maximum_testing_evalue_sum,200,6,6,exact_dyadic_prefix_or_HiGHS_QUBO_MILP,300.0,1
151,29888747ac1ad32099d47193de6d0b0daf4e0fecbfc4fb9b8481e8e164191114,proven_maximal,maximize_sum_testing_e_values_at_maximum_cardinality,proven_optimal,0.0,0.0,1124.0103776861292,0,0,0,,,,0,0,0,0,0,0,0.0,0.0,0.0,0.0,0.0,0.0,0,0,2.673648600000888,19,12,912,35,0,,original_uniform_floor_plus_prior_scores,maximum_cardinality_certified_superset_of_eBH_then_maximum_testing_evalue_sum,200,0,0,exact_dyadic_prefix_or_HiGHS_QUBO_MILP,300.0,1
152,41d6a4aab21b22fd7f7de97840c8f25c7b9f2a01feed410beedd788e08036337,proven_maximal,maximize_sum_testing_e_values_at_maximum_cardinality,proven_optimal,0.0,0.0,1583.3495934832729,0,0,0,,,,0,0,0,0,0,0,0.0,0.0,0.0,0.0,0.0,0.0,0,0,0.5441176998429,3,3,300,43,0,,original_uniform_floor_plus_prior_scores,maximum_cardinality_certified_superset_of_eBH_then_maximum_testing_evalue_sum,200,0,0,exact_dyadic_prefix_or_HiGHS_QUBO_MILP,300.0,1
153,7f7a2be88e3d442c140bcf754b4c34af57c540093a4c8c756761f584b44fc8b4,proven_maximal,maximize_sum_testing_e_values_at_maximum_cardinality,proven_optimal,13253.31233014533,2.4124451514756156,5493.725866488075,4,4,4,11;144;163;182,11;144;163;182,11;144;163;182,4,4,4,0,0,0,0.2,0.2,0.2,0.0,0.0,0.0,0,0,1.4701606999151409,12,6,601,36,4,,original_uniform_floor_plus_prior_scores,maximum_cardinality_certified_superset_of_eBH_then_maximum_testing_evalue_sum,200,4,4,exact_dyadic_prefix_or_HiGHS_QUBO_MILP,300.0,1
154,9c577143ca13740ff8698a3c2a8c416e34ab8f54487d9ec123022eb2a4e758c1,proven_maximal,maximize_sum_testing_e_values_at_maximum_cardinality,proven_optimal,43185.63434865062,1.4801988554563235,29175.562587053297,3,3,3,0;43;44,0;43;44,0;43;44,3,3,3,0,0,0,0.15,0.15,0.15,0.0,0.0,0.0,0,0,1.9423615999985486,12,8,872,35,3,,original_uniform_floor_plus_prior_scores,maximum_cardinality_certified_superset_of_eBH_then_maximum_testing_evalue_sum,200,3,3,exact_dyadic_prefix_or_HiGHS_QUBO_MILP,300.0,1
155,16e610e7f74d4b1f28167d84410a3018fede81c8eb55a9e10e417ff623a36cfe,proven_maximal,maximize_sum_testing_e_values_at_maximum_cardinality,proven_optimal,108452.86965695598,1.2943069133843832,83792.23547015672,6,6,8,95;121;138;165;171;185,95;121;138;165;171;185,95;121;126;138;149;165;171;185,6,6,8,0,0,0,0.3,0.3,0.4,0.0,0.0,0.0,0,2,1.9014251998160034,14,7,603,45,8,,original_uniform_floor_plus_prior_scores,maximum_cardinality_certified_superset_of_eBH_then_maximum_testing_evalue_sum,200,6,6,exact_dyadic_prefix_or_HiGHS_QUBO_MILP,300.0,1
156,9a62a90516adcb4f66c5fe0f1d144c89bfdd2a1b382e4c577f4ca0c144589fac,proven_maximal,maximize_sum_testing_e_values_at_maximum_cardinality,proven_optimal,52129.99008867916,1.2914056618198257,40366.858865415306,5,5,7,28;43;70;148;167,28;43;70;148;167,28;31;43;70;148;167;173,5,5,7,0,0,0,0.25,0.25,0.35,0.0,0.0,0.0,0,2,1.3088132000993937,11,7,529,39,7,,original_uniform_floor_plus_prior_scores,maximum_cardinality_certified_superset_of_eBH_then_maximum_testing_evalue_sum,200,5,5,exact_dyadic_prefix_or_HiGHS_QUBO_MILP,300.0,1
157,460f4fee61b1a1adad4c4a8ca508a41974387c1034132b1f50cca1eec4ef5beb,proven_maximal,maximize_sum_testing_e_values_at_maximum_cardinality,proven_optimal,9122.03268885909,1.0,9122.03268885909,1,1,1,16,16,16,1,1,1,0,0,0,0.05,0.05,0.05,0.0,0.0,0.0,0,0,1.3258448999840766,12,7,548,38,1,,original_uniform_floor_plus_prior_scores,maximum_cardinality_certified_superset_of_eBH_then_maximum_testing_evalue_sum,200,1,1,exact_dyadic_prefix_or_HiGHS_QUBO_MILP,300.0,1
158,5eb4f08bfd916bbf8c2bc487e93adfce20dc0f82104d28aa649f0d7c0b68b54f,proven_maximal,maximize_sum_testing_e_values_at_maximum_cardinality,proven_optimal,0.0,0.0,1834.1279359760877,0,0,0,,,,0,0,0,0,0,0,0.0,0.0,0.0,0.0,0.0,0.0,0,0,0.5270436001010239,3,3,300,34,0,,original_uniform_floor_plus_prior_scores,maximum_cardinality_certified_superset_of_eBH_then_maximum_testing_evalue_sum,200,0,0,exact_dyadic_prefix_or_HiGHS_QUBO_MILP,300.0,1
159,140fc5947c0d4ff07f31c9c4748878db3ad9e305fc65454246feb66df23958ce,proven_maximal,maximize_sum_testing_e_values_at_maximum_cardinality,proven_optimal,89039.32987971799,1.0562629761649311,84296.55482482315,2,2,2,50;144,50;144,50;144,2,2,2,0,0,0,0.1,0.1,0.1,0.0,0.0,0.0,0,0,2.105429799994454,14,8,691,36,2,,original_uniform_floor_plus_prior_scores,maximum_cardinality_certified_superset_of_eBH_then_maximum_testing_evalue_sum,200,2,2,exact_dyadic_prefix_or_HiGHS_QUBO_MILP,300.0,1
160,2d92647c41e693f917bba643070171930ee1f8c9cd9245df8638a91eb6bf9f03,proven_maximal,maximize_sum_testing_e_values_at_maximum_cardinality,proven_optimal,10900.138331571497,1.3905307133577072,7838.8332072514895,3,3,3,55;160;192,55;160;192,55;160;192,3,3,3,0,0,0,0.15,0.15,0.15,0.0,0.0,0.0,0,0,1.8961151998955756,14,6,581,29,3,,original_uniform_floor_plus_prior_scores,maximum_cardinality_certified_superset_of_eBH_then_maximum_testing_evalue_sum,200,3,3,exact_dyadic_prefix_or_HiGHS_QUBO_MILP,300.0,1
161,8bc6e29c97f0e6476fe3accf69cf892fbeb301430078b801ba48d0532065ee0f,proven_maximal,maximize_sum_testing_e_values_at_maximum_cardinality,proven_optimal,58720.262716432066,1.5525887288890938,37820.87401758192,3,3,10,39;56;157,39;56;157,5;6;23;39;43;56;122;130;157;174,3,3,10,0,0,0,0.15,0.15,0.5,0.0,0.0,0.0,0,7,1.9345059001352638,12,10,674,42,10,,original_uniform_floor_plus_prior_scores,maximum_cardinality_certified_superset_of_eBH_then_maximum_testing_evalue_sum,200,3,3,exact_dyadic_prefix_or_HiGHS_QUBO_MILP,300.0,1
162,b672457e9f33fa1f3c1a2e63087daef142d343da53d797065d423507ec611d38,proven_maximal,maximize_sum_testing_e_values_at_maximum_cardinality,proven_optimal,4282.806731436604,1.0,4282.806731436604,1,1,1,166,166,166,1,1,1,0,0,0,0.05,0.05,0.05,0.0,0.0,0.0,0,0,2.1158833999652416,17,8,621,45,1,,original_uniform_floor_plus_prior_scores,maximum_cardinality_certified_superset_of_eBH_then_maximum_testing_evalue_sum,200,1,1,exact_dyadic_prefix_or_HiGHS_QUBO_MILP,300.0,1
163,0319cd50504b48e23c000af7122144a6c1f77f9a4471fd52eca5ecb4e9c13af4,proven_maximal,maximize_sum_testing_e_values_at_maximum_cardinality,proven_optimal,21907.401590078756,2.2347506346096435,9803.06314753791,6,6,7,7;8;39;43;84;106,7;8;39;43;84;106,7;8;39;43;84;106;163,6,6,7,0,0,0,0.3,0.3,0.35,0.0,0.0,0.0,0,1,2.607607099926099,18,9,660,44,7,,original_uniform_floor_plus_prior_scores,maximum_cardinality_certified_superset_of_eBH_then_maximum_testing_evalue_sum,200,6,6,exact_dyadic_prefix_or_HiGHS_QUBO_MILP,300.0,1
164,093102f296c102f7600092ae07b4e1e090847d3d605f9007d83b9711789d51a9,proven_maximal,maximize_sum_testing_e_values_at_maximum_cardinality,proven_optimal,57824.297374446855,1.1284168130960537,51243.73963889592,4,4,6,20;22;120;181,20;22;120;181,20;22;120;135;157;181,4,4,6,0,0,0,0.2,0.2,0.3,0.0,0.0,0.0,0,2,1.4144902999978513,9,8,628,40,6,,original_uniform_floor_plus_prior_scores,maximum_cardinality_certified_superset_of_eBH_then_maximum_testing_evalue_sum,200,4,4,exact_dyadic_prefix_or_HiGHS_QUBO_MILP,300.0,1
165,b30306dd022e27a8c014d95935acb532612a118346e04bc0730913af95cdf4b2,proven_maximal,maximize_sum_testing_e_values_at_maximum_cardinality,proven_optimal,50164.660552650595,1.2901129929970883,38883.92786132014,10,10,13,40;64;66;85;87;103;106;107;145;192,40;64;66;85;87;103;106;107;145;192,33;40;64;66;77;85;87;103;106;107;128;145;192,10,10,13,0,0,0,0.5,0.5,0.65,0.0,0.0,0.0,0,3,3.5511907001491636,13,8,576,41,13,,original_uniform_floor_plus_prior_scores,maximum_cardinality_certified_superset_of_eBH_then_maximum_testing_evalue_sum,200,10,10,exact_dyadic_prefix_or_HiGHS_QUBO_MILP,300.0,1
166,d3b3603e229357e4ceac37f1c9b6582693484d37e7d399cefa2d7db899cfeaaa,proven_maximal,maximize_sum_testing_e_values_at_maximum_cardinality,proven_optimal,10929.886880093683,1.491975706304521,7325.78073081763,1,1,6,42,42,42;55;95;103;113;180,1,1,6,0,0,0,0.05,0.05,0.3,0.0,0.0,0.0,0,5,1.8509228001348674,14,9,702,38,6,,original_uniform_floor_plus_prior_scores,maximum_cardinality_certified_superset_of_eBH_then_maximum_testing_evalue_sum,200,1,1,exact_dyadic_prefix_or_HiGHS_QUBO_MILP,300.0,1
167,5f29236c2a66c561b9b785eb5c990b685b3392fa4ccdf1e574a72c0390e45573,proven_maximal,maximize_sum_testing_e_values_at_maximum_cardinality,proven_optimal,12083.345472645799,2.2938853472060057,5267.632703336082,4,4,7,48;68;70;189,48;68;70;189,48;68;70;112;125;176;189,4,4,7,0,0,0,0.2,0.2,0.35,0.0,0.0,0.0,0,3,1.35995850013569,9,8,613,48,7,,original_uniform_floor_plus_prior_scores,maximum_cardinality_certified_superset_of_eBH_then_maximum_testing_evalue_sum,200,4,4,exact_dyadic_prefix_or_HiGHS_QUBO_MILP,300.0,1
168,167895392ec37cd79c6c5b25831985d95a48935f809970ea2510a0a4829a88da,proven_maximal,maximize_sum_testing_e_values_at_maximum_cardinality,proven_optimal,23377.018136635954,1.2713483920113626,18387.57832512917,2,2,4,167;174,167;174,149;167;174;191,2,2,4,0,0,0,0.1,0.1,0.2,0.0,0.0,0.0,0,2,1.7518034998793155,13,6,600,35,4,,original_uniform_floor_plus_prior_scores,maximum_cardinality_certified_superset_of_eBH_then_maximum_testing_evalue_sum,200,2,2,exact_dyadic_prefix_or_HiGHS_QUBO_MILP,300.0,1
169,4987600d7419bedca6ed5e12a8b895bd6b4501b170aadaa01d2b42ca3a5482d9,proven_maximal,maximize_sum_testing_e_values_at_maximum_cardinality,proven_optimal,22714.339176170084,1.4489171687604308,15676.76860065267,3,3,3,50;67;195,50;67;195,50;67;195,3,3,3,0,0,0,0.15,0.15,0.15,0.0,0.0,0.0,0,0,2.2867188998498023,17,7,551,42,3,,original_uniform_floor_plus_prior_scores,maximum_cardinality_certified_superset_of_eBH_then_maximum_testing_evalue_sum,200,3,3,exact_dyadic_prefix_or_HiGHS_QUBO_MILP,300.0,1
170,d9c1b4abe4351af2426cf7e14d6f653926f127c73a9a5e9c9d7e75a4ce4ed3a4,proven_maximal,maximize_sum_testing_e_values_at_maximum_cardinality,proven_optimal,35188.55680853804,2.0285546184501158,17346.615412023406,3,3,3,41;95;157,41;95;157,41;95;157,3,3,3,0,0,0,0.15,0.15,0.15,0.0,0.0,0.0,0,0,2.4537731998134404,21,11,733,41,3,,original_uniform_floor_plus_prior_scores,maximum_cardinality_certified_superset_of_eBH_then_maximum_testing_evalue_sum,200,3,3,exact_dyadic_prefix_or_HiGHS_QUBO_MILP,300.0,1
171,aa3a08cd64e5515262c6e121df8b75162703febb292573c951183da27b898cdd,proven_maximal,maximize_sum_testing_e_values_at_maximum_cardinality,proven_optimal,8156.35243969797,1.2931415609408816,6307.393317220011,1,1,2,152,152,34;152,1,1,2,0,0,0,0.05,0.05,0.1,0.0,0.0,0.0,0,1,1.3999509999994189,12,6,421,34,2,,original_uniform_floor_plus_prior_scores,maximum_cardinality_certified_superset_of_eBH_then_maximum_testing_evalue_sum,200,1,1,exact_dyadic_prefix_or_HiGHS_QUBO_MILP,300.0,1
172,83ee162a73d01dacf55dcd566b38f253bb52e1f21314f7347144430fa1f7920c,proven_maximal,maximize_sum_testing_e_values_at_maximum_cardinality,proven_optimal,6332.891704671567,2.27994275879237,2777.653816197537,3,3,3,44;72;112,44;72;112,44;72;112,3,3,3,0,0,0,0.15,0.15,0.15,0.0,0.0,0.0,0,0,1.4161933998111635,11,5,504,41,3,,original_uniform_floor_plus_prior_scores,maximum_cardinality_certified_superset_of_eBH_then_maximum_testing_evalue_sum,200,3,3,exact_dyadic_prefix_or_HiGHS_QUBO_MILP,300.0,1
173,d0dbd8410cf8a521dbd3468c96a0a4c66b2ac69fa059eb1838675d67bd5b5dd9,proven_maximal,maximize_sum_testing_e_values_at_maximum_cardinality,proven_optimal,0.0,0.0,2514.227597810676,0,0,0,,,,0,0,0,0,0,0,0.0,0.0,0.0,0.0,0.0,0.0,0,0,1.2101254998706281,10,8,531,40,0,,original_uniform_floor_plus_prior_scores,maximum_cardinality_certified_superset_of_eBH_then_maximum_testing_evalue_sum,200,0,0,exact_dyadic_prefix_or_HiGHS_QUBO_MILP,300.0,1
174,21b2e30603eef4d415cad0de4014f7abd4444ee46c4b25aa4a24cd5dab0f887d,proven_maximal,maximize_sum_testing_e_values_at_maximum_cardinality,proven_optimal,20046.68075707299,2.087898552658538,9601.367236711472,5,5,7,10;75;115;126;130,10;75;115;126;130,10;70;75;115;126;130;161,5,5,7,0,0,0,0.25,0.25,0.35,0.0,0.0,0.0,0,2,1.8885731999762356,15,7,549,39,7,,original_uniform_floor_plus_prior_scores,maximum_cardinality_certified_superset_of_eBH_then_maximum_testing_evalue_sum,200,5,5,exact_dyadic_prefix_or_HiGHS_QUBO_MILP,300.0,1
175,26c4fd0b664dd578f1c7ea7cb11d541a26f223637fbcc279f67799fa7794803d,proven_maximal,maximize_sum_testing_e_values_at_maximum_cardinality,proven_optimal,17563.034860159925,2.5046812045090348,7012.083944472532,5,5,8,43;81;156;186;194,43;81;156;186;194,11;43;58;81;86;156;186;194,5,5,8,0,0,0,0.25,0.25,0.4,0.0,0.0,0.0,0,3,1.8765684999525547,14,9,708,42,8,,original_uniform_floor_plus_prior_scores,maximum_cardinality_certified_superset_of_eBH_then_maximum_testing_evalue_sum,200,5,5,exact_dyadic_prefix_or_HiGHS_QUBO_MILP,300.0,1
176,d8b902750b0b4b2525dc83de2e90d5670f4426442971e1112c0dc5719e21d12e,proven_maximal,maximize_sum_testing_e_values_at_maximum_cardinality,proven_optimal,45654.11408409849,1.3773331409833398,33146.747671739,3,3,3,24;30;110,24;30;110,24;30;110,3,3,3,0,0,0,0.15,0.15,0.15,0.0,0.0,0.0,0,0,2.0072924001142383,17,8,694,44,3,,original_uniform_floor_plus_prior_scores,maximum_cardinality_certified_superset_of_eBH_then_maximum_testing_evalue_sum,200,3,3,exact_dyadic_prefix_or_HiGHS_QUBO_MILP,300.0,1
177,60ec0f6691caf5f23c69787856bcef82fae61669780861c4adcf7c97795363bd,proven_maximal,maximize_sum_testing_e_values_at_maximum_cardinality,proven_optimal,5077.833981404754,1.690045692586028,3004.5542577224005,0,0,3,,,63;112;192,0,0,3,0,0,0,0.0,0.0,0.15,0.0,0.0,0.0,0,3,1.77069399994798,15,9,638,43,3,,original_uniform_floor_plus_prior_scores,maximum_cardinality_certified_superset_of_eBH_then_maximum_testing_evalue_sum,200,0,0,exact_dyadic_prefix_or_HiGHS_QUBO_MILP,300.0,1
178,0e519e91adc2556ab2c3c629dd537e82eb635a9a34593d4f0dc58828f7ec922d,proven_maximal,maximize_sum_testing_e_values_at_maximum_cardinality,proven_optimal,0.0,0.0,1624.5354370741106,0,0,0,,,,0,0,0,0,0,0,0.0,0.0,0.0,0.0,0.0,0.0,0,0,1.6657744999974966,12,8,716,34,0,,original_uniform_floor_plus_prior_scores,maximum_cardinality_certified_superset_of_eBH_then_maximum_testing_evalue_sum,200,0,0,exact_dyadic_prefix_or_HiGHS_QUBO_MILP,300.0,1
179,b6882a28ccea57d16a6937100515c253572d95bbf9834703c247f11efdf77c14,proven_maximal,maximize_sum_testing_e_values_at_maximum_cardinality,proven_optimal,58391.78683816295,2.248620511263676,25967.82629424119,6,6,10,30;53;61;94;147;185,30;53;61;94;147;185,30;37;47;53;61;71;81;94;147;185,6,6,10,0,0,0,0.3,0.3,0.5,0.0,0.0,0.0,0,4,1.5273988998960704,10,7,601,45,10,,original_uniform_floor_plus_prior_scores,maximum_cardinality_certified_superset_of_eBH_then_maximum_testing_evalue_sum,200,6,6,exact_dyadic_prefix_or_HiGHS_QUBO_MILP,300.0,1
180,24a000e4e74520d335bcbd1197af4fea03f17152dc23722b83786735b9753a93,proven_maximal,maximize_sum_testing_e_values_at_maximum_cardinality,proven_optimal,15034.466688643115,2.5237135409453875,5957.279399868488,5,5,5,37;70;86;117;191,37;70;86;117;191,37;70;86;117;191,5,5,5,0,0,0,0.25,0.25,0.25,0.0,0.0,0.0,0,0,1.985124799888581,15,7,631,38,5,,original_uniform_floor_plus_prior_scores,maximum_cardinality_certified_superset_of_eBH_then_maximum_testing_evalue_sum,200,5,5,exact_dyadic_prefix_or_HiGHS_QUBO_MILP,300.0,1
181,c97aabaae8414e6f05aa5757a1e77a737ba176a0c4c1277049c21eb930497703,proven_maximal,maximize_sum_testing_e_values_at_maximum_cardinality,proven_optimal,17222.858747784932,1.7200857307861233,10012.790897296523,3,3,3,111;130;137,111;130;137,111;130;137,3,3,3,0,0,0,0.15,0.15,0.15,0.0,0.0,0.0,0,0,1.2269208000507206,11,6,535,43,3,,original_uniform_floor_plus_prior_scores,maximum_cardinality_certified_superset_of_eBH_then_maximum_testing_evalue_sum,200,3,3,exact_dyadic_prefix_or_HiGHS_QUBO_MILP,300.0,1
182,e1257a2096ef0eb3a35d605cbda993809e689ecd7f7ecf23ed496984c8620b28,proven_maximal,maximize_sum_testing_e_values_at_maximum_cardinality,proven_optimal,42600.544867124576,2.436124697088797,17487.01325430214,6,6,7,0;8;50;55;67;106,0;8;50;55;67;106,0;8;50;55;67;99;106,6,6,7,0,0,0,0.3,0.3,0.35,0.0,0.0,0.0,0,1,1.6936740998644382,14,8,668,47,7,,original_uniform_floor_plus_prior_scores,maximum_cardinality_certified_superset_of_eBH_then_maximum_testing_evalue_sum,200,6,6,exact_dyadic_prefix_or_HiGHS_QUBO_MILP,300.0,1
183,1c6b54b6cd9b559c384e8b98a8a12d2bc1e1349f58391c93059777bae5762f12,proven_maximal,maximize_sum_testing_e_values_at_maximum_cardinality,proven_optimal,16486.866246822356,1.3549096532387723,12168.240301050477,1,1,7,167,167,31;65;98;141;142;162;167,1,1,7,0,0,0,0.05,0.05,0.35,0.0,0.0,0.0,0,6,0.9593515999149531,7,7,634,58,7,,original_uniform_floor_plus_prior_scores,maximum_cardinality_certified_superset_of_eBH_then_maximum_testing_evalue_sum,200,1,1,exact_dyadic_prefix_or_HiGHS_QUBO_MILP,300.0,1
184,de669db1305e3e9a60a02040c20e6a5e241b3c775046956d4972c0683ba2cca4,proven_maximal,maximize_sum_testing_e_values_at_maximum_cardinality,proven_optimal,10042.698210391,1.0,10042.698210391,1,1,1,146,146,146,1,1,1,0,0,0,0.05,0.05,0.05,0.0,0.0,0.0,0,0,2.3051833999343216,18,8,690,48,1,,original_uniform_floor_plus_prior_scores,maximum_cardinality_certified_superset_of_eBH_then_maximum_testing_evalue_sum,200,1,1,exact_dyadic_prefix_or_HiGHS_QUBO_MILP,300.0,1
185,1c6d197d94bd004a0c13e089ae1f947e32d3ab77c9a4855f587fd6315aa8b422,proven_maximal,maximize_sum_testing_e_values_at_maximum_cardinality,proven_optimal,32663.909085661333,1.291847519763036,25284.64744171424,4,4,5,8;86;132;178,8;86;132;178,8;86;128;132;178,4,4,5,0,0,0,0.2,0.2,0.25,0.0,0.0,0.0,0,1,0.9495391000527889,8,6,509,38,5,,original_uniform_floor_plus_prior_scores,maximum_cardinality_certified_superset_of_eBH_then_maximum_testing_evalue_sum,200,4,4,exact_dyadic_prefix_or_HiGHS_QUBO_MILP,300.0,1
186,90bfab6b5596f5526a0b6df889887a052708c54661fcdbd2e7d466c72b0f657a,proven_maximal,maximize_sum_testing_e_values_at_maximum_cardinality,proven_optimal,7785.939796771321,2.245809768043123,3466.8741349164084,3,3,3,29;150;161,29;150;161,29;150;161,3,3,3,0,0,0,0.15,0.15,0.15,0.0,0.0,0.0,0,0,2.1354199999477714,16,6,605,46,3,,original_uniform_floor_plus_prior_scores,maximum_cardinality_certified_superset_of_eBH_then_maximum_testing_evalue_sum,200,3,3,exact_dyadic_prefix_or_HiGHS_QUBO_MILP,300.0,1
187,9f6cf11ab58bf9086c879513cd5fd7c2464bbe8717c7688478eb98c179acc967,proven_maximal,maximize_sum_testing_e_values_at_maximum_cardinality,proven_optimal,30235.834343108585,1.1476348749085112,26346.214291822536,4,4,4,0;37;110;122,0;37;110;122,0;37;110;122,4,4,4,0,0,0,0.2,0.2,0.2,0.0,0.0,0.0,0,0,1.3295175000093877,11,7,739,41,4,,original_uniform_floor_plus_prior_scores,maximum_cardinality_certified_superset_of_eBH_then_maximum_testing_evalue_sum,200,4,4,exact_dyadic_prefix_or_HiGHS_QUBO_MILP,300.0,1
188,fb386190aa2c6fdf04414ffafaa2195f9accb60357c7a462ab1c86e2be36a34b,proven_maximal,maximize_sum_testing_e_values_at_maximum_cardinality,proven_optimal,16051.561059830336,1.6507498569916699,9723.79975793712,3,3,4,46;140;150,46;140;150,2;46;140;150,3,3,4,0,0,0,0.15,0.15,0.2,0.0,0.0,0.0,0,1,1.6608547999057919,14,8,638,39,4,,original_uniform_floor_plus_prior_scores,maximum_cardinality_certified_superset_of_eBH_then_maximum_testing_evalue_sum,200,3,3,exact_dyadic_prefix_or_HiGHS_QUBO_MILP,300.0,1
189,05704bd9c0b8697c1509ce94bd72059baff9851f56a76a5d029f6f54874da3d1,proven_maximal,maximize_sum_testing_e_values_at_maximum_cardinality,proven_optimal,28065.756243095482,3.6627257385512517,7662.532836596322,9,9,9,11;44;63;118;168;171;182;190;195,11;44;63;118;168;171;182;190;195,11;44;63;118;168;171;182;190;195,9,9,9,0,0,0,0.45,0.45,0.45,0.0,0.0,0.0,0,0,1.3828586000017822,12,7,555,41,9,,original_uniform_floor_plus_prior_scores,maximum_cardinality_certified_superset_of_eBH_then_maximum_testing_evalue_sum,200,9,9,exact_dyadic_prefix_or_HiGHS_QUBO_MILP,300.0,1
190,b603a0fd532040afaf10b0e370813d1f0ccb067502a1bf02fe5e97c5e265c509,proven_maximal,maximize_sum_testing_e_values_at_maximum_cardinality,proven_optimal,0.0,0.0,1373.0433554097349,0,0,0,,,,0,0,0,0,0,0,0.0,0.0,0.0,0.0,0.0,0.0,0,0,0.5369273999240249,3,3,300,32,0,,original_uniform_floor_plus_prior_scores,maximum_cardinality_certified_superset_of_eBH_then_maximum_testing_evalue_sum,200,0,0,exact_dyadic_prefix_or_HiGHS_QUBO_MILP,300.0,1
191,c02f7177f34347138fa613e5b5ba67f4c26ac2d93abe63e9774e772f497aecc1,proven_maximal,maximize_sum_testing_e_values_at_maximum_cardinality,proven_optimal,30301.40718009822,1.5126842773528164,20031.54764927246,3,3,10,85;101;177,85;101;177,10;50;85;101;120;157;174;177;183;197,3,3,10,0,0,0,0.15,0.15,0.5,0.0,0.0,0.0,0,7,2.0139253998640925,9,8,509,41,10,,original_uniform_floor_plus_prior_scores,maximum_cardinality_certified_superset_of_eBH_then_maximum_testing_evalue_sum,200,3,3,exact_dyadic_prefix_or_HiGHS_QUBO_MILP,300.0,1
192,100c74a21578353c804039f498b8e557e75c017a75a4de03ecec5e28452db8ae,proven_maximal,maximize_sum_testing_e_values_at_maximum_cardinality,proven_optimal,48316.349070316624,1.1663186821393499,41426.36983375,6,6,9,0;21;61;110;135;139,0;21;61;110;135;139,0;20;21;61;110;135;139;148;182,6,6,9,0,0,0,0.3,0.3,0.45,0.0,0.0,0.0,0,3,1.6671752000693232,12,7,574,39,9,,original_uniform_floor_plus_prior_scores,maximum_cardinality_certified_superset_of_eBH_then_maximum_testing_evalue_sum,200,6,6,exact_dyadic_prefix_or_HiGHS_QUBO_MILP,300.0,1
193,624524a6fbaa5cdb9c33f08e3b8aadec89fbdedceba8a3fea89a397e68b97e35,proven_maximal,maximize_sum_testing_e_values_at_maximum_cardinality,proven_optimal,441220.9106204583,1.0586240537225151,416787.15788571193,5,5,6,79;86;160;163;184,79;86;160;163;184,79;86;160;163;176;184,5,5,6,0,0,0,0.25,0.25,0.3,0.0,0.0,0.0,0,1,1.65649010008201,12,6,474,29,6,,original_uniform_floor_plus_prior_scores,maximum_cardinality_certified_superset_of_eBH_then_maximum_testing_evalue_sum,200,5,5,exact_dyadic_prefix_or_HiGHS_QUBO_MILP,300.0,1
194,cadc6cedc97e4aad95f6513f1084210832ad1c806f1b7b940b41dc47ab08b735,proven_maximal,maximize_sum_testing_e_values_at_maximum_cardinality,proven_optimal,10791.698002319668,1.2217295502355068,8833.131686337132,1,1,2,157,157,30;157,1,1,2,0,0,0,0.05,0.05,0.1,0.0,0.0,0.0,0,1,2.017451199935749,15,6,557,46,2,,original_uniform_floor_plus_prior_scores,maximum_cardinality_certified_superset_of_eBH_then_maximum_testing_evalue_sum,200,1,1,exact_dyadic_prefix_or_HiGHS_QUBO_MILP,300.0,1
195,697087d8f191bdf2cfe2ca8828202bfee2565f7885aaf484e3fc363c0e3a575a,proven_maximal,maximize_sum_testing_e_values_at_maximum_cardinality,proven_optimal,36844.244664058264,1.398226640724726,26350.695653289247,5,5,5,25;61;104;173;176,25;61;104;173;176,25;61;104;173;176,5,5,5,0,0,0,0.25,0.25,0.25,0.0,0.0,0.0,0,0,1.4854982998222113,13,7,623,42,5,,original_uniform_floor_plus_prior_scores,maximum_cardinality_certified_superset_of_eBH_then_maximum_testing_evalue_sum,200,5,5,exact_dyadic_prefix_or_HiGHS_QUBO_MILP,300.0,1
196,a26b2142ef95345022af6810c439e557184b9745e5f09e980e860fc7cf652115,proven_maximal,maximize_sum_testing_e_values_at_maximum_cardinality,proven_optimal,9169.728743124026,1.5245530844029014,6014.699545024629,2,2,2,154;186,154;186,154;186,2,2,2,0,0,0,0.1,0.1,0.1,0.0,0.0,0.0,0,0,1.62316339998506,14,6,574,34,2,,original_uniform_floor_plus_prior_scores,maximum_cardinality_certified_superset_of_eBH_then_maximum_testing_evalue_sum,200,2,2,exact_dyadic_prefix_or_HiGHS_QUBO_MILP,300.0,1
197,55658e5236ea918603a57457a63c7823e9ecdc8c150acb83c4942e50ef0b1377,proven_maximal,maximize_sum_testing_e_values_at_maximum_cardinality,proven_optimal,168951.80545347996,1.0814531105567349,156226.65819186845,4,4,6,8;54;75;102,8;54;75;102,8;16;46;54;75;102,4,4,6,0,0,0,0.2,0.2,0.3,0.0,0.0,0.0,0,2,2.2590967998839915,19,11,820,56,6,,original_uniform_floor_plus_prior_scores,maximum_cardinality_certified_superset_of_eBH_then_maximum_testing_evalue_sum,200,4,4,exact_dyadic_prefix_or_HiGHS_QUBO_MILP,300.0,1
198,d76ade73f4c2d28a84157825a4721538b5ba9d21669cdeec068ced6617ce30d4,proven_maximal,maximize_sum_testing_e_values_at_maximum_cardinality,proven_optimal,85989.48559255477,1.724898373314987,49851.91413178524,7,7,8,18;46;79;115;127;157;196,18;46;79;115;127;157;196,18;46;79;115;127;157;173;196,7,7,8,0,0,0,0.35,0.35,0.4,0.0,0.0,0.0,0,1,2.189726599957794,17,8,610,46,8,,original_uniform_floor_plus_prior_scores,maximum_cardinality_certified_superset_of_eBH_then_maximum_testing_evalue_sum,200,7,7,exact_dyadic_prefix_or_HiGHS_QUBO_MILP,300.0,1
199,c7c877f0324ba7ddfa7c7878d3b2d1d0f7eb3033e8a6c44ea354d41f57832d9e,proven_maximal,maximize_sum_testing_e_values_at_maximum_cardinality,proven_optimal,14795.945767982963,2.1257724825320303,6960.267803617136,4,4,6,59;106;146;191,59;106;146;191,59;106;128;146;190;191,4,4,6,0,0,0,0.2,0.2,0.3,0.0,0.0,0.0,0,2,2.0916055999696255,14,8,701,36,6,,original_uniform_floor_plus_prior_scores,maximum_cardinality_certified_superset_of_eBH_then_maximum_testing_evalue_sum,200,4,4,exact_dyadic_prefix_or_HiGHS_QUBO_MILP,300.0,1
200,91382a2de6966d809e58362b99e7c68ae737af3f918f7155233dfba8ad70d42c,proven_maximal,maximize_sum_testing_e_values_at_maximum_cardinality,proven_optimal,165660.8316161545,1.234573851743373,134184.62685097422,6,6,6,3;4;73;93;97;134,3;4;73;93;97;134,3;4;73;93;97;134,6,6,6,0,0,0,0.3,0.3,0.3,0.0,0.0,0.0,0,0,1.8728398999664932,15,6,559,47,6,,original_uniform_floor_plus_prior_scores,maximum_cardinality_certified_superset_of_eBH_then_maximum_testing_evalue_sum,200,6,6,exact_dyadic_prefix_or_HiGHS_QUBO_MILP,300.0,1
201,36eb5a3d7504f0d8bcb2cf475cd2fa20f8af3de07f11516b8acd2fea63604c93,proven_maximal,maximize_sum_testing_e_values_at_maximum_cardinality,proven_optimal,180335.4291695952,1.2557581271441847,143606.81828092944,5,5,5,4;136;151;184;193,4;136;151;184;193,4;136;151;184;193,5,5,5,0,0,0,0.25,0.25,0.25,0.0,0.0,0.0,0,0,0.9963720000814646,7,6,505,30,5,,original_uniform_floor_plus_prior_scores,maximum_cardinality_certified_superset_of_eBH_then_maximum_testing_evalue_sum,200,5,5,exact_dyadic_prefix_or_HiGHS_QUBO_MILP,300.0,1
202,06a93cb57dd56be5c3d5c846531e766f83077a175a890b422662293a95b9aa69,proven_maximal,maximize_sum_testing_e_values_at_maximum_cardinality,proven_optimal,159008.09426651488,1.874853137617673,84810.95989660412,4,4,5,53;97;114;156,53;97;114;156,53;73;97;114;156,4,4,5,0,0,0,0.2,0.2,0.25,0.0,0.0,0.0,0,1,2.1986166001297534,17,8,521,39,5,,original_uniform_floor_plus_prior_scores,maximum_cardinality_certified_superset_of_eBH_then_maximum_testing_evalue_sum,200,4,4,exact_dyadic_prefix_or_HiGHS_QUBO_MILP,300.0,1
203,f2fc8b6cd759378c5e31732ce1a86e904dc07488ad4102c0d1ca064ca9a6ea65,proven_maximal,maximize_sum_testing_e_values_at_maximum_cardinality,proven_optimal,8985.224971958609,1.0,8985.224971958609,1,1,1,1,1,1,1,1,1,0,0,0,0.05,0.05,0.05,0.0,0.0,0.0,0,0,1.5002342998050153,13,5,422,34,1,,original_uniform_floor_plus_prior_scores,maximum_cardinality_certified_superset_of_eBH_then_maximum_testing_evalue_sum,200,1,1,exact_dyadic_prefix_or_HiGHS_QUBO_MILP,300.0,1
204,1bb8972f899c9130b26af422c58ab73f417f4cf661a6dc87c1725cb8c383fa6b,proven_maximal,maximize_sum_testing_e_values_at_maximum_cardinality,proven_optimal,46863.31696981241,1.0,46863.31696981241,1,1,1,152,152,152,1,1,1,0,0,0,0.05,0.05,0.05,0.0,0.0,0.0,0,0,2.2185122000519186,18,8,588,23,1,,original_uniform_floor_plus_prior_scores,maximum_cardinality_certified_superset_of_eBH_then_maximum_testing_evalue_sum,200,1,1,exact_dyadic_prefix_or_HiGHS_QUBO_MILP,300.0,1
205,96c7e15beaf0d48b52dabc766a797403e87974ead0f17ecb928bee175317910d,proven_maximal,maximize_sum_testing_e_values_at_maximum_cardinality,proven_optimal,16015.644547724152,1.3430487010664942,11924.84273653396,2,2,2,155;169,155;169,155;169,2,2,2,0,0,0,0.1,0.1,0.1,0.0,0.0,0.0,0,0,1.4716530998703092,12,6,611,41,2,,original_uniform_floor_plus_prior_scores,maximum_cardinality_certified_superset_of_eBH_then_maximum_testing_evalue_sum,200,2,2,exact_dyadic_prefix_or_HiGHS_QUBO_MILP,300.0,1
206,ca6bd02d193e44888c7e45d1a0ac1391a30f6872e2782b0f2bcf0b39d3202d72,proven_maximal,maximize_sum_testing_e_values_at_maximum_cardinality,proven_optimal,10183.098451176309,1.8862630261048072,5398.556993509399,4,4,4,14;139;182;187,14;139;182;187,14;139;182;187,4,4,4,0,0,0,0.2,0.2,0.2,0.0,0.0,0.0,0,0,2.1493934001773596,17,7,613,44,4,,original_uniform_floor_plus_prior_scores,maximum_cardinality_certified_superset_of_eBH_then_maximum_testing_evalue_sum,200,4,4,exact_dyadic_prefix_or_HiGHS_QUBO_MILP,300.0,1
207,2843224967217f31ca723bcd46c94571b3d99172afdf96bb97ffe575199f0acf,proven_maximal,maximize_sum_testing_e_values_at_maximum_cardinality,proven_optimal,6607.00390768796,2.1211101584883276,3114.8801401227734,3,3,5,10;16;191,10;16;191,9;10;16;191;192,3,3,5,0,0,0,0.15,0.15,0.25,0.0,0.0,0.0,0,2,2.3181149000301957,16,8,542,36,5,,original_uniform_floor_plus_prior_scores,maximum_cardinality_certified_superset_of_eBH_then_maximum_testing_evalue_sum,200,3,3,exact_dyadic_prefix_or_HiGHS_QUBO_MILP,300.0,1
208,049e188ed319cdcd3b22b3a1271c16b655074ffa84d636c496e17a100d9fd173,proven_maximal,maximize_sum_testing_e_values_at_maximum_cardinality,proven_optimal,5643.03338448478,1.0,5643.03338448478,1,1,1,180,180,180,1,1,1,0,0,0,0.05,0.05,0.05,0.0,0.0,0.0,0,0,2.074822199996561,18,8,597,43,1,,original_uniform_floor_plus_prior_scores,maximum_cardinality_certified_superset_of_eBH_then_maximum_testing_evalue_sum,200,1,1,exact_dyadic_prefix_or_HiGHS_QUBO_MILP,300.0,1
209,d0c8d9e3e42e14f6f6da6b41b6287c6469395481a0844f5e1ba9824a35fc844b,proven_maximal,maximize_sum_testing_e_values_at_maximum_cardinality,proven_optimal,0.0,0.0,1327.585419181877,0,0,0,,,,0,0,0,0,0,0,0.0,0.0,0.0,0.0,0.0,0.0,0,0,0.5304709998890758,3,3,300,34,0,,original_uniform_floor_plus_prior_scores,maximum_cardinality_certified_superset_of_eBH_then_maximum_testing_evalue_sum,200,0,0,exact_dyadic_prefix_or_HiGHS_QUBO_MILP,300.0,1
210,0669edf88c5edfebca01c3a901551b9d50abcfb1efcd97662f90ee41e7f3ef59,proven_maximal,maximize_sum_testing_e_values_at_maximum_cardinality,proven_optimal,69246.7294359475,1.0775749848071952,64261.63414357421,3,3,3,16;29;184,16;29;184,16;29;184,3,3,3,0,0,0,0.15,0.15,0.15,0.0,0.0,0.0,0,0,1.489828099962324,12,7,677,53,3,,original_uniform_floor_plus_prior_scores,maximum_cardinality_certified_superset_of_eBH_then_maximum_testing_evalue_sum,200,3,3,exact_dyadic_prefix_or_HiGHS_QUBO_MILP,300.0,1
211,6d4b2675cfe02ea386051a1a3ce68e65c9085b7744ddcf9be044708699c7b33e,proven_maximal,maximize_sum_testing_e_values_at_maximum_cardinality,proven_optimal,33475.13132682095,1.128491075176242,29663.620796994757,1,1,5,167,167,28;49;60;167;170,1,1,5,0,0,0,0.05,0.05,0.25,0.0,0.0,0.0,0,4,1.4703034998383373,13,11,738,36,5,,original_uniform_floor_plus_prior_scores,maximum_cardinality_certified_superset_of_eBH_then_maximum_testing_evalue_sum,200,1,1,exact_dyadic_prefix_or_HiGHS_QUBO_MILP,300.0,1
212,50bcb175207a5337389a2732c754f2f3148bce1b9bd6d16f49d2ef3188bafe81,proven_maximal,maximize_sum_testing_e_values_at_maximum_cardinality,proven_optimal,32872.05599714608,1.3154477562845512,24989.252397215965,3,3,3,101;104;177,101;104;177,101;104;177,3,3,3,0,0,0,0.15,0.15,0.15,0.0,0.0,0.0,0,0,2.051324699772522,16,7,624,50,3,,original_uniform_floor_plus_prior_scores,maximum_cardinality_certified_superset_of_eBH_then_maximum_testing_evalue_sum,200,3,3,exact_dyadic_prefix_or_HiGHS_QUBO_MILP,300.0,1
213,af0ea89413bd7bb93b2ed0ec62056a325dcebf172bba8079d0a72db308fe7191,proven_maximal,maximize_sum_testing_e_values_at_maximum_cardinality,proven_optimal,51140.00038347122,1.1823559427934054,43252.62683811535,2,2,2,7;180,7;180,7;180,2,2,2,0,0,0,0.1,0.1,0.1,0.0,0.0,0.0,0,0,1.7517097999807447,15,5,521,32,2,,original_uniform_floor_plus_prior_scores,maximum_cardinality_certified_superset_of_eBH_then_maximum_testing_evalue_sum,200,2,2,exact_dyadic_prefix_or_HiGHS_QUBO_MILP,300.0,1
214,54e11a17e7e593c22b95d2b7d7a05f2d9f6ea381eaad6c6625bffecc253a6bb1,proven_maximal,maximize_sum_testing_e_values_at_maximum_cardinality,proven_optimal,50767.91987259076,2.0690801286617395,24536.468727978623,5,5,11,43;105;109;115;167,43;105;109;115;167,43;46;61;77;98;105;109;115;153;167;193,5,5,11,0,0,0,0.25,0.25,0.55,0.0,0.0,0.0,0,6,5.029803700046614,17,15,831,48,11,,original_uniform_floor_plus_prior_scores,maximum_cardinality_certified_superset_of_eBH_then_maximum_testing_evalue_sum,200,5,5,exact_dyadic_prefix_or_HiGHS_QUBO_MILP,300.0,1
215,3d5882535107735df61c0da39a0ac8dcc0fb5058c84d1abdf47003f37cbfd1eb,proven_maximal,maximize_sum_testing_e_values_at_maximum_cardinality,proven_optimal,0.0,0.0,919.4089638602144,0,0,0,,,,0,0,0,0,0,0,0.0,0.0,0.0,0.0,0.0,0.0,0,0,0.46307050017639995,3,3,300,36,0,,original_uniform_floor_plus_prior_scores,maximum_cardinality_certified_superset_of_eBH_then_maximum_testing_evalue_sum,200,0,0,exact_dyadic_prefix_or_HiGHS_QUBO_MILP,300.0,1
216,c03e152eff7b9c18a69af73ae6506a1b689d9e121343431f533016171641935e,proven_maximal,maximize_sum_testing_e_values_at_maximum_cardinality,proven_optimal,18987.872062737628,1.4117214155040474,13450.155146904895,2,2,5,87;163,87;163,33;47;52;87;163,2,2,5,0,0,0,0.1,0.1,0.25,0.0,0.0,0.0,0,3,1.5228499001823366,14,12,670,48,5,,original_uniform_floor_plus_prior_scores,maximum_cardinality_certified_superset_of_eBH_then_maximum_testing_evalue_sum,200,2,2,exact_dyadic_prefix_or_HiGHS_QUBO_MILP,300.0,1
217,8a924f160346a97210231c2ff5f537b0025e451a436aab2ac29451d4aa0df2eb,proven_maximal,maximize_sum_testing_e_values_at_maximum_cardinality,proven_optimal,0.0,0.0,750.7521562753038,0,0,0,,,,0,0,0,0,0,0,0.0,0.0,0.0,0.0,0.0,0.0,0,0,0.45909979986026883,3,3,300,36,0,,original_uniform_floor_plus_prior_scores,maximum_cardinality_certified_superset_of_eBH_then_maximum_testing_evalue_sum,200,0,0,exact_dyadic_prefix_or_HiGHS_QUBO_MILP,300.0,1
218,e74720a3c7ae534ebc06287d8343437c9d44e08fee0a54b261cec2cd9b9809f6,proven_maximal,maximize_sum_testing_e_values_at_maximum_cardinality,proven_optimal,65926.7894104268,1.3064731655380628,50461.64831351532,4,4,4,9;16;40;112,9;16;40;112,9;16;40;112,4,4,4,0,0,0,0.2,0.2,0.2,0.0,0.0,0.0,0,0,1.4478992999065667,13,7,637,47,4,,original_uniform_floor_plus_prior_scores,maximum_cardinality_certified_superset_of_eBH_then_maximum_testing_evalue_sum,200,4,4,exact_dyadic_prefix_or_HiGHS_QUBO_MILP,300.0,1
219,bc46c3adf658942e5fa13722084d115ad1cc124e91598972df4c3f60c2fb6e4a,proven_maximal,maximize_sum_testing_e_values_at_maximum_cardinality,proven_optimal,0.0,0.0,753.3475736075123,0,0,0,,,,0,0,0,0,0,0,0.0,0.0,0.0,0.0,0.0,0.0,0,0,0.5871032001450658,3,3,300,43,0,,original_uniform_floor_plus_prior_scores,maximum_cardinality_certified_superset_of_eBH_then_maximum_testing_evalue_sum,200,0,0,exact_dyadic_prefix_or_HiGHS_QUBO_MILP,300.0,1
220,6a470b35a47e3893cd2a7feb7b717ee3e540d37130a6339ee459c52c3a97eca1,proven_maximal,maximize_sum_testing_e_values_at_maximum_cardinality,proven_optimal,0.0,0.0,2754.550848932911,0,0,0,,,,0,0,0,0,0,0,0.0,0.0,0.0,0.0,0.0,0.0,0,0,1.8444485000800341,16,8,713,38,0,,original_uniform_floor_plus_prior_scores,maximum_cardinality_certified_superset_of_eBH_then_maximum_testing_evalue_sum,200,0,0,exact_dyadic_prefix_or_HiGHS_QUBO_MILP,300.0,1
221,a132006b4e04e8e4702d5bae29d379eb25fe06daa6242d935e3c12be3fa8e7d8,proven_maximal,maximize_sum_testing_e_values_at_maximum_cardinality,proven_optimal,159769.94686793076,1.0566712817301034,151201.18208033164,2,2,2,5;22,5;22,5;22,2,2,2,0,0,0,0.1,0.1,0.1,0.0,0.0,0.0,0,0,1.7846190999262035,15,7,616,54,2,,original_uniform_floor_plus_prior_scores,maximum_cardinality_certified_superset_of_eBH_then_maximum_testing_evalue_sum,200,2,2,exact_dyadic_prefix_or_HiGHS_QUBO_MILP,300.0,1
222,d13cdde666880074e56b2565e4377a295596e3008c498f0b9acbcd6d7a361e6f,proven_maximal,maximize_sum_testing_e_values_at_maximum_cardinality,proven_optimal,39258.70706726468,1.2280132935096042,31969.28508409314,2,2,2,17;137,17;137,17;137,2,2,2,0,0,0,0.1,0.1,0.1,0.0,0.0,0.0,0,0,2.446688299998641,18,12,1072,39,2,,original_uniform_floor_plus_prior_scores,maximum_cardinality_certified_superset_of_eBH_then_maximum_testing_evalue_sum,200,2,2,exact_dyadic_prefix_or_HiGHS_QUBO_MILP,300.0,1
223,a8fcfa7b10b6c382feb9d2542550fc4921edf9ac789cc5cd50af993dee7fd59f,proven_maximal,maximize_sum_testing_e_values_at_maximum_cardinality,proven_optimal,100059.00609412356,1.3270612094753278,75398.93817986232,5,5,8,55;102;111;191;197,55;102;111;191;197,55;73;102;111;135;169;191;197,5,5,8,0,0,0,0.25,0.25,0.4,0.0,0.0,0.0,0,3,3.5860134998802096,22,15,571,33,8,,original_uniform_floor_plus_prior_scores,maximum_cardinality_certified_superset_of_eBH_then_maximum_testing_evalue_sum,200,5,5,exact_dyadic_prefix_or_HiGHS_QUBO_MILP,300.0,1
224,72b64aad107f49001e4f236582354859bca9e742071d46e093e73e4891f0519c,proven_maximal,maximize_sum_testing_e_values_at_maximum_cardinality,proven_optimal,102202.66926860562,1.0885888412808356,93885.4647346502,4,4,4,47;85;109;118,47;85;109;118,47;85;109;118,4,4,4,0,0,0,0.2,0.2,0.2,0.0,0.0,0.0,0,0,1.499169300077483,13,7,675,49,4,,original_uniform_floor_plus_prior_scores,maximum_cardinality_certified_superset_of_eBH_then_maximum_testing_evalue_sum,200,4,4,exact_dyadic_prefix_or_HiGHS_QUBO_MILP,300.0,1
225,63205e68fad3721549b08bd594ff5b9bf6daa7b7679e85f698cfa37d90e41304,proven_maximal,maximize_sum_testing_e_values_at_maximum_cardinality,proven_optimal,11686.033249085001,2.403048724729653,4863.003038109308,3,3,4,57;98;175,57;98;175,57;82;98;175,3,3,4,0,0,0,0.15,0.15,0.2,0.0,0.0,0.0,0,1,1.1618250999599695,10,7,700,48,4,,original_uniform_floor_plus_prior_scores,maximum_cardinality_certified_superset_of_eBH_then_maximum_testing_evalue_sum,200,3,3,exact_dyadic_prefix_or_HiGHS_QUBO_MILP,300.0,1
226,cac46ffbf2cc0098926e8839b8d3a32bda31dff7b63ef5bcc6e1838127f68718,proven_maximal,maximize_sum_testing_e_values_at_maximum_cardinality,proven_optimal,18088.822062507563,1.6632176913132963,10875.799456067843,3,3,3,68;79;177,68;79;177,68;79;177,3,3,3,0,0,0,0.15,0.15,0.15,0.0,0.0,0.0,0,0,1.148449500091374,9,8,805,45,3,,original_uniform_floor_plus_prior_scores,maximum_cardinality_certified_superset_of_eBH_then_maximum_testing_evalue_sum,200,3,3,exact_dyadic_prefix_or_HiGHS_QUBO_MILP,300.0,1
227,3cfedb9bf5cc3c470056b00b0197ca6449b0a82f3c0b7fc1b120bc7adb3c93f7,proven_maximal,maximize_sum_testing_e_values_at_maximum_cardinality,proven_optimal,11565.65009863669,2.2935164265476047,5042.758780693054,5,5,7,9;44;151;153;177,9;44;151;153;177,9;44;46;151;153;177;191,5,5,7,0,0,0,0.25,0.25,0.35,0.0,0.0,0.0,0,2,1.9730585000943393,15,8,648,40,7,,original_uniform_floor_plus_prior_scores,maximum_cardinality_certified_superset_of_eBH_then_maximum_testing_evalue_sum,200,5,5,exact_dyadic_prefix_or_HiGHS_QUBO_MILP,300.0,1
228,50ff26585e4f35b947269a8c97c7467d1e7e3dd5a8bae439b7d844fb2be76cd9,proven_maximal,maximize_sum_testing_e_values_at_maximum_cardinality,proven_optimal,5731.466365321655,1.0,5731.466365321655,1,1,1,172,172,172,1,1,1,0,0,0,0.05,0.05,0.05,0.0,0.0,0.0,0,0,2.52044970006682,20,10,817,47,1,,original_uniform_floor_plus_prior_scores,maximum_cardinality_certified_superset_of_eBH_then_maximum_testing_evalue_sum,200,1,1,exact_dyadic_prefix_or_HiGHS_QUBO_MILP,300.0,1
229,2284a0907042d0b1fd48b94367868fecb17dae084ce1b32c4b0cad4c01da5877,proven_maximal,maximize_sum_testing_e_values_at_maximum_cardinality,proven_optimal,0.0,0.0,1022.6908013545604,0,0,0,,,,0,0,0,0,0,0,0.0,0.0,0.0,0.0,0.0,0.0,0,0,1.7851615999825299,12,8,741,40,0,,original_uniform_floor_plus_prior_scores,maximum_cardinality_certified_superset_of_eBH_then_maximum_testing_evalue_sum,200,0,0,exact_dyadic_prefix_or_HiGHS_QUBO_MILP,300.0,1
230,e7d73cd427ab03aaabb826c66e5ea03f02b04e39a5aee6f175b2c943a7db4fa9,proven_maximal,maximize_sum_testing_e_values_at_maximum_cardinality,proven_optimal,27305.07931206137,1.9709638371608735,13853.668340964432,3,3,6,17;87;112,17;87;112,7;17;87;112;139;171,3,3,6,0,0,0,0.15,0.15,0.3,0.0,0.0,0.0,0,3,1.667951200157404,12,7,618,43,6,,original_uniform_floor_plus_prior_scores,maximum_cardinality_certified_superset_of_eBH_then_maximum_testing_evalue_sum,200,3,3,exact_dyadic_prefix_or_HiGHS_QUBO_MILP,300.0,1
231,476c7aa819b737f6ad61100ef61260b8fc92cbe675a85b74f18e002cd5836065,proven_maximal,maximize_sum_testing_e_values_at_maximum_cardinality,proven_optimal,9681.796525659103,2.609639193968335,3710.01345628034,4,4,7,4;33;88;197,4;33;88;197,4;33;35;88;93;117;197,4,4,7,0,0,0,0.2,0.2,0.35,0.0,0.0,0.0,0,3,1.7856409000232816,12,9,720,36,7,,original_uniform_floor_plus_prior_scores,maximum_cardinality_certified_superset_of_eBH_then_maximum_testing_evalue_sum,200,4,4,exact_dyadic_prefix_or_HiGHS_QUBO_MILP,300.0,1
232,96cfd3ca3d6f070c16d9fe6937fc329c70ef13093ce8e6e4ddd8382a475be60a,proven_maximal,maximize_sum_testing_e_values_at_maximum_cardinality,proven_optimal,264839.89895358775,1.0505832673768738,252088.441894613,3,3,9,20;95;199,20;95;199,20;39;61;95;106;148;173;174;199,3,3,9,0,0,0,0.15,0.15,0.45,0.0,0.0,0.0,0,6,2.874916600063443,16,13,763,32,9,,original_uniform_floor_plus_prior_scores,maximum_cardinality_certified_superset_of_eBH_then_maximum_testing_evalue_sum,200,3,3,exact_dyadic_prefix_or_HiGHS_QUBO_MILP,300.0,1
233,538801245b2fe21b8583a8a2dc145f25bbd912034a7e579bbcf36639de92d149,proven_maximal,maximize_sum_testing_e_values_at_maximum_cardinality,proven_optimal,88472.91582438428,1.681807422919857,52605.85404646551,5,5,6,30;34;143;163;170,30;34;143;163;170,30;34;111;143;163;170,5,5,6,0,0,0,0.25,0.25,0.3,0.0,0.0,0.0,0,1,2.352275100070983,18,12,771,47,6,,original_uniform_floor_plus_prior_scores,maximum_cardinality_certified_superset_of_eBH_then_maximum_testing_evalue_sum,200,5,5,exact_dyadic_prefix_or_HiGHS_QUBO_MILP,300.0,1
234,25f0f1e9de24b8f105c58121533a56f9129ffdecf4ea141e424400556b2fc278,proven_maximal,maximize_sum_testing_e_values_at_maximum_cardinality,proven_optimal,6856.2107287646695,1.950690728400289,3514.7605045456235,3,3,3,35;59;103,35;59;103,35;59;103,3,3,3,0,0,0,0.15,0.15,0.15,0.0,0.0,0.0,0,0,1.350420700153336,11,5,506,45,3,,original_uniform_floor_plus_prior_scores,maximum_cardinality_certified_superset_of_eBH_then_maximum_testing_evalue_sum,200,3,3,exact_dyadic_prefix_or_HiGHS_QUBO_MILP,300.0,1
235,b7944fa04dabb690ce7504b4f23dca8f363dfd0170d4b0630c7692b1c00a11fe,proven_maximal,maximize_sum_testing_e_values_at_maximum_cardinality,proven_optimal,29142.589612352258,1.7519418545383907,16634.450245513926,4,4,5,44;70;155;191,44;70;155;191,44;70;155;185;191,4,4,5,0,0,0,0.2,0.2,0.25,0.0,0.0,0.0,0,1,2.02054820000194,16,8,708,35,5,,original_uniform_floor_plus_prior_scores,maximum_cardinality_certified_superset_of_eBH_then_maximum_testing_evalue_sum,200,4,4,exact_dyadic_prefix_or_HiGHS_QUBO_MILP,300.0,1
236,d7263622bf0523e363db50182a9b27d49c84eab5d4bca66b95c48ce0480a541f,proven_maximal,maximize_sum_testing_e_values_at_maximum_cardinality,proven_optimal,3957.1247851722583,1.0,3957.1247851722583,0,0,1,,,166,0,0,1,0,0,0,0.0,0.0,0.05,0.0,0.0,0.0,0,1,1.715621299808845,14,7,573,36,1,,original_uniform_floor_plus_prior_scores,maximum_cardinality_certified_superset_of_eBH_then_maximum_testing_evalue_sum,200,0,0,exact_dyadic_prefix_or_HiGHS_QUBO_MILP,300.0,1
237,2102e176921c9fdf05d2aa1189c4659460870a8922d7453ce0a1bef78e4f9468,proven_maximal,maximize_sum_testing_e_values_at_maximum_cardinality,proven_optimal,27546.627561490623,1.4109564574184763,19523.371835223512,4,4,7,19;66;115;169,19;66;115;169,19;20;54;66;115;164;169,4,4,7,0,0,0,0.2,0.2,0.35,0.0,0.0,0.0,0,3,2.696881900075823,15,11,935,38,7,,original_uniform_floor_plus_prior_scores,maximum_cardinality_certified_superset_of_eBH_then_maximum_testing_evalue_sum,200,4,4,exact_dyadic_prefix_or_HiGHS_QUBO_MILP,300.0,1
238,71da7827239e2244e7feb8222132f0e675d35f6d1cc80a9ba75d1bab53c67ec4,proven_maximal,maximize_sum_testing_e_values_at_maximum_cardinality,proven_optimal,0.0,0.0,2331.9877261755423,0,0,0,,,,0,0,0,0,0,0,0.0,0.0,0.0,0.0,0.0,0.0,0,0,1.9749147999100387,17,8,585,37,0,,original_uniform_floor_plus_prior_scores,maximum_cardinality_certified_superset_of_eBH_then_maximum_testing_evalue_sum,200,0,0,exact_dyadic_prefix_or_HiGHS_QUBO_MILP,300.0,1
239,130b41afadbf99452dae8c210b1379b74775120d26be95edbd03098f9dfb528e,proven_maximal,maximize_sum_testing_e_values_at_maximum_cardinality,proven_optimal,61946.575542720566,2.0750405910372582,29853.18735946033,3,3,3,3;9;130,3;9;130,3;9;130,3,3,3,0,0,0,0.15,0.15,0.15,0.0,0.0,0.0,0,0,1.8707705999258906,15,7,606,40,3,,original_uniform_floor_plus_prior_scores,maximum_cardinality_certified_superset_of_eBH_then_maximum_testing_evalue_sum,200,3,3,exact_dyadic_prefix_or_HiGHS_QUBO_MILP,300.0,1
240,d82993abddf1c752637c3c0028b8e65bd677d9e248f5a74ca461c77248c796b4,proven_maximal,maximize_sum_testing_e_values_at_maximum_cardinality,proven_optimal,6750.082435286974,5.172212983924787,1305.0666042303744,0,0,12,,,2;17;32;52;70;94;115;158;175;177;191;196,0,0,12,0,0,0,0.0,0.0,0.6,0.0,0.0,0.0,0,12,1.6821306999772787,8,8,614,45,12,,original_uniform_floor_plus_prior_scores,maximum_cardinality_certified_superset_of_eBH_then_maximum_testing_evalue_sum,200,0,0,exact_dyadic_prefix_or_HiGHS_QUBO_MILP,300.0,1
241,7ae1172fd06164c7a4626cb13475a2ce9278936ddf73a1f8f67935ae5df7ea32,proven_maximal,maximize_sum_testing_e_values_at_maximum_cardinality,proven_optimal,0.0,0.0,1274.871524648755,0,0,0,,,,0,0,0,0,0,0,0.0,0.0,0.0,0.0,0.0,0.0,0,0,0.49722700007259846,3,3,300,47,0,,original_uniform_floor_plus_prior_scores,maximum_cardinality_certified_superset_of_eBH_then_maximum_testing_evalue_sum,200,0,0,exact_dyadic_prefix_or_HiGHS_QUBO_MILP,300.0,1
242,4c155dec89281876ef9497f87b3f114b43dcaf8456dfd80d0656c910ac8e4b3d,proven_maximal,maximize_sum_testing_e_values_at_maximum_cardinality,proven_optimal,56898.39818251863,1.0745212918380955,52952.32268984377,2,2,2,36;177,36;177,36;177,2,2,2,0,0,0,0.1,0.1,0.1,0.0,0.0,0.0,0,0,1.43740290007554,10,5,572,38,2,,original_uniform_floor_plus_prior_scores,maximum_cardinality_certified_superset_of_eBH_then_maximum_testing_evalue_sum,200,2,2,exact_dyadic_prefix_or_HiGHS_QUBO_MILP,300.0,1
243,e2b4b444f4818037a3a004ed2ab51ea80fe2eac363c36898920bf73f7f00e9aa,proven_maximal,maximize_sum_testing_e_values_at_maximum_cardinality,proven_optimal,204014.4679330732,1.264822035631454,161298.95130362775,4,4,4,16;110;130;177,16;110;130;177,16;110;130;177,4,4,4,0,0,0,0.2,0.2,0.2,0.0,0.0,0.0,0,0,1.2992681998293847,11,7,667,52,4,,original_uniform_floor_plus_prior_scores,maximum_cardinality_certified_superset_of_eBH_then_maximum_testing_evalue_sum,200,4,4,exact_dyadic_prefix_or_HiGHS_QUBO_MILP,300.0,1
244,7ff85f47aa91c7c4fd185fb27d9d50ab5571a9a688967e206f2996b2251b710e,proven_maximal,maximize_sum_testing_e_values_at_maximum_cardinality,proven_optimal,4641.801282135198,1.2506911919603612,3711.3888000278753,0,0,2,,,20;122,0,0,2,0,0,0,0.0,0.0,0.1,0.0,0.0,0.0,0,2,1.9554266000632197,14,7,643,41,2,,original_uniform_floor_plus_prior_scores,maximum_cardinality_certified_superset_of_eBH_then_maximum_testing_evalue_sum,200,0,0,exact_dyadic_prefix_or_HiGHS_QUBO_MILP,300.0,1
245,3f1b2c04f439543c8752692de6089c538ef427918471e1514b075589d658e017,proven_maximal,maximize_sum_testing_e_values_at_maximum_cardinality,proven_optimal,39538.1678211621,1.3499426273730266,29288.776440894333,8,8,8,15;28;39;57;80;116;126;155,15;28;39;57;80;116;126;155,15;28;39;57;80;116;126;155,7,7,7,1,1,1,0.35,0.35,0.35,0.125,0.125,0.125,0,0,1.9665306000970304,13,6,626,37,8,,original_uniform_floor_plus_prior_scores,maximum_cardinality_certified_superset_of_eBH_then_maximum_testing_evalue_sum,200,8,8,exact_dyadic_prefix_or_HiGHS_QUBO_MILP,300.0,1
246,3b3245f4300b4a527dc53e1192407146ea0b763229b21bcb763ffdcfe5fe7623,proven_maximal,maximize_sum_testing_e_values_at_maximum_cardinality,proven_optimal,17991.57033648235,1.4607635104902565,12316.55241062537,2,2,8,27;121,27;121,26;27;71;90;118;121;170;189,1,1,7,1,1,1,0.05,0.05,0.35,0.5,0.5,0.125,0,6,1.7039240000303835,10,6,561,42,8,,original_uniform_floor_plus_prior_scores,maximum_cardinality_certified_superset_of_eBH_then_maximum_testing_evalue_sum,200,2,2,exact_dyadic_prefix_or_HiGHS_QUBO_MILP,300.0,1
247,8d3b1dac344e9684a5044b0ad91d77beeabb167eb4de3e756edf660402cd6799,proven_maximal,maximize_sum_testing_e_values_at_maximum_cardinality,proven_optimal,31418.580025910305,1.0571703284309644,29719.506101293315,1,1,3,71,71,33;55;71,1,1,3,0,0,0,0.05,0.05,0.15,0.0,0.0,0.0,0,2,1.7007362998556346,13,11,740,39,3,,original_uniform_floor_plus_prior_scores,maximum_cardinality_certified_superset_of_eBH_then_maximum_testing_evalue_sum,200,1,1,exact_dyadic_prefix_or_HiGHS_QUBO_MILP,300.0,1
248,80b01d5cc48396bec6b8a0e5a0b349ef4783c029cc6831e905b63cbead176c65,proven_maximal,maximize_sum_testing_e_values_at_maximum_cardinality,proven_optimal,93233.57358830882,1.0682620823197406,87275.93643111557,2,2,2,65;193,65;193,65;193,2,2,2,0,0,0,0.1,0.1,0.1,0.0,0.0,0.0,0,0,1.6002708000596613,15,7,682,41,2,,original_uniform_floor_plus_prior_scores,maximum_cardinality_certified_superset_of_eBH_then_maximum_testing_evalue_sum,200,2,2,exact_dyadic_prefix_or_HiGHS_QUBO_MILP,300.0,1
249,5c81789ac146ff3bd07ed49e625f0a1e18ba66fd530a2a4d91f77e9bf588b688,proven_maximal,maximize_sum_testing_e_values_at_maximum_cardinality,proven_optimal,0.0,0.0,628.2971651145034,0,0,0,,,,0,0,0,0,0,0,0.0,0.0,0.0,0.0,0.0,0.0,0,0,0.4581060998607427,3,3,300,39,0,,original_uniform_floor_plus_prior_scores,maximum_cardinality_certified_superset_of_eBH_then_maximum_testing_evalue_sum,200,0,0,exact_dyadic_prefix_or_HiGHS_QUBO_MILP,300.0,1
250,f1e886a76e9f8038bda4a03f5cb6ec0f854cfc67da882ff5d5e0d23eacd9edea,proven_maximal,maximize_sum_testing_e_values_at_maximum_cardinality,proven_optimal,18840.639460080813,1.6332440364979863,11535.716058990822,3,3,3,106;149;160,106;149;160,106;149;160,3,3,3,0,0,0,0.15,0.15,0.15,0.0,0.0,0.0,0,0,1.8822900000959635,14,6,603,37,3,,original_uniform_floor_plus_prior_scores,maximum_cardinality_certified_superset_of_eBH_then_maximum_testing_evalue_sum,200,3,3,exact_dyadic_prefix_or_HiGHS_QUBO_MILP,300.0,1
251,72b1fcb31ffd5ef6b1ba9c86df736dff81a6e27f50aa102a26fec1853f767d45,proven_maximal,maximize_sum_testing_e_values_at_maximum_cardinality,proven_optimal,0.0,0.0,1066.587140262592,0,0,0,,,,0,0,0,0,0,0,0.0,0.0,0.0,0.0,0.0,0.0,0,0,1.612011699937284,12,7,590,40,0,,original_uniform_floor_plus_prior_scores,maximum_cardinality_certified_superset_of_eBH_then_maximum_testing_evalue_sum,200,0,0,exact_dyadic_prefix_or_HiGHS_QUBO_MILP,300.0,1
252,886ab926925282a8a13ace8374fee156b54f053fed853517f824a2acc4331135,proven_maximal,maximize_sum_testing_e_values_at_maximum_cardinality,proven_optimal,13137.143633168027,1.8881125552320488,6957.818058443806,2,2,7,57;74,57;74,16;42;50;57;74;127;134,2,2,7,0,0,0,0.1,0.1,0.35,0.0,0.0,0.0,0,5,1.3436766001395881,11,8,590,43,7,,original_uniform_floor_plus_prior_scores,maximum_cardinality_certified_superset_of_eBH_then_maximum_testing_evalue_sum,200,2,2,exact_dyadic_prefix_or_HiGHS_QUBO_MILP,300.0,1
253,0a347d8faefd70b0ff5e1fae1560c105558119ad8e939f9fd8ee41a7e22678a1,proven_maximal,maximize_sum_testing_e_values_at_maximum_cardinality,proven_optimal,12185.34875901362,1.7281154481191532,7051.235362935915,1,1,9,162,162,22;45;57;85;135;137;139;155;162,1,1,9,0,0,0,0.05,0.05,0.45,0.0,0.0,0.0,0,8,1.3323468000162393,10,8,650,44,9,,original_uniform_floor_plus_prior_scores,maximum_cardinality_certified_superset_of_eBH_then_maximum_testing_evalue_sum,200,1,1,exact_dyadic_prefix_or_HiGHS_QUBO_MILP,300.0,1
254,af0a70248d998ea4a77076ff264d993d283185a666dec7712813a5586c74ed4e,proven_maximal,maximize_sum_testing_e_values_at_maximum_cardinality,proven_optimal,7894.501039949066,1.5054519974380143,5243.940725698307,2,2,2,108;139,108;139,108;139,2,2,2,0,0,0,0.1,0.1,0.1,0.0,0.0,0.0,0,0,1.78701340011321,14,7,608,41,2,,original_uniform_floor_plus_prior_scores,maximum_cardinality_certified_superset_of_eBH_then_maximum_testing_evalue_sum,200,2,2,exact_dyadic_prefix_or_HiGHS_QUBO_MILP,300.0,1
255,b34e12e93ebebb635f0f0e4d2b00f826b4dcecb3dd4ff7be0555b928b7ce8a89,proven_maximal,maximize_sum_testing_e_values_at_maximum_cardinality,proven_optimal,118240.29492124604,1.1436269949558124,103390.61201140554,6,6,8,50;58;111;180;189;193,50;58;111;180;189;193,28;50;58;102;111;180;189;193,6,6,8,0,0,0,0.3,0.3,0.4,0.0,0.0,0.0,0,2,1.1746561999898404,8,7,617,42,8,,original_uniform_floor_plus_prior_scores,maximum_cardinality_certified_superset_of_eBH_then_maximum_testing_evalue_sum,200,6,6,exact_dyadic_prefix_or_HiGHS_QUBO_MILP,300.0,1
256,65060974b52a389a870b4263381256a348d3c7ab9d897794b43ec63f9ed628a5,proven_maximal,maximize_sum_testing_e_values_at_maximum_cardinality,proven_optimal,24800.68433462012,2.1841189482456316,11355.006262154808,3,3,3,54;58;141,54;58;141,54;58;141,3,3,3,0,0,0,0.15,0.15,0.15,0.0,0.0,0.0,0,0,2.0928295000921935,17,7,507,30,3,,original_uniform_floor_plus_prior_scores,maximum_cardinality_certified_superset_of_eBH_then_maximum_testing_evalue_sum,200,3,3,exact_dyadic_prefix_or_HiGHS_QUBO_MILP,300.0,1
257,44880eb12833b3fdd8862c3acc18cd94c9db22d1fcf4752647e6f7932a5d680b,proven_maximal,maximize_sum_testing_e_values_at_maximum_cardinality,proven_optimal,12808.039381065197,3.0700187298506996,4171.974345475109,5,5,5,43;65;70;74;84,43;65;70;74;84,43;65;70;74;84,5,5,5,0,0,0,0.25,0.25,0.25,0.0,0.0,0.0,0,0,1.1825188000220805,12,7,588,48,5,,original_uniform_floor_plus_prior_scores,maximum_cardinality_certified_superset_of_eBH_then_maximum_testing_evalue_sum,200,5,5,exact_dyadic_prefix_or_HiGHS_QUBO_MILP,300.0,1
258,2257e05da54b4b5fd4c3ff547b9de512d63d7991f3a0c89291296daa8b4ba051,proven_maximal,maximize_sum_testing_e_values_at_maximum_cardinality,proven_optimal,15946.248200830014,3.549250159717398,4492.849893144669,5,5,9,44;56;139;152;199,44;56;139;152;199,44;56;61;64;110;139;152;198;199,5,5,9,0,0,0,0.25,0.25,0.45,0.0,0.0,0.0,0,4,1.5100897999946028,11,7,608,37,9,,original_uniform_floor_plus_prior_scores,maximum_cardinality_certified_superset_of_eBH_then_maximum_testing_evalue_sum,200,5,5,exact_dyadic_prefix_or_HiGHS_QUBO_MILP,300.0,1
259,813416e72a61227f31c2a13279185b8efebd118edf3c8f433e30df107fd4f37a,proven_maximal,maximize_sum_testing_e_values_at_maximum_cardinality,proven_optimal,56119.65614368317,1.2096326538015991,46393.96594272807,2,2,7,57;161,57;161,57;64;111;131;145;161;190,2,2,7,0,0,0,0.1,0.1,0.35,0.0,0.0,0.0,0,5,1.682671600021422,12,10,712,41,7,,original_uniform_floor_plus_prior_scores,maximum_cardinality_certified_superset_of_eBH_then_maximum_testing_evalue_sum,200,2,2,exact_dyadic_prefix_or_HiGHS_QUBO_MILP,300.0,1
260,c9eea905c7d0f8227c07c9fe5b14cdf8f2879d73ffbd30655cf4b941a559a750,proven_maximal,maximize_sum_testing_e_values_at_maximum_cardinality,proven_optimal,55808.95028479858,2.2851788601844985,24422.13660259956,5,5,7,84;136;142;155;168,84;136;142;155;168,31;44;84;136;142;155;168,5,5,7,0,0,0,0.25,0.25,0.35,0.0,0.0,0.0,0,2,2.300382000161335,19,11,861,47,7,,original_uniform_floor_plus_prior_scores,maximum_cardinality_certified_superset_of_eBH_then_maximum_testing_evalue_sum,200,5,5,exact_dyadic_prefix_or_HiGHS_QUBO_MILP,300.0,1
261,e9b6c35c25c5a236f2d0c5b63e5e339f610c748652e1abf0dac47cdb281280cd,proven_maximal,maximize_sum_testing_e_values_at_maximum_cardinality,proven_optimal,0.0,0.0,1622.7177863302409,0,0,0,,,,0,0,0,0,0,0,0.0,0.0,0.0,0.0,0.0,0.0,0,0,2.151287999935448,17,7,668,41,0,,original_uniform_floor_plus_prior_scores,maximum_cardinality_certified_superset_of_eBH_then_maximum_testing_evalue_sum,200,0,0,exact_dyadic_prefix_or_HiGHS_QUBO_MILP,300.0,1
262,eb056a93ad7082281797c9f5ceb0a51e5e85b39f77e98991b2db7fc03924c256,proven_maximal,maximize_sum_testing_e_values_at_maximum_cardinality,proven_optimal,10904.616853796979,1.4930071110995549,7303.794317339893,2,2,3,107;118,107;118,9;107;118,2,2,3,0,0,0,0.1,0.1,0.15,0.0,0.0,0.0,0,1,1.9474000001791865,18,12,815,46,3,,original_uniform_floor_plus_prior_scores,maximum_cardinality_certified_superset_of_eBH_then_maximum_testing_evalue_sum,200,2,2,exact_dyadic_prefix_or_HiGHS_QUBO_MILP,300.0,1
263,e2d1ef2ed0c7cb2a7d28863ecd55c52dbfef64d34088ae265f1ec21c4c41a79b,proven_maximal,maximize_sum_testing_e_values_at_maximum_cardinality,proven_optimal,338930.2839153848,1.1941570643793813,283823.87378123595,3,3,5,36;66;114,36;66;114,36;66;80;94;114,3,3,5,0,0,0,0.15,0.15,0.25,0.0,0.0,0.0,0,2,1.6265261000953615,13,7,586,32,5,,original_uniform_floor_plus_prior_scores,maximum_cardinality_certified_superset_of_eBH_then_maximum_testing_evalue_sum,200,3,3,exact_dyadic_prefix_or_HiGHS_QUBO_MILP,300.0,1
264,875f2e444a20ec92cbb1f642f15580bab237115bcfe86fbfc207641acfbb3003,proven_maximal,maximize_sum_testing_e_values_at_maximum_cardinality,proven_optimal,90827.44523535455,1.1587029162131668,78387.17238426713,5,5,6,58;102;124;152;167,58;102;124;152;167,1;58;102;124;152;167,5,5,6,0,0,0,0.25,0.25,0.3,0.0,0.0,0.0,0,1,1.3714095999021083,9,7,602,40,6,,original_uniform_floor_plus_prior_scores,maximum_cardinality_certified_superset_of_eBH_then_maximum_testing_evalue_sum,200,5,5,exact_dyadic_prefix_or_HiGHS_QUBO_MILP,300.0,1
265,652c615e267ef027f219b28fe1435ed62dc38dec2f28d9b4134411349e782071,proven_maximal,maximize_sum_testing_e_values_at_maximum_cardinality,proven_optimal,10529.699255558811,1.450644537709807,7258.635028662836,2,2,2,17;73,17;73,17;73,2,2,2,0,0,0,0.1,0.1,0.1,0.0,0.0,0.0,0,0,1.4986495000775903,13,7,751,39,2,,original_uniform_floor_plus_prior_scores,maximum_cardinality_certified_superset_of_eBH_then_maximum_testing_evalue_sum,200,2,2,exact_dyadic_prefix_or_HiGHS_QUBO_MILP,300.0,1
266,8721b3fe0b68ee30e59ebc41a2ebd27cc0dd1efea35dbcd02042ead747c62199,proven_maximal,maximize_sum_testing_e_values_at_maximum_cardinality,proven_optimal,11241.65657331201,1.7771031578835303,6325.832309420035,3,3,4,81;147;191,81;147;191,60;81;147;191,3,3,4,0,0,0,0.15,0.15,0.2,0.0,0.0,0.0,0,1,1.98076259996742,16,8,614,47,4,,original_uniform_floor_plus_prior_scores,maximum_cardinality_certified_superset_of_eBH_then_maximum_testing_evalue_sum,200,3,3,exact_dyadic_prefix_or_HiGHS_QUBO_MILP,300.0,1
267,2d215c79d5a3377b2eb2ebdcc2a75a8b821a15c36fcafdfcca197c345105bea6,proven_maximal,maximize_sum_testing_e_values_at_maximum_cardinality,proven_optimal,3922.638215619611,2.5127862021439378,1561.071217389196,0,0,4,,,56;83;107;155,0,0,4,0,0,0,0.0,0.0,0.2,0.0,0.0,0.0,0,4,1.3411546000279486,11,9,647,43,4,,original_uniform_floor_plus_prior_scores,maximum_cardinality_certified_superset_of_eBH_then_maximum_testing_evalue_sum,200,0,0,exact_dyadic_prefix_or_HiGHS_QUBO_MILP,300.0,1
268,14bf794fdfdcc4c737c34b1748bb683ce37e5d54b4bc4b7b934da0ee4ae65cb1,proven_maximal,maximize_sum_testing_e_values_at_maximum_cardinality,proven_optimal,123832.25283338012,1.0,123832.25283338012,1,1,1,166,166,166,1,1,1,0,0,0,0.05,0.05,0.05,0.0,0.0,0.0,0,0,2.172988200094551,19,9,623,41,1,,original_uniform_floor_plus_prior_scores,maximum_cardinality_certified_superset_of_eBH_then_maximum_testing_evalue_sum,200,1,1,exact_dyadic_prefix_or_HiGHS_QUBO_MILP,300.0,1
269,09f21be5b43ce768570b031938d08e4eed0ee413435d2a2c8e78346d43441e49,proven_maximal,maximize_sum_testing_e_values_at_maximum_cardinality,proven_optimal,37955.724460381905,1.5113164711787228,25114.34579335925,6,6,6,12;18;28;70;194;196,12;18;28;70;194;196,12;18;28;70;194;196,6,6,6,0,0,0,0.3,0.3,0.3,0.0,0.0,0.0,0,0,1.9559744999278337,17,7,740,43,6,,original_uniform_floor_plus_prior_scores,maximum_cardinality_certified_superset_of_eBH_then_maximum_testing_evalue_sum,200,6,6,exact_dyadic_prefix_or_HiGHS_QUBO_MILP,300.0,1
270,61f0a1fb0a56143d4da861c008a1c6de083233196e686e391e0f06f261babc89,proven_maximal,maximize_sum_testing_e_values_at_maximum_cardinality,proven_optimal,45122.30667770728,3.318683385299101,13596.448181103173,6,6,8,52;85;93;114;176;187,52;85;93;114;176;187,16;43;52;85;93;114;176;187,6,6,8,0,0,0,0.3,0.3,0.4,0.0,0.0,0.0,0,2,2.441673200111836,16,10,698,44,8,,original_uniform_floor_plus_prior_scores,maximum_cardinality_certified_superset_of_eBH_then_maximum_testing_evalue_sum,200,6,6,exact_dyadic_prefix_or_HiGHS_QUBO_MILP,300.0,1
271,1b249d5b0f250bd17d0ec5d97a29bc8cf8c553eb645211fc2f2c89f683ce4b44,proven_maximal,maximize_sum_testing_e_values_at_maximum_cardinality,proven_optimal,34210.83976620796,2.130682935900266,16056.279040763537,10,10,10,30;52;72;77;82;104;136;147;166;167,30;52;72;77;82;104;136;147;166;167,30;52;72;77;82;104;136;147;166;167,10,10,10,0,0,0,0.5,0.5,0.5,0.0,0.0,0.0,0,0,1.7384554999880493,13,4,459,35,10,,original_uniform_floor_plus_prior_scores,maximum_cardinality_certified_superset_of_eBH_then_maximum_testing_evalue_sum,200,10,10,exact_dyadic_prefix_or_HiGHS_QUBO_MILP,300.0,1
272,d7ac4e1b7806fb72f7c9033bc4cdda44b9d9d07eb8a8e08cd7a9cdd8062dbfd3,proven_maximal,maximize_sum_testing_e_values_at_maximum_cardinality,proven_optimal,5842.444733114125,1.0,5842.444733114125,1,1,1,107,107,107,0,0,0,1,1,1,0.0,0.0,0.0,1.0,1.0,1.0,0,0,1.3025777000002563,10,5,499,27,1,,original_uniform_floor_plus_prior_scores,maximum_cardinality_certified_superset_of_eBH_then_maximum_testing_evalue_sum,200,1,1,exact_dyadic_prefix_or_HiGHS_QUBO_MILP,300.0,1
273,224a40524e7661a2cca5d63a0206e43196cbf1bd0bbd3d7d7df0efbc656f4776,proven_maximal,maximize_sum_testing_e_values_at_maximum_cardinality,proven_optimal,201627.81856261534,1.0704499273914851,188358.01040591407,5,5,7,40;60;91;95;111,40;60;91;95;111,17;40;60;91;95;111;125,5,5,7,0,0,0,0.25,0.25,0.35,0.0,0.0,0.0,0,2,1.47625120007433,12,8,668,49,7,,original_uniform_floor_plus_prior_scores,maximum_cardinality_certified_superset_of_eBH_then_maximum_testing_evalue_sum,200,5,5,exact_dyadic_prefix_or_HiGHS_QUBO_MILP,300.0,1
274,ac61fe82ceb259b303662e269b3e4560d40ef650acf633fd13ebf02093002d84,proven_maximal,maximize_sum_testing_e_values_at_maximum_cardinality,proven_optimal,5842.304281295918,1.5255714132543783,3829.5842662868217,2,2,2,61;133,61;133,61;133,2,2,2,0,0,0,0.1,0.1,0.1,0.0,0.0,0.0,0,0,1.4242122999858111,13,7,637,49,2,,original_uniform_floor_plus_prior_scores,maximum_cardinality_certified_superset_of_eBH_then_maximum_testing_evalue_sum,200,2,2,exact_dyadic_prefix_or_HiGHS_QUBO_MILP,300.0,1
275,6a5b66091e3d3360b4f3f5a06607607e3e6341071c8a7db15d962843c45ae465,proven_maximal,maximize_sum_testing_e_values_at_maximum_cardinality,proven_optimal,36189.133316068765,1.244138993549355,29087.693178738988,4,4,5,29;133;151;164,29;133;151;164,29;91;133;151;164,4,4,5,0,0,0,0.2,0.2,0.25,0.0,0.0,0.0,0,1,1.9452758999541402,15,7,551,43,5,,original_uniform_floor_plus_prior_scores,maximum_cardinality_certified_superset_of_eBH_then_maximum_testing_evalue_sum,200,4,4,exact_dyadic_prefix_or_HiGHS_QUBO_MILP,300.0,1
276,064d2b6865a0d3ecf63f3558dad92b4081a782da85a6207b8bddec391cd4e8aa,proven_maximal,maximize_sum_testing_e_values_at_maximum_cardinality,proven_optimal,170059.9833052637,1.2138699964262556,140097.3611720661,3,3,6,27;42;52,27;42;52,13;23;27;42;45;52,3,3,6,0,0,0,0.15,0.15,0.3,0.0,0.0,0.0,0,3,1.806453299941495,13,7,649,48,6,,original_uniform_floor_plus_prior_scores,maximum_cardinality_certified_superset_of_eBH_then_maximum_testing_evalue_sum,200,3,3,exact_dyadic_prefix_or_HiGHS_QUBO_MILP,300.0,1
277,5c42ee2603bb26b6358dc25a8eff65b998c9ab95ad3cfe3f5b3577314c4a3015,proven_maximal,maximize_sum_testing_e_values_at_maximum_cardinality,proven_optimal,12841.991049607053,1.7886994389053128,7179.513097776994,5,5,8,1;23;45;157;179,1;23;45;157;179,1;23;45;77;136;157;167;179,5,5,8,0,0,0,0.25,0.25,0.4,0.0,0.0,0.0,0,3,1.2100948998704553,11,11,853,43,8,,original_uniform_floor_plus_prior_scores,maximum_cardinality_certified_superset_of_eBH_then_maximum_testing_evalue_sum,200,5,5,exact_dyadic_prefix_or_HiGHS_QUBO_MILP,300.0,1
278,5aca222e2e792077046fc18bc5bb694bc548bfb418e1a6039383fdd6d0fe2b67,proven_maximal,maximize_sum_testing_e_values_at_maximum_cardinality,proven_optimal,36394.37548621941,1.2783825640948583,28469.07999874667,5,5,5,2;18;109;127;199,2;18;109;127;199,2;18;109;127;199,5,5,5,0,0,0,0.25,0.25,0.25,0.0,0.0,0.0,0,0,1.8784463999327272,15,5,527,31,5,,original_uniform_floor_plus_prior_scores,maximum_cardinality_certified_superset_of_eBH_then_maximum_testing_evalue_sum,200,5,5,exact_dyadic_prefix_or_HiGHS_QUBO_MILP,300.0,1
279,fc49f7aeccdbbe3c4caae7f4d89825f256a5643c1fb89df8739ab76c1b7f20a7,proven_maximal,maximize_sum_testing_e_values_at_maximum_cardinality,proven_optimal,56058.73182063375,1.4302078082077867,39196.21435355029,5,5,5,13;54;62;134;150,13;54;62;134;150,13;54;62;134;150,5,5,5,0,0,0,0.25,0.25,0.25,0.0,0.0,0.0,0,0,1.9365306000690907,15,7,722,45,5,,original_uniform_floor_plus_prior_scores,maximum_cardinality_certified_superset_of_eBH_then_maximum_testing_evalue_sum,200,5,5,exact_dyadic_prefix_or_HiGHS_QUBO_MILP,300.0,1
280,b79c70ea725139d912ed4667bac45040af1016f380e47f2ea926c47dfa79f356,proven_maximal,maximize_sum_testing_e_values_at_maximum_cardinality,proven_optimal,0.0,0.0,1054.1611115070057,0,0,0,,,,0,0,0,0,0,0,0.0,0.0,0.0,0.0,0.0,0.0,0,0,1.8945678998716176,16,8,679,51,0,,original_uniform_floor_plus_prior_scores,maximum_cardinality_certified_superset_of_eBH_then_maximum_testing_evalue_sum,200,0,0,exact_dyadic_prefix_or_HiGHS_QUBO_MILP,300.0,1
281,e27e6bb016f741e617f70392d7a373aa0f754d77bc1b21911499caf9f9581dce,proven_maximal,maximize_sum_testing_e_values_at_maximum_cardinality,proven_optimal,0.0,0.0,1551.9833246955905,0,0,0,,,,0,0,0,0,0,0,0.0,0.0,0.0,0.0,0.0,0.0,0,0,1.4545587999746203,11,8,784,47,0,,original_uniform_floor_plus_prior_scores,maximum_cardinality_certified_superset_of_eBH_then_maximum_testing_evalue_sum,200,0,0,exact_dyadic_prefix_or_HiGHS_QUBO_MILP,300.0,1
282,105d0cfdbeff5e056621efb26ee5ac56e079221c6e856aee0280136f9dd0b478,proven_maximal,maximize_sum_testing_e_values_at_maximum_cardinality,proven_optimal,143274.52874154653,1.3816679915908263,103696.7850551296,6,6,7,13;40;67;132;147;151,13;40;67;132;147;151,13;40;67;96;132;147;151,6,6,7,0,0,0,0.3,0.3,0.35,0.0,0.0,0.0,0,1,2.3129576998762786,17,9,646,45,7,,original_uniform_floor_plus_prior_scores,maximum_cardinality_certified_superset_of_eBH_then_maximum_testing_evalue_sum,200,6,6,exact_dyadic_prefix_or_HiGHS_QUBO_MILP,300.0,1
283,7479da055891d8d903df370d2ed3665eb8354cac221e0382ccee657f7cb71212,proven_maximal,maximize_sum_testing_e_values_at_maximum_cardinality,proven_optimal,5529.05592141926,2.5625367162239017,2157.6494441674795,0,0,4,,,63;66;118;138,0,0,4,0,0,0,0.0,0.0,0.2,0.0,0.0,0.0,0,4,1.42970130010508,11,8,622,31,4,,original_uniform_floor_plus_prior_scores,maximum_cardinality_certified_superset_of_eBH_then_maximum_testing_evalue_sum,200,0,0,exact_dyadic_prefix_or_HiGHS_QUBO_MILP,300.0,1
284,00018f1442f089d4aac6202c93e7677fc0e4708fe8d452b5c6652e5371187c41,proven_maximal,maximize_sum_testing_e_values_at_maximum_cardinality,proven_optimal,50246.37517735572,1.5015671747963706,33462.6222660799,7,7,7,15;55;59;86;111;175;186,15;55;59;86;111;175;186,15;55;59;86;111;175;186,7,7,7,0,0,0,0.35,0.35,0.35,0.0,0.0,0.0,0,0,1.4703745997976512,12,5,549,38,7,,original_uniform_floor_plus_prior_scores,maximum_cardinality_certified_superset_of_eBH_then_maximum_testing_evalue_sum,200,7,7,exact_dyadic_prefix_or_HiGHS_QUBO_MILP,300.0,1
285,d6a8d527a8a8078cd6d8a7d97203368231877664f6a61ad62973e1b5cba41672,proven_maximal,maximize_sum_testing_e_values_at_maximum_cardinality,proven_optimal,10532.861142323123,4.78468362563867,2201.370449214847,8,8,9,9;37;81;89;119;120;175;193,9;37;81;89;119;120;175;193,6;9;37;81;89;119;120;175;193,8,8,9,0,0,0,0.4,0.4,0.45,0.0,0.0,0.0,0,1,2.2691051000729203,15,6,586,34,9,,original_uniform_floor_plus_prior_scores,maximum_cardinality_certified_superset_of_eBH_then_maximum_testing_evalue_sum,200,8,8,exact_dyadic_prefix_or_HiGHS_QUBO_MILP,300.0,1
286,27ff98b0101a9f5ca6dd70a132e9a2160786f6a914cdb582227ea061a28d9238,proven_maximal,maximize_sum_testing_e_values_at_maximum_cardinality,proven_optimal,162931.3746482189,1.2491819787156886,130430.45562963709,7,7,8,8;30;89;145;156;177;192,8;30;89;145;156;177;192,8;30;47;89;145;156;177;192,7,7,8,0,0,0,0.35,0.35,0.4,0.0,0.0,0.0,0,1,1.9298413000069559,16,10,673,38,8,,original_uniform_floor_plus_prior_scores,maximum_cardinality_certified_superset_of_eBH_then_maximum_testing_evalue_sum,200,7,7,exact_dyadic_prefix_or_HiGHS_QUBO_MILP,300.0,1
287,8de6408b854de1366c56f47790b9cfbedf929fc3ce2db62e349c6384279436c2,proven_maximal,maximize_sum_testing_e_values_at_maximum_cardinality,proven_optimal,8595.116193201226,2.0102792819182063,4275.583134399005,4,4,4,20;61;133;199,20;61;133;199,20;61;133;199,4,4,4,0,0,0,0.2,0.2,0.2,0.0,0.0,0.0,0,0,2.045889100059867,15,7,651,41,4,,original_uniform_floor_plus_prior_scores,maximum_cardinality_certified_superset_of_eBH_then_maximum_testing_evalue_sum,200,4,4,exact_dyadic_prefix_or_HiGHS_QUBO_MILP,300.0,1
288,bd0b79779de3cf80a867745aa7e24c7df7ef18e1bf978a7df563b156b277e507,proven_maximal,maximize_sum_testing_e_values_at_maximum_cardinality,proven_optimal,46488.28811370738,1.0480787873192556,44355.71893656366,2,2,2,61;94,61;94,61;94,2,2,2,0,0,0,0.1,0.1,0.1,0.0,0.0,0.0,0,0,2.131849199999124,18,8,654,41,2,,original_uniform_floor_plus_prior_scores,maximum_cardinality_certified_superset_of_eBH_then_maximum_testing_evalue_sum,200,2,2,exact_dyadic_prefix_or_HiGHS_QUBO_MILP,300.0,1
289,f0f82af920da7b17eff7250bc0204e868adededc5c3e03cfb4483c25930bc34f,proven_maximal,maximize_sum_testing_e_values_at_maximum_cardinality,proven_optimal,8790.474884893612,2.4276013657144273,3621.0536907103087,2,2,6,101;130,101;130,16;101;130;156;187;198,2,2,6,0,0,0,0.1,0.1,0.3,0.0,0.0,0.0,0,4,1.5455563000869006,12,8,691,40,6,,original_uniform_floor_plus_prior_scores,maximum_cardinality_certified_superset_of_eBH_then_maximum_testing_evalue_sum,200,2,2,exact_dyadic_prefix_or_HiGHS_QUBO_MILP,300.0,1
290,cd1831353008c084ad94b731c52f20dd32c078babed86a040cf584023eca85b7,proven_maximal,maximize_sum_testing_e_values_at_maximum_cardinality,proven_optimal,7221.87488557306,1.761870387397228,4098.981932627732,1,1,4,125,125,49;72;125;177,1,1,4,0,0,0,0.05,0.05,0.2,0.0,0.0,0.0,0,3,1.68563920003362,11,9,711,48,4,,original_uniform_floor_plus_prior_scores,maximum_cardinality_certified_superset_of_eBH_then_maximum_testing_evalue_sum,200,1,1,exact_dyadic_prefix_or_HiGHS_QUBO_MILP,300.0,1
291,a5271dc12353f3ed313cde371e10d769ae192b9f10a97bf46331bd2e2e2c66ec,proven_maximal,maximize_sum_testing_e_values_at_maximum_cardinality,proven_optimal,8311.123437336097,1.5521863659212758,5354.462337647941,1,1,4,41,41,30;41;92;139,1,1,4,0,0,0,0.05,0.05,0.2,0.0,0.0,0.0,0,3,1.8036760000977665,15,13,782,37,4,,original_uniform_floor_plus_prior_scores,maximum_cardinality_certified_superset_of_eBH_then_maximum_testing_evalue_sum,200,1,1,exact_dyadic_prefix_or_HiGHS_QUBO_MILP,300.0,1
292,7a862e6484231bcabf8525f52c8e9e4bf8f71ee1161d4875c53838157ff03e7d,proven_maximal,maximize_sum_testing_e_values_at_maximum_cardinality,proven_optimal,0.0,0.0,1830.5155073303276,0,0,0,,,,0,0,0,0,0,0,0.0,0.0,0.0,0.0,0.0,0.0,0,0,2.090747500071302,16,6,602,51,0,,original_uniform_floor_plus_prior_scores,maximum_cardinality_certified_superset_of_eBH_then_maximum_testing_evalue_sum,200,0,0,exact_dyadic_prefix_or_HiGHS_QUBO_MILP,300.0,1
293,cf3e6f11ff72db679da0a0474e97c0acac882e45768ca6c7c01043cc9630c69b,proven_maximal,maximize_sum_testing_e_values_at_maximum_cardinality,proven_optimal,131132.13611470658,2.2188998253350722,59097.81713327439,11,11,14,3;21;55;58;81;111;115;128;142;167;175,3;21;55;58;81;111;115;128;142;167;175,3;21;55;58;81;83;90;111;114;115;128;142;167;175,11,11,14,0,0,0,0.55,0.55,0.7,0.0,0.0,0.0,0,3,4.212451900122687,12,6,511,40,14,,original_uniform_floor_plus_prior_scores,maximum_cardinality_certified_superset_of_eBH_then_maximum_testing_evalue_sum,200,11,11,exact_dyadic_prefix_or_HiGHS_QUBO_MILP,300.0,1
294,86ac84a977fe6623af74571fd8b0abf5721cd522f8a985f5f59edd707b412f8a,proven_maximal,maximize_sum_testing_e_values_at_maximum_cardinality,proven_optimal,13971.671990106624,2.8184611768675736,4957.198667407115,4,4,8,10;54;66;149,10;54;66;149,3;10;25;54;62;66;108;149,4,4,8,0,0,0,0.2,0.2,0.4,0.0,0.0,0.0,0,4,1.5004435000009835,13,9,751,54,8,,original_uniform_floor_plus_prior_scores,maximum_cardinality_certified_superset_of_eBH_then_maximum_testing_evalue_sum,200,4,4,exact_dyadic_prefix_or_HiGHS_QUBO_MILP,300.0,1
295,d74859b6b274f63b04d3d74fd528420bf460d4a1a2825002f6dd442e3b9cc7c7,proven_maximal,maximize_sum_testing_e_values_at_maximum_cardinality,proven_optimal,37314.12273691915,1.2350993204047986,30211.43491900684,2,2,4,124;144,124;144,96;122;124;144,2,2,4,0,0,0,0.1,0.1,0.2,0.0,0.0,0.0,0,2,1.7766737998463213,14,8,727,46,4,,original_uniform_floor_plus_prior_scores,maximum_cardinality_certified_superset_of_eBH_then_maximum_testing_evalue_sum,200,2,2,exact_dyadic_prefix_or_HiGHS_QUBO_MILP,300.0,1
296,8c68430c71bf1eb420c2fe473037ecee80799cb0307592e634d0330b24ce8f93,proven_maximal,maximize_sum_testing_e_values_at_maximum_cardinality,proven_optimal,8496.117778603306,1.0,8496.117778603306,1,1,1,124,124,124,1,1,1,0,0,0,0.05,0.05,0.05,0.0,0.0,0.0,0,0,1.6850452001672238,14,7,672,65,1,,original_uniform_floor_plus_prior_scores,maximum_cardinality_certified_superset_of_eBH_then_maximum_testing_evalue_sum,200,1,1,exact_dyadic_prefix_or_HiGHS_QUBO_MILP,300.0,1
297,c1b5bd00fb6bcb6210dc704992a5cf2624261d818bf8b3ccb47e4149399034a3,proven_maximal,maximize_sum_testing_e_values_at_maximum_cardinality,proven_optimal,16417.13545905239,1.0,16417.13545905239,1,1,1,10,10,10,1,1,1,0,0,0,0.05,0.05,0.05,0.0,0.0,0.0,0,0,0.7687971999403089,8,6,545,41,1,,original_uniform_floor_plus_prior_scores,maximum_cardinality_certified_superset_of_eBH_then_maximum_testing_evalue_sum,200,1,1,exact_dyadic_prefix_or_HiGHS_QUBO_MILP,300.0,1
298,7baadae9aca8a8666917962c36b35189b993365ffabfcfe69d50a7b96d63410f,proven_maximal,maximize_sum_testing_e_values_at_maximum_cardinality,proven_optimal,59778.21878144542,2.8566172937233327,20926.22589409942,8,8,8,25;35;59;63;131;154;159;196,25;35;59;63;131;154;159;196,25;35;59;63;131;154;159;196,8,8,8,0,0,0,0.4,0.4,0.4,0.0,0.0,0.0,0,0,2.152053599944338,18,8,630,50,8,,original_uniform_floor_plus_prior_scores,maximum_cardinality_certified_superset_of_eBH_then_maximum_testing_evalue_sum,200,8,8,exact_dyadic_prefix_or_HiGHS_QUBO_MILP,300.0,1
299,92da303c4432ded8cd96ecc7243c964449c97759eaa78727b719230c65939267,proven_maximal,maximize_sum_testing_e_values_at_maximum_cardinality,proven_optimal,24902.73996650971,2.7175263571617454,9163.752874330454,5,5,11,97;137;163;165;188,97;137;163;165;188,25;49;57;87;97;121;137;163;165;177;188,5,5,11,0,0,0,0.25,0.25,0.55,0.0,0.0,0.0,0,6,1.5001574999187142,10,8,601,44,11,,original_uniform_floor_plus_prior_scores,maximum_cardinality_certified_superset_of_eBH_then_maximum_testing_evalue_sum,200,5,5,exact_dyadic_prefix_or_HiGHS_QUBO_MILP,300.0,1
300,2081859fb55beec62a53a8c6c903d617bd1bd3d0cee70100a91138d73e22dad2,proven_maximal,maximize_sum_testing_e_values_at_maximum_cardinality,proven_optimal,0.0,0.0,3319.8315886713804,0,0,0,,,,0,0,0,0,0,0,0.0,0.0,0.0,0.0,0.0,0.0,0,0,2.748260899912566,21,14,1108,42,0,,original_uniform_floor_plus_prior_scores,maximum_cardinality_certified_superset_of_eBH_then_maximum_testing_evalue_sum,200,0,0,exact_dyadic_prefix_or_HiGHS_QUBO_MILP,300.0,1
301,6f7e0ca6d6727c80ab3ed3ffd0e803b8ebb2a1a839846c78529660a0497f2a39,proven_maximal,maximize_sum_testing_e_values_at_maximum_cardinality,proven_optimal,8679.774694940459,1.0,8679.774694940459,1,1,1,27,27,27,1,1,1,0,0,0,0.05,0.05,0.05,0.0,0.0,0.0,0,0,1.999549699947238,18,9,703,33,1,,original_uniform_floor_plus_prior_scores,maximum_cardinality_certified_superset_of_eBH_then_maximum_testing_evalue_sum,200,1,1,exact_dyadic_prefix_or_HiGHS_QUBO_MILP,300.0,1
302,83a33ff0cceed090d0589021cecd6fc02e8205184ce3a3bfe4ff0d8ce4857744,proven_maximal,maximize_sum_testing_e_values_at_maximum_cardinality,proven_optimal,193006.85133182592,1.1001740292451483,175433.01895996567,5,5,6,12;63;78;137;173,12;63;78;137;173,12;49;63;78;137;173,5,5,6,0,0,0,0.25,0.25,0.3,0.0,0.0,0.0,0,1,1.25439010001719,10,8,732,40,6,,original_uniform_floor_plus_prior_scores,maximum_cardinality_certified_superset_of_eBH_then_maximum_testing_evalue_sum,200,5,5,exact_dyadic_prefix_or_HiGHS_QUBO_MILP,300.0,1
303,cde17d39f4b5ae75170c89cc248469b8be8527980fff59f0544725d28ab86f7b,proven_maximal,maximize_sum_testing_e_values_at_maximum_cardinality,proven_optimal,15556.787221098972,1.608825682776289,9669.65370309928,5,5,7,19;23;38;106;189,19;23;38;106;189,19;23;38;81;106;111;189,5,5,7,0,0,0,0.25,0.25,0.35,0.0,0.0,0.0,0,2,2.3998706999700516,18,14,1032,50,7,,original_uniform_floor_plus_prior_scores,maximum_cardinality_certified_superset_of_eBH_then_maximum_testing_evalue_sum,200,5,5,exact_dyadic_prefix_or_HiGHS_QUBO_MILP,300.0,1
304,66f876d0a4c75b550aa84ee5ac701f46234cf83167030488d872c4ff8dd018a5,proven_maximal,maximize_sum_testing_e_values_at_maximum_cardinality,proven_optimal,18496.27623081135,1.3191028248397028,14021.86083034051,2,2,3,84;182,84;182,84;171;182,2,2,3,0,0,0,0.1,0.1,0.15,0.0,0.0,0.0,0,1,1.9006206998601556,16,8,607,43,3,,original_uniform_floor_plus_prior_scores,maximum_cardinality_certified_superset_of_eBH_then_maximum_testing_evalue_sum,200,2,2,exact_dyadic_prefix_or_HiGHS_QUBO_MILP,300.0,1
305,24613fd7d4306342962fe4ecc39282937e2f77967ce30ffc442ab8995dcdb455,proven_maximal,maximize_sum_testing_e_values_at_maximum_cardinality,proven_optimal,0.0,0.0,1944.1771015213428,0,0,0,,,,0,0,0,0,0,0,0.0,0.0,0.0,0.0,0.0,0.0,0,0,1.644027000060305,15,6,557,60,0,,original_uniform_floor_plus_prior_scores,maximum_cardinality_certified_superset_of_eBH_then_maximum_testing_evalue_sum,200,0,0,exact_dyadic_prefix_or_HiGHS_QUBO_MILP,300.0,1
306,0a9db748fcfc57fb42e96ab240ebfb49cd6be6dd75306a65bc9678bb6045c7a8,proven_maximal,maximize_sum_testing_e_values_at_maximum_cardinality,proven_optimal,5407.915394494325,1.0,5407.915394494325,1,1,1,147,147,147,1,1,1,0,0,0,0.05,0.05,0.05,0.0,0.0,0.0,0,0,1.5948886999394745,14,6,628,51,1,,original_uniform_floor_plus_prior_scores,maximum_cardinality_certified_superset_of_eBH_then_maximum_testing_evalue_sum,200,1,1,exact_dyadic_prefix_or_HiGHS_QUBO_MILP,300.0,1
307,4ef789440157e159b4cfaf0456ce5d8aba3c91897313bd745cd9057fd1c16ecf,proven_maximal,maximize_sum_testing_e_values_at_maximum_cardinality,proven_optimal,14808.225712248302,2.1212522723634892,6980.8885558666,8,8,9,19;47;48;65;139;165;173;180,19;47;48;65;139;165;173;180,19;47;48;65;101;139;165;173;180,8,8,9,0,0,0,0.4,0.4,0.45,0.0,0.0,0.0,0,1,2.062029300024733,15,8,570,40,9,,original_uniform_floor_plus_prior_scores,maximum_cardinality_certified_superset_of_eBH_then_maximum_testing_evalue_sum,200,8,8,exact_dyadic_prefix_or_HiGHS_QUBO_MILP,300.0,1
308,23ffe0e566783fb581a3a3821713cc4b9809a06b53c4879b12e1920d99924890,proven_maximal,maximize_sum_testing_e_values_at_maximum_cardinality,proven_optimal,34038.9934283437,1.50908076727209,22556.111088656136,5,5,6,24;41;116;125;199,24;41;116;125;199,24;41;116;125;166;199,5,5,6,0,0,0,0.25,0.25,0.3,0.0,0.0,0.0,0,1,2.6737974998541176,17,8,654,38,6,,original_uniform_floor_plus_prior_scores,maximum_cardinality_certified_superset_of_eBH_then_maximum_testing_evalue_sum,200,5,5,exact_dyadic_prefix_or_HiGHS_QUBO_MILP,300.0,1
309,1457b6525dae92d1635d752b578322faf00635cd8483c1156cb9fa04437421b0,proven_maximal,maximize_sum_testing_e_values_at_maximum_cardinality,proven_optimal,41671.75367678942,1.720565720762718,24219.797694398178,5,5,6,62;149;153;167;193,62;149;153;167;193,62;149;153;167;172;193,5,5,6,0,0,0,0.25,0.25,0.3,0.0,0.0,0.0,0,1,3.0832211000379175,23,15,727,33,6,,original_uniform_floor_plus_prior_scores,maximum_cardinality_certified_superset_of_eBH_then_maximum_testing_evalue_sum,200,5,5,exact_dyadic_prefix_or_HiGHS_QUBO_MILP,300.0,1
310,41573078d43f5730034cf33ec9500820459c5b8f99b1ae963867da669440bce2,proven_maximal,maximize_sum_testing_e_values_at_maximum_cardinality,proven_optimal,102362.37566051132,2.1074369805145494,48571.97468154831,11,11,11,9;17;24;37;54;65;81;93;97;175;199,9;17;24;37;54;65;81;93;97;175;199,9;17;24;37;54;65;81;93;97;175;199,11,11,11,0,0,0,0.55,0.55,0.55,0.0,0.0,0.0,0,0,1.2656403000000864,10,5,600,33,11,,original_uniform_floor_plus_prior_scores,maximum_cardinality_certified_superset_of_eBH_then_maximum_testing_evalue_sum,200,11,11,exact_dyadic_prefix_or_HiGHS_QUBO_MILP,300.0,1
311,503d49f906952f9d86684da1a8c0790e354708408a604d286cde7b2c2a4365d0,proven_maximal,maximize_sum_testing_e_values_at_maximum_cardinality,proven_optimal,17168.524259619655,1.2919158365660481,13289.197154865844,3,3,5,17;36;106,17;36;106,17;36;72;75;106,3,3,5,0,0,0,0.15,0.15,0.25,0.0,0.0,0.0,0,2,1.117791100172326,11,8,441,32,5,,original_uniform_floor_plus_prior_scores,maximum_cardinality_certified_superset_of_eBH_then_maximum_testing_evalue_sum,200,3,3,exact_dyadic_prefix_or_HiGHS_QUBO_MILP,300.0,1
312,6914eb885cc194c3b2e63238f398ed22c09b595213d8c125c2aea44ce140e464,proven_maximal,maximize_sum_testing_e_values_at_maximum_cardinality,proven_optimal,43177.16718478131,1.0,43177.16718478131,1,1,1,3,3,3,1,1,1,0,0,0,0.05,0.05,0.05,0.0,0.0,0.0,0,0,1.1006465000100434,10,6,622,47,1,,original_uniform_floor_plus_prior_scores,maximum_cardinality_certified_superset_of_eBH_then_maximum_testing_evalue_sum,200,1,1,exact_dyadic_prefix_or_HiGHS_QUBO_MILP,300.0,1
313,37c7e679bcadf00471b5057a2e7d19e52ef060d2fff393aa6d1007fa59fb69ce,proven_maximal,maximize_sum_testing_e_values_at_maximum_cardinality,proven_optimal,147837.90317185016,1.3445636530491818,109952.327535097,5,5,5,4;19;160;173;196,4;19;160;173;196,4;19;160;173;196,5,5,5,0,0,0,0.25,0.25,0.25,0.0,0.0,0.0,0,0,2.094105999916792,15,5,520,32,5,,original_uniform_floor_plus_prior_scores,maximum_cardinality_certified_superset_of_eBH_then_maximum_testing_evalue_sum,200,5,5,exact_dyadic_prefix_or_HiGHS_QUBO_MILP,300.0,1
314,1aebcc2396f1147a3f3a8defb72d7a128a5e6d91df8bc4fa9488dd01974c3ee1,proven_maximal,maximize_sum_testing_e_values_at_maximum_cardinality,proven_optimal,5397.124034367238,1.705879856401029,3163.8359607304305,0,0,3,,,53;58;144,0,0,3,0,0,0,0.0,0.0,0.15,0.0,0.0,0.0,0,3,1.863735299790278,14,7,583,45,3,,original_uniform_floor_plus_prior_scores,maximum_cardinality_certified_superset_of_eBH_then_maximum_testing_evalue_sum,200,0,0,exact_dyadic_prefix_or_HiGHS_QUBO_MILP,300.0,1
315,6a1f4bd33cc6a75aa3d10d5a6359397cbafe33bcacb9edb9499f7b508db50552,proven_maximal,maximize_sum_testing_e_values_at_maximum_cardinality,proven_optimal,5178.817488367951,1.0,5178.817488367951,1,1,1,86,86,86,1,1,1,0,0,0,0.05,0.05,0.05,0.0,0.0,0.0,0,0,0.7912115000654012,6,6,600,46,1,,original_uniform_floor_plus_prior_scores,maximum_cardinality_certified_superset_of_eBH_then_maximum_testing_evalue_sum,200,1,1,exact_dyadic_prefix_or_HiGHS_QUBO_MILP,300.0,1
316,af3b9e86d45a99fe7640c691963d6eaee56cd7b6178a323527a50a2cbcadff94,proven_maximal,maximize_sum_testing_e_values_at_maximum_cardinality,proven_optimal,24075.835725447065,1.6584477834303935,14517.089995831966,4,4,7,6;34;51;135,6;34;51;135,6;34;51;55;65;135;140,4,4,7,0,0,0,0.2,0.2,0.35,0.0,0.0,0.0,0,3,1.8569350999314338,15,8,607,40,7,,original_uniform_floor_plus_prior_scores,maximum_cardinality_certified_superset_of_eBH_then_maximum_testing_evalue_sum,200,4,4,exact_dyadic_prefix_or_HiGHS_QUBO_MILP,300.0,1
317,a38d9b8225e53ecdb3aeca31ad16d30dfed6dade9693b78e1ff41305a237aef5,proven_maximal,maximize_sum_testing_e_values_at_maximum_cardinality,proven_optimal,19135.658083893788,1.5013696917655461,12745.467148328456,4,4,8,34;51;82;137,34;51;82;137,34;51;82;117;130;137;157;189,4,4,8,0,0,0,0.2,0.2,0.4,0.0,0.0,0.0,0,4,1.1842803999315947,9,7,562,43,8,,original_uniform_floor_plus_prior_scores,maximum_cardinality_certified_superset_of_eBH_then_maximum_testing_evalue_sum,200,4,4,exact_dyadic_prefix_or_HiGHS_QUBO_MILP,300.0,1
318,6a195b55c4564a54a00ada2499ff741960219b1b5cd9001f0782347678240c7c,proven_maximal,maximize_sum_testing_e_values_at_maximum_cardinality,proven_optimal,9137.734028032739,1.7179501031281934,5318.975220173133,2,2,2,101;173,101;173,101;173,2,2,2,0,0,0,0.1,0.1,0.1,0.0,0.0,0.0,0,0,2.0339015999343246,16,6,642,42,2,,original_uniform_floor_plus_prior_scores,maximum_cardinality_certified_superset_of_eBH_then_maximum_testing_evalue_sum,200,2,2,exact_dyadic_prefix_or_HiGHS_QUBO_MILP,300.0,1
319,953140ca15782e07e1707a347b8673695684b9416da7624496c1c4993bfc3ae5,proven_maximal,maximize_sum_testing_e_values_at_maximum_cardinality,proven_optimal,27498.212159362112,1.7931008631474574,15335.563505944712,5,5,8,4;44;87;100;125,4;44;87;100;125,4;30;44;55;66;87;100;125,4,4,7,1,1,1,0.2,0.2,0.35,0.2,0.2,0.125,0,3,1.6620273001026362,13,9,599,39,8,,original_uniform_floor_plus_prior_scores,maximum_cardinality_certified_superset_of_eBH_then_maximum_testing_evalue_sum,200,5,5,exact_dyadic_prefix_or_HiGHS_QUBO_MILP,300.0,1
320,3d1c9f25c85de15a81142e31c383e5f2b364d431bb1000c4274c5c131c179798,proven_maximal,maximize_sum_testing_e_values_at_maximum_cardinality,proven_optimal,29041.270695855528,1.3267239971691904,21889.45911720932,4,4,7,63;112;115;191,63;112;115;191,43;49;63;88;112;115;191,4,4,7,0,0,0,0.2,0.2,0.35,0.0,0.0,0.0,0,3,1.2309116998221725,10,9,719,41,7,,original_uniform_floor_plus_prior_scores,maximum_cardinality_certified_superset_of_eBH_then_maximum_testing_evalue_sum,200,4,4,exact_dyadic_prefix_or_HiGHS_QUBO_MILP,300.0,1
321,ceac0930f31411fdb1f5749967e9869ffdff2c2b2dcf11581472993e766479e2,proven_maximal,maximize_sum_testing_e_values_at_maximum_cardinality,proven_optimal,200398.50345209552,1.0,200398.50345209552,1,1,1,21,21,21,1,1,1,0,0,0,0.05,0.05,0.05,0.0,0.0,0.0,0,0,1.474565900163725,11,8,716,42,1,,original_uniform_floor_plus_prior_scores,maximum_cardinality_certified_superset_of_eBH_then_maximum_testing_evalue_sum,200,1,1,exact_dyadic_prefix_or_HiGHS_QUBO_MILP,300.0,1
322,b61f4317b8610cf353053037e32066c484cfcc251231cad0f301c06cbb640feb,proven_maximal,maximize_sum_testing_e_values_at_maximum_cardinality,proven_optimal,43250.20022115924,1.0501473532381465,41184.887137787424,2,2,2,81;133,81;133,81;133,2,2,2,0,0,0,0.1,0.1,0.1,0.0,0.0,0.0,0,0,1.8953944998793304,17,7,684,45,2,,original_uniform_floor_plus_prior_scores,maximum_cardinality_certified_superset_of_eBH_then_maximum_testing_evalue_sum,200,2,2,exact_dyadic_prefix_or_HiGHS_QUBO_MILP,300.0,1
323,79f8959528fd41b3280654575621a88ac808545c668d55a39f0933931bcfeabb,proven_maximal,maximize_sum_testing_e_values_at_maximum_cardinality,proven_optimal,20021.82319671628,1.5016552563170997,13333.168923086256,4,4,4,54;164;179;191,54;164;179;191,54;164;179;191,4,4,4,0,0,0,0.2,0.2,0.2,0.0,0.0,0.0,0,0,1.9223578998353332,15,7,639,41,4,,original_uniform_floor_plus_prior_scores,maximum_cardinality_certified_superset_of_eBH_then_maximum_testing_evalue_sum,200,4,4,exact_dyadic_prefix_or_HiGHS_QUBO_MILP,300.0,1
324,8dcbdb7abfdb7abb4874ef15e91a0324a429b0f053afee1444869bd20d58c73e,proven_maximal,maximize_sum_testing_e_values_at_maximum_cardinality,proven_optimal,17175.46395369655,1.5509615430015329,11074.074680444592,3,3,4,28;63;188,28;63;188,28;63;96;188,3,3,4,0,0,0,0.15,0.15,0.2,0.0,0.0,0.0,0,1,1.838022799929604,17,10,717,34,4,,original_uniform_floor_plus_prior_scores,maximum_cardinality_certified_superset_of_eBH_then_maximum_testing_evalue_sum,200,3,3,exact_dyadic_prefix_or_HiGHS_QUBO_MILP,300.0,1
325,7a8b0cc13c1b4b457cf448e7ec4e3e2a85ff3cd8f04d57beba4eadee64ab37d3,proven_maximal,maximize_sum_testing_e_values_at_maximum_cardinality,proven_optimal,8072.58449053658,1.994301953571133,4047.824591497421,3,3,4,12;78;93,12;78;93,12;19;78;93,3,3,4,0,0,0,0.15,0.15,0.2,0.0,0.0,0.0,0,1,2.0468961999285966,15,8,633,43,4,,original_uniform_floor_plus_prior_scores,maximum_cardinality_certified_superset_of_eBH_then_maximum_testing_evalue_sum,200,3,3,exact_dyadic_prefix_or_HiGHS_QUBO_MILP,300.0,1
326,40e714d0c953c9822606904b754ba6b0f3018ae04539989ac5c3d8119272f82c,proven_maximal,maximize_sum_testing_e_values_at_maximum_cardinality,proven_optimal,43343.43181024538,1.8031502514274613,24037.615154883857,3,3,7,17;42;148,17;42;148,17;42;59;66;146;148;167,3,3,6,0,0,1,0.15,0.15,0.3,0.0,0.0,0.14285714285714285,0,4,2.097994500072673,18,12,712,50,7,,original_uniform_floor_plus_prior_scores,maximum_cardinality_certified_superset_of_eBH_then_maximum_testing_evalue_sum,200,3,3,exact_dyadic_prefix_or_HiGHS_QUBO_MILP,300.0,1
327,454a3c63f12e682f824851fcdf15d47165f148c23cc6345200fd99a44f4ccba6,proven_maximal,maximize_sum_testing_e_values_at_maximum_cardinality,proven_optimal,6487.7134515624175,3.7662062687968363,1722.6123553862074,3,3,6,13;109;162,13;109;162,13;75;109;162;180;193,3,3,6,0,0,0,0.15,0.15,0.3,0.0,0.0,0.0,0,3,1.7666038000024855,14,8,612,51,6,,original_uniform_floor_plus_prior_scores,maximum_cardinality_certified_superset_of_eBH_then_maximum_testing_evalue_sum,200,3,3,exact_dyadic_prefix_or_HiGHS_QUBO_MILP,300.0,1
328,2525c284fbb444358acb2fd524115b5eb64a3522dbdfdf236356c26ea36968b4,proven_maximal,maximize_sum_testing_e_values_at_maximum_cardinality,proven_optimal,20054.500410979635,1.4543922795006963,13788.921114092063,4,4,4,85;130;151;188,85;130;151;188,85;130;151;188,4,4,4,0,0,0,0.2,0.2,0.2,0.0,0.0,0.0,0,0,1.4990570000372827,13,7,705,56,4,,original_uniform_floor_plus_prior_scores,maximum_cardinality_certified_superset_of_eBH_then_maximum_testing_evalue_sum,200,4,4,exact_dyadic_prefix_or_HiGHS_QUBO_MILP,300.0,1
329,04d7f051c63fd493b62621697fd14fe1fdccd33106fefe5a4d5c4c587bc7c3e0,proven_maximal,maximize_sum_testing_e_values_at_maximum_cardinality,proven_optimal,45678.06222592287,2.092175012708433,21832.81128417176,6,6,8,10;21;41;72;79;191,10;21;41;72;79;191,10;21;41;42;72;79;186;191,6,6,8,0,0,0,0.3,0.3,0.4,0.0,0.0,0.0,0,2,1.519337800098583,12,7,549,42,8,,original_uniform_floor_plus_prior_scores,maximum_cardinality_certified_superset_of_eBH_then_maximum_testing_evalue_sum,200,6,6,exact_dyadic_prefix_or_HiGHS_QUBO_MILP,300.0,1
330,ce9b9828c23580e67ef9da762d39cd88b92db6212ba71252a8a6ed9c0d127669,proven_maximal,maximize_sum_testing_e_values_at_maximum_cardinality,proven_optimal,41496.88636413378,2.125160107297357,19526.4753096212,5,5,8,77;80;123;129;198,77;80;123;129;198,9;26;77;80;123;129;145;198,5,5,8,0,0,0,0.25,0.25,0.4,0.0,0.0,0.0,0,3,1.092658600071445,9,7,546,41,8,,original_uniform_floor_plus_prior_scores,maximum_cardinality_certified_superset_of_eBH_then_maximum_testing_evalue_sum,200,5,5,exact_dyadic_prefix_or_HiGHS_QUBO_MILP,300.0,1
331,5152cd5dd2fed4ebd61895576ed360aae32191a202ebe9031384ec91427da906,proven_maximal,maximize_sum_testing_e_values_at_maximum_cardinality,proven_optimal,30345.914959519465,1.5224365326243148,19932.466351953863,4,4,5,4;20;101;112,4;20;101;112,4;20;92;101;112,4,4,5,0,0,0,0.2,0.2,0.25,0.0,0.0,0.0,0,1,1.9154939998406917,16,9,631,43,5,,original_uniform_floor_plus_prior_scores,maximum_cardinality_certified_superset_of_eBH_then_maximum_testing_evalue_sum,200,4,4,exact_dyadic_prefix_or_HiGHS_QUBO_MILP,300.0,1
332,6cdbdf652b4a11203e45953ba5757961701c3d5ede16963e0fa9d7917729a7b7,proven_maximal,maximize_sum_testing_e_values_at_maximum_cardinality,proven_optimal,8140.302233426466,1.9400100315894375,4196.010381841773,2,2,3,38;155,38;155,16;38;155,2,2,3,0,0,0,0.1,0.1,0.15,0.0,0.0,0.0,0,1,1.3469776001293212,11,8,738,37,3,,original_uniform_floor_plus_prior_scores,maximum_cardinality_certified_superset_of_eBH_then_maximum_testing_evalue_sum,200,2,2,exact_dyadic_prefix_or_HiGHS_QUBO_MILP,300.0,1
333,f234c1c62a1efca0058129da774fc07ab2ed79dd94f87988577d3d69fc37398c,proven_maximal,maximize_sum_testing_e_values_at_maximum_cardinality,proven_optimal,93748.50575882658,1.1154286575400973,84047.06578507152,4,4,4,11;37;106;167,11;37;106;167,11;37;106;167,4,4,4,0,0,0,0.2,0.2,0.2,0.0,0.0,0.0,0,0,1.878008499974385,15,5,534,34,4,,original_uniform_floor_plus_prior_scores,maximum_cardinality_certified_superset_of_eBH_then_maximum_testing_evalue_sum,200,4,4,exact_dyadic_prefix_or_HiGHS_QUBO_MILP,300.0,1
334,8ff75ba64e5e7e7db97318a8d6dfc6bd159c4b6b4984f2bb7f556a121597f109,proven_maximal,maximize_sum_testing_e_values_at_maximum_cardinality,proven_optimal,69472.07853256047,1.023279737548139,67891.58036005011,1,1,3,181,181,74;130;181,1,1,3,0,0,0,0.05,0.05,0.15,0.0,0.0,0.0,0,2,2.2009962999727577,19,12,831,53,3,,original_uniform_floor_plus_prior_scores,maximum_cardinality_certified_superset_of_eBH_then_maximum_testing_evalue_sum,200,1,1,exact_dyadic_prefix_or_HiGHS_QUBO_MILP,300.0,1
335,10101aef52206e6c00f3877e4771f24400b8a46bb980fb2594bcb911cbbbc0ca,proven_maximal,maximize_sum_testing_e_values_at_maximum_cardinality,proven_optimal,121448.01054529868,2.103191619234404,57744.624614616776,4,4,5,41;121;128;175,41;121;128;175,41;63;121;128;175,4,4,5,0,0,0,0.2,0.2,0.25,0.0,0.0,0.0,0,1,1.4671485999133438,12,6,429,29,5,,original_uniform_floor_plus_prior_scores,maximum_cardinality_certified_superset_of_eBH_then_maximum_testing_evalue_sum,200,4,4,exact_dyadic_prefix_or_HiGHS_QUBO_MILP,300.0,1
336,0263a9492f6cd5261191ebcdc986dedff74b8af02f52e2c9727834c37c3ce5d9,proven_maximal,maximize_sum_testing_e_values_at_maximum_cardinality,proven_optimal,8585.488903213816,1.0,8585.488903213816,1,1,1,43,43,43,1,1,1,0,0,0,0.05,0.05,0.05,0.0,0.0,0.0,0,0,1.2908032000996172,9,6,538,36,1,,original_uniform_floor_plus_prior_scores,maximum_cardinality_certified_superset_of_eBH_then_maximum_testing_evalue_sum,200,1,1,exact_dyadic_prefix_or_HiGHS_QUBO_MILP,300.0,1
337,f7b92307bef4c6a47f3efd712990cc5c5ea721e89c1771a1521f1edfcf6a436f,proven_maximal,maximize_sum_testing_e_values_at_maximum_cardinality,proven_optimal,8484.832734337635,1.853259285012606,4578.330082010041,2,2,3,152;170,152;170,7;152;170,2,2,3,0,0,0,0.1,0.1,0.15,0.0,0.0,0.0,0,1,1.1630641999654472,9,8,715,48,3,,original_uniform_floor_plus_prior_scores,maximum_cardinality_certified_superset_of_eBH_then_maximum_testing_evalue_sum,200,2,2,exact_dyadic_prefix_or_HiGHS_QUBO_MILP,300.0,1
338,f550953fd02b301ea724ea77c2f1ab0de502e019f7bbb432fac91b7ab9c4c3ec,proven_maximal,maximize_sum_testing_e_values_at_maximum_cardinality,proven_optimal,79019.21242457017,1.5791366336447836,50039.50306832349,2,2,2,71;117,71;117,71;117,2,2,2,0,0,0,0.1,0.1,0.1,0.0,0.0,0.0,0,0,2.619448299985379,23,14,1080,42,2,,original_uniform_floor_plus_prior_scores,maximum_cardinality_certified_superset_of_eBH_then_maximum_testing_evalue_sum,200,2,2,exact_dyadic_prefix_or_HiGHS_QUBO_MILP,300.0,1
339,a888cb82d7ad2efbfe6b37e084913d8ac04eb46f81b60a591aee68ccfa029a17,proven_maximal,maximize_sum_testing_e_values_at_maximum_cardinality,proven_optimal,23323.52154499502,1.0,23323.52154499502,1,1,1,158,158,158,1,1,1,0,0,0,0.05,0.05,0.05,0.0,0.0,0.0,0,0,1.4566403001081198,13,7,644,38,1,,original_uniform_floor_plus_prior_scores,maximum_cardinality_certified_superset_of_eBH_then_maximum_testing_evalue_sum,200,1,1,exact_dyadic_prefix_or_HiGHS_QUBO_MILP,300.0,1
340,e74d22aee18cb86088dc7db556a2e04605d3e828d08ea17beeec288d419580bf,proven_maximal,maximize_sum_testing_e_values_at_maximum_cardinality,proven_optimal,0.0,0.0,1610.293545063683,0,0,0,,,,0,0,0,0,0,0,0.0,0.0,0.0,0.0,0.0,0.0,0,0,2.051548100076616,18,9,816,44,0,,original_uniform_floor_plus_prior_scores,maximum_cardinality_certified_superset_of_eBH_then_maximum_testing_evalue_sum,200,0,0,exact_dyadic_prefix_or_HiGHS_QUBO_MILP,300.0,1
341,937843e70f1bc70a22da89851d86d63f81a5a52b4165eec21dea04728bddf64c,proven_maximal,maximize_sum_testing_e_values_at_maximum_cardinality,proven_optimal,7123.272755161834,1.3921137380381794,5116.875554435822,2,2,2,30;109,30;109,30;109,2,2,2,0,0,0,0.1,0.1,0.1,0.0,0.0,0.0,0,0,1.8737602001056075,16,6,511,48,2,,original_uniform_floor_plus_prior_scores,maximum_cardinality_certified_superset_of_eBH_then_maximum_testing_evalue_sum,200,2,2,exact_dyadic_prefix_or_HiGHS_QUBO_MILP,300.0,1
342,76569aade1d763e8c87370fdb5c3bf8e90102c9158259001826608c141154ce8,proven_maximal,maximize_sum_testing_e_values_at_maximum_cardinality,proven_optimal,0.0,0.0,274.3281152891911,0,0,0,,,,0,0,0,0,0,0,0.0,0.0,0.0,0.0,0.0,0.0,0,0,0.5210084000136703,3,3,300,57,0,,original_uniform_floor_plus_prior_scores,maximum_cardinality_certified_superset_of_eBH_then_maximum_testing_evalue_sum,200,0,0,exact_dyadic_prefix_or_HiGHS_QUBO_MILP,300.0,1
343,3710472b24fa5a2db5ad6bfcacc1e5bffa9849ccd89921be1e471885a5a3c2ea,proven_maximal,maximize_sum_testing_e_values_at_maximum_cardinality,proven_optimal,7553.267626367731,1.4674192492435891,5147.31398696127,1,1,3,38,38,11;38;136,1,1,3,0,0,0,0.05,0.05,0.15,0.0,0.0,0.0,0,2,1.9013159999158233,17,10,719,42,3,,original_uniform_floor_plus_prior_scores,maximum_cardinality_certified_superset_of_eBH_then_maximum_testing_evalue_sum,200,1,1,exact_dyadic_prefix_or_HiGHS_QUBO_MILP,300.0,1
344,068d114ca4bd1104c06f93ed49a3f8609839d076b49d0dcd82c878f84527c5cd,proven_maximal,maximize_sum_testing_e_values_at_maximum_cardinality,proven_optimal,314998.1796104932,2.077080631939295,151654.28571561555,4,4,6,14;22;100;104,14;22;100;104,14;21;22;100;104;183,4,4,6,0,0,0,0.2,0.2,0.3,0.0,0.0,0.0,0,2,2.015647500054911,15,7,571,44,6,,original_uniform_floor_plus_prior_scores,maximum_cardinality_certified_superset_of_eBH_then_maximum_testing_evalue_sum,200,4,4,exact_dyadic_prefix_or_HiGHS_QUBO_MILP,300.0,1
345,1eddd4dc7b74af57c34ccd5c2867c2e864eebc94d1c4d32ba3363fe7de64815e,proven_maximal,maximize_sum_testing_e_values_at_maximum_cardinality,proven_optimal,191560.25826639406,1.0397586396307799,184235.31285531557,4,4,6,31;32;126;195,31;32;126;195,31;32;126;138;170;195,4,4,6,0,0,0,0.2,0.2,0.3,0.0,0.0,0.0,0,2,1.7808098001405597,15,9,723,50,6,,original_uniform_floor_plus_prior_scores,maximum_cardinality_certified_superset_of_eBH_then_maximum_testing_evalue_sum,200,4,4,exact_dyadic_prefix_or_HiGHS_QUBO_MILP,300.0,1
346,2fa812875f608c55c1876534b8fb3743572949f42d7030f8c6ae8ddd38969a91,proven_maximal,maximize_sum_testing_e_values_at_maximum_cardinality,proven_optimal,15426.112717986764,2.573043938990681,5995.277610392425,7,7,9,0;11;18;40;78;85;93,0;11;18;40;78;85;93,0;11;18;40;78;85;93;104;136,7,7,9,0,0,0,0.35,0.35,0.45,0.0,0.0,0.0,0,2,1.5982723999768496,10,6,563,35,9,,original_uniform_floor_plus_prior_scores,maximum_cardinality_certified_superset_of_eBH_then_maximum_testing_evalue_sum,200,7,7,exact_dyadic_prefix_or_HiGHS_QUBO_MILP,300.0,1
347,d983ddf9e97d2f35f0460aee9e33b761034d55ed681ff04a01769f2ebb51be12,proven_maximal,maximize_sum_testing_e_values_at_maximum_cardinality,proven_optimal,8338.462576455517,1.7123125467062512,4869.708274050267,1,1,7,62,62,22;54;62;66;68;126;194,1,1,7,0,0,0,0.05,0.05,0.35,0.0,0.0,0.0,0,6,1.0745415000710636,8,8,611,42,7,,original_uniform_floor_plus_prior_scores,maximum_cardinality_certified_superset_of_eBH_then_maximum_testing_evalue_sum,200,1,1,exact_dyadic_prefix_or_HiGHS_QUBO_MILP,300.0,1
348,5b06908d515c887376359c28d97ae7ad3c0a611ada68e68fdec315af703498d1,proven_maximal,maximize_sum_testing_e_values_at_maximum_cardinality,proven_optimal,427460.37685534696,1.0159114407769283,420765.3932201437,6,6,7,1;7;13;27;175;181,1;7;13;27;175;181,1;7;13;27;57;175;181,6,6,7,0,0,0,0.3,0.3,0.35,0.0,0.0,0.0,0,1,2.052140199812129,14,7,506,28,7,,original_uniform_floor_plus_prior_scores,maximum_cardinality_certified_superset_of_eBH_then_maximum_testing_evalue_sum,200,6,6,exact_dyadic_prefix_or_HiGHS_QUBO_MILP,300.0,1
349,6f7bbdba7c9f0b66875a38864f35e87bc50187513cf73b67cb60ea8ea1127b1b,proven_maximal,maximize_sum_testing_e_values_at_maximum_cardinality,proven_optimal,40635.48299344872,1.0,40635.48299344872,1,1,1,126,126,126,1,1,1,0,0,0,0.05,0.05,0.05,0.0,0.0,0.0,0,0,1.4004508999641985,11,8,825,47,1,,original_uniform_floor_plus_prior_scores,maximum_cardinality_certified_superset_of_eBH_then_maximum_testing_evalue_sum,200,1,1,exact_dyadic_prefix_or_HiGHS_QUBO_MILP,300.0,1
350,d12c459a129b7c9eb1dd037f5bacf355fd60bdaf30dd1045b95f6eb29d8a0779,proven_maximal,maximize_sum_testing_e_values_at_maximum_cardinality,proven_optimal,28898.857762606072,1.1958540380034226,24165.87379748712,6,6,6,48;68;100;167;195;198,48;68;100;167;195;198,48;68;100;167;195;198,6,6,6,0,0,0,0.3,0.3,0.3,0.0,0.0,0.0,0,0,0.9747717999853194,7,5,531,34,6,,original_uniform_floor_plus_prior_scores,maximum_cardinality_certified_superset_of_eBH_then_maximum_testing_evalue_sum,200,6,6,exact_dyadic_prefix_or_HiGHS_QUBO_MILP,300.0,1
351,e215f02d432ac25f02f4b06859ad4d9a7d7fb11cb9c9016b5caff3f9d4a2e2bc,proven_maximal,maximize_sum_testing_e_values_at_maximum_cardinality,proven_optimal,54634.954114202665,1.923281327147608,28407.156739378846,3,3,3,55;68;125,55;68;125,55;68;125,3,3,3,0,0,0,0.15,0.15,0.15,0.0,0.0,0.0,0,0,1.5170738000888377,13,6,512,45,3,,original_uniform_floor_plus_prior_scores,maximum_cardinality_certified_superset_of_eBH_then_maximum_testing_evalue_sum,200,3,3,exact_dyadic_prefix_or_HiGHS_QUBO_MILP,300.0,1
352,2baef9f5b6d3a1cbe09728da04fe8983fb69e09e1c0da63b4885c4fad17e9a87,proven_maximal,maximize_sum_testing_e_values_at_maximum_cardinality,proven_optimal,225949.50745750775,1.0463530934861174,215940.01954418223,4,4,6,10;79;105;141,10;79;105;141,10;79;105;141;144;187,4,4,6,0,0,0,0.2,0.2,0.3,0.0,0.0,0.0,0,2,1.793400000082329,14,11,708,45,6,,original_uniform_floor_plus_prior_scores,maximum_cardinality_certified_superset_of_eBH_then_maximum_testing_evalue_sum,200,4,4,exact_dyadic_prefix_or_HiGHS_QUBO_MILP,300.0,1
353,22e8c3abffc4032a72dd29dd70ae2e1fce38fcdc84904dbd29d95a706816c5f9,proven_maximal,maximize_sum_testing_e_values_at_maximum_cardinality,proven_optimal,13089.487593864926,1.9597567285080855,6679.13899896628,6,6,9,9;12;36;94;111;188,9;12;36;94;111;188,9;12;36;93;94;111;126;152;188,6,6,9,0,0,0,0.3,0.3,0.45,0.0,0.0,0.0,0,3,1.861740600084886,14,9,774,53,9,,original_uniform_floor_plus_prior_scores,maximum_cardinality_certified_superset_of_eBH_then_maximum_testing_evalue_sum,200,6,6,exact_dyadic_prefix_or_HiGHS_QUBO_MILP,300.0,1
354,4ead0e3382812e2c990e000f15b14cded1e051c57f49e4ab7989c40bdae6c559,proven_maximal,maximize_sum_testing_e_values_at_maximum_cardinality,proven_optimal,196944.65175302167,1.1136549662399375,176845.30462605582,2,2,3,29;93,29;93,29;93;169,2,2,3,0,0,0,0.1,0.1,0.15,0.0,0.0,0.0,0,1,1.9846428998280317,15,7,610,47,3,,original_uniform_floor_plus_prior_scores,maximum_cardinality_certified_superset_of_eBH_then_maximum_testing_evalue_sum,200,2,2,exact_dyadic_prefix_or_HiGHS_QUBO_MILP,300.0,1
355,775405afdefaa691fee4dcc450c1c01d735fa08a016069ba154d5f56106236d0,proven_maximal,maximize_sum_testing_e_values_at_maximum_cardinality,proven_optimal,28264.124958445725,2.267375138142064,12465.57064289148,9,9,10,13;42;66;77;110;121;130;146;190,13;42;66;77;110;121;130;146;190,13;42;66;77;110;121;130;146;169;190,9,9,10,0,0,0,0.45,0.45,0.5,0.0,0.0,0.0,0,1,2.497359000146389,17,9,704,48,10,,original_uniform_floor_plus_prior_scores,maximum_cardinality_certified_superset_of_eBH_then_maximum_testing_evalue_sum,200,9,9,exact_dyadic_prefix_or_HiGHS_QUBO_MILP,300.0,1
356,b112e42aedbdc9548081636466e2cb80d9b91222cb2005dcf0d04daf1cc40474,proven_maximal,maximize_sum_testing_e_values_at_maximum_cardinality,proven_optimal,10499.406864701448,3.0670827820831414,3423.255128956879,5,5,11,4;26;38;83;156,4;26;38;83;156,4;26;32;38;45;77;83;113;143;149;156,5,5,11,0,0,0,0.25,0.25,0.55,0.0,0.0,0.0,0,6,1.740395599976182,10,6,531,37,11,,original_uniform_floor_plus_prior_scores,maximum_cardinality_certified_superset_of_eBH_then_maximum_testing_evalue_sum,200,5,5,exact_dyadic_prefix_or_HiGHS_QUBO_MILP,300.0,1
357,0f4b5e6bd8c07026c3d83dbca6f2451460f124656f990eb804b82f73e342d8c1,proven_maximal,maximize_sum_testing_e_values_at_maximum_cardinality,proven_optimal,0.0,0.0,1643.7160993979758,0,0,0,,,,0,0,0,0,0,0,0.0,0.0,0.0,0.0,0.0,0.0,0,0,2.134929799940437,17,7,704,47,0,,original_uniform_floor_plus_prior_scores,maximum_cardinality_certified_superset_of_eBH_then_maximum_testing_evalue_sum,200,0,0,exact_dyadic_prefix_or_HiGHS_QUBO_MILP,300.0,1
358,b9ba7a7dab59c886a49c0350c6e1cc58d389620193d6cc292749525faa4bef4b,proven_maximal,maximize_sum_testing_e_values_at_maximum_cardinality,proven_optimal,77253.02586568173,1.3767017070091827,56114.571132122845,2,2,2,10;46,10;46,10;46,2,2,2,0,0,0,0.1,0.1,0.1,0.0,0.0,0.0,0,0,2.123744900105521,18,8,755,33,2,,original_uniform_floor_plus_prior_scores,maximum_cardinality_certified_superset_of_eBH_then_maximum_testing_evalue_sum,200,2,2,exact_dyadic_prefix_or_HiGHS_QUBO_MILP,300.0,1
359,aac16144516382af2961ec65387ded813cb295a32922b5e96a57487461a38f83,proven_maximal,maximize_sum_testing_e_values_at_maximum_cardinality,proven_optimal,20045.224701612253,2.085934127282495,9609.711274884165,3,3,7,138;142;147,138;142;147,45;68;100;103;138;142;147,3,3,7,0,0,0,0.15,0.15,0.35,0.0,0.0,0.0,0,4,1.792004199931398,15,13,774,42,7,,original_uniform_floor_plus_prior_scores,maximum_cardinality_certified_superset_of_eBH_then_maximum_testing_evalue_sum,200,3,3,exact_dyadic_prefix_or_HiGHS_QUBO_MILP,300.0,1
360,a6cf56d6b55da07e6fe8cd8cc60c1013381c148757abc8b18c3eecb80a840305,proven_maximal,maximize_sum_testing_e_values_at_maximum_cardinality,proven_optimal,41138.77426261293,2.8188704498184807,14594.06347150932,8,8,9,9;59;138;142;144;151;156;198,9;59;138;142;144;151;156;198,9;59;114;138;142;144;151;156;198,8,8,9,0,0,0,0.4,0.4,0.45,0.0,0.0,0.0,0,1,1.693106000078842,11,6,432,44,9,,original_uniform_floor_plus_prior_scores,maximum_cardinality_certified_superset_of_eBH_then_maximum_testing_evalue_sum,200,8,8,exact_dyadic_prefix_or_HiGHS_QUBO_MILP,300.0,1
361,3f43ccf8c33903279ba1d8a46cf1448fec0b0ec9f66beccdb552e3bfb1582033,proven_maximal,maximize_sum_testing_e_values_at_maximum_cardinality,proven_optimal,168174.99712132875,1.098452491572261,153101.74851587147,4,4,4,79;95;96;144,79;95;96;144,79;95;96;144,4,4,4,0,0,0,0.2,0.2,0.2,0.0,0.0,0.0,0,0,1.4600885000545532,12,6,574,46,4,,original_uniform_floor_plus_prior_scores,maximum_cardinality_certified_superset_of_eBH_then_maximum_testing_evalue_sum,200,4,4,exact_dyadic_prefix_or_HiGHS_QUBO_MILP,300.0,1
362,6142a528783c7f58bc77a80fc97132f58636e8ab1ef1ea3b89b00731d6922fec,proven_maximal,maximize_sum_testing_e_values_at_maximum_cardinality,proven_optimal,104373.42526369929,1.3581375754288392,76850.40687482843,3,3,7,27;126;186,27;126;186,27;43;73;126;149;168;186,3,3,7,0,0,0,0.15,0.15,0.35,0.0,0.0,0.0,0,4,1.3543538998346776,11,8,704,46,7,,original_uniform_floor_plus_prior_scores,maximum_cardinality_certified_superset_of_eBH_then_maximum_testing_evalue_sum,200,3,3,exact_dyadic_prefix_or_HiGHS_QUBO_MILP,300.0,1
363,01de792d3fa60cbbe1350c11bc248191eed650f738990e9a0b63af929b44669a,proven_maximal,maximize_sum_testing_e_values_at_maximum_cardinality,proven_optimal,319532.48597061075,1.4399469914932408,221905.72837632868,6,6,8,10;11;35;38;66;110,10;11;35;38;66;110,10;11;35;38;66;105;110;167,6,6,8,0,0,0,0.3,0.3,0.4,0.0,0.0,0.0,0,2,1.4248096998780966,11,7,601,47,8,,original_uniform_floor_plus_prior_scores,maximum_cardinality_certified_superset_of_eBH_then_maximum_testing_evalue_sum,200,6,6,exact_dyadic_prefix_or_HiGHS_QUBO_MILP,300.0,1
364,5119dd88922fef9e227610bc2f5f408b40ece411d5e1a05543c15b5bcf118690,proven_maximal,maximize_sum_testing_e_values_at_maximum_cardinality,proven_optimal,118463.82199170333,1.2014478332644247,98600.8869563884,2,2,10,6;81,6;81,2;6;58;81;90;122;129;136;143;186,2,2,9,0,0,1,0.1,0.1,0.45,0.0,0.0,0.1,0,8,1.3967760000377893,11,9,707,48,10,,original_uniform_floor_plus_prior_scores,maximum_cardinality_certified_superset_of_eBH_then_maximum_testing_evalue_sum,200,2,2,exact_dyadic_prefix_or_HiGHS_QUBO_MILP,300.0,1
365,b2b7e33e7d96aaa269f0dcb8847f7454b31fa0dbfca5aea15af1553bc0f2a642,proven_maximal,maximize_sum_testing_e_values_at_maximum_cardinality,proven_optimal,21926.32401444192,2.459704723644923,8914.20982513312,7,7,10,26;35;51;134;165;194;195,26;35;51;134;165;194;195,26;35;51;77;99;104;134;165;194;195,7,7,10,0,0,0,0.35,0.35,0.5,0.0,0.0,0.0,0,3,1.5350421001203358,10,6,437,42,10,,original_uniform_floor_plus_prior_scores,maximum_cardinality_certified_superset_of_eBH_then_maximum_testing_evalue_sum,200,7,7,exact_dyadic_prefix_or_HiGHS_QUBO_MILP,300.0,1
366,d19dda67de5b8808cd26568ad26de6ab59da903cc62a5ccf1f2c39838c697340,proven_maximal,maximize_sum_testing_e_values_at_maximum_cardinality,proven_optimal,54251.31972176234,3.3613926001602907,16139.536845287075,8,8,10,7;14;39;79;88;175;198;199,7;14;39;79;88;175;198;199,7;14;39;73;79;87;88;175;198;199,8,8,10,0,0,0,0.4,0.4,0.5,0.0,0.0,0.0,0,2,2.4395274000708014,16,9,645,32,10,,original_uniform_floor_plus_prior_scores,maximum_cardinality_certified_superset_of_eBH_then_maximum_testing_evalue_sum,200,8,8,exact_dyadic_prefix_or_HiGHS_QUBO_MILP,300.0,1
367,acfd154df93b48bd83a1aef8d56c49e1c3f692d87c38f835d22f5cd7f06edead,proven_maximal,maximize_sum_testing_e_values_at_maximum_cardinality,proven_optimal,28311.96972409299,3.386134059867755,8361.148502548866,9,9,10,2;83;86;99;110;149;154;160;192,2;83;86;99;110;149;154;160;192,2;83;86;99;110;149;154;160;189;192,9,9,10,0,0,0,0.45,0.45,0.5,0.0,0.0,0.0,0,1,1.0088462000712752,6,5,500,33,10,,original_uniform_floor_plus_prior_scores,maximum_cardinality_certified_superset_of_eBH_then_maximum_testing_evalue_sum,200,9,9,exact_dyadic_prefix_or_HiGHS_QUBO_MILP,300.0,1
368,d6079521e510a5cb10a9ad9df26fa7fa254bb6c3e0411004bab82486eaedcce8,proven_maximal,maximize_sum_testing_e_values_at_maximum_cardinality,proven_optimal,35628.79456914283,1.8509410977886955,19249.01587182232,8,8,11,19;55;105;108;129;143;154;170,19;55;105;108;129;143;154;170,19;26;55;105;108;129;143;151;154;157;170,8,8,11,0,0,0,0.4,0.4,0.55,0.0,0.0,0.0,0,3,1.6789976998697966,11,7,592,40,11,,original_uniform_floor_plus_prior_scores,maximum_cardinality_certified_superset_of_eBH_then_maximum_testing_evalue_sum,200,8,8,exact_dyadic_prefix_or_HiGHS_QUBO_MILP,300.0,1
369,ae00c023da4d8056f3b9f4641753b0d0ddf38bbef6403f63db69d728fd2e0fe4,proven_maximal,maximize_sum_testing_e_values_at_maximum_cardinality,proven_optimal,193257.90176058776,1.0590770168602477,182477.6656314594,4,4,9,5;36;126;193,5;36;126;193,4;5;8;36;38;120;126;155;193,4,4,9,0,0,0,0.2,0.2,0.45,0.0,0.0,0.0,0,5,1.7192501998506486,13,9,569,43,9,,original_uniform_floor_plus_prior_scores,maximum_cardinality_certified_superset_of_eBH_then_maximum_testing_evalue_sum,200,4,4,exact_dyadic_prefix_or_HiGHS_QUBO_MILP,300.0,1
370,93b11288d504281a50ac07d42848a9c5121c92dc2ba21b00c9e5cea470cae502,proven_maximal,maximize_sum_testing_e_values_at_maximum_cardinality,proven_optimal,102353.3239428736,1.0,102353.3239428736,1,1,1,53,53,53,1,1,1,0,0,0,0.05,0.05,0.05,0.0,0.0,0.0,0,0,1.3327611999120563,12,7,628,39,1,,original_uniform_floor_plus_prior_scores,maximum_cardinality_certified_superset_of_eBH_then_maximum_testing_evalue_sum,200,1,1,exact_dyadic_prefix_or_HiGHS_QUBO_MILP,300.0,1
371,38e81d3b1d05344a688e922d89ca17c560c0b43bf41539a2689c516abc251b1f,proven_maximal,maximize_sum_testing_e_values_at_maximum_cardinality,proven_optimal,48839.933926699945,1.665741704607105,29320.23241755823,4,4,6,51;53;103;116,51;53;103;116,51;53;58;67;103;116,4,4,6,0,0,0,0.2,0.2,0.3,0.0,0.0,0.0,0,2,2.283365000039339,18,10,634,34,6,,original_uniform_floor_plus_prior_scores,maximum_cardinality_certified_superset_of_eBH_then_maximum_testing_evalue_sum,200,4,4,exact_dyadic_prefix_or_HiGHS_QUBO_MILP,300.0,1
372,4a2f116bce27e5f5c96eee0a8880efcc88460676f369f6ce841de3a35ca87890,proven_maximal,maximize_sum_testing_e_values_at_maximum_cardinality,proven_optimal,6226.581135156453,1.6617937987598108,3746.903580819306,2,2,3,8;53,8;53,8;31;53,2,2,3,0,0,0,0.1,0.1,0.15,0.0,0.0,0.0,0,1,1.9839920001104474,15,6,503,34,3,,original_uniform_floor_plus_prior_scores,maximum_cardinality_certified_superset_of_eBH_then_maximum_testing_evalue_sum,200,2,2,exact_dyadic_prefix_or_HiGHS_QUBO_MILP,300.0,1
373,75808ecf80c22299e92b1a3e5e77860fe7515908c9b77f479476822eb4ebd80c,proven_maximal,maximize_sum_testing_e_values_at_maximum_cardinality,proven_optimal,22877.071293922432,4.14307924576893,5521.755664530281,7,7,9,10;39;45;77;78;89;169,10;39;45;77;78;89;169,3;10;39;45;77;78;89;106;169,7,7,9,0,0,0,0.35,0.35,0.45,0.0,0.0,0.0,0,2,1.950013600056991,13,6,503,33,9,,original_uniform_floor_plus_prior_scores,maximum_cardinality_certified_superset_of_eBH_then_maximum_testing_evalue_sum,200,7,7,exact_dyadic_prefix_or_HiGHS_QUBO_MILP,300.0,1
374,9ae0e665223b0d4c0b00bc14bee35b091c14e058f5c1fc17220ff9172a647d9f,proven_maximal,maximize_sum_testing_e_values_at_maximum_cardinality,proven_optimal,45305.07704453252,2.607473204891105,17375.088250015047,10,10,12,19;26;36;48;55;57;71;157;158;189,19;26;36;48;55;57;71;157;158;189,19;26;36;48;55;57;71;104;157;158;171;189,10,10,12,0,0,0,0.5,0.5,0.6,0.0,0.0,0.0,0,2,1.964268800104037,9,7,599,53,12,,original_uniform_floor_plus_prior_scores,maximum_cardinality_certified_superset_of_eBH_then_maximum_testing_evalue_sum,200,10,10,exact_dyadic_prefix_or_HiGHS_QUBO_MILP,300.0,1
375,f9dfb08d9f87c60e495c1602a4a0c4217afeaa659b2eb810dd9e5e4656e0f88f,proven_maximal,maximize_sum_testing_e_values_at_maximum_cardinality,proven_optimal,14537.910482536387,3.2693192000303717,4446.769982692828,4,4,4,34;44;130;187,34;44;130;187,34;44;130;187,4,4,4,0,0,0,0.2,0.2,0.2,0.0,0.0,0.0,0,0,1.5295575000345707,12,5,600,59,4,,original_uniform_floor_plus_prior_scores,maximum_cardinality_certified_superset_of_eBH_then_maximum_testing_evalue_sum,200,4,4,exact_dyadic_prefix_or_HiGHS_QUBO_MILP,300.0,1
376,003e9d8ebe1d7ad6d5130cf587b508f1a7d86aaee98e49a02df3007d37462ab7,proven_maximal,maximize_sum_testing_e_values_at_maximum_cardinality,proven_optimal,32230.671334256192,1.2690965868199462,25396.547172992232,4,4,4,20;75;152;170,20;75;152;170,20;75;152;170,4,4,4,0,0,0,0.2,0.2,0.2,0.0,0.0,0.0,0,0,1.8026858000084758,15,8,670,33,4,,original_uniform_floor_plus_prior_scores,maximum_cardinality_certified_superset_of_eBH_then_maximum_testing_evalue_sum,200,4,4,exact_dyadic_prefix_or_HiGHS_QUBO_MILP,300.0,1
377,67396c6ed4fda4d9231afabeaf5ccf565fe2e3368d355e5ee34b317c832751e1,proven_maximal,maximize_sum_testing_e_values_at_maximum_cardinality,proven_optimal,23675.66700623694,2.348359395329826,10081.790314259672,3,3,8,64;138;186,64;138;186,2;34;64;77;85;88;138;186,3,3,8,0,0,0,0.15,0.15,0.4,0.0,0.0,0.0,0,5,2.6009659999981523,21,16,663,42,8,,original_uniform_floor_plus_prior_scores,maximum_cardinality_certified_superset_of_eBH_then_maximum_testing_evalue_sum,200,3,3,exact_dyadic_prefix_or_HiGHS_QUBO_MILP,300.0,1
378,44e713de2dd8eba69cd7d2944179e83b09562a3a7ba199977c5cfc8d650cb731,proven_maximal,maximize_sum_testing_e_values_at_maximum_cardinality,proven_optimal,16930.84733092792,1.7638201377897966,9598.964751668833,5,5,7,35;52;121;177;194,35;52;121;177;194,35;52;121;159;177;192;194,5,5,7,0,0,0,0.25,0.25,0.35,0.0,0.0,0.0,0,2,2.0594389999751,15,7,514,35,7,,original_uniform_floor_plus_prior_scores,maximum_cardinality_certified_superset_of_eBH_then_maximum_testing_evalue_sum,200,5,5,exact_dyadic_prefix_or_HiGHS_QUBO_MILP,300.0,1
379,d391afe3d3517406772c15f941fa55e330360a8de58bb7932c67611371969962,proven_maximal,maximize_sum_testing_e_values_at_maximum_cardinality,proven_optimal,5628.046514489819,2.021023930827308,2784.750060918859,2,2,3,1;121,1;121,1;83;121,2,2,3,0,0,0,0.1,0.1,0.15,0.0,0.0,0.0,0,1,2.4794662001077086,19,10,828,46,3,,original_uniform_floor_plus_prior_scores,maximum_cardinality_certified_superset_of_eBH_then_maximum_testing_evalue_sum,200,2,2,exact_dyadic_prefix_or_HiGHS_QUBO_MILP,300.0,1
380,e6a628a7e702d9372a264947420e7ac0b997c117215dc2cae05574de870e83de,proven_maximal,maximize_sum_testing_e_values_at_maximum_cardinality,proven_optimal,5925.689146277299,1.0,5925.689146277299,1,1,1,179,179,179,1,1,1,0,0,0,0.05,0.05,0.05,0.0,0.0,0.0,0,0,1.9517349998932332,16,8,706,44,1,,original_uniform_floor_plus_prior_scores,maximum_cardinality_certified_superset_of_eBH_then_maximum_testing_evalue_sum,200,1,1,exact_dyadic_prefix_or_HiGHS_QUBO_MILP,300.0,1
381,e6b9580b8aae2b87f745b1b46b1f5eeb4dc48dd6819de59347a213e3e443c6bc,proven_maximal,maximize_sum_testing_e_values_at_maximum_cardinality,proven_optimal,11919.966479003631,1.9263576608078001,6187.826238874615,3,3,3,87;159;165,87;159;165,87;159;165,3,3,3,0,0,0,0.15,0.15,0.15,0.0,0.0,0.0,0,0,1.4515841000247747,12,4,412,40,3,,original_uniform_floor_plus_prior_scores,maximum_cardinality_certified_superset_of_eBH_then_maximum_testing_evalue_sum,200,3,3,exact_dyadic_prefix_or_HiGHS_QUBO_MILP,300.0,1
382,4c59ecb91a118ae5ae2e6af5b688ac9d7e47db380d2f26471788c897674d08a3,proven_maximal,maximize_sum_testing_e_values_at_maximum_cardinality,proven_optimal,140638.45102103276,1.0907920545597707,128932.41239989833,9,9,11,14;29;112;147;149;156;169;180;185,14;29;112;147;149;156;169;180;185,14;29;47;96;112;147;149;156;169;180;185,9,9,11,0,0,0,0.45,0.45,0.55,0.0,0.0,0.0,0,2,1.7191987000405788,10,7,603,44,11,,original_uniform_floor_plus_prior_scores,maximum_cardinality_certified_superset_of_eBH_then_maximum_testing_evalue_sum,200,9,9,exact_dyadic_prefix_or_HiGHS_QUBO_MILP,300.0,1
383,d96a31781c7c2f6d4c8cbd3d1a42cac9ff258dad4895481f1b55321f18186958,proven_maximal,maximize_sum_testing_e_values_at_maximum_cardinality,proven_optimal,14540.388840390833,1.6342199355386253,8897.449189174431,4,4,4,6;22;61;140,6;22;61;140,6;22;61;140,4,4,4,0,0,0,0.2,0.2,0.2,0.0,0.0,0.0,0,0,2.2594701999332756,18,9,742,40,4,,original_uniform_floor_plus_prior_scores,maximum_cardinality_certified_superset_of_eBH_then_maximum_testing_evalue_sum,200,4,4,exact_dyadic_prefix_or_HiGHS_QUBO_MILP,300.0,1
384,fc0c715d57162f44db350f124a813bb277979270c0c68a7232343e67275af2c3,proven_maximal,maximize_sum_testing_e_values_at_maximum_cardinality,proven_optimal,32359.93364391227,1.1500957596255668,28136.729809740013,2,2,2,5;140,5;140,5;140,2,2,2,0,0,0,0.1,0.1,0.1,0.0,0.0,0.0,0,0,1.4428783999755979,14,8,633,34,2,,original_uniform_floor_plus_prior_scores,maximum_cardinality_certified_superset_of_eBH_then_maximum_testing_evalue_sum,200,2,2,exact_dyadic_prefix_or_HiGHS_QUBO_MILP,300.0,1
385,5ab949d8a36e9492655a00866369749dbf7f6d19fdbc3424643893cc5e9ab06d,proven_maximal,maximize_sum_testing_e_values_at_maximum_cardinality,proven_optimal,27392.83034528658,2.3220871521891824,11796.64179247604,6,6,6,59;82;93;140;146;185,59;82;93;140;146;185,59;82;93;140;146;185,6,6,6,0,0,0,0.3,0.3,0.3,0.0,0.0,0.0,0,0,1.2559086999390274,10,7,558,33,6,,original_uniform_floor_plus_prior_scores,maximum_cardinality_certified_superset_of_eBH_then_maximum_testing_evalue_sum,200,6,6,exact_dyadic_prefix_or_HiGHS_QUBO_MILP,300.0,1
386,87dacf16bc829497d9c8172d3b05190675e9c20544591f6229173f17c25e3f60,proven_maximal,maximize_sum_testing_e_values_at_maximum_cardinality,proven_optimal,10256.935361406517,2.5718577915403684,3988.142499614377,6,6,6,2;11;163;170;182;193,2;11;163;170;182;193,2;11;163;170;182;193,6,6,6,0,0,0,0.3,0.3,0.3,0.0,0.0,0.0,0,0,1.8911380001809448,16,6,619,56,6,,original_uniform_floor_plus_prior_scores,maximum_cardinality_certified_superset_of_eBH_then_maximum_testing_evalue_sum,200,6,6,exact_dyadic_prefix_or_HiGHS_QUBO_MILP,300.0,1
387,9b8cc9e09b9c7eaed900eb6831d4f8238606465809c2107d5312b33d3eb4e23a,proven_maximal,maximize_sum_testing_e_values_at_maximum_cardinality,proven_optimal,8822.49186810577,1.9461564712945028,4533.290101919407,2,2,6,35;132,35;132,21;35;64;132;156;174,2,2,6,0,0,0,0.1,0.1,0.3,0.0,0.0,0.0,0,4,1.4135914999060333,9,8,584,44,6,,original_uniform_floor_plus_prior_scores,maximum_cardinality_certified_superset_of_eBH_then_maximum_testing_evalue_sum,200,2,2,exact_dyadic_prefix_or_HiGHS_QUBO_MILP,300.0,1
388,47f2ed00c54f3ef0dc23d8ae7f2e8d045a8db7eb61bb16c9d25f3bbe57b7b2ec,proven_maximal,maximize_sum_testing_e_values_at_maximum_cardinality,proven_optimal,8536.087029883389,3.2584743730064325,2619.657561402751,2,2,9,47;95,47;95,2;17;47;65;95;104;110;125;168,2,2,9,0,0,0,0.1,0.1,0.45,0.0,0.0,0.0,0,7,0.7357707999181002,6,6,533,39,9,,original_uniform_floor_plus_prior_scores,maximum_cardinality_certified_superset_of_eBH_then_maximum_testing_evalue_sum,200,2,2,exact_dyadic_prefix_or_HiGHS_QUBO_MILP,300.0,1
389,9bb0d83636e48df254ec29eca9272dcb0bb3c4cc002ea1119e7f9b3878384fa6,proven_maximal,maximize_sum_testing_e_values_at_maximum_cardinality,proven_optimal,194903.61949428217,1.0691914233101791,182290.66867265676,4,4,5,7;56;88;166,7;56;88;166,7;56;73;88;166,4,4,5,0,0,0,0.2,0.2,0.25,0.0,0.0,0.0,0,1,1.7946836999617517,14,8,682,38,5,,original_uniform_floor_plus_prior_scores,maximum_cardinality_certified_superset_of_eBH_then_maximum_testing_evalue_sum,200,4,4,exact_dyadic_prefix_or_HiGHS_QUBO_MILP,300.0,1
390,c9130cc2854256354175d27f3fd84a68c1190271b545db2a392f0baeb2745a10,proven_maximal,maximize_sum_testing_e_values_at_maximum_cardinality,proven_optimal,24590.60332724726,1.1796375334442584,20845.897684730837,3,3,3,34;99;152,34;99;152,34;99;152,3,3,3,0,0,0,0.15,0.15,0.15,0.0,0.0,0.0,0,0,1.6760517999064177,14,5,506,52,3,,original_uniform_floor_plus_prior_scores,maximum_cardinality_certified_superset_of_eBH_then_maximum_testing_evalue_sum,200,3,3,exact_dyadic_prefix_or_HiGHS_QUBO_MILP,300.0,1
391,cbc4d65ed0d6e3cb9499ba0c1c5735520300c0e18d888879fed9a79818efab20,proven_maximal,maximize_sum_testing_e_values_at_maximum_cardinality,proven_optimal,42597.7536151106,1.7174199363622276,24803.341753059834,5,5,8,73;116;143;145;161,73;116;143;145;161,73;90;109;113;116;143;145;161,5,5,8,0,0,0,0.25,0.25,0.4,0.0,0.0,0.0,0,3,2.0278735000174493,13,10,867,43,8,,original_uniform_floor_plus_prior_scores,maximum_cardinality_certified_superset_of_eBH_then_maximum_testing_evalue_sum,200,5,5,exact_dyadic_prefix_or_HiGHS_QUBO_MILP,300.0,1
392,896e71f8c67ec5109ca71b32f40c28e7e1dbd22baa94a5031430c634035b22bd,proven_maximal,maximize_sum_testing_e_values_at_maximum_cardinality,proven_optimal,3040.2165720778576,2.9587858420631514,1027.521670834387,0,0,4,,,19;67;172;173,0,0,4,0,0,0,0.0,0.0,0.2,0.0,0.0,0.0,0,4,1.0216953000053763,8,8,735,46,4,,original_uniform_floor_plus_prior_scores,maximum_cardinality_certified_superset_of_eBH_then_maximum_testing_evalue_sum,200,0,0,exact_dyadic_prefix_or_HiGHS_QUBO_MILP,300.0,1
393,d3021eef9668392332eb2e8916b1b9b4b88e4f3a4b6f6860e84b1bbc57f7fcf2,proven_maximal,maximize_sum_testing_e_values_at_maximum_cardinality,proven_optimal,0.0,0.0,1490.9851791985318,0,0,0,,,,0,0,0,0,0,0,0.0,0.0,0.0,0.0,0.0,0.0,0,0,0.46628250018693507,3,3,300,37,0,,original_uniform_floor_plus_prior_scores,maximum_cardinality_certified_superset_of_eBH_then_maximum_testing_evalue_sum,200,0,0,exact_dyadic_prefix_or_HiGHS_QUBO_MILP,300.0,1
394,20004ba77c2e940e6f03aa7cae240c40ef7aa0c7d369d9675638a07d07479d7a,proven_maximal,maximize_sum_testing_e_values_at_maximum_cardinality,proven_optimal,6884.979035540278,1.415974155595383,4862.362076548855,2,2,2,38;179,38;179,38;179,2,2,2,0,0,0,0.1,0.1,0.1,0.0,0.0,0.0,0,0,1.7764160998631269,14,6,601,48,2,,original_uniform_floor_plus_prior_scores,maximum_cardinality_certified_superset_of_eBH_then_maximum_testing_evalue_sum,200,2,2,exact_dyadic_prefix_or_HiGHS_QUBO_MILP,300.0,1
395,705073182fd4aabfffbcb52b692174568e4268da35315c7abc085d55498f9519,proven_maximal,maximize_sum_testing_e_values_at_maximum_cardinality,proven_optimal,44047.324917624996,1.174272723395212,37510.30236849032,5,5,5,10;52;54;97;103,10;52;54;97;103,10;52;54;97;103,5,5,5,0,0,0,0.25,0.25,0.25,0.0,0.0,0.0,0,0,1.0147877999115735,11,7,651,40,5,,original_uniform_floor_plus_prior_scores,maximum_cardinality_certified_superset_of_eBH_then_maximum_testing_evalue_sum,200,5,5,exact_dyadic_prefix_or_HiGHS_QUBO_MILP,300.0,1
396,d9fd5cb7117caa3f05fbe7e086fac1c3aaa65b181791af2947ea1e0462cf8439,proven_maximal,maximize_sum_testing_e_values_at_maximum_cardinality,proven_optimal,130782.54002438895,1.4497231023249961,90212.08244156846,3,3,3,62;75;82,62;75;82,62;75;82,3,3,3,0,0,0,0.15,0.15,0.15,0.0,0.0,0.0,0,0,1.0033301000948995,8,7,596,30,3,,original_uniform_floor_plus_prior_scores,maximum_cardinality_certified_superset_of_eBH_then_maximum_testing_evalue_sum,200,3,3,exact_dyadic_prefix_or_HiGHS_QUBO_MILP,300.0,1
397,d988a409d175789980bbc733bf5039b67a7d60e2f5bd36ddb5a37241443c617b,proven_maximal,maximize_sum_testing_e_values_at_maximum_cardinality,proven_optimal,0.0,0.0,1548.362634388542,0,0,0,,,,0,0,0,0,0,0,0.0,0.0,0.0,0.0,0.0,0.0,0,0,0.5000485999044031,3,3,300,32,0,,original_uniform_floor_plus_prior_scores,maximum_cardinality_certified_superset_of_eBH_then_maximum_testing_evalue_sum,200,0,0,exact_dyadic_prefix_or_HiGHS_QUBO_MILP,300.0,1
398,8939ea7ba31601377f17b1a56c9820fdb83646e5877a5981bf84e44fd1e65569,proven_maximal,maximize_sum_testing_e_values_at_maximum_cardinality,proven_optimal,0.0,0.0,2954.461939489666,0,0,0,,,,0,0,0,0,0,0,0.0,0.0,0.0,0.0,0.0,0.0,0,0,2.193676399998367,14,8,807,40,0,,original_uniform_floor_plus_prior_scores,maximum_cardinality_certified_superset_of_eBH_then_maximum_testing_evalue_sum,200,0,0,exact_dyadic_prefix_or_HiGHS_QUBO_MILP,300.0,1
399,aec948a36c8ea26c0639960a1d5202d5748543c6b6d8512435d4fa05840acd42,proven_maximal,maximize_sum_testing_e_values_at_maximum_cardinality,proven_optimal,62771.48491693993,1.0524084380415217,59645.55456601474,1,1,5,131,131,24;26;93;131;132,1,1,5,0,0,0,0.05,0.05,0.25,0.0,0.0,0.0,0,4,2.0689596000593156,16,13,855,34,5,,original_uniform_floor_plus_prior_scores,maximum_cardinality_certified_superset_of_eBH_then_maximum_testing_evalue_sum,200,1,1,exact_dyadic_prefix_or_HiGHS_QUBO_MILP,300.0,1
400,b7370c7ece22ce189891613c7ce3635d93759beee62cec0e97d7bef74c2c5c85,proven_maximal,maximize_sum_testing_e_values_at_maximum_cardinality,proven_optimal,420170.7902498119,1.048157402626987,400866.1191503698,6,6,8,11;42;44;81;97;112,11;42;44;81;97;112,11;42;44;70;81;93;97;112,6,6,8,0,0,0,0.3,0.3,0.4,0.0,0.0,0.0,0,2,2.064526000060141,17,10,674,42,8,,original_uniform_floor_plus_prior_scores,maximum_cardinality_certified_superset_of_eBH_then_maximum_testing_evalue_sum,200,6,6,exact_dyadic_prefix_or_HiGHS_QUBO_MILP,300.0,1
401,4035de920199d436d9182670df58d9ead80e54f2b27b29b4411a405df6aed948,proven_maximal,maximize_sum_testing_e_values_at_maximum_cardinality,proven_optimal,5241.971438303653,1.7237202039164232,3041.080232391252,0,0,6,,,43;64;74;84;123;187,0,0,4,0,0,2,0.0,0.0,0.2,0.0,0.0,0.3333333333333333,0,6,1.6845003000926226,12,9,676,41,6,,original_uniform_floor_plus_prior_scores,maximum_cardinality_certified_superset_of_eBH_then_maximum_testing_evalue_sum,200,0,0,exact_dyadic_prefix_or_HiGHS_QUBO_MILP,300.0,1
402,f5c57cbdba8afb505c5d8260b8c382cbdfd2f4ccc0422d7ed0caa2d7acd39a20,proven_maximal,maximize_sum_testing_e_values_at_maximum_cardinality,proven_optimal,48483.151772289115,1.4025244453984924,34568.48964833111,4,4,5,22;99;105;172,22;99;105;172,7;22;99;105;172,4,4,5,0,0,0,0.2,0.2,0.25,0.0,0.0,0.0,0,1,1.655898200115189,14,8,646,51,5,,original_uniform_floor_plus_prior_scores,maximum_cardinality_certified_superset_of_eBH_then_maximum_testing_evalue_sum,200,4,4,exact_dyadic_prefix_or_HiGHS_QUBO_MILP,300.0,1
403,4546e0fa72b87e204c795d92b0f4d2fba67c2dcd7c652251799b675abd4a233e,proven_maximal,maximize_sum_testing_e_values_at_maximum_cardinality,proven_optimal,3355.2570221833366,1.0,3355.2570221833366,0,0,1,,,172,0,0,1,0,0,0,0.0,0.0,0.05,0.0,0.0,0.0,0,1,1.7157288000453264,15,8,542,46,1,,original_uniform_floor_plus_prior_scores,maximum_cardinality_certified_superset_of_eBH_then_maximum_testing_evalue_sum,200,0,0,exact_dyadic_prefix_or_HiGHS_QUBO_MILP,300.0,1
404,c3e7c83622c50fda4e9adab55eb7bd13c527773cdd55a3b867659983ce6112ff,proven_maximal,maximize_sum_testing_e_values_at_maximum_cardinality,proven_optimal,58672.12051040092,1.071472500963164,54758.400666054986,1,1,5,68,68,28;47;68;94;130,1,1,5,0,0,0,0.05,0.05,0.25,0.0,0.0,0.0,0,4,1.8008235001470894,14,10,656,45,5,,original_uniform_floor_plus_prior_scores,maximum_cardinality_certified_superset_of_eBH_then_maximum_testing_evalue_sum,200,1,1,exact_dyadic_prefix_or_HiGHS_QUBO_MILP,300.0,1
405,8aa3fa6c638822ed5ba52e69e0d0b5c9d129cccf9f45674319a32e720fb3276a,proven_maximal,maximize_sum_testing_e_values_at_maximum_cardinality,proven_optimal,24127.815097396164,1.846603315980562,13066.05207983399,6,6,7,16;47;115;142;180;187,16;47;115;142;180;187,16;47;73;115;142;180;187,6,6,6,0,0,1,0.3,0.3,0.3,0.0,0.0,0.14285714285714285,0,1,1.5738703000824898,13,8,639,45,7,,original_uniform_floor_plus_prior_scores,maximum_cardinality_certified_superset_of_eBH_then_maximum_testing_evalue_sum,200,6,6,exact_dyadic_prefix_or_HiGHS_QUBO_MILP,300.0,1
406,a68d812fecda627f3fbbf7c147e2691be222279f77425f036e08c2cd6a9f2394,proven_maximal,maximize_sum_testing_e_values_at_maximum_cardinality,proven_optimal,22885.05423897399,1.6433108625716495,13926.18691947348,4,4,4,44;126;176;198,44;126;176;198,44;126;176;198,4,4,4,0,0,0,0.2,0.2,0.2,0.0,0.0,0.0,0,0,3.187693899963051,24,14,1019,58,4,,original_uniform_floor_plus_prior_scores,maximum_cardinality_certified_superset_of_eBH_then_maximum_testing_evalue_sum,200,4,4,exact_dyadic_prefix_or_HiGHS_QUBO_MILP,300.0,1
407,a41b8c746adb2634097f727f1ce0531eb7e6e1ac21206b25043e6c7fc54f1449,proven_maximal,maximize_sum_testing_e_values_at_maximum_cardinality,proven_optimal,20203.056189501494,1.0779729060667596,18741.710553020435,1,1,2,146,146,34;146,1,1,2,0,0,0,0.05,0.05,0.1,0.0,0.0,0.0,0,1,2.2619002000428736,18,9,664,42,2,,original_uniform_floor_plus_prior_scores,maximum_cardinality_certified_superset_of_eBH_then_maximum_testing_evalue_sum,200,1,1,exact_dyadic_prefix_or_HiGHS_QUBO_MILP,300.0,1
408,7c9c369e2f54f6c648df19875b72530a9fa4cef0e8980781c406aa3b5f095d5a,proven_maximal,maximize_sum_testing_e_values_at_maximum_cardinality,proven_optimal,67034.30859608499,1.0390474841178574,64515.15413946318,1,1,4,2,2,2;84;112;121,1,1,4,0,0,0,0.05,0.05,0.2,0.0,0.0,0.0,0,3,1.7740609000902623,15,8,657,44,4,,original_uniform_floor_plus_prior_scores,maximum_cardinality_certified_superset_of_eBH_then_maximum_testing_evalue_sum,200,1,1,exact_dyadic_prefix_or_HiGHS_QUBO_MILP,300.0,1
409,e4c20f9de7b533b362d419e503ea65fabdb376bbbc60cac04dafdc54cd1a4cfe,proven_maximal,maximize_sum_testing_e_values_at_maximum_cardinality,proven_optimal,28430.295529398478,1.2672396881038852,22434.82097055962,2,2,3,163;197,163;197,146;163;197,2,2,3,0,0,0,0.1,0.1,0.15,0.0,0.0,0.0,0,1,2.112836000043899,18,9,776,42,3,,original_uniform_floor_plus_prior_scores,maximum_cardinality_certified_superset_of_eBH_then_maximum_testing_evalue_sum,200,2,2,exact_dyadic_prefix_or_HiGHS_QUBO_MILP,300.0,1
410,e4a7585ba76122d6da14ec777d27e5db523f9cab7048550ce9f90f091de82682,proven_maximal,maximize_sum_testing_e_values_at_maximum_cardinality,proven_optimal,15606.608264407347,1.6444257260629151,9490.613055399404,2,2,7,119;136,119;136,40;47;82;119;136;139;158,2,2,7,0,0,0,0.1,0.1,0.35,0.0,0.0,0.0,0,5,1.4878548998385668,11,10,612,32,7,,original_uniform_floor_plus_prior_scores,maximum_cardinality_certified_superset_of_eBH_then_maximum_testing_evalue_sum,200,2,2,exact_dyadic_prefix_or_HiGHS_QUBO_MILP,300.0,1
411,32f95d95710ae93ebfe918ec344879659f3e0a1a5106aea8d9f2faba1b407939,proven_maximal,maximize_sum_testing_e_values_at_maximum_cardinality,proven_optimal,24023.97457737668,1.8033397008796093,13321.935165991512,4,4,13,35;50;141;144,35;50;141;144,3;9;21;35;39;50;112;120;124;139;141;144;176,4,4,13,0,0,0,0.2,0.2,0.65,0.0,0.0,0.0,0,9,1.993080899817869,6,6,505,44,13,,original_uniform_floor_plus_prior_scores,maximum_cardinality_certified_superset_of_eBH_then_maximum_testing_evalue_sum,200,4,4,exact_dyadic_prefix_or_HiGHS_QUBO_MILP,300.0,1
412,973314d10d800dc54d0314c2d99a634ee1d25de283de4afcbbcdbcea1ce60849,proven_maximal,maximize_sum_testing_e_values_at_maximum_cardinality,proven_optimal,51165.882664885416,1.5326030113227458,33384.9550646032,7,7,10,8;69;82;87;99;151;164,8;69;82;87;99;151;164,8;18;62;69;82;87;99;151;159;164,7,7,10,0,0,0,0.35,0.35,0.5,0.0,0.0,0.0,0,3,2.412018100032583,12,6,501,36,10,,original_uniform_floor_plus_prior_scores,maximum_cardinality_certified_superset_of_eBH_then_maximum_testing_evalue_sum,200,7,7,exact_dyadic_prefix_or_HiGHS_QUBO_MILP,300.0,1
413,703fc5e5eea8ef09dbbd0fa8673e0785b7c058c3d4b9e9c6b1a2942336ab865c,proven_maximal,maximize_sum_testing_e_values_at_maximum_cardinality,proven_optimal,11116.79183827159,3.978204895300815,2794.4241513058078,5,5,8,18;54;67;86;189,18;54;67;86;189,18;54;67;70;86;87;148;189,5,5,8,0,0,0,0.25,0.25,0.4,0.0,0.0,0.0,0,3,1.8419776000082493,13,8,636,33,8,,original_uniform_floor_plus_prior_scores,maximum_cardinality_certified_superset_of_eBH_then_maximum_testing_evalue_sum,200,5,5,exact_dyadic_prefix_or_HiGHS_QUBO_MILP,300.0,1
414,9202919d14364718cd51b7afddb68968e7e33d05f2fee2c2475b885fdbef1014,proven_maximal,maximize_sum_testing_e_values_at_maximum_cardinality,proven_optimal,47928.39115291125,1.6236543314852616,29518.83921565254,5,5,7,23;70;107;125;155,23;70;107;125;155,23;70;80;107;125;141;155,5,5,7,0,0,0,0.25,0.25,0.35,0.0,0.0,0.0,0,2,1.2596366999205202,10,7,514,37,7,,original_uniform_floor_plus_prior_scores,maximum_cardinality_certified_superset_of_eBH_then_maximum_testing_evalue_sum,200,5,5,exact_dyadic_prefix_or_HiGHS_QUBO_MILP,300.0,1
415,4966a97b611de7a512fec8c83aa8ca046092317543f813769768c3145aaac11a,proven_maximal,maximize_sum_testing_e_values_at_maximum_cardinality,proven_optimal,7065.823229536752,1.0923571993039778,6468.418237220311,1,1,2,71,71,71;187,1,1,2,0,0,0,0.05,0.05,0.1,0.0,0.0,0.0,0,1,2.215693400008604,18,9,621,36,2,,original_uniform_floor_plus_prior_scores,maximum_cardinality_certified_superset_of_eBH_then_maximum_testing_evalue_sum,200,1,1,exact_dyadic_prefix_or_HiGHS_QUBO_MILP,300.0,1
416,32bb91d5f48e54db177a689f5dcad51dc541c1471ab32407cdf0e0d3b69acb30,proven_maximal,maximize_sum_testing_e_values_at_maximum_cardinality,proven_optimal,0.0,0.0,3193.096600505052,0,0,0,,,,0,0,0,0,0,0,0.0,0.0,0.0,0.0,0.0,0.0,0,0,0.9965540999546647,9,8,661,43,0,,original_uniform_floor_plus_prior_scores,maximum_cardinality_certified_superset_of_eBH_then_maximum_testing_evalue_sum,200,0,0,exact_dyadic_prefix_or_HiGHS_QUBO_MILP,300.0,1
417,6cf8b5886dd6d8a321d30d65bc1c0ba65cd8244e0a31e3980053faba75ac34fa,proven_maximal,maximize_sum_testing_e_values_at_maximum_cardinality,proven_optimal,0.0,0.0,2227.014904965444,0,0,0,,,,0,0,0,0,0,0,0.0,0.0,0.0,0.0,0.0,0.0,0,0,0.41937130014412105,3,3,300,32,0,,original_uniform_floor_plus_prior_scores,maximum_cardinality_certified_superset_of_eBH_then_maximum_testing_evalue_sum,200,0,0,exact_dyadic_prefix_or_HiGHS_QUBO_MILP,300.0,1
418,0b5bd5ac6886dfdd840a5523d1357f2b24a872af8fdb1c45b1d272a74040eb8e,proven_maximal,maximize_sum_testing_e_values_at_maximum_cardinality,proven_optimal,8385.794515453554,2.3871452145823873,3512.896686899119,2,2,7,33;35,33;35,3;10;33;35;57;76;147,2,2,7,0,0,0,0.1,0.1,0.35,0.0,0.0,0.0,0,5,1.8258969001471996,13,10,661,55,7,,original_uniform_floor_plus_prior_scores,maximum_cardinality_certified_superset_of_eBH_then_maximum_testing_evalue_sum,200,2,2,exact_dyadic_prefix_or_HiGHS_QUBO_MILP,300.0,1
419,f9dcc4a161d0edc770f732c6fadfb3d55481abeaaa0e12c38281e35a2b0d75ee,proven_maximal,maximize_sum_testing_e_values_at_maximum_cardinality,proven_optimal,7657.028734691374,3.0976071514719914,2471.9173091567577,3,3,5,53;139;147,53;139;147,53;139;144;147;191,3,3,5,0,0,0,0.15,0.15,0.25,0.0,0.0,0.0,0,2,1.4803379999939352,12,7,508,36,5,,original_uniform_floor_plus_prior_scores,maximum_cardinality_certified_superset_of_eBH_then_maximum_testing_evalue_sum,200,3,3,exact_dyadic_prefix_or_HiGHS_QUBO_MILP,300.0,1
420,3c70b200c076add9e49e5d7b51ec7e3cb40291f3240318121ed7dd6ccf609922,proven_maximal,maximize_sum_testing_e_values_at_maximum_cardinality,proven_optimal,53469.30566791177,1.5403151619909778,34713.22427210189,4,4,4,15;49;89;110,15;49;89;110,15;49;89;110,4,4,4,0,0,0,0.2,0.2,0.2,0.0,0.0,0.0,0,0,2.1419389001093805,17,9,829,40,4,,original_uniform_floor_plus_prior_scores,maximum_cardinality_certified_superset_of_eBH_then_maximum_testing_evalue_sum,200,4,4,exact_dyadic_prefix_or_HiGHS_QUBO_MILP,300.0,1
421,e9ce9bf0019478155466ce6377d740183f26f23db1d09f324d3169697a35c4d3,proven_maximal,maximize_sum_testing_e_values_at_maximum_cardinality,proven_optimal,60875.23234950036,1.1686543926454769,52090.02142344017,2,2,2,71;105,71;105,71;105,2,2,2,0,0,0,0.1,0.1,0.1,0.0,0.0,0.0,0,0,1.4622744999360293,11,8,553,32,2,,original_uniform_floor_plus_prior_scores,maximum_cardinality_certified_superset_of_eBH_then_maximum_testing_evalue_sum,200,2,2,exact_dyadic_prefix_or_HiGHS_QUBO_MILP,300.0,1
422,4f036582328202d1c321508318acab0bda51550d2bf91d4029f8e24da672ee79,proven_maximal,maximize_sum_testing_e_values_at_maximum_cardinality,proven_optimal,37653.26058727816,2.413766576692718,15599.379389398002,5,5,8,57;79;121;126;184,57;79;121;126;184,57;68;79;121;126;167;181;184,5,5,8,0,0,0,0.25,0.25,0.4,0.0,0.0,0.0,0,3,1.9694000999443233,12,9,737,47,8,,original_uniform_floor_plus_prior_scores,maximum_cardinality_certified_superset_of_eBH_then_maximum_testing_evalue_sum,200,5,5,exact_dyadic_prefix_or_HiGHS_QUBO_MILP,300.0,1
423,e08145d4a767d61341e3f49edb95b4129309d26299a56cd58bf1b26d36ac0d4a,proven_maximal,maximize_sum_testing_e_values_at_maximum_cardinality,proven_optimal,18869.33534429729,1.7849346048819537,10571.443509856324,3,3,3,1;112;127,1;112;127,1;112;127,3,3,3,0,0,0,0.15,0.15,0.15,0.0,0.0,0.0,0,0,1.4475555999670178,15,12,631,44,3,,original_uniform_floor_plus_prior_scores,maximum_cardinality_certified_superset_of_eBH_then_maximum_testing_evalue_sum,200,3,3,exact_dyadic_prefix_or_HiGHS_QUBO_MILP,300.0,1
424,d77cc83d6eff99adc2d9b9148a6653803c2106deb0e8fe154de8d12add0eb56d,proven_maximal,maximize_sum_testing_e_values_at_maximum_cardinality,proven_optimal,23021.857086916323,1.971386830122963,11678.00085459654,4,4,7,2;100;125;138,2;100;125;138,2;18;52;88;100;125;138,4,4,7,0,0,0,0.2,0.2,0.35,0.0,0.0,0.0,0,3,1.6796071000862867,13,7,519,34,7,,original_uniform_floor_plus_prior_scores,maximum_cardinality_certified_superset_of_eBH_then_maximum_testing_evalue_sum,200,4,4,exact_dyadic_prefix_or_HiGHS_QUBO_MILP,300.0,1
425,1e216cfa2a63bbb381c49f528a9750d888b7f1db0fca6e2e6d4d0b8ab7ecf661,proven_maximal,maximize_sum_testing_e_values_at_maximum_cardinality,proven_optimal,38949.03228402673,1.1308328499180254,34442.78461388009,2,2,3,39;158,39;158,30;39;158,2,2,3,0,0,0,0.1,0.1,0.15,0.0,0.0,0.0,0,1,1.8095027001108974,15,8,633,39,3,,original_uniform_floor_plus_prior_scores,maximum_cardinality_certified_superset_of_eBH_then_maximum_testing_evalue_sum,200,2,2,exact_dyadic_prefix_or_HiGHS_QUBO_MILP,300.0,1
426,9c70bdf6697ba9a849c9ea2576b963a3a0d3f0c9a415cc89a74eb8bf143e28e0,proven_maximal,maximize_sum_testing_e_values_at_maximum_cardinality,proven_optimal,14783.753084196349,1.7080185350733161,8655.499211875802,2,2,2,40;199,40;199,40;199,2,2,2,0,0,0,0.1,0.1,0.1,0.0,0.0,0.0,0,0,0.9331904000137001,9,5,507,37,2,,original_uniform_floor_plus_prior_scores,maximum_cardinality_certified_superset_of_eBH_then_maximum_testing_evalue_sum,200,2,2,exact_dyadic_prefix_or_HiGHS_QUBO_MILP,300.0,1
427,6a4fbea4378b32d8dde3c1d779e4b6c1f3be8f9a0efad5ca3f9329c5e1776cd7,proven_maximal,maximize_sum_testing_e_values_at_maximum_cardinality,proven_optimal,138139.71758640755,1.1728951509670822,117776.6976634764,5,5,6,11;56;58;123;146,11;56;58;123;146,5;11;56;58;123;146,5,5,6,0,0,0,0.25,0.25,0.3,0.0,0.0,0.0,0,1,1.254955800017342,10,9,560,31,6,,original_uniform_floor_plus_prior_scores,maximum_cardinality_certified_superset_of_eBH_then_maximum_testing_evalue_sum,200,5,5,exact_dyadic_prefix_or_HiGHS_QUBO_MILP,300.0,1
428,ebb5713f1e7755d522c6b9c0db18f42220f8b3d71185880532c44eb0dc1cbdad,proven_maximal,maximize_sum_testing_e_values_at_maximum_cardinality,proven_optimal,684736.9782755951,1.036848265639155,660402.2989357036,5,5,5,16;18;102;140;148,16;18;102;140;148,16;18;102;140;148,5,5,5,0,0,0,0.25,0.25,0.25,0.0,0.0,0.0,0,0,1.5888944999314845,14,8,628,46,5,,original_uniform_floor_plus_prior_scores,maximum_cardinality_certified_superset_of_eBH_then_maximum_testing_evalue_sum,200,5,5,exact_dyadic_prefix_or_HiGHS_QUBO_MILP,300.0,1
429,e8442ea9f85ed546d19d986ae0215187d03b125ecefd06379a0f525c1d385866,proven_maximal,maximize_sum_testing_e_values_at_maximum_cardinality,proven_optimal,20572.04543415567,2.1427131449890036,9600.933042421431,5,5,10,64;84;134;197;198,64;84;134;197;198,1;61;64;84;134;148;155;167;197;198,5,5,10,0,0,0,0.25,0.25,0.5,0.0,0.0,0.0,0,5,2.614354799967259,12,10,707,45,10,,original_uniform_floor_plus_prior_scores,maximum_cardinality_certified_superset_of_eBH_then_maximum_testing_evalue_sum,200,5,5,exact_dyadic_prefix_or_HiGHS_QUBO_MILP,300.0,1
430,5223b94d8134e83783b7baf8990b7ed5754b525ae942291fb182b1f45ec66276,proven_maximal,maximize_sum_testing_e_values_at_maximum_cardinality,proven_optimal,22639.592142714962,1.358173676957676,16669.143664621668,2,2,4,77;169,77;169,77;89;121;169,2,2,4,0,0,0,0.1,0.1,0.2,0.0,0.0,0.0,0,2,2.9602312000934035,23,15,695,41,4,,original_uniform_floor_plus_prior_scores,maximum_cardinality_certified_superset_of_eBH_then_maximum_testing_evalue_sum,200,2,2,exact_dyadic_prefix_or_HiGHS_QUBO_MILP,300.0,1
431,ed5b3f20099dc119b4d902e32ec59b4ebdfc2c9eed1b22f4f2f2c42dda7d6e44,proven_maximal,maximize_sum_testing_e_values_at_maximum_cardinality,proven_optimal,41035.9020125738,1.2234444666805024,33541.287022135155,4,4,5,64;89;110;113,64;89;110;113,64;89;110;113;150,4,4,5,0,0,0,0.2,0.2,0.25,0.0,0.0,0.0,0,1,1.929792599985376,13,7,538,36,5,,original_uniform_floor_plus_prior_scores,maximum_cardinality_certified_superset_of_eBH_then_maximum_testing_evalue_sum,200,4,4,exact_dyadic_prefix_or_HiGHS_QUBO_MILP,300.0,1
432,b1c234c9b444c8024af7b83d87aef16b3c34986f49418796fd4d1b8b18c9f6f5,proven_maximal,maximize_sum_testing_e_values_at_maximum_cardinality,proven_optimal,0.0,0.0,762.1623547478059,0,0,0,,,,0,0,0,0,0,0,0.0,0.0,0.0,0.0,0.0,0.0,0,0,0.5760378998238593,3,3,300,54,0,,original_uniform_floor_plus_prior_scores,maximum_cardinality_certified_superset_of_eBH_then_maximum_testing_evalue_sum,200,0,0,exact_dyadic_prefix_or_HiGHS_QUBO_MILP,300.0,1
433,4cfb0c6d76014cdb8d92ead74526736127096ce39a2953522404573c977fa6ee,proven_maximal,maximize_sum_testing_e_values_at_maximum_cardinality,proven_optimal,5755.053552346393,1.5711657547253117,3662.919418296865,2,2,2,69;131,69;131,69;131,2,2,2,0,0,0,0.1,0.1,0.1,0.0,0.0,0.0,0,0,2.584862699965015,20,10,839,47,2,,original_uniform_floor_plus_prior_scores,maximum_cardinality_certified_superset_of_eBH_then_maximum_testing_evalue_sum,200,2,2,exact_dyadic_prefix_or_HiGHS_QUBO_MILP,300.0,1
434,005cda87e5bafe46dcdd1b117ffc6b15baf65f8279deedd93a486fac7cd64c63,proven_maximal,maximize_sum_testing_e_values_at_maximum_cardinality,proven_optimal,91940.37395067934,1.7301624235893551,53139.73572489336,6,6,9,40;55;72;79;97;167,40;55;72;79;97;167,23;40;55;72;79;97;127;167;195,6,6,9,0,0,0,0.3,0.3,0.45,0.0,0.0,0.0,0,3,1.5202782000415027,10,8,679,51,9,,original_uniform_floor_plus_prior_scores,maximum_cardinality_certified_superset_of_eBH_then_maximum_testing_evalue_sum,200,6,6,exact_dyadic_prefix_or_HiGHS_QUBO_MILP,300.0,1
435,b36763307912c4bf3896470f8b2a93c4d8f94fb2916ae7686d6a67c6d495af48,proven_maximal,maximize_sum_testing_e_values_at_maximum_cardinality,proven_optimal,7362.649428441732,1.2284394089716328,5993.498234158125,1,1,2,181,181,95;181,1,1,2,0,0,0,0.05,0.05,0.1,0.0,0.0,0.0,0,1,1.2671270000282675,11,8,653,44,2,,original_uniform_floor_plus_prior_scores,maximum_cardinality_certified_superset_of_eBH_then_maximum_testing_evalue_sum,200,1,1,exact_dyadic_prefix_or_HiGHS_QUBO_MILP,300.0,1
436,ea54b2bfd7673aca99f176935c52a35b609ce98c6f35e0ea900ee7d07bbc09a7,proven_maximal,maximize_sum_testing_e_values_at_maximum_cardinality,proven_optimal,3087.7631028567616,1.1313539171804021,2729.263633569403,0,0,2,,,12;33,0,0,2,0,0,0,0.0,0.0,0.1,0.0,0.0,0.0,0,2,1.5598420000169426,13,9,665,36,2,,original_uniform_floor_plus_prior_scores,maximum_cardinality_certified_superset_of_eBH_then_maximum_testing_evalue_sum,200,0,0,exact_dyadic_prefix_or_HiGHS_QUBO_MILP,300.0,1
437,a874b56849e08574135119cdd14e4c3d1eadaf6b22bbe838dff0abd460cfa974,proven_maximal,maximize_sum_testing_e_values_at_maximum_cardinality,proven_optimal,6039.632538616759,2.473624083228611,2441.6129271888963,3,3,3,22;55;130,22;55;130,22;55;130,3,3,3,0,0,0,0.15,0.15,0.15,0.0,0.0,0.0,0,0,2.1780938000883907,17,8,709,40,3,,original_uniform_floor_plus_prior_scores,maximum_cardinality_certified_superset_of_eBH_then_maximum_testing_evalue_sum,200,3,3,exact_dyadic_prefix_or_HiGHS_QUBO_MILP,300.0,1
438,da3664f5b4565de5679527be4ff2bea578ea6471cb0f23c727375461f05ca2a8,proven_maximal,maximize_sum_testing_e_values_at_maximum_cardinality,proven_optimal,10168.524698198991,2.7015896415782286,3763.904236862076,3,3,12,65;113;172,65;113;172,14;44;54;65;68;95;100;113;128;131;172;194,3,3,12,0,0,0,0.15,0.15,0.6,0.0,0.0,0.0,0,9,2.8289944999851286,9,9,656,43,12,,original_uniform_floor_plus_prior_scores,maximum_cardinality_certified_superset_of_eBH_then_maximum_testing_evalue_sum,200,3,3,exact_dyadic_prefix_or_HiGHS_QUBO_MILP,300.0,1
439,df1a9e297cdbe1c49cb2cb502cf76969a2464a4e9e0cb692552622621b5e9118,proven_maximal,maximize_sum_testing_e_values_at_maximum_cardinality,proven_optimal,10955.324700717589,2.1593098583890935,5073.530627461949,4,4,4,0;17;65;171,0;17;65;171,0;17;65;171,4,4,4,0,0,0,0.2,0.2,0.2,0.0,0.0,0.0,0,0,1.4865830999333411,13,8,721,51,4,,original_uniform_floor_plus_prior_scores,maximum_cardinality_certified_superset_of_eBH_then_maximum_testing_evalue_sum,200,4,4,exact_dyadic_prefix_or_HiGHS_QUBO_MILP,300.0,1
440,3e30ac37bfe62fd92f42a3b136a7b9834a44dec566371892e565a1f1e0c4662e,proven_maximal,maximize_sum_testing_e_values_at_maximum_cardinality,proven_optimal,13198.614119714119,2.6691262300538985,4944.9194163618085,5,5,8,29;111;126;137;195,29;111;126;137;195,2;22;29;80;111;126;137;195,5,5,8,0,0,0,0.25,0.25,0.4,0.0,0.0,0.0,0,3,1.3926216999534518,10,7,607,45,8,,original_uniform_floor_plus_prior_scores,maximum_cardinality_certified_superset_of_eBH_then_maximum_testing_evalue_sum,200,5,5,exact_dyadic_prefix_or_HiGHS_QUBO_MILP,300.0,1
441,8537d3e92ebc704b54a2fd5e340576dad155f08a27187f739afb6d313d6e4b70,proven_maximal,maximize_sum_testing_e_values_at_maximum_cardinality,proven_optimal,8749.384423464626,1.6062289305385316,5447.159030145945,3,3,3,21;72;75,21;72;75,21;72;75,3,3,3,0,0,0,0.15,0.15,0.15,0.0,0.0,0.0,0,0,1.8683786999899894,13,6,649,36,3,,original_uniform_floor_plus_prior_scores,maximum_cardinality_certified_superset_of_eBH_then_maximum_testing_evalue_sum,200,3,3,exact_dyadic_prefix_or_HiGHS_QUBO_MILP,300.0,1
442,6cf9e9616deab4b716922d4eeaf3e39b023e44a9932975dfdca4d7b57791ba79,proven_maximal,maximize_sum_testing_e_values_at_maximum_cardinality,proven_optimal,15397.446802988914,1.0,15397.446802988914,1,1,1,124,124,124,1,1,1,0,0,0,0.05,0.05,0.05,0.0,0.0,0.0,0,0,2.1115500000305474,18,9,725,40,1,,original_uniform_floor_plus_prior_scores,maximum_cardinality_certified_superset_of_eBH_then_maximum_testing_evalue_sum,200,1,1,exact_dyadic_prefix_or_HiGHS_QUBO_MILP,300.0,1
443,2cd2c64ecf8daecc8903b17c036e13c3fe7c7e39fd15dbbc2cc6721634007c0d,proven_maximal,maximize_sum_testing_e_values_at_maximum_cardinality,proven_optimal,24562.230887583624,2.657800742270204,9241.562204773632,4,4,5,97;123;170;199,97;123;170;199,97;123;134;170;199,4,4,5,0,0,0,0.2,0.2,0.25,0.0,0.0,0.0,0,1,2.523026900133118,18,10,688,40,5,,original_uniform_floor_plus_prior_scores,maximum_cardinality_certified_superset_of_eBH_then_maximum_testing_evalue_sum,200,4,4,exact_dyadic_prefix_or_HiGHS_QUBO_MILP,300.0,1
444,b17846bf72a6dcf1b65d54373532101d11c940f5c04c24f8e7c143ec703c90b2,proven_maximal,maximize_sum_testing_e_values_at_maximum_cardinality,proven_optimal,3372.0026818064916,1.5958496885588869,2112.982636135073,0,0,3,,,110;154;176,0,0,3,0,0,0,0.0,0.0,0.15,0.0,0.0,0.0,0,3,1.9157167999073863,14,8,622,41,3,,original_uniform_floor_plus_prior_scores,maximum_cardinality_certified_superset_of_eBH_then_maximum_testing_evalue_sum,200,0,0,exact_dyadic_prefix_or_HiGHS_QUBO_MILP,300.0,1
445,10f243c370ef0e7e9af0bfa96ae2152cb3a33d8a37eae87c1a53d0a34c9ff3c2,proven_maximal,maximize_sum_testing_e_values_at_maximum_cardinality,proven_optimal,10918.713317740272,1.4349331756599293,7609.2137968158195,3,3,3,80;154;155,80;154;155,80;154;155,3,3,3,0,0,0,0.15,0.15,0.15,0.0,0.0,0.0,0,0,2.3863652001600713,18,10,835,43,3,,original_uniform_floor_plus_prior_scores,maximum_cardinality_certified_superset_of_eBH_then_maximum_testing_evalue_sum,200,3,3,exact_dyadic_prefix_or_HiGHS_QUBO_MILP,300.0,1
446,00ed1d9751d9e6b109d3ce0d525298f9d49419283ccbc14eec233a40608a27ce,proven_maximal,maximize_sum_testing_e_values_at_maximum_cardinality,proven_optimal,23517.015026044006,2.2956899212921558,10243.985830981555,4,4,7,59;121;187;191,59;121;187;191,29;40;46;59;121;187;191,4,4,7,0,0,0,0.2,0.2,0.35,0.0,0.0,0.0,0,3,2.2570233000442386,19,12,674,40,7,,original_uniform_floor_plus_prior_scores,maximum_cardinality_certified_superset_of_eBH_then_maximum_testing_evalue_sum,200,4,4,exact_dyadic_prefix_or_HiGHS_QUBO_MILP,300.0,1
447,a164638740b5d02307bec02a413c15fed2529385f5fa2de02203a9f561e516a4,proven_maximal,maximize_sum_testing_e_values_at_maximum_cardinality,proven_optimal,0.0,0.0,1896.624387441415,0,0,0,,,,0,0,0,0,0,0,0.0,0.0,0.0,0.0,0.0,0.0,0,0,1.8922439999878407,14,9,786,47,0,,original_uniform_floor_plus_prior_scores,maximum_cardinality_certified_superset_of_eBH_then_maximum_testing_evalue_sum,200,0,0,exact_dyadic_prefix_or_HiGHS_QUBO_MILP,300.0,1
448,851fdb509736266a6de61f94ca524bb067ef0677306e9222d4c32697a0861a67,proven_maximal,maximize_sum_testing_e_values_at_maximum_cardinality,proven_optimal,306063.019485976,1.0565148631995491,289691.16303683125,5,5,7,34;63;72;76;192,34;63;72;76;192,34;48;63;72;76;192;198,5,5,7,0,0,0,0.25,0.25,0.35,0.0,0.0,0.0,0,2,1.7496277999598533,14,7,503,45,7,,original_uniform_floor_plus_prior_scores,maximum_cardinality_certified_superset_of_eBH_then_maximum_testing_evalue_sum,200,5,5,exact_dyadic_prefix_or_HiGHS_QUBO_MILP,300.0,1
449,781733ef7b0008fca8e0607d8b19ea4aacac4e9072c1f4d11205e1976b94f152,proven_maximal,maximize_sum_testing_e_values_at_maximum_cardinality,proven_optimal,13683.954652277464,1.5992240401025573,8556.621404590642,3,3,3,34;52;166,34;52;166,34;52;166,3,3,3,0,0,0,0.15,0.15,0.15,0.0,0.0,0.0,0,0,1.8893581999000162,14,6,661,35,3,,original_uniform_floor_plus_prior_scores,maximum_cardinality_certified_superset_of_eBH_then_maximum_testing_evalue_sum,200,3,3,exact_dyadic_prefix_or_HiGHS_QUBO_MILP,300.0,1
450,d50500e675c67a5653cbe2561d02e4738e6f0fb5b9826e626401eb35f8929946,proven_maximal,maximize_sum_testing_e_values_at_maximum_cardinality,proven_optimal,0.0,0.0,785.1216197138909,0,0,0,,,,0,0,0,0,0,0,0.0,0.0,0.0,0.0,0.0,0.0,0,0,0.47006639977917075,3,3,300,36,0,,original_uniform_floor_plus_prior_scores,maximum_cardinality_certified_superset_of_eBH_then_maximum_testing_evalue_sum,200,0,0,exact_dyadic_prefix_or_HiGHS_QUBO_MILP,300.0,1
451,86cb0a0e961ba755761c5496f87645f7ceda6445341212804462bae460b76539,proven_maximal,maximize_sum_testing_e_values_at_maximum_cardinality,proven_optimal,7857.092480482817,2.0122061191316516,3904.7155287816495,3,3,4,35;52;54,35;52;54,22;35;52;54,3,3,4,0,0,0,0.15,0.15,0.2,0.0,0.0,0.0,0,1,2.2017806000076234,17,10,820,54,4,,original_uniform_floor_plus_prior_scores,maximum_cardinality_certified_superset_of_eBH_then_maximum_testing_evalue_sum,200,3,3,exact_dyadic_prefix_or_HiGHS_QUBO_MILP,300.0,1
452,167da347607db083e7db30d8fb363634a37999f033a33507323b15da6f0d5ed9,proven_maximal,maximize_sum_testing_e_values_at_maximum_cardinality,proven_optimal,56155.90394996554,2.049833428315255,27395.34987295027,5,5,9,9;20;37;101;159,9;20;37;101;159,9;20;37;84;88;101;150;159;188,5,5,9,0,0,0,0.25,0.25,0.45,0.0,0.0,0.0,0,4,1.4120205000508577,11,7,613,47,9,,original_uniform_floor_plus_prior_scores,maximum_cardinality_certified_superset_of_eBH_then_maximum_testing_evalue_sum,200,5,5,exact_dyadic_prefix_or_HiGHS_QUBO_MILP,300.0,1
453,89548137eaa966abe1f6cbda49792b3505ea3b48c79f802819d0e9b4be9cdaeb,proven_maximal,maximize_sum_testing_e_values_at_maximum_cardinality,proven_optimal,8153.253623747301,2.2233013747081576,3667.183278208309,3,3,3,24;137;186,24;137;186,24;137;186,3,3,3,0,0,0,0.15,0.15,0.15,0.0,0.0,0.0,0,0,1.938504199963063,17,9,662,39,3,,original_uniform_floor_plus_prior_scores,maximum_cardinality_certified_superset_of_eBH_then_maximum_testing_evalue_sum,200,3,3,exact_dyadic_prefix_or_HiGHS_QUBO_MILP,300.0,1
454,27126ff711117b73d56f890cb4c88978f8dcb312561ed5f6fdaa93b9b0177b01,proven_maximal,maximize_sum_testing_e_values_at_maximum_cardinality,proven_optimal,36598.35176946573,1.1438435691366884,31995.941365555955,4,4,4,30;75;89;151,30;75;89;151,30;75;89;151,4,4,4,0,0,0,0.2,0.2,0.2,0.0,0.0,0.0,0,0,1.825108899967745,14,6,627,47,4,,original_uniform_floor_plus_prior_scores,maximum_cardinality_certified_superset_of_eBH_then_maximum_testing_evalue_sum,200,4,4,exact_dyadic_prefix_or_HiGHS_QUBO_MILP,300.0,1
455,ae4eb88ba18251e631ed437ce29f701d3bb1eca37be1371e8920c78d6ce7c918,proven_maximal,maximize_sum_testing_e_values_at_maximum_cardinality,proven_optimal,0.0,0.0,878.5859895555411,0,0,0,,,,0,0,0,0,0,0,0.0,0.0,0.0,0.0,0.0,0.0,0,0,0.5002311998978257,3,3,300,38,0,,original_uniform_floor_plus_prior_scores,maximum_cardinality_certified_superset_of_eBH_then_maximum_testing_evalue_sum,200,0,0,exact_dyadic_prefix_or_HiGHS_QUBO_MILP,300.0,1
456,191c77be33c0c57814cea08f7483b9a27e6db40bcaa0db00d0934bda0edf0dcf,proven_maximal,maximize_sum_testing_e_values_at_maximum_cardinality,proven_optimal,81092.75225102111,2.9951933754763838,27074.296075499085,10,10,11,17;39;65;66;96;117;122;124;151;179,17;39;65;66;96;117;122;124;151;179,17;39;65;66;80;96;117;122;124;151;179,10,10,11,0,0,0,0.5,0.5,0.55,0.0,0.0,0.0,0,1,2.7541408999823034,18,10,750,37,11,,original_uniform_floor_plus_prior_scores,maximum_cardinality_certified_superset_of_eBH_then_maximum_testing_evalue_sum,200,10,10,exact_dyadic_prefix_or_HiGHS_QUBO_MILP,300.0,1
457,e43f696853df2cff064195326228261cddd94d7bb07ccd0aab8c368d831c0bc3,proven_maximal,maximize_sum_testing_e_values_at_maximum_cardinality,proven_optimal,510997.1288162964,1.0,510997.1288162964,1,1,1,179,179,179,1,1,1,0,0,0,0.05,0.05,0.05,0.0,0.0,0.0,0,0,1.2503486999776214,10,8,613,52,1,,original_uniform_floor_plus_prior_scores,maximum_cardinality_certified_superset_of_eBH_then_maximum_testing_evalue_sum,200,1,1,exact_dyadic_prefix_or_HiGHS_QUBO_MILP,300.0,1
458,b17cbc346554349660e9f725e59ebe7af9d486ebb9931bb1c5e24876055c6dd3,proven_maximal,maximize_sum_testing_e_values_at_maximum_cardinality,proven_optimal,50092.57207656829,2.6843712043937598,18660.821571389653,6,6,8,19;36;56;97;149;188,19;36;56;97;149;188,19;36;56;57;97;149;188;197,6,6,8,0,0,0,0.3,0.3,0.4,0.0,0.0,0.0,0,2,1.9699144000187516,15,9,560,40,8,,original_uniform_floor_plus_prior_scores,maximum_cardinality_certified_superset_of_eBH_then_maximum_testing_evalue_sum,200,6,6,exact_dyadic_prefix_or_HiGHS_QUBO_MILP,300.0,1
459,97ecb488612e361ce3302b029bfe844f33f7e22454d2ea9a70855d1b6e17163c,proven_maximal,maximize_sum_testing_e_values_at_maximum_cardinality,proven_optimal,9101.260229747182,2.7912853103511064,3260.598332960225,6,6,7,12;21;59;87;94;158,12;21;59;87;94;158,12;21;59;87;94;97;158,6,6,7,0,0,0,0.3,0.3,0.35,0.0,0.0,0.0,0,1,2.614448299864307,19,10,696,42,7,,original_uniform_floor_plus_prior_scores,maximum_cardinality_certified_superset_of_eBH_then_maximum_testing_evalue_sum,200,6,6,exact_dyadic_prefix_or_HiGHS_QUBO_MILP,300.0,1
460,3265605be5e8b18711864c3359b2112d1c792843280d96828362a62e3a87efc7,proven_maximal,maximize_sum_testing_e_values_at_maximum_cardinality,proven_optimal,95820.0208729294,1.3123904988130273,73011.82152689496,6,6,6,41;127;145;146;182;186,41;127;145;146;182;186,41;127;145;146;182;186,6,6,6,0,0,0,0.3,0.3,0.3,0.0,0.0,0.0,0,0,1.3439970000181347,11,6,595,43,6,,original_uniform_floor_plus_prior_scores,maximum_cardinality_certified_superset_of_eBH_then_maximum_testing_evalue_sum,200,6,6,exact_dyadic_prefix_or_HiGHS_QUBO_MILP,300.0,1
461,3b0aef6c2cb1bf8b9522ca7d198ce894099b0df193c4548f98794c133132b0ce,proven_maximal,maximize_sum_testing_e_values_at_maximum_cardinality,proven_optimal,80665.78468791435,1.0921279022542931,73861.1150959606,5,5,6,61;64;97;132;160,61;64;97;132;160,61;64;97;132;160;181,5,5,6,0,0,0,0.25,0.25,0.3,0.0,0.0,0.0,0,1,1.4241462999489158,12,8,618,41,6,,original_uniform_floor_plus_prior_scores,maximum_cardinality_certified_superset_of_eBH_then_maximum_testing_evalue_sum,200,5,5,exact_dyadic_prefix_or_HiGHS_QUBO_MILP,300.0,1
462,be977616b9f04eb8d8f8b85a7f3cce65e79699f3fe6ae3e2e3148d22bd75708f,proven_maximal,maximize_sum_testing_e_values_at_maximum_cardinality,proven_optimal,27487.572116460666,1.8016588117849999,15256.81329708995,4,4,6,56;66;127;128,56;66;127;128,3;4;56;66;127;128,4,4,6,0,0,0,0.2,0.2,0.3,0.0,0.0,0.0,0,2,3.981744699878618,22,17,1414,44,6,,original_uniform_floor_plus_prior_scores,maximum_cardinality_certified_superset_of_eBH_then_maximum_testing_evalue_sum,200,4,4,exact_dyadic_prefix_or_HiGHS_QUBO_MILP,300.0,1
463,92a633e53c02c0dd479006f94cbc27cab903115fdb3472ebab8d8f43f0e201ff,proven_maximal,maximize_sum_testing_e_values_at_maximum_cardinality,proven_optimal,5897.815756364691,2.8146262983513743,2095.4169865531526,3,3,5,69;116;158,69;116;158,10;43;69;116;158,3,3,5,0,0,0,0.15,0.15,0.25,0.0,0.0,0.0,0,2,2.0225257000420243,16,9,704,44,5,,original_uniform_floor_plus_prior_scores,maximum_cardinality_certified_superset_of_eBH_then_maximum_testing_evalue_sum,200,3,3,exact_dyadic_prefix_or_HiGHS_QUBO_MILP,300.0,1
464,1bd96e4f97db6d526f1e09fec81f3dda538bc10762af9b6945ef4ac06de0023f,proven_maximal,maximize_sum_testing_e_values_at_maximum_cardinality,proven_optimal,0.0,0.0,2792.3203345393117,0,0,0,,,,0,0,0,0,0,0,0.0,0.0,0.0,0.0,0.0,0.0,0,0,1.4560697998385876,14,8,695,42,0,,original_uniform_floor_plus_prior_scores,maximum_cardinality_certified_superset_of_eBH_then_maximum_testing_evalue_sum,200,0,0,exact_dyadic_prefix_or_HiGHS_QUBO_MILP,300.0,1
465,0873442801f54b750336918da86c20eb8ce163976e3a62890e81ce9e51485a8c,proven_maximal,maximize_sum_testing_e_values_at_maximum_cardinality,proven_optimal,29793.359742707216,2.051041248452818,14525.968097999752,4,4,4,44;55;68;103,44;55;68;103,44;55;68;103,4,4,4,0,0,0,0.2,0.2,0.2,0.0,0.0,0.0,0,0,1.6604242001194507,12,9,753,39,4,,original_uniform_floor_plus_prior_scores,maximum_cardinality_certified_superset_of_eBH_then_maximum_testing_evalue_sum,200,4,4,exact_dyadic_prefix_or_HiGHS_QUBO_MILP,300.0,1
466,950e774f71ae0794ee412265210534aab4458c885f7f393eb8edd959b0587d49,proven_maximal,maximize_sum_testing_e_values_at_maximum_cardinality,proven_optimal,381896.94526555017,1.036335919018948,368506.90809508425,8,8,9,21;32;34;71;80;154;194;199,21;32;34;71;80;154;194;199,21;32;34;71;80;82;154;194;199,8,8,9,0,0,0,0.4,0.4,0.45,0.0,0.0,0.0,0,1,1.5916901000309736,13,8,670,51,9,,original_uniform_floor_plus_prior_scores,maximum_cardinality_certified_superset_of_eBH_then_maximum_testing_evalue_sum,200,8,8,exact_dyadic_prefix_or_HiGHS_QUBO_MILP,300.0,1
467,e7f01df6185d690772168237a3b8199d703629af02a0ce573c31105c2e2e324d,proven_maximal,maximize_sum_testing_e_values_at_maximum_cardinality,proven_optimal,30085.6252189958,2.183042161884657,13781.513588827058,4,4,5,34;91;104;176,34;91;104;176,34;91;104;176;197,4,4,5,0,0,0,0.2,0.2,0.25,0.0,0.0,0.0,0,1,1.3539855999406427,11,6,513,39,5,,original_uniform_floor_plus_prior_scores,maximum_cardinality_certified_superset_of_eBH_then_maximum_testing_evalue_sum,200,4,4,exact_dyadic_prefix_or_HiGHS_QUBO_MILP,300.0,1
468,9ba720426601e715006650b94f97c3cc7be4006cb1c5e7d2016b0c35906df25b,proven_maximal,maximize_sum_testing_e_values_at_maximum_cardinality,proven_optimal,14228.244594402058,1.1859319211223314,11997.52223629908,2,2,2,114;129,114;129,114;129,2,2,2,0,0,0,0.1,0.1,0.1,0.0,0.0,0.0,0,0,1.853857799898833,15,7,553,37,2,,original_uniform_floor_plus_prior_scores,maximum_cardinality_certified_superset_of_eBH_then_maximum_testing_evalue_sum,200,2,2,exact_dyadic_prefix_or_HiGHS_QUBO_MILP,300.0,1
469,f61733ed738d6cdddaa8c46a89c54eeff90e1038400d4f60511eb06a6ec45a9e,proven_maximal,maximize_sum_testing_e_values_at_maximum_cardinality,proven_optimal,31833.033589338058,2.1218483696793364,15002.501613321603,5,5,8,0;31;82;104;186,0;31;82;104;186,0;22;31;82;104;108;164;186,5,5,8,0,0,0,0.25,0.25,0.4,0.0,0.0,0.0,0,3,1.8805800001136959,14,7,612,41,8,,original_uniform_floor_plus_prior_scores,maximum_cardinality_certified_superset_of_eBH_then_maximum_testing_evalue_sum,200,5,5,exact_dyadic_prefix_or_HiGHS_QUBO_MILP,300.0,1
470,165d07a217f45f2357cc6a4f6beb07ce90aef3e5be90de25742191f63f53dc1b,proven_maximal,maximize_sum_testing_e_values_at_maximum_cardinality,proven_optimal,59467.71104366194,1.9773886012187871,30073.86156014468,4,4,6,39;42;62;137,39;42;62;137,39;42;62;97;137;172,4,4,6,0,0,0,0.2,0.2,0.3,0.0,0.0,0.0,0,2,1.697730400133878,12,8,702,40,6,,original_uniform_floor_plus_prior_scores,maximum_cardinality_certified_superset_of_eBH_then_maximum_testing_evalue_sum,200,4,4,exact_dyadic_prefix_or_HiGHS_QUBO_MILP,300.0,1
471,5196be4be2015c5e00d3a9a262b408fd6ff491891d8e6548f01fc8ef26a8655f,proven_maximal,maximize_sum_testing_e_values_at_maximum_cardinality,proven_optimal,16151.08177356375,1.0,16151.08177356375,1,1,1,37,37,37,1,1,1,0,0,0,0.05,0.05,0.05,0.0,0.0,0.0,0,0,2.2098352001048625,12,6,675,42,1,,original_uniform_floor_plus_prior_scores,maximum_cardinality_certified_superset_of_eBH_then_maximum_testing_evalue_sum,200,1,1,exact_dyadic_prefix_or_HiGHS_QUBO_MILP,300.0,1
472,78545546f5c78bde7dd93803dc7801b1795e154a4c1b7f386ea5703d6d132e2e,proven_maximal,maximize_sum_testing_e_values_at_maximum_cardinality,proven_optimal,80754.37838083589,1.5232373851731758,53014.96612864119,3,3,3,32;40;79,32;40;79,32;40;79,3,3,3,0,0,0,0.15,0.15,0.15,0.0,0.0,0.0,0,0,1.3626548999454826,11,6,464,49,3,,original_uniform_floor_plus_prior_scores,maximum_cardinality_certified_superset_of_eBH_then_maximum_testing_evalue_sum,200,3,3,exact_dyadic_prefix_or_HiGHS_QUBO_MILP,300.0,1
473,50c150226da2da76efc4eb735e5bf1ef1d41963388c80a564628f3495d2bd63a,proven_maximal,maximize_sum_testing_e_values_at_maximum_cardinality,proven_optimal,5493.798194666289,2.079655785820568,2641.6862983402834,0,0,3,,,56;160;188,0,0,3,0,0,0,0.0,0.0,0.15,0.0,0.0,0.0,0,3,1.3835077001713216,11,7,513,36,3,,original_uniform_floor_plus_prior_scores,maximum_cardinality_certified_superset_of_eBH_then_maximum_testing_evalue_sum,200,0,0,exact_dyadic_prefix_or_HiGHS_QUBO_MILP,300.0,1
474,4fa8d008f490712a8a783f7e7149f5fb9cf4c1df102538e3d3d1bedb559eef42,proven_maximal,maximize_sum_testing_e_values_at_maximum_cardinality,proven_optimal,22023.9160058667,2.381791278071237,9246.786739307216,4,4,5,90;115;162;165,90;115;162;165,90;115;162;165;187,4,4,5,0,0,0,0.2,0.2,0.25,0.0,0.0,0.0,0,1,2.318954600021243,17,8,673,44,5,,original_uniform_floor_plus_prior_scores,maximum_cardinality_certified_superset_of_eBH_then_maximum_testing_evalue_sum,200,4,4,exact_dyadic_prefix_or_HiGHS_QUBO_MILP,300.0,1
475,3c3c7ca9a8988ce2953c99c2e93ef5454f4bc22916f86dc81947864e62aba812,proven_maximal,maximize_sum_testing_e_values_at_maximum_cardinality,proven_optimal,10841.153987573995,2.901960279553333,3735.8037130827497,5,5,9,5;6;73;162;186,5;6;73;162;186,5;6;47;73;101;162;179;180;186,5,5,9,0,0,0,0.25,0.25,0.45,0.0,0.0,0.0,0,4,1.7291883998550475,11,7,601,52,9,,original_uniform_floor_plus_prior_scores,maximum_cardinality_certified_superset_of_eBH_then_maximum_testing_evalue_sum,200,5,5,exact_dyadic_prefix_or_HiGHS_QUBO_MILP,300.0,1
476,373366cdeaccb19002430586ed4ed0356dedb821db7251b0c3e517325a3b25a6,proven_maximal,maximize_sum_testing_e_values_at_maximum_cardinality,proven_optimal,4116.636279465294,1.8832448686066283,2185.9272514631107,0,0,2,,,96;171,0,0,2,0,0,0,0.0,0.0,0.1,0.0,0.0,0.0,0,2,2.018037399975583,18,10,639,46,2,,original_uniform_floor_plus_prior_scores,maximum_cardinality_certified_superset_of_eBH_then_maximum_testing_evalue_sum,200,0,0,exact_dyadic_prefix_or_HiGHS_QUBO_MILP,300.0,1
477,7fa418d85b8ea1eef2134644b1276a81149846c4b5aa4946e9b5fb1f067cb1da,proven_maximal,maximize_sum_testing_e_values_at_maximum_cardinality,proven_optimal,7281.390213992124,1.6777794746767458,4339.897062690562,3,3,3,2;157;189,2;157;189,2;157;189,3,3,3,0,0,0,0.15,0.15,0.15,0.0,0.0,0.0,0,0,1.4178979999851435,11,6,569,35,3,,original_uniform_floor_plus_prior_scores,maximum_cardinality_certified_superset_of_eBH_then_maximum_testing_evalue_sum,200,3,3,exact_dyadic_prefix_or_HiGHS_QUBO_MILP,300.0,1
478,854207c4dc0ddbd33cf0e0ce7fe91703b74cbce52b0b5ae39c29b5014345d53e,proven_maximal,maximize_sum_testing_e_values_at_maximum_cardinality,proven_optimal,152176.7462982746,1.0448450348855058,145645.27869431867,5,5,11,93;115;116;128;186,93;115;116;128;186,52;61;93;99;115;116;128;134;147;186;194,5,5,11,0,0,0,0.25,0.25,0.55,0.0,0.0,0.0,0,6,1.558971299789846,8,7,502,36,11,,original_uniform_floor_plus_prior_scores,maximum_cardinality_certified_superset_of_eBH_then_maximum_testing_evalue_sum,200,5,5,exact_dyadic_prefix_or_HiGHS_QUBO_MILP,300.0,1
479,d88617e2cecaa1ec31b5a93f82a629ae8c5703035e008380623bea8117fd3aa1,proven_maximal,maximize_sum_testing_e_values_at_maximum_cardinality,proven_optimal,0.0,0.0,1782.8004654705665,0,0,0,,,,0,0,0,0,0,0,0.0,0.0,0.0,0.0,0.0,0.0,0,0,1.5305019998922944,12,8,769,37,0,,original_uniform_floor_plus_prior_scores,maximum_cardinality_certified_superset_of_eBH_then_maximum_testing_evalue_sum,200,0,0,exact_dyadic_prefix_or_HiGHS_QUBO_MILP,300.0,1
480,4cce9ae37191a3605ba082e6b18c7918d953b5a73882dc19b6925edfb3fd9575,proven_maximal,maximize_sum_testing_e_values_at_maximum_cardinality,proven_optimal,16573.250103253147,2.3459471743187366,7064.630561455853,4,4,7,25;44;113;176,25;44;113;176,25;44;59;113;176;177;182,4,4,7,0,0,0,0.2,0.2,0.35,0.0,0.0,0.0,0,3,2.135527499951422,16,10,650,46,7,,original_uniform_floor_plus_prior_scores,maximum_cardinality_certified_superset_of_eBH_then_maximum_testing_evalue_sum,200,4,4,exact_dyadic_prefix_or_HiGHS_QUBO_MILP,300.0,1
481,bc5ce3ec2198ccf6627e58a50f5f8d889c963ed86749c7cb10a8150ed543ba25,proven_maximal,maximize_sum_testing_e_values_at_maximum_cardinality,proven_optimal,119746.67931114734,1.2604741864121098,95001.29443507412,4,4,9,53;87;120;143,53;87;120;143,8;44;52;53;87;120;130;143;172,4,4,8,0,0,1,0.2,0.2,0.4,0.0,0.0,0.1111111111111111,0,5,1.8296195000875741,13,8,648,41,9,,original_uniform_floor_plus_prior_scores,maximum_cardinality_certified_superset_of_eBH_then_maximum_testing_evalue_sum,200,4,4,exact_dyadic_prefix_or_HiGHS_QUBO_MILP,300.0,1
482,6ee81ecb8609c7a67c352dcc3adca3bd4e7cbb7f90edad7485ae5d11dde7d242,proven_maximal,maximize_sum_testing_e_values_at_maximum_cardinality,proven_optimal,7399140.17194416,1.0015467386146775,7387713.310492654,6,6,6,18;106;118;126;159;164,18;106;118;126;159;164,18;106;118;126;159;164,6,6,6,0,0,0,0.3,0.3,0.3,0.0,0.0,0.0,0,0,0.9681205998640507,9,7,627,51,6,,original_uniform_floor_plus_prior_scores,maximum_cardinality_certified_superset_of_eBH_then_maximum_testing_evalue_sum,200,6,6,exact_dyadic_prefix_or_HiGHS_QUBO_MILP,300.0,1
483,8a5a0c68abd9797df6f726d86e39ea21d926f46f86c47e5c14fc11013aff980d,proven_maximal,maximize_sum_testing_e_values_at_maximum_cardinality,proven_optimal,0.0,0.0,1968.4886492446888,0,0,0,,,,0,0,0,0,0,0,0.0,0.0,0.0,0.0,0.0,0.0,0,0,1.193453700048849,10,6,554,40,0,,original_uniform_floor_plus_prior_scores,maximum_cardinality_certified_superset_of_eBH_then_maximum_testing_evalue_sum,200,0,0,exact_dyadic_prefix_or_HiGHS_QUBO_MILP,300.0,1
484,290408bd2acd5fe984483e8d0a47eae90a398fb85703913777fa2a77cef9cd9e,proven_maximal,maximize_sum_testing_e_values_at_maximum_cardinality,proven_optimal,32695.693410817184,1.780037682198156,18367.978238776104,4,4,8,12;58;66;169,12;58;66;169,12;36;58;66;121;122;169;187,4,4,8,0,0,0,0.2,0.2,0.4,0.0,0.0,0.0,0,4,1.5859219999983907,10,7,507,42,8,,original_uniform_floor_plus_prior_scores,maximum_cardinality_certified_superset_of_eBH_then_maximum_testing_evalue_sum,200,4,4,exact_dyadic_prefix_or_HiGHS_QUBO_MILP,300.0,1
485,23b4b20b9f32b0fec0f27fe59298d93ff6179fcf8de80af869adc89ad057da93,proven_maximal,maximize_sum_testing_e_values_at_maximum_cardinality,proven_optimal,77289.13652211936,1.504812256675629,51361.31512702018,2,2,7,117;139,117;139,29;34;45;117;139;177;190,2,2,7,0,0,0,0.1,0.1,0.35,0.0,0.0,0.0,0,5,1.4305738999973983,12,8,536,33,7,,original_uniform_floor_plus_prior_scores,maximum_cardinality_certified_superset_of_eBH_then_maximum_testing_evalue_sum,200,2,2,exact_dyadic_prefix_or_HiGHS_QUBO_MILP,300.0,1
486,aee0fc1eadf594bef62b011869418bade13a22d738ef80877d39ab91143bb4b1,proven_maximal,maximize_sum_testing_e_values_at_maximum_cardinality,proven_optimal,33945.118700467916,1.4875983627278757,22818.73894928281,6,6,7,45;85;115;157;176;195,45;85;115;157;176;195,45;85;115;126;157;176;195,6,6,7,0,0,0,0.3,0.3,0.35,0.0,0.0,0.0,0,1,1.6312100999057293,12,6,504,30,7,,original_uniform_floor_plus_prior_scores,maximum_cardinality_certified_superset_of_eBH_then_maximum_testing_evalue_sum,200,6,6,exact_dyadic_prefix_or_HiGHS_QUBO_MILP,300.0,1
487,c740aa491fdf6154c8763ef146b05a2a7f84300d1757873c32a9f7c5111858c4,proven_maximal,maximize_sum_testing_e_values_at_maximum_cardinality,proven_optimal,7471.368864632654,1.3962987264460147,5350.838415250478,2,2,2,64;141,64;141,64;141,2,2,2,0,0,0,0.1,0.1,0.1,0.0,0.0,0.0,0,0,1.4488395999651402,12,6,452,37,2,,original_uniform_floor_plus_prior_scores,maximum_cardinality_certified_superset_of_eBH_then_maximum_testing_evalue_sum,200,2,2,exact_dyadic_prefix_or_HiGHS_QUBO_MILP,300.0,1
488,11b9bb1d7d0cc09750a3e52e5ba7408ff94364cb89f164704e76ab9c93a5e876,proven_maximal,maximize_sum_testing_e_values_at_maximum_cardinality,proven_optimal,0.0,0.0,1635.9406623596592,0,0,0,,,,0,0,0,0,0,0,0.0,0.0,0.0,0.0,0.0,0.0,0,0,1.2382556998636574,12,7,619,44,0,,original_uniform_floor_plus_prior_scores,maximum_cardinality_certified_superset_of_eBH_then_maximum_testing_evalue_sum,200,0,0,exact_dyadic_prefix_or_HiGHS_QUBO_MILP,300.0,1
489,1bd74d80396778c466842cc3bb62ee322e8a7fc079067b4fb402d7017e8dd419,proven_maximal,maximize_sum_testing_e_values_at_maximum_cardinality,proven_optimal,0.0,0.0,735.0897547030429,0,0,0,,,,0,0,0,0,0,0,0.0,0.0,0.0,0.0,0.0,0.0,0,0,0.5038070001173764,3,3,300,40,0,,original_uniform_floor_plus_prior_scores,maximum_cardinality_certified_superset_of_eBH_then_maximum_testing_evalue_sum,200,0,0,exact_dyadic_prefix_or_HiGHS_QUBO_MILP,300.0,1
490,446a886aa2b07cbde685140daa8198b8ae47fc14d999cfca06ae98f5d10980a4,proven_maximal,maximize_sum_testing_e_values_at_maximum_cardinality,proven_optimal,26939.665323795296,1.4350949259375467,18772.04416021165,2,2,2,49;166,49;166,49;166,2,2,2,0,0,0,0.1,0.1,0.1,0.0,0.0,0.0,0,0,2.3037268000189215,16,6,608,48,2,,original_uniform_floor_plus_prior_scores,maximum_cardinality_certified_superset_of_eBH_then_maximum_testing_evalue_sum,200,2,2,exact_dyadic_prefix_or_HiGHS_QUBO_MILP,300.0,1
491,886844424076fba9c891cf2ee66bacaba4c6f1d349b87dc03c006a6e4e9fcb4d,proven_maximal,maximize_sum_testing_e_values_at_maximum_cardinality,proven_optimal,4330.922874598457,3.6941814688688464,1172.3633262457408,0,0,5,,,4;30;59;63;131,0,0,5,0,0,0,0.0,0.0,0.25,0.0,0.0,0.0,0,5,2.395049300044775,17,14,868,54,5,,original_uniform_floor_plus_prior_scores,maximum_cardinality_certified_superset_of_eBH_then_maximum_testing_evalue_sum,200,0,0,exact_dyadic_prefix_or_HiGHS_QUBO_MILP,300.0,1
492,9cfb8728ec58cac81f1a73f98ca8639d7629e6ac813c8d7f41adc6d9745d145b,proven_maximal,maximize_sum_testing_e_values_at_maximum_cardinality,proven_optimal,9089.746903048555,2.1035537323695253,4321.138444516703,2,2,6,74;131,74;131,3;74;97;104;116;131,2,2,6,0,0,0,0.1,0.1,0.3,0.0,0.0,0.0,0,4,1.5652309998404235,12,7,604,49,6,,original_uniform_floor_plus_prior_scores,maximum_cardinality_certified_superset_of_eBH_then_maximum_testing_evalue_sum,200,2,2,exact_dyadic_prefix_or_HiGHS_QUBO_MILP,300.0,1
493,40f52bda96d62f6847853f6862f41d914d883f842c75eb5910c1604f60b0146c,proven_maximal,maximize_sum_testing_e_values_at_maximum_cardinality,proven_optimal,5753.469075709187,3.5292046257042338,1630.2452495400753,0,0,6,,,43;45;127;162;189;195,0,0,6,0,0,0,0.0,0.0,0.3,0.0,0.0,0.0,0,6,1.1383827000390738,10,9,609,46,6,,original_uniform_floor_plus_prior_scores,maximum_cardinality_certified_superset_of_eBH_then_maximum_testing_evalue_sum,200,0,0,exact_dyadic_prefix_or_HiGHS_QUBO_MILP,300.0,1
494,6c8d4e3d2b0aed0a5cae0995b6c87a671a65ce838f5c6b5d8eb279cd07297f92,proven_maximal,maximize_sum_testing_e_values_at_maximum_cardinality,proven_optimal,4104.623615655538,1.0,4104.623615655538,1,1,1,166,166,166,1,1,1,0,0,0,0.05,0.05,0.05,0.0,0.0,0.0,0,0,1.7057625001762062,14,5,509,38,1,,original_uniform_floor_plus_prior_scores,maximum_cardinality_certified_superset_of_eBH_then_maximum_testing_evalue_sum,200,1,1,exact_dyadic_prefix_or_HiGHS_QUBO_MILP,300.0,1
495,875555a19f7ccfbb7389db0abc5ad171597040c020d206af41a95818e5a567de,proven_maximal,maximize_sum_testing_e_values_at_maximum_cardinality,proven_optimal,119983.43704575112,1.0,119983.43704575112,1,1,1,88,88,88,1,1,1,0,0,0,0.05,0.05,0.05,0.0,0.0,0.0,0,0,0.7273321999236941,7,5,454,35,1,,original_uniform_floor_plus_prior_scores,maximum_cardinality_certified_superset_of_eBH_then_maximum_testing_evalue_sum,200,1,1,exact_dyadic_prefix_or_HiGHS_QUBO_MILP,300.0,1
496,6e736b8abd13e964431975ec0f4e679046c827a6619b894c2c4da4adca8fdbb2,proven_maximal,maximize_sum_testing_e_values_at_maximum_cardinality,proven_optimal,26769.109752478857,1.5221538730291186,17586.33619556987,3,3,5,26;101;135,26;101;135,26;68;101;115;135,3,3,5,0,0,0,0.15,0.15,0.25,0.0,0.0,0.0,0,2,1.328763399971649,11,7,576,42,5,,original_uniform_floor_plus_prior_scores,maximum_cardinality_certified_superset_of_eBH_then_maximum_testing_evalue_sum,200,3,3,exact_dyadic_prefix_or_HiGHS_QUBO_MILP,300.0,1
497,437b3436460a47a3d35174b11c0ac3966aac8110bc4ecffa872acacd61db8ac4,proven_maximal,maximize_sum_testing_e_values_at_maximum_cardinality,proven_optimal,11567.576180759477,2.3379511584914225,4947.74073390974,4,4,4,60;187;190;198,60;187;190;198,60;187;190;198,4,4,4,0,0,0,0.2,0.2,0.2,0.0,0.0,0.0,0,0,1.227291899966076,8,7,707,38,4,,original_uniform_floor_plus_prior_scores,maximum_cardinality_certified_superset_of_eBH_then_maximum_testing_evalue_sum,200,4,4,exact_dyadic_prefix_or_HiGHS_QUBO_MILP,300.0,1
498,e8915b08ea3a0d83b8cf6e1e66c177ff426c9a79cdc9c1554e83aa7f8163fa70,proven_maximal,maximize_sum_testing_e_values_at_maximum_cardinality,proven_optimal,18747.758600810623,1.9970309480686046,9387.815756657255,3,3,4,25;99;138,25;99;138,25;99;115;138,3,3,4,0,0,0,0.15,0.15,0.2,0.0,0.0,0.0,0,1,1.1893269999418408,10,6,508,38,4,,original_uniform_floor_plus_prior_scores,maximum_cardinality_certified_superset_of_eBH_then_maximum_testing_evalue_sum,200,3,3,exact_dyadic_prefix_or_HiGHS_QUBO_MILP,300.0,1
499,ca75073b21da85bc6bca01316e26a51b309b69e177524655a471bdb5fa7262b3,proven_maximal,maximize_sum_testing_e_values_at_maximum_cardinality,proven_optimal,19893.973450816546,2.9086025728734954,6839.70152414556,4,4,5,88;103;154;163,88;103;154;163,88;103;154;161;163,4,4,5,0,0,0,0.2,0.2,0.25,0.0,0.0,0.0,0,1,1.4887715000659227,12,7,530,33,5,,original_uniform_floor_plus_prior_scores,maximum_cardinality_certified_superset_of_eBH_then_maximum_testing_evalue_sum,200,4,4,exact_dyadic_prefix_or_HiGHS_QUBO_MILP,300.0,1
500,70b6c2980ff0d691334335a2895032237f992ff7866cb6cbecd0e6287fef6384,proven_maximal,maximize_sum_testing_e_values_at_maximum_cardinality,proven_optimal,67345.74092521264,1.1900207581950988,56592.07241674989,6,6,7,1;4;134;147;168;181,1;4;134;147;168;181,1;4;67;134;147;168;181,6,6,7,0,0,0,0.3,0.3,0.35,0.0,0.0,0.0,0,1,3.219063299940899,22,13,1203,38,7,,original_uniform_floor_plus_prior_scores,maximum_cardinality_certified_superset_of_eBH_then_maximum_testing_evalue_sum,200,6,6,exact_dyadic_prefix_or_HiGHS_QUBO_MILP,300.0,1
