replication,problem_sha256,status,secondary_rule,secondary_status,secondary_value,secondary_normalized_value,secondary_normalization,prefix_size,greedy_size,maximal_size,prefix_indices,greedy_indices,maximal_indices,prefix_true,greedy_true,maximal_true,prefix_false,greedy_false,maximal_false,prefix_tpr,greedy_tpr,maximal_tpr,prefix_fdp,greedy_fdp,maximal_fdp,greedy_added,optimizer_added,elapsed_seconds,mip_solves,separation_calls,final_cut_count,initial_singleton_upper_bound,proof_upper_bound,message,method,selection_rule,K,ebh_seed_size,old_exported_prefix_size,separator_backend,separator_time_limit,separator_threads,ordinary_eBH_required
1,b6b724582f5b3ac776acb1d5a3054f755da85ff8d7e1d4221ceb7aa93ff81bf2,proven_maximal,maximize_sum_testing_e_values_at_maximum_cardinality,proven_optimal,4203.918657799304,1.2048335339034932,3489.2111976491824,0,0,5,,,8;18;43;53;73,0,0,5,0,0,0,0.0,0.0,0.25,0.0,0.0,0.0,0,5,0.49690359993837774,5,4,231,31,5,,method1_proportional_scores_gamma1,unrestricted_maximum_cardinality_then_maximum_testing_evalue_sum,200,0,0,exact_fixed_count_order_statistics,300.0,1,False
2,80114a7846fa3690787b547f875aa352bf81acada3dde4f0cd1b078be7ca9fea,proven_maximal,maximize_sum_testing_e_values_at_maximum_cardinality,proven_optimal,13223.454856690867,2.0041367005933077,6598.080287026416,0,0,12,,,14;29;69;86;95;107;116;127;135;142;169;188,0,0,12,0,0,0,0.0,0.0,0.6,0.0,0.0,0.0,0,12,0.19862490007653832,3,3,239,44,12,,method1_proportional_scores_gamma1,unrestricted_maximum_cardinality_then_maximum_testing_evalue_sum,200,0,3,exact_fixed_count_order_statistics,300.0,1,False
3,150c040411dd6155862a453da72e0a4aefd8a88fa4f57dce33ef945f85c1c757,proven_maximal,maximize_sum_testing_e_values_at_maximum_cardinality,proven_optimal,9331.41642983963,0.6630847726245718,14072.73521439005,0,0,5,,,69;75;112;120;140,0,0,5,0,0,0,0.0,0.0,0.25,0.0,0.0,0.0,0,5,0.3152163999620825,3,3,232,35,5,,method1_proportional_scores_gamma1,unrestricted_maximum_cardinality_then_maximum_testing_evalue_sum,200,0,3,exact_fixed_count_order_statistics,300.0,1,False
4,b12527227e989f4df1ed026e653b9bbbf023106fcf710ce83fc8bef8d0ddd8bd,proven_maximal,maximize_sum_testing_e_values_at_maximum_cardinality,proven_optimal,0.0,0.0,2484.919664854197,0,0,0,,,,0,0,0,0,0,0,0.0,0.0,0.0,0.0,0.0,0.0,0,0,0.24496530019678175,3,3,239,39,0,,method1_proportional_scores_gamma1,unrestricted_maximum_cardinality_then_maximum_testing_evalue_sum,200,0,0,exact_fixed_count_order_statistics,300.0,1,False
5,65050d7337ef1f9bdc29f86014bd7fc7350f2c01dcc5d61c7f8be3b58dd697fc,proven_maximal,maximize_sum_testing_e_values_at_maximum_cardinality,proven_optimal,10766.322528556164,2.374438692586733,4534.260059933257,0,0,9,,,10;25;27;40;50;54;58;67;179,0,0,9,0,0,0,0.0,0.0,0.45,0.0,0.0,0.0,0,9,0.36542230006307364,4,4,236,39,9,,method1_proportional_scores_gamma1,unrestricted_maximum_cardinality_then_maximum_testing_evalue_sum,200,0,6,exact_fixed_count_order_statistics,300.0,1,False
6,ca2e0e430cadb1b2cae4da28c2bd5b08db5f903ead4b7a77bfb896802157ead1,proven_maximal,maximize_sum_testing_e_values_at_maximum_cardinality,proven_optimal,0.0,0.0,3943.152434233715,0,0,0,,,,0,0,0,0,0,0,0.0,0.0,0.0,0.0,0.0,0.0,0,0,0.20336230006068945,3,3,234,34,0,,method1_proportional_scores_gamma1,unrestricted_maximum_cardinality_then_maximum_testing_evalue_sum,200,0,0,exact_fixed_count_order_statistics,300.0,1,False
7,5c25d9076f4bcbc7997954db06e8217e4cdc65e61a837be5c8e4c64ab7e60351,proven_maximal,maximize_sum_testing_e_values_at_maximum_cardinality,proven_optimal,0.0,0.0,1303.0229908664646,0,0,0,,,,0,0,0,0,0,0,0.0,0.0,0.0,0.0,0.0,0.0,0,0,0.20307549997232854,3,3,244,44,0,,method1_proportional_scores_gamma1,unrestricted_maximum_cardinality_then_maximum_testing_evalue_sum,200,0,0,exact_fixed_count_order_statistics,300.0,1,False
8,bbf69abbf9cd48605a0a5ae87d521d021e988931f05e30b8ab4e5249595db04f,proven_maximal,maximize_sum_testing_e_values_at_maximum_cardinality,proven_optimal,20236.62309238558,1.9987547702776738,10124.615282131004,0,0,7,,,27;29;44;49;61;68;75,0,0,7,0,0,0,0.0,0.0,0.35,0.0,0.0,0.0,0,7,0.30618549999780953,4,4,237,38,7,,method1_proportional_scores_gamma1,unrestricted_maximum_cardinality_then_maximum_testing_evalue_sum,200,0,4,exact_fixed_count_order_statistics,300.0,1,False
9,eae35fb6f23fc438529770c2c802a28e8893ab28dc4f2915b87cd249b2bfe75c,proven_maximal,maximize_sum_testing_e_values_at_maximum_cardinality,proven_optimal,0.0,0.0,1455.2570405051388,0,0,0,,,,0,0,0,0,0,0,0.0,0.0,0.0,0.0,0.0,0.0,0,0,0.21423590020276606,3,3,235,35,0,,method1_proportional_scores_gamma1,unrestricted_maximum_cardinality_then_maximum_testing_evalue_sum,200,0,0,exact_fixed_count_order_statistics,300.0,1,False
10,cf44e102cc058d36262ee8bfb6391119f6e6c171e984d6a606b5c29804a2f859,proven_maximal,maximize_sum_testing_e_values_at_maximum_cardinality,proven_optimal,8193.384029210349,1.9932750654801947,4110.513481608471,0,0,6,,,28;72;123;136;148;151,0,0,6,0,0,0,0.0,0.0,0.3,0.0,0.0,0.0,0,6,0.3937699000816792,6,6,243,36,6,,method1_proportional_scores_gamma1,unrestricted_maximum_cardinality_then_maximum_testing_evalue_sum,200,0,2,exact_fixed_count_order_statistics,300.0,1,False
11,7bd28593017840116a2aba00112d2692d3a5c9e76bce4ce296072cf815729628,proven_maximal,maximize_sum_testing_e_values_at_maximum_cardinality,proven_optimal,127424.07519162973,1.0144087216183553,125614.13607361482,0,0,2,,,20;112,0,0,2,0,0,0,0.0,0.0,0.1,0.0,0.0,0.0,0,2,0.5572961999569088,5,4,232,33,2,,method1_proportional_scores_gamma1,unrestricted_maximum_cardinality_then_maximum_testing_evalue_sum,200,0,1,exact_fixed_count_order_statistics,300.0,1,False
12,ee5b6b7126b594adad18f3df436443046caf2ba3bfafcc25b013da46f9a334ae,proven_maximal,maximize_sum_testing_e_values_at_maximum_cardinality,proven_optimal,98258.82875519873,1.2713139591850808,77289.1920562118,0,0,5,,,4;36;66;183;199,0,0,5,0,0,0,0.0,0.0,0.25,0.0,0.0,0.0,0,5,0.525036099832505,6,4,257,58,5,,method1_proportional_scores_gamma1,unrestricted_maximum_cardinality_then_maximum_testing_evalue_sum,200,0,2,exact_fixed_count_order_statistics,300.0,1,False
13,cb3d7dd1494f7100f61edc93eb2454b8cee6be9e216a332e1c5265fc614c34f1,proven_maximal,maximize_sum_testing_e_values_at_maximum_cardinality,proven_optimal,22793.13550292801,2.536346508776576,8986.601564122417,0,0,5,,,26;34;125;126;159,0,0,5,0,0,0,0.0,0.0,0.25,0.0,0.0,0.0,0,5,0.145176500082016,3,3,239,42,5,,method1_proportional_scores_gamma1,unrestricted_maximum_cardinality_then_maximum_testing_evalue_sum,200,0,5,exact_fixed_count_order_statistics,300.0,1,False
14,7e4142cc8a3a850f18777dc41bce14bc5f3fac01dc9b729aa9a0642ed03dd748,proven_maximal,maximize_sum_testing_e_values_at_maximum_cardinality,proven_optimal,0.0,0.0,38166.27619457974,0,0,0,,,,0,0,0,0,0,0,0.0,0.0,0.0,0.0,0.0,0.0,0,0,0.15116330003365874,3,3,235,35,0,,method1_proportional_scores_gamma1,unrestricted_maximum_cardinality_then_maximum_testing_evalue_sum,200,0,2,exact_fixed_count_order_statistics,300.0,1,False
15,cf8d8196be1befe7c2345811668f402c85f9701a52dd913b4a21496030e78997,proven_maximal,maximize_sum_testing_e_values_at_maximum_cardinality,proven_optimal,0.0,0.0,1304.7287039427565,0,0,0,,,,0,0,0,0,0,0,0.0,0.0,0.0,0.0,0.0,0.0,0,0,0.21173340012319386,3,3,235,35,0,,method1_proportional_scores_gamma1,unrestricted_maximum_cardinality_then_maximum_testing_evalue_sum,200,0,0,exact_fixed_count_order_statistics,300.0,1,False
16,b9885e4fa865f052a90c6e939094aa6623918594b1c427a3beeef1de9ef76139,proven_maximal,maximize_sum_testing_e_values_at_maximum_cardinality,proven_optimal,0.0,0.0,25734.21672512945,0,0,0,,,,0,0,0,0,0,0,0.0,0.0,0.0,0.0,0.0,0.0,0,0,0.14708809996955097,3,3,232,32,0,,method1_proportional_scores_gamma1,unrestricted_maximum_cardinality_then_maximum_testing_evalue_sum,200,0,5,exact_fixed_count_order_statistics,300.0,1,False
17,e14c3fb8f26ea7bd538eca6d736439e58d769c0bc756e3925d3e4d211de0046c,proven_maximal,maximize_sum_testing_e_values_at_maximum_cardinality,proven_optimal,4473.691665570567,0.3262178727399426,13713.81533450482,0,0,1,,,96,0,0,1,0,0,0,0.0,0.0,0.05,0.0,0.0,0.0,0,1,0.22808429994620383,3,3,243,44,1,,method1_proportional_scores_gamma1,unrestricted_maximum_cardinality_then_maximum_testing_evalue_sum,200,0,4,exact_fixed_count_order_statistics,300.0,1,False
18,83283fb5460063055e21216ba74bff4ba321ed11b7f6ae545e94a182b79adb23,proven_maximal,maximize_sum_testing_e_values_at_maximum_cardinality,proven_optimal,12339.138709778283,1.2278687343908412,10049.232759314342,0,0,10,,,0;42;72;79;107;120;148;159;180;186,0,0,10,0,0,0,0.0,0.0,0.5,0.0,0.0,0.0,0,10,0.39506769995205104,4,4,240,42,10,,method1_proportional_scores_gamma1,unrestricted_maximum_cardinality_then_maximum_testing_evalue_sum,200,0,1,exact_fixed_count_order_statistics,300.0,1,False
19,9095ecd4442e74e3f920f1d24e60a447120c292c1ffb158188865cd306311140,proven_maximal,maximize_sum_testing_e_values_at_maximum_cardinality,proven_optimal,16436.777031107627,2.511647001966121,6544.222583126089,0,0,6,,,9;15;22;132;168;175,0,0,6,0,0,0,0.0,0.0,0.3,0.0,0.0,0.0,0,6,0.4096857002004981,5,4,239,37,6,,method1_proportional_scores_gamma1,unrestricted_maximum_cardinality_then_maximum_testing_evalue_sum,200,0,4,exact_fixed_count_order_statistics,300.0,1,False
20,e89b78c86531aa51c8d09da9e215b8859c14f8a1126aea88d7ae18b3b148c30d,proven_maximal,maximize_sum_testing_e_values_at_maximum_cardinality,proven_optimal,24268.347591333608,1.766660286881919,13736.85012989465,0,0,10,,,6;10;16;18;45;65;78;84;110;163,0,0,10,0,0,0,0.0,0.0,0.5,0.0,0.0,0.0,0,10,0.3736008999403566,8,8,234,30,10,,method1_proportional_scores_gamma1,unrestricted_maximum_cardinality_then_maximum_testing_evalue_sum,200,0,2,exact_fixed_count_order_statistics,300.0,1,False
21,6bc2ea7791da9dc09d1f43e7f820bf293571a03ca66c0966575fe9933632c3f5,proven_maximal,maximize_sum_testing_e_values_at_maximum_cardinality,proven_optimal,0.0,0.0,14320.611469012065,0,0,0,,,,0,0,0,0,0,0,0.0,0.0,0.0,0.0,0.0,0.0,0,0,0.23821579990908504,3,3,242,42,0,,method1_proportional_scores_gamma1,unrestricted_maximum_cardinality_then_maximum_testing_evalue_sum,200,0,2,exact_fixed_count_order_statistics,300.0,1,False
22,fe0e0127176bcbe5ef8c250e33ccf56ded8da97f4dc152404c212ac713d8e879,proven_maximal,maximize_sum_testing_e_values_at_maximum_cardinality,proven_optimal,17027.763027014298,1.1509315398642737,14794.766184809165,0,0,6,,,38;77;89;114;119;173,0,0,6,0,0,0,0.0,0.0,0.3,0.0,0.0,0.0,0,6,0.9415361999999732,8,5,229,30,6,,method1_proportional_scores_gamma1,unrestricted_maximum_cardinality_then_maximum_testing_evalue_sum,200,0,4,exact_fixed_count_order_statistics,300.0,1,False
23,8e1063d0fb786b641264eb6b626874087bb93947de761315013a691196a5524d,proven_maximal,maximize_sum_testing_e_values_at_maximum_cardinality,proven_optimal,2593.366679713922,1.271006938717408,2040.4032430624864,0,0,4,,,16;62;174;188,0,0,4,0,0,0,0.0,0.0,0.2,0.0,0.0,0.0,0,4,0.5292974000331014,7,5,238,38,4,,method1_proportional_scores_gamma1,unrestricted_maximum_cardinality_then_maximum_testing_evalue_sum,200,0,0,exact_fixed_count_order_statistics,300.0,1,False
24,6bc191bcdd33a17125c04a7df8fa5d14af4c19cf62059e72e7f84446a5919776,proven_maximal,maximize_sum_testing_e_values_at_maximum_cardinality,proven_optimal,81154.11830344729,1.0522690386284397,77122.97456668127,0,0,5,,,14;19;79;138;142,0,0,5,0,0,0,0.0,0.0,0.25,0.0,0.0,0.0,0,5,0.1473487000912428,3,3,229,34,5,,method1_proportional_scores_gamma1,unrestricted_maximum_cardinality_then_maximum_testing_evalue_sum,200,0,3,exact_fixed_count_order_statistics,300.0,1,False
25,d4a254c47b2742daff514998762c5155edadbce4386792398f19f39d884f0c74,proven_maximal,maximize_sum_testing_e_values_at_maximum_cardinality,proven_optimal,4240.664405989706,1.233221400778278,3438.688627454446,0,0,3,,,107;128;129,0,0,3,0,0,0,0.0,0.0,0.15,0.0,0.0,0.0,0,3,0.6321384999901056,5,4,240,42,3,,method1_proportional_scores_gamma1,unrestricted_maximum_cardinality_then_maximum_testing_evalue_sum,200,0,6,exact_fixed_count_order_statistics,300.0,1,False
26,f9e7f7578486537091aff63b013bb1006b25052fee87e65159b74bc8e5b0bbd0,proven_maximal,maximize_sum_testing_e_values_at_maximum_cardinality,proven_optimal,7366.893267108944,1.0203198514038254,7220.180276776025,0,0,4,,,16;112;141;166,0,0,4,0,0,0,0.0,0.0,0.2,0.0,0.0,0.0,0,4,0.5559926000423729,6,4,246,44,4,,method1_proportional_scores_gamma1,unrestricted_maximum_cardinality_then_maximum_testing_evalue_sum,200,0,1,exact_fixed_count_order_statistics,300.0,1,False
27,3ca5040ae03db0033aa08221e87f3bcb581f987b13301e547bf1172694124a92,proven_maximal,maximize_sum_testing_e_values_at_maximum_cardinality,proven_optimal,0.0,0.0,19569.189412413278,0,0,0,,,,0,0,0,0,0,0,0.0,0.0,0.0,0.0,0.0,0.0,0,0,0.17069449997507036,3,3,233,33,0,,method1_proportional_scores_gamma1,unrestricted_maximum_cardinality_then_maximum_testing_evalue_sum,200,0,4,exact_fixed_count_order_statistics,300.0,1,False
28,a0ff8d225593234cf901ee69a328fecd28859ec7acbef5662713ee2daefdb4a6,proven_maximal,maximize_sum_testing_e_values_at_maximum_cardinality,proven_optimal,1312.6432710626752,0.33833312696048135,3879.736172615451,0,0,5,,,0;10;110;177;189,0,0,5,0,0,0,0.0,0.0,0.25,0.0,0.0,0.0,0,5,0.9692506000865251,9,6,240,38,5,,method1_proportional_scores_gamma1,unrestricted_maximum_cardinality_then_maximum_testing_evalue_sum,200,0,0,exact_fixed_count_order_statistics,300.0,1,False
29,ce65be07e25897a3196446c491700062c61da396548ab338ea74f1df43403274,proven_maximal,maximize_sum_testing_e_values_at_maximum_cardinality,proven_optimal,29540.7081312686,1.3079789189388982,22585.003247019904,0,0,8,,,35;43;51;75;96;138;159;194,0,0,8,0,0,0,0.0,0.0,0.4,0.0,0.0,0.0,0,8,0.14744030009023845,3,3,238,44,8,,method1_proportional_scores_gamma1,unrestricted_maximum_cardinality_then_maximum_testing_evalue_sum,200,0,5,exact_fixed_count_order_statistics,300.0,1,False
30,16bdabd03ce3a66582fd24c3bf16611dee6bfc32f5a162c389221cf57a3c340b,proven_maximal,maximize_sum_testing_e_values_at_maximum_cardinality,proven_optimal,5274.872857414968,1.726866753488726,3054.5917030126,0,0,14,,,32;40;41;81;94;109;118;119;124;127;140;141;191;198,0,0,14,0,0,0,0.0,0.0,0.7,0.0,0.0,0.0,0,14,0.3731895999517292,9,9,262,36,14,,method1_proportional_scores_gamma1,unrestricted_maximum_cardinality_then_maximum_testing_evalue_sum,200,0,0,exact_fixed_count_order_statistics,300.0,1,False
31,2f8171f4c86562916472c9906921767eae77bd4e62f2f8dc04bb9bc18c6bd82f,proven_maximal,maximize_sum_testing_e_values_at_maximum_cardinality,proven_optimal,17507.400025491763,1.8585198159016343,9420.077136491707,0,0,2,,,129;145,0,0,2,0,0,0,0.0,0.0,0.1,0.0,0.0,0.0,0,2,0.2861924001481384,4,4,239,39,2,,method1_proportional_scores_gamma1,unrestricted_maximum_cardinality_then_maximum_testing_evalue_sum,200,0,3,exact_fixed_count_order_statistics,300.0,1,False
32,f19c34feee21f98ac5dc649c9d6c972abcc214e06b1984923479b716042a5b41,proven_maximal,maximize_sum_testing_e_values_at_maximum_cardinality,proven_optimal,8077.446792097016,3.7100514023739977,2177.1792129155942,0,0,8,,,1;2;8;65;77;132;152;176,0,0,8,0,0,0,0.0,0.0,0.4,0.0,0.0,0.0,0,8,0.6583636000286788,8,7,245,48,8,,method1_proportional_scores_gamma1,unrestricted_maximum_cardinality_then_maximum_testing_evalue_sum,200,0,4,exact_fixed_count_order_statistics,300.0,1,False
33,de11eb6c7cca54afaccc471e586a64a5a56f7965a762834f5b7474da02fc95cd,proven_maximal,maximize_sum_testing_e_values_at_maximum_cardinality,proven_optimal,0.0,0.0,10777.77114201245,0,0,0,,,,0,0,0,0,0,0,0.0,0.0,0.0,0.0,0.0,0.0,0,0,0.14821620006114244,3,3,241,41,0,,method1_proportional_scores_gamma1,unrestricted_maximum_cardinality_then_maximum_testing_evalue_sum,200,0,3,exact_fixed_count_order_statistics,300.0,1,False
34,cc31bd5fc1244d2009af728d352c57363c895349dacb22eae9c0126079fc1182,proven_maximal,maximize_sum_testing_e_values_at_maximum_cardinality,proven_optimal,27972.341034761343,0.8447091331005268,33114.76097350592,0,0,4,,,14;82;143;156,0,0,4,0,0,0,0.0,0.0,0.2,0.0,0.0,0.0,0,4,0.5434093000367284,7,5,250,49,4,,method1_proportional_scores_gamma1,unrestricted_maximum_cardinality_then_maximum_testing_evalue_sum,200,0,3,exact_fixed_count_order_statistics,300.0,1,False
35,98a0132a4dc7faeab88e43dc536245d4b41175891e71ceaa8d637b08d1369101,proven_maximal,maximize_sum_testing_e_values_at_maximum_cardinality,proven_optimal,11032.281474545736,1.0153903863286677,10865.063942977633,0,0,3,,,44;119;173,0,0,3,0,0,0,0.0,0.0,0.15,0.0,0.0,0.0,0,3,0.27658819989301264,4,4,240,40,3,,method1_proportional_scores_gamma1,unrestricted_maximum_cardinality_then_maximum_testing_evalue_sum,200,0,2,exact_fixed_count_order_statistics,300.0,1,False
36,ca4e9574de276de017c355e0278e5fc2e40005cb462d1e122a2fd13305cb3c7a,proven_maximal,maximize_sum_testing_e_values_at_maximum_cardinality,proven_optimal,0.0,0.0,7635.48192851387,0,0,0,,,,0,0,0,0,0,0,0.0,0.0,0.0,0.0,0.0,0.0,0,0,0.1453231000341475,3,3,238,38,0,,method1_proportional_scores_gamma1,unrestricted_maximum_cardinality_then_maximum_testing_evalue_sum,200,0,2,exact_fixed_count_order_statistics,300.0,1,False
37,25d052621237f0a7ba006f0b3546b7f40fc3b42cf7630f6f41db742719a3d978,proven_maximal,maximize_sum_testing_e_values_at_maximum_cardinality,proven_optimal,18804.735515744964,2.292854494169938,8201.451755250904,0,0,10,,,12;20;81;95;105;122;125;144;149;180,0,0,10,0,0,0,0.0,0.0,0.5,0.0,0.0,0.0,0,10,0.34215359995141625,6,6,256,39,10,,method1_proportional_scores_gamma1,unrestricted_maximum_cardinality_then_maximum_testing_evalue_sum,200,0,4,exact_fixed_count_order_statistics,300.0,1,False
38,a6fbc521058cd49404e2786ec9e6ac7fccfcbba2bb1420b7e1045da13f8aa3d3,proven_maximal,maximize_sum_testing_e_values_at_maximum_cardinality,proven_optimal,53103.42175324062,1.014015114458478,52369.45780793399,0,0,4,,,81;117;152;176,0,0,4,0,0,0,0.0,0.0,0.2,0.0,0.0,0.0,0,4,0.8006178000941873,6,4,235,36,4,,method1_proportional_scores_gamma1,unrestricted_maximum_cardinality_then_maximum_testing_evalue_sum,200,0,1,exact_fixed_count_order_statistics,300.0,1,False
39,b81b6feee08b3db41132831a64ecfc30dc8c649a09136e9be6b908a11a132593,proven_maximal,maximize_sum_testing_e_values_at_maximum_cardinality,proven_optimal,15900.561512992892,2.0697546144114756,7682.341376257367,0,0,6,,,58;125;190;192;194;198,0,0,6,0,0,0,0.0,0.0,0.3,0.0,0.0,0.0,0,6,0.28268079995177686,3,3,240,45,6,,method1_proportional_scores_gamma1,unrestricted_maximum_cardinality_then_maximum_testing_evalue_sum,200,0,3,exact_fixed_count_order_statistics,300.0,1,False
40,be4ac6fcdded3ffd6422e57a2b100fba390d511d1c7fd60f4590e0ca90202468,proven_maximal,maximize_sum_testing_e_values_at_maximum_cardinality,proven_optimal,0.0,0.0,8301.042804156192,0,0,0,,,,0,0,0,0,0,0,0.0,0.0,0.0,0.0,0.0,0.0,0,0,0.1870405999943614,3,3,244,44,0,,method1_proportional_scores_gamma1,unrestricted_maximum_cardinality_then_maximum_testing_evalue_sum,200,0,1,exact_fixed_count_order_statistics,300.0,1,False
41,02306910146dcfd1c900a68e421a151fd78bd3b37573551ece6eb81dec9f297d,proven_maximal,maximize_sum_testing_e_values_at_maximum_cardinality,proven_optimal,302078.6728107779,1.0582239818753807,285458.16196249414,0,0,12,,,26;40;52;59;60;62;74;98;101;110;114;132,0,0,12,0,0,0,0.0,0.0,0.6,0.0,0.0,0.0,0,12,0.25023650005459785,3,3,224,34,12,,method1_proportional_scores_gamma1,unrestricted_maximum_cardinality_then_maximum_testing_evalue_sum,200,0,6,exact_fixed_count_order_statistics,300.0,1,False
42,41d7bfbee96ae4ea6f2f6d79ee6d5e4b0e9d741940c57fb934907a6daf7356b8,proven_maximal,maximize_sum_testing_e_values_at_maximum_cardinality,proven_optimal,0.0,0.0,4176.117573763181,0,0,0,,,,0,0,0,0,0,0,0.0,0.0,0.0,0.0,0.0,0.0,0,0,0.16334780002944171,3,3,235,35,0,,method1_proportional_scores_gamma1,unrestricted_maximum_cardinality_then_maximum_testing_evalue_sum,200,0,1,exact_fixed_count_order_statistics,300.0,1,False
43,37cf086590d5377ee2990d42453871e264a32bd1ac52d8009beca22fb19c60f5,proven_maximal,maximize_sum_testing_e_values_at_maximum_cardinality,proven_optimal,12486.689462086648,1.5782527614451591,7911.717164146102,0,0,7,,,62;75;81;83;84;113;156,0,0,7,0,0,0,0.0,0.0,0.35,0.0,0.0,0.0,0,7,0.3196211000904441,3,3,240,42,7,,method1_proportional_scores_gamma1,unrestricted_maximum_cardinality_then_maximum_testing_evalue_sum,200,0,4,exact_fixed_count_order_statistics,300.0,1,False
44,30597d524609c1f0cd8d02b846adf616436400e0c1e7d7d316903a95b41077ff,proven_maximal,maximize_sum_testing_e_values_at_maximum_cardinality,proven_optimal,17130.79856624352,2.206761274807505,7762.868943645857,0,0,9,,,11;23;30;48;109;111;122;154;198,0,0,9,0,0,0,0.0,0.0,0.45,0.0,0.0,0.0,0,9,0.4051039000041783,6,5,238,39,9,,method1_proportional_scores_gamma1,unrestricted_maximum_cardinality_then_maximum_testing_evalue_sum,200,0,6,exact_fixed_count_order_statistics,300.0,1,False
45,8956b4e0396440b92ccffbc53ed57b3d4e86b596ba88c4c538035ac0bc39de27,proven_maximal,maximize_sum_testing_e_values_at_maximum_cardinality,proven_optimal,0.0,0.0,3021.289711152079,0,0,0,,,,0,0,0,0,0,0,0.0,0.0,0.0,0.0,0.0,0.0,0,0,0.26637259987182915,3,3,240,40,0,,method1_proportional_scores_gamma1,unrestricted_maximum_cardinality_then_maximum_testing_evalue_sum,200,0,3,exact_fixed_count_order_statistics,300.0,1,False
46,dce25f54f072b1821ee1aecddecd6c61c4094366c6a03489209f028f9aa15115,proven_maximal,maximize_sum_testing_e_values_at_maximum_cardinality,proven_optimal,997.4073946862684,0.7736036044548432,1289.30034573603,0,0,2,,,11;175,0,0,2,0,0,0,0.0,0.0,0.1,0.0,0.0,0.0,0,2,0.2723336999770254,3,3,233,35,2,,method1_proportional_scores_gamma1,unrestricted_maximum_cardinality_then_maximum_testing_evalue_sum,200,0,0,exact_fixed_count_order_statistics,300.0,1,False
47,6d6519212a73b9a5e4fc80d4848a0709b3ecc649f98282f0b11cf96eea7b405f,proven_maximal,maximize_sum_testing_e_values_at_maximum_cardinality,proven_optimal,12859.570123306941,1.3566443798432173,9478.954333480582,0,0,6,,,24;111;128;134;158;182,0,0,6,0,0,0,0.0,0.0,0.3,0.0,0.0,0.0,0,6,0.45610089995898306,9,9,256,48,6,,method1_proportional_scores_gamma1,unrestricted_maximum_cardinality_then_maximum_testing_evalue_sum,200,0,7,exact_fixed_count_order_statistics,300.0,1,False
48,799a61b38fc6f5f26e9a51232ce465b8c71c9d14b269a379c23923eac749df67,proven_maximal,maximize_sum_testing_e_values_at_maximum_cardinality,proven_optimal,2972.5959562677776,3.0319204621275957,980.43335681102,0,0,6,,,14;43;55;115;147;191,0,0,6,0,0,0,0.0,0.0,0.3,0.0,0.0,0.0,0,6,0.1573352999985218,3,3,233,38,6,,method1_proportional_scores_gamma1,unrestricted_maximum_cardinality_then_maximum_testing_evalue_sum,200,0,0,exact_fixed_count_order_statistics,300.0,1,False
49,96ecf2d779968e6406d1a88c43e9801e0c3d2f89c7e4cd6d5f4c86afc5425f3f,proven_maximal,maximize_sum_testing_e_values_at_maximum_cardinality,proven_optimal,4562.868698456069,0.8801320329794383,5184.300227103161,0,0,2,,,111;131,0,0,2,0,0,0,0.0,0.0,0.1,0.0,0.0,0.0,0,2,0.5542601998895407,5,4,248,49,2,,method1_proportional_scores_gamma1,unrestricted_maximum_cardinality_then_maximum_testing_evalue_sum,200,0,4,exact_fixed_count_order_statistics,300.0,1,False
50,bcfaeb3ec22d7eb3169eabcedf621fb524c287f69c0e34bde780df75a44fe563,proven_maximal,maximize_sum_testing_e_values_at_maximum_cardinality,proven_optimal,561.6599966764965,0.1938695991263962,2897.1019654830657,0,0,2,,,62;85,0,0,2,0,0,0,0.0,0.0,0.1,0.0,0.0,0.0,0,2,0.2249515000730753,3,3,240,42,2,,method1_proportional_scores_gamma1,unrestricted_maximum_cardinality_then_maximum_testing_evalue_sum,200,0,0,exact_fixed_count_order_statistics,300.0,1,False
51,654e80538a2022a1d6b30373dd14f97e43f9c34eb71343b017c4698c50aa920b,proven_maximal,maximize_sum_testing_e_values_at_maximum_cardinality,proven_optimal,16442.268602131284,2.0968885001786997,7841.269862813426,0,0,12,,,33;40;43;46;47;49;53;77;111;125;149;186,0,0,12,0,0,0,0.0,0.0,0.6,0.0,0.0,0.0,0,12,0.23839039984159172,5,5,240,45,12,,method1_proportional_scores_gamma1,unrestricted_maximum_cardinality_then_maximum_testing_evalue_sum,200,0,2,exact_fixed_count_order_statistics,300.0,1,False
52,2faa9b5094018de57dbdaa0aaeff655c9af2630d55a33e46bdaec769f41499b3,proven_maximal,maximize_sum_testing_e_values_at_maximum_cardinality,proven_optimal,399.65596913902675,1.013856177373683,394.1939478776024,0,0,3,,,7;71;165,0,0,3,0,0,0,0.0,0.0,0.15,0.0,0.0,0.0,0,3,0.2960451999679208,3,3,244,46,3,,method1_proportional_scores_gamma1,unrestricted_maximum_cardinality_then_maximum_testing_evalue_sum,200,0,0,exact_fixed_count_order_statistics,300.0,1,False
53,37abf8fa37dd5fa203f858b459fd66d5703c9439385e2167c597dd9af081f5a3,proven_maximal,maximize_sum_testing_e_values_at_maximum_cardinality,proven_optimal,25389.677282933833,2.3055936547299845,11012.208170700964,0,0,10,,,0;4;17;29;37;93;124;132;152;175,0,0,10,0,0,0,0.0,0.0,0.5,0.0,0.0,0.0,0,10,0.33980820002034307,8,8,262,41,10,,method1_proportional_scores_gamma1,unrestricted_maximum_cardinality_then_maximum_testing_evalue_sum,200,0,5,exact_fixed_count_order_statistics,300.0,1,False
54,b6c3c70a71ca29ae968f3359b76965fa648eec4b0c0ea07970a3fb9f7da4bc0b,proven_maximal,maximize_sum_testing_e_values_at_maximum_cardinality,proven_optimal,181167.9180178578,2.0563671530373173,88100.95889261177,0,0,10,,,32;38;79;86;90;103;136;144;162;195,0,0,10,0,0,0,0.0,0.0,0.5,0.0,0.0,0.0,0,10,0.5328009999357164,8,8,247,45,10,,method1_proportional_scores_gamma1,unrestricted_maximum_cardinality_then_maximum_testing_evalue_sum,200,0,6,exact_fixed_count_order_statistics,300.0,1,False
55,1ac1db40cd7f7be244d41c47362ce28979e691727e9ad7c1890140071c2699ca,proven_maximal,maximize_sum_testing_e_values_at_maximum_cardinality,proven_optimal,1866.1805706840705,0.16355168849271007,11410.341207007785,0,0,3,,,65;109;194,0,0,3,0,0,0,0.0,0.0,0.15,0.0,0.0,0.0,0,3,0.2370068000163883,3,3,235,37,3,,method1_proportional_scores_gamma1,unrestricted_maximum_cardinality_then_maximum_testing_evalue_sum,200,0,3,exact_fixed_count_order_statistics,300.0,1,False
56,c5b1578f86100c5fc8da7765fc49c886c730246f55c37821d97ea72d4f1eae44,proven_maximal,maximize_sum_testing_e_values_at_maximum_cardinality,proven_optimal,8456.630679753343,1.537957051598357,5498.613027564455,0,0,3,,,27;68;158,0,0,3,0,0,0,0.0,0.0,0.15,0.0,0.0,0.0,0,3,0.4696551999077201,5,4,236,37,3,,method1_proportional_scores_gamma1,unrestricted_maximum_cardinality_then_maximum_testing_evalue_sum,200,0,5,exact_fixed_count_order_statistics,300.0,1,False
57,11d6db98cadd4511e42c145fffecdc371df5793693d73751f3fdfaa35fe09ca8,proven_maximal,maximize_sum_testing_e_values_at_maximum_cardinality,proven_optimal,2055.0382444796587,1.535747011538337,1338.1359228048602,0,0,3,,,21;29;183,0,0,3,0,0,0,0.0,0.0,0.15,0.0,0.0,0.0,0,3,0.39731650007888675,5,4,239,40,3,,method1_proportional_scores_gamma1,unrestricted_maximum_cardinality_then_maximum_testing_evalue_sum,200,0,0,exact_fixed_count_order_statistics,300.0,1,False
58,2acee89fb7944d03330990d7c52b07a36dab49dc6475ca45353862e04c238991,proven_maximal,maximize_sum_testing_e_values_at_maximum_cardinality,proven_optimal,0.0,0.0,33219.42492094521,0,0,0,,,,0,0,0,0,0,0,0.0,0.0,0.0,0.0,0.0,0.0,0,0,0.2524427000898868,3,3,248,48,0,,method1_proportional_scores_gamma1,unrestricted_maximum_cardinality_then_maximum_testing_evalue_sum,200,0,3,exact_fixed_count_order_statistics,300.0,1,False
59,12ec8c2140e1aebd78a263b1eb1d44d66bf2579f20819c304fa92c9434df41e4,proven_maximal,maximize_sum_testing_e_values_at_maximum_cardinality,proven_optimal,0.0,0.0,23530.82650893585,0,0,0,,,,0,0,0,0,0,0,0.0,0.0,0.0,0.0,0.0,0.0,0,0,0.2506442000158131,3,3,241,41,0,,method1_proportional_scores_gamma1,unrestricted_maximum_cardinality_then_maximum_testing_evalue_sum,200,0,3,exact_fixed_count_order_statistics,300.0,1,False
60,77b11bd4a3f737bfc0c96aa9bacee67930fb28613bf693835722d7bc81d87dc2,proven_maximal,maximize_sum_testing_e_values_at_maximum_cardinality,proven_optimal,183.23842580020573,0.09004490365567983,2034.9672037063417,0,0,1,,,184,0,0,1,0,0,0,0.0,0.0,0.05,0.0,0.0,0.0,0,1,0.8106212001293898,8,5,246,41,1,,method1_proportional_scores_gamma1,unrestricted_maximum_cardinality_then_maximum_testing_evalue_sum,200,0,0,exact_fixed_count_order_statistics,300.0,1,False
61,9d3c1a710869c85489e892b13103f314dba5624d6c39f9f4536b17197c317f1c,proven_maximal,maximize_sum_testing_e_values_at_maximum_cardinality,proven_optimal,0.0,0.0,35342.76473261122,0,0,0,,,,0,0,0,0,0,0,0.0,0.0,0.0,0.0,0.0,0.0,0,0,0.18325649993494153,3,3,250,50,0,,method1_proportional_scores_gamma1,unrestricted_maximum_cardinality_then_maximum_testing_evalue_sum,200,0,1,exact_fixed_count_order_statistics,300.0,1,False
62,932212f003af6eabe6ad5c42681f83c396a33f73763638fd752b66cbefee4101,proven_maximal,maximize_sum_testing_e_values_at_maximum_cardinality,proven_optimal,20237.099462891805,1.82389458209686,11095.542287112892,0,0,10,,,42;73;74;83;87;108;132;138;151;172,0,0,10,0,0,0,0.0,0.0,0.5,0.0,0.0,0.0,0,10,0.22485119989141822,4,4,236,42,10,,method1_proportional_scores_gamma1,unrestricted_maximum_cardinality_then_maximum_testing_evalue_sum,200,0,7,exact_fixed_count_order_statistics,300.0,1,False
63,fb99fda6f2107b8b3af81906801d5c027db429be10aa8e3a1e329a84e37c86fb,proven_maximal,maximize_sum_testing_e_values_at_maximum_cardinality,proven_optimal,16238.997731698757,3.6835440914303654,4408.52541156714,0,0,12,,,0;14;41;65;79;116;139;147;148;174;176;178,0,0,12,0,0,0,0.0,0.0,0.6,0.0,0.0,0.0,0,12,0.267081500031054,4,4,238,45,12,,method1_proportional_scores_gamma1,unrestricted_maximum_cardinality_then_maximum_testing_evalue_sum,200,0,7,exact_fixed_count_order_statistics,300.0,1,False
64,b39753a6fa202d9241a2bffc7d5169baf4f3179b0f46acc0f56a60bf90e8dff4,proven_maximal,maximize_sum_testing_e_values_at_maximum_cardinality,proven_optimal,3666.4061521063268,2.819632213320168,1300.313613522335,0,0,15,,,7;10;42;47;62;92;98;105;108;122;130;134;159;187;192,0,0,15,0,0,0,0.0,0.0,0.75,0.0,0.0,0.0,0,15,0.19430059986189008,3,3,230,42,15,,method1_proportional_scores_gamma1,unrestricted_maximum_cardinality_then_maximum_testing_evalue_sum,200,0,0,exact_fixed_count_order_statistics,300.0,1,False
65,676a0081fdc5ec7d41ba8361ec40f413f97b5df4a92063cd73d52bd46887937d,proven_maximal,maximize_sum_testing_e_values_at_maximum_cardinality,proven_optimal,11473.833888291609,2.1353397863571897,5373.305907377647,0,0,3,,,154;163;195,0,0,3,0,0,0,0.0,0.0,0.15,0.0,0.0,0.0,0,3,0.6313847999554127,6,5,246,47,3,,method1_proportional_scores_gamma1,unrestricted_maximum_cardinality_then_maximum_testing_evalue_sum,200,0,3,exact_fixed_count_order_statistics,300.0,1,False
66,a619e4d3c7ace11e7a7b3576d5bc5f102c3b636849bb0c7803e6680c2fa8b499,proven_maximal,maximize_sum_testing_e_values_at_maximum_cardinality,proven_optimal,0.0,0.0,2455.917581466692,0,0,0,,,,0,0,0,0,0,0,0.0,0.0,0.0,0.0,0.0,0.0,0,0,0.20948849990963936,3,3,240,40,0,,method1_proportional_scores_gamma1,unrestricted_maximum_cardinality_then_maximum_testing_evalue_sum,200,0,3,exact_fixed_count_order_statistics,300.0,1,False
67,aa4bee4527a3e2e7e39f00120f66b53928e38c4cea75230f27ca671722ba14c8,proven_maximal,maximize_sum_testing_e_values_at_maximum_cardinality,proven_optimal,6410.617286531202,1.2354913057000443,5188.719060146578,0,0,3,,,51;111;182,0,0,3,0,0,0,0.0,0.0,0.15,0.0,0.0,0.0,0,3,0.28700489993207157,3,3,252,53,3,,method1_proportional_scores_gamma1,unrestricted_maximum_cardinality_then_maximum_testing_evalue_sum,200,0,1,exact_fixed_count_order_statistics,300.0,1,False
68,206ee38893f4cc27cf4529dcfc9238284578bcd178c4a45a113cb775457ab6a5,proven_maximal,maximize_sum_testing_e_values_at_maximum_cardinality,proven_optimal,4120.238653309579,1.4112010277704792,2919.6681211457444,0,0,4,,,12;34;69;150,0,0,4,0,0,0,0.0,0.0,0.2,0.0,0.0,0.0,0,4,0.6140693998895586,9,8,260,53,4,,method1_proportional_scores_gamma1,unrestricted_maximum_cardinality_then_maximum_testing_evalue_sum,200,0,0,exact_fixed_count_order_statistics,300.0,1,False
69,4fb1646126e6bd1c44e712563c5566f315f2fd26d63eae3c94bffbf5c2d6a53b,proven_maximal,maximize_sum_testing_e_values_at_maximum_cardinality,proven_optimal,19923.12332994827,1.4959704444453352,13317.85892156126,0,0,6,,,20;53;66;115;139;148,0,0,6,0,0,0,0.0,0.0,0.3,0.0,0.0,0.0,0,6,0.20461870008148253,3,3,233,39,6,,method1_proportional_scores_gamma1,unrestricted_maximum_cardinality_then_maximum_testing_evalue_sum,200,0,4,exact_fixed_count_order_statistics,300.0,1,False
70,89bcd56f53ef007cb96eea7820a01c468fce029dc007c49118b1ee6cf44c51b0,proven_maximal,maximize_sum_testing_e_values_at_maximum_cardinality,proven_optimal,0.0,0.0,23137.797724052038,0,0,0,,,,0,0,0,0,0,0,0.0,0.0,0.0,0.0,0.0,0.0,0,0,0.17330810008570552,3,3,241,41,0,,method1_proportional_scores_gamma1,unrestricted_maximum_cardinality_then_maximum_testing_evalue_sum,200,0,4,exact_fixed_count_order_statistics,300.0,1,False
71,bc5848c6a8611d88e7145f024e23a11c912112f9ae3628a51a656697ac7d1e5c,proven_maximal,maximize_sum_testing_e_values_at_maximum_cardinality,proven_optimal,0.0,0.0,36644.25593540768,0,0,0,,,,0,0,0,0,0,0,0.0,0.0,0.0,0.0,0.0,0.0,0,0,0.1705740001052618,3,3,238,38,0,,method1_proportional_scores_gamma1,unrestricted_maximum_cardinality_then_maximum_testing_evalue_sum,200,0,5,exact_fixed_count_order_statistics,300.0,1,False
72,a6282c44832baaaf6d1b8aaa508c6818b4fcbd19450fa479beeaeeb2ec3b453f,proven_maximal,maximize_sum_testing_e_values_at_maximum_cardinality,proven_optimal,2333.3133768010616,2.2863871995263736,1020.5241602491516,0,0,7,,,3;91;92;120;160;190;196,0,0,7,0,0,0,0.0,0.0,0.35,0.0,0.0,0.0,0,7,0.24188290000893176,4,4,246,43,7,,method1_proportional_scores_gamma1,unrestricted_maximum_cardinality_then_maximum_testing_evalue_sum,200,0,0,exact_fixed_count_order_statistics,300.0,1,False
73,6c8cebf1d23c457ca1dcef554205d6414962e5e9e4b2ab4fee1650359a92b935,proven_maximal,maximize_sum_testing_e_values_at_maximum_cardinality,proven_optimal,8596.78845233738,1.7954620898789826,4788.064588385054,0,0,3,,,13;68;142,0,0,3,0,0,0,0.0,0.0,0.15,0.0,0.0,0.0,0,3,0.201845700154081,3,3,238,41,3,,method1_proportional_scores_gamma1,unrestricted_maximum_cardinality_then_maximum_testing_evalue_sum,200,0,2,exact_fixed_count_order_statistics,300.0,1,False
74,149cda68f71d5c30dad9c216a45445c021b20dd835bbc1dde5ceefe39efbe99d,proven_maximal,maximize_sum_testing_e_values_at_maximum_cardinality,proven_optimal,0.0,0.0,3446.35982772602,0,0,0,,,,0,0,0,0,0,0,0.0,0.0,0.0,0.0,0.0,0.0,0,0,0.15410110005177557,3,3,245,45,0,,method1_proportional_scores_gamma1,unrestricted_maximum_cardinality_then_maximum_testing_evalue_sum,200,0,2,exact_fixed_count_order_statistics,300.0,1,False
75,fc1897782e5c8605ee3525d0bab5f102f38c72827187934b9c841a023e03abb4,proven_maximal,maximize_sum_testing_e_values_at_maximum_cardinality,proven_optimal,0.0,0.0,7992.754219991082,0,0,0,,,,0,0,0,0,0,0,0.0,0.0,0.0,0.0,0.0,0.0,0,0,0.231324200052768,3,3,241,41,0,,method1_proportional_scores_gamma1,unrestricted_maximum_cardinality_then_maximum_testing_evalue_sum,200,0,1,exact_fixed_count_order_statistics,300.0,1,False
76,ab1a422e8420c78d08f4f626a5392089fa86209da861a3eba682a480ea5ec392,proven_maximal,maximize_sum_testing_e_values_at_maximum_cardinality,proven_optimal,13754.371337387665,0.7604742572323157,18086.57059273194,0,0,13,,,4;5;31;33;87;104;108;109;115;131;146;169;178,0,0,13,0,0,0,0.0,0.0,0.65,0.0,0.0,0.0,0,13,0.37757989997044206,7,7,230,29,13,,method1_proportional_scores_gamma1,unrestricted_maximum_cardinality_then_maximum_testing_evalue_sum,200,0,4,exact_fixed_count_order_statistics,300.0,1,False
77,3e4a034131e42a46dab86e21ce188ad1624081fdd3d0fca9f15f63243a2d6280,proven_maximal,maximize_sum_testing_e_values_at_maximum_cardinality,proven_optimal,0.0,0.0,3959.812995745792,0,0,0,,,,0,0,0,0,0,0,0.0,0.0,0.0,0.0,0.0,0.0,0,0,0.21414419985376298,3,3,249,49,0,,method1_proportional_scores_gamma1,unrestricted_maximum_cardinality_then_maximum_testing_evalue_sum,200,0,3,exact_fixed_count_order_statistics,300.0,1,False
78,62b102cd83a8675d77fb3e67483b4711346cad341ed0e0739f5d4a76e8318e5e,proven_maximal,maximize_sum_testing_e_values_at_maximum_cardinality,proven_optimal,0.0,0.0,50881.067849718296,0,0,0,,,,0,0,0,0,0,0,0.0,0.0,0.0,0.0,0.0,0.0,0,0,0.15003960020840168,3,3,237,37,0,,method1_proportional_scores_gamma1,unrestricted_maximum_cardinality_then_maximum_testing_evalue_sum,200,0,7,exact_fixed_count_order_statistics,300.0,1,False
79,588639beb29decaecbdebf2db401016c5897d38144784073ae6a6b1de80052db,proven_maximal,maximize_sum_testing_e_values_at_maximum_cardinality,proven_optimal,7884.468992217308,1.6489287240140593,4781.570529636842,0,0,6,,,0;11;36;158;176;181,0,0,6,0,0,0,0.0,0.0,0.3,0.0,0.0,0.0,0,6,0.20475209993310273,3,3,233,37,6,,method1_proportional_scores_gamma1,unrestricted_maximum_cardinality_then_maximum_testing_evalue_sum,200,0,4,exact_fixed_count_order_statistics,300.0,1,False
80,daa7cfc4d21cfc6bec27a175c68dc773c827ec4c511bed230e7a3d1f0cbafbf7,proven_maximal,maximize_sum_testing_e_values_at_maximum_cardinality,proven_optimal,8453.039957753834,2.566420178290708,3293.708500758338,0,0,11,,,11;18;20;53;90;124;144;156;163;164;184,0,0,11,0,0,0,0.0,0.0,0.55,0.0,0.0,0.0,0,11,0.48424619995057583,8,8,251,33,11,,method1_proportional_scores_gamma1,unrestricted_maximum_cardinality_then_maximum_testing_evalue_sum,200,0,0,exact_fixed_count_order_statistics,300.0,1,False
81,f48b30149880ca7d7392e6294c3cebb350581ab3976683f883964a8272534f1d,proven_maximal,maximize_sum_testing_e_values_at_maximum_cardinality,proven_optimal,31272.300605997087,2.9729081328501543,10519.09416925576,0,0,12,,,0;17;34;36;77;127;131;137;138;149;163;179,0,0,12,0,0,0,0.0,0.0,0.6,0.0,0.0,0.0,0,12,0.31168960011564195,8,8,237,40,12,,method1_proportional_scores_gamma1,unrestricted_maximum_cardinality_then_maximum_testing_evalue_sum,200,0,6,exact_fixed_count_order_statistics,300.0,1,False
82,8611f8e711093d5db04332cf5dfd8de47dc3e36f75b43a874ee2d91e82b9df71,proven_maximal,maximize_sum_testing_e_values_at_maximum_cardinality,proven_optimal,295.9136679441462,0.6653148072045991,444.7724065957037,0,0,3,,,12;104;106,0,0,3,0,0,0,0.0,0.0,0.15,0.0,0.0,0.0,0,3,0.2389257000759244,3,3,230,31,3,,method1_proportional_scores_gamma1,unrestricted_maximum_cardinality_then_maximum_testing_evalue_sum,200,0,0,exact_fixed_count_order_statistics,300.0,1,False
83,b6b36d9003ef6c20e20868c64374162f63cefe23ab4879224cc23c35199b01c1,proven_maximal,maximize_sum_testing_e_values_at_maximum_cardinality,proven_optimal,10560.072262438343,1.0440615601118017,10114.415342815164,0,0,2,,,101;124,0,0,2,0,0,0,0.0,0.0,0.1,0.0,0.0,0.0,0,2,0.25380330020561814,3,3,233,35,2,,method1_proportional_scores_gamma1,unrestricted_maximum_cardinality_then_maximum_testing_evalue_sum,200,0,5,exact_fixed_count_order_statistics,300.0,1,False
84,bd333a3173ce4f9219bf94adb169813559cc43b03a1434cd3ac86de063f3325c,proven_maximal,maximize_sum_testing_e_values_at_maximum_cardinality,proven_optimal,6328.9470755124585,1.9791872910119264,3197.7504626540776,0,0,6,,,3;17;42;111;127;130,0,0,6,0,0,0,0.0,0.0,0.3,0.0,0.0,0.0,0,6,0.1437420998699963,3,3,228,32,6,,method1_proportional_scores_gamma1,unrestricted_maximum_cardinality_then_maximum_testing_evalue_sum,200,0,0,exact_fixed_count_order_statistics,300.0,1,False
85,e6657d2c4b1f2b11b2a6375007ae9f19c038303ee6024b443ff50e5761f05d9a,proven_maximal,maximize_sum_testing_e_values_at_maximum_cardinality,proven_optimal,5219.97968393729,1.5308602353033278,3409.834264133847,0,0,7,,,25;91;107;111;147;175;193,0,0,7,0,0,0,0.0,0.0,0.35,0.0,0.0,0.0,0,7,0.9293888998217881,17,16,264,43,7,,method1_proportional_scores_gamma1,unrestricted_maximum_cardinality_then_maximum_testing_evalue_sum,200,0,0,exact_fixed_count_order_statistics,300.0,1,False
86,94d1361af148f6fbb62587ea54dc71f70faea81ca3a2e8411f9ac3489334ae9a,proven_maximal,maximize_sum_testing_e_values_at_maximum_cardinality,proven_optimal,607731.090746431,1.011102239123139,601058.001091438,0,0,7,,,2;36;50;55;75;88;182,0,0,7,0,0,0,0.0,0.0,0.35,0.0,0.0,0.0,0,7,0.8050882001407444,6,4,231,31,7,,method1_proportional_scores_gamma1,unrestricted_maximum_cardinality_then_maximum_testing_evalue_sum,200,0,3,exact_fixed_count_order_statistics,300.0,1,False
87,b689a9598c9cb2846a0ca5423a0c668596f4a75483690e7b454a955e630c5803,proven_maximal,maximize_sum_testing_e_values_at_maximum_cardinality,proven_optimal,5344.065936412902,2.53709956125456,2106.368239553964,0,0,7,,,27;57;64;120;144;174;194,0,0,7,0,0,0,0.0,0.0,0.35,0.0,0.0,0.0,0,7,0.4597283999901265,5,4,242,45,7,,method1_proportional_scores_gamma1,unrestricted_maximum_cardinality_then_maximum_testing_evalue_sum,200,0,5,exact_fixed_count_order_statistics,300.0,1,False
88,e3a8907d74af8696c657d13a118a419560f95b00b6f6a476b846e920703427d0,proven_maximal,maximize_sum_testing_e_values_at_maximum_cardinality,proven_optimal,0.0,0.0,8035.602828711181,0,0,0,,,,0,0,0,0,0,0,0.0,0.0,0.0,0.0,0.0,0.0,0,0,0.3000930999405682,3,3,232,32,0,,method1_proportional_scores_gamma1,unrestricted_maximum_cardinality_then_maximum_testing_evalue_sum,200,0,5,exact_fixed_count_order_statistics,300.0,1,False
89,e2c24c37f0a3e13f7dbb3e6fc4c54897d66cd5d6c5b57db8b2cd71fdc2fee0fe,proven_maximal,maximize_sum_testing_e_values_at_maximum_cardinality,proven_optimal,7267.540644504567,0.9873645295627436,7360.544588048968,0,0,2,,,125;197,0,0,2,0,0,0,0.0,0.0,0.1,0.0,0.0,0.0,0,2,0.243632199941203,3,3,233,35,2,,method1_proportional_scores_gamma1,unrestricted_maximum_cardinality_then_maximum_testing_evalue_sum,200,0,2,exact_fixed_count_order_statistics,300.0,1,False
90,2248430bf72a4bf12c9b7d0cfe7e38c77bd953bcaf44dcdb584c8666dc69eb39,proven_maximal,maximize_sum_testing_e_values_at_maximum_cardinality,proven_optimal,146528.43864769017,1.0273961700118677,142621.1649650179,0,0,14,,,3;32;38;40;46;90;96;108;117;123;173;182;184;199,0,0,13,0,0,1,0.0,0.0,0.65,0.0,0.0,0.07142857142857142,0,14,0.8871081999968737,15,15,276,57,14,,method1_proportional_scores_gamma1,unrestricted_maximum_cardinality_then_maximum_testing_evalue_sum,200,0,1,exact_fixed_count_order_statistics,300.0,1,False
91,378710b12c489926d37d5b2206b639cf1a53299df034f441216857db22ef52a7,proven_maximal,maximize_sum_testing_e_values_at_maximum_cardinality,proven_optimal,20770.82940028314,1.040233497281036,19967.468318001644,0,0,3,,,162;171;190,0,0,3,0,0,0,0.0,0.0,0.15,0.0,0.0,0.0,0,3,0.1760746999643743,3,3,240,41,3,,method1_proportional_scores_gamma1,unrestricted_maximum_cardinality_then_maximum_testing_evalue_sum,200,0,2,exact_fixed_count_order_statistics,300.0,1,False
92,36d05c5a58cdf0614070f933f1db58700e567d9ead7a59b2492706a7de50bce9,proven_maximal,maximize_sum_testing_e_values_at_maximum_cardinality,proven_optimal,0.0,0.0,10232.397208682,0,0,0,,,,0,0,0,0,0,0,0.0,0.0,0.0,0.0,0.0,0.0,0,0,0.15285669988952577,3,3,246,46,0,,method1_proportional_scores_gamma1,unrestricted_maximum_cardinality_then_maximum_testing_evalue_sum,200,0,1,exact_fixed_count_order_statistics,300.0,1,False
93,61e3df60333eb66ff084e624d4d552f4c68e8360318a444f1a04fb64e8e195d0,proven_maximal,maximize_sum_testing_e_values_at_maximum_cardinality,proven_optimal,6227.017317010324,1.287496081020573,4836.533026239808,0,0,7,,,29;69;107;130;155;178;184,0,0,7,0,0,0,0.0,0.0,0.35,0.0,0.0,0.0,0,7,0.5413154000416398,5,4,246,48,7,,method1_proportional_scores_gamma1,unrestricted_maximum_cardinality_then_maximum_testing_evalue_sum,200,0,1,exact_fixed_count_order_statistics,300.0,1,False
94,b7df67ba033ed1f80512bd29b6610180c0f7a93e47bf7558e61cd1ef13308850,proven_maximal,maximize_sum_testing_e_values_at_maximum_cardinality,proven_optimal,43385.854854231395,1.0275838061477016,42221.232559979886,0,0,5,,,17;32;88;106;185,0,0,5,0,0,0,0.0,0.0,0.25,0.0,0.0,0.0,0,5,0.5456880000419915,8,7,245,40,5,,method1_proportional_scores_gamma1,unrestricted_maximum_cardinality_then_maximum_testing_evalue_sum,200,0,1,exact_fixed_count_order_statistics,300.0,1,False
95,a9da724e5be8da1979c939c36f13475b22725e770719c6d44ba85901a8a651b7,proven_maximal,maximize_sum_testing_e_values_at_maximum_cardinality,proven_optimal,2092.0272799117197,0.6040063392561589,3463.5849724492573,0,0,2,,,108;111,0,0,2,0,0,0,0.0,0.0,0.1,0.0,0.0,0.0,0,2,0.1617185000795871,3,3,242,43,2,,method1_proportional_scores_gamma1,unrestricted_maximum_cardinality_then_maximum_testing_evalue_sum,200,0,0,exact_fixed_count_order_statistics,300.0,1,False
96,f672994200472bf253aafb154847e86f1570ff01149483a16b9373dd6805930e,proven_maximal,maximize_sum_testing_e_values_at_maximum_cardinality,proven_optimal,35685.55276452584,1.0566457113416603,33772.48625673655,0,0,5,,,55;89;152;156;186,0,0,5,0,0,0,0.0,0.0,0.25,0.0,0.0,0.0,0,5,0.4419293999671936,5,4,233,35,5,,method1_proportional_scores_gamma1,unrestricted_maximum_cardinality_then_maximum_testing_evalue_sum,200,0,6,exact_fixed_count_order_statistics,300.0,1,False
97,95519246f470db7b0092b566b386696a5e9b7ee7f95a8592e6ae41d629c2a317,proven_maximal,maximize_sum_testing_e_values_at_maximum_cardinality,proven_optimal,3690.397011055353,0.8659740060997377,4261.556334325253,0,0,3,,,103;167;174,0,0,3,0,0,0,0.0,0.0,0.15,0.0,0.0,0.0,0,3,0.21503690001554787,3,3,250,52,3,,method1_proportional_scores_gamma1,unrestricted_maximum_cardinality_then_maximum_testing_evalue_sum,200,0,5,exact_fixed_count_order_statistics,300.0,1,False
98,fd78a52cce365be272b6cfe103038af265359ec0971dfdf8f17a1d04871e4f15,proven_maximal,maximize_sum_testing_e_values_at_maximum_cardinality,proven_optimal,19835.25634899528,1.2918649972669618,15353.969951162288,0,0,10,,,4;19;21;34;140;143;183;184;192;193,0,0,10,0,0,0,0.0,0.0,0.5,0.0,0.0,0.0,0,10,0.3738626998383552,9,9,245,40,10,,method1_proportional_scores_gamma1,unrestricted_maximum_cardinality_then_maximum_testing_evalue_sum,200,0,3,exact_fixed_count_order_statistics,300.0,1,False
99,0ea484e35cb43e850c1f7989fe06ea7967ec349934e96e0cba2228673e44d490,proven_maximal,maximize_sum_testing_e_values_at_maximum_cardinality,proven_optimal,11088.78838640858,1.6424268103815323,6751.4657678004405,0,0,9,,,0;11;36;37;81;90;149;158;195,0,0,9,0,0,0,0.0,0.0,0.45,0.0,0.0,0.0,0,9,0.6044620000757277,8,7,248,41,9,,method1_proportional_scores_gamma1,unrestricted_maximum_cardinality_then_maximum_testing_evalue_sum,200,0,4,exact_fixed_count_order_statistics,300.0,1,False
100,72629d7620128aa0335b148d15337d4dc130151a676f49f4aa382decc82ff5ea,proven_maximal,maximize_sum_testing_e_values_at_maximum_cardinality,proven_optimal,149493.95040493956,1.0324914603162454,144789.52722684073,0,0,6,,,0;73;81;114;121;151,0,0,6,0,0,0,0.0,0.0,0.3,0.0,0.0,0.0,0,6,0.15716709988191724,3,3,234,38,6,,method1_proportional_scores_gamma1,unrestricted_maximum_cardinality_then_maximum_testing_evalue_sum,200,0,5,exact_fixed_count_order_statistics,300.0,1,False
101,bb0503e29de2d23852f258969790be8942ca38e2ec91673e12badee22a938ee4,proven_maximal,maximize_sum_testing_e_values_at_maximum_cardinality,proven_optimal,26840.033012954213,1.1406868028350738,23529.712929303416,0,0,6,,,2;4;45;99;132;194,0,0,6,0,0,0,0.0,0.0,0.3,0.0,0.0,0.0,0,6,0.217032500077039,3,3,243,46,6,,method1_proportional_scores_gamma1,unrestricted_maximum_cardinality_then_maximum_testing_evalue_sum,200,0,2,exact_fixed_count_order_statistics,300.0,1,False
102,635a0e966456a14abf9d11fa05e689e506cb9e5adc5fa253830a339aadb64245,proven_maximal,maximize_sum_testing_e_values_at_maximum_cardinality,proven_optimal,270304.4675409228,1.1420941535689038,236674.4166374152,0,0,10,,,26;28;44;49;57;109;122;157;158;197,0,0,10,0,0,0,0.0,0.0,0.5,0.0,0.0,0.0,0,10,0.5117484000511467,10,10,268,43,10,,method1_proportional_scores_gamma1,unrestricted_maximum_cardinality_then_maximum_testing_evalue_sum,200,0,7,exact_fixed_count_order_statistics,300.0,1,False
103,a8220e8bc9492d4c501e6c065ae5c1bc2097cbdc69a72c87e7bb71f5ffebdc18,proven_maximal,maximize_sum_testing_e_values_at_maximum_cardinality,proven_optimal,4128.287852124342,1.619182783918644,2549.6119975617084,0,0,7,,,25;26;28;30;51;97;172,0,0,7,0,0,0,0.0,0.0,0.35,0.0,0.0,0.0,0,7,0.6574488000478595,5,4,251,53,7,,method1_proportional_scores_gamma1,unrestricted_maximum_cardinality_then_maximum_testing_evalue_sum,200,0,0,exact_fixed_count_order_statistics,300.0,1,False
104,b102020e5fd25e19ac4c45fa88806083691b00d1710ea654ae64566f2d35f325,proven_maximal,maximize_sum_testing_e_values_at_maximum_cardinality,proven_optimal,44148.22002442343,1.2245840023505168,36051.60604718298,0,0,15,,,9;11;21;22;24;50;56;63;76;111;146;160;162;174;190,0,0,15,0,0,0,0.0,0.0,0.75,0.0,0.0,0.0,0,15,0.2951664999127388,6,6,255,48,15,,method1_proportional_scores_gamma1,unrestricted_maximum_cardinality_then_maximum_testing_evalue_sum,200,0,2,exact_fixed_count_order_statistics,300.0,1,False
105,dcc96c8d98c0042d4ccb2d60e7eff3a9b9aec940d8c202265ce2b38321d092e2,proven_maximal,maximize_sum_testing_e_values_at_maximum_cardinality,proven_optimal,135421.68440114864,1.165629864457178,116178.97630326512,0,0,13,,,43;51;95;97;102;125;126;156;161;163;174;182;187,0,0,13,0,0,0,0.0,0.0,0.65,0.0,0.0,0.0,0,13,0.25366519996896386,3,3,231,38,13,,method1_proportional_scores_gamma1,unrestricted_maximum_cardinality_then_maximum_testing_evalue_sum,200,0,6,exact_fixed_count_order_statistics,300.0,1,False
106,3ef0c81c48e08d295dbf164b61985926ba1433574e58ac446c4b0618f5d8c464,proven_maximal,maximize_sum_testing_e_values_at_maximum_cardinality,proven_optimal,46768.728223382255,1.0400204420898531,44969.04707892428,0,0,6,,,14;39;150;186;191;195,0,0,6,0,0,0,0.0,0.0,0.3,0.0,0.0,0.0,0,6,0.4938994999974966,6,5,245,45,6,,method1_proportional_scores_gamma1,unrestricted_maximum_cardinality_then_maximum_testing_evalue_sum,200,0,1,exact_fixed_count_order_statistics,300.0,1,False
107,f4656c2c4460af1982590d1a4e0fe9622d2c7f0acf64b93707791ccf222b17f8,proven_maximal,maximize_sum_testing_e_values_at_maximum_cardinality,proven_optimal,4130.790695015199,1.2391865542657965,3333.469590026858,0,0,3,,,21;94;111,0,0,3,0,0,0,0.0,0.0,0.15,0.0,0.0,0.0,0,3,0.191304299980402,3,3,244,45,3,,method1_proportional_scores_gamma1,unrestricted_maximum_cardinality_then_maximum_testing_evalue_sum,200,0,0,exact_fixed_count_order_statistics,300.0,1,False
108,266aa955c2f27369636e91941102db726c914cf589f83462c5ad46ed45ef6adb,proven_maximal,maximize_sum_testing_e_values_at_maximum_cardinality,proven_optimal,27094.261760217603,2.493577493659041,10865.618505587272,0,0,8,,,9;21;32;50;80;147;154;191,0,0,8,0,0,0,0.0,0.0,0.4,0.0,0.0,0.0,0,8,0.5608849998097867,8,7,250,49,8,,method1_proportional_scores_gamma1,unrestricted_maximum_cardinality_then_maximum_testing_evalue_sum,200,0,7,exact_fixed_count_order_statistics,300.0,1,False
109,661c5b8f5c846afc40d939f710e52eb35240c5b6c82382fc526c564d21658eed,proven_maximal,maximize_sum_testing_e_values_at_maximum_cardinality,proven_optimal,16234.389225360199,1.5547736522319946,10441.641586898846,0,0,6,,,15;33;92;99;114;134,0,0,6,0,0,0,0.0,0.0,0.3,0.0,0.0,0.0,0,6,0.5301932999864221,5,4,232,35,6,,method1_proportional_scores_gamma1,unrestricted_maximum_cardinality_then_maximum_testing_evalue_sum,200,0,7,exact_fixed_count_order_statistics,300.0,1,False
110,57d565fc754fb914cc5a0fbdd0a3f4555b282493f60e5bad46ce77068739bf9e,proven_maximal,maximize_sum_testing_e_values_at_maximum_cardinality,proven_optimal,24728.82290833266,1.6146436931751695,15315.343572614369,0,0,6,,,2;23;58;108;158;195,0,0,6,0,0,0,0.0,0.0,0.3,0.0,0.0,0.0,0,6,0.5232468000613153,5,4,248,51,6,,method1_proportional_scores_gamma1,unrestricted_maximum_cardinality_then_maximum_testing_evalue_sum,200,0,3,exact_fixed_count_order_statistics,300.0,1,False
111,f97b5ab3e4f5ffd7e1afd2fa1df2a6a13f898eb6a3ee2f9fc377b5b59abe7a3d,proven_maximal,maximize_sum_testing_e_values_at_maximum_cardinality,proven_optimal,46142.89151604639,1.31771824043977,35017.26704537902,0,0,8,,,8;16;137;146;149;169;177;189,0,0,8,0,0,0,0.0,0.0,0.4,0.0,0.0,0.0,0,8,0.4656012000050396,6,6,241,33,8,,method1_proportional_scores_gamma1,unrestricted_maximum_cardinality_then_maximum_testing_evalue_sum,200,0,3,exact_fixed_count_order_statistics,300.0,1,False
112,2252a63db336b7e9b1efd3865e9a33d34d85140cdeca812334616dab9288ff19,proven_maximal,maximize_sum_testing_e_values_at_maximum_cardinality,proven_optimal,250241.8722954436,1.2215866746932353,204849.8706473565,0,0,7,,,10;36;106;139;152;162;165,0,0,7,0,0,0,0.0,0.0,0.35,0.0,0.0,0.0,0,7,0.3417707998305559,4,4,241,45,7,,method1_proportional_scores_gamma1,unrestricted_maximum_cardinality_then_maximum_testing_evalue_sum,200,0,7,exact_fixed_count_order_statistics,300.0,1,False
113,da2cc16c2294447ef6ba0e5a77f6a17473cf65c5e487045fad67510821b67d9f,proven_maximal,maximize_sum_testing_e_values_at_maximum_cardinality,proven_optimal,57808.38636250446,2.483020719886234,23281.4756234306,0,0,13,,,4;16;17;21;31;37;42;106;109;120;125;154;170,0,0,13,0,0,0,0.0,0.0,0.65,0.0,0.0,0.0,0,13,0.25521129998378456,4,4,231,38,13,,method1_proportional_scores_gamma1,unrestricted_maximum_cardinality_then_maximum_testing_evalue_sum,200,0,7,exact_fixed_count_order_statistics,300.0,1,False
114,4240ba878ce2d662ae189e4d6ff2aa4020acac59e6d4b24a9079515e5111cef3,proven_maximal,maximize_sum_testing_e_values_at_maximum_cardinality,proven_optimal,78905.3000545888,1.0171282894981426,77576.54650773814,0,0,3,,,54;168;177,0,0,3,0,0,0,0.0,0.0,0.15,0.0,0.0,0.0,0,3,0.41681629978120327,4,4,255,54,3,,method1_proportional_scores_gamma1,unrestricted_maximum_cardinality_then_maximum_testing_evalue_sum,200,0,4,exact_fixed_count_order_statistics,300.0,1,False
115,a2bf57de05c048caf9ce5723ab653af743295401cc08ba86483ef608f4f8783e,proven_maximal,maximize_sum_testing_e_values_at_maximum_cardinality,proven_optimal,173116.78261043417,1.1057720160361166,156557.39166832002,0,0,12,,,20;21;35;49;78;110;111;115;122;160;178;194,0,0,12,0,0,0,0.0,0.0,0.6,0.0,0.0,0.0,0,12,0.21639010007493198,3,3,230,39,12,,method1_proportional_scores_gamma1,unrestricted_maximum_cardinality_then_maximum_testing_evalue_sum,200,0,6,exact_fixed_count_order_statistics,300.0,1,False
116,aa070f921f6104a44aa5da6c6ae30db80579e7ffa6f35a339034bdb0354ffd96,proven_maximal,maximize_sum_testing_e_values_at_maximum_cardinality,proven_optimal,24069.60014319061,1.4209416483063992,16939.189706965684,0,0,5,,,109;112;117;152;155,0,0,5,0,0,0,0.0,0.0,0.25,0.0,0.0,0.0,0,5,0.5340417001862079,5,4,234,38,5,,method1_proportional_scores_gamma1,unrestricted_maximum_cardinality_then_maximum_testing_evalue_sum,200,0,9,exact_fixed_count_order_statistics,300.0,1,False
117,6afc42db3ce15cb86e4db62f16c6d0b5d641dbbc84038484a147274054518038,proven_maximal,maximize_sum_testing_e_values_at_maximum_cardinality,proven_optimal,164136.95806730626,1.1421013983424764,143714.87357034767,0,0,8,,,10;100;102;110;134;151;167;189,0,0,8,0,0,0,0.0,0.0,0.4,0.0,0.0,0.0,0,8,0.4482424999587238,6,5,237,42,8,,method1_proportional_scores_gamma1,unrestricted_maximum_cardinality_then_maximum_testing_evalue_sum,200,0,3,exact_fixed_count_order_statistics,300.0,1,False
118,84d2f9613bb5af4cf53b58a8423496fee2f69dcd5938eeed87119b67b284b59c,proven_maximal,maximize_sum_testing_e_values_at_maximum_cardinality,proven_optimal,4918.649913540148,2.685257206523333,1831.7239412266367,0,0,8,,,1;8;50;105;165;180;193;198,0,0,8,0,0,0,0.0,0.0,0.4,0.0,0.0,0.0,0,8,0.5021048001945019,6,5,253,56,8,,method1_proportional_scores_gamma1,unrestricted_maximum_cardinality_then_maximum_testing_evalue_sum,200,0,0,exact_fixed_count_order_statistics,300.0,1,False
119,629eec2cda3c8a688c19b45cb9529d4debd38a6bfd46394a87ff117d274de43b,proven_maximal,maximize_sum_testing_e_values_at_maximum_cardinality,proven_optimal,10643.245010096343,1.4938548464372672,7124.684861772007,0,0,6,,,17;34;80;82;164;180,0,0,6,0,0,0,0.0,0.0,0.3,0.0,0.0,0.0,0,6,0.2116861001122743,3,3,242,47,6,,method1_proportional_scores_gamma1,unrestricted_maximum_cardinality_then_maximum_testing_evalue_sum,200,0,3,exact_fixed_count_order_statistics,300.0,1,False
120,5564c0bf44b7e39a1dc48416726109679df8d2665d379676ea6e14e5df29df57,proven_maximal,maximize_sum_testing_e_values_at_maximum_cardinality,proven_optimal,26023.671657940562,1.6369868485290067,15897.300385354583,0,0,13,,,23;53;62;80;84;117;118;159;167;171;180;191;194,0,0,13,0,0,0,0.0,0.0,0.65,0.0,0.0,0.0,0,13,0.23679820005781949,4,4,235,40,13,,method1_proportional_scores_gamma1,unrestricted_maximum_cardinality_then_maximum_testing_evalue_sum,200,0,4,exact_fixed_count_order_statistics,300.0,1,False
121,2e1d73219b52cfcc6b1733c68812137d7af12c164217dff6d2f04ac2d261c5a1,proven_maximal,maximize_sum_testing_e_values_at_maximum_cardinality,proven_optimal,28028.246654251318,1.1034982881797806,25399.44733442576,0,0,4,,,29;33;79;162,0,0,4,0,0,0,0.0,0.0,0.2,0.0,0.0,0.0,0,4,0.4645924000069499,5,4,237,39,4,,method1_proportional_scores_gamma1,unrestricted_maximum_cardinality_then_maximum_testing_evalue_sum,200,0,2,exact_fixed_count_order_statistics,300.0,1,False
122,707c175ef8288a0c22c75efde3075d7638bb3431505e02032f41d04a71fb1ff9,proven_maximal,maximize_sum_testing_e_values_at_maximum_cardinality,proven_optimal,3151.6635843305344,1.0731666799987796,2936.788518568354,0,0,12,,,2;35;46;47;55;94;116;164;172;178;181;192,0,0,12,0,0,0,0.0,0.0,0.6,0.0,0.0,0.0,0,12,0.316914499970153,5,5,236,39,12,,method1_proportional_scores_gamma1,unrestricted_maximum_cardinality_then_maximum_testing_evalue_sum,200,0,0,exact_fixed_count_order_statistics,300.0,1,False
123,45f6daad7cd9be22b27e49addfc2e93075f17b546a354e7e2698fcf2fd887cf5,proven_maximal,maximize_sum_testing_e_values_at_maximum_cardinality,proven_optimal,0.0,0.0,18776.12775885011,0,0,0,,,,0,0,0,0,0,0,0.0,0.0,0.0,0.0,0.0,0.0,0,0,0.1925375999417156,3,3,249,49,0,,method1_proportional_scores_gamma1,unrestricted_maximum_cardinality_then_maximum_testing_evalue_sum,200,0,8,exact_fixed_count_order_statistics,300.0,1,False
124,08da2e174c89002d7b156b1d197b1b91476ae130d58e2beb77ca7804a5251539,proven_maximal,maximize_sum_testing_e_values_at_maximum_cardinality,proven_optimal,0.0,0.0,10247.248744767348,0,0,0,,,,0,0,0,0,0,0,0.0,0.0,0.0,0.0,0.0,0.0,0,0,0.3548852000385523,4,3,236,36,0,,method1_proportional_scores_gamma1,unrestricted_maximum_cardinality_then_maximum_testing_evalue_sum,200,0,5,exact_fixed_count_order_statistics,300.0,1,False
125,0ef72b11f7191c43c996be71b9a47583d93893555355bc1e909104a1df329f2c,proven_maximal,maximize_sum_testing_e_values_at_maximum_cardinality,proven_optimal,14334.849908787479,1.0997432266077547,13034.724435634364,0,0,9,,,42;52;73;83;136;142;143;177;196,0,0,9,0,0,0,0.0,0.0,0.45,0.0,0.0,0.0,0,9,0.5062015999574214,8,7,242,33,9,,method1_proportional_scores_gamma1,unrestricted_maximum_cardinality_then_maximum_testing_evalue_sum,200,0,1,exact_fixed_count_order_statistics,300.0,1,False
126,88b95d095ee25c6c603123102c9dfc1594066ab046ecc0d4f7aab89e3d0c5926,proven_maximal,maximize_sum_testing_e_values_at_maximum_cardinality,proven_optimal,51756.91372011244,1.0195816667209991,50762.89169318236,0,0,3,,,46;71;81,0,0,3,0,0,0,0.0,0.0,0.15,0.0,0.0,0.0,0,3,0.49688140000216663,5,4,240,41,3,,method1_proportional_scores_gamma1,unrestricted_maximum_cardinality_then_maximum_testing_evalue_sum,200,0,6,exact_fixed_count_order_statistics,300.0,1,False
127,6bf9584809688a9606c2c400e4b00b46c04a8ce688e772bceae6126a2ced2d99,proven_maximal,maximize_sum_testing_e_values_at_maximum_cardinality,proven_optimal,685141.1245887065,1.0497944024067039,652643.1489994496,0,0,11,,,48;75;80;94;116;119;147;158;160;186;193,0,0,11,0,0,0,0.0,0.0,0.55,0.0,0.0,0.0,0,11,0.2601416001562029,4,4,244,51,11,,method1_proportional_scores_gamma1,unrestricted_maximum_cardinality_then_maximum_testing_evalue_sum,200,0,9,exact_fixed_count_order_statistics,300.0,1,False
128,378ea94fa8fb39253df8f69947fc3fcb632ba66b87b4bcefa3000333f342b2d9,proven_maximal,maximize_sum_testing_e_values_at_maximum_cardinality,proven_optimal,0.0,0.0,2159.682900898169,0,0,0,,,,0,0,0,0,0,0,0.0,0.0,0.0,0.0,0.0,0.0,0,0,0.21647100010886788,3,3,242,42,0,,method1_proportional_scores_gamma1,unrestricted_maximum_cardinality_then_maximum_testing_evalue_sum,200,0,0,exact_fixed_count_order_statistics,300.0,1,False
129,1a5a91ccc3519a579c53c31d3a63d26bcd0d9f8d410fff0457567fe7c5de4103,proven_maximal,maximize_sum_testing_e_values_at_maximum_cardinality,proven_optimal,13960.894808396444,2.051331862687163,6805.770954148896,0,0,4,,,69;101;115;143,0,0,4,0,0,0,0.0,0.0,0.2,0.0,0.0,0.0,0,4,0.6639195999596268,7,5,250,46,4,,method1_proportional_scores_gamma1,unrestricted_maximum_cardinality_then_maximum_testing_evalue_sum,200,0,4,exact_fixed_count_order_statistics,300.0,1,False
130,4720599e633c6f85a7aa848c26cf8cb48e9a0ecd082adaf3d2ddd438b344914e,proven_maximal,maximize_sum_testing_e_values_at_maximum_cardinality,proven_optimal,0.0,0.0,33241.947368474124,0,0,0,,,,0,0,0,0,0,0,0.0,0.0,0.0,0.0,0.0,0.0,0,0,0.32761609996668994,4,3,246,46,0,,method1_proportional_scores_gamma1,unrestricted_maximum_cardinality_then_maximum_testing_evalue_sum,200,0,6,exact_fixed_count_order_statistics,300.0,1,False
131,009892814f163bfe86d44a593d4ef8ccb22a26b210a81d02e888502ebf5562af,proven_maximal,maximize_sum_testing_e_values_at_maximum_cardinality,proven_optimal,2200.6121773923637,1.5109762734654575,1456.4174276179804,0,0,7,,,30;56;64;90;118;182;196,0,0,7,0,0,0,0.0,0.0,0.35,0.0,0.0,0.0,0,7,0.8821451000403613,9,6,259,40,7,,method1_proportional_scores_gamma1,unrestricted_maximum_cardinality_then_maximum_testing_evalue_sum,200,0,0,exact_fixed_count_order_statistics,300.0,1,False
132,97a1309d6dab52ca6a42a9dbdbc1e86615361d566fe6c43b023acc628e677f86,proven_maximal,maximize_sum_testing_e_values_at_maximum_cardinality,proven_optimal,0.0,0.0,29627.31774156117,0,0,0,,,,0,0,0,0,0,0,0.0,0.0,0.0,0.0,0.0,0.0,0,0,0.22212849999777973,3,3,242,42,0,,method1_proportional_scores_gamma1,unrestricted_maximum_cardinality_then_maximum_testing_evalue_sum,200,0,1,exact_fixed_count_order_statistics,300.0,1,False
133,d170c1a3fa00474c3957cdac6645fafcf2316412abb0fc5c71516c20d0aa3fc4,proven_maximal,maximize_sum_testing_e_values_at_maximum_cardinality,proven_optimal,96218.59696399787,1.3025980137623534,73866.68484629829,0,0,9,,,17;83;112;113;132;134;137;171;174,0,0,9,0,0,0,0.0,0.0,0.45,0.0,0.0,0.0,0,9,0.530730800004676,5,4,232,39,9,,method1_proportional_scores_gamma1,unrestricted_maximum_cardinality_then_maximum_testing_evalue_sum,200,0,9,exact_fixed_count_order_statistics,300.0,1,False
134,1b4c2709b237434449f5ae611ee2fc5721de771f8c505e6aa15cc25db696303c,proven_maximal,maximize_sum_testing_e_values_at_maximum_cardinality,proven_optimal,6500.399997305375,0.9735556528997911,6676.968058213789,0,0,3,,,22;87;101,0,0,3,0,0,0,0.0,0.0,0.15,0.0,0.0,0.0,0,3,0.5152497000526637,6,5,244,43,3,,method1_proportional_scores_gamma1,unrestricted_maximum_cardinality_then_maximum_testing_evalue_sum,200,0,3,exact_fixed_count_order_statistics,300.0,1,False
135,ea874ad42f09fb79b51540e16fc0d5fdebf7e4ab965a16028e682621ff9cb0cb,proven_maximal,maximize_sum_testing_e_values_at_maximum_cardinality,proven_optimal,5848.91670298904,2.1835570072601502,2678.6187324360503,0,0,6,,,5;12;49;66;94;108,0,0,6,0,0,0,0.0,0.0,0.3,0.0,0.0,0.0,0,6,0.1673364001326263,3,3,236,39,6,,method1_proportional_scores_gamma1,unrestricted_maximum_cardinality_then_maximum_testing_evalue_sum,200,0,0,exact_fixed_count_order_statistics,300.0,1,False
136,50ca619786f0d127dbd13d3400643ab0033aac81690ee67a51e3d988aedb7e4f,proven_maximal,maximize_sum_testing_e_values_at_maximum_cardinality,proven_optimal,13215.98251518791,1.5666556951253539,8435.792597128657,0,0,4,,,66;94;100;148,0,0,4,0,0,0,0.0,0.0,0.2,0.0,0.0,0.0,0,4,0.4709412001539022,4,4,251,52,4,,method1_proportional_scores_gamma1,unrestricted_maximum_cardinality_then_maximum_testing_evalue_sum,200,0,2,exact_fixed_count_order_statistics,300.0,1,False
137,caccfedc0afc901dc58755790bafcac9b74acf7eb02bedb07eadd4589d4a08c2,proven_maximal,maximize_sum_testing_e_values_at_maximum_cardinality,proven_optimal,19984.663946050427,1.4356834071280662,13919.965813373608,0,0,5,,,55;109;173;191;199,0,0,5,0,0,0,0.0,0.0,0.25,0.0,0.0,0.0,0,5,0.6640953999012709,6,4,245,47,5,,method1_proportional_scores_gamma1,unrestricted_maximum_cardinality_then_maximum_testing_evalue_sum,200,0,6,exact_fixed_count_order_statistics,300.0,1,False
138,fb26163ff245212f3e8e919e92f32d7c41b238d434a83f0b356948d179b53a2e,proven_maximal,maximize_sum_testing_e_values_at_maximum_cardinality,proven_optimal,185.73523809211164,0.004664134728481741,39822.01392209178,0,0,1,,,177,0,0,1,0,0,0,0.0,0.0,0.05,0.0,0.0,0.0,0,1,0.17837100010365248,3,3,239,40,1,,method1_proportional_scores_gamma1,unrestricted_maximum_cardinality_then_maximum_testing_evalue_sum,200,0,3,exact_fixed_count_order_statistics,300.0,1,False
139,13b654019148bb44f8d4e2bf45d7a9f4566b372ab6072b4add0d1b288b8a00e2,proven_maximal,maximize_sum_testing_e_values_at_maximum_cardinality,proven_optimal,0.0,0.0,684.4266699709526,0,0,0,,,,0,0,0,0,0,0,0.0,0.0,0.0,0.0,0.0,0.0,0,0,0.1801273999735713,3,3,241,41,0,,method1_proportional_scores_gamma1,unrestricted_maximum_cardinality_then_maximum_testing_evalue_sum,200,0,0,exact_fixed_count_order_statistics,300.0,1,False
140,1e01f6cfc098687c8798d8d6f99a7c15a4bfc09acf2b378a9d4e2007c37861d2,proven_maximal,maximize_sum_testing_e_values_at_maximum_cardinality,proven_optimal,3650.3541783308447,0.577323277024105,6322.894509203084,0,0,8,,,46;49;65;103;122;164;168;189,0,0,8,0,0,0,0.0,0.0,0.4,0.0,0.0,0.0,0,8,0.23713110014796257,3,3,238,45,8,,method1_proportional_scores_gamma1,unrestricted_maximum_cardinality_then_maximum_testing_evalue_sum,200,0,1,exact_fixed_count_order_statistics,300.0,1,False
141,d7a812d5a5468202263385897173c6d6e0a2fa8333838dcfab6bbc50666979c8,proven_maximal,maximize_sum_testing_e_values_at_maximum_cardinality,proven_optimal,13624.576843148718,2.9250196084303663,4657.943763481293,0,0,12,,,3;19;47;61;63;79;133;145;151;161;188;190,0,0,12,0,0,0,0.0,0.0,0.6,0.0,0.0,0.0,0,12,0.21138800005428493,3,3,239,47,12,,method1_proportional_scores_gamma1,unrestricted_maximum_cardinality_then_maximum_testing_evalue_sum,200,0,3,exact_fixed_count_order_statistics,300.0,1,False
142,e1535e6677001d35d3a35522d675d6bc3ad7d499582f3fcd0a88e5e228e28e1a,proven_maximal,maximize_sum_testing_e_values_at_maximum_cardinality,proven_optimal,5715.88631635667,1.7096927797992651,3343.22422361038,0,0,4,,,23;65;168;187,0,0,4,0,0,0,0.0,0.0,0.2,0.0,0.0,0.0,0,4,0.6893124000634998,8,5,252,48,4,,method1_proportional_scores_gamma1,unrestricted_maximum_cardinality_then_maximum_testing_evalue_sum,200,0,6,exact_fixed_count_order_statistics,300.0,1,False
143,17636c265b7e38097eaf919f75914d2662a1bf942c53f40410e18e5f485d4e78,proven_maximal,maximize_sum_testing_e_values_at_maximum_cardinality,proven_optimal,124068.43866605902,1.1508457999801749,107806.30964478152,0,0,3,,,105;141;143,0,0,3,0,0,0,0.0,0.0,0.15,0.0,0.0,0.0,0,3,0.2250564000569284,3,3,235,38,3,,method1_proportional_scores_gamma1,unrestricted_maximum_cardinality_then_maximum_testing_evalue_sum,200,0,2,exact_fixed_count_order_statistics,300.0,1,False
144,3454ae52f4768e7904a16a7cfec2c1c18a0358b3126065aae06caa95860471ff,proven_maximal,maximize_sum_testing_e_values_at_maximum_cardinality,proven_optimal,0.0,0.0,1820.020042276302,0,0,0,,,,0,0,0,0,0,0,0.0,0.0,0.0,0.0,0.0,0.0,0,0,0.15891659981571138,3,3,239,39,0,,method1_proportional_scores_gamma1,unrestricted_maximum_cardinality_then_maximum_testing_evalue_sum,200,0,0,exact_fixed_count_order_statistics,300.0,1,False
145,4313b57822fea1e826c6a902b1d0f18d2eee86fca803202fd1420bd46be18a8e,proven_maximal,maximize_sum_testing_e_values_at_maximum_cardinality,proven_optimal,349.44143145342144,0.4365648435161734,800.4342004247433,0,0,1,,,4,0,0,1,0,0,0,0.0,0.0,0.05,0.0,0.0,0.0,0,1,0.23095049988478422,3,3,240,41,1,,method1_proportional_scores_gamma1,unrestricted_maximum_cardinality_then_maximum_testing_evalue_sum,200,0,0,exact_fixed_count_order_statistics,300.0,1,False
146,c3477b1354a70a523b3d50190ac4968d8e62e4102583bbd2ffd958c778575836,proven_maximal,maximize_sum_testing_e_values_at_maximum_cardinality,proven_optimal,407222.88620105817,1.2694224844461468,320793.8185991174,0,0,7,,,43;46;70;121;125;130;197,0,0,7,0,0,0,0.0,0.0,0.35,0.0,0.0,0.0,0,7,0.1826903000473976,3,3,238,44,7,,method1_proportional_scores_gamma1,unrestricted_maximum_cardinality_then_maximum_testing_evalue_sum,200,0,4,exact_fixed_count_order_statistics,300.0,1,False
147,ea94d7ea3a7f8785b9b2615d31c353a67a3fd070f06954e92b948eb8fd583a19,proven_maximal,maximize_sum_testing_e_values_at_maximum_cardinality,proven_optimal,1974.3566364614708,1.1838454058104133,1667.748699932577,0,0,5,,,24;107;146;187;188,0,0,5,0,0,0,0.0,0.0,0.25,0.0,0.0,0.0,0,5,0.40592769999057055,7,6,243,41,5,,method1_proportional_scores_gamma1,unrestricted_maximum_cardinality_then_maximum_testing_evalue_sum,200,0,0,exact_fixed_count_order_statistics,300.0,1,False
148,1baff43f49a94abbabad0a7914283330e4e520f56dda7bd73d46e389b555e01c,proven_maximal,maximize_sum_testing_e_values_at_maximum_cardinality,proven_optimal,134696.2132526809,1.0026026066137417,134346.56200188134,0,0,3,,,137;151;166,0,0,3,0,0,0,0.0,0.0,0.15,0.0,0.0,0.0,0,3,0.5676123001612723,5,4,240,40,3,,method1_proportional_scores_gamma1,unrestricted_maximum_cardinality_then_maximum_testing_evalue_sum,200,0,2,exact_fixed_count_order_statistics,300.0,1,False
149,ce8c6ff4d3e83bcc83984c0b640fb3c333133dc8137058c6486bcf9358b2dfd2,proven_maximal,maximize_sum_testing_e_values_at_maximum_cardinality,proven_optimal,17271.91860811809,1.2232288869333625,14119.94009675395,0,0,4,,,12;42;104;170,0,0,4,0,0,0,0.0,0.0,0.2,0.0,0.0,0.0,0,4,0.22677820012904704,3,3,234,37,4,,method1_proportional_scores_gamma1,unrestricted_maximum_cardinality_then_maximum_testing_evalue_sum,200,0,2,exact_fixed_count_order_statistics,300.0,1,False
150,8ad97780b1740e696451321047b93adc3ddafe34e59f07a9f1e45d1d2b579526,proven_maximal,maximize_sum_testing_e_values_at_maximum_cardinality,proven_optimal,19142.57116201503,1.1833912869828753,16176.028480672798,0,0,2,,,12;170,0,0,2,0,0,0,0.0,0.0,0.1,0.0,0.0,0.0,0,2,0.4373638001270592,5,4,244,45,2,,method1_proportional_scores_gamma1,unrestricted_maximum_cardinality_then_maximum_testing_evalue_sum,200,0,6,exact_fixed_count_order_statistics,300.0,1,False
151,81adbb0776487066d1f8725fd68d368d833eb7b028a343ac37c4f61111e7cd5e,proven_maximal,maximize_sum_testing_e_values_at_maximum_cardinality,proven_optimal,2107.4148015611922,1.874906890005308,1124.0103776861292,0,0,4,,,96;119;133;173,0,0,4,0,0,0,0.0,0.0,0.2,0.0,0.0,0.0,0,4,0.7974033998325467,10,7,243,35,4,,method1_proportional_scores_gamma1,unrestricted_maximum_cardinality_then_maximum_testing_evalue_sum,200,0,0,exact_fixed_count_order_statistics,300.0,1,False
152,a20f490e82ad36a43be9f275384323a654466506b8d4a7afd9c0befbd21cc974,proven_maximal,maximize_sum_testing_e_values_at_maximum_cardinality,proven_optimal,0.0,0.0,1583.3495934832729,0,0,0,,,,0,0,0,0,0,0,0.0,0.0,0.0,0.0,0.0,0.0,0,0,0.18558910000137985,3,3,243,43,0,,method1_proportional_scores_gamma1,unrestricted_maximum_cardinality_then_maximum_testing_evalue_sum,200,0,0,exact_fixed_count_order_statistics,300.0,1,False
153,44019782e3c701120bb8e49d2b0c55194cb431bf50a1a36e26b92db6c689af4c,proven_maximal,maximize_sum_testing_e_values_at_maximum_cardinality,proven_optimal,12119.541902639,2.2060696505751483,5493.725866488075,0,0,5,,,11;104;144;163;187,0,0,5,0,0,0,0.0,0.0,0.25,0.0,0.0,0.0,0,5,0.48238479997962713,5,4,233,36,5,,method1_proportional_scores_gamma1,unrestricted_maximum_cardinality_then_maximum_testing_evalue_sum,200,0,4,exact_fixed_count_order_statistics,300.0,1,False
154,7bb7b67754a3151eb8c4af685d3e462c0dbf0e5237128e9d9ce1627f52407244,proven_maximal,maximize_sum_testing_e_values_at_maximum_cardinality,proven_optimal,43767.605285641555,1.500146060767428,29175.562587053297,0,0,7,,,0;21;43;44;78;137;172,0,0,7,0,0,0,0.0,0.0,0.35,0.0,0.0,0.0,0,7,0.4488919998984784,9,9,251,35,7,,method1_proportional_scores_gamma1,unrestricted_maximum_cardinality_then_maximum_testing_evalue_sum,200,0,3,exact_fixed_count_order_statistics,300.0,1,False
155,23e8401bd98529dcec39c1f3cae8a321d655ec37ac21665736514660455408d5,proven_maximal,maximize_sum_testing_e_values_at_maximum_cardinality,proven_optimal,102296.87503709644,1.2208395499071067,83792.23547015672,0,0,5,,,121;126;138;149;165,0,0,5,0,0,0,0.0,0.0,0.25,0.0,0.0,0.0,0,5,0.6562090998049825,6,4,242,45,5,,method1_proportional_scores_gamma1,unrestricted_maximum_cardinality_then_maximum_testing_evalue_sum,200,0,6,exact_fixed_count_order_statistics,300.0,1,False
156,f47814158ecbe4cf3522602a7213ed22a572a07c5505740f6672e2cd99939243,proven_maximal,maximize_sum_testing_e_values_at_maximum_cardinality,proven_optimal,45445.40573120619,1.1258098105359884,40366.858865415306,0,0,6,,,28;31;70;148;173;185,0,0,6,0,0,0,0.0,0.0,0.3,0.0,0.0,0.0,0,6,0.20876990002579987,3,3,235,39,6,,method1_proportional_scores_gamma1,unrestricted_maximum_cardinality_then_maximum_testing_evalue_sum,200,0,5,exact_fixed_count_order_statistics,300.0,1,False
157,565842243e08da07b5cb75997321494fc20521eb1263d08a4202177f0b7a5d37,proven_maximal,maximize_sum_testing_e_values_at_maximum_cardinality,proven_optimal,865.7952025514096,0.09491253014350864,9122.03268885909,0,0,2,,,38;159,0,0,2,0,0,0,0.0,0.0,0.1,0.0,0.0,0.0,0,2,0.19881929992698133,3,3,236,38,2,,method1_proportional_scores_gamma1,unrestricted_maximum_cardinality_then_maximum_testing_evalue_sum,200,0,1,exact_fixed_count_order_statistics,300.0,1,False
158,87bcaa39da176e9538c1aed88d6a04cbcbb1d07697cabc6a065cc4cb0e1265cf,proven_maximal,maximize_sum_testing_e_values_at_maximum_cardinality,proven_optimal,0.0,0.0,1834.1279359760877,0,0,0,,,,0,0,0,0,0,0,0.0,0.0,0.0,0.0,0.0,0.0,0,0,0.16557069984264672,3,3,234,34,0,,method1_proportional_scores_gamma1,unrestricted_maximum_cardinality_then_maximum_testing_evalue_sum,200,0,0,exact_fixed_count_order_statistics,300.0,1,False
159,3322c5bc4b8f234833af92b0e296d07079ed82e7037844030fbf4fd41cea68f2,proven_maximal,maximize_sum_testing_e_values_at_maximum_cardinality,proven_optimal,90759.2457303743,1.0766661332599095,84296.55482482315,0,0,10,,,0;18;50;106;113;142;144;148;173;189,0,0,10,0,0,0,0.0,0.0,0.5,0.0,0.0,0.0,0,10,0.20014490000903606,3,3,230,36,10,,method1_proportional_scores_gamma1,unrestricted_maximum_cardinality_then_maximum_testing_evalue_sum,200,0,2,exact_fixed_count_order_statistics,300.0,1,False
160,edecd165b9ff20e06952ef949c0ca337ded96a837df7fb0c934f87307866d338,proven_maximal,maximize_sum_testing_e_values_at_maximum_cardinality,proven_optimal,9880.592879345731,1.2604672938066173,7838.8332072514895,0,0,4,,,11;43;160;192,0,0,4,0,0,0,0.0,0.0,0.2,0.0,0.0,0.0,0,4,0.40389530011452734,8,7,232,29,4,,method1_proportional_scores_gamma1,unrestricted_maximum_cardinality_then_maximum_testing_evalue_sum,200,0,3,exact_fixed_count_order_statistics,300.0,1,False
161,000df98ec106be199701a6d0409ca692131d088c29540580f6677cdda2bfb565,proven_maximal,maximize_sum_testing_e_values_at_maximum_cardinality,proven_optimal,58463.93467678218,1.545811306465415,37820.87401758192,0,0,13,,,5;6;23;28;39;43;45;56;74;106;130;157;174,0,0,13,0,0,0,0.0,0.0,0.65,0.0,0.0,0.0,0,13,0.486074399901554,12,12,250,42,13,,method1_proportional_scores_gamma1,unrestricted_maximum_cardinality_then_maximum_testing_evalue_sum,200,0,3,exact_fixed_count_order_statistics,300.0,1,False
162,86bf7a02bc2694b8b9622879e475849e83b61c645ce72d3fd29fb91a81c5f777,proven_maximal,maximize_sum_testing_e_values_at_maximum_cardinality,proven_optimal,6295.740855177626,1.4700034930284638,4282.806731436604,0,0,9,,,11;58;72;81;87;116;143;166;197,0,0,9,0,0,0,0.0,0.0,0.45,0.0,0.0,0.0,0,9,0.23249169997870922,3,3,243,45,9,,method1_proportional_scores_gamma1,unrestricted_maximum_cardinality_then_maximum_testing_evalue_sum,200,0,1,exact_fixed_count_order_statistics,300.0,1,False
163,78c4b52d9485fbe917296ebfb2aa0a53625b433d2110388eb0dfc9900b0c85a0,proven_maximal,maximize_sum_testing_e_values_at_maximum_cardinality,proven_optimal,19229.28015037652,1.9615583273281323,9803.06314753791,0,0,6,,,7;43;52;84;106;163,0,0,6,0,0,0,0.0,0.0,0.3,0.0,0.0,0.0,0,6,0.5691414000466466,9,8,246,44,6,,method1_proportional_scores_gamma1,unrestricted_maximum_cardinality_then_maximum_testing_evalue_sum,200,0,6,exact_fixed_count_order_statistics,300.0,1,False
164,27411b83a05ac825bfc4f1623cdf287ad5b4ff1b65418e9e1c9075f8ab162d28,proven_maximal,maximize_sum_testing_e_values_at_maximum_cardinality,proven_optimal,58231.93501253463,1.1363716899446272,51243.73963889592,0,0,10,,,0;20;21;22;120;135;144;157;181;198,0,0,10,0,0,0,0.0,0.0,0.5,0.0,0.0,0.0,0,10,0.32773070014081895,6,6,237,40,10,,method1_proportional_scores_gamma1,unrestricted_maximum_cardinality_then_maximum_testing_evalue_sum,200,0,4,exact_fixed_count_order_statistics,300.0,1,False
165,60902972e238074b16c5f0011ffa13bfe863df752cc40c31df08836d16319e2e,proven_maximal,maximize_sum_testing_e_values_at_maximum_cardinality,proven_optimal,44530.89982701078,1.1452263769707272,38883.92786132014,0,0,9,,,5;26;33;40;77;85;87;106;128,0,0,9,0,0,0,0.0,0.0,0.45,0.0,0.0,0.0,0,9,0.5577398999594152,7,6,249,41,9,,method1_proportional_scores_gamma1,unrestricted_maximum_cardinality_then_maximum_testing_evalue_sum,200,0,10,exact_fixed_count_order_statistics,300.0,1,False
166,2b89c679f891f3719073d5acc5e98b09d38803789d649c7a5999b900afdce9a1,proven_maximal,maximize_sum_testing_e_values_at_maximum_cardinality,proven_optimal,11050.997782235228,1.5085078557902494,7325.78073081763,0,0,10,,,42;55;89;95;103;113;149;180;184;191,0,0,10,0,0,0,0.0,0.0,0.5,0.0,0.0,0.0,0,10,0.4133583998773247,10,10,239,38,10,,method1_proportional_scores_gamma1,unrestricted_maximum_cardinality_then_maximum_testing_evalue_sum,200,0,1,exact_fixed_count_order_statistics,300.0,1,False
167,89cabb9130580b018488e39a8e5a2f04d50f2eb60cf5716f9d4388f92e95316f,proven_maximal,maximize_sum_testing_e_values_at_maximum_cardinality,proven_optimal,12424.693401644075,2.358686359011953,5267.632703336082,0,0,10,,,2;42;45;48;68;70;112;125;176;189,0,0,10,0,0,0,0.0,0.0,0.5,0.0,0.0,0.0,0,10,0.3463121000677347,7,7,258,48,10,,method1_proportional_scores_gamma1,unrestricted_maximum_cardinality_then_maximum_testing_evalue_sum,200,0,4,exact_fixed_count_order_statistics,300.0,1,False
168,4e97d8006e2ccc034621dc9ff319d1bcb622d67ae9b289423067f1541007be9a,proven_maximal,maximize_sum_testing_e_values_at_maximum_cardinality,proven_optimal,23377.018136635954,1.2713483920113626,18387.57832512917,0,0,4,,,149;167;174;191,0,0,4,0,0,0,0.0,0.0,0.2,0.0,0.0,0.0,0,4,0.6629287998657674,7,5,234,35,4,,method1_proportional_scores_gamma1,unrestricted_maximum_cardinality_then_maximum_testing_evalue_sum,200,0,2,exact_fixed_count_order_statistics,300.0,1,False
169,2e5bca97b0ed94ddc2bd35536e53f90bfca273ec40242b378a980616442cc687,proven_maximal,maximize_sum_testing_e_values_at_maximum_cardinality,proven_optimal,282.1617518975832,0.017998718937896167,15676.76860065267,0,0,1,,,88,0,0,1,0,0,0,0.0,0.0,0.05,0.0,0.0,0.0,0,1,0.4985535000450909,5,4,242,42,1,,method1_proportional_scores_gamma1,unrestricted_maximum_cardinality_then_maximum_testing_evalue_sum,200,0,3,exact_fixed_count_order_statistics,300.0,1,False
170,4c089d753618f926bb0daf187410f58a979b705f5b766ec6bbc2c65c8bc61364,proven_maximal,maximize_sum_testing_e_values_at_maximum_cardinality,proven_optimal,36391.93754400938,2.097927271667368,17346.615412023406,0,0,11,,,41;78;95;103;109;136;151;157;158;162;189,0,0,11,0,0,0,0.0,0.0,0.55,0.0,0.0,0.0,0,11,0.20358980004675686,3,3,233,41,11,,method1_proportional_scores_gamma1,unrestricted_maximum_cardinality_then_maximum_testing_evalue_sum,200,0,3,exact_fixed_count_order_statistics,300.0,1,False
171,dbde0557ecc419e4277532d15051a82940f167cb53ca910ee3322e596844d34c,proven_maximal,maximize_sum_testing_e_values_at_maximum_cardinality,proven_optimal,1848.9591224779583,0.29314156094088145,6307.393317220011,0,0,1,,,34,0,0,1,0,0,0,0.0,0.0,0.05,0.0,0.0,0.0,0,1,0.14369169995188713,3,3,233,34,1,,method1_proportional_scores_gamma1,unrestricted_maximum_cardinality_then_maximum_testing_evalue_sum,200,0,1,exact_fixed_count_order_statistics,300.0,1,False
172,cb6a1a110f63f16d6528fe5f9f07dfcad09a8dc5f4554074c6ee6a929033fd6b,proven_maximal,maximize_sum_testing_e_values_at_maximum_cardinality,proven_optimal,2199.097101725413,0.7917102876181532,2777.653816197537,0,0,2,,,16;72,0,0,2,0,0,0,0.0,0.0,0.1,0.0,0.0,0.0,0,2,0.534622399834916,5,4,241,41,2,,method1_proportional_scores_gamma1,unrestricted_maximum_cardinality_then_maximum_testing_evalue_sum,200,0,3,exact_fixed_count_order_statistics,300.0,1,False
173,f22179bc8768341a1337ebc662ed571437b90c857fe2654a337c885112d67642,proven_maximal,maximize_sum_testing_e_values_at_maximum_cardinality,proven_optimal,2714.2955593284055,1.0795743240158304,2514.227597810676,0,0,4,,,22;50;128;137,0,0,4,0,0,0,0.0,0.0,0.2,0.0,0.0,0.0,0,4,0.5478874000255018,5,4,238,40,4,,method1_proportional_scores_gamma1,unrestricted_maximum_cardinality_then_maximum_testing_evalue_sum,200,0,0,exact_fixed_count_order_statistics,300.0,1,False
174,bc1b9306017a513ee53cc57457d7938d339837f7fc4fa9498742d553394bcaca,proven_maximal,maximize_sum_testing_e_values_at_maximum_cardinality,proven_optimal,9253.671266601474,0.9637868272780402,9601.367236711472,0,0,7,,,10;70;115;123;126;148;161,0,0,7,0,0,0,0.0,0.0,0.35,0.0,0.0,0.0,0,7,0.4766942001879215,5,4,237,39,7,,method1_proportional_scores_gamma1,unrestricted_maximum_cardinality_then_maximum_testing_evalue_sum,200,0,5,exact_fixed_count_order_statistics,300.0,1,False
175,4bce17a9bfdd004302b1d26ee80820f31adb1f8d599d9cced2f1f08c59da90f0,proven_maximal,maximize_sum_testing_e_values_at_maximum_cardinality,proven_optimal,7373.79053965375,1.0515833235947416,7012.083944472532,0,0,3,,,11;58;81,0,0,3,0,0,0,0.0,0.0,0.15,0.0,0.0,0.0,0,3,0.7060813999269158,7,5,243,42,3,,method1_proportional_scores_gamma1,unrestricted_maximum_cardinality_then_maximum_testing_evalue_sum,200,0,5,exact_fixed_count_order_statistics,300.0,1,False
176,e38de3871d20e68333489a66f7a0aaf3d43e934a559d3328b24214fed5bc5304,proven_maximal,maximize_sum_testing_e_values_at_maximum_cardinality,proven_optimal,46686.729747575715,1.4084859911423808,33146.747671739,0,0,8,,,10;24;30;70;78;110;155;191,0,0,8,0,0,0,0.0,0.0,0.4,0.0,0.0,0.0,0,8,0.16727000009268522,3,3,242,44,8,,method1_proportional_scores_gamma1,unrestricted_maximum_cardinality_then_maximum_testing_evalue_sum,200,0,3,exact_fixed_count_order_statistics,300.0,1,False
177,844c8812614958cd9a4307a2d26ba13826175f51da967672a72ce9957ea99e7f,proven_maximal,maximize_sum_testing_e_values_at_maximum_cardinality,proven_optimal,6052.153636073552,2.0143266244961677,3004.5542577224005,0,0,8,,,15;63;65;75;104;112;114;192,0,0,8,0,0,0,0.0,0.0,0.4,0.0,0.0,0.0,0,8,0.22092929994687438,3,3,237,43,8,,method1_proportional_scores_gamma1,unrestricted_maximum_cardinality_then_maximum_testing_evalue_sum,200,0,0,exact_fixed_count_order_statistics,300.0,1,False
178,9914ca83345099cb6b0bb82c85673fcedda45834ef91cf6a432bfcbdc1955178,proven_maximal,maximize_sum_testing_e_values_at_maximum_cardinality,proven_optimal,1460.61548161474,0.899097334709669,1624.5354370741106,0,0,1,,,103,0,0,1,0,0,0,0.0,0.0,0.05,0.0,0.0,0.0,0,1,0.22622980014421046,3,3,233,34,1,,method1_proportional_scores_gamma1,unrestricted_maximum_cardinality_then_maximum_testing_evalue_sum,200,0,0,exact_fixed_count_order_statistics,300.0,1,False
179,b5c4e782e58eda1eb84dee51d083072472383b2e98cdaedf66ec833ff819f59f,proven_maximal,maximize_sum_testing_e_values_at_maximum_cardinality,proven_optimal,52860.42859166193,2.0356123763576095,25967.82629424119,0,0,10,,,30;47;53;61;67;69;71;81;147;185,0,0,10,0,0,0,0.0,0.0,0.5,0.0,0.0,0.0,0,10,0.19029670022428036,4,4,243,45,10,,method1_proportional_scores_gamma1,unrestricted_maximum_cardinality_then_maximum_testing_evalue_sum,200,0,6,exact_fixed_count_order_statistics,300.0,1,False
180,75e6f270a6fe1083aacfc79e6edacab32e7ea41bbe44e5d74792ef9b3700dcd2,proven_maximal,maximize_sum_testing_e_values_at_maximum_cardinality,proven_optimal,828.1687239741083,0.13901794231648607,5957.279399868488,0,0,1,,,37,0,0,1,0,0,0,0.0,0.0,0.05,0.0,0.0,0.0,0,1,0.8217261999379843,8,5,241,38,1,,method1_proportional_scores_gamma1,unrestricted_maximum_cardinality_then_maximum_testing_evalue_sum,200,0,5,exact_fixed_count_order_statistics,300.0,1,False
181,9f717a39230f275d78066ac93a623062b36231a0a938c0518eb7b3d75bac9f81,proven_maximal,maximize_sum_testing_e_values_at_maximum_cardinality,proven_optimal,17261.423066164512,1.7239372362030587,10012.790897296523,0,0,4,,,111;124;130;137,0,0,4,0,0,0,0.0,0.0,0.2,0.0,0.0,0.0,0,4,0.456801800057292,5,4,241,43,4,,method1_proportional_scores_gamma1,unrestricted_maximum_cardinality_then_maximum_testing_evalue_sum,200,0,3,exact_fixed_count_order_statistics,300.0,1,False
182,d03b2ad7d0ab448c87fbf2d611380523fb374b17f3a612a5fcea16a2f9510cbe,proven_maximal,maximize_sum_testing_e_values_at_maximum_cardinality,proven_optimal,18919.215245169973,1.081900892395989,17487.01325430214,0,0,6,,,8;17;55;67;99;193,0,0,6,0,0,0,0.0,0.0,0.3,0.0,0.0,0.0,0,6,0.5799157000146806,6,5,248,47,6,,method1_proportional_scores_gamma1,unrestricted_maximum_cardinality_then_maximum_testing_evalue_sum,200,0,6,exact_fixed_count_order_statistics,300.0,1,False
183,ac90ef6ac6d49a6bc09b6363fbc0d20ce89cdad491aa4a965b998d1c266f961d,proven_maximal,maximize_sum_testing_e_values_at_maximum_cardinality,proven_optimal,15646.004397394336,1.2858066581774874,12168.240301050477,0,0,13,,,0;62;65;98;109;122;141;142;155;156;162;167;187,0,0,13,0,0,0,0.0,0.0,0.65,0.0,0.0,0.0,0,13,0.7309413000475615,12,12,280,58,13,,method1_proportional_scores_gamma1,unrestricted_maximum_cardinality_then_maximum_testing_evalue_sum,200,0,1,exact_fixed_count_order_statistics,300.0,1,False
184,d5dea13942f3cdac9f67414d8d78275a4565418690dd5fc3885d81ba2a360f35,proven_maximal,maximize_sum_testing_e_values_at_maximum_cardinality,proven_optimal,193.21386172080437,0.019239238068598882,10042.698210391,0,0,2,,,39;149,0,0,2,0,0,0,0.0,0.0,0.1,0.0,0.0,0.0,0,2,0.29109579999931157,3,3,247,48,2,,method1_proportional_scores_gamma1,unrestricted_maximum_cardinality_then_maximum_testing_evalue_sum,200,0,1,exact_fixed_count_order_statistics,300.0,1,False
185,dabc3e067b1c45b086ae56b1bc8482420a8423cb6ce7b114632574d91c27a5a0,proven_maximal,maximize_sum_testing_e_values_at_maximum_cardinality,proven_optimal,30684.236763293688,1.213552090612554,25284.64744171424,0,0,4,,,8;128;132;178,0,0,4,0,0,0,0.0,0.0,0.2,0.0,0.0,0.0,0,4,0.15412670001387596,3,3,235,38,4,,method1_proportional_scores_gamma1,unrestricted_maximum_cardinality_then_maximum_testing_evalue_sum,200,0,4,exact_fixed_count_order_statistics,300.0,1,False
186,00797b5084a0324c8291ed995cf3c44e0837631114bbd93c31d1d3e0acb33ae7,proven_maximal,maximize_sum_testing_e_values_at_maximum_cardinality,proven_optimal,2924.3421439165327,0.8435097526224565,3466.8741349164084,0,0,2,,,161;181,0,0,2,0,0,0,0.0,0.0,0.1,0.0,0.0,0.0,0,2,0.664214399876073,7,5,249,46,2,,method1_proportional_scores_gamma1,unrestricted_maximum_cardinality_then_maximum_testing_evalue_sum,200,0,3,exact_fixed_count_order_statistics,300.0,1,False
187,d3d979a890b07a77970ea5fd9658bb60148b2150b5fcfb9ee8afafc50f2fe4f8,proven_maximal,maximize_sum_testing_e_values_at_maximum_cardinality,proven_optimal,1029.7767004521827,0.0390863252323811,26346.214291822536,0,0,2,,,5;122,0,0,2,0,0,0,0.0,0.0,0.1,0.0,0.0,0.0,0,2,0.35251410002820194,5,5,242,41,2,,method1_proportional_scores_gamma1,unrestricted_maximum_cardinality_then_maximum_testing_evalue_sum,200,0,4,exact_fixed_count_order_statistics,300.0,1,False
188,60d8690cb69a213fc27a902e61cda5af6eb23a73e2bc88de7cc40dd63b5c1123,proven_maximal,maximize_sum_testing_e_values_at_maximum_cardinality,proven_optimal,16522.165035850874,1.6991469844249456,9723.79975793712,0,0,6,,,2;46;77;129;140;150,0,0,6,0,0,0,0.0,0.0,0.3,0.0,0.0,0.0,0,6,0.22474099998362362,3,3,236,39,6,,method1_proportional_scores_gamma1,unrestricted_maximum_cardinality_then_maximum_testing_evalue_sum,200,0,3,exact_fixed_count_order_statistics,300.0,1,False
189,983c7e628459f0be66f0f019582e4f7d7dad84d1ef04eb65fab1d3922454ac4a,proven_maximal,maximize_sum_testing_e_values_at_maximum_cardinality,proven_optimal,27680.54378689246,3.6124535290328477,7662.532836596322,0,0,9,,,11;44;63;118;158;168;182;190;195,0,0,9,0,0,0,0.0,0.0,0.45,0.0,0.0,0.0,0,9,0.41796309989877045,5,4,234,41,9,,method1_proportional_scores_gamma1,unrestricted_maximum_cardinality_then_maximum_testing_evalue_sum,200,0,9,exact_fixed_count_order_statistics,300.0,1,False
190,6d42d7fe84bca9e26f5d2e680bdd1ec46e077009bfadee8011a0c7825041f248,proven_maximal,maximize_sum_testing_e_values_at_maximum_cardinality,proven_optimal,1758.869008306838,1.2810003423249279,1373.0433554097349,0,0,5,,,14;46;95;127;166,0,0,5,0,0,0,0.0,0.0,0.25,0.0,0.0,0.0,0,5,0.4932779998052865,7,6,238,32,5,,method1_proportional_scores_gamma1,unrestricted_maximum_cardinality_then_maximum_testing_evalue_sum,200,0,0,exact_fixed_count_order_statistics,300.0,1,False
191,7dee7dcae9e2d494fd3e9517b2c5e469e68412a58d74183c2661a0976e14c482,proven_maximal,maximize_sum_testing_e_values_at_maximum_cardinality,proven_optimal,9241.520791211256,0.4613483168159953,20031.54764927246,0,0,10,,,10;50;85;89;101;157;174;190;191;197,0,0,10,0,0,0,0.0,0.0,0.5,0.0,0.0,0.0,0,10,0.2933910000137985,5,5,244,41,10,,method1_proportional_scores_gamma1,unrestricted_maximum_cardinality_then_maximum_testing_evalue_sum,200,0,3,exact_fixed_count_order_statistics,300.0,1,False
192,ef85564a6926753978c4281afbb75672733e54405a556f4dc764b439aa57284b,proven_maximal,maximize_sum_testing_e_values_at_maximum_cardinality,proven_optimal,7031.758470187332,0.16974112137768269,41426.36983375,0,0,10,,,0;20;61;73;110;135;139;148;173;182,0,0,10,0,0,0,0.0,0.0,0.5,0.0,0.0,0.0,0,10,0.16629699990153313,3,3,232,39,10,,method1_proportional_scores_gamma1,unrestricted_maximum_cardinality_then_maximum_testing_evalue_sum,200,0,6,exact_fixed_count_order_statistics,300.0,1,False
193,49293f0ce34af1a23b1ec66cf13b607110ad9d9bab93197508a28b44c7143c2b,proven_maximal,maximize_sum_testing_e_values_at_maximum_cardinality,proven_optimal,435461.5871961527,1.044805673488533,416787.15788571193,0,0,4,,,30;79;176;184,0,0,4,0,0,0,0.0,0.0,0.2,0.0,0.0,0.0,0,4,0.17616709996946156,3,3,226,29,4,,method1_proportional_scores_gamma1,unrestricted_maximum_cardinality_then_maximum_testing_evalue_sum,200,0,5,exact_fixed_count_order_statistics,300.0,1,False
194,e9f91a03dd27ac838097b38e958eae78f032b5878cb8190cb50c1c9b7b3afcf4,proven_maximal,maximize_sum_testing_e_values_at_maximum_cardinality,proven_optimal,8833.131686337132,1.0,8833.131686337132,0,0,1,,,157,0,0,1,0,0,0,0.0,0.0,0.05,0.0,0.0,0.0,0,1,0.20953780016861856,3,3,245,46,1,,method1_proportional_scores_gamma1,unrestricted_maximum_cardinality_then_maximum_testing_evalue_sum,200,0,1,exact_fixed_count_order_statistics,300.0,1,False
195,edaa323d835f59cdc3e0bd0619569ef88e26a475701cb15dfdb4c6d93602cef6,proven_maximal,maximize_sum_testing_e_values_at_maximum_cardinality,proven_optimal,5735.229376945339,0.21765001776070508,26350.695653289247,0,0,2,,,174;176,0,0,2,0,0,0,0.0,0.0,0.1,0.0,0.0,0.0,0,2,0.43307889997959137,5,4,242,42,2,,method1_proportional_scores_gamma1,unrestricted_maximum_cardinality_then_maximum_testing_evalue_sum,200,0,5,exact_fixed_count_order_statistics,300.0,1,False
196,a1b62f209cdc7b80180600e72a8df9e41e93a24b087ffa01c401067c31438b55,proven_maximal,maximize_sum_testing_e_values_at_maximum_cardinality,proven_optimal,0.0,0.0,6014.699545024629,0,0,0,,,,0,0,0,0,0,0,0.0,0.0,0.0,0.0,0.0,0.0,0,0,0.1899212000425905,3,3,234,34,0,,method1_proportional_scores_gamma1,unrestricted_maximum_cardinality_then_maximum_testing_evalue_sum,200,0,2,exact_fixed_count_order_statistics,300.0,1,False
197,0b93812bce6363b604cd1e7079b5bbc84ab06a44b60efc63f4395fd875f52b11,proven_maximal,maximize_sum_testing_e_values_at_maximum_cardinality,proven_optimal,167702.4705719276,1.0734561726716656,156226.65819186845,0,0,5,,,8;16;46;54;102,0,0,5,0,0,0,0.0,0.0,0.25,0.0,0.0,0.0,0,5,0.25066259992308915,3,3,253,56,5,,method1_proportional_scores_gamma1,unrestricted_maximum_cardinality_then_maximum_testing_evalue_sum,200,0,4,exact_fixed_count_order_statistics,300.0,1,False
198,d540521b74d1ee6ac6004ef9c5c053d307c0ff0f5a6af1dea4c4abbf99f5b20f,proven_maximal,maximize_sum_testing_e_values_at_maximum_cardinality,proven_optimal,85395.96994882374,1.7129927994956538,49851.91413178524,0,0,9,,,4;18;46;83;115;127;157;173;196,0,0,9,0,0,0,0.0,0.0,0.45,0.0,0.0,0.0,0,9,0.4162735000718385,5,4,240,46,9,,method1_proportional_scores_gamma1,unrestricted_maximum_cardinality_then_maximum_testing_evalue_sum,200,0,7,exact_fixed_count_order_statistics,300.0,1,False
199,a1271afc7462cadf14010c98e3db71c7aa9072fd4024b3e0954f69c07fe912d6,proven_maximal,maximize_sum_testing_e_values_at_maximum_cardinality,proven_optimal,3020.9626612858297,0.43402965899040336,6960.267803617136,0,0,3,,,59;152;190,0,0,3,0,0,0,0.0,0.0,0.15,0.0,0.0,0.0,0,3,0.4539616000838578,8,7,242,36,3,,method1_proportional_scores_gamma1,unrestricted_maximum_cardinality_then_maximum_testing_evalue_sum,200,0,4,exact_fixed_count_order_statistics,300.0,1,False
200,18149affbf1b1192e12fe0f799ffddda04433941458a43260175252f83e12e7f,proven_maximal,maximize_sum_testing_e_values_at_maximum_cardinality,proven_optimal,31495.72132133132,0.2347192972881353,134184.62685097422,0,0,6,,,3;4;73;93;97;177,0,0,6,0,0,0,0.0,0.0,0.3,0.0,0.0,0.0,0,6,0.16250739991664886,3,3,244,47,6,,method1_proportional_scores_gamma1,unrestricted_maximum_cardinality_then_maximum_testing_evalue_sum,200,0,6,exact_fixed_count_order_statistics,300.0,1,False
201,efbb1542a069c422a43de57df0a5b4fabc0e2884ec3b17ec907419321ddf91ea,proven_maximal,maximize_sum_testing_e_values_at_maximum_cardinality,proven_optimal,180688.32994572812,1.2582155367599492,143606.81828092944,0,0,9,,,4;39;41;49;136;148;151;184;193,0,0,9,0,0,0,0.0,0.0,0.45,0.0,0.0,0.0,0,9,0.6617417999077588,10,9,245,30,9,,method1_proportional_scores_gamma1,unrestricted_maximum_cardinality_then_maximum_testing_evalue_sum,200,0,5,exact_fixed_count_order_statistics,300.0,1,False
202,55e1c63df60659b43057c181622185a34fd3620da007a7b599faa2cf4c263cfe,proven_maximal,maximize_sum_testing_e_values_at_maximum_cardinality,proven_optimal,156853.14229648164,1.8494442521073522,84810.95989660412,0,0,10,,,19;27;53;56;73;92;97;114;155;165,0,0,10,0,0,0,0.0,0.0,0.5,0.0,0.0,0.0,0,10,0.22972150007262826,5,5,242,39,10,,method1_proportional_scores_gamma1,unrestricted_maximum_cardinality_then_maximum_testing_evalue_sum,200,0,4,exact_fixed_count_order_statistics,300.0,1,False
203,b41d79d5024dedbe1465bc31a82c4ac43a012bd19e1b7a4edcaa34a7ff83cdaf,proven_maximal,maximize_sum_testing_e_values_at_maximum_cardinality,proven_optimal,0.0,0.0,8985.224971958609,0,0,0,,,,0,0,0,0,0,0,0.0,0.0,0.0,0.0,0.0,0.0,0,0,0.19954379997216165,3,3,234,34,0,,method1_proportional_scores_gamma1,unrestricted_maximum_cardinality_then_maximum_testing_evalue_sum,200,0,1,exact_fixed_count_order_statistics,300.0,1,False
204,e333207aa26a47a1df45f733ad974aacac11a4eeca4e21a8b444e3d714173daa,proven_maximal,maximize_sum_testing_e_values_at_maximum_cardinality,proven_optimal,48224.15098208326,1.0290383630579851,46863.31696981241,0,0,5,,,25;30;32;47;152,0,0,5,0,0,0,0.0,0.0,0.25,0.0,0.0,0.0,0,5,0.4647611000109464,8,7,232,23,5,,method1_proportional_scores_gamma1,unrestricted_maximum_cardinality_then_maximum_testing_evalue_sum,200,0,1,exact_fixed_count_order_statistics,300.0,1,False
205,d37b159994a52ddab5cf2cdc07173b14d10b96f35742c037a342d5a3e46a0e0d,proven_maximal,maximize_sum_testing_e_values_at_maximum_cardinality,proven_optimal,0.0,0.0,11924.84273653396,0,0,0,,,,0,0,0,0,0,0,0.0,0.0,0.0,0.0,0.0,0.0,0,0,0.3610325001645833,4,3,241,41,0,,method1_proportional_scores_gamma1,unrestricted_maximum_cardinality_then_maximum_testing_evalue_sum,200,0,2,exact_fixed_count_order_statistics,300.0,1,False
206,ae040b34dfa2142906b3b195041a5830fb42f79091eebaa168882cad4041a348,proven_maximal,maximize_sum_testing_e_values_at_maximum_cardinality,proven_optimal,10344.093250765953,1.916084846969754,5398.556993509399,0,0,6,,,14;72;95;139;182;187,0,0,6,0,0,0,0.0,0.0,0.3,0.0,0.0,0.0,0,6,0.48837979999370873,5,4,241,44,6,,method1_proportional_scores_gamma1,unrestricted_maximum_cardinality_then_maximum_testing_evalue_sum,200,0,4,exact_fixed_count_order_statistics,300.0,1,False
207,23fc7de8d8ab2bfd88d7124a0c5415a1fff3d3340512e572f72b86a2ffd388b3,proven_maximal,maximize_sum_testing_e_values_at_maximum_cardinality,proven_optimal,5826.359439391619,1.870492339124796,3114.8801401227734,0,0,11,,,9;10;16;57;66;121;140;165;179;192;193,0,0,11,0,0,0,0.0,0.0,0.55,0.0,0.0,0.0,0,11,0.27324679982848465,6,6,242,36,11,,method1_proportional_scores_gamma1,unrestricted_maximum_cardinality_then_maximum_testing_evalue_sum,200,0,3,exact_fixed_count_order_statistics,300.0,1,False
208,6f3aac0a57b39977c59d1b0d347f3ebb5a7600707108dd2e617ef717e69d0a4f,proven_maximal,maximize_sum_testing_e_values_at_maximum_cardinality,proven_optimal,8669.207182895174,1.5362672152056902,5643.03338448478,0,0,9,,,37;57;96;103;140;149;180;183;188,0,0,9,0,0,0,0.0,0.0,0.45,0.0,0.0,0.0,0,9,0.6433025998994708,7,6,254,43,9,,method1_proportional_scores_gamma1,unrestricted_maximum_cardinality_then_maximum_testing_evalue_sum,200,0,1,exact_fixed_count_order_statistics,300.0,1,False
209,b42a950c916a3cbbe519d3b3bc27e598d4dafcce4caba7704640ff48e492b30d,proven_maximal,maximize_sum_testing_e_values_at_maximum_cardinality,proven_optimal,2458.1685074036436,1.8516085457751468,1327.585419181877,0,0,5,,,58;101;111;178;195,0,0,5,0,0,0,0.0,0.0,0.25,0.0,0.0,0.0,0,5,0.2674516998231411,4,4,233,34,5,,method1_proportional_scores_gamma1,unrestricted_maximum_cardinality_then_maximum_testing_evalue_sum,200,0,0,exact_fixed_count_order_statistics,300.0,1,False
210,2a5df9549313af03e3d6cd82d587a34a61b07589ee8d5e423523ab031eb31099,proven_maximal,maximize_sum_testing_e_values_at_maximum_cardinality,proven_optimal,2367.88434801453,0.036847558882865804,64261.63414357421,0,0,1,,,29,0,0,1,0,0,0,0.0,0.0,0.05,0.0,0.0,0.0,0,1,0.8018899001181126,6,4,254,53,1,,method1_proportional_scores_gamma1,unrestricted_maximum_cardinality_then_maximum_testing_evalue_sum,200,0,3,exact_fixed_count_order_statistics,300.0,1,False
211,6d4a96846422b87683c84e6bfa8ed21fcf062769d9517c1a6f0a951799a79ea0,proven_maximal,maximize_sum_testing_e_values_at_maximum_cardinality,proven_optimal,32525.891298661627,1.0964909348476046,29663.620796994757,0,0,6,,,28;49;60;65;122;167,0,0,6,0,0,0,0.0,0.0,0.3,0.0,0.0,0.0,0,6,0.4147870000451803,5,5,238,36,6,,method1_proportional_scores_gamma1,unrestricted_maximum_cardinality_then_maximum_testing_evalue_sum,200,0,1,exact_fixed_count_order_statistics,300.0,1,False
212,f70e6ed1c288bb05eff7e0a54ecde6943bf224b9ae2d243ab39a16bdc7275098,proven_maximal,maximize_sum_testing_e_values_at_maximum_cardinality,proven_optimal,33662.68928525133,1.3470866895162363,24989.252397215965,0,0,8,,,90;97;101;104;123;140;163;177,0,0,8,0,0,0,0.0,0.0,0.4,0.0,0.0,0.0,0,8,0.41906230011954904,4,4,251,50,8,,method1_proportional_scores_gamma1,unrestricted_maximum_cardinality_then_maximum_testing_evalue_sum,200,0,3,exact_fixed_count_order_statistics,300.0,1,False
213,97bbdd2ac71eeee9d889407587d8553809c0837747c6c8c153a5b07e0cdba9a5,proven_maximal,maximize_sum_testing_e_values_at_maximum_cardinality,proven_optimal,43252.62683811535,1.0,43252.62683811535,0,0,1,,,180,0,0,1,0,0,0,0.0,0.0,0.05,0.0,0.0,0.0,0,1,0.21179169998504221,3,3,231,32,1,,method1_proportional_scores_gamma1,unrestricted_maximum_cardinality_then_maximum_testing_evalue_sum,200,0,2,exact_fixed_count_order_statistics,300.0,1,False
214,73bd9c7d582d4ebd46c3eacfe6990c9cb26e04cc9683b794d8ae108aa19686de,proven_maximal,maximize_sum_testing_e_values_at_maximum_cardinality,proven_optimal,49593.636157056375,2.0212214197108724,24536.468727978623,0,0,12,,,43;45;46;56;77;98;105;115;151;153;167;193,0,0,12,0,0,0,0.0,0.0,0.6,0.0,0.0,0.0,0,12,0.3185393998865038,6,6,251,48,12,,method1_proportional_scores_gamma1,unrestricted_maximum_cardinality_then_maximum_testing_evalue_sum,200,0,5,exact_fixed_count_order_statistics,300.0,1,False
215,9a99d05f931ca9a1e6cf9be375349c499c4a7efedcabcffa72905f35af6536c7,proven_maximal,maximize_sum_testing_e_values_at_maximum_cardinality,proven_optimal,0.0,0.0,919.4089638602144,0,0,0,,,,0,0,0,0,0,0,0.0,0.0,0.0,0.0,0.0,0.0,0,0,0.19812810001894832,3,3,236,36,0,,method1_proportional_scores_gamma1,unrestricted_maximum_cardinality_then_maximum_testing_evalue_sum,200,0,0,exact_fixed_count_order_statistics,300.0,1,False
216,295fd1fd216eaaa48c98dd2b1f7d5143491f71c14a1955cce740f94f418ababa,proven_maximal,maximize_sum_testing_e_values_at_maximum_cardinality,proven_optimal,19873.81121129614,1.4775897373845115,13450.155146904895,0,0,13,,,6;33;47;52;53;72;84;87;91;92;142;154;163,0,0,13,0,0,0,0.0,0.0,0.65,0.0,0.0,0.0,0,13,0.533258399926126,8,8,261,48,13,,method1_proportional_scores_gamma1,unrestricted_maximum_cardinality_then_maximum_testing_evalue_sum,200,0,2,exact_fixed_count_order_statistics,300.0,1,False
217,58a9245d4b866d75c23eafbf5310f1fac36be126a90d779511d5e624f0a972ae,proven_maximal,maximize_sum_testing_e_values_at_maximum_cardinality,proven_optimal,483.6731270329852,0.6442513990670715,750.7521562753038,0,0,2,,,34;180,0,0,2,0,0,0,0.0,0.0,0.1,0.0,0.0,0.0,0,2,0.22261219983920455,3,3,234,36,2,,method1_proportional_scores_gamma1,unrestricted_maximum_cardinality_then_maximum_testing_evalue_sum,200,0,0,exact_fixed_count_order_statistics,300.0,1,False
218,6e71ce5a5d224266522fdd399d7b1de341c10b0dc3e4cd72883ce8079ba06e80,proven_maximal,maximize_sum_testing_e_values_at_maximum_cardinality,proven_optimal,65993.85195569956,1.3078021460116316,50461.64831351532,0,0,6,,,9;16;40;112;155;167,0,0,6,0,0,0,0.0,0.0,0.3,0.0,0.0,0.0,0,6,0.22102620010264218,3,3,243,47,6,,method1_proportional_scores_gamma1,unrestricted_maximum_cardinality_then_maximum_testing_evalue_sum,200,0,4,exact_fixed_count_order_statistics,300.0,1,False
219,422da1b2484d5d91430dfc3bb7bf8165f342a06dd676874e5bef9a6822a1cd18,proven_maximal,maximize_sum_testing_e_values_at_maximum_cardinality,proven_optimal,765.7365621179456,1.0164452491047482,753.3475736075123,0,0,3,,,38;178;197,0,0,3,0,0,0,0.0,0.0,0.15,0.0,0.0,0.0,0,3,0.48392620007507503,14,13,253,43,3,,method1_proportional_scores_gamma1,unrestricted_maximum_cardinality_then_maximum_testing_evalue_sum,200,0,0,exact_fixed_count_order_statistics,300.0,1,False
220,aabc4c4d2e1ce50a9ab28d730839e0f09985da924ed097ad60ed8bb71dc09aa7,proven_maximal,maximize_sum_testing_e_values_at_maximum_cardinality,proven_optimal,402.9188577737294,0.14627388633243663,2754.550848932911,0,0,3,,,3;96;151,0,0,3,0,0,0,0.0,0.0,0.15,0.0,0.0,0.0,0,3,0.4778299001045525,5,4,237,38,3,,method1_proportional_scores_gamma1,unrestricted_maximum_cardinality_then_maximum_testing_evalue_sum,200,0,0,exact_fixed_count_order_statistics,300.0,1,False
221,dde3aceb34d773bf4e094ca6079732226338b51bc9008b66c567c6289925dd83,proven_maximal,maximize_sum_testing_e_values_at_maximum_cardinality,proven_optimal,9124.469251198901,0.06034654706833684,151201.18208033164,0,0,2,,,5;72,0,0,2,0,0,0,0.0,0.0,0.1,0.0,0.0,0.0,0,2,0.5290184998884797,5,4,253,54,2,,method1_proportional_scores_gamma1,unrestricted_maximum_cardinality_then_maximum_testing_evalue_sum,200,0,2,exact_fixed_count_order_statistics,300.0,1,False
222,3e3346ca4fffb5960bc180a58c3b3235aaafde224eedf82c87414b0d9af651b7,proven_maximal,maximize_sum_testing_e_values_at_maximum_cardinality,proven_optimal,0.0,0.0,31969.28508409314,0,0,0,,,,0,0,0,0,0,0,0.0,0.0,0.0,0.0,0.0,0.0,0,0,0.1947852000594139,3,3,239,39,0,,method1_proportional_scores_gamma1,unrestricted_maximum_cardinality_then_maximum_testing_evalue_sum,200,0,2,exact_fixed_count_order_statistics,300.0,1,False
223,1b9907d5a80cef9423df9c39ee38d29dea36fbfe16f38bccad0f5b8eabe35910,proven_maximal,maximize_sum_testing_e_values_at_maximum_cardinality,proven_optimal,97705.15948318699,1.2958426450265614,75398.93817986232,0,0,9,,,55;73;102;111;135;145;168;194;197,0,0,9,0,0,0,0.0,0.0,0.45,0.0,0.0,0.0,0,9,0.6230144998989999,7,6,233,33,9,,method1_proportional_scores_gamma1,unrestricted_maximum_cardinality_then_maximum_testing_evalue_sum,200,0,5,exact_fixed_count_order_statistics,300.0,1,False
224,4fed51928b77b11190898231c3e35d95beec6b83d599b3752052800c40c166ad,proven_maximal,maximize_sum_testing_e_values_at_maximum_cardinality,proven_optimal,96552.20003510763,1.0284041337814587,93885.4647346502,0,0,6,,,9;85;88;102;118;199,0,0,6,0,0,0,0.0,0.0,0.3,0.0,0.0,0.0,0,6,0.40784340002574027,4,4,249,49,6,,method1_proportional_scores_gamma1,unrestricted_maximum_cardinality_then_maximum_testing_evalue_sum,200,0,4,exact_fixed_count_order_statistics,300.0,1,False
225,52de92724753aeb17e168224724b2e16fa77eb8281ccc20ce96117da8a8f1bc5,proven_maximal,maximize_sum_testing_e_values_at_maximum_cardinality,proven_optimal,9033.170065348897,1.8575291840370538,4863.003038109308,0,0,6,,,74;82;98;139;170;175,0,0,6,0,0,0,0.0,0.0,0.3,0.0,0.0,0.0,0,6,0.6522415999788791,7,5,248,48,6,,method1_proportional_scores_gamma1,unrestricted_maximum_cardinality_then_maximum_testing_evalue_sum,200,0,3,exact_fixed_count_order_statistics,300.0,1,False
226,f1054583f09f44200ceb27bbedda54c996f8a2bdb723b71f9173c0a035b167d0,proven_maximal,maximize_sum_testing_e_values_at_maximum_cardinality,proven_optimal,18668.77484188973,1.716542762424147,10875.799456067843,0,0,6,,,68;79;100;124;131;177,0,0,6,0,0,0,0.0,0.0,0.3,0.0,0.0,0.0,0,6,0.45622120006009936,13,12,251,45,6,,method1_proportional_scores_gamma1,unrestricted_maximum_cardinality_then_maximum_testing_evalue_sum,200,0,3,exact_fixed_count_order_statistics,300.0,1,False
227,4211c4f6a865be0d2f9e6369895619dfee0146ee003bcf1042c410213f3fd92e,proven_maximal,maximize_sum_testing_e_values_at_maximum_cardinality,proven_optimal,6979.453818415215,1.3840546656994746,5042.758780693054,0,0,5,,,9;46;100;153;191,0,0,5,0,0,0,0.0,0.0,0.25,0.0,0.0,0.0,0,5,0.5198067999444902,6,4,240,40,5,,method1_proportional_scores_gamma1,unrestricted_maximum_cardinality_then_maximum_testing_evalue_sum,200,0,5,exact_fixed_count_order_statistics,300.0,1,False
228,3df6beb9405380b8c72b8e594000636eeffbca7d84515a62cef8c4f3ecf4f9ac,proven_maximal,maximize_sum_testing_e_values_at_maximum_cardinality,proven_optimal,0.0,0.0,5731.466365321655,0,0,0,,,,0,0,0,0,0,0,0.0,0.0,0.0,0.0,0.0,0.0,0,0,0.20339030004106462,3,3,247,47,0,,method1_proportional_scores_gamma1,unrestricted_maximum_cardinality_then_maximum_testing_evalue_sum,200,0,1,exact_fixed_count_order_statistics,300.0,1,False
229,f458a2e69b3165a2c53dc320c58fe5ae15f72b602155aab6b2e4a9c72f42f2ab,proven_maximal,maximize_sum_testing_e_values_at_maximum_cardinality,proven_optimal,3005.3955473576616,2.9387137768101526,1022.6908013545604,0,0,11,,,3;7;22;29;46;93;121;139;140;177;178,0,0,11,0,0,0,0.0,0.0,0.55,0.0,0.0,0.0,0,11,0.3926709000952542,10,10,254,40,11,,method1_proportional_scores_gamma1,unrestricted_maximum_cardinality_then_maximum_testing_evalue_sum,200,0,0,exact_fixed_count_order_statistics,300.0,1,False
230,ac685296d02dd3aa8f7a1d0ed18e8a71c35855705a6f24e208a384085ae60623,proven_maximal,maximize_sum_testing_e_values_at_maximum_cardinality,proven_optimal,3254.6086538264544,0.2349275710753649,13853.668340964432,0,0,8,,,7;16;17;31;98;139;147;171,0,0,8,0,0,0,0.0,0.0,0.4,0.0,0.0,0.0,0,8,0.44252729997970164,5,4,238,43,8,,method1_proportional_scores_gamma1,unrestricted_maximum_cardinality_then_maximum_testing_evalue_sum,200,0,3,exact_fixed_count_order_statistics,300.0,1,False
231,96a1c9c1c9fd67f93290c0b1280ef66ee7086666cbd5c0f1031e27957473a88c,proven_maximal,maximize_sum_testing_e_values_at_maximum_cardinality,proven_optimal,5583.726570602691,1.505042134321781,3710.01345628034,0,0,5,,,88;93;117;195;197,0,0,5,0,0,0,0.0,0.0,0.25,0.0,0.0,0.0,0,5,0.2406631000339985,3,3,232,36,5,,method1_proportional_scores_gamma1,unrestricted_maximum_cardinality_then_maximum_testing_evalue_sum,200,0,4,exact_fixed_count_order_statistics,300.0,1,False
232,cccdd2f2ed5acc1ce36025e0d00c97ced260eb9b69b563ae1aff8d058d9a973b,proven_maximal,maximize_sum_testing_e_values_at_maximum_cardinality,proven_optimal,257461.7618156343,1.0213152173127702,252088.441894613,0,0,10,,,20;39;61;103;106;147;148;173;174;199,0,0,10,0,0,0,0.0,0.0,0.5,0.0,0.0,0.0,0,10,0.25215440010651946,5,5,232,32,10,,method1_proportional_scores_gamma1,unrestricted_maximum_cardinality_then_maximum_testing_evalue_sum,200,0,3,exact_fixed_count_order_statistics,300.0,1,False
233,fece5dabd3bf187832a3d304cc9533017e505101cddcf72e4b8aab0b1002ba20,proven_maximal,maximize_sum_testing_e_values_at_maximum_cardinality,proven_optimal,84320.85139802641,1.602879621031298,52605.85404646551,0,0,6,,,30;34;81;111;163;170,0,0,6,0,0,0,0.0,0.0,0.3,0.0,0.0,0.0,0,6,0.548394399927929,7,5,244,47,6,,method1_proportional_scores_gamma1,unrestricted_maximum_cardinality_then_maximum_testing_evalue_sum,200,0,5,exact_fixed_count_order_statistics,300.0,1,False
234,7442705a194edf6f58823f1ff3952bcccc41691ba4ee9059f28879b221c59a5a,proven_maximal,maximize_sum_testing_e_values_at_maximum_cardinality,proven_optimal,3341.4502242190456,0.9506907284002889,3514.7605045456235,0,0,2,,,59;103,0,0,2,0,0,0,0.0,0.0,0.1,0.0,0.0,0.0,0,2,0.21976849995553493,3,3,244,45,2,,method1_proportional_scores_gamma1,unrestricted_maximum_cardinality_then_maximum_testing_evalue_sum,200,0,3,exact_fixed_count_order_statistics,300.0,1,False
235,9ef2ba494e42e29ca0f103d5920e4d97b228d91af8877eac7b0ee48de38b1618,proven_maximal,maximize_sum_testing_e_values_at_maximum_cardinality,proven_optimal,6599.428596499727,0.3967325940500798,16634.450245513926,0,0,4,,,149;155;173;185,0,0,4,0,0,0,0.0,0.0,0.2,0.0,0.0,0.0,0,4,0.9396069999784231,11,7,247,35,4,,method1_proportional_scores_gamma1,unrestricted_maximum_cardinality_then_maximum_testing_evalue_sum,200,0,4,exact_fixed_count_order_statistics,300.0,1,False
236,059429988a0b395fc04acc6d873f8e58179affed27a5102df7bf2671ae1615e1,proven_maximal,maximize_sum_testing_e_values_at_maximum_cardinality,proven_optimal,4064.17424334161,1.0270523331916337,3957.1247851722583,0,0,2,,,52;166,0,0,2,0,0,0,0.0,0.0,0.1,0.0,0.0,0.0,0,2,0.551382299978286,5,4,235,36,2,,method1_proportional_scores_gamma1,unrestricted_maximum_cardinality_then_maximum_testing_evalue_sum,200,0,0,exact_fixed_count_order_statistics,300.0,1,False
237,985fe751819af5ca3ebb9bdac72b2d5f9e7adcbdebc15a3e793f591d00316928,proven_maximal,maximize_sum_testing_e_values_at_maximum_cardinality,proven_optimal,324.0645316264653,0.016598799344783123,19523.371835223512,0,0,1,,,54,0,0,1,0,0,0,0.0,0.0,0.05,0.0,0.0,0.0,0,1,0.20346010010689497,3,3,237,38,1,,method1_proportional_scores_gamma1,unrestricted_maximum_cardinality_then_maximum_testing_evalue_sum,200,0,4,exact_fixed_count_order_statistics,300.0,1,False
238,9164f6be98d8b822c021f9899a2349c0bf17ae0e4cc564cf0578e63a852c7146,proven_maximal,maximize_sum_testing_e_values_at_maximum_cardinality,proven_optimal,465.0975112201969,0.19944252107319466,2331.9877261755423,0,0,4,,,26;100;136;163,0,0,4,0,0,0,0.0,0.0,0.2,0.0,0.0,0.0,0,4,0.5417142999358475,5,4,235,37,4,,method1_proportional_scores_gamma1,unrestricted_maximum_cardinality_then_maximum_testing_evalue_sum,200,0,0,exact_fixed_count_order_statistics,300.0,1,False
239,02f2cc37629c87f5e89cab8fc7c2a7806fd50f1be73e13c4daf076b7a25f7bfa,proven_maximal,maximize_sum_testing_e_values_at_maximum_cardinality,proven_optimal,47388.9546730931,1.5874001694521163,29853.18735946033,0,0,6,,,3;9;106;107;160;179,0,0,6,0,0,0,0.0,0.0,0.3,0.0,0.0,0.0,0,6,0.7236764999106526,7,5,238,40,6,,method1_proportional_scores_gamma1,unrestricted_maximum_cardinality_then_maximum_testing_evalue_sum,200,0,3,exact_fixed_count_order_statistics,300.0,1,False
240,26f83ae40303a22d06629db857223c63aec6377cfb2cd1693823dbb825c0270f,proven_maximal,maximize_sum_testing_e_values_at_maximum_cardinality,proven_optimal,6361.38734433734,4.8743775403622305,1305.0666042303744,0,0,15,,,2;17;24;32;35;51;52;70;94;109;115;175;177;191;196,0,0,15,0,0,0,0.0,0.0,0.75,0.0,0.0,0.0,0,15,0.3148494998458773,6,6,242,45,15,,method1_proportional_scores_gamma1,unrestricted_maximum_cardinality_then_maximum_testing_evalue_sum,200,0,0,exact_fixed_count_order_statistics,300.0,1,False
241,1ee5c36d6008833d39bcf3cc68a095ad5080ae3dff35556464848e7d613dc150,proven_maximal,maximize_sum_testing_e_values_at_maximum_cardinality,proven_optimal,981.8047335030602,0.7701205294184927,1274.871524648755,0,0,4,,,22;90;142;182,0,0,4,0,0,0,0.0,0.0,0.2,0.0,0.0,0.0,0,4,0.4328927998431027,5,4,247,47,4,,method1_proportional_scores_gamma1,unrestricted_maximum_cardinality_then_maximum_testing_evalue_sum,200,0,0,exact_fixed_count_order_statistics,300.0,1,False
242,78b4141f68af1e4db7c4496f4de9f64bdcde2878e0cbc8ff258c7daea930afd0,proven_maximal,maximize_sum_testing_e_values_at_maximum_cardinality,proven_optimal,56999.64686205018,1.0764333643287507,52952.32268984377,0,0,3,,,36;177;193,0,0,3,0,0,0,0.0,0.0,0.15,0.0,0.0,0.0,0,3,0.45661399979144335,6,5,239,38,3,,method1_proportional_scores_gamma1,unrestricted_maximum_cardinality_then_maximum_testing_evalue_sum,200,0,2,exact_fixed_count_order_statistics,300.0,1,False
243,3408e8e16215b92765bec51fe533451a9090cb559c63295255317047ad47a102,proven_maximal,maximize_sum_testing_e_values_at_maximum_cardinality,proven_optimal,204664.82227938806,1.2688540168753408,161298.95130362775,0,0,6,,,14;16;37;110;130;177,0,0,6,0,0,0,0.0,0.0,0.3,0.0,0.0,0.0,0,6,0.5618459999095649,5,4,250,52,6,,method1_proportional_scores_gamma1,unrestricted_maximum_cardinality_then_maximum_testing_evalue_sum,200,0,4,exact_fixed_count_order_statistics,300.0,1,False
244,af825fd4397368e3fd4376d6e0abbfa26da9218d34d166955b099984d60bac10,proven_maximal,maximize_sum_testing_e_values_at_maximum_cardinality,proven_optimal,930.4124821073224,0.2506911919603611,3711.3888000278753,0,0,1,,,122,0,0,1,0,0,0,0.0,0.0,0.05,0.0,0.0,0.0,0,1,0.22500370000489056,3,3,240,41,1,,method1_proportional_scores_gamma1,unrestricted_maximum_cardinality_then_maximum_testing_evalue_sum,200,0,0,exact_fixed_count_order_statistics,300.0,1,False
245,4dbb90cd91b5bdd8d71c1eae81fc3f674f635f27c50b4369613f0e0e5646667e,proven_maximal,maximize_sum_testing_e_values_at_maximum_cardinality,proven_optimal,0.0,0.0,29288.776440894333,0,0,0,,,,0,0,0,0,0,0,0.0,0.0,0.0,0.0,0.0,0.0,0,0,0.16758659994229674,3,3,237,37,0,,method1_proportional_scores_gamma1,unrestricted_maximum_cardinality_then_maximum_testing_evalue_sum,200,0,8,exact_fixed_count_order_statistics,300.0,1,False
246,2d49a0e0941fd4d9df817b1575f7ac4f04c319a1299bfcfd89738ce547139228,proven_maximal,maximize_sum_testing_e_values_at_maximum_cardinality,proven_optimal,16087.647028079296,1.3061810230434807,12316.55241062537,0,0,8,,,7;27;71;84;118;121;170;188,0,0,7,0,0,1,0.0,0.0,0.35,0.0,0.0,0.125,0,8,0.3125589999835938,4,4,238,42,8,,method1_proportional_scores_gamma1,unrestricted_maximum_cardinality_then_maximum_testing_evalue_sum,200,0,2,exact_fixed_count_order_statistics,300.0,1,False
247,472308ebfa2ba00589a8d55c91f2eb90c8cfbcefb0efc67c24249131020ed1c3,proven_maximal,maximize_sum_testing_e_values_at_maximum_cardinality,proven_optimal,31027.926701947403,1.0440256509039747,29719.506101293315,0,0,12,,,16;19;33;56;59;71;86;102;104;117;184;194,0,0,12,0,0,0,0.0,0.0,0.6,0.0,0.0,0.0,0,12,0.357930300058797,7,7,256,39,12,,method1_proportional_scores_gamma1,unrestricted_maximum_cardinality_then_maximum_testing_evalue_sum,200,0,1,exact_fixed_count_order_statistics,300.0,1,False
248,14d3cc84319c0b25e948088f242c9db70b5afc505112095c5373fb7e4298cd44,proven_maximal,maximize_sum_testing_e_values_at_maximum_cardinality,proven_optimal,0.0,0.0,87275.93643111557,0,0,0,,,,0,0,0,0,0,0,0.0,0.0,0.0,0.0,0.0,0.0,0,0,0.22396350000053644,3,3,241,41,0,,method1_proportional_scores_gamma1,unrestricted_maximum_cardinality_then_maximum_testing_evalue_sum,200,0,2,exact_fixed_count_order_statistics,300.0,1,False
249,03c101d5b58ce561bfd070c0a83ceb635a735045e5ee22d89a82649eea3795ee,proven_maximal,maximize_sum_testing_e_values_at_maximum_cardinality,proven_optimal,651.2360589201527,1.0365096248706913,628.2971651145034,0,0,6,,,7;45;49;73;110;138,0,0,6,0,0,0,0.0,0.0,0.3,0.0,0.0,0.0,0,6,0.5741765999700874,5,4,240,39,6,,method1_proportional_scores_gamma1,unrestricted_maximum_cardinality_then_maximum_testing_evalue_sum,200,0,0,exact_fixed_count_order_statistics,300.0,1,False
250,20a2499a293d8fac77da40fd37960dec545056e5c618e22f6845e00a07bf55e4,proven_maximal,maximize_sum_testing_e_values_at_maximum_cardinality,proven_optimal,13705.415385883265,1.1880853616539393,11535.716058990822,0,0,3,,,106;149;169,0,0,3,0,0,0,0.0,0.0,0.15,0.0,0.0,0.0,0,3,0.7221675000619143,7,4,237,37,3,,method1_proportional_scores_gamma1,unrestricted_maximum_cardinality_then_maximum_testing_evalue_sum,200,0,3,exact_fixed_count_order_statistics,300.0,1,False
251,00442768b651b1c2c463f58a0e6fc1f6e2bfbf72cebcebe302ef886280e7ba14,proven_maximal,maximize_sum_testing_e_values_at_maximum_cardinality,proven_optimal,3533.182034772053,3.3126051321996908,1066.587140262592,0,0,11,,,2;31;48;58;60;131;133;140;163;184;192,0,0,11,0,0,0,0.0,0.0,0.55,0.0,0.0,0.0,0,11,0.16604780009947717,4,4,232,40,11,,method1_proportional_scores_gamma1,unrestricted_maximum_cardinality_then_maximum_testing_evalue_sum,200,0,0,exact_fixed_count_order_statistics,300.0,1,False
252,be2a8cfb8ae77e4d22c1d4240a991c9193e84ac4f7aebe2cbb29dd817ac80abe,proven_maximal,maximize_sum_testing_e_values_at_maximum_cardinality,proven_optimal,2345.4160726599994,0.3370907449661853,6957.818058443806,0,0,4,,,2;16;42;134,0,0,4,0,0,0,0.0,0.0,0.2,0.0,0.0,0.0,0,4,0.56970029999502,5,4,243,43,4,,method1_proportional_scores_gamma1,unrestricted_maximum_cardinality_then_maximum_testing_evalue_sum,200,0,2,exact_fixed_count_order_statistics,300.0,1,False
253,01d0ddc74d2a47d746c96b7704bbb6d83bb07598c514416a93c781890b0f5748,proven_maximal,maximize_sum_testing_e_values_at_maximum_cardinality,proven_optimal,7790.708197943171,1.104871387345006,7051.235362935915,0,0,4,,,85;137;155;162,0,0,4,0,0,0,0.0,0.0,0.2,0.0,0.0,0.0,0,4,0.4417983000166714,5,4,242,44,4,,method1_proportional_scores_gamma1,unrestricted_maximum_cardinality_then_maximum_testing_evalue_sum,200,0,1,exact_fixed_count_order_statistics,300.0,1,False
254,772d445785d71b292b4dcb6979f9d03043c6c44fd4efecd9ca216400a458d8cb,proven_maximal,maximize_sum_testing_e_values_at_maximum_cardinality,proven_optimal,6183.869076168681,1.1792408418852236,5243.940725698307,0,0,7,,,7;20;62;115;120;128;139,0,0,7,0,0,0,0.0,0.0,0.35,0.0,0.0,0.0,0,7,0.5951465000398457,5,4,237,41,7,,method1_proportional_scores_gamma1,unrestricted_maximum_cardinality_then_maximum_testing_evalue_sum,200,0,2,exact_fixed_count_order_statistics,300.0,1,False
255,04af7ee0234a44c1fbdb1634026c46aa9ab5464455a8b506d2bbe53e528090e4,proven_maximal,maximize_sum_testing_e_values_at_maximum_cardinality,proven_optimal,104402.77599703352,1.009789708813372,103390.61201140554,0,0,2,,,50;111,0,0,2,0,0,0,0.0,0.0,0.1,0.0,0.0,0.0,0,2,0.16772569995373487,3,3,241,42,2,,method1_proportional_scores_gamma1,unrestricted_maximum_cardinality_then_maximum_testing_evalue_sum,200,0,6,exact_fixed_count_order_statistics,300.0,1,False
256,25db91cc9358828c5a37431dd3c61f52073236217b12fbc237a5efd7aa948a73,proven_maximal,maximize_sum_testing_e_values_at_maximum_cardinality,proven_optimal,14983.634066998748,1.3195619377981167,11355.006262154808,0,0,7,,,4;17;54;58;63;73;112,0,0,7,0,0,0,0.0,0.0,0.35,0.0,0.0,0.0,0,7,0.6299669998697937,7,5,233,30,7,,method1_proportional_scores_gamma1,unrestricted_maximum_cardinality_then_maximum_testing_evalue_sum,200,0,3,exact_fixed_count_order_statistics,300.0,1,False
257,c9bd44b629f9ec6f93008533f7840865b114a9436982ca2716430424c3f59108,proven_maximal,maximize_sum_testing_e_values_at_maximum_cardinality,proven_optimal,8503.130718538781,2.0381550830390918,4171.974345475109,0,0,3,,,43;54;70,0,0,3,0,0,0,0.0,0.0,0.15,0.0,0.0,0.0,0,3,0.41990069998428226,5,4,247,48,3,,method1_proportional_scores_gamma1,unrestricted_maximum_cardinality_then_maximum_testing_evalue_sum,200,0,5,exact_fixed_count_order_statistics,300.0,1,False
258,bc516de1449564cf20b852a5d2144b61458cb886bb415ed0d9c45fa4316ff074,proven_maximal,maximize_sum_testing_e_values_at_maximum_cardinality,proven_optimal,16140.431580681823,3.592470695562164,4492.849893144669,0,0,12,,,0;23;44;56;61;64;95;110;139;152;198;199,0,0,12,0,0,0,0.0,0.0,0.6,0.0,0.0,0.0,0,12,0.323348400183022,7,7,247,37,12,,method1_proportional_scores_gamma1,unrestricted_maximum_cardinality_then_maximum_testing_evalue_sum,200,0,5,exact_fixed_count_order_statistics,300.0,1,False
259,46d95a54a85b819bba3ea765c47249fea83bca15d8499ae41e2a4265758efeb9,proven_maximal,maximize_sum_testing_e_values_at_maximum_cardinality,proven_optimal,56813.77254039628,1.224594004542124,46393.96594272807,0,0,15,,,29;32;57;64;67;72;111;113;131;145;155;161;168;179;190,0,0,15,0,0,0,0.0,0.0,0.75,0.0,0.0,0.0,0,15,0.22410350013524294,3,3,233,41,15,,method1_proportional_scores_gamma1,unrestricted_maximum_cardinality_then_maximum_testing_evalue_sum,200,0,2,exact_fixed_count_order_statistics,300.0,1,False
260,468dfb647376a8dc637c2b8f331ec149ebc38f733463a80e67168529f6565df9,proven_maximal,maximize_sum_testing_e_values_at_maximum_cardinality,proven_optimal,55889.56397826582,2.288479705429081,24422.13660259956,0,0,10,,,31;44;84;136;142;155;161;168;171;179,0,0,10,0,0,0,0.0,0.0,0.5,0.0,0.0,0.0,0,10,0.26681930013000965,7,7,262,47,10,,method1_proportional_scores_gamma1,unrestricted_maximum_cardinality_then_maximum_testing_evalue_sum,200,0,5,exact_fixed_count_order_statistics,300.0,1,False
261,b72f340da9f6ce66f14226a653abea914e67d9010ccba61c8fd566f6dc3f83f0,proven_maximal,maximize_sum_testing_e_values_at_maximum_cardinality,proven_optimal,578.7600137853686,0.3566609170496789,1622.7177863302409,0,0,1,,,95,0,0,1,0,0,0,0.0,0.0,0.05,0.0,0.0,0.0,0,1,0.6906061000190675,12,9,247,41,1,,method1_proportional_scores_gamma1,unrestricted_maximum_cardinality_then_maximum_testing_evalue_sum,200,0,0,exact_fixed_count_order_statistics,300.0,1,False
262,30903a9b67338ad2a13f25d6721c5dabbb3b9e37074ce5879fe351bbbe5aad0d,proven_maximal,maximize_sum_testing_e_values_at_maximum_cardinality,proven_optimal,8040.057655978619,1.100805595920297,7303.794317339893,0,0,3,,,3;9;118,0,0,3,0,0,0,0.0,0.0,0.15,0.0,0.0,0.0,0,3,0.24199729994870722,3,3,243,46,3,,method1_proportional_scores_gamma1,unrestricted_maximum_cardinality_then_maximum_testing_evalue_sum,200,0,2,exact_fixed_count_order_statistics,300.0,1,False
263,bb6784920d09cb4380b65d73f1cc5dd9d16153fd80393f3fb9729df736d95f9e,proven_maximal,maximize_sum_testing_e_values_at_maximum_cardinality,proven_optimal,338991.8879357688,1.194374114550543,283823.87378123595,0,0,9,,,36;56;66;80;84;94;100;114;139,0,0,9,0,0,0,0.0,0.0,0.45,0.0,0.0,0.0,0,9,0.47208549990318716,7,6,236,32,9,,method1_proportional_scores_gamma1,unrestricted_maximum_cardinality_then_maximum_testing_evalue_sum,200,0,3,exact_fixed_count_order_statistics,300.0,1,False
264,b752387e918893eb77bae5fd91bac223f897de6ca156af117fb10d3c8cd02325,proven_maximal,maximize_sum_testing_e_values_at_maximum_cardinality,proven_optimal,91222.66056361125,1.163744752986144,78387.17238426713,0,0,12,,,0;1;41;58;102;105;124;134;152;165;167;169,0,0,12,0,0,0,0.0,0.0,0.6,0.0,0.0,0.0,0,12,0.4518903000280261,13,13,260,40,12,,method1_proportional_scores_gamma1,unrestricted_maximum_cardinality_then_maximum_testing_evalue_sum,200,0,5,exact_fixed_count_order_statistics,300.0,1,False
265,e777dc70409da9191d402ffe76574a2bb1d7946bd74fe25a393ab57d59acf0c0,proven_maximal,maximize_sum_testing_e_values_at_maximum_cardinality,proven_optimal,11800.814015299287,1.6257621396723123,7258.635028662836,0,0,4,,,17;73;79;99,0,0,4,0,0,0,0.0,0.0,0.2,0.0,0.0,0.0,0,4,0.42349459999240935,4,4,240,39,4,,method1_proportional_scores_gamma1,unrestricted_maximum_cardinality_then_maximum_testing_evalue_sum,200,0,2,exact_fixed_count_order_statistics,300.0,1,False
266,a82f3bb20c50883c0f152772bf81fe185b5469afae091491207350d48d57cc7f,proven_maximal,maximize_sum_testing_e_values_at_maximum_cardinality,proven_optimal,4915.824263891975,0.7771031578835303,6325.832309420035,0,0,3,,,60;81;147,0,0,3,0,0,0,0.0,0.0,0.15,0.0,0.0,0.0,0,3,0.5831927000544965,6,4,246,47,3,,method1_proportional_scores_gamma1,unrestricted_maximum_cardinality_then_maximum_testing_evalue_sum,200,0,3,exact_fixed_count_order_statistics,300.0,1,False
267,ffba844735e15fa4500cbb1e5e028710a2050b8fbf3d84cd863ceccbdb81dab0,proven_maximal,maximize_sum_testing_e_values_at_maximum_cardinality,proven_optimal,1247.1811456963324,0.7989264883008815,1561.071217389196,0,0,2,,,56;107,0,0,2,0,0,0,0.0,0.0,0.1,0.0,0.0,0.0,0,2,0.6021610999014229,8,6,246,43,2,,method1_proportional_scores_gamma1,unrestricted_maximum_cardinality_then_maximum_testing_evalue_sum,200,0,0,exact_fixed_count_order_statistics,300.0,1,False
268,6c99e2d25d2ae4b6777b383b87dd3c4a0b323feae21f9b228aceeab9922f987c,proven_maximal,maximize_sum_testing_e_values_at_maximum_cardinality,proven_optimal,124925.92285980824,1.008831867315696,123832.25283338012,0,0,3,,,42;166;186,0,0,3,0,0,0,0.0,0.0,0.15,0.0,0.0,0.0,0,3,0.21616080007515848,3,3,239,41,3,,method1_proportional_scores_gamma1,unrestricted_maximum_cardinality_then_maximum_testing_evalue_sum,200,0,1,exact_fixed_count_order_statistics,300.0,1,False
269,fdd18323847c762fb6d4d3990c8bddf820b83024018e366f47ebd599051ded42,proven_maximal,maximize_sum_testing_e_values_at_maximum_cardinality,proven_optimal,38548.92146366124,1.5349363181044662,25114.34579335925,0,0,9,,,12;18;28;62;68;70;161;194;196,0,0,9,0,0,0,0.0,0.0,0.45,0.0,0.0,0.0,0,9,0.19418649980798364,3,3,238,43,9,,method1_proportional_scores_gamma1,unrestricted_maximum_cardinality_then_maximum_testing_evalue_sum,200,0,6,exact_fixed_count_order_statistics,300.0,1,False
270,9f9416ef288136fdd588399bec67d0e54cef6e1665355837c392652a06bad168,proven_maximal,maximize_sum_testing_e_values_at_maximum_cardinality,proven_optimal,42935.72155588535,3.1578630671765398,13596.448181103173,0,0,10,,,5;16;43;52;67;85;93;114;137;187,0,0,10,0,0,0,0.0,0.0,0.5,0.0,0.0,0.0,0,10,0.2646885998547077,5,5,241,44,10,,method1_proportional_scores_gamma1,unrestricted_maximum_cardinality_then_maximum_testing_evalue_sum,200,0,6,exact_fixed_count_order_statistics,300.0,1,False
271,8a89650119722cd76e709830998b296ecef47932463179d5ca875764e4ce18b4,proven_maximal,maximize_sum_testing_e_values_at_maximum_cardinality,proven_optimal,18557.7762782828,1.1557955757475618,16056.279040763537,0,0,3,,,30;136;167,0,0,3,0,0,0,0.0,0.0,0.15,0.0,0.0,0.0,0,3,0.5474833999760449,6,4,234,35,3,,method1_proportional_scores_gamma1,unrestricted_maximum_cardinality_then_maximum_testing_evalue_sum,200,0,10,exact_fixed_count_order_statistics,300.0,1,False
272,dd70c3ccb570dd1f184d9a18b17bc807ff0da4e8b7a1c3abcb3812e90b07c367,proven_maximal,maximize_sum_testing_e_values_at_maximum_cardinality,proven_optimal,0.0,0.0,5842.444733114125,0,0,0,,,,0,0,0,0,0,0,0.0,0.0,0.0,0.0,0.0,0.0,0,0,0.18796330015175045,3,3,227,27,0,,method1_proportional_scores_gamma1,unrestricted_maximum_cardinality_then_maximum_testing_evalue_sum,200,0,1,exact_fixed_count_order_statistics,300.0,1,False
273,1175127003dc76c43b200634afeaa532084998b89195bde3d5a3df6d0c2357d1,proven_maximal,maximize_sum_testing_e_values_at_maximum_cardinality,proven_optimal,199704.24976011342,1.0602376258368202,188358.01040591407,0,0,7,,,17;40;45;91;95;125;176,0,0,7,0,0,0,0.0,0.0,0.35,0.0,0.0,0.0,0,7,0.5125396999064833,7,6,257,49,7,,method1_proportional_scores_gamma1,unrestricted_maximum_cardinality_then_maximum_testing_evalue_sum,200,0,5,exact_fixed_count_order_statistics,300.0,1,False
274,607cb5f67496ac4b921d2440d6757dc976b9a79af68261f4b7b4ac1560b7d76e,proven_maximal,maximize_sum_testing_e_values_at_maximum_cardinality,proven_optimal,7300.217175906855,1.9062688449431016,3829.5842662868217,0,0,4,,,61;75;133;135,0,0,4,0,0,0,0.0,0.0,0.2,0.0,0.0,0.0,0,4,0.45800699992105365,5,4,248,49,4,,method1_proportional_scores_gamma1,unrestricted_maximum_cardinality_then_maximum_testing_evalue_sum,200,0,2,exact_fixed_count_order_statistics,300.0,1,False
275,74515a6fbee982bccf4d21e51f751b47063d4e338f2275c4e625506c5232a24c,proven_maximal,maximize_sum_testing_e_values_at_maximum_cardinality,proven_optimal,36404.830774354035,1.2515544134301908,29087.693178738988,0,0,9,,,29;46;63;91;116;133;151;164;170,0,0,9,0,0,0,0.0,0.0,0.45,0.0,0.0,0.0,0,9,0.6456404000055045,5,4,240,43,9,,method1_proportional_scores_gamma1,unrestricted_maximum_cardinality_then_maximum_testing_evalue_sum,200,0,4,exact_fixed_count_order_statistics,300.0,1,False
276,e3d11a6ba3dc177088d959dc15b904c99abef59b84fa67529d63532159e95afc,proven_maximal,maximize_sum_testing_e_values_at_maximum_cardinality,proven_optimal,165794.9461879293,1.1834266170388585,140097.3611720661,0,0,4,,,23;27;45;52,0,0,4,0,0,0,0.0,0.0,0.2,0.0,0.0,0.0,0,4,0.347297600004822,4,4,248,48,4,,method1_proportional_scores_gamma1,unrestricted_maximum_cardinality_then_maximum_testing_evalue_sum,200,0,3,exact_fixed_count_order_statistics,300.0,1,False
277,b9f292d56fd8da4dac136be1c5f209d24ae5cc731a5fad78edd5d24c87d4b3d4,proven_maximal,maximize_sum_testing_e_values_at_maximum_cardinality,proven_optimal,12167.533049463347,1.6947574137347563,7179.513097776994,0,0,12,,,1;23;28;44;45;77;97;116;132;136;167;179,0,0,12,0,0,0,0.0,0.0,0.6,0.0,0.0,0.0,0,12,0.5723270000889897,12,12,267,43,12,,method1_proportional_scores_gamma1,unrestricted_maximum_cardinality_then_maximum_testing_evalue_sum,200,0,5,exact_fixed_count_order_statistics,300.0,1,False
278,c03da62988cdbe535597c2e022d4df2e3bb73b8dc0ceffb0e37259a0129e1ed7,proven_maximal,maximize_sum_testing_e_values_at_maximum_cardinality,proven_optimal,3738.8259033645572,0.13132935463770365,28469.07999874667,0,0,2,,,2;109,0,0,2,0,0,0,0.0,0.0,0.1,0.0,0.0,0.0,0,2,0.39995240001007915,5,4,230,31,2,,method1_proportional_scores_gamma1,unrestricted_maximum_cardinality_then_maximum_testing_evalue_sum,200,0,5,exact_fixed_count_order_statistics,300.0,1,False
279,ddfc0889f58a2536e15bdf4d2ef97e20ef6fd9ad08f8a32ea455ff63f7389f6d,proven_maximal,maximize_sum_testing_e_values_at_maximum_cardinality,proven_optimal,56617.79445274763,1.4444709874799257,39196.21435355029,0,0,9,,,13;19;54;57;62;82;134;147;150,0,0,9,0,0,0,0.0,0.0,0.45,0.0,0.0,0.0,0,9,0.520523700164631,10,10,253,45,9,,method1_proportional_scores_gamma1,unrestricted_maximum_cardinality_then_maximum_testing_evalue_sum,200,0,5,exact_fixed_count_order_statistics,300.0,1,False
280,b36a40651b02beac991a049e51fd7fdaa9ceccee3c61db3fbbdf093c9c3acd07,proven_maximal,maximize_sum_testing_e_values_at_maximum_cardinality,proven_optimal,543.2026689183072,0.5152937847818694,1054.1611115070057,0,0,1,,,152,0,0,1,0,0,0,0.0,0.0,0.05,0.0,0.0,0.0,0,1,0.22216410003602505,3,3,250,51,1,,method1_proportional_scores_gamma1,unrestricted_maximum_cardinality_then_maximum_testing_evalue_sum,200,0,0,exact_fixed_count_order_statistics,300.0,1,False
281,7c378def6d8a7eab7125c79b8ac504e8716630235f57926d73707cfdafe92480,proven_maximal,maximize_sum_testing_e_values_at_maximum_cardinality,proven_optimal,2094.2806753497352,1.3494221503704058,1551.9833246955905,0,0,6,,,49;77;90;107;166;167,0,0,6,0,0,0,0.0,0.0,0.3,0.0,0.0,0.0,0,6,0.523114399984479,7,5,248,47,6,,method1_proportional_scores_gamma1,unrestricted_maximum_cardinality_then_maximum_testing_evalue_sum,200,0,0,exact_fixed_count_order_statistics,300.0,1,False
282,1cfef0a9292603677745e1c8bc7439bbb904b2ddb301983df0bb2a18b52dbb98,proven_maximal,maximize_sum_testing_e_values_at_maximum_cardinality,proven_optimal,142871.57216312757,1.377782079619643,103696.7850551296,0,0,10,,,20;40;67;87;96;132;134;147;151;173,0,0,10,0,0,0,0.0,0.0,0.5,0.0,0.0,0.0,0,10,0.2854718000162393,6,6,241,45,10,,method1_proportional_scores_gamma1,unrestricted_maximum_cardinality_then_maximum_testing_evalue_sum,200,0,6,exact_fixed_count_order_statistics,300.0,1,False
283,adcecdc9268a302b3de63081250381c1dd775565bea38d8940e11cbc04c19c4a,proven_maximal,maximize_sum_testing_e_values_at_maximum_cardinality,proven_optimal,4755.727973449517,2.204124486628316,2157.6494441674795,0,0,6,,,16;34;51;63;118;138,0,0,6,0,0,0,0.0,0.0,0.3,0.0,0.0,0.0,0,6,0.5588442999869585,5,4,231,31,6,,method1_proportional_scores_gamma1,unrestricted_maximum_cardinality_then_maximum_testing_evalue_sum,200,0,0,exact_fixed_count_order_statistics,300.0,1,False
284,6ef113dc1bd7d4a5c449c2f7399ce00cddecadc17b9177e7517d4fb54065ed47,proven_maximal,maximize_sum_testing_e_values_at_maximum_cardinality,proven_optimal,45985.61949157328,1.3742383703798244,33462.6222660799,0,0,3,,,55;111;175,0,0,3,0,0,0,0.0,0.0,0.15,0.0,0.0,0.0,0,3,0.2250234999228269,3,3,235,38,3,,method1_proportional_scores_gamma1,unrestricted_maximum_cardinality_then_maximum_testing_evalue_sum,200,0,7,exact_fixed_count_order_statistics,300.0,1,False
285,66c08fe8b9b25575c4ac8b4578444e7263e363810a2d3c1cae6d6a441e23b678,proven_maximal,maximize_sum_testing_e_values_at_maximum_cardinality,proven_optimal,579.588264318476,0.2632852024179734,2201.370449214847,0,0,1,,,120,0,0,1,0,0,0,0.0,0.0,0.05,0.0,0.0,0.0,0,1,0.39432980003766716,5,4,234,34,1,,method1_proportional_scores_gamma1,unrestricted_maximum_cardinality_then_maximum_testing_evalue_sum,200,0,8,exact_fixed_count_order_statistics,300.0,1,False
286,87152a4e23b1ad48aa8695dc26355d3e68da0d6d3beb5e7a7a76c9892636722b,proven_maximal,maximize_sum_testing_e_values_at_maximum_cardinality,proven_optimal,161536.17689064366,1.2384851077215633,130430.45562963709,0,0,8,,,8;30;47;89;94;128;156;192,0,0,8,0,0,0,0.0,0.0,0.4,0.0,0.0,0.0,0,8,0.8041616000700742,10,8,243,38,8,,method1_proportional_scores_gamma1,unrestricted_maximum_cardinality_then_maximum_testing_evalue_sum,200,0,7,exact_fixed_count_order_statistics,300.0,1,False
287,31907f2f225325eb2b71f26b9129693d407bcfa5929c39785d77c1e95b9cf17e,proven_maximal,maximize_sum_testing_e_values_at_maximum_cardinality,proven_optimal,1520.2331261136626,0.3555615873499682,4275.583134399005,0,0,1,,,199,0,0,1,0,0,0,0.0,0.0,0.05,0.0,0.0,0.0,0,1,0.19513639993965626,3,3,240,41,1,,method1_proportional_scores_gamma1,unrestricted_maximum_cardinality_then_maximum_testing_evalue_sum,200,0,4,exact_fixed_count_order_statistics,300.0,1,False
288,b1c8d9e8008575213fe0148775a6e3e06e249e87942783419cdb92e0f88cdbeb,proven_maximal,maximize_sum_testing_e_values_at_maximum_cardinality,proven_optimal,0.0,0.0,44355.71893656366,0,0,0,,,,0,0,0,0,0,0,0.0,0.0,0.0,0.0,0.0,0.0,0,0,0.2376981999259442,3,3,241,41,0,,method1_proportional_scores_gamma1,unrestricted_maximum_cardinality_then_maximum_testing_evalue_sum,200,0,2,exact_fixed_count_order_statistics,300.0,1,False
289,ea5afaa875bcd7911607675e268633344c48604a6093af5161e83a46c1a021eb,proven_maximal,maximize_sum_testing_e_values_at_maximum_cardinality,proven_optimal,4702.21047686427,1.298575187914952,3621.0536907103087,0,0,5,,,58;130;156;158;187,0,0,5,0,0,0,0.0,0.0,0.25,0.0,0.0,0.0,0,5,0.55994370020926,5,4,238,40,5,,method1_proportional_scores_gamma1,unrestricted_maximum_cardinality_then_maximum_testing_evalue_sum,200,0,2,exact_fixed_count_order_statistics,300.0,1,False
290,1a87340dd1f813657ab977b42277b48d4c4ad50c8bf3373b8b41bb8cdf234ce5,proven_maximal,maximize_sum_testing_e_values_at_maximum_cardinality,proven_optimal,168.47646939678054,0.04110202781225128,4098.981932627732,0,0,1,,,177,0,0,1,0,0,0,0.0,0.0,0.05,0.0,0.0,0.0,0,1,0.19999500014819205,3,3,247,48,1,,method1_proportional_scores_gamma1,unrestricted_maximum_cardinality_then_maximum_testing_evalue_sum,200,0,1,exact_fixed_count_order_statistics,300.0,1,False
291,08543e29c5ce245ba3641d36220c85f372b6d83ae96151138c67a1e2520e4db8,proven_maximal,maximize_sum_testing_e_values_at_maximum_cardinality,proven_optimal,8248.43955907848,1.5404795176319754,5354.462337647941,0,0,10,,,3;30;41;44;46;100;127;139;169;187,0,0,10,0,0,0,0.0,0.0,0.5,0.0,0.0,0.0,0,10,0.3795197999570519,6,6,236,37,10,,method1_proportional_scores_gamma1,unrestricted_maximum_cardinality_then_maximum_testing_evalue_sum,200,0,1,exact_fixed_count_order_statistics,300.0,1,False
292,da172b5b8e7f6aba0c13c1386a9008ffc6050c8b3bd81169a7eb8b11315fc16e,proven_maximal,maximize_sum_testing_e_values_at_maximum_cardinality,proven_optimal,657.2400597044443,0.3590464309493781,1830.5155073303276,0,0,2,,,84;193,0,0,2,0,0,0,0.0,0.0,0.1,0.0,0.0,0.0,0,2,0.6049927000422031,5,4,252,51,2,,method1_proportional_scores_gamma1,unrestricted_maximum_cardinality_then_maximum_testing_evalue_sum,200,0,0,exact_fixed_count_order_statistics,300.0,1,False
293,c98109031b2bdc44b7b32d2aec2f63b978f36beea0901b592a43b42ded2952c1,proven_maximal,maximize_sum_testing_e_values_at_maximum_cardinality,proven_optimal,130078.37075073818,2.2010689575452855,59097.81713327439,0,0,13,,,3;21;55;58;81;83;90;111;114;115;142;160;167,0,0,13,0,0,0,0.0,0.0,0.65,0.0,0.0,0.0,0,13,0.3017827000003308,3,3,231,40,13,,method1_proportional_scores_gamma1,unrestricted_maximum_cardinality_then_maximum_testing_evalue_sum,200,0,11,exact_fixed_count_order_statistics,300.0,1,False
294,5c0693c9355f0ae1e533511764ecc2ca8d7495863e13602c7d58e113aba85814,proven_maximal,maximize_sum_testing_e_values_at_maximum_cardinality,proven_optimal,9285.527389184423,1.8731400559423734,4957.198667407115,0,0,8,,,3;10;25;54;62;66;108;182,0,0,8,0,0,0,0.0,0.0,0.4,0.0,0.0,0.0,0,8,0.6468253000639379,6,5,252,54,8,,method1_proportional_scores_gamma1,unrestricted_maximum_cardinality_then_maximum_testing_evalue_sum,200,0,4,exact_fixed_count_order_statistics,300.0,1,False
295,9d2b9f7b1ea82f1b814afefe2ab45fd1a9720bfa9b91ae18368d725d13fcdd4f,proven_maximal,maximize_sum_testing_e_values_at_maximum_cardinality,proven_optimal,7276.574611001684,0.24085498191361288,30211.43491900684,0,0,4,,,30;96;122;124,0,0,4,0,0,0,0.0,0.0,0.2,0.0,0.0,0.0,0,4,0.5653310001362115,5,4,244,46,4,,method1_proportional_scores_gamma1,unrestricted_maximum_cardinality_then_maximum_testing_evalue_sum,200,0,2,exact_fixed_count_order_statistics,300.0,1,False
296,c9a56e746d3b68e1bfe041489e103c4f0c766a764bd8cd37ea62fea05c8abe15,proven_maximal,maximize_sum_testing_e_values_at_maximum_cardinality,proven_optimal,0.0,0.0,8496.117778603306,0,0,0,,,,0,0,0,0,0,0,0.0,0.0,0.0,0.0,0.0,0.0,0,0,0.25854640011675656,3,3,265,65,0,,method1_proportional_scores_gamma1,unrestricted_maximum_cardinality_then_maximum_testing_evalue_sum,200,0,1,exact_fixed_count_order_statistics,300.0,1,False
297,809d0cabdef38f4988eef32d79a36ace1913a0efa9ed0bbf51df9a4c2830eb39,proven_maximal,maximize_sum_testing_e_values_at_maximum_cardinality,proven_optimal,0.0,0.0,16417.13545905239,0,0,0,,,,0,0,0,0,0,0,0.0,0.0,0.0,0.0,0.0,0.0,0,0,0.25105879991315305,3,3,241,41,0,,method1_proportional_scores_gamma1,unrestricted_maximum_cardinality_then_maximum_testing_evalue_sum,200,0,1,exact_fixed_count_order_statistics,300.0,1,False
298,2e00bb66bffc188ca0898e2befb9f40f11563fd638e5faa4a2ab58c72cd60505,proven_maximal,maximize_sum_testing_e_values_at_maximum_cardinality,proven_optimal,31511.82053796814,1.5058530237338947,20926.22589409942,0,0,5,,,35;44;59;63;159,0,0,5,0,0,0,0.0,0.0,0.25,0.0,0.0,0.0,0,5,0.7406444998923689,7,6,259,50,5,,method1_proportional_scores_gamma1,unrestricted_maximum_cardinality_then_maximum_testing_evalue_sum,200,0,8,exact_fixed_count_order_statistics,300.0,1,False
299,7c2e702e9fd319d22416bb06e9cbc464940541675b31ac4a0989ff5dd8f8fd42,proven_maximal,maximize_sum_testing_e_values_at_maximum_cardinality,proven_optimal,24589.307116019656,2.6833228103410924,9163.752874330454,0,0,11,,,25;49;87;97;121;133;137;163;165;177;188,0,0,11,0,0,0,0.0,0.0,0.55,0.0,0.0,0.0,0,11,0.3595606000162661,5,5,243,44,11,,method1_proportional_scores_gamma1,unrestricted_maximum_cardinality_then_maximum_testing_evalue_sum,200,0,5,exact_fixed_count_order_statistics,300.0,1,False
300,cce1d67f457636f215879523712e9bf57c7c535edfc359a899264eb53e0f9996,proven_maximal,maximize_sum_testing_e_values_at_maximum_cardinality,proven_optimal,85.02396859699664,0.02561092824320761,3319.8315886713804,0,0,1,,,103,0,0,1,0,0,0,0.0,0.0,0.05,0.0,0.0,0.0,0,1,0.6143917001318187,5,4,242,42,1,,method1_proportional_scores_gamma1,unrestricted_maximum_cardinality_then_maximum_testing_evalue_sum,200,0,0,exact_fixed_count_order_statistics,300.0,1,False
301,b76cd295faf622b8508f7b4be129537ceaa8ccf0ad6aca465371882aa06308d3,proven_maximal,maximize_sum_testing_e_values_at_maximum_cardinality,proven_optimal,1298.7699575235192,0.14963175925298927,8679.774694940459,0,0,2,,,6;55,0,0,2,0,0,0,0.0,0.0,0.1,0.0,0.0,0.0,0,2,0.5646478999406099,5,4,232,33,2,,method1_proportional_scores_gamma1,unrestricted_maximum_cardinality_then_maximum_testing_evalue_sum,200,0,1,exact_fixed_count_order_statistics,300.0,1,False
302,1316fd2afb330df1c9880907be4069349fdbf1238cf395382bc203075659f7f2,proven_maximal,maximize_sum_testing_e_values_at_maximum_cardinality,proven_optimal,189226.91423793128,1.0786277028106859,175433.01895996567,0,0,4,,,12;49;78;137,0,0,4,0,0,0,0.0,0.0,0.2,0.0,0.0,0.0,0,4,0.3716549000237137,3,3,237,40,4,,method1_proportional_scores_gamma1,unrestricted_maximum_cardinality_then_maximum_testing_evalue_sum,200,0,5,exact_fixed_count_order_statistics,300.0,1,False
303,1ffa61a8ef278ace7ca313db1ead21cb8e25761e328bbaaeea675235912c91e6,proven_maximal,maximize_sum_testing_e_values_at_maximum_cardinality,proven_optimal,16320.990492556904,1.6878567727121152,9669.65370309928,0,0,12,,,19;23;38;48;60;68;81;106;110;111;189;194,0,0,11,0,0,1,0.0,0.0,0.55,0.0,0.0,0.08333333333333333,0,12,0.18942800001241267,4,4,246,50,12,,method1_proportional_scores_gamma1,unrestricted_maximum_cardinality_then_maximum_testing_evalue_sum,200,0,5,exact_fixed_count_order_statistics,300.0,1,False
304,070e75582b4bb39e961f5881565aae16a2c8ade4ff2e6cc89942aacdcea59862,proven_maximal,maximize_sum_testing_e_values_at_maximum_cardinality,proven_optimal,14607.687484150018,1.0417795227678979,14021.86083034051,0,0,5,,,36;84;118;128;171,0,0,5,0,0,0,0.0,0.0,0.25,0.0,0.0,0.0,0,5,0.5270619001239538,6,4,242,43,5,,method1_proportional_scores_gamma1,unrestricted_maximum_cardinality_then_maximum_testing_evalue_sum,200,0,2,exact_fixed_count_order_statistics,300.0,1,False
305,490688a68d3f5c219ddf88800aba3e86f75794818e59d71d1b140885e192dd37,proven_maximal,maximize_sum_testing_e_values_at_maximum_cardinality,proven_optimal,0.0,0.0,1944.1771015213428,0,0,0,,,,0,0,0,0,0,0,0.0,0.0,0.0,0.0,0.0,0.0,0,0,0.19799840007908642,3,3,260,60,0,,method1_proportional_scores_gamma1,unrestricted_maximum_cardinality_then_maximum_testing_evalue_sum,200,0,0,exact_fixed_count_order_statistics,300.0,1,False
306,b43aeac88639a485adc491ae537f2fff030464e84e37c120e971f4b6bdd177f7,proven_maximal,maximize_sum_testing_e_values_at_maximum_cardinality,proven_optimal,6056.212549559279,1.119879307972342,5407.915394494325,0,0,3,,,36;65;147,0,0,3,0,0,0,0.0,0.0,0.15,0.0,0.0,0.0,0,3,0.5035942001268268,4,4,250,51,3,,method1_proportional_scores_gamma1,unrestricted_maximum_cardinality_then_maximum_testing_evalue_sum,200,0,1,exact_fixed_count_order_statistics,300.0,1,False
307,0f9a1aa93d8ea78b5ef6b1183eba11732833704c3eca58e2d71c79636de442a9,proven_maximal,maximize_sum_testing_e_values_at_maximum_cardinality,proven_optimal,10514.18468901594,1.5061384528449502,6980.8885558666,0,0,8,,,51;65;101;162;165;173;180;195,0,0,8,0,0,0,0.0,0.0,0.4,0.0,0.0,0.0,0,8,0.3059417998883873,5,5,239,40,8,,method1_proportional_scores_gamma1,unrestricted_maximum_cardinality_then_maximum_testing_evalue_sum,200,0,8,exact_fixed_count_order_statistics,300.0,1,False
308,ce3f4cbac1606d422c601df207207b357e13715b28ca31908b28280bd97359dc,proven_maximal,maximize_sum_testing_e_values_at_maximum_cardinality,proven_optimal,5564.127731803647,0.24667939034056027,22556.111088656136,0,0,2,,,166;199,0,0,2,0,0,0,0.0,0.0,0.1,0.0,0.0,0.0,0,2,0.37908350001089275,5,4,237,38,2,,method1_proportional_scores_gamma1,unrestricted_maximum_cardinality_then_maximum_testing_evalue_sum,200,0,5,exact_fixed_count_order_statistics,300.0,1,False
309,e0acc67ab876aa1601d14db16926e5ef1142e04d232eeba1d3e218d5eee29bc4,proven_maximal,maximize_sum_testing_e_values_at_maximum_cardinality,proven_optimal,42499.0489265328,1.754723530839502,24219.797694398178,0,0,11,,,48;62;65;70;149;153;167;172;174;178;193,0,0,11,0,0,0,0.0,0.0,0.55,0.0,0.0,0.0,0,11,0.2509365000296384,3,3,227,33,11,,method1_proportional_scores_gamma1,unrestricted_maximum_cardinality_then_maximum_testing_evalue_sum,200,0,5,exact_fixed_count_order_statistics,300.0,1,False
310,cc5a47a6cecf4b9e7b6c65281e145fba1943ea44fed6f304a3f40fcd3ff2219e,proven_maximal,maximize_sum_testing_e_values_at_maximum_cardinality,proven_optimal,67851.83532369047,1.3969338444349115,48571.97468154831,0,0,6,,,24;65;81;93;175;199,0,0,6,0,0,0,0.0,0.0,0.3,0.0,0.0,0.0,0,6,0.8973924999590963,8,5,232,33,6,,method1_proportional_scores_gamma1,unrestricted_maximum_cardinality_then_maximum_testing_evalue_sum,200,0,11,exact_fixed_count_order_statistics,300.0,1,False
311,8e05641464859219613a18da0bd057c8b1bf99d03164179b5ee7b03125cca36b,proven_maximal,maximize_sum_testing_e_values_at_maximum_cardinality,proven_optimal,4118.114711720031,0.30988438682408903,13289.197154865844,0,0,6,,,17;71;72;75;106;196,0,0,6,0,0,0,0.0,0.0,0.3,0.0,0.0,0.0,0,6,0.5797636001370847,5,4,227,32,6,,method1_proportional_scores_gamma1,unrestricted_maximum_cardinality_then_maximum_testing_evalue_sum,200,0,3,exact_fixed_count_order_statistics,300.0,1,False
312,6de1e57287567472be1a90ec8f0680e9aa557abeb4c850c115907d54e17bc9a8,proven_maximal,maximize_sum_testing_e_values_at_maximum_cardinality,proven_optimal,548.65052947436,0.012706959841213096,43177.16718478131,0,0,3,,,9;139;157,0,0,3,0,0,0,0.0,0.0,0.15,0.0,0.0,0.0,0,3,0.39592120004817843,5,4,245,47,3,,method1_proportional_scores_gamma1,unrestricted_maximum_cardinality_then_maximum_testing_evalue_sum,200,0,1,exact_fixed_count_order_statistics,300.0,1,False
313,f25983163276e527cf9b70e592fb21a264a8797b127f98fc9ac83a1a21b948f2,proven_maximal,maximize_sum_testing_e_values_at_maximum_cardinality,proven_optimal,146156.301958296,1.3292697411216021,109952.327535097,0,0,7,,,4;19;105;127;160;172;173,0,0,7,0,0,0,0.0,0.0,0.35,0.0,0.0,0.0,0,7,0.5152483999263495,5,4,227,32,7,,method1_proportional_scores_gamma1,unrestricted_maximum_cardinality_then_maximum_testing_evalue_sum,200,0,5,exact_fixed_count_order_statistics,300.0,1,False
314,7bfcc466bbd0e11ac711ef613b1b7d9430f800a5a09805122b71f8ca8f5c2fb7,proven_maximal,maximize_sum_testing_e_values_at_maximum_cardinality,proven_optimal,2477.6969749644745,0.7831306697684958,3163.8359607304305,0,0,5,,,10;53;58;112;187,0,0,5,0,0,0,0.0,0.0,0.25,0.0,0.0,0.0,0,5,0.3937762000132352,5,4,243,45,5,,method1_proportional_scores_gamma1,unrestricted_maximum_cardinality_then_maximum_testing_evalue_sum,200,0,0,exact_fixed_count_order_statistics,300.0,1,False
315,649b73f6aa2a34c70be85c6375c22c4c6f46ac8e6556d38f57b637a368a6380b,proven_maximal,maximize_sum_testing_e_values_at_maximum_cardinality,proven_optimal,1182.8759878078195,0.22840657939088527,5178.817488367951,0,0,11,,,22;25;33;45;69;99;125;136;160;168;169,0,0,11,0,0,0,0.0,0.0,0.55,0.0,0.0,0.0,0,11,0.440510299988091,7,7,259,46,11,,method1_proportional_scores_gamma1,unrestricted_maximum_cardinality_then_maximum_testing_evalue_sum,200,0,1,exact_fixed_count_order_statistics,300.0,1,False
316,2c6aa5116ff3dd2decf80759014ad37a3c6522b96d94646c17e6ba5e5a14b93b,proven_maximal,maximize_sum_testing_e_values_at_maximum_cardinality,proven_optimal,24203.276148707722,1.667226431444372,14517.089995831966,0,0,9,,,6;7;30;34;51;55;65;135;140,0,0,9,0,0,0,0.0,0.0,0.45,0.0,0.0,0.0,0,9,0.5837681998964399,5,4,233,40,9,,method1_proportional_scores_gamma1,unrestricted_maximum_cardinality_then_maximum_testing_evalue_sum,200,0,4,exact_fixed_count_order_statistics,300.0,1,False
317,2fe084926e2c952b3d05e32f958310d13c8b8e9a27da0826b6c97e18e438be0e,proven_maximal,maximize_sum_testing_e_values_at_maximum_cardinality,proven_optimal,17542.600257588252,1.3763795436787054,12745.467148328456,0,0,7,,,51;82;117;130;137;157;189,0,0,7,0,0,0,0.0,0.0,0.35,0.0,0.0,0.0,0,7,0.4105614998843521,5,4,240,43,7,,method1_proportional_scores_gamma1,unrestricted_maximum_cardinality_then_maximum_testing_evalue_sum,200,0,4,exact_fixed_count_order_statistics,300.0,1,False
318,a93f1d4860e3fe193f350e074842eb5727a05408a751acda6a88f378023b6922,proven_maximal,maximize_sum_testing_e_values_at_maximum_cardinality,proven_optimal,3818.758807859606,0.7179501031281934,5318.975220173133,0,0,1,,,173,0,0,1,0,0,0,0.0,0.0,0.05,0.0,0.0,0.0,0,1,0.26011410006321967,3,3,241,42,1,,method1_proportional_scores_gamma1,unrestricted_maximum_cardinality_then_maximum_testing_evalue_sum,200,0,2,exact_fixed_count_order_statistics,300.0,1,False
319,10728bcf0864e1447a01e900d35aa6f528980087f52c9379dd8df86ab7ce04a5,proven_maximal,maximize_sum_testing_e_values_at_maximum_cardinality,proven_optimal,23268.70250272678,1.5173033904953572,15335.563505944712,0,0,6,,,4;30;44;55;82;87,0,0,6,0,0,0,0.0,0.0,0.3,0.0,0.0,0.0,0,6,0.6053887000307441,6,4,237,39,6,,method1_proportional_scores_gamma1,unrestricted_maximum_cardinality_then_maximum_testing_evalue_sum,200,0,5,exact_fixed_count_order_statistics,300.0,1,False
320,69200d18acff98cd703ea43ee4489e68f736ee80a49fae807f7152d64da73500,proven_maximal,maximize_sum_testing_e_values_at_maximum_cardinality,proven_optimal,26978.66504758452,1.2324957370177367,21889.45911720932,0,0,12,,,43;49;77;88;90;109;112;115;123;143;159;191,0,0,12,0,0,0,0.0,0.0,0.6,0.0,0.0,0.0,0,12,0.28385959984734654,5,5,235,41,12,,method1_proportional_scores_gamma1,unrestricted_maximum_cardinality_then_maximum_testing_evalue_sum,200,0,4,exact_fixed_count_order_statistics,300.0,1,False
321,82637bcdb824dc1ebeda1a2eb407fc6215eca69d1bffdf52453745ebf9af972d,proven_maximal,maximize_sum_testing_e_values_at_maximum_cardinality,proven_optimal,201100.62502476844,1.0035036268264386,200398.50345209552,0,0,3,,,21;58;109,0,0,3,0,0,0,0.0,0.0,0.15,0.0,0.0,0.0,0,3,0.47972969990223646,8,7,247,42,3,,method1_proportional_scores_gamma1,unrestricted_maximum_cardinality_then_maximum_testing_evalue_sum,200,0,1,exact_fixed_count_order_statistics,300.0,1,False
322,5205f624e01eabb2fcd4ee3742a2b9df2611526f2f0c86d36d0f7b524b10d6ec,proven_maximal,maximize_sum_testing_e_values_at_maximum_cardinality,proven_optimal,43671.033214756346,1.0603654944749834,41184.887137787424,0,0,8,,,17;44;51;59;81;122;131;133,0,0,8,0,0,0,0.0,0.0,0.4,0.0,0.0,0.0,0,8,0.3359552000183612,4,4,248,45,8,,method1_proportional_scores_gamma1,unrestricted_maximum_cardinality_then_maximum_testing_evalue_sum,200,0,2,exact_fixed_count_order_statistics,300.0,1,False
323,67c46cec38d509e41916af5eee826a587c5d7d051f9dfa2965dc584aa51e2c8b,proven_maximal,maximize_sum_testing_e_values_at_maximum_cardinality,proven_optimal,19890.13036208071,1.4917781719273906,13333.168923086256,0,0,9,,,18;21;37;130;142;164;179;191;199,0,0,9,0,0,0,0.0,0.0,0.45,0.0,0.0,0.0,0,9,0.6222439999692142,6,5,242,41,9,,method1_proportional_scores_gamma1,unrestricted_maximum_cardinality_then_maximum_testing_evalue_sum,200,0,4,exact_fixed_count_order_statistics,300.0,1,False
324,d245b6fd65a7822d9ad92271851fbe3cac0b8516faeb829a6ee0c6e0746ce9d3,proven_maximal,maximize_sum_testing_e_values_at_maximum_cardinality,proven_optimal,11910.165572677377,1.0754998423217441,11074.074680444592,0,0,3,,,96;134;188,0,0,3,0,0,0,0.0,0.0,0.15,0.0,0.0,0.0,0,3,0.16524000000208616,3,3,232,34,3,,method1_proportional_scores_gamma1,unrestricted_maximum_cardinality_then_maximum_testing_evalue_sum,200,0,3,exact_fixed_count_order_statistics,300.0,1,False
325,2b67566a24c664b28ecebdb792afb0b29c4cc089dff05e1c3b4610b04e22b82b,proven_maximal,maximize_sum_testing_e_values_at_maximum_cardinality,proven_optimal,6013.96993174799,1.485728888643178,4047.824591497421,0,0,4,,,19;78;93;172,0,0,4,0,0,0,0.0,0.0,0.2,0.0,0.0,0.0,0,4,0.19208179996348917,3,3,241,43,4,,method1_proportional_scores_gamma1,unrestricted_maximum_cardinality_then_maximum_testing_evalue_sum,200,0,3,exact_fixed_count_order_statistics,300.0,1,False
326,9f97e15cfbd2f8498ef653132114fb4f55d4851d6cbfdf0bbc24439ff37d0b90,proven_maximal,maximize_sum_testing_e_values_at_maximum_cardinality,proven_optimal,42580.25070591836,1.771400799603329,24037.615154883857,0,0,8,,,17;36;42;59;146;148;167;179,0,0,8,0,0,0,0.0,0.0,0.4,0.0,0.0,0.0,0,8,0.6053620001766831,5,4,247,50,8,,method1_proportional_scores_gamma1,unrestricted_maximum_cardinality_then_maximum_testing_evalue_sum,200,0,3,exact_fixed_count_order_statistics,300.0,1,False
327,bb5016366e41002b888c32a8362c14e149c8c9ca214d4929faf5a87ec55b231c,proven_maximal,maximize_sum_testing_e_values_at_maximum_cardinality,proven_optimal,3468.1115519372815,2.0132861238881197,1722.6123553862074,0,0,6,,,75;109;119;121;180;193,0,0,6,0,0,0,0.0,0.0,0.3,0.0,0.0,0.0,0,6,0.5896647998597473,6,5,255,51,6,,method1_proportional_scores_gamma1,unrestricted_maximum_cardinality_then_maximum_testing_evalue_sum,200,0,3,exact_fixed_count_order_statistics,300.0,1,False
328,87eaa8c164ceb4727b34a1454d3f0fbee674da69cd213e24bdb62d4a7437cd84,proven_maximal,maximize_sum_testing_e_values_at_maximum_cardinality,proven_optimal,18314.549287384827,1.3282075614072257,13788.921114092063,0,0,6,,,17;56;85;94;130;151,0,0,6,0,0,0,0.0,0.0,0.3,0.0,0.0,0.0,0,6,0.5420775001402944,5,4,256,56,6,,method1_proportional_scores_gamma1,unrestricted_maximum_cardinality_then_maximum_testing_evalue_sum,200,0,4,exact_fixed_count_order_statistics,300.0,1,False
329,90c0dfa8b824ce9287edcccf0dc9df9662c286a4f381bcb67b0bf8f3bfe60c08,proven_maximal,maximize_sum_testing_e_values_at_maximum_cardinality,proven_optimal,30699.272097857443,1.4061071521336168,21832.81128417176,0,0,7,,,10;41;72;79;96;107;186,0,0,7,0,0,0,0.0,0.0,0.35,0.0,0.0,0.0,0,7,0.4318914001341909,4,4,239,42,7,,method1_proportional_scores_gamma1,unrestricted_maximum_cardinality_then_maximum_testing_evalue_sum,200,0,6,exact_fixed_count_order_statistics,300.0,1,False
330,1e20a879dcb533bb88e792a70a46f0aff32cef02b6698395ac82a78435b1ca6e,proven_maximal,maximize_sum_testing_e_values_at_maximum_cardinality,proven_optimal,24416.95780404089,1.2504539307209233,19526.4753096212,0,0,6,,,9;26;77;80;123;181,0,0,6,0,0,0,0.0,0.0,0.3,0.0,0.0,0.0,0,6,0.36694979993626475,5,4,239,41,6,,method1_proportional_scores_gamma1,unrestricted_maximum_cardinality_then_maximum_testing_evalue_sum,200,0,5,exact_fixed_count_order_statistics,300.0,1,False
331,2addc4538aeec805b7e9ec25214f46add7b503876c5b6adfcb47cb7d6decc990,proven_maximal,maximize_sum_testing_e_values_at_maximum_cardinality,proven_optimal,28164.613065372483,1.4130019119591626,19932.466351953863,0,0,7,,,4;20;73;92;99;112;175,0,0,7,0,0,0,0.0,0.0,0.35,0.0,0.0,0.0,0,7,0.4699383999686688,5,4,243,43,7,,method1_proportional_scores_gamma1,unrestricted_maximum_cardinality_then_maximum_testing_evalue_sum,200,0,4,exact_fixed_count_order_statistics,300.0,1,False
332,a7f644c59110e7966d9e5f04895598805d48698c93568742a39c9d319e6d8427,proven_maximal,maximize_sum_testing_e_values_at_maximum_cardinality,proven_optimal,5300.470213682818,1.2632166585241527,4196.010381841773,0,0,6,,,16;38;69;106;130;147,0,0,6,0,0,0,0.0,0.0,0.3,0.0,0.0,0.0,0,6,0.9582573999650776,10,7,246,37,6,,method1_proportional_scores_gamma1,unrestricted_maximum_cardinality_then_maximum_testing_evalue_sum,200,0,2,exact_fixed_count_order_statistics,300.0,1,False
333,beeb4e1f5667663d27cd33e9aac28c834b67f56ee0bdf4d6bee611b4d4e7d533,proven_maximal,maximize_sum_testing_e_values_at_maximum_cardinality,proven_optimal,0.0,0.0,84047.06578507152,0,0,0,,,,0,0,0,0,0,0,0.0,0.0,0.0,0.0,0.0,0.0,0,0,0.2364179000724107,3,3,234,34,0,,method1_proportional_scores_gamma1,unrestricted_maximum_cardinality_then_maximum_testing_evalue_sum,200,0,4,exact_fixed_count_order_statistics,300.0,1,False
334,13ac770e9098e8e226ff2980fc40c6bbeda39c0a57f2bab1a97c316f6340c1ae,proven_maximal,maximize_sum_testing_e_values_at_maximum_cardinality,proven_optimal,3147.3261563848714,0.046358121871572656,67891.58036005011,0,0,6,,,65;74;109;126;130;160,0,0,6,0,0,0,0.0,0.0,0.3,0.0,0.0,0.0,0,6,0.34340519993565977,3,3,251,53,6,,method1_proportional_scores_gamma1,unrestricted_maximum_cardinality_then_maximum_testing_evalue_sum,200,0,1,exact_fixed_count_order_statistics,300.0,1,False
335,35d027f4ff472eeea91fd1df32dd6979fad96ec0329a2fc825f1be9bc370c64b,proven_maximal,maximize_sum_testing_e_values_at_maximum_cardinality,proven_optimal,121592.12379491574,2.105687319060645,57744.624614616776,0,0,6,,,41;63;121;124;128;175,0,0,6,0,0,0,0.0,0.0,0.3,0.0,0.0,0.0,0,6,0.5920605999417603,5,4,226,29,6,,method1_proportional_scores_gamma1,unrestricted_maximum_cardinality_then_maximum_testing_evalue_sum,200,0,4,exact_fixed_count_order_statistics,300.0,1,False
336,150b9b661ee8291dedb61532257098c3cc0036a5f883784cac7fab35c16b4f2d,proven_maximal,maximize_sum_testing_e_values_at_maximum_cardinality,proven_optimal,0.0,0.0,8585.488903213816,0,0,0,,,,0,0,0,0,0,0,0.0,0.0,0.0,0.0,0.0,0.0,0,0,0.2315177998971194,3,3,236,36,0,,method1_proportional_scores_gamma1,unrestricted_maximum_cardinality_then_maximum_testing_evalue_sum,200,0,1,exact_fixed_count_order_statistics,300.0,1,False
337,08f0764368b71a40c6043ee6941581d7b91ac7a280f4086c5843cfd151dc1d59,proven_maximal,maximize_sum_testing_e_values_at_maximum_cardinality,proven_optimal,9349.148757131454,2.04204340658349,4578.330082010041,0,0,7,,,7;82;102;105;140;152;170,0,0,7,0,0,0,0.0,0.0,0.35,0.0,0.0,0.0,0,7,0.32377949985675514,3,3,244,48,7,,method1_proportional_scores_gamma1,unrestricted_maximum_cardinality_then_maximum_testing_evalue_sum,200,0,2,exact_fixed_count_order_statistics,300.0,1,False
338,692eca576bd3a6515461e4a5652d2d83b3faba4f41c40386a03b51f4c5784c31,proven_maximal,maximize_sum_testing_e_values_at_maximum_cardinality,proven_optimal,80631.03312485534,1.6113475990111743,50039.50306832349,0,0,6,,,71;117;123;125;145;169,0,0,6,0,0,0,0.0,0.0,0.3,0.0,0.0,0.0,0,6,0.16333009977824986,3,3,238,42,6,,method1_proportional_scores_gamma1,unrestricted_maximum_cardinality_then_maximum_testing_evalue_sum,200,0,2,exact_fixed_count_order_statistics,300.0,1,False
339,e834fb05f1b86dff450aaf115a4682551e0e975ac51f752764b241d10e9d48a5,proven_maximal,maximize_sum_testing_e_values_at_maximum_cardinality,proven_optimal,85.51820761542218,0.003666607868389132,23323.52154499502,0,0,1,,,132,0,0,1,0,0,0,0.0,0.0,0.05,0.0,0.0,0.0,0,1,0.5044991001486778,5,4,238,38,1,,method1_proportional_scores_gamma1,unrestricted_maximum_cardinality_then_maximum_testing_evalue_sum,200,0,1,exact_fixed_count_order_statistics,300.0,1,False
340,91d4bcb0b2a587daca84ad30bf16024cede86f99af1916b837607e17aae0e87f,proven_maximal,maximize_sum_testing_e_values_at_maximum_cardinality,proven_optimal,1610.293545063683,1.0,1610.293545063683,0,0,1,,,197,0,0,1,0,0,0,0.0,0.0,0.05,0.0,0.0,0.0,0,1,0.21511269989423454,3,3,243,44,1,,method1_proportional_scores_gamma1,unrestricted_maximum_cardinality_then_maximum_testing_evalue_sum,200,0,0,exact_fixed_count_order_statistics,300.0,1,False
341,049c541782672d41dcc1929654d1ae16d2dcdef814f39ffcf2dc8b7752c423d9,proven_maximal,maximize_sum_testing_e_values_at_maximum_cardinality,proven_optimal,0.0,0.0,5116.875554435822,0,0,0,,,,0,0,0,0,0,0,0.0,0.0,0.0,0.0,0.0,0.0,0,0,0.2540716000366956,3,3,248,48,0,,method1_proportional_scores_gamma1,unrestricted_maximum_cardinality_then_maximum_testing_evalue_sum,200,0,2,exact_fixed_count_order_statistics,300.0,1,False
342,5f6451bbbee216d49234078b0d8b41b9afa95acfe541e839b03205c5940172b5,proven_maximal,maximize_sum_testing_e_values_at_maximum_cardinality,proven_optimal,196.55863081778224,0.7165092451809912,274.3281152891911,0,0,1,,,101,0,0,1,0,0,0,0.0,0.0,0.05,0.0,0.0,0.0,0,1,0.2780045000836253,3,3,256,57,1,,method1_proportional_scores_gamma1,unrestricted_maximum_cardinality_then_maximum_testing_evalue_sum,200,0,0,exact_fixed_count_order_statistics,300.0,1,False
343,1e20ea616b7fa23f4f5b1bcdbb4a1c312922f95a7596134caf1b645f7d380dd3,proven_maximal,maximize_sum_testing_e_values_at_maximum_cardinality,proven_optimal,8422.589072590546,1.6363076147920876,5147.31398696127,0,0,7,,,11;20;36;38;41;64;136,0,0,7,0,0,0,0.0,0.0,0.35,0.0,0.0,0.0,0,7,0.7129446000326425,7,4,242,42,7,,method1_proportional_scores_gamma1,unrestricted_maximum_cardinality_then_maximum_testing_evalue_sum,200,0,1,exact_fixed_count_order_statistics,300.0,1,False
344,46d8f4c72de5e1c9005f214d71f95faf0d71e29cb2822e3823fa0144894dd906,proven_maximal,maximize_sum_testing_e_values_at_maximum_cardinality,proven_optimal,315245.2315977715,2.0787096791245596,151654.28571561555,0,0,12,,,10;14;21;22;30;33;52;100;104;143;160;183,0,0,12,0,0,0,0.0,0.0,0.6,0.0,0.0,0.0,0,12,0.5300187000539154,10,10,257,44,12,,method1_proportional_scores_gamma1,unrestricted_maximum_cardinality_then_maximum_testing_evalue_sum,200,0,4,exact_fixed_count_order_statistics,300.0,1,False
345,84322abd06c21ef6480a45fd6b9a34c5257195a8ba9985dfc02dba2ba6779078,proven_maximal,maximize_sum_testing_e_values_at_maximum_cardinality,proven_optimal,2921.237710852266,0.01585601405929375,184235.31285531557,0,0,2,,,170;195,0,0,2,0,0,0,0.0,0.0,0.1,0.0,0.0,0.0,0,2,0.7589737998787314,8,5,252,50,2,,method1_proportional_scores_gamma1,unrestricted_maximum_cardinality_then_maximum_testing_evalue_sum,200,0,4,exact_fixed_count_order_statistics,300.0,1,False
346,2e457fa14e97504b0e5f990ea71efd90100552b8eef8e4efd101c7ee9de30ace,proven_maximal,maximize_sum_testing_e_values_at_maximum_cardinality,proven_optimal,11662.014353320756,1.9452000576429371,5995.277610392425,0,0,6,,,11;40;78;93;104;136,0,0,6,0,0,0,0.0,0.0,0.3,0.0,0.0,0.0,0,6,0.5754226997960359,7,6,238,35,6,,method1_proportional_scores_gamma1,unrestricted_maximum_cardinality_then_maximum_testing_evalue_sum,200,0,7,exact_fixed_count_order_statistics,300.0,1,False
347,5f3be88dd947391e6274ba095561b9633d3d69c05ba2d9ff2899c645d8658bed,proven_maximal,maximize_sum_testing_e_values_at_maximum_cardinality,proven_optimal,7277.819168816871,1.4945082455142047,4869.708274050267,0,0,7,,,22;54;62;66;126;194;195,0,0,7,0,0,0,0.0,0.0,0.35,0.0,0.0,0.0,0,7,0.6344819001387805,5,4,236,42,7,,method1_proportional_scores_gamma1,unrestricted_maximum_cardinality_then_maximum_testing_evalue_sum,200,0,1,exact_fixed_count_order_statistics,300.0,1,False
348,101277d708ed6ab75b35f04edaf8a42827edf032c5d5f9c10c79afbd2bfafe53,proven_maximal,maximize_sum_testing_e_values_at_maximum_cardinality,proven_optimal,427627.8705888513,1.0163095099532513,420765.3932201437,0,0,11,,,1;7;13;18;27;40;57;81;130;175;181,0,0,11,0,0,0,0.0,0.0,0.55,0.0,0.0,0.0,0,11,0.224707999965176,5,5,231,28,11,,method1_proportional_scores_gamma1,unrestricted_maximum_cardinality_then_maximum_testing_evalue_sum,200,0,6,exact_fixed_count_order_statistics,300.0,1,False
349,fcf5674119b6efcc28136ff6eedb9e6bf243df48e59afa04d984b99bfeeccbb2,proven_maximal,maximize_sum_testing_e_values_at_maximum_cardinality,proven_optimal,41045.10177146508,1.0100803226107193,40635.48299344872,0,0,4,,,41;85;126;195,0,0,4,0,0,0,0.0,0.0,0.2,0.0,0.0,0.0,0,4,0.24400860001333058,4,4,245,47,4,,method1_proportional_scores_gamma1,unrestricted_maximum_cardinality_then_maximum_testing_evalue_sum,200,0,1,exact_fixed_count_order_statistics,300.0,1,False
350,7eedc19c864a5c4cfef732ac78be9de8f2dfde444cf8f809bbae26fde9725962,proven_maximal,maximize_sum_testing_e_values_at_maximum_cardinality,proven_optimal,0.0,0.0,24165.87379748712,0,0,0,,,,0,0,0,0,0,0,0.0,0.0,0.0,0.0,0.0,0.0,0,0,0.22803230001591146,3,3,234,34,0,,method1_proportional_scores_gamma1,unrestricted_maximum_cardinality_then_maximum_testing_evalue_sum,200,0,6,exact_fixed_count_order_statistics,300.0,1,False
351,a03203d68a8f90bfb833ec56842690e43c60a4429c4b490ac91021c2a77c03d3,proven_maximal,maximize_sum_testing_e_values_at_maximum_cardinality,proven_optimal,0.0,0.0,28407.156739378846,0,0,0,,,,0,0,0,0,0,0,0.0,0.0,0.0,0.0,0.0,0.0,0,0,0.14858430018648505,3,3,245,45,0,,method1_proportional_scores_gamma1,unrestricted_maximum_cardinality_then_maximum_testing_evalue_sum,200,0,3,exact_fixed_count_order_statistics,300.0,1,False
352,b9013ee09084fc00275d56fd8985815dd148d625f6a74a23b72b76fb188ff3d4,proven_maximal,maximize_sum_testing_e_values_at_maximum_cardinality,proven_optimal,226568.7888486309,1.0492209333262286,215940.01954418223,0,0,9,,,10;79;104;105;125;141;144;182;187,0,0,9,0,0,0,0.0,0.0,0.45,0.0,0.0,0.0,0,9,0.3802476997952908,4,4,243,45,9,,method1_proportional_scores_gamma1,unrestricted_maximum_cardinality_then_maximum_testing_evalue_sum,200,0,4,exact_fixed_count_order_statistics,300.0,1,False
353,98e53bbdac798431e8decdd9d6720550b857a21eaff92df62638653eca6ec350,proven_maximal,maximize_sum_testing_e_values_at_maximum_cardinality,proven_optimal,11073.912301209755,1.6579850041934516,6679.13899896628,0,0,10,,,0;9;12;36;90;108;111;126;152;184,0,0,10,0,0,0,0.0,0.0,0.5,0.0,0.0,0.0,0,10,0.18662210018374026,3,3,249,53,10,,method1_proportional_scores_gamma1,unrestricted_maximum_cardinality_then_maximum_testing_evalue_sum,200,0,6,exact_fixed_count_order_statistics,300.0,1,False
354,3c4ee87626a884606e9ac23fb863e67fe693a9c259b52f7ffea3f037f2c9ba8a,proven_maximal,maximize_sum_testing_e_values_at_maximum_cardinality,proven_optimal,195869.70883414018,1.1075765299413065,176845.30462605582,0,0,3,,,29;93;165,0,0,3,0,0,0,0.0,0.0,0.15,0.0,0.0,0.0,0,3,0.4279302000068128,4,4,246,47,3,,method1_proportional_scores_gamma1,unrestricted_maximum_cardinality_then_maximum_testing_evalue_sum,200,0,2,exact_fixed_count_order_statistics,300.0,1,False
355,6c5f7cc9030c3bab86ddf47c352eea7010473b88e378fbd16bf7a1a2865e3f44,proven_maximal,maximize_sum_testing_e_values_at_maximum_cardinality,proven_optimal,548.9183760451529,0.044034757153951457,12465.57064289148,0,0,1,,,130,0,0,1,0,0,0,0.0,0.0,0.05,0.0,0.0,0.0,0,1,0.2533899999689311,3,3,247,48,1,,method1_proportional_scores_gamma1,unrestricted_maximum_cardinality_then_maximum_testing_evalue_sum,200,0,9,exact_fixed_count_order_statistics,300.0,1,False
356,a1b8ee93b17734abf0687b3f0466f8265d1b57eec8fd04b15fa0aca463f5b86c,proven_maximal,maximize_sum_testing_e_values_at_maximum_cardinality,proven_optimal,8326.4120721008,2.4323083610300444,3423.255128956879,0,0,12,,,4;26;32;44;45;55;77;83;113;143;156;180,0,0,12,0,0,0,0.0,0.0,0.6,0.0,0.0,0.0,0,12,0.29989050002768636,9,9,248,37,12,,method1_proportional_scores_gamma1,unrestricted_maximum_cardinality_then_maximum_testing_evalue_sum,200,0,5,exact_fixed_count_order_statistics,300.0,1,False
357,6afe795395507cf3773e1797ae02bb144ebf1c13e21936e26e092cacf264287b,proven_maximal,maximize_sum_testing_e_values_at_maximum_cardinality,proven_optimal,139.35846541429686,0.0847825640117159,1643.7160993979758,0,0,1,,,96,0,0,1,0,0,0,0.0,0.0,0.05,0.0,0.0,0.0,0,1,0.9770533998962492,8,5,250,47,1,,method1_proportional_scores_gamma1,unrestricted_maximum_cardinality_then_maximum_testing_evalue_sum,200,0,0,exact_fixed_count_order_statistics,300.0,1,False
358,8362e7a36e67ae0b20511fb4c2263e1b376b52af9b507c414b2ca8f91df5af2a,proven_maximal,maximize_sum_testing_e_values_at_maximum_cardinality,proven_optimal,58.348809057153545,0.0010398156464525078,56114.571132122845,0,0,1,,,147,0,0,1,0,0,0,0.0,0.0,0.05,0.0,0.0,0.0,0,1,0.7011895999312401,11,8,241,33,1,,method1_proportional_scores_gamma1,unrestricted_maximum_cardinality_then_maximum_testing_evalue_sum,200,0,2,exact_fixed_count_order_statistics,300.0,1,False
359,cce9bd7dda0ef5a773fda2857958355237381fd48bc5eefeabc82bfe5388f4b9,proven_maximal,maximize_sum_testing_e_values_at_maximum_cardinality,proven_optimal,20734.04090447516,2.157613305059999,9609.711274884165,0,0,12,,,21;38;45;68;75;100;103;113;138;142;144;147,0,0,12,0,0,0,0.0,0.0,0.6,0.0,0.0,0.0,0,12,0.4052649000659585,7,7,246,42,12,,method1_proportional_scores_gamma1,unrestricted_maximum_cardinality_then_maximum_testing_evalue_sum,200,0,3,exact_fixed_count_order_statistics,300.0,1,False
360,e5a3b9f96596d8bd1a63cf91d40e701756f5730195fef6e106ee8731f1967b31,proven_maximal,maximize_sum_testing_e_values_at_maximum_cardinality,proven_optimal,19114.645780425722,1.309754875175206,14594.06347150932,0,0,5,,,9;114;138;142;156,0,0,5,0,0,0,0.0,0.0,0.25,0.0,0.0,0.0,0,5,0.19243960012681782,3,3,240,44,5,,method1_proportional_scores_gamma1,unrestricted_maximum_cardinality_then_maximum_testing_evalue_sum,200,0,8,exact_fixed_count_order_statistics,300.0,1,False
361,c3e2373de037da84333575cf4bf0c805230475e8f50727e26a267365d9f1508e,proven_maximal,maximize_sum_testing_e_values_at_maximum_cardinality,proven_optimal,161600.50984446646,1.055510543876734,153101.74851587147,0,0,2,,,95;96,0,0,2,0,0,0,0.0,0.0,0.1,0.0,0.0,0.0,0,2,0.15306510007940233,3,3,244,46,2,,method1_proportional_scores_gamma1,unrestricted_maximum_cardinality_then_maximum_testing_evalue_sum,200,0,4,exact_fixed_count_order_statistics,300.0,1,False
362,6c249f135b2137581b08790bebb7359f7ca9fcfd3b628cb2776890381304e7d3,proven_maximal,maximize_sum_testing_e_values_at_maximum_cardinality,proven_optimal,103804.3391661388,1.3507324604697553,76850.40687482843,0,0,6,,,27;73;126;149;168;186,0,0,6,0,0,0,0.0,0.0,0.3,0.0,0.0,0.0,0,6,0.39503840007819235,6,5,242,46,6,,method1_proportional_scores_gamma1,unrestricted_maximum_cardinality_then_maximum_testing_evalue_sum,200,0,3,exact_fixed_count_order_statistics,300.0,1,False
363,3d320ed98f095ceb4652a692860bac89dd495fbb584d56a6e0a652bb73cb0793,proven_maximal,maximize_sum_testing_e_values_at_maximum_cardinality,proven_optimal,236059.71844701274,1.063783797625451,221905.72837632868,0,0,6,,,11;19;35;38;105;110,0,0,6,0,0,0,0.0,0.0,0.3,0.0,0.0,0.0,0,6,0.4452237000223249,5,4,247,47,6,,method1_proportional_scores_gamma1,unrestricted_maximum_cardinality_then_maximum_testing_evalue_sum,200,0,6,exact_fixed_count_order_statistics,300.0,1,False
364,079110f8758a8443364f1cf498e7fd562747726a2267ad515fb51b618bcd946e,proven_maximal,maximize_sum_testing_e_values_at_maximum_cardinality,proven_optimal,1906.615941278848,0.01933670172888153,98600.8869563884,0,0,4,,,2;58;90;186,0,0,4,0,0,0,0.0,0.0,0.2,0.0,0.0,0.0,0,4,0.6249555998947471,6,4,246,48,4,,method1_proportional_scores_gamma1,unrestricted_maximum_cardinality_then_maximum_testing_evalue_sum,200,0,2,exact_fixed_count_order_statistics,300.0,1,False
365,716b38c644cc3cb850bf586aee7abb9d3a1b6476a73b8b08e05fbce64cbb7ba1,proven_maximal,maximize_sum_testing_e_values_at_maximum_cardinality,proven_optimal,15097.57460483164,1.6936525952378712,8914.20982513312,0,0,6,,,26;35;77;99;104;134,0,0,6,0,0,0,0.0,0.0,0.3,0.0,0.0,0.0,0,6,0.5221033999696374,5,4,238,42,6,,method1_proportional_scores_gamma1,unrestricted_maximum_cardinality_then_maximum_testing_evalue_sum,200,0,7,exact_fixed_count_order_statistics,300.0,1,False
366,5a3c10ede288a6ded5a3599fbb607beae1b6da493269bbfb7f644a41b4569354,proven_maximal,maximize_sum_testing_e_values_at_maximum_cardinality,proven_optimal,37349.83209653679,2.314182399071963,16139.536845287075,0,0,10,,,7;14;39;54;73;79;87;142;160;199,0,0,10,0,0,0,0.0,0.0,0.5,0.0,0.0,0.0,0,10,0.16753110010176897,3,3,225,32,10,,method1_proportional_scores_gamma1,unrestricted_maximum_cardinality_then_maximum_testing_evalue_sum,200,0,8,exact_fixed_count_order_statistics,300.0,1,False
367,f5d13beec2571d9f54e718ed42d0c8eae5c1143722bfd59af8e773edc89e5857,proven_maximal,maximize_sum_testing_e_values_at_maximum_cardinality,proven_optimal,26832.283120824068,3.2091623671848843,8361.148502548866,0,0,10,,,2;67;86;99;110;149;154;160;189;192,0,0,10,0,0,0,0.0,0.0,0.5,0.0,0.0,0.0,0,10,0.3371573998592794,4,4,227,33,10,,method1_proportional_scores_gamma1,unrestricted_maximum_cardinality_then_maximum_testing_evalue_sum,200,0,9,exact_fixed_count_order_statistics,300.0,1,False
368,1c4cc04e6d5572971dad8b3d349b4d3524853429565efd7e8cd1a1d562632962,proven_maximal,maximize_sum_testing_e_values_at_maximum_cardinality,proven_optimal,34718.03056133481,1.803626262896734,19249.01587182232,0,0,11,,,26;27;55;105;108;129;143;151;154;157;170,0,0,11,0,0,0,0.0,0.0,0.55,0.0,0.0,0.0,0,11,0.19925760012120008,5,5,243,40,11,,method1_proportional_scores_gamma1,unrestricted_maximum_cardinality_then_maximum_testing_evalue_sum,200,0,8,exact_fixed_count_order_statistics,300.0,1,False
369,20fc40a5621409ae47a7c434e64e2d3c3df69afd6e339ec9f25e2ee656d2b4a5,proven_maximal,maximize_sum_testing_e_values_at_maximum_cardinality,proven_optimal,191930.51136701545,1.051802754615721,182477.6656314594,0,0,8,,,4;5;8;36;38;120;126;155,0,0,8,0,0,0,0.0,0.0,0.4,0.0,0.0,0.0,0,8,0.3881008999887854,4,4,239,43,8,,method1_proportional_scores_gamma1,unrestricted_maximum_cardinality_then_maximum_testing_evalue_sum,200,0,4,exact_fixed_count_order_statistics,300.0,1,False
370,8f32400805311a69a2c0dde12eb1120b0d5039ffa1af8349c7fd395726ce9cb1,proven_maximal,maximize_sum_testing_e_values_at_maximum_cardinality,proven_optimal,0.0,0.0,102353.3239428736,0,0,0,,,,0,0,0,0,0,0,0.0,0.0,0.0,0.0,0.0,0.0,0,0,0.21466050017625093,3,3,239,39,0,,method1_proportional_scores_gamma1,unrestricted_maximum_cardinality_then_maximum_testing_evalue_sum,200,0,1,exact_fixed_count_order_statistics,300.0,1,False
371,6ebfe9e550908da4498c2d0b884008e54c7611327e9348ba512f5a3460d6f3ac,proven_maximal,maximize_sum_testing_e_values_at_maximum_cardinality,proven_optimal,49469.76451920096,1.6872227960094994,29320.23241755823,0,0,10,,,51;53;58;67;93;103;110;116;125;158,0,0,9,0,0,1,0.0,0.0,0.45,0.0,0.0,0.1,0,10,0.2031577001325786,6,6,232,34,10,,method1_proportional_scores_gamma1,unrestricted_maximum_cardinality_then_maximum_testing_evalue_sum,200,0,4,exact_fixed_count_order_statistics,300.0,1,False
372,355132db15aa7e7d29ea001f3c9ad3f7ee1e61479dba9e246c4ebd8166a952f3,proven_maximal,maximize_sum_testing_e_values_at_maximum_cardinality,proven_optimal,6340.619110781777,1.6922290563439915,3746.903580819306,0,0,6,,,8;20;21;31;53;147,0,0,6,0,0,0,0.0,0.0,0.3,0.0,0.0,0.0,0,6,0.48019519983790815,6,5,235,34,6,,method1_proportional_scores_gamma1,unrestricted_maximum_cardinality_then_maximum_testing_evalue_sum,200,0,2,exact_fixed_count_order_statistics,300.0,1,False
373,8f53da548164915ac47fff075b4c034d32c8bdaeca06c7dcf1ccdaca8b1e5b41,proven_maximal,maximize_sum_testing_e_values_at_maximum_cardinality,proven_optimal,19633.039245762622,3.5555791379683845,5521.755664530281,0,0,10,,,3;9;10;39;77;78;89;92;106;158,0,0,10,0,0,0,0.0,0.0,0.5,0.0,0.0,0.0,0,10,0.4057783999014646,9,9,245,33,10,,method1_proportional_scores_gamma1,unrestricted_maximum_cardinality_then_maximum_testing_evalue_sum,200,0,7,exact_fixed_count_order_statistics,300.0,1,False
374,c3dd9424a234858f09eb22274ffd6cd6cbf1f0be8f364756924e33198aa8cf64,proven_maximal,maximize_sum_testing_e_values_at_maximum_cardinality,proven_optimal,16782.861360706334,0.9659151722980055,17375.088250015047,0,0,8,,,19;48;55;104;157;171;189;195,0,0,8,0,0,0,0.0,0.0,0.4,0.0,0.0,0.0,0,8,0.5479753001127392,8,6,253,53,8,,method1_proportional_scores_gamma1,unrestricted_maximum_cardinality_then_maximum_testing_evalue_sum,200,0,10,exact_fixed_count_order_statistics,300.0,1,False
375,5d452f22a6d1204105b9a766e3f335244babff3295292791b99e03c036730c1a,proven_maximal,maximize_sum_testing_e_values_at_maximum_cardinality,proven_optimal,10841.371870862948,2.4380329796815223,4446.769982692828,0,0,3,,,34;44;187,0,0,3,0,0,0,0.0,0.0,0.15,0.0,0.0,0.0,0,3,0.27269540005363524,3,3,257,59,3,,method1_proportional_scores_gamma1,unrestricted_maximum_cardinality_then_maximum_testing_evalue_sum,200,0,4,exact_fixed_count_order_statistics,300.0,1,False
376,16d3235c0d293befdd882d5fc880fb6a14c443d5e66e1bc6d780f1ed21e0e75f,proven_maximal,maximize_sum_testing_e_values_at_maximum_cardinality,proven_optimal,28577.0026040261,1.1252318045193206,25396.547172992232,0,0,4,,,20;96;152;170,0,0,4,0,0,0,0.0,0.0,0.2,0.0,0.0,0.0,0,4,0.5239957000594586,5,4,231,33,4,,method1_proportional_scores_gamma1,unrestricted_maximum_cardinality_then_maximum_testing_evalue_sum,200,0,4,exact_fixed_count_order_statistics,300.0,1,False
377,ae0ceb9d5c58c472d2c6135e27c7db5344f62584484992ff69cce08b6bade3a2,proven_maximal,maximize_sum_testing_e_values_at_maximum_cardinality,proven_optimal,23855.492479936474,2.366196056090881,10081.790314259672,0,0,12,,,2;34;40;59;62;64;77;79;85;138;177;186,0,0,12,0,0,0,0.0,0.0,0.6,0.0,0.0,0.0,0,12,0.23394050006754696,4,4,234,42,12,,method1_proportional_scores_gamma1,unrestricted_maximum_cardinality_then_maximum_testing_evalue_sum,200,0,3,exact_fixed_count_order_statistics,300.0,1,False
378,bb0e4639c4777396edae16a21e78c07b75e7714d59656a660d3fb216a2e20025,proven_maximal,maximize_sum_testing_e_values_at_maximum_cardinality,proven_optimal,17074.548260332675,1.7787905989928936,9598.964751668833,0,0,9,,,35;52;121;159;176;177;188;192;194,0,0,9,0,0,0,0.0,0.0,0.45,0.0,0.0,0.0,0,9,0.46750460006296635,7,6,231,35,9,,method1_proportional_scores_gamma1,unrestricted_maximum_cardinality_then_maximum_testing_evalue_sum,200,0,5,exact_fixed_count_order_statistics,300.0,1,False
379,ad9391709c3414823485db1f2c8f2bbfceb5b4a332003eec03739a73639a1f83,proven_maximal,maximize_sum_testing_e_values_at_maximum_cardinality,proven_optimal,4448.8176697931585,1.5975644393469273,2784.750060918859,0,0,5,,,5;15;83;121;125,0,0,5,0,0,0,0.0,0.0,0.25,0.0,0.0,0.0,0,5,0.49597190017811954,5,4,243,46,5,,method1_proportional_scores_gamma1,unrestricted_maximum_cardinality_then_maximum_testing_evalue_sum,200,0,2,exact_fixed_count_order_statistics,300.0,1,False
380,84229509f9bf6263b28d2cdac21373520ef044f11ff240c89c60005c8e81ac1e,proven_maximal,maximize_sum_testing_e_values_at_maximum_cardinality,proven_optimal,6616.804576580482,1.116630389013464,5925.689146277299,0,0,3,,,29;36;179,0,0,3,0,0,0,0.0,0.0,0.15,0.0,0.0,0.0,0,3,0.4945423000026494,5,4,242,44,3,,method1_proportional_scores_gamma1,unrestricted_maximum_cardinality_then_maximum_testing_evalue_sum,200,0,1,exact_fixed_count_order_statistics,300.0,1,False
381,41d78c7a34355e2c0fd73ef0705380019c5819371c6301b95b1ae3174f1d564c,proven_maximal,maximize_sum_testing_e_values_at_maximum_cardinality,proven_optimal,0.0,0.0,6187.826238874615,0,0,0,,,,0,0,0,0,0,0,0.0,0.0,0.0,0.0,0.0,0.0,0,0,0.1847147000953555,3,3,240,40,0,,method1_proportional_scores_gamma1,unrestricted_maximum_cardinality_then_maximum_testing_evalue_sum,200,0,3,exact_fixed_count_order_statistics,300.0,1,False
382,4c9351c7223e23f2b38842fe1abcca17c3de9d41add2fcc3a41be35a2f670954,proven_maximal,maximize_sum_testing_e_values_at_maximum_cardinality,proven_optimal,130393.7564959053,1.011334187182308,128932.41239989833,0,0,4,,,29;47;149;169,0,0,4,0,0,0,0.0,0.0,0.2,0.0,0.0,0.0,0,4,0.16659480007365346,3,3,241,44,4,,method1_proportional_scores_gamma1,unrestricted_maximum_cardinality_then_maximum_testing_evalue_sum,200,0,9,exact_fixed_count_order_statistics,300.0,1,False
383,d25684ce77c4c66c0a0190c4fd66e49c68f15c8948c800c703931ad99df8171f,proven_maximal,maximize_sum_testing_e_values_at_maximum_cardinality,proven_optimal,12103.674603693225,1.3603533267062458,8897.449189174431,0,0,3,,,6;61;162,0,0,3,0,0,0,0.0,0.0,0.15,0.0,0.0,0.0,0,3,0.5218443998601288,6,4,239,40,3,,method1_proportional_scores_gamma1,unrestricted_maximum_cardinality_then_maximum_testing_evalue_sum,200,0,4,exact_fixed_count_order_statistics,300.0,1,False
384,fa40e0964d3af9dd43968b2bc7404fb5c2f8fbd9c9e2cebd871bc154c7696a1d,proven_maximal,maximize_sum_testing_e_values_at_maximum_cardinality,proven_optimal,34213.84107807164,1.2159849886402907,28136.729809740013,0,0,6,,,5;73;103;140;153;180,0,0,6,0,0,0,0.0,0.0,0.3,0.0,0.0,0.0,0,6,0.17228839988820255,3,3,229,34,6,,method1_proportional_scores_gamma1,unrestricted_maximum_cardinality_then_maximum_testing_evalue_sum,200,0,2,exact_fixed_count_order_statistics,300.0,1,False
385,d2cfe42e44081904920f59b8426223cb7d95f9137a2c4deb9a0049515ea6372f,proven_maximal,maximize_sum_testing_e_values_at_maximum_cardinality,proven_optimal,17843.493319077825,1.5125909248561313,11796.64179247604,0,0,4,,,82;93;184;185,0,0,4,0,0,0,0.0,0.0,0.2,0.0,0.0,0.0,0,4,0.7004213999025524,7,5,233,33,4,,method1_proportional_scores_gamma1,unrestricted_maximum_cardinality_then_maximum_testing_evalue_sum,200,0,6,exact_fixed_count_order_statistics,300.0,1,False
386,82ed2f597eee93be1851967db861745875b92fcd9915760c69448df16774f9b0,proven_maximal,maximize_sum_testing_e_values_at_maximum_cardinality,proven_optimal,0.0,0.0,3988.142499614377,0,0,0,,,,0,0,0,0,0,0,0.0,0.0,0.0,0.0,0.0,0.0,0,0,0.23106599994935095,3,3,256,56,0,,method1_proportional_scores_gamma1,unrestricted_maximum_cardinality_then_maximum_testing_evalue_sum,200,0,6,exact_fixed_count_order_statistics,300.0,1,False
387,87baa76d76170eb205deb9f30a790b8dc56cc48cfcc4986295c58573f19a3537,proven_maximal,maximize_sum_testing_e_values_at_maximum_cardinality,proven_optimal,9061.327037645164,1.9988412022889455,4533.290101919407,0,0,9,,,21;35;39;64;90;104;132;156;174,0,0,9,0,0,0,0.0,0.0,0.45,0.0,0.0,0.0,0,9,0.6516046000178903,9,8,254,44,9,,method1_proportional_scores_gamma1,unrestricted_maximum_cardinality_then_maximum_testing_evalue_sum,200,0,2,exact_fixed_count_order_statistics,300.0,1,False
388,1c7cae463cdf4bbb64736ec79c5d8869f3a60fe60e1722aa79eb6897473c1070,proven_maximal,maximize_sum_testing_e_values_at_maximum_cardinality,proven_optimal,7479.260101607617,2.855052588477514,2619.657561402751,0,0,7,,,17;47;65;95;104;125;168,0,0,7,0,0,0,0.0,0.0,0.35,0.0,0.0,0.0,0,7,0.40742750000208616,5,4,235,39,7,,method1_proportional_scores_gamma1,unrestricted_maximum_cardinality_then_maximum_testing_evalue_sum,200,0,2,exact_fixed_count_order_statistics,300.0,1,False
389,fec47bacf6f0c63951f90586d558ba6ff8838c12ebfd951807d7c2febd9e4fff,proven_maximal,maximize_sum_testing_e_values_at_maximum_cardinality,proven_optimal,186763.12309748746,1.0245347414510941,182290.66867265676,0,0,8,,,7;10;21;43;73;102;166;199,0,0,8,0,0,0,0.0,0.0,0.4,0.0,0.0,0.0,0,8,0.6903140000067651,6,4,237,38,8,,method1_proportional_scores_gamma1,unrestricted_maximum_cardinality_then_maximum_testing_evalue_sum,200,0,4,exact_fixed_count_order_statistics,300.0,1,False
390,055f636d0480de3b0f46e16bed0aa9916058c0e05d8a233f33fd723ae2d06d1b,proven_maximal,maximize_sum_testing_e_values_at_maximum_cardinality,proven_optimal,0.0,0.0,20845.897684730837,0,0,0,,,,0,0,0,0,0,0,0.0,0.0,0.0,0.0,0.0,0.0,0,0,0.41372199985198677,5,3,253,52,0,,method1_proportional_scores_gamma1,unrestricted_maximum_cardinality_then_maximum_testing_evalue_sum,200,0,3,exact_fixed_count_order_statistics,300.0,1,False
391,509daf9d2b7aca8d19afb0a17026304252266a60ab598f80bad6b89b645c4efc,proven_maximal,maximize_sum_testing_e_values_at_maximum_cardinality,proven_optimal,40191.02986872711,1.6203876989183925,24803.341753059834,0,0,9,,,40;73;90;101;109;113;116;143;161,0,0,9,0,0,0,0.0,0.0,0.45,0.0,0.0,0.0,0,9,0.4997632000595331,8,8,252,43,9,,method1_proportional_scores_gamma1,unrestricted_maximum_cardinality_then_maximum_testing_evalue_sum,200,0,5,exact_fixed_count_order_statistics,300.0,1,False
392,ecc11890b675ed882574364809632ed30179e31e08798ac97a9ff50176bdbc9a,proven_maximal,maximize_sum_testing_e_values_at_maximum_cardinality,proven_optimal,3239.4489297418204,3.1526818574164612,1027.521670834387,0,0,7,,,19;49;67;118;172;173;180,0,0,7,0,0,0,0.0,0.0,0.35,0.0,0.0,0.0,0,7,0.687801199965179,6,4,245,46,7,,method1_proportional_scores_gamma1,unrestricted_maximum_cardinality_then_maximum_testing_evalue_sum,200,0,0,exact_fixed_count_order_statistics,300.0,1,False
393,64febe7d78273224a69ecea742be92171ec8c495345823f6f5f4a37d922d02b8,proven_maximal,maximize_sum_testing_e_values_at_maximum_cardinality,proven_optimal,3339.72143634466,2.2399427458694814,1490.9851791985318,0,0,7,,,52;59;73;128;140;156;184,0,0,7,0,0,0,0.0,0.0,0.35,0.0,0.0,0.0,0,7,1.046670500189066,24,23,272,37,7,,method1_proportional_scores_gamma1,unrestricted_maximum_cardinality_then_maximum_testing_evalue_sum,200,0,0,exact_fixed_count_order_statistics,300.0,1,False
394,f6d2585c016d7953ff8807d1cac36beee54884770ea4b6bbc417ac7b1526fbf8,proven_maximal,maximize_sum_testing_e_values_at_maximum_cardinality,proven_optimal,0.0,0.0,4862.362076548855,0,0,0,,,,0,0,0,0,0,0,0.0,0.0,0.0,0.0,0.0,0.0,0,0,0.226833299966529,3,3,248,48,0,,method1_proportional_scores_gamma1,unrestricted_maximum_cardinality_then_maximum_testing_evalue_sum,200,0,2,exact_fixed_count_order_statistics,300.0,1,False
395,178b9fb232863decdbddae1d9fd0f0141f5c6660f45c6719da4199d8ee47abc3,proven_maximal,maximize_sum_testing_e_values_at_maximum_cardinality,proven_optimal,2584.7091251054326,0.06890664595859561,37510.30236849032,0,0,2,,,54;97,0,0,2,0,0,0,0.0,0.0,0.1,0.0,0.0,0.0,0,2,0.18540339986793697,3,3,239,40,2,,method1_proportional_scores_gamma1,unrestricted_maximum_cardinality_then_maximum_testing_evalue_sum,200,0,5,exact_fixed_count_order_statistics,300.0,1,False
396,26ef8c8a2df0f726f96b2dc1ab22b38d8e36ae0bf0926009f3ea9609f57e4628,proven_maximal,maximize_sum_testing_e_values_at_maximum_cardinality,proven_optimal,93945.16051706634,1.0413811318225121,90212.08244156846,0,0,6,,,0;53;61;62;82;133,0,0,6,0,0,0,0.0,0.0,0.3,0.0,0.0,0.0,0,6,0.2971014999784529,7,7,235,30,6,,method1_proportional_scores_gamma1,unrestricted_maximum_cardinality_then_maximum_testing_evalue_sum,200,0,3,exact_fixed_count_order_statistics,300.0,1,False
397,a2d9938b5bc3b5c7e0bf8a20e9d4fb47800a0c009bf1e7aef5c8232d011e9d2f,proven_maximal,maximize_sum_testing_e_values_at_maximum_cardinality,proven_optimal,770.1993993239599,0.4974283040795004,1548.362634388542,0,0,7,,,7;83;131;142;152;153;180,0,0,7,0,0,0,0.0,0.0,0.35,0.0,0.0,0.0,0,7,0.405209599994123,4,4,229,32,7,,method1_proportional_scores_gamma1,unrestricted_maximum_cardinality_then_maximum_testing_evalue_sum,200,0,0,exact_fixed_count_order_statistics,300.0,1,False
398,fe12343293246e1e52800abc320ceafa3a790bf5b2b9025b21ed01397fc9df75,proven_maximal,maximize_sum_testing_e_values_at_maximum_cardinality,proven_optimal,0.0,0.0,2954.461939489666,0,0,0,,,,0,0,0,0,0,0,0.0,0.0,0.0,0.0,0.0,0.0,0,0,0.23253539996221662,3,3,240,40,0,,method1_proportional_scores_gamma1,unrestricted_maximum_cardinality_then_maximum_testing_evalue_sum,200,0,0,exact_fixed_count_order_statistics,300.0,1,False
399,0731a0d7fed7a009a78c507c80d394a5ead02455a820eb26890ecc62670e9f2c,proven_maximal,maximize_sum_testing_e_values_at_maximum_cardinality,proven_optimal,62317.1453694932,1.0447911134856092,59645.55456601474,0,0,9,,,9;24;48;62;93;130;131;132;191,0,0,9,0,0,0,0.0,0.0,0.45,0.0,0.0,0.0,0,9,0.1570208000484854,3,3,229,34,9,,method1_proportional_scores_gamma1,unrestricted_maximum_cardinality_then_maximum_testing_evalue_sum,200,0,1,exact_fixed_count_order_statistics,300.0,1,False
400,ec62ccc303c28169134a9ed41142a375a53168d102f396c5091d0cf6556b1279,proven_maximal,maximize_sum_testing_e_values_at_maximum_cardinality,proven_optimal,417329.3102293306,1.0410690509685736,400866.1191503698,0,0,11,,,11;42;70;80;81;86;93;97;112;148;188,0,0,11,0,0,0,0.0,0.0,0.55,0.0,0.0,0.0,0,11,0.24682040000334382,3,3,234,42,11,,method1_proportional_scores_gamma1,unrestricted_maximum_cardinality_then_maximum_testing_evalue_sum,200,0,6,exact_fixed_count_order_statistics,300.0,1,False
401,d390bee779e81849c83d85b2fe48f1752dab0b69d1bbf88f386ae41227279a3f,proven_maximal,maximize_sum_testing_e_values_at_maximum_cardinality,proven_optimal,902.0891556284565,0.2966344478583943,3041.080232391252,0,0,4,,,66;74;123;187,0,0,4,0,0,0,0.0,0.0,0.2,0.0,0.0,0.0,0,4,0.17708709998987615,3,3,238,41,4,,method1_proportional_scores_gamma1,unrestricted_maximum_cardinality_then_maximum_testing_evalue_sum,200,0,0,exact_fixed_count_order_statistics,300.0,1,False
402,075264d05c2ae8cd35d34f9876fe35324cf72f8afa864735a974c375286cd9e6,proven_maximal,maximize_sum_testing_e_values_at_maximum_cardinality,proven_optimal,48721.69961336709,1.4094251761942185,34568.48964833111,0,0,7,,,7;22;41;47;99;105;172,0,0,7,0,0,0,0.0,0.0,0.35,0.0,0.0,0.0,0,7,0.46151069994084537,5,4,246,51,7,,method1_proportional_scores_gamma1,unrestricted_maximum_cardinality_then_maximum_testing_evalue_sum,200,0,4,exact_fixed_count_order_statistics,300.0,1,False
403,70c8cf4df462d1c61906f89898cd694ceb1b949aca8552d8095cc5c118ad8f04,proven_maximal,maximize_sum_testing_e_values_at_maximum_cardinality,proven_optimal,3717.9595302208636,1.1080997687031167,3355.2570221833366,0,0,2,,,16;172,0,0,2,0,0,0,0.0,0.0,0.1,0.0,0.0,0.0,0,2,0.22619329998269677,3,3,244,46,2,,method1_proportional_scores_gamma1,unrestricted_maximum_cardinality_then_maximum_testing_evalue_sum,200,0,0,exact_fixed_count_order_statistics,300.0,1,False
404,323f48280d2a200ad9bce6dbb32c1e20fc935280f6640fba6a01fcbfecc514c5,proven_maximal,maximize_sum_testing_e_values_at_maximum_cardinality,proven_optimal,58539.58749083287,1.0690521779085096,54758.400666054986,0,0,9,,,11;24;28;47;56;68;79;88;94,0,0,9,0,0,0,0.0,0.0,0.45,0.0,0.0,0.0,0,9,0.6006498001515865,5,4,246,45,9,,method1_proportional_scores_gamma1,unrestricted_maximum_cardinality_then_maximum_testing_evalue_sum,200,0,1,exact_fixed_count_order_statistics,300.0,1,False
405,e51dd30550be2319c18f1270616c2221b5c8eeead51153c17befce4106e4bc7e,proven_maximal,maximize_sum_testing_e_values_at_maximum_cardinality,proven_optimal,20379.150483275873,1.5597022236524563,13066.05207983399,0,0,6,,,69;73;115;142;180;187,0,0,5,0,0,1,0.0,0.0,0.25,0.0,0.0,0.16666666666666666,0,6,0.40046079992316663,5,5,249,45,6,,method1_proportional_scores_gamma1,unrestricted_maximum_cardinality_then_maximum_testing_evalue_sum,200,0,6,exact_fixed_count_order_statistics,300.0,1,False
406,7f27c01591ce4214f3d9469bed25c3d807b6160f1f7b9df3f152b9a0ebb8f016,proven_maximal,maximize_sum_testing_e_values_at_maximum_cardinality,proven_optimal,16107.579203178764,1.1566395953407005,13926.18691947348,0,0,4,,,29;44;179;198,0,0,4,0,0,0,0.0,0.0,0.2,0.0,0.0,0.0,0,4,0.23329500015825033,3,3,256,58,4,,method1_proportional_scores_gamma1,unrestricted_maximum_cardinality_then_maximum_testing_evalue_sum,200,0,4,exact_fixed_count_order_statistics,300.0,1,False
407,cdbd5950559a36577b234bbb7ebc218853e74eb533dbc0252e43dff8bfc0bc74,proven_maximal,maximize_sum_testing_e_values_at_maximum_cardinality,proven_optimal,1600.025180591789,0.08537241977274732,18741.710553020435,0,0,2,,,4;34,0,0,2,0,0,0,0.0,0.0,0.1,0.0,0.0,0.0,0,2,0.6666534000542015,6,4,242,42,2,,method1_proportional_scores_gamma1,unrestricted_maximum_cardinality_then_maximum_testing_evalue_sum,200,0,1,exact_fixed_count_order_statistics,300.0,1,False
408,e791fd1253df8c838e220ee97bebc6df14b15e2f2b549e9e80692868cf40334b,proven_maximal,maximize_sum_testing_e_values_at_maximum_cardinality,proven_optimal,67334.37798506072,1.0436986299296938,64515.15413946318,0,0,7,,,2;11;84;112;121;126;130,0,0,7,0,0,0,0.0,0.0,0.35,0.0,0.0,0.0,0,7,0.45995399984531105,5,4,241,44,7,,method1_proportional_scores_gamma1,unrestricted_maximum_cardinality_then_maximum_testing_evalue_sum,200,0,1,exact_fixed_count_order_statistics,300.0,1,False
409,2ba760b35f71d6b16f641d07bebf2200c688982049c528ddba5f19b847983494,proven_maximal,maximize_sum_testing_e_values_at_maximum_cardinality,proven_optimal,29150.081767520183,1.299323128353587,22434.82097055962,0,0,6,,,79;86;144;146;163;197,0,0,6,0,0,0,0.0,0.0,0.3,0.0,0.0,0.0,0,6,0.524003200000152,5,4,242,42,6,,method1_proportional_scores_gamma1,unrestricted_maximum_cardinality_then_maximum_testing_evalue_sum,200,0,2,exact_fixed_count_order_statistics,300.0,1,False
410,78c839c552d03590038d1d7de3e921c00d404026bb0074f70300b9aa86ef5df6,proven_maximal,maximize_sum_testing_e_values_at_maximum_cardinality,proven_optimal,10969.549390615432,1.1558314859728298,9490.613055399404,0,0,9,,,3;40;54;68;82;119;147;158;174,0,0,9,0,0,0,0.0,0.0,0.45,0.0,0.0,0.0,0,9,0.14492659992538393,3,3,227,32,9,,method1_proportional_scores_gamma1,unrestricted_maximum_cardinality_then_maximum_testing_evalue_sum,200,0,2,exact_fixed_count_order_statistics,300.0,1,False
411,93d46a51e6a34e561c28ab4c6e65d90666fabf6e65632aaf655963a3752c7ee8,proven_maximal,maximize_sum_testing_e_values_at_maximum_cardinality,proven_optimal,21042.06463839351,1.5795051076445779,13321.935165991512,0,0,9,,,3;9;35;39;50;112;124;144;176,0,0,9,0,0,0,0.0,0.0,0.45,0.0,0.0,0.0,0,9,0.16475460003130138,3,3,236,44,9,,method1_proportional_scores_gamma1,unrestricted_maximum_cardinality_then_maximum_testing_evalue_sum,200,0,4,exact_fixed_count_order_statistics,300.0,1,False
412,d2760494a74870f40656a5b048b97954ec39db5a476df4ac309d45a410a6c4bf,proven_maximal,maximize_sum_testing_e_values_at_maximum_cardinality,proven_optimal,48261.448899547926,1.4456047284220461,33384.9550646032,0,0,8,,,18;82;87;99;151;159;164;188,0,0,8,0,0,0,0.0,0.0,0.4,0.0,0.0,0.0,0,8,0.48297860007733107,8,7,242,36,8,,method1_proportional_scores_gamma1,unrestricted_maximum_cardinality_then_maximum_testing_evalue_sum,200,0,7,exact_fixed_count_order_statistics,300.0,1,False
413,89c7d4ead7bbb42363dc2415552f7ec5abe5ba511ec0dbfa10a7cb8f82f7ec8e,proven_maximal,maximize_sum_testing_e_values_at_maximum_cardinality,proven_optimal,6606.266624518783,2.3640887234071957,2794.4241513058078,0,0,7,,,67;70;86;87;148;156;165,0,0,7,0,0,0,0.0,0.0,0.35,0.0,0.0,0.0,0,7,0.497624599840492,9,7,238,33,7,,method1_proportional_scores_gamma1,unrestricted_maximum_cardinality_then_maximum_testing_evalue_sum,200,0,5,exact_fixed_count_order_statistics,300.0,1,False
414,d42480f92af4b13ddb4356bba1f4cfc39674199ce7cfc5ca613e6a3d5a52856c,proven_maximal,maximize_sum_testing_e_values_at_maximum_cardinality,proven_optimal,41651.791216077734,1.4110240213643503,29518.83921565254,0,0,7,,,23;70;73;107;125;141;186,0,0,7,0,0,0,0.0,0.0,0.35,0.0,0.0,0.0,0,7,0.41266690008342266,5,4,233,37,7,,method1_proportional_scores_gamma1,unrestricted_maximum_cardinality_then_maximum_testing_evalue_sum,200,0,5,exact_fixed_count_order_statistics,300.0,1,False
415,9a8611fa348d5a7f5b7e72a0ada48f28a31181d5d40c7063f14ebf82c8c90d27,proven_maximal,maximize_sum_testing_e_values_at_maximum_cardinality,proven_optimal,1729.4086974166507,0.2673619166221128,6468.418237220311,0,0,3,,,46;171;187,0,0,3,0,0,0,0.0,0.0,0.15,0.0,0.0,0.0,0,3,0.5464912999887019,6,5,238,36,3,,method1_proportional_scores_gamma1,unrestricted_maximum_cardinality_then_maximum_testing_evalue_sum,200,0,1,exact_fixed_count_order_statistics,300.0,1,False
416,8b2cb83515f0e672d4267d9a9103c0f91f7937a3b2bc79ab8ae3011a473fe577,proven_maximal,maximize_sum_testing_e_values_at_maximum_cardinality,proven_optimal,410.16663897409074,0.12845419048995096,3193.096600505052,0,0,4,,,10;109;183;186,0,0,4,0,0,0,0.0,0.0,0.2,0.0,0.0,0.0,0,4,0.7342801000922918,10,7,249,43,4,,method1_proportional_scores_gamma1,unrestricted_maximum_cardinality_then_maximum_testing_evalue_sum,200,0,0,exact_fixed_count_order_statistics,300.0,1,False
417,3d0679e5f8d4a13a046992f173ddc7442188ef9c86e66afb793a0ae65dd9b086,proven_maximal,maximize_sum_testing_e_values_at_maximum_cardinality,proven_optimal,3214.4612013967644,1.4433945611363754,2227.014904965444,0,0,10,,,6;25;38;44;61;72;83;93;143;172,0,0,10,0,0,0,0.0,0.0,0.5,0.0,0.0,0.0,0,10,0.2758039999753237,5,5,224,32,10,,method1_proportional_scores_gamma1,unrestricted_maximum_cardinality_then_maximum_testing_evalue_sum,200,0,0,exact_fixed_count_order_statistics,300.0,1,False
418,fbc5b51f6aa7501191963f1d50a028b3fa6fb7bcd5260f29805a91ce13ee8bd7,proven_maximal,maximize_sum_testing_e_values_at_maximum_cardinality,proven_optimal,9153.65937142147,2.605729740233701,3512.896686899119,0,0,14,,,3;10;14;33;35;57;65;72;76;80;138;147;159;172,0,0,14,0,0,0,0.0,0.0,0.7,0.0,0.0,0.0,0,14,0.3489290000870824,6,6,267,55,14,,method1_proportional_scores_gamma1,unrestricted_maximum_cardinality_then_maximum_testing_evalue_sum,200,0,2,exact_fixed_count_order_statistics,300.0,1,False
419,1d7043c81c982486c6f8ffedf9b376260b6850496d6b9bee8ca1b9502000b10b,proven_maximal,maximize_sum_testing_e_values_at_maximum_cardinality,proven_optimal,3963.5017438549894,1.6034119463353143,2471.9173091567577,0,0,6,,,102;144;147;169;183;191,0,0,6,0,0,0,0.0,0.0,0.3,0.0,0.0,0.0,0,6,0.5630401999223977,5,4,233,36,6,,method1_proportional_scores_gamma1,unrestricted_maximum_cardinality_then_maximum_testing_evalue_sum,200,0,3,exact_fixed_count_order_statistics,300.0,1,False
420,da160457dc5bc8d19401537f7f5a205c1753fb16e9ee09afeb59e1e2a7cb9d2d,proven_maximal,maximize_sum_testing_e_values_at_maximum_cardinality,proven_optimal,34713.22427210189,1.0,34713.22427210189,0,0,1,,,49,0,0,1,0,0,0,0.0,0.0,0.05,0.0,0.0,0.0,0,1,0.24974560015834868,3,3,239,40,1,,method1_proportional_scores_gamma1,unrestricted_maximum_cardinality_then_maximum_testing_evalue_sum,200,0,4,exact_fixed_count_order_statistics,300.0,1,False
421,007acdda867481f1d7b49c4c7fbb95fc841314b1ae4134b39fe828cc9e652bce,proven_maximal,maximize_sum_testing_e_values_at_maximum_cardinality,proven_optimal,0.0,0.0,52090.02142344017,0,0,0,,,,0,0,0,0,0,0,0.0,0.0,0.0,0.0,0.0,0.0,0,0,0.24016580008901656,3,3,232,32,0,,method1_proportional_scores_gamma1,unrestricted_maximum_cardinality_then_maximum_testing_evalue_sum,200,0,2,exact_fixed_count_order_statistics,300.0,1,False
422,6b2b8ca256bebbedfed65f24e0257a10c81daae9190ad796aa2b8208cd8cdd14,proven_maximal,maximize_sum_testing_e_values_at_maximum_cardinality,proven_optimal,34511.351863789445,2.212354158604849,15599.379389398002,0,0,11,,,6;68;77;79;121;126;163;167;168;181;184,0,0,11,0,0,0,0.0,0.0,0.55,0.0,0.0,0.0,0,11,0.31818980001844466,4,4,241,47,11,,method1_proportional_scores_gamma1,unrestricted_maximum_cardinality_then_maximum_testing_evalue_sum,200,0,5,exact_fixed_count_order_statistics,300.0,1,False
423,24f703d08b87b0efcb5732d4f1d3e860e17eac4d26fc19489504a00ecd972959,proven_maximal,maximize_sum_testing_e_values_at_maximum_cardinality,proven_optimal,20009.252327077567,1.8927644373658021,10571.443509856324,0,0,11,,,1;9;23;51;88;110;112;127;132;140;186,0,0,11,0,0,0,0.0,0.0,0.55,0.0,0.0,0.0,0,11,0.30224490002729,6,6,239,44,11,,method1_proportional_scores_gamma1,unrestricted_maximum_cardinality_then_maximum_testing_evalue_sum,200,0,3,exact_fixed_count_order_statistics,300.0,1,False
424,12ba06c6fa7b6aa2d841b0f47ed66f1565938fbfa4dee0820412de4a2061f0fe,proven_maximal,maximize_sum_testing_e_values_at_maximum_cardinality,proven_optimal,23212.580781297933,1.9877187089056692,11678.00085459654,0,0,10,,,2;13;18;27;52;88;100;125;130;138,0,0,10,0,0,0,0.0,0.0,0.5,0.0,0.0,0.0,0,10,0.3460801998153329,4,4,230,34,10,,method1_proportional_scores_gamma1,unrestricted_maximum_cardinality_then_maximum_testing_evalue_sum,200,0,4,exact_fixed_count_order_statistics,300.0,1,False
425,13d7c11088558af68760fd256d9925dcd68dca4d8f7ca7d30e66e9498970661f,proven_maximal,maximize_sum_testing_e_values_at_maximum_cardinality,proven_optimal,39508.22075802329,1.147068136357996,34442.78461388009,0,0,7,,,12;30;39;73;92;158;181,0,0,7,0,0,0,0.0,0.0,0.35,0.0,0.0,0.0,0,7,0.5239851998630911,6,4,239,39,7,,method1_proportional_scores_gamma1,unrestricted_maximum_cardinality_then_maximum_testing_evalue_sum,200,0,2,exact_fixed_count_order_statistics,300.0,1,False
426,e674b4686eef1e829a20aeb35571393477a6dfff6e308abade09959e2768a372,proven_maximal,maximize_sum_testing_e_values_at_maximum_cardinality,proven_optimal,6128.253872320548,0.7080185350733161,8655.499211875802,0,0,1,,,199,0,0,1,0,0,0,0.0,0.0,0.05,0.0,0.0,0.0,0,1,0.15207620011642575,3,3,236,37,1,,method1_proportional_scores_gamma1,unrestricted_maximum_cardinality_then_maximum_testing_evalue_sum,200,0,2,exact_fixed_count_order_statistics,300.0,1,False
427,14209f7cabb9e390192151017061b825d30dd0186e3ac164455c8cc6285dc53c,proven_maximal,maximize_sum_testing_e_values_at_maximum_cardinality,proven_optimal,138899.99092449827,1.1793503611501954,117776.6976634764,0,0,14,,,5;8;11;56;58;80;92;99;109;123;132;146;159;191,0,0,14,0,0,0,0.0,0.0,0.7,0.0,0.0,0.0,0,14,0.2971506000030786,5,5,223,31,14,,method1_proportional_scores_gamma1,unrestricted_maximum_cardinality_then_maximum_testing_evalue_sum,200,0,5,exact_fixed_count_order_statistics,300.0,1,False
428,42b8fc196cb56862601dc34167d729481b58507b7abe762f89449eff12d6e3f3,proven_maximal,maximize_sum_testing_e_values_at_maximum_cardinality,proven_optimal,685144.2901268019,1.037465028863425,660402.2989357036,0,0,8,,,16;18;24;43;102;113;140;148,0,0,8,0,0,0,0.0,0.0,0.4,0.0,0.0,0.0,0,8,0.3016909998841584,5,5,243,46,8,,method1_proportional_scores_gamma1,unrestricted_maximum_cardinality_then_maximum_testing_evalue_sum,200,0,5,exact_fixed_count_order_statistics,300.0,1,False
429,64a116b0e51b1c001635691036a75778bdeb4ae0d1e62159de108043a3f716ee,proven_maximal,maximize_sum_testing_e_values_at_maximum_cardinality,proven_optimal,19914.61787910648,2.074237763258461,9600.933042421431,0,0,12,,,1;17;51;64;84;96;134;148;165;167;197;198,0,0,11,0,0,1,0.0,0.0,0.55,0.0,0.0,0.08333333333333333,0,12,0.29267259989865124,6,6,241,45,12,,method1_proportional_scores_gamma1,unrestricted_maximum_cardinality_then_maximum_testing_evalue_sum,200,0,5,exact_fixed_count_order_statistics,300.0,1,False
430,58045bc53c5b0248d37b93a359dc2740b17a02a635b9a4ab82691449bcd5f770,proven_maximal,maximize_sum_testing_e_values_at_maximum_cardinality,proven_optimal,7405.414362412537,0.4442588360510489,16669.143664621668,0,0,9,,,37;73;89;121;139;168;169;174;185,0,0,9,0,0,0,0.0,0.0,0.45,0.0,0.0,0.0,0,9,0.5831758000422269,6,5,237,41,9,,method1_proportional_scores_gamma1,unrestricted_maximum_cardinality_then_maximum_testing_evalue_sum,200,0,2,exact_fixed_count_order_statistics,300.0,1,False
431,b2e3d7c9c57311e3136cb1f1e635e6f277b415f1aa9c08ea351905942031d151,proven_maximal,maximize_sum_testing_e_values_at_maximum_cardinality,proven_optimal,41203.475250253774,1.2284404955320305,33541.287022135155,0,0,7,,,8;64;89;105;110;113;150,0,0,7,0,0,0,0.0,0.0,0.35,0.0,0.0,0.0,0,7,0.47857330017723143,6,5,231,36,7,,method1_proportional_scores_gamma1,unrestricted_maximum_cardinality_then_maximum_testing_evalue_sum,200,0,4,exact_fixed_count_order_statistics,300.0,1,False
432,f6982844e4649a6be2b28baee15c76e7c761be35b85e6651f39df00202c8d071,proven_maximal,maximize_sum_testing_e_values_at_maximum_cardinality,proven_optimal,711.1328792848108,0.9330464498212058,762.1623547478059,0,0,2,,,34;48,0,0,2,0,0,0,0.0,0.0,0.1,0.0,0.0,0.0,0,2,0.19173059985041618,3,3,253,54,2,,method1_proportional_scores_gamma1,unrestricted_maximum_cardinality_then_maximum_testing_evalue_sum,200,0,0,exact_fixed_count_order_statistics,300.0,1,False
433,9ed85e30c981507f65371c750d27cf80f837e26640c0e7812e272cb7eb4124b0,proven_maximal,maximize_sum_testing_e_values_at_maximum_cardinality,proven_optimal,2092.1341340495283,0.5711657547253116,3662.919418296865,0,0,1,,,69,0,0,1,0,0,0,0.0,0.0,0.05,0.0,0.0,0.0,0,1,0.18943599984049797,3,3,246,47,1,,method1_proportional_scores_gamma1,unrestricted_maximum_cardinality_then_maximum_testing_evalue_sum,200,0,2,exact_fixed_count_order_statistics,300.0,1,False
434,775860fb5101df4c656a716e0101cd13a96481ebf36666fa6c82021c01881eda,proven_maximal,maximize_sum_testing_e_values_at_maximum_cardinality,proven_optimal,89500.01668572503,1.6842390249938457,53139.73572489336,0,0,8,,,23;40;55;97;127;167;182;195,0,0,8,0,0,0,0.0,0.0,0.4,0.0,0.0,0.0,0,8,0.4115619999356568,5,4,245,51,8,,method1_proportional_scores_gamma1,unrestricted_maximum_cardinality_then_maximum_testing_evalue_sum,200,0,6,exact_fixed_count_order_statistics,300.0,1,False
435,2ae84ebea63771040606c8c11bf3ea00b28ac149d852c786b6b121df5fe9a3aa,proven_maximal,maximize_sum_testing_e_values_at_maximum_cardinality,proven_optimal,8266.933569918483,1.3793169276005792,5993.498234158125,0,0,3,,,20;95;181,0,0,3,0,0,0,0.0,0.0,0.15,0.0,0.0,0.0,0,3,0.36995199997909367,5,4,243,44,3,,method1_proportional_scores_gamma1,unrestricted_maximum_cardinality_then_maximum_testing_evalue_sum,200,0,1,exact_fixed_count_order_statistics,300.0,1,False
436,0a6293e1fdfb5a18224c655b8ac8edaae2ebfa66b218116a4fb0cd4ee9dae9a7,proven_maximal,maximize_sum_testing_e_values_at_maximum_cardinality,proven_optimal,468.2151038874493,0.1715536374458283,2729.263633569403,0,0,2,,,12;106,0,0,2,0,0,0,0.0,0.0,0.1,0.0,0.0,0.0,0,2,0.24742179992608726,3,3,234,36,2,,method1_proportional_scores_gamma1,unrestricted_maximum_cardinality_then_maximum_testing_evalue_sum,200,0,0,exact_fixed_count_order_statistics,300.0,1,False
437,563b435cab634e4af07f39a6c1871fe9f20a4b3b7c472d3b2eb009a7a5e6dab3,proven_maximal,maximize_sum_testing_e_values_at_maximum_cardinality,proven_optimal,6428.687889123679,2.6329676655690157,2441.6129271888963,0,0,7,,,22;55;106;124;130;150;177,0,0,7,0,0,0,0.0,0.0,0.35,0.0,0.0,0.0,0,7,0.6362906999420375,5,4,239,40,7,,method1_proportional_scores_gamma1,unrestricted_maximum_cardinality_then_maximum_testing_evalue_sum,200,0,3,exact_fixed_count_order_statistics,300.0,1,False
438,03c4eebf1cace540a0611bbe97890bc88ab3712a9b14ae498c195f8a1981497e,proven_maximal,maximize_sum_testing_e_values_at_maximum_cardinality,proven_optimal,10043.222519918507,2.66829916169478,3763.904236862076,0,0,17,,,7;14;54;62;65;68;81;95;100;113;128;131;141;171;172;174;194,0,0,17,0,0,0,0.0,0.0,0.85,0.0,0.0,0.0,0,17,0.2417018001433462,3,3,231,43,17,,method1_proportional_scores_gamma1,unrestricted_maximum_cardinality_then_maximum_testing_evalue_sum,200,0,3,exact_fixed_count_order_statistics,300.0,1,False
439,3ddaefffb21fb1f39db56177c0cf828a762db66d43499cb5fa74eb5330e66f3b,proven_maximal,maximize_sum_testing_e_values_at_maximum_cardinality,proven_optimal,8655.809041063365,1.706072097842733,5073.530627461949,0,0,3,,,17;65;171,0,0,3,0,0,0,0.0,0.0,0.15,0.0,0.0,0.0,0,3,0.16434699995443225,3,3,248,51,3,,method1_proportional_scores_gamma1,unrestricted_maximum_cardinality_then_maximum_testing_evalue_sum,200,0,4,exact_fixed_count_order_statistics,300.0,1,False
440,c187b4e95d4f44b9684212da24bbf3ad8993a212c06243e002325080aa0f9a5d,proven_maximal,maximize_sum_testing_e_values_at_maximum_cardinality,proven_optimal,4944.9194163618085,1.0,4944.9194163618085,0,0,1,,,195,0,0,1,0,0,0,0.0,0.0,0.05,0.0,0.0,0.0,0,1,0.24775610002689064,3,3,244,45,1,,method1_proportional_scores_gamma1,unrestricted_maximum_cardinality_then_maximum_testing_evalue_sum,200,0,5,exact_fixed_count_order_statistics,300.0,1,False
441,d4d2b6d997028bbca20a717c4d3ded4f3c9de8a8027d52b787435e22cffabf87,proven_maximal,maximize_sum_testing_e_values_at_maximum_cardinality,proven_optimal,0.0,0.0,5447.159030145945,0,0,0,,,,0,0,0,0,0,0,0.0,0.0,0.0,0.0,0.0,0.0,0,0,0.2421102998778224,3,3,236,36,0,,method1_proportional_scores_gamma1,unrestricted_maximum_cardinality_then_maximum_testing_evalue_sum,200,0,3,exact_fixed_count_order_statistics,300.0,1,False
442,aa9184ab22a56936533553fbde47b34f9c9f7060eb65df11ef43fbc21b3943ae,proven_maximal,maximize_sum_testing_e_values_at_maximum_cardinality,proven_optimal,96.68132174523272,0.006279048921699485,15397.446802988914,0,0,1,,,70,0,0,1,0,0,0,0.0,0.0,0.05,0.0,0.0,0.0,0,1,0.24784470000304282,3,3,239,40,1,,method1_proportional_scores_gamma1,unrestricted_maximum_cardinality_then_maximum_testing_evalue_sum,200,0,1,exact_fixed_count_order_statistics,300.0,1,False
443,fb426ffa7435a331b2ddedfc035273b31a0fd0de7b3c1c0a03fb967d1942697d,proven_maximal,maximize_sum_testing_e_values_at_maximum_cardinality,proven_optimal,2871.8107513550526,0.3107494910191319,9241.562204773632,0,0,1,,,199,0,0,1,0,0,0,0.0,0.0,0.05,0.0,0.0,0.0,0,1,0.5030098001006991,5,4,240,40,1,,method1_proportional_scores_gamma1,unrestricted_maximum_cardinality_then_maximum_testing_evalue_sum,200,0,4,exact_fixed_count_order_statistics,300.0,1,False
444,cfdad3eb760e167daf0f8ea21d7222ede1277d6389ccd647887e27bf201aff0b,proven_maximal,maximize_sum_testing_e_values_at_maximum_cardinality,proven_optimal,1409.9312482891623,0.6672706269220057,2112.982636135073,0,0,4,,,154;156;164;176,0,0,4,0,0,0,0.0,0.0,0.2,0.0,0.0,0.0,0,4,0.6981345000676811,6,4,241,41,4,,method1_proportional_scores_gamma1,unrestricted_maximum_cardinality_then_maximum_testing_evalue_sum,200,0,0,exact_fixed_count_order_statistics,300.0,1,False
445,7b225a9ecbc6c326289e8d43c5991a0ae25a0a8c370ecc4d46d1daa5a779575d,proven_maximal,maximize_sum_testing_e_values_at_maximum_cardinality,proven_optimal,0.0,0.0,7609.2137968158195,0,0,0,,,,0,0,0,0,0,0,0.0,0.0,0.0,0.0,0.0,0.0,0,0,0.20486190007068217,3,3,243,43,0,,method1_proportional_scores_gamma1,unrestricted_maximum_cardinality_then_maximum_testing_evalue_sum,200,0,3,exact_fixed_count_order_statistics,300.0,1,False
446,eb8ebb242b5d7539714d2283785ea4584ab2c1c11a7d369bc63e10551401a92e,proven_maximal,maximize_sum_testing_e_values_at_maximum_cardinality,proven_optimal,24051.07004961098,2.3478234396685473,10243.985830981555,0,0,13,,,9;29;38;40;46;58;59;69;121;128;142;187;191,0,0,13,0,0,0,0.0,0.0,0.65,0.0,0.0,0.0,0,13,0.27401189994998276,5,5,238,40,13,,method1_proportional_scores_gamma1,unrestricted_maximum_cardinality_then_maximum_testing_evalue_sum,200,0,4,exact_fixed_count_order_statistics,300.0,1,False
447,146dd0b19e95cf4e211679619d457db8bbe575ad68198515e556c9eb4c0a6116,proven_maximal,maximize_sum_testing_e_values_at_maximum_cardinality,proven_optimal,0.0,0.0,1896.624387441415,0,0,0,,,,0,0,0,0,0,0,0.0,0.0,0.0,0.0,0.0,0.0,0,0,0.22636860003694892,3,3,247,47,0,,method1_proportional_scores_gamma1,unrestricted_maximum_cardinality_then_maximum_testing_evalue_sum,200,0,0,exact_fixed_count_order_statistics,300.0,1,False
448,4d992d092ebff05ca5b31bdf376df074f7eed65e6842e4ad1a1f420e1a6cd3fb,proven_maximal,maximize_sum_testing_e_values_at_maximum_cardinality,proven_optimal,304502.9674378039,1.0511296383558981,289691.16303683125,0,0,7,,,34;48;63;76;191;192;198,0,0,7,0,0,0,0.0,0.0,0.35,0.0,0.0,0.0,0,7,0.5920877999160439,5,4,241,45,7,,method1_proportional_scores_gamma1,unrestricted_maximum_cardinality_then_maximum_testing_evalue_sum,200,0,5,exact_fixed_count_order_statistics,300.0,1,False
449,7fe25b15d005da4757940b0cdf2970f7854b9e6129d0a97566ce0baa808c3dcb,proven_maximal,maximize_sum_testing_e_values_at_maximum_cardinality,proven_optimal,2111.2422770389203,0.24673783929557,8556.621404590642,0,0,5,,,32;34;126;150;155,0,0,5,0,0,0,0.0,0.0,0.25,0.0,0.0,0.0,0,5,0.7225649999454618,7,5,234,35,5,,method1_proportional_scores_gamma1,unrestricted_maximum_cardinality_then_maximum_testing_evalue_sum,200,0,3,exact_fixed_count_order_statistics,300.0,1,False
450,8289a71dc3b38a271005600565f8f909b6f9b630bf201c92db691c826457afa4,proven_maximal,maximize_sum_testing_e_values_at_maximum_cardinality,proven_optimal,1214.0189663374836,1.5462814115090713,785.1216197138909,0,0,3,,,15;127;140,0,0,3,0,0,0,0.0,0.0,0.15,0.0,0.0,0.0,0,3,0.4554240999277681,5,4,235,36,3,,method1_proportional_scores_gamma1,unrestricted_maximum_cardinality_then_maximum_testing_evalue_sum,200,0,0,exact_fixed_count_order_statistics,300.0,1,False
451,f6de003de4257b67ca528815822eaaa6297c90d26729bfa3b0bf0089ad9b65b5,proven_maximal,maximize_sum_testing_e_values_at_maximum_cardinality,proven_optimal,716.779360678877,0.1835676262189903,3904.7155287816495,0,0,1,,,22,0,0,1,0,0,0,0.0,0.0,0.05,0.0,0.0,0.0,0,1,0.2681090999394655,3,3,253,54,1,,method1_proportional_scores_gamma1,unrestricted_maximum_cardinality_then_maximum_testing_evalue_sum,200,0,3,exact_fixed_count_order_statistics,300.0,1,False
452,dd2bd09094abfbc0b8c8f8dedb2421415c1aba60292f3a9c8c145c01427617fe,proven_maximal,maximize_sum_testing_e_values_at_maximum_cardinality,proven_optimal,55177.79810830166,2.014130075512681,27395.34987295027,0,0,9,,,9;20;37;72;88;91;101;150;159,0,0,9,0,0,0,0.0,0.0,0.45,0.0,0.0,0.0,0,9,0.18151449994184077,3,3,241,47,9,,method1_proportional_scores_gamma1,unrestricted_maximum_cardinality_then_maximum_testing_evalue_sum,200,0,5,exact_fixed_count_order_statistics,300.0,1,False
453,17d7f0aef9cdc4dcf97f6690888a951fc7fda155fac546588de7897c7c39b3f4,proven_maximal,maximize_sum_testing_e_values_at_maximum_cardinality,proven_optimal,8743.525868234588,2.3842620357132653,3667.183278208309,0,0,5,,,24;50;137;143;186,0,0,5,0,0,0,0.0,0.0,0.25,0.0,0.0,0.0,0,5,0.4130609999410808,6,5,236,39,5,,method1_proportional_scores_gamma1,unrestricted_maximum_cardinality_then_maximum_testing_evalue_sum,200,0,3,exact_fixed_count_order_statistics,300.0,1,False
454,2598086892dde422ab6868d02da4829523a8e2ef48c769fcadb5549ba94d7519,proven_maximal,maximize_sum_testing_e_values_at_maximum_cardinality,proven_optimal,35330.123480443464,1.1042064078313634,31995.941365555955,0,0,4,,,30;89;111;151,0,0,4,0,0,0,0.0,0.0,0.2,0.0,0.0,0.0,0,4,0.3959833001717925,4,4,246,47,4,,method1_proportional_scores_gamma1,unrestricted_maximum_cardinality_then_maximum_testing_evalue_sum,200,0,4,exact_fixed_count_order_statistics,300.0,1,False
455,35d26702aae5d719a4df20bde92161f11974b510534267911963dc71f9104842,proven_maximal,maximize_sum_testing_e_values_at_maximum_cardinality,proven_optimal,848.819620501229,0.9661201414452667,878.5859895555411,0,0,2,,,54;68,0,0,2,0,0,0,0.0,0.0,0.1,0.0,0.0,0.0,0,2,0.27302900003269315,5,5,239,38,2,,method1_proportional_scores_gamma1,unrestricted_maximum_cardinality_then_maximum_testing_evalue_sum,200,0,0,exact_fixed_count_order_statistics,300.0,1,False
456,db10089641966e3fd602319ddc0695ca42644601d186109a1b71724e841ec7fd,proven_maximal,maximize_sum_testing_e_values_at_maximum_cardinality,proven_optimal,81470.61543360041,3.0091499038945404,27074.296075499085,0,0,14,,,5;17;25;39;65;66;80;96;117;122;124;151;179;188,0,0,14,0,0,0,0.0,0.0,0.7,0.0,0.0,0.0,0,14,0.21420740010216832,3,3,228,37,14,,method1_proportional_scores_gamma1,unrestricted_maximum_cardinality_then_maximum_testing_evalue_sum,200,0,10,exact_fixed_count_order_statistics,300.0,1,False
457,c5da4ec94234947f69e220c8ae166be2e4e487dc9745be95719ed046d2216545,proven_maximal,maximize_sum_testing_e_values_at_maximum_cardinality,proven_optimal,512223.6846716777,1.0024003184875472,510997.1288162964,0,0,9,,,42;125;127;149;174;179;180;183;196,0,0,9,0,0,0,0.0,0.0,0.45,0.0,0.0,0.0,0,9,0.3830952001735568,4,4,252,52,9,,method1_proportional_scores_gamma1,unrestricted_maximum_cardinality_then_maximum_testing_evalue_sum,200,0,1,exact_fixed_count_order_statistics,300.0,1,False
458,8edb5c269d1c502e9a0252cc83094613fef32f2c5f1a41685e193ca699eeb74c,proven_maximal,maximize_sum_testing_e_values_at_maximum_cardinality,proven_optimal,49447.15079648813,2.649784234167877,18660.821571389653,0,0,10,,,19;56;57;92;97;125;149;172;188;197,0,0,10,0,0,0,0.0,0.0,0.5,0.0,0.0,0.0,0,10,0.31995319994166493,8,8,251,40,10,,method1_proportional_scores_gamma1,unrestricted_maximum_cardinality_then_maximum_testing_evalue_sum,200,0,6,exact_fixed_count_order_statistics,300.0,1,False
459,6206e4507c44f50bfdf12e77d67ce009d1638eef8ea7cbd801fa2fcb653b4c81,proven_maximal,maximize_sum_testing_e_values_at_maximum_cardinality,proven_optimal,5894.853991748135,1.8079056019133541,3260.598332960225,0,0,5,,,12;72;87;97;158,0,0,5,0,0,0,0.0,0.0,0.25,0.0,0.0,0.0,0,5,0.5944483000785112,5,4,238,42,5,,method1_proportional_scores_gamma1,unrestricted_maximum_cardinality_then_maximum_testing_evalue_sum,200,0,6,exact_fixed_count_order_statistics,300.0,1,False
460,29565f8999736d9c01a3f7195e53316f154b7096b52fb8c5a1321cd4c225f89c,proven_maximal,maximize_sum_testing_e_values_at_maximum_cardinality,proven_optimal,0.0,0.0,73011.82152689496,0,0,0,,,,0,0,0,0,0,0,0.0,0.0,0.0,0.0,0.0,0.0,0,0,0.17332369997166097,3,3,243,43,0,,method1_proportional_scores_gamma1,unrestricted_maximum_cardinality_then_maximum_testing_evalue_sum,200,0,6,exact_fixed_count_order_statistics,300.0,1,False
461,f1c0f4b7cc2912bd43b9ebffa2dc8a4cb44e8826a5c4056aada8967cf0271b7c,proven_maximal,maximize_sum_testing_e_values_at_maximum_cardinality,proven_optimal,78264.35549017583,1.0596151356298171,73861.1150959606,0,0,4,,,64;97;132;181,0,0,4,0,0,0,0.0,0.0,0.2,0.0,0.0,0.0,0,4,0.5177027999889106,8,6,241,41,4,,method1_proportional_scores_gamma1,unrestricted_maximum_cardinality_then_maximum_testing_evalue_sum,200,0,5,exact_fixed_count_order_statistics,300.0,1,False
462,db08273a71acfa4b18bf1e1e3ce9e747be764c2aa943b83d1adf00dad8fa2150,proven_maximal,maximize_sum_testing_e_values_at_maximum_cardinality,proven_optimal,12618.650432722954,0.8270829685731166,15256.81329708995,0,0,7,,,3;4;56;109;127;128;165,0,0,7,0,0,0,0.0,0.0,0.35,0.0,0.0,0.0,0,7,0.5428382998798043,11,10,249,44,7,,method1_proportional_scores_gamma1,unrestricted_maximum_cardinality_then_maximum_testing_evalue_sum,200,0,4,exact_fixed_count_order_statistics,300.0,1,False
463,56a52b468b6714352b21e4ec8b8e3eb6b3315055f11a89620f11d813d3ad645f,proven_maximal,maximize_sum_testing_e_values_at_maximum_cardinality,proven_optimal,2949.5327928037364,1.4076113784185542,2095.4169865531526,0,0,6,,,10;43;44;65;116;118,0,0,6,0,0,0,0.0,0.0,0.3,0.0,0.0,0.0,0,6,0.5008381998632103,6,5,244,44,6,,method1_proportional_scores_gamma1,unrestricted_maximum_cardinality_then_maximum_testing_evalue_sum,200,0,3,exact_fixed_count_order_statistics,300.0,1,False
464,e6df3834a3601abfe9be12297d99267f770fc858804dae38f66c7d22a7a52fde,proven_maximal,maximize_sum_testing_e_values_at_maximum_cardinality,proven_optimal,2792.3203345393117,1.0,2792.3203345393117,0,0,1,,,29,0,0,1,0,0,0,0.0,0.0,0.05,0.0,0.0,0.0,0,1,0.4516471999231726,5,4,242,42,1,,method1_proportional_scores_gamma1,unrestricted_maximum_cardinality_then_maximum_testing_evalue_sum,200,0,0,exact_fixed_count_order_statistics,300.0,1,False
465,6414283ae1354f7e5bb9c44d73e54667db6dda60702f4cd9ce523bf875cadb78,proven_maximal,maximize_sum_testing_e_values_at_maximum_cardinality,proven_optimal,0.0,0.0,14525.968097999752,0,0,0,,,,0,0,0,0,0,0,0.0,0.0,0.0,0.0,0.0,0.0,0,0,0.20008169999346137,3,3,239,39,0,,method1_proportional_scores_gamma1,unrestricted_maximum_cardinality_then_maximum_testing_evalue_sum,200,0,4,exact_fixed_count_order_statistics,300.0,1,False
466,0675913ec96654e7269e14f1dcec5fb1efcf2ac66f86cfbc56d702f75c0a48b3,proven_maximal,maximize_sum_testing_e_values_at_maximum_cardinality,proven_optimal,371505.3741410615,1.0081367973845516,368506.90809508425,0,0,5,,,34;82;180;194;199,0,0,5,0,0,0,0.0,0.0,0.25,0.0,0.0,0.0,0,5,0.20523450011387467,3,3,248,51,5,,method1_proportional_scores_gamma1,unrestricted_maximum_cardinality_then_maximum_testing_evalue_sum,200,0,8,exact_fixed_count_order_statistics,300.0,1,False
467,701df6852966f84c9f0b5ebbd1fd9684f6e4dc4fcb2ec9133ee15bbaa3e8c8ce,proven_maximal,maximize_sum_testing_e_values_at_maximum_cardinality,proven_optimal,15139.431236907096,1.0985318223087577,13781.513588827058,0,0,3,,,104;176;197,0,0,3,0,0,0,0.0,0.0,0.15,0.0,0.0,0.0,0,3,0.18663010001182556,3,3,237,39,3,,method1_proportional_scores_gamma1,unrestricted_maximum_cardinality_then_maximum_testing_evalue_sum,200,0,4,exact_fixed_count_order_statistics,300.0,1,False
468,ffa57cfde7e8352e85cfe94423410d3ef44fb3c5921eaeb22b0a88da287e6754,proven_maximal,maximize_sum_testing_e_values_at_maximum_cardinality,proven_optimal,15218.729084020426,1.2684893417388658,11997.52223629908,0,0,7,,,40;87;114;129;136;174;177,0,0,7,0,0,0,0.0,0.0,0.35,0.0,0.0,0.0,0,7,0.3846324000041932,4,4,234,37,7,,method1_proportional_scores_gamma1,unrestricted_maximum_cardinality_then_maximum_testing_evalue_sum,200,0,2,exact_fixed_count_order_statistics,300.0,1,False
469,fada1db91fb1054e83e26401eea3246a390d41b26c462a38f3edd10d004c156a,proven_maximal,maximize_sum_testing_e_values_at_maximum_cardinality,proven_optimal,31417.348004767387,2.094140618313287,15002.501613321603,0,0,10,,,0;22;25;31;60;62;82;104;108;186,0,0,10,0,0,0,0.0,0.0,0.5,0.0,0.0,0.0,0,10,0.14476600009948015,3,3,235,41,10,,method1_proportional_scores_gamma1,unrestricted_maximum_cardinality_then_maximum_testing_evalue_sum,200,0,5,exact_fixed_count_order_statistics,300.0,1,False
470,66b32214744eb5c58ffa5ab78a7a00f9d7785e4ea9c2b40ab64b656c9aa4d0d9,proven_maximal,maximize_sum_testing_e_values_at_maximum_cardinality,proven_optimal,25775.00601886645,0.8570567490084054,30073.86156014468,0,0,4,,,33;42;85;172,0,0,4,0,0,0,0.0,0.0,0.2,0.0,0.0,0.0,0,4,0.48003640002571046,10,10,246,40,4,,method1_proportional_scores_gamma1,unrestricted_maximum_cardinality_then_maximum_testing_evalue_sum,200,0,4,exact_fixed_count_order_statistics,300.0,1,False
471,12adce0d1b3758cfa39bbb8b239b3ac5a856bdcb8c94e492ef34d242fb2ef6dd,proven_maximal,maximize_sum_testing_e_values_at_maximum_cardinality,proven_optimal,0.0,0.0,16151.08177356375,0,0,0,,,,0,0,0,0,0,0,0.0,0.0,0.0,0.0,0.0,0.0,0,0,0.1707927999086678,3,3,242,42,0,,method1_proportional_scores_gamma1,unrestricted_maximum_cardinality_then_maximum_testing_evalue_sum,200,0,1,exact_fixed_count_order_statistics,300.0,1,False
472,51c3e6b022759410f0ee39e1ea06337bec7fdc2884bb5c42dc42a3ee4b10a382,proven_maximal,maximize_sum_testing_e_values_at_maximum_cardinality,proven_optimal,7345.467400218771,0.13855459951431343,53014.96612864119,0,0,2,,,79;100,0,0,2,0,0,0,0.0,0.0,0.1,0.0,0.0,0.0,0,2,0.39710280019789934,5,4,248,49,2,,method1_proportional_scores_gamma1,unrestricted_maximum_cardinality_then_maximum_testing_evalue_sum,200,0,3,exact_fixed_count_order_statistics,300.0,1,False
473,a90b5536e1fdff5c077f87773eec5d13e8e10372b0c9599a63b979d434e96076,proven_maximal,maximize_sum_testing_e_values_at_maximum_cardinality,proven_optimal,1511.1094467776536,0.5720245616321106,2641.6862983402834,0,0,2,,,39;56,0,0,2,0,0,0,0.0,0.0,0.1,0.0,0.0,0.0,0,2,0.22935499995946884,3,3,235,36,2,,method1_proportional_scores_gamma1,unrestricted_maximum_cardinality_then_maximum_testing_evalue_sum,200,0,0,exact_fixed_count_order_statistics,300.0,1,False
474,203f1da1ba85a41674ebc6167e54938c2ead3b5134d335d887314bff12cb1af0,proven_maximal,maximize_sum_testing_e_values_at_maximum_cardinality,proven_optimal,22435.67373519476,2.4263210959351786,9246.786739307216,0,0,9,,,15;90;115;134;139;162;165;178;187,0,0,9,0,0,0,0.0,0.0,0.45,0.0,0.0,0.0,0,9,0.41688939998857677,5,4,242,44,9,,method1_proportional_scores_gamma1,unrestricted_maximum_cardinality_then_maximum_testing_evalue_sum,200,0,4,exact_fixed_count_order_statistics,300.0,1,False
475,d5ec2692d51437dcf26913b2639e885e03a4f6b78a1ac90513020cc23a2d6247,proven_maximal,maximize_sum_testing_e_values_at_maximum_cardinality,proven_optimal,9107.084571789645,2.4377845495192156,3735.8037130827497,0,0,9,,,1;6;45;73;90;162;179;180;186,0,0,9,0,0,0,0.0,0.0,0.45,0.0,0.0,0.0,0,9,0.4014634999912232,5,5,255,52,9,,method1_proportional_scores_gamma1,unrestricted_maximum_cardinality_then_maximum_testing_evalue_sum,200,0,5,exact_fixed_count_order_statistics,300.0,1,False
476,f3c37572ee39180584d0ecd4d25dd4ab104bab260889c87426fb936954dd649d,proven_maximal,maximize_sum_testing_e_values_at_maximum_cardinality,proven_optimal,5593.960990984435,2.5590792132904783,2185.9272514631107,0,0,8,,,88;90;91;96;118;141;171;196,0,0,8,0,0,0,0.0,0.0,0.4,0.0,0.0,0.0,0,8,0.4392713999841362,4,4,241,46,8,,method1_proportional_scores_gamma1,unrestricted_maximum_cardinality_then_maximum_testing_evalue_sum,200,0,0,exact_fixed_count_order_statistics,300.0,1,False
477,d077edadc68f61a933f572516df66ca55bfc5b96e35dd4faf4e57272491fcabb,proven_maximal,maximize_sum_testing_e_values_at_maximum_cardinality,proven_optimal,0.0,0.0,4339.897062690562,0,0,0,,,,0,0,0,0,0,0,0.0,0.0,0.0,0.0,0.0,0.0,0,0,0.13522669998928905,3,3,235,35,0,,method1_proportional_scores_gamma1,unrestricted_maximum_cardinality_then_maximum_testing_evalue_sum,200,0,3,exact_fixed_count_order_statistics,300.0,1,False
478,7c97cc09be31990959b7a26cd2d33444a1096242e1ddb45fdc1f384efd01ee8a,proven_maximal,maximize_sum_testing_e_values_at_maximum_cardinality,proven_optimal,148613.50761639787,1.0203798499250287,145645.27869431867,0,0,8,,,52;61;99;128;134;147;186;194,0,0,8,0,0,0,0.0,0.0,0.4,0.0,0.0,0.0,0,8,0.42010630015283823,8,7,232,36,8,,method1_proportional_scores_gamma1,unrestricted_maximum_cardinality_then_maximum_testing_evalue_sum,200,0,5,exact_fixed_count_order_statistics,300.0,1,False
479,7e7d549ad23527307b93140038bcfade4ac219288ea784fa89607bdd34e060ee,proven_maximal,maximize_sum_testing_e_values_at_maximum_cardinality,proven_optimal,1892.8528559681756,1.0617300660556879,1782.8004654705665,0,0,3,,,152;196;199,0,0,3,0,0,0,0.0,0.0,0.15,0.0,0.0,0.0,0,3,0.7321212000679225,8,6,242,37,3,,method1_proportional_scores_gamma1,unrestricted_maximum_cardinality_then_maximum_testing_evalue_sum,200,0,0,exact_fixed_count_order_statistics,300.0,1,False
480,039d0b407fc37f41b8602d1838c53ecc7a7ede371ba8c052755d3f7ff1fff198,proven_maximal,maximize_sum_testing_e_values_at_maximum_cardinality,proven_optimal,14336.475741574985,2.029331274560035,7064.630561455853,0,0,11,,,25;44;59;80;99;124;138;169;176;177;182,0,0,11,0,0,0,0.0,0.0,0.55,0.0,0.0,0.0,0,11,0.3465381001587957,6,6,252,46,11,,method1_proportional_scores_gamma1,unrestricted_maximum_cardinality_then_maximum_testing_evalue_sum,200,0,4,exact_fixed_count_order_statistics,300.0,1,False
481,8918b18771cc8c9603aa326c8ecbf87660adfd2313c62db5d5c8a9f40ef20556,proven_maximal,maximize_sum_testing_e_values_at_maximum_cardinality,proven_optimal,118871.87627292478,1.251265858847474,95001.29443507412,0,0,10,,,48;52;53;66;87;96;120;130;143;172,0,0,10,0,0,0,0.0,0.0,0.5,0.0,0.0,0.0,0,10,0.308473699958995,7,7,247,41,10,,method1_proportional_scores_gamma1,unrestricted_maximum_cardinality_then_maximum_testing_evalue_sum,200,0,4,exact_fixed_count_order_statistics,300.0,1,False
482,63f09267b8c3ffa763fbadf62162863fb0806273eac9141708dbe125a75196e0,proven_maximal,maximize_sum_testing_e_values_at_maximum_cardinality,proven_optimal,7390934.369448437,1.0004360021593162,7387713.310492654,0,0,3,,,18;27;164,0,0,3,0,0,0,0.0,0.0,0.15,0.0,0.0,0.0,0,3,0.20724370004609227,3,3,248,51,3,,method1_proportional_scores_gamma1,unrestricted_maximum_cardinality_then_maximum_testing_evalue_sum,200,0,6,exact_fixed_count_order_statistics,300.0,1,False
483,ebca67f2440319a402da68804f8268839d9f1b428052162f2270ef006fe4f1a7,proven_maximal,maximize_sum_testing_e_values_at_maximum_cardinality,proven_optimal,0.0,0.0,1968.4886492446888,0,0,0,,,,0,0,0,0,0,0,0.0,0.0,0.0,0.0,0.0,0.0,0,0,0.21569590014405549,3,3,240,40,0,,method1_proportional_scores_gamma1,unrestricted_maximum_cardinality_then_maximum_testing_evalue_sum,200,0,0,exact_fixed_count_order_statistics,300.0,1,False
484,85ff4f76a42981c45b0b964ac50194ab2a1f17269bfe390227a2b2f9499b2b52,proven_maximal,maximize_sum_testing_e_values_at_maximum_cardinality,proven_optimal,26055.077562837112,1.4185054677293223,18367.978238776104,0,0,6,,,36;58;64;121;169;187,0,0,6,0,0,0,0.0,0.0,0.3,0.0,0.0,0.0,0,6,0.3748361000325531,5,4,241,42,6,,method1_proportional_scores_gamma1,unrestricted_maximum_cardinality_then_maximum_testing_evalue_sum,200,0,4,exact_fixed_count_order_statistics,300.0,1,False
485,55d06c3d88fa511a289109e4e40f3bb123dc571a686147eee7b27e6896fb1bbb,proven_maximal,maximize_sum_testing_e_values_at_maximum_cardinality,proven_optimal,77366.38435432271,1.5063162647410828,51361.31512702018,0,0,9,,,1;29;34;45;67;117;139;177;190,0,0,9,0,0,0,0.0,0.0,0.45,0.0,0.0,0.0,0,9,0.23174620000645518,3,3,227,33,9,,method1_proportional_scores_gamma1,unrestricted_maximum_cardinality_then_maximum_testing_evalue_sum,200,0,2,exact_fixed_count_order_statistics,300.0,1,False
486,4acfd8732dba244e8d3f77c135f66dd0a16c22cc254c94d23fc65407cc3c75fa,proven_maximal,maximize_sum_testing_e_values_at_maximum_cardinality,proven_optimal,31924.700549062745,1.399056302805293,22818.73894928281,0,0,7,,,30;45;85;126;176;195;199,0,0,7,0,0,0,0.0,0.0,0.35,0.0,0.0,0.0,0,7,0.5450864001177251,8,6,232,30,7,,method1_proportional_scores_gamma1,unrestricted_maximum_cardinality_then_maximum_testing_evalue_sum,200,0,6,exact_fixed_count_order_statistics,300.0,1,False
487,62d2918bd46bb3cbd20623ec620f74db0a234638d33e2e98a5a80211df7f07b8,proven_maximal,maximize_sum_testing_e_values_at_maximum_cardinality,proven_optimal,2217.693628063796,0.414457222580881,5350.838415250478,0,0,2,,,141;176,0,0,2,0,0,0,0.0,0.0,0.1,0.0,0.0,0.0,0,2,0.23427890008315444,3,3,235,37,2,,method1_proportional_scores_gamma1,unrestricted_maximum_cardinality_then_maximum_testing_evalue_sum,200,0,2,exact_fixed_count_order_statistics,300.0,1,False
488,3a647fc5ecbe688a552920904f53aa54e8424d0c1d42dfad02d978d690182226,proven_maximal,maximize_sum_testing_e_values_at_maximum_cardinality,proven_optimal,0.0,0.0,1635.9406623596592,0,0,0,,,,0,0,0,0,0,0,0.0,0.0,0.0,0.0,0.0,0.0,0,0,0.2212781000416726,3,3,244,44,0,,method1_proportional_scores_gamma1,unrestricted_maximum_cardinality_then_maximum_testing_evalue_sum,200,0,0,exact_fixed_count_order_statistics,300.0,1,False
489,0a766814d435e50fe02e7e7283306b002b286499d9178ceb0cd3132ef7114bea,proven_maximal,maximize_sum_testing_e_values_at_maximum_cardinality,proven_optimal,1512.0912923535416,2.057015871435165,735.0897547030429,0,0,8,,,20;22;74;76;83;110;141;198,0,0,8,0,0,0,0.0,0.0,0.4,0.0,0.0,0.0,0,8,0.1768827000632882,4,4,236,40,8,,method1_proportional_scores_gamma1,unrestricted_maximum_cardinality_then_maximum_testing_evalue_sum,200,0,0,exact_fixed_count_order_statistics,300.0,1,False
490,f25a0b7e38a3929e6caf8f00908e46dc803c4207634108445f98dc9931f63bd8,proven_maximal,maximize_sum_testing_e_values_at_maximum_cardinality,proven_optimal,27366.130844956566,1.4578130443012989,18772.04416021165,0,0,6,,,23;39;45;49;166;195,0,0,6,0,0,0,0.0,0.0,0.3,0.0,0.0,0.0,0,6,0.33388009993359447,6,6,250,48,6,,method1_proportional_scores_gamma1,unrestricted_maximum_cardinality_then_maximum_testing_evalue_sum,200,0,2,exact_fixed_count_order_statistics,300.0,1,False
491,9fd8de2c30784273720bd2517f9244e033c9e3fb1bd16515ec927064d1ae6164,proven_maximal,maximize_sum_testing_e_values_at_maximum_cardinality,proven_optimal,4813.991606489454,4.106228418032574,1172.3633262457408,0,0,14,,,4;13;30;48;59;80;85;116;131;151;158;171;189;196,0,0,14,0,0,0,0.0,0.0,0.7,0.0,0.0,0.0,0,14,0.3430852999445051,6,6,273,54,14,,method1_proportional_scores_gamma1,unrestricted_maximum_cardinality_then_maximum_testing_evalue_sum,200,0,0,exact_fixed_count_order_statistics,300.0,1,False
492,61df980cec4adb74da9f2bbeb22f5572146d7a1e032ad3db9de6e80509f1fe67,proven_maximal,maximize_sum_testing_e_values_at_maximum_cardinality,proven_optimal,8393.473223317042,1.9424217323950628,4321.138444516703,0,0,6,,,74;97;104;105;116;131,0,0,6,0,0,0,0.0,0.0,0.3,0.0,0.0,0.0,0,6,0.7709747001063079,9,7,251,49,6,,method1_proportional_scores_gamma1,unrestricted_maximum_cardinality_then_maximum_testing_evalue_sum,200,0,2,exact_fixed_count_order_statistics,300.0,1,False
493,443a5f2e3af10d819960651dbc9557adda47b1085425fdfaf0cb3877f0784f1e,proven_maximal,maximize_sum_testing_e_values_at_maximum_cardinality,proven_optimal,4386.2866539509505,2.690568584811647,1630.2452495400753,0,0,10,,,4;32;43;45;69;118;126;127;162;195,0,0,10,0,0,0,0.0,0.0,0.5,0.0,0.0,0.0,0,10,0.3686051000840962,7,7,258,46,10,,method1_proportional_scores_gamma1,unrestricted_maximum_cardinality_then_maximum_testing_evalue_sum,200,0,0,exact_fixed_count_order_statistics,300.0,1,False
494,dafd4c2b45722899b5a035007c72d73a6fd7c94e33d750b3336935af7fec7ec3,proven_maximal,maximize_sum_testing_e_values_at_maximum_cardinality,proven_optimal,0.0,0.0,4104.623615655538,0,0,0,,,,0,0,0,0,0,0,0.0,0.0,0.0,0.0,0.0,0.0,0,0,0.1622641000431031,3,3,238,38,0,,method1_proportional_scores_gamma1,unrestricted_maximum_cardinality_then_maximum_testing_evalue_sum,200,0,1,exact_fixed_count_order_statistics,300.0,1,False
495,e76290f412e4ed8e64a66988c7f8c9b52040a4abb8bd79e9c934af0700e57c37,proven_maximal,maximize_sum_testing_e_values_at_maximum_cardinality,proven_optimal,0.0,0.0,119983.43704575112,0,0,0,,,,0,0,0,0,0,0,0.0,0.0,0.0,0.0,0.0,0.0,0,0,0.1512118000537157,3,3,235,35,0,,method1_proportional_scores_gamma1,unrestricted_maximum_cardinality_then_maximum_testing_evalue_sum,200,0,1,exact_fixed_count_order_statistics,300.0,1,False
496,51c2c642c4240fae339b2db7ed1642ffdede7f31bf719639c3d6c9af75076403,proven_maximal,maximize_sum_testing_e_values_at_maximum_cardinality,proven_optimal,4164.162875221336,0.23678399121417457,17586.33619556987,0,0,4,,,31;68;101;115,0,0,4,0,0,0,0.0,0.0,0.2,0.0,0.0,0.0,0,4,0.6036749000195414,7,5,242,42,4,,method1_proportional_scores_gamma1,unrestricted_maximum_cardinality_then_maximum_testing_evalue_sum,200,0,3,exact_fixed_count_order_statistics,300.0,1,False
497,524289f6789e239d058a9b8e0227e361c68c14a5fb083ef6fd029cd01941f8f2,proven_maximal,maximize_sum_testing_e_values_at_maximum_cardinality,proven_optimal,8183.760479867638,1.6540398779951375,4947.74073390974,0,0,6,,,40;60;124;148;187;190,0,0,6,0,0,0,0.0,0.0,0.3,0.0,0.0,0.0,0,6,0.7106172998901457,15,14,270,38,6,,method1_proportional_scores_gamma1,unrestricted_maximum_cardinality_then_maximum_testing_evalue_sum,200,0,4,exact_fixed_count_order_statistics,300.0,1,False
498,5d95c63d0cc5ef17840b497a1662ab571cf920c9739c38f177b8f43ecb0aeada,proven_maximal,maximize_sum_testing_e_values_at_maximum_cardinality,proven_optimal,0.0,0.0,9387.815756657255,0,0,0,,,,0,0,0,0,0,0,0.0,0.0,0.0,0.0,0.0,0.0,0,0,0.2313226000405848,3,3,238,38,0,,method1_proportional_scores_gamma1,unrestricted_maximum_cardinality_then_maximum_testing_evalue_sum,200,0,3,exact_fixed_count_order_statistics,300.0,1,False
499,ddeae76d8028d93b8b11f7591bbdfca5ceb25d758aca172ef1b93624d95379cc,proven_maximal,maximize_sum_testing_e_values_at_maximum_cardinality,proven_optimal,14325.039348719523,2.094395391107225,6839.70152414556,0,0,5,,,73;88;103;161;163,0,0,5,0,0,0,0.0,0.0,0.25,0.0,0.0,0.0,0,5,0.43303670012392104,5,4,229,33,5,,method1_proportional_scores_gamma1,unrestricted_maximum_cardinality_then_maximum_testing_evalue_sum,200,0,4,exact_fixed_count_order_statistics,300.0,1,False
500,b3e2758c92d7b5d99b9b972e498852d546d002c0c0e2dab6382bd579d06943ec,proven_maximal,maximize_sum_testing_e_values_at_maximum_cardinality,proven_optimal,0.0,0.0,56592.07241674989,0,0,0,,,,0,0,0,0,0,0,0.0,0.0,0.0,0.0,0.0,0.0,0,0,0.2200462999753654,3,3,238,38,0,,method1_proportional_scores_gamma1,unrestricted_maximum_cardinality_then_maximum_testing_evalue_sum,200,0,6,exact_fixed_count_order_statistics,300.0,1,False
